kodeprov,namaprov,kodekab,namakab,kodekec,namakec
1,ACEH,1492,ACEH BARAT,1672,ARONGAN LAMBALEK
1,ACEH,1492,ACEH BARAT,1654,BUBON
1,ACEH,1492,ACEH BARAT,1493,JOHAN PAHLAWAN
1,ACEH,1492,ACEH BARAT,1515,KAWAY XVI
1,ACEH,1492,ACEH BARAT,1726,MEUREUBO
1,ACEH,1492,ACEH BARAT,1700,PANTE CEUREUMEN
1,ACEH,1492,ACEH BARAT,1804,PANTON REU
1,ACEH,1492,ACEH BARAT,1621,SAMATIGA
1,ACEH,1492,ACEH BARAT,1559,SUNGAI MAS
1,ACEH,1492,ACEH BARAT,1577,WOYLA
1,ACEH,1492,ACEH BARAT,1753,WOYLA BARAT
1,ACEH,1492,ACEH BARAT,1778,WOYLA TIMUR
1,ACEH,4989,ACEH BARAT DAYA,5093,BABAHROT
1,ACEH,4989,ACEH BARAT DAYA,4990,BLANGPIDIE
1,ACEH,4989,ACEH BARAT DAYA,5127,JEUMPA
1,ACEH,4989,ACEH BARAT DAYA,5074,KUALA BATEE
1,ACEH,4989,ACEH BARAT DAYA,5104,LEMBAH SABIL
1,ACEH,4989,ACEH BARAT DAYA,5027,MANGGENG
1,ACEH,4989,ACEH BARAT DAYA,5118,SETIA
1,ACEH,4989,ACEH BARAT DAYA,5045,SUSOH
1,ACEH,4989,ACEH BARAT DAYA,5011,TANGAN-TANGAN
1,ACEH,1824,ACEH BESAR,2391,BAITUSSALAM
1,ACEH,1824,ACEH BESAR,2425,BLANG BINTANG
1,ACEH,1824,ACEH BESAR,2060,DARUL IMARAH
1,ACEH,1824,ACEH BESAR,2376,DARUL KAMAL
1,ACEH,1824,ACEH BESAR,2233,DARUSSALAM
1,ACEH,1824,ACEH BESAR,1883,INDRAPURI
1,ACEH,1824,ACEH BESAR,2134,INGIN JAYA
1,ACEH,1824,ACEH BESAR,2308,KOTA COT GLIE
1,ACEH,1824,ACEH BESAR,2294,KOTA JANTHO
1,ACEH,1824,ACEH BESAR,2405,KRUENG BARONA JAYA
1,ACEH,1824,ACEH BESAR,2185,KUTA BARO
1,ACEH,1824,ACEH BESAR,2341,KUTA MALAKA
1,ACEH,1824,ACEH BESAR,2281,LEMBAH SEULAWAH
1,ACEH,1824,ACEH BESAR,2418,LEUPUNG
1,ACEH,1824,ACEH BESAR,1854,LHOKNGA
1,ACEH,1824,ACEH BESAR,1825,LHOONG
1,ACEH,1824,ACEH BESAR,2120,MESJID RAYA
1,ACEH,1824,ACEH BESAR,1984,MONTASIK
1,ACEH,1824,ACEH BESAR,2093,PEUKAN BADA
1,ACEH,1824,ACEH BESAR,2263,PULO ACEH
1,ACEH,1824,ACEH BESAR,1936,SEULIMEUM
1,ACEH,1824,ACEH BESAR,2357,SIMPANG TIGA
1,ACEH,1824,ACEH BESAR,2024,SUKAMAKMUR
1,ACEH,5286,ACEH JAYA,83452,DARUL HIKMAH
1,ACEH,5286,ACEH JAYA,83451,INDRA JAYA
1,ACEH,5286,ACEH JAYA,5394,JAYA
1,ACEH,5286,ACEH JAYA,5324,KRUENG SABEE
1,ACEH,5286,ACEH JAYA,5443,PANGA
1,ACEH,5286,ACEH JAYA,83453,PASIE RAYA
1,ACEH,5286,ACEH JAYA,5356,SAMPOINIET
1,ACEH,5286,ACEH JAYA,5342,SETIA BAKTI
1,ACEH,5286,ACEH JAYA,5287,TEUNOM
1,ACEH,2,ACEH SELATAN,3,BAKONGAN
1,ACEH,2,ACEH SELATAN,182,BAKONGAN TIMUR
1,ACEH,2,ACEH SELATAN,29,KLUET SELATAN
1,ACEH,2,ACEH SELATAN,190,KLUET TENGAH
1,ACEH,2,ACEH SELATAN,204,KLUET TIMUR
1,ACEH,2,ACEH SELATAN,9,KLUET UTARA
1,ACEH,2,ACEH SELATAN,248,KOTA BAHAGIA
1,ACEH,2,ACEH SELATAN,47,LABUHAN HAJI
1,ACEH,2,ACEH SELATAN,222,LABUHAN HAJI BARAT
1,ACEH,2,ACEH SELATAN,236,LABUHAN HAJI TIMUR
1,ACEH,2,ACEH SELATAN,64,MEUKEK
1,ACEH,2,ACEH SELATAN,161,PASIE RAJA
1,ACEH,2,ACEH SELATAN,87,SAMADUA
1,ACEH,2,ACEH SELATAN,116,SAWANG
1,ACEH,2,ACEH SELATAN,132,TAPAKTUAN
1,ACEH,2,ACEH SELATAN,148,TRUMON
1,ACEH,2,ACEH SELATAN,259,TRUMON TENGAH
1,ACEH,2,ACEH SELATAN,212,TRUMON TIMUR
1,ACEH,4233,ACEH SINGKIL,4329,DANAU PARIS
1,ACEH,4233,ACEH SINGKIL,4285,GUNUNG MERIAH
1,ACEH,4233,ACEH SINGKIL,4311,KOTA BAHARU
1,ACEH,4233,ACEH SINGKIL,4355,KUALA BARU
1,ACEH,4233,ACEH SINGKIL,4234,PULAU BANYAK
1,ACEH,4233,ACEH SINGKIL,4360,PULAU BANYAK BARAT
1,ACEH,4233,ACEH SINGKIL,4242,SIMPANG KANAN
1,ACEH,4233,ACEH SINGKIL,4268,SINGKIL
1,ACEH,4233,ACEH SINGKIL,4321,SINGKIL UTARA
1,ACEH,4233,ACEH SINGKIL,4348,SINGKOHOR
1,ACEH,4233,ACEH SINGKIL,4336,SURO MAKMUR
1,ACEH,5694,ACEH TAMIANG,5872,BANDA MULIA
1,ACEH,5694,ACEH TAMIANG,5883,BANDAR PUSAKA
1,ACEH,5694,ACEH TAMIANG,5732,BENDAHARA
1,ACEH,5694,ACEH TAMIANG,5766,KARANG BARU
1,ACEH,5694,ACEH TAMIANG,5829,KEJURUAN MUDA
1,ACEH,5694,ACEH TAMIANG,5823,KOTA KUALASIMPANG
1,ACEH,5694,ACEH TAMIANG,5695,MANYAK PAYED
1,ACEH,5694,ACEH TAMIANG,5855,RANTAU
1,ACEH,5694,ACEH TAMIANG,5905,SEKERAK
1,ACEH,5694,ACEH TAMIANG,5798,SERUWAY
1,ACEH,5694,ACEH TAMIANG,5845,TAMIANG HULU
1,ACEH,5694,ACEH TAMIANG,5899,TENGGULUN
1,ACEH,1207,ACEH TENGAH,1322,ATU LINTANG
1,ACEH,1207,ACEH TENGAH,1267,BEBESEN
1,ACEH,1207,ACEH TENGAH,1295,BIES
1,ACEH,1207,ACEH TENGAH,1362,BINTANG
1,ACEH,1207,ACEH TENGAH,1459,CELALA
1,ACEH,1207,ACEH TENGAH,1386,JAGONG JEGET
1,ACEH,1207,ACEH TENGAH,1420,KEBAYAKAN
1,ACEH,1207,ACEH TENGAH,1394,KETOL
1,ACEH,1207,ACEH TENGAH,1440,KUTE PANANG
1,ACEH,1207,ACEH TENGAH,1208,LINGE
1,ACEH,1207,ACEH TENGAH,1476,LUT TAWAR
1,ACEH,1207,ACEH TENGAH,1332,PEGASING
1,ACEH,1207,ACEH TENGAH,1307,RUSIP ANTARA
1,ACEH,1207,ACEH TENGAH,1233,SILIH NARA
1,ACEH,269,ACEH TENGGARA,416,BABUL MAKMUR
1,ACEH,269,ACEH TENGGARA,536,BABUL RAHMAH
1,ACEH,269,ACEH TENGGARA,369,BABUSSALAM
1,ACEH,269,ACEH TENGGARA,397,BADAR
1,ACEH,269,ACEH TENGGARA,335,BAMBEL
1,ACEH,269,ACEH TENGGARA,492,BUKIT TUSAM
1,ACEH,269,ACEH TENGGARA,438,DARUL HASANAH
1,ACEH,269,ACEH TENGGARA,590,DELENG POKHKISEN
1,ACEH,269,ACEH TENGGARA,564,KETAMBE
1,ACEH,269,ACEH TENGGARA,270,LAWE ALAS
1,ACEH,269,ACEH TENGGARA,467,LAWE BULAN
1,ACEH,269,ACEH TENGGARA,299,LAWE SIGALA-GALA
1,ACEH,269,ACEH TENGGARA,613,LAWE SUMUR
1,ACEH,269,ACEH TENGGARA,647,LEUSER
1,ACEH,269,ACEH TENGGARA,516,SEMADAM
1,ACEH,269,ACEH TENGGARA,632,TANOH ALAS
1,ACEH,671,ACEH TIMUR,1063,BANDA ALAM
1,ACEH,671,ACEH TIMUR,792,BIREM BAYEUN
1,ACEH,671,ACEH TIMUR,672,DARUL AMAN
1,ACEH,671,ACEH TIMUR,1175,DARUL FALAH
1,ACEH,671,ACEH TIMUR,1158,DARUL IHSAN
1,ACEH,671,ACEH TIMUR,756,IDI RAYEUK
1,ACEH,671,ACEH TIMUR,1187,IDI TIMUR
1,ACEH,671,ACEH TIMUR,1037,IDI TUNONG
1,ACEH,671,ACEH TIMUR,1023,INDRA MAKMU
1,ACEH,671,ACEH TIMUR,718,JULOK
1,ACEH,671,ACEH TIMUR,996,MADAT
1,ACEH,671,ACEH TIMUR,838,NURUSSALAM
1,ACEH,671,ACEH TIMUR,972,PANTE BIDARI
1,ACEH,671,ACEH TIMUR,1080,PEUDAWA
1,ACEH,671,ACEH TIMUR,1201,PEUNARON
1,ACEH,671,ACEH TIMUR,870,PEUREULAK
1,ACEH,671,ACEH TIMUR,1119,PEUREULAK BARAT
1,ACEH,671,ACEH TIMUR,1098,PEUREULAK TIMUR
1,ACEH,671,ACEH TIMUR,948,RANTAU PEUREULAK
1,ACEH,671,ACEH TIMUR,909,RANTAU SELAMAT
1,ACEH,671,ACEH TIMUR,820,SERBAJADI
1,ACEH,671,ACEH TIMUR,1149,SIMPANG JERNIH
1,ACEH,671,ACEH TIMUR,924,SIMPANG ULIM
1,ACEH,671,ACEH TIMUR,1135,SUNGAI RAYA
1,ACEH,3205,ACEH UTARA,3206,BAKTIYA
1,ACEH,3205,ACEH UTARA,3916,BAKTIYA BARAT
1,ACEH,3205,ACEH UTARA,4069,BANDA BARO
1,ACEH,3205,ACEH UTARA,3867,COT GIREK
1,ACEH,3205,ACEH UTARA,3264,DEWANTARA
1,ACEH,3205,ACEH UTARA,4057,GEUREDONG PASE
1,ACEH,3205,ACEH UTARA,3280,KUTA MAKMUR
1,ACEH,3205,ACEH UTARA,3892,LANGKAHAN
1,ACEH,3205,ACEH UTARA,4021,LAPANG
1,ACEH,3205,ACEH UTARA,3320,LHOKSUKON
1,ACEH,3205,ACEH UTARA,3397,MATANGKULI
1,ACEH,3205,ACEH UTARA,3472,MEURAH MULIA
1,ACEH,3205,ACEH UTARA,3447,MUARA BATU
1,ACEH,3205,ACEH UTARA,3983,NIBONG
1,ACEH,3205,ACEH UTARA,3837,NISAM
1,ACEH,3205,ACEH UTARA,4079,NISAM ANTARA
1,ACEH,3205,ACEH UTARA,3943,PAYA BAKONG
1,ACEH,3205,ACEH UTARA,4033,PIRAK TIMUR
1,ACEH,3205,ACEH UTARA,3523,SAMUDERA
1,ACEH,3205,ACEH UTARA,3797,SAWANG
1,ACEH,3205,ACEH UTARA,3564,SEUNUDDON
1,ACEH,3205,ACEH UTARA,4004,SIMPANG KRAMAT
1,ACEH,3205,ACEH UTARA,3598,SYAMTALIRA ARON
1,ACEH,3205,ACEH UTARA,3633,SYAMTALIRA BAYU
1,ACEH,3205,ACEH UTARA,3672,TANAH LUAS
1,ACEH,3205,ACEH UTARA,3730,TANAH PASIR
1,ACEH,3205,ACEH UTARA,3749,T. JAMBO AYE
1,ACEH,5920,BENER MERIAH,6045,BANDAR
1,ACEH,5920,BENER MERIAH,6126,BENER KELIPAH
1,ACEH,5920,BENER MERIAH,5976,BUKIT
1,ACEH,5920,BENER MERIAH,6155,GAJAH PUTIH
1,ACEH,5920,BENER MERIAH,6139,MESIDAH
1,ACEH,5920,BENER MERIAH,6098,PERMATA
1,ACEH,5920,BENER MERIAH,5952,PINTU RIME GAYO
1,ACEH,5920,BENER MERIAH,6081,SYIAH UTAMA
1,ACEH,5920,BENER MERIAH,5921,TIMANG GAJAH
1,ACEH,5920,BENER MERIAH,6017,WIH PESAM
1,ACEH,4362,BIREUEN,4648,GANDAPURA
1,ACEH,4362,BIREUEN,4746,JANGKA
1,ACEH,4362,BIREUEN,4507,JEUMPA
1,ACEH,4362,BIREUEN,4410,JEUNIEB
1,ACEH,4362,BIREUEN,4709,JULI
1,ACEH,4362,BIREUEN,4858,KOTA JUANG
1,ACEH,4362,BIREUEN,4882,KUALA
1,ACEH,4362,BIREUEN,4947,KUTA BLANG
1,ACEH,4362,BIREUEN,4620,MAKMUR
1,ACEH,4362,BIREUEN,4689,PANDRAH
1,ACEH,4362,BIREUEN,4454,PEUDADA
1,ACEH,4362,BIREUEN,4835,PEULIMBANG
1,ACEH,4362,BIREUEN,4550,PEUSANGAN
1,ACEH,4362,BIREUEN,4925,PEUSANGAN SELATAN
1,ACEH,4362,BIREUEN,4903,PEUSANGAN SIBLAH KRUENG
1,ACEH,4362,BIREUEN,4363,SAMALANGA
1,ACEH,4362,BIREUEN,4793,SIMPANG MAMPLAM
1,ACEH,5138,GAYO LUES,5254,BLANGJERANGO
1,ACEH,5138,GAYO LUES,5152,BLANGKEJEREN
1,ACEH,5138,GAYO LUES,5231,BLANGPEGAYON
1,ACEH,5138,GAYO LUES,5221,DABUN GELANG
1,ACEH,5138,GAYO LUES,5139,KUTAPANJANG
1,ACEH,5138,GAYO LUES,5265,PANTAN CUACA
1,ACEH,5138,GAYO LUES,5211,PINING
1,ACEH,5138,GAYO LUES,5244,PUTERI BETUNG
1,ACEH,5138,GAYO LUES,5173,RIKIT GAIB
1,ACEH,5138,GAYO LUES,5187,TERANGUN
1,ACEH,5138,GAYO LUES,5275,TERIPE JAYA
1,ACEH,6397,KOTA BANDA ACEH,6398,BAITURRAHMAN
1,ACEH,6397,KOTA BANDA ACEH,6466,BANDA RAYA
1,ACEH,6397,KOTA BANDA ACEH,6477,JAYA BARU
1,ACEH,6397,KOTA BANDA ACEH,6409,KUTA ALAM
1,ACEH,6397,KOTA BANDA ACEH,6459,KUTA RAJA
1,ACEH,6397,KOTA BANDA ACEH,6449,LUENG BATA
1,ACEH,6397,KOTA BANDA ACEH,6421,MEURAXA
1,ACEH,6397,KOTA BANDA ACEH,6438,SYIAH KUALA
1,ACEH,6397,KOTA BANDA ACEH,6487,ULEE KARENG
1,ACEH,6591,KOTA LANGSA,6607,LANGSA BARAT
1,ACEH,6591,KOTA LANGSA,6638,LANGSA BARO
1,ACEH,6591,KOTA LANGSA,6617,LANGSA KOTA
1,ACEH,6591,KOTA LANGSA,6628,LANGSA LAMA
1,ACEH,6591,KOTA LANGSA,6592,LANGSA TIMUR
1,ACEH,6518,KOTA LHOKSEUMAWE,6537,BANDA SAKTI
1,ACEH,6518,KOTA LHOKSEUMAWE,6556,BLANG MANGAT
1,ACEH,6518,KOTA LHOKSEUMAWE,6519,MUARA DUA
1,ACEH,6518,KOTA LHOKSEUMAWE,6579,MUARA SATU
1,ACEH,6497,KOTA SABANG,6507,SUKAJAYA
1,ACEH,6497,KOTA SABANG,6498,SUKAKARYA
1,ACEH,6648,KOTA SUBULUSSALAM,6717,LONGKIB
1,ACEH,6648,KOTA SUBULUSSALAM,6664,PENANGGALAN
1,ACEH,6648,KOTA SUBULUSSALAM,6675,RUNDENG
1,ACEH,6648,KOTA SUBULUSSALAM,6649,SIMPANG KIRI
1,ACEH,6648,KOTA SUBULUSSALAM,6699,SULTAN DAULAT
1,ACEH,5463,NAGAN RAYA,5552,BEUTONG
1,ACEH,5463,NAGAN RAYA,83457,BEUTONG ATEUH BANGGALANG
1,ACEH,5463,NAGAN RAYA,5581,DARUL MAKMUR
1,ACEH,5463,NAGAN RAYA,5464,KUALA
1,ACEH,5463,NAGAN RAYA,5654,KUALA PESISIR
1,ACEH,5463,NAGAN RAYA,5482,SEUNAGAN
1,ACEH,5463,NAGAN RAYA,5517,SEUNAGAN TIMUR
1,ACEH,5463,NAGAN RAYA,5634,SUKA MAKMUE
1,ACEH,5463,NAGAN RAYA,5671,TADU RAYA
1,ACEH,5463,NAGAN RAYA,83454,TRIPA MAKMUR
1,ACEH,2452,PIDIE,2453,BATEE
1,ACEH,2452,PIDIE,2482,DELIMA
1,ACEH,2452,PIDIE,2533,GEULUMPANG TIGA
1,ACEH,2452,PIDIE,2527,GEUMPANG
1,ACEH,2452,PIDIE,3169,GLUMPANG BARO
1,ACEH,2452,PIDIE,3148,GRONG-GRONG
1,ACEH,2452,PIDIE,2568,INDRA JAYA
1,ACEH,2452,PIDIE,2618,KEMBANG TANJONG
1,ACEH,2452,PIDIE,3081,KEUMALA
1,ACEH,2452,PIDIE,2664,KOTA SIGLI
1,ACEH,2452,PIDIE,3164,MANE
1,ACEH,2452,PIDIE,2680,MILA
1,ACEH,2452,PIDIE,2701,MUARA TIGA
1,ACEH,2452,PIDIE,2720,MUTIARA
1,ACEH,2452,PIDIE,3099,MUTIARA TIMUR
1,ACEH,2452,PIDIE,2750,PADANG TIJI
1,ACEH,2452,PIDIE,2815,PEUKAN BARO
1,ACEH,2452,PIDIE,2864,PIDIE
1,ACEH,2452,PIDIE,2929,SAKTI
1,ACEH,2452,PIDIE,2979,SIMPANG TIGA
1,ACEH,2452,PIDIE,3032,TANGSE
1,ACEH,2452,PIDIE,3061,TIRO/TRUSEB
1,ACEH,2452,PIDIE,3191,TITEUE
1,ACEH,6166,PIDIE JAYA,6314,BANDAR BARU
1,ACEH,6166,PIDIE JAYA,6248,BANDAR DUA
1,ACEH,6166,PIDIE JAYA,6229,JANGKA BUYA
1,ACEH,6166,PIDIE JAYA,6294,MEURAH DUA
1,ACEH,6166,PIDIE JAYA,6167,MEUREUDU
1,ACEH,6166,PIDIE JAYA,6358,PANTERAJA
1,ACEH,6166,PIDIE JAYA,6369,TRIENGGADENG
1,ACEH,6166,PIDIE JAYA,6198,ULIM
1,ACEH,4086,SIMEULUE,4224,ALAPAN
1,ACEH,4086,SIMEULUE,4112,SALANG
1,ACEH,4086,SIMEULUE,4189,SIMEULUE BARAT
1,ACEH,4086,SIMEULUE,83456,SIMEULUE CUT
1,ACEH,4086,SIMEULUE,4087,SIMEULUE TENGAH
1,ACEH,4086,SIMEULUE,4148,SIMEULUE TIMUR
1,ACEH,4086,SIMEULUE,4178,TELUK DALAM
1,ACEH,4086,SIMEULUE,4129,TEUPAH BARAT
1,ACEH,4086,SIMEULUE,4204,TEUPAH SELATAN
1,ACEH,4086,SIMEULUE,83455,TEUPAH TENGAH
6728,SUMATERA UTARA,9497,ASAHAN,9596,AEK KUASAN
6728,SUMATERA UTARA,9497,ASAHAN,9719,AEK LEDONG
6728,SUMATERA UTARA,9497,ASAHAN,9631,AEK SONGSONGAN
6728,SUMATERA UTARA,9497,ASAHAN,9539,AIR BATU
6728,SUMATERA UTARA,9497,ASAHAN,9506,AIR JOMAN
6728,SUMATERA UTARA,9497,ASAHAN,9586,BANDAR PASIR MANDOGE
6728,SUMATERA UTARA,9497,ASAHAN,9565,BANDAR PULAU
6728,SUMATERA UTARA,9497,ASAHAN,9576,BUNTU PANE
6728,SUMATERA UTARA,9497,ASAHAN,9604,KOTA KISARAN BARAT
6728,SUMATERA UTARA,9497,ASAHAN,9618,KOTA KISARAN TIMUR
6728,SUMATERA UTARA,9497,ASAHAN,9498,MERANTI
6728,SUMATERA UTARA,9497,ASAHAN,9552,PULAU RAKYAT
6728,SUMATERA UTARA,9497,ASAHAN,9701,PULO BANDRING
6728,SUMATERA UTARA,9497,ASAHAN,9641,RAHUNING
6728,SUMATERA UTARA,9497,ASAHAN,9693,RAWANG PANCA ARGA
6728,SUMATERA UTARA,9497,ASAHAN,9649,SEI DADAP
6728,SUMATERA UTARA,9497,ASAHAN,9523,SEI KEPAYANG
6728,SUMATERA UTARA,9497,ASAHAN,9660,SEI KEPAYANG BARAT
6728,SUMATERA UTARA,9497,ASAHAN,9667,SEI KEPAYANG TIMUR
6728,SUMATERA UTARA,9497,ASAHAN,9681,SETIA JANJI
6728,SUMATERA UTARA,9497,ASAHAN,9687,SILAU LAUT
6728,SUMATERA UTARA,9497,ASAHAN,9530,SIMPANG EMPAT
6728,SUMATERA UTARA,9497,ASAHAN,9514,TANJUNG BALAI
6728,SUMATERA UTARA,9497,ASAHAN,9712,TELUK DALAM
6728,SUMATERA UTARA,9497,ASAHAN,9673,TINGGI RAJA
6728,SUMATERA UTARA,11635,BATU BARA,11665,AIR PUTIH
6728,SUMATERA UTARA,11635,BATU BARA,11679,LIMA PULUH
6728,SUMATERA UTARA,11635,BATU BARA,11636,MEDANG DERAS
6728,SUMATERA UTARA,11635,BATU BARA,11734,SEI BALAI
6728,SUMATERA UTARA,11635,BATU BARA,11651,SEI SUKA
6728,SUMATERA UTARA,11635,BATU BARA,11707,TALAWI
6728,SUMATERA UTARA,11635,BATU BARA,11721,TANJUNG TIRAM
6728,SUMATERA UTARA,9835,DAIRI,10003,BRAMPU
6728,SUMATERA UTARA,9835,DAIRI,9994,GUNUNG SITEMBER
6728,SUMATERA UTARA,9835,DAIRI,9984,LAE PARIRA
6728,SUMATERA UTARA,9835,DAIRI,9972,PARBULUAN
6728,SUMATERA UTARA,9835,DAIRI,9958,PEGAGAN HILIR
6728,SUMATERA UTARA,9835,DAIRI,9836,SIDIKALANG
6728,SUMATERA UTARA,9835,DAIRI,9883,SIEMPAT NEMPU
6728,SUMATERA UTARA,9835,DAIRI,9947,SIEMPAT NEMPU HILIR
6728,SUMATERA UTARA,9835,DAIRI,9934,SIEMPAT NEMPU HULU
6728,SUMATERA UTARA,9835,DAIRI,10009,SILAHISABUNGAN
6728,SUMATERA UTARA,9835,DAIRI,9897,SILIMA PUNGGA PUNGA
6728,SUMATERA UTARA,9835,DAIRI,10015,SITINJO
6728,SUMATERA UTARA,9835,DAIRI,9848,SUMBUL
6728,SUMATERA UTARA,9835,DAIRI,9914,TANAH PINEM
6728,SUMATERA UTARA,9835,DAIRI,9868,TIGALINGGA
6728,SUMATERA UTARA,8688,DELI SERDANG,8872,BANGUN PURBA
6728,SUMATERA UTARA,8688,DELI SERDANG,9039,BATANG KUIS
6728,SUMATERA UTARA,8688,DELI SERDANG,9102,BERINGIN
6728,SUMATERA UTARA,8688,DELI SERDANG,8966,DELI TUA
6728,SUMATERA UTARA,8688,DELI SERDANG,8906,GALANG
6728,SUMATERA UTARA,8688,DELI SERDANG,8689,GUNUNG MERIAH
6728,SUMATERA UTARA,8688,DELI SERDANG,8991,HAMPARAN PERAK
6728,SUMATERA UTARA,8688,DELI SERDANG,8760,KUTALIMBARU
6728,SUMATERA UTARA,8688,DELI SERDANG,9012,LABUHAN DELI
6728,SUMATERA UTARA,8688,DELI SERDANG,9051,LUBUK PAKAM
6728,SUMATERA UTARA,8688,DELI SERDANG,8801,NAMORAMBE
6728,SUMATERA UTARA,8688,DELI SERDANG,9065,PAGAR MERBAU
6728,SUMATERA UTARA,8688,DELI SERDANG,8775,PANCUR BATU
6728,SUMATERA UTARA,8688,DELI SERDANG,9082,PANTAI LABU
6728,SUMATERA UTARA,8688,DELI SERDANG,8957,PATUMBAK
6728,SUMATERA UTARA,8688,DELI SERDANG,9018,PERCUT SEI TUAN
6728,SUMATERA UTARA,8688,DELI SERDANG,8838,SIBIRU-BIRU
6728,SUMATERA UTARA,8688,DELI SERDANG,8729,SIBOLANGIT
6728,SUMATERA UTARA,8688,DELI SERDANG,8856,STM HILIR
6728,SUMATERA UTARA,8688,DELI SERDANG,8936,STM HULU
6728,SUMATERA UTARA,8688,DELI SERDANG,8973,SUNGGAL
6728,SUMATERA UTARA,8688,DELI SERDANG,8702,TANJUNG MORAWA
6728,SUMATERA UTARA,11083,HUMBANG HASUNDUTAN,11119,BAKTIRAJA
6728,SUMATERA UTARA,11083,HUMBANG HASUNDUTAN,11162,DOLOK SANGGUL
6728,SUMATERA UTARA,11083,HUMBANG HASUNDUTAN,11139,LINTONG NIHUTA
6728,SUMATERA UTARA,11083,HUMBANG HASUNDUTAN,11203,ONAN GANJANG
6728,SUMATERA UTARA,11083,HUMBANG HASUNDUTAN,11216,PAKKAT
6728,SUMATERA UTARA,11083,HUMBANG HASUNDUTAN,11127,PARANGINAN
6728,SUMATERA UTARA,11083,HUMBANG HASUNDUTAN,11084,PARLILITAN
6728,SUMATERA UTARA,11083,HUMBANG HASUNDUTAN,11105,POLLUNG
6728,SUMATERA UTARA,11083,HUMBANG HASUNDUTAN,11192,SIJAMAPOLANG
6728,SUMATERA UTARA,11083,HUMBANG HASUNDUTAN,11237,TARABINTANG
6728,SUMATERA UTARA,8408,KARO,8433,BARUSJAHE
6728,SUMATERA UTARA,8408,KARO,8423,BERASTAGI
6728,SUMATERA UTARA,8408,KARO,8637,DOLAT RAYAT
6728,SUMATERA UTARA,8408,KARO,8519,JUHAR
6728,SUMATERA UTARA,8408,KARO,8409,KABANJAHE
6728,SUMATERA UTARA,8408,KARO,8620,KUTABULUH
6728,SUMATERA UTARA,8408,KARO,8564,LAUBALENG
6728,SUMATERA UTARA,8408,KARO,8580,MARDINGDING
6728,SUMATERA UTARA,8408,KARO,8645,MERDEKA
6728,SUMATERA UTARA,8408,KARO,8476,MEREK
6728,SUMATERA UTARA,8408,KARO,8496,MUNTE
6728,SUMATERA UTARA,8408,KARO,8655,NAMAN TERAN
6728,SUMATERA UTARA,8408,KARO,8593,PAYUNG
6728,SUMATERA UTARA,8408,KARO,8602,SIMPANG EMPAT
6728,SUMATERA UTARA,8408,KARO,8544,TIGABINANGA
6728,SUMATERA UTARA,8408,KARO,8670,TIGANDERKET
6728,SUMATERA UTARA,8408,KARO,8453,TIGAPANAH
6728,SUMATERA UTARA,12038,KOTA BINJAI,12057,BINJAI BARAT
6728,SUMATERA UTARA,12038,KOTA BINJAI,12049,BINJAI KOTA
6728,SUMATERA UTARA,12038,KOTA BINJAI,12072,BINJAI SELATAN
6728,SUMATERA UTARA,12038,KOTA BINJAI,12064,BINJAI TIMUR
6728,SUMATERA UTARA,12038,KOTA BINJAI,12039,BINJAI UTARA
6728,SUMATERA UTARA,7132,KOTA GUNUNGSITOLI,7133,GUNUNGSITOLI
6728,SUMATERA UTARA,7132,KOTA GUNUNGSITOLI,7220,GUNUNGSITOLI ALO'OA
6728,SUMATERA UTARA,7132,KOTA GUNUNGSITOLI,7230,GUNUNGSITOLI BARAT
6728,SUMATERA UTARA,7132,KOTA GUNUNGSITOLI,7193,GUNUNGSITOLI IDANOI
6728,SUMATERA UTARA,7132,KOTA GUNUNGSITOLI,7166,GUNUNGSITOLI SELATAN
6728,SUMATERA UTARA,7132,KOTA GUNUNGSITOLI,7182,GUNUNGSITOLI UTARA
6728,SUMATERA UTARA,11743,KOTA MEDAN,11810,MEDAN AMPLAS
6728,SUMATERA UTARA,11743,KOTA MEDAN,11818,MEDAN AREA
6728,SUMATERA UTARA,11743,KOTA MEDAN,11779,MEDAN BARAT
6728,SUMATERA UTARA,11743,KOTA MEDAN,11872,MEDAN BARU
6728,SUMATERA UTARA,11743,KOTA MEDAN,11803,MEDAN BELAWAN
6728,SUMATERA UTARA,11743,KOTA MEDAN,11786,MEDAN DELI
6728,SUMATERA UTARA,11743,KOTA MEDAN,11772,MEDAN DENAI
6728,SUMATERA UTARA,11743,KOTA MEDAN,11764,MEDAN HELVETIA
6728,SUMATERA UTARA,11743,KOTA MEDAN,11831,MEDAN JOHOR
6728,SUMATERA UTARA,11743,KOTA MEDAN,11744,MEDAN KOTA
6728,SUMATERA UTARA,11743,KOTA MEDAN,11844,MEDAN LABUHAN
6728,SUMATERA UTARA,11743,KOTA MEDAN,11859,MEDAN MAIMUN
6728,SUMATERA UTARA,11743,KOTA MEDAN,11838,MEDAN MARELAN
6728,SUMATERA UTARA,11743,KOTA MEDAN,11879,MEDAN PERJUANGAN
6728,SUMATERA UTARA,11743,KOTA MEDAN,11889,MEDAN PETISAH
6728,SUMATERA UTARA,11743,KOTA MEDAN,11866,MEDAN POLONIA
6728,SUMATERA UTARA,11743,KOTA MEDAN,11909,MEDAN SELAYANG
6728,SUMATERA UTARA,11743,KOTA MEDAN,11757,MEDAN SUNGGAL
6728,SUMATERA UTARA,11743,KOTA MEDAN,11851,MEDAN TEMBUNG
6728,SUMATERA UTARA,11743,KOTA MEDAN,11897,MEDAN TIMUR
6728,SUMATERA UTARA,11743,KOTA MEDAN,11793,MEDAN TUNTUNGAN
6728,SUMATERA UTARA,12122,KOTA PADANG SIDEMPUAN,12199,PADANGSIDIMPUAN ANGKOLA JULU
6728,SUMATERA UTARA,12122,KOTA PADANG SIDEMPUAN,12153,PADANGSIDIMPUAN BATUNADUA
6728,SUMATERA UTARA,12122,KOTA PADANG SIDEMPUAN,12169,PADANGSIDIMPUAN HUTAIMBARU
6728,SUMATERA UTARA,12122,KOTA PADANG SIDEMPUAN,12140,PADANGSIDIMPUAN SELATAN
6728,SUMATERA UTARA,12122,KOTA PADANG SIDEMPUAN,12180,PADANGSIDIMPUAN TENGGARA
6728,SUMATERA UTARA,12122,KOTA PADANG SIDEMPUAN,12123,PADANGSIDIMPUAN UTARA
6728,SUMATERA UTARA,11916,KOTA PEMATANGSIANTAR,11925,SIANTAR BARAT
6728,SUMATERA UTARA,11916,KOTA PEMATANGSIANTAR,11949,SIANTAR MARIHAT
6728,SUMATERA UTARA,11916,KOTA PEMATANGSIANTAR,11971,SIANTAR MARIMBUN
6728,SUMATERA UTARA,11916,KOTA PEMATANGSIANTAR,11957,SIANTAR MARTOBA
6728,SUMATERA UTARA,11916,KOTA PEMATANGSIANTAR,11942,SIANTAR SELATAN
6728,SUMATERA UTARA,11916,KOTA PEMATANGSIANTAR,11965,SIANTAR SITALASARI
6728,SUMATERA UTARA,11916,KOTA PEMATANGSIANTAR,11917,SIANTAR TIMUR
6728,SUMATERA UTARA,11916,KOTA PEMATANGSIANTAR,11934,SIANTAR UTARA
6728,SUMATERA UTARA,11978,KOTA SIBOLGA,11985,SIBOLGA KOTA
6728,SUMATERA UTARA,11978,KOTA SIBOLGA,11995,SIBOLGA SAMBAS
6728,SUMATERA UTARA,11978,KOTA SIBOLGA,11990,SIBOLGA SELATAN
6728,SUMATERA UTARA,11978,KOTA SIBOLGA,11979,SIBOLGA UTARA
6728,SUMATERA UTARA,12000,KOTA TANJUNG BALAI,12026,DATUK BANDAR
6728,SUMATERA UTARA,12000,KOTA TANJUNG BALAI,12032,DATUK BANDAR TIMUR
6728,SUMATERA UTARA,12000,KOTA TANJUNG BALAI,12014,SEI TUALANG RASO
6728,SUMATERA UTARA,12000,KOTA TANJUNG BALAI,12001,TANJUNG BALAI SELATAN
6728,SUMATERA UTARA,12000,KOTA TANJUNG BALAI,12008,TANJUNG BALAI UTARA
6728,SUMATERA UTARA,12000,KOTA TANJUNG BALAI,12020,TELUK NIBUNG
6728,SUMATERA UTARA,12081,KOTA TEBING TINGGI,12106,BAJENIS
6728,SUMATERA UTARA,12081,KOTA TEBING TINGGI,12098,PADANG HILIR
6728,SUMATERA UTARA,12081,KOTA TEBING TINGGI,12082,PADANG HULU
6728,SUMATERA UTARA,12081,KOTA TEBING TINGGI,12090,RAMBUTAN
6728,SUMATERA UTARA,12081,KOTA TEBING TINGGI,12114,TEBING TINGGI KOTA
6728,SUMATERA UTARA,9727,LABUHANBATU,9749,BILAH BARAT
6728,SUMATERA UTARA,9727,LABUHANBATU,9760,BILAH HILIR
6728,SUMATERA UTARA,9727,LABUHANBATU,9774,BILAH HULU
6728,SUMATERA UTARA,9727,LABUHANBATU,9818,PANAI HILIR
6728,SUMATERA UTARA,9727,LABUHANBATU,9827,PANAI HULU
6728,SUMATERA UTARA,9727,LABUHANBATU,9807,PANAI TENGAH
6728,SUMATERA UTARA,9727,LABUHANBATU,9799,PANGKATAN
6728,SUMATERA UTARA,9727,LABUHANBATU,9739,RANTAU SELATAN
6728,SUMATERA UTARA,9727,LABUHANBATU,9728,RANTAU UTARA
6728,SUMATERA UTARA,6729,LABUHANBATU SELATAN,6741,KAMPUNG RAKYAT
6728,SUMATERA UTARA,6729,LABUHANBATU SELATAN,6730,KOTAPINANG
6728,SUMATERA UTARA,6729,LABUHANBATU SELATAN,6782,SILANGKITANG
6728,SUMATERA UTARA,6729,LABUHANBATU SELATAN,6772,SUNGAI KANAN
6728,SUMATERA UTARA,6729,LABUHANBATU SELATAN,6757,TORGAMBA
6728,SUMATERA UTARA,6789,LABUHANBATU UTARA,6820,AEK KUO
6728,SUMATERA UTARA,6789,LABUHANBATU UTARA,6862,AEK NATAS
6728,SUMATERA UTARA,6789,LABUHANBATU UTARA,6812,KUALUH HILIR
6728,SUMATERA UTARA,6789,LABUHANBATU UTARA,6790,KUALUH HULU
6728,SUMATERA UTARA,6789,LABUHANBATU UTARA,6804,KUALUH LEIDONG
6728,SUMATERA UTARA,6789,LABUHANBATU UTARA,6875,KUALUH SELATAN
6728,SUMATERA UTARA,6789,LABUHANBATU UTARA,6829,MARBAU
6728,SUMATERA UTARA,6789,LABUHANBATU UTARA,6848,NA IX - X
6728,SUMATERA UTARA,8094,LANGKAT,8302,BABALAN
6728,SUMATERA UTARA,8094,LANGKAT,8095,BAHOROK
6728,SUMATERA UTARA,8094,LANGKAT,8358,BATANG SERANGAN
6728,SUMATERA UTARA,8094,LANGKAT,8323,BESITANG
6728,SUMATERA UTARA,8094,LANGKAT,8168,BINJAI
6728,SUMATERA UTARA,8094,LANGKAT,8350,BRANDAN BARAT
6728,SUMATERA UTARA,8094,LANGKAT,8289,GEBANG
6728,SUMATERA UTARA,8094,LANGKAT,8240,HINAI
6728,SUMATERA UTARA,8094,LANGKAT,8133,KUALA
6728,SUMATERA UTARA,8094,LANGKAT,8387,KUTAMBARU
6728,SUMATERA UTARA,8094,LANGKAT,8274,PADANG TUALANG
6728,SUMATERA UTARA,8094,LANGKAT,8311,PANGKALAN SUSU
6728,SUMATERA UTARA,8094,LANGKAT,8398,PEMATANG JAYA
6728,SUMATERA UTARA,8094,LANGKAT,8115,SALAPIAN
6728,SUMATERA UTARA,8094,LANGKAT,8368,SAWIT SEBERANG
6728,SUMATERA UTARA,8094,LANGKAT,8220,SECANGGANG
6728,SUMATERA UTARA,8094,LANGKAT,8151,SEI BINGEI
6728,SUMATERA UTARA,8094,LANGKAT,8334,SEI LEPAN
6728,SUMATERA UTARA,8094,LANGKAT,8176,SELESAI
6728,SUMATERA UTARA,8094,LANGKAT,8376,SIRAPIT
6728,SUMATERA UTARA,8094,LANGKAT,8191,STABAT
6728,SUMATERA UTARA,8094,LANGKAT,8254,TANJUNG PURA
6728,SUMATERA UTARA,8094,LANGKAT,8204,WAMPU
6728,SUMATERA UTARA,10227,MANDAILING NATAL,10505,BATAHAN
6728,SUMATERA UTARA,10227,MANDAILING NATAL,10453,BATANG NATAL
6728,SUMATERA UTARA,10227,MANDAILING NATAL,10343,BUKIT MALINTANG
6728,SUMATERA UTARA,10227,MANDAILING NATAL,10588,HUTA BARGOT
6728,SUMATERA UTARA,10227,MANDAILING NATAL,10355,KOTANOPAN
6728,SUMATERA UTARA,10227,MANDAILING NATAL,10392,LEMBAH SORIK MARAPI
6728,SUMATERA UTARA,10227,MANDAILING NATAL,10485,LINGGA BAYU
6728,SUMATERA UTARA,10227,MANDAILING NATAL,10554,MUARA BATANG GADIS
6728,SUMATERA UTARA,10227,MANDAILING NATAL,10437,MUARA SIPONGI
6728,SUMATERA UTARA,10227,MANDAILING NATAL,10638,NAGA JUANG
6728,SUMATERA UTARA,10227,MANDAILING NATAL,10524,NATAL
6728,SUMATERA UTARA,10227,MANDAILING NATAL,10614,PAKANTAN
6728,SUMATERA UTARA,10227,MANDAILING NATAL,10308,PANYABUNGAN BARAT
6728,SUMATERA UTARA,10227,MANDAILING NATAL,10228,PANYABUNGAN KOTA
6728,SUMATERA UTARA,10227,MANDAILING NATAL,10296,PANYABUNGAN SELATAN
6728,SUMATERA UTARA,10227,MANDAILING NATAL,10280,PANYABUNGAN TIMUR
6728,SUMATERA UTARA,10227,MANDAILING NATAL,10267,PANYABUNGAN UTARA
6728,SUMATERA UTARA,10227,MANDAILING NATAL,10602,PUNCAK SORIK MARAPI
6728,SUMATERA UTARA,10227,MANDAILING NATAL,10569,RANTO BAEK
6728,SUMATERA UTARA,10227,MANDAILING NATAL,10319,SIABU
6728,SUMATERA UTARA,10227,MANDAILING NATAL,10623,SINUNUKAN
6728,SUMATERA UTARA,10227,MANDAILING NATAL,10402,TAMBANGAN
6728,SUMATERA UTARA,10227,MANDAILING NATAL,10423,ULU PUNGKUT
6728,SUMATERA UTARA,7960,NIAS,8020,BAWOLATO
6728,SUMATERA UTARA,7960,NIAS,8069,BOTOMUZOI
6728,SUMATERA UTARA,7960,NIAS,7975,GIDO
6728,SUMATERA UTARA,7960,NIAS,7961,HILIDUHO
6728,SUMATERA UTARA,7960,NIAS,8056,HILISERANGKAI
6728,SUMATERA UTARA,7960,NIAS,8001,IDANO GAWO
6728,SUMATERA UTARA,7960,NIAS,8037,MA'U
6728,SUMATERA UTARA,7960,NIAS,83458,SOGAE'ADU
6728,SUMATERA UTARA,7960,NIAS,8047,SOMOLO-MOLO
6728,SUMATERA UTARA,7960,NIAS,8082,ULUGAWO
6728,SUMATERA UTARA,7013,NIAS BARAT,7014,LAHOMI
6728,SUMATERA UTARA,7013,NIAS BARAT,7112,LOLOFITU MOI
6728,SUMATERA UTARA,7013,NIAS BARAT,7078,MANDREHE
6728,SUMATERA UTARA,7013,NIAS BARAT,7052,MANDREHE BARAT
6728,SUMATERA UTARA,7013,NIAS BARAT,7099,MANDREHE UTARA
6728,SUMATERA UTARA,7013,NIAS BARAT,7067,MORO'O
6728,SUMATERA UTARA,7013,NIAS BARAT,7026,SIROMBU
6728,SUMATERA UTARA,7013,NIAS BARAT,7126,ULU MORO'O
6728,SUMATERA UTARA,10646,NIAS SELATAN,10823,AMANDRAYA
6728,SUMATERA UTARA,10646,NIAS SELATAN,10963,ARAMO
6728,SUMATERA UTARA,10646,NIAS SELATAN,83467,BORONADU
6728,SUMATERA UTARA,10646,NIAS SELATAN,11005,FANAYAMA
6728,SUMATERA UTARA,10646,NIAS SELATAN,10674,GOMO
6728,SUMATERA UTARA,10646,NIAS SELATAN,10735,HIBALA
6728,SUMATERA UTARA,10646,NIAS SELATAN,10917,HILIMEGAI
6728,SUMATERA UTARA,10646,NIAS SELATAN,83463,HILISALAWA'AHE
6728,SUMATERA UTARA,10646,NIAS SELATAN,83460,HURUNA
6728,SUMATERA UTARA,10646,NIAS SELATAN,930090,IDANOTAE
6728,SUMATERA UTARA,10646,NIAS SELATAN,10699,LAHUSA
6728,SUMATERA UTARA,10646,NIAS SELATAN,10647,LOLOMATUA
6728,SUMATERA UTARA,10646,NIAS SELATAN,10845,LOLOWA'U
6728,SUMATERA UTARA,10646,NIAS SELATAN,930083,LUAHAGUNDRE MANIAMOLO
6728,SUMATERA UTARA,10646,NIAS SELATAN,10902,MANIAMOLO
6728,SUMATERA UTARA,10646,NIAS SELATAN,10941,MAZINO
6728,SUMATERA UTARA,10646,NIAS SELATAN,10990,MAZO
6728,SUMATERA UTARA,10646,NIAS SELATAN,83462,ONOHAZUMBA
6728,SUMATERA UTARA,10646,NIAS SELATAN,930084,ONOLALU
6728,SUMATERA UTARA,10646,NIAS SELATAN,83461,O'O'U
6728,SUMATERA UTARA,10646,NIAS SELATAN,10758,PULAU-PULAU BATU
6728,SUMATERA UTARA,10646,NIAS SELATAN,83469,PULAU-PULAU BATU BARAT
6728,SUMATERA UTARA,10646,NIAS SELATAN,10979,PULAU-PULAU BATU TIMUR
6728,SUMATERA UTARA,10646,NIAS SELATAN,83470,PULAU-PULAU BATU UTARA
6728,SUMATERA UTARA,10646,NIAS SELATAN,83465,SIDUA'ORI
6728,SUMATERA UTARA,10646,NIAS SELATAN,83468,SIMUK
6728,SUMATERA UTARA,10646,NIAS SELATAN,83466,SOMAMBAWA
6728,SUMATERA UTARA,10646,NIAS SELATAN,10887,SUSUA
6728,SUMATERA UTARA,10646,NIAS SELATAN,83471,TANAH MASA
6728,SUMATERA UTARA,10646,NIAS SELATAN,10805,TELUK DALAM
6728,SUMATERA UTARA,10646,NIAS SELATAN,10929,TOMA
6728,SUMATERA UTARA,10646,NIAS SELATAN,930085,ULU IDANOTAE
6728,SUMATERA UTARA,10646,NIAS SELATAN,83459,ULUNOYO
6728,SUMATERA UTARA,10646,NIAS SELATAN,83464,ULUSUSUA
6728,SUMATERA UTARA,10646,NIAS SELATAN,10953,UMBUNASI
6728,SUMATERA UTARA,6888,NIAS UTARA,6973,AFULU
6728,SUMATERA UTARA,6888,NIAS UTARA,6949,ALASA
6728,SUMATERA UTARA,6888,NIAS UTARA,6942,ALASA TALUMUZOI
6728,SUMATERA UTARA,6888,NIAS UTARA,6983,LAHEWA
6728,SUMATERA UTARA,6888,NIAS UTARA,7005,LAHEWA TIMUR
6728,SUMATERA UTARA,6888,NIAS UTARA,6889,LOTU
6728,SUMATERA UTARA,6888,NIAS UTARA,6930,NAMOHALU ESIWA
6728,SUMATERA UTARA,6888,NIAS UTARA,6903,SAWO
6728,SUMATERA UTARA,6888,NIAS UTARA,6923,SITOLU ORI
6728,SUMATERA UTARA,6888,NIAS UTARA,6964,TUGALA OYO
6728,SUMATERA UTARA,6888,NIAS UTARA,6914,TUHEMBERUA
6728,SUMATERA UTARA,12606,PADANG LAWAS,83407,AEK NABARA BARUMUN
6728,SUMATERA UTARA,12606,PADANG LAWAS,12809,BARUMUN
6728,SUMATERA UTARA,12606,PADANG LAWAS,83406,BARUMUN SELATAN
6728,SUMATERA UTARA,12606,PADANG LAWAS,12630,BARUMUN TENGAH
6728,SUMATERA UTARA,12606,PADANG LAWAS,12891,BATANG LUBU SUTAM
6728,SUMATERA UTARA,12606,PADANG LAWAS,12708,HURISTAK
6728,SUMATERA UTARA,12606,PADANG LAWAS,12761,HUTA RAJA TINGGI
6728,SUMATERA UTARA,12606,PADANG LAWAS,12736,LUBUK BARUMUN
6728,SUMATERA UTARA,12606,PADANG LAWAS,83472,SIHAPAS BARUMUN
6728,SUMATERA UTARA,12606,PADANG LAWAS,12851,SOSA
6728,SUMATERA UTARA,12606,PADANG LAWAS,12607,SOSOPAN
6728,SUMATERA UTARA,12606,PADANG LAWAS,12793,ULU BARUMUN
6728,SUMATERA UTARA,12208,PADANG LAWAS UTARA,12527,BATANG ONANG
6728,SUMATERA UTARA,12208,PADANG LAWAS UTARA,12254,DOLOK
6728,SUMATERA UTARA,12208,PADANG LAWAS UTARA,12209,DOLOK SIGOMPULON
6728,SUMATERA UTARA,12208,PADANG LAWAS UTARA,12341,HALONGONAN
6728,SUMATERA UTARA,12208,PADANG LAWAS UTARA,930087,HALONGONAN TIMUR
6728,SUMATERA UTARA,12208,PADANG LAWAS UTARA,12595,HULU SIHAPAS
6728,SUMATERA UTARA,12208,PADANG LAWAS UTARA,12386,PADANG BOLAK
6728,SUMATERA UTARA,12208,PADANG LAWAS UTARA,12464,PADANG BOLAK JULU
6728,SUMATERA UTARA,12208,PADANG LAWAS UTARA,930086,PADANG BOLAK TENGGARA
6728,SUMATERA UTARA,12208,PADANG LAWAS UTARA,12488,PORTIBI
6728,SUMATERA UTARA,12208,PADANG LAWAS UTARA,12560,SIMANGAMBAT
6728,SUMATERA UTARA,12208,PADANG LAWAS UTARA,930088,UJUNG BATU
6728,SUMATERA UTARA,11022,PAKPAK BHARAT,11034,KERAJAAN
6728,SUMATERA UTARA,11022,PAKPAK BHARAT,11064,PAGINDAR
6728,SUMATERA UTARA,11022,PAKPAK BHARAT,11058,PERGETTENG GETTENG SENGKUT
6728,SUMATERA UTARA,11022,PAKPAK BHARAT,11045,SALAK
6728,SUMATERA UTARA,11022,PAKPAK BHARAT,11076,SIEMPAT RUBE
6728,SUMATERA UTARA,11022,PAKPAK BHARAT,11023,SITELU TALI URANG JEHE
6728,SUMATERA UTARA,11022,PAKPAK BHARAT,11052,SITELU TALI URANG JULU
6728,SUMATERA UTARA,11022,PAKPAK BHARAT,11069,TINADA
6728,SUMATERA UTARA,11247,SAMOSIR,11260,HARIAN
6728,SUMATERA UTARA,11247,SAMOSIR,11292,NAINGGOLAN
6728,SUMATERA UTARA,11247,SAMOSIR,11279,ONAN RUNGGU
6728,SUMATERA UTARA,11247,SAMOSIR,11305,PALIPI
6728,SUMATERA UTARA,11247,SAMOSIR,11328,PANGURURAN
6728,SUMATERA UTARA,11247,SAMOSIR,11319,RONGGUR NIHUTA
6728,SUMATERA UTARA,11247,SAMOSIR,11248,SIANJUR MULA MULA
6728,SUMATERA UTARA,11247,SAMOSIR,11357,SIMANINDO
6728,SUMATERA UTARA,11247,SAMOSIR,11272,SITIO-TIO
6728,SUMATERA UTARA,11374,SERDANG BEDAGAI,11457,BANDAR KHALIFAH
6728,SUMATERA UTARA,11374,SERDANG BEDAGAI,11615,BINTANG BAYU
6728,SUMATERA UTARA,11374,SERDANG BEDAGAI,11502,DOLOK MASIHUL
6728,SUMATERA UTARA,11374,SERDANG BEDAGAI,11463,DOLOK MERAWAN
6728,SUMATERA UTARA,11374,SERDANG BEDAGAI,11531,KOTARIH
6728,SUMATERA UTARA,11374,SERDANG BEDAGAI,11375,PANTAI CERMIN
6728,SUMATERA UTARA,11374,SERDANG BEDAGAI,11579,PEGAJAHAN
6728,SUMATERA UTARA,11374,SERDANG BEDAGAI,11388,PERBAUNGAN
6728,SUMATERA UTARA,11374,SERDANG BEDAGAI,11593,SEI BAMBAN
6728,SUMATERA UTARA,11374,SERDANG BEDAGAI,11430,SEI. RAMPAH
6728,SUMATERA UTARA,11374,SERDANG BEDAGAI,11553,SERBA JADI
6728,SUMATERA UTARA,11374,SERDANG BEDAGAI,11543,SILINDA
6728,SUMATERA UTARA,11374,SERDANG BEDAGAI,11481,SIPISPIS
6728,SUMATERA UTARA,11374,SERDANG BEDAGAI,11448,TANJUNG BERINGIN
6728,SUMATERA UTARA,11374,SERDANG BEDAGAI,11604,TEBING SYAHBANDAR
6728,SUMATERA UTARA,11374,SERDANG BEDAGAI,11564,TEBING TINGGI
6728,SUMATERA UTARA,11374,SERDANG BEDAGAI,11417,TELUK MENGKUDU
6728,SUMATERA UTARA,9114,SIMALUNGUN,9382,BANDAR
6728,SUMATERA UTARA,9114,SIMALUNGUN,9372,BANDAR HULUAN
6728,SUMATERA UTARA,9114,SIMALUNGUN,9397,BANDAR MASILAM
6728,SUMATERA UTARA,9114,SIMALUNGUN,9204,BOSAR MALIGAS
6728,SUMATERA UTARA,9114,SIMALUNGUN,931271,DOLOG MASAGAL
6728,SUMATERA UTARA,9114,SIMALUNGUN,9310,DOLOK BATU NANGGAR
6728,SUMATERA UTARA,9114,SIMALUNGUN,9276,DOLOK PANRIBUAN
6728,SUMATERA UTARA,9114,SIMALUNGUN,9349,DOLOK PARDAMEAN
6728,SUMATERA UTARA,9114,SIMALUNGUN,9414,DOLOK SILAU
6728,SUMATERA UTARA,9114,SIMALUNGUN,9304,GIRSANG SIPANGAN BOLON
6728,SUMATERA UTARA,9114,SIMALUNGUN,9133,GUNUNG MALELA
6728,SUMATERA UTARA,9114,SIMALUNGUN,9150,GUNUNG MALIGAS
6728,SUMATERA UTARA,9114,SIMALUNGUN,9298,HARANGGAOL HORISON
6728,SUMATERA UTARA,9114,SIMALUNGUN,9266,HATONDUHAN
6728,SUMATERA UTARA,9114,SIMALUNGUN,9326,HUTA BAYU RAJA
6728,SUMATERA UTARA,9114,SIMALUNGUN,9340,JAWA MARAJA BAH JAMBI
6728,SUMATERA UTARA,9114,SIMALUNGUN,9182,JORLANG HATARAN
6728,SUMATERA UTARA,9114,SIMALUNGUN,9488,PAMATANG SILIMA HUTA
6728,SUMATERA UTARA,9114,SIMALUNGUN,9160,PANEI
6728,SUMATERA UTARA,9114,SIMALUNGUN,9172,PANOMBEIAN PANE
6728,SUMATERA UTARA,9114,SIMALUNGUN,9360,PEMATANG BANDAR
6728,SUMATERA UTARA,9114,SIMALUNGUN,9234,PEMATANG SIDAMANIK
6728,SUMATERA UTARA,9114,SIMALUNGUN,9287,PURBA
6728,SUMATERA UTARA,9114,SIMALUNGUN,9452,RAYA
6728,SUMATERA UTARA,9114,SIMALUNGUN,9192,RAYA KAHEAN
6728,SUMATERA UTARA,9114,SIMALUNGUN,9115,SIANTAR
6728,SUMATERA UTARA,9114,SIMALUNGUN,9220,SIDAMANIK
6728,SUMATERA UTARA,9114,SIMALUNGUN,9407,SILIMAKUTA
6728,SUMATERA UTARA,9114,SIMALUNGUN,9424,SILOU KAHEAN
6728,SUMATERA UTARA,9114,SIMALUNGUN,9245,TANAH JAWA
6728,SUMATERA UTARA,9114,SIMALUNGUN,9441,TAPIAN DOLOK
6728,SUMATERA UTARA,9114,SIMALUNGUN,9470,UJUNG PADANG
6728,SUMATERA UTARA,7697,TAPANULI SELATAN,7908,AEK BILAH
6728,SUMATERA UTARA,7697,TAPANULI SELATAN,7698,ANGKOLA BARAT
6728,SUMATERA UTARA,7697,TAPANULI SELATAN,7949,ANGKOLA SANGKUNUR
6728,SUMATERA UTARA,7697,TAPANULI SELATAN,7809,ANGKOLA SELATAN
6728,SUMATERA UTARA,7697,TAPANULI SELATAN,7737,ANGKOLA TIMUR
6728,SUMATERA UTARA,7697,TAPANULI SELATAN,7864,ARSE
6728,SUMATERA UTARA,7697,TAPANULI SELATAN,7827,BATANG ANGKOLA
6728,SUMATERA UTARA,7697,TAPANULI SELATAN,7713,BATANG TORU
6728,SUMATERA UTARA,7697,TAPANULI SELATAN,7875,MARANCAR
6728,SUMATERA UTARA,7697,TAPANULI SELATAN,7921,MUARA BATANG TORU
6728,SUMATERA UTARA,7697,TAPANULI SELATAN,7794,SAIPAR DOLOK HOLE
6728,SUMATERA UTARA,7697,TAPANULI SELATAN,7888,SAYUR MATINGGI
6728,SUMATERA UTARA,7697,TAPANULI SELATAN,7753,SIPIROK
6728,SUMATERA UTARA,7697,TAPANULI SELATAN,7931,TANO TOMBANGAN ANGKOLA
6728,SUMATERA UTARA,7240,TAPANULI TENGAH,7361,ANDAM DEWI
6728,SUMATERA UTARA,7240,TAPANULI TENGAH,7392,BADIRI
6728,SUMATERA UTARA,7240,TAPANULI TENGAH,7241,BARUS
6728,SUMATERA UTARA,7240,TAPANULI TENGAH,7411,BARUS UTARA
6728,SUMATERA UTARA,7240,TAPANULI TENGAH,7299,KOLANG
6728,SUMATERA UTARA,7240,TAPANULI TENGAH,7425,LUMUT
6728,SUMATERA UTARA,7240,TAPANULI TENGAH,7289,MANDUAMAS
6728,SUMATERA UTARA,7240,TAPANULI TENGAH,7271,PANDAN
6728,SUMATERA UTARA,7240,TAPANULI TENGAH,7402,PASARIBU TOBING
6728,SUMATERA UTARA,7240,TAPANULI TENGAH,7281,PINANGSORI
6728,SUMATERA UTARA,7240,TAPANULI TENGAH,7432,SARUDIK
6728,SUMATERA UTARA,7240,TAPANULI TENGAH,7322,SIBABANGUN
6728,SUMATERA UTARA,7240,TAPANULI TENGAH,7352,SIRANDORUNG
6728,SUMATERA UTARA,7240,TAPANULI TENGAH,7376,SITAHUIS
6728,SUMATERA UTARA,7240,TAPANULI TENGAH,7255,SORKAM
6728,SUMATERA UTARA,7240,TAPANULI TENGAH,7340,SORKAM BARAT
6728,SUMATERA UTARA,7240,TAPANULI TENGAH,7330,SOSOR GADONG
6728,SUMATERA UTARA,7240,TAPANULI TENGAH,7418,SUKA BANGUN
6728,SUMATERA UTARA,7240,TAPANULI TENGAH,7312,TAPIAN NAULI
6728,SUMATERA UTARA,7240,TAPANULI TENGAH,7383,TUKKA
6728,SUMATERA UTARA,7438,TAPANULI UTARA,7484,ADIAN KOTING
6728,SUMATERA UTARA,7438,TAPANULI UTARA,7668,GAROGA
6728,SUMATERA UTARA,7438,TAPANULI UTARA,7681,MUARA
6728,SUMATERA UTARA,7438,TAPANULI UTARA,7591,PAGARAN
6728,SUMATERA UTARA,7438,TAPANULI UTARA,7534,PAHAE JAE
6728,SUMATERA UTARA,7438,TAPANULI UTARA,7514,PAHAE JULU
6728,SUMATERA UTARA,7438,TAPANULI UTARA,7645,PANGARIBUAN
6728,SUMATERA UTARA,7438,TAPANULI UTARA,7606,PARMONANGAN
6728,SUMATERA UTARA,7438,TAPANULI UTARA,7557,PURBA TUA
6728,SUMATERA UTARA,7438,TAPANULI UTARA,7471,SIATAS BARITA
6728,SUMATERA UTARA,7438,TAPANULI UTARA,7569,SIBORONG-BORONG
6728,SUMATERA UTARA,7438,TAPANULI UTARA,7548,SIMANGUMBAN
6728,SUMATERA UTARA,7438,TAPANULI UTARA,7621,SIPAHUTAR
6728,SUMATERA UTARA,7438,TAPANULI UTARA,7499,SIPOHOLON
6728,SUMATERA UTARA,7438,TAPANULI UTARA,7439,TARUTUNG
6728,SUMATERA UTARA,10020,TOBA SAMOSIR,10147,AJIBATA
6728,SUMATERA UTARA,10020,TOBA SAMOSIR,10021,BALIGE
6728,SUMATERA UTARA,10020,TOBA SAMOSIR,83408,BONATUA LUNASI
6728,SUMATERA UTARA,10020,TOBA SAMOSIR,10113,BORBOR
6728,SUMATERA UTARA,10020,TOBA SAMOSIR,10091,HABINSARAN
6728,SUMATERA UTARA,10020,TOBA SAMOSIR,10055,LAGUBOTI
6728,SUMATERA UTARA,10020,TOBA SAMOSIR,10157,LUMBAN JULU
6728,SUMATERA UTARA,10020,TOBA SAMOSIR,10200,NASSAU
6728,SUMATERA UTARA,10020,TOBA SAMOSIR,83409,PARMAKSIAN
6728,SUMATERA UTARA,10020,TOBA SAMOSIR,10102,PINTU POHAN MERANTI
6728,SUMATERA UTARA,10020,TOBA SAMOSIR,10120,PORSEA
6728,SUMATERA UTARA,10020,TOBA SAMOSIR,10213,SIANTAR NARUMONDA
6728,SUMATERA UTARA,10020,TOBA SAMOSIR,10191,SIGUMPAR
6728,SUMATERA UTARA,10020,TOBA SAMOSIR,10076,SILAEN
6728,SUMATERA UTARA,10020,TOBA SAMOSIR,10206,TAMPAHAN
6728,SUMATERA UTARA,10020,TOBA SAMOSIR,10173,ULUAN
12920,SUMATERA BARAT,13317,AGAM,13361,AMPEK ANGKEK
12920,SUMATERA BARAT,13317,AGAM,13398,AMPEK NAGARI
12920,SUMATERA BARAT,13317,AGAM,13353,BANUHAMPU
12920,SUMATERA BARAT,13317,AGAM,13369,BASO
12920,SUMATERA BARAT,13317,AGAM,13403,CANDUNG
12920,SUMATERA BARAT,13317,AGAM,13345,IV KOTO
12920,SUMATERA BARAT,13317,AGAM,13407,KAMANG MAGEK
12920,SUMATERA BARAT,13317,AGAM,13322,LUBUK BASUNG
12920,SUMATERA BARAT,13317,AGAM,13411,MALALAK
12920,SUMATERA BARAT,13317,AGAM,13338,MATUR
12920,SUMATERA BARAT,13317,AGAM,13380,PALUPUH
12920,SUMATERA BARAT,13317,AGAM,13385,PELEMBAYAN
12920,SUMATERA BARAT,13317,AGAM,13392,SUNGAI PUA
12920,SUMATERA BARAT,13317,AGAM,13318,TANJUNG MUTIARA
12920,SUMATERA BARAT,13317,AGAM,13328,TANJUNG RAYA
12920,SUMATERA BARAT,13317,AGAM,13376,TILATANG KAMANG
12920,SUMATERA BARAT,13608,DHARMASRAYA,83415,ASAM JUJUHAN
12920,SUMATERA BARAT,13608,DHARMASRAYA,13609,KOTO BARU
12920,SUMATERA BARAT,13608,DHARMASRAYA,83416,KOTO BESAR
12920,SUMATERA BARAT,13608,DHARMASRAYA,83412,KOTO SALAK
12920,SUMATERA BARAT,13608,DHARMASRAYA,83414,PADANG LAWEH
12920,SUMATERA BARAT,13608,DHARMASRAYA,13617,PULAU PUNJUNG
12920,SUMATERA BARAT,13608,DHARMASRAYA,83410,SEMBILAN KOTO
12920,SUMATERA BARAT,13608,DHARMASRAYA,13630,SITIUNG
12920,SUMATERA BARAT,13608,DHARMASRAYA,13623,SUNGAI RUMBAI
12920,SUMATERA BARAT,13608,DHARMASRAYA,83411,TIMPEH
12920,SUMATERA BARAT,13608,DHARMASRAYA,83413,TIUMANG
12920,SUMATERA BARAT,13554,KEPULAUAN MENTAWAI,13603,PAGAI SELATAN
12920,SUMATERA BARAT,13554,KEPULAUAN MENTAWAI,13555,PAGAI UTARA
12920,SUMATERA BARAT,13554,KEPULAUAN MENTAWAI,13580,SIBERUT BARAT
12920,SUMATERA BARAT,13554,KEPULAUAN MENTAWAI,13584,SIBERUT BARAT DAYA
12920,SUMATERA BARAT,13554,KEPULAUAN MENTAWAI,13567,SIBERUT SELATAN
12920,SUMATERA BARAT,13554,KEPULAUAN MENTAWAI,13588,SIBERUT TENGAH
12920,SUMATERA BARAT,13554,KEPULAUAN MENTAWAI,13573,SIBERUT UTARA
12920,SUMATERA BARAT,13554,KEPULAUAN MENTAWAI,13599,SIKAKAP
12920,SUMATERA BARAT,13554,KEPULAUAN MENTAWAI,13559,SIPORA SELATAN
12920,SUMATERA BARAT,13554,KEPULAUAN MENTAWAI,13592,SIPORA UTARA
12920,SUMATERA BARAT,13905,KOTA BUKITTINGGI,13924,AUR BIRUGO TIGO BALEH
12920,SUMATERA BARAT,13905,KOTA BUKITTINGGI,13906,GUGUAK PANJANG
12920,SUMATERA BARAT,13905,KOTA BUKITTINGGI,13914,MANDIANGAN KOTO SELAYAN
12920,SUMATERA BARAT,13712,KOTA PADANG,13756,BUNGUS TELUK KABUNG
12920,SUMATERA BARAT,13712,KOTA PADANG,13814,KOTO TANGAH
12920,SUMATERA BARAT,13712,KOTA PADANG,13797,KURANJI
12920,SUMATERA BARAT,13712,KOTA PADANG,13763,LUBUK BEGALUNG
12920,SUMATERA BARAT,13712,KOTA PADANG,13779,LUBUK KILANGAN
12920,SUMATERA BARAT,13712,KOTA PADANG,13807,NANGGALO
12920,SUMATERA BARAT,13712,KOTA PADANG,13737,PADANG BARAT
12920,SUMATERA BARAT,13712,KOTA PADANG,13713,PADANG SELATAN
12920,SUMATERA BARAT,13712,KOTA PADANG,13726,PADANG TIMUR
12920,SUMATERA BARAT,13712,KOTA PADANG,13748,PADANG UTARA
12920,SUMATERA BARAT,13712,KOTA PADANG,13787,PAUH
12920,SUMATERA BARAT,13886,KOTA PADANG PANJANG,13896,PADANG PANJANG BARAT
12920,SUMATERA BARAT,13886,KOTA PADANG PANJANG,13887,PADANG PANJANG TIMUR
12920,SUMATERA BARAT,14010,KOTA PARIAMAN,14052,PARIAMAN SELATAN
12920,SUMATERA BARAT,14010,KOTA PARIAMAN,14011,PARIAMAN TENGAH
12920,SUMATERA BARAT,14010,KOTA PARIAMAN,14069,PARIAMAN TIMUR
12920,SUMATERA BARAT,14010,KOTA PARIAMAN,14034,PARIAMAN UTARA
12920,SUMATERA BARAT,13933,KOTA PAYAKUMBUH,83417,LAMPOSI TIGO NAGORI
12920,SUMATERA BARAT,13933,KOTA PAYAKUMBUH,13934,PAYAKUMBUH BARAT
12920,SUMATERA BARAT,13933,KOTA PAYAKUMBUH,83418,PAYAKUMBUH SELATAN
12920,SUMATERA BARAT,13933,KOTA PAYAKUMBUH,13995,PAYAKUMBUH TIMUR
12920,SUMATERA BARAT,13933,KOTA PAYAKUMBUH,13966,PAYAKUMBUH UTARA
12920,SUMATERA BARAT,13844,KOTA SAWAHLUNTO,13857,BARANGIN
12920,SUMATERA BARAT,13844,KOTA SAWAHLUNTO,13845,LEMBAH SEGAR
12920,SUMATERA BARAT,13844,KOTA SAWAHLUNTO,13868,SILUNGKANG
12920,SUMATERA BARAT,13844,KOTA SAWAHLUNTO,13874,TALAWI
12920,SUMATERA BARAT,13828,KOTA SOLOK,13829,LUBUK SIKARAH
12920,SUMATERA BARAT,13828,KOTA SOLOK,13837,TANJUNG HARAPAN
12920,SUMATERA BARAT,13416,LIMA PULUH KOTA,13501,AKABILURU
12920,SUMATERA BARAT,13416,LIMA PULUH KOTA,13495,BUKIK BARISAN
12920,SUMATERA BARAT,13416,LIMA PULUH KOTA,13424,GUGUAK
12920,SUMATERA BARAT,13416,LIMA PULUH KOTA,13470,GUNUANG OMEH
12920,SUMATERA BARAT,13416,LIMA PULUH KOTA,13443,HARAU
12920,SUMATERA BARAT,13416,LIMA PULUH KOTA,13462,KAPUR IX
12920,SUMATERA BARAT,13416,LIMA PULUH KOTA,13474,LAREH SAGO HALABAN
12920,SUMATERA BARAT,13416,LIMA PULUH KOTA,13438,LUAK
12920,SUMATERA BARAT,13416,LIMA PULUH KOTA,13489,MUNGKA
12920,SUMATERA BARAT,13416,LIMA PULUH KOTA,13455,PANGKALAN KOTO BARU
12920,SUMATERA BARAT,13416,LIMA PULUH KOTA,13430,PAYAKUMBUH
12920,SUMATERA BARAT,13416,LIMA PULUH KOTA,13483,SITUJUAH LIMO NAGARI
12920,SUMATERA BARAT,13416,LIMA PULUH KOTA,13417,SULIKI
12920,SUMATERA BARAT,13253,PADANG PARIAMAN,13304,2 X 11 ENAM LINGKUNG
12920,SUMATERA BARAT,13253,PADANG PARIAMAN,13266,2 X 11 KAYU TANAM
12920,SUMATERA BARAT,13253,PADANG PARIAMAN,13256,BATANG ANAI
12920,SUMATERA BARAT,13253,PADANG PARIAMAN,13297,BATANG GASAN
12920,SUMATERA BARAT,13253,PADANG PARIAMAN,13311,ENAM LINGKUNG
12920,SUMATERA BARAT,13253,PADANG PARIAMAN,13285,IV KOTO AUR MALINTANG
12920,SUMATERA BARAT,13253,PADANG PARIAMAN,13254,LUBUK ALUNG
12920,SUMATERA BARAT,13253,PADANG PARIAMAN,13260,NAN SABARIS
12920,SUMATERA BARAT,13253,PADANG PARIAMAN,13293,PADANG SAGO
12920,SUMATERA BARAT,13253,PADANG PARIAMAN,13308,PATAMUAN
12920,SUMATERA BARAT,13253,PADANG PARIAMAN,13290,SINTUAK TOBOH GADANG
12920,SUMATERA BARAT,13253,PADANG PARIAMAN,13279,SUNGAI GARINGGING
12920,SUMATERA BARAT,13253,PADANG PARIAMAN,13282,SUNGAI LIMAU
12920,SUMATERA BARAT,13253,PADANG PARIAMAN,13287,ULAKAN TAPAKIH
12920,SUMATERA BARAT,13253,PADANG PARIAMAN,13271,VII KOTO SUNGAI SARIK
12920,SUMATERA BARAT,13253,PADANG PARIAMAN,13276,V KOTO KAMPUNG DALAM
12920,SUMATERA BARAT,13253,PADANG PARIAMAN,13300,V KOTO TIMUR
12920,SUMATERA BARAT,13509,PASAMAN,13510,BONJOL
12920,SUMATERA BARAT,13509,PASAMAN,13528,DUO KOTO
12920,SUMATERA BARAT,13509,PASAMAN,13515,LUBUK SIKAPING
12920,SUMATERA BARAT,13509,PASAMAN,13524,MAPAT TUNGGUL
12920,SUMATERA BARAT,13509,PASAMAN,13538,MAPAT TUNGGUL SELATAN
12920,SUMATERA BARAT,13509,PASAMAN,13544,PADANG GELUGUR
12920,SUMATERA BARAT,13509,PASAMAN,13522,PANTI
12920,SUMATERA BARAT,13509,PASAMAN,13535,RAO
12920,SUMATERA BARAT,13509,PASAMAN,13550,RAO SELATAN
12920,SUMATERA BARAT,13509,PASAMAN,13546,RAO UTARA
12920,SUMATERA BARAT,13509,PASAMAN,13541,SIMPANG ALAHAN MATI
12920,SUMATERA BARAT,13509,PASAMAN,13531,TIGO NAGARI
12920,SUMATERA BARAT,13681,PASAMAN BARAT,13697,GUNUNG TULEH
12920,SUMATERA BARAT,13681,PASAMAN BARAT,13694,KINALI
12920,SUMATERA BARAT,13681,PASAMAN BARAT,13703,KOTO BALINGKA
12920,SUMATERA BARAT,13681,PASAMAN BARAT,13684,LEMBAH MELINTANG
12920,SUMATERA BARAT,13681,PASAMAN BARAT,13707,LUHAK NAN DUO
12920,SUMATERA BARAT,13681,PASAMAN BARAT,13686,PASAMAN
12920,SUMATERA BARAT,13681,PASAMAN BARAT,13700,RANAH BATAHAN
12920,SUMATERA BARAT,13681,PASAMAN BARAT,13710,SASAK RANAH PESISIA
12920,SUMATERA BARAT,13681,PASAMAN BARAT,13705,SUNGAI AUA
12920,SUMATERA BARAT,13681,PASAMAN BARAT,13682,SUNGAI BEREMAS
12920,SUMATERA BARAT,13681,PASAMAN BARAT,13690,TALAMAU
12920,SUMATERA BARAT,12921,PESISIR SELATAN,83473,AIRPURA
12920,SUMATERA BARAT,12921,PESISIR SELATAN,12996,BASA AMPEK BALAI TAPAN
12920,SUMATERA BARAT,12921,PESISIR SELATAN,12946,BATANG KAPAS
12920,SUMATERA BARAT,12921,PESISIR SELATAN,12959,BAYANG
12920,SUMATERA BARAT,12921,PESISIR SELATAN,12952,IV JURAI
12920,SUMATERA BARAT,12921,PESISIR SELATAN,13005,IV NAGARI BAYANG UTARA
12920,SUMATERA BARAT,12921,PESISIR SELATAN,12964,KOTO XI TARUSAN
12920,SUMATERA BARAT,12921,PESISIR SELATAN,12936,LENGAYANG
12920,SUMATERA BARAT,12921,PESISIR SELATAN,12982,LINGGO SARI BAGANTI
12920,SUMATERA BARAT,12921,PESISIR SELATAN,12990,LUNANG
12920,SUMATERA BARAT,12921,PESISIR SELATAN,12922,PANCUNG SOAL
12920,SUMATERA BARAT,12921,PESISIR SELATAN,83474,RANAH AMPEK HULU TAPAN
12920,SUMATERA BARAT,12921,PESISIR SELATAN,12931,RANAH PESISIR
12920,SUMATERA BARAT,12921,PESISIR SELATAN,83475,SILAUT
12920,SUMATERA BARAT,12921,PESISIR SELATAN,12977,SUTERA
12920,SUMATERA BARAT,13099,SIJUNJUNG,13118,IV NAGARI
12920,SUMATERA BARAT,13099,SIJUNJUNG,13124,KAMANG BARU
12920,SUMATERA BARAT,13099,SIJUNJUNG,13143,KOTO VII
12920,SUMATERA BARAT,13099,SIJUNJUNG,13158,KUPITAN
12920,SUMATERA BARAT,13099,SIJUNJUNG,13136,LUBUAK TAROK
12920,SUMATERA BARAT,13099,SIJUNJUNG,13108,SIJUNJUNG
12920,SUMATERA BARAT,13099,SIJUNJUNG,13149,SUMPUR KUDUS
12920,SUMATERA BARAT,13099,SIJUNJUNG,13100,TANJUNG GADANG
12920,SUMATERA BARAT,13010,SOLOK,13039,BUKIT SUNDI
12920,SUMATERA BARAT,13010,SOLOK,13096,DANAU KEMBAR
12920,SUMATERA BARAT,13010,SOLOK,13030,GUNUNG TALANG
12920,SUMATERA BARAT,13010,SOLOK,13086,HILIRAN GUMANTI
12920,SUMATERA BARAT,13010,SOLOK,13045,IX KOTO SEI LASI
12920,SUMATERA BARAT,13010,SOLOK,13083,JUNJUNG SIRI
12920,SUMATERA BARAT,13010,SOLOK,13055,KUBUNG
12920,SUMATERA BARAT,13010,SOLOK,13014,LEMBAH GUMANTI
12920,SUMATERA BARAT,13010,SOLOK,13023,LEMBANG JAYA
12920,SUMATERA BARAT,13010,SOLOK,13011,PANTAI CERMIN
12920,SUMATERA BARAT,13010,SOLOK,13019,PAYUNG SEKAKI
12920,SUMATERA BARAT,13010,SOLOK,13090,TIGO LURAH
12920,SUMATERA BARAT,13010,SOLOK,13073,X KOTO DIATAS
12920,SUMATERA BARAT,13010,SOLOK,13064,X KOTO SINGKARAK
12920,SUMATERA BARAT,13634,SOLOK SELATAN,13652,KOTO PARIK GADANG DIATEH
12920,SUMATERA BARAT,13634,SOLOK SELATAN,13671,PAUH DUO
12920,SUMATERA BARAT,13634,SOLOK SELATAN,13635,SANGIR
12920,SUMATERA BARAT,13634,SOLOK SELATAN,13676,SANGIR BALAI JANGGO
12920,SUMATERA BARAT,13634,SOLOK SELATAN,13663,SANGIR BATANG HARI
12920,SUMATERA BARAT,13634,SOLOK SELATAN,13657,SANGIR JUJUAN
12920,SUMATERA BARAT,13634,SOLOK SELATAN,13640,SUNGAI PAGU
12920,SUMATERA BARAT,13163,TANAH DATAR,13248,BATIPUAH SELATAN
12920,SUMATERA BARAT,13163,TANAH DATAR,13174,BATIPUH
12920,SUMATERA BARAT,13163,TANAH DATAR,13189,LIMA KAUM
12920,SUMATERA BARAT,13163,TANAH DATAR,13200,LINTAU BUO
12920,SUMATERA BARAT,13163,TANAH DATAR,13242,LINTAU BUO UTARA
12920,SUMATERA BARAT,13163,TANAH DATAR,13236,PADANG GANTING
12920,SUMATERA BARAT,13163,TANAH DATAR,13222,PARIANGAN
12920,SUMATERA BARAT,13163,TANAH DATAR,13183,RAMBATAN
12920,SUMATERA BARAT,13163,TANAH DATAR,13229,SALIMPAUANG
12920,SUMATERA BARAT,13163,TANAH DATAR,13211,SUNGAI TARAB
12920,SUMATERA BARAT,13163,TANAH DATAR,13205,SUNGAYANG
12920,SUMATERA BARAT,13163,TANAH DATAR,13239,TANJUANG BARU
12920,SUMATERA BARAT,13163,TANAH DATAR,13195,TANJUNG EMAS
12920,SUMATERA BARAT,13163,TANAH DATAR,13164,X KOTO
14086,RIAU,14630,BENGKALIS,930145,BANDAR LAKSAMANA
14086,RIAU,14630,BENGKALIS,14652,BANTAN
14086,RIAU,14630,BENGKALIS,930147,BATHIN SOLAPAN
14086,RIAU,14630,BENGKALIS,14631,BENGKALIS
14086,RIAU,14630,BENGKALIS,14662,BUKIT BATU
14086,RIAU,14630,BENGKALIS,14678,MANDAU
14086,RIAU,14630,BENGKALIS,14727,PINGGIR
14086,RIAU,14630,BENGKALIS,14694,RUPAT
14086,RIAU,14630,BENGKALIS,14707,RUPAT UTARA
14086,RIAU,14630,BENGKALIS,14713,SIAK KECIL
14086,RIAU,14630,BENGKALIS,930146,TALANG MUANDAU
14086,RIAU,14741,INDRAGIRI HILIR,14846,BATANG TUAKA
14086,RIAU,14741,INDRAGIRI HILIR,14932,CONCONG
14086,RIAU,14741,INDRAGIRI HILIR,14753,ENOK
14086,RIAU,14741,INDRAGIRI HILIR,14858,GAUNG
14086,RIAU,14741,INDRAGIRI HILIR,14790,GAUNG ANAK SERKA
14086,RIAU,14741,INDRAGIRI HILIR,14812,KATEMAN
14086,RIAU,14741,INDRAGIRI HILIR,14939,KEMPAS
14086,RIAU,14741,INDRAGIRI HILIR,14875,KEMUNING
14086,RIAU,14741,INDRAGIRI HILIR,14821,KERITANG
14086,RIAU,14741,INDRAGIRI HILIR,14766,KUALA INDRAGIRI
14086,RIAU,14741,INDRAGIRI HILIR,14799,MANDAH
14086,RIAU,14741,INDRAGIRI HILIR,14887,PELANGIRAN
14086,RIAU,14741,INDRAGIRI HILIR,14916,PULAU BURUNG
14086,RIAU,14741,INDRAGIRI HILIR,14742,RETEH
14086,RIAU,14741,INDRAGIRI HILIR,14948,SUNGAI BATANG
14086,RIAU,14741,INDRAGIRI HILIR,14835,TANAH MERAH
14086,RIAU,14741,INDRAGIRI HILIR,14902,TELUK BELENGKONG
14086,RIAU,14741,INDRAGIRI HILIR,14775,TEMBILAHAN
14086,RIAU,14741,INDRAGIRI HILIR,14870,TEMBILAHAN HULU
14086,RIAU,14741,INDRAGIRI HILIR,14782,TEMPULING
14086,RIAU,14414,INDRAGIRI HULU,14515,BATANG CENAKU
14086,RIAU,14414,INDRAGIRI HULU,14536,BATANG GANGSAL
14086,RIAU,14414,INDRAGIRI HULU,14619,BATANG PERANAP
14086,RIAU,14414,INDRAGIRI HULU,14453,KELAYANG
14086,RIAU,14414,INDRAGIRI HULU,14565,KUALA CENAKU
14086,RIAU,14414,INDRAGIRI HULU,14547,LIRIK
14086,RIAU,14414,INDRAGIRI HULU,14589,LUBUK BATU JAYA
14086,RIAU,14414,INDRAGIRI HULU,14472,PASIR PENYU
14086,RIAU,14414,INDRAGIRI HULU,14490,PERANAP
14086,RIAU,14414,INDRAGIRI HULU,14599,RAKIT KULIM
14086,RIAU,14414,INDRAGIRI HULU,14415,RENGAT
14086,RIAU,14414,INDRAGIRI HULU,14434,RENGAT BARAT
14086,RIAU,14414,INDRAGIRI HULU,14503,SIBERIDA
14086,RIAU,14414,INDRAGIRI HULU,14576,SUNGAI LALA
14086,RIAU,14166,KAMPAR,14358,BANGKINANG
14086,RIAU,14166,KAMPAR,14167,BANGKINANG KOTA
14086,RIAU,14166,KAMPAR,14400,GUNUNG SAHILAN
14086,RIAU,14166,KAMPAR,14373,KAMPA
14086,RIAU,14166,KAMPAR,14172,KAMPAR
14086,RIAU,14166,KAMPAR,14234,KAMPAR KIRI
14086,RIAU,14166,KAMPAR,14251,KAMPAR KIRI HILIR
14086,RIAU,14166,KAMPAR,14266,KAMPAR KIRI HULU
14086,RIAU,14166,KAMPAR,14388,KAMPAR KIRI TENGAH
14086,RIAU,14166,KAMPAR,14380,KAMPAR UTARA
14086,RIAU,14166,KAMPAR,14407,KOTO KAMPAR HULU
14086,RIAU,14166,KAMPAR,14214,KUOK
14086,RIAU,14166,KAMPAR,14368,PERHENTIAN RAJA
14086,RIAU,14166,KAMPAR,14351,RUMBIO JAYA
14086,RIAU,14166,KAMPAR,14344,SALO
14086,RIAU,14166,KAMPAR,14221,SIAK HULU
14086,RIAU,14166,KAMPAR,14185,TAMBANG
14086,RIAU,14166,KAMPAR,14288,TAPUNG
14086,RIAU,14166,KAMPAR,14313,TAPUNG HILIR
14086,RIAU,14166,KAMPAR,14330,TAPUNG HULU
14086,RIAU,14166,KAMPAR,14200,XIII KOTO KAMPAR
14086,RIAU,14087,KEPULAUAN MERANTI,14144,MERBAU
14086,RIAU,14087,KEPULAUAN MERANTI,83480,PULAUMERBAU
14086,RIAU,14087,KEPULAUAN MERANTI,14121,RANGSANG
14086,RIAU,14087,KEPULAUAN MERANTI,14105,RANGSANG BARAT
14086,RIAU,14087,KEPULAUAN MERANTI,83483,RANGSANG PESISIR
14086,RIAU,14087,KEPULAUAN MERANTI,83482,TASIK PUTRI PUYU
14086,RIAU,14087,KEPULAUAN MERANTI,14088,TEBING TINGGI
14086,RIAU,14087,KEPULAUAN MERANTI,14135,TEBING TINGGI BARAT
14086,RIAU,14087,KEPULAUAN MERANTI,83481,TEBING TINGGI TIMUR
14086,RIAU,15846,KOTA DUMAI,15868,BUKIT KAPUR
14086,RIAU,15846,KOTA DUMAI,15847,DUMAI BARAT
14086,RIAU,15846,KOTA DUMAI,83421,DUMAI KOTA
14086,RIAU,15846,KOTA DUMAI,83422,DUMAI SELATAN
14086,RIAU,15846,KOTA DUMAI,15858,DUMAI TIMUR
14086,RIAU,15846,KOTA DUMAI,15880,MEDANG KAMPAI
14086,RIAU,15846,KOTA DUMAI,15874,SUNGAI SEMBILAN
14086,RIAU,15775,KOTA PEKANBARU,15813,BUKIT RAYA
14086,RIAU,15775,KOTA PEKANBARU,15795,LIMA PULUH
14086,RIAU,15775,KOTA PEKANBARU,15823,MARPOYAN DAMAI
14086,RIAU,15775,KOTA PEKANBARU,15834,PAYUNG SEKAKI
14086,RIAU,15775,KOTA PEKANBARU,15784,PEKANBARU KOTA
14086,RIAU,15775,KOTA PEKANBARU,15807,RUMBAI
14086,RIAU,15775,KOTA PEKANBARU,15839,RUMBAI PESISIR
14086,RIAU,15775,KOTA PEKANBARU,15791,SAIL
14086,RIAU,15775,KOTA PEKANBARU,15800,SENAPELAN
14086,RIAU,15775,KOTA PEKANBARU,15776,SUKAJADI
14086,RIAU,15775,KOTA PEKANBARU,15818,TAMPAN
14086,RIAU,15775,KOTA PEKANBARU,15829,TENAYAN RAYA
14086,RIAU,15553,KUANTAN SINGINGI,15668,BENAI
14086,RIAU,15553,KUANTAN SINGINGI,15655,CERENTI
14086,RIAU,15553,KUANTAN SINGINGI,15695,GUNUNGTOAR
14086,RIAU,15553,KUANTAN SINGINGI,15763,HULU KUANTAN
14086,RIAU,15553,KUANTAN SINGINGI,15751,INUMAN
14086,RIAU,15553,KUANTAN SINGINGI,15626,KUANTAN HILIR
14086,RIAU,15553,KUANTAN SINGINGI,83477,KUANTAN HILIR SEBERANG
14086,RIAU,15553,KUANTAN SINGINGI,15554,KUANTAN MUDIK
14086,RIAU,15553,KUANTAN SINGINGI,15585,KUANTAN TENGAH
14086,RIAU,15553,KUANTAN SINGINGI,15737,LOGAS TANAH DARAT
14086,RIAU,15553,KUANTAN SINGINGI,15722,PANGEAN
14086,RIAU,15553,KUANTAN SINGINGI,83479,PUCUK RANTAU
14086,RIAU,15553,KUANTAN SINGINGI,83478,SENTAJO RAYA
14086,RIAU,15553,KUANTAN SINGINGI,15612,SINGINGI
14086,RIAU,15553,KUANTAN SINGINGI,15709,SINGINGI HILIR
14086,RIAU,14955,PELALAWAN,15074,BANDAR PETALANGAN
14086,RIAU,14955,PELALAWAN,15068,BANDAR SEI KIJANG
14086,RIAU,14955,PELALAWAN,15036,BUNUT
14086,RIAU,14955,PELALAWAN,15025,KERUMUTAN
14086,RIAU,14955,PELALAWAN,15057,KUALA KAMPAR
14086,RIAU,14955,PELALAWAN,15006,LANGGAM
14086,RIAU,14955,PELALAWAN,14968,PANGKALAN KERINCI
14086,RIAU,14955,PELALAWAN,14977,PANGKALAN KURAS
14086,RIAU,14955,PELALAWAN,14995,PANGKALAN LESUNG
14086,RIAU,14955,PELALAWAN,15015,PELALAWAN
14086,RIAU,14955,PELALAWAN,15047,TELUK MERANTI
14086,RIAU,14955,PELALAWAN,14956,UKUI
14086,RIAU,15254,ROKAN HILIR,15314,BAGAN SINEMBAH
14086,RIAU,15254,ROKAN HILIR,15271,BANGKO
14086,RIAU,15254,ROKAN HILIR,15369,BANGKO PUSAKO
14086,RIAU,15254,ROKAN HILIR,15390,BATU HAMPAR
14086,RIAU,15254,ROKAN HILIR,15255,KUBU
14086,RIAU,15254,ROKAN HILIR,83476,KUBU BABUSSALAM
14086,RIAU,15254,ROKAN HILIR,15338,PASIR LIMAU KAPAS
14086,RIAU,15254,ROKAN HILIR,15401,PEKAITAN
14086,RIAU,15254,ROKAN HILIR,15350,PUJUD
14086,RIAU,15254,ROKAN HILIR,15396,RANTAU KOPAR
14086,RIAU,15254,ROKAN HILIR,15301,RIMBA MELINTANG
14086,RIAU,15254,ROKAN HILIR,15383,SIMPANG KANAN
14086,RIAU,15254,ROKAN HILIR,15345,SINABOI
14086,RIAU,15254,ROKAN HILIR,15287,TANAH PUTIH
14086,RIAU,15254,ROKAN HILIR,15363,TANAH PUTIH TANJUNG MELAWAN
14086,RIAU,15087,ROKAN HULU,15203,BANGUN PURBA
14086,RIAU,15087,ROKAN HULU,15228,BONAI DARUSSALAM
14086,RIAU,15087,ROKAN HULU,15221,KABUN
14086,RIAU,15087,ROKAN HULU,15137,KEPENUHAN
14086,RIAU,15087,ROKAN HULU,15242,KEPENUHAN HULU
14086,RIAU,15087,ROKAN HULU,15148,KUNTO DARUSSALAM
14086,RIAU,15087,ROKAN HULU,15236,PAGARAN TAPAH DARUSSALAM
14086,RIAU,15087,ROKAN HULU,15248,PENDALIAN IV KOTO
14086,RIAU,15087,ROKAN HULU,15109,RAMBAH
14086,RIAU,15087,ROKAN HULU,15177,RAMBAH HILIR
14086,RIAU,15087,ROKAN HULU,15162,RAMBAH SAMO
14086,RIAU,15087,ROKAN HULU,15094,ROKAN IV KOTO
14086,RIAU,15087,ROKAN HULU,15124,TAMBUSAI
14086,RIAU,15087,ROKAN HULU,15191,TAMBUSAI UTARA
14086,RIAU,15087,ROKAN HULU,15211,TANDUN
14086,RIAU,15087,ROKAN HULU,15088,UJUNG BATU
14086,RIAU,15412,SIAK,15488,BUNGA RAYA
14086,RIAU,15412,SIAK,15463,DAYUN
14086,RIAU,15412,SIAK,15510,KANDIS
14086,RIAU,15412,SIAK,15475,KERINCI KANAN
14086,RIAU,15412,SIAK,15499,KOTO GASIB
14086,RIAU,15412,SIAK,15521,LUBUK DALAM
14086,RIAU,15412,SIAK,15537,MEMPURA
14086,RIAU,15412,SIAK,15438,MINAS
14086,RIAU,15412,SIAK,15545,PUSAKO
14086,RIAU,15412,SIAK,15528,SABAK AUH
14086,RIAU,15412,SIAK,15413,SIAK
14086,RIAU,15412,SIAK,15422,SUNGAI APIT
14086,RIAU,15412,SIAK,15453,SUNGAI MANDAU
14086,RIAU,15412,SIAK,15444,TUALANG
15885,JAMBI,16576,BATANGHARI,16681,BAJUBANG
15885,JAMBI,16576,BATANGHARI,16629,BATIN XXIV
15885,JAMBI,16576,BATANGHARI,16691,MARO SEBO ILIR
15885,JAMBI,16576,BATANGHARI,16666,MARO SEBO ULU
15885,JAMBI,16576,BATANGHARI,16577,MERSAM
15885,JAMBI,16576,BATANGHARI,16608,MUARA BULIAN
15885,JAMBI,16576,BATANGHARI,16594,MUARA TEMBESI
15885,JAMBI,16576,BATANGHARI,16647,PEMAYUNG
15885,JAMBI,17051,BUNGO,17159,BATHIN III
15885,JAMBI,17051,BUNGO,17179,BATHIN III ULU
15885,JAMBI,17051,BUNGO,17189,BATHIN II PELAYANG
15885,JAMBI,17051,BUNGO,17153,BATIN II BABEKO
15885,JAMBI,17051,BUNGO,17168,BUNGO DANI
15885,JAMBI,17051,BUNGO,17077,JUJUHAN
15885,JAMBI,17051,BUNGO,17207,JUJUHAN ILIR
15885,JAMBI,17051,BUNGO,17111,LIMBUR LUBUK MENGKUANG
15885,JAMBI,17051,BUNGO,17126,MUKO-MUKO BATHIN VII
15885,JAMBI,17051,BUNGO,17071,PASAR MUARO BUNGO
15885,JAMBI,17051,BUNGO,17097,PELEPAT
15885,JAMBI,17051,BUNGO,17135,PELEPAT ILIR
15885,JAMBI,17051,BUNGO,17064,RANTAU PANDAN
15885,JAMBI,17051,BUNGO,17174,RIMBO TENGAH
15885,JAMBI,17051,BUNGO,17086,TANAH SEPENGGAL
15885,JAMBI,17051,BUNGO,17195,TANAH SEPENGGAL LINTAS
15885,JAMBI,17051,BUNGO,17052,TANAH TUMBUH
15885,JAMBI,15961,KERINCI,16010,AIR HANGAT
15885,JAMBI,15961,KERINCI,83484,AIR HANGAT BARAT
15885,JAMBI,15961,KERINCI,16111,AIR HANGAT TIMUR
15885,JAMBI,15961,KERINCI,16045,BATANG MERANGIN
15885,JAMBI,15961,KERINCI,83423,BUKITKERMAN
15885,JAMBI,15961,KERINCI,15979,DANAU KERINCI
15885,JAMBI,15961,KERINCI,16168,DEPATI TUJUH
15885,JAMBI,15961,KERINCI,16033,GUNUNG KERINCI
15885,JAMBI,15961,KERINCI,15962,GUNUNG RAYA
15885,JAMBI,15961,KERINCI,16128,GUNUNG TUJUH
15885,JAMBI,15961,KERINCI,16081,KAYU ARO
15885,JAMBI,15961,KERINCI,83870,KAYU ARO BARAT
15885,JAMBI,15961,KERINCI,16060,KELILING DANAU
15885,JAMBI,15961,KERINCI,15994,SITINJAU LAUT
15885,JAMBI,15961,KERINCI,16140,SIULAK
15885,JAMBI,15961,KERINCI,83869,SIULAK MUKAI
15885,JAMBI,17333,KOTA JAMBI,930089,ALAM BARAJO
15885,JAMBI,17333,KOTA JAMBI,930091,DANAU SIPIN
15885,JAMBI,17333,KOTA JAMBI,17379,DANAU TELUK
15885,JAMBI,17333,KOTA JAMBI,17346,JAMBI SELATAN
15885,JAMBI,17333,KOTA JAMBI,17356,JAMBI TIMUR
15885,JAMBI,17333,KOTA JAMBI,17396,JELUTUNG
15885,JAMBI,17333,KOTA JAMBI,17385,KOTA BARU
15885,JAMBI,17333,KOTA JAMBI,930092,PAAL MERAH
15885,JAMBI,17333,KOTA JAMBI,17367,PASAR JAMBI
15885,JAMBI,17333,KOTA JAMBI,17372,PELAYANGAN
15885,JAMBI,17333,KOTA JAMBI,17334,TELANAIPURA
15885,JAMBI,15886,KOTA SUNGAI PENUH,15923,HAMPARAN RAWANG
15885,JAMBI,15886,KOTA SUNGAI PENUH,83487,KOTO BARU
15885,JAMBI,15886,KOTA SUNGAI PENUH,15951,KUMUN DEBAI
15885,JAMBI,15886,KOTA SUNGAI PENUH,15907,PESISIR BUKIT
15885,JAMBI,15886,KOTA SUNGAI PENUH,83486,PONDOK TINGGI
15885,JAMBI,15886,KOTA SUNGAI PENUH,83488,SUNGAI BUNGKAL
15885,JAMBI,15886,KOTA SUNGAI PENUH,15887,SUNGAI PENUH
15885,JAMBI,15886,KOTA SUNGAI PENUH,15937,TANAH KAMPUNG
15885,JAMBI,16183,MERANGIN,16196,BANGKO
15885,JAMBI,16183,MERANGIN,16292,BANGKO  BARAT
15885,JAMBI,16183,MERANGIN,16307,BATANG MASUMAI
15885,JAMBI,16183,MERANGIN,16184,JANGKAT
15885,JAMBI,16183,MERANGIN,16362,JANGKAT TIMUR
15885,JAMBI,16183,MERANGIN,16276,LEMBAH MASURAI
15885,JAMBI,16183,MERANGIN,16385,MARGO TABIR
15885,JAMBI,16183,MERANGIN,16205,MUARA SIAU
15885,JAMBI,16183,MERANGIN,16299,NALO TANTAN
15885,JAMBI,16183,MERANGIN,16246,PAMENANG
15885,JAMBI,16183,MERANGIN,16318,PAMENANG BARAT
15885,JAMBI,16183,MERANGIN,16380,PAMENANG SELATAN
15885,JAMBI,16183,MERANGIN,16353,PANGKALAN JAMBU
15885,JAMBI,16183,MERANGIN,16375,RENAH PAMENANG
15885,JAMBI,16183,MERANGIN,16340,RENAH PEMBARAP
15885,JAMBI,16183,MERANGIN,16223,SUNGAI MANAU
15885,JAMBI,16183,MERANGIN,16234,TABIR
15885,JAMBI,16183,MERANGIN,16398,TABIR BARAT
15885,JAMBI,16183,MERANGIN,16327,TABIR ILIR
15885,JAMBI,16183,MERANGIN,16392,TABIR LINTAS
15885,JAMBI,16183,MERANGIN,16268,TABIR SELATAN
15885,JAMBI,16183,MERANGIN,16335,TABIR TIMUR
15885,JAMBI,16183,MERANGIN,16261,TABIR ULU
15885,JAMBI,16183,MERANGIN,16413,TIANG PUMPUNG
15885,JAMBI,16699,MUARO JAMBI,16840,BAHAR SELATAN
15885,JAMBI,16699,MUARO JAMBI,83485,BAHAR UTARA
15885,JAMBI,16699,MUARO JAMBI,16700,JAMBI LUAR KOTA
15885,JAMBI,16699,MUARO JAMBI,16736,KUMPEH
15885,JAMBI,16699,MUARO JAMBI,16783,KUMPEH ULU
15885,JAMBI,16699,MUARO JAMBI,16754,MARO SEBO
15885,JAMBI,16699,MUARO JAMBI,16767,MESTONG
15885,JAMBI,16699,MUARO JAMBI,16719,SEKERNAN
15885,JAMBI,16699,MUARO JAMBI,16801,SUNGAI BAHAR
15885,JAMBI,16699,MUARO JAMBI,16813,SUNGAI GELAM
15885,JAMBI,16699,MUARO JAMBI,16851,TAMAN RAJO
15885,JAMBI,16420,SAROLANGUN,16528,AIR HITAM
15885,JAMBI,16420,SAROLANGUN,16421,BATANG ASAI
15885,JAMBI,16420,SAROLANGUN,16539,BATHIN VIII
15885,JAMBI,16420,SAROLANGUN,16567,CERMIN NAN GEDANG
15885,JAMBI,16420,SAROLANGUN,16444,LIMUN
15885,JAMBI,16420,SAROLANGUN,16507,MANDIANGIN
15885,JAMBI,16420,SAROLANGUN,16476,PAUH
15885,JAMBI,16420,SAROLANGUN,16492,PELAWAN
15885,JAMBI,16420,SAROLANGUN,16460,SAROLANGUN
15885,JAMBI,16420,SAROLANGUN,16556,SINGKUT
15885,JAMBI,16862,TANJUNG JABUNG BARAT,16903,BATANG ASAM
15885,JAMBI,16862,TANJUNG JABUNG BARAT,16883,BETARA
15885,JAMBI,16862,TANJUNG JABUNG BARAT,16928,BRAM ITAM
15885,JAMBI,16862,TANJUNG JABUNG BARAT,16933,KUALA BETARA
15885,JAMBI,16862,TANJUNG JABUNG BARAT,16888,MERLUNG
15885,JAMBI,16862,TANJUNG JABUNG BARAT,16917,MUARA PAPALIK
15885,JAMBI,16862,TANJUNG JABUNG BARAT,16878,PENGABUAN
15885,JAMBI,16862,TANJUNG JABUNG BARAT,16910,RENAH MENDALUH
15885,JAMBI,16862,TANJUNG JABUNG BARAT,16923,SEBERANG KOTA
15885,JAMBI,16862,TANJUNG JABUNG BARAT,16938,SENYERANG
15885,JAMBI,16862,TANJUNG JABUNG BARAT,16897,TEBING TINGGI
15885,JAMBI,16862,TANJUNG JABUNG BARAT,16871,TUNGKAL ILIR
15885,JAMBI,16862,TANJUNG JABUNG BARAT,16863,TUNGKAL ULU
15885,JAMBI,16946,TANJUNG JABUNG TIMUR,17044,BERBAK
15885,JAMBI,16946,TANJUNG JABUNG TIMUR,17003,DENDANG
15885,JAMBI,16946,TANJUNG JABUNG TIMUR,17034,GERAGAI
15885,JAMBI,16946,TANJUNG JABUNG TIMUR,17019,KUALA JAMBI
15885,JAMBI,16946,TANJUNG JABUNG TIMUR,16971,MENDAHARA
15885,JAMBI,16946,TANJUNG JABUNG TIMUR,17026,MENDAHARA ULU
15885,JAMBI,16946,TANJUNG JABUNG TIMUR,17011,MUARA SABAK BARAT
15885,JAMBI,16946,TANJUNG JABUNG TIMUR,16947,MUARA SABAK TIMUR
15885,JAMBI,16946,TANJUNG JABUNG TIMUR,16960,NIPAH PANJANG
15885,JAMBI,16946,TANJUNG JABUNG TIMUR,16981,RANTAU RASAU
15885,JAMBI,16946,TANJUNG JABUNG TIMUR,16993,S A D U
15885,JAMBI,17215,TEBO,17325,MUARA TABIR
15885,JAMBI,17215,TEBO,17254,RIMBO BUJANG
15885,JAMBI,17215,TEBO,17294,RIMBO ILIR
15885,JAMBI,17215,TEBO,17287,RIMBO ULU
15885,JAMBI,17215,TEBO,17310,SERAI SERUMPUN
15885,JAMBI,17215,TEBO,17263,SUMAY
15885,JAMBI,17215,TEBO,17229,TEBO ILIR
15885,JAMBI,17215,TEBO,17216,TEBO TENGAH
15885,JAMBI,17215,TEBO,17241,TEBO ULU
15885,JAMBI,17215,TEBO,17304,TENGAH ILIR
15885,JAMBI,17215,TEBO,17276,VII KOTO
15885,JAMBI,17215,TEBO,17319,VII KOTO ILIR
17404,SUMATERA SELATAN,19172,BANYUASIN,83494,AIR KUMBANG
17404,SUMATERA SELATAN,19172,BANYUASIN,19479,AIR SALEK
17404,SUMATERA SELATAN,19172,BANYUASIN,19173,BANYUASIN I
17404,SUMATERA SELATAN,19172,BANYUASIN,19202,BANYUASIN II
17404,SUMATERA SELATAN,19172,BANYUASIN,19224,BANYUASIN III
17404,SUMATERA SELATAN,19172,BANYUASIN,19293,BETUNG
17404,SUMATERA SELATAN,19172,BANYUASIN,19375,MAKARTI JAYA
17404,SUMATERA SELATAN,19172,BANYUASIN,19336,MUARA PADANG
17404,SUMATERA SELATAN,19172,BANYUASIN,19456,MUARA SUGIHAN
17404,SUMATERA SELATAN,19172,BANYUASIN,19352,MUARA TELANG
17404,SUMATERA SELATAN,19172,BANYUASIN,19263,PULAU RIMAU
17404,SUMATERA SELATAN,19172,BANYUASIN,19315,RAMBUTAN
17404,SUMATERA SELATAN,19172,BANYUASIN,19403,RANTAU BAYUR
17404,SUMATERA SELATAN,19172,BANYUASIN,83430,SEMBAWA
17404,SUMATERA SELATAN,19172,BANYUASIN,83429,SUAK TAPEH
17404,SUMATERA SELATAN,19172,BANYUASIN,83493,SUMBER MARGA TELANG
17404,SUMATERA SELATAN,19172,BANYUASIN,19390,TALANG KELAPA
17404,SUMATERA SELATAN,19172,BANYUASIN,19440,TANJUNG LAGO
17404,SUMATERA SELATAN,19172,BANYUASIN,19425,TUNGKAL ILIR
17404,SUMATERA SELATAN,20345,EMPAT LAWANG,20464,LINTANG KANAN
17404,SUMATERA SELATAN,20345,EMPAT LAWANG,20346,MUARA PINANG
17404,SUMATERA SELATAN,20345,EMPAT LAWANG,20496,PASEMAH AIR KERUH
17404,SUMATERA SELATAN,20345,EMPAT LAWANG,20369,PENDOPO
17404,SUMATERA SELATAN,20345,EMPAT LAWANG,83496,PENDOPO BARAT
17404,SUMATERA SELATAN,20345,EMPAT LAWANG,83495,SALING
17404,SUMATERA SELATAN,20345,EMPAT LAWANG,83431,SIKAP DALAM
17404,SUMATERA SELATAN,20345,EMPAT LAWANG,20482,TALANG PADANG
17404,SUMATERA SELATAN,20345,EMPAT LAWANG,20426,TEBING TINGGI
17404,SUMATERA SELATAN,20345,EMPAT LAWANG,20400,ULU MUSI
17404,SUMATERA SELATAN,20677,KOTA LUBUKLINGGAU,20687,LUBUK LINGGAU BARAT I
17404,SUMATERA SELATAN,20677,KOTA LUBUKLINGGAU,20728,LUBUK LINGGAU BARAT II
17404,SUMATERA SELATAN,20677,KOTA LUBUKLINGGAU,20699,LUBUK LINGGAU SELATAN I
17404,SUMATERA SELATAN,20677,KOTA LUBUKLINGGAU,20737,LUBUK LINGGAU SELATAN II
17404,SUMATERA SELATAN,20677,KOTA LUBUKLINGGAU,20678,LUBUK LINGGAU TIMUR I
17404,SUMATERA SELATAN,20677,KOTA LUBUKLINGGAU,20718,LUBUK LINGGAU TIMUR II
17404,SUMATERA SELATAN,20677,KOTA LUBUKLINGGAU,20707,LUBUK LINGGAU UTARA I
17404,SUMATERA SELATAN,20677,KOTA LUBUKLINGGAU,20747,LUBUK LINGGAU UTARA II
17404,SUMATERA SELATAN,20636,KOTA PAGAR ALAM,20665,DEMPO SELATAN
17404,SUMATERA SELATAN,20636,KOTA PAGAR ALAM,20671,DEMPO TENGAH
17404,SUMATERA SELATAN,20636,KOTA PAGAR ALAM,20657,DEMPO UTARA
17404,SUMATERA SELATAN,20636,KOTA PAGAR ALAM,20648,PAGAR ALAM SELATAN
17404,SUMATERA SELATAN,20636,KOTA PAGAR ALAM,20637,PAGAR ALAM UTARA
17404,SUMATERA SELATAN,20512,KOTA PALEMBANG,20626,ALANG-ALANG LEBAR
17404,SUMATERA SELATAN,20512,KOTA PALEMBANG,20598,BUKIT KECIL
17404,SUMATERA SELATAN,20512,KOTA PALEMBANG,20605,GANDUS
17404,SUMATERA SELATAN,20512,KOTA PALEMBANG,20540,ILIR BARAT I
17404,SUMATERA SELATAN,20512,KOTA PALEMBANG,20513,ILIR BARAT II
17404,SUMATERA SELATAN,20512,KOTA PALEMBANG,20547,ILIR TIMUR I
17404,SUMATERA SELATAN,20512,KOTA PALEMBANG,20559,ILIR TIMUR II
17404,SUMATERA SELATAN,20512,KOTA PALEMBANG,931159,ILIR TIMUR III
17404,SUMATERA SELATAN,20512,KOTA PALEMBANG,931158,JAKABARING
17404,SUMATERA SELATAN,20512,KOTA PALEMBANG,20592,KALIDONI
17404,SUMATERA SELATAN,20512,KOTA PALEMBANG,20585,KEMUNING
17404,SUMATERA SELATAN,20512,KOTA PALEMBANG,20611,KERTAPATI
17404,SUMATERA SELATAN,20512,KOTA PALEMBANG,20618,PLAJU
17404,SUMATERA SELATAN,20512,KOTA PALEMBANG,20580,SAKO
17404,SUMATERA SELATAN,20512,KOTA PALEMBANG,20521,SEBERANG ULU I
17404,SUMATERA SELATAN,20512,KOTA PALEMBANG,20532,SEBERANG ULU II
17404,SUMATERA SELATAN,20512,KOTA PALEMBANG,20631,SEMATANG BORANG
17404,SUMATERA SELATAN,20512,KOTA PALEMBANG,20572,SUKARAMI
17404,SUMATERA SELATAN,20758,KOTA PRABUMULIH,20775,CAMBAI
17404,SUMATERA SELATAN,20758,KOTA PRABUMULIH,20759,PRABUMULIH BARAT
17404,SUMATERA SELATAN,20758,KOTA PRABUMULIH,20797,PRABUMULIH SELATAN
17404,SUMATERA SELATAN,20758,KOTA PRABUMULIH,20766,PRABUMULIH TIMUR
17404,SUMATERA SELATAN,20758,KOTA PRABUMULIH,20791,PRABUMULIH UTARA
17404,SUMATERA SELATAN,20758,KOTA PRABUMULIH,20781,RAMBANG KPK TENGAH
17404,SUMATERA SELATAN,18244,LAHAT,18528,GUMAY TALANG
17404,SUMATERA SELATAN,18244,LAHAT,18599,GUMAY ULU
17404,SUMATERA SELATAN,18244,LAHAT,18260,JARAI
17404,SUMATERA SELATAN,18244,LAHAT,18496,KIKIM BARAT
17404,SUMATERA SELATAN,18244,LAHAT,18434,KIKIM SELATAN
17404,SUMATERA SELATAN,18244,LAHAT,18486,KIKIM TENGAH
17404,SUMATERA SELATAN,18244,LAHAT,18453,KIKIM TIMUR
17404,SUMATERA SELATAN,18244,LAHAT,18282,KOTA AGUNG
17404,SUMATERA SELATAN,18244,LAHAT,18340,LAHAT
17404,SUMATERA SELATAN,18244,LAHAT,931288,LAHAT SELATAN
17404,SUMATERA SELATAN,18244,LAHAT,18320,MERAPI BARAT
17404,SUMATERA SELATAN,18244,LAHAT,18610,MERAPI SELATAN
17404,SUMATERA SELATAN,18244,LAHAT,18565,MERAPI TIMUR
17404,SUMATERA SELATAN,18244,LAHAT,18635,MUARA PAYANG
17404,SUMATERA SELATAN,18244,LAHAT,931289,MULAK SEBINGKAI
17404,SUMATERA SELATAN,18244,LAHAT,18407,MULAK ULU
17404,SUMATERA SELATAN,18244,LAHAT,18544,PAGAR GUNUNG
17404,SUMATERA SELATAN,18244,LAHAT,18376,PAJAR BULAN
17404,SUMATERA SELATAN,18244,LAHAT,18516,PSEKSU
17404,SUMATERA SELATAN,18244,LAHAT,18305,PULAUPINANG
17404,SUMATERA SELATAN,18244,LAHAT,83492,SUKA MERINDU
17404,SUMATERA SELATAN,18244,LAHAT,18580,TANJUNG SAKTI PUMI
17404,SUMATERA SELATAN,18244,LAHAT,18245,TANJUNGSAKTI PUMU
17404,SUMATERA SELATAN,18244,LAHAT,18620,TANJUNGTEBAT
17404,SUMATERA SELATAN,17895,MUARA ENIM,83489,BELIMBING
17404,SUMATERA SELATAN,17895,MUARA ENIM,83490,BELINDA DARAT
17404,SUMATERA SELATAN,17895,MUARA ENIM,18211,BENAKAT
17404,SUMATERA SELATAN,17895,MUARA ENIM,18012,GELUMBANG
17404,SUMATERA SELATAN,17895,MUARA ENIM,17967,GUNUNG MEGANG
17404,SUMATERA SELATAN,17895,MUARA ENIM,18227,KELEKAR
17404,SUMATERA SELATAN,17895,MUARA ENIM,18036,LAWANG KIDUL
17404,SUMATERA SELATAN,17895,MUARA ENIM,18176,LEMBAK
17404,SUMATERA SELATAN,17895,MUARA ENIM,18120,LUBAI
17404,SUMATERA SELATAN,17895,MUARA ENIM,83491,LUBAI ULU
17404,SUMATERA SELATAN,17895,MUARA ENIM,18235,MUARA BELIDA
17404,SUMATERA SELATAN,17895,MUARA ENIM,17923,MUARA ENIM
17404,SUMATERA SELATAN,17895,MUARA ENIM,18142,RAMBANG
17404,SUMATERA SELATAN,17895,MUARA ENIM,17940,RAMBANG DANGKU
17404,SUMATERA SELATAN,17895,MUARA ENIM,18044,SEMENDE DARAT LAUT
17404,SUMATERA SELATAN,17895,MUARA ENIM,18055,SEMENDE DARAT TENGAH
17404,SUMATERA SELATAN,17895,MUARA ENIM,18068,SEMENDE DARAT ULU
17404,SUMATERA SELATAN,17895,MUARA ENIM,18156,SUNGAI ROTAN
17404,SUMATERA SELATAN,17895,MUARA ENIM,17896,TANJUNG AGUNG
17404,SUMATERA SELATAN,17895,MUARA ENIM,18079,UJAN MAS
17404,SUMATERA SELATAN,18942,MUSI BANYUASIN,83427,BABAT SUPAT
17404,SUMATERA SELATAN,18942,MUSI BANYUASIN,19027,BABAT TOMAN
17404,SUMATERA SELATAN,18942,MUSI BANYUASIN,18992,BATANG HARI LEKO
17404,SUMATERA SELATAN,18942,MUSI BANYUASIN,19095,BAYUNG LENCIR
17404,SUMATERA SELATAN,18942,MUSI BANYUASIN,19081,KELUANG
17404,SUMATERA SELATAN,18942,MUSI BANYUASIN,18958,LAIS
17404,SUMATERA SELATAN,18942,MUSI BANYUASIN,19145,LALAN
17404,SUMATERA SELATAN,18942,MUSI BANYUASIN,83426,LAWANG WETAN
17404,SUMATERA SELATAN,18942,MUSI BANYUASIN,19130,PLAKAT TINGGI
17404,SUMATERA SELATAN,18942,MUSI BANYUASIN,19009,SANGA DESA
17404,SUMATERA SELATAN,18942,MUSI BANYUASIN,18943,SEKAYU
17404,SUMATERA SELATAN,18942,MUSI BANYUASIN,18972,SUNGAI KERUH
17404,SUMATERA SELATAN,18942,MUSI BANYUASIN,19055,SUNGAI LILIN
17404,SUMATERA SELATAN,18942,MUSI BANYUASIN,83425,TUNGKAL JAYA
17404,SUMATERA SELATAN,18643,MUSI RAWAS,18845,BTS. ULU
17404,SUMATERA SELATAN,18643,MUSI RAWAS,18759,JAYALOKA
17404,SUMATERA SELATAN,18643,MUSI RAWAS,18812,MEGANG SAKTI
17404,SUMATERA SELATAN,18643,MUSI RAWAS,18772,MUARA BELITI
17404,SUMATERA SELATAN,18643,MUSI RAWAS,18683,MUARA KELINGI
17404,SUMATERA SELATAN,18643,MUSI RAWAS,18662,MUARA LAKITAN
17404,SUMATERA SELATAN,18643,MUSI RAWAS,18833,PURWODADI
17404,SUMATERA SELATAN,18643,MUSI RAWAS,18799,SELANGIT
17404,SUMATERA SELATAN,18643,MUSI RAWAS,18785,STL ULU TERAWAS
17404,SUMATERA SELATAN,18643,MUSI RAWAS,18934,SUKA KARYA
17404,SUMATERA SELATAN,18643,MUSI RAWAS,18912,SUMBER HARTA
17404,SUMATERA SELATAN,18643,MUSI RAWAS,18902,TIANG PUMPUNG KEPUNGUT
17404,SUMATERA SELATAN,18643,MUSI RAWAS,18922,TUAH NEGERI
17404,SUMATERA SELATAN,18643,MUSI RAWAS,18644,TUGUMULYO
17404,SUMATERA SELATAN,928070,MUSI RAWAS UTARA,18892,KARANG DAPO
17404,SUMATERA SELATAN,928070,MUSI RAWAS UTARA,18865,KARANG JAYA
17404,SUMATERA SELATAN,928070,MUSI RAWAS UTARA,18880,NIBUNG
17404,SUMATERA SELATAN,928070,MUSI RAWAS UTARA,18704,RAWAS ILIR
17404,SUMATERA SELATAN,928070,MUSI RAWAS UTARA,18716,RAWAS ULU
17404,SUMATERA SELATAN,928070,MUSI RAWAS UTARA,18741,RUPIT
17404,SUMATERA SELATAN,928070,MUSI RAWAS UTARA,18733,ULU RAWAS
17404,SUMATERA SELATAN,20087,OGAN ILIR,20145,INDRALAYA
17404,SUMATERA SELATAN,20087,OGAN ILIR,20223,INDRALAYA SELATAN
17404,SUMATERA SELATAN,20087,OGAN ILIR,20206,INDRALAYA UTARA
17404,SUMATERA SELATAN,20087,OGAN ILIR,20293,KANDIS
17404,SUMATERA SELATAN,20087,OGAN ILIR,20320,LUBUK KELIAT
17404,SUMATERA SELATAN,20087,OGAN ILIR,20088,MUARA KUANG
17404,SUMATERA SELATAN,20087,OGAN ILIR,20331,PAYARAMAN
17404,SUMATERA SELATAN,20087,OGAN ILIR,20166,PEMULUTAN
17404,SUMATERA SELATAN,20087,OGAN ILIR,20254,PEMULUTAN BARAT
17404,SUMATERA SELATAN,20087,OGAN ILIR,20238,PEMULUTAN SELATAN
17404,SUMATERA SELATAN,20087,OGAN ILIR,20306,RAMBANG KUANG
17404,SUMATERA SELATAN,20087,OGAN ILIR,20192,RANTAU ALAI
17404,SUMATERA SELATAN,20087,OGAN ILIR,20266,RANTAU PANJANG
17404,SUMATERA SELATAN,20087,OGAN ILIR,20279,SUNGAI PINANG
17404,SUMATERA SELATAN,20087,OGAN ILIR,20103,TANJUNG BATU
17404,SUMATERA SELATAN,20087,OGAN ILIR,20125,TANJUNG RAJA
17404,SUMATERA SELATAN,17570,OGAN KOMERING ILIR,17732,AIR SUGIHAN
17404,SUMATERA SELATAN,17570,OGAN KOMERING ILIR,17787,CENGAL
17404,SUMATERA SELATAN,17570,OGAN KOMERING ILIR,17770,JEJAWI
17404,SUMATERA SELATAN,17570,OGAN KOMERING ILIR,17623,KAYU AGUNG
17404,SUMATERA SELATAN,17570,OGAN KOMERING ILIR,17715,LEMPUING
17404,SUMATERA SELATAN,17570,OGAN KOMERING ILIR,17856,LEMPUING JAYA
17404,SUMATERA SELATAN,17570,OGAN KOMERING ILIR,17608,MESUJI
17404,SUMATERA SELATAN,17570,OGAN KOMERING ILIR,17817,MESUJI MAKMUR
17404,SUMATERA SELATAN,17570,OGAN KOMERING ILIR,17838,MESUJI RAYA
17404,SUMATERA SELATAN,17570,OGAN KOMERING ILIR,17693,PAMPANGAN
17404,SUMATERA SELATAN,17570,OGAN KOMERING ILIR,17799,PANGKALAN LAMPAM
17404,SUMATERA SELATAN,17570,OGAN KOMERING ILIR,17593,PEDAMARAN
17404,SUMATERA SELATAN,17570,OGAN KOMERING ILIR,17887,PEDAMARAN TIMUR
17404,SUMATERA SELATAN,17570,OGAN KOMERING ILIR,17649,SIRAH PULAU PADANG
17404,SUMATERA SELATAN,17570,OGAN KOMERING ILIR,17752,SUNGAI MENANG
17404,SUMATERA SELATAN,17570,OGAN KOMERING ILIR,17571,TANJUNG LUBUK
17404,SUMATERA SELATAN,17570,OGAN KOMERING ILIR,17872,TELUK GELAM
17404,SUMATERA SELATAN,17570,OGAN KOMERING ILIR,17670,TULUNG SELAPAN
17404,SUMATERA SELATAN,17405,OGAN KOMERING ULU,17463,BATURAJA BARAT
17404,SUMATERA SELATAN,17405,OGAN KOMERING ULU,17476,BATURAJA TIMUR
17404,SUMATERA SELATAN,17405,OGAN KOMERING ULU,930093,KEDATON PENINJAUAN RAYA
17404,SUMATERA SELATAN,17405,OGAN KOMERING ULU,17535,LENGKITI
17404,SUMATERA SELATAN,17405,OGAN KOMERING ULU,17520,LUBUK BATANG
17404,SUMATERA SELATAN,17405,OGAN KOMERING ULU,17564,LUBUK RAJA
17404,SUMATERA SELATAN,17405,OGAN KOMERING ULU,17455,MUARA JAYA
17404,SUMATERA SELATAN,17405,OGAN KOMERING ULU,17417,PENGANDONAN
17404,SUMATERA SELATAN,17405,OGAN KOMERING ULU,17430,PENINJAUAN
17404,SUMATERA SELATAN,17405,OGAN KOMERING ULU,17498,SEMIDANG AJI
17404,SUMATERA SELATAN,17405,OGAN KOMERING ULU,17557,SINAR PENINJAUAN
17404,SUMATERA SELATAN,17405,OGAN KOMERING ULU,17406,SOSOH BUAY RAYAP
17404,SUMATERA SELATAN,17405,OGAN KOMERING ULU,17490,ULU OGAN
17404,SUMATERA SELATAN,19808,OGAN KOMERING ULU SELATAN,19838,BANDING AGUNG
17404,SUMATERA SELATAN,19808,OGAN KOMERING ULU SELATAN,20057,BUANA PEMACA
17404,SUMATERA SELATAN,19808,OGAN KOMERING ULU SELATAN,19936,BUAY PEMACA
17404,SUMATERA SELATAN,19808,OGAN KOMERING ULU SELATAN,19989,BUAY PEMATANG RIBU RANAU TENGAH
17404,SUMATERA SELATAN,19808,OGAN KOMERING ULU SELATAN,20075,BUAY RAWAN
17404,SUMATERA SELATAN,19808,OGAN KOMERING ULU SELATAN,19905,BUAY RUNJUNG
17404,SUMATERA SELATAN,19808,OGAN KOMERING ULU SELATAN,19888,BUAY SANDANG AJI
17404,SUMATERA SELATAN,19808,OGAN KOMERING ULU SELATAN,19979,KISAM ILIR
17404,SUMATERA SELATAN,19808,OGAN KOMERING ULU SELATAN,19959,KISAM TINGGI
17404,SUMATERA SELATAN,19808,OGAN KOMERING ULU SELATAN,19920,MEKAKAU ILIR
17404,SUMATERA SELATAN,19808,OGAN KOMERING ULU SELATAN,19809,MUARA DUA
17404,SUMATERA SELATAN,19808,OGAN KOMERING ULU SELATAN,19861,MUARA DUA KISAM
17404,SUMATERA SELATAN,19808,OGAN KOMERING ULU SELATAN,19824,PULAU BERINGIN
17404,SUMATERA SELATAN,19808,OGAN KOMERING ULU SELATAN,20029,RUNJUNG AGUNG
17404,SUMATERA SELATAN,19808,OGAN KOMERING ULU SELATAN,19880,SIMPANG
17404,SUMATERA SELATAN,19808,OGAN KOMERING ULU SELATAN,20049,SINDANG DANAU
17404,SUMATERA SELATAN,19808,OGAN KOMERING ULU SELATAN,20039,SUNGAI ARE
17404,SUMATERA SELATAN,19808,OGAN KOMERING ULU SELATAN,20066,TIGA DIHAJI
17404,SUMATERA SELATAN,19808,OGAN KOMERING ULU SELATAN,20012,WARKUK RANAU SELATAN
17404,SUMATERA SELATAN,19492,OGAN KOMERING ULU TIMUR,19528,BELITANG
17404,SUMATERA SELATAN,19492,OGAN KOMERING ULU TIMUR,19629,BELITANG II
17404,SUMATERA SELATAN,19492,OGAN KOMERING ULU TIMUR,19654,BELITANG III
17404,SUMATERA SELATAN,19492,OGAN KOMERING ULU TIMUR,19758,BELITANG JAYA
17404,SUMATERA SELATAN,19492,OGAN KOMERING ULU TIMUR,19772,BELITANG MADANG RAYA
17404,SUMATERA SELATAN,19492,OGAN KOMERING ULU TIMUR,19788,BELITANG MULYA
17404,SUMATERA SELATAN,19492,OGAN KOMERING ULU TIMUR,19510,BUAY MADANG
17404,SUMATERA SELATAN,19492,OGAN KOMERING ULU TIMUR,19684,BUAY MADANG TIMUR
17404,SUMATERA SELATAN,19492,OGAN KOMERING ULU TIMUR,19800,BUAY PEMUKA BANGSA RAJA
17404,SUMATERA SELATAN,19492,OGAN KOMERING ULU TIMUR,19565,BUAY PEMUKA PELIUNG
17404,SUMATERA SELATAN,19492,OGAN KOMERING ULU TIMUR,19675,BUNGA MAYANG
17404,SUMATERA SELATAN,19492,OGAN KOMERING ULU TIMUR,19551,CEMPAKA
17404,SUMATERA SELATAN,19492,OGAN KOMERING ULU TIMUR,19749,JAYAPURA
17404,SUMATERA SELATAN,19492,OGAN KOMERING ULU TIMUR,19596,MADANG SUKU I
17404,SUMATERA SELATAN,19492,OGAN KOMERING ULU TIMUR,19579,MADANG SUKU II
17404,SUMATERA SELATAN,19492,OGAN KOMERING ULU TIMUR,19708,MADANG SUKU III
17404,SUMATERA SELATAN,19492,OGAN KOMERING ULU TIMUR,19493,MARTAPURA
17404,SUMATERA SELATAN,19492,OGAN KOMERING ULU TIMUR,19718,SEMENDAWAI BARAT
17404,SUMATERA SELATAN,19492,OGAN KOMERING ULU TIMUR,19609,SEMENDAWAI SUKU III
17404,SUMATERA SELATAN,19492,OGAN KOMERING ULU TIMUR,19731,SEMENDAWAI TIMUR
17404,SUMATERA SELATAN,928069,PENUKAL ABAB LEMATANG ILIR,18218,ABAB
17404,SUMATERA SELATAN,928069,PENUKAL ABAB LEMATANG ILIR,18106,PENUKAL
17404,SUMATERA SELATAN,928069,PENUKAL ABAB LEMATANG ILIR,18197,PENUKAL UTARA
17404,SUMATERA SELATAN,928069,PENUKAL ABAB LEMATANG ILIR,17991,TALANG UBI
17404,SUMATERA SELATAN,928069,PENUKAL ABAB LEMATANG ILIR,18088,TANAH ABANG
20802,BENGKULU,20923,BENGKULU SELATAN,21050,AIR NIPIS
20802,BENGKULU,20923,BENGKULU SELATAN,21072,BUNGA MAS
20802,BENGKULU,20923,BENGKULU SELATAN,20924,KEDURANG
20802,BENGKULU,20923,BENGKULU SELATAN,21037,KEDURANG ILIR
20802,BENGKULU,20923,BENGKULU SELATAN,21003,KOTA MANNA
20802,BENGKULU,20923,BENGKULU SELATAN,20984,MANNA
20802,BENGKULU,20923,BENGKULU SELATAN,21083,PASAR MANNA
20802,BENGKULU,20923,BENGKULU SELATAN,20967,PINO
20802,BENGKULU,20923,BENGKULU SELATAN,21015,PINO RAYA
20802,BENGKULU,20923,BENGKULU SELATAN,20944,SEGINIM
20802,BENGKULU,20923,BENGKULU SELATAN,21061,ULU MANNA
20802,BENGKULU,20803,BENGKULU TENGAH,83435,BANG HAJI
20802,BENGKULU,20803,BENGKULU TENGAH,20804,KARANG TINGGI
20802,BENGKULU,20803,BENGKULU TENGAH,83432,MERIGI KELINDANG
20802,BENGKULU,20803,BENGKULU TENGAH,83433,MERIGI SAKTI
20802,BENGKULU,20803,BENGKULU TENGAH,20877,PAGAR JATI
20802,BENGKULU,20803,BENGKULU TENGAH,20856,PEMATANG TIGA
20802,BENGKULU,20803,BENGKULU TENGAH,20832,PONDOK KELAPA
20802,BENGKULU,20803,BENGKULU TENGAH,83434,PONDOK KUBANG
20802,BENGKULU,20803,BENGKULU TENGAH,20899,TABA PENANJUNG
20802,BENGKULU,20803,BENGKULU TENGAH,20818,TALANG EMPAT
20802,BENGKULU,21265,BENGKULU UTARA,21456,AIR BESI
20802,BENGKULU,21265,BENGKULU UTARA,21474,AIR NAPAL
20802,BENGKULU,21265,BENGKULU UTARA,83439,AIR PADANG
20802,BENGKULU,21265,BENGKULU UTARA,21309,ARGA MAKMUR
20802,BENGKULU,21265,BENGKULU UTARA,83497,ARMA JAYA
20802,BENGKULU,21265,BENGKULU UTARA,21380,BATIK NAU
20802,BENGKULU,21265,BENGKULU UTARA,21266,ENGGANO
20802,BENGKULU,21265,BENGKULU UTARA,21339,GIRI MULYA
20802,BENGKULU,21265,BENGKULU UTARA,83438,HULU PALIK
20802,BENGKULU,21265,BENGKULU UTARA,21273,KERKAP
20802,BENGKULU,21265,BENGKULU UTARA,21396,KETAHUN
20802,BENGKULU,21265,BENGKULU UTARA,21356,LAIS
20802,BENGKULU,21265,BENGKULU UTARA,930096,MARGA SAKTI SEBELAT
20802,BENGKULU,21265,BENGKULU UTARA,21417,NAPAL PUTIH
20802,BENGKULU,21265,BENGKULU UTARA,21345,PADANG JAYA
20802,BENGKULU,21265,BENGKULU UTARA,930094,PINANG RAYA
20802,BENGKULU,21265,BENGKULU UTARA,21436,PUTRI HIJAU
20802,BENGKULU,21265,BENGKULU UTARA,84087,TANJUNGAGUNG PALIK
20802,BENGKULU,21265,BENGKULU UTARA,83499,ULOK KUPAI
20802,BENGKULU,21492,KAUR,21551,KAUR SELATAN
20802,BENGKULU,21492,KAUR,21541,KAUR TENGAH
20802,BENGKULU,21492,KAUR,21529,KAUR UTARA
20802,BENGKULU,21492,KAUR,21623,KELAM TENGAH
20802,BENGKULU,21492,KAUR,21493,KINAL
20802,BENGKULU,21492,KAUR,21637,LUAS
20802,BENGKULU,21492,KAUR,21670,LUNGKANG KULE
20802,BENGKULU,21492,KAUR,21571,MAJE
20802,BENGKULU,21492,KAUR,21649,MUARA SAHUNG
20802,BENGKULU,21492,KAUR,21591,NASAL
20802,BENGKULU,21492,KAUR,21680,PADANG GUCI HILIR
20802,BENGKULU,21492,KAUR,21690,PADANG GUCI HULU
20802,BENGKULU,21492,KAUR,21609,SEMIDANG GUMAY
20802,BENGKULU,21492,KAUR,21508,TANJUNG KEMUNING
20802,BENGKULU,21492,KAUR,21657,TETAP
20802,BENGKULU,22135,KEPAHIANG,22136,BERMANI ILIR
20802,BENGKULU,22135,KEPAHIANG,22215,KABAWETAN
20802,BENGKULU,22135,KEPAHIANG,22187,KEPAHIANG
20802,BENGKULU,22135,KEPAHIANG,22206,MERIGI
20802,BENGKULU,22135,KEPAHIANG,22241,MUARA KEMUMU
20802,BENGKULU,22135,KEPAHIANG,22230,SEBERANG MUSI
20802,BENGKULU,22135,KEPAHIANG,22172,TEBAT KARAI
20802,BENGKULU,22135,KEPAHIANG,22154,UJAN MAS
20802,BENGKULU,22252,KOTA BENGKULU,22260,GADING CEMPAKA
20802,BENGKULU,22252,KOTA BENGKULU,22294,KAMPUNG MELAYU
20802,BENGKULU,22252,KOTA BENGKULU,22286,MUARA BANGKAHULU
20802,BENGKULU,22252,KOTA BENGKULU,22301,RATU AGUNG
20802,BENGKULU,22252,KOTA BENGKULU,22310,RATU SAMBAN
20802,BENGKULU,22252,KOTA BENGKULU,22253,SELEBAR
20802,BENGKULU,22252,KOTA BENGKULU,83447,SINGARAN PATI
20802,BENGKULU,22252,KOTA BENGKULU,22320,SUNGAI SERUT
20802,BENGKULU,22252,KOTA BENGKULU,22272,TELUK SEGARA
20802,BENGKULU,22052,LEBONG,83444,AMEN
20802,BENGKULU,22052,LEBONG,83441,BINGIN KUNING
20802,BENGKULU,22052,LEBONG,22093,LEBONG ATAS
20802,BENGKULU,22052,LEBONG,83442,LEBONG SAKTI
20802,BENGKULU,22052,LEBONG,22063,LEBONG SELATAN
20802,BENGKULU,22052,LEBONG,22080,LEBONG TENGAH
20802,BENGKULU,22052,LEBONG,22106,LEBONG UTARA
20802,BENGKULU,22052,LEBONG,83443,PELABAI
20802,BENGKULU,22052,LEBONG,83446,PINANG BELAPIS
20802,BENGKULU,22052,LEBONG,22053,RIMBO PENGADANG
20802,BENGKULU,22052,LEBONG,83440,TOPOS
20802,BENGKULU,22052,LEBONG,83445,URAM JAYA
20802,BENGKULU,21885,MUKOMUKO,22034,AIR DIKIT
20802,BENGKULU,21885,MUKOMUKO,22025,AIR MAJUNTO
20802,BENGKULU,21885,MUKOMUKO,21950,AIR RAMI
20802,BENGKULU,21885,MUKOMUKO,21925,IPUH
20802,BENGKULU,21885,MUKOMUKO,21894,KOTA MUKOMUKO
20802,BENGKULU,21885,MUKOMUKO,21886,LUBUK PINANG
20802,BENGKULU,21885,MUKOMUKO,21942,MALIN DEMAN
20802,BENGKULU,21885,MUKOMUKO,21990,PENARIK
20802,BENGKULU,21885,MUKOMUKO,21913,PONDOK SUGUH
20802,BENGKULU,21885,MUKOMUKO,21977,SELAGAN RAYA
20802,BENGKULU,21885,MUKOMUKO,22042,SUNGAI RUMBAI
20802,BENGKULU,21885,MUKOMUKO,21963,TERAMANG JAYA
20802,BENGKULU,21885,MUKOMUKO,21904,TERAS TERUNJAM
20802,BENGKULU,21885,MUKOMUKO,22014,V KOTO
20802,BENGKULU,21885,MUKOMUKO,22005,XIV KOTO
20802,BENGKULU,21093,REJANG LEBONG,21144,BERMANI ULU
20802,BENGKULU,21093,REJANG LEBONG,21254,BERMANI ULU RAYA
20802,BENGKULU,21093,REJANG LEBONG,21220,BINDURIANG
20802,BENGKULU,21093,REJANG LEBONG,21134,CURUP
20802,BENGKULU,21093,REJANG LEBONG,21197,CURUP SELATAN
20802,BENGKULU,21093,REJANG LEBONG,21209,CURUP TENGAH
20802,BENGKULU,21093,REJANG LEBONG,21187,CURUP TIMUR
20802,BENGKULU,21093,REJANG LEBONG,21172,CURUP UTARA
20802,BENGKULU,21093,REJANG LEBONG,21094,KOTA PADANG
20802,BENGKULU,21093,REJANG LEBONG,21105,PADANG ULAK TANDING
20802,BENGKULU,21093,REJANG LEBONG,21157,SELUPU REJANG
20802,BENGKULU,21093,REJANG LEBONG,21243,SINDANG BELITI ILIR
20802,BENGKULU,21093,REJANG LEBONG,21226,SINDANG BELITI ULU
20802,BENGKULU,21093,REJANG LEBONG,21236,SINDANG DATARAN
20802,BENGKULU,21093,REJANG LEBONG,21121,SINDANG KELINGI
20802,BENGKULU,21702,SELUMA,21787,AIR PERIUKAN
20802,BENGKULU,21702,SELUMA,21872,ILIR TALO
20802,BENGKULU,21702,SELUMA,21800,LUBUK SANDI
20802,BENGKULU,21702,SELUMA,21722,SELUMA
20802,BENGKULU,21702,SELUMA,21813,SELUMA BARAT
20802,BENGKULU,21702,SELUMA,21840,SELUMA SELATAN
20802,BENGKULU,21702,SELUMA,21822,SELUMA TIMUR
20802,BENGKULU,21702,SELUMA,21831,SELUMA UTARA
20802,BENGKULU,21702,SELUMA,21745,SEMIDANG ALAS
20802,BENGKULU,21702,SELUMA,21766,SEMIDANG ALAS MARAS
20802,BENGKULU,21702,SELUMA,21703,SUKARAJA
20802,BENGKULU,21702,SELUMA,21730,TALO
20802,BENGKULU,21702,SELUMA,21852,TALO KECIL
20802,BENGKULU,21702,SELUMA,21862,ULU TALO
22328,LAMPUNG,24709,KOTA BANDAR LAMPUNG,83510,BUMI WARAS
22328,LAMPUNG,24709,KOTA BANDAR LAMPUNG,83507,ENGGAL
22328,LAMPUNG,24709,KOTA BANDAR LAMPUNG,83508,KEDAMAIAN
22328,LAMPUNG,24709,KOTA BANDAR LAMPUNG,24710,KEDATON
22328,LAMPUNG,24709,KOTA BANDAR LAMPUNG,24814,KEMILING
22328,LAMPUNG,24709,KOTA BANDAR LAMPUNG,83504,LABUHAN RATU
22328,LAMPUNG,24709,KOTA BANDAR LAMPUNG,83506,LANGKAPURA
22328,LAMPUNG,24709,KOTA BANDAR LAMPUNG,24732,PANJANG
22328,LAMPUNG,24709,KOTA BANDAR LAMPUNG,24796,RAJABASA
22328,LAMPUNG,24709,KOTA BANDAR LAMPUNG,24806,SUKABUMI
22328,LAMPUNG,24709,KOTA BANDAR LAMPUNG,24719,SUKARAME
22328,LAMPUNG,24709,KOTA BANDAR LAMPUNG,24725,TANJUNGKARANG BARAT
22328,LAMPUNG,24709,KOTA BANDAR LAMPUNG,24752,TANJUNGKARANG PUSAT
22328,LAMPUNG,24709,KOTA BANDAR LAMPUNG,24740,TANJUNGKARANG TIMUR
22328,LAMPUNG,24709,KOTA BANDAR LAMPUNG,24801,TANJUNG SENANG
22328,LAMPUNG,24709,KOTA BANDAR LAMPUNG,24776,TELUKBETUNG BARAT
22328,LAMPUNG,24709,KOTA BANDAR LAMPUNG,24764,TELUKBETUNG SELATAN
22328,LAMPUNG,24709,KOTA BANDAR LAMPUNG,83509,TELUKBETUNG TIMUR
22328,LAMPUNG,24709,KOTA BANDAR LAMPUNG,24785,TELUKBETUNG UTARA
22328,LAMPUNG,24709,KOTA BANDAR LAMPUNG,83505,WAY HALIM
22328,LAMPUNG,24822,KOTA METRO,24834,METRO BARAT
22328,LAMPUNG,24822,KOTA METRO,24823,METRO PUSAT
22328,LAMPUNG,24822,KOTA METRO,24845,METRO SELATAN
22328,LAMPUNG,24822,KOTA METRO,24839,METRO TIMUR
22328,LAMPUNG,24822,KOTA METRO,24829,METRO UTARA
22328,LAMPUNG,23460,LAMPUNG BARAT,23684,AIR HITAM
22328,LAMPUNG,23460,LAMPUNG BARAT,23505,BALIK BUKIT
22328,LAMPUNG,23460,LAMPUNG BARAT,23727,BANDAR NEGERI SUOH
22328,LAMPUNG,23460,LAMPUNG BARAT,23561,BATU BRAK
22328,LAMPUNG,23460,LAMPUNG BARAT,23716,BATU KETULIS
22328,LAMPUNG,23460,LAMPUNG BARAT,23525,BELALAU
22328,LAMPUNG,23460,LAMPUNG BARAT,23621,GEDUNG SURIAN
22328,LAMPUNG,23460,LAMPUNG BARAT,23695,KEBUN TEBU
22328,LAMPUNG,23460,LAMPUNG BARAT,23673,LUMBOK SEMINUNG
22328,LAMPUNG,23460,LAMPUNG BARAT,23706,PAGAR DEWA
22328,LAMPUNG,23460,LAMPUNG BARAT,23546,SEKINCAU
22328,LAMPUNG,23460,LAMPUNG BARAT,23573,SUKAU
22328,LAMPUNG,23460,LAMPUNG BARAT,23518,SUMBER JAYA
22328,LAMPUNG,23460,LAMPUNG BARAT,23552,SUOH
22328,LAMPUNG,23460,LAMPUNG BARAT,23536,WAY TENONG
22328,LAMPUNG,22605,LAMPUNG SELATAN,22846,BAKAUHENI
22328,LAMPUNG,22605,LAMPUNG SELATAN,22815,CANDIPURO
22328,LAMPUNG,22605,LAMPUNG SELATAN,22749,JATI AGUNG
22328,LAMPUNG,22605,LAMPUNG SELATAN,22646,KALIANDA
22328,LAMPUNG,22605,LAMPUNG SELATAN,22690,KATIBUNG
22328,LAMPUNG,22605,LAMPUNG SELATAN,22771,KETAPANG
22328,LAMPUNG,22605,LAMPUNG SELATAN,22830,MERBAU MATARAM
22328,LAMPUNG,22605,LAMPUNG SELATAN,22606,NATAR
22328,LAMPUNG,22605,LAMPUNG SELATAN,22727,PALAS
22328,LAMPUNG,22605,LAMPUNG SELATAN,22704,PENENGAHAN
22328,LAMPUNG,22605,LAMPUNG SELATAN,22799,RAJA BASA
22328,LAMPUNG,22605,LAMPUNG SELATAN,22674,SIDOMULYO
22328,LAMPUNG,22605,LAMPUNG SELATAN,22788,SRAGI
22328,LAMPUNG,22605,LAMPUNG SELATAN,22629,TANJUNG BINTANG
22328,LAMPUNG,22605,LAMPUNG SELATAN,22852,TANJUNG SARI
22328,LAMPUNG,22605,LAMPUNG SELATAN,22870,WAY PANJI
22328,LAMPUNG,22605,LAMPUNG SELATAN,22861,WAY SULAN
22328,LAMPUNG,22875,LAMPUNG TENGAH,23175,ANAK RATU AJI
22328,LAMPUNG,22875,LAMPUNG TENGAH,23121,ANAK TUHA
22328,LAMPUNG,22875,LAMPUNG TENGAH,23080,BANDAR MATARAM
22328,LAMPUNG,22875,LAMPUNG TENGAH,23165,BANDAR SURABAYA
22328,LAMPUNG,22875,LAMPUNG TENGAH,22890,BANGUN REJO
22328,LAMPUNG,22875,LAMPUNG TENGAH,23054,BEKRI
22328,LAMPUNG,22875,LAMPUNG TENGAH,23151,BUMI NABUNG
22328,LAMPUNG,22875,LAMPUNG TENGAH,23044,BUMI RATU NUBAN
22328,LAMPUNG,22875,LAMPUNG TENGAH,22921,GUNUNG SUGIH
22328,LAMPUNG,22875,LAMPUNG TENGAH,22876,KALIREJO
22328,LAMPUNG,22875,LAMPUNG TENGAH,23144,KOTA GAJAH
22328,LAMPUNG,22875,LAMPUNG TENGAH,22906,PADANG RATU
22328,LAMPUNG,22875,LAMPUNG TENGAH,23089,PUBIAN
22328,LAMPUNG,22875,LAMPUNG TENGAH,22952,PUNGGUR
22328,LAMPUNG,22875,LAMPUNG TENGAH,23182,PUTRA RUMBIA
22328,LAMPUNG,22875,LAMPUNG TENGAH,22988,RUMBIA
22328,LAMPUNG,22875,LAMPUNG TENGAH,23108,SELAGAI LINGGA
22328,LAMPUNG,22875,LAMPUNG TENGAH,23134,SENDANG AGUNG
22328,LAMPUNG,22875,LAMPUNG TENGAH,23063,SEPUTIH AGUNG
22328,LAMPUNG,22875,LAMPUNG TENGAH,22997,SEPUTIH BANYAK
22328,LAMPUNG,22875,LAMPUNG TENGAH,23009,SEPUTIH MATARAM
22328,LAMPUNG,22875,LAMPUNG TENGAH,22973,SEPUTIH RAMAN
22328,LAMPUNG,22875,LAMPUNG TENGAH,23022,SEPUTIH SURABAYA
22328,LAMPUNG,22875,LAMPUNG TENGAH,22962,TERBANGGI BESAR
22328,LAMPUNG,22875,LAMPUNG TENGAH,23036,TERUSAN NUNYAI
22328,LAMPUNG,22875,LAMPUNG TENGAH,22937,TRIMURJO
22328,LAMPUNG,22875,LAMPUNG TENGAH,23073,WAY PENGUBUAN
22328,LAMPUNG,22875,LAMPUNG TENGAH,23158,WAY SEPUTIH
22328,LAMPUNG,24202,LAMPUNG TIMUR,24396,BANDAR SRIBHAWONO
22328,LAMPUNG,24202,LAMPUNG TIMUR,24278,BATANGHARI
22328,LAMPUNG,24202,LAMPUNG TIMUR,24375,BATANGHARI NUBAN
22328,LAMPUNG,24202,LAMPUNG TIMUR,24458,BRAJA SELEBAH
22328,LAMPUNG,24202,LAMPUNG TIMUR,24389,BUMI AGUNG
22328,LAMPUNG,24202,LAMPUNG TIMUR,24419,GUNUNG PELINDUNG
22328,LAMPUNG,24202,LAMPUNG TIMUR,24233,JABUNG
22328,LAMPUNG,24202,LAMPUNG TIMUR,24221,LABUHAN MARINGGAI
22328,LAMPUNG,24202,LAMPUNG TIMUR,24446,LABUHAN RATU
22328,LAMPUNG,24202,LAMPUNG TIMUR,24475,MARGA SEKAMPUNG
22328,LAMPUNG,24202,LAMPUNG TIMUR,24345,MARGA TIGA
22328,LAMPUNG,24202,LAMPUNG TIMUR,24404,MATARAM BARU
22328,LAMPUNG,24202,LAMPUNG TIMUR,24412,MELINTING
22328,LAMPUNG,24202,LAMPUNG TIMUR,24337,METRO KIBANG
22328,LAMPUNG,24202,LAMPUNG TIMUR,24425,PASIR SAKTI
22328,LAMPUNG,24202,LAMPUNG TIMUR,24249,PEKALONGAN
22328,LAMPUNG,24202,LAMPUNG TIMUR,24312,PURBOLINGGO
22328,LAMPUNG,24202,LAMPUNG TIMUR,24325,RAMAN UTARA
22328,LAMPUNG,24202,LAMPUNG TIMUR,24260,SEKAMPUNG
22328,LAMPUNG,24202,LAMPUNG TIMUR,24359,SEKAMPUNG UDIK
22328,LAMPUNG,24202,LAMPUNG TIMUR,24203,SUKADANA
22328,LAMPUNG,24202,LAMPUNG TIMUR,24434,WAWAY KARYA
22328,LAMPUNG,24202,LAMPUNG TIMUR,24466,WAY BUNGUR
22328,LAMPUNG,24202,LAMPUNG TIMUR,24296,WAY JEPARA
22328,LAMPUNG,23189,LAMPUNG UTARA,23258,ABUNG BARAT
22328,LAMPUNG,23189,LAMPUNG UTARA,23444,ABUNG KUNANG
22328,LAMPUNG,23189,LAMPUNG UTARA,23413,ABUNG PEKURUN
22328,LAMPUNG,23189,LAMPUNG UTARA,23273,ABUNG SELATAN
22328,LAMPUNG,23189,LAMPUNG UTARA,23351,ABUNG SEMULI
22328,LAMPUNG,23189,LAMPUNG UTARA,23359,ABUNG SURAKARTA
22328,LAMPUNG,23189,LAMPUNG UTARA,23330,ABUNG TENGAH
22328,LAMPUNG,23189,LAMPUNG UTARA,23245,ABUNG TIMUR
22328,LAMPUNG,23189,LAMPUNG UTARA,23342,ABUNG TINGGI
22328,LAMPUNG,23189,LAMPUNG UTARA,23452,BLAMBANGAN PAGAR
22328,LAMPUNG,23189,LAMPUNG UTARA,23190,BUKIT KEMUNING
22328,LAMPUNG,23189,LAMPUNG UTARA,23381,BUNGA MAYANG
22328,LAMPUNG,23189,LAMPUNG UTARA,23393,HULU SUNGKAI
22328,LAMPUNG,23189,LAMPUNG UTARA,23199,KOTABUMI
22328,LAMPUNG,23189,LAMPUNG UTARA,23315,KOTABUMI SELATAN
22328,LAMPUNG,23189,LAMPUNG UTARA,23306,KOTABUMI UTARA
22328,LAMPUNG,23189,LAMPUNG UTARA,23369,MUARA SUNGKAI
22328,LAMPUNG,23189,LAMPUNG UTARA,23433,SUNGKAI BARAT
22328,LAMPUNG,23189,LAMPUNG UTARA,23423,SUNGKAI JAYA
22328,LAMPUNG,23189,LAMPUNG UTARA,23213,SUNGKAI SELATAN
22328,LAMPUNG,23189,LAMPUNG UTARA,23404,SUNGKAI TENGAH
22328,LAMPUNG,23189,LAMPUNG UTARA,23290,SUNGKAI UTARA
22328,LAMPUNG,23189,LAMPUNG UTARA,23225,TANJUNG RAJA
22328,LAMPUNG,22439,MESUJI,22440,MESUJI
22328,LAMPUNG,22439,MESUJI,22450,MESUJI TIMUR
22328,LAMPUNG,22439,MESUJI,22500,PANCA JAYA
22328,LAMPUNG,22439,MESUJI,22464,RAWA JITU UTARA
22328,LAMPUNG,22439,MESUJI,22490,SIMPANG PEMATANG
22328,LAMPUNG,22439,MESUJI,22508,TANJUNG RAYA
22328,LAMPUNG,22439,MESUJI,22476,WAY SERDANG
22328,LAMPUNG,24850,PESAWARAN,24851,GEDONG TATAAN
22328,LAMPUNG,24850,PESAWARAN,24972,KEDONDONG
22328,LAMPUNG,24850,PESAWARAN,83501,MARGA PUNDUH
22328,LAMPUNG,24850,PESAWARAN,24871,NEGERI KATON
22328,LAMPUNG,24850,PESAWARAN,24925,PADANG CERMIN
22328,LAMPUNG,24850,PESAWARAN,24949,PUNDUH PIDADA
22328,LAMPUNG,24850,PESAWARAN,24892,TEGINENENG
22328,LAMPUNG,24850,PESAWARAN,929206,TELUK PANDAN
22328,LAMPUNG,24850,PESAWARAN,83502,WAY KHILAU
22328,LAMPUNG,24850,PESAWARAN,24908,WAY LIMA
22328,LAMPUNG,24850,PESAWARAN,929207,WAY RATAI
22328,LAMPUNG,928071,PESISIR BARAT,23637,BANGKUNAT
22328,LAMPUNG,928071,PESISIR BARAT,23584,KARYA PENGGAWA
22328,LAMPUNG,928071,PESISIR BARAT,23651,KRUI SELATAN
22328,LAMPUNG,928071,PESISIR BARAT,23597,LEMONG
22328,LAMPUNG,928071,PESISIR BARAT,23627,NGAMBUR
22328,LAMPUNG,928071,PESISIR BARAT,23611,NGARAS
22328,LAMPUNG,928071,PESISIR BARAT,23461,PESISIR SELATAN
22328,LAMPUNG,928071,PESISIR BARAT,23477,PESISIR TENGAH
22328,LAMPUNG,928071,PESISIR BARAT,23486,PESISIR UTARA
22328,LAMPUNG,928071,PESISIR BARAT,83871,PULAUPISANG
22328,LAMPUNG,928071,PESISIR BARAT,23662,WAY KRUI
22328,LAMPUNG,22329,PRINGSEWU,22416,ADILUWIH
22328,LAMPUNG,22329,PRINGSEWU,22360,AMBARAWA
22328,LAMPUNG,22329,PRINGSEWU,22406,BANYUMAS
22328,LAMPUNG,22329,PRINGSEWU,22344,GADING REJO
22328,LAMPUNG,22329,PRINGSEWU,22381,PAGELARAN
22328,LAMPUNG,22329,PRINGSEWU,83503,PAGELARAN UTARA
22328,LAMPUNG,22329,PRINGSEWU,22368,PARDASUKA
22328,LAMPUNG,22329,PRINGSEWU,22330,PRINGSEWU
22328,LAMPUNG,22329,PRINGSEWU,22425,SUKOHARJO
22328,LAMPUNG,23903,TANGGAMUS,24175,AIR NANINGAN
22328,LAMPUNG,23903,TANGGAMUS,24164,BANDAR NEGERI SEMUONG
22328,LAMPUNG,23903,TANGGAMUS,24185,BULOK
22328,LAMPUNG,23903,TANGGAMUS,23983,CUKUH BALAK
22328,LAMPUNG,23903,TANGGAMUS,24132,GISTING
22328,LAMPUNG,23903,TANGGAMUS,24141,GUNUNG ALIP
22328,LAMPUNG,23903,TANGGAMUS,24094,KLUMBAYAN
22328,LAMPUNG,23903,TANGGAMUS,24195,KLUMBAYAN BARAT
22328,LAMPUNG,23903,TANGGAMUS,23904,KOTA AGUNG
22328,LAMPUNG,23903,TANGGAMUS,24103,KOTA AGUNG BARAT
22328,LAMPUNG,23903,TANGGAMUS,24120,KOTA AGUNG TIMUR
22328,LAMPUNG,23903,TANGGAMUS,24153,LIMAU
22328,LAMPUNG,23903,TANGGAMUS,24080,PEMATANG SAWA
22328,LAMPUNG,23903,TANGGAMUS,24002,PUGUNG
22328,LAMPUNG,23903,TANGGAMUS,23964,PULAU PANGGUNG
22328,LAMPUNG,23903,TANGGAMUS,24029,SEMAKA
22328,LAMPUNG,23903,TANGGAMUS,24050,SUMBER REJO
22328,LAMPUNG,23903,TANGGAMUS,23920,TALANG PADANG
22328,LAMPUNG,23903,TANGGAMUS,24064,ULU BELU
22328,LAMPUNG,23903,TANGGAMUS,23940,WONOSOBO
22328,LAMPUNG,23737,TULANG BAWANG,23760,BANJAR AGUNG
22328,LAMPUNG,23737,TULANG BAWANG,23879,BANJAR BARU
22328,LAMPUNG,23737,TULANG BAWANG,23820,BANJAR MARGO
22328,LAMPUNG,23737,TULANG BAWANG,23867,DENTE TELADAS
22328,LAMPUNG,23737,TULANG BAWANG,23749,GEDUNG AJI
22328,LAMPUNG,23737,TULANG BAWANG,23862,GEDUNG AJI BARU
22328,LAMPUNG,23737,TULANG BAWANG,23773,GEDUNG MENENG
22328,LAMPUNG,23737,TULANG BAWANG,23738,MENGGALA
22328,LAMPUNG,23737,TULANG BAWANG,23890,MENGGALA TIMUR
22328,LAMPUNG,23737,TULANG BAWANG,23853,MERAKSA AJI
22328,LAMPUNG,23737,TULANG BAWANG,23843,PENAWAR AJI
22328,LAMPUNG,23737,TULANG BAWANG,23796,PENAWAR TAMA
22328,LAMPUNG,23737,TULANG BAWANG,23785,RAWA JITU SELATAN
22328,LAMPUNG,23737,TULANG BAWANG,23811,RAWA JITU TIMUR
22328,LAMPUNG,23737,TULANG BAWANG,23833,RAWA PITU
22328,LAMPUNG,22522,TULANG BAWANG BARAT,930076,BATU PUTIH
22328,LAMPUNG,22522,TULANG BAWANG BARAT,22587,GUNUNG AGUNG
22328,LAMPUNG,22522,TULANG BAWANG BARAT,22548,GUNUNG TERANG
22328,LAMPUNG,22522,TULANG BAWANG BARAT,22560,LAMBU KIBANG
22328,LAMPUNG,22522,TULANG BAWANG BARAT,22581,PAGAR DEWA
22328,LAMPUNG,22522,TULANG BAWANG BARAT,22523,TULANG BAWANG TENGAH
22328,LAMPUNG,22522,TULANG BAWANG BARAT,22538,TULANG BAWANG UDIK
22328,LAMPUNG,22522,TULANG BAWANG BARAT,22569,TUMIJAJAR
22328,LAMPUNG,22522,TULANG BAWANG BARAT,22598,WAY KENANGA
22328,LAMPUNG,24484,WAY KANAN,24573,BAHUGA
22328,LAMPUNG,24484,WAY KANAN,24529,BANJIT
22328,LAMPUNG,24484,WAY KANAN,24550,BARADATU
22328,LAMPUNG,24484,WAY KANAN,24485,BLAMBANGAN UMPU
22328,LAMPUNG,24484,WAY KANAN,24691,BUAY BAHUGA
22328,LAMPUNG,24484,WAY KANAN,24699,BUMI AGUNG
22328,LAMPUNG,24484,WAY KANAN,24645,GUNUNG LABUHAN
22328,LAMPUNG,24484,WAY KANAN,24510,KASUI
22328,LAMPUNG,24484,WAY KANAN,24665,NEGARA BATIN
22328,LAMPUNG,24484,WAY KANAN,24602,NEGERI AGUNG
22328,LAMPUNG,24484,WAY KANAN,24680,NEGERI BESAR
22328,LAMPUNG,24484,WAY KANAN,24582,PAKUAN RATU
22328,LAMPUNG,24484,WAY KANAN,24634,REBANG TANGKAS
22328,LAMPUNG,24484,WAY KANAN,24621,WAY TUBA
24993,KEPULAUAN BANGKA BELITUNG,24994,BANGKA,25044,BAKAM
24993,KEPULAUAN BANGKA BELITUNG,24994,BANGKA,25003,BELINYU
24993,KEPULAUAN BANGKA BELITUNG,24994,BANGKA,25023,MENDO BARAT
24993,KEPULAUAN BANGKA BELITUNG,24994,BANGKA,25012,MERAWANG
24993,KEPULAUAN BANGKA BELITUNG,24994,BANGKA,25037,PEMALI
24993,KEPULAUAN BANGKA BELITUNG,24994,BANGKA,25064,PUDING BESAR
24993,KEPULAUAN BANGKA BELITUNG,24994,BANGKA,25054,RIAU SILIP
24993,KEPULAUAN BANGKA BELITUNG,24994,BANGKA,24995,SUNGAILIAT
24993,KEPULAUAN BANGKA BELITUNG,25245,BANGKA BARAT,25268,JEBUS
24993,KEPULAUAN BANGKA BELITUNG,25245,BANGKA BARAT,25280,KELAPA
24993,KEPULAUAN BANGKA BELITUNG,25245,BANGKA BARAT,25246,MUNTOK
24993,KEPULAUAN BANGKA BELITUNG,25245,BANGKA BARAT,25305,PARITTIGA
24993,KEPULAUAN BANGKA BELITUNG,25245,BANGKA BARAT,25254,SIMPANG TERITIP
24993,KEPULAUAN BANGKA BELITUNG,25245,BANGKA BARAT,25295,TEMPILANG
24993,KEPULAUAN BANGKA BELITUNG,25120,BANGKA SELATAN,25140,AIR GEGAS
24993,KEPULAUAN BANGKA BELITUNG,25120,BANGKA SELATAN,83511,KEPULAUAN PONGOK
24993,KEPULAUAN BANGKA BELITUNG,25120,BANGKA SELATAN,25133,LEPAR PONGOK
24993,KEPULAUAN BANGKA BELITUNG,25120,BANGKA SELATAN,25159,PAYUNG
24993,KEPULAUAN BANGKA BELITUNG,25120,BANGKA SELATAN,25175,PULAUBESAR
24993,KEPULAUAN BANGKA BELITUNG,25120,BANGKA SELATAN,25151,SIMPANG RIMBA
24993,KEPULAUAN BANGKA BELITUNG,25120,BANGKA SELATAN,25121,TOBOALI
24993,KEPULAUAN BANGKA BELITUNG,25120,BANGKA SELATAN,25169,TUKAK SADAI
24993,KEPULAUAN BANGKA BELITUNG,25181,BANGKA TENGAH,25182,KOBA
24993,KEPULAUAN BANGKA BELITUNG,25181,BANGKA TENGAH,25236,LUBUK BESAR
24993,KEPULAUAN BANGKA BELITUNG,25181,BANGKA TENGAH,25228,NAMANG
24993,KEPULAUAN BANGKA BELITUNG,25181,BANGKA TENGAH,25194,PANGKALAN BARU
24993,KEPULAUAN BANGKA BELITUNG,25181,BANGKA TENGAH,25217,SIMPANG KATIS
24993,KEPULAUAN BANGKA BELITUNG,25181,BANGKA TENGAH,25205,SUNGAI SELAN
24993,KEPULAUAN BANGKA BELITUNG,25072,BELITUNG,25113,BADAU
24993,KEPULAUAN BANGKA BELITUNG,25072,BELITUNG,25086,MEMBALONG
24993,KEPULAUAN BANGKA BELITUNG,25072,BELITUNG,25099,SELAT NASIK
24993,KEPULAUAN BANGKA BELITUNG,25072,BELITUNG,25104,SIJUK
24993,KEPULAUAN BANGKA BELITUNG,25072,BELITUNG,25073,TANJUNG PANDAN
24993,KEPULAUAN BANGKA BELITUNG,25316,BELITUNG TIMUR,25347,DAMAR
24993,KEPULAUAN BANGKA BELITUNG,25316,BELITUNG TIMUR,25335,DENDANG
24993,KEPULAUAN BANGKA BELITUNG,25316,BELITUNG TIMUR,25327,GANTUNG
24993,KEPULAUAN BANGKA BELITUNG,25316,BELITUNG TIMUR,25340,KELAPA KAMPIT
24993,KEPULAUAN BANGKA BELITUNG,25316,BELITUNG TIMUR,25317,MANGGAR
24993,KEPULAUAN BANGKA BELITUNG,25316,BELITUNG TIMUR,25358,SIMPANG PESAK
24993,KEPULAUAN BANGKA BELITUNG,25316,BELITUNG TIMUR,25353,SIMPANG RENGGIANG
24993,KEPULAUAN BANGKA BELITUNG,25363,KOTA PANGKALPINANG,25364,BUKITINTAN
24993,KEPULAUAN BANGKA BELITUNG,25363,KOTA PANGKALPINANG,83512,GABEK
24993,KEPULAUAN BANGKA BELITUNG,25363,KOTA PANGKALPINANG,25398,GERUNGGANG
24993,KEPULAUAN BANGKA BELITUNG,25363,KOTA PANGKALPINANG,83513,GIRIMAYA
24993,KEPULAUAN BANGKA BELITUNG,25363,KOTA PANGKALPINANG,25377,PANGKAL BALAM
24993,KEPULAUAN BANGKA BELITUNG,25363,KOTA PANGKALPINANG,25388,RANGKUI
24993,KEPULAUAN BANGKA BELITUNG,25363,KOTA PANGKALPINANG,25372,TAMAN SARI
25405,KEPULAUAN RIAU,25471,BINTAN,25522,BINTAN PESISIR
25405,KEPULAUAN RIAU,25471,BINTAN,25477,BINTAN TIMUR
25405,KEPULAUAN RIAU,25471,BINTAN,25482,BINTAN UTARA
25405,KEPULAUAN RIAU,25471,BINTAN,25472,GUNUNG KIJANG
25405,KEPULAUAN RIAU,25471,BINTAN,25517,MANTANG
25405,KEPULAUAN RIAU,25471,BINTAN,25527,SERI KUALA LOBAM
25405,KEPULAUAN RIAU,25471,BINTAN,25495,TAMBELAN
25405,KEPULAUAN RIAU,25471,BINTAN,25504,TELOK SEBONG
25405,KEPULAUAN RIAU,25471,BINTAN,25488,TELUK BINTAN
25405,KEPULAUAN RIAU,25471,BINTAN,25512,TOAPAYA
25405,KEPULAUAN RIAU,25533,KARIMUN,83516,BELAT
25405,KEPULAUAN RIAU,25533,KARIMUN,25572,BURU
25405,KEPULAUAN RIAU,25533,KARIMUN,25592,DURAI
25405,KEPULAUAN RIAU,25533,KARIMUN,25551,KARIMUN
25405,KEPULAUAN RIAU,25533,KARIMUN,25542,KUNDUR
25405,KEPULAUAN RIAU,25533,KARIMUN,25586,KUNDUR BARAT
25405,KEPULAUAN RIAU,25533,KARIMUN,25577,KUNDUR UTARA
25405,KEPULAUAN RIAU,25533,KARIMUN,25558,MERAL
25405,KEPULAUAN RIAU,25533,KARIMUN,83514,MERAL BARAT
25405,KEPULAUAN RIAU,25533,KARIMUN,25534,MORO
25405,KEPULAUAN RIAU,25533,KARIMUN,25564,TEBING
25405,KEPULAUAN RIAU,25533,KARIMUN,83515,UNGAR
25405,KEPULAUAN RIAU,25429,KEPULAUAN ANAMBAS,25459,JEMAJA
25405,KEPULAUAN RIAU,25429,KEPULAUAN ANAMBAS,25454,JEMAJA TIMUR
25405,KEPULAUAN RIAU,25429,KEPULAUAN ANAMBAS,25433,PALMATAK
25405,KEPULAUAN RIAU,25429,KEPULAUAN ANAMBAS,25430,SIANTAN
25405,KEPULAUAN RIAU,25429,KEPULAUAN ANAMBAS,25447,SIANTAN SELATAN
25405,KEPULAUAN RIAU,25429,KEPULAUAN ANAMBAS,25467,SIANTAN TENGAH
25405,KEPULAUAN RIAU,25429,KEPULAUAN ANAMBAS,25443,SIANTAN TIMUR
25405,KEPULAUAN RIAU,25746,KOTA BATAM,25804,BATAM KOTA
25405,KEPULAUAN RIAU,25746,KOTA BATAM,25818,BATU AJI
25405,KEPULAUAN RIAU,25746,KOTA BATAM,25754,BATU AMPAR
25405,KEPULAUAN RIAU,25746,KOTA BATAM,25747,BELAKANG PADANG
25405,KEPULAUAN RIAU,25746,KOTA BATAM,25799,BENGKONG
25405,KEPULAUAN RIAU,25746,KOTA BATAM,25772,BULANG
25405,KEPULAUAN RIAU,25746,KOTA BATAM,25790,GALANG
25405,KEPULAUAN RIAU,25746,KOTA BATAM,25779,LUBUK BAJA
25405,KEPULAUAN RIAU,25746,KOTA BATAM,25767,NONGSA
25405,KEPULAUAN RIAU,25746,KOTA BATAM,25811,SAGULUNG
25405,KEPULAUAN RIAU,25746,KOTA BATAM,25785,SEI BEDUK
25405,KEPULAUAN RIAU,25746,KOTA BATAM,25759,SEKUPANG
25405,KEPULAUAN RIAU,25406,KOTA TANJUNGPINANG,25423,BUKIT BESTARI
25405,KEPULAUAN RIAU,25406,KOTA TANJUNGPINANG,25407,TANJUNG PINANG BARAT
25405,KEPULAUAN RIAU,25406,KOTA TANJUNGPINANG,25418,TANJUNG PINANG KOTA
25405,KEPULAUAN RIAU,25406,KOTA TANJUNGPINANG,25412,TANJUNG PINANG TIMUR
25405,KEPULAUAN RIAU,25683,LINGGA,930100,KEPULAUAN POSEK
25405,KEPULAUAN RIAU,25683,LINGGA,25696,LINGGA
25405,KEPULAUAN RIAU,25683,LINGGA,83518,LINGGA TIMUR
25405,KEPULAUAN RIAU,25683,LINGGA,25727,LINGGA UTARA
25405,KEPULAUAN RIAU,25683,LINGGA,83519,SELAYAR
25405,KEPULAUAN RIAU,25683,LINGGA,25715,SENAYANG
25405,KEPULAUAN RIAU,25683,LINGGA,25684,SINGKEP
25405,KEPULAUAN RIAU,25683,LINGGA,25736,SINGKEP BARAT
25405,KEPULAUAN RIAU,25683,LINGGA,83517,SINGKEP PESISIR
25405,KEPULAUAN RIAU,25683,LINGGA,928085,SINGKEP SELATAN
25405,KEPULAUAN RIAU,25597,NATUNA,25605,BUNGURAN BARAT
25405,KEPULAUAN RIAU,25597,NATUNA,930097,BUNGURAN BATUBI
25405,KEPULAUAN RIAU,25597,NATUNA,25673,BUNGURAN SELATAN
25405,KEPULAUAN RIAU,25597,NATUNA,25669,BUNGURAN TENGAH
25405,KEPULAUAN RIAU,25597,NATUNA,25621,BUNGURAN TIMUR
25405,KEPULAUAN RIAU,25597,NATUNA,25661,BUNGURAN TIMUR LAUT
25405,KEPULAUAN RIAU,25597,NATUNA,25628,BUNGURAN UTARA
25405,KEPULAUAN RIAU,25597,NATUNA,25598,MIDAI
25405,KEPULAUAN RIAU,25597,NATUNA,25646,PULAU LAUT
25405,KEPULAUAN RIAU,25597,NATUNA,25650,PULAU TIGA
25405,KEPULAUAN RIAU,25597,NATUNA,930098,PULAU TIGA BARAT
25405,KEPULAUAN RIAU,25597,NATUNA,25615,SERASAN
25405,KEPULAUAN RIAU,25597,NATUNA,25678,SERASAN TIMUR
25405,KEPULAUAN RIAU,25597,NATUNA,930099,SUAK MIDAI
25405,KEPULAUAN RIAU,25597,NATUNA,25637,SUBI
25823,DKI JAKARTA,25924,JAKARTA BARAT,25925,CENGKARENG
25823,DKI JAKARTA,25924,JAKARTA BARAT,25932,GROGOL PETAMBURAN
25823,DKI JAKARTA,25924,JAKARTA BARAT,25969,KALIDERES
25823,DKI JAKARTA,25924,JAKARTA BARAT,25961,KEBON JERUK
25823,DKI JAKARTA,25924,JAKARTA BARAT,25982,KEMBANGAN
25823,DKI JAKARTA,25924,JAKARTA BARAT,25975,PALMERAH
25823,DKI JAKARTA,25924,JAKARTA BARAT,25940,TAMAN SARI
25823,DKI JAKARTA,25924,JAKARTA BARAT,25949,TAMBORA
25823,DKI JAKARTA,25833,JAKARTA PUSAT,25863,CEMPAKA PUTIH
25823,DKI JAKARTA,25833,JAKARTA PUSAT,25834,GAMBIR
25823,DKI JAKARTA,25833,JAKARTA PUSAT,25881,JOHAR BARU
25823,DKI JAKARTA,25833,JAKARTA PUSAT,25847,KEMAYORAN
25823,DKI JAKARTA,25833,JAKARTA PUSAT,25867,MENTENG
25823,DKI JAKARTA,25833,JAKARTA PUSAT,25841,SAWAH BESAR
25823,DKI JAKARTA,25833,JAKARTA PUSAT,25856,SENEN
25823,DKI JAKARTA,25833,JAKARTA PUSAT,25873,TANAH ABANG
25823,DKI JAKARTA,25989,JAKARTA SELATAN,26028,CILANDAK
25823,DKI JAKARTA,25989,JAKARTA SELATAN,26052,JAGAKARSA
25823,DKI JAKARTA,25989,JAKARTA SELATAN,26034,KEBAYORAN BARU
25823,DKI JAKARTA,25989,JAKARTA SELATAN,26021,KEBAYORAN LAMA
25823,DKI JAKARTA,25989,JAKARTA SELATAN,26007,MAMPANG PRAPATAN
25823,DKI JAKARTA,25989,JAKARTA SELATAN,26045,PANCORAN
25823,DKI JAKARTA,25989,JAKARTA SELATAN,26013,PASAR MINGGU
25823,DKI JAKARTA,25989,JAKARTA SELATAN,26059,PESANGGRAHAN
25823,DKI JAKARTA,25989,JAKARTA SELATAN,25998,SETIABUDI
25823,DKI JAKARTA,25989,JAKARTA SELATAN,25990,TEBET
25823,DKI JAKARTA,26065,JAKARTA TIMUR,26104,CAKUNG
25823,DKI JAKARTA,26065,JAKARTA TIMUR,26132,CIPAYUNG
25823,DKI JAKARTA,26065,JAKARTA TIMUR,26126,CIRACAS
25823,DKI JAKARTA,26065,JAKARTA TIMUR,26112,DUREN SAWIT
25823,DKI JAKARTA,26065,JAKARTA TIMUR,26081,JATINEGARA
25823,DKI JAKARTA,26065,JAKARTA TIMUR,26090,KRAMATJATI
25823,DKI JAKARTA,26065,JAKARTA TIMUR,26120,MAKASAR
25823,DKI JAKARTA,26065,JAKARTA TIMUR,26066,MATRAMAN
25823,DKI JAKARTA,26065,JAKARTA TIMUR,26098,PASAR REBO
25823,DKI JAKARTA,26065,JAKARTA TIMUR,26073,PULOGADUNG
25823,DKI JAKARTA,25886,JAKARTA UTARA,25908,CILINCING
25823,DKI JAKARTA,25886,JAKARTA UTARA,25920,KELAPA GADING
25823,DKI JAKARTA,25886,JAKARTA UTARA,25901,KOJA
25823,DKI JAKARTA,25886,JAKARTA UTARA,25916,PADEMANGAN
25823,DKI JAKARTA,25886,JAKARTA UTARA,25887,PENJARINGAN
25823,DKI JAKARTA,25886,JAKARTA UTARA,25893,TANJUNG PRIOK
25823,DKI JAKARTA,25824,KEPULAUAN SERIBU,25829,KEPULAUAN SERIBU SELATAN
25823,DKI JAKARTA,25824,KEPULAUAN SERIBU,25825,KEPULAUAN SERIBU UTARA
26141,JAWA BARAT,27407,BANDUNG,27500,ARJASARI
26141,JAWA BARAT,27407,BANDUNG,27603,BALEENDAH
26141,JAWA BARAT,27407,BANDUNG,27467,BANJARAN
26141,JAWA BARAT,27407,BANDUNG,27432,BOJONGSOANG
26141,JAWA BARAT,27407,BANDUNG,27694,CANGKUANG
26141,JAWA BARAT,27407,BANDUNG,27522,CICALENGKA
26141,JAWA BARAT,27407,BANDUNG,27542,CIKANCUNG
26141,JAWA BARAT,27407,BANDUNG,27425,CILENGKRANG
26141,JAWA BARAT,27407,BANDUNG,27408,CILEUNYI
26141,JAWA BARAT,27407,BANDUNG,27512,CIMAUNG
26141,JAWA BARAT,27407,BANDUNG,27415,CIMENYAN
26141,JAWA BARAT,27407,BANDUNG,27566,CIPARAY
26141,JAWA BARAT,27407,BANDUNG,27680,CIWIDEY
26141,JAWA BARAT,27407,BANDUNG,27460,DAYEUHKOLOT
26141,JAWA BARAT,27407,BANDUNG,27645,IBUN
26141,JAWA BARAT,27407,BANDUNG,27452,KATAPANG
26141,JAWA BARAT,27407,BANDUNG,27595,KERTASARI
26141,JAWA BARAT,27407,BANDUNG,27702,KUTAWARINGIN
26141,JAWA BARAT,27407,BANDUNG,27612,MAJALAYA
26141,JAWA BARAT,27407,BANDUNG,27445,MARGAASIH
26141,JAWA BARAT,27407,BANDUNG,27439,MARGAHAYU
26141,JAWA BARAT,27407,BANDUNG,27535,NAGREG
26141,JAWA BARAT,27407,BANDUNG,27581,PACET
26141,JAWA BARAT,27407,BANDUNG,27479,PAMEUNGPEUK
26141,JAWA BARAT,27407,BANDUNG,27486,PANGALENGAN
26141,JAWA BARAT,27407,BANDUNG,27632,PASEH
26141,JAWA BARAT,27407,BANDUNG,27669,PASIRJAMBU
26141,JAWA BARAT,27407,BANDUNG,27688,RANCABALI
26141,JAWA BARAT,27407,BANDUNG,27552,RANCAEKEK
26141,JAWA BARAT,27407,BANDUNG,27624,SOLOKANJERUK
26141,JAWA BARAT,27407,BANDUNG,27658,SOREANG
26141,JAWA BARAT,31896,BANDUNG BARAT,31994,BATUJAJAR
26141,JAWA BARAT,31896,BANDUNG BARAT,32008,CIHAMPELAS
26141,JAWA BARAT,31896,BANDUNG BARAT,31931,CIKALONGWETAN
26141,JAWA BARAT,31896,BANDUNG BARAT,32019,CILILIN
26141,JAWA BARAT,31896,BANDUNG BARAT,31970,CIPATAT
26141,JAWA BARAT,31896,BANDUNG BARAT,31945,CIPEUNDEUY
26141,JAWA BARAT,31896,BANDUNG BARAT,32031,CIPONGKOR
26141,JAWA BARAT,31896,BANDUNG BARAT,31922,CISARUA
26141,JAWA BARAT,31896,BANDUNG BARAT,32067,GUNUNGHALU
26141,JAWA BARAT,31896,BANDUNG BARAT,31897,LEMBANG
26141,JAWA BARAT,31896,BANDUNG BARAT,31958,NGAMPRAH
26141,JAWA BARAT,31896,BANDUNG BARAT,31983,PADALARANG
26141,JAWA BARAT,31896,BANDUNG BARAT,31914,PARONGPONG
26141,JAWA BARAT,31896,BANDUNG BARAT,32046,RONGGA
26141,JAWA BARAT,31896,BANDUNG BARAT,83521,SAGULING
26141,JAWA BARAT,31896,BANDUNG BARAT,32055,SINDANGKERTA
26141,JAWA BARAT,31685,BEKASI,31695,BABELAN
26141,JAWA BARAT,31685,BEKASI,31889,BOJONGMANGU
26141,JAWA BARAT,31685,BEKASI,31829,CABANGBUNGIN
26141,JAWA BARAT,31685,BEKASI,31881,CIBARUSAH
26141,JAWA BARAT,31685,BEKASI,31741,CIBITUNG
26141,JAWA BARAT,31685,BEKASI,31749,CIKARANG BARAT
26141,JAWA BARAT,31685,BEKASI,31865,CIKARANG PUSAT
26141,JAWA BARAT,31685,BEKASI,31857,CIKARANG SELATAN
26141,JAWA BARAT,31685,BEKASI,31782,CIKARANG TIMUR
26141,JAWA BARAT,31685,BEKASI,31761,CIKARANG UTARA
26141,JAWA BARAT,31685,BEKASI,31773,KARANG BAHAGIA
26141,JAWA BARAT,31685,BEKASI,31791,KEDUNG WARINGIN
26141,JAWA BARAT,31685,BEKASI,31838,MUARAGEMBONG
26141,JAWA BARAT,31685,BEKASI,31799,PEBAYURAN
26141,JAWA BARAT,31685,BEKASI,31872,SERANG BARU
26141,JAWA BARAT,31685,BEKASI,31845,SETU
26141,JAWA BARAT,31685,BEKASI,31813,SUKAKARYA
26141,JAWA BARAT,31685,BEKASI,31821,SUKATANI
26141,JAWA BARAT,31685,BEKASI,31705,SUKAWANGI
26141,JAWA BARAT,31685,BEKASI,31713,TAMBELANG
26141,JAWA BARAT,31685,BEKASI,31730,TAMBUN SELATAN
26141,JAWA BARAT,31685,BEKASI,31721,TAMBUN UTARA
26141,JAWA BARAT,31685,BEKASI,31686,TARUMAJAYA
26141,JAWA BARAT,26142,BOGOR,26196,BABAKAN MADANG
26141,JAWA BARAT,26142,BOGOR,26287,BOJONG GEDE
26141,JAWA BARAT,26142,BOGOR,26472,CARINGIN
26141,JAWA BARAT,26142,BOGOR,26234,CARIU
26141,JAWA BARAT,26142,BOGOR,26309,CIAMPEA
26141,JAWA BARAT,26142,BOGOR,26435,CIAWI
26141,JAWA BARAT,26142,BOGOR,26143,CIBINONG
26141,JAWA BARAT,26142,BOGOR,26323,CIBUNGBULANG
26141,JAWA BARAT,26142,BOGOR,26585,CIGOMBONG
26141,JAWA BARAT,26142,BOGOR,26409,CIGUDEG
26141,JAWA BARAT,26142,BOGOR,26485,CIJERUK
26141,JAWA BARAT,26142,BOGOR,26221,CILEUNGSI
26141,JAWA BARAT,26142,BOGOR,26495,CIOMAS
26141,JAWA BARAT,26142,BOGOR,26449,CISARUA
26141,JAWA BARAT,26142,BOGOR,26537,CISEENG
26141,JAWA BARAT,26142,BOGOR,26167,CITEUREUP
26141,JAWA BARAT,26142,BOGOR,26507,DRAMAGA
26141,JAWA BARAT,26142,BOGOR,26156,GUNUNG PUTRI
26141,JAWA BARAT,26142,BOGOR,26266,GUNUNG SINDUR
26141,JAWA BARAT,26142,BOGOR,26369,JASINGA
26141,JAWA BARAT,26142,BOGOR,26206,JONGGOL
26141,JAWA BARAT,26142,BOGOR,26277,KEMANG
26141,JAWA BARAT,26142,BOGOR,26527,KLAPANUNGGAL
26141,JAWA BARAT,26142,BOGOR,26297,LEUWILIANG
26141,JAWA BARAT,26142,BOGOR,26595,LEUWISADENG
26141,JAWA BARAT,26142,BOGOR,26460,MEGAMENDUNG
26141,JAWA BARAT,26142,BOGOR,26398,NANGGUNG
26141,JAWA BARAT,26142,BOGOR,26339,PAMIJAHAN
26141,JAWA BARAT,26142,BOGOR,26256,PARUNG
26141,JAWA BARAT,26142,BOGOR,26386,PARUNG PANJANG
26141,JAWA BARAT,26142,BOGOR,26548,RANCA BUNGUR
26141,JAWA BARAT,26142,BOGOR,26355,RUMPIN
26141,JAWA BARAT,26142,BOGOR,26556,SUKAJAYA
26141,JAWA BARAT,26142,BOGOR,26245,SUKAMAKMUR
26141,JAWA BARAT,26142,BOGOR,26182,SUKARAJA
26141,JAWA BARAT,26142,BOGOR,26577,TAJURHALANG
26141,JAWA BARAT,26142,BOGOR,26518,TAMANSARI
26141,JAWA BARAT,26142,BOGOR,26566,TANJUNGSARI
26141,JAWA BARAT,26142,BOGOR,26425,TENJO
26141,JAWA BARAT,26142,BOGOR,26604,TENJOLAYA
26141,JAWA BARAT,28573,CIAMIS,930103,BANJARANYAR
26141,JAWA BARAT,28573,CIAMIS,28760,BANJARSARI
26141,JAWA BARAT,28573,CIAMIS,28919,BAREGBEG
26141,JAWA BARAT,28573,CIAMIS,28574,CIAMIS
26141,JAWA BARAT,28573,CIAMIS,28618,CIDOLOG
26141,JAWA BARAT,28573,CIAMIS,28625,CIHAURBEUTI
26141,JAWA BARAT,28573,CIAMIS,28597,CIJEUNGJING
26141,JAWA BARAT,28573,CIAMIS,28587,CIKONENG
26141,JAWA BARAT,28573,CIAMIS,28891,CIMARAGAS
26141,JAWA BARAT,28573,CIAMIS,28688,CIPAKU
26141,JAWA BARAT,28573,CIAMIS,28897,CISAGA
26141,JAWA BARAT,28573,CIAMIS,28702,JATINAGARA
26141,JAWA BARAT,28573,CIAMIS,28661,KAWALI
26141,JAWA BARAT,28573,CIAMIS,28749,LAKBOK
26141,JAWA BARAT,28573,CIAMIS,28935,LUMBUNG
26141,JAWA BARAT,28573,CIAMIS,28782,PAMARICAN
26141,JAWA BARAT,28573,CIAMIS,28673,PANAWANGAN
26141,JAWA BARAT,28573,CIAMIS,28652,PANJALU
26141,JAWA BARAT,28573,CIAMIS,28637,PANUMBANGAN
26141,JAWA BARAT,28573,CIAMIS,28944,PURWADADI
26141,JAWA BARAT,28573,CIAMIS,28709,RAJADESA
26141,JAWA BARAT,28573,CIAMIS,28728,RANCAH
26141,JAWA BARAT,28573,CIAMIS,28609,SADANANYA
26141,JAWA BARAT,28573,CIAMIS,28909,SINDANGKASIH
26141,JAWA BARAT,28573,CIAMIS,28721,SUKADANA
26141,JAWA BARAT,28573,CIAMIS,28929,SUKAMANTRI
26141,JAWA BARAT,28573,CIAMIS,28742,TAMBAKSARI
26141,JAWA BARAT,27026,CIANJUR,27298,AGRABINTA
26141,JAWA BARAT,27026,CIANJUR,27091,BOJONGPICUNG
26141,JAWA BARAT,27026,CIANJUR,27211,CAMPAKA
26141,JAWA BARAT,27026,CIANJUR,27334,CAMPAKAMULYA
26141,JAWA BARAT,27026,CIANJUR,27027,CIANJUR
26141,JAWA BARAT,27026,CIANJUR,27051,CIBEBER
26141,JAWA BARAT,27026,CIANJUR,27274,CIBINONG
26141,JAWA BARAT,27026,CIANJUR,27309,CIDAUN
26141,JAWA BARAT,27026,CIANJUR,27367,CIJATI
26141,JAWA BARAT,27026,CIANJUR,27340,CIKADU
26141,JAWA BARAT,27026,CIANJUR,27169,CIKALONGKULON
26141,JAWA BARAT,27026,CIANJUR,27070,CILAKU
26141,JAWA BARAT,27026,CIANJUR,27359,CIPANAS
26141,JAWA BARAT,27026,CIANJUR,27081,CIRANJANG
26141,JAWA BARAT,27026,CIANJUR,27152,CUGENANG
26141,JAWA BARAT,27026,CIANJUR,27350,GEKBRONG
26141,JAWA BARAT,27026,CIANJUR,27389,HAURWANGI
26141,JAWA BARAT,27026,CIANJUR,27233,KADUPANDAK
26141,JAWA BARAT,27026,CIANJUR,27103,KARANGTENGAH
26141,JAWA BARAT,27026,CIANJUR,27377,LELES
26141,JAWA BARAT,27026,CIANJUR,27120,MANDE
26141,JAWA BARAT,27026,CIANJUR,27323,NARINGGUL
26141,JAWA BARAT,27026,CIANJUR,27144,PACET
26141,JAWA BARAT,27026,CIANJUR,27247,PAGELARAN
26141,JAWA BARAT,27026,CIANJUR,27398,PASIRKUDA
26141,JAWA BARAT,27026,CIANJUR,27288,SINDANGBARANG
26141,JAWA BARAT,27026,CIANJUR,27133,SUKALUYU
26141,JAWA BARAT,27026,CIANJUR,27200,SUKANAGARA
26141,JAWA BARAT,27026,CIANJUR,27188,SUKARESMI
26141,JAWA BARAT,27026,CIANJUR,27223,TAKOKAK
26141,JAWA BARAT,27026,CIANJUR,27261,TANGGEUNG
26141,JAWA BARAT,27026,CIANJUR,27039,WARUNGKONDANG
26141,JAWA BARAT,29369,CIREBON,29653,ARJAWINANGUN
26141,JAWA BARAT,29369,CIREBON,29482,ASTANAJAPURA
26141,JAWA BARAT,29369,CIREBON,29419,BABAKAN
26141,JAWA BARAT,29369,CIREBON,29517,BEBER
26141,JAWA BARAT,29369,CIREBON,29383,CILEDUG
26141,JAWA BARAT,29369,CIREBON,29675,CIWARINGIN
26141,JAWA BARAT,29369,CIREBON,29736,DEPOK
26141,JAWA BARAT,29369,CIREBON,29555,DUKUPUNTANG
26141,JAWA BARAT,29369,CIREBON,29722,GEBANG
26141,JAWA BARAT,29369,CIREBON,29697,GEGESIK
26141,JAWA BARAT,29369,CIREBON,29795,GEMPOL
26141,JAWA BARAT,29369,CIREBON,29804,GREGED
26141,JAWA BARAT,29369,CIREBON,29617,GUNUNG JATI
26141,JAWA BARAT,29369,CIREBON,29825,JAMBLANG
26141,JAWA BARAT,29369,CIREBON,29712,KALIWEDI
26141,JAWA BARAT,29369,CIREBON,29633,KAPETAKAN
26141,JAWA BARAT,29369,CIREBON,29434,KARANGSEMBUNG
26141,JAWA BARAT,29369,CIREBON,29765,KARANGWARENG
26141,JAWA BARAT,29369,CIREBON,29608,KEDAWUNG
26141,JAWA BARAT,29369,CIREBON,29643,KLANGENAN
26141,JAWA BARAT,29369,CIREBON,29443,LEMAHABANG
26141,JAWA BARAT,29369,CIREBON,29394,LOSARI
26141,JAWA BARAT,29369,CIREBON,29504,MUNDU
26141,JAWA BARAT,29369,CIREBON,29405,PABEDILAN
26141,JAWA BARAT,29369,CIREBON,29757,PABUARAN
26141,JAWA BARAT,29369,CIREBON,29569,PALIMANAN
26141,JAWA BARAT,29369,CIREBON,29494,PANGENAN
26141,JAWA BARAT,29369,CIREBON,29665,PANGURAGAN
26141,JAWA BARAT,29369,CIREBON,29749,PASALEMAN
26141,JAWA BARAT,29369,CIREBON,29784,PLERED
26141,JAWA BARAT,29369,CIREBON,29582,PLUMBON
26141,JAWA BARAT,29369,CIREBON,29471,SEDONG
26141,JAWA BARAT,29369,CIREBON,29540,SUMBER
26141,JAWA BARAT,29369,CIREBON,29815,SURANENGGALA
26141,JAWA BARAT,29369,CIREBON,29684,SUSUKAN
26141,JAWA BARAT,29369,CIREBON,29457,SUSUKAN LEBAK
26141,JAWA BARAT,29369,CIREBON,29528,TALUN
26141,JAWA BARAT,29369,CIREBON,29775,TENGAH TANI
26141,JAWA BARAT,29369,CIREBON,29370,WALED
26141,JAWA BARAT,29369,CIREBON,29598,WERU
26141,JAWA BARAT,27714,GARUT,28002,BANJARWANGI
26141,JAWA BARAT,27714,GARUT,27784,BANYURESMI
26141,JAWA BARAT,27714,GARUT,27922,BAYONGBONG
26141,JAWA BARAT,27714,GARUT,28136,BL. LIMBANGAN
26141,JAWA BARAT,27714,GARUT,28077,BUNGBULANG
26141,JAWA BARAT,27714,GARUT,28122,CARINGIN
26141,JAWA BARAT,27714,GARUT,28056,CIBALONG
26141,JAWA BARAT,27714,GARUT,27863,CIBATU
26141,JAWA BARAT,27714,GARUT,28159,CIBIUK
26141,JAWA BARAT,27714,GARUT,27940,CIGEDUG
26141,JAWA BARAT,27714,GARUT,28024,CIHURIP
26141,JAWA BARAT,27714,GARUT,27989,CIKAJANG
26141,JAWA BARAT,27714,GARUT,28067,CIKELET
26141,JAWA BARAT,27714,GARUT,27946,CILAWU
26141,JAWA BARAT,27714,GARUT,28114,CISEWU
26141,JAWA BARAT,27714,GARUT,28044,CISOMPET
26141,JAWA BARAT,27714,GARUT,27965,CISURUPAN
26141,JAWA BARAT,27714,GARUT,27715,GARUT KOTA
26141,JAWA BARAT,27714,GARUT,27839,KADUNGORA
26141,JAWA BARAT,27714,GARUT,27727,KARANGPAWITAN
26141,JAWA BARAT,27714,GARUT,27917,KARANGTENGAH
26141,JAWA BARAT,27714,GARUT,27875,KERSAMANAH
26141,JAWA BARAT,27714,GARUT,27826,LELES
26141,JAWA BARAT,27714,GARUT,27854,LEUWIGOONG
26141,JAWA BARAT,27714,GARUT,27881,MALANGBONG
26141,JAWA BARAT,27714,GARUT,28090,MEKARMUKTI
26141,JAWA BARAT,27714,GARUT,28095,PAKENJENG
26141,JAWA BARAT,27714,GARUT,28036,PAMEUNGPEUK
26141,JAWA BARAT,27714,GARUT,28108,PAMULIHAN
26141,JAWA BARAT,27714,GARUT,28165,PANGATIKAN
26141,JAWA BARAT,27714,GARUT,27813,PASIRWANGI
26141,JAWA BARAT,27714,GARUT,28029,PEUNDEUY
26141,JAWA BARAT,27714,GARUT,27800,SAMARANG
26141,JAWA BARAT,27714,GARUT,28151,SELAAWI
26141,JAWA BARAT,27714,GARUT,28014,SINGAJAYA
26141,JAWA BARAT,27714,GARUT,28174,SUCINARAJA
26141,JAWA BARAT,27714,GARUT,27982,SUKARESMI
26141,JAWA BARAT,27714,GARUT,27905,SUKAWENING
26141,JAWA BARAT,27714,GARUT,28128,TALEGONG
26141,JAWA BARAT,27714,GARUT,27757,TAROGONG KALER
26141,JAWA BARAT,27714,GARUT,27771,TAROGONG KIDUL
26141,JAWA BARAT,27714,GARUT,27748,WANARAJA
26141,JAWA BARAT,30503,INDRAMAYU,30765,ANJATAN
26141,JAWA BARAT,30503,INDRAMAYU,30720,ARAHAN
26141,JAWA BARAT,30503,INDRAMAYU,30658,BALONGAN
26141,JAWA BARAT,30503,INDRAMAYU,30556,BANGODUA
26141,JAWA BARAT,30503,INDRAMAYU,30756,BONGAS
26141,JAWA BARAT,30503,INDRAMAYU,30699,CANTIGI
26141,JAWA BARAT,30503,INDRAMAYU,30536,CIKEDUNG
26141,JAWA BARAT,30503,INDRAMAYU,30525,GABUSWETAN
26141,JAWA BARAT,30503,INDRAMAYU,30788,GANTAR
26141,JAWA BARAT,30503,INDRAMAYU,30504,HAURGEULIS
26141,JAWA BARAT,30503,INDRAMAYU,30669,INDRAMAYU
26141,JAWA BARAT,30503,INDRAMAYU,30642,JATIBARANG
26141,JAWA BARAT,30503,INDRAMAYU,30614,JUNTINYUAT
26141,JAWA BARAT,30503,INDRAMAYU,30742,KANDANGHAUR
26141,JAWA BARAT,30503,INDRAMAYU,30602,KARANGAMPEL
26141,JAWA BARAT,30503,INDRAMAYU,30813,KEDOKAN BUNDER
26141,JAWA BARAT,30503,INDRAMAYU,30576,KERTASEMAYA
26141,JAWA BARAT,30503,INDRAMAYU,30590,KRANGKENG
26141,JAWA BARAT,30503,INDRAMAYU,30515,KROYA
26141,JAWA BARAT,30503,INDRAMAYU,30544,LELEA
26141,JAWA BARAT,30503,INDRAMAYU,30707,LOHBENER
26141,JAWA BARAT,30503,INDRAMAYU,30729,LOSARANG
26141,JAWA BARAT,30503,INDRAMAYU,30821,PASEKAN
26141,JAWA BARAT,30503,INDRAMAYU,30842,PATROL
26141,JAWA BARAT,30503,INDRAMAYU,30688,SINDANG
26141,JAWA BARAT,30503,INDRAMAYU,30627,SLIYEG
26141,JAWA BARAT,30503,INDRAMAYU,30805,SUKAGUMIWANG
26141,JAWA BARAT,30503,INDRAMAYU,30779,SUKRA
26141,JAWA BARAT,30503,INDRAMAYU,30795,TERISI
26141,JAWA BARAT,30503,INDRAMAYU,30828,TUKDANA
26141,JAWA BARAT,30503,INDRAMAYU,30565,WIDASARI
26141,JAWA BARAT,31345,KARAWANG,31612,BANYUSARI
26141,JAWA BARAT,31345,KARAWANG,31419,BATUJAYA
26141,JAWA BARAT,31345,KARAWANG,31374,CIAMPEL
26141,JAWA BARAT,31345,KARAWANG,31455,CIBUAYA
26141,JAWA BARAT,31345,KARAWANG,31476,CIKAMPEK
26141,JAWA BARAT,31345,KARAWANG,31599,CILAMAYA KULON
26141,JAWA BARAT,31345,KARAWANG,31502,CILAMAYA WETAN
26141,JAWA BARAT,31345,KARAWANG,31674,CILEBAR
26141,JAWA BARAT,31345,KARAWANG,31487,JATISARI
26141,JAWA BARAT,31345,KARAWANG,31590,JAYAKERTA
26141,JAWA BARAT,31345,KARAWANG,31346,KARAWANG BARAT
26141,JAWA BARAT,31345,KARAWANG,31635,KARAWANG TIMUR
26141,JAWA BARAT,31345,KARAWANG,31382,KLARI
26141,JAWA BARAT,31345,KARAWANG,31625,KOTA BARU
26141,JAWA BARAT,31345,KARAWANG,31406,KUTAWALUYA
26141,JAWA BARAT,31345,KARAWANG,31555,LEMAHABANG
26141,JAWA BARAT,31345,KARAWANG,31582,MAJALAYA
26141,JAWA BARAT,31345,KARAWANG,31467,PAKISJAYA
26141,JAWA BARAT,31345,KARAWANG,31355,PANGKALAN
26141,JAWA BARAT,31345,KARAWANG,31442,PEDES
26141,JAWA BARAT,31345,KARAWANG,31665,PURWASARI
26141,JAWA BARAT,31345,KARAWANG,31541,RAWAMERTA
26141,JAWA BARAT,31345,KARAWANG,31396,RENGASDENGKLOK
26141,JAWA BARAT,31345,KARAWANG,31655,TEGALWARU
26141,JAWA BARAT,31345,KARAWANG,31526,TELAGASARI
26141,JAWA BARAT,31345,KARAWANG,31644,TELUKJAMBE BARAT
26141,JAWA BARAT,31345,KARAWANG,31364,TELUKJAMBE TIMUR
26141,JAWA BARAT,31345,KARAWANG,31567,TEMPURAN
26141,JAWA BARAT,31345,KARAWANG,31430,TIRTAJAYA
26141,JAWA BARAT,31345,KARAWANG,31515,TIRTAMULYA
26141,JAWA BARAT,32193,KOTA BANDUNG,32219,ANDIR
26141,JAWA BARAT,32193,KOTA BANDUNG,32319,ANTAPANI
26141,JAWA BARAT,32193,KOTA BANDUNG,32339,ARCAMANIK
26141,JAWA BARAT,32193,KOTA BANDUNG,32247,ASTANA ANYAR
26141,JAWA BARAT,32193,KOTA BANDUNG,32206,BABAKAN CIPARAY
26141,JAWA BARAT,32193,KOTA BANDUNG,32324,BANDUNG KIDUL
26141,JAWA BARAT,32193,KOTA BANDUNG,32286,BANDUNG KULON
26141,JAWA BARAT,32193,KOTA BANDUNG,32243,BANDUNG WETAN
26141,JAWA BARAT,32193,KOTA BANDUNG,32262,BATUNUNGGAL
26141,JAWA BARAT,32193,KOTA BANDUNG,32213,BOJONGLOA KALER
26141,JAWA BARAT,32193,KOTA BANDUNG,32302,BOJONGLOA KIDUL
26141,JAWA BARAT,32193,KOTA BANDUNG,32329,BUAHBATU
26141,JAWA BARAT,32193,KOTA BANDUNG,32309,CIBEUNYING KALER
26141,JAWA BARAT,32193,KOTA BANDUNG,32279,CIBEUNYING KIDUL
26141,JAWA BARAT,32193,KOTA BANDUNG,32344,CIBIRU
26141,JAWA BARAT,32193,KOTA BANDUNG,32226,CICENDO
26141,JAWA BARAT,32193,KOTA BANDUNG,32239,CIDADAP
26141,JAWA BARAT,32193,KOTA BANDUNG,32365,CINAMBO
26141,JAWA BARAT,32193,KOTA BANDUNG,32199,COBLONG
26141,JAWA BARAT,32193,KOTA BANDUNG,32355,GEDEBAGE
26141,JAWA BARAT,32193,KOTA BANDUNG,32295,KIARACONDONG
26141,JAWA BARAT,32193,KOTA BANDUNG,32271,LENGKONG
26141,JAWA BARAT,32193,KOTA BANDUNG,32370,MANDALAJATI
26141,JAWA BARAT,32193,KOTA BANDUNG,32360,PANYILEUKAN
26141,JAWA BARAT,32193,KOTA BANDUNG,32334,RANCASARI
26141,JAWA BARAT,32193,KOTA BANDUNG,32254,REGOL
26141,JAWA BARAT,32193,KOTA BANDUNG,32233,SUKAJADI
26141,JAWA BARAT,32193,KOTA BANDUNG,32194,SUKASARI
26141,JAWA BARAT,32193,KOTA BANDUNG,32314,SUMUR BANDUNG
26141,JAWA BARAT,32193,KOTA BANDUNG,32349,UJUNG BERUNG
26141,JAWA BARAT,32646,KOTA BANJAR,32647,BANJAR
26141,JAWA BARAT,32646,KOTA BANJAR,32669,LANGENSARI
26141,JAWA BARAT,32646,KOTA BANJAR,32655,PATARUMAN
26141,JAWA BARAT,32646,KOTA BANJAR,32664,PURWAHARJA
26141,JAWA BARAT,32403,KOTA BEKASI,32438,BANTAR GEBANG
26141,JAWA BARAT,32403,KOTA BEKASI,32409,BEKASI BARAT
26141,JAWA BARAT,32403,KOTA BEKASI,32422,BEKASI SELATAN
26141,JAWA BARAT,32403,KOTA BEKASI,32404,BEKASI TIMUR
26141,JAWA BARAT,32403,KOTA BEKASI,32415,BEKASI UTARA
26141,JAWA BARAT,32403,KOTA BEKASI,32449,JATIASIH
26141,JAWA BARAT,32403,KOTA BEKASI,32456,JATISAMPURNA
26141,JAWA BARAT,32403,KOTA BEKASI,32433,MEDAN SATRIA
26141,JAWA BARAT,32403,KOTA BEKASI,32462,MUSTIKA JAYA
26141,JAWA BARAT,32403,KOTA BEKASI,32443,PONDOK GEDE
26141,JAWA BARAT,32403,KOTA BEKASI,32467,PONDOK MELATI
26141,JAWA BARAT,32403,KOTA BEKASI,32428,RAWA LUMBU
26141,JAWA BARAT,32077,KOTA BOGOR,32114,BOGOR BARAT
26141,JAWA BARAT,32077,KOTA BOGOR,32078,BOGOR SELATAN
26141,JAWA BARAT,32077,KOTA BOGOR,32102,BOGOR TENGAH
26141,JAWA BARAT,32077,KOTA BOGOR,32095,BOGOR TIMUR
26141,JAWA BARAT,32077,KOTA BOGOR,32131,BOGOR UTARA
26141,JAWA BARAT,32077,KOTA BOGOR,32140,TANAH SAREAL
26141,JAWA BARAT,32547,KOTA CIMAHI,32548,CIMAHI SELATAN
26141,JAWA BARAT,32547,KOTA CIMAHI,32554,CIMAHI TENGAH
26141,JAWA BARAT,32547,KOTA CIMAHI,32561,CIMAHI UTARA
26141,JAWA BARAT,32375,KOTA CIREBON,32386,HARJAMUKTI
26141,JAWA BARAT,32375,KOTA CIREBON,32376,KEJAKSAN
26141,JAWA BARAT,32375,KOTA CIREBON,32397,KESAMBI
26141,JAWA BARAT,32375,KOTA CIREBON,32381,LEMAH WUNGKUK
26141,JAWA BARAT,32375,KOTA CIREBON,32392,PEKALIPAN
26141,JAWA BARAT,32472,KOTA DEPOK,32507,BEJI
26141,JAWA BARAT,32472,KOTA DEPOK,32539,BOJONGSARI
26141,JAWA BARAT,32472,KOTA DEPOK,32520,CILODONG
26141,JAWA BARAT,32472,KOTA DEPOK,32480,CIMANGGIS
26141,JAWA BARAT,32472,KOTA DEPOK,32526,CINERE
26141,JAWA BARAT,32472,KOTA DEPOK,32514,CIPAYUNG
26141,JAWA BARAT,32472,KOTA DEPOK,32495,LIMO
26141,JAWA BARAT,32472,KOTA DEPOK,32473,PANCORAN MAS
26141,JAWA BARAT,32472,KOTA DEPOK,32487,SAWANGAN
26141,JAWA BARAT,32472,KOTA DEPOK,32500,SUKMAJAYA
26141,JAWA BARAT,32472,KOTA DEPOK,32531,TAPOS
26141,JAWA BARAT,32152,KOTA SUKABUMI,32177,BAROS
26141,JAWA BARAT,32152,KOTA SUKABUMI,32188,CIBEUREUM
26141,JAWA BARAT,32152,KOTA SUKABUMI,32158,CIKOLE
26141,JAWA BARAT,32152,KOTA SUKABUMI,32165,CITAMIANG
26141,JAWA BARAT,32152,KOTA SUKABUMI,32153,GUNUNG PUYUH
26141,JAWA BARAT,32152,KOTA SUKABUMI,32182,LEMBURSITU
26141,JAWA BARAT,32152,KOTA SUKABUMI,32171,WARUDOYONG
26141,JAWA BARAT,32566,KOTA TASIKMALAYA,32631,BUNGURSARI
26141,JAWA BARAT,32566,KOTA TASIKMALAYA,32603,CIBEUREUM
26141,JAWA BARAT,32566,KOTA TASIKMALAYA,32567,CIHIDEUNG
26141,JAWA BARAT,32566,KOTA TASIKMALAYA,32574,CIPEDES
26141,JAWA BARAT,32566,KOTA TASIKMALAYA,32585,INDIHIANG
26141,JAWA BARAT,32566,KOTA TASIKMALAYA,32592,KAWALU
26141,JAWA BARAT,32566,KOTA TASIKMALAYA,32622,MANGKUBUMI
26141,JAWA BARAT,32566,KOTA TASIKMALAYA,32639,PURBARATU
26141,JAWA BARAT,32566,KOTA TASIKMALAYA,32613,TAMANSARI
26141,JAWA BARAT,32566,KOTA TASIKMALAYA,32579,TAWANG
26141,JAWA BARAT,28960,KUNINGAN,29082,CIAWIGEBANG
26141,JAWA BARAT,28960,KUNINGAN,29308,CIBEUREUM
26141,JAWA BARAT,28960,KUNINGAN,29005,CIBINGBIN
26141,JAWA BARAT,28960,KUNINGAN,29107,CIDAHU
26141,JAWA BARAT,28960,KUNINGAN,29357,CIGANDAMEKAR
26141,JAWA BARAT,28960,KUNINGAN,29206,CIGUGUR
26141,JAWA BARAT,28960,KUNINGAN,29284,CILEBAK
26141,JAWA BARAT,28960,KUNINGAN,29136,CILIMUS
26141,JAWA BARAT,28960,KUNINGAN,29273,CIMAHI
26141,JAWA BARAT,28960,KUNINGAN,28974,CINIRU
26141,JAWA BARAT,28960,KUNINGAN,29237,CIPICUNG
26141,JAWA BARAT,28960,KUNINGAN,28992,CIWARU
26141,JAWA BARAT,28960,KUNINGAN,29186,DARMA
26141,JAWA BARAT,28960,KUNINGAN,29047,GARAWANGI
26141,JAWA BARAT,28960,KUNINGAN,29292,HANTARA
26141,JAWA BARAT,28960,KUNINGAN,29120,JALAKSANA
26141,JAWA BARAT,28960,KUNINGAN,29262,JAPARA
26141,JAWA BARAT,28960,KUNINGAN,28961,KADUGEDE
26141,JAWA BARAT,28960,KUNINGAN,29301,KALIMANGGIS
26141,JAWA BARAT,28960,KUNINGAN,29317,KARANG KANCANA
26141,JAWA BARAT,28960,KUNINGAN,29171,KRAMATMULYA
26141,JAWA BARAT,28960,KUNINGAN,29065,KUNINGAN
26141,JAWA BARAT,28960,KUNINGAN,29033,LEBAKWANGI
26141,JAWA BARAT,28960,KUNINGAN,29016,LURAGUNG
26141,JAWA BARAT,28960,KUNINGAN,29327,MALEBER
26141,JAWA BARAT,28960,KUNINGAN,29150,MANDIRANCAN
26141,JAWA BARAT,28960,KUNINGAN,29228,NUSAHERANG
26141,JAWA BARAT,28960,KUNINGAN,29248,PANCALANG
26141,JAWA BARAT,28960,KUNINGAN,29217,PASAWAHAN
26141,JAWA BARAT,28960,KUNINGAN,29163,SELAJAMBE
26141,JAWA BARAT,28960,KUNINGAN,29344,SINDANG AGUNG
26141,JAWA BARAT,28960,KUNINGAN,28984,SUBANG
26141,JAWA BARAT,29834,MAJALENGKA,29899,ARGAPURA
26141,JAWA BARAT,29834,MAJALENGKA,30139,BANJARAN
26141,JAWA BARAT,29834,MAJALENGKA,29852,BANTARUJEG
26141,JAWA BARAT,29834,MAJALENGKA,30117,CIGASONG
26141,JAWA BARAT,29834,MAJALENGKA,29866,CIKIJING
26141,JAWA BARAT,29834,MAJALENGKA,30153,CINGAMBUL
26141,JAWA BARAT,29834,MAJALENGKA,30008,DAWUAN
26141,JAWA BARAT,29834,MAJALENGKA,30043,JATITUJUH
26141,JAWA BARAT,29834,MAJALENGKA,29991,JATIWANGI
26141,JAWA BARAT,29834,MAJALENGKA,30020,KADIPATEN
26141,JAWA BARAT,29834,MAJALENGKA,30167,KASOKANDEL
26141,JAWA BARAT,29834,MAJALENGKA,30028,KERTAJATI
26141,JAWA BARAT,29834,MAJALENGKA,29835,LEMAHSUGIH
26141,JAWA BARAT,29834,MAJALENGKA,29976,LEUWIMUNDING
26141,JAWA BARAT,29834,MAJALENGKA,30059,LIGUNG
26141,JAWA BARAT,29834,MAJALENGKA,29914,MAJA
26141,JAWA BARAT,29834,MAJALENGKA,29933,MAJALENGKA
26141,JAWA BARAT,29834,MAJALENGKA,30186,MALAUSMA
26141,JAWA BARAT,29834,MAJALENGKA,30103,PALASAH
26141,JAWA BARAT,29834,MAJALENGKA,30093,PANYINGKIRAN
26141,JAWA BARAT,29834,MAJALENGKA,29962,RAJAGALUH
26141,JAWA BARAT,29834,MAJALENGKA,30178,SINDANG
26141,JAWA BARAT,29834,MAJALENGKA,30128,SINDANGWANGI
26141,JAWA BARAT,29834,MAJALENGKA,29948,SUKAHAJI
26141,JAWA BARAT,29834,MAJALENGKA,30079,SUMBERJAYA
26141,JAWA BARAT,29834,MAJALENGKA,29882,TALAGA
26141,JAWA BARAT,927964,PANGANDARAN,28869,CIGUGUR
26141,JAWA BARAT,927964,PANGANDARAN,28849,CIJULANG
26141,JAWA BARAT,927964,PANGANDARAN,28857,CIMERAK
26141,JAWA BARAT,927964,PANGANDARAN,28811,KALIPUCANG
26141,JAWA BARAT,927964,PANGANDARAN,28877,LANGKAPLANCAR
26141,JAWA BARAT,927964,PANGANDARAN,28954,MANGUNJAYA
26141,JAWA BARAT,927964,PANGANDARAN,28796,PADAHERANG
26141,JAWA BARAT,927964,PANGANDARAN,28821,PANGANDARAN
26141,JAWA BARAT,927964,PANGANDARAN,28838,PARIGI
26141,JAWA BARAT,927964,PANGANDARAN,28830,SIDAMULIH
26141,JAWA BARAT,31135,PURWAKARTA,31284,BABAKANCIKAO
26141,JAWA BARAT,31135,PURWAKARTA,31269,BOJONG
26141,JAWA BARAT,31135,PURWAKARTA,31294,BUNGURSARI
26141,JAWA BARAT,31135,PURWAKARTA,31147,CAMPAKA
26141,JAWA BARAT,31135,PURWAKARTA,31305,CIBATU
26141,JAWA BARAT,31135,PURWAKARTA,31201,DARANGDAN
26141,JAWA BARAT,31135,PURWAKARTA,31158,JATILUHUR
26141,JAWA BARAT,31135,PURWAKARTA,31334,KIARAPEDES
26141,JAWA BARAT,31135,PURWAKARTA,31217,MANIIS
26141,JAWA BARAT,31135,PURWAKARTA,31256,PASAWAHAN
26141,JAWA BARAT,31135,PURWAKARTA,31169,PLERED
26141,JAWA BARAT,31135,PURWAKARTA,31322,PONDOKSALAM
26141,JAWA BARAT,31135,PURWAKARTA,31136,PURWAKARTA
26141,JAWA BARAT,31135,PURWAKARTA,31316,SUKASARI
26141,JAWA BARAT,31135,PURWAKARTA,31186,SUKATANI
26141,JAWA BARAT,31135,PURWAKARTA,31226,TEGALWARU
26141,JAWA BARAT,31135,PURWAKARTA,31240,WANAYASA
26141,JAWA BARAT,30851,SUBANG,30921,BINONG
26141,JAWA BARAT,30851,SUBANG,30966,BLANAKAN
26141,JAWA BARAT,30851,SUBANG,30931,CIASEM
26141,JAWA BARAT,30851,SUBANG,31118,CIATER
26141,JAWA BARAT,30851,SUBANG,31007,CIBOGO
26141,JAWA BARAT,30851,SUBANG,31028,CIJAMBE
26141,JAWA BARAT,30851,SUBANG,31053,CIKAUM
26141,JAWA BARAT,30851,SUBANG,31037,CIPEUNDEUY
26141,JAWA BARAT,30851,SUBANG,31017,CIPUNAGARA
26141,JAWA BARAT,30851,SUBANG,30860,CISALAK
26141,JAWA BARAT,30851,SUBANG,30987,COMPRENG
26141,JAWA BARAT,30851,SUBANG,31097,DAWUAN
26141,JAWA BARAT,30851,SUBANG,30958,JALANCAGAK
26141,JAWA BARAT,30851,SUBANG,30879,KALIJATI
26141,JAWA BARAT,30851,SUBANG,31088,KASOMALANG
26141,JAWA BARAT,30851,SUBANG,31045,LEGONKULON
26141,JAWA BARAT,30851,SUBANG,30890,PABUARAN
26141,JAWA BARAT,30851,SUBANG,30910,PAGADEN
26141,JAWA BARAT,30851,SUBANG,31108,PAGADEN BARAT
26141,JAWA BARAT,30851,SUBANG,30949,PAMANUKAN
26141,JAWA BARAT,30851,SUBANG,30996,PATOKBEUSI
26141,JAWA BARAT,30851,SUBANG,30899,PURWADADI
26141,JAWA BARAT,30851,SUBANG,31126,PUSAKAJAYA
26141,JAWA BARAT,30851,SUBANG,30941,PUSAKANAGARA
26141,JAWA BARAT,30851,SUBANG,30852,SAGALAHERANG
26141,JAWA BARAT,30851,SUBANG,31063,SERANGPANJANG
26141,JAWA BARAT,30851,SUBANG,30870,SUBANG
26141,JAWA BARAT,30851,SUBANG,31070,SUKASARI
26141,JAWA BARAT,30851,SUBANG,31078,TAMBAKDAHAN
26141,JAWA BARAT,30851,SUBANG,30976,TANJUNGSIANG
26141,JAWA BARAT,26611,SUKABUMI,26637,BANTAR GADUNG
26141,JAWA BARAT,26611,SUKABUMI,26740,BOJONG GENTENG
26141,JAWA BARAT,26611,SUKABUMI,26893,CARINGIN
26141,JAWA BARAT,26611,SUKABUMI,27020,CIAMBAR
26141,JAWA BARAT,26611,SUKABUMI,26709,CIBADAK
26141,JAWA BARAT,26611,SUKABUMI,26837,CIBITUNG
26141,JAWA BARAT,26611,SUKABUMI,26861,CICANTAYAN
26141,JAWA BARAT,26611,SUKABUMI,26753,CICURUG
26141,JAWA BARAT,26611,SUKABUMI,26999,CIDADAP
26141,JAWA BARAT,26611,SUKABUMI,26767,CIDAHU
26141,JAWA BARAT,26611,SUKABUMI,26993,CIDOLOG
26141,JAWA BARAT,26611,SUKABUMI,26808,CIEMAS
26141,JAWA BARAT,26611,SUKABUMI,26628,CIKAKAK
26141,JAWA BARAT,26611,SUKABUMI,26699,CIKEMBAR
26141,JAWA BARAT,26611,SUKABUMI,26657,CIKIDANG
26141,JAWA BARAT,26611,SUKABUMI,27013,CIMANGGU
26141,JAWA BARAT,26611,SUKABUMI,26844,CIRACAP
26141,JAWA BARAT,26611,SUKABUMI,26926,CIREUNGHAS
26141,JAWA BARAT,26611,SUKABUMI,26869,CISAAT
26141,JAWA BARAT,26611,SUKABUMI,26645,CISOLOK
26141,JAWA BARAT,26611,SUKABUMI,26986,CURUG KEMBAR
26141,JAWA BARAT,26611,SUKABUMI,26966,GEGER BITUNG
26141,JAWA BARAT,26611,SUKABUMI,26853,GUNUNG GURUH
26141,JAWA BARAT,26611,SUKABUMI,26797,JAMPANG KULON
26141,JAWA BARAT,26611,SUKABUMI,26676,JAMPANG TENGAH
26141,JAWA BARAT,26611,SUKABUMI,26784,KABANDUNGAN
26141,JAWA BARAT,26611,SUKABUMI,26883,KADUDAMPIT
26141,JAWA BARAT,26611,SUKABUMI,26776,KALAPA NUNGGAL
26141,JAWA BARAT,26611,SUKABUMI,26817,KALIBUNDER
26141,JAWA BARAT,26611,SUKABUMI,26920,KEBON PEDES
26141,JAWA BARAT,26611,SUKABUMI,26670,LENGKONG
26141,JAWA BARAT,26611,SUKABUMI,26720,NAGRAK
26141,JAWA BARAT,26611,SUKABUMI,26955,NYALINDUNG
26141,JAWA BARAT,26611,SUKABUMI,26939,PABUARAN
26141,JAWA BARAT,26611,SUKABUMI,26746,PARAKAN SALAK
26141,JAWA BARAT,26611,SUKABUMI,26731,PARUNG KUDA
26141,JAWA BARAT,26611,SUKABUMI,26612,PELABUHAN RATU
26141,JAWA BARAT,26611,SUKABUMI,26947,PURABAYA
26141,JAWA BARAT,26611,SUKABUMI,26974,SAGARANTEN
26141,JAWA BARAT,26611,SUKABUMI,26621,SIMPENAN
26141,JAWA BARAT,26611,SUKABUMI,26903,SUKABUMI
26141,JAWA BARAT,26611,SUKABUMI,26932,SUKALARANG
26141,JAWA BARAT,26611,SUKABUMI,26910,SUKARAJA
26141,JAWA BARAT,26611,SUKABUMI,26825,SURADE
26141,JAWA BARAT,26611,SUKABUMI,27004,TEGALBULEUD
26141,JAWA BARAT,26611,SUKABUMI,26791,WALURAN
26141,JAWA BARAT,26611,SUKABUMI,26688,WARUNG KIARA
26141,JAWA BARAT,30197,SUMEDANG,30304,BUAHDUA
26141,JAWA BARAT,30197,SUMEDANG,30237,CIBUGEL
26141,JAWA BARAT,30197,SUMEDANG,30447,CIMALAKA
26141,JAWA BARAT,30197,SUMEDANG,30352,CIMANGGUNG
26141,JAWA BARAT,30197,SUMEDANG,30462,CISARUA
26141,JAWA BARAT,30197,SUMEDANG,30245,CISITU
26141,JAWA BARAT,30197,SUMEDANG,30271,CONGGEANG
26141,JAWA BARAT,30197,SUMEDANG,30220,DARMARAJA
26141,JAWA BARAT,30197,SUMEDANG,30417,GANEAS
26141,JAWA BARAT,30197,SUMEDANG,30490,JATIGEDE
26141,JAWA BARAT,30197,SUMEDANG,30364,JATINANGOR
26141,JAWA BARAT,30197,SUMEDANG,30210,JATINUNGGAL
26141,JAWA BARAT,30197,SUMEDANG,30340,PAMULIHAN
26141,JAWA BARAT,30197,SUMEDANG,30284,PASEH
26141,JAWA BARAT,30197,SUMEDANG,30377,RANCAKALONG
26141,JAWA BARAT,30197,SUMEDANG,30256,SITURAJA
26141,JAWA BARAT,30197,SUMEDANG,30332,SUKASARI
26141,JAWA BARAT,30197,SUMEDANG,30388,SUMEDANG SELATAN
26141,JAWA BARAT,30197,SUMEDANG,30403,SUMEDANG UTARA
26141,JAWA BARAT,30197,SUMEDANG,30295,SURIAN
26141,JAWA BARAT,30197,SUMEDANG,30425,TANJUNGKERTA
26141,JAWA BARAT,30197,SUMEDANG,30437,TANJUNGMEDAR
26141,JAWA BARAT,30197,SUMEDANG,30319,TANJUNGSARI
26141,JAWA BARAT,30197,SUMEDANG,30470,TOMO
26141,JAWA BARAT,30197,SUMEDANG,30480,UJUNGJAYA
26141,JAWA BARAT,30197,SUMEDANG,30198,WADO
26141,JAWA BARAT,28182,TASIKMALAYA,28266,BANTARKALONG
26141,JAWA BARAT,28182,TASIKMALAYA,28275,BOJONGASIH
26141,JAWA BARAT,28182,TASIKMALAYA,28288,BOJONGGAMBIR
26141,JAWA BARAT,28182,TASIKMALAYA,28534,CIAWI
26141,JAWA BARAT,28182,TASIKMALAYA,28250,CIBALONG
26141,JAWA BARAT,28182,TASIKMALAYA,28445,CIGALONTANG
26141,JAWA BARAT,28182,TASIKMALAYA,28214,CIKALONG
26141,JAWA BARAT,28182,TASIKMALAYA,28240,CIKATOMAS
26141,JAWA BARAT,28182,TASIKMALAYA,28383,CINEAM
26141,JAWA BARAT,28182,TASIKMALAYA,28183,CIPATUJAH
26141,JAWA BARAT,28182,TASIKMALAYA,28494,CISAYONG
26141,JAWA BARAT,28182,TASIKMALAYA,28282,CULAMEGA
26141,JAWA BARAT,28182,TASIKMALAYA,28412,GUNUNGTANJUNG
26141,JAWA BARAT,28182,TASIKMALAYA,28525,JAMANIS
26141,JAWA BARAT,28182,TASIKMALAYA,28371,JATIWARAS
26141,JAWA BARAT,28182,TASIKMALAYA,28546,KADIPATEN
26141,JAWA BARAT,28182,TASIKMALAYA,28394,KARANGJAYA
26141,JAWA BARAT,28182,TASIKMALAYA,28199,KARANGNUNGGAL
26141,JAWA BARAT,28182,TASIKMALAYA,28462,LEUWISARI
26141,JAWA BARAT,28182,TASIKMALAYA,28431,MANGUNREJA
26141,JAWA BARAT,28182,TASIKMALAYA,28399,MANONJAYA
26141,JAWA BARAT,28182,TASIKMALAYA,28470,PADAKEMBANG
26141,JAWA BARAT,28182,TASIKMALAYA,28553,PAGERAGEUNG
26141,JAWA BARAT,28182,TASIKMALAYA,28228,PANCATENGAH
26141,JAWA BARAT,28182,TASIKMALAYA,28257,PARUNGPONTENG
26141,JAWA BARAT,28182,TASIKMALAYA,28335,PUSPAHIANG
26141,JAWA BARAT,28182,TASIKMALAYA,28516,RAJAPOLAH
26141,JAWA BARAT,28182,TASIKMALAYA,28322,SALAWU
26141,JAWA BARAT,28182,TASIKMALAYA,28361,SALOPA
26141,JAWA BARAT,28182,TASIKMALAYA,28476,SARIWANGI
26141,JAWA BARAT,28182,TASIKMALAYA,28420,SINGAPARNA
26141,JAWA BARAT,28182,TASIKMALAYA,28299,SODONGHILIR
26141,JAWA BARAT,28182,TASIKMALAYA,28508,SUKAHENING
26141,JAWA BARAT,28182,TASIKMALAYA,28352,SUKARAJA
26141,JAWA BARAT,28182,TASIKMALAYA,28438,SUKARAME
26141,JAWA BARAT,28182,TASIKMALAYA,28485,SUKARATU
26141,JAWA BARAT,28182,TASIKMALAYA,28564,SUKARESIK
26141,JAWA BARAT,28182,TASIKMALAYA,28344,TANJUNGJAYA
26141,JAWA BARAT,28182,TASIKMALAYA,28312,TARAJU
32676,JAWA TENGAH,33603,BANJARNEGARA,33730,BANJARMANGU
32676,JAWA TENGAH,33603,BANJARNEGARA,33679,BANJARNEGARA
32676,JAWA TENGAH,33603,BANJARNEGARA,33839,BATUR
32676,JAWA TENGAH,33603,BANJARNEGARA,33660,BAWANG
32676,JAWA TENGAH,33603,BANJARNEGARA,33866,KALIBENING
32676,JAWA TENGAH,33603,BANJARNEGARA,33790,KARANGKOBAR
32676,JAWA TENGAH,33603,BANJARNEGARA,33709,MADUKARA
32676,JAWA TENGAH,33603,BANJARNEGARA,33629,MANDIRAJA
32676,JAWA TENGAH,33603,BANJARNEGARA,33892,PAGEDONGAN
32676,JAWA TENGAH,33603,BANJARNEGARA,33804,PAGENTAN
32676,JAWA TENGAH,33603,BANJARNEGARA,33883,PANDANARUM
32676,JAWA TENGAH,33603,BANJARNEGARA,33821,PEJAWARAN
32676,JAWA TENGAH,33603,BANJARNEGARA,33772,PUNGGELAN
32676,JAWA TENGAH,33603,BANJARNEGARA,33646,PURWONEGORO
32676,JAWA TENGAH,33603,BANJARNEGARA,33620,PURWOREJO KLAMPOK
32676,JAWA TENGAH,33603,BANJARNEGARA,33760,RAKIT
32676,JAWA TENGAH,33603,BANJARNEGARA,33693,SIGALUH
32676,JAWA TENGAH,33603,BANJARNEGARA,33604,SUSUKAN
32676,JAWA TENGAH,33603,BANJARNEGARA,33748,WANADADI
32676,JAWA TENGAH,33603,BANJARNEGARA,33848,WANAYASA
32676,JAWA TENGAH,32986,BANYUMAS,33151,AJIBARANG
32676,JAWA TENGAH,32986,BANYUMAS,33113,BANYUMAS
32676,JAWA TENGAH,32986,BANYUMAS,33286,BATURADEN
32676,JAWA TENGAH,32986,BANYUMAS,33195,CILONGOK
32676,JAWA TENGAH,32986,BANYUMAS,33167,GUMELAR
32676,JAWA TENGAH,32986,BANYUMAS,33011,JATILAWANG
32676,JAWA TENGAH,32986,BANYUMAS,33100,KALIBAGOR
32676,JAWA TENGAH,32986,BANYUMAS,33216,KARANG LEWAS
32676,JAWA TENGAH,32986,BANYUMAS,33033,KEBASEN
32676,JAWA TENGAH,32986,BANYUMAS,33299,KEDUNG BANTENG
32676,JAWA TENGAH,32986,BANYUMAS,33249,KEMBARAN
32676,JAWA TENGAH,32986,BANYUMAS,33046,KEMRANJEN
32676,JAWA TENGAH,32986,BANYUMAS,32987,LUMBIR
32676,JAWA TENGAH,32986,BANYUMAS,33126,PATIKRAJA
32676,JAWA TENGAH,32986,BANYUMAS,33178,PEKUNCEN
32676,JAWA TENGAH,32986,BANYUMAS,33140,PURWOJATI
32676,JAWA TENGAH,32986,BANYUMAS,33322,PURWOKERTO BARAT
32676,JAWA TENGAH,32986,BANYUMAS,33314,PURWOKERTO SELATAN
32676,JAWA TENGAH,32986,BANYUMAS,33330,PURWOKERTO TIMUR
32676,JAWA TENGAH,32986,BANYUMAS,33337,PURWOKERTO UTARA
32676,JAWA TENGAH,32986,BANYUMAS,33023,RAWALO
32676,JAWA TENGAH,32986,BANYUMAS,33230,SOKARAJA
32676,JAWA TENGAH,32986,BANYUMAS,33090,SOMAGEDE
32676,JAWA TENGAH,32986,BANYUMAS,33266,SUMBANG
32676,JAWA TENGAH,32986,BANYUMAS,33062,SUMPIUH
32676,JAWA TENGAH,32986,BANYUMAS,33077,TAMBAK
32676,JAWA TENGAH,32986,BANYUMAS,32998,WANGON
32676,JAWA TENGAH,40053,BATANG,40070,BANDAR
32676,JAWA TENGAH,40053,BATANG,40305,BANYUPUTIH
32676,JAWA TENGAH,40053,BATANG,40239,BATANG
32676,JAWA TENGAH,40053,BATANG,40127,BAWANG
32676,JAWA TENGAH,40053,BATANG,40088,BLADO
32676,JAWA TENGAH,40053,BATANG,40169,GRINGSING
32676,JAWA TENGAH,40053,BATANG,40280,KANDEMAN
32676,JAWA TENGAH,40053,BATANG,40185,LIMPUNG
32676,JAWA TENGAH,40053,BATANG,40294,PECALUNGAN
32676,JAWA TENGAH,40053,BATANG,40107,REBAN
32676,JAWA TENGAH,40053,BATANG,40203,SUBAH
32676,JAWA TENGAH,40053,BATANG,40148,TERSONO
32676,JAWA TENGAH,40053,BATANG,40221,TULIS
32676,JAWA TENGAH,40053,BATANG,40261,WARUNGASEM
32676,JAWA TENGAH,40053,BATANG,40054,WONOTUNGGAL
32676,JAWA TENGAH,37514,BLORA,37688,BANJAREJO
32676,JAWA TENGAH,37514,BLORA,37643,BLORA
32676,JAWA TENGAH,37514,BLORA,37792,BOGOREJO
32676,JAWA TENGAH,37514,BLORA,37576,CEPU
32676,JAWA TENGAH,37514,BLORA,37807,JAPAH
32676,JAWA TENGAH,37514,BLORA,37515,JATI
32676,JAWA TENGAH,37514,BLORA,37617,JEPON
32676,JAWA TENGAH,37514,BLORA,37605,JIKEN
32676,JAWA TENGAH,37514,BLORA,37558,KEDUNGTUBAN
32676,JAWA TENGAH,37514,BLORA,37547,KRADENAN
32676,JAWA TENGAH,37514,BLORA,37739,KUNDURAN
32676,JAWA TENGAH,37514,BLORA,37709,NGAWEN
32676,JAWA TENGAH,37514,BLORA,37528,RANDUBLATUNG
32676,JAWA TENGAH,37514,BLORA,37594,SAMBONG
32676,JAWA TENGAH,37514,BLORA,37766,TODANAN
32676,JAWA TENGAH,37514,BLORA,37672,TUNJUNGAN
32676,JAWA TENGAH,35575,BOYOLALI,35587,AMPEL
32676,JAWA TENGAH,35575,BOYOLALI,35801,ANDONG
32676,JAWA TENGAH,35575,BOYOLALI,35696,BANYUDONO
32676,JAWA TENGAH,35575,BOYOLALI,35645,BOYOLALI
32676,JAWA TENGAH,35575,BOYOLALI,35608,CEPOGO
32676,JAWA TENGAH,35575,BOYOLALI,35851,JUWANGI
32676,JAWA TENGAH,35575,BOYOLALI,35770,KARANGGEDE
32676,JAWA TENGAH,35575,BOYOLALI,35818,KEMUSU
32676,JAWA TENGAH,35575,BOYOLALI,35787,KLEGO
32676,JAWA TENGAH,35575,BOYOLALI,35655,MOJOSONGO
32676,JAWA TENGAH,35575,BOYOLALI,35624,MUSUK
32676,JAWA TENGAH,35575,BOYOLALI,35729,NGEMPLAK
32676,JAWA TENGAH,35575,BOYOLALI,35742,NOGOSARI
32676,JAWA TENGAH,35575,BOYOLALI,35712,SAMBI
32676,JAWA TENGAH,35575,BOYOLALI,35683,SAWIT
32676,JAWA TENGAH,35575,BOYOLALI,35576,SELO
32676,JAWA TENGAH,35575,BOYOLALI,35756,SIMO
32676,JAWA TENGAH,35575,BOYOLALI,35669,TERAS
32676,JAWA TENGAH,35575,BOYOLALI,35832,WONOSEGORO
32676,JAWA TENGAH,41165,BREBES,41454,BANJARHARJO
32676,JAWA TENGAH,41165,BREBES,41188,BANTARKAWUNG
32676,JAWA TENGAH,41165,BREBES,41309,BREBES
32676,JAWA TENGAH,41165,BREBES,41400,BULAKAMBA
32676,JAWA TENGAH,41165,BREBES,41207,BUMIAYU
32676,JAWA TENGAH,41165,BREBES,41265,JATIBARANG
32676,JAWA TENGAH,41165,BREBES,41344,KERSANA
32676,JAWA TENGAH,41165,BREBES,41432,KETANGGUNGAN
32676,JAWA TENGAH,41165,BREBES,41420,LARANGAN
32676,JAWA TENGAH,41165,BREBES,41358,LOSARI
32676,JAWA TENGAH,41165,BREBES,41223,PAGUYANGAN
32676,JAWA TENGAH,41165,BREBES,41166,SALEM
32676,JAWA TENGAH,41165,BREBES,41236,SIRAMPOG
32676,JAWA TENGAH,41165,BREBES,41333,SONGGOM
32676,JAWA TENGAH,41165,BREBES,41381,TANJUNG
32676,JAWA TENGAH,41165,BREBES,41250,TONJONG
32676,JAWA TENGAH,41165,BREBES,41288,WANASARI
32676,JAWA TENGAH,32677,CILACAP,32707,ADIPALA
32676,JAWA TENGAH,32677,CILACAP,83531,BANTARSARI
32676,JAWA TENGAH,32677,CILACAP,32724,BINANGUN
32676,JAWA TENGAH,32677,CILACAP,83532,CILACAP SELATAN
32676,JAWA TENGAH,32677,CILACAP,83533,CILACAP TENGAH
32676,JAWA TENGAH,32677,CILACAP,83534,CILACAP UTARA
32676,JAWA TENGAH,32677,CILACAP,32857,CIMANGGU
32676,JAWA TENGAH,32677,CILACAP,83529,CIPARI
32676,JAWA TENGAH,32677,CILACAP,83527,DAYEUHLUHUR
32676,JAWA TENGAH,32677,CILACAP,32816,GANDRUNGMANGU
32676,JAWA TENGAH,32677,CILACAP,83525,JERUKLEGI
32676,JAWA TENGAH,32677,CILACAP,83535,KAMPUNG LAUT
32676,JAWA TENGAH,32677,CILACAP,32842,KARANGPUCUNG
32676,JAWA TENGAH,32677,CILACAP,32803,KAWUNGANTEN
32676,JAWA TENGAH,32677,CILACAP,83522,KEDUNGREJA
32676,JAWA TENGAH,32677,CILACAP,32690,KESUGIHAN
32676,JAWA TENGAH,32677,CILACAP,83523,KROYA
32676,JAWA TENGAH,32677,CILACAP,32873,MAJENANG
32676,JAWA TENGAH,32677,CILACAP,83524,MAOS
32676,JAWA TENGAH,32677,CILACAP,32742,NUSAWUNGU
32676,JAWA TENGAH,32677,CILACAP,83530,PATIMUAN
32676,JAWA TENGAH,32677,CILACAP,83528,SAMPANG
32676,JAWA TENGAH,32677,CILACAP,32831,SIDAREJA
32676,JAWA TENGAH,32677,CILACAP,83526,WANAREJA
32676,JAWA TENGAH,38917,DEMAK,39123,BONANG
32676,JAWA TENGAH,38917,DEMAK,39103,DEMAK
32676,JAWA TENGAH,38917,DEMAK,39033,DEMPET
32676,JAWA TENGAH,38917,DEMAK,39050,GAJAH
32676,JAWA TENGAH,38917,DEMAK,38951,GUNTUR
32676,JAWA TENGAH,38917,DEMAK,39069,KARANGANYAR
32676,JAWA TENGAH,38917,DEMAK,38938,KARANGAWEN
32676,JAWA TENGAH,38917,DEMAK,38993,KARANGTENGAH
32676,JAWA TENGAH,38917,DEMAK,39166,KEBONAGUNG
32676,JAWA TENGAH,38917,DEMAK,39087,MIJEN
32676,JAWA TENGAH,38917,DEMAK,38918,MRANGGEN
32676,JAWA TENGAH,38917,DEMAK,38972,SAYUNG
32676,JAWA TENGAH,38917,DEMAK,39145,WEDUNG
32676,JAWA TENGAH,38917,DEMAK,39011,WONOSALAM
32676,JAWA TENGAH,37214,GROBOGAN,37414,BRATI
32676,JAWA TENGAH,37214,GROBOGAN,37329,GABUS
32676,JAWA TENGAH,37214,GROBOGAN,37286,GEYER
32676,JAWA TENGAH,37214,GROBOGAN,37434,GODONG
32676,JAWA TENGAH,37214,GROBOGAN,37383,GROBOGAN
32676,JAWA TENGAH,37214,GROBOGAN,37463,GUBUG
32676,JAWA TENGAH,37214,GROBOGAN,37228,KARANGRAYUNG
32676,JAWA TENGAH,37214,GROBOGAN,37215,KEDUNGJATI
32676,JAWA TENGAH,37214,GROBOGAN,37424,KLAMBU
32676,JAWA TENGAH,37214,GROBOGAN,37314,KRADENAN
32676,JAWA TENGAH,37214,GROBOGAN,37344,NGARINGAN
32676,JAWA TENGAH,37214,GROBOGAN,37248,PENAWANGAN
32676,JAWA TENGAH,37214,GROBOGAN,37300,PULOKULON
32676,JAWA TENGAH,37214,GROBOGAN,37396,PURWODADI
32676,JAWA TENGAH,37214,GROBOGAN,37504,TANGGUNGHARJO
32676,JAWA TENGAH,37214,GROBOGAN,37372,TAWANGHARJO
32676,JAWA TENGAH,37214,GROBOGAN,37485,TEGOWANU
32676,JAWA TENGAH,37214,GROBOGAN,37269,TOROH
32676,JAWA TENGAH,37214,GROBOGAN,37357,WIROSARI
32676,JAWA TENGAH,38706,JEPARA,38812,BANGSRI
32676,JAWA TENGAH,38706,JEPARA,38774,BATEALIT
32676,JAWA TENGAH,38706,JEPARA,38899,DONOROJO
32676,JAWA TENGAH,38706,JEPARA,38786,JEPARA
32676,JAWA TENGAH,38706,JEPARA,38874,KALINYAMATAN
32676,JAWA TENGAH,38706,JEPARA,38838,KARIMUN JAWA
32676,JAWA TENGAH,38706,JEPARA,38707,KEDUNG
32676,JAWA TENGAH,38706,JEPARA,38825,KELING
32676,JAWA TENGAH,38706,JEPARA,38887,KEMBANG
32676,JAWA TENGAH,38706,JEPARA,38755,MAYONG
32676,JAWA TENGAH,38706,JEPARA,38803,MLONGGO
32676,JAWA TENGAH,38706,JEPARA,38858,NALUMSARI
32676,JAWA TENGAH,38706,JEPARA,38908,PAKIS AJI
32676,JAWA TENGAH,38706,JEPARA,38726,PECANGAAN
32676,JAWA TENGAH,38706,JEPARA,38842,TAHUNAN
32676,JAWA TENGAH,38706,JEPARA,38739,WELAHAN
32676,JAWA TENGAH,36790,KARANGANYAR,36913,COLOMADU
32676,JAWA TENGAH,36790,KARANGANYAR,36925,GONDANGREJO
32676,JAWA TENGAH,36790,KARANGANYAR,36904,JATEN
32676,JAWA TENGAH,36790,KARANGANYAR,36791,JATIPURO
32676,JAWA TENGAH,36790,KARANGANYAR,36802,JATIYOSO
32676,JAWA TENGAH,36790,KARANGANYAR,36975,JENAWI
32676,JAWA TENGAH,36790,KARANGANYAR,36825,JUMANTONO
32676,JAWA TENGAH,36790,KARANGANYAR,36812,JUMAPOLO
32676,JAWA TENGAH,36790,KARANGANYAR,36880,KARANGANYAR
32676,JAWA TENGAH,36790,KARANGANYAR,36868,KARANGPANDAN
32676,JAWA TENGAH,36790,KARANGANYAR,36939,KEBAKKRAMAT
32676,JAWA TENGAH,36790,KARANGANYAR,36964,KERJO
32676,JAWA TENGAH,36790,KARANGANYAR,36837,MATESIH
32676,JAWA TENGAH,36790,KARANGANYAR,36950,MOJOGEDANG
32676,JAWA TENGAH,36790,KARANGANYAR,36858,NGARGOYOSO
32676,JAWA TENGAH,36790,KARANGANYAR,36893,TASIKMADU
32676,JAWA TENGAH,36790,KARANGANYAR,36847,TAWANGMANGU
32676,JAWA TENGAH,33902,KEBUMEN,34209,ADIMULYO
32676,JAWA TENGAH,33902,KEBUMEN,34126,ALIAN
32676,JAWA TENGAH,33902,KEBUMEN,34036,AMBAL
32676,JAWA TENGAH,33902,KEBUMEN,33903,AYAH
32676,JAWA TENGAH,33902,KEBUMEN,34340,BONOROWO
32676,JAWA TENGAH,33902,KEBUMEN,33922,BUAYAN
32676,JAWA TENGAH,33902,KEBUMEN,34014,BULUSPESANTREN
32676,JAWA TENGAH,33902,KEBUMEN,34285,GOMBONG
32676,JAWA TENGAH,33902,KEBUMEN,34300,KARANGANYAR
32676,JAWA TENGAH,33902,KEBUMEN,34312,KARANGGAYAM
32676,JAWA TENGAH,33902,KEBUMEN,34374,KARANGSAMBUNG
32676,JAWA TENGAH,33902,KEBUMEN,34143,KEBUMEN
32676,JAWA TENGAH,33902,KEBUMEN,33989,KLIRONG
32676,JAWA TENGAH,33902,KEBUMEN,34106,KUTOWINANGUN
32676,JAWA TENGAH,33902,KEBUMEN,34233,KUWARASAN
32676,JAWA TENGAH,33902,KEBUMEN,34069,MIRIT
32676,JAWA TENGAH,33902,KEBUMEN,34352,PADURESO
32676,JAWA TENGAH,33902,KEBUMEN,34173,PEJAGOAN
32676,JAWA TENGAH,33902,KEBUMEN,33967,PETANAHAN
32676,JAWA TENGAH,33902,KEBUMEN,34362,PONCOWARNO
32676,JAWA TENGAH,33902,KEBUMEN,34092,PREMBUN
32676,JAWA TENGAH,33902,KEBUMEN,33943,PURING
32676,JAWA TENGAH,33902,KEBUMEN,34256,ROWOKELE
32676,JAWA TENGAH,33902,KEBUMEN,34332,SADANG
32676,JAWA TENGAH,33902,KEBUMEN,34268,SEMPOR
32676,JAWA TENGAH,33902,KEBUMEN,34187,SRUWENG
32676,JAWA TENGAH,39746,KENDAL,39840,BOJA
32676,JAWA TENGAH,39746,KENDAL,39869,BRANGSONG
32676,JAWA TENGAH,39746,KENDAL,39929,CEPIRING
32676,JAWA TENGAH,39746,KENDAL,39895,GEMUH
32676,JAWA TENGAH,39746,KENDAL,39859,KALIWUNGU
32676,JAWA TENGAH,39746,KENDAL,40044,KALIWUNGU SELATAN
32676,JAWA TENGAH,39746,KENDAL,40002,KANGKUNG
32676,JAWA TENGAH,39746,KENDAL,39964,KENDAL
32676,JAWA TENGAH,39746,KENDAL,39823,LIMBANGAN
32676,JAWA TENGAH,39746,KENDAL,40031,NGAMPEL
32676,JAWA TENGAH,39746,KENDAL,39760,PAGERUYUNG
32676,JAWA TENGAH,39746,KENDAL,39794,PATEAN
32676,JAWA TENGAH,39746,KENDAL,39945,PATEBON
32676,JAWA TENGAH,39746,KENDAL,39882,PEGANDON
32676,JAWA TENGAH,39746,KENDAL,39747,PLANTUNGAN
32676,JAWA TENGAH,39746,KENDAL,40018,RINGINARUM
32676,JAWA TENGAH,39746,KENDAL,39985,ROWOSARI
32676,JAWA TENGAH,39746,KENDAL,39809,SINGOROJO
32676,JAWA TENGAH,39746,KENDAL,39775,SUKOREJO
32676,JAWA TENGAH,39746,KENDAL,39912,WELERI
32676,JAWA TENGAH,35862,KLATEN,35917,BAYAT
32676,JAWA TENGAH,35862,KLATEN,35936,CAWAS
32676,JAWA TENGAH,35862,KLATEN,36035,CEPER
32676,JAWA TENGAH,35862,KLATEN,36128,DELANGGU
32676,JAWA TENGAH,35862,KLATEN,35880,GANTIWARNO
32676,JAWA TENGAH,35862,KLATEN,36203,JATINOM
32676,JAWA TENGAH,35862,KLATEN,35984,JOGONALAN
32676,JAWA TENGAH,35862,KLATEN,36089,JUWIRING
32676,JAWA TENGAH,35862,KLATEN,36250,KALIKOTES
32676,JAWA TENGAH,35862,KLATEN,36164,KARANGANOM
32676,JAWA TENGAH,35862,KLATEN,36069,KARANGDOWO
32676,JAWA TENGAH,35862,KLATEN,36020,KARANGNONGKO
32676,JAWA TENGAH,35862,KLATEN,35976,KEBONARUM
32676,JAWA TENGAH,35862,KLATEN,36222,KEMALANG
32676,JAWA TENGAH,35862,KLATEN,36277,KLATEN SELATAN
32676,JAWA TENGAH,35862,KLATEN,36267,KLATEN TENGAH
32676,JAWA TENGAH,35862,KLATEN,36258,KLATEN UTARA
32676,JAWA TENGAH,35862,KLATEN,36003,MANISRENGGO
32676,JAWA TENGAH,35862,KLATEN,36236,NGAWEN
32676,JAWA TENGAH,35862,KLATEN,36054,PEDAN
32676,JAWA TENGAH,35862,KLATEN,36145,POLANHARJO
32676,JAWA TENGAH,35862,KLATEN,35863,PRAMBANAN
32676,JAWA TENGAH,35862,KLATEN,35957,TRUCUK
32676,JAWA TENGAH,35862,KLATEN,36184,TULUNG
32676,JAWA TENGAH,35862,KLATEN,35897,WEDI
32676,JAWA TENGAH,35862,KLATEN,36109,WONOSARI
32676,JAWA TENGAH,41480,KOTA MAGELANG,41481,MAGELANG SELATAN
32676,JAWA TENGAH,41480,KOTA MAGELANG,41494,MAGELANG TENGAH
32676,JAWA TENGAH,41480,KOTA MAGELANG,41488,MAGELANG UTARA
32676,JAWA TENGAH,41779,KOTA PEKALONGAN,41780,PEKALONGAN BARAT
32676,JAWA TENGAH,41779,KOTA PEKALONGAN,41819,PEKALONGAN SELATAN
32676,JAWA TENGAH,41779,KOTA PEKALONGAN,41794,PEKALONGAN TIMUR
32676,JAWA TENGAH,41779,KOTA PEKALONGAN,41808,PEKALONGAN UTARA
32676,JAWA TENGAH,41558,KOTA SALATIGA,41573,ARGOMULYO
32676,JAWA TENGAH,41558,KOTA SALATIGA,41580,SIDOMUKTI
32676,JAWA TENGAH,41558,KOTA SALATIGA,41559,SIDOREJO
32676,JAWA TENGAH,41558,KOTA SALATIGA,41566,TINGKIR
32676,JAWA TENGAH,41585,KOTA SEMARANG,41699,BANYUMANIK
32676,JAWA TENGAH,41585,KOTA SEMARANG,41669,CANDISARI
32676,JAWA TENGAH,41585,KOTA SEMARANG,41677,GAJAH MUNGKUR
32676,JAWA TENGAH,41585,KOTA SEMARANG,41623,GAYAM SARI
32676,JAWA TENGAH,41585,KOTA SEMARANG,41631,GENUK
32676,JAWA TENGAH,41585,KOTA SEMARANG,41711,GUNUNGPATI
32676,JAWA TENGAH,41585,KOTA SEMARANG,41745,MIJEN
32676,JAWA TENGAH,41585,KOTA SEMARANG,41760,NGALIYAN
32676,JAWA TENGAH,41585,KOTA SEMARANG,41645,PEDURUNGAN
32676,JAWA TENGAH,41585,KOTA SEMARANG,41728,SEMARANG BARAT
32676,JAWA TENGAH,41585,KOTA SEMARANG,41658,SEMARANG SELATAN
32676,JAWA TENGAH,41585,KOTA SEMARANG,41586,SEMARANG TENGAH
32676,JAWA TENGAH,41585,KOTA SEMARANG,41612,SEMARANG TIMUR
32676,JAWA TENGAH,41585,KOTA SEMARANG,41602,SEMARANG UTARA
32676,JAWA TENGAH,41585,KOTA SEMARANG,41686,TEMBALANG
32676,JAWA TENGAH,41585,KOTA SEMARANG,41771,TUGU
32676,JAWA TENGAH,41501,KOTA SURAKARTA,41544,BANJARSARI
32676,JAWA TENGAH,41501,KOTA SURAKARTA,41532,JEBRES
32676,JAWA TENGAH,41501,KOTA SURAKARTA,41502,LAWEYAN
32676,JAWA TENGAH,41501,KOTA SURAKARTA,41522,PASAR KLIWON
32676,JAWA TENGAH,41501,KOTA SURAKARTA,41514,SERENGAN
32676,JAWA TENGAH,41831,KOTA TEGAL,41855,MARGADANA
32676,JAWA TENGAH,41831,KOTA TEGAL,41832,TEGAL BARAT
32676,JAWA TENGAH,41831,KOTA TEGAL,41846,TEGAL SELATAN
32676,JAWA TENGAH,41831,KOTA TEGAL,41840,TEGAL TIMUR
32676,JAWA TENGAH,38564,KUDUS,38664,BAE
32676,JAWA TENGAH,38564,KUDUS,38687,DAWE
32676,JAWA TENGAH,38564,KUDUS,38675,GEBOG
32676,JAWA TENGAH,38564,KUDUS,38607,JATI
32676,JAWA TENGAH,38564,KUDUS,38651,JEKULO
32676,JAWA TENGAH,38564,KUDUS,38565,KALIWUNGU
32676,JAWA TENGAH,38564,KUDUS,38581,KUDUS
32676,JAWA TENGAH,38564,KUDUS,38639,MEJOBO
32676,JAWA TENGAH,38564,KUDUS,38622,UNDAAN
32676,JAWA TENGAH,35181,MAGELANG,35409,BANDONGAN
32676,JAWA TENGAH,35181,MAGELANG,35203,BOROBUDUR
32676,JAWA TENGAH,35181,MAGELANG,35424,CANDIMULYO
32676,JAWA TENGAH,35181,MAGELANG,35264,DUKUN
32676,JAWA TENGAH,35181,MAGELANG,35482,GRABAG
32676,JAWA TENGAH,35181,MAGELANG,35358,KAJORAN
32676,JAWA TENGAH,35181,MAGELANG,35388,KALIANGKRIK
32676,JAWA TENGAH,35181,MAGELANG,35328,MERTOYUDAN
32676,JAWA TENGAH,35181,MAGELANG,35311,MUNGKID
32676,JAWA TENGAH,35181,MAGELANG,35296,MUNTILAN
32676,JAWA TENGAH,35181,MAGELANG,35465,NGABLAK
32676,JAWA TENGAH,35181,MAGELANG,35224,NGLUWAR
32676,JAWA TENGAH,35181,MAGELANG,35444,PAKIS
32676,JAWA TENGAH,35181,MAGELANG,35233,SALAM
32676,JAWA TENGAH,35181,MAGELANG,35182,SALAMAN
32676,JAWA TENGAH,35181,MAGELANG,35280,SAWANGAN
32676,JAWA TENGAH,35181,MAGELANG,35533,SECANG
32676,JAWA TENGAH,35181,MAGELANG,35246,SRUMBUNG
32676,JAWA TENGAH,35181,MAGELANG,35511,TEGALREJO
32676,JAWA TENGAH,35181,MAGELANG,35342,TEMPURAN
32676,JAWA TENGAH,35181,MAGELANG,35554,WINDUSARI
32676,JAWA TENGAH,38136,PATI,38265,BATANGAN
32676,JAWA TENGAH,38136,PATI,38498,CLUWAK
32676,JAWA TENGAH,38136,PATI,38534,DUKUHSETI
32676,JAWA TENGAH,38136,PATI,38368,GABUS
32676,JAWA TENGAH,38136,PATI,38412,GEMBONG
32676,JAWA TENGAH,38136,PATI,38482,GUNUNGWUNGKAL
32676,JAWA TENGAH,38136,PATI,38243,JAKEN
32676,JAWA TENGAH,38136,PATI,38314,JAKENAN
32676,JAWA TENGAH,38136,PATI,38284,JUWANA
32676,JAWA TENGAH,38136,PATI,38154,KAYEN
32676,JAWA TENGAH,38136,PATI,38393,MARGOREJO
32676,JAWA TENGAH,38136,PATI,38459,MARGOYOSO
32676,JAWA TENGAH,38136,PATI,38338,PATI
32676,JAWA TENGAH,38136,PATI,38222,PUCAKWANGI
32676,JAWA TENGAH,38136,PATI,38137,SUKOLILO
32676,JAWA TENGAH,38136,PATI,38172,TAMBAKROMO
32676,JAWA TENGAH,38136,PATI,38512,TAYU
32676,JAWA TENGAH,38136,PATI,38424,TLOGOWUNGU
32676,JAWA TENGAH,38136,PATI,38547,TRANGKIL
32676,JAWA TENGAH,38136,PATI,38440,WEDARIJAKSA
32676,JAWA TENGAH,38136,PATI,38191,WINONG
32676,JAWA TENGAH,40317,PEKALONGAN,40481,BOJONG
32676,JAWA TENGAH,40317,PEKALONGAN,40539,BUARAN
32676,JAWA TENGAH,40317,PEKALONGAN,40382,DORO
32676,JAWA TENGAH,40317,PEKALONGAN,40413,KAJEN
32676,JAWA TENGAH,40317,PEKALONGAN,40318,KANDANGSERANG
32676,JAWA TENGAH,40317,PEKALONGAN,40397,KARANGANYAR
32676,JAWA TENGAH,40317,PEKALONGAN,40598,KARANGDADAP
32676,JAWA TENGAH,40317,PEKALONGAN,40519,KEDUNGWUNI
32676,JAWA TENGAH,40317,PEKALONGAN,40439,KESESI
32676,JAWA TENGAH,40317,PEKALONGAN,40349,LEBAKBARANG
32676,JAWA TENGAH,40317,PEKALONGAN,40333,PANINGGARAN
32676,JAWA TENGAH,40317,PEKALONGAN,40361,PETUNGKRIYONO
32676,JAWA TENGAH,40317,PEKALONGAN,40584,SIWALAN
32676,JAWA TENGAH,40317,PEKALONGAN,40463,SRAGI
32676,JAWA TENGAH,40317,PEKALONGAN,40371,TALUN
32676,JAWA TENGAH,40317,PEKALONGAN,40550,TIRTO
32676,JAWA TENGAH,40317,PEKALONGAN,40567,WIRADESA
32676,JAWA TENGAH,40317,PEKALONGAN,40610,WONOKERTO
32676,JAWA TENGAH,40317,PEKALONGAN,40504,WONOPRINGGO
32676,JAWA TENGAH,40622,PEMALANG,40797,AMPELGADING
32676,JAWA TENGAH,40622,PEMALANG,40696,BANTARBOLANG
32676,JAWA TENGAH,40622,PEMALANG,40647,BELIK
32676,JAWA TENGAH,40622,PEMALANG,40676,BODEH
32676,JAWA TENGAH,40622,PEMALANG,40814,COMAL
32676,JAWA TENGAH,40622,PEMALANG,40623,MOGA
32676,JAWA TENGAH,40622,PEMALANG,40733,PEMALANG
32676,JAWA TENGAH,40622,PEMALANG,40776,PETARUKAN
32676,JAWA TENGAH,40622,PEMALANG,40634,PULOSARI
32676,JAWA TENGAH,40622,PEMALANG,40714,RANDUDONGKAL
32676,JAWA TENGAH,40622,PEMALANG,40754,TAMAN
32676,JAWA TENGAH,40622,PEMALANG,40833,ULUJAMI
32676,JAWA TENGAH,40622,PEMALANG,40852,WARUNGPRING
32676,JAWA TENGAH,40622,PEMALANG,40660,WATUKUMPUL
32676,JAWA TENGAH,33345,PURBALINGGA,33481,BOBOTSARI
32676,JAWA TENGAH,33345,PURBALINGGA,33545,BOJONGSARI
32676,JAWA TENGAH,33345,PURBALINGGA,33366,BUKATEJA
32676,JAWA TENGAH,33345,PURBALINGGA,33395,KALIGONDANG
32676,JAWA TENGAH,33345,PURBALINGGA,33428,KALIMANAH
32676,JAWA TENGAH,33345,PURBALINGGA,33506,KARANGANYAR
32676,JAWA TENGAH,33345,PURBALINGGA,33584,KARANGJAMBU
32676,JAWA TENGAH,33345,PURBALINGGA,33520,KARANGMONCOL
32676,JAWA TENGAH,33345,PURBALINGGA,33498,KARANGREJA
32676,JAWA TENGAH,33345,PURBALINGGA,33381,KEJOBONG
32676,JAWA TENGAH,33345,PURBALINGGA,33346,KEMANGKON
32676,JAWA TENGAH,33345,PURBALINGGA,33591,KERTANEGARA
32676,JAWA TENGAH,33345,PURBALINGGA,33446,KUTASARI
32676,JAWA TENGAH,33345,PURBALINGGA,33461,MREBET
32676,JAWA TENGAH,33345,PURBALINGGA,33559,PADAMARA
32676,JAWA TENGAH,33345,PURBALINGGA,33574,PENGADEGAN
32676,JAWA TENGAH,33345,PURBALINGGA,33414,PURBALINGGA
32676,JAWA TENGAH,33345,PURBALINGGA,33532,REMBANG
32676,JAWA TENGAH,34389,PURWOREJO,34522,BAGELEN
32676,JAWA TENGAH,34389,PURWOREJO,34588,BANYUURIP
32676,JAWA TENGAH,34389,PURWOREJO,34616,BAYAN
32676,JAWA TENGAH,34389,PURWOREJO,34871,BENER
32676,JAWA TENGAH,34389,PURWOREJO,34804,BRUNO
32676,JAWA TENGAH,34389,PURWOREJO,34671,BUTUH
32676,JAWA TENGAH,34389,PURWOREJO,34823,GEBANG
32676,JAWA TENGAH,34389,PURWOREJO,34390,GRABAG
32676,JAWA TENGAH,34389,PURWOREJO,34540,KALIGESING
32676,JAWA TENGAH,34389,PURWOREJO,34763,KEMIRI
32676,JAWA TENGAH,34389,PURWOREJO,34643,KUTOARJO
32676,JAWA TENGAH,34389,PURWOREJO,34849,LOANO
32676,JAWA TENGAH,34389,PURWOREJO,34423,NGOMBOL
32676,JAWA TENGAH,34389,PURWOREJO,34713,PITURUH
32676,JAWA TENGAH,34389,PURWOREJO,34481,PURWODADI
32676,JAWA TENGAH,34389,PURWOREJO,34562,PURWOREJO
32676,JAWA TENGAH,37826,REMBANG,37846,BULU
32676,JAWA TENGAH,37826,REMBANG,37863,GUNEM
32676,JAWA TENGAH,37826,REMBANG,37988,KALIORI
32676,JAWA TENGAH,37826,REMBANG,38072,KRAGAN
32676,JAWA TENGAH,37826,REMBANG,38115,LASEM
32676,JAWA TENGAH,37826,REMBANG,37942,PAMOTAN
32676,JAWA TENGAH,37826,REMBANG,38048,PANCUR
32676,JAWA TENGAH,37826,REMBANG,38012,REMBANG
32676,JAWA TENGAH,37826,REMBANG,37880,SALE
32676,JAWA TENGAH,37826,REMBANG,37896,SARANG
32676,JAWA TENGAH,37826,REMBANG,37920,SEDAN
32676,JAWA TENGAH,37826,REMBANG,38100,SLUKE
32676,JAWA TENGAH,37826,REMBANG,37966,SULANG
32676,JAWA TENGAH,37826,REMBANG,37827,SUMBER
32676,JAWA TENGAH,39181,SEMARANG,39318,AMBARAWA
32676,JAWA TENGAH,39181,SEMARANG,39380,BANCAK
32676,JAWA TENGAH,39181,SEMARANG,39425,BANDUNGAN
32676,JAWA TENGAH,39181,SEMARANG,39279,BANYUBIRU
32676,JAWA TENGAH,39181,SEMARANG,39329,BAWEN
32676,JAWA TENGAH,39181,SEMARANG,39356,BERGAS
32676,JAWA TENGAH,39181,SEMARANG,39339,BRINGIN
32676,JAWA TENGAH,39181,SEMARANG,39182,GETASAN
32676,JAWA TENGAH,39181,SEMARANG,39290,JAMBU
32676,JAWA TENGAH,39181,SEMARANG,39390,KALIWUNGU
32676,JAWA TENGAH,39181,SEMARANG,39244,PABELAN
32676,JAWA TENGAH,39181,SEMARANG,39370,PRINGAPUS
32676,JAWA TENGAH,39181,SEMARANG,39301,SUMOWONO
32676,JAWA TENGAH,39181,SEMARANG,39226,SURUH
32676,JAWA TENGAH,39181,SEMARANG,39212,SUSUKAN
32676,JAWA TENGAH,39181,SEMARANG,39196,TENGARAN
32676,JAWA TENGAH,39181,SEMARANG,39262,TUNTANG
32676,JAWA TENGAH,39181,SEMARANG,39402,UNGARAN BARAT
32676,JAWA TENGAH,39181,SEMARANG,39414,UNGARAN TIMUR
32676,JAWA TENGAH,36985,SRAGEN,37132,GEMOLONG
32676,JAWA TENGAH,36985,SRAGEN,37190,GESI
32676,JAWA TENGAH,36985,SRAGEN,37053,GONDANG
32676,JAWA TENGAH,36985,SRAGEN,37206,JENAR
32676,JAWA TENGAH,36985,SRAGEN,36986,KALIJAMBE
32676,JAWA TENGAH,36985,SRAGEN,37082,KARANGMALANG
32676,JAWA TENGAH,36985,SRAGEN,37032,KEDAWUNG
32676,JAWA TENGAH,36985,SRAGEN,37018,MASARAN
32676,JAWA TENGAH,36985,SRAGEN,37147,MIRI
32676,JAWA TENGAH,36985,SRAGEN,37170,MONDOKAN
32676,JAWA TENGAH,36985,SRAGEN,37073,NGRAMPAL
32676,JAWA TENGAH,36985,SRAGEN,37001,PLUPUH
32676,JAWA TENGAH,36985,SRAGEN,37043,SAMBIREJO
32676,JAWA TENGAH,36985,SRAGEN,37063,SAMBUNGMACAN
32676,JAWA TENGAH,36985,SRAGEN,37102,SIDOHARJO
32676,JAWA TENGAH,36985,SRAGEN,37093,SRAGEN
32676,JAWA TENGAH,36985,SRAGEN,37180,SUKODONO
32676,JAWA TENGAH,36985,SRAGEN,37158,SUMBERLAWANG
32676,JAWA TENGAH,36985,SRAGEN,37198,TANGEN
32676,JAWA TENGAH,36985,SRAGEN,37115,TANON
32676,JAWA TENGAH,36290,SUKOHARJO,36427,BAKI
32676,JAWA TENGAH,36290,SUKOHARJO,36363,BENDOSARI
32676,JAWA TENGAH,36290,SUKOHARJO,36305,BULU
32676,JAWA TENGAH,36290,SUKOHARJO,36442,GATAK
32676,JAWA TENGAH,36290,SUKOHARJO,36412,GROGOL
32676,JAWA TENGAH,36290,SUKOHARJO,36457,KARTASURA
32676,JAWA TENGAH,36290,SUKOHARJO,36396,MOJOLABAN
32676,JAWA TENGAH,36290,SUKOHARJO,36346,NGUTER
32676,JAWA TENGAH,36290,SUKOHARJO,36378,POLOKARTO
32676,JAWA TENGAH,36290,SUKOHARJO,36331,SUKOHARJO
32676,JAWA TENGAH,36290,SUKOHARJO,36318,TAWANGSARI
32676,JAWA TENGAH,36290,SUKOHARJO,36291,WERU
32676,JAWA TENGAH,40859,TEGAL,41026,ADIWERNA
32676,JAWA TENGAH,40859,TEGAL,40911,BALAPULANG
32676,JAWA TENGAH,40859,TEGAL,40893,BOJONG
32676,JAWA TENGAH,40859,TEGAL,40874,BUMIJAWA
32676,JAWA TENGAH,40859,TEGAL,41068,DUKUHTURI
32676,JAWA TENGAH,40859,TEGAL,41154,DUKUHWARU
32676,JAWA TENGAH,40859,TEGAL,40962,JATINEGARA
32676,JAWA TENGAH,40859,TEGAL,40980,KEDUNGBANTENG
32676,JAWA TENGAH,40859,TEGAL,41108,KRAMAT
32676,JAWA TENGAH,40859,TEGAL,40946,LEBAKSIU
32676,JAWA TENGAH,40859,TEGAL,40860,MARGASARI
32676,JAWA TENGAH,40859,TEGAL,40932,PAGERBARANG
32676,JAWA TENGAH,40859,TEGAL,40991,PANGKAH
32676,JAWA TENGAH,40859,TEGAL,41015,SLAWI
32676,JAWA TENGAH,40859,TEGAL,41129,SURADADI
32676,JAWA TENGAH,40859,TEGAL,41048,TALANG
32676,JAWA TENGAH,40859,TEGAL,41087,TARUB
32676,JAWA TENGAH,40859,TEGAL,41141,WARUREJA
32676,JAWA TENGAH,39436,TEMANGGUNG,39678,BANSARI
32676,JAWA TENGAH,39436,TEMANGGUNG,39706,BEJEN
32676,JAWA TENGAH,39436,TEMANGGUNG,39437,BULU
32676,JAWA TENGAH,39436,TEMANGGUNG,39623,CANDIROTO
32676,JAWA TENGAH,39436,TEMANGGUNG,39735,GEMAWANG
32676,JAWA TENGAH,39436,TEMANGGUNG,39597,JUMO
32676,JAWA TENGAH,39436,TEMANGGUNG,39512,KALORAN
32676,JAWA TENGAH,39436,TEMANGGUNG,39527,KANDANGAN
32676,JAWA TENGAH,39436,TEMANGGUNG,39544,KEDU
32676,JAWA TENGAH,39436,TEMANGGUNG,39692,KLEDUNG
32676,JAWA TENGAH,39436,TEMANGGUNG,39638,KRANGGAN
32676,JAWA TENGAH,39436,TEMANGGUNG,39576,NGADIREJO
32676,JAWA TENGAH,39436,TEMANGGUNG,39559,PARAKAN
32676,JAWA TENGAH,39436,TEMANGGUNG,39497,PRINGSURAT
32676,JAWA TENGAH,39436,TEMANGGUNG,39665,SELOPAMPANG
32676,JAWA TENGAH,39436,TEMANGGUNG,39471,TEMANGGUNG
32676,JAWA TENGAH,39436,TEMANGGUNG,39457,TEMBARAK
32676,JAWA TENGAH,39436,TEMANGGUNG,39652,TLOGOMULYO
32676,JAWA TENGAH,39436,TEMANGGUNG,39611,TRETEP
32676,JAWA TENGAH,39436,TEMANGGUNG,39721,WONOBOYO
32676,JAWA TENGAH,36470,WONOGIRI,36551,BATURETNO
32676,JAWA TENGAH,36470,WONOGIRI,36515,BATUWARNO
32676,JAWA TENGAH,36470,WONOGIRI,36694,BULUKERTO
32676,JAWA TENGAH,36470,WONOGIRI,36565,EROMOKO
32676,JAWA TENGAH,36470,WONOGIRI,36753,GIRIMARTO
32676,JAWA TENGAH,36470,WONOGIRI,36490,GIRITONTRO
32676,JAWA TENGAH,36470,WONOGIRI,36498,GIRIWOYO
32676,JAWA TENGAH,36470,WONOGIRI,36741,JATIPURNO
32676,JAWA TENGAH,36470,WONOGIRI,36651,JATIROTO
32676,JAWA TENGAH,36470,WONOGIRI,36723,JATISRONO
32676,JAWA TENGAH,36470,WONOGIRI,36768,KARANGTENGAH
32676,JAWA TENGAH,36470,WONOGIRI,36667,KISMANTORO
32676,JAWA TENGAH,36470,WONOGIRI,36590,MANYARAN
32676,JAWA TENGAH,36470,WONOGIRI,36626,NGADIROJO
32676,JAWA TENGAH,36470,WONOGIRI,36539,NGUNTORONADI
32676,JAWA TENGAH,36470,WONOGIRI,36774,PARANGGUPITO
32676,JAWA TENGAH,36470,WONOGIRI,36471,PRACIMANTORO
32676,JAWA TENGAH,36470,WONOGIRI,36783,PUHPELEM
32676,JAWA TENGAH,36470,WONOGIRI,36678,PURWANTORO
32676,JAWA TENGAH,36470,WONOGIRI,36598,SELOGIRI
32676,JAWA TENGAH,36470,WONOGIRI,36638,SIDOHARJO
32676,JAWA TENGAH,36470,WONOGIRI,36705,SLOGOHIMO
32676,JAWA TENGAH,36470,WONOGIRI,36524,TIRTOMOYO
32676,JAWA TENGAH,36470,WONOGIRI,36610,WONOGIRI
32676,JAWA TENGAH,36470,WONOGIRI,36581,WURYANTORO
32676,JAWA TENGAH,34900,WONOSOBO,35121,GARUNG
32676,JAWA TENGAH,34900,WONOSOBO,35172,KALIBAWANG
32676,JAWA TENGAH,34900,WONOSOBO,35021,KALIKAJAR
32676,JAWA TENGAH,34900,WONOSOBO,34959,KALIWIRO
32676,JAWA TENGAH,34900,WONOSOBO,35137,KEJAJAR
32676,JAWA TENGAH,34900,WONOSOBO,34919,KEPIL
32676,JAWA TENGAH,34900,WONOSOBO,35041,KERTEK
32676,JAWA TENGAH,34900,WONOSOBO,34981,LEKSONO
32676,JAWA TENGAH,34900,WONOSOBO,35101,MOJOTENGAH
32676,JAWA TENGAH,34900,WONOSOBO,34941,SAPURAN
32676,JAWA TENGAH,34900,WONOSOBO,34996,SELOMERTO
32676,JAWA TENGAH,34900,WONOSOBO,35154,SUKOHARJO
32676,JAWA TENGAH,34900,WONOSOBO,34901,WADASLINTANG
32676,JAWA TENGAH,34900,WONOSOBO,35084,WATUMALANG
32676,JAWA TENGAH,34900,WONOSOBO,35063,WONOSOBO
41863,DAERAH ISTIMEWA YOGYAKARTA,41965,BANTUL,41984,BAMBANGLIPURO
41863,DAERAH ISTIMEWA YOGYAKARTA,41965,BANTUL,42024,BANGUNTAPAN
41863,DAERAH ISTIMEWA YOGYAKARTA,41965,BANTUL,41997,BANTUL
41863,DAERAH ISTIMEWA YOGYAKARTA,41965,BANTUL,42017,DLINGO
41863,DAERAH ISTIMEWA YOGYAKARTA,41965,BANTUL,42008,IMOGIRI
41863,DAERAH ISTIMEWA YOGYAKARTA,41965,BANTUL,42003,JETIS
41863,DAERAH ISTIMEWA YOGYAKARTA,41965,BANTUL,42048,KASIHAN
41863,DAERAH ISTIMEWA YOGYAKARTA,41965,BANTUL,41974,KRETEK
41863,DAERAH ISTIMEWA YOGYAKARTA,41965,BANTUL,41993,PAJANGAN
41863,DAERAH ISTIMEWA YOGYAKARTA,41965,BANTUL,41988,PANDAK
41863,DAERAH ISTIMEWA YOGYAKARTA,41965,BANTUL,42039,PIYUNGAN
41863,DAERAH ISTIMEWA YOGYAKARTA,41965,BANTUL,42033,PLERET
41863,DAERAH ISTIMEWA YOGYAKARTA,41965,BANTUL,41980,PUNDONG
41863,DAERAH ISTIMEWA YOGYAKARTA,41965,BANTUL,41969,SANDEN
41863,DAERAH ISTIMEWA YOGYAKARTA,41965,BANTUL,42053,SEDAYU
41863,DAERAH ISTIMEWA YOGYAKARTA,41965,BANTUL,42043,SEWON
41863,DAERAH ISTIMEWA YOGYAKARTA,41965,BANTUL,41966,SRANDAKAN
41863,DAERAH ISTIMEWA YOGYAKARTA,42058,GUNUNGKIDUL,42184,GEDANGSARI
41863,DAERAH ISTIMEWA YOGYAKARTA,42058,GUNUNGKIDUL,42200,GIRISUBO
41863,DAERAH ISTIMEWA YOGYAKARTA,42058,GUNUNGKIDUL,42135,KARANGMOJO
41863,DAERAH ISTIMEWA YOGYAKARTA,42058,GUNUNGKIDUL,42177,NGAWEN
41863,DAERAH ISTIMEWA YOGYAKARTA,42058,GUNUNGKIDUL,42074,NGLIPAR
41863,DAERAH ISTIMEWA YOGYAKARTA,42058,GUNUNGKIDUL,42108,PALIYAN
41863,DAERAH ISTIMEWA YOGYAKARTA,42058,GUNUNGKIDUL,42116,PANGGANG
41863,DAERAH ISTIMEWA YOGYAKARTA,42058,GUNUNGKIDUL,42096,PATUK
41863,DAERAH ISTIMEWA YOGYAKARTA,42058,GUNUNGKIDUL,42082,PLAYEN
41863,DAERAH ISTIMEWA YOGYAKARTA,42058,GUNUNGKIDUL,42145,PONJONG
41863,DAERAH ISTIMEWA YOGYAKARTA,42058,GUNUNGKIDUL,42215,PURWOSARI
41863,DAERAH ISTIMEWA YOGYAKARTA,42058,GUNUNGKIDUL,42157,RONGKOP
41863,DAERAH ISTIMEWA YOGYAKARTA,42058,GUNUNGKIDUL,42192,SAPTOSARI
41863,DAERAH ISTIMEWA YOGYAKARTA,42058,GUNUNGKIDUL,42129,SEMANU
41863,DAERAH ISTIMEWA YOGYAKARTA,42058,GUNUNGKIDUL,42166,SEMIN
41863,DAERAH ISTIMEWA YOGYAKARTA,42058,GUNUNGKIDUL,42209,TANJUNGSARI
41863,DAERAH ISTIMEWA YOGYAKARTA,42058,GUNUNGKIDUL,42123,TEPUS
41863,DAERAH ISTIMEWA YOGYAKARTA,42058,GUNUNGKIDUL,42059,WONOSARI
41863,DAERAH ISTIMEWA YOGYAKARTA,42325,KOTA YOGYAKARTA,42341,DANUREJAN
41863,DAERAH ISTIMEWA YOGYAKARTA,42325,KOTA YOGYAKARTA,42345,GEDONGTENGEN
41863,DAERAH ISTIMEWA YOGYAKARTA,42325,KOTA YOGYAKARTA,42335,GONDOKUSUMAN
41863,DAERAH ISTIMEWA YOGYAKARTA,42325,KOTA YOGYAKARTA,42363,GONDOMANAN
41863,DAERAH ISTIMEWA YOGYAKARTA,42325,KOTA YOGYAKARTA,42331,JETIS
41863,DAERAH ISTIMEWA YOGYAKARTA,42325,KOTA YOGYAKARTA,42381,KOTAGEDE
41863,DAERAH ISTIMEWA YOGYAKARTA,42325,KOTA YOGYAKARTA,42359,KRATON
41863,DAERAH ISTIMEWA YOGYAKARTA,42325,KOTA YOGYAKARTA,42355,MANTRIJERON
41863,DAERAH ISTIMEWA YOGYAKARTA,42325,KOTA YOGYAKARTA,42369,MERGANGSAN
41863,DAERAH ISTIMEWA YOGYAKARTA,42325,KOTA YOGYAKARTA,42348,NGAMPILAN
41863,DAERAH ISTIMEWA YOGYAKARTA,42325,KOTA YOGYAKARTA,42366,PAKUALAMAN
41863,DAERAH ISTIMEWA YOGYAKARTA,42325,KOTA YOGYAKARTA,42326,TEGALREJO
41863,DAERAH ISTIMEWA YOGYAKARTA,42325,KOTA YOGYAKARTA,42373,UMBULHARJO
41863,DAERAH ISTIMEWA YOGYAKARTA,42325,KOTA YOGYAKARTA,42351,WIROBRAJAN
41863,DAERAH ISTIMEWA YOGYAKARTA,41864,KULON PROGO,41902,GALUR
41863,DAERAH ISTIMEWA YOGYAKARTA,41864,KULON PROGO,41940,GIRIMULYO
41863,DAERAH ISTIMEWA YOGYAKARTA,41864,KULON PROGO,41960,KALIBAWANG
41863,DAERAH ISTIMEWA YOGYAKARTA,41864,KULON PROGO,41934,KOKAP
41863,DAERAH ISTIMEWA YOGYAKARTA,41864,KULON PROGO,41910,LENDAH
41863,DAERAH ISTIMEWA YOGYAKARTA,41864,KULON PROGO,41945,NANGGULAN
41863,DAERAH ISTIMEWA YOGYAKARTA,41864,KULON PROGO,41890,PANJATAN
41863,DAERAH ISTIMEWA YOGYAKARTA,41864,KULON PROGO,41926,PENGASIH
41863,DAERAH ISTIMEWA YOGYAKARTA,41864,KULON PROGO,41952,SAMIGALUH
41863,DAERAH ISTIMEWA YOGYAKARTA,41864,KULON PROGO,41917,SENTOLO
41863,DAERAH ISTIMEWA YOGYAKARTA,41864,KULON PROGO,41865,TEMON
41863,DAERAH ISTIMEWA YOGYAKARTA,41864,KULON PROGO,41881,WATES
41863,DAERAH ISTIMEWA YOGYAKARTA,42221,SLEMAN,42263,BERBAH
41863,DAERAH ISTIMEWA YOGYAKARTA,42221,SLEMAN,42319,CANGKRINGAN
41863,DAERAH ISTIMEWA YOGYAKARTA,42221,SLEMAN,42259,DEPOK
41863,DAERAH ISTIMEWA YOGYAKARTA,42221,SLEMAN,42222,GAMPING
41863,DAERAH ISTIMEWA YOGYAKARTA,42221,SLEMAN,42228,GODEAN
41863,DAERAH ISTIMEWA YOGYAKARTA,42221,SLEMAN,42275,KALASAN
41863,DAERAH ISTIMEWA YOGYAKARTA,42221,SLEMAN,42241,MINGGIR
41863,DAERAH ISTIMEWA YOGYAKARTA,42221,SLEMAN,42253,MLATI
41863,DAERAH ISTIMEWA YOGYAKARTA,42221,SLEMAN,42236,MOYUDAN
41863,DAERAH ISTIMEWA YOGYAKARTA,42221,SLEMAN,42286,NGAGLIK
41863,DAERAH ISTIMEWA YOGYAKARTA,42221,SLEMAN,42280,NGEMPLAK
41863,DAERAH ISTIMEWA YOGYAKARTA,42221,SLEMAN,42313,PAKEM
41863,DAERAH ISTIMEWA YOGYAKARTA,42221,SLEMAN,42268,PRAMBANAN
41863,DAERAH ISTIMEWA YOGYAKARTA,42221,SLEMAN,42247,SEYEGAN
41863,DAERAH ISTIMEWA YOGYAKARTA,42221,SLEMAN,42293,SLEMAN
41863,DAERAH ISTIMEWA YOGYAKARTA,42221,SLEMAN,42299,TEMPEL
41863,DAERAH ISTIMEWA YOGYAKARTA,42221,SLEMAN,42308,TURI
42385,JAWA TIMUR,50031,BANGKALAN,50082,AROSBAYA
42385,JAWA TIMUR,50031,BANGKALAN,50032,BANGKALAN
42385,JAWA TIMUR,50031,BANGKALAN,50257,BLEGA
42385,JAWA TIMUR,50031,BANGKALAN,50058,BURNEH
42385,JAWA TIMUR,50031,BANGKALAN,50309,GALIS
42385,JAWA TIMUR,50031,BANGKALAN,50101,GEGER
42385,JAWA TIMUR,50031,BANGKALAN,50071,KAMAL
42385,JAWA TIMUR,50031,BANGKALAN,50115,KLAMPIS
42385,JAWA TIMUR,50031,BANGKALAN,50169,KOKOP
42385,JAWA TIMUR,50031,BANGKALAN,50295,KONANG
42385,JAWA TIMUR,50031,BANGKALAN,50183,KWANYAR
42385,JAWA TIMUR,50031,BANGKALAN,50200,LABANG
42385,JAWA TIMUR,50031,BANGKALAN,50277,MODUNG
42385,JAWA TIMUR,50031,BANGKALAN,50138,SEPULU
42385,JAWA TIMUR,50031,BANGKALAN,50046,SOCAH
42385,JAWA TIMUR,50031,BANGKALAN,50214,TANAH MERAH
42385,JAWA TIMUR,50031,BANGKALAN,50154,TANJUNG BUMI
42385,JAWA TIMUR,50031,BANGKALAN,50238,TRAGAH
42385,JAWA TIMUR,44923,BANYUWANGI,44930,BANGOREJO
42385,JAWA TIMUR,44923,BANYUWANGI,45076,BANYUWANGI
42385,JAWA TIMUR,44923,BANYUWANGI,930148,BLIMBINGSARI
42385,JAWA TIMUR,44923,BANYUWANGI,44968,CLURING
42385,JAWA TIMUR,44923,BANYUWANGI,44978,GAMBIRAN
42385,JAWA TIMUR,44923,BANYUWANGI,44996,GENTENG
42385,JAWA TIMUR,44923,BANYUWANGI,45095,GIRI
42385,JAWA TIMUR,44923,BANYUWANGI,45065,GLAGAH
42385,JAWA TIMUR,44923,BANYUWANGI,45002,GLENMORE
42385,JAWA TIMUR,44923,BANYUWANGI,45048,KABAT
42385,JAWA TIMUR,44923,BANYUWANGI,45010,KALIBARU
42385,JAWA TIMUR,44923,BANYUWANGI,45133,KALIPURO
42385,JAWA TIMUR,44923,BANYUWANGI,45156,LICIN
42385,JAWA TIMUR,44923,BANYUWANGI,44957,MUNCAR
42385,JAWA TIMUR,44923,BANYUWANGI,44924,PESANGGARAN
42385,JAWA TIMUR,44923,BANYUWANGI,44938,PURWOHARJO
42385,JAWA TIMUR,44923,BANYUWANGI,45029,ROGOJAMPI
42385,JAWA TIMUR,44923,BANYUWANGI,45125,SEMPU
42385,JAWA TIMUR,44923,BANYUWANGI,45143,SILIRAGUNG
42385,JAWA TIMUR,44923,BANYUWANGI,45017,SINGOJURUH
42385,JAWA TIMUR,44923,BANYUWANGI,45115,SONGGON
42385,JAWA TIMUR,44923,BANYUWANGI,44985,SRONO
42385,JAWA TIMUR,44923,BANYUWANGI,44947,TEGALDLIMO
42385,JAWA TIMUR,44923,BANYUWANGI,45149,TEGALSARI
42385,JAWA TIMUR,44923,BANYUWANGI,45102,WONGSOREJO
42385,JAWA TIMUR,43360,BLITAR,43418,BAKUNG
42385,JAWA TIMUR,43360,BLITAR,43556,BINANGUN
42385,JAWA TIMUR,43360,BLITAR,43579,DOKO
42385,JAWA TIMUR,43360,BLITAR,43541,GANDUSARI
42385,JAWA TIMUR,43360,BLITAR,43493,GARUM
42385,JAWA TIMUR,43360,BLITAR,43402,KADEMANGAN
42385,JAWA TIMUR,43360,BLITAR,43480,KANIGORO
42385,JAWA TIMUR,43360,BLITAR,43590,KESAMBEN
42385,JAWA TIMUR,43360,BLITAR,43468,NGLEGOK
42385,JAWA TIMUR,43360,BLITAR,43515,PANGGUNGREJO
42385,JAWA TIMUR,43360,BLITAR,43430,PONGGOK
42385,JAWA TIMUR,43360,BLITAR,43446,SANANKULON
42385,JAWA TIMUR,43360,BLITAR,43621,SELOPURO
42385,JAWA TIMUR,43360,BLITAR,43610,SELOREJO
42385,JAWA TIMUR,43360,BLITAR,43386,SRENGAT
42385,JAWA TIMUR,43360,BLITAR,43503,SUTOJAYAN
42385,JAWA TIMUR,43360,BLITAR,43526,TALUN
42385,JAWA TIMUR,43360,BLITAR,43373,UDANAWU
42385,JAWA TIMUR,43360,BLITAR,43601,WATES
42385,JAWA TIMUR,43360,BLITAR,43569,WLINGI
42385,JAWA TIMUR,43360,BLITAR,43361,WONODADI
42385,JAWA TIMUR,43360,BLITAR,43459,WONOTIRTO
42385,JAWA TIMUR,48347,BOJONEGORO,48584,BALEN
42385,JAWA TIMUR,48347,BOJONEGORO,48505,BAURENO
42385,JAWA TIMUR,48347,BOJONEGORO,48630,BOJONEGORO
42385,JAWA TIMUR,48347,BOJONEGORO,48414,BUBULAN
42385,JAWA TIMUR,48347,BOJONEGORO,48420,DANDER
42385,JAWA TIMUR,48347,BOJONEGORO,83884,GAYAM
42385,JAWA TIMUR,48347,BOJONEGORO,48790,GONDANG
42385,JAWA TIMUR,48347,BOJONEGORO,48649,KALITIDU
42385,JAWA TIMUR,48347,BOJONEGORO,48531,KANOR
42385,JAWA TIMUR,48347,BOJONEGORO,48608,KAPAS
42385,JAWA TIMUR,48347,BOJONEGORO,48725,KASIMAN
42385,JAWA TIMUR,48347,BOJONEGORO,48784,KEDEWAN
42385,JAWA TIMUR,48347,BOJONEGORO,48455,KEDUNGADEM
42385,JAWA TIMUR,48347,BOJONEGORO,48479,KEPOH BARU
42385,JAWA TIMUR,48347,BOJONEGORO,48674,MALO
42385,JAWA TIMUR,48347,BOJONEGORO,48749,MARGOMULYO
42385,JAWA TIMUR,48347,BOJONEGORO,48384,NGAMBON
42385,JAWA TIMUR,48347,BOJONEGORO,48390,NGASEM
42385,JAWA TIMUR,48347,BOJONEGORO,48348,NGRAHO
42385,JAWA TIMUR,48347,BOJONEGORO,48708,PADANGAN
42385,JAWA TIMUR,48347,BOJONEGORO,48695,PURWOSARI
42385,JAWA TIMUR,48347,BOJONEGORO,48798,SEKAR
42385,JAWA TIMUR,48347,BOJONEGORO,48437,SUGIHWARAS
42385,JAWA TIMUR,48347,BOJONEGORO,48769,SUKOSEWU
42385,JAWA TIMUR,48347,BOJONEGORO,48557,SUMBERREJO
42385,JAWA TIMUR,48347,BOJONEGORO,48365,TAMBAKREJO
42385,JAWA TIMUR,48347,BOJONEGORO,48736,TEMAYANG
42385,JAWA TIMUR,48347,BOJONEGORO,48756,TRUCUK
42385,JAWA TIMUR,45165,BONDOWOSO,45371,BINAKAL
42385,JAWA TIMUR,45165,BONDOWOSO,45278,BONDOWOSO
42385,JAWA TIMUR,45165,BONDOWOSO,45398,BOTOLINGGO
42385,JAWA TIMUR,45165,BONDOWOSO,45325,CERMEE
42385,JAWA TIMUR,45165,BONDOWOSO,45229,CURAHDAMI
42385,JAWA TIMUR,45165,BONDOWOSO,45217,GRUJUGAN
42385,JAWA TIMUR,45165,BONDOWOSO,45388,JAMBESARI DARUS SHOLAH
42385,JAWA TIMUR,45165,BONDOWOSO,45313,KLABANG
42385,JAWA TIMUR,45165,BONDOWOSO,45166,MAESAN
42385,JAWA TIMUR,45165,BONDOWOSO,45348,PAKEM
42385,JAWA TIMUR,45165,BONDOWOSO,45340,PRAJEKAN
42385,JAWA TIMUR,45165,BONDOWOSO,45205,PUJER
42385,JAWA TIMUR,45165,BONDOWOSO,45364,SEMPOL
42385,JAWA TIMUR,45165,BONDOWOSO,45200,SUKOSARI
42385,JAWA TIMUR,45165,BONDOWOSO,45357,SUMBERWRINGIN
42385,JAWA TIMUR,45165,BONDOWOSO,45179,TAMANAN
42385,JAWA TIMUR,45165,BONDOWOSO,45380,TAMAN KROCOK
42385,JAWA TIMUR,45165,BONDOWOSO,45268,TAPEN
42385,JAWA TIMUR,45165,BONDOWOSO,45304,TEGALAMPEL
42385,JAWA TIMUR,45165,BONDOWOSO,45242,TENGGARANG
42385,JAWA TIMUR,45165,BONDOWOSO,45189,TLOGOSARI
42385,JAWA TIMUR,45165,BONDOWOSO,45255,WONOSARI
42385,JAWA TIMUR,45165,BONDOWOSO,45290,WRINGIN
42385,JAWA TIMUR,49656,GRESIK,49684,BALONGPANGGANG
42385,JAWA TIMUR,49656,GRESIK,49725,BENJENG
42385,JAWA TIMUR,49656,GRESIK,49892,BUNGAH
42385,JAWA TIMUR,49656,GRESIK,49866,CERME
42385,JAWA TIMUR,49656,GRESIK,49960,DRIYOREJO
42385,JAWA TIMUR,49656,GRESIK,49749,DUDUKSAMPEYAN
42385,JAWA TIMUR,49656,GRESIK,49657,DUKUN
42385,JAWA TIMUR,49656,GRESIK,49977,GRESIK
42385,JAWA TIMUR,49656,GRESIK,49938,KEBOMAS
42385,JAWA TIMUR,49656,GRESIK,49804,KEDAMEAN
42385,JAWA TIMUR,49656,GRESIK,49842,MANYAR
42385,JAWA TIMUR,49656,GRESIK,49915,MENGANTI
42385,JAWA TIMUR,49656,GRESIK,49710,PANCENG
42385,JAWA TIMUR,49656,GRESIK,49999,SANGKAPURA
42385,JAWA TIMUR,49656,GRESIK,49820,SIDAYU
42385,JAWA TIMUR,49656,GRESIK,50017,TAMBAK
42385,JAWA TIMUR,49656,GRESIK,49790,UJUNGPANGKAH
42385,JAWA TIMUR,49656,GRESIK,49773,WRINGINANOM
42385,JAWA TIMUR,44643,JEMBER,44786,AJUNG
42385,JAWA TIMUR,44643,JEMBER,44746,AMBULU
42385,JAWA TIMUR,44643,JEMBER,44828,ARJASA
42385,JAWA TIMUR,44643,JEMBER,44729,BALUNG
42385,JAWA TIMUR,44643,JEMBER,44717,BANGSALSARI
42385,JAWA TIMUR,44643,JEMBER,44668,GUMUKMAS
42385,JAWA TIMUR,44643,JEMBER,44851,JELBUK
42385,JAWA TIMUR,44643,JEMBER,44777,JENGGAWAH
42385,JAWA TIMUR,44643,JEMBER,44644,JOMBANG
42385,JAWA TIMUR,44643,JEMBER,44866,KALISAT
42385,JAWA TIMUR,44643,JEMBER,44803,KALIWATES
42385,JAWA TIMUR,44643,JEMBER,44651,KENCONG
42385,JAWA TIMUR,44643,JEMBER,44879,LEDOKOMBO
42385,JAWA TIMUR,44643,JEMBER,44858,MAYANG
42385,JAWA TIMUR,44643,JEMBER,44835,MUMBULSARI
42385,JAWA TIMUR,44643,JEMBER,44843,PAKUSARI
42385,JAWA TIMUR,44643,JEMBER,44763,PANTI
42385,JAWA TIMUR,44643,JEMBER,44811,PATRANG
42385,JAWA TIMUR,44643,JEMBER,44704,PUGER
42385,JAWA TIMUR,44643,JEMBER,44754,RAMBIPUJI
42385,JAWA TIMUR,44643,JEMBER,44697,SEMBORO
42385,JAWA TIMUR,44643,JEMBER,44903,SILO
42385,JAWA TIMUR,44643,JEMBER,44771,SUKORAMBI
42385,JAWA TIMUR,44643,JEMBER,44890,SUKOWONO
42385,JAWA TIMUR,44643,JEMBER,44657,SUMBERBARU
42385,JAWA TIMUR,44643,JEMBER,44913,SUMBERJAMBE
42385,JAWA TIMUR,44643,JEMBER,44820,SUMBERSARI
42385,JAWA TIMUR,44643,JEMBER,44688,TANGGUL
42385,JAWA TIMUR,44643,JEMBER,44794,TEMPUREJO
42385,JAWA TIMUR,44643,JEMBER,44677,UMBULSARI
42385,JAWA TIMUR,44643,JEMBER,44738,WULUHAN
42385,JAWA TIMUR,47001,JOMBANG,47279,BANDARKEDUNGMULYO
42385,JAWA TIMUR,47001,JOMBANG,47049,BARENG
42385,JAWA TIMUR,47001,JOMBANG,47112,DIWEK
42385,JAWA TIMUR,47001,JOMBANG,47016,GUDO
42385,JAWA TIMUR,47001,JOMBANG,47291,JOGOROTO
42385,JAWA TIMUR,47001,JOMBANG,47133,JOMBANG
42385,JAWA TIMUR,47001,JOMBANG,47250,KABUH
42385,JAWA TIMUR,47001,JOMBANG,47191,KESAMBEN
42385,JAWA TIMUR,47001,JOMBANG,47267,KUDU
42385,JAWA TIMUR,47001,JOMBANG,47303,MEGALUH
42385,JAWA TIMUR,47001,JOMBANG,47073,MOJOAGUNG
42385,JAWA TIMUR,47001,JOMBANG,47092,MOJOWARNO
42385,JAWA TIMUR,47001,JOMBANG,47035,NGORO
42385,JAWA TIMUR,47001,JOMBANG,47317,NGUSIKAN
42385,JAWA TIMUR,47001,JOMBANG,47002,PERAK
42385,JAWA TIMUR,47001,JOMBANG,47154,PETERONGAN
42385,JAWA TIMUR,47001,JOMBANG,47236,PLANDAAN
42385,JAWA TIMUR,47001,JOMBANG,47222,PLOSO
42385,JAWA TIMUR,47001,JOMBANG,47169,SUMOBITO
42385,JAWA TIMUR,47001,JOMBANG,47206,TEMBELANG
42385,JAWA TIMUR,47001,JOMBANG,47063,WONOSALAM
42385,JAWA TIMUR,43630,KEDIRI,43984,BADAS
42385,JAWA TIMUR,43630,KEDIRI,43936,BANYAKAN
42385,JAWA TIMUR,43630,KEDIRI,43796,GAMPENGREJO
42385,JAWA TIMUR,43630,KEDIRI,43808,GROGOL
42385,JAWA TIMUR,43630,KEDIRI,43760,GURAH
42385,JAWA TIMUR,43630,KEDIRI,43899,KANDANGAN
42385,JAWA TIMUR,43630,KEDIRI,43699,KANDAT
42385,JAWA TIMUR,43630,KEDIRI,43958,KAYEN KIDUL
42385,JAWA TIMUR,43630,KEDIRI,43888,KEPUNG
42385,JAWA TIMUR,43630,KEDIRI,43665,KRAS
42385,JAWA TIMUR,43630,KEDIRI,43923,KUNJANG
42385,JAWA TIMUR,43630,KEDIRI,43644,MOJO
42385,JAWA TIMUR,43630,KEDIRI,43682,NGADILUWIH
42385,JAWA TIMUR,43630,KEDIRI,43724,NGANCAR
42385,JAWA TIMUR,43630,KEDIRI,43971,NGASEM
42385,JAWA TIMUR,43630,KEDIRI,43782,PAGU
42385,JAWA TIMUR,43630,KEDIRI,43818,PAPAR
42385,JAWA TIMUR,43630,KEDIRI,43878,PARE
42385,JAWA TIMUR,43630,KEDIRI,43860,PLEMAHAN
42385,JAWA TIMUR,43630,KEDIRI,43744,PLOSOKLATEN
42385,JAWA TIMUR,43630,KEDIRI,43735,PUNCU
42385,JAWA TIMUR,43630,KEDIRI,43836,PURWOASRI
42385,JAWA TIMUR,43630,KEDIRI,43946,RINGINREJO
42385,JAWA TIMUR,43630,KEDIRI,43631,SEMEN
42385,JAWA TIMUR,43630,KEDIRI,43912,TAROKAN
42385,JAWA TIMUR,43630,KEDIRI,43712,WATES
42385,JAWA TIMUR,51550,KOTA BATU,51551,BATU
42385,JAWA TIMUR,51550,KOTA BATU,51560,BUMIAJI
42385,JAWA TIMUR,51550,KOTA BATU,51570,JUNREJO
42385,JAWA TIMUR,51145,KOTA BLITAR,51146,KEPANJENKIDUL
42385,JAWA TIMUR,51145,KOTA BLITAR,51162,SANANWETAN
42385,JAWA TIMUR,51145,KOTA BLITAR,51154,SUKOREJO
42385,JAWA TIMUR,51095,KOTA KEDIRI,51111,KOTA
42385,JAWA TIMUR,51095,KOTA KEDIRI,51096,MOJOROTO
42385,JAWA TIMUR,51095,KOTA KEDIRI,51129,PESANTREN
42385,JAWA TIMUR,51327,KOTA MADIUN,51328,KARTOHARJO
42385,JAWA TIMUR,51327,KOTA MADIUN,51338,MANGUHARJO
42385,JAWA TIMUR,51327,KOTA MADIUN,51348,TAMAN
42385,JAWA TIMUR,51170,KOTA MALANG,51171,BLIMBING
42385,JAWA TIMUR,51170,KOTA MALANG,51195,KEDUNGKANDANG
42385,JAWA TIMUR,51170,KOTA MALANG,51183,KLOJEN
42385,JAWA TIMUR,51170,KOTA MALANG,51220,LOWOKWARU
42385,JAWA TIMUR,51170,KOTA MALANG,51208,SUKUN
42385,JAWA TIMUR,51306,KOTA MOJOKERTO,930149,KRANGGAN
42385,JAWA TIMUR,51306,KOTA MOJOKERTO,51316,MAGERSARI
42385,JAWA TIMUR,51306,KOTA MOJOKERTO,51307,PRAJURIT KULON
42385,JAWA TIMUR,51268,KOTA PASURUAN,51292,BUGUL KIDUL
42385,JAWA TIMUR,51268,KOTA PASURUAN,51269,GADINGREJO
42385,JAWA TIMUR,51268,KOTA PASURUAN,83540,PANGGUNGREJO
42385,JAWA TIMUR,51268,KOTA PASURUAN,51281,PURWOREJO
42385,JAWA TIMUR,51233,KOTA PROBOLINGGO,51234,KADEMANGAN
42385,JAWA TIMUR,51233,KOTA PROBOLINGGO,83538,KANIGARAN
42385,JAWA TIMUR,51233,KOTA PROBOLINGGO,83539,KEDOPAK
42385,JAWA TIMUR,51233,KOTA PROBOLINGGO,51248,MAYANGAN
42385,JAWA TIMUR,51233,KOTA PROBOLINGGO,51241,WONOASIH
42385,JAWA TIMUR,51358,KOTA SURABAYA,51527,ASEM ROWO
42385,JAWA TIMUR,51358,KOTA SURABAYA,51476,BENOWO
42385,JAWA TIMUR,51358,KOTA SURABAYA,51439,BUBUTAN
42385,JAWA TIMUR,51358,KOTA SURABAYA,51533,BULAK
42385,JAWA TIMUR,51358,KOTA SURABAYA,51487,DUKUHPAKIS
42385,JAWA TIMUR,51358,KOTA SURABAYA,51492,GAYUNGAN
42385,JAWA TIMUR,51358,KOTA SURABAYA,51397,GENTENG
42385,JAWA TIMUR,51358,KOTA SURABAYA,51403,GUBENG
42385,JAWA TIMUR,51358,KOTA SURABAYA,51508,GUNUNG ANYAR
42385,JAWA TIMUR,51358,KOTA SURABAYA,51497,JAMBANGAN
42385,JAWA TIMUR,51358,KOTA SURABAYA,51359,KARANGPILANG
42385,JAWA TIMUR,51358,KOTA SURABAYA,51464,KENJERAN
42385,JAWA TIMUR,51358,KOTA SURABAYA,51452,KREMBANGAN
42385,JAWA TIMUR,51358,KOTA SURABAYA,51469,LAKARSANTRI
42385,JAWA TIMUR,51358,KOTA SURABAYA,51513,MULYOREJO
42385,JAWA TIMUR,51358,KOTA SURABAYA,51433,PABEAN CANTIKAN
42385,JAWA TIMUR,51358,KOTA SURABAYA,51539,PAKAL
42385,JAWA TIMUR,51358,KOTA SURABAYA,51370,RUNGKUT
42385,JAWA TIMUR,51358,KOTA SURABAYA,51545,SAMBIKEREP
42385,JAWA TIMUR,51358,KOTA SURABAYA,51390,SAWAHAN
42385,JAWA TIMUR,51358,KOTA SURABAYA,51458,SEMAMPIR
42385,JAWA TIMUR,51358,KOTA SURABAYA,51427,SIMOKERTO
42385,JAWA TIMUR,51358,KOTA SURABAYA,51410,SUKOLILO
42385,JAWA TIMUR,51358,KOTA SURABAYA,51520,SUKOMANUNGGAL
42385,JAWA TIMUR,51358,KOTA SURABAYA,51418,TAMBAKSARI
42385,JAWA TIMUR,51358,KOTA SURABAYA,51445,TANDES
42385,JAWA TIMUR,51358,KOTA SURABAYA,51384,TEGALSARI
42385,JAWA TIMUR,51358,KOTA SURABAYA,51502,TENGGILIS MEJOYO
42385,JAWA TIMUR,51358,KOTA SURABAYA,51482,WIYUNG
42385,JAWA TIMUR,51358,KOTA SURABAYA,51364,WONOCOLO
42385,JAWA TIMUR,51358,KOTA SURABAYA,51377,WONOKROMO
42385,JAWA TIMUR,49154,LAMONGAN,49213,BABAT
42385,JAWA TIMUR,49154,LAMONGAN,49165,BLULUK
42385,JAWA TIMUR,49154,LAMONGAN,49261,BRONDONG
42385,JAWA TIMUR,49154,LAMONGAN,49598,DEKET
42385,JAWA TIMUR,49154,LAMONGAN,49616,GLAGAH
42385,JAWA TIMUR,49154,LAMONGAN,49500,KALITENGAH
42385,JAWA TIMUR,49154,LAMONGAN,49576,KARANGBINANGUN
42385,JAWA TIMUR,49154,LAMONGAN,49462,KARANGGENENG
42385,JAWA TIMUR,49154,LAMONGAN,49237,KEDUNGPRING
42385,JAWA TIMUR,49154,LAMONGAN,49481,KEMBANGBAHU
42385,JAWA TIMUR,49154,LAMONGAN,49541,LAMONGAN
42385,JAWA TIMUR,49154,LAMONGAN,49272,LAREN
42385,JAWA TIMUR,49154,LAMONGAN,49315,MADURAN
42385,JAWA TIMUR,49154,LAMONGAN,49425,MANTUP
42385,JAWA TIMUR,49154,LAMONGAN,49175,MODO
42385,JAWA TIMUR,49154,LAMONGAN,49193,NGIMBANG
42385,JAWA TIMUR,49154,LAMONGAN,49396,PACIRAN
42385,JAWA TIMUR,49154,LAMONGAN,49378,PUCUK
42385,JAWA TIMUR,49154,LAMONGAN,49333,SAMBENG
42385,JAWA TIMUR,49154,LAMONGAN,49646,SARIREJO
42385,JAWA TIMUR,49154,LAMONGAN,49293,SEKARAN
42385,JAWA TIMUR,49154,LAMONGAN,49414,SOLOKURO
42385,JAWA TIMUR,49154,LAMONGAN,49356,SUGIO
42385,JAWA TIMUR,49154,LAMONGAN,49441,SUKODADI
42385,JAWA TIMUR,49154,LAMONGAN,49155,SUKORAME
42385,JAWA TIMUR,49154,LAMONGAN,49562,TIKUNG
42385,JAWA TIMUR,49154,LAMONGAN,49521,TURI
42385,JAWA TIMUR,44417,LUMAJANG,44433,CANDIPURO
42385,JAWA TIMUR,44417,LUMAJANG,44545,GUCIALIT
42385,JAWA TIMUR,44417,LUMAJANG,44589,JATIROTO
42385,JAWA TIMUR,44417,LUMAJANG,44576,KEDUNGJAJANG
42385,JAWA TIMUR,44417,LUMAJANG,44609,KLAKAH
42385,JAWA TIMUR,44417,LUMAJANG,44470,KUNIR
42385,JAWA TIMUR,44417,LUMAJANG,44511,LUMAJANG
42385,JAWA TIMUR,44417,LUMAJANG,44555,PADANG
42385,JAWA TIMUR,44417,LUMAJANG,44444,PASIRIAN
42385,JAWA TIMUR,44417,LUMAJANG,44524,PASRUJAMBE
42385,JAWA TIMUR,44417,LUMAJANG,44426,PRONOJIWO
42385,JAWA TIMUR,44417,LUMAJANG,44596,RANDUAGUNG
42385,JAWA TIMUR,44417,LUMAJANG,44622,RANUYOSO
42385,JAWA TIMUR,44417,LUMAJANG,44494,ROWOKANGKUNG
42385,JAWA TIMUR,44417,LUMAJANG,44532,SENDURO
42385,JAWA TIMUR,44417,LUMAJANG,44565,SUKODONO
42385,JAWA TIMUR,44417,LUMAJANG,44634,SUMBERSUKO
42385,JAWA TIMUR,44417,LUMAJANG,44502,TEKUNG
42385,JAWA TIMUR,44417,LUMAJANG,44456,TEMPEH
42385,JAWA TIMUR,44417,LUMAJANG,44418,TEMPURSARI
42385,JAWA TIMUR,44417,LUMAJANG,44482,YOSOWILANGUN
42385,JAWA TIMUR,47634,MADIUN,47762,BALEREJO
42385,JAWA TIMUR,47634,MADIUN,47683,DAGANGAN
42385,JAWA TIMUR,47634,MADIUN,47650,DOLOPO
42385,JAWA TIMUR,47634,MADIUN,47663,GEGER
42385,JAWA TIMUR,47634,MADIUN,47710,GEMARANG
42385,JAWA TIMUR,47634,MADIUN,47747,JIWAN
42385,JAWA TIMUR,47634,MADIUN,47701,KARE
42385,JAWA TIMUR,47634,MADIUN,47635,KEBONSARI
42385,JAWA TIMUR,47634,MADIUN,47733,MADIUN
42385,JAWA TIMUR,47634,MADIUN,47781,MEJAYAN
42385,JAWA TIMUR,47634,MADIUN,47812,PILANGKENCENG
42385,JAWA TIMUR,47634,MADIUN,47796,SARADAN
42385,JAWA TIMUR,47634,MADIUN,47831,SAWAHAN
42385,JAWA TIMUR,47634,MADIUN,47845,WONOASRI
42385,JAWA TIMUR,47634,MADIUN,47718,WUNGU
42385,JAWA TIMUR,47856,MAGETAN,48022,BARAT
42385,JAWA TIMUR,47856,MAGETAN,47989,BENDO
42385,JAWA TIMUR,47856,MAGETAN,48037,KARANGREJO
42385,JAWA TIMUR,47856,MAGETAN,48051,KARAS
42385,JAWA TIMUR,47856,MAGETAN,48063,KARTOHARJO
42385,JAWA TIMUR,47856,MAGETAN,47904,KAWEDANAN
42385,JAWA TIMUR,47856,MAGETAN,47880,LEMBEYAN
42385,JAWA TIMUR,47856,MAGETAN,47925,MAGETAN
42385,JAWA TIMUR,47856,MAGETAN,48006,MAOSPATI
42385,JAWA TIMUR,47856,MAGETAN,48076,NGARIBOYO
42385,JAWA TIMUR,47856,MAGETAN,48089,NGUNTORONADI
42385,JAWA TIMUR,47856,MAGETAN,47956,PANEKAN
42385,JAWA TIMUR,47856,MAGETAN,47866,PARANG
42385,JAWA TIMUR,47856,MAGETAN,47940,PLAOSAN
42385,JAWA TIMUR,47856,MAGETAN,47857,PONCOL
42385,JAWA TIMUR,47856,MAGETAN,48099,SIDOREJO
42385,JAWA TIMUR,47856,MAGETAN,47974,SUKOMORO
42385,JAWA TIMUR,47856,MAGETAN,47891,TAKERAN
42385,JAWA TIMUR,43993,MALANG,44054,AMPELGADING
42385,JAWA TIMUR,43993,MALANG,44014,BANTUR
42385,JAWA TIMUR,43993,MALANG,44170,BULULAWANG
42385,JAWA TIMUR,43993,MALANG,44041,DAMPIT
42385,JAWA TIMUR,43993,MALANG,44282,DAU
42385,JAWA TIMUR,43993,MALANG,43994,DONOMULYO
42385,JAWA TIMUR,43993,MALANG,44366,GEDANGAN
42385,JAWA TIMUR,43993,MALANG,44118,GONDANGLEGI
42385,JAWA TIMUR,43993,MALANG,44214,JABUNG
42385,JAWA TIMUR,43993,MALANG,44133,KALIPARE
42385,JAWA TIMUR,43993,MALANG,44293,KARANGPLOSO
42385,JAWA TIMUR,43993,MALANG,44359,KASEMBON
42385,JAWA TIMUR,43993,MALANG,44151,KEPANJEN
42385,JAWA TIMUR,43993,MALANG,44389,KROMENGAN
42385,JAWA TIMUR,43993,MALANG,44321,LAWANG
42385,JAWA TIMUR,43993,MALANG,44259,NGAJUM
42385,JAWA TIMUR,43993,MALANG,44345,NGANTANG
42385,JAWA TIMUR,43993,MALANG,44005,PAGAK
42385,JAWA TIMUR,43993,MALANG,44406,PAGELARAN
42385,JAWA TIMUR,43993,MALANG,44230,PAKIS
42385,JAWA TIMUR,43993,MALANG,44246,PAKISAJI
42385,JAWA TIMUR,43993,MALANG,44068,PONCOKUSUMO
42385,JAWA TIMUR,43993,MALANG,44334,PUJON
42385,JAWA TIMUR,43993,MALANG,44303,SINGOSARI
42385,JAWA TIMUR,43993,MALANG,44025,SUMBERMANJING WETAN
42385,JAWA TIMUR,43993,MALANG,44143,SUMBERPUCUNG
42385,JAWA TIMUR,43993,MALANG,44185,TAJINAN
42385,JAWA TIMUR,43993,MALANG,44375,TIRTOYUDO
42385,JAWA TIMUR,43993,MALANG,44198,TUMPANG
42385,JAWA TIMUR,43993,MALANG,44100,TUREN
42385,JAWA TIMUR,43993,MALANG,44269,WAGIR
42385,JAWA TIMUR,43993,MALANG,44086,WAJAK
42385,JAWA TIMUR,43993,MALANG,44397,WONOSARI
42385,JAWA TIMUR,46678,MOJOKERTO,46848,BANGSAL
42385,JAWA TIMUR,46678,MOJOKERTO,46969,DAWARBLANDONG
42385,JAWA TIMUR,46678,MOJOKERTO,46831,DLANGGU
42385,JAWA TIMUR,46678,MOJOKERTO,46916,GEDEG
42385,JAWA TIMUR,46678,MOJOKERTO,46699,GONDANG
42385,JAWA TIMUR,46678,MOJOKERTO,46679,JATIREJO
42385,JAWA TIMUR,46678,MOJOKERTO,46952,JETIS
42385,JAWA TIMUR,46678,MOJOKERTO,46931,KEMLAGI
42385,JAWA TIMUR,46678,MOJOKERTO,46793,KUTOREJO
42385,JAWA TIMUR,46678,MOJOKERTO,46988,MOJOANYAR
42385,JAWA TIMUR,46678,MOJOKERTO,46811,MOJOSARI
42385,JAWA TIMUR,46678,MOJOKERTO,46753,NGORO
42385,JAWA TIMUR,46678,MOJOKERTO,46718,PACET
42385,JAWA TIMUR,46678,MOJOKERTO,46773,PUNGGING
42385,JAWA TIMUR,46678,MOJOKERTO,46866,PURI
42385,JAWA TIMUR,46678,MOJOKERTO,46900,SOOKO
42385,JAWA TIMUR,46678,MOJOKERTO,46739,TRAWAS
42385,JAWA TIMUR,46678,MOJOKERTO,46883,TROWULAN
42385,JAWA TIMUR,47329,NGANJUK,47526,BAGOR
42385,JAWA TIMUR,47329,NGANJUK,47468,BARON
42385,JAWA TIMUR,47329,NGANJUK,47350,BERBEK
42385,JAWA TIMUR,47329,NGANJUK,47580,GONDANG
42385,JAWA TIMUR,47329,NGANJUK,47622,JATIKALEN
42385,JAWA TIMUR,47329,NGANJUK,47441,KERTOSONO
42385,JAWA TIMUR,47329,NGANJUK,47605,LENGKONG
42385,JAWA TIMUR,47329,NGANJUK,47370,LOCERET
42385,JAWA TIMUR,47329,NGANJUK,47510,NGANJUK
42385,JAWA TIMUR,47329,NGANJUK,47340,NGETOS
42385,JAWA TIMUR,47329,NGANJUK,47598,NGLUYU
42385,JAWA TIMUR,47329,NGANJUK,47427,NGRONGGOT
42385,JAWA TIMUR,47329,NGANJUK,47393,PACE
42385,JAWA TIMUR,47329,NGANJUK,47456,PATIANROWO
42385,JAWA TIMUR,47329,NGANJUK,47412,PRAMBON
42385,JAWA TIMUR,47329,NGANJUK,47555,REJOSO
42385,JAWA TIMUR,47329,NGANJUK,47330,SAWAHAN
42385,JAWA TIMUR,47329,NGANJUK,47497,SUKOMORO
42385,JAWA TIMUR,47329,NGANJUK,47480,TANJUNGANOM
42385,JAWA TIMUR,47329,NGANJUK,47548,WILANGAN
42385,JAWA TIMUR,48110,NGAWI,48302,BRINGIN
42385,JAWA TIMUR,48110,NGAWI,48166,GENENG
42385,JAWA TIMUR,48110,NGAWI,48332,GERIH
42385,JAWA TIMUR,48110,NGAWI,48142,JOGOROGO
42385,JAWA TIMUR,48110,NGAWI,48324,KARANGANYAR
42385,JAWA TIMUR,48110,NGAWI,48195,KARANGJATI
42385,JAWA TIMUR,48110,NGAWI,48338,KASREMAN
42385,JAWA TIMUR,48110,NGAWI,48258,KEDUNGGALAR
42385,JAWA TIMUR,48110,NGAWI,48155,KENDAL
42385,JAWA TIMUR,48110,NGAWI,48180,KWADUNGAN
42385,JAWA TIMUR,48110,NGAWI,48284,MANTINGAN
42385,JAWA TIMUR,48110,NGAWI,48226,NGAWI
42385,JAWA TIMUR,48110,NGAWI,48127,NGRAMBE
42385,JAWA TIMUR,48110,NGAWI,48213,PADAS
42385,JAWA TIMUR,48110,NGAWI,48292,PANGKUR
42385,JAWA TIMUR,48110,NGAWI,48243,PARON
42385,JAWA TIMUR,48110,NGAWI,48313,PITU
42385,JAWA TIMUR,48110,NGAWI,48111,SINE
42385,JAWA TIMUR,48110,NGAWI,48271,WIDODAREN
42385,JAWA TIMUR,42386,PACITAN,42474,ARJOSARI
42385,JAWA TIMUR,42386,PACITAN,42502,BANDAR
42385,JAWA TIMUR,42386,PACITAN,42387,DONOROJO
42385,JAWA TIMUR,42386,PACITAN,42454,KEBONAGUNG
42385,JAWA TIMUR,42386,PACITAN,42492,NAWANGAN
42385,JAWA TIMUR,42386,PACITAN,42540,NGADIROJO
42385,JAWA TIMUR,42386,PACITAN,42428,PACITAN
42385,JAWA TIMUR,42386,PACITAN,42400,PRINGKUKU
42385,JAWA TIMUR,42386,PACITAN,42414,PUNUNG
42385,JAWA TIMUR,42386,PACITAN,42559,SUDIMORO
42385,JAWA TIMUR,42386,PACITAN,42511,TEGALOMBO
42385,JAWA TIMUR,42386,PACITAN,42523,TULAKAN
42385,JAWA TIMUR,50532,PAMEKASAN,50700,BATUMARMAR
42385,JAWA TIMUR,50532,PAMEKASAN,50574,GALIS
42385,JAWA TIMUR,50532,PAMEKASAN,50714,KADUR
42385,JAWA TIMUR,50532,PAMEKASAN,50659,LARANGAN
42385,JAWA TIMUR,50532,PAMEKASAN,50551,PADEMAWU
42385,JAWA TIMUR,50532,PAMEKASAN,50674,PAKONG
42385,JAWA TIMUR,50532,PAMEKASAN,50632,PALENGA'AN
42385,JAWA TIMUR,50532,PAMEKASAN,50585,PAMEKASAN
42385,JAWA TIMUR,50532,PAMEKASAN,50725,PASEAN
42385,JAWA TIMUR,50532,PAMEKASAN,50645,PEGANTENAN
42385,JAWA TIMUR,50532,PAMEKASAN,50604,PROPPO
42385,JAWA TIMUR,50532,PAMEKASAN,50533,TLANAKAN
42385,JAWA TIMUR,50532,PAMEKASAN,50687,WARU
42385,JAWA TIMUR,45916,PASURUAN,46126,BANGIL
42385,JAWA TIMUR,45916,PASURUAN,46111,BEJI
42385,JAWA TIMUR,45916,PASURUAN,46095,GEMPOL
42385,JAWA TIMUR,45916,PASURUAN,46196,GONDANGWETAN
42385,JAWA TIMUR,45916,PASURUAN,46236,GRATI
42385,JAWA TIMUR,45916,PASURUAN,45983,KEJAYAN
42385,JAWA TIMUR,45916,PASURUAN,46160,KRATON
42385,JAWA TIMUR,45916,PASURUAN,46268,LEKOK
42385,JAWA TIMUR,45916,PASURUAN,45952,LUMBANG
42385,JAWA TIMUR,45916,PASURUAN,46252,NGULING
42385,JAWA TIMUR,45916,PASURUAN,46076,PANDAAN
42385,JAWA TIMUR,45916,PASURUAN,45965,PASREPAN
42385,JAWA TIMUR,45916,PASURUAN,46186,POHJENTREK
42385,JAWA TIMUR,45916,PASURUAN,46061,PRIGEN
42385,JAWA TIMUR,45916,PASURUAN,45917,PURWODADI
42385,JAWA TIMUR,45916,PASURUAN,46025,PURWOSARI
42385,JAWA TIMUR,45916,PASURUAN,45944,PUSPO
42385,JAWA TIMUR,45916,PASURUAN,46280,REJOSO
42385,JAWA TIMUR,45916,PASURUAN,46142,REMBANG
42385,JAWA TIMUR,45916,PASURUAN,46041,SUKOREJO
42385,JAWA TIMUR,45916,PASURUAN,46297,TOSARI
42385,JAWA TIMUR,45916,PASURUAN,45931,TUTUR
42385,JAWA TIMUR,45916,PASURUAN,46217,WINONGAN
42385,JAWA TIMUR,45916,PASURUAN,46009,WONOREJO
42385,JAWA TIMUR,42570,PONOROGO,42813,BABADAN
42385,JAWA TIMUR,42570,PONOROGO,42771,BADEGAN
42385,JAWA TIMUR,42570,PONOROGO,42733,BALONG
42385,JAWA TIMUR,42570,PONOROGO,42606,BUNGKAL
42385,JAWA TIMUR,42570,PONOROGO,42876,JAMBON
42385,JAWA TIMUR,42570,PONOROGO,42849,JENANGAN
42385,JAWA TIMUR,42570,PONOROGO,42699,JETIS
42385,JAWA TIMUR,42570,PONOROGO,42754,KAUMAN
42385,JAWA TIMUR,42570,PONOROGO,42683,MLARAK
42385,JAWA TIMUR,42570,PONOROGO,42867,NGEBEL
42385,JAWA TIMUR,42570,PONOROGO,42594,NGRAYUN
42385,JAWA TIMUR,42570,PONOROGO,42829,PONOROGO
42385,JAWA TIMUR,42570,PONOROGO,42890,PUDAK
42385,JAWA TIMUR,42570,PONOROGO,42664,PULUNG
42385,JAWA TIMUR,42570,PONOROGO,42626,SAMBIT
42385,JAWA TIMUR,42570,PONOROGO,42782,SAMPUNG
42385,JAWA TIMUR,42570,PONOROGO,42642,SAWOO
42385,JAWA TIMUR,42570,PONOROGO,42714,SIMAN
42385,JAWA TIMUR,42570,PONOROGO,42571,SLAHUNG
42385,JAWA TIMUR,42570,PONOROGO,42657,SOOKO
42385,JAWA TIMUR,42570,PONOROGO,42794,SUKOREJO
42385,JAWA TIMUR,45561,PROBOLINGGO,45593,BANTARAN
42385,JAWA TIMUR,45561,PROBOLINGGO,45615,BANYUANYAR
42385,JAWA TIMUR,45561,PROBOLINGGO,45735,BESUK
42385,JAWA TIMUR,45561,PROBOLINGGO,45836,DRINGU
42385,JAWA TIMUR,45561,PROBOLINGGO,45662,GADING
42385,JAWA TIMUR,45561,PROBOLINGGO,45822,GENDING
42385,JAWA TIMUR,45561,PROBOLINGGO,45700,KOTAANYAR
42385,JAWA TIMUR,45561,PROBOLINGGO,45753,KRAKSAAN
42385,JAWA TIMUR,45561,PROBOLINGGO,45772,KREJENGAN
42385,JAWA TIMUR,45561,PROBOLINGGO,45647,KRUCIL
42385,JAWA TIMUR,45561,PROBOLINGGO,45585,KURIPAN
42385,JAWA TIMUR,45561,PROBOLINGGO,45604,LECES
42385,JAWA TIMUR,45561,PROBOLINGGO,45905,LUMBANG
42385,JAWA TIMUR,45561,PROBOLINGGO,45803,MARON
42385,JAWA TIMUR,45561,PROBOLINGGO,45714,PAITON
42385,JAWA TIMUR,45561,PROBOLINGGO,45790,PAJARAKAN
42385,JAWA TIMUR,45561,PROBOLINGGO,45682,PAKUNIRAN
42385,JAWA TIMUR,45561,PROBOLINGGO,45562,SUKAPURA
42385,JAWA TIMUR,45561,PROBOLINGGO,45575,SUMBER
42385,JAWA TIMUR,45561,PROBOLINGGO,45864,SUMBERASIH
42385,JAWA TIMUR,45561,PROBOLINGGO,45851,TEGALSIWALAN
42385,JAWA TIMUR,45561,PROBOLINGGO,45630,TIRIS
42385,JAWA TIMUR,45561,PROBOLINGGO,45890,TONGAS
42385,JAWA TIMUR,45561,PROBOLINGGO,45878,WONOMERTO
42385,JAWA TIMUR,50331,SAMPANG,50458,BANYUATES
42385,JAWA TIMUR,50331,SAMPANG,50377,CAMPLONG
42385,JAWA TIMUR,50331,SAMPANG,50432,JRENGIK
42385,JAWA TIMUR,50331,SAMPANG,50524,KARANGPENANG
42385,JAWA TIMUR,50331,SAMPANG,50413,KEDUNGDUNG
42385,JAWA TIMUR,50331,SAMPANG,50502,KETAPANG
42385,JAWA TIMUR,50331,SAMPANG,50392,OMBEN
42385,JAWA TIMUR,50331,SAMPANG,50517,PANGARENGAN
42385,JAWA TIMUR,50331,SAMPANG,50479,ROBATAL
42385,JAWA TIMUR,50331,SAMPANG,50358,SAMPANG
42385,JAWA TIMUR,50331,SAMPANG,50489,SOKOBANAH
42385,JAWA TIMUR,50331,SAMPANG,50332,SRESEH
42385,JAWA TIMUR,50331,SAMPANG,50447,TAMBELANGAN
42385,JAWA TIMUR,50331,SAMPANG,50345,TORJUN
42385,JAWA TIMUR,46306,SIDOARJO,46545,BALONGBENDO
42385,JAWA TIMUR,46306,SIDOARJO,46611,BUDURAN
42385,JAWA TIMUR,46306,SIDOARJO,46425,CANDI
42385,JAWA TIMUR,46306,SIDOARJO,46627,GEDANGAN
42385,JAWA TIMUR,46306,SIDOARJO,46389,JABON
42385,JAWA TIMUR,46306,SIDOARJO,46349,KREMBUNG
42385,JAWA TIMUR,46306,SIDOARJO,46522,KRIAN
42385,JAWA TIMUR,46306,SIDOARJO,46369,PORONG
42385,JAWA TIMUR,46306,SIDOARJO,46328,PRAMBON
42385,JAWA TIMUR,46306,SIDOARJO,46643,SEDATI
42385,JAWA TIMUR,46306,SIDOARJO,46450,SIDOARJO
42385,JAWA TIMUR,46306,SIDOARJO,46591,SUKODONO
42385,JAWA TIMUR,46306,SIDOARJO,46566,TAMAN
42385,JAWA TIMUR,46306,SIDOARJO,46405,TANGGULANGIN
42385,JAWA TIMUR,46306,SIDOARJO,46307,TARIK
42385,JAWA TIMUR,46306,SIDOARJO,46475,TULANGAN
42385,JAWA TIMUR,46306,SIDOARJO,46660,WARU
42385,JAWA TIMUR,46306,SIDOARJO,46498,WONOAYU
42385,JAWA TIMUR,45407,SITUBONDO,45500,ARJASA
42385,JAWA TIMUR,45407,SITUBONDO,45518,ASEMBAGUS
42385,JAWA TIMUR,45407,SITUBONDO,45545,BANYUGLUGUR
42385,JAWA TIMUR,45407,SITUBONDO,45529,BANYUPUTIH
42385,JAWA TIMUR,45407,SITUBONDO,45417,BESUKI
42385,JAWA TIMUR,45407,SITUBONDO,45553,BUNGATAN
42385,JAWA TIMUR,45407,SITUBONDO,45509,JANGKAR
42385,JAWA TIMUR,45407,SITUBONDO,45408,JATIBANTENG
42385,JAWA TIMUR,45407,SITUBONDO,45489,KAPONGAN
42385,JAWA TIMUR,45407,SITUBONDO,45445,KENDIT
42385,JAWA TIMUR,45407,SITUBONDO,45482,MANGARAN
42385,JAWA TIMUR,45407,SITUBONDO,45437,MLANDINGAN
42385,JAWA TIMUR,45407,SITUBONDO,45453,PANARUKAN
42385,JAWA TIMUR,45407,SITUBONDO,45469,PANJI
42385,JAWA TIMUR,45407,SITUBONDO,45462,SITUBONDO
42385,JAWA TIMUR,45407,SITUBONDO,45428,SUBOH
42385,JAWA TIMUR,45407,SITUBONDO,45535,SUMBERMALANG
42385,JAWA TIMUR,50735,SUMENEP,50891,AMBUNTEN
42385,JAWA TIMUR,50735,SUMENEP,51047,ARJASA
42385,JAWA TIMUR,50735,SUMENEP,50946,BATANG BATANG
42385,JAWA TIMUR,50735,SUMENEP,51077,BATUAN
42385,JAWA TIMUR,50735,SUMENEP,50963,BATU PUTIH
42385,JAWA TIMUR,50735,SUMENEP,50782,BLUTO
42385,JAWA TIMUR,50735,SUMENEP,50918,DASUK
42385,JAWA TIMUR,50735,SUMENEP,50978,DUNGKEK
42385,JAWA TIMUR,50735,SUMENEP,50861,GANDING
42385,JAWA TIMUR,50735,SUMENEP,50994,GAPURA
42385,JAWA TIMUR,50735,SUMENEP,51012,GAYAM
42385,JAWA TIMUR,50735,SUMENEP,50839,GILI GINTING
42385,JAWA TIMUR,50735,SUMENEP,50848,GULUK-GULUK
42385,JAWA TIMUR,50735,SUMENEP,50753,KALIANGET
42385,JAWA TIMUR,50735,SUMENEP,51085,KANGAYAN
42385,JAWA TIMUR,50735,SUMENEP,50736,KOTA SUMENEP
42385,JAWA TIMUR,50735,SUMENEP,50818,LENTENG
42385,JAWA TIMUR,50735,SUMENEP,50761,MANDING
42385,JAWA TIMUR,50735,SUMENEP,51042,MASALEMBU
42385,JAWA TIMUR,50735,SUMENEP,51023,NONGGUNONG
42385,JAWA TIMUR,50735,SUMENEP,50907,PASONGSONGAN
42385,JAWA TIMUR,50735,SUMENEP,50876,PRAGAAN
42385,JAWA TIMUR,50735,SUMENEP,51032,RA'AS
42385,JAWA TIMUR,50735,SUMENEP,50934,RUBARU
42385,JAWA TIMUR,50735,SUMENEP,51067,SAPEKEN
42385,JAWA TIMUR,50735,SUMENEP,50803,SARONGGI
42385,JAWA TIMUR,50735,SUMENEP,50773,TALANGO
42385,JAWA TIMUR,42897,TRENGGALEK,43000,BENDUNGAN
42385,JAWA TIMUR,42897,TRENGGALEK,42939,DONGKO
42385,JAWA TIMUR,42897,TRENGGALEK,43046,DURENAN
42385,JAWA TIMUR,42897,TRENGGALEK,43009,GANDUSARI
42385,JAWA TIMUR,42897,TRENGGALEK,42979,KAMPAK
42385,JAWA TIMUR,42897,TRENGGALEK,42966,KARANGAN
42385,JAWA TIMUR,42897,TRENGGALEK,42916,MUNJUNGAN
42385,JAWA TIMUR,42897,TRENGGALEK,42898,PANGGUL
42385,JAWA TIMUR,42897,TRENGGALEK,43035,POGALAN
42385,JAWA TIMUR,42897,TRENGGALEK,42928,PULE
42385,JAWA TIMUR,42897,TRENGGALEK,43061,SURUH
42385,JAWA TIMUR,42897,TRENGGALEK,43021,TRENGGALEK
42385,JAWA TIMUR,42897,TRENGGALEK,42950,TUGU
42385,JAWA TIMUR,42897,TRENGGALEK,42987,WATULIMO
42385,JAWA TIMUR,48805,TUBAN,48850,BANCAR
42385,JAWA TIMUR,48805,TUBAN,48835,BANGILAN
42385,JAWA TIMUR,48805,TUBAN,49142,GRABAGAN
42385,JAWA TIMUR,48805,TUBAN,48816,JATIROGO
42385,JAWA TIMUR,48805,TUBAN,48995,JENU
42385,JAWA TIMUR,48805,TUBAN,48806,KENDURUAN
42385,JAWA TIMUR,48805,TUBAN,48920,KEREK
42385,JAWA TIMUR,48805,TUBAN,49013,MERAKURAK
42385,JAWA TIMUR,48805,TUBAN,48957,MONTONG
42385,JAWA TIMUR,48805,TUBAN,49105,PALANG
42385,JAWA TIMUR,48805,TUBAN,48938,PARENGAN
42385,JAWA TIMUR,48805,TUBAN,49086,PLUMPANG
42385,JAWA TIMUR,48805,TUBAN,49033,RENGEL
42385,JAWA TIMUR,48805,TUBAN,49050,SEMANDING
42385,JAWA TIMUR,48805,TUBAN,48875,SENORI
42385,JAWA TIMUR,48805,TUBAN,48907,SINGGAHAN
42385,JAWA TIMUR,48805,TUBAN,48971,SOKO
42385,JAWA TIMUR,48805,TUBAN,48888,TAMBAKBOYO
42385,JAWA TIMUR,48805,TUBAN,49068,TUBAN
42385,JAWA TIMUR,48805,TUBAN,49125,WIDANG
42385,JAWA TIMUR,43069,TULUNGAGUNG,43313,BANDUNG
42385,JAWA TIMUR,43069,TULUNGAGUNG,43292,BESUKI
42385,JAWA TIMUR,43069,TULUNGAGUNG,43085,BOYOLANGU
42385,JAWA TIMUR,43069,TULUNGAGUNG,43303,CAMPURDARAT
42385,JAWA TIMUR,43069,TULUNGAGUNG,43189,GONDANG
42385,JAWA TIMUR,43069,TULUNGAGUNG,43274,KALIDAWIR
42385,JAWA TIMUR,43069,TULUNGAGUNG,43175,KARANGREJO
42385,JAWA TIMUR,43069,TULUNGAGUNG,43137,KAUMAN
42385,JAWA TIMUR,43069,TULUNGAGUNG,43103,KEDUNGWARU
42385,JAWA TIMUR,43069,TULUNGAGUNG,43123,NGANTRU
42385,JAWA TIMUR,43069,TULUNGAGUNG,43228,NGUNUT
42385,JAWA TIMUR,43069,TULUNGAGUNG,43151,PAGERWOJO
42385,JAWA TIMUR,43069,TULUNGAGUNG,43332,PAKEL
42385,JAWA TIMUR,43069,TULUNGAGUNG,43247,PUCANGLABAN
42385,JAWA TIMUR,43069,TULUNGAGUNG,43257,REJOTANGAN
42385,JAWA TIMUR,43069,TULUNGAGUNG,43163,SENDANG
42385,JAWA TIMUR,43069,TULUNGAGUNG,43210,SUMBERGEMPOL
42385,JAWA TIMUR,43069,TULUNGAGUNG,43352,TANGGUNGGUNUNG
42385,JAWA TIMUR,43069,TULUNGAGUNG,43070,TULUNGAGUNG
51578,BANTEN,53054,KOTA CILEGON,53055,CIBEBER
51578,BANTEN,53054,KOTA CILEGON,53062,CILEGON
51578,BANTEN,53054,KOTA CILEGON,53098,CITANGKIL
51578,BANTEN,53054,KOTA CILEGON,53073,CIWANDAN
51578,BANTEN,53054,KOTA CILEGON,53086,GEROGOL
51578,BANTEN,53054,KOTA CILEGON,53080,JOMBANG
51578,BANTEN,53054,KOTA CILEGON,53068,PULOMERAK
51578,BANTEN,53054,KOTA CILEGON,53091,PURWAKARTA
51578,BANTEN,53106,KOTA SERANG,53157,CIPOCOK JAYA
51578,BANTEN,53106,KOTA SERANG,53146,CURUG
51578,BANTEN,53106,KOTA SERANG,53120,KASEMEN
51578,BANTEN,53106,KOTA SERANG,53107,SERANG
51578,BANTEN,53106,KOTA SERANG,53166,TAKTAKAN
51578,BANTEN,53106,KOTA SERANG,53131,WALANTAKA
51578,BANTEN,52936,KOTA TANGERANG,52953,BATUCEPER
51578,BANTEN,52936,KOTA TANGERANG,52961,BENDA
51578,BANTEN,52936,KOTA TANGERANG,53010,CIBODAS
51578,BANTEN,52936,KOTA TANGERANG,52978,CILEDUG
51578,BANTEN,52936,KOTA TANGERANG,52967,CIPONDOH
51578,BANTEN,52936,KOTA TANGERANG,52946,JATIUWUNG
51578,BANTEN,52936,KOTA TANGERANG,53037,KARANG TENGAH
51578,BANTEN,52936,KOTA TANGERANG,52987,KARAWACI
51578,BANTEN,52936,KOTA TANGERANG,53045,LARANGAN
51578,BANTEN,52936,KOTA TANGERANG,53017,NEGLASARI
51578,BANTEN,52936,KOTA TANGERANG,53004,PERIUK
51578,BANTEN,52936,KOTA TANGERANG,53025,PINANG
51578,BANTEN,52936,KOTA TANGERANG,52937,TANGERANG
51578,BANTEN,53179,KOTA TANGERANG SELATAN,53210,CIPUTAT
51578,BANTEN,53179,KOTA TANGERANG SELATAN,53218,CIPUTAT TIMUR
51578,BANTEN,53179,KOTA TANGERANG SELATAN,53225,PAMULANG
51578,BANTEN,53179,KOTA TANGERANG SELATAN,53198,PONDOK AREN
51578,BANTEN,53179,KOTA TANGERANG SELATAN,53180,SERPONG
51578,BANTEN,53179,KOTA TANGERANG SELATAN,53190,SERPONG UTARA
51578,BANTEN,53179,KOTA TANGERANG SELATAN,53234,SETU
51578,BANTEN,51913,LEBAK,52017,BANJARSARI
51578,BANTEN,51913,LEBAK,51941,BAYAH
51578,BANTEN,51913,LEBAK,51994,BOJONGMANIK
51578,BANTEN,51913,LEBAK,52155,CIBADAK
51578,BANTEN,51913,LEBAK,52171,CIBEBER
51578,BANTEN,51913,LEBAK,52277,CIGEMBLONG
51578,BANTEN,51913,LEBAK,52256,CIHARA
51578,BANTEN,51913,LEBAK,52130,CIJAKU
51578,BANTEN,51913,LEBAK,52141,CIKULUR
51578,BANTEN,51913,LEBAK,52038,CILELES
51578,BANTEN,51913,LEBAK,52194,CILOGRANG
51578,BANTEN,51913,LEBAK,52051,CIMARGA
51578,BANTEN,51913,LEBAK,51953,CIPANAS
51578,BANTEN,51913,LEBAK,52266,CIRINTEN
51578,BANTEN,51913,LEBAK,52230,CURUG BITUNG
51578,BANTEN,51913,LEBAK,52004,GUNUNGKENCANA
51578,BANTEN,51913,LEBAK,52241,KALANGANYAR
51578,BANTEN,51913,LEBAK,52249,LEBAKGEDONG
51578,BANTEN,51913,LEBAK,51981,LEUWIDAMAR
51578,BANTEN,51913,LEBAK,52085,MAJA
51578,BANTEN,51913,LEBAK,51914,MALINGPING
51578,BANTEN,51913,LEBAK,51968,MUNCANG
51578,BANTEN,51913,LEBAK,51929,PANGGARANGAN
51578,BANTEN,51913,LEBAK,52100,RANGKASBITUNG
51578,BANTEN,51913,LEBAK,52069,SAJIRA
51578,BANTEN,51913,LEBAK,52219,SOBANG
51578,BANTEN,51913,LEBAK,52205,WANASALAM
51578,BANTEN,51913,LEBAK,52117,WARUNGGUNUNG
51578,BANTEN,51579,PANDEGLANG,51643,ANGSANA
51578,BANTEN,51579,PANDEGLANG,51796,BANJAR
51578,BANTEN,51579,PANDEGLANG,51677,BOJONG
51578,BANTEN,51579,PANDEGLANG,51813,CADASARI
51578,BANTEN,51579,PANDEGLANG,51872,CARITA
51578,BANTEN,51579,PANDEGLANG,51601,CIBALIUNG
51578,BANTEN,51579,PANDEGLANG,51861,CIBITUNG
51578,BANTEN,51579,PANDEGLANG,51626,CIGEULIS
51578,BANTEN,51579,PANDEGLANG,51850,CIKEDAL
51578,BANTEN,51579,PANDEGLANG,51611,CIKEUSIK
51578,BANTEN,51579,PANDEGLANG,51588,CIMANGGU
51578,BANTEN,51579,PANDEGLANG,51773,CIMANUK
51578,BANTEN,51579,PANDEGLANG,51732,CIPEUCANG
51578,BANTEN,51579,PANDEGLANG,51825,CISATA
51578,BANTEN,51579,PANDEGLANG,51743,JIPUT
51578,BANTEN,51579,PANDEGLANG,51785,KADUHEJO
51578,BANTEN,51579,PANDEGLANG,51845,KARANG TANJUNG
51578,BANTEN,51579,PANDEGLANG,83879,KORONCONG
51578,BANTEN,51579,PANDEGLANG,51695,LABUAN
51578,BANTEN,51579,PANDEGLANG,83880,MAJASARI
51578,BANTEN,51579,PANDEGLANG,51757,MANDALAWANGI
51578,BANTEN,51579,PANDEGLANG,51894,MEKARJAYA
51578,BANTEN,51579,PANDEGLANG,51705,MENES
51578,BANTEN,51579,PANDEGLANG,51653,MUNJUL
51578,BANTEN,51579,PANDEGLANG,51663,PAGELARAN
51578,BANTEN,51579,PANDEGLANG,51808,PANDEGLANG
51578,BANTEN,51579,PANDEGLANG,51636,PANIMBANG
51578,BANTEN,51579,PANDEGLANG,51835,PATIA
51578,BANTEN,51579,PANDEGLANG,51686,PICUNG
51578,BANTEN,51579,PANDEGLANG,83878,PULOSARI
51578,BANTEN,51579,PANDEGLANG,51717,SAKETI
51578,BANTEN,51579,PANDEGLANG,51903,SINDANGRESMI
51578,BANTEN,51579,PANDEGLANG,83881,SOBANG
51578,BANTEN,51579,PANDEGLANG,51883,SUKARESMI
51578,BANTEN,51579,PANDEGLANG,51580,SUMUR
51578,BANTEN,52593,SERANG,52880,ANYAR
51578,BANTEN,52593,SERANG,52927,BANDUNG
51578,BANTEN,52593,SERANG,52783,BAROS
51578,BANTEN,52593,SERANG,52751,BINUANG
51578,BANTEN,52593,SERANG,52622,BOJONEGARA
51578,BANTEN,52593,SERANG,52740,CARENANG
51578,BANTEN,52593,SERANG,52717,CIKANDE
51578,BANTEN,52593,SERANG,52798,CIKEUSAL
51578,BANTEN,52593,SERANG,52891,CINANGKA
51578,BANTEN,52593,SERANG,52845,CIOMAS
51578,BANTEN,52593,SERANG,52643,CIRUAS
51578,BANTEN,52593,SERANG,52919,GUNUNG SARI
51578,BANTEN,52593,SERANG,52835,JAWILAN
51578,BANTEN,52593,SERANG,52730,KIBIN
51578,BANTEN,52593,SERANG,52824,KOPO
51578,BANTEN,52593,SERANG,52661,KRAGILAN
51578,BANTEN,52593,SERANG,52594,KRAMATWATU
51578,BANTEN,52593,SERANG,83885,LEBAK WANGI
51578,BANTEN,52593,SERANG,52905,MANCAK
51578,BANTEN,52593,SERANG,52857,PABUARAN
51578,BANTEN,52593,SERANG,52865,PADARINCANG
51578,BANTEN,52593,SERANG,52814,PAMARAYAN
51578,BANTEN,52593,SERANG,52759,PETIR
51578,BANTEN,52593,SERANG,52676,PONTANG
51578,BANTEN,52593,SERANG,52633,PULO AMPEL
51578,BANTEN,52593,SERANG,52707,TANARA
51578,BANTEN,52593,SERANG,52692,TIRTAYASA
51578,BANTEN,52593,SERANG,52773,TUNJUNG TEJA
51578,BANTEN,52593,SERANG,52610,WARINGINKURUNG
51578,BANTEN,52287,TANGERANG,52288,BALARAJA
51578,BANTEN,52287,TANGERANG,52478,CIKUPA
51578,BANTEN,52287,TANGERANG,52526,CISAUK
51578,BANTEN,52287,TANGERANG,52333,CISOKA
51578,BANTEN,52287,TANGERANG,52470,CURUG
51578,BANTEN,52287,TANGERANG,52574,GUNUNG KALER
51578,BANTEN,52287,TANGERANG,52322,JAMBE
51578,BANTEN,52287,TANGERANG,52298,JAYANTI
51578,BANTEN,52287,TANGERANG,52542,KELAPA DUA
51578,BANTEN,52287,TANGERANG,52380,KEMIRI
51578,BANTEN,52287,TANGERANG,52435,KOSAMBI
51578,BANTEN,52287,TANGERANG,52344,KRESEK
51578,BANTEN,52287,TANGERANG,52355,KRONJO
51578,BANTEN,52287,TANGERANG,52502,LEGOK
51578,BANTEN,52287,TANGERANG,52367,MAUK
51578,BANTEN,52287,TANGERANG,52584,MEKAR BARU
51578,BANTEN,52287,TANGERANG,52514,PAGEDANGAN
51578,BANTEN,52287,TANGERANG,52446,PAKUHAJI
51578,BANTEN,52287,TANGERANG,52493,PANONGAN
51578,BANTEN,52287,TANGERANG,52411,PASAR KEMIS
51578,BANTEN,52287,TANGERANG,52397,RAJEG
51578,BANTEN,52287,TANGERANG,52461,SEPATAN
51578,BANTEN,52287,TANGERANG,52557,SEPATAN TIMUR
51578,BANTEN,52287,TANGERANG,52549,SINDANG JAYA
51578,BANTEN,52287,TANGERANG,52566,SOLEAR
51578,BANTEN,52287,TANGERANG,52388,SUKADIRI
51578,BANTEN,52287,TANGERANG,52533,SUKAMULYA
51578,BANTEN,52287,TANGERANG,52421,TELUKNAGA
51578,BANTEN,52287,TANGERANG,52307,TIGARAKSA
53241,BALI,53439,BADUNG,53467,ABIANSEMAL
53241,BALI,53439,BADUNG,53440,KUTA
53241,BALI,53439,BADUNG,53494,KUTA SELATAN
53241,BALI,53439,BADUNG,53501,KUTA UTARA
53241,BALI,53439,BADUNG,53446,MENGWI
53241,BALI,53439,BADUNG,53486,PETANG
53241,BALI,53650,BANGLI,53661,BANGLI
53241,BALI,53650,BANGLI,53678,KINTAMANI
53241,BALI,53650,BANGLI,53651,SUSUT
53241,BALI,53650,BANGLI,53671,TEMBUKU
53241,BALI,53814,BULELENG,53868,BANJAR
53241,BALI,53814,BULELENG,53902,BULELENG
53241,BALI,53814,BULELENG,53852,BUSUNG BIU
53241,BALI,53814,BULELENG,53815,GEROKGAK
53241,BALI,53814,BULELENG,53947,KUBUTAMBAHAN
53241,BALI,53814,BULELENG,53932,SAWAN
53241,BALI,53814,BULELENG,53830,SERIRIT
53241,BALI,53814,BULELENG,53886,SUKASADA
53241,BALI,53814,BULELENG,53961,TEJAKULA
53241,BALI,53508,GIANYAR,53522,BLAHBATUH
53241,BALI,53508,GIANYAR,53532,GIANYAR
53241,BALI,53508,GIANYAR,53576,PAYANGAN
53241,BALI,53508,GIANYAR,53509,SUKAWATI
53241,BALI,53508,GIANYAR,53550,TAMPAKSIRING
53241,BALI,53508,GIANYAR,53568,TEGALALLANG
53241,BALI,53508,GIANYAR,53559,UBUD
53241,BALI,53242,JEMBRANA,53288,JEMBRANA
53241,BALI,53242,JEMBRANA,53277,MELAYA
53241,BALI,53242,JEMBRANA,53256,MENDOYO
53241,BALI,53242,JEMBRANA,53243,NEGARA
53241,BALI,53242,JEMBRANA,53268,PEKUTATAN
53241,BALI,53727,KARANGASEM,53771,ABANG
53241,BALI,53727,KARANGASEM,53786,BEBANDEM
53241,BALI,53727,KARANGASEM,53759,KARANGASEM
53241,BALI,53727,KARANGASEM,53804,KUBU
53241,BALI,53727,KARANGASEM,53746,MANGGIS
53241,BALI,53727,KARANGASEM,53728,RENDANG
53241,BALI,53727,KARANGASEM,53795,SELAT
53241,BALI,53727,KARANGASEM,53735,SIDEMEN
53241,BALI,53586,KLUNGKUNG,53604,BANJARANGKAN
53241,BALI,53586,KLUNGKUNG,53637,DAWAN
53241,BALI,53586,KLUNGKUNG,53618,KLUNGKUNG
53241,BALI,53586,KLUNGKUNG,53587,NUSA PENIDA
53241,BALI,53972,KOTA DENPASAR,53996,DENPASAR BARAT
53241,BALI,53972,KOTA DENPASAR,53973,DENPASAR SELATAN
53241,BALI,53972,KOTA DENPASAR,53984,DENPASAR TIMUR
53241,BALI,53972,KOTA DENPASAR,54008,DENPASAR UTARA
53241,BALI,53299,TABANAN,53412,BATURITI
53241,BALI,53299,TABANAN,53361,KEDIRI
53241,BALI,53299,TABANAN,53332,KERAMBITAN
53241,BALI,53299,TABANAN,53377,MARGA
53241,BALI,53299,TABANAN,53393,PENEBEL
53241,BALI,53299,TABANAN,53425,PUPUAN
53241,BALI,53299,TABANAN,53300,SELEMADEG
53241,BALI,53299,TABANAN,53322,SELEMADEG BARAT
53241,BALI,53299,TABANAN,53311,SELEMADEG TIMUR
53241,BALI,53299,TABANAN,53348,TABANAN
54020,NUSA TENGGARA BARAT,54666,BIMA,54774,AMBALAWI
54020,NUSA TENGGARA BARAT,54666,BIMA,54709,BELO
54020,NUSA TENGGARA BARAT,54666,BIMA,54680,BOLO
54020,NUSA TENGGARA BARAT,54666,BIMA,54758,DONGGO
54020,NUSA TENGGARA BARAT,54666,BIMA,54837,LAMBITU
54020,NUSA TENGGARA BARAT,54666,BIMA,54794,LAMBU
54020,NUSA TENGGARA BARAT,54666,BIMA,54781,LANGGUDU
54020,NUSA TENGGARA BARAT,54666,BIMA,54807,MADAPANGGA
54020,NUSA TENGGARA BARAT,54666,BIMA,54667,MONTA
54020,NUSA TENGGARA BARAT,54666,BIMA,54843,PALIBELO
54020,NUSA TENGGARA BARAT,54666,BIMA,54831,PARADO
54020,NUSA TENGGARA BARAT,54666,BIMA,54767,SANGGAR
54020,NUSA TENGGARA BARAT,54666,BIMA,54728,SAPE
54020,NUSA TENGGARA BARAT,54666,BIMA,54824,SOROMANDI
54020,NUSA TENGGARA BARAT,54666,BIMA,54818,TAMBORA
54020,NUSA TENGGARA BARAT,54666,BIMA,54718,WAWO
54020,NUSA TENGGARA BARAT,54666,BIMA,54746,WERA
54020,NUSA TENGGARA BARAT,54666,BIMA,54693,WOHA
54020,NUSA TENGGARA BARAT,54590,DOMPU,54591,DOMPU
54020,NUSA TENGGARA BARAT,54590,DOMPU,54614,HU'U
54020,NUSA TENGGARA BARAT,54590,DOMPU,54606,KEMPO
54020,NUSA TENGGARA BARAT,54590,DOMPU,54621,KILO
54020,NUSA TENGGARA BARAT,54590,DOMPU,54650,MANGGELEWA
54020,NUSA TENGGARA BARAT,54590,DOMPU,54660,PAJO
54020,NUSA TENGGARA BARAT,54590,DOMPU,54641,PEKAT
54020,NUSA TENGGARA BARAT,54590,DOMPU,54628,WOJA
54020,NUSA TENGGARA BARAT,54982,KOTA BIMA,54998,ASAKOTA
54020,NUSA TENGGARA BARAT,54982,KOTA BIMA,55015,MPUNDA
54020,NUSA TENGGARA BARAT,54982,KOTA BIMA,55003,RABA
54020,NUSA TENGGARA BARAT,54982,KOTA BIMA,54983,RASANAE BARAT
54020,NUSA TENGGARA BARAT,54982,KOTA BIMA,54990,RASANAE TIMUR
54020,NUSA TENGGARA BARAT,54925,KOTA MATARAM,54926,AMPENAN
54020,NUSA TENGGARA BARAT,54925,KOTA MATARAM,54947,CAKRANEGARA
54020,NUSA TENGGARA BARAT,54925,KOTA MATARAM,54937,MATARAM
54020,NUSA TENGGARA BARAT,54925,KOTA MATARAM,54974,SANDUBAYA
54020,NUSA TENGGARA BARAT,54925,KOTA MATARAM,54958,SEKARBELA
54020,NUSA TENGGARA BARAT,54925,KOTA MATARAM,54964,SELAPARANG
54020,NUSA TENGGARA BARAT,54021,LOMBOK BARAT,54111,BATU LAYAR
54020,NUSA TENGGARA BARAT,54021,LOMBOK BARAT,54022,GERUNG
54020,NUSA TENGGARA BARAT,54021,LOMBOK BARAT,54080,GUNUNGSARI
54020,NUSA TENGGARA BARAT,54021,LOMBOK BARAT,54034,KEDIRI
54020,NUSA TENGGARA BARAT,54021,LOMBOK BARAT,54118,KURIPAN
54020,NUSA TENGGARA BARAT,54021,LOMBOK BARAT,54069,LABUAPI
54020,NUSA TENGGARA BARAT,54021,LOMBOK BARAT,54105,LEMBAR
54020,NUSA TENGGARA BARAT,54021,LOMBOK BARAT,54094,LINGSAR
54020,NUSA TENGGARA BARAT,54021,LOMBOK BARAT,54045,NARMADA
54020,NUSA TENGGARA BARAT,54021,LOMBOK BARAT,54062,SEKOTONG
54020,NUSA TENGGARA BARAT,54123,LOMBOK TENGAH,54153,BATUKLIANG
54020,NUSA TENGGARA BARAT,54123,LOMBOK TENGAH,54251,BATUKLIANG UTARA
54020,NUSA TENGGARA BARAT,54123,LOMBOK TENGAH,54200,JANAPRIA
54020,NUSA TENGGARA BARAT,54123,LOMBOK TENGAH,54139,JONGGAT
54020,NUSA TENGGARA BARAT,54123,LOMBOK TENGAH,54219,KOPANG
54020,NUSA TENGGARA BARAT,54123,LOMBOK TENGAH,54124,PRAYA
54020,NUSA TENGGARA BARAT,54123,LOMBOK TENGAH,54179,PRAYA BARAT
54020,NUSA TENGGARA BARAT,54123,LOMBOK TENGAH,54240,PRAYA BARAT DAYA
54020,NUSA TENGGARA BARAT,54123,LOMBOK TENGAH,54229,PRAYA TENGAH
54020,NUSA TENGGARA BARAT,54123,LOMBOK TENGAH,54189,PRAYA TIMUR
54020,NUSA TENGGARA BARAT,54123,LOMBOK TENGAH,54211,PRINGGARATA
54020,NUSA TENGGARA BARAT,54123,LOMBOK TENGAH,54163,PUJUT
54020,NUSA TENGGARA BARAT,54260,LOMBOK TIMUR,54322,AIKMEL
54020,NUSA TENGGARA BARAT,54260,LOMBOK TIMUR,54395,JEROWARU
54020,NUSA TENGGARA BARAT,54260,LOMBOK TIMUR,54261,KERUAK
54020,NUSA TENGGARA BARAT,54260,LOMBOK TIMUR,54375,LABUHAN HAJI
54020,NUSA TENGGARA BARAT,54260,LOMBOK TIMUR,54288,MASBAGIK
54020,NUSA TENGGARA BARAT,54260,LOMBOK TIMUR,54338,MONTONG GADING
54020,NUSA TENGGARA BARAT,54260,LOMBOK TIMUR,54314,PRINGGABAYA
54020,NUSA TENGGARA BARAT,54260,LOMBOK TIMUR,54344,PRINGGASELA
54020,NUSA TENGGARA BARAT,54260,LOMBOK TIMUR,54266,SAKRA
54020,NUSA TENGGARA BARAT,54260,LOMBOK TIMUR,54389,SAKRA BARAT
54020,NUSA TENGGARA BARAT,54260,LOMBOK TIMUR,54383,SAKRA TIMUR
54020,NUSA TENGGARA BARAT,54260,LOMBOK TIMUR,54332,SAMBELIA
54020,NUSA TENGGARA BARAT,54260,LOMBOK TIMUR,54302,SELONG
54020,NUSA TENGGARA BARAT,54260,LOMBOK TIMUR,54363,SEMBALUN
54020,NUSA TENGGARA BARAT,54260,LOMBOK TIMUR,54280,SIKUR
54020,NUSA TENGGARA BARAT,54260,LOMBOK TIMUR,54296,SUKAMULIA
54020,NUSA TENGGARA BARAT,54260,LOMBOK TIMUR,54349,SURALAGA
54020,NUSA TENGGARA BARAT,54260,LOMBOK TIMUR,54368,SUWELA
54020,NUSA TENGGARA BARAT,54260,LOMBOK TIMUR,54272,TERARA
54020,NUSA TENGGARA BARAT,54260,LOMBOK TIMUR,54356,WANASABA
54020,NUSA TENGGARA BARAT,55026,LOMBOK UTARA,55050,BAYAN
54020,NUSA TENGGARA BARAT,55026,LOMBOK UTARA,55035,GANGGA
54020,NUSA TENGGARA BARAT,55026,LOMBOK UTARA,55041,KAYANGAN
54020,NUSA TENGGARA BARAT,55026,LOMBOK UTARA,55060,PEMENANG
54020,NUSA TENGGARA BARAT,55026,LOMBOK UTARA,55027,TANJUNG
54020,NUSA TENGGARA BARAT,54400,SUMBAWA,54409,ALAS
54020,NUSA TENGGARA BARAT,54400,SUMBAWA,54502,ALAS BARAT
54020,NUSA TENGGARA BARAT,54400,SUMBAWA,54428,BATU LANTEH
54020,NUSA TENGGARA BARAT,54400,SUMBAWA,54525,BUER
54020,NUSA TENGGARA BARAT,54400,SUMBAWA,54491,EMPANG
54020,NUSA TENGGARA BARAT,54400,SUMBAWA,54519,LABANGKA
54020,NUSA TENGGARA BARAT,54400,SUMBAWA,54511,LABUHAN BADAS
54020,NUSA TENGGARA BARAT,54400,SUMBAWA,54585,LANTUNG
54020,NUSA TENGGARA BARAT,54400,SUMBAWA,54474,LAPE
54020,NUSA TENGGARA BARAT,54400,SUMBAWA,54575,LENANGGUAR
54020,NUSA TENGGARA BARAT,54400,SUMBAWA,54567,LOPOK
54020,NUSA TENGGARA BARAT,54400,SUMBAWA,54401,LUNYUK
54020,NUSA TENGGARA BARAT,54400,SUMBAWA,54553,MARONGE
54020,NUSA TENGGARA BARAT,54400,SUMBAWA,54444,MOYO HILIR
54020,NUSA TENGGARA BARAT,54400,SUMBAWA,54455,MOYO HULU
54020,NUSA TENGGARA BARAT,54400,SUMBAWA,54546,MOYO UTARA
54020,NUSA TENGGARA BARAT,54400,SUMBAWA,54580,ORONG TELU
54020,NUSA TENGGARA BARAT,54400,SUMBAWA,54479,PLAMPANG
54020,NUSA TENGGARA BARAT,54400,SUMBAWA,54532,RHEE
54020,NUSA TENGGARA BARAT,54400,SUMBAWA,54468,ROPANG
54020,NUSA TENGGARA BARAT,54400,SUMBAWA,54435,SUMBAWA
54020,NUSA TENGGARA BARAT,54400,SUMBAWA,54558,TARANO
54020,NUSA TENGGARA BARAT,54400,SUMBAWA,54537,UNTER IWES
54020,NUSA TENGGARA BARAT,54400,SUMBAWA,54418,UTAN
54020,NUSA TENGGARA BARAT,54853,SUMBAWA BARAT,54912,BRANG ENE
54020,NUSA TENGGARA BARAT,54853,SUMBAWA BARAT,54893,BRANG REA
54020,NUSA TENGGARA BARAT,54853,SUMBAWA BARAT,54854,JEREWEH
54020,NUSA TENGGARA BARAT,54853,SUMBAWA BARAT,54919,MALUK
54020,NUSA TENGGARA BARAT,54853,SUMBAWA BARAT,54903,POTO TANO
54020,NUSA TENGGARA BARAT,54853,SUMBAWA BARAT,54885,SEKONGKANG
54020,NUSA TENGGARA BARAT,54853,SUMBAWA BARAT,54874,SETELUK
54020,NUSA TENGGARA BARAT,54853,SUMBAWA BARAT,54859,TALIWANG
55065,NUSA TENGGARA TIMUR,56051,ALOR,56089,ALOR BARAT DAYA
55065,NUSA TENGGARA TIMUR,56051,ALOR,56069,ALOR BARAT LAUT
55065,NUSA TENGGARA TIMUR,56051,ALOR,56110,ALOR SELATAN
55065,NUSA TENGGARA TIMUR,56051,ALOR,56148,ALOR TENGAH UTARA
55065,NUSA TENGGARA TIMUR,56051,ALOR,56125,ALOR TIMUR
55065,NUSA TENGGARA TIMUR,56051,ALOR,56163,ALOR TIMUR LAUT
55065,NUSA TENGGARA TIMUR,56051,ALOR,56180,KABOLA
55065,NUSA TENGGARA TIMUR,56051,ALOR,56218,LEMBUR
55065,NUSA TENGGARA TIMUR,56051,ALOR,56193,MATARU
55065,NUSA TENGGARA TIMUR,56051,ALOR,56136,PANTAR
55065,NUSA TENGGARA TIMUR,56051,ALOR,56172,PANTAR BARAT
55065,NUSA TENGGARA TIMUR,56051,ALOR,56236,PANTAR BARAT LAUT
55065,NUSA TENGGARA TIMUR,56051,ALOR,56225,PANTAR TENGAH
55065,NUSA TENGGARA TIMUR,56051,ALOR,56206,PANTAR TIMUR
55065,NUSA TENGGARA TIMUR,56051,ALOR,56186,PULAU PURA
55065,NUSA TENGGARA TIMUR,56051,ALOR,56201,PUREMAN
55065,NUSA TENGGARA TIMUR,56051,ALOR,56052,TELUK MUTIARA
55065,NUSA TENGGARA TIMUR,55819,BELU,56031,ATAMBUA BARAT
55065,NUSA TENGGARA TIMUR,55819,BELU,56036,ATAMBUA SELATAN
55065,NUSA TENGGARA TIMUR,55819,BELU,55859,KAKULUK MESAK
55065,NUSA TENGGARA TIMUR,55819,BELU,55947,KOTA ATAMBUA
55065,NUSA TENGGARA TIMUR,55819,BELU,55820,LAMAKNEN
55065,NUSA TENGGARA TIMUR,55819,BELU,56008,LAMAKNEN SELATAN
55065,NUSA TENGGARA TIMUR,55819,BELU,56000,LASIOLAT
55065,NUSA TENGGARA TIMUR,55819,BELU,56041,NANAET DUABESI
55065,NUSA TENGGARA TIMUR,55819,BELU,55843,RAIHAT
55065,NUSA TENGGARA TIMUR,55819,BELU,55952,RAIMANUK
55065,NUSA TENGGARA TIMUR,55819,BELU,55850,TASIFETO BARAT
55065,NUSA TENGGARA TIMUR,55819,BELU,55830,TASIFETOTIMUR
55065,NUSA TENGGARA TIMUR,56671,ENDE,56857,DETUKELI
55065,NUSA TENGGARA TIMUR,56671,ENDE,56739,DETUSOKO
55065,NUSA TENGGARA TIMUR,56671,ENDE,56699,ENDE
55065,NUSA TENGGARA TIMUR,56671,ENDE,56718,ENDE SELATAN
55065,NUSA TENGGARA TIMUR,56671,ENDE,56892,ENDE TENGAH
55065,NUSA TENGGARA TIMUR,56671,ENDE,56897,ENDE TIMUR
55065,NUSA TENGGARA TIMUR,56671,ENDE,56884,ENDE UTARA
55065,NUSA TENGGARA TIMUR,56671,ENDE,56848,KELIMUTU
55065,NUSA TENGGARA TIMUR,56671,ENDE,56835,KOTA BARU
55065,NUSA TENGGARA TIMUR,56671,ENDE,83887,LEPEMBUSU KELISOKE
55065,NUSA TENGGARA TIMUR,56671,ENDE,56826,LIO TIMUR
55065,NUSA TENGGARA TIMUR,56671,ENDE,56815,MAUKARO
55065,NUSA TENGGARA TIMUR,56671,ENDE,56805,MAUROLE
55065,NUSA TENGGARA TIMUR,56671,ENDE,56672,NANGAPANDA
55065,NUSA TENGGARA TIMUR,56671,ENDE,56724,NDONA
55065,NUSA TENGGARA TIMUR,56671,ENDE,56871,NDONA TIMUR
55065,NUSA TENGGARA TIMUR,56671,ENDE,56878,NDORI
55065,NUSA TENGGARA TIMUR,56671,ENDE,56691,PULAU ENDE
55065,NUSA TENGGARA TIMUR,56671,ENDE,56764,WEWARIA
55065,NUSA TENGGARA TIMUR,56671,ENDE,56798,WOLOJITA
55065,NUSA TENGGARA TIMUR,56671,ENDE,56782,WOLOWARU
55065,NUSA TENGGARA TIMUR,56244,FLORES TIMUR,56468,ADONARA
55065,NUSA TENGGARA TIMUR,56244,FLORES TIMUR,56349,ADONARA BARAT
55065,NUSA TENGGARA TIMUR,56244,FLORES TIMUR,56476,ADONARA TENGAH
55065,NUSA TENGGARA TIMUR,56244,FLORES TIMUR,56379,ADONARA TIMUR
55065,NUSA TENGGARA TIMUR,56244,FLORES TIMUR,56447,DEMON PAGONG
55065,NUSA TENGGARA TIMUR,56244,FLORES TIMUR,56426,ILE BOLENG
55065,NUSA TENGGARA TIMUR,56244,FLORES TIMUR,56462,ILE BURA
55065,NUSA TENGGARA TIMUR,56244,FLORES TIMUR,56286,ILE MANDIRI
55065,NUSA TENGGARA TIMUR,56244,FLORES TIMUR,56399,KELUBAGOLIT
55065,NUSA TENGGARA TIMUR,56244,FLORES TIMUR,56269,LARANTUKA
55065,NUSA TENGGARA TIMUR,56244,FLORES TIMUR,56454,LEWOLEMA
55065,NUSA TENGGARA TIMUR,56244,FLORES TIMUR,56310,SOLOR BARAT
55065,NUSA TENGGARA TIMUR,56244,FLORES TIMUR,83886,SOLOR SELATAN
55065,NUSA TENGGARA TIMUR,56244,FLORES TIMUR,56329,SOLOR TIMUR
55065,NUSA TENGGARA TIMUR,56244,FLORES TIMUR,56295,TANJUNG BUNGA
55065,NUSA TENGGARA TIMUR,56244,FLORES TIMUR,56256,TITEHENA
55065,NUSA TENGGARA TIMUR,56244,FLORES TIMUR,56412,WITIHAMA
55065,NUSA TENGGARA TIMUR,56244,FLORES TIMUR,56366,WOTAN ULUMANDO
55065,NUSA TENGGARA TIMUR,56244,FLORES TIMUR,56245,WULANGGITANG
55065,NUSA TENGGARA TIMUR,58040,KOTA KUPANG,58041,ALAK
55065,NUSA TENGGARA TIMUR,58040,KOTA KUPANG,58064,KELAPA LIMA
55065,NUSA TENGGARA TIMUR,58040,KOTA KUPANG,58087,KOTA LAMA
55065,NUSA TENGGARA TIMUR,58040,KOTA KUPANG,58079,KOTA RAJA
55065,NUSA TENGGARA TIMUR,58040,KOTA KUPANG,58054,MAULAFA
55065,NUSA TENGGARA TIMUR,58040,KOTA KUPANG,58070,OEBOBO
55065,NUSA TENGGARA TIMUR,55066,KUPANG,55309,AMABI OEFETO
55065,NUSA TENGGARA TIMUR,55066,KUPANG,55270,AMABI OEFETO TIMUR
55065,NUSA TENGGARA TIMUR,55066,KUPANG,55160,AMARASI
55065,NUSA TENGGARA TIMUR,55066,KUPANG,55250,AMARASI BARAT
55065,NUSA TENGGARA TIMUR,55066,KUPANG,55259,AMARASI SELATAN
55065,NUSA TENGGARA TIMUR,55066,KUPANG,55265,AMARASI TIMUR
55065,NUSA TENGGARA TIMUR,55066,KUPANG,55281,AMFOANG BARAT DAYA
55065,NUSA TENGGARA TIMUR,55066,KUPANG,55286,AMFOANG BARAT LAUT
55065,NUSA TENGGARA TIMUR,55066,KUPANG,55197,AMFOANG SELATAN
55065,NUSA TENGGARA TIMUR,55066,KUPANG,55338,AMFOANG TENGAH
55065,NUSA TENGGARA TIMUR,55066,KUPANG,55317,AMFOANG TIMUR
55065,NUSA TENGGARA TIMUR,55066,KUPANG,55209,AMFOANG UTARA
55065,NUSA TENGGARA TIMUR,55066,KUPANG,55170,FATULEU
55065,NUSA TENGGARA TIMUR,55066,KUPANG,55323,FATULEU BARAT
55065,NUSA TENGGARA TIMUR,55066,KUPANG,55329,FATULEU TENGAH
55065,NUSA TENGGARA TIMUR,55066,KUPANG,55107,KUPANG BARAT
55065,NUSA TENGGARA TIMUR,55066,KUPANG,55146,KUPANG TENGAH
55065,NUSA TENGGARA TIMUR,55066,KUPANG,55120,KUPANG TIMUR
55065,NUSA TENGGARA TIMUR,55066,KUPANG,55237,NEKAMESE
55065,NUSA TENGGARA TIMUR,55066,KUPANG,55094,SEMAU
55065,NUSA TENGGARA TIMUR,55066,KUPANG,55293,SEMAU SELATAN
55065,NUSA TENGGARA TIMUR,55066,KUPANG,55138,SULAMU
55065,NUSA TENGGARA TIMUR,55066,KUPANG,55300,TAEBENU
55065,NUSA TENGGARA TIMUR,55066,KUPANG,55186,TAKARI
55065,NUSA TENGGARA TIMUR,57406,LEMBATA,57422,ATADEI
55065,NUSA TENGGARA TIMUR,57406,LEMBATA,57513,BUYASURI
55065,NUSA TENGGARA TIMUR,57406,LEMBATA,57438,ILE APE
55065,NUSA TENGGARA TIMUR,57406,LEMBATA,57550,ILE APE TIMUR
55065,NUSA TENGGARA TIMUR,57406,LEMBATA,57455,LEBATUKAN
55065,NUSA TENGGARA TIMUR,57406,LEMBATA,57407,NAGA WUTUNG
55065,NUSA TENGGARA TIMUR,57406,LEMBATA,57473,NUBATUKAN
55065,NUSA TENGGARA TIMUR,57406,LEMBATA,57491,OMESURI
55065,NUSA TENGGARA TIMUR,57406,LEMBATA,57534,WULANDONI
55065,NUSA TENGGARA TIMUR,928072,MALAKA,56025,BOTIN LEO BELE
55065,NUSA TENGGARA TIMUR,928072,MALAKA,56017,IO KUFEU
55065,NUSA TENGGARA TIMUR,928072,MALAKA,55873,KOBALIMA
55065,NUSA TENGGARA TIMUR,928072,MALAKA,56046,KOBALIMA TIMUR
55065,NUSA TENGGARA TIMUR,928072,MALAKA,55962,LAEN MANEN
55065,NUSA TENGGARA TIMUR,928072,MALAKA,55910,MALAKA BARAT
55065,NUSA TENGGARA TIMUR,928072,MALAKA,55882,MALAKA TENGAH
55065,NUSA TENGGARA TIMUR,928072,MALAKA,55866,MALAKA TIMUR
55065,NUSA TENGGARA TIMUR,928072,MALAKA,55927,RINHAT
55065,NUSA TENGGARA TIMUR,928072,MALAKA,55900,SASITAMEAN
55065,NUSA TENGGARA TIMUR,928072,MALAKA,55985,WELIMAN
55065,NUSA TENGGARA TIMUR,928072,MALAKA,55972,WEWIKU
55065,NUSA TENGGARA TIMUR,57008,MANGGARAI,57063,CIBAL
55065,NUSA TENGGARA TIMUR,57008,MANGGARAI,83545,CIBAL BARAT
55065,NUSA TENGGARA TIMUR,57008,MANGGARAI,57112,LANGKE REMBONG
55065,NUSA TENGGARA TIMUR,57008,MANGGARAI,57158,LELAK
55065,NUSA TENGGARA TIMUR,57008,MANGGARAI,57145,RAHONG UTARA
55065,NUSA TENGGARA TIMUR,57008,MANGGARAI,57091,REOK
55065,NUSA TENGGARA TIMUR,57008,MANGGARAI,83544,REOK BARAT
55065,NUSA TENGGARA TIMUR,57008,MANGGARAI,57026,RUTENG
55065,NUSA TENGGARA TIMUR,57008,MANGGARAI,57043,SATAR MESE
55065,NUSA TENGGARA TIMUR,57008,MANGGARAI,57124,SATAR MESE BARAT
55065,NUSA TENGGARA TIMUR,57008,MANGGARAI,930150,SATAR MESE UTARA
55065,NUSA TENGGARA TIMUR,57008,MANGGARAI,57009,WAE RII
55065,NUSA TENGGARA TIMUR,57649,MANGGARAI BARAT,57756,BOLENG
55065,NUSA TENGGARA TIMUR,57649,MANGGARAI BARAT,57739,KOMODO
55065,NUSA TENGGARA TIMUR,57649,MANGGARAI BARAT,57664,KUWUS
55065,NUSA TENGGARA TIMUR,57649,MANGGARAI BARAT,931291,KUWUS BARAT
55065,NUSA TENGGARA TIMUR,57649,MANGGARAI BARAT,57692,LEMBOR
55065,NUSA TENGGARA TIMUR,57649,MANGGARAI BARAT,83549,LEMBOR SELATAN
55065,NUSA TENGGARA TIMUR,57649,MANGGARAI BARAT,57650,MACANG PACAR
55065,NUSA TENGGARA TIMUR,57649,MANGGARAI BARAT,83550,MBELILING
55065,NUSA TENGGARA TIMUR,57649,MANGGARAI BARAT,83548,NDOSO
55065,NUSA TENGGARA TIMUR,57649,MANGGARAI BARAT,931290,PACAR
55065,NUSA TENGGARA TIMUR,57649,MANGGARAI BARAT,57714,SANO NGGOANG
55065,NUSA TENGGARA TIMUR,57649,MANGGARAI BARAT,57766,WELAK
55065,NUSA TENGGARA TIMUR,58098,MANGGARAI TIMUR,58099,BORONG
55065,NUSA TENGGARA TIMUR,58098,MANGGARAI TIMUR,58179,ELAR
55065,NUSA TENGGARA TIMUR,58098,MANGGARAI TIMUR,83556,ELAR SELATAN
55065,NUSA TENGGARA TIMUR,58098,MANGGARAI TIMUR,58201,KOTA KOMBA
55065,NUSA TENGGARA TIMUR,58098,MANGGARAI TIMUR,58150,LAMBA LEDA
55065,NUSA TENGGARA TIMUR,58098,MANGGARAI TIMUR,58121,POCO RANAKA
55065,NUSA TENGGARA TIMUR,58098,MANGGARAI TIMUR,83555,POCO RANAKA TIMUR
55065,NUSA TENGGARA TIMUR,58098,MANGGARAI TIMUR,83554,RANA MESE
55065,NUSA TENGGARA TIMUR,58098,MANGGARAI TIMUR,58167,SAMBI RAMPAS
55065,NUSA TENGGARA TIMUR,57778,NAGEKEO,57779,AESESA
55065,NUSA TENGGARA TIMUR,57778,NAGEKEO,57880,AESESA SELATAN
55065,NUSA TENGGARA TIMUR,57778,NAGEKEO,57814,BOAWAE
55065,NUSA TENGGARA TIMUR,57778,NAGEKEO,57865,KEO TENGAH
55065,NUSA TENGGARA TIMUR,57778,NAGEKEO,57838,MAUPONGGO
55065,NUSA TENGGARA TIMUR,57778,NAGEKEO,57798,NANGARORO
55065,NUSA TENGGARA TIMUR,57778,NAGEKEO,57859,WOLOWAE
55065,NUSA TENGGARA TIMUR,56904,NGADA,56905,AIMERE
55065,NUSA TENGGARA TIMUR,56904,NGADA,56940,BAJAWA
55065,NUSA TENGGARA TIMUR,56904,NGADA,56995,BAJAWA UTARA
55065,NUSA TENGGARA TIMUR,56904,NGADA,56918,GOLEWA
55065,NUSA TENGGARA TIMUR,56904,NGADA,83542,GOLEWA BARAT
55065,NUSA TENGGARA TIMUR,56904,NGADA,83541,GOLEWA SELATAN
55065,NUSA TENGGARA TIMUR,56904,NGADA,83543,INERIE
55065,NUSA TENGGARA TIMUR,56904,NGADA,56979,JEREBUU
55065,NUSA TENGGARA TIMUR,56904,NGADA,56966,RIUNG
55065,NUSA TENGGARA TIMUR,56904,NGADA,56988,RIUNG BARAT
55065,NUSA TENGGARA TIMUR,56904,NGADA,56958,SOA
55065,NUSA TENGGARA TIMUR,56904,NGADA,57003,WOLOMEZE
55065,NUSA TENGGARA TIMUR,57560,ROTE NDAO,83547,LANDU LEKO
55065,NUSA TENGGARA TIMUR,57560,ROTE NDAO,57588,LOBALAIN
55065,NUSA TENGGARA TIMUR,57560,ROTE NDAO,83546,NDAO NUSE
55065,NUSA TENGGARA TIMUR,57560,ROTE NDAO,57611,PANTAI BARU
55065,NUSA TENGGARA TIMUR,57560,ROTE NDAO,57634,ROTE BARAT
55065,NUSA TENGGARA TIMUR,57560,ROTE NDAO,57561,ROTE BARAT DAYA
55065,NUSA TENGGARA TIMUR,57560,ROTE NDAO,57575,ROTE BARAT LAUT
55065,NUSA TENGGARA TIMUR,57560,ROTE NDAO,57643,ROTE SELATAN
55065,NUSA TENGGARA TIMUR,57560,ROTE NDAO,57603,ROTE TENGAH
55065,NUSA TENGGARA TIMUR,57560,ROTE NDAO,57623,ROTE TIMUR
55065,NUSA TENGGARA TIMUR,58219,SABU RAIJUA,58270,HAWU MEHARA
55065,NUSA TENGGARA TIMUR,58219,SABU RAIJUA,58279,RAIJUA
55065,NUSA TENGGARA TIMUR,58219,SABU RAIJUA,58220,SABU BARAT
55065,NUSA TENGGARA TIMUR,58219,SABU RAIJUA,58261,SABU LIAE
55065,NUSA TENGGARA TIMUR,58219,SABU RAIJUA,58237,SABU TENGAH
55065,NUSA TENGGARA TIMUR,58219,SABU RAIJUA,58245,SABU TIMUR
55065,NUSA TENGGARA TIMUR,56489,SIKKA,56533,ALOK
55065,NUSA TENGGARA TIMUR,56489,SIKKA,56608,ALOK BARAT
55065,NUSA TENGGARA TIMUR,56489,SIKKA,56613,ALOK TIMUR
55065,NUSA TENGGARA TIMUR,56489,SIKKA,56588,BOLA
55065,NUSA TENGGARA TIMUR,56489,SIKKA,56658,DORENG
55065,NUSA TENGGARA TIMUR,56489,SIKKA,56640,HEWOKLOANG
55065,NUSA TENGGARA TIMUR,56489,SIKKA,56648,KANGAE
55065,NUSA TENGGARA TIMUR,56489,SIKKA,56579,KEWAPANTE
55065,NUSA TENGGARA TIMUR,56489,SIKKA,56624,KOTING
55065,NUSA TENGGARA TIMUR,56489,SIKKA,56510,LELA
55065,NUSA TENGGARA TIMUR,56489,SIKKA,56595,MAGEPANDA
55065,NUSA TENGGARA TIMUR,56489,SIKKA,56666,MAPITARA
55065,NUSA TENGGARA TIMUR,56489,SIKKA,56499,MEGO
55065,NUSA TENGGARA TIMUR,56489,SIKKA,56550,NELLE
55065,NUSA TENGGARA TIMUR,56489,SIKKA,56520,NITA
55065,NUSA TENGGARA TIMUR,56489,SIKKA,56490,PAGA
55065,NUSA TENGGARA TIMUR,56489,SIKKA,56541,PALUE
55065,NUSA TENGGARA TIMUR,56489,SIKKA,56556,TALIBURA
55065,NUSA TENGGARA TIMUR,56489,SIKKA,56631,TANA WAWO
55065,NUSA TENGGARA TIMUR,56489,SIKKA,56601,WAIBLAMA
55065,NUSA TENGGARA TIMUR,56489,SIKKA,56569,WAIGETE
55065,NUSA TENGGARA TIMUR,57346,SUMBA BARAT,57389,KOTA WAIKABUBAK
55065,NUSA TENGGARA TIMUR,57346,SUMBA BARAT,57401,LABOYA BARAT
55065,NUSA TENGGARA TIMUR,57346,SUMBA BARAT,57379,LAMBOYA
55065,NUSA TENGGARA TIMUR,57346,SUMBA BARAT,57359,LOLI
55065,NUSA TENGGARA TIMUR,57346,SUMBA BARAT,57347,TANA RIGHU
55065,NUSA TENGGARA TIMUR,57346,SUMBA BARAT,57368,WANOKAKA
55065,NUSA TENGGARA TIMUR,57935,SUMBA BARAT DAYA,58015,KODI
55065,NUSA TENGGARA TIMUR,57935,SUMBA BARAT DAYA,83553,KODI BALAGHAR
55065,NUSA TENGGARA TIMUR,57935,SUMBA BARAT DAYA,58001,KODI BANGEDO
55065,NUSA TENGGARA TIMUR,57935,SUMBA BARAT DAYA,58027,KODI UTARA
55065,NUSA TENGGARA TIMUR,57935,SUMBA BARAT DAYA,83551,KOTA TAMBOLAKA
55065,NUSA TENGGARA TIMUR,57935,SUMBA BARAT DAYA,57936,LOURA
55065,NUSA TENGGARA TIMUR,57935,SUMBA BARAT DAYA,57977,WEWEWA BARAT
55065,NUSA TENGGARA TIMUR,57935,SUMBA BARAT DAYA,57992,WEWEWA SELATAN
55065,NUSA TENGGARA TIMUR,57935,SUMBA BARAT DAYA,83552,WEWEWA TENGAH
55065,NUSA TENGGARA TIMUR,57935,SUMBA BARAT DAYA,57956,WEWEWA TIMUR
55065,NUSA TENGGARA TIMUR,57935,SUMBA BARAT DAYA,57949,WEWEWA UTARA
55065,NUSA TENGGARA TIMUR,57886,SUMBA TENGAH,57887,KATIKU TANA
55065,NUSA TENGGARA TIMUR,57886,SUMBA TENGAH,57927,KATIKU TANA SELATAN
55065,NUSA TENGGARA TIMUR,57886,SUMBA TENGAH,57905,MAMBORO
55065,NUSA TENGGARA TIMUR,57886,SUMBA TENGAH,57915,UMBU RATU NGGAY
55065,NUSA TENGGARA TIMUR,57886,SUMBA TENGAH,57893,UMBU RATU NGGAY BARAT
55065,NUSA TENGGARA TIMUR,57167,SUMBA TIMUR,57176,HAHARU
55065,NUSA TENGGARA TIMUR,57167,SUMBA TIMUR,57281,KAHAUNGU ETI
55065,NUSA TENGGARA TIMUR,57167,SUMBA TIMUR,57307,KAMBATA MAPAMBUHANG
55065,NUSA TENGGARA TIMUR,57167,SUMBA TIMUR,57298,KAMBERA
55065,NUSA TENGGARA TIMUR,57167,SUMBA TIMUR,57327,KANATANG
55065,NUSA TENGGARA TIMUR,57167,SUMBA TIMUR,57273,KARERA
55065,NUSA TENGGARA TIMUR,57167,SUMBA TIMUR,57321,KATALA HAMU LINGU
55065,NUSA TENGGARA TIMUR,57167,SUMBA TIMUR,57168,KOTA WAINGAPU
55065,NUSA TENGGARA TIMUR,57167,SUMBA TIMUR,57184,LEWA
55065,NUSA TENGGARA TIMUR,57167,SUMBA TIMUR,57314,LEWA TIDAHU
55065,NUSA TENGGARA TIMUR,57167,SUMBA TIMUR,57339,MAHU
55065,NUSA TENGGARA TIMUR,57167,SUMBA TIMUR,57291,MATAWAI LA PAWU
55065,NUSA TENGGARA TIMUR,57167,SUMBA TIMUR,57333,NGADU NGALA
55065,NUSA TENGGARA TIMUR,57167,SUMBA TIMUR,57193,NGGAHA ORI ANGU
55065,NUSA TENGGARA TIMUR,57167,SUMBA TIMUR,57265,PABERIWAI
55065,NUSA TENGGARA TIMUR,57167,SUMBA TIMUR,57248,PAHUNGA LODU
55065,NUSA TENGGARA TIMUR,57167,SUMBA TIMUR,57220,PANDAWAI
55065,NUSA TENGGARA TIMUR,57167,SUMBA TIMUR,57213,PINU PAHAR
55065,NUSA TENGGARA TIMUR,57167,SUMBA TIMUR,57239,RINDI
55065,NUSA TENGGARA TIMUR,57167,SUMBA TIMUR,57202,TABUNDUNG
55065,NUSA TENGGARA TIMUR,57167,SUMBA TIMUR,57228,UMALULU
55065,NUSA TENGGARA TIMUR,57167,SUMBA TIMUR,57257,WULLA WAIJELU
55065,NUSA TENGGARA TIMUR,55347,TIMOR TENGAH SELATAN,55426,AMANATUN SELATAN
55065,NUSA TENGGARA TIMUR,55347,TIMOR TENGAH SELATAN,55440,AMANATUN UTARA
55065,NUSA TENGGARA TIMUR,55347,TIMOR TENGAH SELATAN,55418,AMANUBAN BARAT
55065,NUSA TENGGARA TIMUR,55347,TIMOR TENGAH SELATAN,55407,AMANUBAN SELATAN
55065,NUSA TENGGARA TIMUR,55347,TIMOR TENGAH SELATAN,55395,AMANUBAN TENGAH
55065,NUSA TENGGARA TIMUR,55347,TIMOR TENGAH SELATAN,55384,AMANUBAN TIMUR
55065,NUSA TENGGARA TIMUR,55347,TIMOR TENGAH SELATAN,55485,BATU PUTIH
55065,NUSA TENGGARA TIMUR,55347,TIMOR TENGAH SELATAN,55493,BOKING
55065,NUSA TENGGARA TIMUR,55347,TIMOR TENGAH SELATAN,55598,FATUKOPA
55065,NUSA TENGGARA TIMUR,55347,TIMOR TENGAH SELATAN,55469,FATUMNASI
55065,NUSA TENGGARA TIMUR,55347,TIMOR TENGAH SELATAN,55593,FAUTMOLO
55065,NUSA TENGGARA TIMUR,55347,TIMOR TENGAH SELATAN,55449,KI'E
55065,NUSA TENGGARA TIMUR,55347,TIMOR TENGAH SELATAN,55561,KOK BAUN
55065,NUSA TENGGARA TIMUR,55347,TIMOR TENGAH SELATAN,55526,KOLBANO
55065,NUSA TENGGARA TIMUR,55347,TIMOR TENGAH SELATAN,55348,KOTA SOE
55065,NUSA TENGGARA TIMUR,55347,TIMOR TENGAH SELATAN,55538,KOT OLIN
55065,NUSA TENGGARA TIMUR,55347,TIMOR TENGAH SELATAN,55547,KUALIN
55065,NUSA TENGGARA TIMUR,55347,TIMOR TENGAH SELATAN,55461,KUANFATU
55065,NUSA TENGGARA TIMUR,55347,TIMOR TENGAH SELATAN,55585,KUATNANA
55065,NUSA TENGGARA TIMUR,55347,TIMOR TENGAH SELATAN,55555,MOLLO BARAT
55065,NUSA TENGGARA TIMUR,55347,TIMOR TENGAH SELATAN,55362,MOLLO SELATAN
55065,NUSA TENGGARA TIMUR,55347,TIMOR TENGAH SELATAN,55603,MOLLO TENGAH
55065,NUSA TENGGARA TIMUR,55347,TIMOR TENGAH SELATAN,55370,MOLLO UTARA
55065,NUSA TENGGARA TIMUR,55347,TIMOR TENGAH SELATAN,55568,NOEBANA
55065,NUSA TENGGARA TIMUR,55347,TIMOR TENGAH SELATAN,55578,NOEBEBA
55065,NUSA TENGGARA TIMUR,55347,TIMOR TENGAH SELATAN,55615,NUNBENA
55065,NUSA TENGGARA TIMUR,55347,TIMOR TENGAH SELATAN,55508,NUNKOLO
55065,NUSA TENGGARA TIMUR,55347,TIMOR TENGAH SELATAN,55518,OENINO
55065,NUSA TENGGARA TIMUR,55347,TIMOR TENGAH SELATAN,55474,POLEN
55065,NUSA TENGGARA TIMUR,55347,TIMOR TENGAH SELATAN,55573,SANTIAN
55065,NUSA TENGGARA TIMUR,55347,TIMOR TENGAH SELATAN,55610,TOBU
55065,NUSA TENGGARA TIMUR,55347,TIMOR TENGAH SELATAN,55500,TOIANAS
55065,NUSA TENGGARA TIMUR,55620,TIMOR TENGAH UTARA,55686,BIBOKI ANLEU
55065,NUSA TENGGARA TIMUR,55620,TIMOR TENGAH UTARA,55813,BIBOKI FEOTLEU
55065,NUSA TENGGARA TIMUR,55620,TIMOR TENGAH UTARA,55805,BIBOKI MOENLEU
55065,NUSA TENGGARA TIMUR,55620,TIMOR TENGAH UTARA,55646,BIBOKI SELATAN
55065,NUSA TENGGARA TIMUR,55620,TIMOR TENGAH UTARA,55800,BIBOKI TAN PAH
55065,NUSA TENGGARA TIMUR,55620,TIMOR TENGAH UTARA,55678,BIBOKI UTARA
55065,NUSA TENGGARA TIMUR,55620,TIMOR TENGAH UTARA,55757,BIKOMI NILULAT
55065,NUSA TENGGARA TIMUR,55620,TIMOR TENGAH UTARA,55739,BIKOMI SELATAN
55065,NUSA TENGGARA TIMUR,55620,TIMOR TENGAH UTARA,55748,BIKOMI TENGAH
55065,NUSA TENGGARA TIMUR,55620,TIMOR TENGAH UTARA,55764,BIKOMI UTARA
55065,NUSA TENGGARA TIMUR,55620,TIMOR TENGAH UTARA,55696,INSANA
55065,NUSA TENGGARA TIMUR,55620,TIMOR TENGAH UTARA,55786,INSANA BARAT
55065,NUSA TENGGARA TIMUR,55620,TIMOR TENGAH UTARA,55779,INSANA FAFINESU
55065,NUSA TENGGARA TIMUR,55620,TIMOR TENGAH UTARA,55794,INSANA TENGAH
55065,NUSA TENGGARA TIMUR,55620,TIMOR TENGAH UTARA,55710,INSANA UTARA
55065,NUSA TENGGARA TIMUR,55620,TIMOR TENGAH UTARA,55668,KOTA KEFAMENANU
55065,NUSA TENGGARA TIMUR,55620,TIMOR TENGAH UTARA,55721,MIOMAFFO TENGAH
55065,NUSA TENGGARA TIMUR,55620,TIMOR TENGAH UTARA,55633,MIOMAFO BARAT
55065,NUSA TENGGARA TIMUR,55620,TIMOR TENGAH UTARA,55621,MIOMAFO TIMUR
55065,NUSA TENGGARA TIMUR,55620,TIMOR TENGAH UTARA,55727,MUSI
55065,NUSA TENGGARA TIMUR,55620,TIMOR TENGAH UTARA,55734,MUTIS
55065,NUSA TENGGARA TIMUR,55620,TIMOR TENGAH UTARA,55774,NAIBENU
55065,NUSA TENGGARA TIMUR,55620,TIMOR TENGAH UTARA,55655,NOEMUTI
55065,NUSA TENGGARA TIMUR,55620,TIMOR TENGAH UTARA,55716,NOEMUTI TIMUR
58285,KALIMANTAN BARAT,59557,BENGKAYANG,59585,BENGKAYANG
58285,KALIMANTAN BARAT,59557,BENGKAYANG,59652,CAPKALA
58285,KALIMANTAN BARAT,59557,BENGKAYANG,59605,JAGOI BABANG
58285,KALIMANTAN BARAT,59557,BENGKAYANG,59572,LEDO
58285,KALIMANTAN BARAT,59557,BENGKAYANG,59685,LEMBAH BAWANG
58285,KALIMANTAN BARAT,59557,BENGKAYANG,59668,LUMAR
58285,KALIMANTAN BARAT,59557,BENGKAYANG,59612,MONTERADO
58285,KALIMANTAN BARAT,59557,BENGKAYANG,59564,SAMALANTAN
58285,KALIMANTAN BARAT,59557,BENGKAYANG,59599,SANGGAU LEDO
58285,KALIMANTAN BARAT,59557,BENGKAYANG,59592,SELUAS
58285,KALIMANTAN BARAT,59557,BENGKAYANG,59659,SIDING
58285,KALIMANTAN BARAT,59557,BENGKAYANG,59674,SUNGAI BETUNG
58285,KALIMANTAN BARAT,59557,BENGKAYANG,59558,SUNGAI RAYA
58285,KALIMANTAN BARAT,59557,BENGKAYANG,59679,SUNGAI RAYA KEPULAUAN
58285,KALIMANTAN BARAT,59557,BENGKAYANG,59643,SUTI SEMARANG
58285,KALIMANTAN BARAT,59557,BENGKAYANG,59624,TERIAK
58285,KALIMANTAN BARAT,59557,BENGKAYANG,59694,TUJUH BELAS
58285,KALIMANTAN BARAT,59320,KAPUAS HULU,59454,BADAU
58285,KALIMANTAN BARAT,59320,KAPUAS HULU,59437,BATANG LUPAR
58285,KALIMANTAN BARAT,59320,KAPUAS HULU,59336,BIKA
58285,KALIMANTAN BARAT,59320,KAPUAS HULU,59517,BOYAN TANJUNG
58285,KALIMANTAN BARAT,59320,KAPUAS HULU,59366,BUNUT HILIR
58285,KALIMANTAN BARAT,59320,KAPUAS HULU,59375,BUNUT HULU
58285,KALIMANTAN BARAT,59320,KAPUAS HULU,59345,EMBALOH HILIR
58285,KALIMANTAN BARAT,59320,KAPUAS HULU,59355,EMBALOH HULU
58285,KALIMANTAN BARAT,59320,KAPUAS HULU,59447,EMPANANG
58285,KALIMANTAN BARAT,59320,KAPUAS HULU,59392,HULU GURUNG
58285,KALIMANTAN BARAT,59320,KAPUAS HULU,59383,JONGKONG
58285,KALIMANTAN BARAT,59320,KAPUAS HULU,59505,KALIS
58285,KALIMANTAN BARAT,59320,KAPUAS HULU,59526,MENTEBAH
58285,KALIMANTAN BARAT,59320,KAPUAS HULU,59532,PENGKADAN
58285,KALIMANTAN BARAT,59320,KAPUAS HULU,59551,PURING KENCANA
58285,KALIMANTAN BARAT,59320,KAPUAS HULU,59488,PUTUSSIBAU SELATAN
58285,KALIMANTAN BARAT,59320,KAPUAS HULU,59321,PUTUSSIBAU UTARA
58285,KALIMANTAN BARAT,59320,KAPUAS HULU,59425,SEBERUANG
58285,KALIMANTAN BARAT,59320,KAPUAS HULU,59402,SELIMBAU
58285,KALIMANTAN BARAT,59320,KAPUAS HULU,59416,SEMITAU
58285,KALIMANTAN BARAT,59320,KAPUAS HULU,59464,SILAT HILIR
58285,KALIMANTAN BARAT,59320,KAPUAS HULU,59476,SILAT HULU
58285,KALIMANTAN BARAT,59320,KAPUAS HULU,59541,SUHAID
58285,KALIMANTAN BARAT,60134,KAYONG UTARA,83729,KEPULAUAN KARIMATA
58285,KALIMANTAN BARAT,60134,KAYONG UTARA,60167,PULAU MAYA
58285,KALIMANTAN BARAT,60134,KAYONG UTARA,60176,SEPONTI
58285,KALIMANTAN BARAT,60134,KAYONG UTARA,60146,SIMPANG HILIR
58285,KALIMANTAN BARAT,60134,KAYONG UTARA,60135,SUKADANA
58285,KALIMANTAN BARAT,60134,KAYONG UTARA,60159,TELUK BATANG
58285,KALIMANTAN BARAT,58749,KETAPANG,58977,AIR UPAS
58285,KALIMANTAN BARAT,58749,KETAPANG,58931,BENUA KAYONG
58285,KALIMANTAN BARAT,58749,KETAPANG,58943,DELTA PAWAN
58285,KALIMANTAN BARAT,58749,KETAPANG,58987,HULU SUNGAI
58285,KALIMANTAN BARAT,58749,KETAPANG,58911,JELAI HULU
58285,KALIMANTAN BARAT,58749,KETAPANG,58787,KENDAWANGAN
58285,KALIMANTAN BARAT,58749,KETAPANG,58767,MANIS MATA
58285,KALIMANTAN BARAT,58749,KETAPANG,58756,MARAU
58285,KALIMANTAN BARAT,58749,KETAPANG,58873,MATAN HILIR SELATAN
58285,KALIMANTAN BARAT,58749,KETAPANG,58750,MATAN HILIR UTARA
58285,KALIMANTAN BARAT,58749,KETAPANG,58953,MUARA PAWAN
58285,KALIMANTAN BARAT,58749,KETAPANG,58854,NANGA TAYAP
58285,KALIMANTAN BARAT,58749,KETAPANG,59000,PEMAHAN
58285,KALIMANTAN BARAT,58749,KETAPANG,58807,SANDAI
58285,KALIMANTAN BARAT,58749,KETAPANG,58962,SIMPANG DUA
58285,KALIMANTAN BARAT,58749,KETAPANG,58839,SIMPANG HULU
58285,KALIMANTAN BARAT,58749,KETAPANG,58968,SINGKUP
58285,KALIMANTAN BARAT,58749,KETAPANG,58820,SUNGAI LAUR
58285,KALIMANTAN BARAT,58749,KETAPANG,59006,SUNGAI MELAYU RAYAK
58285,KALIMANTAN BARAT,58749,KETAPANG,58885,TUMBANG TITI
58285,KALIMANTAN BARAT,60183,KOTA PONTIANAK,60198,PONTIANAK BARAT
58285,KALIMANTAN BARAT,60183,KOTA PONTIANAK,60208,PONTIANAK KOTA
58285,KALIMANTAN BARAT,60183,KOTA PONTIANAK,60184,PONTIANAK SELATAN
58285,KALIMANTAN BARAT,60183,KOTA PONTIANAK,60214,PONTIANAK TENGGARA
58285,KALIMANTAN BARAT,60183,KOTA PONTIANAK,60190,PONTIANAK TIMUR
58285,KALIMANTAN BARAT,60183,KOTA PONTIANAK,60203,PONTIANAK UTARA
58285,KALIMANTAN BARAT,60223,KOTA SINGKAWANG,60231,SINGKAWANG BARAT
58285,KALIMANTAN BARAT,60223,KOTA SINGKAWANG,60250,SINGKAWANG SELATAN
58285,KALIMANTAN BARAT,60223,KOTA SINGKAWANG,60224,SINGKAWANG TENGAH
58285,KALIMANTAN BARAT,60223,KOTA SINGKAWANG,60236,SINGKAWANG TIMUR
58285,KALIMANTAN BARAT,60223,KOTA SINGKAWANG,60242,SINGKAWANG UTARA
58285,KALIMANTAN BARAT,60255,KUBU RAYA,60301,BATU AMPAR
58285,KALIMANTAN BARAT,60255,KUBU RAYA,60271,KUALA MANDOR B
58285,KALIMANTAN BARAT,60255,KUBU RAYA,60316,KUBU
58285,KALIMANTAN BARAT,60255,KUBU RAYA,60336,RASAU JAYA
58285,KALIMANTAN BARAT,60255,KUBU RAYA,60277,SUNGAI AMBAWANG
58285,KALIMANTAN BARAT,60255,KUBU RAYA,60358,SUNGAI KAKAP
58285,KALIMANTAN BARAT,60255,KUBU RAYA,60256,SUNGAI RAYA
58285,KALIMANTAN BARAT,60255,KUBU RAYA,60343,TELUK PAKEDAI
58285,KALIMANTAN BARAT,60255,KUBU RAYA,60291,TERENTANG
58285,KALIMANTAN BARAT,59699,LANDAK,59765,AIR BESAR
58285,KALIMANTAN BARAT,59699,LANDAK,59853,BANYUKE HULU
58285,KALIMANTAN BARAT,59699,LANDAK,59839,JELIMPO
58285,KALIMANTAN BARAT,59699,LANDAK,59821,KUALA BEHE
58285,KALIMANTAN BARAT,59699,LANDAK,59747,MANDOR
58285,KALIMANTAN BARAT,59699,LANDAK,59720,MEMPAWAH HULU
58285,KALIMANTAN BARAT,59699,LANDAK,59738,MENJALIN
58285,KALIMANTAN BARAT,59699,LANDAK,59782,MENYUKE
58285,KALIMANTAN BARAT,59699,LANDAK,59814,MERANTI
58285,KALIMANTAN BARAT,59699,LANDAK,59700,NGABANG
58285,KALIMANTAN BARAT,59699,LANDAK,59833,SEBANGKI
58285,KALIMANTAN BARAT,59699,LANDAK,59799,SENGAH TEMILA
58285,KALIMANTAN BARAT,59699,LANDAK,59861,SOMPAK
58285,KALIMANTAN BARAT,59953,MELAWI,59954,BELIMBING
58285,KALIMANTAN BARAT,59953,MELAWI,60081,BELIMBING HULU
58285,KALIMANTAN BARAT,59953,MELAWI,59990,ELLA HILIR
58285,KALIMANTAN BARAT,59953,MELAWI,60010,MENUKUNG
58285,KALIMANTAN BARAT,59953,MELAWI,59972,NANGA PINOH
58285,KALIMANTAN BARAT,59953,MELAWI,60110,PINOH SELATAN
58285,KALIMANTAN BARAT,59953,MELAWI,60090,PINOH UTARA
58285,KALIMANTAN BARAT,59953,MELAWI,60030,SAYAN
58285,KALIMANTAN BARAT,59953,MELAWI,60062,SOKAN
58285,KALIMANTAN BARAT,59953,MELAWI,60049,TANAH PINOH
58285,KALIMANTAN BARAT,59953,MELAWI,60123,TANAH PINOH BARAT
58285,KALIMANTAN BARAT,58490,MEMPAWAH,58545,ANJONGAN
58285,KALIMANTAN BARAT,58490,MEMPAWAH,58491,MEMPAWAH HILIR
58285,KALIMANTAN BARAT,58490,MEMPAWAH,58558,MEMPAWAH TIMUR
58285,KALIMANTAN BARAT,58490,MEMPAWAH,58551,SADANIANG
58285,KALIMANTAN BARAT,58490,MEMPAWAH,58538,SEGEDONG
58285,KALIMANTAN BARAT,58490,MEMPAWAH,58519,SIANTAN
58285,KALIMANTAN BARAT,58490,MEMPAWAH,58525,SUNGAI KUNYIT
58285,KALIMANTAN BARAT,58490,MEMPAWAH,58509,SUNGAI PINYUH
58285,KALIMANTAN BARAT,58490,MEMPAWAH,58500,TOHO
58285,KALIMANTAN BARAT,58286,SAMBAS,58423,GALING
58285,KALIMANTAN BARAT,58286,SAMBAS,58331,JAWAI
58285,KALIMANTAN BARAT,58286,SAMBAS,58461,JAWAI SELATAN
58285,KALIMANTAN BARAT,58286,SAMBAS,58396,PALOH
58285,KALIMANTAN BARAT,58286,SAMBAS,58367,PEMANGKAT
58285,KALIMANTAN BARAT,58286,SAMBAS,58448,SAJAD
58285,KALIMANTAN BARAT,58286,SAMBAS,58405,SAJINGAN BESAR
58285,KALIMANTAN BARAT,58286,SAMBAS,58479,SALATIGA
58285,KALIMANTAN BARAT,58286,SAMBAS,58287,SAMBAS
58285,KALIMANTAN BARAT,58286,SAMBAS,58453,SEBAWI
58285,KALIMANTAN BARAT,58286,SAMBAS,58373,SEJANGKUNG
58285,KALIMANTAN BARAT,58286,SAMBAS,58386,SELAKAU
58285,KALIMANTAN BARAT,58286,SAMBAS,58485,SELAKAU TIMUR
58285,KALIMANTAN BARAT,58286,SAMBAS,58442,SEMPARUK
58285,KALIMANTAN BARAT,58286,SAMBAS,58411,SUBAH
58285,KALIMANTAN BARAT,58286,SAMBAS,58471,TANGARAN
58285,KALIMANTAN BARAT,58286,SAMBAS,58343,TEBAS
58285,KALIMANTAN BARAT,58286,SAMBAS,58434,TEKARANG
58285,KALIMANTAN BARAT,58286,SAMBAS,58306,TELUK KERAMAT
58285,KALIMANTAN BARAT,58567,SANGGAU,58703,BALAI
58285,KALIMANTAN BARAT,58567,SANGGAU,58631,BEDUAI
58285,KALIMANTAN BARAT,58567,SANGGAU,58621,BONTI
58285,KALIMANTAN BARAT,58567,SANGGAU,58743,ENTIKONG
58285,KALIMANTAN BARAT,58567,SANGGAU,58609,JANGKANG
58285,KALIMANTAN BARAT,58567,SANGGAU,58568,KAPUAS
58285,KALIMANTAN BARAT,58567,SANGGAU,58648,KEMBAYAN
58285,KALIMANTAN BARAT,58567,SANGGAU,58724,MELIAU
58285,KALIMANTAN BARAT,58567,SANGGAU,58594,MUKOK
58285,KALIMANTAN BARAT,58567,SANGGAU,58603,NOYAN
58285,KALIMANTAN BARAT,58567,SANGGAU,58660,PARINDU
58285,KALIMANTAN BARAT,58567,SANGGAU,58637,SEKAYAM
58285,KALIMANTAN BARAT,58567,SANGGAU,58687,TAYAN HILIR
58285,KALIMANTAN BARAT,58567,SANGGAU,58675,TAYAN HULU
58285,KALIMANTAN BARAT,58567,SANGGAU,58716,TOBA
58285,KALIMANTAN BARAT,59869,SEKADAU,59947,BELITANG
58285,KALIMANTAN BARAT,59869,SEKADAU,59925,BELITANG HILIR
58285,KALIMANTAN BARAT,59869,SEKADAU,59934,BELITANG HULU
58285,KALIMANTAN BARAT,59869,SEKADAU,59913,NANGA MAHAP
58285,KALIMANTAN BARAT,59869,SEKADAU,59900,NANGA TAMAN
58285,KALIMANTAN BARAT,59869,SEKADAU,59870,SEKADAU HILIR
58285,KALIMANTAN BARAT,59869,SEKADAU,59885,SEKADAU HULU
58285,KALIMANTAN BARAT,59018,SINTANG,59255,AMBALAU
58285,KALIMANTAN BARAT,59018,SINTANG,59308,BINJAI HULU
58285,KALIMANTAN BARAT,59018,SINTANG,59152,DEDAI
58285,KALIMANTAN BARAT,59018,SINTANG,59173,KAYAN HILIR
58285,KALIMANTAN BARAT,59018,SINTANG,59200,KAYAN HULU
58285,KALIMANTAN BARAT,59018,SINTANG,59269,KELAM PERMAI
58285,KALIMANTAN BARAT,59018,SINTANG,59094,KETUNGAU HILIR
58285,KALIMANTAN BARAT,59018,SINTANG,59133,KETUNGAU HULU
58285,KALIMANTAN BARAT,59018,SINTANG,59112,KETUNGAU TENGAH
58285,KALIMANTAN BARAT,59018,SINTANG,59060,SEPAUK
58285,KALIMANTAN BARAT,59018,SINTANG,59230,SERAWAI
58285,KALIMANTAN BARAT,59018,SINTANG,59019,SINTANG
58285,KALIMANTAN BARAT,59018,SINTANG,59286,SUNGAI TEBELIAN
58285,KALIMANTAN BARAT,59018,SINTANG,59035,TEMPUNAK
60371,KALIMANTAN TENGAH,60867,BARITO SELATAN,60874,DUSUN HILIR
60371,KALIMANTAN TENGAH,60867,BARITO SELATAN,60939,DUSUN SELATAN
60371,KALIMANTAN TENGAH,60867,BARITO SELATAN,60897,DUSUN UTARA
60371,KALIMANTAN TENGAH,60867,BARITO SELATAN,60917,GN. BINTANG AWAI
60371,KALIMANTAN TENGAH,60867,BARITO SELATAN,60868,JENAMAS
60371,KALIMANTAN TENGAH,60867,BARITO SELATAN,60885,KARAU KUALA
60371,KALIMANTAN TENGAH,61846,BARITO TIMUR,61874,AWANG
60371,KALIMANTAN TENGAH,61846,BARITO TIMUR,61859,BENUA LIMA
60371,KALIMANTAN TENGAH,61846,BARITO TIMUR,61883,DUSUN TENGAH
60371,KALIMANTAN TENGAH,61846,BARITO TIMUR,61847,DUSUN TIMUR
60371,KALIMANTAN TENGAH,61846,BARITO TIMUR,61921,KARUSEN JANANG
60371,KALIMANTAN TENGAH,61846,BARITO TIMUR,61901,PAJU EPAT
60371,KALIMANTAN TENGAH,61846,BARITO TIMUR,61915,PAKU
60371,KALIMANTAN TENGAH,61846,BARITO TIMUR,61866,PATANGKEP TUTUI
60371,KALIMANTAN TENGAH,61846,BARITO TIMUR,61890,PEMATANG KARAU
60371,KALIMANTAN TENGAH,61846,BARITO TIMUR,61909,RAREN BATUAH
60371,KALIMANTAN TENGAH,60967,BARITO UTARA,60996,GUNUNG PUREI
60371,KALIMANTAN TENGAH,60967,BARITO UTARA,60979,GUNUNG TIMANG
60371,KALIMANTAN TENGAH,60967,BARITO UTARA,61052,LAHEI
60371,KALIMANTAN TENGAH,60967,BARITO UTARA,83705,LAHEI BARAT
60371,KALIMANTAN TENGAH,60967,BARITO UTARA,60968,MONTALLAT
60371,KALIMANTAN TENGAH,60967,BARITO UTARA,83701,TEWEH BARU
60371,KALIMANTAN TENGAH,60967,BARITO UTARA,83703,TEWEH SELATAN
60371,KALIMANTAN TENGAH,60967,BARITO UTARA,61024,TEWEH TENGAH
60371,KALIMANTAN TENGAH,60967,BARITO UTARA,61008,TEWEH TIMUR
60371,KALIMANTAN TENGAH,61492,GUNUNG MAS,61574,DAMANG BATU
60371,KALIMANTAN TENGAH,61492,GUNUNG MAS,61526,KAHAYAN HULU UTARA
60371,KALIMANTAN TENGAH,61492,GUNUNG MAS,61493,KURUN
60371,KALIMANTAN TENGAH,61492,GUNUNG MAS,61561,MANUHING
60371,KALIMANTAN TENGAH,61492,GUNUNG MAS,61607,MANUHING RAYA
60371,KALIMANTAN TENGAH,61492,GUNUNG MAS,83811,MIHING RAYA
60371,KALIMANTAN TENGAH,61492,GUNUNG MAS,61583,MIRI MANASA
60371,KALIMANTAN TENGAH,61492,GUNUNG MAS,61539,RUNGAN
60371,KALIMANTAN TENGAH,61492,GUNUNG MAS,83718,RUNGAN BARAT
60371,KALIMANTAN TENGAH,61492,GUNUNG MAS,61595,RUNGAN HULU
60371,KALIMANTAN TENGAH,61492,GUNUNG MAS,83716,SEPANG
60371,KALIMANTAN TENGAH,61492,GUNUNG MAS,61509,TEWAH
60371,KALIMANTAN TENGAH,60653,KAPUAS,60768,BASARANG
60371,KALIMANTAN TENGAH,60653,KAPUAS,83697,BATAGUH
60371,KALIMANTAN TENGAH,60653,KAPUAS,83696,DADAHUP
60371,KALIMANTAN TENGAH,60653,KAPUAS,60710,KAPUAS BARAT
60371,KALIMANTAN TENGAH,60653,KAPUAS,60674,KAPUAS HILIR
60371,KALIMANTAN TENGAH,60653,KAPUAS,60846,KAPUAS HULU
60371,KALIMANTAN TENGAH,60653,KAPUAS,60691,KAPUAS KUALA
60371,KALIMANTAN TENGAH,60653,KAPUAS,60731,KAPUAS MURUNG
60371,KALIMANTAN TENGAH,60653,KAPUAS,60825,KAPUAS TENGAH
60371,KALIMANTAN TENGAH,60653,KAPUAS,60683,KAPUAS TIMUR
60371,KALIMANTAN TENGAH,60653,KAPUAS,83695,MANDAU TALAWANG
60371,KALIMANTAN TENGAH,60653,KAPUAS,60783,MANTANGAI
60371,KALIMANTAN TENGAH,60653,KAPUAS,83693,PASAK TALAWANG
60371,KALIMANTAN TENGAH,60653,KAPUAS,60722,PULAU PETAK
60371,KALIMANTAN TENGAH,60653,KAPUAS,60654,SELAT
60371,KALIMANTAN TENGAH,60653,KAPUAS,83689,TAMBAN CATUR
60371,KALIMANTAN TENGAH,60653,KAPUAS,60815,TIMPAH
60371,KALIMANTAN TENGAH,61077,KATINGAN,61239,BUKIT RAYA
60371,KALIMANTAN TENGAH,61077,KATINGAN,61078,KAMIPANG
60371,KALIMANTAN TENGAH,61077,KATINGAN,61088,KATINGAN HILIR
60371,KALIMANTAN TENGAH,61077,KATINGAN,61174,KATINGAN HULU
60371,KALIMANTAN TENGAH,61077,KATINGAN,61205,KATINGAN KUALA
60371,KALIMANTAN TENGAH,61077,KATINGAN,61123,KATINGAN TENGAH
60371,KALIMANTAN TENGAH,61077,KATINGAN,61155,MARIKIT
60371,KALIMANTAN TENGAH,61077,KATINGAN,61197,MENDAWAI
60371,KALIMANTAN TENGAH,61077,KATINGAN,61231,PETAK MALAI
60371,KALIMANTAN TENGAH,61077,KATINGAN,61108,PULAU MALAN
60371,KALIMANTAN TENGAH,61077,KATINGAN,61140,SANAMAN MANTIKEI
60371,KALIMANTAN TENGAH,61077,KATINGAN,61222,TASIK PAYAWAN
60371,KALIMANTAN TENGAH,61077,KATINGAN,61097,TEWANG SANGALANG GARING
60371,KALIMANTAN TENGAH,61929,KOTA PALANGKARAYA,61937,BUKIT BATU
60371,KALIMANTAN TENGAH,61929,KOTA PALANGKARAYA,61945,JEKAN RAYA
60371,KALIMANTAN TENGAH,61929,KOTA PALANGKARAYA,61930,PAHANDUT
60371,KALIMANTAN TENGAH,61929,KOTA PALANGKARAYA,61957,RAKUMPIT
60371,KALIMANTAN TENGAH,61929,KOTA PALANGKARAYA,61950,SABANGAU
60371,KALIMANTAN TENGAH,60372,KOTAWARINGIN BARAT,60391,ARUT SELATAN
60371,KALIMANTAN TENGAH,60372,KOTAWARINGIN BARAT,60430,ARUT UTARA
60371,KALIMANTAN TENGAH,60372,KOTAWARINGIN BARAT,60412,KOTAWARINGIN LAMA
60371,KALIMANTAN TENGAH,60372,KOTAWARINGIN BARAT,60373,KUMAI
60371,KALIMANTAN TENGAH,60372,KOTAWARINGIN BARAT,60454,PANGKALAN BANTENG
60371,KALIMANTAN TENGAH,60372,KOTAWARINGIN BARAT,60442,PANGKALAN LADA
60371,KALIMANTAN TENGAH,60468,KOTAWARINGIN TIMUR,60578,ANTANG KALANG
60371,KALIMANTAN TENGAH,60468,KOTAWARINGIN TIMUR,60532,BAAMANG
60371,KALIMANTAN TENGAH,60468,KOTAWARINGIN TIMUR,60638,BUKIT SANTUAI
60371,KALIMANTAN TENGAH,60468,KOTAWARINGIN TIMUR,60481,CEMPAGA
60371,KALIMANTAN TENGAH,60468,KOTAWARINGIN TIMUR,60620,CEMPAGA HULU
60371,KALIMANTAN TENGAH,60468,KOTAWARINGIN TIMUR,60469,KOTA BESI
60371,KALIMANTAN TENGAH,60468,KOTAWARINGIN TIMUR,60539,MENTAWA BARU KETAPANG
60371,KALIMANTAN TENGAH,60468,KOTAWARINGIN TIMUR,60556,MENTAYA HILIR SELATAN
60371,KALIMANTAN TENGAH,60468,KOTAWARINGIN TIMUR,60548,MENTAYA HILIR UTARA
60371,KALIMANTAN TENGAH,60468,KOTAWARINGIN TIMUR,60490,MENTAYA HULU
60371,KALIMANTAN TENGAH,60468,KOTAWARINGIN TIMUR,60507,PARENGGEAN
60371,KALIMANTAN TENGAH,60468,KOTAWARINGIN TIMUR,60567,PULAU HANAUT
60371,KALIMANTAN TENGAH,60468,KOTAWARINGIN TIMUR,60614,SERANAU
60371,KALIMANTAN TENGAH,60468,KOTAWARINGIN TIMUR,83683,TELAGA ANTANG
60371,KALIMANTAN TENGAH,60468,KOTAWARINGIN TIMUR,60631,TELAWANG
60371,KALIMANTAN TENGAH,60468,KOTAWARINGIN TIMUR,60609,TELUK SAMPIT
60371,KALIMANTAN TENGAH,60468,KOTAWARINGIN TIMUR,83681,TUALAN HULU
60371,KALIMANTAN TENGAH,61400,LAMANDAU,61482,BATANG KAWA
60371,KALIMANTAN TENGAH,61400,LAMANDAU,61469,BELANTIKAN RAYA
60371,KALIMANTAN TENGAH,61400,LAMANDAU,61423,BULIK
60371,KALIMANTAN TENGAH,61400,LAMANDAU,61436,BULIK TIMUR
60371,KALIMANTAN TENGAH,61400,LAMANDAU,61412,DELANG
60371,KALIMANTAN TENGAH,61400,LAMANDAU,61401,LAMANDAU
60371,KALIMANTAN TENGAH,61400,LAMANDAU,61449,MENTHOBI RAYA
60371,KALIMANTAN TENGAH,61400,LAMANDAU,61461,SEMATU JAYA
60371,KALIMANTAN TENGAH,61711,MURUNG RAYA,61806,BARITO TUHUP RAYA
60371,KALIMANTAN TENGAH,61711,MURUNG RAYA,61756,LAUNG TUHUP
60371,KALIMANTAN TENGAH,61711,MURUNG RAYA,61712,MURUNG
60371,KALIMANTAN TENGAH,61711,MURUNG RAYA,61783,PERMATA INTAN
60371,KALIMANTAN TENGAH,61711,MURUNG RAYA,61832,SERIBU RIAM
60371,KALIMANTAN TENGAH,61711,MURUNG RAYA,61796,SUMBER BARITO
60371,KALIMANTAN TENGAH,61711,MURUNG RAYA,61825,SUNGAI BABUAT
60371,KALIMANTAN TENGAH,61711,MURUNG RAYA,61728,TANAH SIANG
60371,KALIMANTAN TENGAH,61711,MURUNG RAYA,61818,TANAH SIANG SELATAN
60371,KALIMANTAN TENGAH,61711,MURUNG RAYA,61840,UUT MURUNG
60371,KALIMANTAN TENGAH,61614,PULANG PISAU,61657,BANAMA TINGANG
60371,KALIMANTAN TENGAH,61614,PULANG PISAU,61696,JABIREN RAYA
60371,KALIMANTAN TENGAH,61614,PULANG PISAU,61673,KAHAYAN HILIR
60371,KALIMANTAN TENGAH,61614,PULANG PISAU,61631,KAHAYAN KUALA
60371,KALIMANTAN TENGAH,61614,PULANG PISAU,61642,KAHAYAN TENGAH
60371,KALIMANTAN TENGAH,61614,PULANG PISAU,61682,MALIKU
60371,KALIMANTAN TENGAH,61614,PULANG PISAU,61615,PANDIH BATU
60371,KALIMANTAN TENGAH,61614,PULANG PISAU,61704,SEBANGAU KUALA
60371,KALIMANTAN TENGAH,61251,SERUYAN,61342,BATU AMPAR
60371,KALIMANTAN TENGAH,61251,SERUYAN,61335,DANAU SELULUK
60371,KALIMANTAN TENGAH,61251,SERUYAN,61284,DANAU SEMBULUH
60371,KALIMANTAN TENGAH,61251,SERUYAN,61293,HANAU
60371,KALIMANTAN TENGAH,61251,SERUYAN,61252,SERUYAN HILIR
60371,KALIMANTAN TENGAH,61251,SERUYAN,61322,SERUYAN HILIR TIMUR
60371,KALIMANTAN TENGAH,61251,SERUYAN,61301,SERUYAN HULU
60371,KALIMANTAN TENGAH,61251,SERUYAN,61329,SERUYAN RAYA
60371,KALIMANTAN TENGAH,61251,SERUYAN,61263,SERUYAN TENGAH
60371,KALIMANTAN TENGAH,61251,SERUYAN,61352,SULING TAMBUN
60371,KALIMANTAN TENGAH,61362,SUKAMARA,61378,BALAI RIAM
60371,KALIMANTAN TENGAH,61362,SUKAMARA,61372,JELAI
60371,KALIMANTAN TENGAH,61362,SUKAMARA,61387,PANTAI LUNCI
60371,KALIMANTAN TENGAH,61362,SUKAMARA,61392,PERMATA KECUBUNG
60371,KALIMANTAN TENGAH,61362,SUKAMARA,61363,SUKAMARA
61965,KALIMANTAN SELATAN,63866,BALANGAN,63911,AWAYAN
61965,KALIMANTAN SELATAN,63866,BALANGAN,63935,BATU MANDI
61965,KALIMANTAN SELATAN,63866,BALANGAN,63889,HALONG
61965,KALIMANTAN SELATAN,63866,BALANGAN,63867,JUAI
61965,KALIMANTAN SELATAN,63866,BALANGAN,63954,LAMPIHONG
61965,KALIMANTAN SELATAN,63866,BALANGAN,63982,PARINGIN
61965,KALIMANTAN SELATAN,63866,BALANGAN,63999,PARINGIN SELATAN
61965,KALIMANTAN SELATAN,63866,BALANGAN,64016,TEBING TINGGI
61965,KALIMANTAN SELATAN,62333,BANJAR,62334,ALUH ALUH
61965,KALIMANTAN SELATAN,62333,BANJAR,62534,ARANIO
61965,KALIMANTAN SELATAN,62333,BANJAR,62459,ASTAMBUL
61965,KALIMANTAN SELATAN,62333,BANJAR,62563,BERUNTUNG BARU
61965,KALIMANTAN SELATAN,62333,BANJAR,931173,CINTAPURI DARUSSALAM
61965,KALIMANTAN SELATAN,62333,BANJAR,62368,GAMBUT
61965,KALIMANTAN SELATAN,62333,BANJAR,62432,KARANG INTAN
61965,KALIMANTAN SELATAN,62333,BANJAR,62354,KERTAK HANYAR
61965,KALIMANTAN SELATAN,62333,BANJAR,62405,MARTAPURA
61965,KALIMANTAN SELATAN,62333,BANJAR,62576,MARTAPURA BARAT
61965,KALIMANTAN SELATAN,62333,BANJAR,62590,MARTAPURA TIMUR
61965,KALIMANTAN SELATAN,62333,BANJAR,62547,MATARAMAN
61965,KALIMANTAN SELATAN,62333,BANJAR,62619,PARAMASAN
61965,KALIMANTAN SELATAN,62333,BANJAR,62509,PENGAROM
61965,KALIMANTAN SELATAN,62333,BANJAR,62611,SAMBUNG MAKMUR
61965,KALIMANTAN SELATAN,62333,BANJAR,62482,SIMPANG EMPAT
61965,KALIMANTAN SELATAN,62333,BANJAR,62522,SUNGAI PINANG
61965,KALIMANTAN SELATAN,62333,BANJAR,62383,SUNGAI TABUK
61965,KALIMANTAN SELATAN,62333,BANJAR,62629,TATAH MAKMUR
61965,KALIMANTAN SELATAN,62333,BANJAR,62624,TELAGA BAUNTUNG
61965,KALIMANTAN SELATAN,62643,BARITO KUALA,62708,ALALAK
61965,KALIMANTAN SELATAN,62643,BARITO KUALA,62692,ANJIR MUARA
61965,KALIMANTAN SELATAN,62643,BARITO KUALA,62676,ANJIR PASAR
61965,KALIMANTAN SELATAN,62643,BARITO KUALA,62775,BAKUMPAI
61965,KALIMANTAN SELATAN,62643,BARITO KUALA,62817,BARAMBAI
61965,KALIMANTAN SELATAN,62643,BARITO KUALA,62752,BELAWANG
61965,KALIMANTAN SELATAN,62643,BARITO KUALA,62766,CERBON
61965,KALIMANTAN SELATAN,62643,BARITO KUALA,62853,JEJANGKIT
61965,KALIMANTAN SELATAN,62643,BARITO KUALA,62785,KURIPAN
61965,KALIMANTAN SELATAN,62643,BARITO KUALA,62727,MANDASTANA
61965,KALIMANTAN SELATAN,62643,BARITO KUALA,62829,MARABAHAN
61965,KALIMANTAN SELATAN,62643,BARITO KUALA,62807,MEKARSARI
61965,KALIMANTAN SELATAN,62643,BARITO KUALA,62742,RANTAU BADAUH
61965,KALIMANTAN SELATAN,62643,BARITO KUALA,62795,TABUKAN
61965,KALIMANTAN SELATAN,62643,BARITO KUALA,62644,TABUNGANEN
61965,KALIMANTAN SELATAN,62643,BARITO KUALA,62659,TAMBAN
61965,KALIMANTAN SELATAN,62643,BARITO KUALA,62839,WANARAYA
61965,KALIMANTAN SELATAN,63007,HULU SUNGAI SELATAN,63057,ANGKINANG
61965,KALIMANTAN SELATAN,63007,HULU SUNGAI SELATAN,63159,DAHA BARAT
61965,KALIMANTAN SELATAN,63007,HULU SUNGAI SELATAN,63100,DAHA SELATAN
61965,KALIMANTAN SELATAN,63007,HULU SUNGAI SELATAN,63117,DAHA UTARA
61965,KALIMANTAN SELATAN,63007,HULU SUNGAI SELATAN,63137,KALUMPANG
61965,KALIMANTAN SELATAN,63007,HULU SUNGAI SELATAN,63069,KANDANGAN
61965,KALIMANTAN SELATAN,63007,HULU SUNGAI SELATAN,63147,LOKSADO
61965,KALIMANTAN SELATAN,63007,HULU SUNGAI SELATAN,63027,PADANG BATUNG
61965,KALIMANTAN SELATAN,63007,HULU SUNGAI SELATAN,63088,SIMPUR
61965,KALIMANTAN SELATAN,63007,HULU SUNGAI SELATAN,63008,SUNGAI RAYA
61965,KALIMANTAN SELATAN,63007,HULU SUNGAI SELATAN,63045,TELAGA LANGSAT
61965,KALIMANTAN SELATAN,63167,HULU SUNGAI TENGAH,63259,BARABAI
61965,KALIMANTAN SELATAN,63167,HULU SUNGAI TENGAH,63278,BATANG ALAI SELATAN
61965,KALIMANTAN SELATAN,63167,HULU SUNGAI TENGAH,63326,BATANG ALAI TIMUR
61965,KALIMANTAN SELATAN,63167,HULU SUNGAI TENGAH,63298,BATANG ALAI UTARA
61965,KALIMANTAN SELATAN,63167,HULU SUNGAI TENGAH,63186,BATU BENAWA
61965,KALIMANTAN SELATAN,63167,HULU SUNGAI TENGAH,63313,HANTAKAN
61965,KALIMANTAN SELATAN,63167,HULU SUNGAI TENGAH,63168,HARUYAN
61965,KALIMANTAN SELATAN,63167,HULU SUNGAI TENGAH,63201,LABUAN AMAS SELATAN
61965,KALIMANTAN SELATAN,63167,HULU SUNGAI TENGAH,63220,LABUAN AMAS UTARA
61965,KALIMANTAN SELATAN,63167,HULU SUNGAI TENGAH,63338,LIMPASU
61965,KALIMANTAN SELATAN,63167,HULU SUNGAI TENGAH,63237,PANDAWAN
61965,KALIMANTAN SELATAN,63348,HULU SUNGAI UTARA,63424,AMUNTAI SELATAN
61965,KALIMANTAN SELATAN,63348,HULU SUNGAI UTARA,63455,AMUNTAI TENGAH
61965,KALIMANTAN SELATAN,63348,HULU SUNGAI UTARA,63485,AMUNTAI UTARA
61965,KALIMANTAN SELATAN,63348,HULU SUNGAI UTARA,63366,BABIRIK
61965,KALIMANTAN SELATAN,63348,HULU SUNGAI UTARA,63512,BANJANG
61965,KALIMANTAN SELATAN,63348,HULU SUNGAI UTARA,63349,DANAU PANGGANG
61965,KALIMANTAN SELATAN,63348,HULU SUNGAI UTARA,63533,HAUR GADING
61965,KALIMANTAN SELATAN,63348,HULU SUNGAI UTARA,63552,PAMINGGIR
61965,KALIMANTAN SELATAN,63348,HULU SUNGAI UTARA,63390,SUNGAI PANDAN
61965,KALIMANTAN SELATAN,63348,HULU SUNGAI UTARA,63560,SUNGAI TABUKAN
61965,KALIMANTAN SELATAN,64085,KOTA BANJARBARU,64106,BANJARBARU SELATAN
61965,KALIMANTAN SELATAN,64085,KOTA BANJARBARU,64101,BANJARBARU UTARA
61965,KALIMANTAN SELATAN,64085,KOTA BANJARBARU,64091,CEMPAKA
61965,KALIMANTAN SELATAN,64085,KOTA BANJARBARU,64086,LANDASAN ULIN
61965,KALIMANTAN SELATAN,64085,KOTA BANJARBARU,64096,LIANG ANGGANG
61965,KALIMANTAN SELATAN,64027,KOTA BANJARMASIN,64051,BANJARMASIN BARAT
61965,KALIMANTAN SELATAN,64027,KOTA BANJARMASIN,64028,BANJARMASIN SELATAN
61965,KALIMANTAN SELATAN,64027,KOTA BANJARMASIN,64072,BANJARMASIN TENGAH
61965,KALIMANTAN SELATAN,64027,KOTA BANJARMASIN,64041,BANJARMASIN TIMUR
61965,KALIMANTAN SELATAN,64027,KOTA BANJARMASIN,64061,BANJARMASIN UTARA
61965,KALIMANTAN SELATAN,62112,KOTABARU,62275,HAMPANG
61965,KALIMANTAN SELATAN,62112,KOTABARU,62292,KELUMPANG BARAT
61965,KALIMANTAN SELATAN,62112,KOTABARU,62317,KELUMPANG HILIR
61965,KALIMANTAN SELATAN,62112,KOTABARU,62205,KELUMPANG HULU
61965,KALIMANTAN SELATAN,62112,KOTABARU,62195,KELUMPANG SELATAN
61965,KALIMANTAN SELATAN,62112,KOTABARU,62216,KELUMPANG TENGAH
61965,KALIMANTAN SELATAN,62112,KOTABARU,62230,KELUMPANG UTARA
61965,KALIMANTAN SELATAN,62112,KOTABARU,62327,PAMUKAN BARAT
61965,KALIMANTAN SELATAN,62112,KOTABARU,62238,PAMUKAN SELATAN
61965,KALIMANTAN SELATAN,62112,KOTABARU,62261,PAMUKAN UTARA
61965,KALIMANTAN SELATAN,62112,KOTABARU,62119,PULAULAUT BARAT
61965,KALIMANTAN SELATAN,62112,KOTABARU,62307,PULAULAUT KEPULAUAN
61965,KALIMANTAN SELATAN,62112,KOTABARU,62141,PULAULAUT SELATAN
61965,KALIMANTAN SELATAN,62112,KOTABARU,83672,PULAULAUT TANJUNG SELAYAR
61965,KALIMANTAN SELATAN,62112,KOTABARU,62299,PULAULAUT TENGAH
61965,KALIMANTAN SELATAN,62112,KOTABARU,62149,PULAULAUT TIMUR
61965,KALIMANTAN SELATAN,62112,KOTABARU,62173,PULAULAUT UTARA
61965,KALIMANTAN SELATAN,62112,KOTABARU,62164,PULAUSEBUKU
61965,KALIMANTAN SELATAN,62112,KOTABARU,62113,PULAUSEMBILAN
61965,KALIMANTAN SELATAN,62112,KOTABARU,62250,SAMPANAHAN
61965,KALIMANTAN SELATAN,62112,KOTABARU,62284,SUNGAIDURIAN
61965,KALIMANTAN SELATAN,63578,TABALONG,63579,BANUA LAWAS
61965,KALIMANTAN SELATAN,63578,TABALONG,63712,BINTANG ARA
61965,KALIMANTAN SELATAN,63578,TABALONG,63639,HARUAI
61965,KALIMANTAN SELATAN,63578,TABALONG,63702,JARO
61965,KALIMANTAN SELATAN,63578,TABALONG,63595,KELUA
61965,KALIMANTAN SELATAN,63578,TABALONG,63679,MUARA HARUS
61965,KALIMANTAN SELATAN,63578,TABALONG,63664,MUARA UYA
61965,KALIMANTAN SELATAN,63578,TABALONG,63653,MURUNG PUDAK
61965,KALIMANTAN SELATAN,63578,TABALONG,63687,PUGAAN
61965,KALIMANTAN SELATAN,63578,TABALONG,63623,TANJUNG
61965,KALIMANTAN SELATAN,63578,TABALONG,63608,TANTA
61965,KALIMANTAN SELATAN,63578,TABALONG,63695,UPAU
61965,KALIMANTAN SELATAN,63722,TANAH BUMBU,63814,ANGSANA
61965,KALIMANTAN SELATAN,63722,TANAH BUMBU,63723,BATU LICIN
61965,KALIMANTAN SELATAN,63722,TANAH BUMBU,63830,KARANG BINTANG
61965,KALIMANTAN SELATAN,63722,TANAH BUMBU,63823,KURANJI
61965,KALIMANTAN SELATAN,63722,TANAH BUMBU,63729,KUSAN HILIR
61965,KALIMANTAN SELATAN,63722,TANAH BUMBU,63793,KUSAN HULU
61965,KALIMANTAN SELATAN,63722,TANAH BUMBU,63854,MANTEWE
61965,KALIMANTAN SELATAN,63722,TANAH BUMBU,63778,SATUI
61965,KALIMANTAN SELATAN,63722,TANAH BUMBU,63841,SIMPANG EMPAT
61965,KALIMANTAN SELATAN,63722,TANAH BUMBU,63765,SUNGAI LOBAN
61965,KALIMANTAN SELATAN,61966,TANAH LAUT,62090,BAJUIN
61965,KALIMANTAN SELATAN,61966,TANAH LAUT,62024,BATI BATI
61965,KALIMANTAN SELATAN,61966,TANAH LAUT,62075,BATU AMPAR
61965,KALIMANTAN SELATAN,61966,TANAH LAUT,62100,BUMI MAKMUR
61965,KALIMANTAN SELATAN,61966,TANAH LAUT,61980,JORONG
61965,KALIMANTAN SELATAN,61966,TANAH LAUT,62050,KINTAP
61965,KALIMANTAN SELATAN,61966,TANAH LAUT,62012,KURAU
61965,KALIMANTAN SELATAN,61966,TANAH LAUT,62039,PANYIPATAN
61965,KALIMANTAN SELATAN,61966,TANAH LAUT,61991,PELAIHARI
61965,KALIMANTAN SELATAN,61966,TANAH LAUT,61967,TAKISUNG
61965,KALIMANTAN SELATAN,61966,TANAH LAUT,62065,TAMBANG ULANG
61965,KALIMANTAN SELATAN,62861,TAPIN,62946,BAKARANGAN
61965,KALIMANTAN SELATAN,62861,TAPIN,62862,BINUANG
61965,KALIMANTAN SELATAN,62861,TAPIN,62968,BUNGUR
61965,KALIMANTAN SELATAN,62861,TAPIN,62919,CANDI LARAS SELATAN
61965,KALIMANTAN SELATAN,62861,TAPIN,62932,CANDI LARAS UTARA
61965,KALIMANTAN SELATAN,62861,TAPIN,62991,HATUNGUN
61965,KALIMANTAN SELATAN,62861,TAPIN,62981,LOKPAIKAT
61965,KALIMANTAN SELATAN,62861,TAPIN,62959,PIANI
61965,KALIMANTAN SELATAN,62861,TAPIN,63000,SALAM BABARIS
61965,KALIMANTAN SELATAN,62861,TAPIN,62873,TAPIN SELATAN
61965,KALIMANTAN SELATAN,62861,TAPIN,62884,TAPIN TENGAH
61965,KALIMANTAN SELATAN,62861,TAPIN,62902,TAPIN UTARA
64111,KALIMANTAN TIMUR,64496,BERAU,64600,BATU PUTIH
64111,KALIMANTAN TIMUR,64496,BERAU,64608,BIATAN
64111,KALIMANTAN TIMUR,64496,BERAU,64574,BIDUK-BIDUK
64111,KALIMANTAN TIMUR,64496,BERAU,64556,GUNUNG TABUR
64111,KALIMANTAN TIMUR,64496,BERAU,64497,KELAY
64111,KALIMANTAN TIMUR,64496,BERAU,64595,MARATUA
64111,KALIMANTAN TIMUR,64496,BERAU,64568,PULAU DERAWAN
64111,KALIMANTAN TIMUR,64496,BERAU,64522,SAMBALIUNG
64111,KALIMANTAN TIMUR,64496,BERAU,64537,SEGAH
64111,KALIMANTAN TIMUR,64496,BERAU,64588,TABALAR
64111,KALIMANTAN TIMUR,64496,BERAU,64512,TALISAYAN
64111,KALIMANTAN TIMUR,64496,BERAU,64549,TANJUNG REDEB
64111,KALIMANTAN TIMUR,64496,BERAU,64581,TELUK BAYUR
64111,KALIMANTAN TIMUR,65528,KOTA BALIKPAPAN,65534,BALIKPAPAN BARAT
64111,KALIMANTAN TIMUR,65528,KOTA BALIKPAPAN,83647,BALIKPAPAN KOTA
64111,KALIMANTAN TIMUR,65528,KOTA BALIKPAPAN,65554,BALIKPAPAN SELATAN
64111,KALIMANTAN TIMUR,65528,KOTA BALIKPAPAN,65546,BALIKPAPAN TENGAH
64111,KALIMANTAN TIMUR,65528,KOTA BALIKPAPAN,65529,BALIKPAPAN TIMUR
64111,KALIMANTAN TIMUR,65528,KOTA BALIKPAPAN,65541,BALIKPAPAN UTARA
64111,KALIMANTAN TIMUR,65656,KOTA BONTANG,65671,BONTANG BARAT
64111,KALIMANTAN TIMUR,65656,KOTA BONTANG,65664,BONTANG SELATAN
64111,KALIMANTAN TIMUR,65656,KOTA BONTANG,65657,BONTANG UTARA
64111,KALIMANTAN TIMUR,65567,KOTA SAMARINDA,65625,LOA JANAN ILIR
64111,KALIMANTAN TIMUR,65567,KOTA SAMARINDA,65568,PALARAN
64111,KALIMANTAN TIMUR,65567,KOTA SAMARINDA,65587,SAMARINDA ILIR
64111,KALIMANTAN TIMUR,65567,KOTA SAMARINDA,65619,SAMARINDA KOTA
64111,KALIMANTAN TIMUR,65567,KOTA SAMARINDA,65574,SAMARINDA SEBERANG
64111,KALIMANTAN TIMUR,65567,KOTA SAMARINDA,65578,SAMARINDA ULU
64111,KALIMANTAN TIMUR,65567,KOTA SAMARINDA,65593,SAMARINDA UTARA
64111,KALIMANTAN TIMUR,65567,KOTA SAMARINDA,65607,SAMBUTAN
64111,KALIMANTAN TIMUR,65567,KOTA SAMARINDA,65599,SUNGAI KUNJANG
64111,KALIMANTAN TIMUR,65567,KOTA SAMARINDA,65613,SUNGAI PINANG
64111,KALIMANTAN TIMUR,65069,KUTAI BARAT,65134,BARONG TONGKOK
64111,KALIMANTAN TIMUR,65069,KUTAI BARAT,65229,BENTIAN BESAR
64111,KALIMANTAN TIMUR,65069,KUTAI BARAT,65206,BONGAN
64111,KALIMANTAN TIMUR,65069,KUTAI BARAT,65156,DAMAI
64111,KALIMANTAN TIMUR,65069,KUTAI BARAT,65193,JEMPANG
64111,KALIMANTAN TIMUR,65069,KUTAI BARAT,65239,LINGGANG BIGUNG
64111,KALIMANTAN TIMUR,65069,KUTAI BARAT,65114,LONG IRAM
64111,KALIMANTAN TIMUR,65069,KUTAI BARAT,65126,MELAK
64111,KALIMANTAN TIMUR,65069,KUTAI BARAT,65275,MOOK MANAAR BULATN
64111,KALIMANTAN TIMUR,65069,KUTAI BARAT,65171,MUARA LAWA
64111,KALIMANTAN TIMUR,65069,KUTAI BARAT,65180,MUARA PAHU
64111,KALIMANTAN TIMUR,65069,KUTAI BARAT,65249,NYUATAN
64111,KALIMANTAN TIMUR,65069,KUTAI BARAT,65223,PENYINGGAHAN
64111,KALIMANTAN TIMUR,65069,KUTAI BARAT,65302,SEKOLAQ DARAT
64111,KALIMANTAN TIMUR,65069,KUTAI BARAT,65259,SILUQ NGURAI
64111,KALIMANTAN TIMUR,65069,KUTAI BARAT,65289,TERING
64111,KALIMANTAN TIMUR,64248,KUTAI KARTANEGARA,64285,ANGGANA
64111,KALIMANTAN TIMUR,64248,KUTAI KARTANEGARA,64366,KEMBANG JANGGUT
64111,KALIMANTAN TIMUR,64248,KUTAI KARTANEGARA,64357,KENOHAN
64111,KALIMANTAN TIMUR,64248,KUTAI KARTANEGARA,64336,KOTA BANGUN
64111,KALIMANTAN TIMUR,64248,KUTAI KARTANEGARA,64276,LOA JANAN
64111,KALIMANTAN TIMUR,64248,KUTAI KARTANEGARA,64263,LOA KULU
64111,KALIMANTAN TIMUR,64248,KUTAI KARTANEGARA,64476,MARANG KAYU
64111,KALIMANTAN TIMUR,64248,KUTAI KARTANEGARA,64294,MUARA BADAK
64111,KALIMANTAN TIMUR,64248,KUTAI KARTANEGARA,64442,MUARA JAWA
64111,KALIMANTAN TIMUR,64248,KUTAI KARTANEGARA,64378,MUARA KAMAN
64111,KALIMANTAN TIMUR,64248,KUTAI KARTANEGARA,64249,MUARA MUNTAI
64111,KALIMANTAN TIMUR,64248,KUTAI KARTANEGARA,64488,MUARA WIS
64111,KALIMANTAN TIMUR,64248,KUTAI KARTANEGARA,64418,SAMBOJA
64111,KALIMANTAN TIMUR,64248,KUTAI KARTANEGARA,64451,SANGA SANGA
64111,KALIMANTAN TIMUR,64248,KUTAI KARTANEGARA,64322,SEBULU
64111,KALIMANTAN TIMUR,64248,KUTAI KARTANEGARA,64398,TABANG
64111,KALIMANTAN TIMUR,64248,KUTAI KARTANEGARA,64308,TENGGARONG
64111,KALIMANTAN TIMUR,64248,KUTAI KARTANEGARA,64457,TENGGARONG SEBERANG
64111,KALIMANTAN TIMUR,65315,KUTAI TIMUR,65454,BATU AMPAR
64111,KALIMANTAN TIMUR,65315,KUTAI TIMUR,65388,BENGALON
64111,KALIMANTAN TIMUR,65315,KUTAI TIMUR,65365,BUSANG
64111,KALIMANTAN TIMUR,65315,KUTAI TIMUR,65400,KALIORANG
64111,KALIMANTAN TIMUR,65315,KUTAI TIMUR,65446,KARANGAN
64111,KALIMANTAN TIMUR,65315,KUTAI TIMUR,65437,KAUBUN
64111,KALIMANTAN TIMUR,65315,KUTAI TIMUR,65380,KOMBENG
64111,KALIMANTAN TIMUR,65315,KUTAI TIMUR,65461,LONG MESANGAT
64111,KALIMANTAN TIMUR,65315,KUTAI TIMUR,65316,MUARA ANCALONG
64111,KALIMANTAN TIMUR,65315,KUTAI TIMUR,65336,MUARA BENGKAL
64111,KALIMANTAN TIMUR,65315,KUTAI TIMUR,65325,MUARA WAHAU
64111,KALIMANTAN TIMUR,65315,KUTAI TIMUR,65428,RANTAU PULUNG
64111,KALIMANTAN TIMUR,65315,KUTAI TIMUR,65408,SANDARAN
64111,KALIMANTAN TIMUR,65315,KUTAI TIMUR,65416,SANGATTA SELATAN
64111,KALIMANTAN TIMUR,65315,KUTAI TIMUR,65344,SANGATTA UTARA
64111,KALIMANTAN TIMUR,65315,KUTAI TIMUR,65349,SANGKULIRANG
64111,KALIMANTAN TIMUR,65315,KUTAI TIMUR,65372,TELEN
64111,KALIMANTAN TIMUR,65315,KUTAI TIMUR,65421,TELUK PANDAN
64111,KALIMANTAN TIMUR,928073,MAHAKAM ULU,65310,LAHAM
64111,KALIMANTAN TIMUR,928073,MAHAKAM ULU,65070,LONG APARI
64111,KALIMANTAN TIMUR,928073,MAHAKAM ULU,65093,LONG BAGUN
64111,KALIMANTAN TIMUR,928073,MAHAKAM ULU,65105,LONG HUBUNG
64111,KALIMANTAN TIMUR,928073,MAHAKAM ULU,65081,LONG PAHANGAI
64111,KALIMANTAN TIMUR,64112,PASER,64228,BATU ENGAU
64111,KALIMANTAN TIMUR,64112,PASER,64113,BATU SOPANG
64111,KALIMANTAN TIMUR,64112,PASER,64158,KUARO
64111,KALIMANTAN TIMUR,64112,PASER,64170,LONG IKIS
64111,KALIMANTAN TIMUR,64112,PASER,64207,LONG KALI
64111,KALIMANTAN TIMUR,64112,PASER,64194,MUARA KOMAM
64111,KALIMANTAN TIMUR,64112,PASER,64238,MUARA SAMU
64111,KALIMANTAN TIMUR,64112,PASER,64130,PASIR BALENGKONG
64111,KALIMANTAN TIMUR,64112,PASER,64143,TANAH GROGOT
64111,KALIMANTAN TIMUR,64112,PASER,64122,TANJUNG HARAPAN
64111,KALIMANTAN TIMUR,65469,PENAJAM PASER UTARA,65499,BABULU
64111,KALIMANTAN TIMUR,65469,PENAJAM PASER UTARA,65470,PENAJAM
64111,KALIMANTAN TIMUR,65469,PENAJAM PASER UTARA,65512,SEPAKU
64111,KALIMANTAN TIMUR,65469,PENAJAM PASER UTARA,65494,WARU
928068,KALIMANTAN UTARA,64617,BULUNGAN,64705,BUNYU
928068,KALIMANTAN UTARA,64617,BULUNGAN,64664,PESO
928068,KALIMANTAN UTARA,64617,BULUNGAN,64675,PESO ILIR
928068,KALIMANTAN UTARA,64617,BULUNGAN,64682,SEKATAK
928068,KALIMANTAN UTARA,64617,BULUNGAN,64618,TANJUNG PALAS
928068,KALIMANTAN UTARA,64617,BULUNGAN,64628,TANJUNG PALAS BARAT
928068,KALIMANTAN UTARA,64617,BULUNGAN,64660,TANJUNG PALAS TENGAH
928068,KALIMANTAN UTARA,64617,BULUNGAN,64641,TANJUNG PALAS TIMUR
928068,KALIMANTAN UTARA,64617,BULUNGAN,64634,TANJUNG PALAS UTARA
928068,KALIMANTAN UTARA,64617,BULUNGAN,64650,TANJUNG SELOR
928068,KALIMANTAN UTARA,65631,KOTA TARAKAN,65632,TARAKAN BARAT
928068,KALIMANTAN UTARA,65631,KOTA TARAKAN,65638,TARAKAN TENGAH
928068,KALIMANTAN UTARA,65631,KOTA TARAKAN,65644,TARAKAN TIMUR
928068,KALIMANTAN UTARA,65631,KOTA TARAKAN,65652,TARAKAN UTARA
928068,KALIMANTAN UTARA,64949,MALINAU,65054,BAHAU HULU
928068,KALIMANTAN UTARA,64949,MALINAU,64982,KAYAN HILIR
928068,KALIMANTAN UTARA,64949,MALINAU,64988,KAYAN HULU
928068,KALIMANTAN UTARA,64949,MALINAU,65048,KAYAN SELATAN
928068,KALIMANTAN UTARA,64949,MALINAU,65032,MALINAU BARAT
928068,KALIMANTAN UTARA,64949,MALINAU,64965,MALINAU KOTA
928068,KALIMANTAN UTARA,64949,MALINAU,64994,MALINAU SELATAN
928068,KALIMANTAN UTARA,64949,MALINAU,83638,MALINAU SELATAN HILIR
928068,KALIMANTAN UTARA,64949,MALINAU,83639,MALINAU SELATAN HULU
928068,KALIMANTAN UTARA,64949,MALINAU,65019,MALINAU UTARA
928068,KALIMANTAN UTARA,64949,MALINAU,64950,MENTARANG
928068,KALIMANTAN UTARA,64949,MALINAU,65061,MENTARANG HULU
928068,KALIMANTAN UTARA,64949,MALINAU,64972,PUJUNGAN
928068,KALIMANTAN UTARA,64949,MALINAU,65042,SUNGAI BOH
928068,KALIMANTAN UTARA,64949,MALINAU,83640,SUNGAI TUBU
928068,KALIMANTAN UTARA,64709,NUNUKAN,64829,KRAYAN
928068,KALIMANTAN UTARA,64709,NUNUKAN,930104,KRAYAN BARAT
928068,KALIMANTAN UTARA,64709,NUNUKAN,64912,KRAYAN SELATAN
928068,KALIMANTAN UTARA,64709,NUNUKAN,930101,KRAYAN TENGAH
928068,KALIMANTAN UTARA,64709,NUNUKAN,930102,KRAYAN TIMUR
928068,KALIMANTAN UTARA,64709,NUNUKAN,64754,LUMBIS
928068,KALIMANTAN UTARA,64709,NUNUKAN,83631,LUMBIS OGONG
928068,KALIMANTAN UTARA,64709,NUNUKAN,64723,NUNUKAN
928068,KALIMANTAN UTARA,64709,NUNUKAN,64944,NUNUKAN SELATAN
928068,KALIMANTAN UTARA,64709,NUNUKAN,64710,SEBATIK
928068,KALIMANTAN UTARA,64709,NUNUKAN,64936,SEBATIK BARAT
928068,KALIMANTAN UTARA,64709,NUNUKAN,83628,SEBATIK TENGAH
928068,KALIMANTAN UTARA,64709,NUNUKAN,83626,SEBATIK TIMUR
928068,KALIMANTAN UTARA,64709,NUNUKAN,83627,SEBATIK UTARA
928068,KALIMANTAN UTARA,64709,NUNUKAN,64890,SEBUKU
928068,KALIMANTAN UTARA,64709,NUNUKAN,83629,SEI MENGGARIS
928068,KALIMANTAN UTARA,64709,NUNUKAN,64733,SEMBAKUNG
928068,KALIMANTAN UTARA,64709,NUNUKAN,928086,SEMBAKUNG ATULAI
928068,KALIMANTAN UTARA,64709,NUNUKAN,83630,TULIN ONSOI
928068,KALIMANTAN UTARA,65675,TANA TIDUNG,83646,BETAYAU
928068,KALIMANTAN UTARA,65675,TANA TIDUNG,928087,MURUK RIAN
928068,KALIMANTAN UTARA,65675,TANA TIDUNG,65676,SESAYAP
928068,KALIMANTAN UTARA,65675,TANA TIDUNG,65689,SESAYAP HILIR
928068,KALIMANTAN UTARA,65675,TANA TIDUNG,65698,TANA LIA
65702,SULAWESI UTARA,65822,BOLAANG MONGONDOW,65968,BILALANG
65702,SULAWESI UTARA,65822,BOLAANG MONGONDOW,65900,BOLAANG
65702,SULAWESI UTARA,65822,BOLAANG MONGONDOW,65960,BOLAANG TIMUR
65702,SULAWESI UTARA,65822,BOLAANG MONGONDOW,83401,DUMOGA
65702,SULAWESI UTARA,65822,BOLAANG MONGONDOW,65834,DUMOGA BARAT
65702,SULAWESI UTARA,65822,BOLAANG MONGONDOW,83778,DUMOGA TENGAH
65702,SULAWESI UTARA,65822,BOLAANG MONGONDOW,83779,DUMOGA TENGGARA
65702,SULAWESI UTARA,65822,BOLAANG MONGONDOW,65846,DUMOGA TIMUR
65702,SULAWESI UTARA,65822,BOLAANG MONGONDOW,65864,DUMOGA UTARA
65702,SULAWESI UTARA,65822,BOLAANG MONGONDOW,65878,LOLAK
65702,SULAWESI UTARA,65822,BOLAANG MONGONDOW,65908,LOLAYAN
65702,SULAWESI UTARA,65822,BOLAANG MONGONDOW,65923,PASSI BARAT
65702,SULAWESI UTARA,65822,BOLAANG MONGONDOW,65952,PASSI TIMUR
65702,SULAWESI UTARA,65822,BOLAANG MONGONDOW,65934,POIGAR
65702,SULAWESI UTARA,65822,BOLAANG MONGONDOW,65823,SANG TOMBOLANG
65702,SULAWESI UTARA,65760,BOLAANG MONGONDOW SELATAN,65761,BOLAANG UKI
65702,SULAWESI UTARA,65760,BOLAANG MONGONDOW SELATAN,930105,HELUMO
65702,SULAWESI UTARA,65760,BOLAANG MONGONDOW SELATAN,65796,PINOLOSIAN
65702,SULAWESI UTARA,65760,BOLAANG MONGONDOW SELATAN,65806,PINOLOSIAN TENGAH
65702,SULAWESI UTARA,65760,BOLAANG MONGONDOW SELATAN,65812,PINOLOSIAN TIMUR
65702,SULAWESI UTARA,65760,BOLAANG MONGONDOW SELATAN,65780,POSIGADAN
65702,SULAWESI UTARA,65760,BOLAANG MONGONDOW SELATAN,930106,TOMINI
65702,SULAWESI UTARA,65703,BOLAANG MONGONDOW TIMUR,65714,KOTABUNAN
65702,SULAWESI UTARA,65703,BOLAANG MONGONDOW TIMUR,65736,MODAYAG
65702,SULAWESI UTARA,65703,BOLAANG MONGONDOW TIMUR,65754,MODAYAG BARAT
65702,SULAWESI UTARA,65703,BOLAANG MONGONDOW TIMUR,930109,MOOAT
65702,SULAWESI UTARA,65703,BOLAANG MONGONDOW TIMUR,930107,MOTONGKAD
65702,SULAWESI UTARA,65703,BOLAANG MONGONDOW TIMUR,65722,NUANGAN
65702,SULAWESI UTARA,65703,BOLAANG MONGONDOW TIMUR,65704,TUTUYAN
65702,SULAWESI UTARA,66936,BOLAANG MONGONDOW UTARA,66949,BINTAUNA
65702,SULAWESI UTARA,66936,BOLAANG MONGONDOW UTARA,66982,BOLANGITANG BARAT
65702,SULAWESI UTARA,66936,BOLAANG MONGONDOW UTARA,66965,BOLANGITANG TIMUR
65702,SULAWESI UTARA,66936,BOLAANG MONGONDOW UTARA,66999,KAIDIPANG
65702,SULAWESI UTARA,66936,BOLAANG MONGONDOW UTARA,67013,PINOGALUMAN
65702,SULAWESI UTARA,66936,BOLAANG MONGONDOW UTARA,66937,SANGKUB
65702,SULAWESI UTARA,66188,KEPULAUAN SANGIHE,66316,KENDAHE
65702,SULAWESI UTARA,66188,KEPULAUAN SANGIHE,66367,KEPULAUAN MARORE
65702,SULAWESI UTARA,66188,KEPULAUAN SANGIHE,66263,MANGANITU
65702,SULAWESI UTARA,66188,KEPULAUAN SANGIHE,66220,MANGANITU SELATAN
65702,SULAWESI UTARA,66188,KEPULAUAN SANGIHE,66214,NUSA TABUKAN
65702,SULAWESI UTARA,66188,KEPULAUAN SANGIHE,66301,TABUKAN SELATAN
65702,SULAWESI UTARA,66188,KEPULAUAN SANGIHE,66334,TABUKAN SELATAN TENGAH
65702,SULAWESI UTARA,66188,KEPULAUAN SANGIHE,66344,TABUKAN SELATAN TENGGARA
65702,SULAWESI UTARA,66188,KEPULAUAN SANGIHE,66282,TABUKAN TENGAH
65702,SULAWESI UTARA,66188,KEPULAUAN SANGIHE,66189,TABUKAN UTARA
65702,SULAWESI UTARA,66188,KEPULAUAN SANGIHE,66325,TAHUNA
65702,SULAWESI UTARA,66188,KEPULAUAN SANGIHE,66351,TAHUNA BARAT
65702,SULAWESI UTARA,66188,KEPULAUAN SANGIHE,66358,TAHUNA TIMUR
65702,SULAWESI UTARA,66188,KEPULAUAN SANGIHE,66242,TAMAKO
65702,SULAWESI UTARA,66188,KEPULAUAN SANGIHE,66234,TATOARENG
65702,SULAWESI UTARA,67035,KEPULAUAN SIAU TAGULANDANG BIARO,67105,BIARO
65702,SULAWESI UTARA,67035,KEPULAUAN SIAU TAGULANDANG BIARO,67051,SIAU BARAT
65702,SULAWESI UTARA,67035,KEPULAUAN SIAU TAGULANDANG BIARO,67090,SIAU BARAT SELATAN
65702,SULAWESI UTARA,67035,KEPULAUAN SIAU TAGULANDANG BIARO,67111,SIAU BARAT UTARA
65702,SULAWESI UTARA,67035,KEPULAUAN SIAU TAGULANDANG BIARO,67119,SIAU TENGAH
65702,SULAWESI UTARA,67035,KEPULAUAN SIAU TAGULANDANG BIARO,67036,SIAU TIMUR
65702,SULAWESI UTARA,67035,KEPULAUAN SIAU TAGULANDANG BIARO,67077,SIAU TIMUR SELATAN
65702,SULAWESI UTARA,67035,KEPULAUAN SIAU TAGULANDANG BIARO,67062,TAGULANDANG
65702,SULAWESI UTARA,67035,KEPULAUAN SIAU TAGULANDANG BIARO,67124,TAGULANDANG SELATAN
65702,SULAWESI UTARA,67035,KEPULAUAN SIAU TAGULANDANG BIARO,67098,TAGULANDANG UTARA
65702,SULAWESI UTARA,66371,KEPULAUAN TALAUD,66380,BEO
65702,SULAWESI UTARA,66371,KEPULAUAN TALAUD,66526,BEO SELATAN
65702,SULAWESI UTARA,66371,KEPULAUAN TALAUD,66497,BEO UTARA
65702,SULAWESI UTARA,66371,KEPULAUAN TALAUD,66461,DAMAU
65702,SULAWESI UTARA,66371,KEPULAUAN TALAUD,66399,ESSANG
65702,SULAWESI UTARA,66371,KEPULAUAN TALAUD,66534,ESSANG SELATAN
65702,SULAWESI UTARA,66371,KEPULAUAN TALAUD,66445,GEMEH
65702,SULAWESI UTARA,66371,KEPULAUAN TALAUD,66418,KABARUAN
65702,SULAWESI UTARA,66371,KEPULAUAN TALAUD,66489,KALONGAN
65702,SULAWESI UTARA,66371,KEPULAUAN TALAUD,66372,LIRUNG
65702,SULAWESI UTARA,66371,KEPULAUAN TALAUD,66431,MELONGUANE
65702,SULAWESI UTARA,66371,KEPULAUAN TALAUD,66512,MELONGUANE TIMUR
65702,SULAWESI UTARA,66371,KEPULAUAN TALAUD,66495,MIANGAS
65702,SULAWESI UTARA,66371,KEPULAUAN TALAUD,66519,MORONGE
65702,SULAWESI UTARA,66371,KEPULAUAN TALAUD,66408,NANUSA
65702,SULAWESI UTARA,66371,KEPULAUAN TALAUD,66506,PULUTAN
65702,SULAWESI UTARA,66371,KEPULAUAN TALAUD,66387,RAINIS
65702,SULAWESI UTARA,66371,KEPULAUAN TALAUD,66482,SALIBABU
65702,SULAWESI UTARA,66371,KEPULAUAN TALAUD,66470,TAMPAN' AMMA
65702,SULAWESI UTARA,67227,KOTA BITUNG,67257,AERTEMBAGA
65702,SULAWESI UTARA,67227,KOTA BITUNG,67277,GIRIAN
65702,SULAWESI UTARA,67227,KOTA BITUNG,67228,LEMBEH SELATAN
65702,SULAWESI UTARA,67227,KOTA BITUNG,67294,LEMBEH UTARA
65702,SULAWESI UTARA,67227,KOTA BITUNG,67236,MADIDIR
65702,SULAWESI UTARA,67227,KOTA BITUNG,67285,MAESA
65702,SULAWESI UTARA,67227,KOTA BITUNG,67268,MATUARI
65702,SULAWESI UTARA,67227,KOTA BITUNG,67245,RANOWULU
65702,SULAWESI UTARA,67355,KOTA KOTAMOBAGU,67386,KOTAMOBAGU BARAT
65702,SULAWESI UTARA,67355,KOTA KOTAMOBAGU,67376,KOTAMOBAGU SELATAN
65702,SULAWESI UTARA,67355,KOTA KOTAMOBAGU,67365,KOTAMOBAGU TIMUR
65702,SULAWESI UTARA,67355,KOTA KOTAMOBAGU,67356,KOTAMOBAGU UTARA
65702,SULAWESI UTARA,67130,KOTA MANADO,67131,BUNAKEN
65702,SULAWESI UTARA,67130,KOTA MANADO,83792,BUNAKEN KEPULAUAN
65702,SULAWESI UTARA,67130,KOTA MANADO,67217,MALALAYANG
65702,SULAWESI UTARA,67130,KOTA MANADO,67205,MAPANGET
65702,SULAWESI UTARA,67130,KOTA MANADO,83793,PAAL DUA
65702,SULAWESI UTARA,67130,KOTA MANADO,67187,SARIO
65702,SULAWESI UTARA,67130,KOTA MANADO,67151,SINGKIL
65702,SULAWESI UTARA,67130,KOTA MANADO,67174,TIKALA
65702,SULAWESI UTARA,67130,KOTA MANADO,67140,TUMINTING
65702,SULAWESI UTARA,67130,KOTA MANADO,67195,WANEA
65702,SULAWESI UTARA,67130,KOTA MANADO,67161,WENANG
65702,SULAWESI UTARA,67305,KOTA TOMOHON,67340,TOMOHON BARAT
65702,SULAWESI UTARA,67305,KOTA TOMOHON,67306,TOMOHON SELATAN
65702,SULAWESI UTARA,67305,KOTA TOMOHON,67319,TOMOHON TENGAH
65702,SULAWESI UTARA,67305,KOTA TOMOHON,67349,TOMOHON TIMUR
65702,SULAWESI UTARA,67305,KOTA TOMOHON,67329,TOMOHON UTARA
65702,SULAWESI UTARA,65974,MINAHASA,65997,ERIS
65702,SULAWESI UTARA,65974,MINAHASA,66025,KAKAS
65702,SULAWESI UTARA,65974,MINAHASA,83780,KAKAS BARAT
65702,SULAWESI UTARA,65974,MINAHASA,66100,KAWANGKOAN
65702,SULAWESI UTARA,65974,MINAHASA,83782,KAWANGKOAN BARAT
65702,SULAWESI UTARA,65974,MINAHASA,83781,KAWANGKOAN UTARA
65702,SULAWESI UTARA,65974,MINAHASA,66005,KOMBI
65702,SULAWESI UTARA,65974,MINAHASA,66078,LANGOWAN BARAT
65702,SULAWESI UTARA,65974,MINAHASA,66161,LANGOWAN SELATAN
65702,SULAWESI UTARA,65974,MINAHASA,66070,LANGOWAN TIMUR
65702,SULAWESI UTARA,65974,MINAHASA,66180,LANGOWAN UTARA
65702,SULAWESI UTARA,65974,MINAHASA,66017,LEMBEAN TIMUR
65702,SULAWESI UTARA,65974,MINAHASA,83783,MANDOLANG
65702,SULAWESI UTARA,65974,MINAHASA,66114,PINELENG
65702,SULAWESI UTARA,65974,MINAHASA,66058,REMBOKEN
65702,SULAWESI UTARA,65974,MINAHASA,66089,SONDER
65702,SULAWESI UTARA,65974,MINAHASA,66138,TOMBARIRI
65702,SULAWESI UTARA,65974,MINAHASA,83784,TOMBARIRI TIMUR
65702,SULAWESI UTARA,65974,MINAHASA,66129,TOMBULU
65702,SULAWESI UTARA,65974,MINAHASA,66046,TOMPASO
65702,SULAWESI UTARA,65974,MINAHASA,83785,TOMPASO BARAT
65702,SULAWESI UTARA,65974,MINAHASA,65975,TONDANO BARAT
65702,SULAWESI UTARA,65974,MINAHASA,66171,TONDANO SELATAN
65702,SULAWESI UTARA,65974,MINAHASA,65985,TONDANO TIMUR
65702,SULAWESI UTARA,65974,MINAHASA,66153,TONDANO UTARA
65702,SULAWESI UTARA,66544,MINAHASA SELATAN,66613,AMURANG
65702,SULAWESI UTARA,66544,MINAHASA SELATAN,66661,AMURANG BARAT
65702,SULAWESI UTARA,66544,MINAHASA SELATAN,66671,AMURANG TIMUR
65702,SULAWESI UTARA,66544,MINAHASA SELATAN,66643,KUMELEMBUAI
65702,SULAWESI UTARA,66544,MINAHASA SELATAN,66651,MAESAAN
65702,SULAWESI UTARA,66544,MINAHASA SELATAN,66545,MODOINDING
65702,SULAWESI UTARA,66544,MINAHASA SELATAN,66577,MOTOLING
65702,SULAWESI UTARA,66544,MINAHASA SELATAN,66692,MOTOLING BARAT
65702,SULAWESI UTARA,66544,MINAHASA SELATAN,66701,MOTOLING TIMUR
65702,SULAWESI UTARA,66544,MINAHASA SELATAN,66565,RANOYAPO
65702,SULAWESI UTARA,66544,MINAHASA SELATAN,66585,SINONSAYANG
65702,SULAWESI UTARA,66544,MINAHASA SELATAN,66710,SULUUN TARERAN
65702,SULAWESI UTARA,66544,MINAHASA SELATAN,66633,TARERAN
65702,SULAWESI UTARA,66544,MINAHASA SELATAN,66680,TATAPAAN
65702,SULAWESI UTARA,66544,MINAHASA SELATAN,66596,TENGA
65702,SULAWESI UTARA,66544,MINAHASA SELATAN,66554,TOMPASO BARU
65702,SULAWESI UTARA,66544,MINAHASA SELATAN,66622,TUMPAAN
65702,SULAWESI UTARA,66853,MINAHASA TENGGARA,66879,BELANG
65702,SULAWESI UTARA,66853,MINAHASA TENGGARA,83790,PASAN
65702,SULAWESI UTARA,66853,MINAHASA TENGGARA,66870,PUSOMAEN
65702,SULAWESI UTARA,66853,MINAHASA TENGGARA,66854,RATAHAN
65702,SULAWESI UTARA,66853,MINAHASA TENGGARA,83791,RATAHAN TIMUR
65702,SULAWESI UTARA,66853,MINAHASA TENGGARA,66890,RATATOTOK
65702,SULAWESI UTARA,66853,MINAHASA TENGGARA,83787,SILIAN RAYA
65702,SULAWESI UTARA,66853,MINAHASA TENGGARA,66900,TOMBATU
65702,SULAWESI UTARA,66853,MINAHASA TENGGARA,83788,TOMBATU TIMUR
65702,SULAWESI UTARA,66853,MINAHASA TENGGARA,83789,TOMBATU UTARA
65702,SULAWESI UTARA,66853,MINAHASA TENGGARA,66918,TOULUAAN
65702,SULAWESI UTARA,66853,MINAHASA TENGGARA,83786,TOULUAAN SELATAN
65702,SULAWESI UTARA,66718,MINAHASA UTARA,66742,AIRMADIDI
65702,SULAWESI UTARA,66718,MINAHASA UTARA,66772,DIMEMBE
65702,SULAWESI UTARA,66718,MINAHASA UTARA,66819,KALAWAT
65702,SULAWESI UTARA,66718,MINAHASA UTARA,66729,KAUDITAN
65702,SULAWESI UTARA,66718,MINAHASA UTARA,66719,KEMA
65702,SULAWESI UTARA,66718,MINAHASA UTARA,66784,LIKUPANG BARAT
65702,SULAWESI UTARA,66718,MINAHASA UTARA,66845,LIKUPANG SELATAN
65702,SULAWESI UTARA,66718,MINAHASA UTARA,66803,LIKUPANG TIMUR
65702,SULAWESI UTARA,66718,MINAHASA UTARA,66832,TALAWAAN
65702,SULAWESI UTARA,66718,MINAHASA UTARA,66752,WORI
67393,SULAWESI TENGAH,67558,BANGGAI,67650,BALANTAK
67393,SULAWESI TENGAH,67558,BANGGAI,67854,BALANTAK SELATAN
67393,SULAWESI TENGAH,67558,BANGGAI,83794,BALANTAK UTARA
67393,SULAWESI TENGAH,67558,BANGGAI,67559,BATUI
67393,SULAWESI TENGAH,67558,BANGGAI,67820,BATUI SELATAN
67393,SULAWESI TENGAH,67558,BANGGAI,67702,BUALEMO
67393,SULAWESI TENGAH,67558,BANGGAI,67573,BUNTA
67393,SULAWESI TENGAH,67558,BANGGAI,67593,KINTOM
67393,SULAWESI TENGAH,67558,BANGGAI,67630,LAMALA
67393,SULAWESI TENGAH,67558,BANGGAI,67831,LOBU
67393,SULAWESI TENGAH,67558,BANGGAI,67608,LUWUK
67393,SULAWESI TENGAH,67558,BANGGAI,83795,LUWUK SELATAN
67393,SULAWESI TENGAH,67558,BANGGAI,67754,LUWUK TIMUR
67393,SULAWESI TENGAH,67558,BANGGAI,83796,LUWUK UTARA
67393,SULAWESI TENGAH,67558,BANGGAI,83797,MANTOH
67393,SULAWESI TENGAH,67558,BANGGAI,67742,MASAMA
67393,SULAWESI TENGAH,67558,BANGGAI,67803,MOILONG
67393,SULAWESI TENGAH,67558,BANGGAI,83798,NAMBO
67393,SULAWESI TENGAH,67558,BANGGAI,67784,NUHON
67393,SULAWESI TENGAH,67558,BANGGAI,67669,PAGIMANA
67393,SULAWESI TENGAH,67558,BANGGAI,67841,SIMPANG RAYA
67393,SULAWESI TENGAH,67558,BANGGAI,67719,TOILI
67393,SULAWESI TENGAH,67558,BANGGAI,67767,TOILI BARAT
67393,SULAWESI TENGAH,68681,BANGGAI KEPULAUAN,68757,BUKO
67393,SULAWESI TENGAH,68681,BANGGAI KEPULAUAN,68872,BUKO SELATAN
67393,SULAWESI TENGAH,68681,BANGGAI KEPULAUAN,68741,BULAGI
67393,SULAWESI TENGAH,68681,BANGGAI KEPULAUAN,68784,BULAGI SELATAN
67393,SULAWESI TENGAH,68681,BANGGAI KEPULAUAN,68860,BULAGI UTARA
67393,SULAWESI TENGAH,68681,BANGGAI KEPULAUAN,68725,LIANG
67393,SULAWESI TENGAH,68681,BANGGAI KEPULAUAN,68848,PELING TENGAH
67393,SULAWESI TENGAH,68681,BANGGAI KEPULAUAN,68713,TINANGKUNG
67393,SULAWESI TENGAH,68681,BANGGAI KEPULAUAN,68806,TINANGKUNG SELATAN
67393,SULAWESI TENGAH,68681,BANGGAI KEPULAUAN,68881,TINANGKUNG UTARA
67393,SULAWESI TENGAH,68681,BANGGAI KEPULAUAN,68701,TOTIKUM
67393,SULAWESI TENGAH,68681,BANGGAI KEPULAUAN,68840,TOTIKUM SELATAN
67393,SULAWESI TENGAH,928074,BANGGAI LAUT,68690,BANGGAI
67393,SULAWESI TENGAH,928074,BANGGAI LAUT,68834,BANGGAI SELATAN
67393,SULAWESI TENGAH,928074,BANGGAI LAUT,68827,BANGGAI TENGAH
67393,SULAWESI TENGAH,928074,BANGGAI LAUT,68799,BANGGAI UTARA
67393,SULAWESI TENGAH,928074,BANGGAI LAUT,68816,BANGKURUNG
67393,SULAWESI TENGAH,928074,BANGGAI LAUT,68768,BOKAN KEPULAUAN
67393,SULAWESI TENGAH,928074,BANGGAI LAUT,68682,LABOBO
67393,SULAWESI TENGAH,68309,BUOL,68414,BIAU
67393,SULAWESI TENGAH,68309,BUOL,68326,BOKAT
67393,SULAWESI TENGAH,68309,BUOL,68374,BUKAL
67393,SULAWESI TENGAH,68309,BUOL,68342,BUNOBOGU
67393,SULAWESI TENGAH,68309,BUOL,68387,GADUNG
67393,SULAWESI TENGAH,68309,BUOL,68398,KARAMAT
67393,SULAWESI TENGAH,68309,BUOL,68422,LAKEA
67393,SULAWESI TENGAH,68309,BUOL,68310,MOMUNU
67393,SULAWESI TENGAH,68309,BUOL,68351,PALELEH
67393,SULAWESI TENGAH,68309,BUOL,68406,PALELEH BARAT
67393,SULAWESI TENGAH,68309,BUOL,68364,TILOAN
67393,SULAWESI TENGAH,68041,DONGGALA,68119,BALAESANG
67393,SULAWESI TENGAH,68041,DONGGALA,68197,BALAESANG TANJUNG
67393,SULAWESI TENGAH,68041,DONGGALA,68070,BANAWA
67393,SULAWESI TENGAH,68041,DONGGALA,68140,BANAWA SELATAN
67393,SULAWESI TENGAH,68041,DONGGALA,68184,BANAWA TENGAH
67393,SULAWESI TENGAH,68041,DONGGALA,68057,DAMPELAS
67393,SULAWESI TENGAH,68041,DONGGALA,68085,LABUAN
67393,SULAWESI TENGAH,68041,DONGGALA,68165,PANEMBANI
67393,SULAWESI TENGAH,68041,DONGGALA,68042,RIO PAKAVA
67393,SULAWESI TENGAH,68041,DONGGALA,68092,SINDUE
67393,SULAWESI TENGAH,68041,DONGGALA,68178,SINDUE TOBATA
67393,SULAWESI TENGAH,68041,DONGGALA,68172,SINDUE TOMBUSABORA
67393,SULAWESI TENGAH,68041,DONGGALA,68106,SIRENJA
67393,SULAWESI TENGAH,68041,DONGGALA,68130,SOJOL
67393,SULAWESI TENGAH,68041,DONGGALA,68192,SOJOL UTARA
67393,SULAWESI TENGAH,68041,DONGGALA,68156,TANANTOVEA
67393,SULAWESI TENGAH,69220,KOTA PALU,83810,MANTIKULORE
67393,SULAWESI TENGAH,69220,KOTA PALU,69230,PALU BARAT
67393,SULAWESI TENGAH,69220,KOTA PALU,69246,PALU SELATAN
67393,SULAWESI TENGAH,69220,KOTA PALU,69221,PALU TIMUR
67393,SULAWESI TENGAH,69220,KOTA PALU,69259,PALU UTARA
67393,SULAWESI TENGAH,69220,KOTA PALU,83808,TATANGA
67393,SULAWESI TENGAH,69220,KOTA PALU,83809,TAWAELI
67393,SULAWESI TENGAH,69220,KOTA PALU,83807,ULUJADI
67393,SULAWESI TENGAH,68428,MOROWALI,68633,BAHODOPI
67393,SULAWESI TENGAH,68428,MOROWALI,68619,BUMI RAYA
67393,SULAWESI TENGAH,68428,MOROWALI,68608,BUNGKU BARAT
67393,SULAWESI TENGAH,68428,MOROWALI,83802,BUNGKU PESISIR
67393,SULAWESI TENGAH,68428,MOROWALI,68555,BUNGKU SELATAN
67393,SULAWESI TENGAH,68428,MOROWALI,68525,BUNGKU TENGAH
67393,SULAWESI TENGAH,68428,MOROWALI,83805,BUNGKU TIMUR
67393,SULAWESI TENGAH,68428,MOROWALI,68589,MENUI KEPULAUAN
67393,SULAWESI TENGAH,68428,MOROWALI,68656,WITA PONDA
67393,SULAWESI TENGAH,928075,MOROWALI UTARA,68504,BUNGKU UTARA
67393,SULAWESI TENGAH,928075,MOROWALI UTARA,68450,LEMBO
67393,SULAWESI TENGAH,928075,MOROWALI UTARA,83803,LEMBO RAYA
67393,SULAWESI TENGAH,928075,MOROWALI UTARA,68666,MAMOSALATO
67393,SULAWESI TENGAH,928075,MOROWALI UTARA,68429,MORI ATAS
67393,SULAWESI TENGAH,928075,MOROWALI UTARA,83801,MORI UTARA
67393,SULAWESI TENGAH,928075,MOROWALI UTARA,68475,PETASIA
67393,SULAWESI TENGAH,928075,MOROWALI UTARA,929205,PETASIA BARAT
67393,SULAWESI TENGAH,928075,MOROWALI UTARA,83804,PETASIA TIMUR
67393,SULAWESI TENGAH,928075,MOROWALI UTARA,68646,SOYO JAYA
67393,SULAWESI TENGAH,68887,PARIGI MOUTONG,68899,AMPIBABO
67393,SULAWESI TENGAH,68887,PARIGI MOUTONG,69047,BALINGGI
67393,SULAWESI TENGAH,68887,PARIGI MOUTONG,89758,BOLANO
67393,SULAWESI TENGAH,68887,PARIGI MOUTONG,68957,BOLANO LAMBUNU
67393,SULAWESI TENGAH,68887,PARIGI MOUTONG,68980,KASIMBAR
67393,SULAWESI TENGAH,68887,PARIGI MOUTONG,69020,MEPANGA
67393,SULAWESI TENGAH,68887,PARIGI MOUTONG,68926,MOUTONG
67393,SULAWESI TENGAH,68887,PARIGI MOUTONG,89765,ONGKA MALINO
67393,SULAWESI TENGAH,68887,PARIGI MOUTONG,69067,PALASA
67393,SULAWESI TENGAH,68887,PARIGI MOUTONG,68888,PARIGI
67393,SULAWESI TENGAH,68887,PARIGI MOUTONG,69054,PARIGI BARAT
67393,SULAWESI TENGAH,68887,PARIGI MOUTONG,69011,PARIGI SELATAN
67393,SULAWESI TENGAH,68887,PARIGI MOUTONG,69082,PARIGI TENGAH
67393,SULAWESI TENGAH,68887,PARIGI MOUTONG,69076,PARIGI UTARA
67393,SULAWESI TENGAH,68887,PARIGI MOUTONG,68948,SAUSU
67393,SULAWESI TENGAH,68887,PARIGI MOUTONG,928088,SIDOAN
67393,SULAWESI TENGAH,68887,PARIGI MOUTONG,69060,SINIU
67393,SULAWESI TENGAH,68887,PARIGI MOUTONG,69039,TAOPA
67393,SULAWESI TENGAH,68887,PARIGI MOUTONG,68911,TINOMBO
67393,SULAWESI TENGAH,68887,PARIGI MOUTONG,68996,TINOMBO SELATAN
67393,SULAWESI TENGAH,68887,PARIGI MOUTONG,68938,TOMINI
67393,SULAWESI TENGAH,68887,PARIGI MOUTONG,69031,TORIBULU
67393,SULAWESI TENGAH,68887,PARIGI MOUTONG,68989,TORUE
67393,SULAWESI TENGAH,67866,POSO,67887,LAGE
67393,SULAWESI TENGAH,67866,POSO,68013,LORE BARAT
67393,SULAWESI TENGAH,67866,POSO,68025,LORE PIORE
67393,SULAWESI TENGAH,67866,POSO,67966,LORE SELATAN
67393,SULAWESI TENGAH,67866,POSO,67957,LORE TENGAH
67393,SULAWESI TENGAH,67866,POSO,68020,LORE TIMUR
67393,SULAWESI TENGAH,67866,POSO,67949,LORE UTARA
67393,SULAWESI TENGAH,67866,POSO,67994,PAMONA BARAT
67393,SULAWESI TENGAH,67866,POSO,83799,PAMONA PUSELEMBA
67393,SULAWESI TENGAH,67866,POSO,67936,PAMONA SELATAN
67393,SULAWESI TENGAH,67866,POSO,68031,PAMONA TENGGARA
67393,SULAWESI TENGAH,67866,POSO,67923,PAMONA TIMUR
67393,SULAWESI TENGAH,67866,POSO,67902,PAMONA UTARA
67393,SULAWESI TENGAH,67866,POSO,67867,POSO KOTA
67393,SULAWESI TENGAH,67866,POSO,68000,POSO KOTA SELATAN
67393,SULAWESI TENGAH,67866,POSO,68006,POSO KOTA UTARA
67393,SULAWESI TENGAH,67866,POSO,67872,POSO PESISIR
67393,SULAWESI TENGAH,67866,POSO,67985,POSO PESISIR SELATAN
67393,SULAWESI TENGAH,67866,POSO,67975,POSO PESISIR UTARA
67393,SULAWESI TENGAH,67394,SIGI,67515,DOLO
67393,SULAWESI TENGAH,67394,SIGI,67504,DOLO BARAT
67393,SULAWESI TENGAH,67394,SIGI,67487,DOLO SELATAN
67393,SULAWESI TENGAH,67394,SIGI,67480,GUMBASA
67393,SULAWESI TENGAH,67394,SIGI,67527,KINOVARO
67393,SULAWESI TENGAH,67394,SIGI,67444,KULAWI
67393,SULAWESI TENGAH,67394,SIGI,67457,KULAWI SELATAN
67393,SULAWESI TENGAH,67394,SIGI,67439,LINDU
67393,SULAWESI TENGAH,67394,SIGI,67536,MARAWOLA
67393,SULAWESI TENGAH,67394,SIGI,67547,MARAWOLA BARAT
67393,SULAWESI TENGAH,67394,SIGI,67433,NOKILALAKI
67393,SULAWESI TENGAH,67394,SIGI,67413,PALOLO
67393,SULAWESI TENGAH,67394,SIGI,67468,PIPIKORO
67393,SULAWESI TENGAH,67394,SIGI,67395,SIGI BIROMARU
67393,SULAWESI TENGAH,67394,SIGI,67499,TANAMBULAVA
67393,SULAWESI TENGAH,69089,TOJO UNA-UNA,69151,AMPANA KOTA
67393,SULAWESI TENGAH,69089,TOJO UNA-UNA,69133,AMPANA TETE
67393,SULAWESI TENGAH,69089,TOJO UNA-UNA,928090,BATUDAKA
67393,SULAWESI TENGAH,69089,TOJO UNA-UNA,928089,RATOLINDO
67393,SULAWESI TENGAH,69089,TOJO UNA-UNA,928091,TALATAKO
67393,SULAWESI TENGAH,69089,TOJO UNA-UNA,69104,TOGEAN
67393,SULAWESI TENGAH,69089,TOJO UNA-UNA,69195,TOJO
67393,SULAWESI TENGAH,69089,TOJO UNA-UNA,69181,TOJO BARAT
67393,SULAWESI TENGAH,69089,TOJO UNA-UNA,69163,ULUBONGKA
67393,SULAWESI TENGAH,69089,TOJO UNA-UNA,69090,UNA UNA
67393,SULAWESI TENGAH,69089,TOJO UNA-UNA,69212,WALEA BESAR
67393,SULAWESI TENGAH,69089,TOJO UNA-UNA,69119,WALEA KEPULAUAN
67393,SULAWESI TENGAH,68206,TOLITOLI,68268,BAOLAN
67393,SULAWESI TENGAH,68206,TOLITOLI,68239,BASIDONDO
67393,SULAWESI TENGAH,68206,TOLITOLI,68304,DAKO PEMEAN
67393,SULAWESI TENGAH,68206,TOLITOLI,68207,DAMPAL SELATAN
67393,SULAWESI TENGAH,68206,TOLITOLI,68217,DAMPAL UTARA
67393,SULAWESI TENGAH,68206,TOLITOLI,68226,DONDO
67393,SULAWESI TENGAH,68206,TOLITOLI,68282,GALANG
67393,SULAWESI TENGAH,68206,TOLITOLI,68259,LAMPASIO
67393,SULAWESI TENGAH,68206,TOLITOLI,68247,OGODEIDE
67393,SULAWESI TENGAH,68206,TOLITOLI,68294,TOLI-TOLI UTARA
69268,SULAWESI SELATAN,69668,BANTAENG,69681,BANTAENG
69268,SULAWESI SELATAN,69668,BANTAENG,69669,BISSAPPU
69268,SULAWESI SELATAN,69668,BANTAENG,69691,EREMERASA
69268,SULAWESI SELATAN,69668,BANTAENG,69730,GANTARANG KEKE
69268,SULAWESI SELATAN,69668,BANTAENG,69712,PAJUKUKANG
69268,SULAWESI SELATAN,69668,BANTAENG,69737,SINOA
69268,SULAWESI SELATAN,69668,BANTAENG,69701,TOMPO BULU
69268,SULAWESI SELATAN,69668,BANTAENG,69723,ULUERE
69268,SULAWESI SELATAN,70873,BARRU,70928,BALUSU
69268,SULAWESI SELATAN,70873,BARRU,70893,BARRU
69268,SULAWESI SELATAN,70873,BARRU,70912,MALLUSETASI
69268,SULAWESI SELATAN,70873,BARRU,70921,PUJANANTING
69268,SULAWESI SELATAN,70873,BARRU,70904,SOPPENG RIAJA
69268,SULAWESI SELATAN,70873,BARRU,70874,TANETE RIAJA
69268,SULAWESI SELATAN,70873,BARRU,70882,TANETE RILAU
69268,SULAWESI SELATAN,70239,BONE,70508,AJANGALE
69268,SULAWESI SELATAN,70239,BONE,70590,AMALI
69268,SULAWESI SELATAN,70239,BONE,70471,AWANGPONE
69268,SULAWESI SELATAN,70239,BONE,70374,BAREBBO
69268,SULAWESI SELATAN,70239,BONE,70618,BENGO
69268,SULAWESI SELATAN,70239,BONE,70240,BONTOCANI
69268,SULAWESI SELATAN,70239,BONE,70546,CENRANA
69268,SULAWESI SELATAN,70239,BONE,70393,CINA
69268,SULAWESI SELATAN,70239,BONE,70523,DUA BOCCOE
69268,SULAWESI SELATAN,70239,BONE,70252,KAHU
69268,SULAWESI SELATAN,70239,BONE,70273,KAJUARA
69268,SULAWESI SELATAN,70239,BONE,70426,LAMURU
69268,SULAWESI SELATAN,70239,BONE,70416,LAPPARIAJA
69268,SULAWESI SELATAN,70239,BONE,70313,LIBURENG
69268,SULAWESI SELATAN,70239,BONE,70334,MARE
69268,SULAWESI SELATAN,70239,BONE,70455,PALAKKA
69268,SULAWESI SELATAN,70239,BONE,70628,PATIMPENG
69268,SULAWESI SELATAN,70239,BONE,70406,PONRE
69268,SULAWESI SELATAN,70239,BONE,70292,SALOMEKKO
69268,SULAWESI SELATAN,70239,BONE,70353,SIBULUE
69268,SULAWESI SELATAN,70239,BONE,70563,TANETE RIATTANG
69268,SULAWESI SELATAN,70239,BONE,70572,TANETE RIATTANG BARAT
69268,SULAWESI SELATAN,70239,BONE,70581,TANETE RIATTANG TIMUR
69268,SULAWESI SELATAN,70239,BONE,70606,TELLULIMPOE
69268,SULAWESI SELATAN,70239,BONE,70490,TELLU SIATTINGE
69268,SULAWESI SELATAN,70239,BONE,70301,TONRA
69268,SULAWESI SELATAN,70239,BONE,70439,ULAWENG
69268,SULAWESI SELATAN,69531,BULUKUMBA,69563,BONTO BAHARI
69268,SULAWESI SELATAN,69531,BULUKUMBA,69572,BONTO TIRO
69268,SULAWESI SELATAN,69531,BULUKUMBA,69614,BULUKUMPA
69268,SULAWESI SELATAN,69531,BULUKUMBA,69532,GANTARANG
69268,SULAWESI SELATAN,69531,BULUKUMBA,69585,HERLANG
69268,SULAWESI SELATAN,69531,BULUKUMBA,69594,KAJANG
69268,SULAWESI SELATAN,69531,BULUKUMBA,69631,KINDANG
69268,SULAWESI SELATAN,69531,BULUKUMBA,69654,RILAUALE
69268,SULAWESI SELATAN,69531,BULUKUMBA,69553,UJUNG BULU
69268,SULAWESI SELATAN,69531,BULUKUMBA,69641,UJUNGLOE
69268,SULAWESI SELATAN,71437,ENREKANG,71512,ALLA
69268,SULAWESI SELATAN,71437,ENREKANG,71496,ANGGERAJA
69268,SULAWESI SELATAN,71437,ENREKANG,71480,BARAKA
69268,SULAWESI SELATAN,71437,ENREKANG,71573,BAROKO
69268,SULAWESI SELATAN,71437,ENREKANG,71521,BUNGIN
69268,SULAWESI SELATAN,71437,ENREKANG,71557,BUNTU BATU
69268,SULAWESI SELATAN,71437,ENREKANG,71528,CENDANA
69268,SULAWESI SELATAN,71437,ENREKANG,71536,CURIO
69268,SULAWESI SELATAN,71437,ENREKANG,71461,ENREKANG
69268,SULAWESI SELATAN,71437,ENREKANG,71438,MAIWA
69268,SULAWESI SELATAN,71437,ENREKANG,71548,MALUA
69268,SULAWESI SELATAN,71437,ENREKANG,71566,MASALLE
69268,SULAWESI SELATAN,69962,GOWA,69978,BAJENG
69268,SULAWESI SELATAN,69962,GOWA,70141,BAJENG BARAT
69268,SULAWESI SELATAN,69962,GOWA,70091,BAROMBONG
69268,SULAWESI SELATAN,69962,GOWA,70079,BIRINGBULU
69268,SULAWESI SELATAN,69962,GOWA,70116,BONTOLEMPANGANG
69268,SULAWESI SELATAN,69962,GOWA,70018,BONTOMARANNU
69268,SULAWESI SELATAN,69962,GOWA,69963,BONTONOMPO
69268,SULAWESI SELATAN,69962,GOWA,70125,BONTONOMPO SELATAN
69268,SULAWESI SELATAN,69962,GOWA,70060,BUNGAYA
69268,SULAWESI SELATAN,69962,GOWA,70108,MANUJU
69268,SULAWESI SELATAN,69962,GOWA,70028,PALLANGGA
69268,SULAWESI SELATAN,69962,GOWA,70010,PARANGLOE
69268,SULAWESI SELATAN,69962,GOWA,70135,PARIGI
69268,SULAWESI SELATAN,69962,GOWA,70099,PATTALLASSANG
69268,SULAWESI SELATAN,69962,GOWA,70045,SOMBA OPU
69268,SULAWESI SELATAN,69962,GOWA,70002,TINGGIMONCONG
69268,SULAWESI SELATAN,69962,GOWA,70069,TOMBOLOPAO
69268,SULAWESI SELATAN,69962,GOWA,69993,TOMPOBULU
69268,SULAWESI SELATAN,69744,JENEPONTO,69839,ARUNGKEKE
69268,SULAWESI SELATAN,69744,JENEPONTO,69745,BANGKALA
69268,SULAWESI SELATAN,69744,JENEPONTO,69805,BANGKALA BARAT
69268,SULAWESI SELATAN,69744,JENEPONTO,69787,BATANG
69268,SULAWESI SELATAN,69744,JENEPONTO,69773,BINAMU
69268,SULAWESI SELATAN,69744,JENEPONTO,69814,BONTORAMBA
69268,SULAWESI SELATAN,69744,JENEPONTO,69794,KELARA
69268,SULAWESI SELATAN,69744,JENEPONTO,69847,RUMBIA
69268,SULAWESI SELATAN,69744,JENEPONTO,69760,TAMALATEA
69268,SULAWESI SELATAN,69744,JENEPONTO,69860,TAROWANG
69268,SULAWESI SELATAN,69744,JENEPONTO,69827,TURATEA
69268,SULAWESI SELATAN,69442,KEPULAUAN SELAYAR,69443,BENTENG
69268,SULAWESI SELATAN,69442,KEPULAUAN SELAYAR,69447,BONTOHARU
69268,SULAWESI SELATAN,69442,KEPULAUAN SELAYAR,69469,BONTOMANAI
69268,SULAWESI SELATAN,69442,KEPULAUAN SELAYAR,69456,BONTOMATENE
69268,SULAWESI SELATAN,69442,KEPULAUAN SELAYAR,69478,BONTOSIKUYU
69268,SULAWESI SELATAN,69442,KEPULAUAN SELAYAR,69524,BUKI
69268,SULAWESI SELATAN,69442,KEPULAUAN SELAYAR,69513,PASILAMBENA
69268,SULAWESI SELATAN,69442,KEPULAUAN SELAYAR,69497,PASIMARANNU
69268,SULAWESI SELATAN,69442,KEPULAUAN SELAYAR,69490,PASIMASUNGGU
69268,SULAWESI SELATAN,69442,KEPULAUAN SELAYAR,69519,PASIMASUNGGU TIMUR
69268,SULAWESI SELATAN,69442,KEPULAUAN SELAYAR,69504,TAKA BONERATE
69268,SULAWESI SELATAN,72309,KOTA MAKASSAR,72434,BIRING KANAYA
69268,SULAWESI SELATAN,72309,KOTA MAKASSAR,72369,BONTOALA
69268,SULAWESI SELATAN,72309,KOTA MAKASSAR,931208,KEPULAUAN SANGKARRANG
69268,SULAWESI SELATAN,72309,KOTA MAKASSAR,72334,MAKASSAR
69268,SULAWESI SELATAN,72309,KOTA MAKASSAR,72320,MAMAJANG
69268,SULAWESI SELATAN,72309,KOTA MAKASSAR,72442,MANGGALA
69268,SULAWESI SELATAN,72309,KOTA MAKASSAR,72310,MARISO
69268,SULAWESI SELATAN,72309,KOTA MAKASSAR,72411,PANAKUKKANG
69268,SULAWESI SELATAN,72309,KOTA MAKASSAR,72449,RAPOCINI
69268,SULAWESI SELATAN,72309,KOTA MAKASSAR,72382,TALLO
69268,SULAWESI SELATAN,72309,KOTA MAKASSAR,72460,TAMALANREA
69268,SULAWESI SELATAN,72309,KOTA MAKASSAR,72423,TAMALATE
69268,SULAWESI SELATAN,72309,KOTA MAKASSAR,72349,UJUNG PANDANG
69268,SULAWESI SELATAN,72309,KOTA MAKASSAR,72398,UJUNG TANAH
69268,SULAWESI SELATAN,72309,KOTA MAKASSAR,72360,WAJO
69268,SULAWESI SELATAN,72493,KOTA PALOPO,72545,BARA
69268,SULAWESI SELATAN,72493,KOTA PALOPO,72540,MUNGKAJANG
69268,SULAWESI SELATAN,72493,KOTA PALOPO,72535,SENDANA
69268,SULAWESI SELATAN,72493,KOTA PALOPO,72513,TELLUWANUA
69268,SULAWESI SELATAN,72493,KOTA PALOPO,72494,WARA
69268,SULAWESI SELATAN,72493,KOTA PALOPO,72529,WARA BARAT
69268,SULAWESI SELATAN,72493,KOTA PALOPO,72508,WARA SELATAN
69268,SULAWESI SELATAN,72493,KOTA PALOPO,72521,WARA TIMUR
69268,SULAWESI SELATAN,72493,KOTA PALOPO,72501,WARA UTARA
69268,SULAWESI SELATAN,72467,KOTA PARE PARE,72468,BACUKIKI
69268,SULAWESI SELATAN,72467,KOTA PARE PARE,72486,BACUKIKI BARAT
69268,SULAWESI SELATAN,72467,KOTA PARE PARE,72478,SOREANG
69268,SULAWESI SELATAN,72467,KOTA PARE PARE,72472,UJUNG
69268,SULAWESI SELATAN,71579,LUWU,71633,BAJO
69268,SULAWESI SELATAN,71579,LUWU,71804,BAJO BARAT
69268,SULAWESI SELATAN,71579,LUWU,71580,BASSE SANGTEMPE
69268,SULAWESI SELATAN,71579,LUWU,83763,BASSE SANGTEMPE UTARA
69268,SULAWESI SELATAN,71579,LUWU,71667,BELOPA
69268,SULAWESI SELATAN,71579,LUWU,71748,BELOPA UTARA
69268,SULAWESI SELATAN,71579,LUWU,71677,BUA
69268,SULAWESI SELATAN,71579,LUWU,71646,BUA PONRANG
69268,SULAWESI SELATAN,71579,LUWU,71739,KAMANRE
69268,SULAWESI SELATAN,71579,LUWU,71693,LAMASI
69268,SULAWESI SELATAN,71579,LUWU,71785,LAMASI TIMUR
69268,SULAWESI SELATAN,71579,LUWU,71605,LAROMPONG
69268,SULAWESI SELATAN,71579,LUWU,71704,LAROMPONG SELATAN
69268,SULAWESI SELATAN,71579,LUWU,71726,LATIMOJONG
69268,SULAWESI SELATAN,71579,LUWU,71715,PONRANG
69268,SULAWESI SELATAN,71579,LUWU,71814,PONRANG SELATAN
69268,SULAWESI SELATAN,71579,LUWU,71619,SULI
69268,SULAWESI SELATAN,71579,LUWU,71795,SULI BARAT
69268,SULAWESI SELATAN,71579,LUWU,71657,WALENRANG
69268,SULAWESI SELATAN,71579,LUWU,71757,WALENRANG BARAT
69268,SULAWESI SELATAN,71579,LUWU,71776,WALENRANG TIMUR
69268,SULAWESI SELATAN,71579,LUWU,71764,WALENRANG UTARA
69268,SULAWESI SELATAN,72190,LUWU TIMUR,72236,ANGKONA
69268,SULAWESI SELATAN,72190,LUWU TIMUR,72258,BURAU
69268,SULAWESI SELATAN,72190,LUWU TIMUR,72287,KALAENA
69268,SULAWESI SELATAN,72190,LUWU TIMUR,72220,MALILI
69268,SULAWESI SELATAN,72190,LUWU TIMUR,72191,MANGKUTANA
69268,SULAWESI SELATAN,72190,LUWU TIMUR,72200,NUHA
69268,SULAWESI SELATAN,72190,LUWU TIMUR,72274,TOMONI
69268,SULAWESI SELATAN,72190,LUWU TIMUR,72293,TOMONI TIMUR
69268,SULAWESI SELATAN,72190,LUWU TIMUR,72206,TOWUTI
69268,SULAWESI SELATAN,72190,LUWU TIMUR,72302,WASUPONDA
69268,SULAWESI SELATAN,72190,LUWU TIMUR,72245,WOTU
69268,SULAWESI SELATAN,72007,LUWU UTARA,72169,BAEBUNTA
69268,SULAWESI SELATAN,72007,LUWU UTARA,72023,BONE BONE
69268,SULAWESI SELATAN,72007,LUWU UTARA,72008,MALANGKE
69268,SULAWESI SELATAN,72007,LUWU UTARA,72132,MALANGKE BARAT
69268,SULAWESI SELATAN,72007,LUWU UTARA,72153,MAPPEDECENG
69268,SULAWESI SELATAN,72007,LUWU UTARA,72044,MASAMBA
69268,SULAWESI SELATAN,72007,LUWU UTARA,72146,RAMPI
69268,SULAWESI SELATAN,72007,LUWU UTARA,72085,RONGKONG
69268,SULAWESI SELATAN,72007,LUWU UTARA,72064,SABBANG
69268,SULAWESI SELATAN,72007,LUWU UTARA,72119,SEKO
69268,SULAWESI SELATAN,72007,LUWU UTARA,72093,SUKAMAJU
69268,SULAWESI SELATAN,72007,LUWU UTARA,83764,TANA LILI
69268,SULAWESI SELATAN,70639,MAROS,70656,BANTIMURUNG
69268,SULAWESI SELATAN,70639,MAROS,70673,BONTOA
69268,SULAWESI SELATAN,70639,MAROS,70647,CAMBA
69268,SULAWESI SELATAN,70639,MAROS,70719,CENRANA
69268,SULAWESI SELATAN,70639,MAROS,70736,LAU
69268,SULAWESI SELATAN,70639,MAROS,70683,MALLLAWA
69268,SULAWESI SELATAN,70639,MAROS,70640,MANDAI
69268,SULAWESI SELATAN,70639,MAROS,70665,MAROS BARU
69268,SULAWESI SELATAN,70639,MAROS,70704,MARUSU
69268,SULAWESI SELATAN,70639,MAROS,70743,MONCONG LOE
69268,SULAWESI SELATAN,70639,MAROS,70712,SIMBANG
69268,SULAWESI SELATAN,70639,MAROS,70695,TANRALILI
69268,SULAWESI SELATAN,70639,MAROS,70727,TOMPOBULU
69268,SULAWESI SELATAN,70639,MAROS,70749,TURIKALE
69268,SULAWESI SELATAN,70757,PANGKAJENE DAN KEPULAUAN,70795,BALOCCI
69268,SULAWESI SELATAN,70757,PANGKAJENE DAN KEPULAUAN,70801,BUNGORO
69268,SULAWESI SELATAN,70757,PANGKAJENE DAN KEPULAUAN,70810,LABAKKANG
69268,SULAWESI SELATAN,70757,PANGKAJENE DAN KEPULAUAN,70768,LIUKANG KALMAS
69268,SULAWESI SELATAN,70757,PANGKAJENE DAN KEPULAUAN,70758,LIUKANG TANGAYA
69268,SULAWESI SELATAN,70757,PANGKAJENE DAN KEPULAUAN,70776,LIUKANG TUPABBIRING
69268,SULAWESI SELATAN,70757,PANGKAJENE DAN KEPULAUAN,70865,LIUKANG TUPABBIRING UTARA
69268,SULAWESI SELATAN,70757,PANGKAJENE DAN KEPULAUAN,70851,MANDALLE
69268,SULAWESI SELATAN,70757,PANGKAJENE DAN KEPULAUAN,70824,MARANG
69268,SULAWESI SELATAN,70757,PANGKAJENE DAN KEPULAUAN,70842,MINASA TENE
69268,SULAWESI SELATAN,70757,PANGKAJENE DAN KEPULAUAN,70785,PANGKAJENE
69268,SULAWESI SELATAN,70757,PANGKAJENE DAN KEPULAUAN,70835,SEGERI
69268,SULAWESI SELATAN,70757,PANGKAJENE DAN KEPULAUAN,70858,TONDONG TALLASA
69268,SULAWESI SELATAN,71327,PINRANG,71431,BATU LAPPA
69268,SULAWESI SELATAN,71327,PINRANG,71409,CEMPA
69268,SULAWESI SELATAN,71327,PINRANG,71379,DUAMPANUA
69268,SULAWESI SELATAN,71327,PINRANG,71423,LANRISANG
69268,SULAWESI SELATAN,71327,PINRANG,71394,LEMBANG
69268,SULAWESI SELATAN,71327,PINRANG,71328,MATIRRO SOMPE
69268,SULAWESI SELATAN,71327,PINRANG,71349,MATTIRO BULU
69268,SULAWESI SELATAN,71327,PINRANG,83765,PALETEANG
69268,SULAWESI SELATAN,71327,PINRANG,71368,PATAMPANUA
69268,SULAWESI SELATAN,71327,PINRANG,71338,SUPPA
69268,SULAWESI SELATAN,71327,PINRANG,71417,TIROANG
69268,SULAWESI SELATAN,71327,PINRANG,71359,WATANG SAWITO
69268,SULAWESI SELATAN,71209,SIDENRENG RAPPANG,71242,BARANTI
69268,SULAWESI SELATAN,71209,SIDENRENG RAPPANG,71290,DUA PITUE
69268,SULAWESI SELATAN,71209,SIDENRENG RAPPANG,71261,KULO
69268,SULAWESI SELATAN,71209,SIDENRENG RAPPANG,71268,MARITENGNGAE
69268,SULAWESI SELATAN,71209,SIDENRENG RAPPANG,71210,PANCA LAUTANG
69268,SULAWESI SELATAN,71209,SIDENRENG RAPPANG,71252,PANCA RIJANG
69268,SULAWESI SELATAN,71209,SIDENRENG RAPPANG,71314,PITU RIASE
69268,SULAWESI SELATAN,71209,SIDENRENG RAPPANG,71301,PITU RIAWA
69268,SULAWESI SELATAN,71209,SIDENRENG RAPPANG,71221,TELLU LIMPOE
69268,SULAWESI SELATAN,71209,SIDENRENG RAPPANG,71231,WATANG PULU
69268,SULAWESI SELATAN,71209,SIDENRENG RAPPANG,71281,WT. SIDENRENG
69268,SULAWESI SELATAN,70149,SINJAI,70205,BULUPODDO
69268,SULAWESI SELATAN,70149,SINJAI,70234,PULAU SEMBILAN
69268,SULAWESI SELATAN,70149,SINJAI,70150,SINJAI BARAT
69268,SULAWESI SELATAN,70149,SINJAI,70213,SINJAI BORONG
69268,SULAWESI SELATAN,70149,SINJAI,70160,SINJAI  SELATAN
69268,SULAWESI SELATAN,70149,SINJAI,70186,SINJAI TENGAH
69268,SULAWESI SELATAN,70149,SINJAI,70172,SINJAI TIMUR
69268,SULAWESI SELATAN,70149,SINJAI,70198,SINJAI UTARA
69268,SULAWESI SELATAN,70149,SINJAI,70222,TELLU LIMPOE
69268,SULAWESI SELATAN,70935,SOPPENG,71009,CITTA
69268,SULAWESI SELATAN,70935,SOPPENG,70994,DONRI DONRI
69268,SULAWESI SELATAN,70935,SOPPENG,71004,GANRA
69268,SULAWESI SELATAN,70935,SOPPENG,70972,LALABATA
69268,SULAWESI SELATAN,70935,SOPPENG,70950,LILIRIAJA
69268,SULAWESI SELATAN,70935,SOPPENG,70959,LILIRILAU
69268,SULAWESI SELATAN,70935,SOPPENG,70983,MARIORIAWA
69268,SULAWESI SELATAN,70935,SOPPENG,70936,MARIORIWAWO
69268,SULAWESI SELATAN,69869,TAKALAR,69949,GALESONG
69268,SULAWESI SELATAN,69869,TAKALAR,69915,GALESONG SELATAN
69268,SULAWESI SELATAN,69869,TAKALAR,69925,GALESONG UTARA
69268,SULAWESI SELATAN,69869,TAKALAR,69877,MANGARABOMBANG
69268,SULAWESI SELATAN,69869,TAKALAR,69870,MAPPAKASUNGGU
69268,SULAWESI SELATAN,69869,TAKALAR,69934,PATTALLASSANG
69268,SULAWESI SELATAN,69869,TAKALAR,69890,POLOMBANGKENG SELATAN
69268,SULAWESI SELATAN,69869,TAKALAR,69899,POLOMBANGKENG UTARA
69268,SULAWESI SELATAN,69869,TAKALAR,69943,SANROBONE
69268,SULAWESI SELATAN,71828,TANA TORAJA,71839,BITTUANG
69268,SULAWESI SELATAN,71828,TANA TORAJA,71855,BONGGAKARADENG
69268,SULAWESI SELATAN,71828,TANA TORAJA,71916,GANDANGBATU SILLANAN
69268,SULAWESI SELATAN,71828,TANA TORAJA,72000,KURRA
69268,SULAWESI SELATAN,71828,TANA TORAJA,71862,MAKALE
69268,SULAWESI SELATAN,71828,TANA TORAJA,71956,MAKALE SELATAN
69268,SULAWESI SELATAN,71828,TANA TORAJA,71943,MAKALE UTARA
69268,SULAWESI SELATAN,71828,TANA TORAJA,71987,MALIMBONG BALEPE
69268,SULAWESI SELATAN,71828,TANA TORAJA,71949,MAPPAK
69268,SULAWESI SELATAN,71828,TANA TORAJA,71965,MASANDA
69268,SULAWESI SELATAN,71828,TANA TORAJA,71892,MENGKENDEK
69268,SULAWESI SELATAN,71828,TANA TORAJA,71994,RANO
69268,SULAWESI SELATAN,71828,TANA TORAJA,71885,RANTETAYO
69268,SULAWESI SELATAN,71828,TANA TORAJA,71929,REMBON
69268,SULAWESI SELATAN,71828,TANA TORAJA,71829,SALUPUTI
69268,SULAWESI SELATAN,71828,TANA TORAJA,71910,SANGALLA
69268,SULAWESI SELATAN,71828,TANA TORAJA,71974,SANGALLA SELATAN
69268,SULAWESI SELATAN,71828,TANA TORAJA,71980,SANGALLA UTARA
69268,SULAWESI SELATAN,71828,TANA TORAJA,71878,SIMBUANG
69268,SULAWESI SELATAN,69269,TORAJA UTARA,69437,AWAN RANTE KARUA
69268,SULAWESI SELATAN,69269,TORAJA UTARA,69354,BALUSU
69268,SULAWESI SELATAN,69269,TORAJA UTARA,69411,BANGKELEKILA'
69268,SULAWESI SELATAN,69269,TORAJA UTARA,69393,BARUPPU'
69268,SULAWESI SELATAN,69269,TORAJA UTARA,69312,BUNTAO'
69268,SULAWESI SELATAN,69269,TORAJA UTARA,69379,BUNTU PEPASAN
69268,SULAWESI SELATAN,69269,TORAJA UTARA,69370,DENDE' PIONGAN NAPO
69268,SULAWESI SELATAN,69269,TORAJA UTARA,69430,KAPALA PITU
69268,SULAWESI SELATAN,69269,TORAJA UTARA,69398,KESU'
69268,SULAWESI SELATAN,69269,TORAJA UTARA,69292,NANGGALA
69268,SULAWESI SELATAN,69269,TORAJA UTARA,69416,RANTEBUA
69268,SULAWESI SELATAN,69269,TORAJA UTARA,69270,RANTEPAO
69268,SULAWESI SELATAN,69269,TORAJA UTARA,69302,RINDINGALLO
69268,SULAWESI SELATAN,69269,TORAJA UTARA,69319,SA'DAN
69268,SULAWESI SELATAN,69269,TORAJA UTARA,69330,SANGGALANGI
69268,SULAWESI SELATAN,69269,TORAJA UTARA,69282,SESEAN
69268,SULAWESI SELATAN,69269,TORAJA UTARA,69424,SESEAN SULOARA
69268,SULAWESI SELATAN,69269,TORAJA UTARA,69337,SOPAI
69268,SULAWESI SELATAN,69269,TORAJA UTARA,69362,TALLUNGLIPU
69268,SULAWESI SELATAN,69269,TORAJA UTARA,69346,TIKALA
69268,SULAWESI SELATAN,69269,TORAJA UTARA,69406,TONDON
69268,SULAWESI SELATAN,71014,WAJO,71107,BELAWA
69268,SULAWESI SELATAN,71014,WAJO,71162,BOLA
69268,SULAWESI SELATAN,71014,WAJO,71187,GILIRENG
69268,SULAWESI SELATAN,71014,WAJO,71198,KEERA
69268,SULAWESI SELATAN,71014,WAJO,71071,MAJAULENG
69268,SULAWESI SELATAN,71014,WAJO,71138,MANIANGPAJO
69268,SULAWESI SELATAN,71014,WAJO,71031,PAMMANA
69268,SULAWESI SELATAN,71014,WAJO,71175,PENRANG
69268,SULAWESI SELATAN,71014,WAJO,71147,PITUMPANUA
69268,SULAWESI SELATAN,71014,WAJO,71015,SABANGPARU
69268,SULAWESI SELATAN,71014,WAJO,71061,SAJOANGING
69268,SULAWESI SELATAN,71014,WAJO,71047,TAKKALALLA
69268,SULAWESI SELATAN,71014,WAJO,71118,TANASITOLO
69268,SULAWESI SELATAN,71014,WAJO,71090,TEMPE
72551,SULAWESI TENGGARA,74018,BOMBANA,74051,KABAENA
72551,SULAWESI TENGGARA,74018,BOMBANA,74119,KABAENA BARAT
72551,SULAWESI TENGGARA,74018,BOMBANA,74114,KABAENA SELATAN
72551,SULAWESI TENGGARA,74018,BOMBANA,74132,KABAENA TENGAH
72551,SULAWESI TENGGARA,74018,BOMBANA,74056,KABAENA TIMUR
72551,SULAWESI TENGGARA,74018,BOMBANA,74125,KABAENA UTARA
72551,SULAWESI TENGGARA,74018,BOMBANA,74140,KEP. MASALOKA RAYA
72551,SULAWESI TENGGARA,74018,BOMBANA,74163,LANTARI JAYA
72551,SULAWESI TENGGARA,74018,BOMBANA,74074,MATA OLEO
72551,SULAWESI TENGGARA,74018,BOMBANA,74173,MATA USU
72551,SULAWESI TENGGARA,74018,BOMBANA,74019,POLEANG
72551,SULAWESI TENGGARA,74018,BOMBANA,74064,POLEANG BARAT
72551,SULAWESI TENGGARA,74018,BOMBANA,74103,POLEANG SELATAN
72551,SULAWESI TENGGARA,74018,BOMBANA,74152,POLEANG TENGAH
72551,SULAWESI TENGGARA,74018,BOMBANA,74109,POLEANG TENGGARA
72551,SULAWESI TENGGARA,74018,BOMBANA,74030,POLEANG TIMUR
72551,SULAWESI TENGGARA,74018,BOMBANA,74094,POLEANG UTARA
72551,SULAWESI TENGGARA,74018,BOMBANA,74036,RAROWATU
72551,SULAWESI TENGGARA,74018,BOMBANA,74085,RAROWATU UTARA
72551,SULAWESI TENGGARA,74018,BOMBANA,74045,RUMBIA
72551,SULAWESI TENGGARA,74018,BOMBANA,74146,RUMBIA TENGAH
72551,SULAWESI TENGGARA,74018,BOMBANA,74157,TONTONUNU
72551,SULAWESI TENGGARA,73420,BUTON,73554,KAPONTORI
72551,SULAWESI TENGGARA,73420,BUTON,73571,LASALIMU
72551,SULAWESI TENGGARA,73420,BUTON,73583,LASALIMU SELATAN
72551,SULAWESI TENGGARA,73420,BUTON,73498,PASARWAJO
72551,SULAWESI TENGGARA,73420,BUTON,73640,SIOTAPINA
72551,SULAWESI TENGGARA,73420,BUTON,73628,WABULA
72551,SULAWESI TENGGARA,73420,BUTON,73634,WOLOWA
72551,SULAWESI TENGGARA,928084,BUTON SELATAN,73474,BATAUGA
72551,SULAWESI TENGGARA,928084,BUTON SELATAN,73546,BATU ATAS
72551,SULAWESI TENGGARA,928084,BUTON SELATAN,73526,KADATUA
72551,SULAWESI TENGGARA,928084,BUTON SELATAN,73621,LAPANDEWA
72551,SULAWESI TENGGARA,928084,BUTON SELATAN,73485,SAMPOLAWA
72551,SULAWESI TENGGARA,928084,BUTON SELATAN,73537,SIOMPU
72551,SULAWESI TENGGARA,928084,BUTON SELATAN,73607,SIOMPU BARAT
72551,SULAWESI TENGGARA,928083,BUTON TENGAH,73463,G U
72551,SULAWESI TENGGARA,928083,BUTON TENGAH,73448,LAKUDO
72551,SULAWESI TENGGARA,928083,BUTON TENGAH,73421,MAWASANGKA
72551,SULAWESI TENGGARA,928083,BUTON TENGAH,73597,MAWASANGKA TENGAH
72551,SULAWESI TENGGARA,928083,BUTON TENGAH,73439,MAWASANGKA TIMUR
72551,SULAWESI TENGGARA,928083,BUTON TENGAH,73614,SANGIA WAMBULU
72551,SULAWESI TENGGARA,928083,BUTON TENGAH,73519,TALAGA RAYA
72551,SULAWESI TENGGARA,74525,BUTON UTARA,74550,BONEGUNU
72551,SULAWESI TENGGARA,74525,BUTON UTARA,74541,KAMBOWA
72551,SULAWESI TENGGARA,74525,BUTON UTARA,74526,KULISUSU
72551,SULAWESI TENGGARA,74525,BUTON UTARA,74561,KULISUSU BARAT
72551,SULAWESI TENGGARA,74525,BUTON UTARA,74571,KULISUSU UTARA
72551,SULAWESI TENGGARA,74525,BUTON UTARA,74581,WAKORUMBA UTARA
72551,SULAWESI TENGGARA,72552,KOLAKA,72656,BAULA
72551,SULAWESI TENGGARA,72552,KOLAKA,928092,IWOIMENDAA
72551,SULAWESI TENGGARA,72552,KOLAKA,72588,KOLAKA
72551,SULAWESI TENGGARA,72552,KOLAKA,72680,LATAMBAGA
72551,SULAWESI TENGGARA,72552,KOLAKA,72770,POLINGGONA
72551,SULAWESI TENGGARA,72552,KOLAKA,72596,POMALAA
72551,SULAWESI TENGGARA,72552,KOLAKA,72723,SAMATURU
72551,SULAWESI TENGGARA,72552,KOLAKA,72688,TANGGETADA
72551,SULAWESI TENGGARA,72552,KOLAKA,72763,TOARI
72551,SULAWESI TENGGARA,72552,KOLAKA,72609,WATUBANGGA
72551,SULAWESI TENGGARA,72552,KOLAKA,72636,WOLO
72551,SULAWESI TENGGARA,72552,KOLAKA,72553,WUNDULAKO
72551,SULAWESI TENGGARA,928076,KOLAKA TIMUR,928093,AERE
72551,SULAWESI TENGGARA,928076,KOLAKA TIMUR,928095,DANGIA
72551,SULAWESI TENGGARA,928076,KOLAKA TIMUR,72622,LADONGI
72551,SULAWESI TENGGARA,928076,KOLAKA TIMUR,72757,LALOLAE
72551,SULAWESI TENGGARA,928076,KOLAKA TIMUR,72702,LAMBANDIA
72551,SULAWESI TENGGARA,928076,KOLAKA TIMUR,72777,LOEA
72551,SULAWESI TENGGARA,928076,KOLAKA TIMUR,72579,MOWEWE
72551,SULAWESI TENGGARA,928076,KOLAKA TIMUR,72748,POLI-POLIA
72551,SULAWESI TENGGARA,928076,KOLAKA TIMUR,72739,TINONDO
72551,SULAWESI TENGGARA,928076,KOLAKA TIMUR,72565,TIRAWUTA
72551,SULAWESI TENGGARA,928076,KOLAKA TIMUR,928094,UEESI
72551,SULAWESI TENGGARA,928076,KOLAKA TIMUR,72666,ULUIWOI
72551,SULAWESI TENGGARA,74288,KOLAKA UTARA,74314,BATU PUTIH
72551,SULAWESI TENGGARA,74288,KOLAKA UTARA,74415,KATOI
72551,SULAWESI TENGGARA,74288,KOLAKA UTARA,74334,KODEOHA
72551,SULAWESI TENGGARA,74288,KOLAKA UTARA,74368,LAMBAI
72551,SULAWESI TENGGARA,74288,KOLAKA UTARA,74289,LASUSUA
72551,SULAWESI TENGGARA,74288,KOLAKA UTARA,74347,NGAPA
72551,SULAWESI TENGGARA,74288,KOLAKA UTARA,74302,PAKUE
72551,SULAWESI TENGGARA,74288,KOLAKA UTARA,74385,PAKUE TENGAH
72551,SULAWESI TENGGARA,74288,KOLAKA UTARA,74396,PAKUE UTARA
72551,SULAWESI TENGGARA,74288,KOLAKA UTARA,74406,POREHU
72551,SULAWESI TENGGARA,74288,KOLAKA UTARA,74326,RANTE ANGIN
72551,SULAWESI TENGGARA,74288,KOLAKA UTARA,74422,TIWU
72551,SULAWESI TENGGARA,74288,KOLAKA UTARA,74430,TOLALA
72551,SULAWESI TENGGARA,74288,KOLAKA UTARA,74376,WATUNOHU
72551,SULAWESI TENGGARA,74288,KOLAKA UTARA,74360,WAWO
72551,SULAWESI TENGGARA,72786,KONAWE,72880,ABUKI
72551,SULAWESI TENGGARA,72786,KONAWE,73061,AMONGGEDO
72551,SULAWESI TENGGARA,72786,KONAWE,73046,ANGGABERI
72551,SULAWESI TENGGARA,72786,KONAWE,931275,ANGGALOMOARE
72551,SULAWESI TENGGARA,72786,KONAWE,73083,ASINUA
72551,SULAWESI TENGGARA,72786,KONAWE,73010,BESULUTU
72551,SULAWESI TENGGARA,72786,KONAWE,73023,BONDOALA
72551,SULAWESI TENGGARA,72786,KONAWE,73099,KAPOIALA
72551,SULAWESI TENGGARA,72786,KONAWE,73089,KONAWE
72551,SULAWESI TENGGARA,72786,KONAWE,73130,LALONGGASUMEETO
72551,SULAWESI TENGGARA,72786,KONAWE,72787,LAMBUYA
72551,SULAWESI TENGGARA,72786,KONAWE,72944,LATOMA
72551,SULAWESI TENGGARA,72786,KONAWE,73052,MELUHU
72551,SULAWESI TENGGARA,72786,KONAWE,931274,MOROSI
72551,SULAWESI TENGGARA,72786,KONAWE,73141,ONEMBUTE
72551,SULAWESI TENGGARA,72786,KONAWE,931272,PADANGGUNI
72551,SULAWESI TENGGARA,72786,KONAWE,72827,PONDIDAHA
72551,SULAWESI TENGGARA,72786,KONAWE,72955,PURIALA
72551,SULAWESI TENGGARA,72786,KONAWE,73039,ROUTA
72551,SULAWESI TENGGARA,72786,KONAWE,72843,SAMPARA
72551,SULAWESI TENGGARA,72786,KONAWE,72897,SOROPIA
72551,SULAWESI TENGGARA,72786,KONAWE,72926,TONGAUNA
72551,SULAWESI TENGGARA,72786,KONAWE,72968,UEPAI
72551,SULAWESI TENGGARA,72786,KONAWE,72797,UNAAHA
72551,SULAWESI TENGGARA,72786,KONAWE,72807,WAWOTOBI
72551,SULAWESI TENGGARA,72786,KONAWE,72985,WONGGEDUKU
72551,SULAWESI TENGGARA,72786,KONAWE,931273,WONGGEDUKU BARAT
72551,SULAWESI TENGGARA,928077,KONAWE KEPULAUAN,72865,WAWONII BARAT
72551,SULAWESI TENGGARA,928077,KONAWE KEPULAUAN,72909,WAWONII SELATAN
72551,SULAWESI TENGGARA,928077,KONAWE KEPULAUAN,73075,WAWONII TENGAH
72551,SULAWESI TENGGARA,928077,KONAWE KEPULAUAN,73110,WAWONII TENGGARA
72551,SULAWESI TENGGARA,928077,KONAWE KEPULAUAN,72874,WAWONII TIMUR
72551,SULAWESI TENGGARA,928077,KONAWE KEPULAUAN,73120,WAWONII TIMUR LAUT
72551,SULAWESI TENGGARA,928077,KONAWE KEPULAUAN,72916,WAWONII UTARA
72551,SULAWESI TENGGARA,73650,KONAWE SELATAN,73697,ANDOOLO
72551,SULAWESI TENGGARA,73650,KONAWE SELATAN,931293,ANDOOLO BARAT
72551,SULAWESI TENGGARA,73650,KONAWE SELATAN,73673,ANGATA
72551,SULAWESI TENGGARA,73650,KONAWE SELATAN,73989,BAITO
72551,SULAWESI TENGGARA,73650,KONAWE SELATAN,73998,BASALA
72551,SULAWESI TENGGARA,73650,KONAWE SELATAN,73891,BENUA
72551,SULAWESI TENGGARA,73650,KONAWE SELATAN,73947,BUKE
72551,SULAWESI TENGGARA,73650,KONAWE SELATAN,73799,KOLONO
72551,SULAWESI TENGGARA,73650,KONAWE SELATAN,931294,KOLONO TIMUR
72551,SULAWESI TENGGARA,73650,KONAWE SELATAN,73769,KONDA
72551,SULAWESI TENGGARA,73650,KONAWE SELATAN,73971,LAEYA
72551,SULAWESI TENGGARA,73650,KONAWE SELATAN,73756,LAINEA
72551,SULAWESI TENGGARA,73650,KONAWE SELATAN,73872,LALEMBUU
72551,SULAWESI TENGGARA,73650,KONAWE SELATAN,73734,LANDONO
72551,SULAWESI TENGGARA,73650,KONAWE SELATAN,73851,LAONTI
72551,SULAWESI TENGGARA,73650,KONAWE SELATAN,73830,MORAMO
72551,SULAWESI TENGGARA,73650,KONAWE SELATAN,73936,MORAMO UTARA
72551,SULAWESI TENGGARA,73650,KONAWE SELATAN,73915,MOWILA
72551,SULAWESI TENGGARA,73650,KONAWE SELATAN,73718,PALANGGA
72551,SULAWESI TENGGARA,73650,KONAWE SELATAN,73904,PALANGGA SELATAN
72551,SULAWESI TENGGARA,73650,KONAWE SELATAN,73786,RANOMEETO
72551,SULAWESI TENGGARA,73650,KONAWE SELATAN,74008,RANOMEETO BARAT
72551,SULAWESI TENGGARA,73650,KONAWE SELATAN,931292,SABULAKOA
72551,SULAWESI TENGGARA,73650,KONAWE SELATAN,73651,TINANGGEA
72551,SULAWESI TENGGARA,73650,KONAWE SELATAN,73963,WOLASI
72551,SULAWESI TENGGARA,74437,KONAWE UTARA,83768,ANDOWIA
72551,SULAWESI TENGGARA,74437,KONAWE UTARA,74438,ASERA
72551,SULAWESI TENGGARA,74437,KONAWE UTARA,930151,LANDAWE
72551,SULAWESI TENGGARA,74437,KONAWE UTARA,74469,LANGGIKIMA
72551,SULAWESI TENGGARA,74437,KONAWE UTARA,74484,LASOLO
72551,SULAWESI TENGGARA,74437,KONAWE UTARA,930110,LASOLO KEPULAUAN
72551,SULAWESI TENGGARA,74437,KONAWE UTARA,74502,LEMBO
72551,SULAWESI TENGGARA,74437,KONAWE UTARA,74476,MOLAWE
72551,SULAWESI TENGGARA,74437,KONAWE UTARA,83769,MOTUI
72551,SULAWESI TENGGARA,74437,KONAWE UTARA,83767,OHEO
72551,SULAWESI TENGGARA,74437,KONAWE UTARA,74512,SAWA
72551,SULAWESI TENGGARA,74437,KONAWE UTARA,930108,WAWOLESEA
72551,SULAWESI TENGGARA,74437,KONAWE UTARA,74459,WIWIRANO
72551,SULAWESI TENGGARA,74665,KOTA BAU BAU,83766,BATUPOARO
72551,SULAWESI TENGGARA,74665,KOTA BAU BAU,74666,BETOAMBARI
72551,SULAWESI TENGGARA,74665,KOTA BAU BAU,74685,BUNGI
72551,SULAWESI TENGGARA,74665,KOTA BAU BAU,74691,KOKALUKUNA
72551,SULAWESI TENGGARA,74665,KOTA BAU BAU,74710,LEA-LEA
72551,SULAWESI TENGGARA,74665,KOTA BAU BAU,74698,MURHUM
72551,SULAWESI TENGGARA,74665,KOTA BAU BAU,74680,SORA WALIO
72551,SULAWESI TENGGARA,74665,KOTA BAU BAU,74672,WOLIO
72551,SULAWESI TENGGARA,74590,KOTA KENDARI,74628,ABELI
72551,SULAWESI TENGGARA,74590,KOTA KENDARI,74608,BARUGA
72551,SULAWESI TENGGARA,74590,KOTA KENDARI,74649,KADIA
72551,SULAWESI TENGGARA,74590,KOTA KENDARI,74660,KAMBU
72551,SULAWESI TENGGARA,74590,KOTA KENDARI,74598,KENDARI
72551,SULAWESI TENGGARA,74590,KOTA KENDARI,74618,KENDARI BARAT
72551,SULAWESI TENGGARA,74590,KOTA KENDARI,74591,MANDONGA
72551,SULAWESI TENGGARA,74590,KOTA KENDARI,74613,POASIA
72551,SULAWESI TENGGARA,74590,KOTA KENDARI,74642,PUUWATU
72551,SULAWESI TENGGARA,74590,KOTA KENDARI,74655,WUA-WUA
72551,SULAWESI TENGGARA,73150,MUNA,73229,BATALAIWARU
72551,SULAWESI TENGGARA,73150,MUNA,73380,BATUKARA
72551,SULAWESI TENGGARA,73150,MUNA,73329,BONE
72551,SULAWESI TENGGARA,73150,MUNA,73243,DURUKA
72551,SULAWESI TENGGARA,73150,MUNA,73295,KABANGKA
72551,SULAWESI TENGGARA,73150,MUNA,73305,KABAWO
72551,SULAWESI TENGGARA,73150,MUNA,73234,KATOBU
72551,SULAWESI TENGGARA,73150,MUNA,73355,KONTU KOWUNA
72551,SULAWESI TENGGARA,73150,MUNA,73270,KONTUNAGA
72551,SULAWESI TENGGARA,73150,MUNA,73221,LASALEPA
72551,SULAWESI TENGGARA,73150,MUNA,73251,LOHIA
72551,SULAWESI TENGGARA,73150,MUNA,73208,MALIGANO
72551,SULAWESI TENGGARA,73150,MUNA,73362,MAROBO
72551,SULAWESI TENGGARA,73150,MUNA,73201,NAPABALANO
72551,SULAWESI TENGGARA,73150,MUNA,73317,PARIGI
72551,SULAWESI TENGGARA,73150,MUNA,73375,PASI KOLAGA
72551,SULAWESI TENGGARA,73150,MUNA,73348,PASIR PUTIH
72551,SULAWESI TENGGARA,73150,MUNA,73335,TONGKUNO
72551,SULAWESI TENGGARA,73150,MUNA,73368,TONGKUNO SELATAN
72551,SULAWESI TENGGARA,73150,MUNA,73400,TOWEA
72551,SULAWESI TENGGARA,73150,MUNA,73215,WAKORUMBA SELATAN
72551,SULAWESI TENGGARA,73150,MUNA,73261,WATOPUTE
72551,SULAWESI TENGGARA,928082,MUNA BARAT,73277,BARANGKA
72551,SULAWESI TENGGARA,928082,MUNA BARAT,73190,KUSAMBI
72551,SULAWESI TENGGARA,928082,MUNA BARAT,73286,LAWA
72551,SULAWESI TENGGARA,928082,MUNA BARAT,73151,MAGINTI
72551,SULAWESI TENGGARA,928082,MUNA BARAT,73393,NAPANO KUSAMBI
72551,SULAWESI TENGGARA,928082,MUNA BARAT,73179,SEWERGADI
72551,SULAWESI TENGGARA,928082,MUNA BARAT,73169,TIWORO KEPULAUAN
72551,SULAWESI TENGGARA,928082,MUNA BARAT,73406,TIWORO SELATAN
72551,SULAWESI TENGGARA,928082,MUNA BARAT,73160,TIWORO TENGAH
72551,SULAWESI TENGGARA,928082,MUNA BARAT,73412,TIWORO UTARA
72551,SULAWESI TENGGARA,928082,MUNA BARAT,73385,WA DAGA
72551,SULAWESI TENGGARA,74179,WAKATOBI,74229,BINONGKO
72551,SULAWESI TENGGARA,74179,WAKATOBI,74201,KALEDUPA
72551,SULAWESI TENGGARA,74179,WAKATOBI,74261,KALEDUPA SELATAN
72551,SULAWESI TENGGARA,74179,WAKATOBI,74282,TOGO BINONGKO
72551,SULAWESI TENGGARA,74179,WAKATOBI,74218,TOMIA
72551,SULAWESI TENGGARA,74179,WAKATOBI,74272,TOMIA TIMUR
72551,SULAWESI TENGGARA,74179,WAKATOBI,74180,WANGI-WANGI
72551,SULAWESI TENGGARA,74179,WAKATOBI,74239,WANGI WANGI SELATAN
74716,GORONTALO,74941,BOALEMO,75012,BOTUMOITO
74716,GORONTALO,74941,BOALEMO,74980,DULUPI
74716,GORONTALO,74941,BOALEMO,75002,MANANGGU
74716,GORONTALO,74941,BOALEMO,74942,PAGUYAMAN
74716,GORONTALO,74941,BOALEMO,75022,PAGUYAMAN PANTAI
74716,GORONTALO,74941,BOALEMO,74989,TILAMUTA
74716,GORONTALO,74941,BOALEMO,74965,WONOSARI
74716,GORONTALO,75031,BONE BOLANGO,75123,BONE
74716,GORONTALO,75031,BONE BOLANGO,75062,BONEPANTAI
74716,GORONTALO,75031,BONE BOLANGO,75114,BONE RAYA
74716,GORONTALO,75031,BONE BOLANGO,75097,BOTUPINGGE
74716,GORONTALO,75031,BONE BOLANGO,75161,BULANGO SELATAN
74716,GORONTALO,75031,BONE BOLANGO,75170,BULANGO TIMUR
74716,GORONTALO,75031,BONE BOLANGO,75154,BULANGO ULU
74716,GORONTALO,75031,BONE BOLANGO,75075,BULANGO UTARA
74716,GORONTALO,75031,BONE BOLANGO,75176,BULAWA
74716,GORONTALO,75031,BONE BOLANGO,75040,KABILA
74716,GORONTALO,75031,BONE BOLANGO,75104,KABILA BONE
74716,GORONTALO,75031,BONE BOLANGO,83776,PINOGU
74716,GORONTALO,75031,BONE BOLANGO,75053,SUWAWA
74716,GORONTALO,75031,BONE BOLANGO,75141,SUWAWA SELATAN
74716,GORONTALO,75031,BONE BOLANGO,75148,SUWAWA TENGAH
74716,GORONTALO,75031,BONE BOLANGO,75134,SUWAWA TIMUR
74716,GORONTALO,75031,BONE BOLANGO,75032,TAPA
74716,GORONTALO,75031,BONE BOLANGO,75085,TILONGKABILA
74716,GORONTALO,74717,GORONTALO.,74913,ASPARAGA
74716,GORONTALO,74717,GORONTALO.,74743,BATUDAA
74716,GORONTALO,74717,GORONTALO.,74769,BATUDAA PANTAI
74716,GORONTALO,74717,GORONTALO.,74930,BILATO
74716,GORONTALO,74717,GORONTALO.,74904,BILUHU
74716,GORONTALO,74717,GORONTALO.,74809,BONGOMEME
74716,GORONTALO,74717,GORONTALO.,74779,BULIYOHUTO
74716,GORONTALO,74717,GORONTALO.,83777,DUNGALIYO
74716,GORONTALO,74717,GORONTALO.,74718,LIMBOTO
74716,GORONTALO,74717,GORONTALO.,74874,LIMBOTO BARAT
74716,GORONTALO,74717,GORONTALO.,74851,MOOTILANGO
74716,GORONTALO,74717,GORONTALO.,74862,PULUBALA
74716,GORONTALO,74717,GORONTALO.,74894,TABONGO
74716,GORONTALO,74717,GORONTALO.,74924,TALAGA JAYA
74716,GORONTALO,74717,GORONTALO.,74733,TELAGA
74716,GORONTALO,74717,GORONTALO.,74793,TELAGA BIRU
74716,GORONTALO,74717,GORONTALO.,74752,TIBAWA
74716,GORONTALO,74717,GORONTALO.,74885,TILANGO
74716,GORONTALO,74717,GORONTALO.,74835,TOLANGOHULA
74716,GORONTALO,75301,GORONTALO UTARA,75330,ANGGREK
74716,GORONTALO,75301,GORONTALO UTARA,75302,ATINGGOLA
74716,GORONTALO,75301,GORONTALO UTARA,83774,BIAU
74716,GORONTALO,75301,GORONTALO UTARA,83770,GENTUMA RAYA
74716,GORONTALO,75301,GORONTALO UTARA,75315,KWANDANG
74716,GORONTALO,75301,GORONTALO UTARA,83773,MONANO
74716,GORONTALO,75301,GORONTALO UTARA,83772,PONELO KEPULAUAN
74716,GORONTALO,75301,GORONTALO UTARA,75341,SUMALATA
74716,GORONTALO,75301,GORONTALO UTARA,83775,SUMALATA TIMUR
74716,GORONTALO,75301,GORONTALO UTARA,75352,TOLINGGULA
74716,GORONTALO,75301,GORONTALO UTARA,83771,TOMOLITO
74716,GORONTALO,75365,KOTA GORONTALO,75413,DUMBO RAYA
74716,GORONTALO,75365,KOTA GORONTALO,75387,DUNGINGI
74716,GORONTALO,75365,KOTA GORONTALO,75419,HULONTHALANGI
74716,GORONTALO,75365,KOTA GORONTALO,75366,KOTA BARAT
74716,GORONTALO,75365,KOTA GORONTALO,75374,KOTA SELATAN
74716,GORONTALO,75365,KOTA GORONTALO,75400,KOTA TENGAH
74716,GORONTALO,75365,KOTA GORONTALO,75393,KOTA TIMUR
74716,GORONTALO,75365,KOTA GORONTALO,75380,KOTA UTARA
74716,GORONTALO,75365,KOTA GORONTALO,75407,SIPATANA
74716,GORONTALO,75183,PAHUWATO,75260,BUNTULIA
74716,GORONTALO,75183,PAHUWATO,75254,DENGILO
74716,GORONTALO,75183,PAHUWATO,75268,DUHIADAA
74716,GORONTALO,75183,PAHUWATO,75195,LEMITO
74716,GORONTALO,75183,PAHUWATO,75218,MARISA
74716,GORONTALO,75183,PAHUWATO,75227,PAGUAT
74716,GORONTALO,75183,PAHUWATO,75239,PATILANGGIO
74716,GORONTALO,75183,PAHUWATO,75184,POPAYATO
74716,GORONTALO,75183,PAHUWATO,75293,POPAYATO BARAT
74716,GORONTALO,75183,PAHUWATO,75285,POPAYATO TIMUR
74716,GORONTALO,75183,PAHUWATO,75204,RANDANGAN
74716,GORONTALO,75183,PAHUWATO,75246,TALUDITI
74716,GORONTALO,75183,PAHUWATO,75277,WANGGARASI
75425,SULAWESI BARAT,76047,MAJENE,76048,BANGGAE
75425,SULAWESI BARAT,76047,MAJENE,76090,BANGGAE TIMUR
75425,SULAWESI BARAT,76047,MAJENE,76068,MALUNDA
75425,SULAWESI BARAT,76047,MAJENE,76053,PAMBOANG
75425,SULAWESI BARAT,76047,MAJENE,76061,SENDANA
75425,SULAWESI BARAT,76047,MAJENE,76080,TAMMERODO SENDANA
75425,SULAWESI BARAT,76047,MAJENE,76085,TUBO SENDANA
75425,SULAWESI BARAT,76047,MAJENE,76075,ULUMANDA
75425,SULAWESI BARAT,75670,MAMASA,75693,ARALLE
75425,SULAWESI BARAT,75670,MAMASA,75832,BALLA
75425,SULAWESI BARAT,75670,MAMASA,75811,BAMBANG
75425,SULAWESI BARAT,75670,MAMASA,83761,BUNTUMALANGKA
75425,SULAWESI BARAT,75670,MAMASA,75716,MAMASA
75425,SULAWESI BARAT,75670,MAMASA,75671,MAMBI
75425,SULAWESI BARAT,75670,MAMASA,83762,MEHALAAN
75425,SULAWESI BARAT,75670,MAMASA,75769,MESSAWA
75425,SULAWESI BARAT,75670,MAMASA,75841,NOSU
75425,SULAWESI BARAT,75670,MAMASA,75729,PANA
75425,SULAWESI BARAT,75670,MAMASA,75854,RANTEBULAHAN TIMUR
75425,SULAWESI BARAT,75670,MAMASA,75779,SESENAPADANG
75425,SULAWESI BARAT,75670,MAMASA,75758,SUMARORONG
75425,SULAWESI BARAT,75670,MAMASA,75803,TABANG
75425,SULAWESI BARAT,75670,MAMASA,75743,TABULAHAN
75425,SULAWESI BARAT,75670,MAMASA,75790,TANDUK KALUA
75425,SULAWESI BARAT,75670,MAMASA,75849,TAWALIAN
75425,SULAWESI BARAT,75502,MAMUJU,75660,BONEHAU
75425,SULAWESI BARAT,75502,MAMUJU,75522,KALUKKU
75425,SULAWESI BARAT,75502,MAMUJU,75536,KALUMPANG
75425,SULAWESI BARAT,75502,MAMUJU,83760,KEP. BALA BALAKANG
75425,SULAWESI BARAT,75502,MAMUJU,75503,MAMUJU
75425,SULAWESI BARAT,75502,MAMUJU,75571,PAPALANG
75425,SULAWESI BARAT,75502,MAMUJU,75581,SAMPAGA
75425,SULAWESI BARAT,75502,MAMUJU,75632,SIMBORO DAN KEPULAUAN
75425,SULAWESI BARAT,75502,MAMUJU,75512,TAPALANG
75425,SULAWESI BARAT,75502,MAMUJU,75643,TAPALANG BARAT
75425,SULAWESI BARAT,75502,MAMUJU,75617,TOMMO
75425,SULAWESI BARAT,928078,MAMUJU TENGAH,75549,BUDONG-BUDONG
75425,SULAWESI BARAT,928078,MAMUJU TENGAH,75605,KAROSSA
75425,SULAWESI BARAT,928078,MAMUJU TENGAH,75561,PANGALE
75425,SULAWESI BARAT,928078,MAMUJU TENGAH,75651,TOBADAK
75425,SULAWESI BARAT,928078,MAMUJU TENGAH,75589,TOPOYO
75425,SULAWESI BARAT,75426,PASANGKAYU,75484,BAMBAIRA
75425,SULAWESI BARAT,75426,PASANGKAYU,75427,BAMBALAMOTU
75425,SULAWESI BARAT,75426,PASANGKAYU,75441,BARAS
75425,SULAWESI BARAT,75426,PASANGKAYU,75465,BULU TABA
75425,SULAWESI BARAT,75426,PASANGKAYU,75454,DAPURANG
75425,SULAWESI BARAT,75426,PASANGKAYU,75460,DURIPOKU
75425,SULAWESI BARAT,75426,PASANGKAYU,75494,LARIANG
75425,SULAWESI BARAT,75426,PASANGKAYU,75434,PASANGKAYU
75425,SULAWESI BARAT,75426,PASANGKAYU,75479,PEDONGGA
75425,SULAWESI BARAT,75426,PASANGKAYU,75489,SARJO
75425,SULAWESI BARAT,75426,PASANGKAYU,75448,SARUDU
75425,SULAWESI BARAT,75426,PASANGKAYU,75473,TIKKE RAYA
75425,SULAWESI BARAT,75863,POLEWALI MANDAR,76028,ALLU
75425,SULAWESI BARAT,75863,POLEWALI MANDAR,76014,ANREAPI
75425,SULAWESI BARAT,75863,POLEWALI MANDAR,76002,BALANIPA
75425,SULAWESI BARAT,75863,POLEWALI MANDAR,75931,BINUANG
75425,SULAWESI BARAT,75863,POLEWALI MANDAR,76037,BULO
75425,SULAWESI BARAT,75863,POLEWALI MANDAR,75873,CAMPALAGIAN
75425,SULAWESI BARAT,75863,POLEWALI MANDAR,75990,LIMBORO
75425,SULAWESI BARAT,75863,POLEWALI MANDAR,75978,LUYO
75425,SULAWESI BARAT,75863,POLEWALI MANDAR,75957,MAPILLI
75425,SULAWESI BARAT,75863,POLEWALI MANDAR,76020,MATAKALI
75425,SULAWESI BARAT,75863,POLEWALI MANDAR,75970,MATANGNGA
75425,SULAWESI BARAT,75863,POLEWALI MANDAR,75907,POLEWALI
75425,SULAWESI BARAT,75863,POLEWALI MANDAR,75942,TAPANGO
75425,SULAWESI BARAT,75863,POLEWALI MANDAR,75864,TINAMBUNG
75425,SULAWESI BARAT,75863,POLEWALI MANDAR,75917,TUTAR
75425,SULAWESI BARAT,75863,POLEWALI MANDAR,75892,WONOMULYO
76096,MALUKU,76651,BURU,76664,AIR BUAYA
76096,MALUKU,76651,BURU,76702,BATABUAL
76096,MALUKU,76651,BURU,83822,FENA LEISELA
76096,MALUKU,76651,BURU,83826,LILIALY
76096,MALUKU,76651,BURU,83823,LOLONG GUBA
76096,MALUKU,76651,BURU,76652,NAMLEA
76096,MALUKU,76651,BURU,83825,TELUK KAIELY
76096,MALUKU,76651,BURU,76673,WAEAPO
76096,MALUKU,76651,BURU,83824,WAELATA
76096,MALUKU,76651,BURU,76692,WAPLAU
76096,MALUKU,76223,BURU SELATAN,76244,AMBALAU
76096,MALUKU,76223,BURU SELATAN,83857,FENA FAFAN
76096,MALUKU,76223,BURU SELATAN,76252,KEPALA MADAN
76096,MALUKU,76223,BURU SELATAN,76263,LEKSULA
76096,MALUKU,76223,BURU SELATAN,76224,NAMROLE
76096,MALUKU,76223,BURU SELATAN,76235,WAESAMA
76096,MALUKU,76868,KEPULAUAN ARU,76886,ARU SELATAN
76096,MALUKU,76868,KEPULAUAN ARU,76982,ARU SELATAN TIMUR
76096,MALUKU,76868,KEPULAUAN ARU,83844,ARU SELATAN UTARA
76096,MALUKU,76868,KEPULAUAN ARU,76906,ARU TENGAH
76096,MALUKU,76868,KEPULAUAN ARU,76974,ARU TENGAH SELATAN
76096,MALUKU,76868,KEPULAUAN ARU,76960,ARU TENGAH TIMUR
76096,MALUKU,76868,KEPULAUAN ARU,76930,ARU UTARA
76096,MALUKU,76868,KEPULAUAN ARU,83842,ARU UTARA TIMUR BATULEY
76096,MALUKU,76868,KEPULAUAN ARU,76869,PULAU-PULAU ARU
76096,MALUKU,76868,KEPULAUAN ARU,83843,SIR-SIR
76096,MALUKU,76995,KOTA AMBON,77025,BAGUALA
76096,MALUKU,76995,KOTA AMBON,77042,LEITIMUR SELATAN
76096,MALUKU,76995,KOTA AMBON,76996,NUSANIWE
76096,MALUKU,76995,KOTA AMBON,77010,SIRIMAU
76096,MALUKU,76995,KOTA AMBON,77033,TELUK AMBON
76096,MALUKU,77051,KOTA TUAL,83858,KUR SELATAN
76096,MALUKU,77051,KOTA TUAL,77061,PULAU DULLAH SELATAN
76096,MALUKU,77051,KOTA TUAL,77052,PULAU DULLAH UTARA
76096,MALUKU,77051,KOTA TUAL,77073,PULAU-PULAU KUR
76096,MALUKU,77051,KOTA TUAL,77067,TAYANDO TAM
76096,MALUKU,76097,MALUKU BARAT DAYA,76111,DAMER
76096,MALUKU,76097,MALUKU BARAT DAYA,928102,DAWELOR DAWERA
76096,MALUKU,76097,MALUKU BARAT DAYA,928108,KEPULAUAN ROMANG
76096,MALUKU,76097,MALUKU BARAT DAYA,928109,KISAR UTARA
76096,MALUKU,76097,MALUKU BARAT DAYA,76119,MNDONA HIERA
76096,MALUKU,76097,MALUKU BARAT DAYA,76098,MOA LAKOR
76096,MALUKU,76097,MALUKU BARAT DAYA,928104,PULAU LAKOR
76096,MALUKU,76097,MALUKU BARAT DAYA,76215,PULAU LETI
76096,MALUKU,76097,MALUKU BARAT DAYA,928101,PULAU MASELA
76096,MALUKU,76097,MALUKU BARAT DAYA,76131,PULAU-PULAU BABAR
76096,MALUKU,76097,MALUKU BARAT DAYA,76149,PULAU-PULAU BABAR TIMUR
76096,MALUKU,76097,MALUKU BARAT DAYA,76202,PULAU-PULAU TERSELATAN
76096,MALUKU,76097,MALUKU BARAT DAYA,928103,PULAU WETANG
76096,MALUKU,76097,MALUKU BARAT DAYA,76178,WETAR
76096,MALUKU,76097,MALUKU BARAT DAYA,928106,WETAR BARAT
76096,MALUKU,76097,MALUKU BARAT DAYA,928107,WETAR TIMUR
76096,MALUKU,76097,MALUKU BARAT DAYA,928105,WETAR UTARA
76096,MALUKU,76284,MALUKU TENGAH,76285,AMAHAI
76096,MALUKU,76284,MALUKU TENGAH,76347,BANDA
76096,MALUKU,76284,MALUKU TENGAH,76437,KOTA MASOHI
76096,MALUKU,76284,MALUKU TENGAH,76417,LEIHITU
76096,MALUKU,76284,MALUKU TENGAH,76464,LEIHITU BARAT
76096,MALUKU,76284,MALUKU TENGAH,76429,NUSA LAUT
76096,MALUKU,76284,MALUKU TENGAH,76398,PULAU HARUKU
76096,MALUKU,76284,MALUKU TENGAH,76410,SALAHUTU
76096,MALUKU,76284,MALUKU TENGAH,76381,SAPARUA
76096,MALUKU,76284,MALUKU TENGAH,83815,SAPARUA TIMUR
76096,MALUKU,76284,MALUKU TENGAH,76315,SERAM UTARA
76096,MALUKU,76284,MALUKU TENGAH,76443,SERAM UTARA BARAT
76096,MALUKU,76284,MALUKU TENGAH,83814,SERAM UTARA TIMUR KOBI
76096,MALUKU,76284,MALUKU TENGAH,83813,SERAM UTARA TIMUR SETI
76096,MALUKU,76284,MALUKU TENGAH,76360,TEHORU
76096,MALUKU,76284,MALUKU TENGAH,76456,TELUK ELPAPUTIH
76096,MALUKU,76284,MALUKU TENGAH,83812,TELUTIH
76096,MALUKU,76284,MALUKU TENGAH,76297,TEON NILA SERUA
76096,MALUKU,76470,MALUKU TENGGARA,928097,HOAT SORBAY
76096,MALUKU,76470,MALUKU TENGGARA,76494,KEI BESAR
76096,MALUKU,76470,MALUKU TENGGARA,76516,KEI BESAR SELATAN
76096,MALUKU,76470,MALUKU TENGGARA,928099,KEI BESAR SELATAN BARAT
76096,MALUKU,76470,MALUKU TENGGARA,928098,KEI BESAR UTARA BARAT
76096,MALUKU,76470,MALUKU TENGGARA,76531,KEI BESAR UTARA TIMUR
76096,MALUKU,76470,MALUKU TENGGARA,76471,KEI KECIL
76096,MALUKU,76470,MALUKU TENGGARA,76559,KEI KECIL BARAT
76096,MALUKU,76470,MALUKU TENGGARA,76545,KEI KECIL TIMUR
76096,MALUKU,76470,MALUKU TENGGARA,928100,KEI KECIL TIMUR SELATAN
76096,MALUKU,76470,MALUKU TENGGARA,928096,MANYEUW
76096,MALUKU,76568,MALUKU TENGGARA BARAT,76635,KORMOMOLIN
76096,MALUKU,76568,MALUKU TENGGARA BARAT,83821,MOLU MARU
76096,MALUKU,76568,MALUKU TENGGARA BARAT,76645,NIRUNMAS
76096,MALUKU,76568,MALUKU TENGGARA BARAT,76581,SELARU
76096,MALUKU,76568,MALUKU TENGGARA BARAT,76569,TANIMBAR SELATAN
76096,MALUKU,76568,MALUKU TENGGARA BARAT,76606,TANIMBAR UTARA
76096,MALUKU,76568,MALUKU TENGGARA BARAT,76597,WER MAKTIAN
76096,MALUKU,76568,MALUKU TENGGARA BARAT,76588,WER TAMRIAN
76096,MALUKU,76568,MALUKU TENGGARA BARAT,76622,WUAR LABOBAR
76096,MALUKU,76568,MALUKU TENGGARA BARAT,76615,YARU
76096,MALUKU,76771,SERAM BAGIAN BARAT,83836,AMALATU
76096,MALUKU,76771,SERAM BAGIAN BARAT,83841,ELPAPUTIH
76096,MALUKU,76771,SERAM BAGIAN BARAT,76850,HUAMUAL
76096,MALUKU,76771,SERAM BAGIAN BARAT,91360,HUAMUAL BELAKANG
76096,MALUKU,76771,SERAM BAGIAN BARAT,83837,INAMOSOL
76096,MALUKU,76771,SERAM BAGIAN BARAT,76772,KAIRATU
76096,MALUKU,76771,SERAM BAGIAN BARAT,83838,KAIRATU BARAT
76096,MALUKU,76771,SERAM BAGIAN BARAT,83839,KEPULAUAN MANIPA
76096,MALUKU,76771,SERAM BAGIAN BARAT,76802,SERAM BARAT
76096,MALUKU,76771,SERAM BAGIAN BARAT,76815,TANIWEL
76096,MALUKU,76771,SERAM BAGIAN BARAT,83840,TANIWEL TIMUR
76096,MALUKU,76708,SERAM BAGIAN TIMUR,76709,BULA
76096,MALUKU,76708,SERAM BAGIAN TIMUR,83832,BULA BARAT
76096,MALUKU,76708,SERAM BAGIAN TIMUR,83831,GOROM TIMUR
76096,MALUKU,76708,SERAM BAGIAN TIMUR,83833,KIAN DARAT
76096,MALUKU,76708,SERAM BAGIAN TIMUR,83828,KILMURY
76096,MALUKU,76708,SERAM BAGIAN TIMUR,76741,PULAU GORONG
76096,MALUKU,76708,SERAM BAGIAN TIMUR,83829,PULAU PANJANG
76096,MALUKU,76708,SERAM BAGIAN TIMUR,76719,SERAM TIMUR
76096,MALUKU,76708,SERAM BAGIAN TIMUR,83834,SIRITAUN WIDA TIMUR
76096,MALUKU,76708,SERAM BAGIAN TIMUR,83827,SIWALALAT
76096,MALUKU,76708,SERAM BAGIAN TIMUR,83835,TELUK WARU
76096,MALUKU,76708,SERAM BAGIAN TIMUR,83830,TEOR
76096,MALUKU,76708,SERAM BAGIAN TIMUR,76763,TUTUK TOLU
76096,MALUKU,76708,SERAM BAGIAN TIMUR,76753,WAKATE
76096,MALUKU,76708,SERAM BAGIAN TIMUR,76730,WERINAMA
77085,MALUKU UTARA,77155,HALMAHERA BARAT,77209,IBU
77085,MALUKU UTARA,77155,HALMAHERA BARAT,77280,IBU SELATAN
77085,MALUKU UTARA,77155,HALMAHERA BARAT,77266,IBU UTARA
77085,MALUKU UTARA,77155,HALMAHERA BARAT,77156,JAILOLO
77085,MALUKU UTARA,77155,HALMAHERA BARAT,77240,JAILOLO SELATAN
77085,MALUKU UTARA,77155,HALMAHERA BARAT,77186,LOLODA
77085,MALUKU UTARA,77155,HALMAHERA BARAT,77223,SAHU
77085,MALUKU UTARA,77155,HALMAHERA BARAT,77294,SAHU TIMUR
77085,MALUKU UTARA,77578,HALMAHERA SELATAN,77664,BACAN
77085,MALUKU UTARA,77578,HALMAHERA SELATAN,77679,BACAN BARAT
77085,MALUKU UTARA,77578,HALMAHERA SELATAN,77714,BACAN BARAT UTARA
77085,MALUKU UTARA,77578,HALMAHERA SELATAN,77743,BACAN SELATAN
77085,MALUKU UTARA,77578,HALMAHERA SELATAN,77653,BACAN TIMUR
77085,MALUKU UTARA,77578,HALMAHERA SELATAN,77777,BACAN TIMUR SELATAN
77085,MALUKU UTARA,77578,HALMAHERA SELATAN,77785,BACAN TIMUR TENGAH
77085,MALUKU UTARA,77578,HALMAHERA SELATAN,77623,GANE BARAT
77085,MALUKU UTARA,77578,HALMAHERA SELATAN,77793,GANE BARAT SELATAN
77085,MALUKU UTARA,77578,HALMAHERA SELATAN,77802,GANE BARAT UTARA
77085,MALUKU UTARA,77578,HALMAHERA SELATAN,77610,GANE TIMUR
77085,MALUKU UTARA,77578,HALMAHERA SELATAN,77823,GANE TIMUR SELATAN
77085,MALUKU UTARA,77578,HALMAHERA SELATAN,77829,GANE TIMUR TENGAH
77085,MALUKU UTARA,77578,HALMAHERA SELATAN,77723,KASIRUTA BARAT
77085,MALUKU UTARA,77578,HALMAHERA SELATAN,77734,KASIRUTA TIMUR
77085,MALUKU UTARA,77578,HALMAHERA SELATAN,77595,KAYOA
77085,MALUKU UTARA,77578,HALMAHERA SELATAN,77695,KAYOA BARAT
77085,MALUKU UTARA,77578,HALMAHERA SELATAN,77700,KAYOA SELATAN
77085,MALUKU UTARA,77578,HALMAHERA SELATAN,77707,KAYOA UTARA
77085,MALUKU UTARA,77578,HALMAHERA SELATAN,77754,KEPULAUAN BOTANGLOMANG
77085,MALUKU UTARA,77578,HALMAHERA SELATAN,77815,KEPULAUAN JORONGA
77085,MALUKU UTARA,77578,HALMAHERA SELATAN,77687,MAKIAN BARAT
77085,MALUKU UTARA,77578,HALMAHERA SELATAN,77763,MANDIOLI SELATAN
77085,MALUKU UTARA,77578,HALMAHERA SELATAN,77770,MANDIOLI UTARA
77085,MALUKU UTARA,77578,HALMAHERA SELATAN,77643,OBI
77085,MALUKU UTARA,77578,HALMAHERA SELATAN,77838,OBI BARAT
77085,MALUKU UTARA,77578,HALMAHERA SELATAN,77634,OBI SELATAN
77085,MALUKU UTARA,77578,HALMAHERA SELATAN,77845,OBI TIMUR
77085,MALUKU UTARA,77578,HALMAHERA SELATAN,77850,OBI UTARA
77085,MALUKU UTARA,77578,HALMAHERA SELATAN,77579,PULAU MAKIAN
77085,MALUKU UTARA,77311,HALMAHERA TENGAH,77322,PATANI
77085,MALUKU UTARA,77311,HALMAHERA TENGAH,83860,PATANI BARAT
77085,MALUKU UTARA,77311,HALMAHERA TENGAH,929218,PATANI TIMUR
77085,MALUKU UTARA,77311,HALMAHERA TENGAH,77355,PATANI UTARA
77085,MALUKU UTARA,77311,HALMAHERA TENGAH,77332,PULAU GEBE
77085,MALUKU UTARA,77311,HALMAHERA TENGAH,77312,WEDA
77085,MALUKU UTARA,77311,HALMAHERA TENGAH,77347,WEDA SELATAN
77085,MALUKU UTARA,77311,HALMAHERA TENGAH,83859,WEDA TENGAH
77085,MALUKU UTARA,77311,HALMAHERA TENGAH,929217,WEDA TIMUR
77085,MALUKU UTARA,77311,HALMAHERA TENGAH,77339,WEDA UTARA
77085,MALUKU UTARA,77956,HALMAHERA TIMUR,78034,KOTA MABA
77085,MALUKU UTARA,77956,HALMAHERA TIMUR,77964,MABA
77085,MALUKU UTARA,77956,HALMAHERA TIMUR,77972,MABA SELATAN
77085,MALUKU UTARA,77956,HALMAHERA TIMUR,78017,MABA TENGAH
77085,MALUKU UTARA,77956,HALMAHERA TIMUR,78026,MABA UTARA
77085,MALUKU UTARA,77956,HALMAHERA TIMUR,77957,WASILE
77085,MALUKU UTARA,77956,HALMAHERA TIMUR,77979,WASILE SELATAN
77085,MALUKU UTARA,77956,HALMAHERA TIMUR,77994,WASILE TENGAH
77085,MALUKU UTARA,77956,HALMAHERA TIMUR,78010,WASILE TIMUR
77085,MALUKU UTARA,77956,HALMAHERA TIMUR,78003,WASILE UTARA
77085,MALUKU UTARA,77364,HALMAHERA UTARA,77365,GALELA
77085,MALUKU UTARA,77364,HALMAHERA UTARA,77489,GALELA BARAT
77085,MALUKU UTARA,77364,HALMAHERA UTARA,77512,GALELA SELATAN
77085,MALUKU UTARA,77364,HALMAHERA UTARA,77499,GALELA UTARA
77085,MALUKU UTARA,77364,HALMAHERA UTARA,77398,KAO
77085,MALUKU UTARA,77364,HALMAHERA UTARA,77544,KAO BARAT
77085,MALUKU UTARA,77364,HALMAHERA UTARA,77566,KAO TELUK
77085,MALUKU UTARA,77364,HALMAHERA UTARA,77531,KAO UTARA
77085,MALUKU UTARA,77364,HALMAHERA UTARA,77520,LOLODA KEPULAUAN
77085,MALUKU UTARA,77364,HALMAHERA UTARA,77436,LOLODA UTARA
77085,MALUKU UTARA,77364,HALMAHERA UTARA,77413,MALIFUT
77085,MALUKU UTARA,77364,HALMAHERA UTARA,77373,TOBELO
77085,MALUKU UTARA,77364,HALMAHERA UTARA,77483,TOBELO BARAT
77085,MALUKU UTARA,77364,HALMAHERA UTARA,77384,TOBELO SELATAN
77085,MALUKU UTARA,77364,HALMAHERA UTARA,77466,TOBELO TENGAH
77085,MALUKU UTARA,77364,HALMAHERA UTARA,77476,TOBELO TIMUR
77085,MALUKU UTARA,77364,HALMAHERA UTARA,77455,TOBELO UTARA
77085,MALUKU UTARA,77858,KEPULAUAN SULA,77890,MANGOLI BARAT
77085,MALUKU UTARA,77858,KEPULAUAN SULA,77920,MANGOLI SELATAN
77085,MALUKU UTARA,77858,KEPULAUAN SULA,77914,MANGOLI TENGAH
77085,MALUKU UTARA,77858,KEPULAUAN SULA,77859,MANGOLI TIMUR
77085,MALUKU UTARA,77858,KEPULAUAN SULA,77925,MANGOLI UTARA
77085,MALUKU UTARA,77858,KEPULAUAN SULA,77910,MANGOLI UTARA TIMUR
77085,MALUKU UTARA,77858,KEPULAUAN SULA,77863,SANANA
77085,MALUKU UTARA,77858,KEPULAUAN SULA,77948,SANANA UTARA
77085,MALUKU UTARA,77858,KEPULAUAN SULA,77875,SULABESI BARAT
77085,MALUKU UTARA,77858,KEPULAUAN SULA,77906,SULABESI SELATAN
77085,MALUKU UTARA,77858,KEPULAUAN SULA,77895,SULABESI TENGAH
77085,MALUKU UTARA,77858,KEPULAUAN SULA,77901,SULABESI TIMUR
77085,MALUKU UTARA,78040,KOTA TERNATE,78059,KOTA TERNATE SELATAN
77085,MALUKU UTARA,78040,KOTA TERNATE,78106,KOTA TERNATE TENGAH
77085,MALUKU UTARA,78040,KOTA TERNATE,78077,KOTA TERNATE UTARA
77085,MALUKU UTARA,78040,KOTA TERNATE,78099,PULAU BATANG DUA
77085,MALUKU UTARA,78040,KOTA TERNATE,83861,PULAU HIRI
77085,MALUKU UTARA,78040,KOTA TERNATE,78092,PULAU MOTI
77085,MALUKU UTARA,78040,KOTA TERNATE,78041,PULAU TERNATE
77085,MALUKU UTARA,78122,KOTA TIDORE KEPULAUAN,78148,OBA
77085,MALUKU UTARA,78122,KOTA TIDORE KEPULAUAN,78190,OBA SELATAN
77085,MALUKU UTARA,78122,KOTA TIDORE KEPULAUAN,78180,OBA TENGAH
77085,MALUKU UTARA,78122,KOTA TIDORE KEPULAUAN,78135,OBA UTARA
77085,MALUKU UTARA,78122,KOTA TIDORE KEPULAUAN,78123,TIDORE
77085,MALUKU UTARA,78122,KOTA TIDORE KEPULAUAN,78158,TIDORE SELATAN
77085,MALUKU UTARA,78122,KOTA TIDORE KEPULAUAN,78198,TIDORE TIMUR
77085,MALUKU UTARA,78122,KOTA TIDORE KEPULAUAN,78167,TIDORE UTARA
77085,MALUKU UTARA,77086,PULAU MOROTAI,77126,MOROTAI JAYA
77085,MALUKU UTARA,77086,PULAU MOROTAI,77087,MOROTAI SELATAN
77085,MALUKU UTARA,77086,PULAU MOROTAI,77108,MOROTAI SELATAN BARAT
77085,MALUKU UTARA,77086,PULAU MOROTAI,77146,MOROTAI TIMUR
77085,MALUKU UTARA,77086,PULAU MOROTAI,77136,MOROTAI UTARA
77085,MALUKU UTARA,928079,PULAU TALIABU,77952,LEDE
77085,MALUKU UTARA,928079,PULAU TALIABU,928110,TABONA
77085,MALUKU UTARA,928079,PULAU TALIABU,77879,TALIABU BARAT
77085,MALUKU UTARA,928079,PULAU TALIABU,77940,TALIABU BARAT LAUT
77085,MALUKU UTARA,928079,PULAU TALIABU,77942,TALIABU SELATAN
77085,MALUKU UTARA,928079,PULAU TALIABU,77928,TALIABU TIMUR
77085,MALUKU UTARA,928079,PULAU TALIABU,77884,TALIABU TIMUR SELATAN
77085,MALUKU UTARA,928079,PULAU TALIABU,77932,TALIABU UTARA
78203,PAPUA,79163,ASMAT,79164,AGATS
78203,PAPUA,79163,ASMAT,79234,AKAT
78203,PAPUA,79163,ASMAT,79174,ATSJ
78203,PAPUA,79163,ASMAT,83713,AYIP
78203,PAPUA,79163,ASMAT,83714,BETCBAMU
78203,PAPUA,79163,ASMAT,83709,DER KOUMUR
78203,PAPUA,79163,ASMAT,79244,FAYIT
78203,PAPUA,79163,ASMAT,84099,JETSY
78203,PAPUA,79163,ASMAT,83706,JOERAT
78203,PAPUA,79163,ASMAT,83717,KOLF BRAZA
78203,PAPUA,79163,ASMAT,83710,KOPAY
78203,PAPUA,79163,ASMAT,79257,PANTAI KASUARI
78203,PAPUA,79163,ASMAT,83707,PULAU TIGA
78203,PAPUA,79163,ASMAT,83711,SAFAN
78203,PAPUA,79163,ASMAT,79197,SAWA ERMA
78203,PAPUA,79163,ASMAT,83712,SIRETS
78203,PAPUA,79163,ASMAT,79293,SUATOR
78203,PAPUA,79163,ASMAT,83715,SURU-SURU
78203,PAPUA,79163,ASMAT,83719,UNIR SIRAU
78203,PAPUA,80526,BIAK NUMFOR,83624,AIMANDO PADAIDO
78203,PAPUA,80526,BIAK NUMFOR,83619,ANDEY
78203,PAPUA,80526,BIAK NUMFOR,80628,BIAK BARAT
78203,PAPUA,80526,BIAK NUMFOR,80527,BIAK KOTA
78203,PAPUA,80526,BIAK NUMFOR,80562,BIAK TIMUR
78203,PAPUA,80526,BIAK NUMFOR,80543,BIAK UTARA
78203,PAPUA,80526,BIAK NUMFOR,83862,BONDIFUAR
78203,PAPUA,80526,BIAK NUMFOR,83621,BRUYADORI
78203,PAPUA,80526,BIAK NUMFOR,80593,NUMFOR BARAT
78203,PAPUA,80526,BIAK NUMFOR,80612,NUMFOR TIMUR
78203,PAPUA,80526,BIAK NUMFOR,83625,ORIDEK
78203,PAPUA,80526,BIAK NUMFOR,83622,ORKERI
78203,PAPUA,80526,BIAK NUMFOR,80678,PADAIDO
78203,PAPUA,80526,BIAK NUMFOR,83623,POIRU
78203,PAPUA,80526,BIAK NUMFOR,80713,SAMOFA
78203,PAPUA,80526,BIAK NUMFOR,83620,SWANDIWE
78203,PAPUA,80526,BIAK NUMFOR,80657,WARSA
78203,PAPUA,80526,BIAK NUMFOR,83618,YAWOSI
78203,PAPUA,80526,BIAK NUMFOR,80698,YENDIDORI
78203,PAPUA,78927,BOVEN DIGOEL,83682,AMBATKWI
78203,PAPUA,78927,BOVEN DIGOEL,83679,ARIMOP
78203,PAPUA,78927,BOVEN DIGOEL,79009,BOMAKIA
78203,PAPUA,78927,BOVEN DIGOEL,83685,FIRIWAGE
78203,PAPUA,78927,BOVEN DIGOEL,83680,FOFI
78203,PAPUA,78927,BOVEN DIGOEL,83678,INIYANDIT
78203,PAPUA,78927,BOVEN DIGOEL,78998,JAIR
78203,PAPUA,78927,BOVEN DIGOEL,83694,KAWAGIT
78203,PAPUA,78927,BOVEN DIGOEL,83692,KI
78203,PAPUA,78927,BOVEN DIGOEL,83688,KOMBAY
78203,PAPUA,78927,BOVEN DIGOEL,83677,KOMBUT
78203,PAPUA,78927,BOVEN DIGOEL,78979,KOUH
78203,PAPUA,78927,BOVEN DIGOEL,78928,MANDOBO
78203,PAPUA,78927,BOVEN DIGOEL,83684,MANGGELUM
78203,PAPUA,78927,BOVEN DIGOEL,78942,MINDIPTANA
78203,PAPUA,78927,BOVEN DIGOEL,83690,NINATI
78203,PAPUA,78927,BOVEN DIGOEL,83691,SESNUK
78203,PAPUA,78927,BOVEN DIGOEL,83687,SUBUR
78203,PAPUA,78927,BOVEN DIGOEL,78964,WAROPKO
78203,PAPUA,78927,BOVEN DIGOEL,83686,YANIRUMA
78203,PAPUA,78289,DEIYAI,78305,BOWOBADO
78203,PAPUA,78289,DEIYAI,78322,KAPIRAYA
78203,PAPUA,78289,DEIYAI,78290,TIGI
78203,PAPUA,78289,DEIYAI,78309,TIGI BARAT
78203,PAPUA,78289,DEIYAI,78298,TIGI TIMUR
78203,PAPUA,79752,DOGIYAI,83759,DOGIYAI
78203,PAPUA,79752,DOGIYAI,79753,KAMU
78203,PAPUA,79752,DOGIYAI,79803,KAMU SELATAN
78203,PAPUA,79752,DOGIYAI,79811,KAMU TIMUR
78203,PAPUA,79752,DOGIYAI,79777,KAMU UTARA
78203,PAPUA,79752,DOGIYAI,83754,MAPIA
78203,PAPUA,79752,DOGIYAI,83756,MAPIA BARAT
78203,PAPUA,79752,DOGIYAI,79819,MAPIA TENGAH
78203,PAPUA,79752,DOGIYAI,83755,PIYAIYE
78203,PAPUA,79752,DOGIYAI,79782,SUKIKAI SELATAN
78203,PAPUA,78204,INTAN JAYA,78267,AGISIGA
78203,PAPUA,78204,INTAN JAYA,78251,BIANDOGA
78203,PAPUA,78204,INTAN JAYA,78280,HITADIPA
78203,PAPUA,78204,INTAN JAYA,78222,HOMEYO
78203,PAPUA,78204,INTAN JAYA,78205,SUGAPA
78203,PAPUA,78204,INTAN JAYA,928167,TOMOSIGA
78203,PAPUA,78204,INTAN JAYA,928166,UGIMBA
78203,PAPUA,78204,INTAN JAYA,78241,WANDAI
78203,PAPUA,80144,JAYAPURA,80283,AIRU
78203,PAPUA,80144,JAYAPURA,80236,DEMTA
78203,PAPUA,80144,JAYAPURA,80164,DEPAPRE
78203,PAPUA,80144,JAYAPURA,80249,EBUNGFA
78203,PAPUA,80144,JAYAPURA,80298,GRESI  SELATAN
78203,PAPUA,80144,JAYAPURA,80244,KAUREH
78203,PAPUA,80144,JAYAPURA,80179,KEMTUK
78203,PAPUA,80144,JAYAPURA,80191,KEMTUK GRESI
78203,PAPUA,80144,JAYAPURA,80263,NAMBLUONG
78203,PAPUA,80144,JAYAPURA,80219,NIMBOKRANG
78203,PAPUA,80144,JAYAPURA,80204,NIMBORAN
78203,PAPUA,80144,JAYAPURA,80293,RAVENI RARA
78203,PAPUA,80144,JAYAPURA,80145,SENTANI
78203,PAPUA,80144,JAYAPURA,80173,SENTANI BARAT
78203,PAPUA,80144,JAYAPURA,80156,SENTANI TIMUR
78203,PAPUA,80144,JAYAPURA,80229,UNURUM GUAY
78203,PAPUA,80144,JAYAPURA,80255,WAIBU
78203,PAPUA,80144,JAYAPURA,80273,YAPSI
78203,PAPUA,80144,JAYAPURA,80303,YOKARI
78203,PAPUA,80015,JAYAWIJAYA,80031,ASOLOGAIMA
78203,PAPUA,80015,JAYAWIJAYA,80075,ASOLOKOBAL
78203,PAPUA,80015,JAYAWIJAYA,83611,ASOTIPO
78203,PAPUA,80015,JAYAWIJAYA,83609,BIPIRI
78203,PAPUA,80015,JAYAWIJAYA,80113,BOLAKME
78203,PAPUA,80015,JAYAWIJAYA,83608,BUGI
78203,PAPUA,80015,JAYAWIJAYA,83591,HUBIKIAK
78203,PAPUA,80015,JAYAWIJAYA,80094,HUBIKOSI
78203,PAPUA,80015,JAYAWIJAYA,83592,IBELE
78203,PAPUA,80015,JAYAWIJAYA,83594,ITLAY HISAGE
78203,PAPUA,80015,JAYAWIJAYA,83601,KORAGI
78203,PAPUA,80015,JAYAWIJAYA,80052,KURULU
78203,PAPUA,80015,JAYAWIJAYA,83598,LIBAREK
78203,PAPUA,80015,JAYAWIJAYA,83612,MAIMA
78203,PAPUA,80015,JAYAWIJAYA,83603,MOLAGALOME
78203,PAPUA,80015,JAYAWIJAYA,83607,MULIAMA
78203,PAPUA,80015,JAYAWIJAYA,80070,MUSATFAK
78203,PAPUA,80015,JAYAWIJAYA,83588,NAPUA
78203,PAPUA,80015,JAYAWIJAYA,80100,PELEBAGA
78203,PAPUA,80015,JAYAWIJAYA,83606,PIRAMID
78203,PAPUA,80015,JAYAWIJAYA,83600,PISUGI
78203,PAPUA,80015,JAYAWIJAYA,84093,POPUGOBA
78203,PAPUA,80015,JAYAWIJAYA,83595,SIEPKOSI
78203,PAPUA,80015,JAYAWIJAYA,83605,SILO KARNO DOGA
78203,PAPUA,80015,JAYAWIJAYA,83593,TAELAREK
78203,PAPUA,80015,JAYAWIJAYA,83602,TAGIME
78203,PAPUA,80015,JAYAWIJAYA,83604,TAGINERI
78203,PAPUA,80015,JAYAWIJAYA,83587,TRIKORA
78203,PAPUA,80015,JAYAWIJAYA,83596,USILIMO
78203,PAPUA,80015,JAYAWIJAYA,83599,WADANGKU
78203,PAPUA,80015,JAYAWIJAYA,83589,WALAIK
78203,PAPUA,80015,JAYAWIJAYA,80085,WALELAGAMA
78203,PAPUA,80015,JAYAWIJAYA,83585,WAME
78203,PAPUA,80015,JAYAWIJAYA,80016,WAMENA
78203,PAPUA,80015,JAYAWIJAYA,83610,WELESI
78203,PAPUA,80015,JAYAWIJAYA,83586,WESAPUT
78203,PAPUA,80015,JAYAWIJAYA,84091,WITA WAYA
78203,PAPUA,80015,JAYAWIJAYA,80135,WOLO
78203,PAPUA,80015,JAYAWIJAYA,83590,WOUMA
78203,PAPUA,80015,JAYAWIJAYA,80129,YALENGGA
78203,PAPUA,81192,KEEROM,81200,ARSO
78203,PAPUA,81192,KEEROM,930111,ARSO BARAT
78203,PAPUA,81192,KEEROM,81241,ARSO TIMUR
78203,PAPUA,81192,KEEROM,930117,KAISENAR
78203,PAPUA,81192,KEEROM,930112,MANNEM
78203,PAPUA,81192,KEEROM,81218,SENGGI
78203,PAPUA,81192,KEEROM,81232,SKANTO
78203,PAPUA,81192,KEEROM,81253,TOWE
78203,PAPUA,81192,KEEROM,81193,WARIS
78203,PAPUA,81192,KEEROM,81225,WEB
78203,PAPUA,81192,KEEROM,930114,YAFFI
78203,PAPUA,80402,KEPULAUAN YAPEN,80437,ANGKAISERA
78203,PAPUA,80402,KEPULAUAN YAPEN,929233,ANOTAUREI
78203,PAPUA,80402,KEPULAUAN YAPEN,80499,KEPULAUAN AMBAI
78203,PAPUA,80402,KEPULAUAN YAPEN,80459,KOSIWO
78203,PAPUA,80402,KEPULAUAN YAPEN,80452,POOM
78203,PAPUA,80402,KEPULAUAN YAPEN,83616,PULAU KURUDU
78203,PAPUA,80402,KEPULAUAN YAPEN,83617,PULAU YERUI
78203,PAPUA,80402,KEPULAUAN YAPEN,80477,RAIMBAWI
78203,PAPUA,80402,KEPULAUAN YAPEN,80489,TELUK AMPIMOI
78203,PAPUA,80402,KEPULAUAN YAPEN,80517,WINDESI
78203,PAPUA,80402,KEPULAUAN YAPEN,80510,WONAWA
78203,PAPUA,80402,KEPULAUAN YAPEN,80418,YAPEN BARAT
78203,PAPUA,80402,KEPULAUAN YAPEN,80403,YAPEN SELATAN
78203,PAPUA,80402,KEPULAUAN YAPEN,80427,YAPEN TIMUR
78203,PAPUA,80402,KEPULAUAN YAPEN,80470,YAPEN UTARA
78203,PAPUA,80402,KEPULAUAN YAPEN,929234,YAWAKUKAT
78203,PAPUA,79421,KOTA JAYAPURA,79439,ABEPURA
78203,PAPUA,79421,KOTA JAYAPURA,79460,HERAM
78203,PAPUA,79421,KOTA JAYAPURA,79431,JAYAPURA SELATAN
78203,PAPUA,79421,KOTA JAYAPURA,79422,JAYAPURA UTARA
78203,PAPUA,79421,KOTA JAYAPURA,79451,MUARA TAMI
78203,PAPUA,79564,LANNY JAYA,928147,AWINA
78203,PAPUA,79564,LANNY JAYA,928148,AYUMNATI
78203,PAPUA,79564,LANNY JAYA,83726,BALINGGA
78203,PAPUA,79564,LANNY JAYA,928152,BALINGGA BARAT
78203,PAPUA,79564,LANNY JAYA,928151,BRUWA
78203,PAPUA,79564,LANNY JAYA,928164,BUGUK GONA
78203,PAPUA,79564,LANNY JAYA,83724,DIMBA
78203,PAPUA,79564,LANNY JAYA,83723,GAMELIA
78203,PAPUA,79564,LANNY JAYA,928155,GELOK BEAM
78203,PAPUA,79564,LANNY JAYA,928150,GOA BALIM
78203,PAPUA,79564,LANNY JAYA,928146,GOLLO
78203,PAPUA,79564,LANNY JAYA,928160,GUNA
78203,PAPUA,79564,LANNY JAYA,928153,GUPURA
78203,PAPUA,79564,LANNY JAYA,928158,KARU
78203,PAPUA,79564,LANNY JAYA,928161,KELULOME
78203,PAPUA,79564,LANNY JAYA,928154,KOLAWA
78203,PAPUA,79564,LANNY JAYA,928156,KULY LANNY
78203,PAPUA,79564,LANNY JAYA,83728,KUYAWAGE
78203,PAPUA,79564,LANNY JAYA,928157,LANNYNA
78203,PAPUA,79564,LANNY JAYA,83722,MAKKI
78203,PAPUA,79564,LANNY JAYA,928165,MELAGI
78203,PAPUA,79564,LANNY JAYA,83725,MELAGINERI
78203,PAPUA,79564,LANNY JAYA,928144,MILIMBO
78203,PAPUA,79564,LANNY JAYA,928142,MOKONI
78203,PAPUA,79564,LANNY JAYA,928163,MUARA
78203,PAPUA,79564,LANNY JAYA,928162,NIKOGWE
78203,PAPUA,79564,LANNY JAYA,928137,NINAME
78203,PAPUA,79564,LANNY JAYA,928138,NOGI
78203,PAPUA,79564,LANNY JAYA,83721,PIRIME
78203,PAPUA,79564,LANNY JAYA,83863,POGA
78203,PAPUA,79564,LANNY JAYA,83720,TIOM
78203,PAPUA,79564,LANNY JAYA,83727,TIOMNERI
78203,PAPUA,79564,LANNY JAYA,928140,TIOM OLLO
78203,PAPUA,79564,LANNY JAYA,928149,WANO BARAT
78203,PAPUA,79564,LANNY JAYA,928143,WEREKA
78203,PAPUA,79564,LANNY JAYA,928145,WIRINGGAMBUT
78203,PAPUA,79564,LANNY JAYA,928139,YIGINUA
78203,PAPUA,79564,LANNY JAYA,928159,YILUK
78203,PAPUA,79564,LANNY JAYA,928141,YUGUNGWI
78203,PAPUA,79354,MAMBERAMO RAYA,79408,BENUKI
78203,PAPUA,79354,MAMBERAMO RAYA,79391,MAMBERAMO HILIR
78203,PAPUA,79354,MAMBERAMO RAYA,79367,MAMBERAMO HULU
78203,PAPUA,79354,MAMBERAMO RAYA,79355,MAMBERAMO TENGAH
78203,PAPUA,79354,MAMBERAMO RAYA,79383,MAMBERAMO TENGAH TIMUR
78203,PAPUA,79354,MAMBERAMO RAYA,79376,RUFAER
78203,PAPUA,79354,MAMBERAMO RAYA,79415,SAWAI
78203,PAPUA,79354,MAMBERAMO RAYA,79399,WAROPEN ATAS
78203,PAPUA,79466,MAMBERAMO TENGAH,79503,ERAGAYAM
78203,PAPUA,79466,MAMBERAMO TENGAH,79524,ILUGWA
78203,PAPUA,79466,MAMBERAMO TENGAH,79483,KELILA
78203,PAPUA,79466,MAMBERAMO TENGAH,79467,KOBAGMA
78203,PAPUA,79466,MAMBERAMO TENGAH,79519,MEGAMBILIS
78203,PAPUA,79019,MAPPI,79103,ASSUE
78203,PAPUA,79019,MAPPI,83700,BAMGI
78203,PAPUA,79019,MAPPI,79051,CITAK-MITAK
78203,PAPUA,79019,MAPPI,79065,EDERA
78203,PAPUA,79019,MAPPI,79084,HAJU
78203,PAPUA,79019,MAPPI,79119,KAIBAR
78203,PAPUA,79019,MAPPI,79141,MINYAMUR
78203,PAPUA,79019,MAPPI,79038,NAMBIOMAN BAPAI
78203,PAPUA,79019,MAPPI,79020,OBAA
78203,PAPUA,79019,MAPPI,79131,PASSUE
78203,PAPUA,79019,MAPPI,83702,PASSUE BAWAH
78203,PAPUA,79019,MAPPI,83698,SYAHCAME
78203,PAPUA,79019,MAPPI,83704,TI  ZAIN
78203,PAPUA,79019,MAPPI,79152,VENAHA
78203,PAPUA,79019,MAPPI,83699,YAKOMI
78203,PAPUA,79826,MERAUKE,80009,ANIMHA
78203,PAPUA,79826,MERAUKE,79930,ELIKOBAL
78203,PAPUA,79826,MERAUKE,79996,ILWAYAB
78203,PAPUA,79826,MERAUKE,79897,JAGEBOB
78203,PAPUA,79826,MERAUKE,79959,KAPTEL
78203,PAPUA,79826,MERAUKE,79860,KIMAAM
78203,PAPUA,79826,MERAUKE,79943,KURIK
78203,PAPUA,79826,MERAUKE,80001,MALIND
78203,PAPUA,79826,MERAUKE,79827,MERAUKE
78203,PAPUA,79826,MERAUKE,79838,MUTING
78203,PAPUA,79826,MERAUKE,79953,NAUKENJERAI
78203,PAPUA,79826,MERAUKE,79971,NGGUTI
78203,PAPUA,79826,MERAUKE,79851,OKABA
78203,PAPUA,79826,MERAUKE,79872,SEMANGGA
78203,PAPUA,79826,MERAUKE,79912,SOTA
78203,PAPUA,79826,MERAUKE,79977,TABONJI
78203,PAPUA,79826,MERAUKE,79883,TANAH MIRING
78203,PAPUA,79826,MERAUKE,79964,TUBANG
78203,PAPUA,79826,MERAUKE,79918,ULILIN
78203,PAPUA,79826,MERAUKE,79987,WAAN
78203,PAPUA,81007,MIMIKA,81020,AGIMUGA
78203,PAPUA,81007,MIMIKA,928134,ALAMA
78203,PAPUA,81007,MIMIKA,928133,AMAR
78203,PAPUA,81007,MIMIKA,928130,HOYA
78203,PAPUA,81007,MIMIKA,928131,IWAKA
78203,PAPUA,81007,MIMIKA,81051,JILA
78203,PAPUA,81007,MIMIKA,81045,JITA
78203,PAPUA,81007,MIMIKA,81072,KUALA KENCANA
78203,PAPUA,81007,MIMIKA,928129,KWAMKI NARAMA
78203,PAPUA,81007,MIMIKA,81034,MIMIKA BARAT
78203,PAPUA,81007,MIMIKA,81089,MIMIKA BARAT JAUH
78203,PAPUA,81007,MIMIKA,81095,MIMIKA BARAT TENGAH
78203,PAPUA,81007,MIMIKA,81008,MIMIKA BARU
78203,PAPUA,81007,MIMIKA,81025,MIMIKA TIMUR
78203,PAPUA,81007,MIMIKA,81060,MIMIKA TIMUR JAUH
78203,PAPUA,81007,MIMIKA,81066,MIMIKA TIMUR TENGAH
78203,PAPUA,81007,MIMIKA,81080,TEMBAGAPURA
78203,PAPUA,81007,MIMIKA,928132,WANIA
78203,PAPUA,80309,NABIRE,83614,DIPA
78203,PAPUA,80309,NABIRE,80367,MAKIMI
78203,PAPUA,80309,NABIRE,83615,MENOU
78203,PAPUA,80309,NABIRE,83613,MOORA
78203,PAPUA,80309,NABIRE,80310,NABIRE
78203,PAPUA,80309,NABIRE,80396,NABIRE BARAT
78203,PAPUA,80309,NABIRE,80323,NAPAN
78203,PAPUA,80309,NABIRE,80360,SIRIWO
78203,PAPUA,80309,NABIRE,80379,TELUK KIMI
78203,PAPUA,80309,NABIRE,80374,TELUK UMAR
78203,PAPUA,80309,NABIRE,80337,UWAPA
78203,PAPUA,80309,NABIRE,80354,WANGGAR
78203,PAPUA,80309,NABIRE,80392,WAPOGA
78203,PAPUA,80309,NABIRE,80385,YARO
78203,PAPUA,80309,NABIRE,80332,YAUR
78203,PAPUA,79629,NDUGA,83736,ALAMA
78203,PAPUA,79629,NDUGA,83739,DAL
78203,PAPUA,79629,NDUGA,83745,EMBETPEN
78203,PAPUA,79629,NDUGA,79661,GEAREK
78203,PAPUA,79629,NDUGA,79656,GESELMA
78203,PAPUA,79629,NDUGA,83741,INIKGAL
78203,PAPUA,79629,NDUGA,83742,INIYE
78203,PAPUA,79629,NDUGA,83731,KEGAYEM
78203,PAPUA,79629,NDUGA,79630,KENYAM
78203,PAPUA,79629,NDUGA,83735,KILMID
78203,PAPUA,79629,NDUGA,83746,KORA
78203,PAPUA,79629,NDUGA,83730,KOROPTAK
78203,PAPUA,79629,NDUGA,83753,KREPKURI
78203,PAPUA,79629,NDUGA,83738,MAM
78203,PAPUA,79629,NDUGA,79632,MAPENDUMA
78203,PAPUA,79629,NDUGA,83744,MBUA TENGAH
78203,PAPUA,79629,NDUGA,83743,MBULMU YALMA
78203,PAPUA,79629,NDUGA,79651,MBUWA
78203,PAPUA,79629,NDUGA,83733,MEBAROK
78203,PAPUA,79629,NDUGA,83749,MOBA
78203,PAPUA,79629,NDUGA,79647,MUGI
78203,PAPUA,79629,NDUGA,83751,NENGGEAGIN
78203,PAPUA,79629,NDUGA,83740,NIRKURI
78203,PAPUA,79629,NDUGA,83732,PARO
78203,PAPUA,79629,NDUGA,83752,PASIR PUTIH
78203,PAPUA,79629,NDUGA,83748,PIJA
78203,PAPUA,79629,NDUGA,79642,WOSAK
78203,PAPUA,79629,NDUGA,83747,WUSI
78203,PAPUA,79629,NDUGA,83750,WUTPAGA
78203,PAPUA,79629,NDUGA,83737,YAL
78203,PAPUA,79629,NDUGA,83734,YENGGELO
78203,PAPUA,79629,NDUGA,79637,YIGI
78203,PAPUA,80851,PANIAI,80892,ARADIDE
78203,PAPUA,80851,PANIAI,930142,AWEIDA
78203,PAPUA,80851,PANIAI,930137,BAYA BIRU
78203,PAPUA,80851,PANIAI,80938,BIBIDA
78203,PAPUA,80851,PANIAI,80924,BOGOBAIDA
78203,PAPUA,80851,PANIAI,930139,DEIYAI MIYO
78203,PAPUA,80851,PANIAI,930141,DOGOMO
78203,PAPUA,80851,PANIAI,80953,DUMADAMA
78203,PAPUA,80851,PANIAI,81001,EKADIDE
78203,PAPUA,80851,PANIAI,80984,KEBO
78203,PAPUA,80851,PANIAI,930127,MUYE
78203,PAPUA,80851,PANIAI,930128,NAKAMA
78203,PAPUA,80851,PANIAI,80871,PANIAI BARAT
78203,PAPUA,80851,PANIAI,80852,PANIAI TIMUR
78203,PAPUA,80851,PANIAI,930125,PUGO DAGI
78203,PAPUA,80851,PANIAI,80956,SIRIWO
78203,PAPUA,80851,PANIAI,930129,TELUK DEYA
78203,PAPUA,80851,PANIAI,930144,TOPIYAI
78203,PAPUA,80851,PANIAI,930123,WEGEE BINO
78203,PAPUA,80851,PANIAI,930122,WEGEE MUKA
78203,PAPUA,80851,PANIAI,930132,YAGAI
78203,PAPUA,80851,PANIAI,80996,YATAMO
78203,PAPUA,80851,PANIAI,930135,YOUTADI
78203,PAPUA,81261,PEGUNUNGAN BINTANG,83649,ABOY
78203,PAPUA,81261,PEGUNUNGAN BINTANG,83652,ALEMSOM
78203,PAPUA,81261,PEGUNUNGAN BINTANG,83659,AWINBON
78203,PAPUA,81261,PEGUNUNGAN BINTANG,83667,BATANI
78203,PAPUA,81261,PEGUNUNGAN BINTANG,81332,BATOM
78203,PAPUA,81261,PEGUNUNGAN BINTANG,83651,BIME
78203,PAPUA,81261,PEGUNUNGAN BINTANG,81342,BORME
78203,PAPUA,81261,PEGUNUNGAN BINTANG,83674,EIPUMEK
78203,PAPUA,81261,PEGUNUNGAN BINTANG,81318,IWUR
78203,PAPUA,81261,PEGUNUNGAN BINTANG,83671,JETFA
78203,PAPUA,81261,PEGUNUNGAN BINTANG,83654,KALOMDOL
78203,PAPUA,81261,PEGUNUNGAN BINTANG,83658,KAWOR
78203,PAPUA,81261,PEGUNUNGAN BINTANG,81279,KIWIROK
78203,PAPUA,81261,PEGUNUNGAN BINTANG,83648,KIWIROK TIMUR
78203,PAPUA,81261,PEGUNUNGAN BINTANG,83670,MOFINOP
78203,PAPUA,81261,PEGUNUNGAN BINTANG,83669,MURKIM
78203,PAPUA,81261,PEGUNUNGAN BINTANG,83676,NONGME
78203,PAPUA,81261,PEGUNUNGAN BINTANG,83657,OK AOM
78203,PAPUA,81261,PEGUNUNGAN BINTANG,83666,OKBAB
78203,PAPUA,81261,PEGUNUNGAN BINTANG,83653,OKBAPE
78203,PAPUA,81261,PEGUNUNGAN BINTANG,83664,OKBEMTAU
78203,PAPUA,81261,PEGUNUNGAN BINTANG,81302,OKBIBAB
78203,PAPUA,81261,PEGUNUNGAN BINTANG,83661,OKHIKA
78203,PAPUA,81261,PEGUNUNGAN BINTANG,83663,OKLIP
78203,PAPUA,81261,PEGUNUNGAN BINTANG,83662,OKSAMOL
78203,PAPUA,81261,PEGUNUNGAN BINTANG,83665,OKSEBANG
78203,PAPUA,81261,PEGUNUNGAN BINTANG,81262,OKSIBIL
78203,PAPUA,81261,PEGUNUNGAN BINTANG,83655,OKSOP
78203,PAPUA,81261,PEGUNUNGAN BINTANG,83675,PAMEK
78203,PAPUA,81261,PEGUNUNGAN BINTANG,83650,PEPERA
78203,PAPUA,81261,PEGUNUNGAN BINTANG,83656,SERAMBAKON
78203,PAPUA,81261,PEGUNUNGAN BINTANG,83660,TARUP
78203,PAPUA,81261,PEGUNUNGAN BINTANG,83673,TEIRAPLU
78203,PAPUA,81261,PEGUNUNGAN BINTANG,83668,WEIME
78203,PAPUA,79663,PUNCAK,79735,AGANDUGUME
78203,PAPUA,79663,PUNCAK,930138,AMUNGKALPIA
78203,PAPUA,79663,PUNCAK,79692,BEOGA
78203,PAPUA,79663,PUNCAK,930115,BEOGA BARAT
78203,PAPUA,79663,PUNCAK,930116,BEOGA TIMUR
78203,PAPUA,79663,PUNCAK,930120,BINA
78203,PAPUA,79663,PUNCAK,930113,DERVOS
78203,PAPUA,79663,PUNCAK,79705,DOUFO
78203,PAPUA,79663,PUNCAK,930143,ERELMAKAWIA
78203,PAPUA,79663,PUNCAK,79739,GOME
78203,PAPUA,79663,PUNCAK,930140,GOME UTARA
78203,PAPUA,79663,PUNCAK,79664,ILAGA
78203,PAPUA,79663,PUNCAK,930130,ILAGA UTARA
78203,PAPUA,79663,PUNCAK,930119,KEMBRU
78203,PAPUA,79663,PUNCAK,930134,LAMBEWI
78203,PAPUA,79663,PUNCAK,930131,MABUGI
78203,PAPUA,79663,PUNCAK,930124,MAGE'ABUME
78203,PAPUA,79663,PUNCAK,930118,OGAMANIM
78203,PAPUA,79663,PUNCAK,930133,OMUKIA
78203,PAPUA,79663,PUNCAK,930136,ONERI
78203,PAPUA,79663,PUNCAK,79711,POGOMA
78203,PAPUA,79663,PUNCAK,79722,SINAK
78203,PAPUA,79663,PUNCAK,930121,SINAK BARAT
78203,PAPUA,79663,PUNCAK,79680,WANGBE
78203,PAPUA,79663,PUNCAK,930126,YUGUMUAK
78203,PAPUA,80724,PUNCAK JAYA,928127,DAGAI
78203,PAPUA,80724,PUNCAK JAYA,928119,DOKOME
78203,PAPUA,80724,PUNCAK JAYA,80839,FAWI
78203,PAPUA,80724,PUNCAK JAYA,928125,GUBUME
78203,PAPUA,80724,PUNCAK JAYA,928112,GURAGE
78203,PAPUA,80724,PUNCAK JAYA,928115,ILAMBURAWI
78203,PAPUA,80724,PUNCAK JAYA,80781,ILU
78203,PAPUA,80724,PUNCAK JAYA,928113,IRIMULI
78203,PAPUA,80724,PUNCAK JAYA,928120,KALOME
78203,PAPUA,80724,PUNCAK JAYA,928128,KIYAGE
78203,PAPUA,80724,PUNCAK JAYA,928117,LUMO
78203,PAPUA,80724,PUNCAK JAYA,83632,MEWOLUK
78203,PAPUA,80724,PUNCAK JAYA,928118,MOLANIKIME
78203,PAPUA,80724,PUNCAK JAYA,928114,MUARA
78203,PAPUA,80724,PUNCAK JAYA,80725,MULIA
78203,PAPUA,80724,PUNCAK JAYA,928124,NIOGA
78203,PAPUA,80724,PUNCAK JAYA,83635,NUME
78203,PAPUA,80724,PUNCAK JAYA,928111,PAGALEME
78203,PAPUA,80724,PUNCAK JAYA,928126,TAGANOMBAK
78203,PAPUA,80724,PUNCAK JAYA,83637,TINGGINAMBUT
78203,PAPUA,80724,PUNCAK JAYA,83636,TORERE
78203,PAPUA,80724,PUNCAK JAYA,928123,WAEGI
78203,PAPUA,80724,PUNCAK JAYA,928121,WANWI
78203,PAPUA,80724,PUNCAK JAYA,928116,YAMBI
78203,PAPUA,80724,PUNCAK JAYA,83633,YAMO
78203,PAPUA,80724,PUNCAK JAYA,928122,YAMONERI
78203,PAPUA,81104,SARMI,81152,APAWER HULU
78203,PAPUA,81104,SARMI,81141,BONGGO
78203,PAPUA,81104,SARMI,81185,BONGGO TIMUR
78203,PAPUA,81104,SARMI,81122,PANTAI BARAT
78203,PAPUA,81104,SARMI,81134,PANTAI TIMUR
78203,PAPUA,81104,SARMI,81174,PANTAI TIMUR BAGIAN BARAT
78203,PAPUA,81104,SARMI,81105,SARMI
78203,PAPUA,81104,SARMI,81161,SARMI SELATAN
78203,PAPUA,81104,SARMI,81167,SARMI TIMUR
78203,PAPUA,81104,SARMI,81113,TOR ATAS
78203,PAPUA,79310,SUPIORI,79336,KEPULAUAN ARURI
78203,PAPUA,79310,SUPIORI,79346,SUPIORI BARAT
78203,PAPUA,79310,SUPIORI,79311,SUPIORI SELATAN
78203,PAPUA,79310,SUPIORI,79325,SUPIORI TIMUR
78203,PAPUA,79310,SUPIORI,79319,SUPIORI UTARA
78203,PAPUA,78324,TOLIKARA,78821,AIRGARAM
78203,PAPUA,78324,TOLIKARA,83877,ANAWI
78203,PAPUA,78324,TOLIKARA,83900,AWEKU
78203,PAPUA,78324,TOLIKARA,78606,BEWANI
78203,PAPUA,78324,TOLIKARA,83903,BIUK
78203,PAPUA,78324,TOLIKARA,83901,BOGONUK
78203,PAPUA,78324,TOLIKARA,78352,BOKONDINI
78203,PAPUA,78324,TOLIKARA,78588,BOKONERI
78203,PAPUA,78324,TOLIKARA,83897,DANIME
78203,PAPUA,78324,TOLIKARA,78850,DOW
78203,PAPUA,78324,TOLIKARA,78740,DUNDU
78203,PAPUA,78324,TOLIKARA,78776,EGIAM
78203,PAPUA,78324,TOLIKARA,78755,GEYA
78203,PAPUA,78324,TOLIKARA,83875,GIKA
78203,PAPUA,78324,TOLIKARA,78647,GILUBANDU
78203,PAPUA,78324,TOLIKARA,78404,GOYAGE
78203,PAPUA,78324,TOLIKARA,78688,GUNDAGI
78203,PAPUA,78324,TOLIKARA,83899,KAI
78203,PAPUA,78324,TOLIKARA,78808,KAMBONERI
78203,PAPUA,78324,TOLIKARA,78367,KANGGIME
78203,PAPUA,78324,TOLIKARA,78325,KARUBAGA
78203,PAPUA,78324,TOLIKARA,78386,KEMBU
78203,PAPUA,78324,TOLIKARA,78527,KONDA/ KONDAGA
78203,PAPUA,78324,TOLIKARA,78569,KUARI
78203,PAPUA,78324,TOLIKARA,78501,KUBU
78203,PAPUA,78324,TOLIKARA,83902,LI ANOGOMMA
78203,PAPUA,78324,TOLIKARA,78621,NABUNAGE
78203,PAPUA,78324,TOLIKARA,78546,NELAWI
78203,PAPUA,78324,TOLIKARA,78707,NUMBA
78203,PAPUA,78324,TOLIKARA,78661,NUNGGAWI
78203,PAPUA,78324,TOLIKARA,78466,PANAGA
78203,PAPUA,78324,TOLIKARA,78788,POGANERI
78203,PAPUA,78324,TOLIKARA,83898,TAGIME
78203,PAPUA,78324,TOLIKARA,83872,TAGINERI
78203,PAPUA,78324,TOLIKARA,83876,TELENGGEME
78203,PAPUA,78324,TOLIKARA,78725,TIMORI
78203,PAPUA,78324,TOLIKARA,78453,UMAGI
78203,PAPUA,78324,TOLIKARA,83874,WAKUWO
78203,PAPUA,78324,TOLIKARA,78830,WARI/TAIYEVE II
78203,PAPUA,78324,TOLIKARA,83895,WENAM
78203,PAPUA,78324,TOLIKARA,78439,WINA
78203,PAPUA,78324,TOLIKARA,78480,WONIKI
78203,PAPUA,78324,TOLIKARA,83896,WUGI
78203,PAPUA,78324,TOLIKARA,78424,WUNIM
78203,PAPUA,78324,TOLIKARA,83904,YUKO
78203,PAPUA,78324,TOLIKARA,83873,YUNERI
78203,PAPUA,78862,WAROPEN,84098,DEMBA
78203,PAPUA,78862,WAROPEN,78863,INGGERUS
78203,PAPUA,78862,WAROPEN,78910,KIRIHI
78203,PAPUA,78862,WAROPEN,78877,MASIREI
78203,PAPUA,78862,WAROPEN,84097,OUDATE
78203,PAPUA,78862,WAROPEN,78886,RISEI SAYATI
78203,PAPUA,78862,WAROPEN,928136,SOYOI MAMBAI
78203,PAPUA,78862,WAROPEN,84096,UREI FAISEI
78203,PAPUA,78862,WAROPEN,78890,WAPOGA
78203,PAPUA,78862,WAROPEN,78897,WAROPEN BAWAH
78203,PAPUA,78862,WAROPEN,928135,WONTI
78203,PAPUA,81357,YAHUKIMO,81486,AMUMA
78203,PAPUA,81357,YAHUKIMO,81381,ANGGRUK
78203,PAPUA,81357,YAHUKIMO,81767,BOMELA
78203,PAPUA,81357,YAHUKIMO,81443,DEKAI
78203,PAPUA,81357,YAHUKIMO,81695,DIRWEMNA
78203,PAPUA,81357,YAHUKIMO,81844,DURAM
78203,PAPUA,81357,YAHUKIMO,81684,ENDOMEN
78203,PAPUA,81357,YAHUKIMO,81656,HEREAPINI
78203,PAPUA,81357,YAHUKIMO,81836,HILIPUK
78203,PAPUA,81357,YAHUKIMO,81519,HOGIO
78203,PAPUA,81357,YAHUKIMO,81701,HOLUON
78203,PAPUA,81357,YAHUKIMO,81806,KABIANGGAMA
78203,PAPUA,81357,YAHUKIMO,81857,KAYO
78203,PAPUA,81357,YAHUKIMO,81693,KONA
78203,PAPUA,81357,YAHUKIMO,81744,KORUPUN
78203,PAPUA,81357,YAHUKIMO,81602,KOSAREK
78203,PAPUA,81357,YAHUKIMO,81358,KURIMA
78203,PAPUA,81357,YAHUKIMO,81814,KWELEMDUA
78203,PAPUA,81357,YAHUKIMO,81825,KWIKMA
78203,PAPUA,81357,YAHUKIMO,81757,LANGDA
78203,PAPUA,81357,YAHUKIMO,81709,LOLAT
78203,PAPUA,81357,YAHUKIMO,81528,MUGI
78203,PAPUA,81357,YAHUKIMO,81500,MUSAIK
78203,PAPUA,81357,YAHUKIMO,81433,NALCA
78203,PAPUA,81357,YAHUKIMO,81391,NINIA
78203,PAPUA,81357,YAHUKIMO,81614,NIPSAN
78203,PAPUA,81357,YAHUKIMO,81456,OBIO
78203,PAPUA,81357,YAHUKIMO,81588,PANGGEMA
78203,PAPUA,81357,YAHUKIMO,81511,PASEMA
78203,PAPUA,81357,YAHUKIMO,81636,PRONGGOLI
78203,PAPUA,81357,YAHUKIMO,81682,PULDAMA
78203,PAPUA,81357,YAHUKIMO,81423,SAMENAGE
78203,PAPUA,81357,YAHUKIMO,81727,SELA
78203,PAPUA,81357,YAHUKIMO,81782,SEREDELA
78203,PAPUA,81357,YAHUKIMO,81402,SILIMO
78203,PAPUA,81357,YAHUKIMO,81543,SOBA
78203,PAPUA,81357,YAHUKIMO,81792,SOBAHAM
78203,PAPUA,81357,YAHUKIMO,81718,SOLOIKMA
78203,PAPUA,81357,YAHUKIMO,81865,SUMO
78203,PAPUA,81357,YAHUKIMO,81773,SUNTAMON
78203,PAPUA,81357,YAHUKIMO,81468,SURU SURU
78203,PAPUA,81357,YAHUKIMO,81672,TALAMBO
78203,PAPUA,81357,YAHUKIMO,81565,TANGMA
78203,PAPUA,81357,YAHUKIMO,81618,UBAHAK
78203,PAPUA,81357,YAHUKIMO,81660,UBALIHI
78203,PAPUA,81357,YAHUKIMO,81576,UKHA
78203,PAPUA,81357,YAHUKIMO,81645,WALMA
78203,PAPUA,81357,YAHUKIMO,81550,WERIMA
78203,PAPUA,81357,YAHUKIMO,81481,WUSAMA
78203,PAPUA,81357,YAHUKIMO,81654,YAHULIAMBUT
78203,PAPUA,81357,YAHUKIMO,81849,YOGOSEM
78203,PAPUA,79531,YALIMO,79542,ABENAHO
78203,PAPUA,79531,YALIMO,79537,APALAPSILI
78203,PAPUA,79531,YALIMO,79553,BENAWA
78203,PAPUA,79531,YALIMO,79532,ELELIM
78203,PAPUA,79531,YALIMO,79558,WELAREK
81877,PAPUA BARAT,82605,FAKFAK,928171,ARGUNI
81877,PAPUA BARAT,82605,FAKFAK,82682,BOMBERAY
81877,PAPUA BARAT,82605,FAKFAK,82606,FAK-FAK
81877,PAPUA BARAT,82605,FAKFAK,82618,FAK-FAK BARAT
81877,PAPUA BARAT,82605,FAKFAK,82661,FAK-FAK TENGAH
81877,PAPUA BARAT,82605,FAKFAK,82627,FAK-FAK TIMUR
81877,PAPUA BARAT,82605,FAKFAK,928170,FAKFAK TIMUR TENGAH
81877,PAPUA BARAT,82605,FAKFAK,928174,FURWAGI
81877,PAPUA BARAT,82605,FAKFAK,82674,KARAS
81877,PAPUA BARAT,82605,FAKFAK,928173,KAYAUNI
81877,PAPUA BARAT,82605,FAKFAK,82641,KOKAS
81877,PAPUA BARAT,82605,FAKFAK,82692,KRAMONGMONGGA
81877,PAPUA BARAT,82605,FAKFAK,928172,MBAHAMDANDARA
81877,PAPUA BARAT,82605,FAKFAK,928168,PARIWARI
81877,PAPUA BARAT,82605,FAKFAK,82707,TELUK PATIPI
81877,PAPUA BARAT,82605,FAKFAK,928175,TOMAGE
81877,PAPUA BARAT,82605,FAKFAK,928169,WARTUTIN
81877,PAPUA BARAT,83194,KAIMANA,83215,BURUWAY
81877,PAPUA BARAT,83194,KAIMANA,83195,KAIMANA
81877,PAPUA BARAT,83194,KAIMANA,83258,KAMBRAU
81877,PAPUA BARAT,83194,KAIMANA,83226,TELUK ARGUNI ATAS
81877,PAPUA BARAT,83194,KAIMANA,83266,TELUK ARGUNI BAWAH
81877,PAPUA BARAT,83194,KAIMANA,83252,TELUK ETNA
81877,PAPUA BARAT,83194,KAIMANA,83282,YAMOR
81877,PAPUA BARAT,83289,KOTA SORONG,928194,KLAURUNG
81877,PAPUA BARAT,83289,KOTA SORONG,928196,MALADUM MES
81877,PAPUA BARAT,83289,KOTA SORONG,928195,MALAIMSIMSA
81877,PAPUA BARAT,83289,KOTA SORONG,83290,SORONG
81877,PAPUA BARAT,83289,KOTA SORONG,83303,SORONG BARAT
81877,PAPUA BARAT,83289,KOTA SORONG,83309,SORONG KEPULAUAN
81877,PAPUA BARAT,83289,KOTA SORONG,928193,SORONG KOTA
81877,PAPUA BARAT,83289,KOTA SORONG,83320,SORONG MANOI
81877,PAPUA BARAT,83289,KOTA SORONG,83296,SORONG TIMUR
81877,PAPUA BARAT,83289,KOTA SORONG,83314,SORONG UTARA
81877,PAPUA BARAT,82154,MANOKWARI,82349,MANOKWARI BARAT
81877,PAPUA BARAT,82154,MANOKWARI,82391,MANOKWARI SELATAN
81877,PAPUA BARAT,82154,MANOKWARI,82360,MANOKWARI TIMUR
81877,PAPUA BARAT,82154,MANOKWARI,82368,MANOKWARI UTARA
81877,PAPUA BARAT,82154,MANOKWARI,82205,MASNI
81877,PAPUA BARAT,82154,MANOKWARI,82188,PRAFI
81877,PAPUA BARAT,82154,MANOKWARI,82472,SIDEY
81877,PAPUA BARAT,82154,MANOKWARI,82426,TANAH RUBUH
81877,PAPUA BARAT,82154,MANOKWARI,82169,WARMARE
81877,PAPUA BARAT,928080,MANOKWARI SELATAN,82532,DATARAN ISIM
81877,PAPUA BARAT,928080,MANOKWARI SELATAN,82459,MOMI - WAREN
81877,PAPUA BARAT,928080,MANOKWARI SELATAN,82451,NENEY
81877,PAPUA BARAT,928080,MANOKWARI SELATAN,82239,ORANSBARI
81877,PAPUA BARAT,928080,MANOKWARI SELATAN,82155,RANSIKI
81877,PAPUA BARAT,928080,MANOKWARI SELATAN,82467,TOHOTA
81877,PAPUA BARAT,81878,MAYBRAT,81879,AIFAT
81877,PAPUA BARAT,81878,MAYBRAT,81911,AIFAT SELATAN
81877,PAPUA BARAT,81878,MAYBRAT,81901,AIFAT TIMUR
81877,PAPUA BARAT,81878,MAYBRAT,83582,AIFAT TIMUR JAUH
81877,PAPUA BARAT,81878,MAYBRAT,83583,AIFAT TIMUR SELATAN
81877,PAPUA BARAT,81878,MAYBRAT,83581,AIFAT TIMUR TENGAH
81877,PAPUA BARAT,81878,MAYBRAT,81890,AIFAT UTARA
81877,PAPUA BARAT,81878,MAYBRAT,81927,AITINYO
81877,PAPUA BARAT,81878,MAYBRAT,81919,AITINYO BARAT
81877,PAPUA BARAT,81878,MAYBRAT,83579,AITINYO RAYA
81877,PAPUA BARAT,81878,MAYBRAT,83578,AITINYO TENGAH
81877,PAPUA BARAT,81878,MAYBRAT,81940,AITINYO UTARA
81877,PAPUA BARAT,81878,MAYBRAT,81951,AYAMARU
81877,PAPUA BARAT,81878,MAYBRAT,83571,AYAMARU BARAT
81877,PAPUA BARAT,81878,MAYBRAT,83574,AYAMARU JAYA
81877,PAPUA BARAT,81878,MAYBRAT,83573,AYAMARU SELATAN
81877,PAPUA BARAT,81878,MAYBRAT,83577,AYAMARU SELATAN JAYA
81877,PAPUA BARAT,81878,MAYBRAT,83572,AYAMARU TENGAH
81877,PAPUA BARAT,81878,MAYBRAT,81978,AYAMARU TIMUR
81877,PAPUA BARAT,81878,MAYBRAT,83576,AYAMARU TIMUR SELATAN
81877,PAPUA BARAT,81878,MAYBRAT,81969,AYAMARU UTARA
81877,PAPUA BARAT,81878,MAYBRAT,83575,AYAMARU UTARA TIMUR
81877,PAPUA BARAT,81878,MAYBRAT,81984,MARE
81877,PAPUA BARAT,81878,MAYBRAT,83580,MARE SELATAN
81877,PAPUA BARAT,928081,PEGUNUNGAN ARFAK,82263,ANGGI
81877,PAPUA BARAT,928081,PEGUNUNGAN ARFAK,82509,ANGGI GIDA
81877,PAPUA BARAT,928081,PEGUNUNGAN ARFAK,82553,CATUBOUW
81877,PAPUA BARAT,928081,PEGUNUNGAN ARFAK,82517,DIDOHU
81877,PAPUA BARAT,928081,PEGUNUNGAN ARFAK,82575,HINGK
81877,PAPUA BARAT,928081,PEGUNUNGAN ARFAK,82501,MEMBEY
81877,PAPUA BARAT,928081,PEGUNUNGAN ARFAK,82298,MINYAMBOUW
81877,PAPUA BARAT,928081,PEGUNUNGAN ARFAK,82277,SURUREY
81877,PAPUA BARAT,928081,PEGUNUNGAN ARFAK,82489,TAIGE
81877,PAPUA BARAT,928081,PEGUNUNGAN ARFAK,82410,TESTEGA
81877,PAPUA BARAT,82850,RAJA AMPAT,83563,AYAU
81877,PAPUA BARAT,82850,RAJA AMPAT,83564,BATANTA SELATAN
81877,PAPUA BARAT,82850,RAJA AMPAT,83559,BATANTA UTARA
81877,PAPUA BARAT,82850,RAJA AMPAT,82882,KEPULAUAN AYAU
81877,PAPUA BARAT,82850,RAJA AMPAT,82960,KEPULAUAN SEMBILAN
81877,PAPUA BARAT,82850,RAJA AMPAT,82917,KOFIAU
81877,PAPUA BARAT,82850,RAJA AMPAT,83557,KOTA WAISAI
81877,PAPUA BARAT,82850,RAJA AMPAT,82922,MEOS MANSAR
81877,PAPUA BARAT,82850,RAJA AMPAT,82954,MISOOL BARAT
81877,PAPUA BARAT,82850,RAJA AMPAT,82851,MISOOL (MISOOL UTARA)
81877,PAPUA BARAT,82850,RAJA AMPAT,82938,MISOOL SELATAN
81877,PAPUA BARAT,82850,RAJA AMPAT,82890,MISOOL TIMUR
81877,PAPUA BARAT,82850,RAJA AMPAT,83560,SALAWATI BARAT
81877,PAPUA BARAT,82850,RAJA AMPAT,83561,SALAWATI TENGAH
81877,PAPUA BARAT,82850,RAJA AMPAT,82871,SALAWATI UTARA
81877,PAPUA BARAT,82850,RAJA AMPAT,83562,SUPNIN
81877,PAPUA BARAT,82850,RAJA AMPAT,82906,TELUK MAYALIBIT
81877,PAPUA BARAT,82850,RAJA AMPAT,83558,TIPLOL MAYALIBIT
81877,PAPUA BARAT,82850,RAJA AMPAT,82895,WAIGEO BARAT
81877,PAPUA BARAT,82850,RAJA AMPAT,82948,WAIGEO BARAT KEPULAUAN
81877,PAPUA BARAT,82850,RAJA AMPAT,82864,WAIGEO SELATAN
81877,PAPUA BARAT,82850,RAJA AMPAT,82901,WAIGEO TIMUR
81877,PAPUA BARAT,82850,RAJA AMPAT,82857,WAIGEO UTARA
81877,PAPUA BARAT,82850,RAJA AMPAT,82943,WARWARBOMI
81877,PAPUA BARAT,82022,SORONG,82059,AIMAS
81877,PAPUA BARAT,82022,SORONG,929221,BAGUN
81877,PAPUA BARAT,82022,SORONG,82038,BERAUR
81877,PAPUA BARAT,82022,SORONG,929231,BOTAIN
81877,PAPUA BARAT,82022,SORONG,929224,BUK
81877,PAPUA BARAT,82022,SORONG,929229,HOBARD
81877,PAPUA BARAT,82022,SORONG,82109,KLABOT
81877,PAPUA BARAT,82022,SORONG,82068,KLAMONO
81877,PAPUA BARAT,82022,SORONG,929228,KLASAFET
81877,PAPUA BARAT,82022,SORONG,82141,KLASO
81877,PAPUA BARAT,82022,SORONG,82117,KLAWAK
81877,PAPUA BARAT,82022,SORONG,82137,KLAYILI
81877,PAPUA BARAT,82022,SORONG,929227,KONHIR
81877,PAPUA BARAT,82022,SORONG,82023,MAKBON
81877,PAPUA BARAT,82022,SORONG,929226,MALABOTOM
81877,PAPUA BARAT,82022,SORONG,82131,MARIAT
81877,PAPUA BARAT,82022,SORONG,82127,MAUDUS
81877,PAPUA BARAT,82022,SORONG,82095,MAYAMUK
81877,PAPUA BARAT,82022,SORONG,82146,MOISEGEN
81877,PAPUA BARAT,82022,SORONG,929225,SAENGKEDUK
81877,PAPUA BARAT,82022,SORONG,82044,SALAWATI
81877,PAPUA BARAT,82022,SORONG,82103,SALAWATI SELATAN
81877,PAPUA BARAT,82022,SORONG,929230,SALAWATI TENGAH
81877,PAPUA BARAT,82022,SORONG,82082,SAYOSA
81877,PAPUA BARAT,82022,SORONG,929232,SAYOSA TIMUR
81877,PAPUA BARAT,82022,SORONG,82051,SEGET
81877,PAPUA BARAT,82022,SORONG,82088,SEGUN
81877,PAPUA BARAT,82022,SORONG,929220,SORONG
81877,PAPUA BARAT,82022,SORONG,929223,SUNOOK
81877,PAPUA BARAT,82022,SORONG,929222,WEMAK
81877,PAPUA BARAT,82724,SORONG SELATAN,82845,FKOUR
81877,PAPUA BARAT,82724,SORONG SELATAN,82741,INANWATAN
81877,PAPUA BARAT,82724,SORONG SELATAN,82802,KAIS
81877,PAPUA BARAT,82724,SORONG SELATAN,929216,KAIS DARAT
81877,PAPUA BARAT,82724,SORONG SELATAN,82762,KOKODA
81877,PAPUA BARAT,82724,SORONG SELATAN,82828,KOKODA UTARA
81877,PAPUA BARAT,82724,SORONG SELATAN,82815,KONDA
81877,PAPUA BARAT,82724,SORONG SELATAN,82821,METEMANI
81877,PAPUA BARAT,82724,SORONG SELATAN,82778,MOSWAREN
81877,PAPUA BARAT,82724,SORONG SELATAN,82835,SAIFI
81877,PAPUA BARAT,82724,SORONG SELATAN,929215,SALKMA
81877,PAPUA BARAT,82724,SORONG SELATAN,82749,SAWIAT
81877,PAPUA BARAT,82724,SORONG SELATAN,82785,SEREMUK
81877,PAPUA BARAT,82724,SORONG SELATAN,82725,TEMINABUAN
81877,PAPUA BARAT,82724,SORONG SELATAN,82793,WAYER
81877,PAPUA BARAT,81992,TAMBRAUW,82017,ABUN
81877,PAPUA BARAT,81992,TAMBRAUW,83566,AMBERBAKEN
81877,PAPUA BARAT,81992,TAMBRAUW,928190,AMBERBAKEN BARAT
81877,PAPUA BARAT,81992,TAMBRAUW,928178,ASES
81877,PAPUA BARAT,81992,TAMBRAUW,928177,BAMUSBAMA
81877,PAPUA BARAT,81992,TAMBRAUW,928176,BIKAR
81877,PAPUA BARAT,81992,TAMBRAUW,81993,FEF
81877,PAPUA BARAT,81992,TAMBRAUW,928180,IRERES
81877,PAPUA BARAT,81992,TAMBRAUW,928191,KASI
81877,PAPUA BARAT,81992,TAMBRAUW,83567,KEBAR
81877,PAPUA BARAT,81992,TAMBRAUW,928187,KEBAR SELATAN
81877,PAPUA BARAT,81992,TAMBRAUW,928186,KEBAR TIMUR
81877,PAPUA BARAT,81992,TAMBRAUW,928184,KWESEFO
81877,PAPUA BARAT,81992,TAMBRAUW,82006,KWOOR
81877,PAPUA BARAT,81992,TAMBRAUW,928188,MANEKAR
81877,PAPUA BARAT,81992,TAMBRAUW,928185,MAWABUAN
81877,PAPUA BARAT,81992,TAMBRAUW,81995,MIYAH
81877,PAPUA BARAT,81992,TAMBRAUW,928179,MIYAH SELATAN
81877,PAPUA BARAT,81992,TAMBRAUW,83570,MORAID
81877,PAPUA BARAT,81992,TAMBRAUW,928189,MPUR
81877,PAPUA BARAT,81992,TAMBRAUW,83569,MUBRANI
81877,PAPUA BARAT,81992,TAMBRAUW,82009,SAUSAPOR
81877,PAPUA BARAT,81992,TAMBRAUW,928192,SELEMKAI
81877,PAPUA BARAT,81992,TAMBRAUW,83568,SENOPI
81877,PAPUA BARAT,81992,TAMBRAUW,83565,SYUJAK
81877,PAPUA BARAT,81992,TAMBRAUW,928183,TINGGOUW
81877,PAPUA BARAT,81992,TAMBRAUW,928181,TOBOUW
81877,PAPUA BARAT,81992,TAMBRAUW,928182,WILHEM ROUMBOUTS
81877,PAPUA BARAT,81992,TAMBRAUW,82001,YEMBUN
81877,PAPUA BARAT,82965,TELUK BINTUNI,82990,ARANDAY
81877,PAPUA BARAT,82965,TELUK BINTUNI,83058,AROBA
81877,PAPUA BARAT,82965,TELUK BINTUNI,82985,BABO
81877,PAPUA BARAT,82965,TELUK BINTUNI,82966,BINTUNI
81877,PAPUA BARAT,82965,TELUK BINTUNI,83069,BISCOOP
81877,PAPUA BARAT,82965,TELUK BINTUNI,83039,DATARAN BEIMES
81877,PAPUA BARAT,82965,TELUK BINTUNI,83011,FAFURWAR
81877,PAPUA BARAT,82965,TELUK BINTUNI,83052,KAITARO
81877,PAPUA BARAT,82965,TELUK BINTUNI,83082,KAMUNDAN
81877,PAPUA BARAT,82965,TELUK BINTUNI,83020,KURI
81877,PAPUA BARAT,82965,TELUK BINTUNI,83026,MANIMERI
81877,PAPUA BARAT,82965,TELUK BINTUNI,83064,MASYETA
81877,PAPUA BARAT,82965,TELUK BINTUNI,82975,MERDEY
81877,PAPUA BARAT,82965,TELUK BINTUNI,83098,MEYADO
81877,PAPUA BARAT,82965,TELUK BINTUNI,83093,MOSKONA BARAT
81877,PAPUA BARAT,82965,TELUK BINTUNI,82995,MOSKONA SELATAN
81877,PAPUA BARAT,82965,TELUK BINTUNI,83103,MOSKONA TIMUR
81877,PAPUA BARAT,82965,TELUK BINTUNI,83001,MOSKONA UTARA
81877,PAPUA BARAT,82965,TELUK BINTUNI,83046,SUMURI
81877,PAPUA BARAT,82965,TELUK BINTUNI,83015,TEMBUNI
81877,PAPUA BARAT,82965,TELUK BINTUNI,83077,TOMU
81877,PAPUA BARAT,82965,TELUK BINTUNI,83033,TUHIBA
81877,PAPUA BARAT,82965,TELUK BINTUNI,83006,WAMESA
81877,PAPUA BARAT,82965,TELUK BINTUNI,83087,WERIAGAR
81877,PAPUA BARAT,83107,TELUK WONDAMA,83168,KURI WAMESA
81877,PAPUA BARAT,83107,TELUK WONDAMA,83151,NAIKERE
81877,PAPUA BARAT,83107,TELUK WONDAMA,83175,NIKIWAR
81877,PAPUA BARAT,83107,TELUK WONDAMA,83130,RASIEI
81877,PAPUA BARAT,83107,TELUK WONDAMA,83186,ROON
81877,PAPUA BARAT,83107,TELUK WONDAMA,83181,ROSWAR
81877,PAPUA BARAT,83107,TELUK WONDAMA,83144,RUMBERPON
81877,PAPUA BARAT,83107,TELUK WONDAMA,83162,SOUG JAYA
81877,PAPUA BARAT,83107,TELUK WONDAMA,83125,TELUK DUAIRI
81877,PAPUA BARAT,83107,TELUK WONDAMA,83140,WAMESA
81877,PAPUA BARAT,83107,TELUK WONDAMA,83108,WASIOR
81877,PAPUA BARAT,83107,TELUK WONDAMA,83119,WINDESI
81877,PAPUA BARAT,83107,TELUK WONDAMA,83157,WONDIBOY
-99,+Luar Negeri,-990412,Afganistan,-990413,Kabul
-99,+Luar Negeri,-990682,Afrika Selatan,-990683,Pretoria
-99,+Luar Negeri,-990962,Afrika Selatan,-990963,Cape Town
-99,+Luar Negeri,-990042,Aljazair,-990043,Alger
-99,+Luar Negeri,-990902,Amerika Serikat,-990903,Washington D.C.
-99,+Luar Negeri,-991162,Amerika Serikat,-991163,New York
-99,+Luar Negeri,-991122,Amerika Serikat,-991123,Los Angeles
-99,+Luar Negeri,-991052,Amerika Serikat,-991053,Houston
-99,+Luar Negeri,-990972,Amerika Serikat,-990973,Chicago
-99,+Luar Negeri,-991212,Amerika Serikat,-991213,San Francisco
-99,+Luar Negeri,-990722,Arab Saudi,-990723,Riyadh
-99,+Luar Negeri,-991072,Arab Saudi,-991073,Jeddah
-99,+Luar Negeri,-990252,Argentina,-990253,Buenos Aires
-99,+Luar Negeri,-991202,Australia,-991203,Perth
-99,+Luar Negeri,-990262,Australia,-990263,Canberra
-99,+Luar Negeri,-991142,Australia,-991143,Melbourne
-99,+Luar Negeri,-991262,Australia,-991263,Darwin
-99,+Luar Negeri,-991232,Australia,-991233,Sydney
-99,+Luar Negeri,-990922,Austria,-990923,Wina
-99,+Luar Negeri,-990112,Azerbaijan,-990113,Baku
-99,+Luar Negeri,-990522,Bahrain,-990523,Manama
-99,+Luar Negeri,-990332,Bangladesh,-990333,Dhaka
-99,+Luar Negeri,-990322,Belanda,-990323,Den Haag
-99,+Luar Negeri,-990222,Belgia,-990223,Brussels
-99,+Luar Negeri,-990762,Bosnia-Herzegovina,-990763,Sarajevo
-99,+Luar Negeri,-990202,Brasil,-990203,Brasilia
-99,+Luar Negeri,-990122,Brunei Darussalam,-990123,Bandar Seri Begawan
-99,+Luar Negeri,-990792,Bulgaria,-990793,Sofia
-99,+Luar Negeri,-990752,Chile,-990753,Santiago
-99,+Luar Negeri,-990452,Denmark,-990453,Kopenhagen
-99,+Luar Negeri,-990702,Ekuador,-990703,Quito
-99,+Luar Negeri,-990032,Ethiopia,-990033,Addis Ababa
-99,+Luar Negeri,-990812,Fiji,-990813,Suva
-99,+Luar Negeri,-990982,Filipina,-990983,Davao City
-99,+Luar Negeri,-990532,Filipina,-990533,Manila
-99,+Luar Negeri,-990392,Finlandia,-990393,Helsinki
-99,+Luar Negeri,-990242,Hongaria,-990243,Budapest
-99,+Luar Negeri,-990592,India,-990593,New Delhi
-99,+Luar Negeri,-991152,India,-991153,Mumbai
-99,+Luar Negeri,-990502,Inggris,-990503,London
-99,+Luar Negeri,-990102,Irak,-990103,Baghdad
-99,+Luar Negeri,-990832,Iran,-990833,Tehran
-99,+Luar Negeri,-990732,Italia,-990733,Roma
-99,+Luar Negeri,-991182,Jepang,-991183,Osaka
-99,+Luar Negeri,-990842,Jepang,-990843,Tokyo
-99,+Luar Negeri,-991002,Jerman,-991003,Frankfurt
-99,+Luar Negeri,-990172,Jerman,-990173,Berlin
-99,+Luar Negeri,-991022,Jerman,-991023,Hamburg
-99,+Luar Negeri,-990652,Kamboja,-990653,Phnom Penh
-99,+Luar Negeri,-991252,Kanada,-991253,Vancouver
-99,+Luar Negeri,-991242,Kanada,-991243,Toronto
-99,+Luar Negeri,-990612,Kanada,-990613,Ottawa
-99,+Luar Negeri,-990082,Kazakhstan,-990083,Astana
-99,+Luar Negeri,-990582,Kenya,-990583,Nairobi
-99,+Luar Negeri,-990192,Kolombia,-990193,Bogota
-99,+Luar Negeri,-990772,Korea Selatan,-990773,Seoul
-99,+Luar Negeri,-990692,Korea Utara,-990693,Pyong Yang
-99,+Luar Negeri,-990952,Kroasia,-990953,Zagreb
-99,+Luar Negeri,-990382,Kuba,-990383,Havana
-99,+Luar Negeri,-990472,Kuwait,-990473,Kuwait City
-99,+Luar Negeri,-990882,Laos,-990883,Vientiane
-99,+Luar Negeri,-990152,Lebanon,-990153,Beirut
-99,+Luar Negeri,-990852,Libya,-990853,Tripoli
-99,+Luar Negeri,-990072,Madagaskar,-990073,Antananarivo
-99,+Luar Negeri,-990462,Malaysia,-990463,Kuala Lumpur
-99,+Luar Negeri,-991192,Malaysia,-991193,Penang
-99,+Luar Negeri,-991112,Malaysia,-991113,Kuching
-99,+Luar Negeri,-991102,Malaysia,-991103,Kota Kinabalu
-99,+Luar Negeri,-991082,Malaysia,-991083,Johor Bahru
-99,+Luar Negeri,-990422,Mesir,-990423,Kairo
-99,+Luar Negeri,-990552,Mexico,-990553,Mexico City
-99,+Luar Negeri,-990712,Morocco,-990713,Rabat
-99,+Luar Negeri,-990542,Mozambik,-990543,Maputo
-99,+Luar Negeri,-990942,Myanmar,-990943,Yangon
-99,+Luar Negeri,-990932,Namibia,-990933,Windhoek
-99,+Luar Negeri,-990022,Nigeria,-990023,Abuja
-99,+Luar Negeri,-990602,Norwegia,-990603,Oslo
-99,+Luar Negeri,-990572,Oman,-990573,Muscat
-99,+Luar Negeri,-990402,Pakistan,-990403,Islamabad
-99,+Luar Negeri,-991092,Pakistan,-991093,Karachi
-99,+Luar Negeri,-990622,Panama,-990623,Panama City
-99,+Luar Negeri,-991292,Papua Nugini,-991293,Vanimo
-99,+Luar Negeri,-990662,Papua Nugini,-990663,Port Moresby
-99,+Luar Negeri,-991172,Perancis,-991173,Noumea
-99,+Luar Negeri,-991132,Perancis,-991133,Marseille
-99,+Luar Negeri,-990642,Perancis,-990643,Paris
-99,+Luar Negeri,-990482,Peru,-990483,Lima
-99,+Luar Negeri,-990892,Polandia,-990893,Warsawa
-99,+Luar Negeri,-990492,Portugal,-990493,Lisabon
-99,+Luar Negeri,-990352,Qatar,-990353,Doha
-99,+Luar Negeri,-990672,Republik Ceko,-990673,Praha
-99,+Luar Negeri,-991042,Republik Rakyat Tiongkok,-991043,Hong Kong
-99,+Luar Negeri,-991222,Republik Rakyat Tiongkok,-991223,Shanghai
-99,+Luar Negeri,-990142,Republik Rakyat Tiongkok,-990143,Beijing
-99,+Luar Negeri,-990232,Rumania,-990233,Bucharest
-99,+Luar Negeri,-990562,Rusia,-990563,Moskow
-99,+Luar Negeri,-991282,Sabah,-991283,Tawau
-99,+Luar Negeri,-990912,Selandia Baru,-990913,Wellington
-99,+Luar Negeri,-990292,Senegal,-990293,Dakar
-99,+Luar Negeri,-990162,Serbia,-990163,Beograd
-99,+Luar Negeri,-990782,Singapura,-990783,Singapura
-99,+Luar Negeri,-990212,Slowakia,-990213,Bratislava
-99,+Luar Negeri,-990512,Spanyol,-990513,Madrid
-99,+Luar Negeri,-990282,Sri Langka,-990283,Colombo
-99,+Luar Negeri,-990432,Sudan,-990433,Khartoum
-99,+Luar Negeri,-990302,Suriah,-990303,Damascus
-99,+Luar Negeri,-990632,Suriname,-990633,Paramaribo
-99,+Luar Negeri,-990802,Swedia,-990803,Stockholm
-99,+Luar Negeri,-990182,Swiss,-990183,Bern
-99,+Luar Negeri,-991302,Taiwan,-991303,Taipei
-99,+Luar Negeri,-990312,Tanzania,-990313,Dar-Es Salaam
-99,+Luar Negeri,-991272,Thailand,-991273,Songkhla
-99,+Luar Negeri,-990132,Thailand,-990133,Bangkok
-99,+Luar Negeri,-990342,Timor Leste,-990343,Dili
-99,+Luar Negeri,-991012,Tiongkok,-991013,Guangzhou
-99,+Luar Negeri,-990862,Tunisia,-990863,Tunis
-99,+Luar Negeri,-990062,Turki,-990063,Ankara
-99,+Luar Negeri,-991062,Turki,-991063,Istanbul
-99,+Luar Negeri,-990442,Ukrania,-990443,Kiev
-99,+Luar Negeri,-990992,Uni Emirat Arab,-990993,Dubai
-99,+Luar Negeri,-990012,Uni Emirat Arab,-990013,Abu Dhabi
-99,+Luar Negeri,-990822,Uzbekistan,-990823,Tashkent
-99,+Luar Negeri,-990872,Vatikan,-990873,Vatikan
-99,+Luar Negeri,-990272,Venezuela,-990273,Caracas
-99,+Luar Negeri,-990362,Vietnam,-990363,Hanoi
-99,+Luar Negeri,-991032,Vietnam,-991033,Ho Chi Minh City
-99,+Luar Negeri,-990742,Yaman,-990743,Sana'a
-99,+Luar Negeri,-990052,Yordania,-990053,Amman
-99,+Luar Negeri,-990092,Yunani,-990093,Athena
-99,+Luar Negeri,-990372,Zimbabwe,-990373,Harare
