id,provinsi,kabupaten,kecamatan,kelurahan,tps,timestamp,pemilih-1,pemilih-2,total-pemilih,total-pengguna,suara-total,suara-sah,suara-tidak-sah,c1-1,c1-2
1269613620900001255,ACEH,ACEH TENGGARA,LAWE SUMUR,BERANDANG,TPS 1,2019-10-24 05:00:04,35,121,181,159,159,156,3,https://pemilu2019.kpu.go.id/img/c/900/001/900001255/2-620-1-C1-PPWP-X1.jpg,https://pemilu2019.kpu.go.id/img/c/900/001/900001255/2-620-1-C1-PPWP-X2.jpg
1269613620900001256,ACEH,ACEH TENGGARA,LAWE SUMUR,BERANDANG,TPS 2,2019-10-24 05:00:04,33,125,186,161,161,138,3,https://pemilu2019.kpu.go.id/img/c/900/001/900001256/1-620-2-C1-PPWP-01.jpg,https://pemilu2019.kpu.go.id/img/c/900/001/900001256/1-620-2-C1-PPWP-X2.jpg
1269613620900001257,ACEH,ACEH TENGGARA,LAWE SUMUR,BERANDANG,TPS 3,2019-10-24 05:00:04,0,0,0,0,0,0,0,https://pemilu2019.kpu.go.id/img/c/900/001/900001257/1-620-3-C1-PPWP-X1.jpg,https://pemilu2019.kpu.go.id/img/c/900/001/900001257/1-620-3-C1-PPWP-X2.jpg
1269613622900001259,ACEH,ACEH TENGGARA,LAWE SUMUR,BUAH PALA,TPS 1,2019-10-24 05:00:04,65,147,275,217,217,212,5,https://pemilu2019.kpu.go.id/img/c/900/001/900001259/2-622-1-C1-PPWP-X1.jpg,https://pemilu2019.kpu.go.id/img/c/900/001/900001259/2-622-1-C1-PPWP-X2.jpg
1269613622900001260,ACEH,ACEH TENGGARA,LAWE SUMUR,BUAH PALA,TPS 2,2019-10-24 05:00:04,49,134,242,183,183,183,0,https://pemilu2019.kpu.go.id/img/c/900/001/900001260/1-622-2-C1-PPWP-01.jpg,https://pemilu2019.kpu.go.id/img/c/900/001/900001260/1-622-2-C1-PPWP-X2.jpg
1269613615900001248,ACEH,ACEH TENGGARA,LAWE SUMUR,KISAM GABUNGAN,TPS 1,2019-10-24 05:00:04,24,174,204,205,205,198,7,https://pemilu2019.kpu.go.id/img/c/900/001/900001248/1-615-1-C1-PPWP-X1.jpg,https://pemilu2019.kpu.go.id/img/c/900/001/900001248/1-615-1-C1-PPWP-X2.jpg
1269613615900001249,ACEH,ACEH TENGGARA,LAWE SUMUR,KISAM GABUNGAN,TPS 2,2019-10-24 05:00:04,23,232,286,271,264,255,9,https://pemilu2019.kpu.go.id/img/c/900/001/900001249/1-615-2-C1-PPWP-01.jpg,https://pemilu2019.kpu.go.id/img/c/900/001/900001249/1-615-2-C1-PPWP-X2.jpg
1269613616900001250,ACEH,ACEH TENGGARA,LAWE SUMUR,KISAM KUTE PASIR,TPS 1,2019-10-24 05:00:04,21,204,243,243,236,225,11,https://pemilu2019.kpu.go.id/img/c/900/001/900001250/1-616-1-C1-PPWP-X1.jpg,https://pemilu2019.kpu.go.id/img/c/900/001/900001250/1-616-1-C1-PPWP-02.jpg
1269613627900001266,ACEH,ACEH TENGGARA,LAWE SUMUR,KISAM KUTE RAMBE,TPS 1,2019-10-24 05:00:04,8,150,179,160,160,158,2,https://pemilu2019.kpu.go.id/img/c/900/001/900001266/1-627-1-C1-PPWP-X1.jpg,https://pemilu2019.kpu.go.id/img/c/900/001/900001266/1-627-1-C1-PPWP-02.jpg
1269613627900001267,ACEH,ACEH TENGGARA,LAWE SUMUR,KISAM KUTE RAMBE,TPS 2,2019-10-24 05:00:04,17,132,177,152,152,149,3,https://pemilu2019.kpu.go.id/img/c/900/001/900001267/2-627-2-C1-PPWP-X1.jpg,https://pemilu2019.kpu.go.id/img/c/900/001/900001267/2-627-2-C1-PPWP-X2.jpg
1269613626900001264,ACEH,ACEH TENGGARA,LAWE SUMUR,KISAM LESTARI,TPS 1,2019-10-24 05:00:04,12,134,159,150,150,146,4,https://pemilu2019.kpu.go.id/img/c/900/001/900001264/1-626-1-C1-PPWP-01.jpg,https://pemilu2019.kpu.go.id/img/c/900/001/900001264/1-626-1-C1-PPWP-X2.jpg
1269613626900001265,ACEH,ACEH TENGGARA,LAWE SUMUR,KISAM LESTARI,TPS 2,2019-10-24 05:00:04,11,126,156,142,142,137,5,https://pemilu2019.kpu.go.id/img/c/900/001/900001265/1-626-2-C1-PPWP-01.jpg,https://pemilu2019.kpu.go.id/img/c/900/001/900001265/1-626-2-C1-PPWP-02.jpg
1269613619900001253,ACEH,ACEH TENGGARA,LAWE SUMUR,KUTA LESUNG,TPS 1,2019-10-24 05:00:04,16,106,154,123,123,122,1,https://pemilu2019.kpu.go.id/img/c/900/001/900001253/2-619-1-C1-PPWP-01.jpg,https://pemilu2019.kpu.go.id/img/c/900/001/900001253/2-619-1-C1-PPWP-X2.jpg
1269613619900001254,ACEH,ACEH TENGGARA,LAWE SUMUR,KUTA LESUNG,TPS 2,2019-10-24 05:00:04,12,100,151,118,118,112,6,https://pemilu2019.kpu.go.id/img/c/900/001/900001254/3-619-2-C1-PPWP-01.jpg,https://pemilu2019.kpu.go.id/img/c/900/001/900001254/3-619-2-C1-PPWP-X2.jpg
1269613621900001258,ACEH,ACEH TENGGARA,LAWE SUMUR,KUTE BUNIN,TPS 1,2019-10-24 05:00:04,29,205,255,238,237,234,3,https://pemilu2019.kpu.go.id/img/c/900/001/900001258/1-621-1-C1-PPWP-X1.jpg,https://pemilu2019.kpu.go.id/img/c/900/001/900001258/1-621-1-C1-PPWP-X2.jpg
1269613624900001262,ACEH,ACEH TENGGARA,LAWE SUMUR,LAWE PASARAN TGK MBELIN,TPS 1,2019-10-24 05:00:04,8,225,233,233,233,233,0,https://pemilu2019.kpu.go.id/img/c/900/001/900001262/1-624-1-C1-PPWP-01.jpg,https://pemilu2019.kpu.go.id/img/c/900/001/900001262/1-624-1-C1-PPWP-X2.jpg
1269613628900001268,ACEH,ACEH TENGGARA,LAWE SUMUR,LAWE POLAK,TPS 1,2019-10-24 05:00:04,27,192,267,267,244,219,25,https://pemilu2019.kpu.go.id/img/c/900/001/900001268/1-628-1-C1-PPWP-X1.jpg,https://pemilu2019.kpu.go.id/img/c/900/001/900001268/1-628-1-C1-PPWP-X2.jpg
1269613617900001251,ACEH,ACEH TENGGARA,LAWE SUMUR,LAWE SUMUR,TPS 1,2019-10-24 05:00:04,22,220,301,243,243,242,1,https://pemilu2019.kpu.go.id/img/c/900/001/900001251/1-617-1-C1-PPWP-X1.jpg,https://pemilu2019.kpu.go.id/img/c/900/001/900001251/1-617-1-C1-PPWP-02.jpg
1269613618900001252,ACEH,ACEH TENGGARA,LAWE SUMUR,LAWE SUMUR BARU,TPS 1,2019-10-24 05:00:04,27,181,261,261,212,208,4,https://pemilu2019.kpu.go.id/img/c/900/001/900001252/1-618-1-C1-PPWP-X1.jpg,https://pemilu2019.kpu.go.id/img/c/900/001/900001252/1-618-1-C1-PPWP-X2.jpg
1269613629900001269,ACEH,ACEH TENGGARA,LAWE SUMUR,LAWE SUMUR SEPAKAT,TPS 1,2019-10-24 05:00:04,26,204,275,231,231,230,1,https://pemilu2019.kpu.go.id/img/c/900/001/900001269/1-629-1-C1-PPWP-01.jpg,https://pemilu2019.kpu.go.id/img/c/900/001/900001269/1-629-1-C1-PPWP-X2.jpg
1269613623900001261,ACEH,ACEH TENGGARA,LAWE SUMUR,PENOSAN,TPS 1,2019-10-24 05:00:04,111,1,137,113,113,112,1,https://pemilu2019.kpu.go.id/img/c/900/001/900001261/1-623-1-C1-PPWP-X1.jpg,https://pemilu2019.kpu.go.id/img/c/900/001/900001261/1-623-1-C1-PPWP-X2.jpg
1269613630900001270,ACEH,ACEH TENGGARA,LAWE SUMUR,SETIA BARU,TPS 1,2019-10-24 05:00:04,31,172,231,208,208,203,5,https://pemilu2019.kpu.go.id/img/c/900/001/900001270/1-630-1-C1-PPWP-X1.jpg,https://pemilu2019.kpu.go.id/img/c/900/001/900001270/1-630-1-C1-PPWP-X2.jpg
1269613631900001271,ACEH,ACEH TENGGARA,LAWE SUMUR,TEGER MIKO,TPS 1,2019-10-24 05:00:04,74,94,199,174,197,168,6,https://pemilu2019.kpu.go.id/img/c/900/001/900001271/1-631-1-C1-PPWP-X1.jpg,https://pemilu2019.kpu.go.id/img/c/900/001/900001271/1-631-1-C1-PPWP-X2.jpg
1269613625900001263,ACEH,ACEH TENGGARA,LAWE SUMUR,TERUTUNG MEGAKHE BAKHU,TPS 1,2019-10-24 05:00:04,9,266,290,279,279,275,4,https://pemilu2019.kpu.go.id/img/c/900/001/900001263/1-625-1-C1-PPWP-01.jpg,https://pemilu2019.kpu.go.id/img/c/900/001/900001263/1-625-1-C1-PPWP-X2.jpg
1269613614900001246,ACEH,ACEH TENGGARA,LAWE SUMUR,TERUTUNG MEGARA LAWE PASARAN,TPS 1,2019-10-24 05:00:04,5,143,164,148,148,148,0,https://pemilu2019.kpu.go.id/img/c/900/001/900001246/2-614-1-C1-PPWP-01.jpg,https://pemilu2019.kpu.go.id/img/c/900/001/900001246/2-614-1-C1-PPWP-02.jpg
1269613614900001247,ACEH,ACEH TENGGARA,LAWE SUMUR,TERUTUNG MEGARA LAWE PASARAN,TPS 2,2019-10-24 05:00:04,5,148,103,151,153,153,0,https://pemilu2019.kpu.go.id/img/c/900/001/900001247/1-614-2-C1-PPWP-X1.jpg,https://pemilu2019.kpu.go.id/img/c/900/001/900001247/1-614-2-C1-PPWP-X2.jpg
1269647664900001309,ACEH,ACEH TENGGARA,LEUSER,ARIH MEJILE,TPS 1,2019-10-24 05:00:04,63,31,118,94,94,94,0,https://pemilu2019.kpu.go.id/img/c/900/001/900001309/2-664-1-C1-PPWP-01.jpg,https://pemilu2019.kpu.go.id/img/c/900/001/900001309/2-664-1-C1-PPWP-02.jpg
1269647648900001287,ACEH,ACEH TENGGARA,LEUSER,BINTANG ALGA MUSARA,TPS 1,2019-10-24 05:00:04,82,88,208,178,178,170,8,https://pemilu2019.kpu.go.id/img/c/900/001/900001287/1-648-1-C1-PPWP-X1.jpg,https://pemilu2019.kpu.go.id/img/c/900/001/900001287/1-648-1-C1-PPWP-X2.jpg
1269647649900001288,ACEH,ACEH TENGGARA,LEUSER,BUKIT BINTANG INDAH,TPS 1,2019-10-24 05:00:04,149,34,247,190,187,183,4,https://pemilu2019.kpu.go.id/img/c/900/001/900001288/1-649-1-C1-PPWP-X1.jpg,https://pemilu2019.kpu.go.id/img/c/900/001/900001288/1-649-1-C1-PPWP-X2.jpg
1269647649900001289,ACEH,ACEH TENGGARA,LEUSER,BUKIT BINTANG INDAH,TPS 2,2019-10-24 05:00:04,135,13,192,153,153,148,5,https://pemilu2019.kpu.go.id/img/c/900/001/900001289/1-649-2-C1-PPWP-X1.jpg,https://pemilu2019.kpu.go.id/img/c/900/001/900001289/1-649-2-C1-PPWP-X2.jpg
1269647654900001295,ACEH,ACEH TENGGARA,LEUSER,BUKIT MEKHIAH,TPS 1,2019-10-24 05:00:04,158,9,227,170,170,167,3,https://pemilu2019.kpu.go.id/img/c/900/001/900001295/1-654-1-C1-PPWP-X1.jpg,https://pemilu2019.kpu.go.id/img/c/900/001/900001295/1-654-1-C1-PPWP-X2.jpg
1269647654900001296,ACEH,ACEH TENGGARA,LEUSER,BUKIT MEKHIAH,TPS 2,2019-10-24 05:00:04,171,3,209,176,176,174,2,https://pemilu2019.kpu.go.id/img/c/900/001/900001296/1-654-2-C1-PPWP-X1.jpg,https://pemilu2019.kpu.go.id/img/c/900/001/900001296/1-654-2-C1-PPWP-02.jpg
1269647651900001292,ACEH,ACEH TENGGARA,LEUSER,BUNBUN ALAS,TPS 1,2019-10-24 05:00:04,25,132,165,165,165,157,8,https://pemilu2019.kpu.go.id/img/c/900/001/900001292/1-651-1-C1-PPWP-01.jpg,https://pemilu2019.kpu.go.id/img/c/900/001/900001292/1-651-1-C1-PPWP-X2.jpg
1269647659900001304,ACEH,ACEH TENGGARA,LEUSER,BUNBUN INDAH,TPS 1,2019-10-24 05:00:04,30,122,183,155,155,152,3,https://pemilu2019.kpu.go.id/img/c/900/001/900001304/3-659-1-C1-PPWP-X1.jpg,https://pemilu2019.kpu.go.id/img/c/900/001/900001304/3-659-1-C1-PPWP-X2.jpg
1269647667900001312,ACEH,ACEH TENGGARA,LEUSER,GAYE SENDAH,TPS 1,2019-10-24 05:00:04,56,18,95,75,75,74,1,https://pemilu2019.kpu.go.id/img/c/900/001/900001312/1-667-1-C1-PPWP-X1.jpg,https://pemilu2019.kpu.go.id/img/c/900/001/900001312/1-667-1-C1-PPWP-X2.jpg
1269647653900001294,ACEH,ACEH TENGGARA,LEUSER,GUNUNG PAK-PAK,TPS 1,2019-10-24 05:00:04,82,131,278,215,215,213,2,https://pemilu2019.kpu.go.id/img/c/900/001/900001294/1-653-1-C1-PPWP-X1.jpg,https://pemilu2019.kpu.go.id/img/c/900/001/900001294/1-653-1-C1-PPWP-X2.jpg
1269647657900001302,ACEH,ACEH TENGGARA,LEUSER,KANE MENDE,TPS 1,2019-10-24 05:00:04,166,9,198,173,210,175,4,https://pemilu2019.kpu.go.id/img/c/900/001/900001302/1-657-1-C1-PPWP-X1.jpg,https://pemilu2019.kpu.go.id/img/c/900/001/900001302/1-657-1-C1-PPWP-X2.jpg
1269647669900001314,ACEH,ACEH TENGGARA,LEUSER,KOMPAS,TPS 1,2019-10-24 05:00:04,61,20,106,81,81,81,0,https://pemilu2019.kpu.go.id/img/c/900/001/900001314/2-669-1-C1-PPWP-X1.jpg,https://pemilu2019.kpu.go.id/img/c/900/001/900001314/2-669-1-C1-PPWP-X2.jpg
1269647668900001313,ACEH,ACEH TENGGARA,LEUSER,KUTE HAKHAPEN,TPS 1,2019-10-24 05:00:04,54,3,58,58,58,57,1,https://pemilu2019.kpu.go.id/img/c/900/001/900001313/1-668-1-C1-PPWP-01.jpg,https://pemilu2019.kpu.go.id/img/c/900/001/900001313/1-668-1-C1-PPWP-X2.jpg
1269647658900001303,ACEH,ACEH TENGGARA,LEUSER,LAWE SEKHAKUT,TPS 1,2019-10-24 05:00:04,81,105,192,192,192,191,1,https://pemilu2019.kpu.go.id/img/c/900/001/900001303/1-658-1-C1-PPWP-X1.jpg,https://pemilu2019.kpu.go.id/img/c/900/001/900001303/1-658-1-C1-PPWP-X2.jpg
1269647656900001299,ACEH,ACEH TENGGARA,LEUSER,LAWE TAWAR,TPS 1,2019-10-24 05:00:04,115,4,141,124,124,119,5,https://pemilu2019.kpu.go.id/img/c/900/001/900001299/1-656-1-C1-PPWP-X1.jpg,https://pemilu2019.kpu.go.id/img/c/900/001/900001299/1-656-1-C1-PPWP-X2.jpg
1269647656900001300,ACEH,ACEH TENGGARA,LEUSER,LAWE TAWAR,TPS 2,2019-10-24 05:00:04,137,8,209,149,149,145,4,https://pemilu2019.kpu.go.id/img/c/900/001/900001300/1-656-2-C1-PPWP-X1.jpg,https://pemilu2019.kpu.go.id/img/c/900/001/900001300/1-656-2-C1-PPWP-02.jpg
1269647656900001301,ACEH,ACEH TENGGARA,LEUSER,LAWE TAWAR,TPS 3,2019-10-24 05:00:04,100,6,108,108,108,106,2,https://pemilu2019.kpu.go.id/img/c/900/001/900001301/1-656-3-C1-PPWP-X1.jpg,https://pemilu2019.kpu.go.id/img/c/900/001/900001301/1-656-3-C1-PPWP-X2.jpg
1269647652900001293,ACEH,ACEH TENGGARA,LEUSER,NAGA TIMBUL,TPS 1,2019-10-24 05:00:04,44,45,127,92,92,89,3,https://pemilu2019.kpu.go.id/img/c/900/001/900001293/1-652-1-C1-PPWP-X1.jpg,https://pemilu2019.kpu.go.id/img/c/900/001/900001293/1-652-1-C1-PPWP-X2.jpg
1269647655900001297,ACEH,ACEH TENGGARA,LEUSER,PERMATA MUSARA,TPS 1,,,,,,,,,,
1269647655900001298,ACEH,ACEH TENGGARA,LEUSER,PERMATA MUSARA,TPS 2,2019-10-24 05:00:04,38,32,88,79,79,70,9,https://pemilu2019.kpu.go.id/img/c/900/001/900001298/1-655-2-C1-PPWP-X1.jpg,https://pemilu2019.kpu.go.id/img/c/900/001/900001298/1-655-2-C1-PPWP-X2.jpg
1269647662900001307,ACEH,ACEH TENGGARA,LEUSER,PUNCE NALI,TPS 1,2019-10-24 05:00:04,40,62,109,109,109,102,7,https://pemilu2019.kpu.go.id/img/c/900/001/900001307/1-662-1-C1-PPWP-X1.jpg,https://pemilu2019.kpu.go.id/img/c/900/001/900001307/1-662-1-C1-PPWP-X2.jpg
1269647663900001308,ACEH,ACEH TENGGARA,LEUSER,SADE ATE,TPS 1,2019-10-24 05:00:04,82,1,90,83,83,83,0,https://pemilu2019.kpu.go.id/img/c/900/001/900001308/1-663-1-C1-PPWP-01.jpg,https://pemilu2019.kpu.go.id/img/c/900/001/900001308/1-663-1-C1-PPWP-X2.jpg
1269647670900001315,ACEH,ACEH TENGGARA,LEUSER,SEPAKAT,TPS 1,2019-10-24 05:00:04,32,64,123,98,98,96,2,https://pemilu2019.kpu.go.id/img/c/900/001/900001315/1-670-1-C1-PPWP-X1.jpg,https://pemilu2019.kpu.go.id/img/c/900/001/900001315/1-670-1-C1-PPWP-X2.jpg
1269647660900001305,ACEH,ACEH TENGGARA,LEUSER,SUKA DAMAI,TPS 1,2019-10-24 05:00:04,55,21,80,77,77,76,1,https://pemilu2019.kpu.go.id/img/c/900/001/900001305/1-660-1-C1-PPWP-X1.jpg,https://pemilu2019.kpu.go.id/img/c/900/001/900001305/1-660-1-C1-PPWP-X2.jpg
1269647650900001290,ACEH,ACEH TENGGARA,LEUSER,TANJUNG SARI,TPS 1,2019-10-24 05:00:04,147,7,180,157,157,154,3,https://pemilu2019.kpu.go.id/img/c/900/001/900001290/1-650-1-C1-PPWP-X1.jpg,https://pemilu2019.kpu.go.id/img/c/900/001/900001290/1-650-1-C1-PPWP-X2.jpg
1269647650900001291,ACEH,ACEH TENGGARA,LEUSER,TANJUNG SARI,TPS 2,2019-10-24 05:00:04,123,4,153,130,130,127,3,https://pemilu2019.kpu.go.id/img/c/900/001/900001291/1-650-2-C1-PPWP-X1.jpg,https://pemilu2019.kpu.go.id/img/c/900/001/900001291/1-650-2-C1-PPWP-X2.jpg
1269647661900001306,ACEH,ACEH TENGGARA,LEUSER,TUAH KEKHINE,TPS 1,2019-10-24 05:00:04,54,72,127,126,126,126,0,https://pemilu2019.kpu.go.id/img/c/900/001/900001306/1-661-1-C1-PPWP-X1.jpg,https://pemilu2019.kpu.go.id/img/c/900/001/900001306/1-661-1-C1-PPWP-X2.jpg
1269647666900001311,ACEH,ACEH TENGGARA,LEUSER,TUNAS MUDE,TPS 1,2019-10-24 05:00:04,53,12,78,0,67,65,2,https://pemilu2019.kpu.go.id/img/c/900/001/900001311/1-666-1-C1-PPWP-01.jpg,https://pemilu2019.kpu.go.id/img/c/900/001/900001311/1-666-1-C1-PPWP-X2.jpg
1269647665900001310,ACEH,ACEH TENGGARA,LEUSER,UKHAT PESELUK,TPS 1,2019-10-24 05:00:04,100,18,118,118,118,118,0,https://pemilu2019.kpu.go.id/img/c/900/001/900001310/1-665-1-C1-PPWP-X1.jpg,https://pemilu2019.kpu.go.id/img/c/900/001/900001310/1-665-1-C1-PPWP-X2.jpg
1269516530900001142,ACEH,ACEH TENGGARA,SEMADAM,KAMPUNG BARU,TPS 1,2019-10-24 05:00:04,26,190,275,219,218,216,2,https://pemilu2019.kpu.go.id/img/c/900/001/900001142/2-530-1-C1-PPWP-X1.jpg,https://pemilu2019.kpu.go.id/img/c/900/001/900001142/2-530-1-C1-PPWP-X2.jpg
1269516530900001143,ACEH,ACEH TENGGARA,SEMADAM,KAMPUNG BARU,TPS 2,2019-10-24 05:00:04,45,178,280,224,224,223,1,https://pemilu2019.kpu.go.id/img/c/900/001/900001143/3-530-2-C1-PPWP-X1.jpg,https://pemilu2019.kpu.go.id/img/c/900/001/900001143/3-530-2-C1-PPWP-X2.jpg
1269516522900001125,ACEH,ACEH TENGGARA,SEMADAM,KEBUN SERE,TPS 1,2019-10-24 05:00:04,87,3,108,90,90,90,0,https://pemilu2019.kpu.go.id/img/c/900/001/900001125/3-522-1-C1-PPWP-X1.jpg,https://pemilu2019.kpu.go.id/img/c/900/001/900001125/3-522-1-C1-PPWP-X2.jpg
1269516524900001128,ACEH,ACEH TENGGARA,SEMADAM,LAWE BERINGIN GAYO,TPS 1,2019-10-24 05:00:04,74,156,297,235,235,230,5,https://pemilu2019.kpu.go.id/img/c/900/001/900001128/1-524-1-C1-PPWP-X1.jpg,https://pemilu2019.kpu.go.id/img/c/900/001/900001128/1-524-1-C1-PPWP-X2.jpg
1269516524900001129,ACEH,ACEH TENGGARA,SEMADAM,LAWE BERINGIN GAYO,TPS 2,2019-10-24 05:00:04,83,143,309,233,233,226,7,https://pemilu2019.kpu.go.id/img/c/900/001/900001129/1-524-2-C1-PPWP-X1.jpg,https://pemilu2019.kpu.go.id/img/c/900/001/900001129/1-524-2-C1-PPWP-X2.jpg
1269516523900001126,ACEH,ACEH TENGGARA,SEMADAM,LAWE BERINGIN HORAS,TPS 1,2019-10-24 05:00:04,135,4,205,140,140,139,1,https://pemilu2019.kpu.go.id/img/c/900/001/900001126/1-523-1-C1-PPWP-X1.jpg,https://pemilu2019.kpu.go.id/img/c/900/001/900001126/1-523-1-C1-PPWP-X2.jpg
1269516523900001127,ACEH,ACEH TENGGARA,SEMADAM,LAWE BERINGIN HORAS,TPS 2,2019-10-24 05:00:04,144,2,213,147,147,146,1,https://pemilu2019.kpu.go.id/img/c/900/001/900001127/1-523-2-C1-PPWP-X1.jpg,https://pemilu2019.kpu.go.id/img/c/900/001/900001127/1-523-2-C1-PPWP-X2.jpg
1269516520900001122,ACEH,ACEH TENGGARA,SEMADAM,LAWE KINGA GABUNGAN,TPS 1,2019-10-24 05:00:04,127,2,169,129,129,129,0,https://pemilu2019.kpu.go.id/img/c/900/001/900001122/2-520-1-C1-PPWP-X1.jpg,https://pemilu2019.kpu.go.id/img/c/900/001/900001122/2-520-1-C1-PPWP-X2.jpg
1269516520900001123,ACEH,ACEH TENGGARA,SEMADAM,LAWE KINGA GABUNGAN,TPS 2,2019-10-24 05:00:04,114,1,161,115,115,115,0,https://pemilu2019.kpu.go.id/img/c/900/001/900001123/1-520-2-C1-PPWP-X1.jpg,https://pemilu2019.kpu.go.id/img/c/900/001/900001123/1-520-2-C1-PPWP-X2.jpg
1269516533900001147,ACEH,ACEH TENGGARA,SEMADAM,LAWE KINGA LAPTER,TPS 1,2019-10-24 05:00:04,128,4,166,132,132,132,0,https://pemilu2019.kpu.go.id/img/c/900/001/900001147/1-533-1-C1-PPWP-X1.jpg,https://pemilu2019.kpu.go.id/img/c/900/001/900001147/1-533-1-C1-PPWP-X2.jpg
1269516533900001148,ACEH,ACEH TENGGARA,SEMADAM,LAWE KINGA LAPTER,TPS 2,2019-10-24 05:00:04,149,3,176,153,153,152,1,https://pemilu2019.kpu.go.id/img/c/900/001/900001148/2-533-2-C1-PPWP-X1.jpg,https://pemilu2019.kpu.go.id/img/c/900/001/900001148/2-533-2-C1-PPWP-X2.jpg
1269516521900001124,ACEH,ACEH TENGGARA,SEMADAM,LAWE KINGA TEBING TINGGI,TPS 1,2019-10-24 05:00:04,91,90,189,181,181,181,0,https://pemilu2019.kpu.go.id/img/c/900/001/900001124/1-521-1-C1-PPWP-X1.jpg,https://pemilu2019.kpu.go.id/img/c/900/001/900001124/1-521-1-C1-PPWP-X2.jpg
1269516534900001149,ACEH,ACEH TENGGARA,SEMADAM,LAWE MEJILAI,TPS 1,2019-10-24 05:00:04,46,154,258,201,201,200,1,https://pemilu2019.kpu.go.id/img/c/900/001/900001149/2-534-1-C1-PPWP-X1.jpg,https://pemilu2019.kpu.go.id/img/c/900/001/900001149/2-534-1-C1-PPWP-X2.jpg
1269516534900001150,ACEH,ACEH TENGGARA,SEMADAM,LAWE MEJILAI,TPS 2,2019-10-24 05:00:04,101,121,261,223,223,222,1,https://pemilu2019.kpu.go.id/img/c/900/001/900001150/2-534-2-C1-PPWP-X1.jpg,https://pemilu2019.kpu.go.id/img/c/900/001/900001150/2-534-2-C1-PPWP-X2.jpg
1269516528900001138,ACEH,ACEH TENGGARA,SEMADAM,LAWE PETANDUK,TPS 1,2019-10-24 05:00:04,161,5,204,166,166,166,0,https://pemilu2019.kpu.go.id/img/c/900/001/900001138/2-528-1-C1-PPWP-X1.jpg,https://pemilu2019.kpu.go.id/img/c/900/001/900001138/2-528-1-C1-PPWP-X2.jpg
1269516528900001139,ACEH,ACEH TENGGARA,SEMADAM,LAWE PETANDUK,TPS 2,2019-10-24 05:00:04,149,4,198,156,156,153,3,https://pemilu2019.kpu.go.id/img/c/900/001/900001139/2-528-2-C1-PPWP-X1.jpg,https://pemilu2019.kpu.go.id/img/c/900/001/900001139/2-528-2-C1-PPWP-X2.jpg
1269516535900001151,ACEH,ACEH TENGGARA,SEMADAM,LAWE PETANDUK-I,TPS 1,2019-10-24 05:00:04,115,5,156,120,120,120,0,https://pemilu2019.kpu.go.id/img/c/900/001/900001151/3-535-1-C1-PPWP-X1.jpg,https://pemilu2019.kpu.go.id/img/c/900/001/900001151/3-535-1-C1-PPWP-X2.jpg
1269516535900001152,ACEH,ACEH TENGGARA,SEMADAM,LAWE PETANDUK-I,TPS 2,2019-10-24 05:00:04,113,3,151,116,116,116,0,https://pemilu2019.kpu.go.id/img/c/900/001/900001152/1-535-2-C1-PPWP-X1.jpg,https://pemilu2019.kpu.go.id/img/c/900/001/900001152/1-535-2-C1-PPWP-X2.jpg
1269516529900001140,ACEH,ACEH TENGGARA,SEMADAM,NGKERAN ALUR BULUH,TPS 1,2019-10-24 05:00:04,15,149,181,166,166,164,2,https://pemilu2019.kpu.go.id/img/c/900/001/900001140/1-529-1-C1-PPWP-X1.jpg,https://pemilu2019.kpu.go.id/img/c/900/001/900001140/1-529-1-C1-PPWP-X2.jpg
1269516529900001141,ACEH,ACEH TENGGARA,SEMADAM,NGKERAN ALUR BULUH,TPS 2,2019-10-24 05:00:04,8,140,176,148,148,148,0,https://pemilu2019.kpu.go.id/img/c/900/001/900001141/2-529-2-C1-PPWP-X1.jpg,https://pemilu2019.kpu.go.id/img/c/900/001/900001141/2-529-2-C1-PPWP-X2.jpg
1269516526900001133,ACEH,ACEH TENGGARA,SEMADAM,PASAR PUNTUNG,TPS 1,2019-10-24 05:00:04,30,175,258,208,208,205,3,https://pemilu2019.kpu.go.id/img/c/900/001/900001133/2-526-1-C1-PPWP-X1.jpg,https://pemilu2019.kpu.go.id/img/c/900/001/900001133/2-526-1-C1-PPWP-X2.jpg
1269516526900001134,ACEH,ACEH TENGGARA,SEMADAM,PASAR PUNTUNG,TPS 2,2019-10-24 05:00:04,23,159,251,190,190,182,8,https://pemilu2019.kpu.go.id/img/c/900/001/900001134/1-526-2-C1-PPWP-X1.jpg,https://pemilu2019.kpu.go.id/img/c/900/001/900001134/1-526-2-C1-PPWP-X2.jpg
1269516532900001146,ACEH,ACEH TENGGARA,SEMADAM,SELAMAT INDAH,TPS 1,2019-10-24 05:00:04,16,220,242,241,241,236,5,https://pemilu2019.kpu.go.id/img/c/900/001/900001146/1-532-1-C1-PPWP-X1.jpg,https://pemilu2019.kpu.go.id/img/c/900/001/900001146/1-532-1-C1-PPWP-X2.jpg
1269516519900001120,ACEH,ACEH TENGGARA,SEMADAM,SEMADAM ASAL,TPS 1,2019-10-24 05:00:04,19,206,286,231,231,225,6,https://pemilu2019.kpu.go.id/img/c/900/001/900001120/3-519-1-C1-PPWP-X1.jpg,https://pemilu2019.kpu.go.id/img/c/900/001/900001120/3-519-1-C1-PPWP-X2.jpg
1269516519900001121,ACEH,ACEH TENGGARA,SEMADAM,SEMADAM ASAL,TPS 2,2019-10-24 05:00:04,8,221,288,229,229,229,0,https://pemilu2019.kpu.go.id/img/c/900/001/900001121/1-519-2-C1-PPWP-X1.jpg,https://pemilu2019.kpu.go.id/img/c/900/001/900001121/1-519-2-C1-PPWP-X2.jpg
1269516518900001116,ACEH,ACEH TENGGARA,SEMADAM,SEMADAM AWAL,TPS 1,2019-10-24 05:00:04,14,210,255,225,225,224,1,https://pemilu2019.kpu.go.id/img/c/900/001/900001116/1-518-1-C1-PPWP-X1.jpg,https://pemilu2019.kpu.go.id/img/c/900/001/900001116/1-518-1-C1-PPWP-X2.jpg
1269516518900001117,ACEH,ACEH TENGGARA,SEMADAM,SEMADAM AWAL,TPS 2,2019-10-24 05:00:04,14,160,198,174,174,174,0,https://pemilu2019.kpu.go.id/img/c/900/001/900001117/2-518-2-C1-PPWP-X1.jpg,https://pemilu2019.kpu.go.id/img/c/900/001/900001117/2-518-2-C1-PPWP-X2.jpg
1269516518900001118,ACEH,ACEH TENGGARA,SEMADAM,SEMADAM AWAL,TPS 3,2019-10-24 05:00:04,19,135,200,153,135,153,0,https://pemilu2019.kpu.go.id/img/c/900/001/900001118/2-518-3-C1-PPWP-X1.jpg,https://pemilu2019.kpu.go.id/img/c/900/001/900001118/2-518-3-C1-PPWP-X2.jpg
1269516518900001119,ACEH,ACEH TENGGARA,SEMADAM,SEMADAM AWAL,TPS 4,2019-10-24 05:00:04,9,165,220,174,174,174,0,https://pemilu2019.kpu.go.id/img/c/900/001/900001119/2-518-4-C1-PPWP-X1.jpg,https://pemilu2019.kpu.go.id/img/c/900/001/900001119/2-518-4-C1-PPWP-X2.jpg
1269516531900001144,ACEH,ACEH TENGGARA,SEMADAM,SEPAKAT SEGENAP,TPS 1,2019-10-24 05:00:04,10,168,194,179,179,178,1,https://pemilu2019.kpu.go.id/img/c/900/001/900001144/1-531-1-C1-PPWP-X1.jpg,https://pemilu2019.kpu.go.id/img/c/900/001/900001144/1-531-1-C1-PPWP-X2.jpg
1269516531900001145,ACEH,ACEH TENGGARA,SEMADAM,SEPAKAT SEGENAP,TPS 2,2019-10-24 05:00:04,13,150,179,164,164,163,1,https://pemilu2019.kpu.go.id/img/c/900/001/900001145/1-531-2-C1-PPWP-X1.jpg,https://pemilu2019.kpu.go.id/img/c/900/001/900001145/1-531-2-C1-PPWP-X2.jpg
1269516517900001112,ACEH,ACEH TENGGARA,SEMADAM,SIMPANG SEMADAM,TPS 1,2019-10-24 05:00:04,56,128,213,186,186,184,2,https://pemilu2019.kpu.go.id/img/c/900/001/900001112/2-517-1-C1-PPWP-X1.jpg,https://pemilu2019.kpu.go.id/img/c/900/001/900001112/2-517-1-C1-PPWP-X2.jpg
1269516517900001113,ACEH,ACEH TENGGARA,SEMADAM,SIMPANG SEMADAM,TPS 2,2019-10-24 05:00:04,60,86,207,149,149,146,3,https://pemilu2019.kpu.go.id/img/c/900/001/900001113/2-517-2-C1-PPWP-X1.jpg,https://pemilu2019.kpu.go.id/img/c/900/001/900001113/2-517-2-C1-PPWP-X2.jpg
1269516517900001114,ACEH,ACEH TENGGARA,SEMADAM,SIMPANG SEMADAM,TPS 3,2019-10-24 05:00:04,68,113,231,183,183,181,2,https://pemilu2019.kpu.go.id/img/c/900/001/900001114/2-517-3-C1-PPWP-X1.jpg,https://pemilu2019.kpu.go.id/img/c/900/001/900001114/2-517-3-C1-PPWP-X2.jpg
1269516517900001115,ACEH,ACEH TENGGARA,SEMADAM,SIMPANG SEMADAM,TPS 4,2019-10-24 05:00:04,72,48,196,122,122,120,2,https://pemilu2019.kpu.go.id/img/c/900/001/900001115/2-517-4-C1-PPWP-X1.jpg,https://pemilu2019.kpu.go.id/img/c/900/001/900001115/2-517-4-C1-PPWP-X2.jpg
1269516525900001130,ACEH,ACEH TENGGARA,SEMADAM,SUKA MAKMUR,TPS 1,2019-10-24 05:00:04,30,168,246,200,200,198,2,https://pemilu2019.kpu.go.id/img/c/900/001/900001130/2-525-1-C1-PPWP-X1.jpg,https://pemilu2019.kpu.go.id/img/c/900/001/900001130/2-525-1-C1-PPWP-X2.jpg
1269516525900001131,ACEH,ACEH TENGGARA,SEMADAM,SUKA MAKMUR,TPS 2,2019-10-24 05:00:04,20,177,248,203,203,197,6,https://pemilu2019.kpu.go.id/img/c/900/001/900001131/2-525-2-C1-PPWP-X1.jpg,https://pemilu2019.kpu.go.id/img/c/900/001/900001131/2-525-2-C1-PPWP-X2.jpg
1269516525900001132,ACEH,ACEH TENGGARA,SEMADAM,SUKA MAKMUR,TPS 3,2019-10-24 05:00:04,36,174,247,210,210,210,0,https://pemilu2019.kpu.go.id/img/c/900/001/900001132/2-525-3-C1-PPWP-X1.jpg,https://pemilu2019.kpu.go.id/img/c/900/001/900001132/2-525-3-C1-PPWP-X2.jpg
1269516527900001135,ACEH,ACEH TENGGARA,SEMADAM,TITI PASIR,TPS 1,2019-10-24 05:00:04,29,157,208,191,191,186,5,https://pemilu2019.kpu.go.id/img/c/900/001/900001135/1-527-1-C1-PPWP-X1.jpg,https://pemilu2019.kpu.go.id/img/c/900/001/900001135/1-527-1-C1-PPWP-X2.jpg
1269516527900001136,ACEH,ACEH TENGGARA,SEMADAM,TITI PASIR,TPS 2,2019-10-24 05:00:04,29,161,207,190,190,190,0,https://pemilu2019.kpu.go.id/img/c/900/001/900001136/3-527-2-C1-PPWP-X1.jpg,https://pemilu2019.kpu.go.id/img/c/900/001/900001136/3-527-2-C1-PPWP-X2.jpg
1269516527900001137,ACEH,ACEH TENGGARA,SEMADAM,TITI PASIR,TPS 3,2019-10-24 05:00:04,24,160,208,184,184,184,0,https://pemilu2019.kpu.go.id/img/c/900/001/900001137/1-527-3-C1-PPWP-X1.jpg,https://pemilu2019.kpu.go.id/img/c/900/001/900001137/1-527-3-C1-PPWP-X2.jpg
1269632645900001285,ACEH,ACEH TENGGARA,TANOH ALAS,ALUKH NANGKE,TPS 1,2019-10-24 05:00:04,15,82,220,199,199,197,2,https://pemilu2019.kpu.go.id/img/c/900/001/900001285/645-1-C1-PPWP-X1.jpg,https://pemilu2019.kpu.go.id/img/c/900/001/900001285/645-1-C1-PPWP-X2.jpg
1269632635900001274,ACEH,ACEH TENGGARA,TANOH ALAS,ALUR LANGSAT,TPS 1,2019-10-24 05:00:04,13,176,209,191,191,189,2,https://pemilu2019.kpu.go.id/img/c/900/001/900001274/635-1-C1-PPWP-X1.jpg,https://pemilu2019.kpu.go.id/img/c/900/001/900001274/635-1-C1-PPWP-X2.jpg
1269632641900001281,ACEH,ACEH TENGGARA,TANOH ALAS,JAMBUKH PEKHMATE,TPS 1,2019-10-24 05:00:04,61,108,179,175,175,169,6,https://pemilu2019.kpu.go.id/img/c/900/001/900001281/641-1-C1-PPWP-X1.jpg,https://pemilu2019.kpu.go.id/img/c/900/001/900001281/641-1-C1-PPWP-X2.jpg
1269632634900001273,ACEH,ACEH TENGGARA,TANOH ALAS,JAMBUR DAMAR,TPS 1,2019-10-24 05:00:04,107,83,217,190,190,190,0,https://pemilu2019.kpu.go.id/img/c/900/001/900001273/634-1-C1-PPWP-X1.jpg,https://pemilu2019.kpu.go.id/img/c/900/001/900001273/634-1-C1-PPWP-X2.jpg
1269632642900001282,ACEH,ACEH TENGGARA,TANOH ALAS,KHUTUNG MBELANG,TPS 1,2019-10-24 05:00:04,2,155,157,157,157,157,0,https://pemilu2019.kpu.go.id/img/c/900/001/900001282/642-1-C1-PPWP-X1.jpg,https://pemilu2019.kpu.go.id/img/c/900/001/900001282/642-1-C1-PPWP-X2.jpg
1269632646900001286,ACEH,ACEH TENGGARA,TANOH ALAS,KUTE MEJILE,TPS 1,2019-10-24 05:00:04,21,100,133,122,121,121,0,https://pemilu2019.kpu.go.id/img/c/900/001/900001286/646-1-C1-PPWP-X1.jpg,https://pemilu2019.kpu.go.id/img/c/900/001/900001286/646-1-C1-PPWP-X2.jpg
1269632639900001278,ACEH,ACEH TENGGARA,TANOH ALAS,LAWE TUNGKAL,TPS 1,2019-10-24 05:00:04,33,97,164,135,130,135,5,https://pemilu2019.kpu.go.id/img/c/900/001/900001278/6-639-1-C1-PPWP-X1.jpg,https://pemilu2019.kpu.go.id/img/c/900/001/900001278/6-639-1-C1-PPWP-X2.jpg
1269632639900001279,ACEH,ACEH TENGGARA,TANOH ALAS,LAWE TUNGKAL,TPS 2,2019-10-24 05:00:04,34,94,129,129,139,128,11,https://pemilu2019.kpu.go.id/img/c/900/001/900001279/639-2-C1-PPWP-X1.jpg,https://pemilu2019.kpu.go.id/img/c/900/001/900001279/639-2-C1-PPWP-X2.jpg
1269632636900001275,ACEH,ACEH TENGGARA,TANOH ALAS,RAMBAH SAYANG,TPS 1,2019-10-24 05:00:04,10,175,227,189,189,185,4,https://pemilu2019.kpu.go.id/img/c/900/001/900001275/636-1-C1-PPWP-X1.jpg,https://pemilu2019.kpu.go.id/img/c/900/001/900001275/636-1-C1-PPWP-X2.jpg
1269632637900001276,ACEH,ACEH TENGGARA,TANOH ALAS,RUMAH LUAR,TPS 1,2019-10-24 05:00:04,11,218,248,231,231,229,2,https://pemilu2019.kpu.go.id/img/c/900/001/900001276/637-1-C1-PPWP-X1.jpg,https://pemilu2019.kpu.go.id/img/c/900/001/900001276/637-1-C1-PPWP-X2.jpg
1269632633900001272,ACEH,ACEH TENGGARA,TANOH ALAS,SALIM PINIM,TPS 1,2019-10-24 05:00:04,16,199,236,216,216,215,1,https://pemilu2019.kpu.go.id/img/c/900/001/900001272/633-1-C1-PPWP-X1.jpg,https://pemilu2019.kpu.go.id/img/c/900/001/900001272/633-1-C1-PPWP-X2.jpg
1269632640900001280,ACEH,ACEH TENGGARA,TANOH ALAS,SALIM PINIM II,TPS 1,2019-10-24 05:00:04,33,84,144,119,119,117,2,https://pemilu2019.kpu.go.id/img/c/900/001/900001280/640-1-C1-PPWP-X1.jpg,https://pemilu2019.kpu.go.id/img/c/900/001/900001280/640-1-C1-PPWP-X2.jpg
1269632644900001284,ACEH,ACEH TENGGARA,TANOH ALAS,STAMBUL JAYA,TPS 1,2019-10-24 05:00:04,32,226,262,262,261,258,3,https://pemilu2019.kpu.go.id/img/c/900/001/900001284/644-1-C1-PPWP-X1.jpg,https://pemilu2019.kpu.go.id/img/c/900/001/900001284/644-1-C1-PPWP-X2.jpg
1269632638900001277,ACEH,ACEH TENGGARA,TANOH ALAS,TENEMBAK ALAS,TPS 1,2019-10-24 05:00:04,19,203,147,222,222,222,0,https://pemilu2019.kpu.go.id/img/c/900/001/900001277/638-1-C1-PPWP-X1.jpg,https://pemilu2019.kpu.go.id/img/c/900/001/900001277/638-1-C1-PPWP-X2.jpg
1269632643900001283,ACEH,ACEH TENGGARA,TANOH ALAS,TIMANG KHASE,TPS 1,2019-10-24 05:00:04,27,187,240,218,218,214,4,https://pemilu2019.kpu.go.id/img/c/900/001/900001283/643-1-C1-PPWP-X1.jpg,https://pemilu2019.kpu.go.id/img/c/900/001/900001283/643-1-C1-PPWP-X2.jpg
167110631073900002290,ACEH,ACEH TIMUR,BANDA ALAM,BLANG RAMBONG,TPS 1,2019-10-24 05:00:04,12,202,283,217,217,214,3,https://pemilu2019.kpu.go.id/img/c/900/002/900002290/1073-1-C-XXX-X5.jpg,https://pemilu2019.kpu.go.id/img/c/900/002/900002290/1073-1-C-XXX-X6.jpg
167110631073900002291,ACEH,ACEH TIMUR,BANDA ALAM,BLANG RAMBONG,TPS 2,2019-10-24 05:00:04,6,94,125,106,106,100,6,https://pemilu2019.kpu.go.id/img/c/900/002/900002291/1073-2-C-XXX-X35.jpg,https://pemilu2019.kpu.go.id/img/c/900/002/900002291/1073-2-C-XXX-X36.jpg
167110631074900002292,ACEH,ACEH TIMUR,BANDA ALAM,BUKET DRIEN,TPS 1,2019-10-24 05:00:04,13,133,171,153,0,0,0,https://pemilu2019.kpu.go.id/img/c/900/002/900002292/2-1074-1-C1-PPWP-X1.jpg,https://pemilu2019.kpu.go.id/img/c/900/002/900002292/2-1074-1-C1-PPWP-X2.jpg
167110631064900002276,ACEH,ACEH TIMUR,BANDA ALAM,JALAN DUA,TPS 1,2019-10-24 05:00:04,13,97,155,114,114,110,4,https://pemilu2019.kpu.go.id/img/c/900/002/900002276/5-1064-1-C-XXX-X5.jpg,https://pemilu2019.kpu.go.id/img/c/900/002/900002276/5-1064-1-C-XXX-X6.jpg
167110631064900002277,ACEH,ACEH TIMUR,BANDA ALAM,JALAN DUA,TPS 2,2019-10-24 05:00:04,23,87,163,126,126,110,16,https://pemilu2019.kpu.go.id/img/c/900/002/900002277/1-1064-2-C-XXX-X5.jpg,https://pemilu2019.kpu.go.id/img/c/900/002/900002277/1-1064-2-C-XXX-X6.jpg
167110631065900002278,ACEH,ACEH TIMUR,BANDA ALAM,JAMBO REUHAT,TPS 1,2019-10-24 05:00:04,19,146,205,171,171,165,6,https://pemilu2019.kpu.go.id/img/c/900/002/900002278/2-1065-1-C1-PPWP-X1.jpg,https://pemilu2019.kpu.go.id/img/c/900/002/900002278/2-1065-1-C1-PPWP-X2.jpg
167110631065900002279,ACEH,ACEH TIMUR,BANDA ALAM,JAMBO REUHAT,TPS 2,2019-10-24 05:00:04,17,122,155,143,143,139,4,https://pemilu2019.kpu.go.id/img/c/900/002/900002279/4-1065-2-C-XXX-X5.jpg,https://pemilu2019.kpu.go.id/img/c/900/002/900002279/4-1065-2-C-XXX-X6.jpg
167110631075900002293,ACEH,ACEH TIMUR,BANDA ALAM,PANTON RAYEUK A,TPS 1,2019-10-24 05:00:04,22,211,266,240,240,233,7,https://pemilu2019.kpu.go.id/img/c/900/002/900002293/1-1075-1-C-XXX-X5.jpg,https://pemilu2019.kpu.go.id/img/c/900/002/900002293/1-1075-1-C-XXX-X6.jpg
167110631076900002294,ACEH,ACEH TIMUR,BANDA ALAM,PANTON RAYEUK B,TPS 1,2019-10-24 05:00:04,6,100,139,114,114,106,8,https://pemilu2019.kpu.go.id/img/c/900/002/900002294/1-1076-1-C1-PPWP-X1.jpg,https://pemilu2019.kpu.go.id/img/c/900/002/900002294/1-1076-1-C1-PPWP-X2.jpg
167110631077900002295,ACEH,ACEH TIMUR,BANDA ALAM,PANTON RAYEUK M,TPS 1,2019-10-24 05:00:04,15,210,283,230,230,225,5,https://pemilu2019.kpu.go.id/img/c/900/002/900002295/1-1077-1-C1-PPWP-X1.jpg,https://pemilu2019.kpu.go.id/img/c/900/002/900002295/1-1077-1-C1-PPWP-X2.jpg
167110631077900002296,ACEH,ACEH TIMUR,BANDA ALAM,PANTON RAYEUK M,TPS 2,2019-10-24 05:00:04,6,189,287,210,210,195,15,https://pemilu2019.kpu.go.id/img/c/900/002/900002296/1-1077-2-C1-PPWP-X1.jpg,https://pemilu2019.kpu.go.id/img/c/900/002/900002296/1-1077-2-C1-PPWP-X2.jpg
167110631077900002297,ACEH,ACEH TIMUR,BANDA ALAM,PANTON RAYEUK M,TPS 3,2019-10-24 05:00:04,9,198,285,220,220,207,13,https://pemilu2019.kpu.go.id/img/c/900/002/900002297/1-1077-3-C1-PPWP-X1.jpg,https://pemilu2019.kpu.go.id/img/c/900/002/900002297/1-1077-3-C1-PPWP-X2.jpg
167110631077900002298,ACEH,ACEH TIMUR,BANDA ALAM,PANTON RAYEUK M,TPS 4,2019-10-24 05:00:04,5,140,204,145,145,145,0,https://pemilu2019.kpu.go.id/img/c/900/002/900002298/2-1077-4-C1-PPWP-X1.jpg,https://pemilu2019.kpu.go.id/img/c/900/002/900002298/2-1077-4-C1-PPWP-X2.jpg
167110631078900002299,ACEH,ACEH TIMUR,BANDA ALAM,PANTON RAYEUK T,TPS 1,2019-10-24 05:00:04,22,125,194,153,153,147,6,https://pemilu2019.kpu.go.id/img/c/900/002/900002299/1078-1-C1-PPWP-X1.jpg,https://pemilu2019.kpu.go.id/img/c/900/002/900002299/1078-1-C1-PPWP-X2.jpg
167110631078900002300,ACEH,ACEH TIMUR,BANDA ALAM,PANTON RAYEUK T,TPS 2,2019-10-24 05:00:04,11,93,151,107,107,104,3,https://pemilu2019.kpu.go.id/img/c/900/002/900002300/1078-2-C1-PPWP-X1.jpg,https://pemilu2019.kpu.go.id/img/c/900/002/900002300/1078-2-C1-PPWP-X2.jpg
167110631079900002301,ACEH,ACEH TIMUR,BANDA ALAM,PAYA LAMAN,TPS 1,2019-10-24 05:00:04,17,177,260,206,206,194,12,https://pemilu2019.kpu.go.id/img/c/900/002/900002301/1-1079-1-C1-PPWP-X1.jpg,https://pemilu2019.kpu.go.id/img/c/900/002/900002301/1-1079-1-C1-PPWP-X2.jpg
167110631072900002289,ACEH,ACEH TIMUR,BANDA ALAM,SEUNEUBOK BAYU,TPS 1,2019-10-24 05:00:04,41,131,230,183,183,172,11,https://pemilu2019.kpu.go.id/img/c/900/002/900002289/1072-1-C1-PPWP-X1.jpg,https://pemilu2019.kpu.go.id/img/c/900/002/900002289/1072-1-C1-PPWP-X2.jpg
167110631066900002280,ACEH,ACEH TIMUR,BANDA ALAM,SEUNEUBOK BENTENG,TPS 1,2019-10-24 05:00:04,21,154,245,180,180,175,5,https://pemilu2019.kpu.go.id/img/c/900/002/900002280/1066-1-C1-PPWP-X1.jpg,https://pemilu2019.kpu.go.id/img/c/900/002/900002280/1066-1-C1-PPWP-X2.jpg
167110631066900002281,ACEH,ACEH TIMUR,BANDA ALAM,SEUNEUBOK BENTENG,TPS 2,2019-10-24 05:00:04,13,133,220,154,154,146,8,https://pemilu2019.kpu.go.id/img/c/900/002/900002281/1066-2-C1-PPWP-X1.jpg,https://pemilu2019.kpu.go.id/img/c/900/002/900002281/1066-2-C1-PPWP-X2.jpg
167110631066900002282,ACEH,ACEH TIMUR,BANDA ALAM,SEUNEUBOK BENTENG,TPS 3,2019-10-24 05:00:04,13,86,150,104,104,99,5,https://pemilu2019.kpu.go.id/img/c/900/002/900002282/1066-3-C-XXX-X5.jpg,https://pemilu2019.kpu.go.id/img/c/900/002/900002282/1066-3-C-XXX-X6.jpg
167110631069900002285,ACEH,ACEH TIMUR,BANDA ALAM,SEUNEUBOK KANDANG,TPS 1,2019-10-24 05:00:04,16,143,191,163,163,158,4,https://pemilu2019.kpu.go.id/img/c/900/002/900002285/1069-1-C1-PPWP-X1.jpg,https://pemilu2019.kpu.go.id/img/c/900/002/900002285/1069-1-C1-PPWP-X2.jpg
167110631067900002283,ACEH,ACEH TIMUR,BANDA ALAM,SEUNEUBOK PANGOU,TPS 1,2019-10-24 05:00:04,12,200,296,223,222,212,10,https://pemilu2019.kpu.go.id/img/c/900/002/900002283/1067-1-C-XXX-X5.jpg,https://pemilu2019.kpu.go.id/img/c/900/002/900002283/1067-1-C-XXX-X6.jpg
167110631068900002284,ACEH,ACEH TIMUR,BANDA ALAM,SEUNEUBOK SIMPANG,TPS 1,2019-10-24 05:00:04,13,63,115,90,90,76,14,https://pemilu2019.kpu.go.id/img/c/900/002/900002284/1-1068-1-C1-PPWP-X1.jpg,https://pemilu2019.kpu.go.id/img/c/900/002/900002284/1-1068-1-C1-PPWP-X2.jpg
167110631070900002286,ACEH,ACEH TIMUR,BANDA ALAM,ULEE JALAN,TPS 1,2019-10-24 05:00:04,7,96,128,106,106,103,3,https://pemilu2019.kpu.go.id/img/c/900/002/900002286/1070-1-C-XXX-X5.jpg,https://pemilu2019.kpu.go.id/img/c/900/002/900002286/1070-1-C-XXX-X6.jpg
167110631071900002287,ACEH,ACEH TIMUR,BANDA ALAM,URAM JALAN,TPS 1,2019-10-24 05:00:04,10,221,279,246,246,231,15,https://pemilu2019.kpu.go.id/img/c/900/002/900002287/1-1071-1-C1-PPWP-X1.jpg,https://pemilu2019.kpu.go.id/img/c/900/002/900002287/1-1071-1-C1-PPWP-X2.jpg
167110631071900002288,ACEH,ACEH TIMUR,BANDA ALAM,URAM JALAN,TPS 2,2019-10-24 05:00:04,15,135,186,155,155,150,5,https://pemilu2019.kpu.go.id/img/c/900/002/900002288/2-1071-2-C1-PPWP-X1.jpg,https://pemilu2019.kpu.go.id/img/c/900/002/900002288/2-1071-2-C1-PPWP-X2.jpg
1671792798900001594,ACEH,ACEH TIMUR,BIREM BAYEUN,AFDELING II BUKIT,TPS 1,2019-10-24 05:00:04,13,114,148,127,127,127,0,https://pemilu2019.kpu.go.id/img/c/900/001/900001594/2-798-1-C1-PPWP-X1.jpg,https://pemilu2019.kpu.go.id/img/c/900/001/900001594/2-798-1-C1-PPWP-X2.jpg
1671792798900001595,ACEH,ACEH TIMUR,BIREM BAYEUN,AFDELING II BUKIT,TPS 2,2019-10-24 05:00:04,4,118,149,123,123,122,1,https://pemilu2019.kpu.go.id/img/c/900/001/900001595/1-798-2-C1-PPWP-X1.jpg,https://pemilu2019.kpu.go.id/img/c/900/001/900001595/1-798-2-C1-PPWP-X2.jpg
1671792801900001599,ACEH,ACEH TIMUR,BIREM BAYEUN,ALUE BULOH,TPS 1,2019-10-24 05:00:04,15,190,241,206,206,205,1,https://pemilu2019.kpu.go.id/img/c/900/001/900001599/1-801-1-C1-PPWP-X1.jpg,https://pemilu2019.kpu.go.id/img/c/900/001/900001599/1-801-1-C1-PPWP-X2.jpg
1671792801900001600,ACEH,ACEH TIMUR,BIREM BAYEUN,ALUE BULOH,TPS 2,2019-10-24 05:00:04,15,114,151,131,131,129,2,https://pemilu2019.kpu.go.id/img/c/900/001/900001600/2-801-2-C1-PPWP-X1.jpg,https://pemilu2019.kpu.go.id/img/c/900/001/900001600/2-801-2-C1-PPWP-X2.jpg
1671792794900001583,ACEH,ACEH TIMUR,BIREM BAYEUN,ALUE CANANG,TPS 1,2019-10-24 05:00:04,17,170,287,191,191,187,4,https://pemilu2019.kpu.go.id/img/c/900/001/900001583/1-794-1-C1-PPWP-X1.jpg,https://pemilu2019.kpu.go.id/img/c/900/001/900001583/1-794-1-C1-PPWP-X2.jpg
1671792794900001584,ACEH,ACEH TIMUR,BIREM BAYEUN,ALUE CANANG,TPS 2,2019-10-24 05:00:04,18,163,274,185,185,181,4,https://pemilu2019.kpu.go.id/img/c/900/001/900001584/1-794-2-C1-PPWP-X1.jpg,https://pemilu2019.kpu.go.id/img/c/900/001/900001584/1-794-2-C1-PPWP-X2.jpg
1671792794900001585,ACEH,ACEH TIMUR,BIREM BAYEUN,ALUE CANANG,TPS 3,2019-10-24 05:00:04,17,197,298,217,217,214,3,https://pemilu2019.kpu.go.id/img/c/900/001/900001585/1-794-3-C1-PPWP-X1.jpg,https://pemilu2019.kpu.go.id/img/c/900/001/900001585/1-794-3-C1-PPWP-X2.jpg
1671792794900001586,ACEH,ACEH TIMUR,BIREM BAYEUN,ALUE CANANG,TPS 4,2019-10-24 05:00:04,3,92,173,98,98,98,3,https://pemilu2019.kpu.go.id/img/c/900/001/900001586/1-794-4-C1-PPWP-X1.jpg,https://pemilu2019.kpu.go.id/img/c/900/001/900001586/1-794-4-C1-PPWP-X2.jpg
1671792795900001587,ACEH,ACEH TIMUR,BIREM BAYEUN,ALUE DRIEN,TPS 1,2019-10-24 05:00:04,11,138,216,151,151,149,2,https://pemilu2019.kpu.go.id/img/c/900/001/900001587/1-795-1-C1-PPWP-X1.jpg,https://pemilu2019.kpu.go.id/img/c/900/001/900001587/1-795-1-C1-PPWP-X2.jpg
1671792795900001588,ACEH,ACEH TIMUR,BIREM BAYEUN,ALUE DRIEN,TPS 2,2019-10-24 05:00:04,15,126,193,145,145,141,4,https://pemilu2019.kpu.go.id/img/c/900/001/900001588/1-795-2-C1-PPWP-X1.jpg,https://pemilu2019.kpu.go.id/img/c/900/001/900001588/1-795-2-C1-PPWP-X2.jpg
1671792815900001647,ACEH,ACEH TIMUR,BIREM BAYEUN,ALUE GADENG GP,TPS 1,2019-10-24 05:00:04,35,172,291,215,215,207,8,https://pemilu2019.kpu.go.id/img/c/900/001/900001647/3-815-1-C1-PPWP-X1.jpg,https://pemilu2019.kpu.go.id/img/c/900/001/900001647/3-815-1-C1-PPWP-X2.jpg
1671792815900001648,ACEH,ACEH TIMUR,BIREM BAYEUN,ALUE GADENG GP,TPS 2,2019-10-24 05:00:04,12,186,274,202,202,198,4,https://pemilu2019.kpu.go.id/img/c/900/001/900001648/3-815-2-C1-PPWP-X1.jpg,https://pemilu2019.kpu.go.id/img/c/900/001/900001648/3-815-2-C1-PPWP-X2.jpg
1671792816900001649,ACEH,ACEH TIMUR,BIREM BAYEUN,ALUE GADENG II,TPS 1,2019-10-24 05:00:04,18,199,247,220,220,217,3,https://pemilu2019.kpu.go.id/img/c/900/001/900001649/1-816-1-C1-PPWP-X1.jpg,https://pemilu2019.kpu.go.id/img/c/900/001/900001649/1-816-1-C1-PPWP-X2.jpg
1671792816900001650,ACEH,ACEH TIMUR,BIREM BAYEUN,ALUE GADENG II,TPS 2,2019-10-24 05:00:04,11,131,167,144,144,142,2,https://pemilu2019.kpu.go.id/img/c/900/001/900001650/1-816-2-C1-PPWP-X1.jpg,https://pemilu2019.kpu.go.id/img/c/900/001/900001650/1-816-2-C1-PPWP-X2.jpg
1671792804900001609,ACEH,ACEH TIMUR,BIREM BAYEUN,ALUE GADENG SA,TPS 1,2019-10-24 05:00:04,6,100,168,110,110,106,4,https://pemilu2019.kpu.go.id/img/c/900/001/900001609/1-804-1-C1-PPWP-X1.jpg,https://pemilu2019.kpu.go.id/img/c/900/001/900001609/1-804-1-C1-PPWP-X2.jpg
1671792804900001610,ACEH,ACEH TIMUR,BIREM BAYEUN,ALUE GADENG SA,TPS 2,2019-10-24 05:00:04,26,96,170,125,125,122,3,https://pemilu2019.kpu.go.id/img/c/900/001/900001610/1-804-2-C1-PPWP-X1.jpg,https://pemilu2019.kpu.go.id/img/c/900/001/900001610/1-804-2-C1-PPWP-X2.jpg
1671792819900001660,ACEH,ACEH TIMUR,BIREM BAYEUN,ALUE NYAMUK,TPS 1,2019-10-24 05:00:04,22,151,248,173,173,173,0,https://pemilu2019.kpu.go.id/img/c/900/001/900001660/4-819-1-C1-PPWP-X1.jpg,https://pemilu2019.kpu.go.id/img/c/900/001/900001660/4-819-1-C1-PPWP-X2.jpg
1671792819900001661,ACEH,ACEH TIMUR,BIREM BAYEUN,ALUE NYAMUK,TPS 2,2019-10-24 05:00:04,32,180,266,213,213,212,1,https://pemilu2019.kpu.go.id/img/c/900/001/900001661/1-819-2-C1-PPWP-X1.jpg,https://pemilu2019.kpu.go.id/img/c/900/001/900001661/1-819-2-C1-PPWP-X2.jpg
1671792819900001662,ACEH,ACEH TIMUR,BIREM BAYEUN,ALUE NYAMUK,TPS 3,2019-10-24 05:00:04,14,198,283,216,216,212,4,https://pemilu2019.kpu.go.id/img/c/900/001/900001662/1-819-3-C1-PPWP-X1.jpg,https://pemilu2019.kpu.go.id/img/c/900/001/900001662/1-819-3-C1-PPWP-X2.jpg
1671792817900001651,ACEH,ACEH TIMUR,BIREM BAYEUN,ALUE SENTANG,TPS 1,2019-10-24 05:00:04,0,0,202,164,0,0,0,https://pemilu2019.kpu.go.id/img/c/900/001/900001651/2-817-1-C1-PPWP-X1.jpg,https://pemilu2019.kpu.go.id/img/c/900/001/900001651/2-817-1-C1-PPWP-X2.jpg
1671792817900001652,ACEH,ACEH TIMUR,BIREM BAYEUN,ALUE SENTANG,TPS 2,2019-10-24 05:00:04,18,155,256,173,173,173,0,https://pemilu2019.kpu.go.id/img/c/900/001/900001652/1-817-2-C1-PPWP-X1.jpg,https://pemilu2019.kpu.go.id/img/c/900/001/900001652/1-817-2-C1-PPWP-X2.jpg
1671792817900001653,ACEH,ACEH TIMUR,BIREM BAYEUN,ALUE SENTANG,TPS 3,2019-10-24 05:00:04,13,160,269,174,174,173,1,https://pemilu2019.kpu.go.id/img/c/900/001/900001653/1-817-3-C1-PPWP-X1.jpg,https://pemilu2019.kpu.go.id/img/c/900/001/900001653/1-817-3-C1-PPWP-X2.jpg
1671792817900001654,ACEH,ACEH TIMUR,BIREM BAYEUN,ALUE SENTANG,TPS 4,2019-10-24 05:00:04,10,170,256,186,186,180,6,https://pemilu2019.kpu.go.id/img/c/900/001/900001654/1-817-4-C1-PPWP-X1.jpg,https://pemilu2019.kpu.go.id/img/c/900/001/900001654/1-817-4-C1-PPWP-X2.jpg
1671792817900001655,ACEH,ACEH TIMUR,BIREM BAYEUN,ALUE SENTANG,TPS 5,2019-10-24 05:00:04,9,163,262,178,178,172,6,https://pemilu2019.kpu.go.id/img/c/900/001/900001655/1-817-5-C1-PPWP-X1.jpg,https://pemilu2019.kpu.go.id/img/c/900/001/900001655/1-817-5-C1-PPWP-X2.jpg
1671792817900001656,ACEH,ACEH TIMUR,BIREM BAYEUN,ALUE SENTANG,TPS 6,2019-10-24 05:00:04,12,173,248,187,187,185,2,https://pemilu2019.kpu.go.id/img/c/900/001/900001656/1-817-6-C1-PPWP-X1.jpg,https://pemilu2019.kpu.go.id/img/c/900/001/900001656/1-817-6-C1-PPWP-X2.jpg
1671792817900001657,ACEH,ACEH TIMUR,BIREM BAYEUN,ALUE SENTANG,TPS 7,2019-10-24 05:00:04,6,175,250,182,182,181,1,https://pemilu2019.kpu.go.id/img/c/900/001/900001657/1-817-7-C1-PPWP-X1.jpg,https://pemilu2019.kpu.go.id/img/c/900/001/900001657/1-817-7-C1-PPWP-X2.jpg
1671792817900001658,ACEH,ACEH TIMUR,BIREM BAYEUN,ALUE SENTANG,TPS 8,2019-10-24 05:00:04,5,180,255,187,187,185,2,https://pemilu2019.kpu.go.id/img/c/900/001/900001658/1-817-8-C1-PPWP-X1.jpg,https://pemilu2019.kpu.go.id/img/c/900/001/900001658/1-817-8-C1-PPWP-X2.jpg
1671792802900001601,ACEH,ACEH TIMUR,BIREM BAYEUN,ALUE TEH,TPS 1,2019-10-24 05:00:04,8,207,288,216,216,215,1,https://pemilu2019.kpu.go.id/img/c/900/001/900001601/1-802-1-C1-PPWP-X1.jpg,https://pemilu2019.kpu.go.id/img/c/900/001/900001601/1-802-1-C1-PPWP-X2.jpg
1671792802900001602,ACEH,ACEH TIMUR,BIREM BAYEUN,ALUE TEH,TPS 2,2019-10-24 05:00:04,17,157,245,181,181,174,7,https://pemilu2019.kpu.go.id/img/c/900/001/900001602/1-802-2-C1-PPWP-X1.jpg,https://pemilu2019.kpu.go.id/img/c/900/001/900001602/1-802-2-C1-PPWP-X2.jpg
1671792802900001603,ACEH,ACEH TIMUR,BIREM BAYEUN,ALUE TEH,TPS 3,2019-10-24 05:00:04,12,162,241,179,179,174,5,https://pemilu2019.kpu.go.id/img/c/900/001/900001603/1-802-3-C1-PPWP-X1.jpg,https://pemilu2019.kpu.go.id/img/c/900/001/900001603/1-802-3-C1-PPWP-X2.jpg
1671792802900001604,ACEH,ACEH TIMUR,BIREM BAYEUN,ALUE TEH,TPS 4,2019-10-24 05:00:04,5,183,244,191,191,188,3,https://pemilu2019.kpu.go.id/img/c/900/001/900001604/1-802-4-C1-PPWP-X1.jpg,https://pemilu2019.kpu.go.id/img/c/900/001/900001604/1-802-4-C1-PPWP-X2.jpg
1671792802900001605,ACEH,ACEH TIMUR,BIREM BAYEUN,ALUE TEH,TPS 5,2019-10-24 05:00:04,17,166,241,189,189,183,6,https://pemilu2019.kpu.go.id/img/c/900/001/900001605/1-802-5-C1-PPWP-X1.jpg,https://pemilu2019.kpu.go.id/img/c/900/001/900001605/1-802-5-C1-PPWP-X2.jpg
1671792802900001606,ACEH,ACEH TIMUR,BIREM BAYEUN,ALUE TEH,TPS 6,2019-10-24 05:00:04,12,186,295,205,205,198,7,https://pemilu2019.kpu.go.id/img/c/900/001/900001606/1-802-6-C1-PPWP-X1.jpg,https://pemilu2019.kpu.go.id/img/c/900/001/900001606/1-802-6-C1-PPWP-X2.jpg
1671792802900001607,ACEH,ACEH TIMUR,BIREM BAYEUN,ALUE TEH,TPS 7,2019-10-24 05:00:04,7,180,252,189,189,187,2,https://pemilu2019.kpu.go.id/img/c/900/001/900001607/1-802-7-C1-PPWP-X1.jpg,https://pemilu2019.kpu.go.id/img/c/900/001/900001607/1-802-7-C1-PPWP-X2.jpg
1671792811900001631,ACEH,ACEH TIMUR,BIREM BAYEUN,ARAMIYAH,TPS 1,2019-10-24 05:00:04,31,145,259,179,179,176,3,https://pemilu2019.kpu.go.id/img/c/900/001/900001631/1-811-1-C1-PPWP-X1.jpg,https://pemilu2019.kpu.go.id/img/c/900/001/900001631/1-811-1-C1-PPWP-X2.jpg
1671792811900001632,ACEH,ACEH TIMUR,BIREM BAYEUN,ARAMIYAH,TPS 2,2019-10-24 05:00:04,30,136,276,173,173,168,5,https://pemilu2019.kpu.go.id/img/c/900/001/900001632/1-811-2-C1-PPWP-X1.jpg,https://pemilu2019.kpu.go.id/img/c/900/001/900001632/1-811-2-C1-PPWP-X2.jpg
1671792811900001633,ACEH,ACEH TIMUR,BIREM BAYEUN,ARAMIYAH,TPS 3,2019-10-24 05:00:04,44,156,294,202,202,200,2,https://pemilu2019.kpu.go.id/img/c/900/001/900001633/1-811-3-C1-PPWP-X1.jpg,https://pemilu2019.kpu.go.id/img/c/900/001/900001633/1-811-3-C1-PPWP-X2.jpg
1671792811900001634,ACEH,ACEH TIMUR,BIREM BAYEUN,ARAMIYAH,TPS 4,2019-10-24 05:00:04,46,116,288,168,169,162,7,https://pemilu2019.kpu.go.id/img/c/900/001/900001634/1-811-4-C1-PPWP-X1.jpg,https://pemilu2019.kpu.go.id/img/c/900/001/900001634/1-811-4-C1-PPWP-X2.jpg
1671792811900001635,ACEH,ACEH TIMUR,BIREM BAYEUN,ARAMIYAH,TPS 5,2019-10-24 05:00:04,17,42,102,61,61,59,2,https://pemilu2019.kpu.go.id/img/c/900/001/900001635/1-811-5-C1-PPWP-X1.jpg,https://pemilu2019.kpu.go.id/img/c/900/001/900001635/1-811-5-C1-PPWP-X2.jpg
1671792810900001628,ACEH,ACEH TIMUR,BIREM BAYEUN,BAYEUN,TPS 1,2019-10-24 05:00:04,29,132,231,164,164,161,3,https://pemilu2019.kpu.go.id/img/c/900/001/900001628/1-810-1-C1-PPWP-X1.jpg,https://pemilu2019.kpu.go.id/img/c/900/001/900001628/1-810-1-C1-PPWP-X2.jpg
1671792810900001629,ACEH,ACEH TIMUR,BIREM BAYEUN,BAYEUN,TPS 2,2019-10-24 05:00:04,22,151,274,176,176,173,3,https://pemilu2019.kpu.go.id/img/c/900/001/900001629/1-810-2-C1-PPWP-X1.jpg,https://pemilu2019.kpu.go.id/img/c/900/001/900001629/1-810-2-C1-PPWP-X2.jpg
1671792810900001630,ACEH,ACEH TIMUR,BIREM BAYEUN,BAYEUN,TPS 3,2019-10-24 05:00:04,44,145,293,193,193,189,4,https://pemilu2019.kpu.go.id/img/c/900/001/900001630/1-810-3-C1-PPWP-X1.jpg,https://pemilu2019.kpu.go.id/img/c/900/001/900001630/1-810-3-C1-PPWP-X2.jpg
1671792797900001592,ACEH,ACEH TIMUR,BIREM BAYEUN,BENTENG,TPS 1,2019-10-24 05:00:04,11,155,208,172,166,212,5,https://pemilu2019.kpu.go.id/img/c/900/001/900001592/1-797-1-C1-PPWP-X1.jpg,https://pemilu2019.kpu.go.id/img/c/900/001/900001592/1-797-1-C1-PPWP-X2.jpg
1671792797900001593,ACEH,ACEH TIMUR,BIREM BAYEUN,BENTENG,TPS 2,2019-10-24 05:00:04,11,144,207,157,157,155,2,https://pemilu2019.kpu.go.id/img/c/900/001/900001593/1-797-2-C1-PPWP-X1.jpg,https://pemilu2019.kpu.go.id/img/c/900/001/900001593/1-797-2-C1-PPWP-X2.jpg
1671792814900001640,ACEH,ACEH TIMUR,BIREM BAYEUN,BIREM RAYEUK,TPS 1,2019-10-24 05:00:04,9,152,230,165,165,161,4,https://pemilu2019.kpu.go.id/img/c/900/001/900001640/1-814-1-C1-PPWP-X1.jpg,https://pemilu2019.kpu.go.id/img/c/900/001/900001640/1-814-1-C1-PPWP-X2.jpg
1671792814900001641,ACEH,ACEH TIMUR,BIREM BAYEUN,BIREM RAYEUK,TPS 2,2019-10-24 05:00:04,17,158,279,181,181,175,6,https://pemilu2019.kpu.go.id/img/c/900/001/900001641/1-814-2-C1-PPWP-X1.jpg,https://pemilu2019.kpu.go.id/img/c/900/001/900001641/1-814-2-C1-PPWP-X2.jpg
1671792814900001642,ACEH,ACEH TIMUR,BIREM BAYEUN,BIREM RAYEUK,TPS 3,2019-10-24 05:00:04,20,146,235,0,172,166,6,https://pemilu2019.kpu.go.id/img/c/900/001/900001642/1-814-3-C1-PPWP-X1.jpg,https://pemilu2019.kpu.go.id/img/c/900/001/900001642/1-814-3-C1-PPWP-X2.jpg
1671792814900001643,ACEH,ACEH TIMUR,BIREM BAYEUN,BIREM RAYEUK,TPS 4,2019-10-24 05:00:04,11,148,217,159,159,159,0,https://pemilu2019.kpu.go.id/img/c/900/001/900001643/1-814-4-C1-PPWP-X1.jpg,https://pemilu2019.kpu.go.id/img/c/900/001/900001643/1-814-4-C1-PPWP-X2.jpg
1671792814900001644,ACEH,ACEH TIMUR,BIREM BAYEUN,BIREM RAYEUK,TPS 5,2019-10-24 05:00:04,20,155,253,183,183,175,8,https://pemilu2019.kpu.go.id/img/c/900/001/900001644/1-814-5-C1-PPWP-X1.jpg,https://pemilu2019.kpu.go.id/img/c/900/001/900001644/1-814-5-C1-PPWP-X2.jpg
1671792814900001645,ACEH,ACEH TIMUR,BIREM BAYEUN,BIREM RAYEUK,TPS 6,2019-10-24 05:00:04,12,128,202,145,145,140,5,https://pemilu2019.kpu.go.id/img/c/900/001/900001645/1-814-6-C1-PPWP-X1.jpg,https://pemilu2019.kpu.go.id/img/c/900/001/900001645/1-814-6-C1-PPWP-X2.jpg
1671792814900001646,ACEH,ACEH TIMUR,BIREM BAYEUN,BIREM RAYEUK,TPS 7,2019-10-24 05:00:04,7,155,234,167,162,162,5,https://pemilu2019.kpu.go.id/img/c/900/001/900001646/7-814-7-C1-PPWP-X1.jpg,https://pemilu2019.kpu.go.id/img/c/900/001/900001646/7-814-7-C1-PPWP-X2.jpg
1671792812900001636,ACEH,ACEH TIMUR,BIREM BAYEUN,BLANG TUALANG,TPS 1,2019-10-24 05:00:04,34,102,168,137,137,136,1,https://pemilu2019.kpu.go.id/img/c/900/001/900001636/1-812-1-C1-PPWP-X1.jpg,https://pemilu2019.kpu.go.id/img/c/900/001/900001636/1-812-1-C1-PPWP-X2.jpg
1671792812900001637,ACEH,ACEH TIMUR,BIREM BAYEUN,BLANG TUALANG,TPS 2,2019-10-24 05:00:04,21,93,157,117,117,114,3,https://pemilu2019.kpu.go.id/img/c/900/001/900001637/2-812-2-C1-PPWP-X1.jpg,https://pemilu2019.kpu.go.id/img/c/900/001/900001637/2-812-2-C1-PPWP-X2.jpg
1671792813900001638,ACEH,ACEH TIMUR,BIREM BAYEUN,BUKET SEULEUMAK,TPS 1,2019-10-24 05:00:04,30,210,293,242,242,240,2,https://pemilu2019.kpu.go.id/img/c/900/001/900001638/4-813-1-C1-PPWP-X1.jpg,https://pemilu2019.kpu.go.id/img/c/900/001/900001638/4-813-1-C1-PPWP-X2.jpg
1671792813900001639,ACEH,ACEH TIMUR,BIREM BAYEUN,BUKET SEULEUMAK,TPS 2,2019-10-24 05:00:04,31,170,274,202,202,201,1,https://pemilu2019.kpu.go.id/img/c/900/001/900001639/2-813-2-C1-PPWP-X1.jpg,https://pemilu2019.kpu.go.id/img/c/900/001/900001639/2-813-2-C1-PPWP-X2.jpg
1671792796900001589,ACEH,ACEH TIMUR,BIREM BAYEUN,BUKET TIGA,TPS 1,2019-10-24 05:00:04,3,168,214,176,176,171,5,https://pemilu2019.kpu.go.id/img/c/900/001/900001589/3-796-1-C1-PPWP-X1.jpg,https://pemilu2019.kpu.go.id/img/c/900/001/900001589/3-796-1-C1-PPWP-X2.jpg
1671792796900001590,ACEH,ACEH TIMUR,BIREM BAYEUN,BUKET TIGA,TPS 2,2019-10-24 05:00:04,8,190,253,201,201,198,3,https://pemilu2019.kpu.go.id/img/c/900/001/900001590/1-796-2-C1-PPWP-X1.jpg,https://pemilu2019.kpu.go.id/img/c/900/001/900001590/1-796-2-C1-PPWP-X2.jpg
1671792796900001591,ACEH,ACEH TIMUR,BIREM BAYEUN,BUKET TIGA,TPS 3,2019-10-24 05:00:04,9,201,278,211,211,210,1,https://pemilu2019.kpu.go.id/img/c/900/001/900001591/2-796-3-C1-PPWP-X1.jpg,https://pemilu2019.kpu.go.id/img/c/900/001/900001591/2-796-3-C1-PPWP-X2.jpg
1671792793900001577,ACEH,ACEH TIMUR,BIREM BAYEUN,JAMBO LABU,TPS 1,2019-10-24 05:00:04,8,144,225,161,161,152,9,https://pemilu2019.kpu.go.id/img/c/900/001/900001577/1-793-1-C1-PPWP-X1.jpg,https://pemilu2019.kpu.go.id/img/c/900/001/900001577/1-793-1-C1-PPWP-X2.jpg
1671792793900001578,ACEH,ACEH TIMUR,BIREM BAYEUN,JAMBO LABU,TPS 2,2019-10-24 05:00:04,7,199,269,207,207,206,1,https://pemilu2019.kpu.go.id/img/c/900/001/900001578/1-793-2-C1-PPWP-X1.jpg,https://pemilu2019.kpu.go.id/img/c/900/001/900001578/1-793-2-C1-PPWP-X2.jpg
1671792793900001579,ACEH,ACEH TIMUR,BIREM BAYEUN,JAMBO LABU,TPS 3,2019-10-24 05:00:04,8,212,260,224,224,220,4,https://pemilu2019.kpu.go.id/img/c/900/001/900001579/1-793-3-C1-PPWP-X1.jpg,https://pemilu2019.kpu.go.id/img/c/900/001/900001579/1-793-3-C1-PPWP-X2.jpg
1671792793900001580,ACEH,ACEH TIMUR,BIREM BAYEUN,JAMBO LABU,TPS 4,2019-10-24 05:00:04,10,182,269,202,202,192,10,https://pemilu2019.kpu.go.id/img/c/900/001/900001580/1-793-4-C1-PPWP-X1.jpg,https://pemilu2019.kpu.go.id/img/c/900/001/900001580/1-793-4-C1-PPWP-X2.jpg
1671792793900001581,ACEH,ACEH TIMUR,BIREM BAYEUN,JAMBO LABU,TPS 5,2019-10-24 05:00:04,14,182,274,199,199,196,3,https://pemilu2019.kpu.go.id/img/c/900/001/900001581/1-793-5-C1-PPWP-X1.jpg,https://pemilu2019.kpu.go.id/img/c/900/001/900001581/1-793-5-C1-PPWP-X2.jpg
1671792793900001582,ACEH,ACEH TIMUR,BIREM BAYEUN,JAMBO LABU,TPS 6,2019-10-24 05:00:04,11,197,284,217,217,208,9,https://pemilu2019.kpu.go.id/img/c/900/001/900001582/1-793-6-C1-PPWP-X1.jpg,https://pemilu2019.kpu.go.id/img/c/900/001/900001582/1-793-6-C1-PPWP-X2.jpg
1671792809900001623,ACEH,ACEH TIMUR,BIREM BAYEUN,KEUDE BIREM,TPS 1,2019-10-24 05:00:04,20,126,239,148,149,146,3,https://pemilu2019.kpu.go.id/img/c/900/001/900001623/1-809-1-C1-PPWP-X1.jpg,https://pemilu2019.kpu.go.id/img/c/900/001/900001623/1-809-1-C1-PPWP-X2.jpg
1671792809900001624,ACEH,ACEH TIMUR,BIREM BAYEUN,KEUDE BIREM,TPS 2,2019-10-24 05:00:04,19,142,260,168,168,161,7,https://pemilu2019.kpu.go.id/img/c/900/001/900001624/2-809-2-C1-PPWP-X1.jpg,https://pemilu2019.kpu.go.id/img/c/900/001/900001624/2-809-2-C1-PPWP-X2.jpg
1671792809900001625,ACEH,ACEH TIMUR,BIREM BAYEUN,KEUDE BIREM,TPS 3,2019-10-24 05:00:04,14,143,231,163,163,157,6,https://pemilu2019.kpu.go.id/img/c/900/001/900001625/2-809-3-C1-PPWP-X1.jpg,https://pemilu2019.kpu.go.id/img/c/900/001/900001625/2-809-3-C1-PPWP-X2.jpg
1671792809900001626,ACEH,ACEH TIMUR,BIREM BAYEUN,KEUDE BIREM,TPS 4,2019-10-24 05:00:04,19,161,283,186,186,180,6,https://pemilu2019.kpu.go.id/img/c/900/001/900001626/3-809-4-C1-PPWP-X1.jpg,https://pemilu2019.kpu.go.id/img/c/900/001/900001626/3-809-4-C1-PPWP-X2.jpg
1671792809900001627,ACEH,ACEH TIMUR,BIREM BAYEUN,KEUDE BIREM,TPS 5,2019-10-24 05:00:04,12,137,251,155,155,149,6,https://pemilu2019.kpu.go.id/img/c/900/001/900001627/3-809-5-C1-PPWP-X1.jpg,https://pemilu2019.kpu.go.id/img/c/900/001/900001627/3-809-5-C1-PPWP-X2.jpg
1671792799900001596,ACEH,ACEH TIMUR,BIREM BAYEUN,KEUMUNENG HULU,TPS 1,2019-10-24 05:00:04,6,117,150,125,125,123,2,https://pemilu2019.kpu.go.id/img/c/900/001/900001596/2-799-1-C1-PPWP-X1.jpg,https://pemilu2019.kpu.go.id/img/c/900/001/900001596/2-799-1-C1-PPWP-X2.jpg
1671792799900001597,ACEH,ACEH TIMUR,BIREM BAYEUN,KEUMUNENG HULU,TPS 2,2019-10-24 05:00:04,8,129,162,141,141,137,4,https://pemilu2019.kpu.go.id/img/c/900/001/900001597/2-799-2-C1-PPWP-X1.jpg,https://pemilu2019.kpu.go.id/img/c/900/001/900001597/2-799-2-C1-PPWP-X2.jpg
1671792818900001659,ACEH,ACEH TIMUR,BIREM BAYEUN,MERBOU DUA,TPS 1,2019-10-24 05:00:04,31,155,225,189,189,186,3,https://pemilu2019.kpu.go.id/img/c/900/001/900001659/3-818-1-C1-PPWP-X1.jpg,https://pemilu2019.kpu.go.id/img/c/900/001/900001659/3-818-1-C1-PPWP-X2.jpg
1671792806900001613,ACEH,ACEH TIMUR,BIREM BAYEUN,PAYA BILI DUA,TPS 1,2019-10-24 05:00:04,9,178,280,186,187,187,0,https://pemilu2019.kpu.go.id/img/c/900/001/900001613/1-806-1-C1-PPWP-X1.jpg,https://pemilu2019.kpu.go.id/img/c/900/001/900001613/1-806-1-C1-PPWP-X2.jpg
1671792806900001614,ACEH,ACEH TIMUR,BIREM BAYEUN,PAYA BILI DUA,TPS 2,2019-10-24 05:00:04,7,193,267,201,201,200,1,https://pemilu2019.kpu.go.id/img/c/900/001/900001614/3-806-2-C1-PPWP-X1.jpg,https://pemilu2019.kpu.go.id/img/c/900/001/900001614/3-806-2-C1-PPWP-X2.jpg
1671792806900001615,ACEH,ACEH TIMUR,BIREM BAYEUN,PAYA BILI DUA,TPS 3,2019-10-24 05:00:04,25,177,295,204,204,202,2,https://pemilu2019.kpu.go.id/img/c/900/001/900001615/3-806-3-C1-PPWP-X1.jpg,https://pemilu2019.kpu.go.id/img/c/900/001/900001615/3-806-3-C1-PPWP-X2.jpg
1671792806900001616,ACEH,ACEH TIMUR,BIREM BAYEUN,PAYA BILI DUA,TPS 4,2019-10-24 05:00:04,14,170,290,189,189,184,5,https://pemilu2019.kpu.go.id/img/c/900/001/900001616/1-806-4-C1-PPWP-X1.jpg,https://pemilu2019.kpu.go.id/img/c/900/001/900001616/1-806-4-C1-PPWP-X2.jpg
1671792806900001617,ACEH,ACEH TIMUR,BIREM BAYEUN,PAYA BILI DUA,TPS 5,2019-10-24 05:00:04,18,182,271,207,207,200,7,https://pemilu2019.kpu.go.id/img/c/900/001/900001617/1-806-5-C1-PPWP-X1.jpg,https://pemilu2019.kpu.go.id/img/c/900/001/900001617/1-806-5-C1-PPWP-X2.jpg
1671792807900001618,ACEH,ACEH TIMUR,BIREM BAYEUN,PAYA BILI SA,TPS 1,2019-10-24 05:00:04,9,102,197,115,115,111,4,https://pemilu2019.kpu.go.id/img/c/900/001/900001618/3-807-1-C1-PPWP-X1.jpg,https://pemilu2019.kpu.go.id/img/c/900/001/900001618/3-807-1-C1-PPWP-X2.jpg
1671792807900001619,ACEH,ACEH TIMUR,BIREM BAYEUN,PAYA BILI SA,TPS 2,2019-10-24 05:00:04,14,121,202,143,143,135,8,https://pemilu2019.kpu.go.id/img/c/900/001/900001619/2-807-2-C1-PPWP-X1.jpg,https://pemilu2019.kpu.go.id/img/c/900/001/900001619/2-807-2-C1-PPWP-X2.jpg
1671792807900001620,ACEH,ACEH TIMUR,BIREM BAYEUN,PAYA BILI SA,TPS 3,2019-10-24 05:00:04,27,123,228,153,153,150,3,https://pemilu2019.kpu.go.id/img/c/900/001/900001620/2-807-3-C1-PPWP-X1.jpg,https://pemilu2019.kpu.go.id/img/c/900/001/900001620/2-807-3-C1-PPWP-X2.jpg
1671792808900001621,ACEH,ACEH TIMUR,BIREM BAYEUN,PAYA PEULAWI,TPS 1,2019-10-24 05:00:04,26,183,298,217,217,209,8,https://pemilu2019.kpu.go.id/img/c/900/001/900001621/1-808-1-C1-PPWP-X1.jpg,https://pemilu2019.kpu.go.id/img/c/900/001/900001621/1-808-1-C1-PPWP-X2.jpg
1671792808900001622,ACEH,ACEH TIMUR,BIREM BAYEUN,PAYA PEULAWI,TPS 2,2019-10-24 05:00:04,26,176,296,208,208,202,6,https://pemilu2019.kpu.go.id/img/c/900/001/900001622/3-808-2-C1-PPWP-X1.jpg,https://pemilu2019.kpu.go.id/img/c/900/001/900001622/3-808-2-C1-PPWP-X2.jpg
1671792803900001608,ACEH,ACEH TIMUR,BIREM BAYEUN,PAYA RAMBONG,TPS 1,2019-10-24 05:00:04,3,111,142,114,114,114,0,https://pemilu2019.kpu.go.id/img/c/900/001/900001608/1-803-1-C1-PPWP-X1.jpg,https://pemilu2019.kpu.go.id/img/c/900/001/900001608/1-803-1-C1-PPWP-X2.jpg
1671792805900001611,ACEH,ACEH TIMUR,BIREM BAYEUN,PAYA TAMPAH,TPS 1,2019-10-24 05:00:04,19,130,229,150,150,149,1,https://pemilu2019.kpu.go.id/img/c/900/001/900001611/1-805-1-C1-PPWP-X1.jpg,https://pemilu2019.kpu.go.id/img/c/900/001/900001611/1-805-1-C1-PPWP-X2.jpg
1671792805900001612,ACEH,ACEH TIMUR,BIREM BAYEUN,PAYA TAMPAH,TPS 2,2019-10-24 05:00:04,20,147,223,171,171,167,4,https://pemilu2019.kpu.go.id/img/c/900/001/900001612/1-805-2-C1-PPWP-X1.jpg,https://pemilu2019.kpu.go.id/img/c/900/001/900001612/1-805-2-C1-PPWP-X2.jpg
1671792800900001598,ACEH,ACEH TIMUR,BIREM BAYEUN,PEUTOW,TPS 1,2019-10-24 05:00:04,16,205,264,226,226,221,5,https://pemilu2019.kpu.go.id/img/c/900/001/900001598/1-800-1-C1-PPWP-X1.jpg,https://pemilu2019.kpu.go.id/img/c/900/001/900001598/1-800-1-C1-PPWP-X2.jpg
1671672675900001318,ACEH,ACEH TIMUR,DARUL AMAN,ALUE DALAM,TPS 1,2019-10-24 05:00:04,8,157,237,170,170,165,5,https://pemilu2019.kpu.go.id/img/c/900/001/900001318/1-675-1-C1-PPWP-X1.jpg,https://pemilu2019.kpu.go.id/img/c/900/001/900001318/1-675-1-C1-PPWP-X2.jpg
1671672687900001334,ACEH,ACEH TIMUR,DARUL AMAN,ALUE GADENG,TPS 1,2019-10-24 05:00:04,11,110,202,142,142,121,21,https://pemilu2019.kpu.go.id/img/c/900/001/900001334/1-687-1-C1-PPWP-X1.jpg,https://pemilu2019.kpu.go.id/img/c/900/001/900001334/1-687-1-C1-PPWP-X2.jpg
1671672693900001342,ACEH,ACEH TIMUR,DARUL AMAN,ALUE LHOK,TPS 1,2019-10-24 05:00:04,12,108,179,133,133,120,13,https://pemilu2019.kpu.go.id/img/c/900/001/900001342/1-693-1-C1-PPWP-X1.jpg,https://pemilu2019.kpu.go.id/img/c/900/001/900001342/1-693-1-C1-PPWP-X2.jpg
1671672693900001343,ACEH,ACEH TIMUR,DARUL AMAN,ALUE LHOK,TPS 2,2019-10-24 05:00:04,16,117,199,141,141,133,8,https://pemilu2019.kpu.go.id/img/c/900/001/900001343/1-693-2-C1-PPWP-X1.jpg,https://pemilu2019.kpu.go.id/img/c/900/001/900001343/1-693-2-C1-PPWP-X2.jpg
1671672674900001317,ACEH,ACEH TIMUR,DARUL AMAN,ALUE LUDIN DUA,TPS 1,2019-10-24 05:00:04,2,68,107,74,74,70,4,https://pemilu2019.kpu.go.id/img/c/900/001/900001317/1-674-1-C1-PPWP-X1.jpg,https://pemilu2019.kpu.go.id/img/c/900/001/900001317/1-674-1-C1-PPWP-X2.jpg
1671672673900001316,ACEH,ACEH TIMUR,DARUL AMAN,ALUE LUDIN SA,TPS 1,2019-10-24 05:00:04,12,120,149,136,136,132,4,https://pemilu2019.kpu.go.id/img/c/900/001/900001316/673-1-C1-PPWP-X1.jpg,https://pemilu2019.kpu.go.id/img/c/900/001/900001316/673-1-C1-PPWP-X2.jpg
1671672697900001348,ACEH,ACEH TIMUR,DARUL AMAN,ALUE MERBO,TPS 1,2019-10-24 05:00:04,10,113,185,132,132,123,9,https://pemilu2019.kpu.go.id/img/c/900/001/900001348/2-697-1-C-XXX-X5.jpg,https://pemilu2019.kpu.go.id/img/c/900/001/900001348/2-697-1-C-XXX-X6.jpg
1671672697900001349,ACEH,ACEH TIMUR,DARUL AMAN,ALUE MERBO,TPS 2,2019-10-24 05:00:04,16,115,188,135,135,131,4,https://pemilu2019.kpu.go.id/img/c/900/001/900001349/1-697-2-C1-PPWP-X1.jpg,https://pemilu2019.kpu.go.id/img/c/900/001/900001349/1-697-2-C1-PPWP-X2.jpg
1671672708900001371,ACEH,ACEH TIMUR,DARUL AMAN,BAGOK PANAH DUA,TPS 1,2019-10-24 05:00:04,11,107,151,122,122,118,4,https://pemilu2019.kpu.go.id/img/c/900/001/900001371/2-708-1-C1-PPWP-X1.jpg,https://pemilu2019.kpu.go.id/img/c/900/001/900001371/2-708-1-C1-PPWP-X2.jpg
1671672709900001372,ACEH,ACEH TIMUR,DARUL AMAN,BAGOK PANAH LHEE,TPS 1,2019-10-24 05:00:04,5,93,133,107,107,98,9,https://pemilu2019.kpu.go.id/img/c/900/001/900001372/1-709-1-C1-PPWP-X1.jpg,https://pemilu2019.kpu.go.id/img/c/900/001/900001372/1-709-1-C1-PPWP-X2.jpg
1671672710900001373,ACEH,ACEH TIMUR,DARUL AMAN,BAGOK PANAH PEUT,TPS 1,2019-10-24 05:00:04,21,175,257,206,206,196,10,https://pemilu2019.kpu.go.id/img/c/900/001/900001373/710-1-C1-PPWP-X1.jpg,https://pemilu2019.kpu.go.id/img/c/900/001/900001373/710-1-C1-PPWP-X2.jpg
1671672707900001369,ACEH,ACEH TIMUR,DARUL AMAN,BAGOK PANAH SA,TPS 1,2019-10-24 05:00:04,13,150,256,170,170,163,7,https://pemilu2019.kpu.go.id/img/c/900/001/900001369/1-707-1-C-XXX-X5.jpg,https://pemilu2019.kpu.go.id/img/c/900/001/900001369/1-707-1-C-XXX-X6.jpg
1671672707900001370,ACEH,ACEH TIMUR,DARUL AMAN,BAGOK PANAH SA,TPS 2,2019-10-24 05:00:04,8,161,219,171,171,169,2,https://pemilu2019.kpu.go.id/img/c/900/001/900001370/4-707-2-C-XXX-X5.jpg,https://pemilu2019.kpu.go.id/img/c/900/001/900001370/4-707-2-C-XXX-X6.jpg
1671672684900001331,ACEH,ACEH TIMUR,DARUL AMAN,BLANG BUKET,TPS 1,2019-10-24 05:00:04,21,130,243,164,164,151,13,https://pemilu2019.kpu.go.id/img/c/900/001/900001331/684-1-C1-PPWP-X1.jpg,https://pemilu2019.kpu.go.id/img/c/900/001/900001331/684-1-C1-PPWP-X2.jpg
1671672678900001322,ACEH,ACEH TIMUR,DARUL AMAN,BUKET KULAM,TPS 1,2019-10-24 05:00:04,12,115,230,144,144,127,17,https://pemilu2019.kpu.go.id/img/c/900/001/900001322/1-678-1-C1-PPWP-X1.jpg,https://pemilu2019.kpu.go.id/img/c/900/001/900001322/1-678-1-C1-PPWP-X2.jpg
1671672698900001350,ACEH,ACEH TIMUR,DARUL AMAN,BUKET RAYA,TPS 1,2019-10-24 05:00:04,8,122,200,141,141,130,11,https://pemilu2019.kpu.go.id/img/c/900/001/900001350/698-1-C1-PPWP-X1.jpg,https://pemilu2019.kpu.go.id/img/c/900/001/900001350/698-1-C1-PPWP-X2.jpg
1671672686900001333,ACEH,ACEH TIMUR,DARUL AMAN,BUKET RUMIA,TPS 1,2019-10-24 05:00:04,15,96,161,113,113,111,2,https://pemilu2019.kpu.go.id/img/c/900/001/900001333/686-1-C1-PPWP-X1.jpg,https://pemilu2019.kpu.go.id/img/c/900/001/900001333/686-1-C1-PPWP-X2.jpg
1671672711900001374,ACEH,ACEH TIMUR,DARUL AMAN,BUKET TUALANG,TPS 1,2019-10-24 05:00:04,3,79,117,91,91,82,9,https://pemilu2019.kpu.go.id/img/c/900/001/900001374/1-711-1-C1-PPWP-X1.jpg,https://pemilu2019.kpu.go.id/img/c/900/001/900001374/1-711-1-C1-PPWP-X2.jpg
1671672677900001321,ACEH,ACEH TIMUR,DARUL AMAN,DAMA PULO DUA,TPS 1,2019-10-24 05:00:04,15,163,239,185,185,178,7,https://pemilu2019.kpu.go.id/img/c/900/001/900001321/3-677-1-C1-PPWP-X1.jpg,https://pemilu2019.kpu.go.id/img/c/900/001/900001321/3-677-1-C1-PPWP-X2.jpg
1671672676900001319,ACEH,ACEH TIMUR,DARUL AMAN,DAMA PULO SA,TPS 1,2019-10-24 05:00:04,24,118,193,144,144,142,2,https://pemilu2019.kpu.go.id/img/c/900/001/900001319/1-676-1-C-XXX-X5.jpg,https://pemilu2019.kpu.go.id/img/c/900/001/900001319/1-676-1-C-XXX-X6.jpg
1671672676900001320,ACEH,ACEH TIMUR,DARUL AMAN,DAMA PULO SA,TPS 2,2019-10-24 05:00:04,12,118,188,136,136,130,6,https://pemilu2019.kpu.go.id/img/c/900/001/900001320/2-676-2-C1-PPWP-X1.jpg,https://pemilu2019.kpu.go.id/img/c/900/001/900001320/2-676-2-C1-PPWP-X2.jpg
1671672706900001367,ACEH,ACEH TIMUR,DARUL AMAN,GAMPONG BARO,TPS 1,2019-10-24 05:00:04,7,120,181,130,130,127,3,https://pemilu2019.kpu.go.id/img/c/900/001/900001367/1-706-1-C-XXX-X5.jpg,https://pemilu2019.kpu.go.id/img/c/900/001/900001367/1-706-1-C-XXX-X6.jpg
1671672706900001368,ACEH,ACEH TIMUR,DARUL AMAN,GAMPONG BARO,TPS 2,2019-10-24 05:00:04,7,135,206,151,151,142,9,https://pemilu2019.kpu.go.id/img/c/900/001/900001368/3-706-2-C1-PPWP-X1.jpg,https://pemilu2019.kpu.go.id/img/c/900/001/900001368/3-706-2-C1-PPWP-X2.jpg
1671672701900001355,ACEH,ACEH TIMUR,DARUL AMAN,GAMPONG BEUNOT,TPS 1,2019-10-24 05:00:04,15,163,235,185,185,178,7,https://pemilu2019.kpu.go.id/img/c/900/001/900001355/1-701-1-C1-PPWP-X1.jpg,https://pemilu2019.kpu.go.id/img/c/900/001/900001355/1-701-1-C1-PPWP-X2.jpg
1671672701900001356,ACEH,ACEH TIMUR,DARUL AMAN,GAMPONG BEUNOT,TPS 2,2019-10-24 05:00:04,12,92,147,109,109,104,5,https://pemilu2019.kpu.go.id/img/c/900/001/900001356/1-701-2-C1-PPWP-X1.jpg,https://pemilu2019.kpu.go.id/img/c/900/001/900001356/1-701-2-C1-PPWP-X2.jpg
1671672699900001351,ACEH,ACEH TIMUR,DARUL AMAN,GAMPONG KEUDE,TPS 1,2019-10-24 05:00:04,50,144,296,203,203,194,9,https://pemilu2019.kpu.go.id/img/c/900/001/900001351/1-699-1-C1-PPWP-X1.jpg,https://pemilu2019.kpu.go.id/img/c/900/001/900001351/1-699-1-C1-PPWP-X2.jpg
1671672699900001352,ACEH,ACEH TIMUR,DARUL AMAN,GAMPONG KEUDE,TPS 2,2019-10-24 05:00:04,49,135,299,192,192,184,8,https://pemilu2019.kpu.go.id/img/c/900/001/900001352/1-699-2-C1-PPWP-X1.jpg,https://pemilu2019.kpu.go.id/img/c/900/001/900001352/1-699-2-C1-PPWP-X2.jpg
1671672699900001353,ACEH,ACEH TIMUR,DARUL AMAN,GAMPONG KEUDE,TPS 3,2019-10-24 05:00:04,22,103,205,131,131,125,6,https://pemilu2019.kpu.go.id/img/c/900/001/900001353/1-699-3-C1-PPWP-X1.jpg,https://pemilu2019.kpu.go.id/img/c/900/001/900001353/1-699-3-C1-PPWP-X2.jpg
1671672692900001340,ACEH,ACEH TIMUR,DARUL AMAN,GASEH SAYANG,TPS 1,2019-10-24 05:00:04,12,105,193,126,126,117,9,https://pemilu2019.kpu.go.id/img/c/900/001/900001340/4-692-1-C1-PPWP-X1.jpg,https://pemilu2019.kpu.go.id/img/c/900/001/900001340/4-692-1-C1-PPWP-X2.jpg
1671672692900001341,ACEH,ACEH TIMUR,DARUL AMAN,GASEH SAYANG,TPS 2,2019-10-24 05:00:04,4,91,141,100,100,95,5,https://pemilu2019.kpu.go.id/img/c/900/001/900001341/2-692-2-C1-PPWP-X1.jpg,https://pemilu2019.kpu.go.id/img/c/900/001/900001341/2-692-2-C1-PPWP-X2.jpg
1671672695900001345,ACEH,ACEH TIMUR,DARUL AMAN,GRONG-GRONG,TPS 1,2019-10-24 05:00:04,6,163,220,173,173,169,4,https://pemilu2019.kpu.go.id/img/c/900/001/900001345/1-695-1-C-XXX-X5.jpg,https://pemilu2019.kpu.go.id/img/c/900/001/900001345/1-695-1-C-XXX-X6.jpg
1671672695900001346,ACEH,ACEH TIMUR,DARUL AMAN,GRONG-GRONG,TPS 2,2019-10-24 05:00:04,5,75,125,87,87,80,7,https://pemilu2019.kpu.go.id/img/c/900/001/900001346/2-695-2-C1-PPWP-X1.jpg,https://pemilu2019.kpu.go.id/img/c/900/001/900001346/2-695-2-C1-PPWP-X2.jpg
1671672680900001324,ACEH,ACEH TIMUR,DARUL AMAN,JUNGKA GAJAH,TPS 1,2019-10-24 05:00:04,16,90,171,117,117,106,11,https://pemilu2019.kpu.go.id/img/c/900/001/900001324/4-680-1-C1-PPWP-X1.jpg,https://pemilu2019.kpu.go.id/img/c/900/001/900001324/4-680-1-C1-PPWP-X2.jpg
1671672688900001335,ACEH,ACEH TIMUR,DARUL AMAN,KAPAI BARO,TPS 1,2019-10-24 05:00:04,1,174,300,192,192,175,17,https://pemilu2019.kpu.go.id/img/c/900/001/900001335/1-688-1-C1-PPWP-X1.jpg,https://pemilu2019.kpu.go.id/img/c/900/001/900001335/1-688-1-C1-PPWP-X2.jpg
1671672688900001336,ACEH,ACEH TIMUR,DARUL AMAN,KAPAI BARO,TPS 2,2019-10-24 05:00:04,5,74,163,87,87,79,8,https://pemilu2019.kpu.go.id/img/c/900/001/900001336/2-688-2-C1-PPWP-X1.jpg,https://pemilu2019.kpu.go.id/img/c/900/001/900001336/2-688-2-C1-PPWP-X2.jpg
1671672713900001376,ACEH,ACEH TIMUR,DARUL AMAN,KEMUNING DUA,TPS 1,2019-10-24 05:00:04,11,100,155,134,134,111,23,https://pemilu2019.kpu.go.id/img/c/900/001/900001376/1-713-1-C1-PPWP-X1.jpg,https://pemilu2019.kpu.go.id/img/c/900/001/900001376/1-713-1-C1-PPWP-X2.jpg
1671672714900001377,ACEH,ACEH TIMUR,DARUL AMAN,KEMUNING LHEE,TPS 1,2019-10-24 05:00:04,15,104,215,140,140,119,21,https://pemilu2019.kpu.go.id/img/c/900/001/900001377/1-714-1-C-XXX-X5.jpg,https://pemilu2019.kpu.go.id/img/c/900/001/900001377/1-714-1-C-XXX-X6.jpg
1671672716900001379,ACEH,ACEH TIMUR,DARUL AMAN,KEMUNING LIMONG,TPS 1,2019-10-24 05:00:04,13,91,139,109,109,104,5,https://pemilu2019.kpu.go.id/img/c/900/001/900001379/1-716-1-C1-PPWP-X1.jpg,https://pemilu2019.kpu.go.id/img/c/900/001/900001379/1-716-1-C1-PPWP-X2.jpg
1671672715900001378,ACEH,ACEH TIMUR,DARUL AMAN,KEMUNING PEUT,TPS 1,2019-10-24 05:00:04,17,126,229,155,155,143,12,https://pemilu2019.kpu.go.id/img/c/900/001/900001378/715-1-C1-PPWP-X1.jpg,https://pemilu2019.kpu.go.id/img/c/900/001/900001378/715-1-C1-PPWP-X2.jpg
1671672712900001375,ACEH,ACEH TIMUR,DARUL AMAN,KEMUNING SA,TPS 1,2019-10-24 05:00:04,16,118,204,167,167,134,33,https://pemilu2019.kpu.go.id/img/c/900/001/900001375/1-712-1-C1-PPWP-X1.jpg,https://pemilu2019.kpu.go.id/img/c/900/001/900001375/1-712-1-C1-PPWP-X2.jpg
1671672704900001363,ACEH,ACEH TIMUR,DARUL AMAN,KUALA IDI CUT,TPS 1,2019-10-24 05:00:04,43,121,195,174,174,164,10,https://pemilu2019.kpu.go.id/img/c/900/001/900001363/704-1-C1-PPWP-X1.jpg,https://pemilu2019.kpu.go.id/img/c/900/001/900001363/704-1-C1-PPWP-X2.jpg
1671672683900001330,ACEH,ACEH TIMUR,DARUL AMAN,LHOK GEULUMPANG,TPS 1,2019-10-24 05:00:04,26,104,215,135,135,130,5,https://pemilu2019.kpu.go.id/img/c/900/001/900001330/2-683-1-C1-PPWP-X1.jpg,https://pemilu2019.kpu.go.id/img/c/900/001/900001330/2-683-1-C1-PPWP-X2.jpg
1671672696900001347,ACEH,ACEH TIMUR,DARUL AMAN,MATANG GEUTOU,TPS 1,2019-10-24 05:00:04,10,146,216,165,165,156,9,https://pemilu2019.kpu.go.id/img/c/900/001/900001347/1-696-1-C1-PPWP-X1.jpg,https://pemilu2019.kpu.go.id/img/c/900/001/900001347/1-696-1-C1-PPWP-X2.jpg
1671672682900001328,ACEH,ACEH TIMUR,DARUL AMAN,MATANG PINEUNG,TPS 1,2019-10-24 05:00:04,14,168,289,197,197,182,15,https://pemilu2019.kpu.go.id/img/c/900/001/900001328/682-1-C1-PPWP-X1.jpg,https://pemilu2019.kpu.go.id/img/c/900/001/900001328/682-1-C1-PPWP-X2.jpg
1671672682900001329,ACEH,ACEH TIMUR,DARUL AMAN,MATANG PINEUNG,TPS 2,2019-10-24 05:00:04,7,158,280,180,180,165,15,https://pemilu2019.kpu.go.id/img/c/900/001/900001329/682-2-C1-PPWP-X1.jpg,https://pemilu2019.kpu.go.id/img/c/900/001/900001329/682-2-C1-PPWP-X2.jpg
1671672717900001380,ACEH,ACEH TIMUR,DARUL AMAN,MEUNASAH BLANG,TPS 1,2019-10-24 05:00:04,33,163,285,202,202,196,6,https://pemilu2019.kpu.go.id/img/c/900/001/900001380/1-717-1-C1-PPWP-X1.jpg,https://pemilu2019.kpu.go.id/img/c/900/001/900001380/1-717-1-C1-PPWP-X2.jpg
1671672717900001381,ACEH,ACEH TIMUR,DARUL AMAN,MEUNASAH BLANG,TPS 2,2019-10-24 05:00:04,26,148,295,188,188,174,14,https://pemilu2019.kpu.go.id/img/c/900/001/900001381/2-717-2-C1-PPWP-X1.jpg,https://pemilu2019.kpu.go.id/img/c/900/001/900001381/2-717-2-C1-PPWP-X2.jpg
1671672685900001332,ACEH,ACEH TIMUR,DARUL AMAN,MEUNASAH KEUTAPANG,TPS 1,2019-10-24 05:00:04,41,131,284,188,188,172,16,https://pemilu2019.kpu.go.id/img/c/900/001/900001332/2-685-1-C1-PPWP-X1.jpg,https://pemilu2019.kpu.go.id/img/c/900/001/900001332/2-685-1-C1-PPWP-X2.jpg
1671672700900001354,ACEH,ACEH TIMUR,DARUL AMAN,PEUKAN IDI CUT,TPS 1,2019-10-24 05:00:04,6,188,199,196,196,194,2,https://pemilu2019.kpu.go.id/img/c/900/001/900001354/2-700-1-C-XXX-X5.jpg,https://pemilu2019.kpu.go.id/img/c/900/001/900001354/2-700-1-C-XXX-X6.jpg
1671672705900001364,ACEH,ACEH TIMUR,DARUL AMAN,SEUNEUBOK ACEH,TPS 1,2019-10-24 05:00:04,22,164,279,187,187,186,1,https://pemilu2019.kpu.go.id/img/c/900/001/900001364/3-705-1-C1-PPWP-X1.jpg,https://pemilu2019.kpu.go.id/img/c/900/001/900001364/3-705-1-C1-PPWP-X2.jpg
1671672705900001365,ACEH,ACEH TIMUR,DARUL AMAN,SEUNEUBOK ACEH,TPS 2,2019-10-24 05:00:04,13,166,286,187,187,179,8,https://pemilu2019.kpu.go.id/img/c/900/001/900001365/2-705-2-C1-PPWP-X1.jpg,https://pemilu2019.kpu.go.id/img/c/900/001/900001365/2-705-2-C1-PPWP-X2.jpg
1671672705900001366,ACEH,ACEH TIMUR,DARUL AMAN,SEUNEUBOK ACEH,TPS 3,2019-10-24 05:00:04,8,89,188,102,102,97,5,https://pemilu2019.kpu.go.id/img/c/900/001/900001366/1-705-3-C1-PPWP-X1.jpg,https://pemilu2019.kpu.go.id/img/c/900/001/900001366/1-705-3-C1-PPWP-X2.jpg
1671672702900001357,ACEH,ACEH TIMUR,DARUL AMAN,SEUNEUBOK BAROH,TPS 1,2019-10-24 05:00:04,6,218,265,229,229,224,5,https://pemilu2019.kpu.go.id/img/c/900/001/900001357/1-702-1-C-XXX-X5.jpg,https://pemilu2019.kpu.go.id/img/c/900/001/900001357/1-702-1-C-XXX-X6.jpg
1671672702900001358,ACEH,ACEH TIMUR,DARUL AMAN,SEUNEUBOK BAROH,TPS 2,2019-10-24 05:00:04,6,234,280,243,243,240,3,https://pemilu2019.kpu.go.id/img/c/900/001/900001358/2-702-2-C-XXX-X5.jpg,https://pemilu2019.kpu.go.id/img/c/900/001/900001358/2-702-2-C-XXX-X6.jpg
1671672702900001359,ACEH,ACEH TIMUR,DARUL AMAN,SEUNEUBOK BAROH,TPS 3,2019-10-24 05:00:04,7,213,238,235,235,220,15,https://pemilu2019.kpu.go.id/img/c/900/001/900001359/1-702-3-C-XXX-X5.jpg,https://pemilu2019.kpu.go.id/img/c/900/001/900001359/1-702-3-C-XXX-X6.jpg
1671672702900001360,ACEH,ACEH TIMUR,DARUL AMAN,SEUNEUBOK BAROH,TPS 4,2019-10-24 05:00:04,12,187,241,207,207,199,8,https://pemilu2019.kpu.go.id/img/c/900/001/900001360/3-702-4-C-XXX-X5.jpg,https://pemilu2019.kpu.go.id/img/c/900/001/900001360/3-702-4-C-XXX-X6.jpg
1671672702900001361,ACEH,ACEH TIMUR,DARUL AMAN,SEUNEUBOK BAROH,TPS 5,2019-10-24 05:00:04,9,167,233,188,188,176,12,https://pemilu2019.kpu.go.id/img/c/900/001/900001361/2-702-5-C-XXX-X5.jpg,https://pemilu2019.kpu.go.id/img/c/900/001/900001361/2-702-5-C-XXX-X6.jpg
1671672691900001339,ACEH,ACEH TIMUR,DARUL AMAN,SEUNEUBOK BULOH,TPS 1,2019-10-24 05:00:04,8,121,206,149,149,129,20,https://pemilu2019.kpu.go.id/img/c/900/001/900001339/1-691-1-C1-PPWP-X1.jpg,https://pemilu2019.kpu.go.id/img/c/900/001/900001339/1-691-1-C1-PPWP-X2.jpg
1671672681900001325,ACEH,ACEH TIMUR,DARUL AMAN,SEUNEUBOK SIMPANG,TPS 1,2019-10-24 05:00:04,23,121,197,148,148,144,4,https://pemilu2019.kpu.go.id/img/c/900/001/900001325/1-681-1-C-XXX-X5.jpg,https://pemilu2019.kpu.go.id/img/c/900/001/900001325/1-681-1-C-XXX-X6.jpg
1671672681900001326,ACEH,ACEH TIMUR,DARUL AMAN,SEUNEUBOK SIMPANG,TPS 2,2019-10-24 05:00:04,20,111,186,134,134,131,3,https://pemilu2019.kpu.go.id/img/c/900/001/900001326/2-681-2-C-XXX-X5.jpg,https://pemilu2019.kpu.go.id/img/c/900/001/900001326/2-681-2-C-XXX-X6.jpg
1671672681900001327,ACEH,ACEH TIMUR,DARUL AMAN,SEUNEUBOK SIMPANG,TPS 3,2019-10-24 05:00:04,13,109,222,133,133,122,11,https://pemilu2019.kpu.go.id/img/c/900/001/900001327/1-681-3-C-XXX-X5.jpg,https://pemilu2019.kpu.go.id/img/c/900/001/900001327/1-681-3-C-XXX-X6.jpg
1671672679900001323,ACEH,ACEH TIMUR,DARUL AMAN,SEUNEUBOK TEUNGOH,TPS 1,2019-10-24 05:00:04,4,111,153,121,121,115,6,https://pemilu2019.kpu.go.id/img/c/900/001/900001323/679-1-C1-PPWP-X1.jpg,https://pemilu2019.kpu.go.id/img/c/900/001/900001323/679-1-C1-PPWP-X2.jpg
1671672690900001338,ACEH,ACEH TIMUR,DARUL AMAN,SEUNEUBOK TUHA DUA,TPS 1,2019-10-24 05:00:04,13,165,260,196,196,178,18,https://pemilu2019.kpu.go.id/img/c/900/001/900001338/1-690-1-C1-PPWP-X1.jpg,https://pemilu2019.kpu.go.id/img/c/900/001/900001338/1-690-1-C1-PPWP-X2.jpg
1671672689900001337,ACEH,ACEH TIMUR,DARUL AMAN,SEUNEUBOK TUHA SA,TPS 1,2019-10-24 05:00:04,10,122,212,147,147,132,15,https://pemilu2019.kpu.go.id/img/c/900/001/900001337/1-689-1-C1-PPWP-X1.jpg,https://pemilu2019.kpu.go.id/img/c/900/001/900001337/1-689-1-C1-PPWP-X2.jpg
1671672703900001362,ACEH,ACEH TIMUR,DARUL AMAN,TEUPIN DRUM,TPS 1,2019-10-24 05:00:04,21,193,291,228,228,214,14,https://pemilu2019.kpu.go.id/img/c/900/001/900001362/1-703-1-C-XXX-X5.jpg,https://pemilu2019.kpu.go.id/img/c/900/001/900001362/1-703-1-C-XXX-X6.jpg
1671672694900001344,ACEH,ACEH TIMUR,DARUL AMAN,TRIENG GADENG,TPS 1,2019-10-24 05:00:04,9,76,135,94,94,85,9,https://pemilu2019.kpu.go.id/img/c/900/001/900001344/1-694-1-C-XXX-X5.jpg,https://pemilu2019.kpu.go.id/img/c/900/001/900001344/1-694-1-C-XXX-X6.jpg
167111751186900002508,ACEH,ACEH TIMUR,DARUL FALAH,ALUE SIWAH,TPS 1,2019-10-24 05:00:04,5,48,63,56,56,53,3,https://pemilu2019.kpu.go.id/img/c/900/002/900002508/1186-1-C-XXX-X5.jpg,https://pemilu2019.kpu.go.id/img/c/900/002/900002508/1186-1-C-XXX-X6.jpg
167111751182900002502,ACEH,ACEH TIMUR,DARUL FALAH,BUKET TEUMPEN,TPS 1,2019-10-24 05:00:04,7,123,185,133,133,130,3,https://pemilu2019.kpu.go.id/img/c/900/002/900002502/1182-1-C1-PPWP-X1.jpg,https://pemilu2019.kpu.go.id/img/c/900/002/900002502/1182-1-C1-PPWP-X2.jpg
167111751178900002498,ACEH,ACEH TIMUR,DARUL FALAH,BUKET TUFAH,TPS 1,2019-10-24 05:00:04,15,77,109,92,92,92,0,https://pemilu2019.kpu.go.id/img/c/900/002/900002498/1178-1-C1-PPWP-X1.jpg,https://pemilu2019.kpu.go.id/img/c/900/002/900002498/1178-1-C1-PPWP-X2.jpg
167111751177900002497,ACEH,ACEH TIMUR,DARUL FALAH,CEUMPEDAK,TPS 1,2019-10-24 05:00:04,6,193,283,219,219,209,10,https://pemilu2019.kpu.go.id/img/c/900/002/900002497/1177-1-C1-PPWP-X1.jpg,https://pemilu2019.kpu.go.id/img/c/900/002/900002497/1177-1-C1-PPWP-X2.jpg
167111751183900002503,ACEH,ACEH TIMUR,DARUL FALAH,KEUDE BLANG,TPS 1,2019-10-24 05:00:04,15,138,226,158,158,153,5,https://pemilu2019.kpu.go.id/img/c/900/002/900002503/3-1183-1-C1-PPWP-X1.jpg,https://pemilu2019.kpu.go.id/img/c/900/002/900002503/3-1183-1-C1-PPWP-X2.jpg
167111751183900002504,ACEH,ACEH TIMUR,DARUL FALAH,KEUDE BLANG,TPS 2,2019-10-24 05:00:04,11,86,139,104,104,97,7,https://pemilu2019.kpu.go.id/img/c/900/002/900002504/3-1183-2-C1-PPWP-X1.jpg,https://pemilu2019.kpu.go.id/img/c/900/002/900002504/3-1183-2-C1-PPWP-X2.jpg
167111751180900002500,ACEH,ACEH TIMUR,DARUL FALAH,KEUDONDONG,TPS 1,2019-10-24 05:00:04,3,95,126,100,100,98,2,https://pemilu2019.kpu.go.id/img/c/900/002/900002500/3-1180-1-C1-PPWP-X1.jpg,https://pemilu2019.kpu.go.id/img/c/900/002/900002500/3-1180-1-C1-PPWP-X2.jpg
167111751184900002505,ACEH,ACEH TIMUR,DARUL FALAH,PAYA KRUEB,TPS 1,2019-10-24 05:00:04,13,151,234,169,169,164,5,https://pemilu2019.kpu.go.id/img/c/900/002/900002505/1184-1-C1-PPWP-X1.jpg,https://pemilu2019.kpu.go.id/img/c/900/002/900002505/1184-1-C1-PPWP-X2.jpg
167111751184900002506,ACEH,ACEH TIMUR,DARUL FALAH,PAYA KRUEB,TPS 2,2019-10-24 05:00:04,9,93,145,102,102,102,0,https://pemilu2019.kpu.go.id/img/c/900/002/900002506/1184-2-C-XXX-X5.jpg,https://pemilu2019.kpu.go.id/img/c/900/002/900002506/1184-2-C-XXX-X6.jpg
167111751181900002501,ACEH,ACEH TIMUR,DARUL FALAH,SEUNEUBOK PANTON,TPS 1,2019-10-24 05:00:04,11,138,183,151,151,149,2,https://pemilu2019.kpu.go.id/img/c/900/002/900002501/1181-1-C-XXX-X5.jpg,https://pemilu2019.kpu.go.id/img/c/900/002/900002501/1181-1-C-XXX-X6.jpg
167111751176900002495,ACEH,ACEH TIMUR,DARUL FALAH,TUNONG BUGENG,TPS 1,2019-10-24 05:00:04,6,156,214,165,165,162,3,https://pemilu2019.kpu.go.id/img/c/900/002/900002495/3-1176-1-C1-PPWP-X1.jpg,https://pemilu2019.kpu.go.id/img/c/900/002/900002495/3-1176-1-C1-PPWP-X2.jpg
167111751176900002496,ACEH,ACEH TIMUR,DARUL FALAH,TUNONG BUGENG,TPS 2,2019-10-24 05:00:04,19,145,224,168,168,164,4,https://pemilu2019.kpu.go.id/img/c/900/002/900002496/2-1176-2-C1-PPWP-X1.jpg,https://pemilu2019.kpu.go.id/img/c/900/002/900002496/2-1176-2-C1-PPWP-X2.jpg
167111751185900002507,ACEH,ACEH TIMUR,DARUL FALAH,TUNONG PAYA KRUEB,TPS 1,2019-10-24 05:00:04,19,57,94,80,80,76,4,https://pemilu2019.kpu.go.id/img/c/900/002/900002507/2-1185-1-C1-PPWP-X1.jpg,https://pemilu2019.kpu.go.id/img/c/900/002/900002507/2-1185-1-C1-PPWP-X2.jpg
167111751179900002499,ACEH,ACEH TIMUR,DARUL FALAH,TUNONG ULE GAJAH,TPS 1,2019-10-24 05:00:04,22,159,244,187,187,181,6,https://pemilu2019.kpu.go.id/img/c/900/002/900002499/2-1179-1-C1-PPWP-X1.jpg,https://pemilu2019.kpu.go.id/img/c/900/002/900002499/2-1179-1-C1-PPWP-X2.jpg
167111581164900002479,ACEH,ACEH TIMUR,DARUL IHSAN,ALUE JANGAT,TPS 1,2019-10-24 05:00:04,32,155,264,196,196,9,187,https://pemilu2019.kpu.go.id/img/c/900/002/900002479/4-1164-1-C1-PPWP-X1.jpg,https://pemilu2019.kpu.go.id/img/c/900/002/900002479/4-1164-1-C1-PPWP-X2.jpg
167111581164900002480,ACEH,ACEH TIMUR,DARUL IHSAN,ALUE JANGAT,TPS 2,2019-10-24 05:00:04,18,73,157,107,107,91,16,https://pemilu2019.kpu.go.id/img/c/900/002/900002480/3-1164-2-C1-PPWP-X1.jpg,https://pemilu2019.kpu.go.id/img/c/900/002/900002480/3-1164-2-C1-PPWP-X2.jpg
167111581165900002481,ACEH,ACEH TIMUR,DARUL IHSAN,BUKET PELAWI,TPS 1,2019-10-24 05:00:04,18,120,161,139,139,138,1,https://pemilu2019.kpu.go.id/img/c/900/002/900002481/1-1165-1-C1-PPWP-X1.jpg,https://pemilu2019.kpu.go.id/img/c/900/002/900002481/1-1165-1-C1-PPWP-X2.jpg
167111581160900002473,ACEH,ACEH TIMUR,DARUL IHSAN,GUNONG PUTOH,TPS 1,2019-10-24 05:00:04,24,116,185,150,150,140,10,https://pemilu2019.kpu.go.id/img/c/900/002/900002473/1-1160-1-C1-PPWP-X1.jpg,https://pemilu2019.kpu.go.id/img/c/900/002/900002473/1-1160-1-C1-PPWP-X2.jpg
167111581162900002475,ACEH,ACEH TIMUR,DARUL IHSAN,KEUDE DUA,TPS 1,2019-10-24 05:00:04,18,183,298,216,216,201,15,https://pemilu2019.kpu.go.id/img/c/900/002/900002475/1-1162-1-C1-PPWP-X1.jpg,https://pemilu2019.kpu.go.id/img/c/900/002/900002475/1-1162-1-C1-PPWP-X2.jpg
167111581162900002476,ACEH,ACEH TIMUR,DARUL IHSAN,KEUDE DUA,TPS 2,2019-10-24 05:00:04,11,153,231,173,173,164,9,https://pemilu2019.kpu.go.id/img/c/900/002/900002476/1-1162-2-C1-PPWP-X1.jpg,https://pemilu2019.kpu.go.id/img/c/900/002/900002476/1-1162-2-C1-PPWP-X2.jpg
167111581169900002487,ACEH,ACEH TIMUR,DARUL IHSAN,LHOK DALAM,TPS 1,2019-10-24 05:00:04,24,198,303,236,236,222,14,https://pemilu2019.kpu.go.id/img/c/900/002/900002487/1-1169-1-C1-PPWP-X1.jpg,https://pemilu2019.kpu.go.id/img/c/900/002/900002487/1-1169-1-C1-PPWP-X2.jpg
167111581170900002488,ACEH,ACEH TIMUR,DARUL IHSAN,LHOK LEUMAK,TPS 1,2019-10-24 05:00:04,20,195,276,221,221,215,6,https://pemilu2019.kpu.go.id/img/c/900/002/900002488/1-1170-1-C1-PPWP-X1.jpg,https://pemilu2019.kpu.go.id/img/c/900/002/900002488/1-1170-1-C1-PPWP-X2.jpg
167111581170900002489,ACEH,ACEH TIMUR,DARUL IHSAN,LHOK LEUMAK,TPS 2,2019-10-24 05:00:04,29,104,174,143,143,133,10,https://pemilu2019.kpu.go.id/img/c/900/002/900002489/2-1170-2-C1-PPWP-X1.jpg,https://pemilu2019.kpu.go.id/img/c/900/002/900002489/2-1170-2-C1-PPWP-X2.jpg
167111581174900002494,ACEH,ACEH TIMUR,DARUL IHSAN,LHOK MEUREU,TPS 1,2019-10-24 05:00:04,15,116,187,140,140,131,9,https://pemilu2019.kpu.go.id/img/c/900/002/900002494/3-1174-1-C1-PPWP-X1.jpg,https://pemilu2019.kpu.go.id/img/c/900/002/900002494/3-1174-1-C1-PPWP-X2.jpg
167111581166900002482,ACEH,ACEH TIMUR,DARUL IHSAN,LHOK PANJAU,TPS 1,2019-10-24 05:00:04,13,103,152,119,119,116,3,https://pemilu2019.kpu.go.id/img/c/900/002/900002482/2-1166-1-C1-PPWP-X1.jpg,https://pemilu2019.kpu.go.id/img/c/900/002/900002482/2-1166-1-C1-PPWP-X2.jpg
167111581159900002472,ACEH,ACEH TIMUR,DARUL IHSAN,MEUDANG ARA,TPS 1,2019-10-24 05:00:04,13,147,201,172,172,160,12,https://pemilu2019.kpu.go.id/img/c/900/002/900002472/3-1159-1-C1-PPWP-X1.jpg,https://pemilu2019.kpu.go.id/img/c/900/002/900002472/3-1159-1-C1-PPWP-X2.jpg
167111581161900002474,ACEH,ACEH TIMUR,DARUL IHSAN,MEUNASAH AROEN,TPS 1,2019-10-24 05:00:04,3,84,96,87,88,87,1,https://pemilu2019.kpu.go.id/img/c/900/002/900002474/1-1161-1-C1-PPWP-X1.jpg,https://pemilu2019.kpu.go.id/img/c/900/002/900002474/1-1161-1-C1-PPWP-X2.jpg
167111581172900002491,ACEH,ACEH TIMUR,DARUL IHSAN,PANTON MERBO,TPS 1,2019-10-24 05:00:04,4,97,131,105,105,101,4,https://pemilu2019.kpu.go.id/img/c/900/002/900002491/1-1172-1-C1-PPWP-X1.jpg,https://pemilu2019.kpu.go.id/img/c/900/002/900002491/1-1172-1-C1-PPWP-X2.jpg
167111581168900002484,ACEH,ACEH TIMUR,DARUL IHSAN,PULO BLANG,TPS 1,2019-10-24 05:00:04,30,163,269,203,203,193,10,https://pemilu2019.kpu.go.id/img/c/900/002/900002484/4-1168-1-C1-PPWP-X1.jpg,https://pemilu2019.kpu.go.id/img/c/900/002/900002484/4-1168-1-C1-PPWP-X2.jpg
167111581168900002485,ACEH,ACEH TIMUR,DARUL IHSAN,PULO BLANG,TPS 2,2019-10-24 05:00:04,10,204,279,220,220,214,6,https://pemilu2019.kpu.go.id/img/c/900/002/900002485/4-1168-2-C1-PPWP-X1.jpg,https://pemilu2019.kpu.go.id/img/c/900/002/900002485/4-1168-2-C1-PPWP-X2.jpg
167111581168900002486,ACEH,ACEH TIMUR,DARUL IHSAN,PULO BLANG,TPS 3,2019-10-24 05:00:04,14,157,217,176,176,171,5,https://pemilu2019.kpu.go.id/img/c/900/002/900002486/3-1168-3-C1-PPWP-X1.jpg,https://pemilu2019.kpu.go.id/img/c/900/002/900002486/3-1168-3-C1-PPWP-X2.jpg
167111581167900002483,ACEH,ACEH TIMUR,DARUL IHSAN,SEUNEUBOK ACEH BARO,TPS 1,2019-10-24 05:00:04,18,101,164,125,125,119,6,https://pemilu2019.kpu.go.id/img/c/900/002/900002483/2-1167-1-C1-PPWP-X1.jpg,https://pemilu2019.kpu.go.id/img/c/900/002/900002483/2-1167-1-C1-PPWP-X2.jpg
167111581171900002490,ACEH,ACEH TIMUR,DARUL IHSAN,SEUNEUBOK KULAM,TPS 1,2019-10-24 05:00:04,20,188,249,221,221,208,13,https://pemilu2019.kpu.go.id/img/c/900/002/900002490/2-1171-1-C1-PPWP-X1.jpg,https://pemilu2019.kpu.go.id/img/c/900/002/900002490/2-1171-1-C1-PPWP-X2.jpg
167111581163900002477,ACEH,ACEH TIMUR,DARUL IHSAN,SEUNEUBOK LAPANG,TPS 1,2019-10-24 05:00:04,15,137,198,163,163,152,11,https://pemilu2019.kpu.go.id/img/c/900/002/900002477/1-1163-1-C1-PPWP-X1.jpg,https://pemilu2019.kpu.go.id/img/c/900/002/900002477/1-1163-1-C1-PPWP-X2.jpg
167111581163900002478,ACEH,ACEH TIMUR,DARUL IHSAN,SEUNEUBOK LAPANG,TPS 2,2019-10-24 05:00:04,11,110,177,134,134,121,13,https://pemilu2019.kpu.go.id/img/c/900/002/900002478/1-1163-2-C1-PPWP-X1.jpg,https://pemilu2019.kpu.go.id/img/c/900/002/900002478/1-1163-2-C1-PPWP-X2.jpg
167111581173900002492,ACEH,ACEH TIMUR,DARUL IHSAN,SEUNEUBOK TEUNGOH,TPS 1,2019-10-24 05:00:04,7,117,157,127,127,124,3,https://pemilu2019.kpu.go.id/img/c/900/002/900002492/2-1173-1-C1-PPWP-X1.jpg,https://pemilu2019.kpu.go.id/img/c/900/002/900002492/2-1173-1-C1-PPWP-X2.jpg
167111581173900002493,ACEH,ACEH TIMUR,DARUL IHSAN,SEUNEUBOK TEUNGOH,TPS 2,2019-10-24 05:00:04,8,131,158,140,140,139,1,https://pemilu2019.kpu.go.id/img/c/900/002/900002493/1-1173-2-C1-PPWP-X1.jpg,https://pemilu2019.kpu.go.id/img/c/900/002/900002493/1-1173-2-C1-PPWP-X2.jpg
1671756774900001543,ACEH,ACEH TIMUR,IDI RAYEUK,ALUE DUA MUKA O,TPS 1,2019-10-24 05:00:04,13,122,193,146,146,135,11,https://pemilu2019.kpu.go.id/img/c/900/001/900001543/1-774-1-C1-PPWP-X1.jpg,https://pemilu2019.kpu.go.id/img/c/900/001/900001543/1-774-1-C1-PPWP-X2.jpg
1671756775900001544,ACEH,ACEH TIMUR,IDI RAYEUK,ALUE DUA MUKA S,TPS 1,2019-10-24 05:00:04,13,216,294,235,235,229,6,https://pemilu2019.kpu.go.id/img/c/900/001/900001544/1-775-1-C1-PPWP-X1.jpg,https://pemilu2019.kpu.go.id/img/c/900/001/900001544/1-775-1-C1-PPWP-X2.jpg
1671756766900001519,ACEH,ACEH TIMUR,IDI RAYEUK,BANTAYAN TIMU,TPS 1,2019-10-24 05:00:04,10,138,177,152,152,148,4,https://pemilu2019.kpu.go.id/img/c/900/001/900001519/1-766-1-C1-PPWP-X1.jpg,https://pemilu2019.kpu.go.id/img/c/900/001/900001519/1-766-1-C1-PPWP-X2.jpg
1671756766900001520,ACEH,ACEH TIMUR,IDI RAYEUK,BANTAYAN TIMU,TPS 2,2019-10-24 05:00:04,6,104,141,114,114,4,110,https://pemilu2019.kpu.go.id/img/c/900/001/900001520/1-766-2-C1-PPWP-X1.jpg,https://pemilu2019.kpu.go.id/img/c/900/001/900001520/1-766-2-C1-PPWP-X2.jpg
1671756764900001511,ACEH,ACEH TIMUR,IDI RAYEUK,BLANG GEULUMPANG,TPS 1,2019-10-24 05:00:04,13,147,271,169,169,160,9,https://pemilu2019.kpu.go.id/img/c/900/001/900001511/1-764-1-C1-PPWP-X1.jpg,https://pemilu2019.kpu.go.id/img/c/900/001/900001511/1-764-1-C1-PPWP-X2.jpg
1671756764900001512,ACEH,ACEH TIMUR,IDI RAYEUK,BLANG GEULUMPANG,TPS 2,2019-10-24 05:00:04,13,136,292,157,157,149,8,https://pemilu2019.kpu.go.id/img/c/900/001/900001512/1-764-2-C1-PPWP-X1.jpg,https://pemilu2019.kpu.go.id/img/c/900/001/900001512/1-764-2-C1-PPWP-X2.jpg
1671756764900001513,ACEH,ACEH TIMUR,IDI RAYEUK,BLANG GEULUMPANG,TPS 3,2019-10-24 05:00:04,14,151,280,173,173,165,8,https://pemilu2019.kpu.go.id/img/c/900/001/900001513/1-764-3-C1-PPWP-X1.jpg,https://pemilu2019.kpu.go.id/img/c/900/001/900001513/1-764-3-C1-PPWP-X2.jpg
1671756764900001514,ACEH,ACEH TIMUR,IDI RAYEUK,BLANG GEULUMPANG,TPS 4,2019-10-24 05:00:04,10,157,280,178,178,167,11,https://pemilu2019.kpu.go.id/img/c/900/001/900001514/1-764-4-C1-PPWP-X1.jpg,https://pemilu2019.kpu.go.id/img/c/900/001/900001514/1-764-4-C1-PPWP-X2.jpg
1671756764900001515,ACEH,ACEH TIMUR,IDI RAYEUK,BLANG GEULUMPANG,TPS 5,2019-10-24 05:00:04,14,139,298,154,154,153,1,https://pemilu2019.kpu.go.id/img/c/900/001/900001515/1-764-5-C1-PPWP-X1.jpg,https://pemilu2019.kpu.go.id/img/c/900/001/900001515/1-764-5-C1-PPWP-X2.jpg
1671756764900001516,ACEH,ACEH TIMUR,IDI RAYEUK,BLANG GEULUMPANG,TPS 6,2019-10-24 05:00:04,17,150,323,172,172,167,5,https://pemilu2019.kpu.go.id/img/c/900/001/900001516/1-764-6-C1-PPWP-X1.jpg,https://pemilu2019.kpu.go.id/img/c/900/001/900001516/1-764-6-C1-PPWP-X2.jpg
1671756777900001546,ACEH,ACEH TIMUR,IDI RAYEUK,BUKET JOK,TPS 1,2019-10-24 05:00:04,10,154,213,164,164,164,0,https://pemilu2019.kpu.go.id/img/c/900/001/900001546/1-777-1-C1-PPWP-X1.jpg,https://pemilu2019.kpu.go.id/img/c/900/001/900001546/1-777-1-C1-PPWP-X2.jpg
1671756783900001561,ACEH,ACEH TIMUR,IDI RAYEUK,BUKET JUARA,TPS 1,2019-10-24 05:00:04,22,175,219,205,205,197,8,https://pemilu2019.kpu.go.id/img/c/900/001/900001561/1-783-1-C1-PPWP-X1.jpg,https://pemilu2019.kpu.go.id/img/c/900/001/900001561/1-783-1-C1-PPWP-X2.jpg
1671756781900001558,ACEH,ACEH TIMUR,IDI RAYEUK,BUKET LANGA,TPS 1,2019-10-24 05:00:04,5,66,89,73,73,71,2,https://pemilu2019.kpu.go.id/img/c/900/001/900001558/1-781-1-C1-PPWP-X1.jpg,https://pemilu2019.kpu.go.id/img/c/900/001/900001558/1-781-1-C1-PPWP-X2.jpg
1671756778900001547,ACEH,ACEH TIMUR,IDI RAYEUK,BUKET MEULINTEUNG,TPS 1,2019-10-24 05:00:04,8,167,225,184,184,175,9,https://pemilu2019.kpu.go.id/img/c/900/001/900001547/2-778-1-C1-PPWP-X1.jpg,https://pemilu2019.kpu.go.id/img/c/900/001/900001547/2-778-1-C1-PPWP-X2.jpg
1671756782900001559,ACEH,ACEH TIMUR,IDI RAYEUK,BUKET PALA,TPS 1,2019-10-24 05:00:04,17,125,206,156,156,142,14,https://pemilu2019.kpu.go.id/img/c/900/001/900001559/1-782-1-C1-PPWP-X1.jpg,https://pemilu2019.kpu.go.id/img/c/900/001/900001559/1-782-1-C1-PPWP-X2.jpg
1671756782900001560,ACEH,ACEH TIMUR,IDI RAYEUK,BUKET PALA,TPS 2,2019-10-24 05:00:04,12,113,172,128,128,125,3,https://pemilu2019.kpu.go.id/img/c/900/001/900001560/1-782-2-C1-PPWP-X1.jpg,https://pemilu2019.kpu.go.id/img/c/900/001/900001560/1-782-2-C1-PPWP-X2.jpg
1671756787900001565,ACEH,ACEH TIMUR,IDI RAYEUK,DAMA PULO,TPS 1,2019-10-24 05:00:04,20,145,236,171,171,165,6,https://pemilu2019.kpu.go.id/img/c/900/001/900001565/1-787-1-C1-PPWP-X1.jpg,https://pemilu2019.kpu.go.id/img/c/900/001/900001565/1-787-1-C1-PPWP-X2.jpg
1671756787900001566,ACEH,ACEH TIMUR,IDI RAYEUK,DAMA PULO,TPS 2,2019-10-24 05:00:04,14,134,228,153,153,148,5,https://pemilu2019.kpu.go.id/img/c/900/001/900001566/1-787-2-C1-PPWP-X1.jpg,https://pemilu2019.kpu.go.id/img/c/900/001/900001566/1-787-2-C1-PPWP-X2.jpg
1671756787900001567,ACEH,ACEH TIMUR,IDI RAYEUK,DAMA PULO,TPS 3,2019-10-24 05:00:04,16,121,210,141,141,137,4,https://pemilu2019.kpu.go.id/img/c/900/001/900001567/1-787-3-C1-PPWP-X1.jpg,https://pemilu2019.kpu.go.id/img/c/900/001/900001567/1-787-3-C1-PPWP-X2.jpg
1671756761900001499,ACEH,ACEH TIMUR,IDI RAYEUK,GAMPONG ACEH,TPS 1,2019-10-24 05:00:04,32,158,297,196,196,190,6,https://pemilu2019.kpu.go.id/img/c/900/001/900001499/1-761-1-C1-PPWP-X1.jpg,https://pemilu2019.kpu.go.id/img/c/900/001/900001499/1-761-1-C1-PPWP-X2.jpg
1671756761900001500,ACEH,ACEH TIMUR,IDI RAYEUK,GAMPONG ACEH,TPS 2,2019-10-24 05:00:04,26,159,297,191,191,185,6,https://pemilu2019.kpu.go.id/img/c/900/001/900001500/1-761-2-C1-PPWP-X1.jpg,https://pemilu2019.kpu.go.id/img/c/900/001/900001500/1-761-2-C1-PPWP-X2.jpg
1671756761900001501,ACEH,ACEH TIMUR,IDI RAYEUK,GAMPONG ACEH,TPS 3,2019-10-24 05:00:04,13,183,299,202,202,196,6,https://pemilu2019.kpu.go.id/img/c/900/001/900001501/1-761-3-C1-PPWP-X1.jpg,https://pemilu2019.kpu.go.id/img/c/900/001/900001501/1-761-3-C1-PPWP-X2.jpg
1671756761900001502,ACEH,ACEH TIMUR,IDI RAYEUK,GAMPONG ACEH,TPS 4,2019-10-24 05:00:04,12,157,281,174,174,169,5,https://pemilu2019.kpu.go.id/img/c/900/001/900001502/1-761-4-C1-PPWP-X1.jpg,https://pemilu2019.kpu.go.id/img/c/900/001/900001502/1-761-4-C1-PPWP-X2.jpg
1671756761900001503,ACEH,ACEH TIMUR,IDI RAYEUK,GAMPONG ACEH,TPS 5,2019-10-24 05:00:04,14,123,192,192,142,137,5,https://pemilu2019.kpu.go.id/img/c/900/001/900001503/1-761-5-C1-PPWP-X1.jpg,https://pemilu2019.kpu.go.id/img/c/900/001/900001503/1-761-5-C1-PPWP-X2.jpg
1671756789900001570,ACEH,ACEH TIMUR,IDI RAYEUK,GAMPONG BARO,TPS 1,2019-10-24 05:00:04,13,183,275,201,201,196,5,https://pemilu2019.kpu.go.id/img/c/900/001/900001570/1-789-1-C1-PPWP-X1.jpg,https://pemilu2019.kpu.go.id/img/c/900/001/900001570/1-789-1-C1-PPWP-X2.jpg
1671756789900001571,ACEH,ACEH TIMUR,IDI RAYEUK,GAMPONG BARO,TPS 2,2019-10-24 05:00:04,19,142,214,171,171,162,9,https://pemilu2019.kpu.go.id/img/c/900/001/900001571/1-789-2-C1-PPWP-X1.jpg,https://pemilu2019.kpu.go.id/img/c/900/001/900001571/1-789-2-C1-PPWP-X2.jpg
1671756789900001572,ACEH,ACEH TIMUR,IDI RAYEUK,GAMPONG BARO,TPS 3,2019-10-24 05:00:04,9,127,172,137,137,136,1,https://pemilu2019.kpu.go.id/img/c/900/001/900001572/1-789-3-C1-PPWP-X1.jpg,https://pemilu2019.kpu.go.id/img/c/900/001/900001572/1-789-3-C1-PPWP-X2.jpg
1671756779900001548,ACEH,ACEH TIMUR,IDI RAYEUK,GAMPONG JALAN,TPS 1,2019-10-24 05:00:04,10,162,303,174,174,172,2,https://pemilu2019.kpu.go.id/img/c/900/001/900001548/1-779-1-C1-PPWP-X1.jpg,https://pemilu2019.kpu.go.id/img/c/900/001/900001548/1-779-1-C1-PPWP-X2.jpg
1671756779900001549,ACEH,ACEH TIMUR,IDI RAYEUK,GAMPONG JALAN,TPS 2,2019-10-24 05:00:04,8,169,301,179,179,177,2,https://pemilu2019.kpu.go.id/img/c/900/001/900001549/1-779-2-C1-PPWP-X1.jpg,https://pemilu2019.kpu.go.id/img/c/900/001/900001549/1-779-2-C1-PPWP-X2.jpg
1671756779900001550,ACEH,ACEH TIMUR,IDI RAYEUK,GAMPONG JALAN,TPS 3,2019-10-24 05:00:04,11,170,300,191,191,181,10,https://pemilu2019.kpu.go.id/img/c/900/001/900001550/1-779-3-C1-PPWP-X1.jpg,https://pemilu2019.kpu.go.id/img/c/900/001/900001550/1-779-3-C1-PPWP-X2.jpg
1671756779900001551,ACEH,ACEH TIMUR,IDI RAYEUK,GAMPONG JALAN,TPS 4,2019-10-24 05:00:04,18,151,311,175,175,169,6,https://pemilu2019.kpu.go.id/img/c/900/001/900001551/1-779-4-C1-PPWP-X1.jpg,https://pemilu2019.kpu.go.id/img/c/900/001/900001551/1-779-4-C1-PPWP-X2.jpg
1671756779900001552,ACEH,ACEH TIMUR,IDI RAYEUK,GAMPONG JALAN,TPS 5,2019-10-24 05:00:04,10,172,311,186,186,182,4,https://pemilu2019.kpu.go.id/img/c/900/001/900001552/1-779-5-C1-PPWP-X1.jpg,https://pemilu2019.kpu.go.id/img/c/900/001/900001552/1-779-5-C1-PPWP-X2.jpg
1671756779900001553,ACEH,ACEH TIMUR,IDI RAYEUK,GAMPONG JALAN,TPS 6,2019-10-24 05:00:04,14,167,299,186,186,181,5,https://pemilu2019.kpu.go.id/img/c/900/001/900001553/1-779-6-C1-PPWP-X1.jpg,https://pemilu2019.kpu.go.id/img/c/900/001/900001553/1-779-6-C1-PPWP-X2.jpg
1671756779900001554,ACEH,ACEH TIMUR,IDI RAYEUK,GAMPONG JALAN,TPS 7,2019-10-24 05:00:04,6,147,160,160,160,153,7,https://pemilu2019.kpu.go.id/img/c/900/001/900001554/1-779-7-C1-PPWP-X1.jpg,https://pemilu2019.kpu.go.id/img/c/900/001/900001554/1-779-7-C1-PPWP-X2.jpg
1671756779900001555,ACEH,ACEH TIMUR,IDI RAYEUK,GAMPONG JALAN,TPS 8,2019-10-24 05:00:04,8,141,157,157,157,149,8,https://pemilu2019.kpu.go.id/img/c/900/001/900001555/1-779-8-C1-PPWP-X1.jpg,https://pemilu2019.kpu.go.id/img/c/900/001/900001555/1-779-8-C1-PPWP-X2.jpg
1671756757900001466,ACEH,ACEH TIMUR,IDI RAYEUK,GAMPONG JAWA,TPS 01,2019-10-24 05:00:04,27,167,297,201,201,194,7,https://pemilu2019.kpu.go.id/img/c/900/001/900001466/1-757-01-C1-PPWP-X1.jpg,https://pemilu2019.kpu.go.id/img/c/900/001/900001466/1-757-01-C1-PPWP-X2.jpg
1671756757900001467,ACEH,ACEH TIMUR,IDI RAYEUK,GAMPONG JAWA,TPS 02,2019-10-24 05:00:04,32,130,300,172,172,162,10,https://pemilu2019.kpu.go.id/img/c/900/001/900001467/2-757-02-C1-PPWP-X1.jpg,https://pemilu2019.kpu.go.id/img/c/900/001/900001467/2-757-02-C1-PPWP-X2.jpg
1671756757900001468,ACEH,ACEH TIMUR,IDI RAYEUK,GAMPONG JAWA,TPS 03,2019-10-24 05:00:04,23,197,298,225,225,220,5,https://pemilu2019.kpu.go.id/img/c/900/001/900001468/1-757-03-C1-PPWP-X1.jpg,https://pemilu2019.kpu.go.id/img/c/900/001/900001468/1-757-03-C1-PPWP-X2.jpg
1671756757900001469,ACEH,ACEH TIMUR,IDI RAYEUK,GAMPONG JAWA,TPS 04,2019-10-24 05:00:04,11,202,300,322,322,213,109,https://pemilu2019.kpu.go.id/img/c/900/001/900001469/1-757-04-C1-PPWP-X1.jpg,https://pemilu2019.kpu.go.id/img/c/900/001/900001469/1-757-04-C1-PPWP-X2.jpg
1671756757900001470,ACEH,ACEH TIMUR,IDI RAYEUK,GAMPONG JAWA,TPS 05,2019-10-24 05:00:04,14,174,300,192,192,188,4,https://pemilu2019.kpu.go.id/img/c/900/001/900001470/1-757-05-C1-PPWP-X1.jpg,https://pemilu2019.kpu.go.id/img/c/900/001/900001470/1-757-05-C1-PPWP-X2.jpg
1671756757900001471,ACEH,ACEH TIMUR,IDI RAYEUK,GAMPONG JAWA,TPS 06,2019-10-24 05:00:04,14,172,299,190,190,186,4,https://pemilu2019.kpu.go.id/img/c/900/001/900001471/1-757-06-C1-PPWP-X1.jpg,https://pemilu2019.kpu.go.id/img/c/900/001/900001471/1-757-06-C1-PPWP-X2.jpg
1671756757900001472,ACEH,ACEH TIMUR,IDI RAYEUK,GAMPONG JAWA,TPS 07,2019-10-24 05:00:04,20,198,300,223,223,218,5,https://pemilu2019.kpu.go.id/img/c/900/001/900001472/1-757-07-C1-PPWP-X1.jpg,https://pemilu2019.kpu.go.id/img/c/900/001/900001472/1-757-07-C1-PPWP-X2.jpg
1671756757900001473,ACEH,ACEH TIMUR,IDI RAYEUK,GAMPONG JAWA,TPS 08,2019-10-24 05:00:04,18,198,299,218,219,216,3,https://pemilu2019.kpu.go.id/img/c/900/001/900001473/1-757-08-C1-PPWP-X1.jpg,https://pemilu2019.kpu.go.id/img/c/900/001/900001473/1-757-08-C1-PPWP-X2.jpg
1671756757900001474,ACEH,ACEH TIMUR,IDI RAYEUK,GAMPONG JAWA,TPS 09,2019-10-24 05:00:04,29,181,301,211,211,210,1,https://pemilu2019.kpu.go.id/img/c/900/001/900001474/1-757-09-C1-PPWP-X1.jpg,https://pemilu2019.kpu.go.id/img/c/900/001/900001474/1-757-09-C1-PPWP-X2.jpg
1671756757900001475,ACEH,ACEH TIMUR,IDI RAYEUK,GAMPONG JAWA,TPS 10,2019-10-24 05:00:04,25,156,304,185,185,181,4,https://pemilu2019.kpu.go.id/img/c/900/001/900001475/1-757-10-C1-PPWP-X1.jpg,https://pemilu2019.kpu.go.id/img/c/900/001/900001475/1-757-10-C1-PPWP-X2.jpg
1671756763900001508,ACEH,ACEH TIMUR,IDI RAYEUK,GAMPONG TANJONG,TPS 1,2019-10-24 05:00:04,28,166,269,199,199,5,194,https://pemilu2019.kpu.go.id/img/c/900/001/900001508/1-763-1-C1-PPWP-X1.jpg,https://pemilu2019.kpu.go.id/img/c/900/001/900001508/1-763-1-C1-PPWP-X2.jpg
1671756763900001509,ACEH,ACEH TIMUR,IDI RAYEUK,GAMPONG TANJONG,TPS 2,2019-10-24 05:00:04,27,148,234,186,186,175,11,https://pemilu2019.kpu.go.id/img/c/900/001/900001509/1-763-2-C1-PPWP-X1.jpg,https://pemilu2019.kpu.go.id/img/c/900/001/900001509/1-763-2-C1-PPWP-X2.jpg
1671756763900001510,ACEH,ACEH TIMUR,IDI RAYEUK,GAMPONG TANJONG,TPS 3,2019-10-24 05:00:04,30,145,266,189,189,175,14,https://pemilu2019.kpu.go.id/img/c/900/001/900001510/1-763-3-C1-PPWP-X1.jpg,https://pemilu2019.kpu.go.id/img/c/900/001/900001510/1-763-3-C1-PPWP-X2.jpg
1671756788900001568,ACEH,ACEH TIMUR,IDI RAYEUK,GUREB BLANG,TPS 1,2019-10-24 05:00:04,23,127,157,157,157,150,7,https://pemilu2019.kpu.go.id/img/c/900/001/900001568/1-788-1-C1-PPWP-X1.jpg,https://pemilu2019.kpu.go.id/img/c/900/001/900001568/1-788-1-C1-PPWP-X2.jpg
1671756788900001569,ACEH,ACEH TIMUR,IDI RAYEUK,GUREB BLANG,TPS 2,2019-10-24 05:00:04,19,101,160,123,123,120,3,https://pemilu2019.kpu.go.id/img/c/900/001/900001569/1-788-2-C1-PPWP-X1.jpg,https://pemilu2019.kpu.go.id/img/c/900/001/900001569/1-788-2-C1-PPWP-X2.jpg
1671756770900001535,ACEH,ACEH TIMUR,IDI RAYEUK,KEUDE ACEH,TPS 1,2019-10-24 05:00:04,14,197,240,213,213,211,2,https://pemilu2019.kpu.go.id/img/c/900/001/900001535/1-770-1-C1-PPWP-X1.jpg,https://pemilu2019.kpu.go.id/img/c/900/001/900001535/1-770-1-C1-PPWP-X2.jpg
1671756770900001536,ACEH,ACEH TIMUR,IDI RAYEUK,KEUDE ACEH,TPS 2,2019-10-24 05:00:04,9,178,270,189,189,187,2,https://pemilu2019.kpu.go.id/img/c/900/001/900001536/1-770-2-C1-PPWP-X1.jpg,https://pemilu2019.kpu.go.id/img/c/900/001/900001536/1-770-2-C1-PPWP-X2.jpg
1671756758900001476,ACEH,ACEH TIMUR,IDI RAYEUK,KEUDE BLANG,TPS 1,2019-10-24 05:00:04,14,212,288,227,227,226,1,https://pemilu2019.kpu.go.id/img/c/900/001/900001476/1-758-1-C1-PPWP-X1.jpg,https://pemilu2019.kpu.go.id/img/c/900/001/900001476/1-758-1-C1-PPWP-X2.jpg
1671756758900001477,ACEH,ACEH TIMUR,IDI RAYEUK,KEUDE BLANG,TPS 2,2019-10-24 05:00:04,19,199,270,218,218,218,0,https://pemilu2019.kpu.go.id/img/c/900/001/900001477/1-758-2-C1-PPWP-X1.jpg,https://pemilu2019.kpu.go.id/img/c/900/001/900001477/1-758-2-C1-PPWP-X2.jpg
1671756758900001478,ACEH,ACEH TIMUR,IDI RAYEUK,KEUDE BLANG,TPS 3,2019-10-24 05:00:04,12,165,260,260,184,177,7,https://pemilu2019.kpu.go.id/img/c/900/001/900001478/1-758-3-C1-PPWP-X1.jpg,https://pemilu2019.kpu.go.id/img/c/900/001/900001478/1-758-3-C1-PPWP-X2.jpg
1671756767900001521,ACEH,ACEH TIMUR,IDI RAYEUK,KEUTAPANG MAMEH,TPS 1,2019-10-24 05:00:04,15,159,255,177,177,174,3,https://pemilu2019.kpu.go.id/img/c/900/001/900001521/1-767-1-C1-PPWP-X1.jpg,https://pemilu2019.kpu.go.id/img/c/900/001/900001521/1-767-1-C1-PPWP-X2.jpg
1671756767900001522,ACEH,ACEH TIMUR,IDI RAYEUK,KEUTAPANG MAMEH,TPS 2,2019-10-24 05:00:04,11,198,211,211,214,209,5,https://pemilu2019.kpu.go.id/img/c/900/001/900001522/1-767-2-C1-PPWP-X1.jpg,https://pemilu2019.kpu.go.id/img/c/900/001/900001522/1-767-2-C1-PPWP-X2.jpg
1671756767900001523,ACEH,ACEH TIMUR,IDI RAYEUK,KEUTAPANG MAMEH,TPS 3,2019-10-24 05:00:04,7,180,261,197,197,187,10,https://pemilu2019.kpu.go.id/img/c/900/001/900001523/1-767-3-C1-PPWP-X1.jpg,https://pemilu2019.kpu.go.id/img/c/900/001/900001523/1-767-3-C1-PPWP-X2.jpg
1671756767900001524,ACEH,ACEH TIMUR,IDI RAYEUK,KEUTAPANG MAMEH,TPS 4,2019-10-24 05:00:04,14,113,183,134,134,127,7,https://pemilu2019.kpu.go.id/img/c/900/001/900001524/1-767-4-C1-PPWP-X1.jpg,https://pemilu2019.kpu.go.id/img/c/900/001/900001524/1-767-4-C1-PPWP-X2.jpg
1671756767900001525,ACEH,ACEH TIMUR,IDI RAYEUK,KEUTAPANG MAMEH,TPS 5,2019-10-24 05:00:04,7,121,185,133,133,128,5,https://pemilu2019.kpu.go.id/img/c/900/001/900001525/1-767-5-C1-PPWP-X1.jpg,https://pemilu2019.kpu.go.id/img/c/900/001/900001525/1-767-5-C1-PPWP-X2.jpg
1671756769900001533,ACEH,ACEH TIMUR,IDI RAYEUK,KUALA IDI,TPS 1,2019-10-24 05:00:04,7,196,289,211,211,203,8,https://pemilu2019.kpu.go.id/img/c/900/001/900001533/1-769-1-C1-PPWP-X1.jpg,https://pemilu2019.kpu.go.id/img/c/900/001/900001533/1-769-1-C1-PPWP-X2.jpg
1671756769900001534,ACEH,ACEH TIMUR,IDI RAYEUK,KUALA IDI,TPS 2,2019-10-24 05:00:04,9,186,250,205,205,195,10,https://pemilu2019.kpu.go.id/img/c/900/001/900001534/1-769-2-C1-PPWP-X1.jpg,https://pemilu2019.kpu.go.id/img/c/900/001/900001534/1-769-2-C1-PPWP-X2.jpg
1671756760900001494,ACEH,ACEH TIMUR,IDI RAYEUK,KUALA PEUDAWA PUNTONG,TPS 1,2019-10-24 05:00:04,10,181,0,0,200,191,9,https://pemilu2019.kpu.go.id/img/c/900/001/900001494/1-760-1-C1-PPWP-X1.jpg,https://pemilu2019.kpu.go.id/img/c/900/001/900001494/1-760-1-C1-PPWP-X2.jpg
1671756760900001495,ACEH,ACEH TIMUR,IDI RAYEUK,KUALA PEUDAWA PUNTONG,TPS 2,2019-10-24 05:00:04,15,198,295,233,233,213,20,https://pemilu2019.kpu.go.id/img/c/900/001/900001495/1-760-2-C1-PPWP-X1.jpg,https://pemilu2019.kpu.go.id/img/c/900/001/900001495/1-760-2-C1-PPWP-X2.jpg
1671756760900001496,ACEH,ACEH TIMUR,IDI RAYEUK,KUALA PEUDAWA PUNTONG,TPS 3,2019-10-24 05:00:04,23,156,193,193,193,179,14,https://pemilu2019.kpu.go.id/img/c/900/001/900001496/1-760-3-C1-PPWP-X1.jpg,https://pemilu2019.kpu.go.id/img/c/900/001/900001496/1-760-3-C1-PPWP-X2.jpg
1671756760900001497,ACEH,ACEH TIMUR,IDI RAYEUK,KUALA PEUDAWA PUNTONG,TPS 4,2019-10-24 05:00:04,11,122,225,143,143,133,10,https://pemilu2019.kpu.go.id/img/c/900/001/900001497/1-760-4-C1-PPWP-X1.jpg,https://pemilu2019.kpu.go.id/img/c/900/001/900001497/1-760-4-C1-PPWP-X2.jpg
1671756760900001498,ACEH,ACEH TIMUR,IDI RAYEUK,KUALA PEUDAWA PUNTONG,TPS 5,2019-10-24 05:00:04,11,121,219,142,142,132,10,https://pemilu2019.kpu.go.id/img/c/900/001/900001498/1-760-5-C1-PPWP-X1.jpg,https://pemilu2019.kpu.go.id/img/c/900/001/900001498/1-760-5-C1-PPWP-X2.jpg
1671756762900001504,ACEH,ACEH TIMUR,IDI RAYEUK,KUTA BLANG,TPS 1,2019-10-24 05:00:04,17,190,279,209,209,207,2,https://pemilu2019.kpu.go.id/img/c/900/001/900001504/1-762-1-C1-PPWP-X1.jpg,https://pemilu2019.kpu.go.id/img/c/900/001/900001504/1-762-1-C1-PPWP-X2.jpg
1671756762900001505,ACEH,ACEH TIMUR,IDI RAYEUK,KUTA BLANG,TPS 2,2019-10-24 05:00:04,13,175,234,191,191,188,3,https://pemilu2019.kpu.go.id/img/c/900/001/900001505/1-762-2-C1-PPWP-X1.jpg,https://pemilu2019.kpu.go.id/img/c/900/001/900001505/1-762-2-C1-PPWP-X2.jpg
1671756762900001506,ACEH,ACEH TIMUR,IDI RAYEUK,KUTA BLANG,TPS 3,2019-10-24 05:00:04,7,156,220,171,171,163,8,https://pemilu2019.kpu.go.id/img/c/900/001/900001506/1-762-3-C1-PPWP-X1.jpg,https://pemilu2019.kpu.go.id/img/c/900/001/900001506/1-762-3-C1-PPWP-X2.jpg
1671756762900001507,ACEH,ACEH TIMUR,IDI RAYEUK,KUTA BLANG,TPS 4,2019-10-24 05:00:04,10,172,301,183,183,182,1,https://pemilu2019.kpu.go.id/img/c/900/001/900001507/1-762-4-C1-PPWP-X1.jpg,https://pemilu2019.kpu.go.id/img/c/900/001/900001507/1-762-4-C1-PPWP-X2.jpg
1671756791900001576,ACEH,ACEH TIMUR,IDI RAYEUK,KUTA LAWAH,TPS 1,2019-10-24 05:00:04,20,194,287,220,220,214,6,https://pemilu2019.kpu.go.id/img/c/900/001/900001576/1-791-1-C1-PPWP-X1.jpg,https://pemilu2019.kpu.go.id/img/c/900/001/900001576/1-791-1-C1-PPWP-X2.jpg
1671756765900001517,ACEH,ACEH TIMUR,IDI RAYEUK,MEUNASAH PU'UK,TPS 1,2019-10-24 05:00:04,26,201,292,230,230,227,3,https://pemilu2019.kpu.go.id/img/c/900/001/900001517/2-765-1-C1-PPWP-X1.jpg,https://pemilu2019.kpu.go.id/img/c/900/001/900001517/2-765-1-C1-PPWP-X2.jpg
1671756765900001518,ACEH,ACEH TIMUR,IDI RAYEUK,MEUNASAH PU'UK,TPS 2,2019-10-24 05:00:04,4,170,209,176,175,174,1,https://pemilu2019.kpu.go.id/img/c/900/001/900001518/2-765-2-C1-PPWP-X1.jpg,https://pemilu2019.kpu.go.id/img/c/900/001/900001518/2-765-2-C1-PPWP-X2.jpg
1671756786900001564,ACEH,ACEH TIMUR,IDI RAYEUK,SAMPOIMAH,TPS 1,2019-10-24 05:00:04,13,184,258,203,203,197,6,https://pemilu2019.kpu.go.id/img/c/900/001/900001564/1-786-1-C1-PPWP-X1.jpg,https://pemilu2019.kpu.go.id/img/c/900/001/900001564/1-786-1-C1-PPWP-X2.jpg
1671756771900001537,ACEH,ACEH TIMUR,IDI RAYEUK,SEUNEUBOK BACEE,TPS 1,2019-10-24 05:00:04,11,138,190,157,157,149,8,https://pemilu2019.kpu.go.id/img/c/900/001/900001537/1-771-1-C1-PPWP-X1.jpg,https://pemilu2019.kpu.go.id/img/c/900/001/900001537/1-771-1-C1-PPWP-X2.jpg
1671756771900001538,ACEH,ACEH TIMUR,IDI RAYEUK,SEUNEUBOK BACEE,TPS 2,2019-10-24 05:00:04,13,87,125,106,106,100,6,https://pemilu2019.kpu.go.id/img/c/900/001/900001538/1-771-2-C1-PPWP-X1.jpg,https://pemilu2019.kpu.go.id/img/c/900/001/900001538/1-771-2-C1-PPWP-X2.jpg
1671756768900001526,ACEH,ACEH TIMUR,IDI RAYEUK,SEUNEUBOK RAMBONG,TPS 1,2019-10-24 05:00:04,16,113,298,133,133,129,4,https://pemilu2019.kpu.go.id/img/c/900/001/900001526/2-768-1-C1-PPWP-X1.jpg,https://pemilu2019.kpu.go.id/img/c/900/001/900001526/2-768-1-C1-PPWP-X2.jpg
1671756768900001527,ACEH,ACEH TIMUR,IDI RAYEUK,SEUNEUBOK RAMBONG,TPS 2,2019-10-24 05:00:04,11,114,0,0,134,125,9,https://pemilu2019.kpu.go.id/img/c/900/001/900001527/2-768-2-C1-PPWP-X1.jpg,https://pemilu2019.kpu.go.id/img/c/900/001/900001527/2-768-2-C1-PPWP-X2.jpg
1671756768900001528,ACEH,ACEH TIMUR,IDI RAYEUK,SEUNEUBOK RAMBONG,TPS 3,2019-10-24 05:00:04,6,119,238,133,132,125,7,https://pemilu2019.kpu.go.id/img/c/900/001/900001528/2-768-3-C1-PPWP-X1.jpg,https://pemilu2019.kpu.go.id/img/c/900/001/900001528/2-768-3-C1-PPWP-X2.jpg
1671756768900001529,ACEH,ACEH TIMUR,IDI RAYEUK,SEUNEUBOK RAMBONG,TPS 4,2019-10-24 05:00:04,13,148,300,166,166,161,5,https://pemilu2019.kpu.go.id/img/c/900/001/900001529/1-768-4-C1-PPWP-X1.jpg,https://pemilu2019.kpu.go.id/img/c/900/001/900001529/1-768-4-C1-PPWP-X2.jpg
1671756768900001530,ACEH,ACEH TIMUR,IDI RAYEUK,SEUNEUBOK RAMBONG,TPS 5,2019-10-24 05:00:04,24,146,297,177,177,170,7,https://pemilu2019.kpu.go.id/img/c/900/001/900001530/1-768-5-C1-PPWP-X1.jpg,https://pemilu2019.kpu.go.id/img/c/900/001/900001530/1-768-5-C1-PPWP-X2.jpg
1671756768900001531,ACEH,ACEH TIMUR,IDI RAYEUK,SEUNEUBOK RAMBONG,TPS 6,2019-10-24 05:00:04,10,179,297,193,193,189,4,https://pemilu2019.kpu.go.id/img/c/900/001/900001531/1-768-6-C1-PPWP-X1.jpg,https://pemilu2019.kpu.go.id/img/c/900/001/900001531/1-768-6-C1-PPWP-X2.jpg
1671756768900001532,ACEH,ACEH TIMUR,IDI RAYEUK,SEUNEUBOK RAMBONG,TPS 7,2019-10-24 05:00:04,10,63,128,78,78,5,73,https://pemilu2019.kpu.go.id/img/c/900/001/900001532/1-768-7-C1-PPWP-X1.jpg,https://pemilu2019.kpu.go.id/img/c/900/001/900001532/1-768-7-C1-PPWP-X2.jpg
1671756790900001573,ACEH,ACEH TIMUR,IDI RAYEUK,SEUNEUBOK TEUNGOH PDW PUNTONG,TPS 1,2019-10-24 05:00:04,20,189,279,212,212,209,3,https://pemilu2019.kpu.go.id/img/c/900/001/900001573/1-790-1-C1-PPWP-X1.jpg,https://pemilu2019.kpu.go.id/img/c/900/001/900001573/1-790-1-C1-PPWP-X2.jpg
1671756790900001574,ACEH,ACEH TIMUR,IDI RAYEUK,SEUNEUBOK TEUNGOH PDW PUNTONG,TPS 2,2019-10-24 05:00:04,13,130,185,146,146,143,3,https://pemilu2019.kpu.go.id/img/c/900/001/900001574/1-790-2-C1-PPWP-X1.jpg,https://pemilu2019.kpu.go.id/img/c/900/001/900001574/1-790-2-C1-PPWP-X2.jpg
1671756790900001575,ACEH,ACEH TIMUR,IDI RAYEUK,SEUNEUBOK TEUNGOH PDW PUNTONG,TPS 3,2019-10-24 05:00:04,18,88,158,107,107,106,1,https://pemilu2019.kpu.go.id/img/c/900/001/900001575/1-790-3-C1-PPWP-X1.jpg,https://pemilu2019.kpu.go.id/img/c/900/001/900001575/1-790-3-C1-PPWP-X2.jpg
1671756785900001563,ACEH,ACEH TIMUR,IDI RAYEUK,SEUNEUBOK TUHA,TPS 1,2019-10-24 05:00:04,11,86,125,104,104,97,7,https://pemilu2019.kpu.go.id/img/c/900/001/900001563/1-785-1-C1-PPWP-X1.jpg,https://pemilu2019.kpu.go.id/img/c/900/001/900001563/1-785-1-C1-PPWP-X2.jpg
1671756784900001562,ACEH,ACEH TIMUR,IDI RAYEUK,SEUNEUBOK TUTONG,TPS 1,2019-10-24 05:00:04,5,134,172,143,143,139,4,https://pemilu2019.kpu.go.id/img/c/900/001/900001562/1-784-1-C1-PPWP-X1.jpg,https://pemilu2019.kpu.go.id/img/c/900/001/900001562/1-784-1-C1-PPWP-X2.jpg
1671756773900001541,ACEH,ACEH TIMUR,IDI RAYEUK,TANJONG KAPAI,TPS 1,2019-10-24 05:00:04,6,201,294,216,216,207,9,https://pemilu2019.kpu.go.id/img/c/900/001/900001541/1-773-1-C1-PPWP-X1.jpg,https://pemilu2019.kpu.go.id/img/c/900/001/900001541/1-773-1-C1-PPWP-X2.jpg
1671756773900001542,ACEH,ACEH TIMUR,IDI RAYEUK,TANJONG KAPAI,TPS 2,2019-10-24 05:00:04,13,230,302,248,248,243,5,https://pemilu2019.kpu.go.id/img/c/900/001/900001542/1-773-2-C1-PPWP-X1.jpg,https://pemilu2019.kpu.go.id/img/c/900/001/900001542/1-773-2-C1-PPWP-X2.jpg
1671756759900001479,ACEH,ACEH TIMUR,IDI RAYEUK,TANOH ANOU,TPS 01,2019-10-24 05:00:04,6,88,244,97,97,94,3,https://pemilu2019.kpu.go.id/img/c/900/001/900001479/1-759-01-C1-PPWP-X1.jpg,https://pemilu2019.kpu.go.id/img/c/900/001/900001479/1-759-01-C1-PPWP-X2.jpg
1671756759900001480,ACEH,ACEH TIMUR,IDI RAYEUK,TANOH ANOU,TPS 02,2019-10-24 05:00:04,25,141,300,168,168,166,2,https://pemilu2019.kpu.go.id/img/c/900/001/900001480/1-759-02-C1-PPWP-X1.jpg,https://pemilu2019.kpu.go.id/img/c/900/001/900001480/1-759-02-C1-PPWP-X2.jpg
1671756759900001481,ACEH,ACEH TIMUR,IDI RAYEUK,TANOH ANOU,TPS 03,2019-10-24 05:00:04,13,144,271,158,158,157,19,https://pemilu2019.kpu.go.id/img/c/900/001/900001481/1-759-03-C1-PPWP-X1.jpg,https://pemilu2019.kpu.go.id/img/c/900/001/900001481/1-759-03-C1-PPWP-X2.jpg
1671756759900001482,ACEH,ACEH TIMUR,IDI RAYEUK,TANOH ANOU,TPS 04,2019-10-24 05:00:04,11,124,289,143,148,135,8,https://pemilu2019.kpu.go.id/img/c/900/001/900001482/1-759-04-C1-PPWP-X1.jpg,https://pemilu2019.kpu.go.id/img/c/900/001/900001482/1-759-04-C1-PPWP-X2.jpg
1671756759900001483,ACEH,ACEH TIMUR,IDI RAYEUK,TANOH ANOU,TPS 05,2019-10-24 05:00:04,9,157,292,170,170,166,4,https://pemilu2019.kpu.go.id/img/c/900/001/900001483/1-759-05-C1-PPWP-X1.jpg,https://pemilu2019.kpu.go.id/img/c/900/001/900001483/1-759-05-C1-PPWP-X2.jpg
1671756759900001484,ACEH,ACEH TIMUR,IDI RAYEUK,TANOH ANOU,TPS 06,2019-10-24 05:00:04,15,128,298,147,147,143,4,https://pemilu2019.kpu.go.id/img/c/900/001/900001484/1-759-06-C1-PPWP-X1.jpg,https://pemilu2019.kpu.go.id/img/c/900/001/900001484/1-759-06-C1-PPWP-X2.jpg
1671756759900001485,ACEH,ACEH TIMUR,IDI RAYEUK,TANOH ANOU,TPS 07,2019-10-24 05:00:04,23,139,794,176,176,162,14,https://pemilu2019.kpu.go.id/img/c/900/001/900001485/1-759-07-C1-PPWP-X1.jpg,https://pemilu2019.kpu.go.id/img/c/900/001/900001485/1-759-07-C1-PPWP-X2.jpg
1671756759900001486,ACEH,ACEH TIMUR,IDI RAYEUK,TANOH ANOU,TPS 08,2019-10-24 05:00:04,6,166,297,173,173,172,1,https://pemilu2019.kpu.go.id/img/c/900/001/900001486/1-759-08-C1-PPWP-X1.jpg,https://pemilu2019.kpu.go.id/img/c/900/001/900001486/1-759-08-C1-PPWP-X2.jpg
1671756759900001487,ACEH,ACEH TIMUR,IDI RAYEUK,TANOH ANOU,TPS 09,2019-10-24 05:00:04,23,165,285,192,192,188,4,https://pemilu2019.kpu.go.id/img/c/900/001/900001487/1-759-09-C1-PPWP-X1.jpg,https://pemilu2019.kpu.go.id/img/c/900/001/900001487/1-759-09-C1-PPWP-X2.jpg
1671756759900001488,ACEH,ACEH TIMUR,IDI RAYEUK,TANOH ANOU,TPS 10,2019-10-24 05:00:04,12,168,285,185,183,180,3,https://pemilu2019.kpu.go.id/img/c/900/001/900001488/1-759-10-C1-PPWP-X1.jpg,https://pemilu2019.kpu.go.id/img/c/900/001/900001488/1-759-10-C1-PPWP-X2.jpg
1671756759900001489,ACEH,ACEH TIMUR,IDI RAYEUK,TANOH ANOU,TPS 11,2019-10-24 05:00:04,6,150,284,160,160,156,4,https://pemilu2019.kpu.go.id/img/c/900/001/900001489/1-759-11-C1-PPWP-X1.jpg,https://pemilu2019.kpu.go.id/img/c/900/001/900001489/1-759-11-C1-PPWP-X2.jpg
1671756759900001490,ACEH,ACEH TIMUR,IDI RAYEUK,TANOH ANOU,TPS 12,2019-10-24 05:00:04,15,158,274,176,176,173,3,https://pemilu2019.kpu.go.id/img/c/900/001/900001490/1-759-12-C1-PPWP-X1.jpg,https://pemilu2019.kpu.go.id/img/c/900/001/900001490/1-759-12-C1-PPWP-X2.jpg
1671756759900001491,ACEH,ACEH TIMUR,IDI RAYEUK,TANOH ANOU,TPS 13,2019-10-24 05:00:04,10,152,292,163,164,162,2,https://pemilu2019.kpu.go.id/img/c/900/001/900001491/1-759-13-C1-PPWP-X1.jpg,https://pemilu2019.kpu.go.id/img/c/900/001/900001491/1-759-13-C1-PPWP-X2.jpg
1671756759900001492,ACEH,ACEH TIMUR,IDI RAYEUK,TANOH ANOU,TPS 14,2019-10-24 05:00:04,9,127,286,138,138,136,2,https://pemilu2019.kpu.go.id/img/c/900/001/900001492/1-759-14-C1-PPWP-X1.jpg,https://pemilu2019.kpu.go.id/img/c/900/001/900001492/1-759-14-C1-PPWP-X2.jpg
1671756759900001493,ACEH,ACEH TIMUR,IDI RAYEUK,TANOH ANOU,TPS 15,2019-10-24 05:00:04,16,153,300,170,170,169,1,https://pemilu2019.kpu.go.id/img/c/900/001/900001493/1-759-15-C1-PPWP-X1.jpg,https://pemilu2019.kpu.go.id/img/c/900/001/900001493/1-759-15-C1-PPWP-X2.jpg
1671756780900001556,ACEH,ACEH TIMUR,IDI RAYEUK,TEUPIN BATEE,TPS 1,2019-10-24 05:00:04,26,178,298,221,221,204,17,https://pemilu2019.kpu.go.id/img/c/900/001/900001556/1-780-1-C1-PPWP-X1.jpg,https://pemilu2019.kpu.go.id/img/c/900/001/900001556/1-780-1-C1-PPWP-X2.jpg
1671756780900001557,ACEH,ACEH TIMUR,IDI RAYEUK,TEUPIN BATEE,TPS 2,2019-10-24 05:00:04,9,195,291,211,211,204,7,https://pemilu2019.kpu.go.id/img/c/900/001/900001557/1-780-2-C1-PPWP-X1.jpg,https://pemilu2019.kpu.go.id/img/c/900/001/900001557/1-780-2-C1-PPWP-X2.jpg
1671756772900001539,ACEH,ACEH TIMUR,IDI RAYEUK,TITI BARO,TPS 1,2019-10-24 05:00:04,24,138,232,168,168,162,6,https://pemilu2019.kpu.go.id/img/c/900/001/900001539/1-772-1-C1-PPWP-X1.jpg,https://pemilu2019.kpu.go.id/img/c/900/001/900001539/1-772-1-C1-PPWP-X2.jpg
1671756772900001540,ACEH,ACEH TIMUR,IDI RAYEUK,TITI BARO,TPS 2,2019-10-24 05:00:04,22,145,228,171,171,167,4,https://pemilu2019.kpu.go.id/img/c/900/001/900001540/1-772-2-C1-PPWP-X1.jpg,https://pemilu2019.kpu.go.id/img/c/900/001/900001540/1-772-2-C1-PPWP-X2.jpg
1671756776900001545,ACEH,ACEH TIMUR,IDI RAYEUK,ULEE BLANG,TPS 1,2019-10-24 05:00:04,24,105,152,133,133,129,4,https://pemilu2019.kpu.go.id/img/c/900/001/900001545/1-776-1-C1-PPWP-X1.jpg,https://pemilu2019.kpu.go.id/img/c/900/001/900001545/1-776-1-C1-PPWP-X2.jpg
