id,provinsi,kabupaten,kecamatan,kelurahan,tps,timestamp,pemilih-1,pemilih-2,total-pemilih,total-pengguna,suara-total,suara-sah,suara-tidak-sah,c1-1,c1-2
167111191125900002396,ACEH,ACEH TIMUR,PEUREULAK BARAT,ALUE BU JALAN,TPS 1,2019-10-24 05:00:04,13,145,283,162,162,158,4,https://pemilu2019.kpu.go.id/img/c/900/002/900002396/2-1125-1-C1-PPWP-X1.jpg,https://pemilu2019.kpu.go.id/img/c/900/002/900002396/2-1125-1-C1-PPWP-X2.jpg
167111191125900002397,ACEH,ACEH TIMUR,PEUREULAK BARAT,ALUE BU JALAN,TPS 2,2019-10-24 05:00:04,14,159,292,174,174,173,1,https://pemilu2019.kpu.go.id/img/c/900/002/900002397/2-1125-2-C1-PPWP-X1.jpg,https://pemilu2019.kpu.go.id/img/c/900/002/900002397/2-1125-2-C1-PPWP-X2.jpg
167111191125900002398,ACEH,ACEH TIMUR,PEUREULAK BARAT,ALUE BU JALAN,TPS 3,2019-10-24 05:00:04,12,163,286,178,178,175,3,https://pemilu2019.kpu.go.id/img/c/900/002/900002398/2-1125-3-C1-PPWP-X1.jpg,https://pemilu2019.kpu.go.id/img/c/900/002/900002398/2-1125-3-C1-PPWP-X2.jpg
167111191125900002399,ACEH,ACEH TIMUR,PEUREULAK BARAT,ALUE BU JALAN,TPS 4,2019-10-24 05:00:04,5,70,160,79,79,75,4,https://pemilu2019.kpu.go.id/img/c/900/002/900002399/2-1125-4-C1-PPWP-X1.jpg,https://pemilu2019.kpu.go.id/img/c/900/002/900002399/2-1125-4-C1-PPWP-X2.jpg
167111191133900002420,ACEH,ACEH TIMUR,PEUREULAK BARAT,ALUE BU JALAN BAROH,TPS 1,2019-10-24 05:00:04,18,157,282,188,188,175,13,https://pemilu2019.kpu.go.id/img/c/900/002/900002420/2-1133-1-C1-PPWP-X1.jpg,https://pemilu2019.kpu.go.id/img/c/900/002/900002420/2-1133-1-C1-PPWP-X2.jpg
167111191133900002421,ACEH,ACEH TIMUR,PEUREULAK BARAT,ALUE BU JALAN BAROH,TPS 2,2019-10-24 05:00:04,17,148,272,176,176,165,11,https://pemilu2019.kpu.go.id/img/c/900/002/900002421/3-1133-2-C1-PPWP-X1.jpg,https://pemilu2019.kpu.go.id/img/c/900/002/900002421/3-1133-2-C1-PPWP-X2.jpg
167111191133900002422,ACEH,ACEH TIMUR,PEUREULAK BARAT,ALUE BU JALAN BAROH,TPS 3,2019-10-24 05:00:04,4,117,213,127,127,121,6,https://pemilu2019.kpu.go.id/img/c/900/002/900002422/3-1133-3-C1-PPWP-X1.jpg,https://pemilu2019.kpu.go.id/img/c/900/002/900002422/3-1133-3-C1-PPWP-X2.jpg
167111191124900002393,ACEH,ACEH TIMUR,PEUREULAK BARAT,ALUE BU TUHA,TPS 1,2019-10-24 05:00:04,14,183,265,209,209,197,12,https://pemilu2019.kpu.go.id/img/c/900/002/900002393/2-1124-1-C1-PPWP-X1.jpg,https://pemilu2019.kpu.go.id/img/c/900/002/900002393/2-1124-1-C1-PPWP-X2.jpg
167111191124900002394,ACEH,ACEH TIMUR,PEUREULAK BARAT,ALUE BU TUHA,TPS 2,2019-10-24 05:00:04,20,140,241,163,163,160,3,https://pemilu2019.kpu.go.id/img/c/900/002/900002394/2-1124-2-C1-PPWP-X1.jpg,https://pemilu2019.kpu.go.id/img/c/900/002/900002394/2-1124-2-C1-PPWP-X2.jpg
167111191124900002395,ACEH,ACEH TIMUR,PEUREULAK BARAT,ALUE BU TUHA,TPS 3,2019-10-24 05:00:04,5,38,206,149,149,143,6,https://pemilu2019.kpu.go.id/img/c/900/002/900002395/2-1124-3-C1-PPWP-X1.jpg,https://pemilu2019.kpu.go.id/img/c/900/002/900002395/2-1124-3-C1-PPWP-X2.jpg
167111191134900002423,ACEH,ACEH TIMUR,PEUREULAK BARAT,ALUE BU TUNONG,TPS 1,2019-10-24 05:00:04,14,87,258,108,108,101,7,https://pemilu2019.kpu.go.id/img/c/900/002/900002423/2-1134-1-C1-PPWP-X1.jpg,https://pemilu2019.kpu.go.id/img/c/900/002/900002423/2-1134-1-C1-PPWP-X2.jpg
167111191134900002424,ACEH,ACEH TIMUR,PEUREULAK BARAT,ALUE BU TUNONG,TPS 2,2019-10-24 05:00:04,7,149,289,165,165,156,9,https://pemilu2019.kpu.go.id/img/c/900/002/900002424/2-1134-2-C1-PPWP-X1.jpg,https://pemilu2019.kpu.go.id/img/c/900/002/900002424/2-1134-2-C1-PPWP-X2.jpg
167111191134900002425,ACEH,ACEH TIMUR,PEUREULAK BARAT,ALUE BU TUNONG,TPS 3,2019-10-24 05:00:04,6,111,262,124,124,117,7,https://pemilu2019.kpu.go.id/img/c/900/002/900002425/2-1134-3-C1-PPWP-X1.jpg,https://pemilu2019.kpu.go.id/img/c/900/002/900002425/2-1134-3-C1-PPWP-X2.jpg
167111191127900002404,ACEH,ACEH TIMUR,PEUREULAK BARAT,BEURINGIN,TPS 1,2019-10-24 05:00:04,13,192,295,216,216,205,11,https://pemilu2019.kpu.go.id/img/c/900/002/900002404/2-1127-1-C1-PPWP-X1.jpg,https://pemilu2019.kpu.go.id/img/c/900/002/900002404/2-1127-1-C1-PPWP-X2.jpg
167111191127900002405,ACEH,ACEH TIMUR,PEUREULAK BARAT,BEURINGIN,TPS 2,2019-10-24 05:00:04,11,189,292,206,206,200,6,https://pemilu2019.kpu.go.id/img/c/900/002/900002405/2-1127-2-C1-PPWP-X1.jpg,https://pemilu2019.kpu.go.id/img/c/900/002/900002405/2-1127-2-C1-PPWP-X2.jpg
167111191127900002406,ACEH,ACEH TIMUR,PEUREULAK BARAT,BEURINGIN,TPS 3,2019-10-24 05:00:04,7,198,296,214,214,9,205,https://pemilu2019.kpu.go.id/img/c/900/002/900002406/2-1127-3-C1-PPWP-X1.jpg,https://pemilu2019.kpu.go.id/img/c/900/002/900002406/2-1127-3-C1-PPWP-X2.jpg
167111191127900002407,ACEH,ACEH TIMUR,PEUREULAK BARAT,BEURINGIN,TPS 4,2019-10-24 05:00:04,3,101,169,106,106,104,2,https://pemilu2019.kpu.go.id/img/c/900/002/900002407/2-1127-4-C1-PPWP-X1.jpg,https://pemilu2019.kpu.go.id/img/c/900/002/900002407/2-1127-4-C1-PPWP-X2.jpg
167111191132900002418,ACEH,ACEH TIMUR,PEUREULAK BARAT,BEUSA BAROH,TPS 1,2019-10-24 05:00:04,18,175,280,211,211,193,18,https://pemilu2019.kpu.go.id/img/c/900/002/900002418/2-1132-1-C1-PPWP-X1.jpg,https://pemilu2019.kpu.go.id/img/c/900/002/900002418/2-1132-1-C1-PPWP-X2.jpg
167111191132900002419,ACEH,ACEH TIMUR,PEUREULAK BARAT,BEUSA BAROH,TPS 2,2019-10-24 05:00:04,18,158,259,190,190,176,14,https://pemilu2019.kpu.go.id/img/c/900/002/900002419/2-1132-2-C1-PPWP-X1.jpg,https://pemilu2019.kpu.go.id/img/c/900/002/900002419/2-1132-2-C1-PPWP-X2.jpg
167111191120900002379,ACEH,ACEH TIMUR,PEUREULAK BARAT,BEUSA SEBERANG,TPS 1,2019-10-24 05:00:04,10,112,235,128,128,122,6,https://pemilu2019.kpu.go.id/img/c/900/002/900002379/3-1120-1-C1-PPWP-X1.jpg,https://pemilu2019.kpu.go.id/img/c/900/002/900002379/3-1120-1-C1-PPWP-X2.jpg
167111191120900002380,ACEH,ACEH TIMUR,PEUREULAK BARAT,BEUSA SEBERANG,TPS 2,2019-10-24 05:00:04,17,139,282,171,171,156,15,https://pemilu2019.kpu.go.id/img/c/900/002/900002380/3-1120-2-C1-PPWP-X1.jpg,https://pemilu2019.kpu.go.id/img/c/900/002/900002380/3-1120-2-C1-PPWP-X2.jpg
167111191120900002381,ACEH,ACEH TIMUR,PEUREULAK BARAT,BEUSA SEBERANG,TPS 3,2019-10-24 05:00:04,10,158,276,175,175,168,7,https://pemilu2019.kpu.go.id/img/c/900/002/900002381/3-1120-3-C1-PPWP-X1.jpg,https://pemilu2019.kpu.go.id/img/c/900/002/900002381/3-1120-3-C1-PPWP-X2.jpg
167111191120900002382,ACEH,ACEH TIMUR,PEUREULAK BARAT,BEUSA SEBERANG,TPS 4,2019-10-24 05:00:04,22,163,197,197,197,12,185,https://pemilu2019.kpu.go.id/img/c/900/002/900002382/3-1120-4-C1-PPWP-X1.jpg,https://pemilu2019.kpu.go.id/img/c/900/002/900002382/3-1120-4-C1-PPWP-X2.jpg
167111191120900002383,ACEH,ACEH TIMUR,PEUREULAK BARAT,BEUSA SEBERANG,TPS 5,2019-10-24 05:00:04,15,140,274,160,160,155,5,https://pemilu2019.kpu.go.id/img/c/900/002/900002383/3-1120-5-C1-PPWP-X1.jpg,https://pemilu2019.kpu.go.id/img/c/900/002/900002383/3-1120-5-C1-PPWP-X2.jpg
167111191120900002384,ACEH,ACEH TIMUR,PEUREULAK BARAT,BEUSA SEBERANG,TPS 6,2019-10-24 05:00:04,18,160,290,191,191,178,13,https://pemilu2019.kpu.go.id/img/c/900/002/900002384/1-1120-6-C1-PPWP-X1.jpg,https://pemilu2019.kpu.go.id/img/c/900/002/900002384/1-1120-6-C1-PPWP-X2.jpg
167111191120900002385,ACEH,ACEH TIMUR,PEUREULAK BARAT,BEUSA SEBERANG,TPS 7,2019-10-24 05:00:04,15,166,239,185,185,181,4,https://pemilu2019.kpu.go.id/img/c/900/002/900002385/2-1120-7-C1-PPWP-X1.jpg,https://pemilu2019.kpu.go.id/img/c/900/002/900002385/2-1120-7-C1-PPWP-X2.jpg
167111191130900002413,ACEH,ACEH TIMUR,PEUREULAK BARAT,KABU,TPS 1,2019-10-24 05:00:04,22,184,285,220,220,206,14,https://pemilu2019.kpu.go.id/img/c/900/002/900002413/3-1130-1-C1-PPWP-X1.jpg,https://pemilu2019.kpu.go.id/img/c/900/002/900002413/3-1130-1-C1-PPWP-X2.jpg
167111191130900002414,ACEH,ACEH TIMUR,PEUREULAK BARAT,KABU,TPS 2,2019-10-24 05:00:04,15,192,284,211,211,207,4,https://pemilu2019.kpu.go.id/img/c/900/002/900002414/3-1130-2-C1-PPWP-X1.jpg,https://pemilu2019.kpu.go.id/img/c/900/002/900002414/3-1130-2-C1-PPWP-X2.jpg
167111191130900002415,ACEH,ACEH TIMUR,PEUREULAK BARAT,KABU,TPS 3,2019-10-24 05:00:04,13,137,204,156,156,150,6,https://pemilu2019.kpu.go.id/img/c/900/002/900002415/4-1130-3-C1-PPWP-X1.jpg,https://pemilu2019.kpu.go.id/img/c/900/002/900002415/4-1130-3-C1-PPWP-X2.jpg
167111191128900002408,ACEH,ACEH TIMUR,PEUREULAK BARAT,KEBUN TEUMPEUN,TPS 1,2019-10-24 05:00:04,21,105,160,135,135,126,9,https://pemilu2019.kpu.go.id/img/c/900/002/900002408/3-1128-1-C1-PPWP-X1.jpg,https://pemilu2019.kpu.go.id/img/c/900/002/900002408/3-1128-1-C1-PPWP-X2.jpg
167111191121900002386,ACEH,ACEH TIMUR,PEUREULAK BARAT,MON GEUDONG,TPS 1,2019-10-24 05:00:04,36,144,273,194,194,180,14,https://pemilu2019.kpu.go.id/img/c/900/002/900002386/3-1121-1-C1-PPWP-X1.jpg,https://pemilu2019.kpu.go.id/img/c/900/002/900002386/3-1121-1-C1-PPWP-X2.jpg
167111191131900002416,ACEH,ACEH TIMUR,PEUREULAK BARAT,PAYA BIEK,TPS 1,2019-10-24 05:00:04,8,214,296,232,232,222,10,https://pemilu2019.kpu.go.id/img/c/900/002/900002416/4-1131-1-C1-PPWP-X1.jpg,https://pemilu2019.kpu.go.id/img/c/900/002/900002416/4-1131-1-C1-PPWP-X2.jpg
167111191131900002417,ACEH,ACEH TIMUR,PEUREULAK BARAT,PAYA BIEK,TPS 2,2019-10-24 05:00:04,11,133,222,151,151,144,7,https://pemilu2019.kpu.go.id/img/c/900/002/900002417/1-1131-2-C1-PPWP-X1.jpg,https://pemilu2019.kpu.go.id/img/c/900/002/900002417/1-1131-2-C1-PPWP-X2.jpg
167111191129900002409,ACEH,ACEH TIMUR,PEUREULAK BARAT,PAYA GAJAH,TPS 1,2019-10-24 05:00:04,14,145,266,169,169,159,10,https://pemilu2019.kpu.go.id/img/c/900/002/900002409/4-1129-1-C1-PPWP-X1.jpg,https://pemilu2019.kpu.go.id/img/c/900/002/900002409/4-1129-1-C1-PPWP-X2.jpg
167111191129900002410,ACEH,ACEH TIMUR,PEUREULAK BARAT,PAYA GAJAH,TPS 2,2019-10-24 05:00:04,14,163,280,180,180,177,3,https://pemilu2019.kpu.go.id/img/c/900/002/900002410/5-1129-2-C1-PPWP-X1.jpg,https://pemilu2019.kpu.go.id/img/c/900/002/900002410/5-1129-2-C1-PPWP-X2.jpg
167111191129900002411,ACEH,ACEH TIMUR,PEUREULAK BARAT,PAYA GAJAH,TPS 3,2019-10-24 05:00:04,14,151,292,168,168,165,3,https://pemilu2019.kpu.go.id/img/c/900/002/900002411/1-1129-3-C1-PPWP-X1.jpg,https://pemilu2019.kpu.go.id/img/c/900/002/900002411/1-1129-3-C1-PPWP-X2.jpg
167111191129900002412,ACEH,ACEH TIMUR,PEUREULAK BARAT,PAYA GAJAH,TPS 4,2019-10-24 05:00:04,13,131,267,152,152,144,8,https://pemilu2019.kpu.go.id/img/c/900/002/900002412/1-1129-4-C1-PPWP-X1.jpg,https://pemilu2019.kpu.go.id/img/c/900/002/900002412/1-1129-4-C1-PPWP-X2.jpg
167111191122900002387,ACEH,ACEH TIMUR,PEUREULAK BARAT,PAYA SEUNGAT,TPS 1,2019-10-24 05:00:04,21,170,259,201,201,191,10,https://pemilu2019.kpu.go.id/img/c/900/002/900002387/4-1122-1-C1-PPWP-X1.jpg,https://pemilu2019.kpu.go.id/img/c/900/002/900002387/4-1122-1-C1-PPWP-X2.jpg
167111191122900002388,ACEH,ACEH TIMUR,PEUREULAK BARAT,PAYA SEUNGAT,TPS 2,2019-10-24 05:00:04,9,51,81,63,63,60,3,https://pemilu2019.kpu.go.id/img/c/900/002/900002388/1-1122-2-C1-PPWP-X1.jpg,https://pemilu2019.kpu.go.id/img/c/900/002/900002388/1-1122-2-C1-PPWP-X2.jpg
167111191126900002400,ACEH,ACEH TIMUR,PEUREULAK BARAT,TANJUNG TUALANG,TPS 1,2019-10-24 05:00:04,14,177,276,197,197,191,6,https://pemilu2019.kpu.go.id/img/c/900/002/900002400/1-1126-1-C1-PPWP-X1.jpg,https://pemilu2019.kpu.go.id/img/c/900/002/900002400/1-1126-1-C1-PPWP-X2.jpg
167111191126900002401,ACEH,ACEH TIMUR,PEUREULAK BARAT,TANJUNG TUALANG,TPS 2,2019-10-24 05:00:04,16,184,282,206,206,200,6,https://pemilu2019.kpu.go.id/img/c/900/002/900002401/1-1126-2-C1-PPWP-X1.jpg,https://pemilu2019.kpu.go.id/img/c/900/002/900002401/1-1126-2-C1-PPWP-X2.jpg
167111191126900002402,ACEH,ACEH TIMUR,PEUREULAK BARAT,TANJUNG TUALANG,TPS 3,2019-10-24 05:00:04,21,153,264,180,180,174,6,https://pemilu2019.kpu.go.id/img/c/900/002/900002402/1-1126-3-C1-PPWP-X1.jpg,https://pemilu2019.kpu.go.id/img/c/900/002/900002402/1-1126-3-C1-PPWP-X2.jpg
167111191126900002403,ACEH,ACEH TIMUR,PEUREULAK BARAT,TANJUNG TUALANG,TPS 4,2019-10-24 05:00:04,3,33,85,40,40,36,4,https://pemilu2019.kpu.go.id/img/c/900/002/900002403/1-1126-4-C1-PPWP-X1.jpg,https://pemilu2019.kpu.go.id/img/c/900/002/900002403/1-1126-4-C1-PPWP-X2.jpg
167111191123900002389,ACEH,ACEH TIMUR,PEUREULAK BARAT,TEUMPEUN,TPS 1,2019-10-24 05:00:04,7,163,248,174,174,170,4,https://pemilu2019.kpu.go.id/img/c/900/002/900002389/1-1123-1-C1-PPWP-X1.jpg,https://pemilu2019.kpu.go.id/img/c/900/002/900002389/1-1123-1-C1-PPWP-X2.jpg
167111191123900002390,ACEH,ACEH TIMUR,PEUREULAK BARAT,TEUMPEUN,TPS 2,2019-10-24 05:00:04,10,179,274,183,183,179,4,https://pemilu2019.kpu.go.id/img/c/900/002/900002390/4-1123-2-C1-PPWP-X1.jpg,https://pemilu2019.kpu.go.id/img/c/900/002/900002390/4-1123-2-C1-PPWP-X2.jpg
167111191123900002391,ACEH,ACEH TIMUR,PEUREULAK BARAT,TEUMPEUN,TPS 3,2019-10-24 05:00:04,9,172,275,188,188,181,7,https://pemilu2019.kpu.go.id/img/c/900/002/900002391/1-1123-3-C1-PPWP-X1.jpg,https://pemilu2019.kpu.go.id/img/c/900/002/900002391/1-1123-3-C1-PPWP-X2.jpg
167111191123900002392,ACEH,ACEH TIMUR,PEUREULAK BARAT,TEUMPEUN,TPS 4,2019-10-24 05:00:04,4,95,194,105,105,99,6,https://pemilu2019.kpu.go.id/img/c/900/002/900002392/1-1123-4-C1-PPWP-X1.jpg,https://pemilu2019.kpu.go.id/img/c/900/002/900002392/1-1123-4-C1-PPWP-X2.jpg
167110981117900002376,ACEH,ACEH TIMUR,PEUREULAK TIMUR,ALUE BU ALUE LHOK,TPS 1,2019-10-24 05:00:04,33,109,198,198,154,142,12,https://pemilu2019.kpu.go.id/img/c/900/002/900002376/3-1117-1-C1-PPWP-X1.jpg,https://pemilu2019.kpu.go.id/img/c/900/002/900002376/3-1117-1-C1-PPWP-X2.jpg
167110981113900002366,ACEH,ACEH TIMUR,PEUREULAK TIMUR,ALUE BU ALUE NIREH,TPS 1,2019-10-24 05:00:04,21,58,115,90,90,79,11,https://pemilu2019.kpu.go.id/img/c/900/002/900002366/5-1113-1-C1-PPWP-X1.jpg,https://pemilu2019.kpu.go.id/img/c/900/002/900002366/5-1113-1-C1-PPWP-X2.jpg
167110981113900002367,ACEH,ACEH TIMUR,PEUREULAK TIMUR,ALUE BU ALUE NIREH,TPS 2,2019-10-24 05:00:04,44,95,220,149,149,139,10,https://pemilu2019.kpu.go.id/img/c/900/002/900002367/1-1113-2-C1-PPWP-X1.jpg,https://pemilu2019.kpu.go.id/img/c/900/002/900002367/1-1113-2-C1-PPWP-X2.jpg
167110981106900002351,ACEH,ACEH TIMUR,PEUREULAK TIMUR,ALUE BUGENG,TPS 1,2019-10-24 05:00:04,37,151,273,197,197,188,9,https://pemilu2019.kpu.go.id/img/c/900/002/900002351/1106-1-C1-PPWP-X1.jpg,https://pemilu2019.kpu.go.id/img/c/900/002/900002351/1106-1-C1-PPWP-X2.jpg
167110981106900002352,ACEH,ACEH TIMUR,PEUREULAK TIMUR,ALUE BUGENG,TPS 2,2019-10-24 05:00:04,34,113,256,162,162,147,15,https://pemilu2019.kpu.go.id/img/c/900/002/900002352/1106-2-C1-PPWP-X1.jpg,https://pemilu2019.kpu.go.id/img/c/900/002/900002352/1106-2-C1-PPWP-X2.jpg
167110981106900002353,ACEH,ACEH TIMUR,PEUREULAK TIMUR,ALUE BUGENG,TPS 3,2019-10-24 05:00:04,27,142,237,176,176,170,6,https://pemilu2019.kpu.go.id/img/c/900/002/900002353/1106-3-C1-PPWP-X1.jpg,https://pemilu2019.kpu.go.id/img/c/900/002/900002353/1106-3-C1-PPWP-X2.jpg
167110981106900002354,ACEH,ACEH TIMUR,PEUREULAK TIMUR,ALUE BUGENG,TPS 4,2019-10-24 05:00:04,28,94,183,126,126,122,4,https://pemilu2019.kpu.go.id/img/c/900/002/900002354/1106-4-C1-PPWP-X1.jpg,https://pemilu2019.kpu.go.id/img/c/900/002/900002354/1106-4-C1-PPWP-X2.jpg
167110981103900002345,ACEH,ACEH TIMUR,PEUREULAK TIMUR,ALUE GUREP,TPS 1,2019-10-24 05:00:04,20,101,165,125,125,121,4,https://pemilu2019.kpu.go.id/img/c/900/002/900002345/1-1103-1-C1-PPWP-X1.jpg,https://pemilu2019.kpu.go.id/img/c/900/002/900002345/1-1103-1-C1-PPWP-X2.jpg
167110981103900002346,ACEH,ACEH TIMUR,PEUREULAK TIMUR,ALUE GUREP,TPS 2,2019-10-24 05:00:04,15,94,142,118,118,109,9,https://pemilu2019.kpu.go.id/img/c/900/002/900002346/5-1103-2-C1-PPWP-X1.jpg,https://pemilu2019.kpu.go.id/img/c/900/002/900002346/5-1103-2-C1-PPWP-X2.jpg
167110981111900002363,ACEH,ACEH TIMUR,PEUREULAK TIMUR,ALUE THO,TPS 1,2019-10-24 05:00:04,14,125,186,141,141,139,2,https://pemilu2019.kpu.go.id/img/c/900/002/900002363/6-1111-1-C1-PPWP-X1.jpg,https://pemilu2019.kpu.go.id/img/c/900/002/900002363/6-1111-1-C1-PPWP-X2.jpg
167110981099900002337,ACEH,ACEH TIMUR,PEUREULAK TIMUR,BABAH KRUENG,TPS 1,2019-10-24 05:00:04,15,208,289,240,240,223,17,https://pemilu2019.kpu.go.id/img/c/900/002/900002337/6-1099-1-C1-PPWP-X1.jpg,https://pemilu2019.kpu.go.id/img/c/900/002/900002337/6-1099-1-C1-PPWP-X2.jpg
167110981099900002338,ACEH,ACEH TIMUR,PEUREULAK TIMUR,BABAH KRUENG,TPS 2,2019-10-24 05:00:04,9,211,292,229,229,220,9,https://pemilu2019.kpu.go.id/img/c/900/002/900002338/1-1099-2-C1-PPWP-X1.jpg,https://pemilu2019.kpu.go.id/img/c/900/002/900002338/1-1099-2-C1-PPWP-X2.jpg
167110981102900002344,ACEH,ACEH TIMUR,PEUREULAK TIMUR,BUKIT MEURIAM,TPS 1,2019-10-24 05:00:04,6,78,94,86,86,84,2,https://pemilu2019.kpu.go.id/img/c/900/002/900002344/5-1102-1-C1-PPWP-X1.jpg,https://pemilu2019.kpu.go.id/img/c/900/002/900002344/5-1102-1-C1-PPWP-X2.jpg
167110981116900002374,ACEH,ACEH TIMUR,PEUREULAK TIMUR,GEULANGGANG MEURAK,TPS 1,2019-10-24 05:00:04,34,173,292,222,222,207,15,https://pemilu2019.kpu.go.id/img/c/900/002/900002374/5-1116-1-C1-PPWP-X1.jpg,https://pemilu2019.kpu.go.id/img/c/900/002/900002374/5-1116-1-C1-PPWP-X2.jpg
167110981116900002375,ACEH,ACEH TIMUR,PEUREULAK TIMUR,GEULANGGANG MEURAK,TPS 2,2019-10-24 05:00:04,14,72,117,95,95,86,9,https://pemilu2019.kpu.go.id/img/c/900/002/900002375/4-1116-2-C1-PPWP-X1.jpg,https://pemilu2019.kpu.go.id/img/c/900/002/900002375/4-1116-2-C1-PPWP-X2.jpg
167110981101900002341,ACEH,ACEH TIMUR,PEUREULAK TIMUR,JEUNGKI,TPS 1,2019-10-24 05:00:04,10,213,273,234,234,223,11,https://pemilu2019.kpu.go.id/img/c/900/002/900002341/5-1101-1-C1-PPWP-X1.jpg,https://pemilu2019.kpu.go.id/img/c/900/002/900002341/5-1101-1-C1-PPWP-X2.jpg
167110981101900002342,ACEH,ACEH TIMUR,PEUREULAK TIMUR,JEUNGKI,TPS 2,2019-10-24 05:00:04,5,173,277,199,194,178,16,https://pemilu2019.kpu.go.id/img/c/900/002/900002342/3-1101-2-C1-PPWP-X1.jpg,https://pemilu2019.kpu.go.id/img/c/900/002/900002342/3-1101-2-C1-PPWP-X2.jpg
167110981101900002343,ACEH,ACEH TIMUR,PEUREULAK TIMUR,JEUNGKI,TPS 3,2019-10-24 05:00:04,8,194,282,206,206,202,4,https://pemilu2019.kpu.go.id/img/c/900/002/900002343/5-1101-3-C1-PPWP-X1.jpg,https://pemilu2019.kpu.go.id/img/c/900/002/900002343/5-1101-3-C1-PPWP-X2.jpg
167110981100900002339,ACEH,ACEH TIMUR,PEUREULAK TIMUR,KRUET LINTANG,TPS 1,2019-10-24 05:00:04,33,195,275,239,239,228,11,https://pemilu2019.kpu.go.id/img/c/900/002/900002339/5-1100-1-C1-PPWP-X1.jpg,https://pemilu2019.kpu.go.id/img/c/900/002/900002339/5-1100-1-C1-PPWP-X2.jpg
167110981100900002340,ACEH,ACEH TIMUR,PEUREULAK TIMUR,KRUET LINTANG,TPS 2,2019-10-24 05:00:04,7,108,160,124,124,115,9,https://pemilu2019.kpu.go.id/img/c/900/002/900002340/5-1100-2-C1-PPWP-X1.jpg,https://pemilu2019.kpu.go.id/img/c/900/002/900002340/5-1100-2-C1-PPWP-X2.jpg
167110981108900002357,ACEH,ACEH TIMUR,PEUREULAK TIMUR,SEUMATANG KEUDE,TPS 1,2019-10-24 05:00:04,8,169,294,185,185,177,8,https://pemilu2019.kpu.go.id/img/c/900/002/900002357/4-1108-1-C1-PPWP-X1.jpg,https://pemilu2019.kpu.go.id/img/c/900/002/900002357/4-1108-1-C1-PPWP-X2.jpg
167110981108900002358,ACEH,ACEH TIMUR,PEUREULAK TIMUR,SEUMATANG KEUDE,TPS 2,2019-10-24 05:00:04,26,168,253,202,202,194,8,https://pemilu2019.kpu.go.id/img/c/900/002/900002358/4-1108-2-C1-PPWP-X1.jpg,https://pemilu2019.kpu.go.id/img/c/900/002/900002358/4-1108-2-C1-PPWP-X2.jpg
167110981108900002359,ACEH,ACEH TIMUR,PEUREULAK TIMUR,SEUMATANG KEUDE,TPS 3,2019-10-24 05:00:04,19,155,270,179,179,174,5,https://pemilu2019.kpu.go.id/img/c/900/002/900002359/5-1108-3-C1-PPWP-X1.jpg,https://pemilu2019.kpu.go.id/img/c/900/002/900002359/5-1108-3-C1-PPWP-X2.jpg
167110981114900002368,ACEH,ACEH TIMUR,PEUREULAK TIMUR,SEUNEUBOK DALAM,TPS 1,2019-10-24 05:00:04,11,111,162,134,134,122,12,https://pemilu2019.kpu.go.id/img/c/900/002/900002368/6-1114-1-C1-PPWP-X1.jpg,https://pemilu2019.kpu.go.id/img/c/900/002/900002368/6-1114-1-C1-PPWP-X2.jpg
167110981114900002369,ACEH,ACEH TIMUR,PEUREULAK TIMUR,SEUNEUBOK DALAM,TPS 2,2019-10-24 05:00:04,23,98,163,127,127,121,6,https://pemilu2019.kpu.go.id/img/c/900/002/900002369/1-1114-2-C1-PPWP-X1.jpg,https://pemilu2019.kpu.go.id/img/c/900/002/900002369/1-1114-2-C1-PPWP-X2.jpg
167110981109900002360,ACEH,ACEH TIMUR,PEUREULAK TIMUR,SEUNEUBOK JALAN,TPS 1,2019-10-24 05:00:04,25,182,273,212,212,207,5,https://pemilu2019.kpu.go.id/img/c/900/002/900002360/1-1109-1-C1-PPWP-X1.jpg,https://pemilu2019.kpu.go.id/img/c/900/002/900002360/1-1109-1-C1-PPWP-X2.jpg
167110981109900002361,ACEH,ACEH TIMUR,PEUREULAK TIMUR,SEUNEUBOK JALAN,TPS 2,2019-10-24 05:00:04,2,42,64,45,45,44,1,https://pemilu2019.kpu.go.id/img/c/900/002/900002361/1-1109-2-C1-PPWP-X1.jpg,https://pemilu2019.kpu.go.id/img/c/900/002/900002361/1-1109-2-C1-PPWP-X2.jpg
167110981115900002370,ACEH,ACEH TIMUR,PEUREULAK TIMUR,SEUNEUBOK LAPANG,TPS 1,2019-10-24 05:00:04,17,105,180,126,126,122,4,https://pemilu2019.kpu.go.id/img/c/900/002/900002370/2-1115-1-C1-PPWP-X1.jpg,https://pemilu2019.kpu.go.id/img/c/900/002/900002370/2-1115-1-C1-PPWP-X2.jpg
167110981115900002371,ACEH,ACEH TIMUR,PEUREULAK TIMUR,SEUNEUBOK LAPANG,TPS 2,2019-10-24 05:00:04,12,146,271,162,162,158,4,https://pemilu2019.kpu.go.id/img/c/900/002/900002371/1-1115-2-C1-PPWP-X1.jpg,https://pemilu2019.kpu.go.id/img/c/900/002/900002371/1-1115-2-C1-PPWP-X2.jpg
167110981115900002372,ACEH,ACEH TIMUR,PEUREULAK TIMUR,SEUNEUBOK LAPANG,TPS 3,2019-10-24 05:00:04,19,122,285,151,151,141,10,https://pemilu2019.kpu.go.id/img/c/900/002/900002372/1-1115-3-C1-PPWP-X1.jpg,https://pemilu2019.kpu.go.id/img/c/900/002/900002372/1-1115-3-C1-PPWP-X2.jpg
167110981115900002373,ACEH,ACEH TIMUR,PEUREULAK TIMUR,SEUNEUBOK LAPANG,TPS 4,2019-10-24 05:00:04,12,141,277,160,160,153,7,https://pemilu2019.kpu.go.id/img/c/900/002/900002373/1-1115-4-C1-PPWP-X1.jpg,https://pemilu2019.kpu.go.id/img/c/900/002/900002373/1-1115-4-C1-PPWP-X2.jpg
167110981110900002362,ACEH,ACEH TIMUR,PEUREULAK TIMUR,SEUNEUBOK PAYA,TPS 1,2019-10-24 05:00:04,31,118,198,156,156,149,7,https://pemilu2019.kpu.go.id/img/c/900/002/900002362/1-1110-1-C1-PPWP-X1.jpg,https://pemilu2019.kpu.go.id/img/c/900/002/900002362/1-1110-1-C1-PPWP-X2.jpg
167110981107900002355,ACEH,ACEH TIMUR,PEUREULAK TIMUR,SEUNEUBOK PUNTI,TPS 1,2019-10-24 05:00:04,11,115,194,139,139,126,13,https://pemilu2019.kpu.go.id/img/c/900/002/900002355/1-1107-1-C1-PPWP-X1.jpg,https://pemilu2019.kpu.go.id/img/c/900/002/900002355/1-1107-1-C1-PPWP-X2.jpg
167110981107900002356,ACEH,ACEH TIMUR,PEUREULAK TIMUR,SEUNEUBOK PUNTI,TPS 2,2019-10-24 05:00:04,16,91,155,125,125,107,18,https://pemilu2019.kpu.go.id/img/c/900/002/900002356/1-1107-2-C1-PPWP-X1.jpg,https://pemilu2019.kpu.go.id/img/c/900/002/900002356/1-1107-2-C1-PPWP-X2.jpg
167110981112900002364,ACEH,ACEH TIMUR,PEUREULAK TIMUR,SEUNEUBOK RAWANG,TPS 1,2019-10-24 05:00:04,47,158,284,225,225,205,20,https://pemilu2019.kpu.go.id/img/c/900/002/900002364/1-1112-1-C1-PPWP-X1.jpg,https://pemilu2019.kpu.go.id/img/c/900/002/900002364/1-1112-1-C1-PPWP-X2.jpg
167110981112900002365,ACEH,ACEH TIMUR,PEUREULAK TIMUR,SEUNEUBOK RAWANG,TPS 2,2019-10-24 05:00:04,19,175,253,206,206,194,12,https://pemilu2019.kpu.go.id/img/c/900/002/900002365/1-1112-2-C1-PPWP-X1.jpg,https://pemilu2019.kpu.go.id/img/c/900/002/900002365/1-1112-2-C1-PPWP-X2.jpg
167110981105900002349,ACEH,ACEH TIMUR,PEUREULAK TIMUR,SEUNEUBOK TEUNGOH,TPS 1,2019-10-24 05:00:04,25,164,308,202,202,189,13,https://pemilu2019.kpu.go.id/img/c/900/002/900002349/1-1105-1-C1-PPWP-X1.jpg,https://pemilu2019.kpu.go.id/img/c/900/002/900002349/1-1105-1-C1-PPWP-X2.jpg
167110981105900002350,ACEH,ACEH TIMUR,PEUREULAK TIMUR,SEUNEUBOK TEUNGOH,TPS 2,2019-10-24 05:00:04,38,158,295,208,208,196,12,https://pemilu2019.kpu.go.id/img/c/900/002/900002350/1-1105-2-C1-PPWP-X1.jpg,https://pemilu2019.kpu.go.id/img/c/900/002/900002350/1-1105-2-C1-PPWP-X2.jpg
167110981104900002347,ACEH,ACEH TIMUR,PEUREULAK TIMUR,SEUNEUBOK TEUPIN,TPS 1,2019-10-24 05:00:04,34,141,284,192,192,175,17,https://pemilu2019.kpu.go.id/img/c/900/002/900002347/1-1104-1-C1-PPWP-X1.jpg,https://pemilu2019.kpu.go.id/img/c/900/002/900002347/1-1104-1-C1-PPWP-X2.jpg
167110981104900002348,ACEH,ACEH TIMUR,PEUREULAK TIMUR,SEUNEUBOK TEUPIN,TPS 2,2019-10-24 05:00:04,27,116,222,154,154,143,11,https://pemilu2019.kpu.go.id/img/c/900/002/900002348/1-1104-2-C1-PPWP-X1.jpg,https://pemilu2019.kpu.go.id/img/c/900/002/900002348/1-1104-2-C1-PPWP-X2.jpg
167110981118900002377,ACEH,ACEH TIMUR,PEUREULAK TIMUR,TUALANG PATENG,TPS 1,2019-10-24 05:00:04,12,167,235,181,181,179,2,https://pemilu2019.kpu.go.id/img/c/900/002/900002377/1-1118-1-C1-PPWP-X1.jpg,https://pemilu2019.kpu.go.id/img/c/900/002/900002377/1-1118-1-C1-PPWP-X2.jpg
167110981118900002378,ACEH,ACEH TIMUR,PEUREULAK TIMUR,TUALANG PATENG,TPS 2,2019-10-24 05:00:04,19,164,206,187,187,183,4,https://pemilu2019.kpu.go.id/img/c/900/002/900002378/2-1118-2-C1-PPWP-X1.jpg,https://pemilu2019.kpu.go.id/img/c/900/002/900002378/2-1118-2-C1-PPWP-X2.jpg
1671948969900002027,ACEH,ACEH TIMUR,RANTAU PEUREULAK,ALUE BATEE,TPS 1,2019-10-24 05:00:04,31,190,275,227,227,221,6,https://pemilu2019.kpu.go.id/img/c/900/002/900002027/3-969-1-C1-PPWP-X1.jpg,https://pemilu2019.kpu.go.id/img/c/900/002/900002027/3-969-1-C1-PPWP-X2.jpg
1671948969900002028,ACEH,ACEH TIMUR,RANTAU PEUREULAK,ALUE BATEE,TPS 2,2019-10-24 05:00:04,8,51,70,61,61,59,2,https://pemilu2019.kpu.go.id/img/c/900/002/900002028/2-969-2-C1-PPWP-X1.jpg,https://pemilu2019.kpu.go.id/img/c/900/002/900002028/2-969-2-C1-PPWP-X2.jpg
1671948958900001989,ACEH,ACEH TIMUR,RANTAU PEUREULAK,ALUE DUA,TPS 1,2019-10-24 05:00:04,25,95,124,124,124,120,4,https://pemilu2019.kpu.go.id/img/c/900/001/900001989/1-958-1-C1-PPWP-X1.jpg,https://pemilu2019.kpu.go.id/img/c/900/001/900001989/1-958-1-C1-PPWP-X2.jpg
1671948958900001990,ACEH,ACEH TIMUR,RANTAU PEUREULAK,ALUE DUA,TPS 2,2019-10-24 05:00:04,15,89,173,114,114,104,10,https://pemilu2019.kpu.go.id/img/c/900/001/900001990/1-958-2-C1-PPWP-X1.jpg,https://pemilu2019.kpu.go.id/img/c/900/001/900001990/1-958-2-C1-PPWP-X2.jpg
1671948958900001991,ACEH,ACEH TIMUR,RANTAU PEUREULAK,ALUE DUA,TPS 3,2019-10-24 05:00:04,11,122,190,140,140,133,7,https://pemilu2019.kpu.go.id/img/c/900/001/900001991/1-958-3-C1-PPWP-X1.jpg,https://pemilu2019.kpu.go.id/img/c/900/001/900001991/1-958-3-C1-PPWP-X2.jpg
1671948967900002021,ACEH,ACEH TIMUR,RANTAU PEUREULAK,ALUE GEUNTENG,TPS 1,2019-10-24 05:00:04,10,227,338,248,248,246,2,https://pemilu2019.kpu.go.id/img/c/900/002/900002021/2-967-1-C1-PPWP-X1.jpg,https://pemilu2019.kpu.go.id/img/c/900/002/900002021/2-967-1-C1-PPWP-X2.jpg
1671948967900002022,ACEH,ACEH TIMUR,RANTAU PEUREULAK,ALUE GEUNTENG,TPS 2,2019-10-24 05:00:04,12,217,285,229,229,229,0,https://pemilu2019.kpu.go.id/img/c/900/002/900002022/3-967-2-C1-PPWP-X1.jpg,https://pemilu2019.kpu.go.id/img/c/900/002/900002022/3-967-2-C1-PPWP-X2.jpg
1671948967900002023,ACEH,ACEH TIMUR,RANTAU PEUREULAK,ALUE GEUNTENG,TPS 3,2019-10-24 05:00:04,8,228,290,237,237,236,1,https://pemilu2019.kpu.go.id/img/c/900/002/900002023/2-967-3-C1-PPWP-X1.jpg,https://pemilu2019.kpu.go.id/img/c/900/002/900002023/2-967-3-C1-PPWP-X2.jpg
1671948967900002024,ACEH,ACEH TIMUR,RANTAU PEUREULAK,ALUE GEUNTENG,TPS 4,2019-10-24 05:00:04,10,168,238,180,180,178,2,https://pemilu2019.kpu.go.id/img/c/900/002/900002024/2-967-4-C1-PPWP-X1.jpg,https://pemilu2019.kpu.go.id/img/c/900/002/900002024/2-967-4-C1-PPWP-X2.jpg
1671948961900001999,ACEH,ACEH TIMUR,RANTAU PEUREULAK,ALUE UDEP,TPS 1,2019-10-24 05:00:04,29,176,289,214,214,205,9,https://pemilu2019.kpu.go.id/img/c/900/001/900001999/961-1-C1-PPWP-X1.jpg,https://pemilu2019.kpu.go.id/img/c/900/001/900001999/961-1-C1-PPWP-X2.jpg
1671948961900002000,ACEH,ACEH TIMUR,RANTAU PEUREULAK,ALUE UDEP,TPS 2,2019-10-24 05:00:04,22,138,220,164,164,160,4,https://pemilu2019.kpu.go.id/img/c/900/002/900002000/961-2-C1-PPWP-X1.jpg,https://pemilu2019.kpu.go.id/img/c/900/002/900002000/961-2-C1-PPWP-X2.jpg
1671948970900002029,ACEH,ACEH TIMUR,RANTAU PEUREULAK,BEURANDANG,TPS 1,2019-10-24 05:00:04,10,162,295,188,188,172,16,https://pemilu2019.kpu.go.id/img/c/900/002/900002029/970-1-C1-PPWP-X1.jpg,https://pemilu2019.kpu.go.id/img/c/900/002/900002029/970-1-C1-PPWP-X2.jpg
1671948970900002030,ACEH,ACEH TIMUR,RANTAU PEUREULAK,BEURANDANG,TPS 2,2019-10-24 05:00:04,20,173,295,208,208,193,15,https://pemilu2019.kpu.go.id/img/c/900/002/900002030/970-2-C1-PPWP-X1.jpg,https://pemilu2019.kpu.go.id/img/c/900/002/900002030/970-2-C1-PPWP-X2.jpg
1671948970900002031,ACEH,ACEH TIMUR,RANTAU PEUREULAK,BEURANDANG,TPS 3,2019-10-24 05:00:04,12,131,240,155,155,143,12,https://pemilu2019.kpu.go.id/img/c/900/002/900002031/970-3-C1-PPWP-X1.jpg,https://pemilu2019.kpu.go.id/img/c/900/002/900002031/970-3-C1-PPWP-X2.jpg
1671948970900002032,ACEH,ACEH TIMUR,RANTAU PEUREULAK,BEURANDANG,TPS 4,2019-10-24 05:00:04,10,56,100,68,68,66,2,https://pemilu2019.kpu.go.id/img/c/900/002/900002032/970-4-C1-PPWP-X1.jpg,https://pemilu2019.kpu.go.id/img/c/900/002/900002032/970-4-C1-PPWP-X2.jpg
1671948956900001984,ACEH,ACEH TIMUR,RANTAU PEUREULAK,BHOM LAMA,TPS 1,2019-10-24 05:00:04,29,180,281,220,221,209,12,https://pemilu2019.kpu.go.id/img/c/900/001/900001984/956-1-C1-PPWP-X1.jpg,https://pemilu2019.kpu.go.id/img/c/900/001/900001984/956-1-C1-PPWP-X2.jpg
1671948956900001985,ACEH,ACEH TIMUR,RANTAU PEUREULAK,BHOM LAMA,TPS 2,2019-10-24 05:00:04,18,142,212,170,170,160,10,https://pemilu2019.kpu.go.id/img/c/900/001/900001985/956-2-C1-PPWP-X1.jpg,https://pemilu2019.kpu.go.id/img/c/900/001/900001985/956-2-C1-PPWP-X2.jpg
1671948953900001980,ACEH,ACEH TIMUR,RANTAU PEUREULAK,BLANG BAROM,TPS 1,2019-10-24 05:00:04,35,192,253,227,227,227,0,https://pemilu2019.kpu.go.id/img/c/900/001/900001980/953-1-C1-PPWP-X1.jpg,https://pemilu2019.kpu.go.id/img/c/900/001/900001980/953-1-C1-PPWP-X2.jpg
1671948959900001992,ACEH,ACEH TIMUR,RANTAU PEUREULAK,BUKET PALA,TPS 1,2019-10-24 05:00:04,15,154,282,174,174,5,169,https://pemilu2019.kpu.go.id/img/c/900/001/900001992/4-959-1-C1-PPWP-X1.jpg,https://pemilu2019.kpu.go.id/img/c/900/001/900001992/4-959-1-C1-PPWP-X2.jpg
1671948959900001993,ACEH,ACEH TIMUR,RANTAU PEUREULAK,BUKET PALA,TPS 2,2019-10-24 05:00:04,14,173,296,194,194,187,7,https://pemilu2019.kpu.go.id/img/c/900/001/900001993/959-2-C1-PPWP-X1.jpg,https://pemilu2019.kpu.go.id/img/c/900/001/900001993/959-2-C1-PPWP-X2.jpg
1671948959900001994,ACEH,ACEH TIMUR,RANTAU PEUREULAK,BUKET PALA,TPS 3,2019-10-24 05:00:04,11,156,300,169,169,167,2,https://pemilu2019.kpu.go.id/img/c/900/001/900001994/3-959-3-C1-PPWP-X1.jpg,https://pemilu2019.kpu.go.id/img/c/900/001/900001994/3-959-3-C1-PPWP-X2.jpg
1671948959900001995,ACEH,ACEH TIMUR,RANTAU PEUREULAK,BUKET PALA,TPS 4,2019-10-24 05:00:04,16,179,295,200,200,195,5,https://pemilu2019.kpu.go.id/img/c/900/001/900001995/3-959-4-C1-PPWP-X1.jpg,https://pemilu2019.kpu.go.id/img/c/900/001/900001995/3-959-4-C1-PPWP-X2.jpg
1671948966900002018,ACEH,ACEH TIMUR,RANTAU PEUREULAK,KLIET,TPS 1,2019-10-24 05:00:04,39,102,226,147,147,141,6,https://pemilu2019.kpu.go.id/img/c/900/002/900002018/1-966-1-C1-PPWP-X1.jpg,https://pemilu2019.kpu.go.id/img/c/900/002/900002018/1-966-1-C1-PPWP-X2.jpg
1671948966900002019,ACEH,ACEH TIMUR,RANTAU PEUREULAK,KLIET,TPS 2,2019-10-24 05:00:04,41,120,223,163,163,161,2,https://pemilu2019.kpu.go.id/img/c/900/002/900002019/1-966-2-C1-PPWP-X1.jpg,https://pemilu2019.kpu.go.id/img/c/900/002/900002019/1-966-2-C1-PPWP-X2.jpg
1671948966900002020,ACEH,ACEH TIMUR,RANTAU PEUREULAK,KLIET,TPS 3,2019-10-24 05:00:04,29,104,242,142,142,133,9,https://pemilu2019.kpu.go.id/img/c/900/002/900002020/1-966-3-C1-PPWP-X1.jpg,https://pemilu2019.kpu.go.id/img/c/900/002/900002020/1-966-3-C1-PPWP-X2.jpg
1671948960900001996,ACEH,ACEH TIMUR,RANTAU PEUREULAK,MATA IE,TPS 1,2019-10-24 05:00:04,16,186,299,209,209,202,7,https://pemilu2019.kpu.go.id/img/c/900/001/900001996/4-960-1-C1-PPWP-X1.jpg,https://pemilu2019.kpu.go.id/img/c/900/001/900001996/4-960-1-C1-PPWP-X2.jpg
1671948960900001997,ACEH,ACEH TIMUR,RANTAU PEUREULAK,MATA IE,TPS 2,2019-10-24 05:00:04,18,181,297,209,209,199,10,https://pemilu2019.kpu.go.id/img/c/900/001/900001997/3-960-2-C1-PPWP-X1.jpg,https://pemilu2019.kpu.go.id/img/c/900/001/900001997/3-960-2-C1-PPWP-X2.jpg
1671948960900001998,ACEH,ACEH TIMUR,RANTAU PEUREULAK,MATA IE,TPS 3,2019-10-24 05:00:04,21,105,182,131,131,126,5,https://pemilu2019.kpu.go.id/img/c/900/001/900001998/2-960-3-C1-PPWP-X1.jpg,https://pemilu2019.kpu.go.id/img/c/900/001/900001998/2-960-3-C1-PPWP-X2.jpg
1671948957900001986,ACEH,ACEH TIMUR,RANTAU PEUREULAK,PASI PUTEH,TPS 1,2019-10-24 05:00:04,14,135,206,150,150,149,1,https://pemilu2019.kpu.go.id/img/c/900/001/900001986/957-1-C1-PPWP-X1.jpg,https://pemilu2019.kpu.go.id/img/c/900/001/900001986/957-1-C1-PPWP-X2.jpg
1671948957900001987,ACEH,ACEH TIMUR,RANTAU PEUREULAK,PASI PUTEH,TPS 2,2019-10-24 05:00:04,20,143,247,167,167,163,4,https://pemilu2019.kpu.go.id/img/c/900/001/900001987/957-2-C1-PPWP-X1.jpg,https://pemilu2019.kpu.go.id/img/c/900/001/900001987/957-2-C1-PPWP-X2.jpg
1671948957900001988,ACEH,ACEH TIMUR,RANTAU PEUREULAK,PASI PUTEH,TPS 3,2019-10-24 05:00:04,8,102,171,114,114,110,4,https://pemilu2019.kpu.go.id/img/c/900/001/900001988/1-957-3-C1-PPWP-X1.jpg,https://pemilu2019.kpu.go.id/img/c/900/001/900001988/1-957-3-C1-PPWP-X2.jpg
1671948964900002008,ACEH,ACEH TIMUR,RANTAU PEUREULAK,PAYA PALAS,TPS 1,2019-10-24 05:00:04,40,203,319,247,247,243,4,https://pemilu2019.kpu.go.id/img/c/900/002/900002008/1-964-1-C1-PPWP-X1.jpg,https://pemilu2019.kpu.go.id/img/c/900/002/900002008/1-964-1-C1-PPWP-X2.jpg
1671948964900002009,ACEH,ACEH TIMUR,RANTAU PEUREULAK,PAYA PALAS,TPS 2,2019-10-24 05:00:04,33,163,262,199,199,199,0,https://pemilu2019.kpu.go.id/img/c/900/002/900002009/1-964-2-C1-PPWP-X1.jpg,https://pemilu2019.kpu.go.id/img/c/900/002/900002009/1-964-2-C1-PPWP-X2.jpg
1671948964900002010,ACEH,ACEH TIMUR,RANTAU PEUREULAK,PAYA PALAS,TPS 3,2019-10-24 05:00:04,35,171,275,210,210,206,4,https://pemilu2019.kpu.go.id/img/c/900/002/900002010/1-964-3-C1-PPWP-X1.jpg,https://pemilu2019.kpu.go.id/img/c/900/002/900002010/1-964-3-C1-PPWP-X2.jpg
1671948964900002011,ACEH,ACEH TIMUR,RANTAU PEUREULAK,PAYA PALAS,TPS 4,2019-10-24 05:00:04,31,175,310,214,214,206,8,https://pemilu2019.kpu.go.id/img/c/900/002/900002011/2-964-4-C1-PPWP-X1.jpg,https://pemilu2019.kpu.go.id/img/c/900/002/900002011/2-964-4-C1-PPWP-X2.jpg
1671948964900002012,ACEH,ACEH TIMUR,RANTAU PEUREULAK,PAYA PALAS,TPS 5,2019-10-24 05:00:04,28,148,285,178,178,176,2,https://pemilu2019.kpu.go.id/img/c/900/002/900002012/1-964-5-C1-PPWP-X1.jpg,https://pemilu2019.kpu.go.id/img/c/900/002/900002012/1-964-5-C1-PPWP-X2.jpg
1671948964900002013,ACEH,ACEH TIMUR,RANTAU PEUREULAK,PAYA PALAS,TPS 6,2019-10-24 05:00:04,16,200,276,218,218,216,2,https://pemilu2019.kpu.go.id/img/c/900/002/900002013/4-964-6-C1-PPWP-X1.jpg,https://pemilu2019.kpu.go.id/img/c/900/002/900002013/4-964-6-C1-PPWP-X2.jpg
1671948964900002014,ACEH,ACEH TIMUR,RANTAU PEUREULAK,PAYA PALAS,TPS 7,2019-10-24 05:00:04,15,90,265,106,106,105,1,https://pemilu2019.kpu.go.id/img/c/900/002/900002014/2-964-7-C1-PPWP-X1.jpg,https://pemilu2019.kpu.go.id/img/c/900/002/900002014/2-964-7-C1-PPWP-X2.jpg
1671948949900001972,ACEH,ACEH TIMUR,RANTAU PEUREULAK,PAYA UNOU,TPS 1,2019-10-24 05:00:04,8,179,281,187,187,187,0,https://pemilu2019.kpu.go.id/img/c/900/001/900001972/2-949-1-C1-PPWP-X1.jpg,https://pemilu2019.kpu.go.id/img/c/900/001/900001972/2-949-1-C1-PPWP-X2.jpg
1671948949900001973,ACEH,ACEH TIMUR,RANTAU PEUREULAK,PAYA UNOU,TPS 2,2019-10-24 05:00:04,14,168,279,184,184,182,2,https://pemilu2019.kpu.go.id/img/c/900/001/900001973/2-949-2-C1-PPWP-X1.jpg,https://pemilu2019.kpu.go.id/img/c/900/001/900001973/2-949-2-C1-PPWP-X2.jpg
1671948968900002025,ACEH,ACEH TIMUR,RANTAU PEUREULAK,PERTAMINA,TPS 1,2019-10-24 05:00:04,28,174,292,208,208,202,6,https://pemilu2019.kpu.go.id/img/c/900/002/900002025/2-968-1-C-XXX-X5.jpg,https://pemilu2019.kpu.go.id/img/c/900/002/900002025/2-968-1-C-XXX-X6.jpg
1671948968900002026,ACEH,ACEH TIMUR,RANTAU PEUREULAK,PERTAMINA,TPS 2,2019-10-24 05:00:04,22,77,173,100,100,99,1,https://pemilu2019.kpu.go.id/img/c/900/002/900002026/2-968-2-C1-PPWP-X1.jpg,https://pemilu2019.kpu.go.id/img/c/900/002/900002026/2-968-2-C1-PPWP-X2.jpg
1671948952900001978,ACEH,ACEH TIMUR,RANTAU PEUREULAK,PULO BLANG,TPS 1,2019-10-24 05:00:04,15,232,290,260,260,247,13,https://pemilu2019.kpu.go.id/img/c/900/001/900001978/3-952-1-C1-PPWP-X1.jpg,https://pemilu2019.kpu.go.id/img/c/900/001/900001978/3-952-1-C1-PPWP-X2.jpg
1671948952900001979,ACEH,ACEH TIMUR,RANTAU PEUREULAK,PULO BLANG,TPS 2,2019-10-24 05:00:04,0,0,90,82,82,80,2,https://pemilu2019.kpu.go.id/img/c/900/001/900001979/1-952-2-C1-PPWP-X1.jpg,https://pemilu2019.kpu.go.id/img/c/900/001/900001979/1-952-2-C1-PPWP-X2.jpg
1671948963900002004,ACEH,ACEH TIMUR,RANTAU PEUREULAK,PUNTI PAYONG,TPS 1,2019-10-24 05:00:04,38,147,277,192,192,185,7,https://pemilu2019.kpu.go.id/img/c/900/002/900002004/2-963-1-C1-PPWP-X1.jpg,https://pemilu2019.kpu.go.id/img/c/900/002/900002004/2-963-1-C1-PPWP-X2.jpg
1671948963900002005,ACEH,ACEH TIMUR,RANTAU PEUREULAK,PUNTI PAYONG,TPS 2,2019-10-24 05:00:04,40,146,199,199,199,186,13,https://pemilu2019.kpu.go.id/img/c/900/002/900002005/2-963-2-C1-PPWP-X1.jpg,https://pemilu2019.kpu.go.id/img/c/900/002/900002005/2-963-2-C1-PPWP-X2.jpg
1671948963900002006,ACEH,ACEH TIMUR,RANTAU PEUREULAK,PUNTI PAYONG,TPS 3,2019-10-24 05:00:04,25,182,214,214,214,207,7,https://pemilu2019.kpu.go.id/img/c/900/002/900002006/2-963-3-C1-PPWP-X1.jpg,https://pemilu2019.kpu.go.id/img/c/900/002/900002006/2-963-3-C1-PPWP-X2.jpg
1671948963900002007,ACEH,ACEH TIMUR,RANTAU PEUREULAK,PUNTI PAYONG,TPS 4,2019-10-24 05:00:04,17,85,105,0,105,102,3,https://pemilu2019.kpu.go.id/img/c/900/002/900002007/2-963-4-C1-PPWP-X1.jpg,https://pemilu2019.kpu.go.id/img/c/900/002/900002007/2-963-4-C1-PPWP-X2.jpg
1671948955900001982,ACEH,ACEH TIMUR,RANTAU PEUREULAK,SEULEMAK MUDA,TPS 1,2019-10-24 05:00:04,9,108,62,119,119,117,2,https://pemilu2019.kpu.go.id/img/c/900/001/900001982/3-955-1-C1-PPWP-X1.jpg,https://pemilu2019.kpu.go.id/img/c/900/001/900001982/3-955-1-C1-PPWP-X2.jpg
1671948955900001983,ACEH,ACEH TIMUR,RANTAU PEUREULAK,SEULEMAK MUDA,TPS 2,2019-10-24 05:00:04,7,98,147,107,107,105,2,https://pemilu2019.kpu.go.id/img/c/900/001/900001983/4-955-2-C1-PPWP-X1.jpg,https://pemilu2019.kpu.go.id/img/c/900/001/900001983/4-955-2-C1-PPWP-X2.jpg
1671948962900002001,ACEH,ACEH TIMUR,RANTAU PEUREULAK,SEUMALI,TPS 1,2019-10-24 05:00:04,28,141,296,192,192,169,23,https://pemilu2019.kpu.go.id/img/c/900/002/900002001/1-962-1-C1-PPWP-X1.jpg,https://pemilu2019.kpu.go.id/img/c/900/002/900002001/1-962-1-C1-PPWP-X2.jpg
1671948962900002002,ACEH,ACEH TIMUR,RANTAU PEUREULAK,SEUMALI,TPS 2,2019-10-24 05:00:04,23,118,218,154,154,141,13,https://pemilu2019.kpu.go.id/img/c/900/002/900002002/1-962-2-C1-PPWP-X1.jpg,https://pemilu2019.kpu.go.id/img/c/900/002/900002002/1-962-2-C1-PPWP-X2.jpg
1671948962900002003,ACEH,ACEH TIMUR,RANTAU PEUREULAK,SEUMALI,TPS 3,2019-10-24 05:00:04,15,71,115,91,91,86,5,https://pemilu2019.kpu.go.id/img/c/900/002/900002003/1-962-3-C1-PPWP-X1.jpg,https://pemilu2019.kpu.go.id/img/c/900/002/900002003/1-962-3-C1-PPWP-X2.jpg
1671948971900002033,ACEH,ACEH TIMUR,RANTAU PEUREULAK,SEUMANAH JAYA,TPS 01,2019-10-24 05:00:04,68,107,291,183,183,175,8,https://pemilu2019.kpu.go.id/img/c/900/002/900002033/2-971-01-C1-PPWP-X1.jpg,https://pemilu2019.kpu.go.id/img/c/900/002/900002033/2-971-01-C1-PPWP-X2.jpg
1671948971900002034,ACEH,ACEH TIMUR,RANTAU PEUREULAK,SEUMANAH JAYA,TPS 02,2019-10-24 05:00:04,15,135,299,156,156,150,6,https://pemilu2019.kpu.go.id/img/c/900/002/900002034/1-971-02-C1-PPWP-X1.jpg,https://pemilu2019.kpu.go.id/img/c/900/002/900002034/1-971-02-C1-PPWP-X2.jpg
1671948971900002035,ACEH,ACEH TIMUR,RANTAU PEUREULAK,SEUMANAH JAYA,TPS 03,2019-10-24 05:00:04,24,98,296,130,130,122,8,https://pemilu2019.kpu.go.id/img/c/900/002/900002035/2-971-03-C1-PPWP-X1.jpg,https://pemilu2019.kpu.go.id/img/c/900/002/900002035/2-971-03-C1-PPWP-X2.jpg
1671948971900002036,ACEH,ACEH TIMUR,RANTAU PEUREULAK,SEUMANAH JAYA,TPS 04,2019-10-24 05:00:04,45,143,299,192,192,188,4,https://pemilu2019.kpu.go.id/img/c/900/002/900002036/2-971-04-C1-PPWP-X1.jpg,https://pemilu2019.kpu.go.id/img/c/900/002/900002036/2-971-04-C1-PPWP-X2.jpg
1671948971900002037,ACEH,ACEH TIMUR,RANTAU PEUREULAK,SEUMANAH JAYA,TPS 05,2019-10-24 05:00:04,49,108,295,170,170,157,13,https://pemilu2019.kpu.go.id/img/c/900/002/900002037/2-971-05-C1-PPWP-X1.jpg,https://pemilu2019.kpu.go.id/img/c/900/002/900002037/2-971-05-C1-PPWP-X2.jpg
1671948971900002038,ACEH,ACEH TIMUR,RANTAU PEUREULAK,SEUMANAH JAYA,TPS 06,2019-10-24 05:00:04,49,109,300,166,166,158,8,https://pemilu2019.kpu.go.id/img/c/900/002/900002038/2-971-06-C1-PPWP-X1.jpg,https://pemilu2019.kpu.go.id/img/c/900/002/900002038/2-971-06-C1-PPWP-X2.jpg
1671948971900002039,ACEH,ACEH TIMUR,RANTAU PEUREULAK,SEUMANAH JAYA,TPS 07,2019-10-24 05:00:04,49,119,294,178,178,168,10,https://pemilu2019.kpu.go.id/img/c/900/002/900002039/2-971-07-C1-PPWP-X1.jpg,https://pemilu2019.kpu.go.id/img/c/900/002/900002039/2-971-07-C1-PPWP-X2.jpg
1671948971900002040,ACEH,ACEH TIMUR,RANTAU PEUREULAK,SEUMANAH JAYA,TPS 08,2019-10-24 05:00:04,24,138,293,168,168,162,6,https://pemilu2019.kpu.go.id/img/c/900/002/900002040/2-971-08-C1-PPWP-X1.jpg,https://pemilu2019.kpu.go.id/img/c/900/002/900002040/2-971-08-C1-PPWP-X2.jpg
1671948971900002041,ACEH,ACEH TIMUR,RANTAU PEUREULAK,SEUMANAH JAYA,TPS 09,2019-10-24 05:00:04,5,133,296,138,138,138,0,https://pemilu2019.kpu.go.id/img/c/900/002/900002041/2-971-09-C1-PPWP-X1.jpg,https://pemilu2019.kpu.go.id/img/c/900/002/900002041/2-971-09-C1-PPWP-X2.jpg
1671948971900002042,ACEH,ACEH TIMUR,RANTAU PEUREULAK,SEUMANAH JAYA,TPS 10,2019-10-24 05:00:04,20,158,295,187,187,178,9,https://pemilu2019.kpu.go.id/img/c/900/002/900002042/2-971-10-C1-PPWP-X1.jpg,https://pemilu2019.kpu.go.id/img/c/900/002/900002042/2-971-10-C1-PPWP-X2.jpg
1671948971900002043,ACEH,ACEH TIMUR,RANTAU PEUREULAK,SEUMANAH JAYA,TPS 11,2019-10-24 05:00:04,10,113,293,131,131,123,8,https://pemilu2019.kpu.go.id/img/c/900/002/900002043/2-971-11-C1-PPWP-X1.jpg,https://pemilu2019.kpu.go.id/img/c/900/002/900002043/2-971-11-C1-PPWP-X2.jpg
1671948971900002044,ACEH,ACEH TIMUR,RANTAU PEUREULAK,SEUMANAH JAYA,TPS 12,2019-10-24 05:00:04,10,52,66,65,65,62,3,https://pemilu2019.kpu.go.id/img/c/900/002/900002044/2-971-12-C1-PPWP-X1.jpg,https://pemilu2019.kpu.go.id/img/c/900/002/900002044/2-971-12-C1-PPWP-X2.jpg
1671948951900001976,ACEH,ACEH TIMUR,RANTAU PEUREULAK,SEUNEUBOK BARO,TPS 1,2019-10-24 05:00:04,17,159,289,187,187,176,11,https://pemilu2019.kpu.go.id/img/c/900/001/900001976/1-951-1-C1-PPWP-X1.jpg,https://pemilu2019.kpu.go.id/img/c/900/001/900001976/1-951-1-C1-PPWP-X2.jpg
1671948951900001977,ACEH,ACEH TIMUR,RANTAU PEUREULAK,SEUNEUBOK BARO,TPS 2,2019-10-24 05:00:04,11,142,294,168,168,153,15,https://pemilu2019.kpu.go.id/img/c/900/001/900001977/951-2-C1-PPWP-X1.jpg,https://pemilu2019.kpu.go.id/img/c/900/001/900001977/951-2-C1-PPWP-X2.jpg
1671948954900001981,ACEH,ACEH TIMUR,RANTAU PEUREULAK,SEUNEUBOK DALAM,TPS 1,2019-10-24 05:00:04,8,125,172,142,142,133,9,https://pemilu2019.kpu.go.id/img/c/900/001/900001981/2-954-1-C1-PPWP-X1.jpg,https://pemilu2019.kpu.go.id/img/c/900/001/900001981/2-954-1-C1-PPWP-X2.jpg
1671948950900001974,ACEH,ACEH TIMUR,RANTAU PEUREULAK,SEUNEUBOK JOHAN,TPS 1,2019-10-24 05:00:04,20,206,289,231,231,226,5,https://pemilu2019.kpu.go.id/img/c/900/001/900001974/2-950-1-C1-PPWP-X1.jpg,https://pemilu2019.kpu.go.id/img/c/900/001/900001974/2-950-1-C1-PPWP-X2.jpg
1671948950900001975,ACEH,ACEH TIMUR,RANTAU PEUREULAK,SEUNEUBOK JOHAN,TPS 2,2019-10-24 05:00:04,1,39,41,41,41,40,1,https://pemilu2019.kpu.go.id/img/c/900/001/900001975/2-950-2-C1-PPWP-X1.jpg,https://pemilu2019.kpu.go.id/img/c/900/001/900001975/2-950-2-C1-PPWP-X2.jpg
1671948965900002015,ACEH,ACEH TIMUR,RANTAU PEUREULAK,TAMPAK,TPS 1,2019-10-24 05:00:04,28,162,287,203,203,190,13,https://pemilu2019.kpu.go.id/img/c/900/002/900002015/1-965-1-C1-PPWP-X1.jpg,https://pemilu2019.kpu.go.id/img/c/900/002/900002015/1-965-1-C1-PPWP-X2.jpg
1671948965900002016,ACEH,ACEH TIMUR,RANTAU PEUREULAK,TAMPAK,TPS 2,2019-10-24 05:00:04,30,169,291,214,214,199,15,https://pemilu2019.kpu.go.id/img/c/900/002/900002016/1-965-2-C1-PPWP-X1.jpg,https://pemilu2019.kpu.go.id/img/c/900/002/900002016/1-965-2-C1-PPWP-X2.jpg
1671948965900002017,ACEH,ACEH TIMUR,RANTAU PEUREULAK,TAMPAK,TPS 3,2019-10-24 05:00:04,20,104,181,129,129,124,5,https://pemilu2019.kpu.go.id/img/c/900/002/900002017/1-965-3-C1-PPWP-X1.jpg,https://pemilu2019.kpu.go.id/img/c/900/002/900002017/1-965-3-C1-PPWP-X2.jpg
1671909921900001899,ACEH,ACEH TIMUR,RANTAU SELAMAT,ALUE KAUL,TPS 1,2019-10-24 05:00:04,25,128,209,156,156,153,3,https://pemilu2019.kpu.go.id/img/c/900/001/900001899/2-921-1-C1-PPWP-X1.jpg,https://pemilu2019.kpu.go.id/img/c/900/001/900001899/2-921-1-C1-PPWP-X2.jpg
1671909921900001900,ACEH,ACEH TIMUR,RANTAU SELAMAT,ALUE KAUL,TPS 2,2019-10-24 05:00:04,22,118,200,142,142,140,2,https://pemilu2019.kpu.go.id/img/c/900/001/900001900/4-921-2-C1-PPWP-X1.jpg,https://pemilu2019.kpu.go.id/img/c/900/001/900001900/4-921-2-C1-PPWP-X2.jpg
1671909921900001901,ACEH,ACEH TIMUR,RANTAU SELAMAT,ALUE KAUL,TPS 3,2019-10-24 05:00:04,17,125,191,142,142,142,0,https://pemilu2019.kpu.go.id/img/c/900/001/900001901/1-921-3-C1-PPWP-X1.jpg,https://pemilu2019.kpu.go.id/img/c/900/001/900001901/1-921-3-C1-PPWP-X2.jpg
1671909921900001902,ACEH,ACEH TIMUR,RANTAU SELAMAT,ALUE KAUL,TPS 4,2019-10-24 05:00:04,23,115,221,141,141,138,3,https://pemilu2019.kpu.go.id/img/c/900/001/900001902/3-921-4-C1-PPWP-X1.jpg,https://pemilu2019.kpu.go.id/img/c/900/001/900001902/3-921-4-C1-PPWP-X2.jpg
1671909913900001886,ACEH,ACEH TIMUR,RANTAU SELAMAT,ALUE KUMBA,TPS 1,2019-10-24 05:00:04,17,155,269,179,179,169,10,https://pemilu2019.kpu.go.id/img/c/900/001/900001886/2-913-1-C1-PPWP-X1.jpg,https://pemilu2019.kpu.go.id/img/c/900/001/900001886/2-913-1-C1-PPWP-X2.jpg
1671909913900001887,ACEH,ACEH TIMUR,RANTAU SELAMAT,ALUE KUMBA,TPS 2,2019-10-24 05:00:04,23,167,282,199,199,190,9,https://pemilu2019.kpu.go.id/img/c/900/001/900001887/1-913-2-C1-PPWP-X1.jpg,https://pemilu2019.kpu.go.id/img/c/900/001/900001887/1-913-2-C1-PPWP-X2.jpg
1671909920900001896,ACEH,ACEH TIMUR,RANTAU SELAMAT,ALUE PUNTI,TPS 1,2019-10-24 05:00:04,45,107,215,154,154,152,2,https://pemilu2019.kpu.go.id/img/c/900/001/900001896/1-920-1-C1-PPWP-X1.jpg,https://pemilu2019.kpu.go.id/img/c/900/001/900001896/1-920-1-C1-PPWP-X2.jpg
1671909920900001897,ACEH,ACEH TIMUR,RANTAU SELAMAT,ALUE PUNTI,TPS 2,2019-10-24 05:00:04,44,108,208,155,155,152,3,https://pemilu2019.kpu.go.id/img/c/900/001/900001897/1-920-2-C1-PPWP-X1.jpg,https://pemilu2019.kpu.go.id/img/c/900/001/900001897/1-920-2-C1-PPWP-X2.jpg
1671909920900001898,ACEH,ACEH TIMUR,RANTAU SELAMAT,ALUE PUNTI,TPS 3,2019-10-24 05:00:04,36,98,225,136,136,134,2,https://pemilu2019.kpu.go.id/img/c/900/001/900001898/4-920-3-C1-PPWP-X1.jpg,https://pemilu2019.kpu.go.id/img/c/900/001/900001898/4-920-3-C1-PPWP-X2.jpg
1671909912900001883,ACEH,ACEH TIMUR,RANTAU SELAMAT,ALUE RAYA,TPS 1,2019-10-24 05:00:04,9,97,153,107,107,106,1,https://pemilu2019.kpu.go.id/img/c/900/001/900001883/1-912-1-C1-PPWP-X1.jpg,https://pemilu2019.kpu.go.id/img/c/900/001/900001883/1-912-1-C1-PPWP-X2.jpg
1671909912900001884,ACEH,ACEH TIMUR,RANTAU SELAMAT,ALUE RAYA,TPS 2,2019-10-24 05:00:04,10,135,230,148,148,145,3,https://pemilu2019.kpu.go.id/img/c/900/001/900001884/1-912-2-C1-PPWP-X1.jpg,https://pemilu2019.kpu.go.id/img/c/900/001/900001884/1-912-2-C1-PPWP-X2.jpg
1671909912900001885,ACEH,ACEH TIMUR,RANTAU SELAMAT,ALUE RAYA,TPS 3,2019-10-24 05:00:04,12,136,185,149,149,148,1,https://pemilu2019.kpu.go.id/img/c/900/001/900001885/1-912-3-C1-PPWP-X1.jpg,https://pemilu2019.kpu.go.id/img/c/900/001/900001885/1-912-3-C1-PPWP-X2.jpg
1671909915900001890,ACEH,ACEH TIMUR,RANTAU SELAMAT,ALUE SEULEUMAK,TPS 1,2019-10-24 05:00:04,31,173,254,211,211,204,7,https://pemilu2019.kpu.go.id/img/c/900/001/900001890/6-915-1-C1-PPWP-X1.jpg,https://pemilu2019.kpu.go.id/img/c/900/001/900001890/6-915-1-C1-PPWP-X2.jpg
1671909923900001905,ACEH,ACEH TIMUR,RANTAU SELAMAT,ALUE TUWI,TPS 1,2019-10-24 05:00:04,49,146,265,197,197,195,2,https://pemilu2019.kpu.go.id/img/c/900/001/900001905/2-923-1-C1-PPWP-X1.jpg,https://pemilu2019.kpu.go.id/img/c/900/001/900001905/2-923-1-C1-PPWP-X2.jpg
1671909910900001868,ACEH,ACEH TIMUR,RANTAU SELAMAT,BAYEUN,TPS 1,2019-10-24 05:00:04,7,105,186,116,116,112,4,https://pemilu2019.kpu.go.id/img/c/900/001/900001868/2-910-1-C1-PPWP-X1.jpg,https://pemilu2019.kpu.go.id/img/c/900/001/900001868/2-910-1-C1-PPWP-X2.jpg
1671909910900001869,ACEH,ACEH TIMUR,RANTAU SELAMAT,BAYEUN,TPS 2,2019-10-24 05:00:04,11,162,260,177,177,173,4,https://pemilu2019.kpu.go.id/img/c/900/001/900001869/1-910-2-C1-PPWP-X1.jpg,https://pemilu2019.kpu.go.id/img/c/900/001/900001869/1-910-2-C1-PPWP-X2.jpg
1671909910900001870,ACEH,ACEH TIMUR,RANTAU SELAMAT,BAYEUN,TPS 3,2019-10-24 05:00:04,13,170,260,186,186,183,3,https://pemilu2019.kpu.go.id/img/c/900/001/900001870/1-910-3-C1-PPWP-X1.jpg,https://pemilu2019.kpu.go.id/img/c/900/001/900001870/1-910-3-C1-PPWP-X2.jpg
1671909910900001871,ACEH,ACEH TIMUR,RANTAU SELAMAT,BAYEUN,TPS 4,2019-10-24 05:00:04,21,174,259,200,200,195,5,https://pemilu2019.kpu.go.id/img/c/900/001/900001871/1-910-4-C1-PPWP-X1.jpg,https://pemilu2019.kpu.go.id/img/c/900/001/900001871/1-910-4-C1-PPWP-X2.jpg
1671909910900001872,ACEH,ACEH TIMUR,RANTAU SELAMAT,BAYEUN,TPS 5,2019-10-24 05:00:04,13,172,260,190,190,185,5,https://pemilu2019.kpu.go.id/img/c/900/001/900001872/1-910-5-C1-PPWP-X1.jpg,https://pemilu2019.kpu.go.id/img/c/900/001/900001872/1-910-5-C1-PPWP-X2.jpg
1671909910900001873,ACEH,ACEH TIMUR,RANTAU SELAMAT,BAYEUN,TPS 6,2019-10-24 05:00:04,17,175,268,198,198,192,6,https://pemilu2019.kpu.go.id/img/c/900/001/900001873/1-910-6-C1-PPWP-X1.jpg,https://pemilu2019.kpu.go.id/img/c/900/001/900001873/1-910-6-C1-PPWP-X2.jpg
1671909910900001874,ACEH,ACEH TIMUR,RANTAU SELAMAT,BAYEUN,TPS 7,2019-10-24 05:00:04,4,175,256,182,182,179,3,https://pemilu2019.kpu.go.id/img/c/900/001/900001874/2-910-7-C1-PPWP-X1.jpg,https://pemilu2019.kpu.go.id/img/c/900/001/900001874/2-910-7-C1-PPWP-X2.jpg
1671909910900001875,ACEH,ACEH TIMUR,RANTAU SELAMAT,BAYEUN,TPS 8,2019-10-24 05:00:04,12,162,251,179,179,174,5,https://pemilu2019.kpu.go.id/img/c/900/001/900001875/1-910-8-C1-PPWP-X1.jpg,https://pemilu2019.kpu.go.id/img/c/900/001/900001875/1-910-8-C1-PPWP-X2.jpg
1671909917900001892,ACEH,ACEH TIMUR,RANTAU SELAMAT,DAMAR SIPUT,TPS 1,2019-10-24 05:00:04,7,96,168,106,106,103,3,https://pemilu2019.kpu.go.id/img/c/900/001/900001892/2-917-1-C1-PPWP-X1.jpg,https://pemilu2019.kpu.go.id/img/c/900/001/900001892/2-917-1-C1-PPWP-X2.jpg
1671909911900001876,ACEH,ACEH TIMUR,RANTAU SELAMAT,RANTAU PANJANG,TPS 1,2019-10-24 05:00:04,19,159,278,182,183,178,5,https://pemilu2019.kpu.go.id/img/c/900/001/900001876/1-911-1-C1-PPWP-X1.jpg,https://pemilu2019.kpu.go.id/img/c/900/001/900001876/1-911-1-C1-PPWP-X2.jpg
1671909911900001877,ACEH,ACEH TIMUR,RANTAU SELAMAT,RANTAU PANJANG,TPS 2,2019-10-24 05:00:04,12,142,267,156,156,154,2,https://pemilu2019.kpu.go.id/img/c/900/001/900001877/1-911-2-C1-PPWP-X1.jpg,https://pemilu2019.kpu.go.id/img/c/900/001/900001877/1-911-2-C1-PPWP-X2.jpg
1671909911900001878,ACEH,ACEH TIMUR,RANTAU SELAMAT,RANTAU PANJANG,TPS 3,2019-10-24 05:00:04,23,146,287,172,172,169,3,https://pemilu2019.kpu.go.id/img/c/900/001/900001878/1-911-3-C1-PPWP-X1.jpg,https://pemilu2019.kpu.go.id/img/c/900/001/900001878/1-911-3-C1-PPWP-X2.jpg
1671909911900001879,ACEH,ACEH TIMUR,RANTAU SELAMAT,RANTAU PANJANG,TPS 4,2019-10-24 05:00:04,18,128,232,163,153,146,7,https://pemilu2019.kpu.go.id/img/c/900/001/900001879/1-911-4-C1-PPWP-X1.jpg,https://pemilu2019.kpu.go.id/img/c/900/001/900001879/1-911-4-C1-PPWP-X2.jpg
1671909911900001880,ACEH,ACEH TIMUR,RANTAU SELAMAT,RANTAU PANJANG,TPS 5,2019-10-24 05:00:04,18,154,292,174,174,172,2,https://pemilu2019.kpu.go.id/img/c/900/001/900001880/1-911-5-C1-PPWP-X1.jpg,https://pemilu2019.kpu.go.id/img/c/900/001/900001880/1-911-5-C1-PPWP-X2.jpg
1671909911900001881,ACEH,ACEH TIMUR,RANTAU SELAMAT,RANTAU PANJANG,TPS 6,2019-10-24 05:00:04,16,158,272,174,174,174,0,https://pemilu2019.kpu.go.id/img/c/900/001/900001881/1-911-6-C1-PPWP-X1.jpg,https://pemilu2019.kpu.go.id/img/c/900/001/900001881/1-911-6-C1-PPWP-X2.jpg
1671909911900001882,ACEH,ACEH TIMUR,RANTAU SELAMAT,RANTAU PANJANG,TPS 7,2019-10-24 05:00:04,17,116,297,136,136,133,3,https://pemilu2019.kpu.go.id/img/c/900/001/900001882/1-911-7-C1-PPWP-X1.jpg,https://pemilu2019.kpu.go.id/img/c/900/001/900001882/1-911-7-C1-PPWP-X2.jpg
1671909916900001891,ACEH,ACEH TIMUR,RANTAU SELAMAT,SARAH KAYEE,TPS 1,2019-10-24 05:00:04,15,116,136,161,131,131,0,https://pemilu2019.kpu.go.id/img/c/900/001/900001891/1-916-1-C1-PPWP-X1.jpg,https://pemilu2019.kpu.go.id/img/c/900/001/900001891/1-916-1-C1-PPWP-X2.jpg
1671909922900001903,ACEH,ACEH TIMUR,RANTAU SELAMAT,SARAH TEUBE,TPS 1,2019-10-24 05:00:04,32,152,272,187,187,185,2,https://pemilu2019.kpu.go.id/img/c/900/001/900001903/2-922-1-C1-PPWP-X1.jpg,https://pemilu2019.kpu.go.id/img/c/900/001/900001903/2-922-1-C1-PPWP-X2.jpg
1671909922900001904,ACEH,ACEH TIMUR,RANTAU SELAMAT,SARAH TEUBE,TPS 2,2019-10-24 05:00:04,32,132,226,165,165,164,1,https://pemilu2019.kpu.go.id/img/c/900/001/900001904/2-922-2-C1-PPWP-X1.jpg,https://pemilu2019.kpu.go.id/img/c/900/001/900001904/2-922-2-C1-PPWP-X2.jpg
1671909914900001888,ACEH,ACEH TIMUR,RANTAU SELAMAT,SEUNEUBOK DALAM,TPS 1,2019-10-24 05:00:04,38,125,269,176,176,163,13,https://pemilu2019.kpu.go.id/img/c/900/001/900001888/3-914-1-C1-PPWP-X1.jpg,https://pemilu2019.kpu.go.id/img/c/900/001/900001888/3-914-1-C1-PPWP-X2.jpg
1671909914900001889,ACEH,ACEH TIMUR,RANTAU SELAMAT,SEUNEUBOK DALAM,TPS 2,2019-10-24 05:00:04,28,165,283,191,191,185,6,https://pemilu2019.kpu.go.id/img/c/900/001/900001889/3-914-2-C1-PPWP-X1.jpg,https://pemilu2019.kpu.go.id/img/c/900/001/900001889/3-914-2-C1-PPWP-X2.jpg
1671909919900001894,ACEH,ACEH TIMUR,RANTAU SELAMAT,SIMPANG ANEUH,TPS 1,2019-10-24 05:00:04,14,97,179,117,117,111,6,https://pemilu2019.kpu.go.id/img/c/900/001/900001894/1-919-1-C1-PPWP-X1.jpg,https://pemilu2019.kpu.go.id/img/c/900/001/900001894/1-919-1-C1-PPWP-X2.jpg
1671909919900001895,ACEH,ACEH TIMUR,RANTAU SELAMAT,SIMPANG ANEUH,TPS 2,2019-10-24 05:00:04,12,118,193,135,135,130,5,https://pemilu2019.kpu.go.id/img/c/900/001/900001895/1-919-2-C1-PPWP-X1.jpg,https://pemilu2019.kpu.go.id/img/c/900/001/900001895/1-919-2-C1-PPWP-X2.jpg
1671909918900001893,ACEH,ACEH TIMUR,RANTAU SELAMAT,SIMPANG PEUT,TPS 1,2019-10-24 05:00:04,19,149,212,173,173,168,5,https://pemilu2019.kpu.go.id/img/c/900/001/900001893/2-918-1-C1-PPWP-X1.jpg,https://pemilu2019.kpu.go.id/img/c/900/001/900001893/2-918-1-C1-PPWP-X2.jpg
1671820837900001686,ACEH,ACEH TIMUR,SERBAJADI,ARUL DURIN,TPS 1,2019-10-24 05:00:04,34,208,297,259,259,242,17,https://pemilu2019.kpu.go.id/img/c/900/001/900001686/4-837-1-C-XXX-X5.jpg,https://pemilu2019.kpu.go.id/img/c/900/001/900001686/4-837-1-C-XXX-X6.jpg
1671820832900001677,ACEH,ACEH TIMUR,SERBAJADI,BUNIN,TPS 1,2019-10-24 05:00:04,13,161,226,186,186,174,12,https://pemilu2019.kpu.go.id/img/c/900/001/900001677/4-832-1-C-XXX-X5.jpg,https://pemilu2019.kpu.go.id/img/c/900/001/900001677/4-832-1-C-XXX-X6.jpg
1671820832900001678,ACEH,ACEH TIMUR,SERBAJADI,BUNIN,TPS 2,2019-10-24 05:00:04,32,129,210,168,168,161,7,https://pemilu2019.kpu.go.id/img/c/900/001/900001678/4-832-2-C1-PPWP-X1.jpg,https://pemilu2019.kpu.go.id/img/c/900/001/900001678/4-832-2-C1-PPWP-X2.jpg
1671820832900001679,ACEH,ACEH TIMUR,SERBAJADI,BUNIN,TPS 3,2019-10-24 05:00:04,68,84,233,172,172,152,20,https://pemilu2019.kpu.go.id/img/c/900/001/900001679/4-832-3-C1-PPWP-X1.jpg,https://pemilu2019.kpu.go.id/img/c/900/001/900001679/4-832-3-C1-PPWP-X2.jpg
1671820832900001680,ACEH,ACEH TIMUR,SERBAJADI,BUNIN,TPS 4,2019-10-24 05:00:04,65,55,168,131,131,120,11,https://pemilu2019.kpu.go.id/img/c/900/001/900001680/4-832-4-C1-PPWP-X1.jpg,https://pemilu2019.kpu.go.id/img/c/900/001/900001680/4-832-4-C1-PPWP-X2.jpg
1671820827900001672,ACEH,ACEH TIMUR,SERBAJADI,JERING,TPS 1,2019-10-24 05:00:04,74,130,271,211,211,204,7,https://pemilu2019.kpu.go.id/img/c/900/001/900001672/4-827-1-C-XXX-X5.jpg,https://pemilu2019.kpu.go.id/img/c/900/001/900001672/4-827-1-C-XXX-X6.jpg
1671820824900001668,ACEH,ACEH TIMUR,SERBAJADI,LELES,TPS 1,2019-10-24 05:00:04,30,85,154,132,132,115,17,https://pemilu2019.kpu.go.id/img/c/900/001/900001668/4-824-1-C-XXX-X5.jpg,https://pemilu2019.kpu.go.id/img/c/900/001/900001668/4-824-1-C-XXX-X6.jpg
1671820824900001669,ACEH,ACEH TIMUR,SERBAJADI,LELES,TPS 2,2019-10-24 05:00:04,24,106,159,142,142,130,12,https://pemilu2019.kpu.go.id/img/c/900/001/900001669/4-824-2-C-XXX-X5.jpg,https://pemilu2019.kpu.go.id/img/c/900/001/900001669/4-824-2-C-XXX-X6.jpg
1671820821900001663,ACEH,ACEH TIMUR,SERBAJADI,LOKOP,TPS 1,2019-10-24 05:00:04,39,173,269,227,227,212,15,https://pemilu2019.kpu.go.id/img/c/900/001/900001663/2-821-1-C-XXX-X5.jpg,https://pemilu2019.kpu.go.id/img/c/900/001/900001663/2-821-1-C-XXX-X6.jpg
1671820821900001664,ACEH,ACEH TIMUR,SERBAJADI,LOKOP,TPS 2,2019-10-24 05:00:04,38,148,265,192,192,186,6,https://pemilu2019.kpu.go.id/img/c/900/001/900001664/2-821-2-C-XXX-X5.jpg,https://pemilu2019.kpu.go.id/img/c/900/001/900001664/2-821-2-C-XXX-X6.jpg
1671820828900001673,ACEH,ACEH TIMUR,SERBAJADI,LOOT,TPS 1,2019-10-24 05:00:04,37,203,274,248,248,240,8,https://pemilu2019.kpu.go.id/img/c/900/001/900001673/1-828-1-C-XXX-X5.jpg,https://pemilu2019.kpu.go.id/img/c/900/001/900001673/1-828-1-C-XXX-X6.jpg
1671820835900001683,ACEH,ACEH TIMUR,SERBAJADI,MESIR,TPS 1,2019-10-24 05:00:04,10,97,132,109,109,107,2,https://pemilu2019.kpu.go.id/img/c/900/001/900001683/1-835-1-C1-PPWP-X1.jpg,https://pemilu2019.kpu.go.id/img/c/900/001/900001683/1-835-1-C1-PPWP-X2.jpg
1671820826900001671,ACEH,ACEH TIMUR,SERBAJADI,NALON,TPS 1,2019-10-24 05:00:04,27,192,269,228,228,219,9,https://pemilu2019.kpu.go.id/img/c/900/001/900001671/1-826-1-C-XXX-X5.jpg,https://pemilu2019.kpu.go.id/img/c/900/001/900001671/1-826-1-C-XXX-X6.jpg
1671820836900001684,ACEH,ACEH TIMUR,SERBAJADI,RAMPAH,TPS 1,2019-10-24 05:00:04,21,105,174,143,143,126,17,https://pemilu2019.kpu.go.id/img/c/900/001/900001684/1-836-1-C-XXX-X5.jpg,https://pemilu2019.kpu.go.id/img/c/900/001/900001684/1-836-1-C-XXX-X6.jpg
1671820836900001685,ACEH,ACEH TIMUR,SERBAJADI,RAMPAH,TPS 2,2019-10-24 05:00:04,33,83,128,119,119,116,3,https://pemilu2019.kpu.go.id/img/c/900/001/900001685/1-836-2-C-XXX-X5.jpg,https://pemilu2019.kpu.go.id/img/c/900/001/900001685/1-836-2-C-XXX-X6.jpg
1671820829900001674,ACEH,ACEH TIMUR,SERBAJADI,SEKUALAN,TPS 1,2019-10-24 05:00:04,48,143,226,198,198,191,7,https://pemilu2019.kpu.go.id/img/c/900/001/900001674/1-829-1-C-XXX-X5.jpg,https://pemilu2019.kpu.go.id/img/c/900/001/900001674/1-829-1-C-XXX-X6.jpg
1671820833900001681,ACEH,ACEH TIMUR,SERBAJADI,SEMBUANG,TPS 1,2019-10-24 05:00:04,2,131,138,136,136,133,3,https://pemilu2019.kpu.go.id/img/c/900/001/900001681/1-833-1-C-XXX-X5.jpg,https://pemilu2019.kpu.go.id/img/c/900/001/900001681/1-833-1-C-XXX-X6.jpg
1671820834900001682,ACEH,ACEH TIMUR,SERBAJADI,SEULEUMAK,TPS 1,2019-10-24 05:00:04,27,115,147,142,149,142,0,https://pemilu2019.kpu.go.id/img/c/900/001/900001682/1-834-1-C-XXX-X5.jpg,https://pemilu2019.kpu.go.id/img/c/900/001/900001682/1-834-1-C-XXX-X6.jpg
1671820830900001675,ACEH,ACEH TIMUR,SERBAJADI,SUNTI,TPS 1,2019-10-24 05:00:04,22,151,223,197,197,173,24,https://pemilu2019.kpu.go.id/img/c/900/001/900001675/1-830-1-C1-PPWP-X1.jpg,https://pemilu2019.kpu.go.id/img/c/900/001/900001675/1-830-1-C1-PPWP-X2.jpg
1671820822900001665,ACEH,ACEH TIMUR,SERBAJADI,TERUJAK,TPS 1,2019-10-24 05:00:04,11,186,222,201,201,197,4,https://pemilu2019.kpu.go.id/img/c/900/001/900001665/1-822-1-C-XXX-X5.jpg,https://pemilu2019.kpu.go.id/img/c/900/001/900001665/1-822-1-C-XXX-X6.jpg
1671820823900001666,ACEH,ACEH TIMUR,SERBAJADI,TUALANG,TPS 1,2019-10-24 05:00:04,19,104,148,130,130,123,7,https://pemilu2019.kpu.go.id/img/c/900/001/900001666/1-823-1-C-XXX-X5.jpg,https://pemilu2019.kpu.go.id/img/c/900/001/900001666/1-823-1-C-XXX-X6.jpg
1671820823900001667,ACEH,ACEH TIMUR,SERBAJADI,TUALANG,TPS 2,2019-10-24 05:00:04,10,110,156,131,131,120,11,https://pemilu2019.kpu.go.id/img/c/900/001/900001667/1-823-2-C1-PPWP-X1.jpg,https://pemilu2019.kpu.go.id/img/c/900/001/900001667/1-823-2-C1-PPWP-X2.jpg
1671820825900001670,ACEH,ACEH TIMUR,SERBAJADI,UJUNG KARANG,TPS 1,2019-10-24 05:00:04,24,90,137,122,122,114,8,https://pemilu2019.kpu.go.id/img/c/900/001/900001670/1-825-1-C1-PPWP-X1.jpg,https://pemilu2019.kpu.go.id/img/c/900/001/900001670/1-825-1-C1-PPWP-X2.jpg
1671820831900001676,ACEH,ACEH TIMUR,SERBAJADI,UMAH TARING,TPS 1,2019-10-24 05:00:04,7,69,87,80,80,76,4,https://pemilu2019.kpu.go.id/img/c/900/001/900001676/1-831-1-C-XXX-X5.jpg,https://pemilu2019.kpu.go.id/img/c/900/001/900001676/1-831-1-C-XXX-X6.jpg
167111491151900002461,ACEH,ACEH TIMUR,SIMPANG JERNIH,BATU SUMBANG,TPS 1,2019-10-24 05:00:04,31,166,277,197,197,197,0,https://pemilu2019.kpu.go.id/img/c/900/002/900002461/1-1151-1-C1-PPWP-X1.jpg,https://pemilu2019.kpu.go.id/img/c/900/002/900002461/1-1151-1-C1-PPWP-X2.jpg
167111491157900002471,ACEH,ACEH TIMUR,SIMPANG JERNIH,HTI RANTO NARO,TPS 1,2019-10-24 05:00:04,29,106,212,136,136,135,1,https://pemilu2019.kpu.go.id/img/c/900/002/900002471/1-1157-1-C1-PPWP-X1.jpg,https://pemilu2019.kpu.go.id/img/c/900/002/900002471/1-1157-1-C1-PPWP-X2.jpg
167111491154900002466,ACEH,ACEH TIMUR,SIMPANG JERNIH,MELIDI,TPS 1,2019-10-24 05:00:04,33,172,281,207,207,205,2,https://pemilu2019.kpu.go.id/img/c/900/002/900002466/1-1154-1-C1-PPWP-X1.jpg,https://pemilu2019.kpu.go.id/img/c/900/002/900002466/1-1154-1-C1-PPWP-X2.jpg
167111491154900002467,ACEH,ACEH TIMUR,SIMPANG JERNIH,MELIDI,TPS 2,2019-10-24 05:00:04,18,150,229,173,173,168,5,https://pemilu2019.kpu.go.id/img/c/900/002/900002467/1-1154-2-C1-PPWP-X1.jpg,https://pemilu2019.kpu.go.id/img/c/900/002/900002467/1-1154-2-C1-PPWP-X2.jpg
167111491152900002462,ACEH,ACEH TIMUR,SIMPANG JERNIH,PANTE KERA,TPS 1,2019-10-24 05:00:04,17,116,191,135,135,133,2,https://pemilu2019.kpu.go.id/img/c/900/002/900002462/2-1152-1-C1-PPWP-X1.jpg,https://pemilu2019.kpu.go.id/img/c/900/002/900002462/2-1152-1-C1-PPWP-X2.jpg
167111491152900002463,ACEH,ACEH TIMUR,SIMPANG JERNIH,PANTE KERA,TPS 2,2019-10-24 05:00:04,17,59,121,79,79,76,3,https://pemilu2019.kpu.go.id/img/c/900/002/900002463/2-1152-2-C1-PPWP-X1.jpg,https://pemilu2019.kpu.go.id/img/c/900/002/900002463/2-1152-2-C1-PPWP-X2.jpg
167111491153900002464,ACEH,ACEH TIMUR,SIMPANG JERNIH,RANTAU PANJANG,TPS 1,2019-10-24 05:00:04,29,96,219,130,130,125,5,https://pemilu2019.kpu.go.id/img/c/900/002/900002464/2-1153-1-C1-PPWP-X1.jpg,https://pemilu2019.kpu.go.id/img/c/900/002/900002464/2-1153-1-C1-PPWP-X2.jpg
167111491153900002465,ACEH,ACEH TIMUR,SIMPANG JERNIH,RANTAU PANJANG,TPS 2,2019-10-24 05:00:04,33,116,219,153,153,149,4,https://pemilu2019.kpu.go.id/img/c/900/002/900002465/2-1153-2-C1-PPWP-X1.jpg,https://pemilu2019.kpu.go.id/img/c/900/002/900002465/2-1153-2-C1-PPWP-X2.jpg
167111491150900002459,ACEH,ACEH TIMUR,SIMPANG JERNIH,SIMPANG JERNIH,TPS 1,2019-10-24 05:00:04,33,130,253,167,167,163,4,https://pemilu2019.kpu.go.id/img/c/900/002/900002459/2-1150-1-C1-PPWP-X1.jpg,https://pemilu2019.kpu.go.id/img/c/900/002/900002459/2-1150-1-C1-PPWP-X2.jpg
167111491150900002460,ACEH,ACEH TIMUR,SIMPANG JERNIH,SIMPANG JERNIH,TPS 2,2019-10-24 05:00:04,37,122,235,170,170,159,11,https://pemilu2019.kpu.go.id/img/c/900/002/900002460/2-1150-2-C1-PPWP-X1.jpg,https://pemilu2019.kpu.go.id/img/c/900/002/900002460/2-1150-2-C1-PPWP-X2.jpg
167111491156900002470,ACEH,ACEH TIMUR,SIMPANG JERNIH,TAMPUR BOOR,TPS 1,2019-10-24 05:00:04,7,91,119,99,99,98,1,https://pemilu2019.kpu.go.id/img/c/900/002/900002470/2-1156-1-C1-PPWP-X1.jpg,https://pemilu2019.kpu.go.id/img/c/900/002/900002470/2-1156-1-C1-PPWP-X2.jpg
167111491155900002468,ACEH,ACEH TIMUR,SIMPANG JERNIH,TAMPUR PALOH,TPS 1,2019-10-24 05:00:04,16,134,167,151,151,150,1,https://pemilu2019.kpu.go.id/img/c/900/002/900002468/2-1155-1-C1-PPWP-X1.jpg,https://pemilu2019.kpu.go.id/img/c/900/002/900002468/2-1155-1-C1-PPWP-X2.jpg
167111491155900002469,ACEH,ACEH TIMUR,SIMPANG JERNIH,TAMPUR PALOH,TPS 2,2019-10-24 05:00:04,8,129,157,138,138,137,1,https://pemilu2019.kpu.go.id/img/c/900/002/900002469/2-1155-2-C1-PPWP-X1.jpg,https://pemilu2019.kpu.go.id/img/c/900/002/900002469/2-1155-2-C1-PPWP-X2.jpg
1671924928900001917,ACEH,ACEH TIMUR,SIMPANG ULIM,ALUE BULOH DUA,TPS 1,2019-10-24 05:00:04,6,134,203,147,147,140,7,https://pemilu2019.kpu.go.id/img/c/900/001/900001917/2-928-1-C1-PPWP-X1.jpg,https://pemilu2019.kpu.go.id/img/c/900/001/900001917/2-928-1-C1-PPWP-X2.jpg
1671924928900001918,ACEH,ACEH TIMUR,SIMPANG ULIM,ALUE BULOH DUA,TPS 2,2019-10-24 05:00:04,6,121,191,128,128,127,1,https://pemilu2019.kpu.go.id/img/c/900/001/900001918/2-928-2-C1-PPWP-X1.jpg,https://pemilu2019.kpu.go.id/img/c/900/001/900001918/2-928-2-C1-PPWP-X2.jpg
1671924927900001913,ACEH,ACEH TIMUR,SIMPANG ULIM,ALUE BULOH SA,TPS 1,2019-10-24 05:00:04,26,166,290,203,203,192,11,https://pemilu2019.kpu.go.id/img/c/900/001/900001913/2-927-1-C1-PPWP-X1.jpg,https://pemilu2019.kpu.go.id/img/c/900/001/900001913/2-927-1-C1-PPWP-X2.jpg
1671924927900001914,ACEH,ACEH TIMUR,SIMPANG ULIM,ALUE BULOH SA,TPS 2,2019-10-24 05:00:04,28,167,297,201,201,195,6,https://pemilu2019.kpu.go.id/img/c/900/001/900001914/2-927-2-C1-PPWP-X1.jpg,https://pemilu2019.kpu.go.id/img/c/900/001/900001914/2-927-2-C1-PPWP-X2.jpg
1671924927900001915,ACEH,ACEH TIMUR,SIMPANG ULIM,ALUE BULOH SA,TPS 3,2019-10-24 05:00:04,12,108,206,121,121,120,1,https://pemilu2019.kpu.go.id/img/c/900/001/900001915/2-927-3-C1-PPWP-X1.jpg,https://pemilu2019.kpu.go.id/img/c/900/001/900001915/2-927-3-C1-PPWP-X2.jpg
1671924927900001916,ACEH,ACEH TIMUR,SIMPANG ULIM,ALUE BULOH SA,TPS 4,2019-10-24 05:00:04,11,54,125,72,72,65,7,https://pemilu2019.kpu.go.id/img/c/900/001/900001916/2-927-4-C1-PPWP-X1.jpg,https://pemilu2019.kpu.go.id/img/c/900/001/900001916/2-927-4-C1-PPWP-X2.jpg
1671924935900001938,ACEH,ACEH TIMUR,SIMPANG ULIM,ALUE MULIENG,TPS 1,2019-10-24 05:00:04,13,120,178,144,137,133,4,https://pemilu2019.kpu.go.id/img/c/900/001/900001938/2-935-1-C1-PPWP-X1.jpg,https://pemilu2019.kpu.go.id/img/c/900/001/900001938/2-935-1-C1-PPWP-X2.jpg
1671924935900001939,ACEH,ACEH TIMUR,SIMPANG ULIM,ALUE MULIENG,TPS 2,2019-10-24 05:00:04,9,117,200,127,127,126,1,https://pemilu2019.kpu.go.id/img/c/900/001/900001939/2-935-2-C1-PPWP-X1.jpg,https://pemilu2019.kpu.go.id/img/c/900/001/900001939/2-935-2-C1-PPWP-X2.jpg
1671924945900001965,ACEH,ACEH TIMUR,SIMPANG ULIM,ARAKUNDO,TPS 1,2019-10-24 05:00:04,12,119,158,129,129,129,0,https://pemilu2019.kpu.go.id/img/c/900/001/900001965/2-945-1-C1-PPWP-X1.jpg,https://pemilu2019.kpu.go.id/img/c/900/001/900001965/2-945-1-C1-PPWP-X2.jpg
1671924945900001966,ACEH,ACEH TIMUR,SIMPANG ULIM,ARAKUNDO,TPS 2,2019-10-24 05:00:04,10,128,184,145,145,138,7,https://pemilu2019.kpu.go.id/img/c/900/001/900001966/2-945-2-C1-PPWP-X1.jpg,https://pemilu2019.kpu.go.id/img/c/900/001/900001966/2-945-2-C1-PPWP-X2.jpg
1671924933900001930,ACEH,ACEH TIMUR,SIMPANG ULIM,BANTAYAN,TPS 1,2019-10-24 05:00:04,17,142,268,164,164,159,5,https://pemilu2019.kpu.go.id/img/c/900/001/900001930/2-933-1-C1-PPWP-X1.jpg,https://pemilu2019.kpu.go.id/img/c/900/001/900001930/2-933-1-C1-PPWP-X2.jpg
1671924933900001931,ACEH,ACEH TIMUR,SIMPANG ULIM,BANTAYAN,TPS 2,2019-10-24 05:00:04,11,176,267,191,191,187,4,https://pemilu2019.kpu.go.id/img/c/900/001/900001931/2-933-2-C1-PPWP-X1.jpg,https://pemilu2019.kpu.go.id/img/c/900/001/900001931/2-933-2-C1-PPWP-X2.jpg
1671924933900001932,ACEH,ACEH TIMUR,SIMPANG ULIM,BANTAYAN,TPS 3,2019-10-24 05:00:04,9,121,265,130,135,130,5,https://pemilu2019.kpu.go.id/img/c/900/001/900001932/2-933-3-C1-PPWP-X1.jpg,https://pemilu2019.kpu.go.id/img/c/900/001/900001932/2-933-3-C1-PPWP-X2.jpg
1671924933900001933,ACEH,ACEH TIMUR,SIMPANG ULIM,BANTAYAN,TPS 4,2019-10-24 05:00:04,21,139,262,172,172,160,12,https://pemilu2019.kpu.go.id/img/c/900/001/900001933/2-933-4-C1-PPWP-X1.jpg,https://pemilu2019.kpu.go.id/img/c/900/001/900001933/2-933-4-C1-PPWP-X2.jpg
1671924933900001934,ACEH,ACEH TIMUR,SIMPANG ULIM,BANTAYAN,TPS 5,2019-10-24 05:00:04,19,124,271,155,155,143,12,https://pemilu2019.kpu.go.id/img/c/900/001/900001934/2-933-5-C1-PPWP-X1.jpg,https://pemilu2019.kpu.go.id/img/c/900/001/900001934/2-933-5-C1-PPWP-X2.jpg
1671924933900001935,ACEH,ACEH TIMUR,SIMPANG ULIM,BANTAYAN,TPS 6,2019-10-24 05:00:04,11,143,228,161,161,154,7,https://pemilu2019.kpu.go.id/img/c/900/001/900001935/2-933-6-C1-PPWP-X1.jpg,https://pemilu2019.kpu.go.id/img/c/900/001/900001935/2-933-6-C1-PPWP-X2.jpg
1671924932900001926,ACEH,ACEH TIMUR,SIMPANG ULIM,BLANG NIE,TPS 1,2019-10-24 05:00:04,18,151,260,172,172,169,3,https://pemilu2019.kpu.go.id/img/c/900/001/900001926/2-932-1-C1-PPWP-X1.jpg,https://pemilu2019.kpu.go.id/img/c/900/001/900001926/2-932-1-C1-PPWP-X2.jpg
1671924932900001927,ACEH,ACEH TIMUR,SIMPANG ULIM,BLANG NIE,TPS 2,2019-10-24 05:00:04,14,162,257,183,183,176,7,https://pemilu2019.kpu.go.id/img/c/900/001/900001927/2-932-2-C1-PPWP-X1.jpg,https://pemilu2019.kpu.go.id/img/c/900/001/900001927/2-932-2-C1-PPWP-X2.jpg
1671924932900001928,ACEH,ACEH TIMUR,SIMPANG ULIM,BLANG NIE,TPS 3,2019-10-24 05:00:04,12,167,265,183,183,179,4,https://pemilu2019.kpu.go.id/img/c/900/001/900001928/2-932-3-C1-PPWP-X1.jpg,https://pemilu2019.kpu.go.id/img/c/900/001/900001928/2-932-3-C1-PPWP-X2.jpg
1671924932900001929,ACEH,ACEH TIMUR,SIMPANG ULIM,BLANG NIE,TPS 4,2019-10-24 05:00:04,14,121,210,142,142,135,7,https://pemilu2019.kpu.go.id/img/c/900/001/900001929/2-932-4-C1-PPWP-X1.jpg,https://pemilu2019.kpu.go.id/img/c/900/001/900001929/2-932-4-C1-PPWP-X2.jpg
1671924946900001967,ACEH,ACEH TIMUR,SIMPANG ULIM,GAMPONG BARO,TPS 1,2019-10-24 05:00:04,3,127,176,132,132,130,2,https://pemilu2019.kpu.go.id/img/c/900/001/900001967/2-946-1-C1-PPWP-X1.jpg,https://pemilu2019.kpu.go.id/img/c/900/001/900001967/2-946-1-C1-PPWP-X2.jpg
1671924946900001968,ACEH,ACEH TIMUR,SIMPANG ULIM,GAMPONG BARO,TPS 2,2019-10-24 05:00:04,15,140,207,158,158,155,3,https://pemilu2019.kpu.go.id/img/c/900/001/900001968/2-946-2-C1-PPWP-X1.jpg,https://pemilu2019.kpu.go.id/img/c/900/001/900001968/2-946-2-C1-PPWP-X2.jpg
1671924946900001969,ACEH,ACEH TIMUR,SIMPANG ULIM,GAMPONG BARO,TPS 3,2019-10-24 05:00:04,8,156,265,165,165,164,1,https://pemilu2019.kpu.go.id/img/c/900/001/900001969/2-946-3-C1-PPWP-X1.jpg,https://pemilu2019.kpu.go.id/img/c/900/001/900001969/2-946-3-C1-PPWP-X2.jpg
1671924937900001944,ACEH,ACEH TIMUR,SIMPANG ULIM,GAMPONG BLANG,TPS 1,2019-10-24 05:00:04,12,131,254,151,151,143,8,https://pemilu2019.kpu.go.id/img/c/900/001/900001944/4-937-1-C1-PPWP-X1.jpg,https://pemilu2019.kpu.go.id/img/c/900/001/900001944/4-937-1-C1-PPWP-X2.jpg
1671924937900001945,ACEH,ACEH TIMUR,SIMPANG ULIM,GAMPONG BLANG,TPS 2,2019-10-24 05:00:04,16,144,263,166,166,160,6,https://pemilu2019.kpu.go.id/img/c/900/001/900001945/1-937-2-C1-PPWP-X1.jpg,https://pemilu2019.kpu.go.id/img/c/900/001/900001945/1-937-2-C1-PPWP-X2.jpg
1671924937900001946,ACEH,ACEH TIMUR,SIMPANG ULIM,GAMPONG BLANG,TPS 3,2019-10-24 05:00:04,15,120,267,140,140,135,5,https://pemilu2019.kpu.go.id/img/c/900/001/900001946/1-937-3-C1-PPWP-X1.jpg,https://pemilu2019.kpu.go.id/img/c/900/001/900001946/1-937-3-C1-PPWP-X2.jpg
1671924937900001947,ACEH,ACEH TIMUR,SIMPANG ULIM,GAMPONG BLANG,TPS 4,2019-10-24 05:00:04,15,157,182,180,180,172,8,https://pemilu2019.kpu.go.id/img/c/900/001/900001947/1-937-4-C1-PPWP-X1.jpg,https://pemilu2019.kpu.go.id/img/c/900/001/900001947/1-937-4-C1-PPWP-X2.jpg
1671924937900001948,ACEH,ACEH TIMUR,SIMPANG ULIM,GAMPONG BLANG,TPS 5,2019-10-24 05:00:04,15,85,168,105,105,100,5,https://pemilu2019.kpu.go.id/img/c/900/001/900001948/1-937-5-C1-PPWP-X1.jpg,https://pemilu2019.kpu.go.id/img/c/900/001/900001948/1-937-5-C1-PPWP-X2.jpg
1671924938900001949,ACEH,ACEH TIMUR,SIMPANG ULIM,KEUDE TUHA,TPS 1,2019-10-24 05:00:04,26,115,211,146,146,141,5,https://pemilu2019.kpu.go.id/img/c/900/001/900001949/1-938-1-C1-PPWP-X1.jpg,https://pemilu2019.kpu.go.id/img/c/900/001/900001949/1-938-1-C1-PPWP-X2.jpg
1671924938900001950,ACEH,ACEH TIMUR,SIMPANG ULIM,KEUDE TUHA,TPS 2,2019-10-24 05:00:04,12,153,236,169,4,165,4,https://pemilu2019.kpu.go.id/img/c/900/001/900001950/1-938-2-C1-PPWP-X1.jpg,https://pemilu2019.kpu.go.id/img/c/900/001/900001950/1-938-2-C1-PPWP-X2.jpg
1671924939900001951,ACEH,ACEH TIMUR,SIMPANG ULIM,KUALA SIMPANG ULIM,TPS 1,2019-10-24 05:00:04,11,160,281,173,173,171,2,https://pemilu2019.kpu.go.id/img/c/900/001/900001951/1-939-1-C1-PPWP-X1.jpg,https://pemilu2019.kpu.go.id/img/c/900/001/900001951/1-939-1-C1-PPWP-X2.jpg
1671924939900001952,ACEH,ACEH TIMUR,SIMPANG ULIM,KUALA SIMPANG ULIM,TPS 2,2019-10-24 05:00:04,9,168,280,180,180,177,3,https://pemilu2019.kpu.go.id/img/c/900/001/900001952/1-939-2-C1-PPWP-X1.jpg,https://pemilu2019.kpu.go.id/img/c/900/001/900001952/1-939-2-C1-PPWP-X2.jpg
1671924939900001953,ACEH,ACEH TIMUR,SIMPANG ULIM,KUALA SIMPANG ULIM,TPS 3,2019-10-24 05:00:04,10,135,300,154,154,145,9,https://pemilu2019.kpu.go.id/img/c/900/001/900001953/1-939-3-C1-PPWP-X1.jpg,https://pemilu2019.kpu.go.id/img/c/900/001/900001953/1-939-3-C1-PPWP-X2.jpg
1671924940900001954,ACEH,ACEH TIMUR,SIMPANG ULIM,LAMPOH RAYEUK,TPS 1,2019-10-24 05:00:04,8,140,217,162,162,148,14,https://pemilu2019.kpu.go.id/img/c/900/001/900001954/1-940-1-C1-PPWP-X1.jpg,https://pemilu2019.kpu.go.id/img/c/900/001/900001954/1-940-1-C1-PPWP-X2.jpg
1671924940900001955,ACEH,ACEH TIMUR,SIMPANG ULIM,LAMPOH RAYEUK,TPS 2,2019-10-24 05:00:04,12,137,254,159,159,149,10,https://pemilu2019.kpu.go.id/img/c/900/001/900001955/1-940-2-C1-PPWP-X1.jpg,https://pemilu2019.kpu.go.id/img/c/900/001/900001955/1-940-2-C1-PPWP-X2.jpg
1671924931900001923,ACEH,ACEH TIMUR,SIMPANG ULIM,MATANG KUMBANG,TPS 1,2019-10-24 05:00:04,21,147,269,179,179,168,11,https://pemilu2019.kpu.go.id/img/c/900/001/900001923/1-931-1-C1-PPWP-X1.jpg,https://pemilu2019.kpu.go.id/img/c/900/001/900001923/1-931-1-C1-PPWP-X2.jpg
1671924931900001924,ACEH,ACEH TIMUR,SIMPANG ULIM,MATANG KUMBANG,TPS 2,2019-10-24 05:00:04,21,160,284,189,189,181,8,https://pemilu2019.kpu.go.id/img/c/900/001/900001924/1-931-2-C-XXX-X5.jpg,https://pemilu2019.kpu.go.id/img/c/900/001/900001924/1-931-2-C-XXX-X6.jpg
1671924931900001925,ACEH,ACEH TIMUR,SIMPANG ULIM,MATANG KUMBANG,TPS 3,2019-10-24 05:00:04,10,141,291,160,160,151,9,https://pemilu2019.kpu.go.id/img/c/900/001/900001925/1-931-3-C-XXX-X5.jpg,https://pemilu2019.kpu.go.id/img/c/900/001/900001925/1-931-3-C-XXX-X6.jpg
1671924930900001921,ACEH,ACEH TIMUR,SIMPANG ULIM,MATANG RAYEUK,TPS 1,2019-10-24 05:00:04,9,138,199,151,155,151,4,https://pemilu2019.kpu.go.id/img/c/900/001/900001921/1-930-1-C1-PPWP-X1.jpg,https://pemilu2019.kpu.go.id/img/c/900/001/900001921/1-930-1-C1-PPWP-X2.jpg
1671924930900001922,ACEH,ACEH TIMUR,SIMPANG ULIM,MATANG RAYEUK,TPS 2,2019-10-24 05:00:04,22,138,213,163,163,160,3,https://pemilu2019.kpu.go.id/img/c/900/001/900001922/1-930-2-C1-PPWP-X1.jpg,https://pemilu2019.kpu.go.id/img/c/900/001/900001922/1-930-2-C1-PPWP-X2.jpg
1671924947900001970,ACEH,ACEH TIMUR,SIMPANG ULIM,MATANG SEUPENG,TPS 1,2019-10-24 05:00:04,14,133,198,153,153,147,6,https://pemilu2019.kpu.go.id/img/c/900/001/900001970/1-947-1-C1-PPWP-X1.jpg,https://pemilu2019.kpu.go.id/img/c/900/001/900001970/1-947-1-C1-PPWP-X2.jpg
1671924947900001971,ACEH,ACEH TIMUR,SIMPANG ULIM,MATANG SEUPENG,TPS 2,2019-10-24 05:00:04,12,162,230,178,178,174,4,https://pemilu2019.kpu.go.id/img/c/900/001/900001971/1-947-2-C1-PPWP-X1.jpg,https://pemilu2019.kpu.go.id/img/c/900/001/900001971/1-947-2-C1-PPWP-X2.jpg
1671924934900001936,ACEH,ACEH TIMUR,SIMPANG ULIM,MATANG WENG,TPS 1,2019-10-24 05:00:04,13,119,191,142,142,132,10,https://pemilu2019.kpu.go.id/img/c/900/001/900001936/1-934-1-C1-PPWP-X1.jpg,https://pemilu2019.kpu.go.id/img/c/900/001/900001936/1-934-1-C1-PPWP-X2.jpg
1671924934900001937,ACEH,ACEH TIMUR,SIMPANG ULIM,MATANG WENG,TPS 2,2019-10-24 05:00:04,8,101,158,111,111,109,2,https://pemilu2019.kpu.go.id/img/c/900/001/900001937/1-934-2-C1-PPWP-X1.jpg,https://pemilu2019.kpu.go.id/img/c/900/001/900001937/1-934-2-C1-PPWP-X2.jpg
1671924926900001911,ACEH,ACEH TIMUR,SIMPANG ULIM,NICAH AWE,TPS 1,2019-10-24 05:00:04,10,148,231,169,169,158,11,https://pemilu2019.kpu.go.id/img/c/900/001/900001911/1-926-1-C1-PPWP-X1.jpg,https://pemilu2019.kpu.go.id/img/c/900/001/900001911/1-926-1-C1-PPWP-X2.jpg
1671924926900001912,ACEH,ACEH TIMUR,SIMPANG ULIM,NICAH AWE,TPS 2,2019-10-24 05:00:04,13,166,245,185,185,179,6,https://pemilu2019.kpu.go.id/img/c/900/001/900001912/1-926-2-C1-PPWP-X1.jpg,https://pemilu2019.kpu.go.id/img/c/900/001/900001912/1-926-2-C1-PPWP-X2.jpg
1671924925900001906,ACEH,ACEH TIMUR,SIMPANG ULIM,PEULALU,TPS 1,2019-10-24 05:00:04,12,134,258,154,154,146,8,https://pemilu2019.kpu.go.id/img/c/900/001/900001906/1-925-1-C1-PPWP-X1.jpg,https://pemilu2019.kpu.go.id/img/c/900/001/900001906/1-925-1-C1-PPWP-X2.jpg
1671924925900001907,ACEH,ACEH TIMUR,SIMPANG ULIM,PEULALU,TPS 2,2019-10-24 05:00:04,18,149,250,168,168,167,1,https://pemilu2019.kpu.go.id/img/c/900/001/900001907/1-925-2-C1-PPWP-X1.jpg,https://pemilu2019.kpu.go.id/img/c/900/001/900001907/1-925-2-C1-PPWP-X2.jpg
1671924925900001908,ACEH,ACEH TIMUR,SIMPANG ULIM,PEULALU,TPS 3,2019-10-24 05:00:04,10,154,241,170,170,164,6,https://pemilu2019.kpu.go.id/img/c/900/001/900001908/1-925-3-C1-PPWP-X1.jpg,https://pemilu2019.kpu.go.id/img/c/900/001/900001908/1-925-3-C1-PPWP-X2.jpg
1671924925900001909,ACEH,ACEH TIMUR,SIMPANG ULIM,PEULALU,TPS 4,2019-10-24 05:00:04,13,150,252,167,167,4,163,https://pemilu2019.kpu.go.id/img/c/900/001/900001909/1-925-4-C1-PPWP-X1.jpg,https://pemilu2019.kpu.go.id/img/c/900/001/900001909/1-925-4-C1-PPWP-X2.jpg
1671924925900001910,ACEH,ACEH TIMUR,SIMPANG ULIM,PEULALU,TPS 5,2019-10-24 05:00:04,15,156,296,176,176,171,5,https://pemilu2019.kpu.go.id/img/c/900/001/900001910/1-925-5-C1-PPWP-X1.jpg,https://pemilu2019.kpu.go.id/img/c/900/001/900001910/1-925-5-C1-PPWP-X2.jpg
1671924944900001963,ACEH,ACEH TIMUR,SIMPANG ULIM,PUCOK ALUE BARAT,TPS 1,2019-10-24 05:00:04,16,152,200,175,175,168,7,https://pemilu2019.kpu.go.id/img/c/900/001/900001963/1-944-1-C1-PPWP-X1.jpg,https://pemilu2019.kpu.go.id/img/c/900/001/900001963/1-944-1-C1-PPWP-X2.jpg
1671924944900001964,ACEH,ACEH TIMUR,SIMPANG ULIM,PUCOK ALUE BARAT,TPS 2,2019-10-24 05:00:04,14,129,197,147,147,143,4,https://pemilu2019.kpu.go.id/img/c/900/001/900001964/1-944-2-C1-PPWP-X1.jpg,https://pemilu2019.kpu.go.id/img/c/900/001/900001964/1-944-2-C1-PPWP-X2.jpg
1671924936900001940,ACEH,ACEH TIMUR,SIMPANG ULIM,PUCOK ALUE DUA,TPS 1,2019-10-24 05:00:04,16,138,235,160,160,154,6,https://pemilu2019.kpu.go.id/img/c/900/001/900001940/1-936-1-C1-PPWP-X1.jpg,https://pemilu2019.kpu.go.id/img/c/900/001/900001940/1-936-1-C1-PPWP-X2.jpg
1671924936900001941,ACEH,ACEH TIMUR,SIMPANG ULIM,PUCOK ALUE DUA,TPS 2,2019-10-24 05:00:04,21,146,268,174,174,167,7,https://pemilu2019.kpu.go.id/img/c/900/001/900001941/1-936-2-C1-PPWP-X1.jpg,https://pemilu2019.kpu.go.id/img/c/900/001/900001941/1-936-2-C1-PPWP-X2.jpg
1671924936900001942,ACEH,ACEH TIMUR,SIMPANG ULIM,PUCOK ALUE DUA,TPS 3,2019-10-24 05:00:04,5,133,239,146,146,138,8,https://pemilu2019.kpu.go.id/img/c/900/001/900001942/1-936-3-C1-PPWP-X1.jpg,https://pemilu2019.kpu.go.id/img/c/900/001/900001942/1-936-3-C1-PPWP-X2.jpg
1671924936900001943,ACEH,ACEH TIMUR,SIMPANG ULIM,PUCOK ALUE DUA,TPS 4,2019-10-24 05:00:04,24,137,298,168,168,161,7,https://pemilu2019.kpu.go.id/img/c/900/001/900001943/1-936-4-C1-PPWP-X1.jpg,https://pemilu2019.kpu.go.id/img/c/900/001/900001943/1-936-4-C1-PPWP-X2.jpg
1671924943900001961,ACEH,ACEH TIMUR,SIMPANG ULIM,PUCOK ALUE SA,TPS 1,2019-10-24 05:00:04,31,159,221,192,192,190,2,https://pemilu2019.kpu.go.id/img/c/900/001/900001961/1-943-1-C1-PPWP-X1.jpg,https://pemilu2019.kpu.go.id/img/c/900/001/900001961/1-943-1-C1-PPWP-X2.jpg
1671924943900001962,ACEH,ACEH TIMUR,SIMPANG ULIM,PUCOK ALUE SA,TPS 2,2019-10-24 05:00:04,29,153,231,190,190,182,8,https://pemilu2019.kpu.go.id/img/c/900/001/900001962/1-943-2-C1-PPWP-X1.jpg,https://pemilu2019.kpu.go.id/img/c/900/001/900001962/1-943-2-C1-PPWP-X2.jpg
1671924929900001919,ACEH,ACEH TIMUR,SIMPANG ULIM,TEUPIN BREUH,TPS 1,2019-10-24 05:00:04,13,131,258,158,158,144,14,https://pemilu2019.kpu.go.id/img/c/900/001/900001919/1-929-1-C1-PPWP-X1.jpg,https://pemilu2019.kpu.go.id/img/c/900/001/900001919/1-929-1-C1-PPWP-X2.jpg
1671924929900001920,ACEH,ACEH TIMUR,SIMPANG ULIM,TEUPIN BREUH,TPS 2,2019-10-24 05:00:04,15,140,276,170,170,155,15,https://pemilu2019.kpu.go.id/img/c/900/001/900001920/1-929-2-C1-PPWP-X1.jpg,https://pemilu2019.kpu.go.id/img/c/900/001/900001920/1-929-2-C1-PPWP-X2.jpg
1671924941900001956,ACEH,ACEH TIMUR,SIMPANG ULIM,TEUPIN MAMPLAM,TPS 1,2019-10-24 05:00:04,7,134,218,150,150,141,9,https://pemilu2019.kpu.go.id/img/c/900/001/900001956/1-941-1-C-XXX-X5.jpg,https://pemilu2019.kpu.go.id/img/c/900/001/900001956/1-941-1-C-XXX-X6.jpg
1671924941900001957,ACEH,ACEH TIMUR,SIMPANG ULIM,TEUPIN MAMPLAM,TPS 2,2019-10-24 05:00:04,9,134,242,157,157,143,14,https://pemilu2019.kpu.go.id/img/c/900/001/900001957/1-941-2-C1-PPWP-X1.jpg,https://pemilu2019.kpu.go.id/img/c/900/001/900001957/1-941-2-C1-PPWP-X2.jpg
1671924941900001958,ACEH,ACEH TIMUR,SIMPANG ULIM,TEUPIN MAMPLAM,TPS 3,2019-10-24 05:00:04,6,120,221,140,140,126,14,https://pemilu2019.kpu.go.id/img/c/900/001/900001958/1-941-3-C1-PPWP-X1.jpg,https://pemilu2019.kpu.go.id/img/c/900/001/900001958/1-941-3-C1-PPWP-X2.jpg
1671924942900001959,ACEH,ACEH TIMUR,SIMPANG ULIM,TITI BARUEH,TPS 1,2019-10-24 05:00:04,16,103,158,127,127,119,8,https://pemilu2019.kpu.go.id/img/c/900/001/900001959/1-942-1-C1-PPWP-X1.jpg,https://pemilu2019.kpu.go.id/img/c/900/001/900001959/1-942-1-C1-PPWP-X2.jpg
1671924942900001960,ACEH,ACEH TIMUR,SIMPANG ULIM,TITI BARUEH,TPS 2,2019-10-24 05:00:04,10,97,145,110,110,107,3,https://pemilu2019.kpu.go.id/img/c/900/001/900001960/1-942-2-C1-PPWP-X1.jpg,https://pemilu2019.kpu.go.id/img/c/900/001/900001960/1-942-2-C1-PPWP-X2.jpg
167111351141900002446,ACEH,ACEH TIMUR,SUNGAI RAYA,ALUE ITAM,TPS 1,2019-10-24 05:00:04,11,156,211,173,173,167,6,https://pemilu2019.kpu.go.id/img/c/900/002/900002446/1141-1-C1-PPWP-X1.jpg,https://pemilu2019.kpu.go.id/img/c/900/002/900002446/1141-1-C1-PPWP-X2.jpg
167111351136900002426,ACEH,ACEH TIMUR,SUNGAI RAYA,ALUE RANGAN,TPS 1,2019-10-24 05:00:04,22,197,303,226,226,219,7,https://pemilu2019.kpu.go.id/img/c/900/002/900002426/1136-1-C1-PPWP-X1.jpg,https://pemilu2019.kpu.go.id/img/c/900/002/900002426/1136-1-C1-PPWP-X2.jpg
167111351140900002443,ACEH,ACEH TIMUR,SUNGAI RAYA,BUKIT DRIEN,TPS 1,2019-10-24 05:00:04,21,202,292,227,227,227,3,https://pemilu2019.kpu.go.id/img/c/900/002/900002443/1140-1-C1-PPWP-X1.jpg,https://pemilu2019.kpu.go.id/img/c/900/002/900002443/1140-1-C1-PPWP-X2.jpg
167111351140900002444,ACEH,ACEH TIMUR,SUNGAI RAYA,BUKIT DRIEN,TPS 2,2019-10-24 05:00:04,21,189,211,172,215,210,5,https://pemilu2019.kpu.go.id/img/c/900/002/900002444/1140-2-C1-PPWP-X1.jpg,https://pemilu2019.kpu.go.id/img/c/900/002/900002444/1140-2-C1-PPWP-X2.jpg
167111351140900002445,ACEH,ACEH TIMUR,SUNGAI RAYA,BUKIT DRIEN,TPS 3,2019-10-24 05:00:04,31,214,290,250,250,245,5,https://pemilu2019.kpu.go.id/img/c/900/002/900002445/1140-3-C1-PPWP-X1.jpg,https://pemilu2019.kpu.go.id/img/c/900/002/900002445/1140-3-C1-PPWP-X2.jpg
167111351139900002439,ACEH,ACEH TIMUR,SUNGAI RAYA,BUKIT SELAMAT,TPS 1,2019-10-24 05:00:04,12,182,285,196,196,194,2,https://pemilu2019.kpu.go.id/img/c/900/002/900002439/1139-1-C1-PPWP-X1.jpg,https://pemilu2019.kpu.go.id/img/c/900/002/900002439/1139-1-C1-PPWP-X2.jpg
167111351139900002440,ACEH,ACEH TIMUR,SUNGAI RAYA,BUKIT SELAMAT,TPS 2,2019-10-24 05:00:04,20,193,295,225,225,213,12,https://pemilu2019.kpu.go.id/img/c/900/002/900002440/1139-2-C1-PPWP-X1.jpg,https://pemilu2019.kpu.go.id/img/c/900/002/900002440/1139-2-C1-PPWP-X2.jpg
167111351139900002441,ACEH,ACEH TIMUR,SUNGAI RAYA,BUKIT SELAMAT,TPS 3,2019-10-24 05:00:04,13,191,293,214,219,204,15,https://pemilu2019.kpu.go.id/img/c/900/002/900002441/4-1139-3-C1-PPWP-X1.jpg,https://pemilu2019.kpu.go.id/img/c/900/002/900002441/4-1139-3-C1-PPWP-X2.jpg
167111351139900002442,ACEH,ACEH TIMUR,SUNGAI RAYA,BUKIT SELAMAT,TPS 4,2019-10-24 05:00:04,22,195,311,311,226,217,9,https://pemilu2019.kpu.go.id/img/c/900/002/900002442/1139-4-C1-PPWP-X1.jpg,https://pemilu2019.kpu.go.id/img/c/900/002/900002442/1139-4-C1-PPWP-X2.jpg
167111351143900002449,ACEH,ACEH TIMUR,SUNGAI RAYA,GAJAH MENTAH,TPS 1,2019-10-24 05:00:04,17,117,225,137,137,134,3,https://pemilu2019.kpu.go.id/img/c/900/002/900002449/1143-1-C1-PPWP-X1.jpg,https://pemilu2019.kpu.go.id/img/c/900/002/900002449/1143-1-C1-PPWP-X2.jpg
167111351137900002427,ACEH,ACEH TIMUR,SUNGAI RAYA,GEULUMPANG PAYONG,TPS 1,2019-10-24 05:00:04,45,119,263,179,179,164,15,https://pemilu2019.kpu.go.id/img/c/900/002/900002427/1137-1-C1-PPWP-X1.jpg,https://pemilu2019.kpu.go.id/img/c/900/002/900002427/1137-1-C1-PPWP-X2.jpg
167111351137900002428,ACEH,ACEH TIMUR,SUNGAI RAYA,GEULUMPANG PAYONG,TPS 2,2019-10-24 05:00:04,54,125,277,194,194,179,15,https://pemilu2019.kpu.go.id/img/c/900/002/900002428/1137-2-C1-PPWP-X1.jpg,https://pemilu2019.kpu.go.id/img/c/900/002/900002428/1137-2-C1-PPWP-X2.jpg
167111351137900002429,ACEH,ACEH TIMUR,SUNGAI RAYA,GEULUMPANG PAYONG,TPS 3,2019-10-24 05:00:04,17,66,138,88,88,83,5,https://pemilu2019.kpu.go.id/img/c/900/002/900002429/1137-3-C1-PPWP-X1.jpg,https://pemilu2019.kpu.go.id/img/c/900/002/900002429/1137-3-C1-PPWP-X2.jpg
167111351146900002456,ACEH,ACEH TIMUR,SUNGAI RAYA,KRUENG LINGKA,TPS 1,2019-10-24 05:00:04,46,153,240,200,200,199,1,https://pemilu2019.kpu.go.id/img/c/900/002/900002456/1146-1-C-XXX-X5.jpg,https://pemilu2019.kpu.go.id/img/c/900/002/900002456/1146-1-C-XXX-X6.jpg
167111351148900002458,ACEH,ACEH TIMUR,SUNGAI RAYA,KUALA PAREK,TPS 1,2019-10-24 05:00:04,39,91,166,139,139,130,9,https://pemilu2019.kpu.go.id/img/c/900/002/900002458/1148-1-C1-PPWP-X1.jpg,https://pemilu2019.kpu.go.id/img/c/900/002/900002458/1148-1-C1-PPWP-X2.jpg
167111351138900002430,ACEH,ACEH TIMUR,SUNGAI RAYA,LABUHAN KEUDE,TPS 1,2019-10-24 05:00:04,22,136,267,164,164,158,6,https://pemilu2019.kpu.go.id/img/c/900/002/900002430/1138-1-C1-PPWP-X1.jpg,https://pemilu2019.kpu.go.id/img/c/900/002/900002430/1138-1-C1-PPWP-X2.jpg
167111351138900002431,ACEH,ACEH TIMUR,SUNGAI RAYA,LABUHAN KEUDE,TPS 2,2019-10-24 05:00:04,29,128,282,162,162,157,5,https://pemilu2019.kpu.go.id/img/c/900/002/900002431/1138-2-C1-PPWP-X1.jpg,https://pemilu2019.kpu.go.id/img/c/900/002/900002431/1138-2-C1-PPWP-X2.jpg
167111351138900002432,ACEH,ACEH TIMUR,SUNGAI RAYA,LABUHAN KEUDE,TPS 3,2019-10-24 05:00:04,20,162,284,201,201,182,19,https://pemilu2019.kpu.go.id/img/c/900/002/900002432/1138-3-C-XXX-X5.jpg,https://pemilu2019.kpu.go.id/img/c/900/002/900002432/1138-3-C-XXX-X6.jpg
167111351138900002433,ACEH,ACEH TIMUR,SUNGAI RAYA,LABUHAN KEUDE,TPS 4,2019-10-24 05:00:04,20,161,300,202,191,181,10,https://pemilu2019.kpu.go.id/img/c/900/002/900002433/4-1138-4-C1-PPWP-X1.jpg,https://pemilu2019.kpu.go.id/img/c/900/002/900002433/4-1138-4-C1-PPWP-X2.jpg
167111351138900002434,ACEH,ACEH TIMUR,SUNGAI RAYA,LABUHAN KEUDE,TPS 5,2019-10-24 05:00:04,27,163,278,198,198,190,8,https://pemilu2019.kpu.go.id/img/c/900/002/900002434/1138-5-C1-PPWP-X1.jpg,https://pemilu2019.kpu.go.id/img/c/900/002/900002434/1138-5-C1-PPWP-X2.jpg
167111351138900002435,ACEH,ACEH TIMUR,SUNGAI RAYA,LABUHAN KEUDE,TPS 6,2019-10-24 05:00:04,15,147,281,173,173,162,11,https://pemilu2019.kpu.go.id/img/c/900/002/900002435/2-1138-6-C1-PPWP-X1.jpg,https://pemilu2019.kpu.go.id/img/c/900/002/900002435/2-1138-6-C1-PPWP-X2.jpg
167111351138900002436,ACEH,ACEH TIMUR,SUNGAI RAYA,LABUHAN KEUDE,TPS 7,2019-10-24 05:00:04,26,174,270,208,208,200,8,https://pemilu2019.kpu.go.id/img/c/900/002/900002436/1138-7-C1-PPWP-X1.jpg,https://pemilu2019.kpu.go.id/img/c/900/002/900002436/1138-7-C1-PPWP-X2.jpg
167111351138900002437,ACEH,ACEH TIMUR,SUNGAI RAYA,LABUHAN KEUDE,TPS 8,2019-10-24 05:00:04,16,172,284,200,200,188,12,https://pemilu2019.kpu.go.id/img/c/900/002/900002437/1138-8-C1-PPWP-X1.jpg,https://pemilu2019.kpu.go.id/img/c/900/002/900002437/1138-8-C1-PPWP-X2.jpg
167111351138900002438,ACEH,ACEH TIMUR,SUNGAI RAYA,LABUHAN KEUDE,TPS 9,2019-10-24 05:00:04,22,96,183,122,122,118,4,https://pemilu2019.kpu.go.id/img/c/900/002/900002438/1138-9-C1-PPWP-X1.jpg,https://pemilu2019.kpu.go.id/img/c/900/002/900002438/1138-9-C1-PPWP-X2.jpg
167111351142900002447,ACEH,ACEH TIMUR,SUNGAI RAYA,PAYA KEUTAPANG,TPS 1,2019-10-24 05:00:04,8,107,149,126,126,115,11,https://pemilu2019.kpu.go.id/img/c/900/002/900002447/1142-1-C1-PPWP-X1.jpg,https://pemilu2019.kpu.go.id/img/c/900/002/900002447/1142-1-C1-PPWP-X2.jpg
167111351142900002448,ACEH,ACEH TIMUR,SUNGAI RAYA,PAYA KEUTAPANG,TPS 2,2019-10-24 05:00:04,22,159,214,189,189,181,8,https://pemilu2019.kpu.go.id/img/c/900/002/900002448/1142-2-C1-PPWP-X1.jpg,https://pemilu2019.kpu.go.id/img/c/900/002/900002448/1142-2-C1-PPWP-X2.jpg
167111351145900002453,ACEH,ACEH TIMUR,SUNGAI RAYA,SEUNEUBOK ACEH,TPS 1,2019-10-24 05:00:04,6,205,284,215,215,211,4,https://pemilu2019.kpu.go.id/img/c/900/002/900002453/1-1145-1-C1-PPWP-X1.jpg,https://pemilu2019.kpu.go.id/img/c/900/002/900002453/1-1145-1-C1-PPWP-X2.jpg
167111351145900002454,ACEH,ACEH TIMUR,SUNGAI RAYA,SEUNEUBOK ACEH,TPS 2,2019-10-24 05:00:04,12,143,218,160,160,155,5,https://pemilu2019.kpu.go.id/img/c/900/002/900002454/1145-2-C1-PPWP-X1.jpg,https://pemilu2019.kpu.go.id/img/c/900/002/900002454/1145-2-C1-PPWP-X2.jpg
167111351145900002455,ACEH,ACEH TIMUR,SUNGAI RAYA,SEUNEUBOK ACEH,TPS 3,2019-10-24 05:00:04,4,98,139,106,106,102,4,https://pemilu2019.kpu.go.id/img/c/900/002/900002455/1145-3-C1-PPWP-X1.jpg,https://pemilu2019.kpu.go.id/img/c/900/002/900002455/1145-3-C1-PPWP-X2.jpg
167111351144900002450,ACEH,ACEH TIMUR,SUNGAI RAYA,SEUNEUBOK PASE,TPS 1,2019-10-24 05:00:04,12,172,275,189,189,184,5,https://pemilu2019.kpu.go.id/img/c/900/002/900002450/2-1144-1-C1-PPWP-X1.jpg,https://pemilu2019.kpu.go.id/img/c/900/002/900002450/2-1144-1-C1-PPWP-X2.jpg
167111351144900002451,ACEH,ACEH TIMUR,SUNGAI RAYA,SEUNEUBOK PASE,TPS 2,2019-10-24 05:00:04,10,197,277,212,212,207,5,https://pemilu2019.kpu.go.id/img/c/900/002/900002451/1144-2-C1-PPWP-X1.jpg,https://pemilu2019.kpu.go.id/img/c/900/002/900002451/1144-2-C1-PPWP-X2.jpg
167111351144900002452,ACEH,ACEH TIMUR,SUNGAI RAYA,SEUNEUBOK PASE,TPS 3,2019-10-24 05:00:04,9,183,282,196,196,192,4,https://pemilu2019.kpu.go.id/img/c/900/002/900002452/1144-3-C1-PPWP-X1.jpg,https://pemilu2019.kpu.go.id/img/c/900/002/900002452/1144-3-C1-PPWP-X2.jpg
167111351147900002457,ACEH,ACEH TIMUR,SUNGAI RAYA,SUNGAI SIMPANG,TPS 1,2019-10-24 05:00:04,7,232,279,243,243,239,4,https://pemilu2019.kpu.go.id/img/c/900/002/900002457/1147-1-C1-PPWP-X1.jpg,https://pemilu2019.kpu.go.id/img/c/900/002/900002457/1147-1-C1-PPWP-X2.jpg
1320532063211900006325,ACEH,ACEH UTARA,BAKTIYA,ALUE ANOU BARAT,TPS 1,2019-10-24 05:00:04,13,145,205,159,159,158,1,https://pemilu2019.kpu.go.id/img/c/900/006/900006325/1-3211-1-C-XXX-X5.jpg,https://pemilu2019.kpu.go.id/img/c/900/006/900006325/1-3211-1-C-XXX-X6.jpg
1320532063211900006326,ACEH,ACEH UTARA,BAKTIYA,ALUE ANOU BARAT,TPS 2,2019-10-24 05:00:04,10,155,209,167,167,165,2,https://pemilu2019.kpu.go.id/img/c/900/006/900006326/2-3211-2-C-XXX-X5.jpg,https://pemilu2019.kpu.go.id/img/c/900/006/900006326/2-3211-2-C-XXX-X6.jpg
1320532063211900006327,ACEH,ACEH UTARA,BAKTIYA,ALUE ANOU BARAT,TPS 3,2019-10-24 05:00:04,15,140,207,161,161,155,6,https://pemilu2019.kpu.go.id/img/c/900/006/900006327/1-3211-3-C-XXX-X5.jpg,https://pemilu2019.kpu.go.id/img/c/900/006/900006327/1-3211-3-C-XXX-X6.jpg
1320532063210900006323,ACEH,ACEH UTARA,BAKTIYA,ALUE ANOU TIMU,TPS 1,2019-10-24 05:00:04,5,184,243,198,198,9,189,https://pemilu2019.kpu.go.id/img/c/900/006/900006323/2-3210-1-C-XXX-X5.jpg,https://pemilu2019.kpu.go.id/img/c/900/006/900006323/2-3210-1-C-XXX-X6.jpg
1320532063210900006324,ACEH,ACEH UTARA,BAKTIYA,ALUE ANOU TIMU,TPS 2,2019-10-24 05:00:04,7,202,253,215,215,209,6,https://pemilu2019.kpu.go.id/img/c/900/006/900006324/1-3210-2-C-XXX-X5.jpg,https://pemilu2019.kpu.go.id/img/c/900/006/900006324/1-3210-2-C-XXX-X6.jpg
1320532063237900006378,ACEH,ACEH UTARA,BAKTIYA,ALUE BILI GEULUMPANG,TPS 1,2019-10-24 05:00:04,2,140,218,147,147,142,5,https://pemilu2019.kpu.go.id/img/c/900/006/900006378/1-3237-1-C-XXX-X5.jpg,https://pemilu2019.kpu.go.id/img/c/900/006/900006378/1-3237-1-C-XXX-X6.jpg
1320532063237900006379,ACEH,ACEH UTARA,BAKTIYA,ALUE BILI GEULUMPANG,TPS 2,2019-10-24 05:00:04,11,145,215,157,157,156,1,https://pemilu2019.kpu.go.id/img/c/900/006/900006379/1-3237-2-C-XXX-X5.jpg,https://pemilu2019.kpu.go.id/img/c/900/006/900006379/1-3237-2-C-XXX-X6.jpg
1320532063237900006380,ACEH,ACEH UTARA,BAKTIYA,ALUE BILI GEULUMPANG,TPS 3,2019-10-24 05:00:04,7,155,218,168,168,162,6,https://pemilu2019.kpu.go.id/img/c/900/006/900006380/1-3237-3-C-XXX-X5.jpg,https://pemilu2019.kpu.go.id/img/c/900/006/900006380/1-3237-3-C-XXX-X6.jpg
1320532063239900006385,ACEH,ACEH UTARA,BAKTIYA,ALUE BILI RAYEUK,TPS 1,2019-10-24 05:00:04,15,108,214,129,129,123,6,https://pemilu2019.kpu.go.id/img/c/900/006/900006385/1-3239-1-C-XXX-X5.jpg,https://pemilu2019.kpu.go.id/img/c/900/006/900006385/1-3239-1-C-XXX-X6.jpg
1320532063239900006386,ACEH,ACEH UTARA,BAKTIYA,ALUE BILI RAYEUK,TPS 2,2019-10-24 05:00:04,12,151,275,164,164,163,1,https://pemilu2019.kpu.go.id/img/c/900/006/900006386/1-3239-2-C-XXX-X5.jpg,https://pemilu2019.kpu.go.id/img/c/900/006/900006386/1-3239-2-C-XXX-X6.jpg
1320532063239900006387,ACEH,ACEH UTARA,BAKTIYA,ALUE BILI RAYEUK,TPS 3,2019-10-24 05:00:04,15,169,271,188,188,184,4,https://pemilu2019.kpu.go.id/img/c/900/006/900006387/1-3239-3-C-XXX-X5.jpg,https://pemilu2019.kpu.go.id/img/c/900/006/900006387/1-3239-3-C-XXX-X6.jpg
1320532063239900006388,ACEH,ACEH UTARA,BAKTIYA,ALUE BILI RAYEUK,TPS 4,2019-10-24 05:00:04,8,131,278,144,144,139,5,https://pemilu2019.kpu.go.id/img/c/900/006/900006388/1-3239-4-C-XXX-X5.jpg,https://pemilu2019.kpu.go.id/img/c/900/006/900006388/1-3239-4-C-XXX-X6.jpg
1320532063239900006389,ACEH,ACEH UTARA,BAKTIYA,ALUE BILI RAYEUK,TPS 5,2019-10-24 05:00:04,15,120,272,137,137,135,2,https://pemilu2019.kpu.go.id/img/c/900/006/900006389/2-3239-5-C-XXX-X5.jpg,https://pemilu2019.kpu.go.id/img/c/900/006/900006389/2-3239-5-C-XXX-X6.jpg
1320532063224900006350,ACEH,ACEH UTARA,BAKTIYA,ALUE BUYA,TPS 1,2019-10-24 05:00:04,2,189,264,192,192,191,1,https://pemilu2019.kpu.go.id/img/c/900/006/900006350/2-3224-1-C-XXX-X5.jpg,https://pemilu2019.kpu.go.id/img/c/900/006/900006350/2-3224-1-C-XXX-X6.jpg
1320532063224900006351,ACEH,ACEH UTARA,BAKTIYA,ALUE BUYA,TPS 2,2019-10-24 05:00:04,8,181,266,193,193,189,4,https://pemilu2019.kpu.go.id/img/c/900/006/900006351/1-3224-2-C-XXX-X5.jpg,https://pemilu2019.kpu.go.id/img/c/900/006/900006351/1-3224-2-C-XXX-X6.jpg
1320532063229900006358,ACEH,ACEH UTARA,BAKTIYA,ALUE DAMA,TPS 1,2019-10-24 05:00:04,14,153,209,171,171,167,4,https://pemilu2019.kpu.go.id/img/c/900/006/900006358/1-3229-1-C-XXX-X5.jpg,https://pemilu2019.kpu.go.id/img/c/900/006/900006358/1-3229-1-C-XXX-X6.jpg
1320532063229900006359,ACEH,ACEH UTARA,BAKTIYA,ALUE DAMA,TPS 2,2019-10-24 05:00:04,13,137,202,153,153,150,3,https://pemilu2019.kpu.go.id/img/c/900/006/900006359/1-3229-2-C-XXX-X5.jpg,https://pemilu2019.kpu.go.id/img/c/900/006/900006359/1-3229-2-C-XXX-X6.jpg
1320532063219900006341,ACEH,ACEH UTARA,BAKTIYA,ALUE GEUDONG,TPS 1,2019-10-24 05:00:04,15,109,162,133,133,124,9,https://pemilu2019.kpu.go.id/img/c/900/006/900006341/2-3219-1-C-XXX-X5.jpg,https://pemilu2019.kpu.go.id/img/c/900/006/900006341/2-3219-1-C-XXX-X6.jpg
1320532063250900006407,ACEH,ACEH UTARA,BAKTIYA,ALUE IE TAREK,TPS 1,2019-10-24 05:00:04,2,220,288,222,222,222,0,https://pemilu2019.kpu.go.id/img/c/900/006/900006407/1-3250-1-C-XXX-X5.jpg,https://pemilu2019.kpu.go.id/img/c/900/006/900006407/1-3250-1-C-XXX-X6.jpg
1320532063236900006376,ACEH,ACEH UTARA,BAKTIYA,ALUE JAMOK,TPS 1,2019-10-24 05:00:04,10,166,261,179,179,176,3,https://pemilu2019.kpu.go.id/img/c/900/006/900006376/1-3236-1-C-XXX-X5.jpg,https://pemilu2019.kpu.go.id/img/c/900/006/900006376/1-3236-1-C-XXX-X6.jpg
1320532063236900006377,ACEH,ACEH UTARA,BAKTIYA,ALUE JAMOK,TPS 2,2019-10-24 05:00:04,13,194,272,222,222,207,15,https://pemilu2019.kpu.go.id/img/c/900/006/900006377/1-3236-2-C-XXX-X5.jpg,https://pemilu2019.kpu.go.id/img/c/900/006/900006377/1-3236-2-C-XXX-X6.jpg
1320532063233900006369,ACEH,ACEH UTARA,BAKTIYA,ALUE KEUTAPANG,TPS 1,2019-10-24 05:00:04,10,183,273,197,197,193,4,https://pemilu2019.kpu.go.id/img/c/900/006/900006369/1-3233-1-C-XXX-X5.jpg,https://pemilu2019.kpu.go.id/img/c/900/006/900006369/1-3233-1-C-XXX-X6.jpg
1320532063233900006370,ACEH,ACEH UTARA,BAKTIYA,ALUE KEUTAPANG,TPS 2,2019-10-24 05:00:04,11,181,269,195,195,192,3,https://pemilu2019.kpu.go.id/img/c/900/006/900006370/2-3233-2-C-XXX-X5.jpg,https://pemilu2019.kpu.go.id/img/c/900/006/900006370/2-3233-2-C-XXX-X6.jpg
1320532063251900006408,ACEH,ACEH UTARA,BAKTIYA,ALUE RAMBONG,TPS 1,2019-10-24 05:00:04,7,144,201,154,154,151,3,https://pemilu2019.kpu.go.id/img/c/900/006/900006408/1-3251-1-C1-PPWP-X1.jpg,https://pemilu2019.kpu.go.id/img/c/900/006/900006408/1-3251-1-C1-PPWP-X2.jpg
1320532063213900006329,ACEH,ACEH UTARA,BAKTIYA,ALUE SERDANG,TPS 1,2019-10-24 05:00:04,11,184,245,201,201,195,6,https://pemilu2019.kpu.go.id/img/c/900/006/900006329/2-3213-1-C-XXX-X5.jpg,https://pemilu2019.kpu.go.id/img/c/900/006/900006329/2-3213-1-C-XXX-X6.jpg
1320532063244900006397,ACEH,ACEH UTARA,BAKTIYA,ARONGAN LISE,TPS 1,2019-10-24 05:00:04,6,139,229,150,150,145,5,https://pemilu2019.kpu.go.id/img/c/900/006/900006397/1-3244-1-C-XXX-X5.jpg,https://pemilu2019.kpu.go.id/img/c/900/006/900006397/1-3244-1-C-XXX-X6.jpg
1320532063244900006398,ACEH,ACEH UTARA,BAKTIYA,ARONGAN LISE,TPS 2,2019-10-24 05:00:04,12,135,228,153,153,147,6,https://pemilu2019.kpu.go.id/img/c/900/006/900006398/1-3244-2-C-XXX-X35.jpg,https://pemilu2019.kpu.go.id/img/c/900/006/900006398/1-3244-2-C-XXX-X36.jpg
1320532063262900006421,ACEH,ACEH UTARA,BAKTIYA,BABUSSALAM,TPS 1,2019-10-24 05:00:04,46,161,247,208,208,207,1,https://pemilu2019.kpu.go.id/img/c/900/006/900006421/3-3262-1-C-XXX-X5.jpg,https://pemilu2019.kpu.go.id/img/c/900/006/900006421/3-3262-1-C-XXX-X6.jpg
1320532063262900006422,ACEH,ACEH UTARA,BAKTIYA,BABUSSALAM,TPS 2,2019-10-24 05:00:04,43,157,249,203,203,200,3,https://pemilu2019.kpu.go.id/img/c/900/006/900006422/2-3262-2-C-XXX-X5.jpg,https://pemilu2019.kpu.go.id/img/c/900/006/900006422/2-3262-2-C-XXX-X6.jpg
1320532063262900006423,ACEH,ACEH UTARA,BAKTIYA,BABUSSALAM,TPS 3,2019-10-24 05:00:04,0,0,239,188,0,0,0,https://pemilu2019.kpu.go.id/img/c/900/006/900006423/1-3262-3-C1-PPWP-X1.jpg,https://pemilu2019.kpu.go.id/img/c/900/006/900006423/1-3262-3-C1-PPWP-X2.jpg
1320532063262900006424,ACEH,ACEH UTARA,BAKTIYA,BABUSSALAM,TPS 4,2019-10-24 05:00:04,52,134,245,189,189,186,3,https://pemilu2019.kpu.go.id/img/c/900/006/900006424/1-3262-4-C-XXX-X5.jpg,https://pemilu2019.kpu.go.id/img/c/900/006/900006424/1-3262-4-C-XXX-X6.jpg
1320532063258900006417,ACEH,ACEH UTARA,BAKTIYA,BUKET DARA BARO,TPS 1,2019-10-24 05:00:04,5,206,287,216,216,211,5,https://pemilu2019.kpu.go.id/img/c/900/006/900006417/1-3258-1-C-XXX-X5.jpg,https://pemilu2019.kpu.go.id/img/c/900/006/900006417/1-3258-1-C-XXX-X6.jpg
1320532063257900006416,ACEH,ACEH UTARA,BAKTIYA,CEUMPEUDAK,TPS 1,2019-10-24 05:00:04,19,110,175,135,135,129,6,https://pemilu2019.kpu.go.id/img/c/900/006/900006416/1-3257-1-C-XXX-X5.jpg,https://pemilu2019.kpu.go.id/img/c/900/006/900006416/1-3257-1-C-XXX-X6.jpg
1320532063263900006425,ACEH,ACEH UTARA,BAKTIYA,CINTA MAKMUR,TPS 1,2019-10-24 05:00:04,51,151,261,124,204,202,2,https://pemilu2019.kpu.go.id/img/c/900/006/900006425/1-3263-1-C-XXX-X5.jpg,https://pemilu2019.kpu.go.id/img/c/900/006/900006425/1-3263-1-C-XXX-X6.jpg
1320532063263900006426,ACEH,ACEH UTARA,BAKTIYA,CINTA MAKMUR,TPS 2,2019-10-24 05:00:04,40,166,263,211,211,206,5,https://pemilu2019.kpu.go.id/img/c/900/006/900006426/1-3263-2-C-XXX-X5.jpg,https://pemilu2019.kpu.go.id/img/c/900/006/900006426/1-3263-2-C-XXX-X6.jpg
1320532063230900006360,ACEH,ACEH UTARA,BAKTIYA,COT ARA,TPS 1,2019-10-24 05:00:04,5,165,237,173,173,170,3,https://pemilu2019.kpu.go.id/img/c/900/006/900006360/1-3230-1-C-XXX-X5.jpg,https://pemilu2019.kpu.go.id/img/c/900/006/900006360/1-3230-1-C-XXX-X6.jpg
1320532063230900006361,ACEH,ACEH UTARA,BAKTIYA,COT ARA,TPS 2,2019-10-24 05:00:04,3,173,239,181,181,176,5,https://pemilu2019.kpu.go.id/img/c/900/006/900006361/1-3230-2-C-XXX-X5.jpg,https://pemilu2019.kpu.go.id/img/c/900/006/900006361/1-3230-2-C-XXX-X6.jpg
1320532063215900006331,ACEH,ACEH UTARA,BAKTIYA,COT KUMBANG,TPS 1,2019-10-24 05:00:04,11,186,284,206,206,197,9,https://pemilu2019.kpu.go.id/img/c/900/006/900006331/1-3215-1-C-XXX-X5.jpg,https://pemilu2019.kpu.go.id/img/c/900/006/900006331/1-3215-1-C-XXX-X6.jpg
1320532063215900006332,ACEH,ACEH UTARA,BAKTIYA,COT KUMBANG,TPS 2,2019-10-24 05:00:04,8,207,288,225,225,215,10,https://pemilu2019.kpu.go.id/img/c/900/006/900006332/1-3215-2-C-XXX-X5.jpg,https://pemilu2019.kpu.go.id/img/c/900/006/900006332/1-3215-2-C-XXX-X6.jpg
1320532063214900006330,ACEH,ACEH UTARA,BAKTIYA,COT MANE,TPS 1,2019-10-24 05:00:04,12,229,280,244,244,241,3,https://pemilu2019.kpu.go.id/img/c/900/006/900006330/1-3214-1-C-XXX-X5.jpg,https://pemilu2019.kpu.go.id/img/c/900/006/900006330/1-3214-1-C-XXX-X6.jpg
1320532063249900006405,ACEH,ACEH UTARA,BAKTIYA,COT MANYANG,TPS 1,2019-10-24 05:00:04,8,138,219,154,154,146,8,https://pemilu2019.kpu.go.id/img/c/900/006/900006405/1-3249-1-C1-PPWP-X1.jpg,https://pemilu2019.kpu.go.id/img/c/900/006/900006405/1-3249-1-C1-PPWP-X2.jpg
1320532063249900006406,ACEH,ACEH UTARA,BAKTIYA,COT MANYANG,TPS 2,2019-10-24 05:00:04,6,145,0,0,157,151,6,https://pemilu2019.kpu.go.id/img/c/900/006/900006406/2-3249-2-C-XXX-X5.jpg,https://pemilu2019.kpu.go.id/img/c/900/006/900006406/2-3249-2-C-XXX-X6.jpg
1320532063218900006340,ACEH,ACEH UTARA,BAKTIYA,COT ULAYA,TPS 1,2019-10-24 05:00:04,7,81,102,88,88,88,0,https://pemilu2019.kpu.go.id/img/c/900/006/900006340/2-3218-1-C-XXX-X5.jpg,https://pemilu2019.kpu.go.id/img/c/900/006/900006340/2-3218-1-C-XXX-X6.jpg
1320532063241900006391,ACEH,ACEH UTARA,BAKTIYA,GEULUMPANG BUNGKOK,TPS 1,2019-10-24 05:00:04,25,134,239,163,163,159,4,https://pemilu2019.kpu.go.id/img/c/900/006/900006391/1-3241-1-C-XXX-X5.jpg,https://pemilu2019.kpu.go.id/img/c/900/006/900006391/1-3241-1-C-XXX-X6.jpg
1320532063254900006412,ACEH,ACEH UTARA,BAKTIYA,GLUMPANG PAYONG,TPS 1,2019-10-24 05:00:04,11,106,299,125,125,117,8,https://pemilu2019.kpu.go.id/img/c/900/006/900006412/2-3254-1-C-XXX-X5.jpg,https://pemilu2019.kpu.go.id/img/c/900/006/900006412/2-3254-1-C-XXX-X6.jpg
1320532063254900006413,ACEH,ACEH UTARA,BAKTIYA,GLUMPANG PAYONG,TPS 2,2019-10-24 05:00:04,16,129,299,151,151,145,6,https://pemilu2019.kpu.go.id/img/c/900/006/900006413/1-3254-2-C-XXX-X5.jpg,https://pemilu2019.kpu.go.id/img/c/900/006/900006413/1-3254-2-C-XXX-X6.jpg
1320532063243900006394,ACEH,ACEH UTARA,BAKTIYA,GLUMPANG SAMLAKOE,TPS 1,2019-10-24 05:00:04,11,139,238,155,155,150,5,https://pemilu2019.kpu.go.id/img/c/900/006/900006394/1-3243-1-C-XXX-X5.jpg,https://pemilu2019.kpu.go.id/img/c/900/006/900006394/1-3243-1-C-XXX-X6.jpg
1320532063243900006395,ACEH,ACEH UTARA,BAKTIYA,GLUMPANG SAMLAKOE,TPS 2,2019-10-24 05:00:04,11,207,286,221,221,218,3,https://pemilu2019.kpu.go.id/img/c/900/006/900006395/2-3243-2-C-XXX-X5.jpg,https://pemilu2019.kpu.go.id/img/c/900/006/900006395/2-3243-2-C-XXX-X6.jpg
1320532063243900006396,ACEH,ACEH UTARA,BAKTIYA,GLUMPANG SAMLAKOE,TPS 3,2019-10-24 05:00:04,10,163,245,176,176,173,3,https://pemilu2019.kpu.go.id/img/c/900/006/900006396/1-3243-3-C-XXX-X5.jpg,https://pemilu2019.kpu.go.id/img/c/900/006/900006396/1-3243-3-C-XXX-X6.jpg
1320532063207900006313,ACEH,ACEH UTARA,BAKTIYA,KEUDE ALUE IE PUTEH,TPS 1,2019-10-24 05:00:04,14,148,244,164,164,162,2,https://pemilu2019.kpu.go.id/img/c/900/006/900006313/1-3207-1-C-XXX-X5.jpg,https://pemilu2019.kpu.go.id/img/c/900/006/900006313/1-3207-1-C-XXX-X6.jpg
1320532063207900006314,ACEH,ACEH UTARA,BAKTIYA,KEUDE ALUE IE PUTEH,TPS 2,2019-10-24 05:00:04,10,129,233,140,140,139,1,https://pemilu2019.kpu.go.id/img/c/900/006/900006314/2-3207-2-C-XXX-X5.jpg,https://pemilu2019.kpu.go.id/img/c/900/006/900006314/2-3207-2-C-XXX-X6.jpg
1320532063240900006390,ACEH,ACEH UTARA,BAKTIYA,KEUDE MENYEE IV,TPS 1,2019-10-24 05:00:04,5,48,61,53,53,53,0,https://pemilu2019.kpu.go.id/img/c/900/006/900006390/1-3240-1-C-XXX-X5.jpg,https://pemilu2019.kpu.go.id/img/c/900/006/900006390/1-3240-1-C-XXX-X6.jpg
1320532063226900006354,ACEH,ACEH UTARA,BAKTIYA,KEUDE PANTEU BRUEH,TPS 1,2019-10-24 05:00:04,22,214,290,238,238,236,2,https://pemilu2019.kpu.go.id/img/c/900/006/900006354/1-3226-1-C-XXX-X5.jpg,https://pemilu2019.kpu.go.id/img/c/900/006/900006354/1-3226-1-C-XXX-X6.jpg
1320532063234900006371,ACEH,ACEH UTARA,BAKTIYA,KRUENG LINGKA BARAT,TPS 1,2019-10-24 05:00:04,6,133,203,146,146,139,7,https://pemilu2019.kpu.go.id/img/c/900/006/900006371/1-3234-1-C-XXX-X5.jpg,https://pemilu2019.kpu.go.id/img/c/900/006/900006371/1-3234-1-C-XXX-X6.jpg
1320532063234900006372,ACEH,ACEH UTARA,BAKTIYA,KRUENG LINGKA BARAT,TPS 2,2019-10-24 05:00:04,9,124,203,141,141,133,8,https://pemilu2019.kpu.go.id/img/c/900/006/900006372/1-3234-2-C-XXX-X5.jpg,https://pemilu2019.kpu.go.id/img/c/900/006/900006372/1-3234-2-C-XXX-X6.jpg
1320532063234900006373,ACEH,ACEH UTARA,BAKTIYA,KRUENG LINGKA BARAT,TPS 3,2019-10-24 05:00:04,9,127,197,143,143,136,7,https://pemilu2019.kpu.go.id/img/c/900/006/900006373/1-3234-3-C-XXX-X5.jpg,https://pemilu2019.kpu.go.id/img/c/900/006/900006373/1-3234-3-C-XXX-X6.jpg
1320532063235900006374,ACEH,ACEH UTARA,BAKTIYA,KRUENG LINGKA TIMU,TPS 1,2019-10-24 05:00:04,8,125,206,139,139,133,6,https://pemilu2019.kpu.go.id/img/c/900/006/900006374/1-3235-1-C1-PPWP-01.jpg,https://pemilu2019.kpu.go.id/img/c/900/006/900006374/1-3235-1-C1-PPWP-02.jpg
1320532063235900006375,ACEH,ACEH UTARA,BAKTIYA,KRUENG LINGKA TIMU,TPS 2,2019-10-24 05:00:04,5,149,211,161,161,154,7,https://pemilu2019.kpu.go.id/img/c/900/006/900006375/1-3235-2-C-XXX-X5.jpg,https://pemilu2019.kpu.go.id/img/c/900/006/900006375/1-3235-2-C-XXX-X6.jpg
1320532063238900006381,ACEH,ACEH UTARA,BAKTIYA,LHOK SEUTUY,TPS 1,2019-10-24 05:00:04,15,141,247,162,162,156,6,https://pemilu2019.kpu.go.id/img/c/900/006/900006381/1-3238-1-C-XXX-X5.jpg,https://pemilu2019.kpu.go.id/img/c/900/006/900006381/1-3238-1-C-XXX-X6.jpg
1320532063238900006382,ACEH,ACEH UTARA,BAKTIYA,LHOK SEUTUY,TPS 2,2019-10-24 05:00:04,12,147,250,169,169,159,10,https://pemilu2019.kpu.go.id/img/c/900/006/900006382/1-3238-2-C-XXX-X5.jpg,https://pemilu2019.kpu.go.id/img/c/900/006/900006382/1-3238-2-C-XXX-X6.jpg
1320532063238900006383,ACEH,ACEH UTARA,BAKTIYA,LHOK SEUTUY,TPS 3,2019-10-24 05:00:04,7,134,253,148,148,141,7,https://pemilu2019.kpu.go.id/img/c/900/006/900006383/1-3238-3-C-XXX-X5.jpg,https://pemilu2019.kpu.go.id/img/c/900/006/900006383/1-3238-3-C-XXX-X6.jpg
1320532063238900006384,ACEH,ACEH UTARA,BAKTIYA,LHOK SEUTUY,TPS 4,2019-10-24 05:00:04,21,164,253,189,189,185,4,https://pemilu2019.kpu.go.id/img/c/900/006/900006384/1-3238-4-C-XXX-X5.jpg,https://pemilu2019.kpu.go.id/img/c/900/006/900006384/1-3238-4-C-XXX-X6.jpg
1320532063256900006415,ACEH,ACEH UTARA,BAKTIYA,LUENG BATA,TPS 1,2019-10-24 05:00:04,18,143,203,169,169,161,8,https://pemilu2019.kpu.go.id/img/c/900/006/900006415/1-3256-1-C1-PPWP-X1.jpg,https://pemilu2019.kpu.go.id/img/c/900/006/900006415/1-3256-1-C1-PPWP-X2.jpg
1320532063260900006419,ACEH,ACEH UTARA,BAKTIYA,MATANG BARO,TPS 1,2019-10-24 05:00:04,16,0,218,218,0,218,0,https://pemilu2019.kpu.go.id/img/c/900/006/900006419/1-3260-1-C-XXX-X5.jpg,https://pemilu2019.kpu.go.id/img/c/900/006/900006419/1-3260-1-C-XXX-X6.jpg
1320532063248900006404,ACEH,ACEH UTARA,BAKTIYA,MATANG BERINGIN,TPS 1,2019-10-24 05:00:04,2,77,107,80,80,79,1,https://pemilu2019.kpu.go.id/img/c/900/006/900006404/2-3248-1-C-XXX-X5.jpg,https://pemilu2019.kpu.go.id/img/c/900/006/900006404/2-3248-1-C-XXX-X6.jpg
1320532063225900006352,ACEH,ACEH UTARA,BAKTIYA,MATANG CUT,TPS 1,2019-10-24 05:00:04,0,128,214,128,128,128,0,https://pemilu2019.kpu.go.id/img/c/900/006/900006352/1-3225-1-C-XXX-X5.jpg,https://pemilu2019.kpu.go.id/img/c/900/006/900006352/1-3225-1-C-XXX-X6.jpg
1320532063225900006353,ACEH,ACEH UTARA,BAKTIYA,MATANG CUT,TPS 2,2019-10-24 05:00:04,3,192,213,199,199,195,4,https://pemilu2019.kpu.go.id/img/c/900/006/900006353/1-3225-2-C-XXX-X5.jpg,https://pemilu2019.kpu.go.id/img/c/900/006/900006353/1-3225-2-C-XXX-X6.jpg
1320532063217900006339,ACEH,ACEH UTARA,BAKTIYA,MATANG KAREUNG,TPS 1,2019-10-24 05:00:04,3,177,232,185,185,180,5,https://pemilu2019.kpu.go.id/img/c/900/006/900006339/1-3217-1-C-XXX-X5.jpg,https://pemilu2019.kpu.go.id/img/c/900/006/900006339/1-3217-1-C-XXX-X6.jpg
1320532063223900006348,ACEH,ACEH UTARA,BAKTIYA,MATANG KELAYU,TPS 1,2019-10-24 05:00:04,7,150,205,160,160,157,3,https://pemilu2019.kpu.go.id/img/c/900/006/900006348/1-3223-1-C-XXX-X5.jpg,https://pemilu2019.kpu.go.id/img/c/900/006/900006348/1-3223-1-C-XXX-X6.jpg
1320532063223900006349,ACEH,ACEH UTARA,BAKTIYA,MATANG KELAYU,TPS 2,2019-10-24 05:00:04,4,151,205,156,156,155,1,https://pemilu2019.kpu.go.id/img/c/900/006/900006349/1-3223-2-C-XXX-X5.jpg,https://pemilu2019.kpu.go.id/img/c/900/006/900006349/1-3223-2-C-XXX-X6.jpg
1320532063216900006333,ACEH,ACEH UTARA,BAKTIYA,MATANG KUMBANG,TPS 1,2019-10-24 05:00:04,8,162,273,178,178,170,8,https://pemilu2019.kpu.go.id/img/c/900/006/900006333/1-3216-1-C-XXX-X5.jpg,https://pemilu2019.kpu.go.id/img/c/900/006/900006333/1-3216-1-C-XXX-X6.jpg
1320532063216900006334,ACEH,ACEH UTARA,BAKTIYA,MATANG KUMBANG,TPS 2,2019-10-24 05:00:04,5,164,266,176,176,169,7,https://pemilu2019.kpu.go.id/img/c/900/006/900006334/1-3216-2-C-XXX-X5.jpg,https://pemilu2019.kpu.go.id/img/c/900/006/900006334/1-3216-2-C-XXX-X6.jpg
1320532063216900006335,ACEH,ACEH UTARA,BAKTIYA,MATANG KUMBANG,TPS 3,2019-10-24 05:00:04,11,164,258,180,180,175,5,https://pemilu2019.kpu.go.id/img/c/900/006/900006335/1-3216-3-C-XXX-X5.jpg,https://pemilu2019.kpu.go.id/img/c/900/006/900006335/1-3216-3-C-XXX-X6.jpg
1320532063216900006336,ACEH,ACEH UTARA,BAKTIYA,MATANG KUMBANG,TPS 4,2019-10-24 05:00:04,11,172,269,188,188,183,5,https://pemilu2019.kpu.go.id/img/c/900/006/900006336/1-3216-4-C-XXX-X5.jpg,https://pemilu2019.kpu.go.id/img/c/900/006/900006336/1-3216-4-C-XXX-X6.jpg
1320532063216900006337,ACEH,ACEH UTARA,BAKTIYA,MATANG KUMBANG,TPS 5,2019-10-24 05:00:04,10,175,277,194,194,185,9,https://pemilu2019.kpu.go.id/img/c/900/006/900006337/1-3216-5-C-XXX-X5.jpg,https://pemilu2019.kpu.go.id/img/c/900/006/900006337/1-3216-5-C-XXX-X6.jpg
1320532063216900006338,ACEH,ACEH UTARA,BAKTIYA,MATANG KUMBANG,TPS 6,2019-10-24 05:00:04,7,186,283,195,195,193,2,https://pemilu2019.kpu.go.id/img/c/900/006/900006338/1-3216-6-C-XXX-X5.jpg,https://pemilu2019.kpu.go.id/img/c/900/006/900006338/1-3216-6-C-XXX-X6.jpg
1320532063253900006410,ACEH,ACEH UTARA,BAKTIYA,MATANG LAWANG,TPS 1,2019-10-24 05:00:04,31,92,164,133,133,123,10,https://pemilu2019.kpu.go.id/img/c/900/006/900006410/1-3253-1-C-XXX-X5.jpg,https://pemilu2019.kpu.go.id/img/c/900/006/900006410/1-3253-1-C-XXX-X6.jpg
1320532063253900006411,ACEH,ACEH UTARA,BAKTIYA,MATANG LAWANG,TPS 2,2019-10-24 05:00:04,16,92,162,119,119,108,11,https://pemilu2019.kpu.go.id/img/c/900/006/900006411/2-3253-2-C-XXX-X5.jpg,https://pemilu2019.kpu.go.id/img/c/900/006/900006411/2-3253-2-C-XXX-X6.jpg
1320532063252900006409,ACEH,ACEH UTARA,BAKTIYA,MATANG LINYA,TPS 1,2019-10-24 05:00:04,19,155,242,182,182,174,8,https://pemilu2019.kpu.go.id/img/c/900/006/900006409/1-3252-1-C-XXX-X5.jpg,https://pemilu2019.kpu.go.id/img/c/900/006/900006409/1-3252-1-C-XXX-X6.jpg
1320532063246900006401,ACEH,ACEH UTARA,BAKTIYA,MATANG MANYAM,TPS 1,2019-10-24 05:00:04,10,153,202,165,165,163,2,https://pemilu2019.kpu.go.id/img/c/900/006/900006401/1-3246-1-C-XXX-X5.jpg,https://pemilu2019.kpu.go.id/img/c/900/006/900006401/1-3246-1-C-XXX-X6.jpg
1320532063259900006418,ACEH,ACEH UTARA,BAKTIYA,MATANG PINEUNG,TPS 1,2019-10-24 05:00:04,19,195,288,218,218,214,4,https://pemilu2019.kpu.go.id/img/c/900/006/900006418/1-3259-1-C-XXX-X5.jpg,https://pemilu2019.kpu.go.id/img/c/900/006/900006418/1-3259-1-C-XXX-X6.jpg
1320532063242900006392,ACEH,ACEH UTARA,BAKTIYA,MATANG RAWA,TPS 1,2019-10-24 05:00:04,3,109,173,114,114,112,2,https://pemilu2019.kpu.go.id/img/c/900/006/900006392/2-3242-1-C1-PPWP-X1.jpg,https://pemilu2019.kpu.go.id/img/c/900/006/900006392/2-3242-1-C1-PPWP-X2.jpg
1320532063242900006393,ACEH,ACEH UTARA,BAKTIYA,MATANG RAWA,TPS 2,2019-10-24 05:00:04,3,122,179,129,129,125,4,https://pemilu2019.kpu.go.id/img/c/900/006/900006393/1-3242-2-C-XXX-X5.jpg,https://pemilu2019.kpu.go.id/img/c/900/006/900006393/1-3242-2-C-XXX-X6.jpg
1320532063222900006346,ACEH,ACEH UTARA,BAKTIYA,MATANG RAYA BARAT,TPS 1,2019-10-24 05:00:04,4,213,270,217,217,217,0,https://pemilu2019.kpu.go.id/img/c/900/006/900006346/1-3222-1-C-XXX-X5.jpg,https://pemilu2019.kpu.go.id/img/c/900/006/900006346/1-3222-1-C-XXX-X6.jpg
1320532063222900006347,ACEH,ACEH UTARA,BAKTIYA,MATANG RAYA BARAT,TPS 2,2019-10-24 05:00:04,2,202,261,204,204,204,0,https://pemilu2019.kpu.go.id/img/c/900/006/900006347/1-3222-2-C-XXX-X5.jpg,https://pemilu2019.kpu.go.id/img/c/900/006/900006347/1-3222-2-C-XXX-X6.jpg
1320532063221900006344,ACEH,ACEH UTARA,BAKTIYA,MATANG RAYA TIMU,TPS 1,2019-10-24 05:00:04,3,151,198,155,155,154,1,https://pemilu2019.kpu.go.id/img/c/900/006/900006344/1-3221-1-C-XXX-X5.jpg,https://pemilu2019.kpu.go.id/img/c/900/006/900006344/1-3221-1-C-XXX-X6.jpg
1320532063221900006345,ACEH,ACEH UTARA,BAKTIYA,MATANG RAYA TIMU,TPS 2,2019-10-24 05:00:04,3,162,192,169,169,165,4,https://pemilu2019.kpu.go.id/img/c/900/006/900006345/1-3221-2-C-XXX-X5.jpg,https://pemilu2019.kpu.go.id/img/c/900/006/900006345/1-3221-2-C-XXX-X6.jpg
1320532063245900006399,ACEH,ACEH UTARA,BAKTIYA,MATANG REUDEP,TPS 1,2019-10-24 05:00:04,19,109,171,134,134,128,6,https://pemilu2019.kpu.go.id/img/c/900/006/900006399/1-3245-1-C1-PPWP-X1.jpg,https://pemilu2019.kpu.go.id/img/c/900/006/900006399/1-3245-1-C1-PPWP-X2.jpg
1320532063245900006400,ACEH,ACEH UTARA,BAKTIYA,MATANG REUDEP,TPS 2,2019-10-24 05:00:04,24,120,164,149,149,144,5,https://pemilu2019.kpu.go.id/img/c/900/006/900006400/1-3245-2-C-XXX-X5.jpg,https://pemilu2019.kpu.go.id/img/c/900/006/900006400/1-3245-2-C-XXX-X6.jpg
1320532063247900006402,ACEH,ACEH UTARA,BAKTIYA,MATANG ULIM,TPS 1,2019-10-24 05:00:04,13,114,173,131,131,3,127,https://pemilu2019.kpu.go.id/img/c/900/006/900006402/1-3247-1-C-XXX-X5.jpg,https://pemilu2019.kpu.go.id/img/c/900/006/900006402/1-3247-1-C-XXX-X6.jpg
1320532063247900006403,ACEH,ACEH UTARA,BAKTIYA,MATANG ULIM,TPS 2,2019-10-24 05:00:04,28,108,178,141,141,136,5,https://pemilu2019.kpu.go.id/img/c/900/006/900006403/1-3247-2-C1-PPWP-X1.jpg,https://pemilu2019.kpu.go.id/img/c/900/006/900006403/1-3247-2-C1-PPWP-X2.jpg
1320532063227900006355,ACEH,ACEH UTARA,BAKTIYA,MEUDANG ARA,TPS 1,2019-10-24 05:00:04,16,189,255,209,209,205,4,https://pemilu2019.kpu.go.id/img/c/900/006/900006355/1-3227-1-C-XXX-X5.jpg,https://pemilu2019.kpu.go.id/img/c/900/006/900006355/1-3227-1-C-XXX-X6.jpg
1320532063228900006356,ACEH,ACEH UTARA,BAKTIYA,MEUNASAH BUJOK,TPS 1,2019-10-24 05:00:04,11,165,241,181,181,176,5,https://pemilu2019.kpu.go.id/img/c/900/006/900006356/1-3228-1-C-XXX-X5.jpg,https://pemilu2019.kpu.go.id/img/c/900/006/900006356/1-3228-1-C-XXX-X6.jpg
1320532063228900006357,ACEH,ACEH UTARA,BAKTIYA,MEUNASAH BUJOK,TPS 2,2019-10-24 05:00:04,17,149,238,170,170,166,4,https://pemilu2019.kpu.go.id/img/c/900/006/900006357/1-3228-2-C-XXX-X5.jpg,https://pemilu2019.kpu.go.id/img/c/900/006/900006357/1-3228-2-C-XXX-X6.jpg
1320532063232900006365,ACEH,ACEH UTARA,BAKTIYA,MEUNASAH GEUDONG,TPS 1,2019-10-24 05:00:04,7,147,234,162,162,154,8,https://pemilu2019.kpu.go.id/img/c/900/006/900006365/1-3232-1-C-XXX-X5.jpg,https://pemilu2019.kpu.go.id/img/c/900/006/900006365/1-3232-1-C-XXX-X6.jpg
1320532063232900006366,ACEH,ACEH UTARA,BAKTIYA,MEUNASAH GEUDONG,TPS 2,2019-10-24 05:00:04,5,135,234,147,147,140,7,https://pemilu2019.kpu.go.id/img/c/900/006/900006366/1-3232-2-C-XXX-X5.jpg,https://pemilu2019.kpu.go.id/img/c/900/006/900006366/1-3232-2-C-XXX-X6.jpg
1320532063232900006367,ACEH,ACEH UTARA,BAKTIYA,MEUNASAH GEUDONG,TPS 3,2019-10-24 05:00:04,10,156,245,175,175,166,9,https://pemilu2019.kpu.go.id/img/c/900/006/900006367/1-3232-3-C-XXX-X5.jpg,https://pemilu2019.kpu.go.id/img/c/900/006/900006367/1-3232-3-C-XXX-X6.jpg
1320532063232900006368,ACEH,ACEH UTARA,BAKTIYA,MEUNASAH GEUDONG,TPS 4,2019-10-24 05:00:04,9,178,244,190,190,187,3,https://pemilu2019.kpu.go.id/img/c/900/006/900006368/1-3232-4-C-XXX-X5.jpg,https://pemilu2019.kpu.go.id/img/c/900/006/900006368/1-3232-4-C-XXX-X6.jpg
1320532063208900006315,ACEH,ACEH UTARA,BAKTIYA,MNSH ALUE I PUTEH,TPS 1,2019-10-24 05:00:04,16,162,244,184,184,178,6,https://pemilu2019.kpu.go.id/img/c/900/006/900006315/1-3208-1-C-XXX-X5.jpg,https://pemilu2019.kpu.go.id/img/c/900/006/900006315/1-3208-1-C-XXX-X6.jpg
1320532063208900006316,ACEH,ACEH UTARA,BAKTIYA,MNSH ALUE I PUTEH,TPS 2,2019-10-24 05:00:04,23,164,249,188,188,187,1,https://pemilu2019.kpu.go.id/img/c/900/006/900006316/1-3208-2-C1-PPWP-X1.jpg,https://pemilu2019.kpu.go.id/img/c/900/006/900006316/1-3208-2-C1-PPWP-X2.jpg
1320532063208900006317,ACEH,ACEH UTARA,BAKTIYA,MNSH ALUE I PUTEH,TPS 3,2019-10-24 05:00:04,13,167,250,183,183,180,3,https://pemilu2019.kpu.go.id/img/c/900/006/900006317/1-3208-3-C-XXX-X5.jpg,https://pemilu2019.kpu.go.id/img/c/900/006/900006317/1-3208-3-C-XXX-X6.jpg
1320532063208900006318,ACEH,ACEH UTARA,BAKTIYA,MNSH ALUE I PUTEH,TPS 4,2019-10-24 05:00:04,11,177,245,192,192,188,4,https://pemilu2019.kpu.go.id/img/c/900/006/900006318/1-3208-4-C-XXX-X5.jpg,https://pemilu2019.kpu.go.id/img/c/900/006/900006318/1-3208-4-C-XXX-X6.jpg
1320532063208900006319,ACEH,ACEH UTARA,BAKTIYA,MNSH ALUE I PUTEH,TPS 5,2019-10-24 05:00:04,18,170,246,190,190,188,2,https://pemilu2019.kpu.go.id/img/c/900/006/900006319/1-3208-5-C-XXX-X5.jpg,https://pemilu2019.kpu.go.id/img/c/900/006/900006319/1-3208-5-C-XXX-X6.jpg
1320532063208900006320,ACEH,ACEH UTARA,BAKTIYA,MNSH ALUE I PUTEH,TPS 6,2019-10-24 05:00:04,19,164,252,185,185,183,2,https://pemilu2019.kpu.go.id/img/c/900/006/900006320/1-3208-6-C-XXX-X5.jpg,https://pemilu2019.kpu.go.id/img/c/900/006/900006320/1-3208-6-C-XXX-X6.jpg
1320532063255900006414,ACEH,ACEH UTARA,BAKTIYA,MON SUKON,TPS 1,2019-10-24 05:00:04,20,191,276,213,213,211,2,https://pemilu2019.kpu.go.id/img/c/900/006/900006414/1-3255-1-C-XXX-X5.jpg,https://pemilu2019.kpu.go.id/img/c/900/006/900006414/1-3255-1-C-XXX-X6.jpg
1320532063209900006321,ACEH,ACEH UTARA,BAKTIYA,PUCOK ALUE,TPS 1,2019-10-24 05:00:04,2,184,260,187,187,186,1,https://pemilu2019.kpu.go.id/img/c/900/006/900006321/1-3209-1-C-XXX-X5.jpg,https://pemilu2019.kpu.go.id/img/c/900/006/900006321/1-3209-1-C-XXX-X6.jpg
1320532063209900006322,ACEH,ACEH UTARA,BAKTIYA,PUCOK ALUE,TPS 2,2019-10-24 05:00:04,4,182,262,187,187,186,1,https://pemilu2019.kpu.go.id/img/c/900/006/900006322/1-3209-2-C-XXX-X5.jpg,https://pemilu2019.kpu.go.id/img/c/900/006/900006322/1-3209-2-C-XXX-X6.jpg
1320532063212900006328,ACEH,ACEH UTARA,BAKTIYA,PULO SEUKE,TPS 1,2019-10-24 05:00:04,2,83,91,86,86,85,1,https://pemilu2019.kpu.go.id/img/c/900/006/900006328/1-3212-1-C1-PPWP-X1.jpg,https://pemilu2019.kpu.go.id/img/c/900/006/900006328/1-3212-1-C1-PPWP-X2.jpg
1320532063231900006362,ACEH,ACEH UTARA,BAKTIYA,RAMBONG DALAM,TPS 1,2019-10-24 05:00:04,16,150,243,168,168,166,2,https://pemilu2019.kpu.go.id/img/c/900/006/900006362/1-3231-1-C-XXX-X5.jpg,https://pemilu2019.kpu.go.id/img/c/900/006/900006362/1-3231-1-C-XXX-X6.jpg
1320532063231900006363,ACEH,ACEH UTARA,BAKTIYA,RAMBONG DALAM,TPS 2,2019-10-24 05:00:04,8,149,230,230,159,157,2,https://pemilu2019.kpu.go.id/img/c/900/006/900006363/1-3231-2-C-XXX-X5.jpg,https://pemilu2019.kpu.go.id/img/c/900/006/900006363/1-3231-2-C-XXX-X6.jpg
1320532063231900006364,ACEH,ACEH UTARA,BAKTIYA,RAMBONG DALAM,TPS 3,2019-10-24 05:00:04,8,145,234,155,155,153,2,https://pemilu2019.kpu.go.id/img/c/900/006/900006364/2-3231-3-C-XXX-X5.jpg,https://pemilu2019.kpu.go.id/img/c/900/006/900006364/2-3231-3-C-XXX-X6.jpg
1320532063220900006342,ACEH,ACEH UTARA,BAKTIYA,TANJONG GLUMPANG,TPS 1,2019-10-24 05:00:04,4,192,260,200,200,196,4,https://pemilu2019.kpu.go.id/img/c/900/006/900006342/1-3220-1-C-XXX-X5.jpg,https://pemilu2019.kpu.go.id/img/c/900/006/900006342/1-3220-1-C-XXX-X6.jpg
1320532063220900006343,ACEH,ACEH UTARA,BAKTIYA,TANJONG GLUMPANG,TPS 2,2019-10-24 05:00:04,16,184,260,211,211,200,11,https://pemilu2019.kpu.go.id/img/c/900/006/900006343/1-3220-2-C-XXX-X5.jpg,https://pemilu2019.kpu.go.id/img/c/900/006/900006343/1-3220-2-C-XXX-X6.jpg
1320532063261900006420,ACEH,ACEH UTARA,BAKTIYA,UJONG DAMA,TPS 1,2019-10-24 05:00:04,2,115,143,118,118,117,1,https://pemilu2019.kpu.go.id/img/c/900/006/900006420/1-3261-1-C-XXX-X5.jpg,https://pemilu2019.kpu.go.id/img/c/900/006/900006420/1-3261-1-C-XXX-X6.jpg
1320539163941900007929,ACEH,ACEH UTARA,BAKTIYA BARAT,BLANG RHEU,TPS 1,2019-10-24 05:00:04,15,181,268,199,199,196,3,https://pemilu2019.kpu.go.id/img/c/900/007/900007929/1-3941-1-C-XXX-X5.jpg,https://pemilu2019.kpu.go.id/img/c/900/007/900007929/1-3941-1-C-XXX-X6.jpg
1320539163921900007884,ACEH,ACEH UTARA,BAKTIYA BARAT,BLANG SEUNONG,TPS 1,2019-10-24 05:00:04,12,180,254,196,196,192,4,https://pemilu2019.kpu.go.id/img/c/900/007/900007884/1-3921-1-C-XXX-X5.jpg,https://pemilu2019.kpu.go.id/img/c/900/007/900007884/1-3921-1-C-XXX-X6.jpg
1320539163921900007885,ACEH,ACEH UTARA,BAKTIYA BARAT,BLANG SEUNONG,TPS 2,2019-10-24 05:00:04,17,181,252,204,204,198,6,https://pemilu2019.kpu.go.id/img/c/900/007/900007885/1-3921-2-C-XXX-X35.jpg,https://pemilu2019.kpu.go.id/img/c/900/007/900007885/1-3921-2-C-XXX-X36.jpg
1320539163927900007898,ACEH,ACEH UTARA,BAKTIYA BARAT,COT KUPOK,TPS 1,2019-10-24 05:00:04,9,155,221,173,173,164,9,https://pemilu2019.kpu.go.id/img/c/900/007/900007898/1-3927-1-C-XXX-X5.jpg,https://pemilu2019.kpu.go.id/img/c/900/007/900007898/1-3927-1-C-XXX-X6.jpg
1320539163927900007899,ACEH,ACEH UTARA,BAKTIYA BARAT,COT KUPOK,TPS 2,2019-10-24 05:00:04,10,166,245,182,182,176,6,https://pemilu2019.kpu.go.id/img/c/900/007/900007899/1-3927-2-C-XXX-X35.jpg,https://pemilu2019.kpu.go.id/img/c/900/007/900007899/1-3927-2-C-XXX-X36.jpg
1320539163933900007915,ACEH,ACEH UTARA,BAKTIYA BARAT,COT LABA,TPS 1,2019-10-24 05:00:04,5,138,181,143,143,143,0,https://pemilu2019.kpu.go.id/img/c/900/007/900007915/2-3933-1-C-XXX-X5.jpg,https://pemilu2019.kpu.go.id/img/c/900/007/900007915/2-3933-1-C-XXX-X6.jpg
1320539163933900007916,ACEH,ACEH UTARA,BAKTIYA BARAT,COT LABA,TPS 2,2019-10-24 05:00:04,2,135,182,141,141,137,4,https://pemilu2019.kpu.go.id/img/c/900/007/900007916/1-3933-2-C-XXX-X5.jpg,https://pemilu2019.kpu.go.id/img/c/900/007/900007916/1-3933-2-C-XXX-X6.jpg
1320539163936900007921,ACEH,ACEH UTARA,BAKTIYA BARAT,COT MURONG,TPS 1,2019-10-24 05:00:04,6,166,246,179,179,172,7,https://pemilu2019.kpu.go.id/img/c/900/007/900007921/1-3936-1-C-XXX-X5.jpg,https://pemilu2019.kpu.go.id/img/c/900/007/900007921/1-3936-1-C-XXX-X6.jpg
1320539163936900007922,ACEH,ACEH UTARA,BAKTIYA BARAT,COT MURONG,TPS 2,2019-10-24 05:00:04,14,168,246,187,187,182,5,https://pemilu2019.kpu.go.id/img/c/900/007/900007922/2-3936-2-C-XXX-X35.jpg,https://pemilu2019.kpu.go.id/img/c/900/007/900007922/2-3936-2-C-XXX-X36.jpg
1320539163926900007897,ACEH,ACEH UTARA,BAKTIYA BARAT,COT PAYA,TPS 1,2019-10-24 05:00:04,5,159,165,165,165,164,1,https://pemilu2019.kpu.go.id/img/c/900/007/900007897/1-3926-1-C-XXX-X5.jpg,https://pemilu2019.kpu.go.id/img/c/900/007/900007897/1-3926-1-C-XXX-X6.jpg
1320539163939900007926,ACEH,ACEH UTARA,BAKTIYA BARAT,COT USEN,TPS 1,2019-10-24 05:00:04,6,87,123,99,99,93,6,https://pemilu2019.kpu.go.id/img/c/900/007/900007926/2-3939-1-C-XXX-X5.jpg,https://pemilu2019.kpu.go.id/img/c/900/007/900007926/2-3939-1-C-XXX-X6.jpg
1320539163917900007871,ACEH,ACEH UTARA,BAKTIYA BARAT,KEUDE SAMPOINIET,TPS 1,2019-10-24 05:00:04,6,126,160,132,132,132,0,https://pemilu2019.kpu.go.id/img/c/900/007/900007871/1-3917-1-C-XXX-X5.jpg,https://pemilu2019.kpu.go.id/img/c/900/007/900007871/1-3917-1-C-XXX-X6.jpg
1320539163920900007881,ACEH,ACEH UTARA,BAKTIYA BARAT,LANG NIBONG,TPS 1,2019-10-24 05:00:04,9,126,204,138,138,135,3,https://pemilu2019.kpu.go.id/img/c/900/007/900007881/1-3920-1-C-XXX-X5.jpg,https://pemilu2019.kpu.go.id/img/c/900/007/900007881/1-3920-1-C-XXX-X6.jpg
1320539163920900007882,ACEH,ACEH UTARA,BAKTIYA BARAT,LANG NIBONG,TPS 2,2019-10-24 05:00:04,9,108,205,117,117,117,0,https://pemilu2019.kpu.go.id/img/c/900/007/900007882/1-3920-2-C-XXX-X5.jpg,https://pemilu2019.kpu.go.id/img/c/900/007/900007882/1-3920-2-C-XXX-X6.jpg
1320539163920900007883,ACEH,ACEH UTARA,BAKTIYA BARAT,LANG NIBONG,TPS 3,2019-10-24 05:00:04,9,114,202,126,126,123,3,https://pemilu2019.kpu.go.id/img/c/900/007/900007883/1-3920-3-C-XXX-X5.jpg,https://pemilu2019.kpu.go.id/img/c/900/007/900007883/1-3920-3-C-XXX-X6.jpg
1320539163938900007925,ACEH,ACEH UTARA,BAKTIYA BARAT,LHOK EUNCIEN,TPS 1,2019-10-24 05:00:04,10,148,191,158,158,158,0,https://pemilu2019.kpu.go.id/img/c/900/007/900007925/1-3938-1-C-XXX-X5.jpg,https://pemilu2019.kpu.go.id/img/c/900/007/900007925/1-3938-1-C-XXX-X6.jpg
1320539163918900007872,ACEH,ACEH UTARA,BAKTIYA BARAT,LHOK IBOH,TPS 1,2019-10-24 05:00:04,10,153,274,166,166,163,3,https://pemilu2019.kpu.go.id/img/c/900/007/900007872/1-3918-1-C-XXX-X5.jpg,https://pemilu2019.kpu.go.id/img/c/900/007/900007872/1-3918-1-C-XXX-X6.jpg
1320539163918900007873,ACEH,ACEH UTARA,BAKTIYA BARAT,LHOK IBOH,TPS 2,2019-10-24 05:00:04,9,156,291,168,168,165,3,https://pemilu2019.kpu.go.id/img/c/900/007/900007873/1-3918-2-C-XXX-X5.jpg,https://pemilu2019.kpu.go.id/img/c/900/007/900007873/1-3918-2-C-XXX-X6.jpg
1320539163918900007874,ACEH,ACEH UTARA,BAKTIYA BARAT,LHOK IBOH,TPS 3,2019-10-24 05:00:04,3,151,277,157,157,154,3,https://pemilu2019.kpu.go.id/img/c/900/007/900007874/2-3918-3-C-XXX-X5.jpg,https://pemilu2019.kpu.go.id/img/c/900/007/900007874/2-3918-3-C-XXX-X6.jpg
1320539163918900007875,ACEH,ACEH UTARA,BAKTIYA BARAT,LHOK IBOH,TPS 4,2019-10-24 05:00:04,11,160,279,174,174,171,3,https://pemilu2019.kpu.go.id/img/c/900/007/900007875/2-3918-4-C-XXX-X5.jpg,https://pemilu2019.kpu.go.id/img/c/900/007/900007875/2-3918-4-C-XXX-X6.jpg
1320539163918900007876,ACEH,ACEH UTARA,BAKTIYA BARAT,LHOK IBOH,TPS 5,2019-10-24 05:00:04,4,135,263,144,144,139,5,https://pemilu2019.kpu.go.id/img/c/900/007/900007876/2-3918-5-C-XXX-X5.jpg,https://pemilu2019.kpu.go.id/img/c/900/007/900007876/2-3918-5-C-XXX-X6.jpg
1320539163919900007877,ACEH,ACEH UTARA,BAKTIYA BARAT,MATANG BAYU,TPS 1,2019-10-24 05:00:04,8,127,225,138,138,135,3,https://pemilu2019.kpu.go.id/img/c/900/007/900007877/2-3919-1-C-XXX-X5.jpg,https://pemilu2019.kpu.go.id/img/c/900/007/900007877/2-3919-1-C-XXX-X6.jpg
1320539163919900007878,ACEH,ACEH UTARA,BAKTIYA BARAT,MATANG BAYU,TPS 2,2019-10-24 05:00:04,6,173,247,185,185,179,6,https://pemilu2019.kpu.go.id/img/c/900/007/900007878/2-3919-2-C-XXX-X5.jpg,https://pemilu2019.kpu.go.id/img/c/900/007/900007878/2-3919-2-C-XXX-X6.jpg
1320539163919900007879,ACEH,ACEH UTARA,BAKTIYA BARAT,MATANG BAYU,TPS 3,2019-10-24 05:00:04,10,137,227,152,152,147,5,https://pemilu2019.kpu.go.id/img/c/900/007/900007879/1-3919-3-C-XXX-X5.jpg,https://pemilu2019.kpu.go.id/img/c/900/007/900007879/1-3919-3-C-XXX-X6.jpg
1320539163919900007880,ACEH,ACEH UTARA,BAKTIYA BARAT,MATANG BAYU,TPS 4,2019-10-24 05:00:04,6,153,225,160,160,159,1,https://pemilu2019.kpu.go.id/img/c/900/007/900007880/3-3919-4-C-XXX-X5.jpg,https://pemilu2019.kpu.go.id/img/c/900/007/900007880/3-3919-4-C-XXX-X6.jpg
1320539163924900007894,ACEH,ACEH UTARA,BAKTIYA BARAT,MATANG CEUBREK,TPS 1,2019-10-24 05:00:04,2,205,208,208,208,207,1,https://pemilu2019.kpu.go.id/img/c/900/007/900007894/2-3924-1-C-XXX-X5.jpg,https://pemilu2019.kpu.go.id/img/c/900/007/900007894/2-3924-1-C-XXX-X6.jpg
1320539163924900007895,ACEH,ACEH UTARA,BAKTIYA BARAT,MATANG CEUBREK,TPS 2,2019-10-24 05:00:04,9,193,207,206,206,202,4,https://pemilu2019.kpu.go.id/img/c/900/007/900007895/2-3924-2-C-XXX-X5.jpg,https://pemilu2019.kpu.go.id/img/c/900/007/900007895/2-3924-2-C-XXX-X6.jpg
1320539163923900007890,ACEH,ACEH UTARA,BAKTIYA BARAT,MATANG PANYANG,TPS 1,2019-10-24 05:00:04,18,106,226,125,125,124,1,https://pemilu2019.kpu.go.id/img/c/900/007/900007890/2-3923-1-C-XXX-X5.jpg,https://pemilu2019.kpu.go.id/img/c/900/007/900007890/2-3923-1-C-XXX-X6.jpg
1320539163923900007891,ACEH,ACEH UTARA,BAKTIYA BARAT,MATANG PANYANG,TPS 2,2019-10-24 05:00:04,18,126,232,145,145,144,1,https://pemilu2019.kpu.go.id/img/c/900/007/900007891/2-3923-2-C-XXX-X5.jpg,https://pemilu2019.kpu.go.id/img/c/900/007/900007891/2-3923-2-C-XXX-X6.jpg
1320539163923900007892,ACEH,ACEH UTARA,BAKTIYA BARAT,MATANG PANYANG,TPS 3,2019-10-24 05:00:04,17,133,238,152,152,150,2,https://pemilu2019.kpu.go.id/img/c/900/007/900007892/2-3923-3-C-XXX-X5.jpg,https://pemilu2019.kpu.go.id/img/c/900/007/900007892/2-3923-3-C-XXX-X6.jpg
1320539163923900007893,ACEH,ACEH UTARA,BAKTIYA BARAT,MATANG PANYANG,TPS 4,2019-10-24 05:00:04,19,137,256,164,164,156,8,https://pemilu2019.kpu.go.id/img/c/900/007/900007893/2-3923-4-C-XXX-X5.jpg,https://pemilu2019.kpu.go.id/img/c/900/007/900007893/2-3923-4-C-XXX-X6.jpg
1320539163937900007923,ACEH,ACEH UTARA,BAKTIYA BARAT,MATANG PAYA,TPS 1,2019-10-24 05:00:04,4,146,257,156,156,150,6,https://pemilu2019.kpu.go.id/img/c/900/007/900007923/2-3937-1-C-XXX-X5.jpg,https://pemilu2019.kpu.go.id/img/c/900/007/900007923/2-3937-1-C-XXX-X6.jpg
1320539163937900007924,ACEH,ACEH UTARA,BAKTIYA BARAT,MATANG PAYA,TPS 2,2019-10-24 05:00:04,11,183,261,204,204,199,5,https://pemilu2019.kpu.go.id/img/c/900/007/900007924/1-3937-2-C-XXX-X35.jpg,https://pemilu2019.kpu.go.id/img/c/900/007/900007924/1-3937-2-C-XXX-X36.jpg
1320539163932900007911,ACEH,ACEH UTARA,BAKTIYA BARAT,MATANG SIJUEK BARAT,TPS 1,2019-10-24 05:00:04,7,186,239,194,196,193,3,https://pemilu2019.kpu.go.id/img/c/900/007/900007911/2-3932-1-C-XXX-X5.jpg,https://pemilu2019.kpu.go.id/img/c/900/007/900007911/2-3932-1-C-XXX-X6.jpg
1320539163932900007912,ACEH,ACEH UTARA,BAKTIYA BARAT,MATANG SIJUEK BARAT,TPS 2,2019-10-24 05:00:04,5,143,209,152,152,148,4,https://pemilu2019.kpu.go.id/img/c/900/007/900007912/2-3932-2-C-XXX-X35.jpg,https://pemilu2019.kpu.go.id/img/c/900/007/900007912/2-3932-2-C-XXX-X36.jpg
1320539163932900007913,ACEH,ACEH UTARA,BAKTIYA BARAT,MATANG SIJUEK BARAT,TPS 3,2019-10-24 05:00:04,13,157,230,172,172,170,2,https://pemilu2019.kpu.go.id/img/c/900/007/900007913/2-3932-3-C-XXX-X65.jpg,https://pemilu2019.kpu.go.id/img/c/900/007/900007913/2-3932-3-C-XXX-X66.jpg
1320539163932900007914,ACEH,ACEH UTARA,BAKTIYA BARAT,MATANG SIJUEK BARAT,TPS 4,2019-10-24 05:00:04,7,174,227,183,183,181,2,https://pemilu2019.kpu.go.id/img/c/900/007/900007914/2-3932-4-C-XXX-X95.jpg,https://pemilu2019.kpu.go.id/img/c/900/007/900007914/2-3932-4-C-XXX-X96.jpg
1320539163931900007908,ACEH,ACEH UTARA,BAKTIYA BARAT,MATANG SIJUEK TEUNGOH,TPS 1,2019-10-24 05:00:04,10,155,239,172,172,165,7,https://pemilu2019.kpu.go.id/img/c/900/007/900007908/2-3931-1-C1-PPWP-X1.jpg,https://pemilu2019.kpu.go.id/img/c/900/007/900007908/2-3931-1-C1-PPWP-X2.jpg
1320539163931900007909,ACEH,ACEH UTARA,BAKTIYA BARAT,MATANG SIJUEK TEUNGOH,TPS 2,2019-10-24 05:00:04,13,146,255,172,172,159,13,https://pemilu2019.kpu.go.id/img/c/900/007/900007909/2-3931-2-C-XXX-X5.jpg,https://pemilu2019.kpu.go.id/img/c/900/007/900007909/2-3931-2-C-XXX-X6.jpg
1320539163931900007910,ACEH,ACEH UTARA,BAKTIYA BARAT,MATANG SIJUEK TEUNGOH,TPS 3,2019-10-24 05:00:04,11,169,268,183,183,180,3,https://pemilu2019.kpu.go.id/img/c/900/007/900007910/2-3931-3-C-XXX-X35.jpg,https://pemilu2019.kpu.go.id/img/c/900/007/900007910/2-3931-3-C-XXX-X36.jpg
1320539163930900007903,ACEH,ACEH UTARA,BAKTIYA BARAT,MATANG SIJUEK TIMU,TPS 1,2019-10-24 05:00:04,15,139,253,155,155,154,1,https://pemilu2019.kpu.go.id/img/c/900/007/900007903/2-3930-1-C-XXX-X5.jpg,https://pemilu2019.kpu.go.id/img/c/900/007/900007903/2-3930-1-C-XXX-X6.jpg
1320539163930900007904,ACEH,ACEH UTARA,BAKTIYA BARAT,MATANG SIJUEK TIMU,TPS 2,2019-10-24 05:00:04,9,122,180,135,135,131,4,https://pemilu2019.kpu.go.id/img/c/900/007/900007904/1-3930-2-C-XXX-X5.jpg,https://pemilu2019.kpu.go.id/img/c/900/007/900007904/1-3930-2-C-XXX-X6.jpg
1320539163930900007905,ACEH,ACEH UTARA,BAKTIYA BARAT,MATANG SIJUEK TIMU,TPS 3,2019-10-24 05:00:04,21,128,247,156,156,149,7,https://pemilu2019.kpu.go.id/img/c/900/007/900007905/2-3930-3-C-XXX-X5.jpg,https://pemilu2019.kpu.go.id/img/c/900/007/900007905/2-3930-3-C-XXX-X6.jpg
1320539163930900007906,ACEH,ACEH UTARA,BAKTIYA BARAT,MATANG SIJUEK TIMU,TPS 4,2019-10-24 05:00:04,16,158,266,177,177,174,3,https://pemilu2019.kpu.go.id/img/c/900/007/900007906/2-3930-4-C-XXX-X5.jpg,https://pemilu2019.kpu.go.id/img/c/900/007/900007906/2-3930-4-C-XXX-X6.jpg
1320539163930900007907,ACEH,ACEH UTARA,BAKTIYA BARAT,MATANG SIJUEK TIMU,TPS 5,2019-10-24 05:00:04,14,163,257,184,184,177,7,https://pemilu2019.kpu.go.id/img/c/900/007/900007907/2-3930-5-C-XXX-X5.jpg,https://pemilu2019.kpu.go.id/img/c/900/007/900007907/2-3930-5-C-XXX-X6.jpg
1320539163925900007896,ACEH,ACEH UTARA,BAKTIYA BARAT,MATANG TEUNGOH,TPS 1,2019-10-24 05:00:04,2,227,261,233,233,229,4,https://pemilu2019.kpu.go.id/img/c/900/007/900007896/1-3925-1-C-XXX-X5.jpg,https://pemilu2019.kpu.go.id/img/c/900/007/900007896/1-3925-1-C-XXX-X6.jpg
1320539163940900007927,ACEH,ACEH UTARA,BAKTIYA BARAT,MEUNASAH HAGU,TPS 1,2019-10-24 05:00:04,6,116,167,124,124,122,2,https://pemilu2019.kpu.go.id/img/c/900/007/900007927/2-3940-1-C-XXX-X5.jpg,https://pemilu2019.kpu.go.id/img/c/900/007/900007927/2-3940-1-C-XXX-X6.jpg
1320539163940900007928,ACEH,ACEH UTARA,BAKTIYA BARAT,MEUNASAH HAGU,TPS 2,2019-10-24 05:00:04,4,114,160,123,123,118,5,https://pemilu2019.kpu.go.id/img/c/900/007/900007928/2-3940-2-C-XXX-X35.jpg,https://pemilu2019.kpu.go.id/img/c/900/007/900007928/2-3940-2-C-XXX-X36.jpg
1320539163934900007917,ACEH,ACEH UTARA,BAKTIYA BARAT,MEUNASAH PANTE,TPS 1,2019-10-24 05:00:04,8,119,181,133,133,127,6,https://pemilu2019.kpu.go.id/img/c/900/007/900007917/1-3934-1-C-XXX-X5.jpg,https://pemilu2019.kpu.go.id/img/c/900/007/900007917/1-3934-1-C-XXX-X6.jpg
1320539163934900007918,ACEH,ACEH UTARA,BAKTIYA BARAT,MEUNASAH PANTE,TPS 2,2019-10-24 05:00:04,4,125,190,136,136,129,7,https://pemilu2019.kpu.go.id/img/c/900/007/900007918/2-3934-2-C-XXX-X5.jpg,https://pemilu2019.kpu.go.id/img/c/900/007/900007918/2-3934-2-C-XXX-X6.jpg
1320539163935900007919,ACEH,ACEH UTARA,BAKTIYA BARAT,MEURANDEH RAYA,TPS 1,2019-10-24 05:00:04,3,161,203,164,164,164,0,https://pemilu2019.kpu.go.id/img/c/900/007/900007919/2-3935-1-C1-PPWP-X1.jpg,https://pemilu2019.kpu.go.id/img/c/900/007/900007919/2-3935-1-C1-PPWP-X2.jpg
1320539163935900007920,ACEH,ACEH UTARA,BAKTIYA BARAT,MEURANDEH RAYA,TPS 2,2019-10-24 05:00:04,4,155,206,159,159,159,0,https://pemilu2019.kpu.go.id/img/c/900/007/900007920/1-3935-2-C-XXX-X5.jpg,https://pemilu2019.kpu.go.id/img/c/900/007/900007920/1-3935-2-C-XXX-X6.jpg
1320539163928900007900,ACEH,ACEH UTARA,BAKTIYA BARAT,MTG RAYA BLANG SIALET,TPS 1,2019-10-24 05:00:04,7,199,273,208,208,206,2,https://pemilu2019.kpu.go.id/img/c/900/007/900007900/1-3928-1-C1-PPWP-01.jpg,https://pemilu2019.kpu.go.id/img/c/900/007/900007900/1-3928-1-C1-PPWP-02.jpg
1320539163928900007901,ACEH,ACEH UTARA,BAKTIYA BARAT,MTG RAYA BLANG SIALET,TPS 2,2019-10-24 05:00:04,15,181,273,201,201,196,5,https://pemilu2019.kpu.go.id/img/c/900/007/900007901/1-3928-2-C1-PPWP-01.jpg,https://pemilu2019.kpu.go.id/img/c/900/007/900007901/1-3928-2-C1-PPWP-02.jpg
1320539163942900007930,ACEH,ACEH UTARA,BAKTIYA BARAT,PAYA BATEUNG,TPS 1,2019-10-24 05:00:04,11,149,203,160,160,160,0,https://pemilu2019.kpu.go.id/img/c/900/007/900007930/2-3942-1-C-XXX-X5.jpg,https://pemilu2019.kpu.go.id/img/c/900/007/900007930/2-3942-1-C-XXX-X6.jpg
1320539163929900007902,ACEH,ACEH UTARA,BAKTIYA BARAT,PUCOK ALUE BUKET,TPS 1,2019-10-24 05:00:04,7,83,143,90,90,90,0,https://pemilu2019.kpu.go.id/img/c/900/007/900007902/2-3929-1-C-XXX-X5.jpg,https://pemilu2019.kpu.go.id/img/c/900/007/900007902/2-3929-1-C-XXX-X6.jpg
1320539163922900007886,ACEH,ACEH UTARA,BAKTIYA BARAT,SINGGAH MATA,TPS 1,2019-10-24 05:00:04,16,141,255,161,161,157,4,https://pemilu2019.kpu.go.id/img/c/900/007/900007886/2-3922-1-C-XXX-X5.jpg,https://pemilu2019.kpu.go.id/img/c/900/007/900007886/2-3922-1-C-XXX-X6.jpg
1320539163922900007887,ACEH,ACEH UTARA,BAKTIYA BARAT,SINGGAH MATA,TPS 2,2019-10-24 05:00:04,15,136,255,154,154,151,3,https://pemilu2019.kpu.go.id/img/c/900/007/900007887/2-3922-2-C-XXX-X5.jpg,https://pemilu2019.kpu.go.id/img/c/900/007/900007887/2-3922-2-C-XXX-X6.jpg
1320539163922900007888,ACEH,ACEH UTARA,BAKTIYA BARAT,SINGGAH MATA,TPS 3,2019-10-24 05:00:04,13,138,228,156,156,151,5,https://pemilu2019.kpu.go.id/img/c/900/007/900007888/2-3922-3-C-XXX-X5.jpg,https://pemilu2019.kpu.go.id/img/c/900/007/900007888/2-3922-3-C-XXX-X6.jpg
1320539163922900007889,ACEH,ACEH UTARA,BAKTIYA BARAT,SINGGAH MATA,TPS 4,2019-10-24 05:00:04,17,141,235,169,169,158,11,https://pemilu2019.kpu.go.id/img/c/900/007/900007889/2-3922-4-C-XXX-X5.jpg,https://pemilu2019.kpu.go.id/img/c/900/007/900007889/2-3922-4-C-XXX-X6.jpg
