id,provinsi,kabupaten,kecamatan,kelurahan,tps,timestamp,pemilih-1,pemilih-2,total-pemilih,total-pengguna,suara-total,suara-sah,suara-tidak-sah,c1-1,c1-2
1320540694075900008139,ACEH,ACEH UTARA,BANDA BARO,ALUE KEUREUNYAI,TPS 1,2019-10-24 05:00:04,9,167,259,180,180,176,4,https://pemilu2019.kpu.go.id/img/c/900/008/900008139/4075-1-C-XXX-X5.jpg,https://pemilu2019.kpu.go.id/img/c/900/008/900008139/4075-1-C-XXX-X6.jpg
1320540694075900008140,ACEH,ACEH UTARA,BANDA BARO,ALUE KEUREUNYAI,TPS 2,2019-10-24 05:00:04,10,153,269,166,166,163,3,https://pemilu2019.kpu.go.id/img/c/900/008/900008140/4075-2-C-XXX-X5.jpg,https://pemilu2019.kpu.go.id/img/c/900/008/900008140/4075-2-C-XXX-X6.jpg
1320540694077900008144,ACEH,ACEH UTARA,BANDA BARO,BLANG PALA,TPS 1,2019-10-24 05:00:04,5,133,222,157,157,138,19,https://pemilu2019.kpu.go.id/img/c/900/008/900008144/4077-1-C-XXX-X5.jpg,https://pemilu2019.kpu.go.id/img/c/900/008/900008144/4077-1-C-XXX-X6.jpg
1320540694077900008145,ACEH,ACEH UTARA,BANDA BARO,BLANG PALA,TPS 2,2019-10-24 05:00:04,7,138,214,152,152,145,7,https://pemilu2019.kpu.go.id/img/c/900/008/900008145/6-4077-2-C-XXX-X5.jpg,https://pemilu2019.kpu.go.id/img/c/900/008/900008145/6-4077-2-C-XXX-X6.jpg
1320540694077900008146,ACEH,ACEH UTARA,BANDA BARO,BLANG PALA,TPS 3,2019-10-24 05:00:04,1,156,239,167,166,157,9,https://pemilu2019.kpu.go.id/img/c/900/008/900008146/8-4077-3-C-XXX-X35.jpg,https://pemilu2019.kpu.go.id/img/c/900/008/900008146/8-4077-3-C-XXX-X36.jpg
1320540694071900008127,ACEH,ACEH UTARA,BANDA BARO,COT JABET,TPS 1,2019-10-24 05:00:04,6,245,270,251,251,251,0,https://pemilu2019.kpu.go.id/img/c/900/008/900008127/4071-1-C-XXX-X5.jpg,https://pemilu2019.kpu.go.id/img/c/900/008/900008127/4071-1-C-XXX-X6.jpg
1320540694074900008133,ACEH,ACEH UTARA,BANDA BARO,JAMUAN,TPS 1,2019-10-24 05:00:04,7,178,276,189,189,185,4,https://pemilu2019.kpu.go.id/img/c/900/008/900008133/5-4074-1-C-XXX-X5.jpg,https://pemilu2019.kpu.go.id/img/c/900/008/900008133/5-4074-1-C-XXX-X6.jpg
1320540694074900008134,ACEH,ACEH UTARA,BANDA BARO,JAMUAN,TPS 2,2019-10-24 05:00:04,1,146,286,151,151,147,4,https://pemilu2019.kpu.go.id/img/c/900/008/900008134/6-4074-2-C-XXX-X35.jpg,https://pemilu2019.kpu.go.id/img/c/900/008/900008134/6-4074-2-C-XXX-X36.jpg
1320540694074900008135,ACEH,ACEH UTARA,BANDA BARO,JAMUAN,TPS 3,2019-10-24 05:00:04,1,162,299,180,167,163,4,https://pemilu2019.kpu.go.id/img/c/900/008/900008135/5-4074-3-C-XXX-X5.jpg,https://pemilu2019.kpu.go.id/img/c/900/008/900008135/5-4074-3-C-XXX-X6.jpg
1320540694074900008136,ACEH,ACEH UTARA,BANDA BARO,JAMUAN,TPS 4,2019-10-24 05:00:04,7,146,285,159,159,153,6,https://pemilu2019.kpu.go.id/img/c/900/008/900008136/5-4074-4-C-XXX-X35.jpg,https://pemilu2019.kpu.go.id/img/c/900/008/900008136/5-4074-4-C-XXX-X36.jpg
1320540694074900008137,ACEH,ACEH UTARA,BANDA BARO,JAMUAN,TPS 5,2019-10-24 05:00:04,4,198,277,204,204,202,2,https://pemilu2019.kpu.go.id/img/c/900/008/900008137/5-4074-5-C-XXX-X5.jpg,https://pemilu2019.kpu.go.id/img/c/900/008/900008137/5-4074-5-C-XXX-X6.jpg
1320540694074900008138,ACEH,ACEH UTARA,BANDA BARO,JAMUAN,TPS 6,2019-10-24 05:00:04,4,152,303,158,158,156,2,https://pemilu2019.kpu.go.id/img/c/900/008/900008138/3-4074-6-C-XXX-X35.jpg,https://pemilu2019.kpu.go.id/img/c/900/008/900008138/3-4074-6-C-XXX-X36.jpg
1320540694078900008147,ACEH,ACEH UTARA,BANDA BARO,PAYA BEUNYET,TPS 1,2019-10-24 05:00:04,4,143,172,150,150,147,3,https://pemilu2019.kpu.go.id/img/c/900/008/900008147/4078-1-C-XXX-X5.jpg,https://pemilu2019.kpu.go.id/img/c/900/008/900008147/4078-1-C-XXX-X6.jpg
1320540694078900008148,ACEH,ACEH UTARA,BANDA BARO,PAYA BEUNYET,TPS 2,2019-10-24 05:00:04,3,143,181,173,173,146,27,https://pemilu2019.kpu.go.id/img/c/900/008/900008148/1-4078-2-C-XXX-X5.jpg,https://pemilu2019.kpu.go.id/img/c/900/008/900008148/1-4078-2-C-XXX-X6.jpg
1320540694070900008123,ACEH,ACEH UTARA,BANDA BARO,PAYA DUA,TPS 1,2019-10-24 05:00:04,7,148,230,156,156,155,1,https://pemilu2019.kpu.go.id/img/c/900/008/900008123/1-4070-1-C-XXX-X5.jpg,https://pemilu2019.kpu.go.id/img/c/900/008/900008123/1-4070-1-C-XXX-X6.jpg
1320540694070900008124,ACEH,ACEH UTARA,BANDA BARO,PAYA DUA,TPS 2,2019-10-24 05:00:04,6,152,232,159,159,158,1,https://pemilu2019.kpu.go.id/img/c/900/008/900008124/1-4070-2-C-XXX-X5.jpg,https://pemilu2019.kpu.go.id/img/c/900/008/900008124/1-4070-2-C-XXX-X6.jpg
1320540694070900008125,ACEH,ACEH UTARA,BANDA BARO,PAYA DUA,TPS 3,2019-10-24 05:00:04,10,128,236,139,139,138,1,https://pemilu2019.kpu.go.id/img/c/900/008/900008125/1-4070-3-C-XXX-X5.jpg,https://pemilu2019.kpu.go.id/img/c/900/008/900008125/1-4070-3-C-XXX-X6.jpg
1320540694070900008126,ACEH,ACEH UTARA,BANDA BARO,PAYA DUA,TPS 4,2019-10-24 05:00:04,12,123,258,139,139,135,4,https://pemilu2019.kpu.go.id/img/c/900/008/900008126/1-4070-4-C-XXX-X5.jpg,https://pemilu2019.kpu.go.id/img/c/900/008/900008126/1-4070-4-C-XXX-X6.jpg
1320540694073900008132,ACEH,ACEH UTARA,BANDA BARO,PAYA ULUE,TPS 1,2019-10-24 05:00:04,24,171,261,196,196,195,1,https://pemilu2019.kpu.go.id/img/c/900/008/900008132/1-4073-1-C-XXX-X5.jpg,https://pemilu2019.kpu.go.id/img/c/900/008/900008132/1-4073-1-C-XXX-X6.jpg
1320540694076900008141,ACEH,ACEH UTARA,BANDA BARO,SANGKALAN,TPS 1,2019-10-24 05:00:04,14,171,233,192,192,185,7,https://pemilu2019.kpu.go.id/img/c/900/008/900008141/1-4076-1-C-XXX-X5.jpg,https://pemilu2019.kpu.go.id/img/c/900/008/900008141/1-4076-1-C-XXX-X6.jpg
1320540694076900008142,ACEH,ACEH UTARA,BANDA BARO,SANGKALAN,TPS 2,2019-10-24 05:00:04,11,159,239,183,183,170,13,https://pemilu2019.kpu.go.id/img/c/900/008/900008142/1-4076-2-C-XXX-X5.jpg,https://pemilu2019.kpu.go.id/img/c/900/008/900008142/1-4076-2-C-XXX-X6.jpg
1320540694076900008143,ACEH,ACEH UTARA,BANDA BARO,SANGKALAN,TPS 3,2019-10-24 05:00:04,7,195,245,208,208,202,6,https://pemilu2019.kpu.go.id/img/c/900/008/900008143/1-4076-3-C-XXX-X5.jpg,https://pemilu2019.kpu.go.id/img/c/900/008/900008143/1-4076-3-C-XXX-X6.jpg
1320540694072900008128,ACEH,ACEH UTARA,BANDA BARO,ULEE NYEUE,TPS 1,2019-10-24 05:00:04,17,186,260,232,232,203,29,https://pemilu2019.kpu.go.id/img/c/900/008/900008128/1-4072-1-C-XXX-X5.jpg,https://pemilu2019.kpu.go.id/img/c/900/008/900008128/1-4072-1-C-XXX-X6.jpg
1320540694072900008129,ACEH,ACEH UTARA,BANDA BARO,ULEE NYEUE,TPS 2,2019-10-24 05:00:04,27,185,274,256,256,212,44,https://pemilu2019.kpu.go.id/img/c/900/008/900008129/1-4072-2-C-XXX-X5.jpg,https://pemilu2019.kpu.go.id/img/c/900/008/900008129/1-4072-2-C-XXX-X6.jpg
1320540694072900008130,ACEH,ACEH UTARA,BANDA BARO,ULEE NYEUE,TPS 3,2019-10-24 05:00:04,18,206,276,232,232,224,8,https://pemilu2019.kpu.go.id/img/c/900/008/900008130/4072-3-C-XXX-X5.jpg,https://pemilu2019.kpu.go.id/img/c/900/008/900008130/4072-3-C-XXX-X6.jpg
1320540694072900008131,ACEH,ACEH UTARA,BANDA BARO,ULEE NYEUE,TPS 4,2019-10-24 05:00:04,11,230,284,276,276,241,35,https://pemilu2019.kpu.go.id/img/c/900/008/900008131/4072-4-C-XXX-X5.jpg,https://pemilu2019.kpu.go.id/img/c/900/008/900008131/4072-4-C-XXX-X6.jpg
1320538673871900007763,ACEH,ACEH UTARA,COT GIREK,ALUE DRIEN,TPS 1,2019-10-24 05:00:04,29,126,198,159,159,155,4,https://pemilu2019.kpu.go.id/img/c/900/007/900007763/2-3871-1-C-XXX-X5.jpg,https://pemilu2019.kpu.go.id/img/c/900/007/900007763/2-3871-1-C-XXX-X6.jpg
1320538673891900007796,ACEH,ACEH UTARA,COT GIREK,ALUE LEUHOB,TPS 1,2019-10-24 05:00:04,20,166,243,187,187,186,1,https://pemilu2019.kpu.go.id/img/c/900/007/900007796/1-3891-1-C-XXX-X5.jpg,https://pemilu2019.kpu.go.id/img/c/900/007/900007796/1-3891-1-C-XXX-X6.jpg
1320538673891900007797,ACEH,ACEH UTARA,COT GIREK,ALUE LEUHOB,TPS 2,2019-10-24 05:00:04,20,158,249,183,183,178,5,https://pemilu2019.kpu.go.id/img/c/900/007/900007797/1-3891-2-C-XXX-X35.jpg,https://pemilu2019.kpu.go.id/img/c/900/007/900007797/1-3891-2-C-XXX-X36.jpg
1320538673891900007798,ACEH,ACEH UTARA,COT GIREK,ALUE LEUHOB,TPS 3,2019-10-24 05:00:04,28,131,235,160,160,159,1,https://pemilu2019.kpu.go.id/img/c/900/007/900007798/1-3891-3-C-XXX-X5.jpg,https://pemilu2019.kpu.go.id/img/c/900/007/900007798/1-3891-3-C-XXX-X6.jpg
1320538673891900007799,ACEH,ACEH UTARA,COT GIREK,ALUE LEUHOB,TPS 4,2019-10-24 05:00:04,14,160,224,177,177,174,3,https://pemilu2019.kpu.go.id/img/c/900/007/900007799/1-3891-4-C-XXX-X35.jpg,https://pemilu2019.kpu.go.id/img/c/900/007/900007799/1-3891-4-C-XXX-X36.jpg
1320538673891900007800,ACEH,ACEH UTARA,COT GIREK,ALUE LEUHOB,TPS 5,2019-10-24 05:00:04,13,190,269,205,205,203,2,https://pemilu2019.kpu.go.id/img/c/900/007/900007800/1-3891-5-C-XXX-X5.jpg,https://pemilu2019.kpu.go.id/img/c/900/007/900007800/1-3891-5-C-XXX-X6.jpg
1320538673877900007773,ACEH,ACEH UTARA,COT GIREK,ALUE SEUMAMBU,TPS 1,2019-10-24 05:00:04,7,113,191,134,134,120,14,https://pemilu2019.kpu.go.id/img/c/900/007/900007773/1-3877-1-C1-PPWP-X1.jpg,https://pemilu2019.kpu.go.id/img/c/900/007/900007773/1-3877-1-C1-PPWP-X2.jpg
1320538673877900007774,ACEH,ACEH UTARA,COT GIREK,ALUE SEUMAMBU,TPS 2,2019-10-24 05:00:04,11,135,193,150,150,146,4,https://pemilu2019.kpu.go.id/img/c/900/007/900007774/1-3877-2-C-XXX-X5.jpg,https://pemilu2019.kpu.go.id/img/c/900/007/900007774/1-3877-2-C-XXX-X6.jpg
1320538673885900007788,ACEH,ACEH UTARA,COT GIREK,ARA,TPS 1,2019-10-24 05:00:04,28,143,269,180,180,171,9,https://pemilu2019.kpu.go.id/img/c/900/007/900007788/1-3885-1-C-XXX-X5.jpg,https://pemilu2019.kpu.go.id/img/c/900/007/900007788/1-3885-1-C-XXX-X6.jpg
1320538673873900007765,ACEH,ACEH UTARA,COT GIREK,BATU XII,TPS 1,2019-10-24 05:00:04,16,142,223,159,159,158,1,https://pemilu2019.kpu.go.id/img/c/900/007/900007765/1-3873-1-C-XXX-X5.jpg,https://pemilu2019.kpu.go.id/img/c/900/007/900007765/1-3873-1-C-XXX-X6.jpg
1320538673873900007766,ACEH,ACEH UTARA,COT GIREK,BATU XII,TPS 2,2019-10-24 05:00:04,15,183,256,205,205,198,7,https://pemilu2019.kpu.go.id/img/c/900/007/900007766/1-3873-2-C-XXX-X35.jpg,https://pemilu2019.kpu.go.id/img/c/900/007/900007766/1-3873-2-C-XXX-X36.jpg
1320538673873900007767,ACEH,ACEH UTARA,COT GIREK,BATU XII,TPS 3,2019-10-24 05:00:04,16,121,217,138,138,137,1,https://pemilu2019.kpu.go.id/img/c/900/007/900007767/1-3873-3-C-XXX-X65.jpg,https://pemilu2019.kpu.go.id/img/c/900/007/900007767/1-3873-3-C-XXX-X66.jpg
1320538673873900007768,ACEH,ACEH UTARA,COT GIREK,BATU XII,TPS 4,2019-10-24 05:00:04,13,121,220,138,138,134,4,https://pemilu2019.kpu.go.id/img/c/900/007/900007768/1-3873-4-C-XXX-X5.jpg,https://pemilu2019.kpu.go.id/img/c/900/007/900007768/1-3873-4-C-XXX-X6.jpg
1320538673889900007793,ACEH,ACEH UTARA,COT GIREK,BEURANDANG ASAN,TPS 1,2019-10-24 05:00:04,10,150,212,165,165,160,5,https://pemilu2019.kpu.go.id/img/c/900/007/900007793/2-3889-1-C-XXX-X5.jpg,https://pemilu2019.kpu.go.id/img/c/900/007/900007793/2-3889-1-C-XXX-X6.jpg
1320538673889900007794,ACEH,ACEH UTARA,COT GIREK,BEURANDANG ASAN,TPS 2,2019-10-24 05:00:04,9,186,218,198,198,195,3,https://pemilu2019.kpu.go.id/img/c/900/007/900007794/1-3889-2-C-XXX-X5.jpg,https://pemilu2019.kpu.go.id/img/c/900/007/900007794/1-3889-2-C-XXX-X6.jpg
1320538673886900007789,ACEH,ACEH UTARA,COT GIREK,BEURANDANG DAYAH,TPS 1,2019-10-24 05:00:04,10,189,270,209,209,199,10,https://pemilu2019.kpu.go.id/img/c/900/007/900007789/1-3886-1-C-XXX-X5.jpg,https://pemilu2019.kpu.go.id/img/c/900/007/900007789/1-3886-1-C-XXX-X6.jpg
1320538673887900007790,ACEH,ACEH UTARA,COT GIREK,BEURANDANG KRUENG,TPS 1,2019-10-24 05:00:04,5,119,163,126,126,124,2,https://pemilu2019.kpu.go.id/img/c/900/007/900007790/1-3887-1-C-XXX-X5.jpg,https://pemilu2019.kpu.go.id/img/c/900/007/900007790/1-3887-1-C-XXX-X6.jpg
1320538673887900007791,ACEH,ACEH UTARA,COT GIREK,BEURANDANG KRUENG,TPS 2,2019-10-24 05:00:04,8,122,173,137,137,130,7,https://pemilu2019.kpu.go.id/img/c/900/007/900007791/2-3887-2-C-XXX-X35.jpg,https://pemilu2019.kpu.go.id/img/c/900/007/900007791/2-3887-2-C-XXX-X36.jpg
1320538673872900007764,ACEH,ACEH UTARA,COT GIREK,CEUMPEUDAK,TPS 1,2019-10-24 05:00:04,15,186,271,205,205,201,4,https://pemilu2019.kpu.go.id/img/c/900/007/900007764/2-3872-1-C-XXX-X5.jpg,https://pemilu2019.kpu.go.id/img/c/900/007/900007764/2-3872-1-C-XXX-X6.jpg
1320538673868900007738,ACEH,ACEH UTARA,COT GIREK,COT GIREK,TPS 01,2019-10-24 05:00:04,20,86,192,106,106,106,0,https://pemilu2019.kpu.go.id/img/c/900/007/900007738/1-3868-01-C-XXX-X5.jpg,https://pemilu2019.kpu.go.id/img/c/900/007/900007738/1-3868-01-C-XXX-X6.jpg
1320538673868900007739,ACEH,ACEH UTARA,COT GIREK,COT GIREK,TPS 02,2019-10-24 05:00:04,41,173,279,224,224,214,10,https://pemilu2019.kpu.go.id/img/c/900/007/900007739/1-3868-02-C-XXX-X5.jpg,https://pemilu2019.kpu.go.id/img/c/900/007/900007739/1-3868-02-C-XXX-X6.jpg
1320538673868900007740,ACEH,ACEH UTARA,COT GIREK,COT GIREK,TPS 03,2019-10-24 05:00:04,12,161,278,174,174,173,1,https://pemilu2019.kpu.go.id/img/c/900/007/900007740/1-3868-03-C-XXX-X5.jpg,https://pemilu2019.kpu.go.id/img/c/900/007/900007740/1-3868-03-C-XXX-X6.jpg
1320538673868900007741,ACEH,ACEH UTARA,COT GIREK,COT GIREK,TPS 04,2019-10-24 05:00:04,22,148,258,170,170,170,0,https://pemilu2019.kpu.go.id/img/c/900/007/900007741/1-3868-04-C-XXX-X5.jpg,https://pemilu2019.kpu.go.id/img/c/900/007/900007741/1-3868-04-C-XXX-X6.jpg
1320538673868900007742,ACEH,ACEH UTARA,COT GIREK,COT GIREK,TPS 05,2019-10-24 05:00:04,8,153,223,161,161,161,0,https://pemilu2019.kpu.go.id/img/c/900/007/900007742/1-3868-05-C-XXX-X35.jpg,https://pemilu2019.kpu.go.id/img/c/900/007/900007742/1-3868-05-C-XXX-X36.jpg
1320538673868900007743,ACEH,ACEH UTARA,COT GIREK,COT GIREK,TPS 06,2019-10-24 05:00:04,19,125,240,145,145,144,1,https://pemilu2019.kpu.go.id/img/c/900/007/900007743/1-3868-06-C-XXX-X5.jpg,https://pemilu2019.kpu.go.id/img/c/900/007/900007743/1-3868-06-C-XXX-X6.jpg
1320538673868900007744,ACEH,ACEH UTARA,COT GIREK,COT GIREK,TPS 07,2019-10-24 05:00:04,26,125,288,154,154,151,3,https://pemilu2019.kpu.go.id/img/c/900/007/900007744/1-3868-07-C-XXX-X5.jpg,https://pemilu2019.kpu.go.id/img/c/900/007/900007744/1-3868-07-C-XXX-X6.jpg
1320538673868900007745,ACEH,ACEH UTARA,COT GIREK,COT GIREK,TPS 08,2019-10-24 05:00:04,27,157,266,186,186,184,2,https://pemilu2019.kpu.go.id/img/c/900/007/900007745/1-3868-08-C-XXX-X35.jpg,https://pemilu2019.kpu.go.id/img/c/900/007/900007745/1-3868-08-C-XXX-X36.jpg
1320538673868900007746,ACEH,ACEH UTARA,COT GIREK,COT GIREK,TPS 09,2019-10-24 05:00:04,25,144,244,171,171,169,2,https://pemilu2019.kpu.go.id/img/c/900/007/900007746/1-3868-09-C-XXX-X5.jpg,https://pemilu2019.kpu.go.id/img/c/900/007/900007746/1-3868-09-C-XXX-X6.jpg
1320538673868900007747,ACEH,ACEH UTARA,COT GIREK,COT GIREK,TPS 10,2019-10-24 05:00:04,24,175,255,200,200,199,1,https://pemilu2019.kpu.go.id/img/c/900/007/900007747/1-3868-10-C-XXX-X35.jpg,https://pemilu2019.kpu.go.id/img/c/900/007/900007747/1-3868-10-C-XXX-X36.jpg
1320538673868900007748,ACEH,ACEH UTARA,COT GIREK,COT GIREK,TPS 11,2019-10-24 05:00:04,19,128,211,151,216,151,3,https://pemilu2019.kpu.go.id/img/c/900/007/900007748/1-3868-11-C-XXX-X5.jpg,https://pemilu2019.kpu.go.id/img/c/900/007/900007748/1-3868-11-C-XXX-X6.jpg
1320538673868900007749,ACEH,ACEH UTARA,COT GIREK,COT GIREK,TPS 12,2019-10-24 05:00:04,20,165,276,187,187,185,2,https://pemilu2019.kpu.go.id/img/c/900/007/900007749/1-3868-12-C-XXX-X35.jpg,https://pemilu2019.kpu.go.id/img/c/900/007/900007749/1-3868-12-C-XXX-X36.jpg
1320538673868900007750,ACEH,ACEH UTARA,COT GIREK,COT GIREK,TPS 13,2019-10-24 05:00:04,24,156,293,182,182,180,2,https://pemilu2019.kpu.go.id/img/c/900/007/900007750/1-3868-13-C-XXX-X65.jpg,https://pemilu2019.kpu.go.id/img/c/900/007/900007750/1-3868-13-C-XXX-X66.jpg
1320538673868900007751,ACEH,ACEH UTARA,COT GIREK,COT GIREK,TPS 14,2019-10-24 05:00:04,24,190,250,215,215,214,1,https://pemilu2019.kpu.go.id/img/c/900/007/900007751/1-3868-14-C1-PPWP-X1.jpg,https://pemilu2019.kpu.go.id/img/c/900/007/900007751/1-3868-14-C1-PPWP-X2.jpg
1320538673868900007752,ACEH,ACEH UTARA,COT GIREK,COT GIREK,TPS 15,2019-10-24 05:00:04,14,124,203,144,144,138,6,https://pemilu2019.kpu.go.id/img/c/900/007/900007752/1-3868-15-C-XXX-X5.jpg,https://pemilu2019.kpu.go.id/img/c/900/007/900007752/1-3868-15-C-XXX-X6.jpg
1320538673868900007753,ACEH,ACEH UTARA,COT GIREK,COT GIREK,TPS 16,2019-10-24 05:00:04,22,147,206,171,171,169,2,https://pemilu2019.kpu.go.id/img/c/900/007/900007753/1-3868-16-C-XXX-X35.jpg,https://pemilu2019.kpu.go.id/img/c/900/007/900007753/1-3868-16-C-XXX-X36.jpg
1320538673868900007754,ACEH,ACEH UTARA,COT GIREK,COT GIREK,TPS 17,2019-10-24 05:00:04,21,136,222,158,158,157,1,https://pemilu2019.kpu.go.id/img/c/900/007/900007754/1-3868-17-C-XXX-X65.jpg,https://pemilu2019.kpu.go.id/img/c/900/007/900007754/1-3868-17-C-XXX-X66.jpg
1320538673868900007755,ACEH,ACEH UTARA,COT GIREK,COT GIREK,TPS 18,2019-10-24 05:00:04,25,146,235,182,173,2,171,https://pemilu2019.kpu.go.id/img/c/900/007/900007755/1-3868-18-C1-PPWP-01.jpg,https://pemilu2019.kpu.go.id/img/c/900/007/900007755/1-3868-18-C1-PPWP-X2.jpg
1320538673868900007756,ACEH,ACEH UTARA,COT GIREK,COT GIREK,TPS 19,2019-10-24 05:00:04,29,152,226,153,153,152,1,https://pemilu2019.kpu.go.id/img/c/900/007/900007756/1-3868-19-C-XXX-X5.jpg,https://pemilu2019.kpu.go.id/img/c/900/007/900007756/1-3868-19-C-XXX-X6.jpg
1320538673868900007757,ACEH,ACEH UTARA,COT GIREK,COT GIREK,TPS 20,2019-10-24 05:00:04,25,159,253,182,185,184,1,https://pemilu2019.kpu.go.id/img/c/900/007/900007757/1-3868-20-C-XXX-X35.jpg,https://pemilu2019.kpu.go.id/img/c/900/007/900007757/1-3868-20-C-XXX-X36.jpg
1320538673868900007758,ACEH,ACEH UTARA,COT GIREK,COT GIREK,TPS 21,2019-10-24 05:00:04,36,181,273,219,219,217,2,https://pemilu2019.kpu.go.id/img/c/900/007/900007758/1-3868-21-C-XXX-X5.jpg,https://pemilu2019.kpu.go.id/img/c/900/007/900007758/1-3868-21-C-XXX-X6.jpg
1320538673868900007759,ACEH,ACEH UTARA,COT GIREK,COT GIREK,TPS 22,2019-10-24 05:00:04,40,179,297,221,221,219,2,https://pemilu2019.kpu.go.id/img/c/900/007/900007759/1-3868-22-C-XXX-X35.jpg,https://pemilu2019.kpu.go.id/img/c/900/007/900007759/1-3868-22-C-XXX-X36.jpg
1320538673890900007795,ACEH,ACEH UTARA,COT GIREK,DRIEN DUA,TPS 1,2019-10-24 05:00:04,8,133,186,149,149,141,8,https://pemilu2019.kpu.go.id/img/c/900/007/900007795/1-3890-1-C-XXX-X5.jpg,https://pemilu2019.kpu.go.id/img/c/900/007/900007795/1-3890-1-C-XXX-X6.jpg
1320538673884900007787,ACEH,ACEH UTARA,COT GIREK,JEULIKAT,TPS 1,2019-10-24 05:00:04,10,89,133,133,101,99,2,https://pemilu2019.kpu.go.id/img/c/900/007/900007787/1-3884-1-C-XXX-X5.jpg,https://pemilu2019.kpu.go.id/img/c/900/007/900007787/1-3884-1-C-XXX-X6.jpg
1320538673876900007771,ACEH,ACEH UTARA,COT GIREK,KAMPUNG BANTAN,TPS 1,2019-10-24 05:00:04,24,130,200,159,159,154,5,https://pemilu2019.kpu.go.id/img/c/900/007/900007771/1-3876-1-C-XXX-X5.jpg,https://pemilu2019.kpu.go.id/img/c/900/007/900007771/1-3876-1-C-XXX-X6.jpg
1320538673876900007772,ACEH,ACEH UTARA,COT GIREK,KAMPUNG BANTAN,TPS 2,2019-10-24 05:00:04,20,109,186,137,137,129,8,https://pemilu2019.kpu.go.id/img/c/900/007/900007772/1-3876-2-C-XXX-X35.jpg,https://pemilu2019.kpu.go.id/img/c/900/007/900007772/1-3876-2-C-XXX-X36.jpg
1320538673880900007778,ACEH,ACEH UTARA,COT GIREK,KAMPUNG TEMPEL,TPS 1,2019-10-24 05:00:04,10,168,242,179,179,178,1,https://pemilu2019.kpu.go.id/img/c/900/007/900007778/1-3880-1-C-XXX-X5.jpg,https://pemilu2019.kpu.go.id/img/c/900/007/900007778/1-3880-1-C-XXX-X6.jpg
1320538673880900007779,ACEH,ACEH UTARA,COT GIREK,KAMPUNG TEMPEL,TPS 2,2019-10-24 05:00:04,14,164,240,180,180,178,2,https://pemilu2019.kpu.go.id/img/c/900/007/900007779/1-3880-2-C-XXX-X35.jpg,https://pemilu2019.kpu.go.id/img/c/900/007/900007779/1-3880-2-C-XXX-X36.jpg
1320538673880900007780,ACEH,ACEH UTARA,COT GIREK,KAMPUNG TEMPEL,TPS 3,2019-10-24 05:00:04,25,91,153,126,126,116,10,https://pemilu2019.kpu.go.id/img/c/900/007/900007780/2-3880-3-C-XXX-X65.jpg,https://pemilu2019.kpu.go.id/img/c/900/007/900007780/2-3880-3-C-XXX-X66.jpg
1320538673880900007781,ACEH,ACEH UTARA,COT GIREK,KAMPUNG TEMPEL,TPS 4,2019-10-24 05:00:04,19,113,165,137,137,132,5,https://pemilu2019.kpu.go.id/img/c/900/007/900007781/1-3880-4-C-XXX-X5.jpg,https://pemilu2019.kpu.go.id/img/c/900/007/900007781/1-3880-4-C-XXX-X6.jpg
1320538673869900007760,ACEH,ACEH UTARA,COT GIREK,LHOK MEURBO,TPS 1,2019-10-24 05:00:04,9,143,208,158,158,0,152,https://pemilu2019.kpu.go.id/img/c/900/007/900007760/2-3869-1-C-XXX-X5.jpg,https://pemilu2019.kpu.go.id/img/c/900/007/900007760/2-3869-1-C-XXX-X6.jpg
1320538673869900007761,ACEH,ACEH UTARA,COT GIREK,LHOK MEURBO,TPS 2,2019-10-24 05:00:04,15,166,212,182,182,181,1,https://pemilu2019.kpu.go.id/img/c/900/007/900007761/1-3869-2-C-XXX-X35.jpg,https://pemilu2019.kpu.go.id/img/c/900/007/900007761/1-3869-2-C-XXX-X36.jpg
1320538673882900007785,ACEH,ACEH UTARA,COT GIREK,LHOK REUHAT,TPS 1,2019-10-24 05:00:04,4,174,227,181,181,178,3,https://pemilu2019.kpu.go.id/img/c/900/007/900007785/1-3882-1-C-XXX-X5.jpg,https://pemilu2019.kpu.go.id/img/c/900/007/900007785/1-3882-1-C-XXX-X6.jpg
1320538673883900007786,ACEH,ACEH UTARA,COT GIREK,LUENG BARO,TPS 1,2019-10-24 05:00:04,9,123,186,138,138,132,6,https://pemilu2019.kpu.go.id/img/c/900/007/900007786/1-3883-1-C-XXX-X5.jpg,https://pemilu2019.kpu.go.id/img/c/900/007/900007786/1-3883-1-C-XXX-X6.jpg
1320538673879900007777,ACEH,ACEH UTARA,COT GIREK,MATANG TEUNGOH L,TPS 1,2019-10-24 05:00:04,14,97,149,118,118,111,7,https://pemilu2019.kpu.go.id/img/c/900/007/900007777/1-3879-1-C-XXX-X5.jpg,https://pemilu2019.kpu.go.id/img/c/900/007/900007777/1-3879-1-C-XXX-X6.jpg
1320538673874900007769,ACEH,ACEH UTARA,COT GIREK,PUCOK ALUE,TPS 1,2019-10-24 05:00:04,23,134,226,163,163,157,6,https://pemilu2019.kpu.go.id/img/c/900/007/900007769/1-3874-1-C-XXX-X5.jpg,https://pemilu2019.kpu.go.id/img/c/900/007/900007769/1-3874-1-C-XXX-X6.jpg
1320538673870900007762,ACEH,ACEH UTARA,COT GIREK,SEUNEUBOK BARO,TPS 1,2019-10-24 05:00:04,16,172,201,190,190,188,2,https://pemilu2019.kpu.go.id/img/c/900/007/900007762/1-3870-1-C-XXX-X5.jpg,https://pemilu2019.kpu.go.id/img/c/900/007/900007762/1-3870-1-C-XXX-X6.jpg
1320538673888900007792,ACEH,ACEH UTARA,COT GIREK,SEUPENG,TPS 1,2019-10-24 05:00:04,9,100,147,117,117,109,8,https://pemilu2019.kpu.go.id/img/c/900/007/900007792/1-3888-1-C-XXX-X5.jpg,https://pemilu2019.kpu.go.id/img/c/900/007/900007792/1-3888-1-C-XXX-X6.jpg
13205386784141900775175,ACEH,ACEH UTARA,COT GIREK,TRIENG,TPS 1,2019-10-24 05:00:04,10,178,290,198,198,188,10,https://pemilu2019.kpu.go.id/img/c/900/775/900775175/1-84141-1-C-XXX-X5.jpg,https://pemilu2019.kpu.go.id/img/c/900/775/900775175/1-84141-1-C-XXX-X6.jpg
13205386784141900775176,ACEH,ACEH UTARA,COT GIREK,TRIENG,TPS 2,2019-10-24 05:00:04,5,117,199,125,125,122,3,https://pemilu2019.kpu.go.id/img/c/900/775/900775176/1-84141-2-C-XXX-X35.jpg,https://pemilu2019.kpu.go.id/img/c/900/775/900775176/1-84141-2-C-XXX-X36.jpg
13205386784141900775177,ACEH,ACEH UTARA,COT GIREK,TRIENG,TPS 3,2019-10-24 05:00:04,14,120,200,137,137,134,3,https://pemilu2019.kpu.go.id/img/c/900/775/900775177/1-84141-3-C-XXX-X65.jpg,https://pemilu2019.kpu.go.id/img/c/900/775/900775177/1-84141-3-C-XXX-X66.jpg
1320538673881900007782,ACEH,ACEH UTARA,COT GIREK,U BARO.,TPS 1,2019-10-24 05:00:04,8,101,204,111,111,109,2,https://pemilu2019.kpu.go.id/img/c/900/007/900007782/1-3881-1-C-XXX-X5.jpg,https://pemilu2019.kpu.go.id/img/c/900/007/900007782/1-3881-1-C-XXX-X6.jpg
1320538673881900007783,ACEH,ACEH UTARA,COT GIREK,U BARO.,TPS 2,2019-10-24 05:00:04,11,124,206,140,140,135,5,https://pemilu2019.kpu.go.id/img/c/900/007/900007783/1-3881-2-C-XXX-X35.jpg,https://pemilu2019.kpu.go.id/img/c/900/007/900007783/1-3881-2-C-XXX-X36.jpg
1320538673881900007784,ACEH,ACEH UTARA,COT GIREK,U BARO.,TPS 3,2019-10-24 05:00:04,9,96,205,110,110,105,5,https://pemilu2019.kpu.go.id/img/c/900/007/900007784/1-3881-3-C-XXX-X65.jpg,https://pemilu2019.kpu.go.id/img/c/900/007/900007784/1-3881-3-C-XXX-X66.jpg
1320538673878900007775,ACEH,ACEH UTARA,COT GIREK,ULEE GAMPONG,TPS 1,2019-10-24 05:00:04,13,102,160,121,121,115,6,https://pemilu2019.kpu.go.id/img/c/900/007/900007775/1-3878-1-C-XXX-X5.jpg,https://pemilu2019.kpu.go.id/img/c/900/007/900007775/1-3878-1-C-XXX-X6.jpg
1320538673878900007776,ACEH,ACEH UTARA,COT GIREK,ULEE GAMPONG,TPS 2,2019-10-24 05:00:04,6,120,128,162,128,126,2,https://pemilu2019.kpu.go.id/img/c/900/007/900007776/1-3878-2-C-XXX-X5.jpg,https://pemilu2019.kpu.go.id/img/c/900/007/900007776/1-3878-2-C-XXX-X6.jpg
1320532643273900006514,ACEH,ACEH UTARA,DEWANTARA,BANGKA JAYA,TPS 01,2019-10-24 05:00:04,5,163,292,176,176,168,8,https://pemilu2019.kpu.go.id/img/c/900/006/900006514/1-3273-01-C1-PPWP-X1.jpg,https://pemilu2019.kpu.go.id/img/c/900/006/900006514/1-3273-01-C1-PPWP-X2.jpg
1320532643273900006515,ACEH,ACEH UTARA,DEWANTARA,BANGKA JAYA,TPS 02,2019-10-24 05:00:04,15,179,297,200,200,194,6,https://pemilu2019.kpu.go.id/img/c/900/006/900006515/3273-02-C-XXX-X5.jpg,https://pemilu2019.kpu.go.id/img/c/900/006/900006515/3273-02-C-XXX-X6.jpg
1320532643273900006516,ACEH,ACEH UTARA,DEWANTARA,BANGKA JAYA,TPS 03,2019-10-24 05:00:04,18,204,296,225,225,222,3,https://pemilu2019.kpu.go.id/img/c/900/006/900006516/3273-03-C-XXX-X5.jpg,https://pemilu2019.kpu.go.id/img/c/900/006/900006516/3273-03-C-XXX-X6.jpg
1320532643273900006517,ACEH,ACEH UTARA,DEWANTARA,BANGKA JAYA,TPS 04,2019-10-24 05:00:04,18,177,308,202,202,195,7,https://pemilu2019.kpu.go.id/img/c/900/006/900006517/3273-04-C-XXX-X5.jpg,https://pemilu2019.kpu.go.id/img/c/900/006/900006517/3273-04-C-XXX-X6.jpg
1320532643273900006518,ACEH,ACEH UTARA,DEWANTARA,BANGKA JAYA,TPS 05,2019-10-24 05:00:04,13,174,297,203,203,187,16,https://pemilu2019.kpu.go.id/img/c/900/006/900006518/1-3273-05-C-XXX-X5.jpg,https://pemilu2019.kpu.go.id/img/c/900/006/900006518/1-3273-05-C-XXX-X6.jpg
1320532643273900006519,ACEH,ACEH UTARA,DEWANTARA,BANGKA JAYA,TPS 06,2019-10-24 05:00:04,16,166,298,186,186,182,4,https://pemilu2019.kpu.go.id/img/c/900/006/900006519/3273-06-C-XXX-X5.jpg,https://pemilu2019.kpu.go.id/img/c/900/006/900006519/3273-06-C-XXX-X6.jpg
1320532643273900006520,ACEH,ACEH UTARA,DEWANTARA,BANGKA JAYA,TPS 07,2019-10-24 05:00:04,22,183,296,210,210,205,5,https://pemilu2019.kpu.go.id/img/c/900/006/900006520/3273-07-C-XXX-X5.jpg,https://pemilu2019.kpu.go.id/img/c/900/006/900006520/3273-07-C-XXX-X6.jpg
1320532643273900006521,ACEH,ACEH UTARA,DEWANTARA,BANGKA JAYA,TPS 08,2019-10-24 05:00:04,13,187,292,200,200,199,1,https://pemilu2019.kpu.go.id/img/c/900/006/900006521/1-3273-08-C-XXX-X5.jpg,https://pemilu2019.kpu.go.id/img/c/900/006/900006521/1-3273-08-C-XXX-X6.jpg
1320532643273900006522,ACEH,ACEH UTARA,DEWANTARA,BANGKA JAYA,TPS 09,2019-10-24 05:00:04,11,184,294,203,203,195,8,https://pemilu2019.kpu.go.id/img/c/900/006/900006522/1-3273-09-C-XXX-X5.jpg,https://pemilu2019.kpu.go.id/img/c/900/006/900006522/1-3273-09-C-XXX-X6.jpg
1320532643273900006523,ACEH,ACEH UTARA,DEWANTARA,BANGKA JAYA,TPS 10,2019-10-24 05:00:04,18,174,295,196,196,192,4,https://pemilu2019.kpu.go.id/img/c/900/006/900006523/3273-10-C-XXX-X5.jpg,https://pemilu2019.kpu.go.id/img/c/900/006/900006523/3273-10-C-XXX-X6.jpg
1320532643278900006542,ACEH,ACEH UTARA,DEWANTARA,BLUKA TEUBAI,TPS 1,2019-10-24 05:00:04,20,215,280,244,244,235,9,https://pemilu2019.kpu.go.id/img/c/900/006/900006542/1-3278-1-C1-PPWP-X1.jpg,https://pemilu2019.kpu.go.id/img/c/900/006/900006542/1-3278-1-C1-PPWP-X2.jpg
1320532643278900006543,ACEH,ACEH UTARA,DEWANTARA,BLUKA TEUBAI,TPS 2,2019-10-24 05:00:04,24,205,296,234,234,229,5,https://pemilu2019.kpu.go.id/img/c/900/006/900006543/1-3278-2-C-XXX-X5.jpg,https://pemilu2019.kpu.go.id/img/c/900/006/900006543/1-3278-2-C-XXX-X6.jpg
1320532643278900006544,ACEH,ACEH UTARA,DEWANTARA,BLUKA TEUBAI,TPS 3,2019-10-24 05:00:04,21,188,282,215,215,209,6,https://pemilu2019.kpu.go.id/img/c/900/006/900006544/3278-3-C-XXX-X5.jpg,https://pemilu2019.kpu.go.id/img/c/900/006/900006544/3278-3-C-XXX-X6.jpg
1320532643278900006545,ACEH,ACEH UTARA,DEWANTARA,BLUKA TEUBAI,TPS 4,2019-10-24 05:00:04,22,222,276,245,273,244,29,https://pemilu2019.kpu.go.id/img/c/900/006/900006545/3278-4-C-XXX-X5.jpg,https://pemilu2019.kpu.go.id/img/c/900/006/900006545/3278-4-C-XXX-X6.jpg
1320532643277900006538,ACEH,ACEH UTARA,DEWANTARA,GLUMPANG SULU BRT.,TPS 1,2019-10-24 05:00:04,9,205,246,217,217,214,3,https://pemilu2019.kpu.go.id/img/c/900/006/900006538/3277-1-C-XXX-X5.jpg,https://pemilu2019.kpu.go.id/img/c/900/006/900006538/3277-1-C-XXX-X6.jpg
1320532643277900006539,ACEH,ACEH UTARA,DEWANTARA,GLUMPANG SULU BRT.,TPS 2,2019-10-24 05:00:04,7,213,247,226,226,220,6,https://pemilu2019.kpu.go.id/img/c/900/006/900006539/3277-2-C-XXX-X5.jpg,https://pemilu2019.kpu.go.id/img/c/900/006/900006539/3277-2-C-XXX-X6.jpg
1320532643277900006540,ACEH,ACEH UTARA,DEWANTARA,GLUMPANG SULU BRT.,TPS 3,2019-10-24 05:00:04,10,220,249,232,232,230,2,https://pemilu2019.kpu.go.id/img/c/900/006/900006540/3277-3-C-XXX-X5.jpg,https://pemilu2019.kpu.go.id/img/c/900/006/900006540/3277-3-C-XXX-X6.jpg
1320532643277900006541,ACEH,ACEH UTARA,DEWANTARA,GLUMPANG SULU BRT.,TPS 4,2019-10-24 05:00:04,12,230,249,243,243,242,1,https://pemilu2019.kpu.go.id/img/c/900/006/900006541/3277-4-C-XXX-X5.jpg,https://pemilu2019.kpu.go.id/img/c/900/006/900006541/3277-4-C-XXX-X6.jpg
1320532643276900006534,ACEH,ACEH UTARA,DEWANTARA,GLUMPANG SULU TMR.,TPS 1,2019-10-24 05:00:04,10,167,295,181,180,177,3,https://pemilu2019.kpu.go.id/img/c/900/006/900006534/1-3276-1-C-XXX-X5.jpg,https://pemilu2019.kpu.go.id/img/c/900/006/900006534/1-3276-1-C-XXX-X6.jpg
1320532643276900006535,ACEH,ACEH UTARA,DEWANTARA,GLUMPANG SULU TMR.,TPS 2,2019-10-24 05:00:04,4,186,296,198,198,190,8,https://pemilu2019.kpu.go.id/img/c/900/006/900006535/3276-2-C-XXX-X5.jpg,https://pemilu2019.kpu.go.id/img/c/900/006/900006535/3276-2-C-XXX-X6.jpg
1320532643276900006536,ACEH,ACEH UTARA,DEWANTARA,GLUMPANG SULU TMR.,TPS 3,2019-10-24 05:00:04,8,191,297,205,205,199,6,https://pemilu2019.kpu.go.id/img/c/900/006/900006536/3276-3-C-XXX-X5.jpg,https://pemilu2019.kpu.go.id/img/c/900/006/900006536/3276-3-C-XXX-X6.jpg
1320532643276900006537,ACEH,ACEH UTARA,DEWANTARA,GLUMPANG SULU TMR.,TPS 4,2019-10-24 05:00:04,3,194,299,198,198,197,1,https://pemilu2019.kpu.go.id/img/c/900/006/900006537/3276-4-C-XXX-X5.jpg,https://pemilu2019.kpu.go.id/img/c/900/006/900006537/3276-4-C-XXX-X6.jpg
1320532643265900006427,ACEH,ACEH UTARA,DEWANTARA,KEUDE KR. GEUKUH,TPS 01,2019-10-24 05:00:04,21,141,309,164,164,162,2,https://pemilu2019.kpu.go.id/img/c/900/006/900006427/3265-01-C-XXX-X5.jpg,https://pemilu2019.kpu.go.id/img/c/900/006/900006427/3265-01-C-XXX-X6.jpg
1320532643265900006428,ACEH,ACEH UTARA,DEWANTARA,KEUDE KR. GEUKUH,TPS 02,2019-10-24 05:00:04,12,127,294,141,141,139,2,https://pemilu2019.kpu.go.id/img/c/900/006/900006428/3265-02-C-XXX-X5.jpg,https://pemilu2019.kpu.go.id/img/c/900/006/900006428/3265-02-C-XXX-X6.jpg
1320532643265900006429,ACEH,ACEH UTARA,DEWANTARA,KEUDE KR. GEUKUH,TPS 03,2019-10-24 05:00:04,10,142,296,152,152,152,0,https://pemilu2019.kpu.go.id/img/c/900/006/900006429/3265-03-C-XXX-X5.jpg,https://pemilu2019.kpu.go.id/img/c/900/006/900006429/3265-03-C-XXX-X6.jpg
1320532643265900006430,ACEH,ACEH UTARA,DEWANTARA,KEUDE KR. GEUKUH,TPS 04,2019-10-24 05:00:04,16,157,295,175,175,173,2,https://pemilu2019.kpu.go.id/img/c/900/006/900006430/3265-04-C-XXX-X5.jpg,https://pemilu2019.kpu.go.id/img/c/900/006/900006430/3265-04-C-XXX-X6.jpg
1320532643265900006431,ACEH,ACEH UTARA,DEWANTARA,KEUDE KR. GEUKUH,TPS 05,2019-10-24 05:00:04,25,148,293,188,188,173,15,https://pemilu2019.kpu.go.id/img/c/900/006/900006431/3265-05-C-XXX-X5.jpg,https://pemilu2019.kpu.go.id/img/c/900/006/900006431/3265-05-C-XXX-X6.jpg
1320532643265900006432,ACEH,ACEH UTARA,DEWANTARA,KEUDE KR. GEUKUH,TPS 06,2019-10-24 05:00:04,21,157,293,182,182,178,4,https://pemilu2019.kpu.go.id/img/c/900/006/900006432/3265-06-C-XXX-X5.jpg,https://pemilu2019.kpu.go.id/img/c/900/006/900006432/3265-06-C-XXX-X6.jpg
1320532643265900006433,ACEH,ACEH UTARA,DEWANTARA,KEUDE KR. GEUKUH,TPS 07,2019-10-24 05:00:04,12,147,292,164,164,160,4,https://pemilu2019.kpu.go.id/img/c/900/006/900006433/3265-07-C-XXX-X5.jpg,https://pemilu2019.kpu.go.id/img/c/900/006/900006433/3265-07-C-XXX-X6.jpg
1320532643265900006434,ACEH,ACEH UTARA,DEWANTARA,KEUDE KR. GEUKUH,TPS 08,2019-10-24 05:00:04,15,137,289,163,163,152,11,https://pemilu2019.kpu.go.id/img/c/900/006/900006434/3265-08-C-XXX-X5.jpg,https://pemilu2019.kpu.go.id/img/c/900/006/900006434/3265-08-C-XXX-X6.jpg
1320532643265900006435,ACEH,ACEH UTARA,DEWANTARA,KEUDE KR. GEUKUH,TPS 09,2019-10-24 05:00:04,15,138,289,155,155,153,2,https://pemilu2019.kpu.go.id/img/c/900/006/900006435/3265-09-C-XXX-X5.jpg,https://pemilu2019.kpu.go.id/img/c/900/006/900006435/3265-09-C-XXX-X6.jpg
1320532643265900006436,ACEH,ACEH UTARA,DEWANTARA,KEUDE KR. GEUKUH,TPS 10,2019-10-24 05:00:04,15,138,299,153,153,153,0,https://pemilu2019.kpu.go.id/img/c/900/006/900006436/3265-10-C-XXX-X5.jpg,https://pemilu2019.kpu.go.id/img/c/900/006/900006436/3265-10-C-XXX-X6.jpg
1320532643265900006437,ACEH,ACEH UTARA,DEWANTARA,KEUDE KR. GEUKUH,TPS 11,2019-10-24 05:00:04,35,163,297,202,202,197,4,https://pemilu2019.kpu.go.id/img/c/900/006/900006437/4-3265-11-C-XXX-X5.jpg,https://pemilu2019.kpu.go.id/img/c/900/006/900006437/4-3265-11-C-XXX-X6.jpg
1320532643279900006546,ACEH,ACEH UTARA,DEWANTARA,LANCANG BARAT,TPS 01,2019-10-24 05:00:04,10,192,294,208,208,202,6,https://pemilu2019.kpu.go.id/img/c/900/006/900006546/1-3279-01-C-XXX-X5.jpg,https://pemilu2019.kpu.go.id/img/c/900/006/900006546/1-3279-01-C-XXX-X6.jpg
1320532643279900006547,ACEH,ACEH UTARA,DEWANTARA,LANCANG BARAT,TPS 02,2019-10-24 05:00:04,6,187,296,198,198,193,5,https://pemilu2019.kpu.go.id/img/c/900/006/900006547/1-3279-02-C1-PPWP-X1.jpg,https://pemilu2019.kpu.go.id/img/c/900/006/900006547/1-3279-02-C1-PPWP-X2.jpg
1320532643279900006548,ACEH,ACEH UTARA,DEWANTARA,LANCANG BARAT,TPS 03,2019-10-24 05:00:04,9,186,298,203,203,195,8,https://pemilu2019.kpu.go.id/img/c/900/006/900006548/1-3279-03-C1-PPWP-X1.jpg,https://pemilu2019.kpu.go.id/img/c/900/006/900006548/1-3279-03-C1-PPWP-X2.jpg
1320532643279900006549,ACEH,ACEH UTARA,DEWANTARA,LANCANG BARAT,TPS 04,2019-10-24 05:00:04,9,184,297,199,199,193,6,https://pemilu2019.kpu.go.id/img/c/900/006/900006549/3279-04-C-XXX-X5.jpg,https://pemilu2019.kpu.go.id/img/c/900/006/900006549/3279-04-C-XXX-X6.jpg
1320532643279900006550,ACEH,ACEH UTARA,DEWANTARA,LANCANG BARAT,TPS 05,2019-10-24 05:00:04,10,225,290,235,235,235,0,https://pemilu2019.kpu.go.id/img/c/900/006/900006550/1-3279-05-C-XXX-X5.jpg,https://pemilu2019.kpu.go.id/img/c/900/006/900006550/1-3279-05-C-XXX-X6.jpg
1320532643279900006551,ACEH,ACEH UTARA,DEWANTARA,LANCANG BARAT,TPS 06,2019-10-24 05:00:04,10,225,290,235,235,235,0,https://pemilu2019.kpu.go.id/img/c/900/006/900006551/1-3279-06-C1-PPWP-X1.jpg,https://pemilu2019.kpu.go.id/img/c/900/006/900006551/1-3279-06-C1-PPWP-X2.jpg
1320532643279900006552,ACEH,ACEH UTARA,DEWANTARA,LANCANG BARAT,TPS 07,2019-10-24 05:00:04,11,189,299,207,207,200,7,https://pemilu2019.kpu.go.id/img/c/900/006/900006552/3279-07-C-XXX-X5.jpg,https://pemilu2019.kpu.go.id/img/c/900/006/900006552/3279-07-C-XXX-X6.jpg
1320532643279900006553,ACEH,ACEH UTARA,DEWANTARA,LANCANG BARAT,TPS 08,2019-10-24 05:00:04,5,186,290,197,197,191,6,https://pemilu2019.kpu.go.id/img/c/900/006/900006553/3279-08-C-XXX-X5.jpg,https://pemilu2019.kpu.go.id/img/c/900/006/900006553/3279-08-C-XXX-X6.jpg
1320532643279900006554,ACEH,ACEH UTARA,DEWANTARA,LANCANG BARAT,TPS 09,2019-10-24 05:00:04,9,199,295,212,212,208,4,https://pemilu2019.kpu.go.id/img/c/900/006/900006554/3279-09-C-XXX-X5.jpg,https://pemilu2019.kpu.go.id/img/c/900/006/900006554/3279-09-C-XXX-X6.jpg
1320532643279900006555,ACEH,ACEH UTARA,DEWANTARA,LANCANG BARAT,TPS 10,2019-10-24 05:00:04,5,188,294,201,201,193,8,https://pemilu2019.kpu.go.id/img/c/900/006/900006555/3279-10-C-XXX-X5.jpg,https://pemilu2019.kpu.go.id/img/c/900/006/900006555/3279-10-C-XXX-X6.jpg
1320532643279900006556,ACEH,ACEH UTARA,DEWANTARA,LANCANG BARAT,TPS 11,2019-10-24 05:00:04,9,194,292,207,207,203,4,https://pemilu2019.kpu.go.id/img/c/900/006/900006556/3279-11-C-XXX-X5.jpg,https://pemilu2019.kpu.go.id/img/c/900/006/900006556/3279-11-C-XXX-X6.jpg
1320532643279900006557,ACEH,ACEH UTARA,DEWANTARA,LANCANG BARAT,TPS 12,2019-10-24 05:00:04,6,180,286,191,191,186,5,https://pemilu2019.kpu.go.id/img/c/900/006/900006557/1-3279-12-C1-PPWP-X1.jpg,https://pemilu2019.kpu.go.id/img/c/900/006/900006557/1-3279-12-C1-PPWP-X2.jpg
1320532643268900006466,ACEH,ACEH UTARA,DEWANTARA,PALOH GADENG,TPS 01,2019-10-24 05:00:04,4,222,297,229,229,226,3,https://pemilu2019.kpu.go.id/img/c/900/006/900006466/3268-01-C-XXX-X5.jpg,https://pemilu2019.kpu.go.id/img/c/900/006/900006466/3268-01-C-XXX-X6.jpg
1320532643268900006467,ACEH,ACEH UTARA,DEWANTARA,PALOH GADENG,TPS 02,2019-10-24 05:00:04,6,219,292,232,232,225,7,https://pemilu2019.kpu.go.id/img/c/900/006/900006467/3268-02-C-XXX-X5.jpg,https://pemilu2019.kpu.go.id/img/c/900/006/900006467/3268-02-C-XXX-X6.jpg
1320532643268900006468,ACEH,ACEH UTARA,DEWANTARA,PALOH GADENG,TPS 03,2019-10-24 05:00:04,8,177,288,190,190,185,5,https://pemilu2019.kpu.go.id/img/c/900/006/900006468/3268-03-C-XXX-X5.jpg,https://pemilu2019.kpu.go.id/img/c/900/006/900006468/3268-03-C-XXX-X6.jpg
1320532643268900006469,ACEH,ACEH UTARA,DEWANTARA,PALOH GADENG,TPS 04,2019-10-24 05:00:04,14,153,283,172,172,167,5,https://pemilu2019.kpu.go.id/img/c/900/006/900006469/1-3268-04-C-XXX-X5.jpg,https://pemilu2019.kpu.go.id/img/c/900/006/900006469/1-3268-04-C-XXX-X6.jpg
1320532643268900006470,ACEH,ACEH UTARA,DEWANTARA,PALOH GADENG,TPS 05,2019-10-24 05:00:04,3,178,281,191,191,181,10,https://pemilu2019.kpu.go.id/img/c/900/006/900006470/3268-05-C-XXX-X5.jpg,https://pemilu2019.kpu.go.id/img/c/900/006/900006470/3268-05-C-XXX-X6.jpg
1320532643268900006471,ACEH,ACEH UTARA,DEWANTARA,PALOH GADENG,TPS 06,2019-10-24 05:00:04,6,161,271,171,171,167,4,https://pemilu2019.kpu.go.id/img/c/900/006/900006471/3268-06-C-XXX-X5.jpg,https://pemilu2019.kpu.go.id/img/c/900/006/900006471/3268-06-C-XXX-X6.jpg
1320532643268900006472,ACEH,ACEH UTARA,DEWANTARA,PALOH GADENG,TPS 07,2019-10-24 05:00:04,9,131,277,142,142,140,2,https://pemilu2019.kpu.go.id/img/c/900/006/900006472/3268-07-C-XXX-X5.jpg,https://pemilu2019.kpu.go.id/img/c/900/006/900006472/3268-07-C-XXX-X6.jpg
1320532643268900006473,ACEH,ACEH UTARA,DEWANTARA,PALOH GADENG,TPS 08,2019-10-24 05:00:04,8,180,273,191,191,188,3,https://pemilu2019.kpu.go.id/img/c/900/006/900006473/3268-08-C-XXX-X5.jpg,https://pemilu2019.kpu.go.id/img/c/900/006/900006473/3268-08-C-XXX-X6.jpg
1320532643268900006474,ACEH,ACEH UTARA,DEWANTARA,PALOH GADENG,TPS 09,2019-10-24 05:00:04,12,162,282,180,180,174,6,https://pemilu2019.kpu.go.id/img/c/900/006/900006474/3268-09-C-XXX-X5.jpg,https://pemilu2019.kpu.go.id/img/c/900/006/900006474/3268-09-C-XXX-X6.jpg
1320532643268900006475,ACEH,ACEH UTARA,DEWANTARA,PALOH GADENG,TPS 10,2019-10-24 05:00:04,10,210,270,227,227,220,7,https://pemilu2019.kpu.go.id/img/c/900/006/900006475/3268-10-C-XXX-X5.jpg,https://pemilu2019.kpu.go.id/img/c/900/006/900006475/3268-10-C-XXX-X6.jpg
1320532643268900006476,ACEH,ACEH UTARA,DEWANTARA,PALOH GADENG,TPS 11,2019-10-24 05:00:04,10,223,288,233,233,233,0,https://pemilu2019.kpu.go.id/img/c/900/006/900006476/3268-11-C-XXX-X5.jpg,https://pemilu2019.kpu.go.id/img/c/900/006/900006476/3268-11-C-XXX-X6.jpg
1320532643272900006511,ACEH,ACEH UTARA,DEWANTARA,PALOH IGEUH,TPS 1,2019-10-24 05:00:04,8,186,251,208,208,194,14,https://pemilu2019.kpu.go.id/img/c/900/006/900006511/3272-1-C-XXX-X5.jpg,https://pemilu2019.kpu.go.id/img/c/900/006/900006511/3272-1-C-XXX-X6.jpg
1320532643272900006512,ACEH,ACEH UTARA,DEWANTARA,PALOH IGEUH,TPS 2,2019-10-24 05:00:04,18,122,259,147,147,140,7,https://pemilu2019.kpu.go.id/img/c/900/006/900006512/1-3272-2-C-XXX-X5.jpg,https://pemilu2019.kpu.go.id/img/c/900/006/900006512/1-3272-2-C-XXX-X6.jpg
1320532643272900006513,ACEH,ACEH UTARA,DEWANTARA,PALOH IGEUH,TPS 3,2019-10-24 05:00:04,7,174,260,191,191,181,10,https://pemilu2019.kpu.go.id/img/c/900/006/900006513/3272-3-C-XXX-X5.jpg,https://pemilu2019.kpu.go.id/img/c/900/006/900006513/3272-3-C-XXX-X6.jpg
1320532643269900006477,ACEH,ACEH UTARA,DEWANTARA,PALOH LADA,TPS 01,2019-10-24 05:00:04,15,184,311,201,201,199,2,https://pemilu2019.kpu.go.id/img/c/900/006/900006477/3269-01-C-XXX-X5.jpg,https://pemilu2019.kpu.go.id/img/c/900/006/900006477/3269-01-C-XXX-X6.jpg
1320532643269900006478,ACEH,ACEH UTARA,DEWANTARA,PALOH LADA,TPS 02,2019-10-24 05:00:04,9,213,302,226,226,222,4,https://pemilu2019.kpu.go.id/img/c/900/006/900006478/2-3269-02-C1-PPWP-X1.jpg,https://pemilu2019.kpu.go.id/img/c/900/006/900006478/2-3269-02-C1-PPWP-X2.jpg
1320532643269900006479,ACEH,ACEH UTARA,DEWANTARA,PALOH LADA,TPS 03,2019-10-24 05:00:04,13,201,314,217,217,214,3,https://pemilu2019.kpu.go.id/img/c/900/006/900006479/3269-03-C-XXX-X5.jpg,https://pemilu2019.kpu.go.id/img/c/900/006/900006479/3269-03-C-XXX-X6.jpg
1320532643269900006480,ACEH,ACEH UTARA,DEWANTARA,PALOH LADA,TPS 04,2019-10-24 05:00:04,18,208,309,235,235,226,9,https://pemilu2019.kpu.go.id/img/c/900/006/900006480/3269-04-C-XXX-X5.jpg,https://pemilu2019.kpu.go.id/img/c/900/006/900006480/3269-04-C-XXX-X6.jpg
1320532643269900006481,ACEH,ACEH UTARA,DEWANTARA,PALOH LADA,TPS 05,2019-10-24 05:00:04,13,204,310,219,219,217,2,https://pemilu2019.kpu.go.id/img/c/900/006/900006481/3269-05-C-XXX-X5.jpg,https://pemilu2019.kpu.go.id/img/c/900/006/900006481/3269-05-C-XXX-X6.jpg
1320532643269900006482,ACEH,ACEH UTARA,DEWANTARA,PALOH LADA,TPS 06,2019-10-24 05:00:04,11,214,308,230,230,225,5,https://pemilu2019.kpu.go.id/img/c/900/006/900006482/1-3269-06-C1-PPWP-X1.jpg,https://pemilu2019.kpu.go.id/img/c/900/006/900006482/1-3269-06-C1-PPWP-X2.jpg
1320532643269900006483,ACEH,ACEH UTARA,DEWANTARA,PALOH LADA,TPS 07,2019-10-24 05:00:04,18,202,306,220,221,220,1,https://pemilu2019.kpu.go.id/img/c/900/006/900006483/3269-07-C-XXX-X5.jpg,https://pemilu2019.kpu.go.id/img/c/900/006/900006483/3269-07-C-XXX-X6.jpg
1320532643269900006484,ACEH,ACEH UTARA,DEWANTARA,PALOH LADA,TPS 08,2019-10-24 05:00:04,10,214,309,309,224,224,0,https://pemilu2019.kpu.go.id/img/c/900/006/900006484/4-3269-08-C-XXX-X5.jpg,https://pemilu2019.kpu.go.id/img/c/900/006/900006484/4-3269-08-C-XXX-X6.jpg
1320532643269900006485,ACEH,ACEH UTARA,DEWANTARA,PALOH LADA,TPS 09,2019-10-24 05:00:04,30,192,305,225,225,222,3,https://pemilu2019.kpu.go.id/img/c/900/006/900006485/4-3269-09-C-XXX-X5.jpg,https://pemilu2019.kpu.go.id/img/c/900/006/900006485/4-3269-09-C-XXX-X6.jpg
1320532643269900006486,ACEH,ACEH UTARA,DEWANTARA,PALOH LADA,TPS 10,2019-10-24 05:00:04,4,210,307,216,216,214,2,https://pemilu2019.kpu.go.id/img/c/900/006/900006486/3269-10-C-XXX-X5.jpg,https://pemilu2019.kpu.go.id/img/c/900/006/900006486/3269-10-C-XXX-X6.jpg
1320532643269900006487,ACEH,ACEH UTARA,DEWANTARA,PALOH LADA,TPS 11,2019-10-24 05:00:04,7,207,317,214,214,214,0,https://pemilu2019.kpu.go.id/img/c/900/006/900006487/1-3269-11-C-XXX-X5.jpg,https://pemilu2019.kpu.go.id/img/c/900/006/900006487/1-3269-11-C-XXX-X6.jpg
1320532643269900006488,ACEH,ACEH UTARA,DEWANTARA,PALOH LADA,TPS 12,2019-10-24 05:00:04,8,203,304,211,211,211,0,https://pemilu2019.kpu.go.id/img/c/900/006/900006488/3269-12-C-XXX-X5.jpg,https://pemilu2019.kpu.go.id/img/c/900/006/900006488/3269-12-C-XXX-X6.jpg
1320532643269900006489,ACEH,ACEH UTARA,DEWANTARA,PALOH LADA,TPS 13,2019-10-24 05:00:04,15,184,300,201,201,199,2,https://pemilu2019.kpu.go.id/img/c/900/006/900006489/3269-13-C-XXX-X5.jpg,https://pemilu2019.kpu.go.id/img/c/900/006/900006489/3269-13-C-XXX-X6.jpg
1320532643269900006490,ACEH,ACEH UTARA,DEWANTARA,PALOH LADA,TPS 14,2019-10-24 05:00:04,8,182,297,193,193,190,3,https://pemilu2019.kpu.go.id/img/c/900/006/900006490/3269-14-C-XXX-X5.jpg,https://pemilu2019.kpu.go.id/img/c/900/006/900006490/3269-14-C-XXX-X6.jpg
1320532643269900006491,ACEH,ACEH UTARA,DEWANTARA,PALOH LADA,TPS 15,2019-10-24 05:00:04,17,183,300,201,201,200,1,https://pemilu2019.kpu.go.id/img/c/900/006/900006491/3269-15-C-XXX-X5.jpg,https://pemilu2019.kpu.go.id/img/c/900/006/900006491/3269-15-C-XXX-X6.jpg
1320532643269900006492,ACEH,ACEH UTARA,DEWANTARA,PALOH LADA,TPS 16,2019-10-24 05:00:04,7,203,307,214,214,210,4,https://pemilu2019.kpu.go.id/img/c/900/006/900006492/1-3269-16-C-XXX-X5.jpg,https://pemilu2019.kpu.go.id/img/c/900/006/900006492/1-3269-16-C-XXX-X6.jpg
1320532643271900006507,ACEH,ACEH UTARA,DEWANTARA,PULO RUNGKOM,TPS 1,2019-10-24 05:00:04,19,128,252,149,149,147,2,https://pemilu2019.kpu.go.id/img/c/900/006/900006507/3271-1-C-XXX-X5.jpg,https://pemilu2019.kpu.go.id/img/c/900/006/900006507/3271-1-C-XXX-X6.jpg
1320532643271900006508,ACEH,ACEH UTARA,DEWANTARA,PULO RUNGKOM,TPS 2,2019-10-24 05:00:04,14,116,249,143,143,130,13,https://pemilu2019.kpu.go.id/img/c/900/006/900006508/3271-2-C-XXX-X5.jpg,https://pemilu2019.kpu.go.id/img/c/900/006/900006508/3271-2-C-XXX-X6.jpg
1320532643271900006509,ACEH,ACEH UTARA,DEWANTARA,PULO RUNGKOM,TPS 3,2019-10-24 05:00:04,12,159,251,180,180,171,9,https://pemilu2019.kpu.go.id/img/c/900/006/900006509/3271-3-C-XXX-X5.jpg,https://pemilu2019.kpu.go.id/img/c/900/006/900006509/3271-3-C-XXX-X6.jpg
1320532643271900006510,ACEH,ACEH UTARA,DEWANTARA,PULO RUNGKOM,TPS 4,2019-10-24 05:00:04,16,160,252,178,178,176,2,https://pemilu2019.kpu.go.id/img/c/900/006/900006510/3271-4-C-XXX-X5.jpg,https://pemilu2019.kpu.go.id/img/c/900/006/900006510/3271-4-C-XXX-X6.jpg
1320532643266900006438,ACEH,ACEH UTARA,DEWANTARA,TAMBON BAROH,TPS 01,2019-10-24 05:00:04,8,188,299,191,191,188,3,https://pemilu2019.kpu.go.id/img/c/900/006/900006438/4-3266-01-C-XXX-X5.jpg,https://pemilu2019.kpu.go.id/img/c/900/006/900006438/4-3266-01-C-XXX-X6.jpg
1320532643266900006439,ACEH,ACEH UTARA,DEWANTARA,TAMBON BAROH,TPS 02,2019-10-24 05:00:04,9,193,295,206,206,202,4,https://pemilu2019.kpu.go.id/img/c/900/006/900006439/3266-02-C-XXX-X5.jpg,https://pemilu2019.kpu.go.id/img/c/900/006/900006439/3266-02-C-XXX-X6.jpg
1320532643266900006440,ACEH,ACEH UTARA,DEWANTARA,TAMBON BAROH,TPS 03,2019-10-24 05:00:04,4,188,289,193,193,192,1,https://pemilu2019.kpu.go.id/img/c/900/006/900006440/3266-03-C-XXX-X5.jpg,https://pemilu2019.kpu.go.id/img/c/900/006/900006440/3266-03-C-XXX-X6.jpg
1320532643266900006441,ACEH,ACEH UTARA,DEWANTARA,TAMBON BAROH,TPS 04,2019-10-24 05:00:04,13,163,297,182,182,176,6,https://pemilu2019.kpu.go.id/img/c/900/006/900006441/3266-04-C-XXX-X5.jpg,https://pemilu2019.kpu.go.id/img/c/900/006/900006441/3266-04-C-XXX-X6.jpg
1320532643266900006442,ACEH,ACEH UTARA,DEWANTARA,TAMBON BAROH,TPS 05,2019-10-24 05:00:04,13,207,299,221,221,220,1,https://pemilu2019.kpu.go.id/img/c/900/006/900006442/3266-05-C-XXX-X5.jpg,https://pemilu2019.kpu.go.id/img/c/900/006/900006442/3266-05-C-XXX-X6.jpg
1320532643266900006443,ACEH,ACEH UTARA,DEWANTARA,TAMBON BAROH,TPS 06,2019-10-24 05:00:04,12,184,298,201,201,196,5,https://pemilu2019.kpu.go.id/img/c/900/006/900006443/3266-06-C-XXX-X5.jpg,https://pemilu2019.kpu.go.id/img/c/900/006/900006443/3266-06-C-XXX-X6.jpg
1320532643266900006444,ACEH,ACEH UTARA,DEWANTARA,TAMBON BAROH,TPS 07,2019-10-24 05:00:04,8,176,296,188,188,184,4,https://pemilu2019.kpu.go.id/img/c/900/006/900006444/3266-07-C-XXX-X5.jpg,https://pemilu2019.kpu.go.id/img/c/900/006/900006444/3266-07-C-XXX-X6.jpg
1320532643266900006445,ACEH,ACEH UTARA,DEWANTARA,TAMBON BAROH,TPS 08,2019-10-24 05:00:04,20,186,293,208,208,206,2,https://pemilu2019.kpu.go.id/img/c/900/006/900006445/3266-08-C-XXX-X5.jpg,https://pemilu2019.kpu.go.id/img/c/900/006/900006445/3266-08-C-XXX-X6.jpg
1320532643266900006446,ACEH,ACEH UTARA,DEWANTARA,TAMBON BAROH,TPS 09,2019-10-24 05:00:04,12,204,299,219,219,216,3,https://pemilu2019.kpu.go.id/img/c/900/006/900006446/3266-09-C-XXX-X5.jpg,https://pemilu2019.kpu.go.id/img/c/900/006/900006446/3266-09-C-XXX-X6.jpg
1320532643266900006447,ACEH,ACEH UTARA,DEWANTARA,TAMBON BAROH,TPS 10,2019-10-24 05:00:04,7,191,298,201,201,198,3,https://pemilu2019.kpu.go.id/img/c/900/006/900006447/3266-10-C-XXX-X5.jpg,https://pemilu2019.kpu.go.id/img/c/900/006/900006447/3266-10-C-XXX-X6.jpg
1320532643266900006448,ACEH,ACEH UTARA,DEWANTARA,TAMBON BAROH,TPS 11,2019-10-24 05:00:04,8,143,266,154,154,151,3,https://pemilu2019.kpu.go.id/img/c/900/006/900006448/3266-11-C-XXX-X5.jpg,https://pemilu2019.kpu.go.id/img/c/900/006/900006448/3266-11-C-XXX-X6.jpg
1320532643266900006449,ACEH,ACEH UTARA,DEWANTARA,TAMBON BAROH,TPS 12,2019-10-24 05:00:04,9,156,278,166,166,165,1,https://pemilu2019.kpu.go.id/img/c/900/006/900006449/3266-12-C-XXX-X5.jpg,https://pemilu2019.kpu.go.id/img/c/900/006/900006449/3266-12-C-XXX-X6.jpg
1320532643266900006450,ACEH,ACEH UTARA,DEWANTARA,TAMBON BAROH,TPS 13,2019-10-24 05:00:04,5,187,298,194,194,192,2,https://pemilu2019.kpu.go.id/img/c/900/006/900006450/3266-13-C-XXX-X5.jpg,https://pemilu2019.kpu.go.id/img/c/900/006/900006450/3266-13-C-XXX-X6.jpg
1320532643266900006451,ACEH,ACEH UTARA,DEWANTARA,TAMBON BAROH,TPS 14,2019-10-24 05:00:04,8,194,295,208,208,202,6,https://pemilu2019.kpu.go.id/img/c/900/006/900006451/3266-14-C-XXX-X5.jpg,https://pemilu2019.kpu.go.id/img/c/900/006/900006451/3266-14-C-XXX-X6.jpg
1320532643267900006452,ACEH,ACEH UTARA,DEWANTARA,TAMBON TUNONG,TPS 01,2019-10-24 05:00:04,11,156,298,169,169,167,2,https://pemilu2019.kpu.go.id/img/c/900/006/900006452/3267-01-C-XXX-X5.jpg,https://pemilu2019.kpu.go.id/img/c/900/006/900006452/3267-01-C-XXX-X6.jpg
1320532643267900006453,ACEH,ACEH UTARA,DEWANTARA,TAMBON TUNONG,TPS 02,2019-10-24 05:00:04,4,188,294,192,192,192,0,https://pemilu2019.kpu.go.id/img/c/900/006/900006453/3267-02-C-XXX-X5.jpg,https://pemilu2019.kpu.go.id/img/c/900/006/900006453/3267-02-C-XXX-X6.jpg
1320532643267900006454,ACEH,ACEH UTARA,DEWANTARA,TAMBON TUNONG,TPS 03,2019-10-24 05:00:04,11,194,299,206,206,205,1,https://pemilu2019.kpu.go.id/img/c/900/006/900006454/1-3267-03-C-XXX-X5.jpg,https://pemilu2019.kpu.go.id/img/c/900/006/900006454/1-3267-03-C-XXX-X6.jpg
1320532643267900006455,ACEH,ACEH UTARA,DEWANTARA,TAMBON TUNONG,TPS 04,2019-10-24 05:00:04,20,161,297,185,185,181,4,https://pemilu2019.kpu.go.id/img/c/900/006/900006455/3267-04-C-XXX-X5.jpg,https://pemilu2019.kpu.go.id/img/c/900/006/900006455/3267-04-C-XXX-X6.jpg
1320532643267900006456,ACEH,ACEH UTARA,DEWANTARA,TAMBON TUNONG,TPS 05,2019-10-24 05:00:04,8,195,296,205,205,203,2,https://pemilu2019.kpu.go.id/img/c/900/006/900006456/3267-05-C-XXX-X5.jpg,https://pemilu2019.kpu.go.id/img/c/900/006/900006456/3267-05-C-XXX-X6.jpg
1320532643267900006457,ACEH,ACEH UTARA,DEWANTARA,TAMBON TUNONG,TPS 06,2019-10-24 05:00:04,15,180,302,196,196,195,1,https://pemilu2019.kpu.go.id/img/c/900/006/900006457/3267-06-C-XXX-X5.jpg,https://pemilu2019.kpu.go.id/img/c/900/006/900006457/3267-06-C-XXX-X6.jpg
1320532643267900006458,ACEH,ACEH UTARA,DEWANTARA,TAMBON TUNONG,TPS 07,2019-10-24 05:00:04,9,201,300,210,210,210,0,https://pemilu2019.kpu.go.id/img/c/900/006/900006458/1-3267-07-C1-PPWP-X1.jpg,https://pemilu2019.kpu.go.id/img/c/900/006/900006458/1-3267-07-C1-PPWP-X2.jpg
1320532643267900006459,ACEH,ACEH UTARA,DEWANTARA,TAMBON TUNONG,TPS 08,2019-10-24 05:00:04,7,160,300,168,168,167,1,https://pemilu2019.kpu.go.id/img/c/900/006/900006459/3267-08-C-XXX-X5.jpg,https://pemilu2019.kpu.go.id/img/c/900/006/900006459/3267-08-C-XXX-X6.jpg
1320532643267900006460,ACEH,ACEH UTARA,DEWANTARA,TAMBON TUNONG,TPS 09,2019-10-24 05:00:04,8,186,299,201,201,194,7,https://pemilu2019.kpu.go.id/img/c/900/006/900006460/3267-09-C-XXX-X5.jpg,https://pemilu2019.kpu.go.id/img/c/900/006/900006460/3267-09-C-XXX-X6.jpg
1320532643267900006461,ACEH,ACEH UTARA,DEWANTARA,TAMBON TUNONG,TPS 10,2019-10-24 05:00:04,10,200,299,211,211,210,1,https://pemilu2019.kpu.go.id/img/c/900/006/900006461/3267-10-C-XXX-X5.jpg,https://pemilu2019.kpu.go.id/img/c/900/006/900006461/3267-10-C-XXX-X6.jpg
1320532643267900006462,ACEH,ACEH UTARA,DEWANTARA,TAMBON TUNONG,TPS 11,2019-10-24 05:00:04,16,172,299,190,190,188,2,https://pemilu2019.kpu.go.id/img/c/900/006/900006462/1-3267-11-C-XXX-X5.jpg,https://pemilu2019.kpu.go.id/img/c/900/006/900006462/1-3267-11-C-XXX-X6.jpg
1320532643267900006463,ACEH,ACEH UTARA,DEWANTARA,TAMBON TUNONG,TPS 12,2019-10-24 05:00:04,6,166,303,173,173,172,1,https://pemilu2019.kpu.go.id/img/c/900/006/900006463/3267-12-C-XXX-X5.jpg,https://pemilu2019.kpu.go.id/img/c/900/006/900006463/3267-12-C-XXX-X6.jpg
1320532643267900006464,ACEH,ACEH UTARA,DEWANTARA,TAMBON TUNONG,TPS 13,2019-10-24 05:00:04,10,160,297,171,171,170,1,https://pemilu2019.kpu.go.id/img/c/900/006/900006464/1-3267-13-C-XXX-X5.jpg,https://pemilu2019.kpu.go.id/img/c/900/006/900006464/1-3267-13-C-XXX-X6.jpg
1320532643267900006465,ACEH,ACEH UTARA,DEWANTARA,TAMBON TUNONG,TPS 14,2019-10-24 05:00:04,28,155,299,183,183,183,0,https://pemilu2019.kpu.go.id/img/c/900/006/900006465/3267-14-C-XXX-X5.jpg,https://pemilu2019.kpu.go.id/img/c/900/006/900006465/3267-14-C-XXX-X6.jpg
1320532643274900006524,ACEH,ACEH UTARA,DEWANTARA,ULEE PULO,TPS 1,2019-10-24 05:00:04,9,176,301,191,191,185,6,https://pemilu2019.kpu.go.id/img/c/900/006/900006524/2-3274-1-C-XXX-X5.jpg,https://pemilu2019.kpu.go.id/img/c/900/006/900006524/2-3274-1-C-XXX-X6.jpg
1320532643274900006525,ACEH,ACEH UTARA,DEWANTARA,ULEE PULO,TPS 2,2019-10-24 05:00:04,6,207,302,216,216,213,3,https://pemilu2019.kpu.go.id/img/c/900/006/900006525/1-3274-2-C-XXX-X5.jpg,https://pemilu2019.kpu.go.id/img/c/900/006/900006525/1-3274-2-C-XXX-X6.jpg
1320532643274900006526,ACEH,ACEH UTARA,DEWANTARA,ULEE PULO,TPS 3,2019-10-24 05:00:04,10,198,303,216,216,208,8,https://pemilu2019.kpu.go.id/img/c/900/006/900006526/1-3274-3-C-XXX-X5.jpg,https://pemilu2019.kpu.go.id/img/c/900/006/900006526/1-3274-3-C-XXX-X6.jpg
1320532643274900006527,ACEH,ACEH UTARA,DEWANTARA,ULEE PULO,TPS 4,2019-10-24 05:00:04,10,165,304,177,177,175,2,https://pemilu2019.kpu.go.id/img/c/900/006/900006527/2-3274-4-C-XXX-X5.jpg,https://pemilu2019.kpu.go.id/img/c/900/006/900006527/2-3274-4-C-XXX-X6.jpg
1320532643274900006528,ACEH,ACEH UTARA,DEWANTARA,ULEE PULO,TPS 5,2019-10-24 05:00:04,10,176,305,189,189,186,3,https://pemilu2019.kpu.go.id/img/c/900/006/900006528/1-3274-5-C-XXX-X5.jpg,https://pemilu2019.kpu.go.id/img/c/900/006/900006528/1-3274-5-C-XXX-X6.jpg
1320532643274900006529,ACEH,ACEH UTARA,DEWANTARA,ULEE PULO,TPS 6,2019-10-24 05:00:04,17,176,301,198,198,193,5,https://pemilu2019.kpu.go.id/img/c/900/006/900006529/1-3274-6-C-XXX-X5.jpg,https://pemilu2019.kpu.go.id/img/c/900/006/900006529/1-3274-6-C-XXX-X6.jpg
1320532643275900006530,ACEH,ACEH UTARA,DEWANTARA,ULEE REULEUNG,TPS 1,2019-10-24 05:00:04,5,156,236,165,165,161,4,https://pemilu2019.kpu.go.id/img/c/900/006/900006530/1-3275-1-C-XXX-X5.jpg,https://pemilu2019.kpu.go.id/img/c/900/006/900006530/1-3275-1-C-XXX-X6.jpg
1320532643275900006531,ACEH,ACEH UTARA,DEWANTARA,ULEE REULEUNG,TPS 2,2019-10-24 05:00:04,6,148,237,161,161,154,7,https://pemilu2019.kpu.go.id/img/c/900/006/900006531/1-3275-2-C-XXX-X5.jpg,https://pemilu2019.kpu.go.id/img/c/900/006/900006531/1-3275-2-C-XXX-X6.jpg
1320532643275900006532,ACEH,ACEH UTARA,DEWANTARA,ULEE REULEUNG,TPS 3,2019-10-24 05:00:04,4,161,234,169,169,165,4,https://pemilu2019.kpu.go.id/img/c/900/006/900006532/1-3275-3-C-XXX-X5.jpg,https://pemilu2019.kpu.go.id/img/c/900/006/900006532/1-3275-3-C-XXX-X6.jpg
1320532643275900006533,ACEH,ACEH UTARA,DEWANTARA,ULEE REULEUNG,TPS 4,2019-10-24 05:00:04,7,146,230,156,156,153,3,https://pemilu2019.kpu.go.id/img/c/900/006/900006533/1-3275-4-C-XXX-X5.jpg,https://pemilu2019.kpu.go.id/img/c/900/006/900006533/1-3275-4-C-XXX-X6.jpg
1320532643270900006493,ACEH,ACEH UTARA,DEWANTARA,UTEUN GELINGGANG,TPS 01,2019-10-24 05:00:04,9,183,310,197,197,192,5,https://pemilu2019.kpu.go.id/img/c/900/006/900006493/1-3270-01-C-XXX-X5.jpg,https://pemilu2019.kpu.go.id/img/c/900/006/900006493/1-3270-01-C-XXX-X6.jpg
1320532643270900006494,ACEH,ACEH UTARA,DEWANTARA,UTEUN GELINGGANG,TPS 02,2019-10-24 05:00:04,9,164,295,178,178,173,5,https://pemilu2019.kpu.go.id/img/c/900/006/900006494/1-3270-02-C-XXX-X5.jpg,https://pemilu2019.kpu.go.id/img/c/900/006/900006494/1-3270-02-C-XXX-X6.jpg
1320532643270900006495,ACEH,ACEH UTARA,DEWANTARA,UTEUN GELINGGANG,TPS 03,2019-10-24 05:00:04,4,151,295,158,158,155,3,https://pemilu2019.kpu.go.id/img/c/900/006/900006495/1-3270-03-C-XXX-X5.jpg,https://pemilu2019.kpu.go.id/img/c/900/006/900006495/1-3270-03-C-XXX-X6.jpg
1320532643270900006496,ACEH,ACEH UTARA,DEWANTARA,UTEUN GELINGGANG,TPS 04,2019-10-24 05:00:04,8,164,308,175,175,172,3,https://pemilu2019.kpu.go.id/img/c/900/006/900006496/1-3270-04-C-XXX-X5.jpg,https://pemilu2019.kpu.go.id/img/c/900/006/900006496/1-3270-04-C-XXX-X6.jpg
1320532643270900006497,ACEH,ACEH UTARA,DEWANTARA,UTEUN GELINGGANG,TPS 05,2019-10-24 05:00:04,19,185,298,260,206,204,2,https://pemilu2019.kpu.go.id/img/c/900/006/900006497/1-3270-05-C-XXX-X5.jpg,https://pemilu2019.kpu.go.id/img/c/900/006/900006497/1-3270-05-C-XXX-X6.jpg
1320532643270900006498,ACEH,ACEH UTARA,DEWANTARA,UTEUN GELINGGANG,TPS 06,2019-10-24 05:00:04,7,180,309,187,187,183,4,https://pemilu2019.kpu.go.id/img/c/900/006/900006498/1-3270-06-C-XXX-X5.jpg,https://pemilu2019.kpu.go.id/img/c/900/006/900006498/1-3270-06-C-XXX-X6.jpg
1320532643270900006499,ACEH,ACEH UTARA,DEWANTARA,UTEUN GELINGGANG,TPS 07,2019-10-24 05:00:04,14,162,305,183,183,176,7,https://pemilu2019.kpu.go.id/img/c/900/006/900006499/1-3270-07-C-XXX-X5.jpg,https://pemilu2019.kpu.go.id/img/c/900/006/900006499/1-3270-07-C-XXX-X6.jpg
1320532643270900006500,ACEH,ACEH UTARA,DEWANTARA,UTEUN GELINGGANG,TPS 08,2019-10-24 05:00:04,13,137,271,152,152,150,2,https://pemilu2019.kpu.go.id/img/c/900/006/900006500/1-3270-08-C-XXX-X5.jpg,https://pemilu2019.kpu.go.id/img/c/900/006/900006500/1-3270-08-C-XXX-X6.jpg
1320532643270900006501,ACEH,ACEH UTARA,DEWANTARA,UTEUN GELINGGANG,TPS 09,2019-10-24 05:00:04,8,80,206,89,89,88,1,https://pemilu2019.kpu.go.id/img/c/900/006/900006501/1-3270-09-C-XXX-X5.jpg,https://pemilu2019.kpu.go.id/img/c/900/006/900006501/1-3270-09-C-XXX-X6.jpg
1320532643270900006502,ACEH,ACEH UTARA,DEWANTARA,UTEUN GELINGGANG,TPS 10,2019-10-24 05:00:04,3,44,131,48,48,47,1,https://pemilu2019.kpu.go.id/img/c/900/006/900006502/1-3270-10-C-XXX-X5.jpg,https://pemilu2019.kpu.go.id/img/c/900/006/900006502/1-3270-10-C-XXX-X6.jpg
1320532643270900006503,ACEH,ACEH UTARA,DEWANTARA,UTEUN GELINGGANG,TPS 11,2019-10-24 05:00:04,9,87,234,97,97,96,1,https://pemilu2019.kpu.go.id/img/c/900/006/900006503/1-3270-11-C-XXX-X5.jpg,https://pemilu2019.kpu.go.id/img/c/900/006/900006503/1-3270-11-C-XXX-X6.jpg
1320532643270900006504,ACEH,ACEH UTARA,DEWANTARA,UTEUN GELINGGANG,TPS 12,2019-10-24 05:00:04,10,57,199,72,72,67,5,https://pemilu2019.kpu.go.id/img/c/900/006/900006504/2-3270-12-C-XXX-X5.jpg,https://pemilu2019.kpu.go.id/img/c/900/006/900006504/2-3270-12-C-XXX-X6.jpg
1320532643270900006505,ACEH,ACEH UTARA,DEWANTARA,UTEUN GELINGGANG,TPS 13,2019-10-24 05:00:04,7,147,286,156,156,154,2,https://pemilu2019.kpu.go.id/img/c/900/006/900006505/1-3270-13-C-XXX-X5.jpg,https://pemilu2019.kpu.go.id/img/c/900/006/900006505/1-3270-13-C-XXX-X6.jpg
1320532643270900006506,ACEH,ACEH UTARA,DEWANTARA,UTEUN GELINGGANG,TPS 14,2019-10-24 05:00:04,17,174,299,196,196,191,5,https://pemilu2019.kpu.go.id/img/c/900/006/900006506/1-3270-14-C-XXX-X5.jpg,https://pemilu2019.kpu.go.id/img/c/900/006/900006506/1-3270-14-C-XXX-X6.jpg
1320540574060900008106,ACEH,ACEH UTARA,GEUREDONG PASE,ALUE AWE,TPS 1,2019-10-24 05:00:04,15,137,172,158,158,152,6,https://pemilu2019.kpu.go.id/img/c/900/008/900008106/1-4060-1-C-XXX-X5.jpg,https://pemilu2019.kpu.go.id/img/c/900/008/900008106/1-4060-1-C-XXX-X6.jpg
1320540574059900008105,ACEH,ACEH UTARA,GEUREDONG PASE,DARUL AMAN,TPS 1,2019-10-24 05:00:04,5,69,143,75,75,74,1,https://pemilu2019.kpu.go.id/img/c/900/008/900008105/1-4059-1-C-XXX-X5.jpg,https://pemilu2019.kpu.go.id/img/c/900/008/900008105/1-4059-1-C-XXX-X6.jpg
1320540574061900008107,ACEH,ACEH UTARA,GEUREDONG PASE,DARUSSALAM,TPS 1,2019-10-24 05:00:04,7,132,148,147,147,139,8,https://pemilu2019.kpu.go.id/img/c/900/008/900008107/1-4061-1-C-XXX-X5.jpg,https://pemilu2019.kpu.go.id/img/c/900/008/900008107/1-4061-1-C-XXX-X6.jpg
1320540574061900008108,ACEH,ACEH UTARA,GEUREDONG PASE,DARUSSALAM,TPS 2,2019-10-24 05:00:04,5,94,150,106,106,99,7,https://pemilu2019.kpu.go.id/img/c/900/008/900008108/1-4061-2-C-XXX-X5.jpg,https://pemilu2019.kpu.go.id/img/c/900/008/900008108/1-4061-2-C-XXX-X6.jpg
1320540574063900008111,ACEH,ACEH UTARA,GEUREDONG PASE,DAYAH SEUPENG,TPS 1,2019-10-24 05:00:04,3,152,237,164,164,155,9,https://pemilu2019.kpu.go.id/img/c/900/008/900008111/3-4063-1-C-XXX-X5.jpg,https://pemilu2019.kpu.go.id/img/c/900/008/900008111/3-4063-1-C-XXX-X6.jpg
1320540574063900008112,ACEH,ACEH UTARA,GEUREDONG PASE,DAYAH SEUPENG,TPS 2,2019-10-24 05:00:04,12,161,225,175,175,173,2,https://pemilu2019.kpu.go.id/img/c/900/008/900008112/1-4063-2-C-XXX-X5.jpg,https://pemilu2019.kpu.go.id/img/c/900/008/900008112/1-4063-2-C-XXX-X6.jpg
1320540574066900008116,ACEH,ACEH UTARA,GEUREDONG PASE,KRUENG MBANG,TPS 1,2019-10-24 05:00:04,12,132,176,147,147,144,3,https://pemilu2019.kpu.go.id/img/c/900/008/900008116/1-4066-1-C-XXX-X5.jpg,https://pemilu2019.kpu.go.id/img/c/900/008/900008116/1-4066-1-C-XXX-X6.jpg
1320540574058900008104,ACEH,ACEH UTARA,GEUREDONG PASE,LHOK ASAN,TPS 1,2019-10-24 05:00:04,13,80,114,96,96,93,3,https://pemilu2019.kpu.go.id/img/c/900/008/900008104/3-4058-1-C-XXX-X5.jpg,https://pemilu2019.kpu.go.id/img/c/900/008/900008104/3-4058-1-C-XXX-X6.jpg
1320540574065900008114,ACEH,ACEH UTARA,GEUREDONG PASE,PEUDARI,TPS 1,2019-10-24 05:00:04,7,199,270,212,212,206,6,https://pemilu2019.kpu.go.id/img/c/900/008/900008114/2-4065-1-C-XXX-X5.jpg,https://pemilu2019.kpu.go.id/img/c/900/008/900008114/2-4065-1-C-XXX-X6.jpg
1320540574065900008115,ACEH,ACEH UTARA,GEUREDONG PASE,PEUDARI,TPS 2,2019-10-24 05:00:04,5,210,269,220,220,215,5,https://pemilu2019.kpu.go.id/img/c/900/008/900008115/2-4065-2-C-XXX-X5.jpg,https://pemilu2019.kpu.go.id/img/c/900/008/900008115/2-4065-2-C-XXX-X6.jpg
1320540574067900008117,ACEH,ACEH UTARA,GEUREDONG PASE,PULO MEURIA,TPS 1,2019-10-24 05:00:04,31,70,151,107,107,101,6,https://pemilu2019.kpu.go.id/img/c/900/008/900008117/2-4067-1-C-XXX-X5.jpg,https://pemilu2019.kpu.go.id/img/c/900/008/900008117/2-4067-1-C-XXX-X6.jpg
1320540574067900008118,ACEH,ACEH UTARA,GEUREDONG PASE,PULO MEURIA,TPS 2,2019-10-24 05:00:04,26,77,147,108,108,108,5,https://pemilu2019.kpu.go.id/img/c/900/008/900008118/3-4067-2-C-XXX-X5.jpg,https://pemilu2019.kpu.go.id/img/c/900/008/900008118/3-4067-2-C-XXX-X6.jpg
1320540574062900008109,ACEH,ACEH UTARA,GEUREDONG PASE,RAYEUK JAWA,TPS 1,2019-10-24 05:00:04,0,155,198,159,159,155,4,https://pemilu2019.kpu.go.id/img/c/900/008/900008109/3-4062-1-C-XXX-X5.jpg,https://pemilu2019.kpu.go.id/img/c/900/008/900008109/3-4062-1-C-XXX-X6.jpg
1320540574062900008110,ACEH,ACEH UTARA,GEUREDONG PASE,RAYEUK JAWA,TPS 2,2019-10-24 05:00:04,0,162,211,164,164,162,2,https://pemilu2019.kpu.go.id/img/c/900/008/900008110/3-4062-2-C-XXX-X5.jpg,https://pemilu2019.kpu.go.id/img/c/900/008/900008110/3-4062-2-C-XXX-X6.jpg
1320540574068900008119,ACEH,ACEH UTARA,GEUREDONG PASE,SUKA DAMAI SP I,TPS 1,2019-10-24 05:00:04,27,136,229,166,166,163,3,https://pemilu2019.kpu.go.id/img/c/900/008/900008119/1-4068-1-C-XXX-X5.jpg,https://pemilu2019.kpu.go.id/img/c/900/008/900008119/1-4068-1-C-XXX-X6.jpg
1320540574068900008120,ACEH,ACEH UTARA,GEUREDONG PASE,SUKA DAMAI SP I,TPS 2,2019-10-24 05:00:04,17,192,255,210,210,209,1,https://pemilu2019.kpu.go.id/img/c/900/008/900008120/2-4068-2-C-XXX-X5.jpg,https://pemilu2019.kpu.go.id/img/c/900/008/900008120/2-4068-2-C-XXX-X6.jpg
1320540574068900008121,ACEH,ACEH UTARA,GEUREDONG PASE,SUKA DAMAI SP I,TPS 3,2019-10-24 05:00:04,21,123,238,145,145,144,1,https://pemilu2019.kpu.go.id/img/c/900/008/900008121/1-4068-3-C-XXX-X5.jpg,https://pemilu2019.kpu.go.id/img/c/900/008/900008121/1-4068-3-C-XXX-X6.jpg
1320540574068900008122,ACEH,ACEH UTARA,GEUREDONG PASE,SUKA DAMAI SP I,TPS 4,2019-10-24 05:00:04,26,122,235,148,148,148,0,https://pemilu2019.kpu.go.id/img/c/900/008/900008122/1-4068-4-C-XXX-X5.jpg,https://pemilu2019.kpu.go.id/img/c/900/008/900008122/1-4068-4-C-XXX-X6.jpg
1320540574064900008113,ACEH,ACEH UTARA,GEUREDONG PASE,URAM JALAN,TPS 1,2019-10-24 05:00:04,13,118,154,132,132,131,1,https://pemilu2019.kpu.go.id/img/c/900/008/900008113/1-4064-1-C-XXX-X5.jpg,https://pemilu2019.kpu.go.id/img/c/900/008/900008113/1-4064-1-C-XXX-X6.jpg
1320532803292900006584,ACEH,ACEH UTARA,KUTA MAKMUR,ALUE RAMBEE,TPS 1,2019-10-24 05:00:04,15,137,208,160,160,152,8,https://pemilu2019.kpu.go.id/img/c/900/006/900006584/2-3292-1-C-XXX-X5.jpg,https://pemilu2019.kpu.go.id/img/c/900/006/900006584/2-3292-1-C-XXX-X6.jpg
1320532803292900006585,ACEH,ACEH UTARA,KUTA MAKMUR,ALUE RAMBEE,TPS 2,2019-10-24 05:00:04,16,150,214,174,174,166,8,https://pemilu2019.kpu.go.id/img/c/900/006/900006585/1-3292-2-C-XXX-X5.jpg,https://pemilu2019.kpu.go.id/img/c/900/006/900006585/1-3292-2-C-XXX-X6.jpg
1320532803316900006628,ACEH,ACEH UTARA,KUTA MAKMUR,BABAH LUENG,TPS 1,2019-10-24 05:00:04,35,187,292,226,226,222,4,https://pemilu2019.kpu.go.id/img/c/900/006/900006628/1-3316-1-C-XXX-X5.jpg,https://pemilu2019.kpu.go.id/img/c/900/006/900006628/1-3316-1-C-XXX-X6.jpg
1320532803286900006570,ACEH,ACEH UTARA,KUTA MAKMUR,BAYU,TPS 1,2019-10-24 05:00:04,21,111,195,133,133,132,1,https://pemilu2019.kpu.go.id/img/c/900/006/900006570/1-3286-1-C-XXX-X5.jpg,https://pemilu2019.kpu.go.id/img/c/900/006/900006570/1-3286-1-C-XXX-X6.jpg
1320532803286900006571,ACEH,ACEH UTARA,KUTA MAKMUR,BAYU,TPS 2,2019-10-24 05:00:04,15,123,196,139,139,138,1,https://pemilu2019.kpu.go.id/img/c/900/006/900006571/1-3286-2-C-XXX-X5.jpg,https://pemilu2019.kpu.go.id/img/c/900/006/900006571/1-3286-2-C-XXX-X6.jpg
1320532803286900006572,ACEH,ACEH UTARA,KUTA MAKMUR,BAYU,TPS 3,2019-10-24 05:00:04,12,124,207,143,143,136,7,https://pemilu2019.kpu.go.id/img/c/900/006/900006572/2-3286-3-C-XXX-X5.jpg,https://pemilu2019.kpu.go.id/img/c/900/006/900006572/2-3286-3-C-XXX-X6.jpg
1320532803287900006573,ACEH,ACEH UTARA,KUTA MAKMUR,BLANG ADO,TPS 1,2019-10-24 05:00:04,9,201,265,217,217,210,7,https://pemilu2019.kpu.go.id/img/c/900/006/900006573/4-3287-1-C-XXX-X5.jpg,https://pemilu2019.kpu.go.id/img/c/900/006/900006573/4-3287-1-C-XXX-X6.jpg
1320532803287900006574,ACEH,ACEH UTARA,KUTA MAKMUR,BLANG ADO,TPS 2,2019-10-24 05:00:04,15,175,271,193,193,190,3,https://pemilu2019.kpu.go.id/img/c/900/006/900006574/1-3287-2-C-XXX-X5.jpg,https://pemilu2019.kpu.go.id/img/c/900/006/900006574/1-3287-2-C-XXX-X6.jpg
1320532803301900006604,ACEH,ACEH UTARA,KUTA MAKMUR,BLANG GURAH,TPS 1,2019-10-24 05:00:04,18,122,171,144,144,140,4,https://pemilu2019.kpu.go.id/img/c/900/006/900006604/1-3301-1-C-XXX-X5.jpg,https://pemilu2019.kpu.go.id/img/c/900/006/900006604/1-3301-1-C-XXX-X6.jpg
1320532803301900006605,ACEH,ACEH UTARA,KUTA MAKMUR,BLANG GURAH,TPS 2,2019-10-24 05:00:04,11,131,168,147,147,142,5,https://pemilu2019.kpu.go.id/img/c/900/006/900006605/1-3301-2-C-XXX-X5.jpg,https://pemilu2019.kpu.go.id/img/c/900/006/900006605/1-3301-2-C-XXX-X6.jpg
1320532803293900006586,ACEH,ACEH UTARA,KUTA MAKMUR,BLANG RIEK,TPS 1,2019-10-24 05:00:04,20,166,221,192,192,186,6,https://pemilu2019.kpu.go.id/img/c/900/006/900006586/1-3293-1-C-XXX-X5.jpg,https://pemilu2019.kpu.go.id/img/c/900/006/900006586/1-3293-1-C-XXX-X6.jpg
1320532803293900006587,ACEH,ACEH UTARA,KUTA MAKMUR,BLANG RIEK,TPS 2,2019-10-24 05:00:04,16,163,209,182,182,179,3,https://pemilu2019.kpu.go.id/img/c/900/006/900006587/1-3293-2-C-XXX-X5.jpg,https://pemilu2019.kpu.go.id/img/c/900/006/900006587/1-3293-2-C-XXX-X6.jpg
1320532803283900006563,ACEH,ACEH UTARA,KUTA MAKMUR,BLANG TALON,TPS 1,2019-10-24 05:00:04,15,170,271,192,192,185,7,https://pemilu2019.kpu.go.id/img/c/900/006/900006563/1-3283-1-C-XXX-X5.jpg,https://pemilu2019.kpu.go.id/img/c/900/006/900006563/1-3283-1-C-XXX-X6.jpg
1320532803283900006564,ACEH,ACEH UTARA,KUTA MAKMUR,BLANG TALON,TPS 2,2019-10-24 05:00:04,10,160,267,178,178,170,8,https://pemilu2019.kpu.go.id/img/c/900/006/900006564/1-3283-2-C-XXX-X5.jpg,https://pemilu2019.kpu.go.id/img/c/900/006/900006564/1-3283-2-C-XXX-X6.jpg
1320532803294900006588,ACEH,ACEH UTARA,KUTA MAKMUR,CEMPEUDAK,TPS 1,2019-10-24 05:00:04,16,134,209,160,160,150,10,https://pemilu2019.kpu.go.id/img/c/900/006/900006588/2-3294-1-C-XXX-X5.jpg,https://pemilu2019.kpu.go.id/img/c/900/006/900006588/2-3294-1-C-XXX-X6.jpg
1320532803294900006589,ACEH,ACEH UTARA,KUTA MAKMUR,CEMPEUDAK,TPS 2,2019-10-24 05:00:04,23,144,210,170,170,167,3,https://pemilu2019.kpu.go.id/img/c/900/006/900006589/1-3294-2-C-XXX-X5.jpg,https://pemilu2019.kpu.go.id/img/c/900/006/900006589/1-3294-2-C-XXX-X6.jpg
1320532803294900006590,ACEH,ACEH UTARA,KUTA MAKMUR,CEMPEUDAK,TPS 3,2019-10-24 05:00:04,20,142,210,165,165,162,3,https://pemilu2019.kpu.go.id/img/c/900/006/900006590/1-3294-3-C-XXX-X5.jpg,https://pemilu2019.kpu.go.id/img/c/900/006/900006590/1-3294-3-C-XXX-X6.jpg
1320532803303900006608,ACEH,ACEH UTARA,KUTA MAKMUR,CEUMEUCAT,TPS 1,2019-10-24 05:00:04,11,170,218,183,183,181,2,https://pemilu2019.kpu.go.id/img/c/900/006/900006608/2-3303-1-C-XXX-X5.jpg,https://pemilu2019.kpu.go.id/img/c/900/006/900006608/2-3303-1-C-XXX-X6.jpg
1320532803303900006609,ACEH,ACEH UTARA,KUTA MAKMUR,CEUMEUCAT,TPS 2,2019-10-24 05:00:04,17,129,213,151,151,146,5,https://pemilu2019.kpu.go.id/img/c/900/006/900006609/1-3303-2-C-XXX-X5.jpg,https://pemilu2019.kpu.go.id/img/c/900/006/900006609/1-3303-2-C-XXX-X6.jpg
1320532803296900006592,ACEH,ACEH UTARA,KUTA MAKMUR,COT MERBO,TPS 1,2019-10-24 05:00:04,14,205,285,225,225,219,6,https://pemilu2019.kpu.go.id/img/c/900/006/900006592/1-3296-1-C-XXX-X5.jpg,https://pemilu2019.kpu.go.id/img/c/900/006/900006592/1-3296-1-C-XXX-X6.jpg
1320532803296900006593,ACEH,ACEH UTARA,KUTA MAKMUR,COT MERBO,TPS 2,2019-10-24 05:00:04,24,193,286,224,224,217,7,https://pemilu2019.kpu.go.id/img/c/900/006/900006593/1-3296-2-C-XXX-X5.jpg,https://pemilu2019.kpu.go.id/img/c/900/006/900006593/1-3296-2-C-XXX-X6.jpg
1320532803296900006594,ACEH,ACEH UTARA,KUTA MAKMUR,COT MERBO,TPS 3,2019-10-24 05:00:04,17,211,284,233,233,228,5,https://pemilu2019.kpu.go.id/img/c/900/006/900006594/1-3296-3-C-XXX-X5.jpg,https://pemilu2019.kpu.go.id/img/c/900/006/900006594/1-3296-3-C-XXX-X6.jpg
1320532803284900006565,ACEH,ACEH UTARA,KUTA MAKMUR,COT RHEU,TPS 1,2019-10-24 05:00:04,27,109,205,140,140,136,4,https://pemilu2019.kpu.go.id/img/c/900/006/900006565/1-3284-1-C-XXX-X5.jpg,https://pemilu2019.kpu.go.id/img/c/900/006/900006565/1-3284-1-C-XXX-X6.jpg
1320532803284900006566,ACEH,ACEH UTARA,KUTA MAKMUR,COT RHEU,TPS 2,2019-10-24 05:00:04,28,127,200,164,164,155,9,https://pemilu2019.kpu.go.id/img/c/900/006/900006566/1-3284-2-C-XXX-X5.jpg,https://pemilu2019.kpu.go.id/img/c/900/006/900006566/1-3284-2-C-XXX-X6.jpg
1320532803284900006567,ACEH,ACEH UTARA,KUTA MAKMUR,COT RHEU,TPS 3,2019-10-24 05:00:04,25,138,206,177,177,163,14,https://pemilu2019.kpu.go.id/img/c/900/006/900006567/1-3284-3-C-XXX-X5.jpg,https://pemilu2019.kpu.go.id/img/c/900/006/900006567/1-3284-3-C-XXX-X6.jpg
1320532803311900006620,ACEH,ACEH UTARA,KUTA MAKMUR,COT SEUMIYONG,TPS 1,2019-10-24 05:00:04,30,137,199,176,176,167,9,https://pemilu2019.kpu.go.id/img/c/900/006/900006620/1-3311-1-C-XXX-X5.jpg,https://pemilu2019.kpu.go.id/img/c/900/006/900006620/1-3311-1-C-XXX-X6.jpg
1320532803306900006613,ACEH,ACEH UTARA,KUTA MAKMUR,COT SEUTUI,TPS 1,2019-10-24 05:00:04,12,192,257,212,212,204,8,https://pemilu2019.kpu.go.id/img/c/900/006/900006613/1-3306-1-C-XXX-X5.jpg,https://pemilu2019.kpu.go.id/img/c/900/006/900006613/1-3306-1-C-XXX-X6.jpg
1320532803306900006614,ACEH,ACEH UTARA,KUTA MAKMUR,COT SEUTUI,TPS 2,2019-10-24 05:00:04,7,217,251,234,234,224,10,https://pemilu2019.kpu.go.id/img/c/900/006/900006614/1-3306-2-C-XXX-X5.jpg,https://pemilu2019.kpu.go.id/img/c/900/006/900006614/1-3306-2-C-XXX-X6.jpg
1320532803302900006606,ACEH,ACEH UTARA,KUTA MAKMUR,GUHA ULEU,TPS 1,2019-10-24 05:00:04,47,119,181,173,173,166,7,https://pemilu2019.kpu.go.id/img/c/900/006/900006606/1-3302-1-C-XXX-X5.jpg,https://pemilu2019.kpu.go.id/img/c/900/006/900006606/1-3302-1-C-XXX-X6.jpg
1320532803302900006607,ACEH,ACEH UTARA,KUTA MAKMUR,GUHA ULEU,TPS 2,2019-10-24 05:00:04,73,108,184,184,184,181,3,https://pemilu2019.kpu.go.id/img/c/900/006/900006607/1-3302-2-C-XXX-X5.jpg,https://pemilu2019.kpu.go.id/img/c/900/006/900006607/1-3302-2-C-XXX-X6.jpg
1320532803297900006595,ACEH,ACEH UTARA,KUTA MAKMUR,KEUDE BLANG ARA,TPS 1,2019-10-24 05:00:04,4,111,129,115,115,115,0,https://pemilu2019.kpu.go.id/img/c/900/006/900006595/1-3297-1-C-XXX-X5.jpg,https://pemilu2019.kpu.go.id/img/c/900/006/900006595/1-3297-1-C-XXX-X6.jpg
1320532803298900006596,ACEH,ACEH UTARA,KUTA MAKMUR,KEUDE KRUENG,TPS 1,2019-10-24 05:00:04,12,101,148,119,119,113,6,https://pemilu2019.kpu.go.id/img/c/900/006/900006596/1-3298-1-C-XXX-X5.jpg,https://pemilu2019.kpu.go.id/img/c/900/006/900006596/1-3298-1-C-XXX-X6.jpg
1320532803298900006597,ACEH,ACEH UTARA,KUTA MAKMUR,KEUDE KRUENG,TPS 2,2019-10-24 05:00:04,21,96,150,123,123,117,6,https://pemilu2019.kpu.go.id/img/c/900/006/900006597/1-3298-2-C-XXX-X5.jpg,https://pemilu2019.kpu.go.id/img/c/900/006/900006597/1-3298-2-C-XXX-X6.jpg
1320532803312900006621,ACEH,ACEH UTARA,KUTA MAKMUR,KEUREUSEK,TPS 1,2019-10-24 05:00:04,25,144,179,177,177,169,8,https://pemilu2019.kpu.go.id/img/c/900/006/900006621/1-3312-1-C-XXX-X5.jpg,https://pemilu2019.kpu.go.id/img/c/900/006/900006621/1-3312-1-C-XXX-X6.jpg
1320532803312900006622,ACEH,ACEH UTARA,KUTA MAKMUR,KEUREUSEK,TPS 2,2019-10-24 05:00:04,21,144,185,175,175,165,10,https://pemilu2019.kpu.go.id/img/c/900/006/900006622/1-3312-2-C-XXX-X5.jpg,https://pemilu2019.kpu.go.id/img/c/900/006/900006622/1-3312-2-C-XXX-X6.jpg
1320532803285900006568,ACEH,ACEH UTARA,KUTA MAKMUR,KRUENG MANYANG,TPS 1,2019-10-24 05:00:04,8,219,250,240,240,227,13,https://pemilu2019.kpu.go.id/img/c/900/006/900006568/1-3285-1-C-XXX-X5.jpg,https://pemilu2019.kpu.go.id/img/c/900/006/900006568/1-3285-1-C-XXX-X6.jpg
1320532803285900006569,ACEH,ACEH UTARA,KUTA MAKMUR,KRUENG MANYANG,TPS 2,2019-10-24 05:00:04,7,230,248,246,246,237,9,https://pemilu2019.kpu.go.id/img/c/900/006/900006569/1-3285-2-C-XXX-X5.jpg,https://pemilu2019.kpu.go.id/img/c/900/006/900006569/1-3285-2-C-XXX-X6.jpg
1320532803299900006598,ACEH,ACEH UTARA,KUTA MAKMUR,KRUENG SEUNONG,TPS 1,2019-10-24 05:00:04,14,145,266,160,160,159,1,https://pemilu2019.kpu.go.id/img/c/900/006/900006598/1-3299-1-C-XXX-X5.jpg,https://pemilu2019.kpu.go.id/img/c/900/006/900006598/1-3299-1-C-XXX-X6.jpg
1320532803299900006599,ACEH,ACEH UTARA,KUTA MAKMUR,KRUENG SEUNONG,TPS 2,2019-10-24 05:00:04,10,152,260,169,169,162,7,https://pemilu2019.kpu.go.id/img/c/900/006/900006599/1-3299-2-C-XXX-X5.jpg,https://pemilu2019.kpu.go.id/img/c/900/006/900006599/1-3299-2-C-XXX-X6.jpg
1320532803299900006600,ACEH,ACEH UTARA,KUTA MAKMUR,KRUENG SEUNONG,TPS 3,2019-10-24 05:00:04,10,151,258,162,162,161,1,https://pemilu2019.kpu.go.id/img/c/900/006/900006600/1-3299-3-C-XXX-X5.jpg,https://pemilu2019.kpu.go.id/img/c/900/006/900006600/1-3299-3-C-XXX-X6.jpg
1320532803299900006601,ACEH,ACEH UTARA,KUTA MAKMUR,KRUENG SEUNONG,TPS 4,2019-10-24 05:00:04,12,146,264,169,169,158,11,https://pemilu2019.kpu.go.id/img/c/900/006/900006601/1-3299-4-C-XXX-X5.jpg,https://pemilu2019.kpu.go.id/img/c/900/006/900006601/1-3299-4-C-XXX-X6.jpg
1320532803313900006623,ACEH,ACEH UTARA,KUTA MAKMUR,KRUENG SEUPENG,TPS 1,2019-10-24 05:00:04,7,146,156,156,156,153,3,https://pemilu2019.kpu.go.id/img/c/900/006/900006623/1-3313-1-C1-PPWP-X1.jpg,https://pemilu2019.kpu.go.id/img/c/900/006/900006623/1-3313-1-C1-PPWP-X2.jpg
1320532803313900006624,ACEH,ACEH UTARA,KUTA MAKMUR,KRUENG SEUPENG,TPS 2,2019-10-24 05:00:04,7,150,159,159,159,157,2,https://pemilu2019.kpu.go.id/img/c/900/006/900006624/1-3313-2-C1-PPWP-X1.jpg,https://pemilu2019.kpu.go.id/img/c/900/006/900006624/1-3313-2-C1-PPWP-X2.jpg
1320532803307900006615,ACEH,ACEH UTARA,KUTA MAKMUR,LANGKUTA,TPS 1,2019-10-24 05:00:04,24,215,263,249,249,239,10,https://pemilu2019.kpu.go.id/img/c/900/006/900006615/1-3307-1-C-XXX-X5.jpg,https://pemilu2019.kpu.go.id/img/c/900/006/900006615/1-3307-1-C-XXX-X6.jpg
1320532803291900006581,ACEH,ACEH UTARA,KUTA MAKMUR,LHOK JOK,TPS 1,2019-10-24 05:00:04,25,143,211,173,173,168,5,https://pemilu2019.kpu.go.id/img/c/900/006/900006581/1-3291-1-C-XXX-X5.jpg,https://pemilu2019.kpu.go.id/img/c/900/006/900006581/1-3291-1-C-XXX-X6.jpg
1320532803291900006582,ACEH,ACEH UTARA,KUTA MAKMUR,LHOK JOK,TPS 2,2019-10-24 05:00:04,7,151,213,163,163,158,5,https://pemilu2019.kpu.go.id/img/c/900/006/900006582/1-3291-2-C-XXX-X5.jpg,https://pemilu2019.kpu.go.id/img/c/900/006/900006582/1-3291-2-C-XXX-X6.jpg
1320532803291900006583,ACEH,ACEH UTARA,KUTA MAKMUR,LHOK JOK,TPS 3,2019-10-24 05:00:04,24,146,207,176,176,170,6,https://pemilu2019.kpu.go.id/img/c/900/006/900006583/1-3291-3-C-XXX-X5.jpg,https://pemilu2019.kpu.go.id/img/c/900/006/900006583/1-3291-3-C-XXX-X6.jpg
1320532803314900006625,ACEH,ACEH UTARA,KUTA MAKMUR,MEULING MANYANG,TPS 1,2019-10-24 05:00:04,10,158,173,169,169,168,1,https://pemilu2019.kpu.go.id/img/c/900/006/900006625/1-3314-1-C-XXX-X5.jpg,https://pemilu2019.kpu.go.id/img/c/900/006/900006625/1-3314-1-C-XXX-X6.jpg
1320532803314900006626,ACEH,ACEH UTARA,KUTA MAKMUR,MEULING MANYANG,TPS 2,2019-10-24 05:00:04,5,152,166,159,159,157,2,https://pemilu2019.kpu.go.id/img/c/900/006/900006626/1-3314-2-C-XXX-X5.jpg,https://pemilu2019.kpu.go.id/img/c/900/006/900006626/1-3314-2-C-XXX-X6.jpg
1320532803281900006558,ACEH,ACEH UTARA,KUTA MAKMUR,MEUNASAH BLANG ARA,TPS 1,2019-10-24 05:00:04,24,111,167,138,138,135,3,https://pemilu2019.kpu.go.id/img/c/900/006/900006558/1-3281-1-C-XXX-X5.jpg,https://pemilu2019.kpu.go.id/img/c/900/006/900006558/1-3281-1-C-XXX-X6.jpg
1320532803281900006559,ACEH,ACEH UTARA,KUTA MAKMUR,MEUNASAH BLANG ARA,TPS 2,2019-10-24 05:00:04,20,120,163,143,143,140,3,https://pemilu2019.kpu.go.id/img/c/900/006/900006559/1-3281-2-C-XXX-X5.jpg,https://pemilu2019.kpu.go.id/img/c/900/006/900006559/1-3281-2-C-XXX-X6.jpg
1320532803282900006560,ACEH,ACEH UTARA,KUTA MAKMUR,MEUNASAH BUKET,TPS 1,2019-10-24 05:00:04,12,160,215,178,178,172,6,https://pemilu2019.kpu.go.id/img/c/900/006/900006560/1-3282-1-C-XXX-X5.jpg,https://pemilu2019.kpu.go.id/img/c/900/006/900006560/1-3282-1-C-XXX-X6.jpg
1320532803282900006561,ACEH,ACEH UTARA,KUTA MAKMUR,MEUNASAH BUKET,TPS 2,2019-10-24 05:00:04,10,167,213,187,187,177,10,https://pemilu2019.kpu.go.id/img/c/900/006/900006561/1-3282-2-C-XXX-X5.jpg,https://pemilu2019.kpu.go.id/img/c/900/006/900006561/1-3282-2-C-XXX-X6.jpg
1320532803282900006562,ACEH,ACEH UTARA,KUTA MAKMUR,MEUNASAH BUKET,TPS 3,2019-10-24 05:00:04,13,146,214,161,161,159,2,https://pemilu2019.kpu.go.id/img/c/900/006/900006562/1-3282-3-C-XXX-X5.jpg,https://pemilu2019.kpu.go.id/img/c/900/006/900006562/1-3282-3-C-XXX-X6.jpg
1320532803310900006618,ACEH,ACEH UTARA,KUTA MAKMUR,MEUNASAH KULAM,TPS 1,2019-10-24 05:00:04,13,126,159,143,143,139,4,https://pemilu2019.kpu.go.id/img/c/900/006/900006618/1-3310-1-C1-PPWP-X1.jpg,https://pemilu2019.kpu.go.id/img/c/900/006/900006618/1-3310-1-C1-PPWP-X2.jpg
1320532803310900006619,ACEH,ACEH UTARA,KUTA MAKMUR,MEUNASAH KULAM,TPS 2,2019-10-24 05:00:04,17,137,159,155,155,154,1,https://pemilu2019.kpu.go.id/img/c/900/006/900006619/1-3310-2-C-XXX-X5.jpg,https://pemilu2019.kpu.go.id/img/c/900/006/900006619/1-3310-2-C-XXX-X6.jpg
1320532803289900006578,ACEH,ACEH UTARA,KUTA MAKMUR,MEUNASAH KUMBANG,TPS 1,2019-10-24 05:00:04,20,105,160,130,130,125,5,https://pemilu2019.kpu.go.id/img/c/900/006/900006578/1-3289-1-C-XXX-X5.jpg,https://pemilu2019.kpu.go.id/img/c/900/006/900006578/1-3289-1-C-XXX-X6.jpg
1320532803289900006579,ACEH,ACEH UTARA,KUTA MAKMUR,MEUNASAH KUMBANG,TPS 2,2019-10-24 05:00:04,27,99,150,131,131,126,5,https://pemilu2019.kpu.go.id/img/c/900/006/900006579/1-3289-2-C-XXX-X5.jpg,https://pemilu2019.kpu.go.id/img/c/900/006/900006579/1-3289-2-C-XXX-X6.jpg
1320532803290900006580,ACEH,ACEH UTARA,KUTA MAKMUR,MEUNYECUT BAHAGIA,TPS 1,2019-10-24 05:00:04,14,150,248,172,172,164,8,https://pemilu2019.kpu.go.id/img/c/900/006/900006580/1-3290-1-C-XXX-X5.jpg,https://pemilu2019.kpu.go.id/img/c/900/006/900006580/1-3290-1-C-XXX-X6.jpg
1320532803309900006617,ACEH,ACEH UTARA,KUTA MAKMUR,MEURIYA,TPS 1,2019-10-24 05:00:04,14,163,227,186,186,177,9,https://pemilu2019.kpu.go.id/img/c/900/006/900006617/1-3309-1-C-XXX-X5.jpg,https://pemilu2019.kpu.go.id/img/c/900/006/900006617/1-3309-1-C-XXX-X6.jpg
1320532803288900006575,ACEH,ACEH UTARA,KUTA MAKMUR,MNSH DAYAH MEUNARA,TPS 1,2019-10-24 05:00:04,11,108,218,126,126,119,7,https://pemilu2019.kpu.go.id/img/c/900/006/900006575/1-3288-1-C-XXX-X5.jpg,https://pemilu2019.kpu.go.id/img/c/900/006/900006575/1-3288-1-C-XXX-X6.jpg
1320532803288900006576,ACEH,ACEH UTARA,KUTA MAKMUR,MNSH DAYAH MEUNARA,TPS 2,2019-10-24 05:00:04,11,129,217,146,146,140,6,https://pemilu2019.kpu.go.id/img/c/900/006/900006576/1-3288-2-C-XXX-X5.jpg,https://pemilu2019.kpu.go.id/img/c/900/006/900006576/1-3288-2-C-XXX-X6.jpg
1320532803288900006577,ACEH,ACEH UTARA,KUTA MAKMUR,MNSH DAYAH MEUNARA,TPS 3,2019-10-24 05:00:04,9,135,211,150,150,144,6,https://pemilu2019.kpu.go.id/img/c/900/006/900006577/1-3288-3-C-XXX-X5.jpg,https://pemilu2019.kpu.go.id/img/c/900/006/900006577/1-3288-3-C-XXX-X6.jpg
1320532803315900006627,ACEH,ACEH UTARA,KUTA MAKMUR,MULING MEUCAT,TPS 1,2019-10-24 05:00:04,16,203,256,220,220,219,1,https://pemilu2019.kpu.go.id/img/c/900/006/900006627/1-3315-1-C-XXX-X5.jpg,https://pemilu2019.kpu.go.id/img/c/900/006/900006627/1-3315-1-C-XXX-X6.jpg
1320532803317900006629,ACEH,ACEH UTARA,KUTA MAKMUR,PANTON RAYEUK I,TPS 1,2019-10-24 05:00:04,22,155,245,181,181,177,4,https://pemilu2019.kpu.go.id/img/c/900/006/900006629/1-3317-1-C-XXX-X5.jpg,https://pemilu2019.kpu.go.id/img/c/900/006/900006629/1-3317-1-C-XXX-X6.jpg
1320532803317900006630,ACEH,ACEH UTARA,KUTA MAKMUR,PANTON RAYEUK I,TPS 2,2019-10-24 05:00:04,23,152,249,185,185,175,10,https://pemilu2019.kpu.go.id/img/c/900/006/900006630/1-3317-2-C-XXX-X5.jpg,https://pemilu2019.kpu.go.id/img/c/900/006/900006630/1-3317-2-C-XXX-X6.jpg
1320532803318900006631,ACEH,ACEH UTARA,KUTA MAKMUR,PANTON REYAEUK II,TPS 1,2019-10-24 05:00:04,12,105,143,126,126,117,9,https://pemilu2019.kpu.go.id/img/c/900/006/900006631/1-3318-1-C-XXX-X5.jpg,https://pemilu2019.kpu.go.id/img/c/900/006/900006631/1-3318-1-C-XXX-X6.jpg
1320532803304900006610,ACEH,ACEH UTARA,KUTA MAKMUR,PULO BARAT,TPS 1,2019-10-24 05:00:04,23,141,179,168,168,164,4,https://pemilu2019.kpu.go.id/img/c/900/006/900006610/1-3304-1-C-XXX-X5.jpg,https://pemilu2019.kpu.go.id/img/c/900/006/900006610/1-3304-1-C-XXX-X6.jpg
1320532803304900006611,ACEH,ACEH UTARA,KUTA MAKMUR,PULO BARAT,TPS 2,2019-10-24 05:00:04,25,140,186,175,175,165,10,https://pemilu2019.kpu.go.id/img/c/900/006/900006611/1-3304-2-C-XXX-X5.jpg,https://pemilu2019.kpu.go.id/img/c/900/006/900006611/1-3304-2-C-XXX-X6.jpg
1320532803300900006602,ACEH,ACEH UTARA,KUTA MAKMUR,PULO IBOIH,TPS 1,2019-10-24 05:00:04,13,120,457,135,135,133,2,https://pemilu2019.kpu.go.id/img/c/900/006/900006602/1-3300-1-C-XXX-X5.jpg,https://pemilu2019.kpu.go.id/img/c/900/006/900006602/1-3300-1-C-XXX-X6.jpg
1320532803300900006603,ACEH,ACEH UTARA,KUTA MAKMUR,PULO IBOIH,TPS 2,2019-10-24 05:00:04,7,106,156,115,115,113,2,https://pemilu2019.kpu.go.id/img/c/900/006/900006603/1-3300-2-C-XXX-X5.jpg,https://pemilu2019.kpu.go.id/img/c/900/006/900006603/1-3300-2-C-XXX-X6.jpg
1320532803305900006612,ACEH,ACEH UTARA,KUTA MAKMUR,PULO RAYEUK,TPS 1,2019-10-24 05:00:04,20,185,265,211,211,205,6,https://pemilu2019.kpu.go.id/img/c/900/006/900006612/1-3305-1-C-XXX-X5.jpg,https://pemilu2019.kpu.go.id/img/c/900/006/900006612/1-3305-1-C-XXX-X6.jpg
1320532803308900006616,ACEH,ACEH UTARA,KUTA MAKMUR,SAWEUK,TPS 1,2019-10-24 05:00:04,6,126,134,134,134,132,2,https://pemilu2019.kpu.go.id/img/c/900/006/900006616/1-3308-1-C-XXX-X5.jpg,https://pemilu2019.kpu.go.id/img/c/900/006/900006616/1-3308-1-C-XXX-X6.jpg
1320532803295900006591,ACEH,ACEH UTARA,KUTA MAKMUR,SEUNEUBOK DRIEN,TPS 1,2019-10-24 05:00:04,17,169,211,188,188,186,2,https://pemilu2019.kpu.go.id/img/c/900/006/900006591/1-3295-1-C-XXX-X5.jpg,https://pemilu2019.kpu.go.id/img/c/900/006/900006591/1-3295-1-C-XXX-X6.jpg
1320532803319900006632,ACEH,ACEH UTARA,KUTA MAKMUR,SIDO MULIYO,TPS 01,2019-10-24 05:00:04,6,166,191,175,175,172,3,https://pemilu2019.kpu.go.id/img/c/900/006/900006632/1-3319-01-C-XXX-X5.jpg,https://pemilu2019.kpu.go.id/img/c/900/006/900006632/1-3319-01-C-XXX-X6.jpg
1320532803319900006633,ACEH,ACEH UTARA,KUTA MAKMUR,SIDO MULIYO,TPS 02,2019-10-24 05:00:04,8,163,188,173,173,171,2,https://pemilu2019.kpu.go.id/img/c/900/006/900006633/1-3319-02-C-XXX-X5.jpg,https://pemilu2019.kpu.go.id/img/c/900/006/900006633/1-3319-02-C-XXX-X6.jpg
1320532803319900006634,ACEH,ACEH UTARA,KUTA MAKMUR,SIDO MULIYO,TPS 03,2019-10-24 05:00:04,17,134,163,153,153,151,2,https://pemilu2019.kpu.go.id/img/c/900/006/900006634/1-3319-03-C-XXX-X5.jpg,https://pemilu2019.kpu.go.id/img/c/900/006/900006634/1-3319-03-C-XXX-X6.jpg
1320532803319900006635,ACEH,ACEH UTARA,KUTA MAKMUR,SIDO MULIYO,TPS 04,2019-10-24 05:00:04,6,152,197,174,174,158,16,https://pemilu2019.kpu.go.id/img/c/900/006/900006635/1-3319-04-C-XXX-X5.jpg,https://pemilu2019.kpu.go.id/img/c/900/006/900006635/1-3319-04-C-XXX-X6.jpg
1320532803319900006636,ACEH,ACEH UTARA,KUTA MAKMUR,SIDO MULIYO,TPS 05,2019-10-24 05:00:04,7,134,200,150,150,141,9,https://pemilu2019.kpu.go.id/img/c/900/006/900006636/1-3319-05-C-XXX-X5.jpg,https://pemilu2019.kpu.go.id/img/c/900/006/900006636/1-3319-05-C-XXX-X6.jpg
1320532803319900006637,ACEH,ACEH UTARA,KUTA MAKMUR,SIDO MULIYO,TPS 06,2019-10-24 05:00:04,11,144,215,160,160,155,5,https://pemilu2019.kpu.go.id/img/c/900/006/900006637/1-3319-06-C-XXX-X5.jpg,https://pemilu2019.kpu.go.id/img/c/900/006/900006637/1-3319-06-C-XXX-X6.jpg
1320532803319900006638,ACEH,ACEH UTARA,KUTA MAKMUR,SIDO MULIYO,TPS 07,2019-10-24 05:00:04,8,162,206,178,178,170,8,https://pemilu2019.kpu.go.id/img/c/900/006/900006638/1-3319-07-C-XXX-X5.jpg,https://pemilu2019.kpu.go.id/img/c/900/006/900006638/1-3319-07-C-XXX-X6.jpg
1320532803319900006639,ACEH,ACEH UTARA,KUTA MAKMUR,SIDO MULIYO,TPS 08,2019-10-24 05:00:04,10,190,235,216,216,200,16,https://pemilu2019.kpu.go.id/img/c/900/006/900006639/1-3319-08-C-XXX-X5.jpg,https://pemilu2019.kpu.go.id/img/c/900/006/900006639/1-3319-08-C-XXX-X6.jpg
1320532803319900006640,ACEH,ACEH UTARA,KUTA MAKMUR,SIDO MULIYO,TPS 09,2019-10-24 05:00:04,8,122,180,137,137,129,8,https://pemilu2019.kpu.go.id/img/c/900/006/900006640/1-3319-09-C-XXX-X5.jpg,https://pemilu2019.kpu.go.id/img/c/900/006/900006640/1-3319-09-C-XXX-X6.jpg
1320532803319900006641,ACEH,ACEH UTARA,KUTA MAKMUR,SIDO MULIYO,TPS 10,2019-10-24 05:00:04,8,132,171,147,147,140,7,https://pemilu2019.kpu.go.id/img/c/900/006/900006641/1-3319-10-C-XXX-X5.jpg,https://pemilu2019.kpu.go.id/img/c/900/006/900006641/1-3319-10-C-XXX-X6.jpg
1320532803319900006642,ACEH,ACEH UTARA,KUTA MAKMUR,SIDO MULIYO,TPS 11,2019-10-24 05:00:04,9,131,184,148,148,140,8,https://pemilu2019.kpu.go.id/img/c/900/006/900006642/1-3319-11-C-XXX-X5.jpg,https://pemilu2019.kpu.go.id/img/c/900/006/900006642/1-3319-11-C-XXX-X6.jpg
1320532803319900006643,ACEH,ACEH UTARA,KUTA MAKMUR,SIDO MULIYO,TPS 12,2019-10-24 05:00:04,5,203,240,210,210,208,2,https://pemilu2019.kpu.go.id/img/c/900/006/900006643/1-3319-12-C-XXX-X5.jpg,https://pemilu2019.kpu.go.id/img/c/900/006/900006643/1-3319-12-C-XXX-X6.jpg
1320538923894900007803,ACEH,ACEH UTARA,LANGKAHAN,ALUE DUA,TPS 1,2019-10-24 05:00:04,26,111,166,145,145,137,8,https://pemilu2019.kpu.go.id/img/c/900/007/900007803/1-3894-1-C-XXX-X5.jpg,https://pemilu2019.kpu.go.id/img/c/900/007/900007803/1-3894-1-C-XXX-X6.jpg
1320538923894900007804,ACEH,ACEH UTARA,LANGKAHAN,ALUE DUA,TPS 2,2019-10-24 05:00:04,27,102,158,137,137,129,8,https://pemilu2019.kpu.go.id/img/c/900/007/900007804/1-3894-2-C-XXX-X5.jpg,https://pemilu2019.kpu.go.id/img/c/900/007/900007804/1-3894-2-C-XXX-X6.jpg
1320538923905900007827,ACEH,ACEH UTARA,LANGKAHAN,ALUE KRAK KAYEE,TPS 1,2019-10-24 05:00:04,11,96,186,112,112,107,5,https://pemilu2019.kpu.go.id/img/c/900/007/900007827/1-3905-1-C-XXX-X5.jpg,https://pemilu2019.kpu.go.id/img/c/900/007/900007827/1-3905-1-C-XXX-X6.jpg
1320538923905900007828,ACEH,ACEH UTARA,LANGKAHAN,ALUE KRAK KAYEE,TPS 2,2019-10-24 05:00:04,10,117,188,131,131,127,4,https://pemilu2019.kpu.go.id/img/c/900/007/900007828/1-3905-2-C-XXX-X5.jpg,https://pemilu2019.kpu.go.id/img/c/900/007/900007828/1-3905-2-C-XXX-X6.jpg
1320538923895900007805,ACEH,ACEH UTARA,LANGKAHAN,BANTAYAN,TPS 1,2019-10-24 05:00:04,8,131,164,142,142,139,3,https://pemilu2019.kpu.go.id/img/c/900/007/900007805/1-3895-1-C-XXX-X5.jpg,https://pemilu2019.kpu.go.id/img/c/900/007/900007805/1-3895-1-C-XXX-X6.jpg
1320538923895900007806,ACEH,ACEH UTARA,LANGKAHAN,BANTAYAN,TPS 2,2019-10-24 05:00:04,2,123,162,126,126,125,1,https://pemilu2019.kpu.go.id/img/c/900/007/900007806/1-3895-2-C-XXX-X35.jpg,https://pemilu2019.kpu.go.id/img/c/900/007/900007806/1-3895-2-C-XXX-X36.jpg
1320538923912900007848,ACEH,ACEH UTARA,LANGKAHAN,BUKET LINTEUNG,TPS 1,2019-10-24 05:00:04,22,110,234,141,141,132,9,https://pemilu2019.kpu.go.id/img/c/900/007/900007848/1-3912-1-C1-PPWP-X1.jpg,https://pemilu2019.kpu.go.id/img/c/900/007/900007848/1-3912-1-C1-PPWP-X2.jpg
1320538923912900007849,ACEH,ACEH UTARA,LANGKAHAN,BUKET LINTEUNG,TPS 2,2019-10-24 05:00:04,22,108,242,143,143,130,13,https://pemilu2019.kpu.go.id/img/c/900/007/900007849/1-3912-2-C-XXX-X5.jpg,https://pemilu2019.kpu.go.id/img/c/900/007/900007849/1-3912-2-C-XXX-X6.jpg
1320538923912900007850,ACEH,ACEH UTARA,LANGKAHAN,BUKET LINTEUNG,TPS 3,2019-10-24 05:00:04,19,132,241,168,168,151,17,https://pemilu2019.kpu.go.id/img/c/900/007/900007850/1-3912-3-C-XXX-X5.jpg,https://pemilu2019.kpu.go.id/img/c/900/007/900007850/1-3912-3-C-XXX-X6.jpg
1320538923912900007851,ACEH,ACEH UTARA,LANGKAHAN,BUKET LINTEUNG,TPS 4,2019-10-24 05:00:04,30,99,229,145,145,129,16,https://pemilu2019.kpu.go.id/img/c/900/007/900007851/1-3912-4-C-XXX-X5.jpg,https://pemilu2019.kpu.go.id/img/c/900/007/900007851/1-3912-4-C-XXX-X6.jpg
1320538923912900007852,ACEH,ACEH UTARA,LANGKAHAN,BUKET LINTEUNG,TPS 5,2019-10-24 05:00:04,32,115,250,160,160,147,13,https://pemilu2019.kpu.go.id/img/c/900/007/900007852/1-3912-5-C-XXX-X5.jpg,https://pemilu2019.kpu.go.id/img/c/900/007/900007852/1-3912-5-C-XXX-X6.jpg
1320538923912900007853,ACEH,ACEH UTARA,LANGKAHAN,BUKET LINTEUNG,TPS 6,2019-10-24 05:00:04,32,118,242,168,168,150,18,https://pemilu2019.kpu.go.id/img/c/900/007/900007853/1-3912-6-C-XXX-X5.jpg,https://pemilu2019.kpu.go.id/img/c/900/007/900007853/1-3912-6-C-XXX-X6.jpg
1320538923893900007801,ACEH,ACEH UTARA,LANGKAHAN,COT BADA,TPS 1,2019-10-24 05:00:04,23,92,157,121,121,115,6,https://pemilu2019.kpu.go.id/img/c/900/007/900007801/1-3893-1-C-XXX-X5.jpg,https://pemilu2019.kpu.go.id/img/c/900/007/900007801/1-3893-1-C-XXX-X6.jpg
1320538923893900007802,ACEH,ACEH UTARA,LANGKAHAN,COT BADA,TPS 2,2019-10-24 05:00:04,18,101,155,131,131,119,12,https://pemilu2019.kpu.go.id/img/c/900/007/900007802/1-3893-2-C-XXX-X5.jpg,https://pemilu2019.kpu.go.id/img/c/900/007/900007802/1-3893-2-C-XXX-X6.jpg
1320538923909900007838,ACEH,ACEH UTARA,LANGKAHAN,GEUDUMBAK,TPS 1,2019-10-24 05:00:04,20,136,275,167,167,156,11,https://pemilu2019.kpu.go.id/img/c/900/007/900007838/1-3909-1-C-XXX-X5.jpg,https://pemilu2019.kpu.go.id/img/c/900/007/900007838/1-3909-1-C-XXX-X6.jpg
1320538923909900007839,ACEH,ACEH UTARA,LANGKAHAN,GEUDUMBAK,TPS 2,2019-10-24 05:00:04,18,147,279,175,175,165,10,https://pemilu2019.kpu.go.id/img/c/900/007/900007839/1-3909-2-C-XXX-X5.jpg,https://pemilu2019.kpu.go.id/img/c/900/007/900007839/1-3909-2-C-XXX-X6.jpg
1320538923909900007840,ACEH,ACEH UTARA,LANGKAHAN,GEUDUMBAK,TPS 3,2019-10-24 05:00:04,30,107,280,140,140,137,3,https://pemilu2019.kpu.go.id/img/c/900/007/900007840/1-3909-3-C-XXX-X5.jpg,https://pemilu2019.kpu.go.id/img/c/900/007/900007840/1-3909-3-C-XXX-X6.jpg
1320538923909900007841,ACEH,ACEH UTARA,LANGKAHAN,GEUDUMBAK,TPS 4,2019-10-24 05:00:04,46,146,276,205,205,192,13,https://pemilu2019.kpu.go.id/img/c/900/007/900007841/2-3909-4-C-XXX-X5.jpg,https://pemilu2019.kpu.go.id/img/c/900/007/900007841/2-3909-4-C-XXX-X6.jpg
1320538923896900007807,ACEH,ACEH UTARA,LANGKAHAN,KAMPONG BLANG,TPS 1,2019-10-24 05:00:04,6,150,176,158,158,156,2,https://pemilu2019.kpu.go.id/img/c/900/007/900007807/1-3896-1-C-XXX-X5.jpg,https://pemilu2019.kpu.go.id/img/c/900/007/900007807/1-3896-1-C-XXX-X6.jpg
1320538923899900007811,ACEH,ACEH UTARA,LANGKAHAN,KRUENG LINGKA,TPS 1,2019-10-24 05:00:04,22,138,218,163,163,160,3,https://pemilu2019.kpu.go.id/img/c/900/007/900007811/1-3899-1-C-XXX-X5.jpg,https://pemilu2019.kpu.go.id/img/c/900/007/900007811/1-3899-1-C-XXX-X6.jpg
1320538923899900007812,ACEH,ACEH UTARA,LANGKAHAN,KRUENG LINGKA,TPS 2,2019-10-24 05:00:04,23,132,217,157,157,155,2,https://pemilu2019.kpu.go.id/img/c/900/007/900007812/1-3899-2-C-XXX-X5.jpg,https://pemilu2019.kpu.go.id/img/c/900/007/900007812/1-3899-2-C-XXX-X6.jpg
1320538923899900007813,ACEH,ACEH UTARA,LANGKAHAN,KRUENG LINGKA,TPS 3,2019-10-24 05:00:04,24,116,218,140,140,140,0,https://pemilu2019.kpu.go.id/img/c/900/007/900007813/1-3899-3-C-XXX-X5.jpg,https://pemilu2019.kpu.go.id/img/c/900/007/900007813/1-3899-3-C-XXX-X6.jpg
1320538923910900007842,ACEH,ACEH UTARA,LANGKAHAN,LANGKAHAN,TPS 1,2019-10-24 05:00:04,26,128,204,158,158,154,4,https://pemilu2019.kpu.go.id/img/c/900/007/900007842/1-3910-1-C-XXX-X5.jpg,https://pemilu2019.kpu.go.id/img/c/900/007/900007842/1-3910-1-C-XXX-X6.jpg
1320538923910900007843,ACEH,ACEH UTARA,LANGKAHAN,LANGKAHAN,TPS 2,2019-10-24 05:00:04,25,118,210,151,151,143,8,https://pemilu2019.kpu.go.id/img/c/900/007/900007843/1-3910-2-C-XXX-X5.jpg,https://pemilu2019.kpu.go.id/img/c/900/007/900007843/1-3910-2-C-XXX-X6.jpg
1320538923910900007844,ACEH,ACEH UTARA,LANGKAHAN,LANGKAHAN,TPS 3,2019-10-24 05:00:04,19,105,189,127,127,124,3,https://pemilu2019.kpu.go.id/img/c/900/007/900007844/1-3910-3-C-XXX-X5.jpg,https://pemilu2019.kpu.go.id/img/c/900/007/900007844/1-3910-3-C-XXX-X6.jpg
1320538923902900007820,ACEH,ACEH UTARA,LANGKAHAN,LEUBOK MANE,TPS 1,2019-10-24 05:00:04,14,121,207,142,142,135,7,https://pemilu2019.kpu.go.id/img/c/900/007/900007820/1-3902-1-C-XXX-X5.jpg,https://pemilu2019.kpu.go.id/img/c/900/007/900007820/1-3902-1-C-XXX-X6.jpg
1320538923902900007821,ACEH,ACEH UTARA,LANGKAHAN,LEUBOK MANE,TPS 2,2019-10-24 05:00:04,16,133,198,158,158,149,9,https://pemilu2019.kpu.go.id/img/c/900/007/900007821/1-3902-2-C-XXX-X5.jpg,https://pemilu2019.kpu.go.id/img/c/900/007/900007821/1-3902-2-C-XXX-X6.jpg
1320538923902900007822,ACEH,ACEH UTARA,LANGKAHAN,LEUBOK MANE,TPS 3,2019-10-24 05:00:04,14,120,209,141,141,134,7,https://pemilu2019.kpu.go.id/img/c/900/007/900007822/1-3902-3-C-XXX-X5.jpg,https://pemilu2019.kpu.go.id/img/c/900/007/900007822/1-3902-3-C-XXX-X6.jpg
1320538923913900007854,ACEH,ACEH UTARA,LANGKAHAN,LUBOK PUSAKA,TPS 1,2019-10-24 05:00:04,13,232,254,250,250,245,5,https://pemilu2019.kpu.go.id/img/c/900/007/900007854/1-3913-1-C-XXX-X5.jpg,https://pemilu2019.kpu.go.id/img/c/900/007/900007854/1-3913-1-C-XXX-X6.jpg
1320538923913900007855,ACEH,ACEH UTARA,LANGKAHAN,LUBOK PUSAKA,TPS 2,2019-10-24 05:00:04,17,191,247,208,208,208,0,https://pemilu2019.kpu.go.id/img/c/900/007/900007855/1-3913-2-C-XXX-X5.jpg,https://pemilu2019.kpu.go.id/img/c/900/007/900007855/1-3913-2-C-XXX-X6.jpg
1320538923913900007856,ACEH,ACEH UTARA,LANGKAHAN,LUBOK PUSAKA,TPS 3,2019-10-24 05:00:04,18,137,260,159,159,155,4,https://pemilu2019.kpu.go.id/img/c/900/007/900007856/1-3913-3-C-XXX-X5.jpg,https://pemilu2019.kpu.go.id/img/c/900/007/900007856/1-3913-3-C-XXX-X6.jpg
1320538923913900007857,ACEH,ACEH UTARA,LANGKAHAN,LUBOK PUSAKA,TPS 4,2019-10-24 05:00:04,64,64,236,128,128,128,0,https://pemilu2019.kpu.go.id/img/c/900/007/900007857/1-3913-4-C-XXX-X5.jpg,https://pemilu2019.kpu.go.id/img/c/900/007/900007857/1-3913-4-C-XXX-X6.jpg
1320538923913900007858,ACEH,ACEH UTARA,LANGKAHAN,LUBOK PUSAKA,TPS 5,2019-10-24 05:00:04,46,116,251,164,164,120,2,https://pemilu2019.kpu.go.id/img/c/900/007/900007858/1-3913-5-C-XXX-X5.jpg,https://pemilu2019.kpu.go.id/img/c/900/007/900007858/1-3913-5-C-XXX-X6.jpg
1320538923913900007859,ACEH,ACEH UTARA,LANGKAHAN,LUBOK PUSAKA,TPS 6,2019-10-24 05:00:04,60,72,277,137,137,132,5,https://pemilu2019.kpu.go.id/img/c/900/007/900007859/1-3913-6-C-XXX-X5.jpg,https://pemilu2019.kpu.go.id/img/c/900/007/900007859/1-3913-6-C-XXX-X6.jpg
1320538923898900007810,ACEH,ACEH UTARA,LANGKAHAN,MATANG KEUTAPANG,TPS 1,2019-10-24 05:00:04,5,122,146,133,133,127,6,https://pemilu2019.kpu.go.id/img/c/900/007/900007810/1-3898-1-C-XXX-X5.jpg,https://pemilu2019.kpu.go.id/img/c/900/007/900007810/1-3898-1-C-XXX-X6.jpg
1320538923901900007818,ACEH,ACEH UTARA,LANGKAHAN,MATANG RUBEK,TPS 1,2019-10-24 05:00:04,12,122,237,136,136,134,2,https://pemilu2019.kpu.go.id/img/c/900/007/900007818/1-3901-1-C-XXX-X5.jpg,https://pemilu2019.kpu.go.id/img/c/900/007/900007818/1-3901-1-C-XXX-X6.jpg
1320538923901900007819,ACEH,ACEH UTARA,LANGKAHAN,MATANG RUBEK,TPS 2,2019-10-24 05:00:04,15,131,228,154,154,146,8,https://pemilu2019.kpu.go.id/img/c/900/007/900007819/1-3901-2-C-XXX-X5.jpg,https://pemilu2019.kpu.go.id/img/c/900/007/900007819/1-3901-2-C-XXX-X6.jpg
1320538923903900007823,ACEH,ACEH UTARA,LANGKAHAN,MATANG TEUNGOH SELATAN,TPS 1,2019-10-24 05:00:04,11,111,185,130,130,122,8,https://pemilu2019.kpu.go.id/img/c/900/007/900007823/1-3903-1-C-XXX-X5.jpg,https://pemilu2019.kpu.go.id/img/c/900/007/900007823/1-3903-1-C-XXX-X6.jpg
1320538923903900007824,ACEH,ACEH UTARA,LANGKAHAN,MATANG TEUNGOH SELATAN,TPS 2,2019-10-24 05:00:04,3,123,172,135,135,126,9,https://pemilu2019.kpu.go.id/img/c/900/007/900007824/1-3903-2-C-XXX-X5.jpg,https://pemilu2019.kpu.go.id/img/c/900/007/900007824/1-3903-2-C-XXX-X6.jpg
1320538923907900007830,ACEH,ACEH UTARA,LANGKAHAN,MEUNASAH BLANG,TPS 1,2019-10-24 05:00:04,10,103,166,120,120,113,7,https://pemilu2019.kpu.go.id/img/c/900/007/900007830/1-3907-1-C-XXX-X5.jpg,https://pemilu2019.kpu.go.id/img/c/900/007/900007830/1-3907-1-C-XXX-X6.jpg
1320538923907900007831,ACEH,ACEH UTARA,LANGKAHAN,MEUNASAH BLANG,TPS 2,2019-10-24 05:00:04,9,96,108,108,108,105,3,https://pemilu2019.kpu.go.id/img/c/900/007/900007831/1-3907-2-C-XXX-X5.jpg,https://pemilu2019.kpu.go.id/img/c/900/007/900007831/1-3907-2-C-XXX-X6.jpg
1320538923904900007825,ACEH,ACEH UTARA,LANGKAHAN,PADANG MEURIA,TPS 1,2019-10-24 05:00:04,15,115,166,0,142,130,12,https://pemilu2019.kpu.go.id/img/c/900/007/900007825/1-3904-1-C-XXX-X5.jpg,https://pemilu2019.kpu.go.id/img/c/900/007/900007825/1-3904-1-C-XXX-X6.jpg
1320538923904900007826,ACEH,ACEH UTARA,LANGKAHAN,PADANG MEURIA,TPS 2,2019-10-24 05:00:04,12,108,146,0,124,120,4,https://pemilu2019.kpu.go.id/img/c/900/007/900007826/1-3904-2-C-XXX-X5.jpg,https://pemilu2019.kpu.go.id/img/c/900/007/900007826/1-3904-2-C-XXX-X6.jpg
1320538923915900007868,ACEH,ACEH UTARA,LANGKAHAN,PANTE GAKI BALE,TPS 1,2019-10-24 05:00:04,8,113,216,127,127,121,6,https://pemilu2019.kpu.go.id/img/c/900/007/900007868/1-3915-1-C-XXX-X5.jpg,https://pemilu2019.kpu.go.id/img/c/900/007/900007868/1-3915-1-C-XXX-X6.jpg
1320538923915900007869,ACEH,ACEH UTARA,LANGKAHAN,PANTE GAKI BALE,TPS 2,2019-10-24 05:00:04,29,135,226,172,172,164,8,https://pemilu2019.kpu.go.id/img/c/900/007/900007869/1-3915-2-C-XXX-X5.jpg,https://pemilu2019.kpu.go.id/img/c/900/007/900007869/1-3915-2-C-XXX-X6.jpg
1320538923915900007870,ACEH,ACEH UTARA,LANGKAHAN,PANTE GAKI BALE,TPS 3,2019-10-24 05:00:04,21,133,237,160,160,154,6,https://pemilu2019.kpu.go.id/img/c/900/007/900007870/1-3915-3-C-XXX-X5.jpg,https://pemilu2019.kpu.go.id/img/c/900/007/900007870/1-3915-3-C-XXX-X6.jpg
1320538923897900007808,ACEH,ACEH UTARA,LANGKAHAN,PAYA TUKAI,TPS 1,2019-10-24 05:00:04,4,203,234,209,209,207,2,https://pemilu2019.kpu.go.id/img/c/900/007/900007808/1-3897-1-C-XXX-X5.jpg,https://pemilu2019.kpu.go.id/img/c/900/007/900007808/1-3897-1-C-XXX-X6.jpg
1320538923897900007809,ACEH,ACEH UTARA,LANGKAHAN,PAYA TUKAI,TPS 2,2019-10-24 05:00:04,3,203,231,206,206,206,0,https://pemilu2019.kpu.go.id/img/c/900/007/900007809/1-3897-2-C-XXX-X35.jpg,https://pemilu2019.kpu.go.id/img/c/900/007/900007809/1-3897-2-C-XXX-X36.jpg
1320538923911900007845,ACEH,ACEH UTARA,LANGKAHAN,RUMOH RAYEUK,TPS 1,2019-10-24 05:00:04,30,154,288,196,196,184,12,https://pemilu2019.kpu.go.id/img/c/900/007/900007845/1-3911-1-C-XXX-X5.jpg,https://pemilu2019.kpu.go.id/img/c/900/007/900007845/1-3911-1-C-XXX-X6.jpg
1320538923911900007846,ACEH,ACEH UTARA,LANGKAHAN,RUMOH RAYEUK,TPS 2,2019-10-24 05:00:04,19,155,291,186,186,174,12,https://pemilu2019.kpu.go.id/img/c/900/007/900007846/1-3911-2-C-XXX-X5.jpg,https://pemilu2019.kpu.go.id/img/c/900/007/900007846/1-3911-2-C-XXX-X6.jpg
1320538923911900007847,ACEH,ACEH UTARA,LANGKAHAN,RUMOH RAYEUK,TPS 3,2019-10-24 05:00:04,28,185,296,227,227,213,14,https://pemilu2019.kpu.go.id/img/c/900/007/900007847/1-3911-3-C-XXX-X5.jpg,https://pemilu2019.kpu.go.id/img/c/900/007/900007847/1-3911-3-C-XXX-X6.jpg
1320538923914900007860,ACEH,ACEH UTARA,LANGKAHAN,SEUREUKE,TPS 1,2019-10-24 05:00:04,62,137,283,202,202,199,3,https://pemilu2019.kpu.go.id/img/c/900/007/900007860/1-3914-1-C-XXX-X5.jpg,https://pemilu2019.kpu.go.id/img/c/900/007/900007860/1-3914-1-C-XXX-X6.jpg
1320538923914900007861,ACEH,ACEH UTARA,LANGKAHAN,SEUREUKE,TPS 2,2019-10-24 05:00:04,38,153,276,192,192,191,1,https://pemilu2019.kpu.go.id/img/c/900/007/900007861/1-3914-2-C1-PPWP-X1.jpg,https://pemilu2019.kpu.go.id/img/c/900/007/900007861/1-3914-2-C1-PPWP-X2.jpg
1320538923914900007862,ACEH,ACEH UTARA,LANGKAHAN,SEUREUKE,TPS 3,2019-10-24 05:00:04,43,167,282,210,210,210,0,https://pemilu2019.kpu.go.id/img/c/900/007/900007862/1-3914-3-C-XXX-X5.jpg,https://pemilu2019.kpu.go.id/img/c/900/007/900007862/1-3914-3-C-XXX-X6.jpg
1320538923914900007863,ACEH,ACEH UTARA,LANGKAHAN,SEUREUKE,TPS 4,2019-10-24 05:00:04,36,176,275,213,213,212,1,https://pemilu2019.kpu.go.id/img/c/900/007/900007863/1-3914-4-C-XXX-X5.jpg,https://pemilu2019.kpu.go.id/img/c/900/007/900007863/1-3914-4-C-XXX-X6.jpg
1320538923914900007864,ACEH,ACEH UTARA,LANGKAHAN,SEUREUKE,TPS 5,2019-10-24 05:00:04,55,165,267,220,220,220,0,https://pemilu2019.kpu.go.id/img/c/900/007/900007864/1-3914-5-C-XXX-X5.jpg,https://pemilu2019.kpu.go.id/img/c/900/007/900007864/1-3914-5-C-XXX-X6.jpg
1320538923914900007865,ACEH,ACEH UTARA,LANGKAHAN,SEUREUKE,TPS 6,2019-10-24 05:00:04,52,157,265,210,210,209,1,https://pemilu2019.kpu.go.id/img/c/900/007/900007865/1-3914-6-C-XXX-X5.jpg,https://pemilu2019.kpu.go.id/img/c/900/007/900007865/1-3914-6-C-XXX-X6.jpg
1320538923914900007866,ACEH,ACEH UTARA,LANGKAHAN,SEUREUKE,TPS 7,2019-10-24 05:00:04,39,159,266,205,205,198,7,https://pemilu2019.kpu.go.id/img/c/900/007/900007866/1-3914-7-C-XXX-X5.jpg,https://pemilu2019.kpu.go.id/img/c/900/007/900007866/1-3914-7-C-XXX-X6.jpg
1320538923914900007867,ACEH,ACEH UTARA,LANGKAHAN,SEUREUKE,TPS 8,2019-10-24 05:00:04,38,158,265,201,201,196,5,https://pemilu2019.kpu.go.id/img/c/900/007/900007867/1-3914-8-C-XXX-X5.jpg,https://pemilu2019.kpu.go.id/img/c/900/007/900007867/1-3914-8-C-XXX-X6.jpg
1320538923900900007814,ACEH,ACEH UTARA,LANGKAHAN,SIMPANG TIGA,TPS 1,2019-10-24 05:00:04,9,120,254,133,133,129,4,https://pemilu2019.kpu.go.id/img/c/900/007/900007814/1-3900-1-C-XXX-X5.jpg,https://pemilu2019.kpu.go.id/img/c/900/007/900007814/1-3900-1-C-XXX-X6.jpg
1320538923900900007815,ACEH,ACEH UTARA,LANGKAHAN,SIMPANG TIGA,TPS 2,2019-10-24 05:00:04,19,147,262,175,175,166,9,https://pemilu2019.kpu.go.id/img/c/900/007/900007815/1-3900-2-C-XXX-X5.jpg,https://pemilu2019.kpu.go.id/img/c/900/007/900007815/1-3900-2-C-XXX-X6.jpg
1320538923900900007816,ACEH,ACEH UTARA,LANGKAHAN,SIMPANG TIGA,TPS 3,2019-10-24 05:00:04,25,156,258,186,186,181,5,https://pemilu2019.kpu.go.id/img/c/900/007/900007816/1-3900-3-C-XXX-X5.jpg,https://pemilu2019.kpu.go.id/img/c/900/007/900007816/1-3900-3-C-XXX-X6.jpg
1320538923900900007817,ACEH,ACEH UTARA,LANGKAHAN,SIMPANG TIGA,TPS 4,2019-10-24 05:00:04,18,100,246,120,120,118,2,https://pemilu2019.kpu.go.id/img/c/900/007/900007817/1-3900-4-C-XXX-X5.jpg,https://pemilu2019.kpu.go.id/img/c/900/007/900007817/1-3900-4-C-XXX-X6.jpg
1320538923908900007832,ACEH,ACEH UTARA,LANGKAHAN,TANJONG DALAM SELATAN,TPS 1,2019-10-24 05:00:04,24,115,232,146,146,139,7,https://pemilu2019.kpu.go.id/img/c/900/007/900007832/1-3908-1-C-XXX-X5.jpg,https://pemilu2019.kpu.go.id/img/c/900/007/900007832/1-3908-1-C-XXX-X6.jpg
1320538923908900007833,ACEH,ACEH UTARA,LANGKAHAN,TANJONG DALAM SELATAN,TPS 2,2019-10-24 05:00:04,36,104,253,156,156,140,16,https://pemilu2019.kpu.go.id/img/c/900/007/900007833/1-3908-2-C-XXX-X35.jpg,https://pemilu2019.kpu.go.id/img/c/900/007/900007833/1-3908-2-C-XXX-X36.jpg
1320538923908900007834,ACEH,ACEH UTARA,LANGKAHAN,TANJONG DALAM SELATAN,TPS 3,2019-10-24 05:00:04,42,103,249,159,159,145,14,https://pemilu2019.kpu.go.id/img/c/900/007/900007834/1-3908-3-C-XXX-X5.jpg,https://pemilu2019.kpu.go.id/img/c/900/007/900007834/1-3908-3-C-XXX-X6.jpg
1320538923908900007835,ACEH,ACEH UTARA,LANGKAHAN,TANJONG DALAM SELATAN,TPS 4,2019-10-24 05:00:04,37,103,244,147,147,140,7,https://pemilu2019.kpu.go.id/img/c/900/007/900007835/1-3908-4-C-XXX-X5.jpg,https://pemilu2019.kpu.go.id/img/c/900/007/900007835/1-3908-4-C-XXX-X6.jpg
1320538923908900007836,ACEH,ACEH UTARA,LANGKAHAN,TANJONG DALAM SELATAN,TPS 5,2019-10-24 05:00:04,21,103,251,144,144,119,25,https://pemilu2019.kpu.go.id/img/c/900/007/900007836/1-3908-5-C-XXX-X5.jpg,https://pemilu2019.kpu.go.id/img/c/900/007/900007836/1-3908-5-C-XXX-X6.jpg
1320538923908900007837,ACEH,ACEH UTARA,LANGKAHAN,TANJONG DALAM SELATAN,TPS 6,2019-10-24 05:00:04,24,103,247,134,134,127,7,https://pemilu2019.kpu.go.id/img/c/900/007/900007837/1-3908-6-C-XXX-X5.jpg,https://pemilu2019.kpu.go.id/img/c/900/007/900007837/1-3908-6-C-XXX-X6.jpg
1320538923906900007829,ACEH,ACEH UTARA,LANGKAHAN,TANJONG JAWA,TPS 1,2019-10-24 05:00:04,21,156,250,184,184,177,7,https://pemilu2019.kpu.go.id/img/c/900/007/900007829/1-3906-1-C-XXX-X5.jpg,https://pemilu2019.kpu.go.id/img/c/900/007/900007829/1-3906-1-C-XXX-X6.jpg
1320540214027900008055,ACEH,ACEH UTARA,LAPANG,GEULANGGANG BARO,TPS 1,2019-10-24 05:00:04,7,183,277,205,205,190,15,https://pemilu2019.kpu.go.id/img/c/900/008/900008055/1-4027-1-C-XXX-X5.jpg,https://pemilu2019.kpu.go.id/img/c/900/008/900008055/1-4027-1-C-XXX-X6.jpg
1320540214027900008056,ACEH,ACEH UTARA,LAPANG,GEULANGGANG BARO,TPS 2,2019-10-24 05:00:04,11,161,259,172,177,172,5,https://pemilu2019.kpu.go.id/img/c/900/008/900008056/1-4027-2-C-XXX-X5.jpg,https://pemilu2019.kpu.go.id/img/c/900/008/900008056/1-4027-2-C-XXX-X6.jpg
1320540214029900008060,ACEH,ACEH UTARA,LAPANG,KEUDE LAPANG,TPS 1,2019-10-24 05:00:04,19,111,170,134,134,130,4,https://pemilu2019.kpu.go.id/img/c/900/008/900008060/1-4029-1-C-XXX-X5.jpg,https://pemilu2019.kpu.go.id/img/c/900/008/900008060/1-4029-1-C-XXX-X6.jpg
1320540214022900008046,ACEH,ACEH UTARA,LAPANG,KEUREUTOU,TPS 1,2019-10-24 05:00:04,10,122,184,135,135,132,3,https://pemilu2019.kpu.go.id/img/c/900/008/900008046/2-4022-1-C-XXX-X5.jpg,https://pemilu2019.kpu.go.id/img/c/900/008/900008046/2-4022-1-C-XXX-X6.jpg
1320540214022900008047,ACEH,ACEH UTARA,LAPANG,KEUREUTOU,TPS 2,2019-10-24 05:00:04,14,127,200,143,143,141,2,https://pemilu2019.kpu.go.id/img/c/900/008/900008047/2-4022-2-C-XXX-X5.jpg,https://pemilu2019.kpu.go.id/img/c/900/008/900008047/2-4022-2-C-XXX-X6.jpg
1320540214032900008068,ACEH,ACEH UTARA,LAPANG,KUALA CANGKOI,TPS 1,2019-10-24 05:00:04,11,138,237,150,150,149,1,https://pemilu2019.kpu.go.id/img/c/900/008/900008068/2-4032-1-C-XXX-X5.jpg,https://pemilu2019.kpu.go.id/img/c/900/008/900008068/2-4032-1-C-XXX-X6.jpg
1320540214032900008069,ACEH,ACEH UTARA,LAPANG,KUALA CANGKOI,TPS 2,2019-10-24 05:00:04,13,133,265,161,161,146,15,https://pemilu2019.kpu.go.id/img/c/900/008/900008069/2-4032-2-C-XXX-X5.jpg,https://pemilu2019.kpu.go.id/img/c/900/008/900008069/2-4032-2-C-XXX-X6.jpg
1320540214032900008070,ACEH,ACEH UTARA,LAPANG,KUALA CANGKOI,TPS 3,2019-10-24 05:00:04,11,157,257,178,178,168,10,https://pemilu2019.kpu.go.id/img/c/900/008/900008070/2-4032-3-C-XXX-X5.jpg,https://pemilu2019.kpu.go.id/img/c/900/008/900008070/2-4032-3-C-XXX-X6.jpg
1320540214032900008071,ACEH,ACEH UTARA,LAPANG,KUALA CANGKOI,TPS 4,2019-10-24 05:00:04,7,113,254,127,127,120,7,https://pemilu2019.kpu.go.id/img/c/900/008/900008071/2-4032-4-C-XXX-X5.jpg,https://pemilu2019.kpu.go.id/img/c/900/008/900008071/2-4032-4-C-XXX-X6.jpg
1320540214032900008072,ACEH,ACEH UTARA,LAPANG,KUALA CANGKOI,TPS 5,2019-10-24 05:00:04,6,123,238,137,137,129,8,https://pemilu2019.kpu.go.id/img/c/900/008/900008072/4-4032-5-C-XXX-X5.jpg,https://pemilu2019.kpu.go.id/img/c/900/008/900008072/4-4032-5-C-XXX-X6.jpg
1320540214032900008073,ACEH,ACEH UTARA,LAPANG,KUALA CANGKOI,TPS 6,2019-10-24 05:00:04,9,116,236,129,129,125,4,https://pemilu2019.kpu.go.id/img/c/900/008/900008073/2-4032-6-C-XXX-X5.jpg,https://pemilu2019.kpu.go.id/img/c/900/008/900008073/2-4032-6-C-XXX-X6.jpg
1320540214032900008074,ACEH,ACEH UTARA,LAPANG,KUALA CANGKOI,TPS 7,2019-10-24 05:00:04,1,135,253,144,144,136,8,https://pemilu2019.kpu.go.id/img/c/900/008/900008074/2-4032-7-C-XXX-X5.jpg,https://pemilu2019.kpu.go.id/img/c/900/008/900008074/2-4032-7-C-XXX-X6.jpg
1320540214031900008065,ACEH,ACEH UTARA,LAPANG,KUALA KEURUTOU,TPS 1,2019-10-24 05:00:04,6,148,209,185,185,154,31,https://pemilu2019.kpu.go.id/img/c/900/008/900008065/2-4031-1-C-XXX-X5.jpg,https://pemilu2019.kpu.go.id/img/c/900/008/900008065/2-4031-1-C-XXX-X6.jpg
1320540214031900008066,ACEH,ACEH UTARA,LAPANG,KUALA KEURUTOU,TPS 2,2019-10-24 05:00:04,10,142,206,165,165,152,13,https://pemilu2019.kpu.go.id/img/c/900/008/900008066/1-4031-2-C1-PPWP-X1.jpg,https://pemilu2019.kpu.go.id/img/c/900/008/900008066/1-4031-2-C1-PPWP-X2.jpg
1320540214031900008067,ACEH,ACEH UTARA,LAPANG,KUALA KEURUTOU,TPS 3,2019-10-24 05:00:04,8,153,214,175,175,161,14,https://pemilu2019.kpu.go.id/img/c/900/008/900008067/2-4031-3-C-XXX-X5.jpg,https://pemilu2019.kpu.go.id/img/c/900/008/900008067/2-4031-3-C-XXX-X6.jpg
1320540214023900008048,ACEH,ACEH UTARA,LAPANG,LUENG BARO,TPS 1,2019-10-24 05:00:04,10,259,283,277,277,269,8,https://pemilu2019.kpu.go.id/img/c/900/008/900008048/2-4023-1-C-XXX-X5.jpg,https://pemilu2019.kpu.go.id/img/c/900/008/900008048/2-4023-1-C-XXX-X6.jpg
1320540214023900008049,ACEH,ACEH UTARA,LAPANG,LUENG BARO,TPS 2,2019-10-24 05:00:04,12,256,282,274,274,273,5,https://pemilu2019.kpu.go.id/img/c/900/008/900008049/3-4023-2-C-XXX-X5.jpg,https://pemilu2019.kpu.go.id/img/c/900/008/900008049/3-4023-2-C-XXX-X6.jpg
1320540214030900008061,ACEH,ACEH UTARA,LAPANG,MATANG BAROH,TPS 1,2019-10-24 05:00:04,16,162,259,185,185,178,7,https://pemilu2019.kpu.go.id/img/c/900/008/900008061/3-4030-1-C-XXX-X5.jpg,https://pemilu2019.kpu.go.id/img/c/900/008/900008061/3-4030-1-C-XXX-X6.jpg
1320540214030900008062,ACEH,ACEH UTARA,LAPANG,MATANG BAROH,TPS 2,2019-10-24 05:00:04,17,116,211,143,143,133,10,https://pemilu2019.kpu.go.id/img/c/900/008/900008062/2-4030-2-C-XXX-X5.jpg,https://pemilu2019.kpu.go.id/img/c/900/008/900008062/2-4030-2-C-XXX-X6.jpg
1320540214030900008063,ACEH,ACEH UTARA,LAPANG,MATANG BAROH,TPS 3,2019-10-24 05:00:04,15,162,252,187,187,177,10,https://pemilu2019.kpu.go.id/img/c/900/008/900008063/2-4030-3-C-XXX-X5.jpg,https://pemilu2019.kpu.go.id/img/c/900/008/900008063/2-4030-3-C-XXX-X6.jpg
1320540214030900008064,ACEH,ACEH UTARA,LAPANG,MATANG BAROH,TPS 4,2019-10-24 05:00:04,13,148,244,174,174,161,13,https://pemilu2019.kpu.go.id/img/c/900/008/900008064/2-4030-4-C-XXX-X5.jpg,https://pemilu2019.kpu.go.id/img/c/900/008/900008064/2-4030-4-C-XXX-X6.jpg
1320540214028900008057,ACEH,ACEH UTARA,LAPANG,MATANG TUNONG,TPS 1,2019-10-24 05:00:04,6,169,224,179,179,175,4,https://pemilu2019.kpu.go.id/img/c/900/008/900008057/2-4028-1-C-XXX-X5.jpg,https://pemilu2019.kpu.go.id/img/c/900/008/900008057/2-4028-1-C-XXX-X6.jpg
1320540214028900008058,ACEH,ACEH UTARA,LAPANG,MATANG TUNONG,TPS 2,2019-10-24 05:00:04,7,166,221,175,175,173,2,https://pemilu2019.kpu.go.id/img/c/900/008/900008058/2-4028-2-C-XXX-X5.jpg,https://pemilu2019.kpu.go.id/img/c/900/008/900008058/2-4028-2-C-XXX-X6.jpg
1320540214028900008059,ACEH,ACEH UTARA,LAPANG,MATANG TUNONG,TPS 3,2019-10-24 05:00:04,6,174,218,183,183,180,3,https://pemilu2019.kpu.go.id/img/c/900/008/900008059/2-4028-3-C1-PPWP-X1.jpg,https://pemilu2019.kpu.go.id/img/c/900/008/900008059/2-4028-3-C1-PPWP-X2.jpg
1320540214024900008050,ACEH,ACEH UTARA,LAPANG,MERBO JURONG,TPS 1,2019-10-24 05:00:04,4,137,181,146,146,141,5,https://pemilu2019.kpu.go.id/img/c/900/008/900008050/1-4024-1-C-XXX-X5.jpg,https://pemilu2019.kpu.go.id/img/c/900/008/900008050/1-4024-1-C-XXX-X6.jpg
1320540214024900008051,ACEH,ACEH UTARA,LAPANG,MERBO JURONG,TPS 2,2019-10-24 05:00:04,8,124,176,134,134,132,2,https://pemilu2019.kpu.go.id/img/c/900/008/900008051/1-4024-2-C-XXX-X5.jpg,https://pemilu2019.kpu.go.id/img/c/900/008/900008051/1-4024-2-C-XXX-X6.jpg
1320540214025900008052,ACEH,ACEH UTARA,LAPANG,MERBO LAMA,TPS 1,2019-10-24 05:00:04,8,122,160,132,132,130,2,https://pemilu2019.kpu.go.id/img/c/900/008/900008052/1-4025-1-C-XXX-X5.jpg,https://pemilu2019.kpu.go.id/img/c/900/008/900008052/1-4025-1-C-XXX-X6.jpg
1320540214025900008053,ACEH,ACEH UTARA,LAPANG,MERBO LAMA,TPS 2,2019-10-24 05:00:04,1,131,157,133,133,132,1,https://pemilu2019.kpu.go.id/img/c/900/008/900008053/1-4025-2-C-XXX-X5.jpg,https://pemilu2019.kpu.go.id/img/c/900/008/900008053/1-4025-2-C-XXX-X6.jpg
1320540214026900008054,ACEH,ACEH UTARA,LAPANG,TANJONG DAMA,TPS 1,2019-10-24 05:00:04,22,121,178,152,152,152,9,https://pemilu2019.kpu.go.id/img/c/900/008/900008054/1-4026-1-C-XXX-X5.jpg,https://pemilu2019.kpu.go.id/img/c/900/008/900008054/1-4026-1-C-XXX-X6.jpg
1320533203340900006695,ACEH,ACEH UTARA,LHOKSUKON,ABEUK LEUPON,TPS 1,2019-10-24 05:00:04,16,102,150,122,122,118,4,https://pemilu2019.kpu.go.id/img/c/900/006/900006695/3340-1-C-XXX-X5.jpg,https://pemilu2019.kpu.go.id/img/c/900/006/900006695/3340-1-C-XXX-X6.jpg
1320533203377900006762,ACEH,ACEH UTARA,LHOKSUKON,ALEU EMPOK,TPS 1,2019-10-24 05:00:04,34,139,263,184,184,173,11,https://pemilu2019.kpu.go.id/img/c/900/006/900006762/3377-1-C-XXX-X5.jpg,https://pemilu2019.kpu.go.id/img/c/900/006/900006762/3377-1-C-XXX-X6.jpg
1320533203382900006771,ACEH,ACEH UTARA,LHOKSUKON,ALUE ABEE,TPS 1,2019-10-24 05:00:04,0,0,149,119,0,0,0,https://pemilu2019.kpu.go.id/img/c/900/006/900006771/1-3382-1-C-XXX-X5.jpg,https://pemilu2019.kpu.go.id/img/c/900/006/900006771/1-3382-1-C-XXX-X6.jpg
1320533203330900006671,ACEH,ACEH UTARA,LHOKSUKON,ALUE BUKET,TPS 1,2019-10-24 05:00:04,13,172,242,188,188,185,3,https://pemilu2019.kpu.go.id/img/c/900/006/900006671/3330-1-C-XXX-X5.jpg,https://pemilu2019.kpu.go.id/img/c/900/006/900006671/3330-1-C-XXX-X6.jpg
1320533203330900006672,ACEH,ACEH UTARA,LHOKSUKON,ALUE BUKET,TPS 2,2019-10-24 05:00:04,15,156,228,175,175,171,4,https://pemilu2019.kpu.go.id/img/c/900/006/900006672/3330-2-C-XXX-X5.jpg,https://pemilu2019.kpu.go.id/img/c/900/006/900006672/3330-2-C-XXX-X6.jpg
1320533203330900006673,ACEH,ACEH UTARA,LHOKSUKON,ALUE BUKET,TPS 3,2019-10-24 05:00:04,16,145,214,161,161,161,0,https://pemilu2019.kpu.go.id/img/c/900/006/900006673/3330-3-C-XXX-X5.jpg,https://pemilu2019.kpu.go.id/img/c/900/006/900006673/3330-3-C-XXX-X6.jpg
1320533203348900006712,ACEH,ACEH UTARA,LHOKSUKON,ALUE DRIEN,TPS 1,2019-10-24 05:00:04,22,156,230,179,179,178,1,https://pemilu2019.kpu.go.id/img/c/900/006/900006712/3348-1-C-XXX-X5.jpg,https://pemilu2019.kpu.go.id/img/c/900/006/900006712/3348-1-C-XXX-X6.jpg
1320533203348900006713,ACEH,ACEH UTARA,LHOKSUKON,ALUE DRIEN,TPS 2,2019-10-24 05:00:04,11,162,200,173,173,173,0,https://pemilu2019.kpu.go.id/img/c/900/006/900006713/3348-2-C-XXX-X5.jpg,https://pemilu2019.kpu.go.id/img/c/900/006/900006713/3348-2-C-XXX-X6.jpg
1320533203393900006785,ACEH,ACEH UTARA,LHOKSUKON,ALUE ITAM BAROH,TPS 1,2019-10-24 05:00:04,17,161,256,199,199,178,21,https://pemilu2019.kpu.go.id/img/c/900/006/900006785/3393-1-C-XXX-X5.jpg,https://pemilu2019.kpu.go.id/img/c/900/006/900006785/3393-1-C-XXX-X6.jpg
1320533203371900006753,ACEH,ACEH UTARA,LHOKSUKON,ALUE  ITAM REUDEP,TPS 1,2019-10-24 05:00:04,7,95,129,112,112,102,10,https://pemilu2019.kpu.go.id/img/c/900/006/900006753/8-3371-1-C-XXX-X5.jpg,https://pemilu2019.kpu.go.id/img/c/900/006/900006753/8-3371-1-C-XXX-X6.jpg
1320533203349900006714,ACEH,ACEH UTARA,LHOKSUKON,ALUE MEUDEM,TPS 1,2019-10-24 05:00:04,7,130,182,140,140,137,3,https://pemilu2019.kpu.go.id/img/c/900/006/900006714/1-3349-1-C-XXX-X5.jpg,https://pemilu2019.kpu.go.id/img/c/900/006/900006714/1-3349-1-C-XXX-X6.jpg
1320533203349900006715,ACEH,ACEH UTARA,LHOKSUKON,ALUE MEUDEM,TPS 2,2019-10-24 05:00:04,18,124,180,146,146,142,4,https://pemilu2019.kpu.go.id/img/c/900/006/900006715/1-3349-2-C-XXX-X5.jpg,https://pemilu2019.kpu.go.id/img/c/900/006/900006715/1-3349-2-C-XXX-X6.jpg
1320533203341900006696,ACEH,ACEH UTARA,LHOKSUKON,ARA,TPS 1,2019-10-24 05:00:04,12,125,235,141,141,137,4,https://pemilu2019.kpu.go.id/img/c/900/006/900006696/3341-1-C-XXX-X5.jpg,https://pemilu2019.kpu.go.id/img/c/900/006/900006696/3341-1-C-XXX-X6.jpg
1320533203341900006697,ACEH,ACEH UTARA,LHOKSUKON,ARA,TPS 2,2019-10-24 05:00:04,19,144,245,169,169,163,6,https://pemilu2019.kpu.go.id/img/c/900/006/900006697/3341-2-C-XXX-X5.jpg,https://pemilu2019.kpu.go.id/img/c/900/006/900006697/3341-2-C-XXX-X6.jpg
1320533203336900006688,ACEH,ACEH UTARA,LHOKSUKON,ARONGAN ARA BUNGKOK,TPS 1,2019-10-24 05:00:04,11,99,154,123,123,110,13,https://pemilu2019.kpu.go.id/img/c/900/006/900006688/3336-1-C-XXX-X5.jpg,https://pemilu2019.kpu.go.id/img/c/900/006/900006688/3336-1-C-XXX-X6.jpg
1320533203366900006747,ACEH,ACEH UTARA,LHOKSUKON,ARONGAN LT,TPS 1,2019-10-24 05:00:04,11,65,95,85,85,76,9,https://pemilu2019.kpu.go.id/img/c/900/006/900006747/1-3366-1-C1-PPWP-01.jpg,https://pemilu2019.kpu.go.id/img/c/900/006/900006747/1-3366-1-C-XXX-X6.jpg
1320533203344900006701,ACEH,ACEH UTARA,LHOKSUKON,ASAN ARA BUNGKOK,TPS 1,2019-10-24 05:00:04,32,188,281,223,223,220,3,https://pemilu2019.kpu.go.id/img/c/900/006/900006701/3344-1-C-XXX-X5.jpg,https://pemilu2019.kpu.go.id/img/c/900/006/900006701/3344-1-C-XXX-X6.jpg
1320533203344900006702,ACEH,ACEH UTARA,LHOKSUKON,ASAN ARA BUNGKOK,TPS 2,2019-10-24 05:00:04,13,160,251,179,179,173,6,https://pemilu2019.kpu.go.id/img/c/900/006/900006702/1-3344-2-C-XXX-X5.jpg,https://pemilu2019.kpu.go.id/img/c/900/006/900006702/1-3344-2-C-XXX-X6.jpg
1320533203344900006703,ACEH,ACEH UTARA,LHOKSUKON,ASAN ARA BUNGKOK,TPS 3,2019-10-24 05:00:04,2,170,202,174,174,172,2,https://pemilu2019.kpu.go.id/img/c/900/006/900006703/1-3344-3-C-XXX-X65.jpg,https://pemilu2019.kpu.go.id/img/c/900/006/900006703/1-3344-3-C-XXX-X66.jpg
1320533203351900006718,ACEH,ACEH UTARA,LHOKSUKON,ASAN LHOKSUKON BRT,TPS 1,2019-10-24 05:00:04,2,170,202,174,174,172,2,https://pemilu2019.kpu.go.id/img/c/900/006/900006718/1-3351-1-C-XXX-X5.jpg,https://pemilu2019.kpu.go.id/img/c/900/006/900006718/1-3351-1-C-XXX-X6.jpg
1320533203351900006719,ACEH,ACEH UTARA,LHOKSUKON,ASAN LHOKSUKON BRT,TPS 2,2019-10-24 05:00:04,5,154,198,165,165,159,6,https://pemilu2019.kpu.go.id/img/c/900/006/900006719/1-3351-2-C1-PPWP-X1.jpg,https://pemilu2019.kpu.go.id/img/c/900/006/900006719/1-3351-2-C1-PPWP-X2.jpg
1320533203351900006720,ACEH,ACEH UTARA,LHOKSUKON,ASAN LHOKSUKON BRT,TPS 3,2019-10-24 05:00:04,2,153,194,156,156,155,1,https://pemilu2019.kpu.go.id/img/c/900/006/900006720/1-3351-3-C-XXX-X5.jpg,https://pemilu2019.kpu.go.id/img/c/900/006/900006720/1-3351-3-C-XXX-X6.jpg
1320533203369900006750,ACEH,ACEH UTARA,LHOKSUKON,BABAH GEUDEUBANG,TPS 1,2019-10-24 05:00:04,12,90,161,106,106,102,4,https://pemilu2019.kpu.go.id/img/c/900/006/900006750/2-3369-1-C-XXX-X5.jpg,https://pemilu2019.kpu.go.id/img/c/900/006/900006750/2-3369-1-C-XXX-X6.jpg
1320533203369900006751,ACEH,ACEH UTARA,LHOKSUKON,BABAH GEUDEUBANG,TPS 2,2019-10-24 05:00:04,8,104,155,125,125,112,13,https://pemilu2019.kpu.go.id/img/c/900/006/900006751/1-3369-2-C1-PPWP-X1.jpg,https://pemilu2019.kpu.go.id/img/c/900/006/900006751/1-3369-2-C1-PPWP-X2.jpg
1320533203352900006721,ACEH,ACEH UTARA,LHOKSUKON,BEURINGIN,TPS 1,2019-10-24 05:00:04,9,170,243,186,186,179,7,https://pemilu2019.kpu.go.id/img/c/900/006/900006721/1-3352-1-C-XXX-X5.jpg,https://pemilu2019.kpu.go.id/img/c/900/006/900006721/1-3352-1-C-XXX-X6.jpg
1320533203352900006722,ACEH,ACEH UTARA,LHOKSUKON,BEURINGIN,TPS 2,2019-10-24 05:00:04,13,163,243,180,180,176,4,https://pemilu2019.kpu.go.id/img/c/900/006/900006722/1-3352-2-C1-PPWP-X1.jpg,https://pemilu2019.kpu.go.id/img/c/900/006/900006722/1-3352-2-C1-PPWP-X2.jpg
1320533203324900006654,ACEH,ACEH UTARA,LHOKSUKON,BINTANG HU,TPS 1,2019-10-24 05:00:04,15,165,249,189,189,180,9,https://pemilu2019.kpu.go.id/img/c/900/006/900006654/3324-1-C-XXX-X5.jpg,https://pemilu2019.kpu.go.id/img/c/900/006/900006654/3324-1-C-XXX-X6.jpg
1320533203324900006655,ACEH,ACEH UTARA,LHOKSUKON,BINTANG HU,TPS 2,2019-10-24 05:00:04,18,165,245,189,189,183,6,https://pemilu2019.kpu.go.id/img/c/900/006/900006655/3324-2-C-XXX-X5.jpg,https://pemilu2019.kpu.go.id/img/c/900/006/900006655/3324-2-C-XXX-X6.jpg
1320533203324900006656,ACEH,ACEH UTARA,LHOKSUKON,BINTANG HU,TPS 3,2019-10-24 05:00:04,14,163,265,182,182,177,5,https://pemilu2019.kpu.go.id/img/c/900/006/900006656/3324-3-C-XXX-X5.jpg,https://pemilu2019.kpu.go.id/img/c/900/006/900006656/3324-3-C-XXX-X6.jpg
1320533203324900006657,ACEH,ACEH UTARA,LHOKSUKON,BINTANG HU,TPS 4,2019-10-24 05:00:04,13,178,247,196,196,191,5,https://pemilu2019.kpu.go.id/img/c/900/006/900006657/3324-4-C-XXX-X5.jpg,https://pemilu2019.kpu.go.id/img/c/900/006/900006657/3324-4-C-XXX-X6.jpg
1320533203334900006684,ACEH,ACEH UTARA,LHOKSUKON,BLANG,TPS 1,2019-10-24 05:00:04,20,187,301,215,215,207,8,https://pemilu2019.kpu.go.id/img/c/900/006/900006684/3334-1-C-XXX-X5.jpg,https://pemilu2019.kpu.go.id/img/c/900/006/900006684/3334-1-C-XXX-X6.jpg
1320533203334900006685,ACEH,ACEH UTARA,LHOKSUKON,BLANG,TPS 2,2019-10-24 05:00:04,20,198,297,221,221,218,3,https://pemilu2019.kpu.go.id/img/c/900/006/900006685/3334-2-C-XXX-X5.jpg,https://pemilu2019.kpu.go.id/img/c/900/006/900006685/3334-2-C-XXX-X6.jpg
1320533203334900006686,ACEH,ACEH UTARA,LHOKSUKON,BLANG,TPS 3,2019-10-24 05:00:04,16,202,296,222,222,218,4,https://pemilu2019.kpu.go.id/img/c/900/006/900006686/3334-3-C-XXX-X5.jpg,https://pemilu2019.kpu.go.id/img/c/900/006/900006686/3334-3-C-XXX-X6.jpg
1320533203325900006658,ACEH,ACEH UTARA,LHOKSUKON,BLANG AMAN,TPS 1,2019-10-24 05:00:04,2,149,201,149,149,149,0,https://pemilu2019.kpu.go.id/img/c/900/006/900006658/1-3325-1-C-XXX-X5.jpg,https://pemilu2019.kpu.go.id/img/c/900/006/900006658/1-3325-1-C-XXX-X6.jpg
1320533203325900006659,ACEH,ACEH UTARA,LHOKSUKON,BLANG AMAN,TPS 2,2019-10-24 05:00:04,3,131,199,137,137,134,3,https://pemilu2019.kpu.go.id/img/c/900/006/900006659/1-3325-2-C-XXX-X5.jpg,https://pemilu2019.kpu.go.id/img/c/900/006/900006659/1-3325-2-C-XXX-X6.jpg
1320533203327900006661,ACEH,ACEH UTARA,LHOKSUKON,BLANG RUBEK,TPS 1,2019-10-24 05:00:04,7,194,284,204,204,201,3,https://pemilu2019.kpu.go.id/img/c/900/006/900006661/2-3327-1-C-XXX-X5.jpg,https://pemilu2019.kpu.go.id/img/c/900/006/900006661/2-3327-1-C-XXX-X6.jpg
1320533203396900006788,ACEH,ACEH UTARA,LHOKSUKON,BUKET HAGU,TPS 1,2019-10-24 05:00:04,50,166,280,221,221,216,5,https://pemilu2019.kpu.go.id/img/c/900/006/900006788/3-3396-1-C-XXX-X5.jpg,https://pemilu2019.kpu.go.id/img/c/900/006/900006788/3-3396-1-C-XXX-X6.jpg
1320533203396900006789,ACEH,ACEH UTARA,LHOKSUKON,BUKET HAGU,TPS 2,2019-10-24 05:00:04,51,175,278,227,227,226,1,https://pemilu2019.kpu.go.id/img/c/900/006/900006789/3-3396-2-C-XXX-X5.jpg,https://pemilu2019.kpu.go.id/img/c/900/006/900006789/3-3396-2-C-XXX-X6.jpg
1320533203396900006790,ACEH,ACEH UTARA,LHOKSUKON,BUKET HAGU,TPS 3,2019-10-24 05:00:04,51,151,286,204,204,202,2,https://pemilu2019.kpu.go.id/img/c/900/006/900006790/3396-3-C-XXX-X5.jpg,https://pemilu2019.kpu.go.id/img/c/900/006/900006790/3396-3-C-XXX-X6.jpg
1320533203396900006791,ACEH,ACEH UTARA,LHOKSUKON,BUKET HAGU,TPS 4,2019-10-24 05:00:04,22,196,284,222,222,218,4,https://pemilu2019.kpu.go.id/img/c/900/006/900006791/3396-4-C-XXX-X5.jpg,https://pemilu2019.kpu.go.id/img/c/900/006/900006791/3396-4-C-XXX-X6.jpg
1320533203396900006792,ACEH,ACEH UTARA,LHOKSUKON,BUKET HAGU,TPS 5,2019-10-24 05:00:04,29,180,299,212,212,209,3,https://pemilu2019.kpu.go.id/img/c/900/006/900006792/2-3396-5-C-XXX-X5.jpg,https://pemilu2019.kpu.go.id/img/c/900/006/900006792/2-3396-5-C-XXX-X6.jpg
1320533203396900006793,ACEH,ACEH UTARA,LHOKSUKON,BUKET HAGU,TPS 6,2019-10-24 05:00:04,36,194,274,230,231,230,1,https://pemilu2019.kpu.go.id/img/c/900/006/900006793/2-3396-6-C-XXX-X5.jpg,https://pemilu2019.kpu.go.id/img/c/900/006/900006793/2-3396-6-C-XXX-X6.jpg
1320533203396900006794,ACEH,ACEH UTARA,LHOKSUKON,BUKET HAGU,TPS 7,2019-10-24 05:00:04,87,114,295,202,202,201,1,https://pemilu2019.kpu.go.id/img/c/900/006/900006794/3396-7-C-XXX-X5.jpg,https://pemilu2019.kpu.go.id/img/c/900/006/900006794/3396-7-C-XXX-X6.jpg
1320533203390900006782,ACEH,ACEH UTARA,LHOKSUKON,BUKET KREUNG,TPS 1,2019-10-24 05:00:04,22,75,148,100,100,97,3,https://pemilu2019.kpu.go.id/img/c/900/006/900006782/4-3390-1-C-XXX-X5.jpg,https://pemilu2019.kpu.go.id/img/c/900/006/900006782/4-3390-1-C-XXX-X6.jpg
1320533203388900006780,ACEH,ACEH UTARA,LHOKSUKON,BUKET ME,TPS 1,2019-10-24 05:00:04,6,132,183,148,148,138,10,https://pemilu2019.kpu.go.id/img/c/900/006/900006780/3388-1-C-XXX-X5.jpg,https://pemilu2019.kpu.go.id/img/c/900/006/900006780/3388-1-C-XXX-X6.jpg
1320533203335900006687,ACEH,ACEH UTARA,LHOKSUKON,BUKET SEUNTANG,TPS 1,2019-10-24 05:00:04,19,47,83,68,68,66,2,https://pemilu2019.kpu.go.id/img/c/900/006/900006687/1-3335-1-C-XXX-X5.jpg,https://pemilu2019.kpu.go.id/img/c/900/006/900006687/1-3335-1-C-XXX-X6.jpg
1320533203383900006772,ACEH,ACEH UTARA,LHOKSUKON,BULOH,TPS 1,2019-10-24 05:00:04,4,112,163,124,124,116,8,https://pemilu2019.kpu.go.id/img/c/900/006/900006772/5-3383-1-C-XXX-X5.jpg,https://pemilu2019.kpu.go.id/img/c/900/006/900006772/5-3383-1-C-XXX-X6.jpg
1320533203383900006773,ACEH,ACEH UTARA,LHOKSUKON,BULOH,TPS 2,2019-10-24 05:00:04,15,118,165,136,136,133,3,https://pemilu2019.kpu.go.id/img/c/900/006/900006773/3383-2-C-XXX-X5.jpg,https://pemilu2019.kpu.go.id/img/c/900/006/900006773/3383-2-C-XXX-X6.jpg
1320533203333900006681,ACEH,ACEH UTARA,LHOKSUKON,CEUBREK,TPS 1,2019-10-24 05:00:04,22,180,248,207,207,202,5,https://pemilu2019.kpu.go.id/img/c/900/006/900006681/3333-1-C-XXX-X5.jpg,https://pemilu2019.kpu.go.id/img/c/900/006/900006681/3333-1-C-XXX-X6.jpg
1320533203333900006682,ACEH,ACEH UTARA,LHOKSUKON,CEUBREK,TPS 2,2019-10-24 05:00:04,10,188,258,200,200,198,2,https://pemilu2019.kpu.go.id/img/c/900/006/900006682/3333-2-C-XXX-X5.jpg,https://pemilu2019.kpu.go.id/img/c/900/006/900006682/3333-2-C-XXX-X6.jpg
1320533203333900006683,ACEH,ACEH UTARA,LHOKSUKON,CEUBREK,TPS 3,2019-10-24 05:00:04,18,159,242,180,180,177,3,https://pemilu2019.kpu.go.id/img/c/900/006/900006683/3333-3-C-XXX-X5.jpg,https://pemilu2019.kpu.go.id/img/c/900/006/900006683/3333-3-C-XXX-X6.jpg
1320533203326900006660,ACEH,ACEH UTARA,LHOKSUKON,COT ARA,TPS 1,2019-10-24 05:00:04,15,140,204,166,166,155,11,https://pemilu2019.kpu.go.id/img/c/900/006/900006660/1-3326-1-C-XXX-X5.jpg,https://pemilu2019.kpu.go.id/img/c/900/006/900006660/1-3326-1-C-XXX-X6.jpg
1320533203381900006770,ACEH,ACEH UTARA,LHOKSUKON,COT ASAN,TPS 1,2019-10-24 05:00:04,6,124,157,136,136,136,0,https://pemilu2019.kpu.go.id/img/c/900/006/900006770/1-3381-1-C-XXX-X5.jpg,https://pemilu2019.kpu.go.id/img/c/900/006/900006770/1-3381-1-C-XXX-X6.jpg
1320533203339900006694,ACEH,ACEH UTARA,LHOKSUKON,COT GLUMPANG,TPS 1,2019-10-24 05:00:04,4,116,141,121,121,120,1,https://pemilu2019.kpu.go.id/img/c/900/006/900006694/3339-1-C-XXX-X5.jpg,https://pemilu2019.kpu.go.id/img/c/900/006/900006694/3339-1-C-XXX-X6.jpg
1320533203323900006652,ACEH,ACEH UTARA,LHOKSUKON,COT U SIBAK,TPS 1,2019-10-24 05:00:04,11,117,201,135,135,128,7,https://pemilu2019.kpu.go.id/img/c/900/006/900006652/1-3323-1-C-XXX-X5.jpg,https://pemilu2019.kpu.go.id/img/c/900/006/900006652/1-3323-1-C-XXX-X6.jpg
1320533203323900006653,ACEH,ACEH UTARA,LHOKSUKON,COT U SIBAK,TPS 2,2019-10-24 05:00:04,21,109,181,133,133,130,3,https://pemilu2019.kpu.go.id/img/c/900/006/900006653/1-3323-2-C-XXX-X35.jpg,https://pemilu2019.kpu.go.id/img/c/900/006/900006653/1-3323-2-C-XXX-X36.jpg
1320533203362900006737,ACEH,ACEH UTARA,LHOKSUKON,DAYAH LB,TPS 1,2019-10-24 05:00:04,17,135,279,159,159,152,7,https://pemilu2019.kpu.go.id/img/c/900/006/900006737/3362-1-C-XXX-X5.jpg,https://pemilu2019.kpu.go.id/img/c/900/006/900006737/3362-1-C-XXX-X6.jpg
1320533203362900006738,ACEH,ACEH UTARA,LHOKSUKON,DAYAH LB,TPS 2,2019-10-24 05:00:04,7,142,260,152,152,149,3,https://pemilu2019.kpu.go.id/img/c/900/006/900006738/3362-2-C-XXX-X5.jpg,https://pemilu2019.kpu.go.id/img/c/900/006/900006738/3362-2-C-XXX-X6.jpg
1320533203362900006739,ACEH,ACEH UTARA,LHOKSUKON,DAYAH LB,TPS 3,2019-10-24 05:00:04,18,135,250,157,157,153,4,https://pemilu2019.kpu.go.id/img/c/900/006/900006739/3362-3-C-XXX-X5.jpg,https://pemilu2019.kpu.go.id/img/c/900/006/900006739/3362-3-C-XXX-X6.jpg
1320533203362900006740,ACEH,ACEH UTARA,LHOKSUKON,DAYAH LB,TPS 4,2019-10-24 05:00:04,13,136,259,154,154,149,5,https://pemilu2019.kpu.go.id/img/c/900/006/900006740/3362-4-C-XXX-X5.jpg,https://pemilu2019.kpu.go.id/img/c/900/006/900006740/3362-4-C-XXX-X6.jpg
1320533203362900006741,ACEH,ACEH UTARA,LHOKSUKON,DAYAH LB,TPS 5,2019-10-24 05:00:04,11,101,251,113,113,112,1,https://pemilu2019.kpu.go.id/img/c/900/006/900006741/3362-5-C-XXX-X5.jpg,https://pemilu2019.kpu.go.id/img/c/900/006/900006741/3362-5-C-XXX-X6.jpg
1320533203365900006746,ACEH,ACEH UTARA,LHOKSUKON,DAYAH LHOKSUKON TEUNGOH,TPS 1,2019-10-24 05:00:04,12,158,225,173,173,170,3,https://pemilu2019.kpu.go.id/img/c/900/006/900006746/1-3365-1-C-XXX-X5.jpg,https://pemilu2019.kpu.go.id/img/c/900/006/900006746/1-3365-1-C-XXX-X6.jpg
1320533203350900006716,ACEH,ACEH UTARA,LHOKSUKON,GEULINGANG,TPS 1,2019-10-24 05:00:04,10,157,208,168,168,167,1,https://pemilu2019.kpu.go.id/img/c/900/006/900006716/2-3350-1-C-XXX-X5.jpg,https://pemilu2019.kpu.go.id/img/c/900/006/900006716/2-3350-1-C-XXX-X6.jpg
1320533203350900006717,ACEH,ACEH UTARA,LHOKSUKON,GEULINGANG,TPS 2,2019-10-24 05:00:04,10,145,207,155,155,155,0,https://pemilu2019.kpu.go.id/img/c/900/006/900006717/1-3350-2-C-XXX-X35.jpg,https://pemilu2019.kpu.go.id/img/c/900/006/900006717/1-3350-2-C-XXX-X36.jpg
1320533203363900006742,ACEH,ACEH UTARA,LHOKSUKON,GEUMATA,TPS 1,2019-10-24 05:00:04,10,129,177,142,142,139,3,https://pemilu2019.kpu.go.id/img/c/900/006/900006742/3363-1-C1-PPWP-X1.jpg,https://pemilu2019.kpu.go.id/img/c/900/006/900006742/3363-1-C1-PPWP-X2.jpg
1320533203363900006743,ACEH,ACEH UTARA,LHOKSUKON,GEUMATA,TPS 2,2019-10-24 05:00:04,20,139,211,160,160,159,1,https://pemilu2019.kpu.go.id/img/c/900/006/900006743/3363-2-C1-PPWP-X1.jpg,https://pemilu2019.kpu.go.id/img/c/900/006/900006743/3363-2-C1-PPWP-X2.jpg
1320533203363900006744,ACEH,ACEH UTARA,LHOKSUKON,GEUMATA,TPS 3,2019-10-24 05:00:04,19,132,207,155,155,151,4,https://pemilu2019.kpu.go.id/img/c/900/006/900006744/3363-3-C-XXX-X5.jpg,https://pemilu2019.kpu.go.id/img/c/900/006/900006744/3363-3-C-XXX-X6.jpg
1320533203384900006774,ACEH,ACEH UTARA,LHOKSUKON,GLUMPANG,TPS 1,2019-10-24 05:00:04,8,72,158,83,84,80,4,https://pemilu2019.kpu.go.id/img/c/900/006/900006774/3-3384-1-C-XXX-X5.jpg,https://pemilu2019.kpu.go.id/img/c/900/006/900006774/3-3384-1-C-XXX-X6.jpg
1320533203384900006775,ACEH,ACEH UTARA,LHOKSUKON,GLUMPANG,TPS 2,2019-10-24 05:00:04,12,109,280,126,126,121,5,https://pemilu2019.kpu.go.id/img/c/900/006/900006775/2-3384-2-C-XXX-X5.jpg,https://pemilu2019.kpu.go.id/img/c/900/006/900006775/2-3384-2-C-XXX-X6.jpg
1320533203370900006752,ACEH,ACEH UTARA,LHOKSUKON,GRONG-GRONG,TPS 1,2019-10-24 05:00:04,20,158,227,184,184,178,6,https://pemilu2019.kpu.go.id/img/c/900/006/900006752/1-3370-1-C1-PPWP-X1.jpg,https://pemilu2019.kpu.go.id/img/c/900/006/900006752/1-3370-1-C1-PPWP-X2.jpg
1320533203378900006763,ACEH,ACEH UTARA,LHOKSUKON,JOK,TPS 1,2019-10-24 05:00:04,41,101,216,152,152,143,9,https://pemilu2019.kpu.go.id/img/c/900/006/900006763/2-3378-1-C-XXX-X5.jpg,https://pemilu2019.kpu.go.id/img/c/900/006/900006763/2-3378-1-C-XXX-X6.jpg
1320533203378900006764,ACEH,ACEH UTARA,LHOKSUKON,JOK,TPS 2,2019-10-24 05:00:04,46,138,235,186,186,184,2,https://pemilu2019.kpu.go.id/img/c/900/006/900006764/2-3378-2-C-XXX-X5.jpg,https://pemilu2019.kpu.go.id/img/c/900/006/900006764/2-3378-2-C-XXX-X6.jpg
1320533203359900006733,ACEH,ACEH UTARA,LHOKSUKON,KEUTAPANG,TPS 1,2019-10-24 05:00:04,15,119,164,139,139,134,5,https://pemilu2019.kpu.go.id/img/c/900/006/900006733/1-3359-1-C-XXX-X5.jpg,https://pemilu2019.kpu.go.id/img/c/900/006/900006733/1-3359-1-C-XXX-X6.jpg
1320533203359900006734,ACEH,ACEH UTARA,LHOKSUKON,KEUTAPANG,TPS 2,2019-10-24 05:00:04,18,122,169,147,147,140,7,https://pemilu2019.kpu.go.id/img/c/900/006/900006734/1-3359-2-C-XXX-X5.jpg,https://pemilu2019.kpu.go.id/img/c/900/006/900006734/1-3359-2-C-XXX-X6.jpg
1320533203321900006644,ACEH,ACEH UTARA,LHOKSUKON,KOTA LHOKSUKON,TPS 1,2019-10-24 05:00:04,3,103,188,115,115,106,9,https://pemilu2019.kpu.go.id/img/c/900/006/900006644/1-3321-1-C-XXX-X5.jpg,https://pemilu2019.kpu.go.id/img/c/900/006/900006644/1-3321-1-C-XXX-X6.jpg
1320533203321900006645,ACEH,ACEH UTARA,LHOKSUKON,KOTA LHOKSUKON,TPS 2,2019-10-24 05:00:04,33,162,311,200,200,195,5,https://pemilu2019.kpu.go.id/img/c/900/006/900006645/1-3321-2-C-XXX-X5.jpg,https://pemilu2019.kpu.go.id/img/c/900/006/900006645/1-3321-2-C-XXX-X6.jpg
1320533203321900006646,ACEH,ACEH UTARA,LHOKSUKON,KOTA LHOKSUKON,TPS 3,2019-10-24 05:00:04,20,180,316,202,202,200,2,https://pemilu2019.kpu.go.id/img/c/900/006/900006646/2-3321-3-C-XXX-X5.jpg,https://pemilu2019.kpu.go.id/img/c/900/006/900006646/2-3321-3-C-XXX-X6.jpg
1320533203321900006647,ACEH,ACEH UTARA,LHOKSUKON,KOTA LHOKSUKON,TPS 4,2019-10-24 05:00:04,10,155,325,168,168,165,3,https://pemilu2019.kpu.go.id/img/c/900/006/900006647/1-3321-4-C-XXX-X5.jpg,https://pemilu2019.kpu.go.id/img/c/900/006/900006647/1-3321-4-C-XXX-X6.jpg
1320533203321900006648,ACEH,ACEH UTARA,LHOKSUKON,KOTA LHOKSUKON,TPS 5,2019-10-24 05:00:04,29,154,321,183,183,183,0,https://pemilu2019.kpu.go.id/img/c/900/006/900006648/1-3321-5-C-XXX-X5.jpg,https://pemilu2019.kpu.go.id/img/c/900/006/900006648/1-3321-5-C-XXX-X6.jpg
1320533203321900006649,ACEH,ACEH UTARA,LHOKSUKON,KOTA LHOKSUKON,TPS 6,2019-10-24 05:00:04,38,136,296,174,174,174,0,https://pemilu2019.kpu.go.id/img/c/900/006/900006649/1-3321-6-C-XXX-X5.jpg,https://pemilu2019.kpu.go.id/img/c/900/006/900006649/1-3321-6-C-XXX-X6.jpg
1320533203321900006650,ACEH,ACEH UTARA,LHOKSUKON,KOTA LHOKSUKON,TPS 7,2019-10-24 05:00:04,33,169,341,207,207,202,5,https://pemilu2019.kpu.go.id/img/c/900/006/900006650/1-3321-7-C1-PPWP-X1.jpg,https://pemilu2019.kpu.go.id/img/c/900/006/900006650/1-3321-7-C1-PPWP-X2.jpg
1320533203321900006651,ACEH,ACEH UTARA,LHOKSUKON,KOTA LHOKSUKON,TPS 8,2019-10-24 05:00:04,6,114,191,140,140,120,20,https://pemilu2019.kpu.go.id/img/c/900/006/900006651/1-3321-8-C-XXX-X5.jpg,https://pemilu2019.kpu.go.id/img/c/900/006/900006651/1-3321-8-C-XXX-X6.jpg
1320533203368900006749,ACEH,ACEH UTARA,LHOKSUKON,KRUENG,TPS 1,2019-10-24 05:00:04,8,110,147,121,121,118,3,https://pemilu2019.kpu.go.id/img/c/900/006/900006749/1-3368-1-C-XXX-X5.jpg,https://pemilu2019.kpu.go.id/img/c/900/006/900006749/1-3368-1-C-XXX-X6.jpg
1320533203375900006759,ACEH,ACEH UTARA,LHOKSUKON,KUMBANG,TPS 1,2019-10-24 05:00:04,22,119,200,147,147,141,6,https://pemilu2019.kpu.go.id/img/c/900/006/900006759/2-3375-1-C-XXX-X5.jpg,https://pemilu2019.kpu.go.id/img/c/900/006/900006759/2-3375-1-C-XXX-X6.jpg
1320533203375900006760,ACEH,ACEH UTARA,LHOKSUKON,KUMBANG,TPS 2,2019-10-24 05:00:04,19,149,215,169,169,168,1,https://pemilu2019.kpu.go.id/img/c/900/006/900006760/1-3375-2-C-XXX-X5.jpg,https://pemilu2019.kpu.go.id/img/c/900/006/900006760/1-3375-2-C-XXX-X6.jpg
1320533203338900006692,ACEH,ACEH UTARA,LHOKSUKON,LEUBOK,TPS 1,2019-10-24 05:00:04,5,133,141,141,141,138,3,https://pemilu2019.kpu.go.id/img/c/900/006/900006692/1-3338-1-C-XXX-X5.jpg,https://pemilu2019.kpu.go.id/img/c/900/006/900006692/1-3338-1-C-XXX-X6.jpg
1320533203338900006693,ACEH,ACEH UTARA,LHOKSUKON,LEUBOK,TPS 2,2019-10-24 05:00:04,13,124,179,140,140,137,3,https://pemilu2019.kpu.go.id/img/c/900/006/900006693/1-3338-2-C-XXX-X5.jpg,https://pemilu2019.kpu.go.id/img/c/900/006/900006693/1-3338-2-C-XXX-X6.jpg
1320533203380900006768,ACEH,ACEH UTARA,LHOKSUKON,LHOK KAREUNG,TPS 1,2019-10-24 05:00:04,18,69,152,95,95,87,8,https://pemilu2019.kpu.go.id/img/c/900/006/900006768/1-3380-1-C-XXX-X5.jpg,https://pemilu2019.kpu.go.id/img/c/900/006/900006768/1-3380-1-C-XXX-X6.jpg
1320533203380900006769,ACEH,ACEH UTARA,LHOKSUKON,LHOK KAREUNG,TPS 2,2019-10-24 05:00:04,17,85,150,109,109,102,7,https://pemilu2019.kpu.go.id/img/c/900/006/900006769/1-3380-2-C-XXX-X35.jpg,https://pemilu2019.kpu.go.id/img/c/900/006/900006769/1-3380-2-C-XXX-X36.jpg
1320533203392900006784,ACEH,ACEH UTARA,LHOKSUKON,LHOK SEUNTANG,TPS 1,2019-10-24 05:00:04,22,153,237,180,180,175,5,https://pemilu2019.kpu.go.id/img/c/900/006/900006784/3392-1-C-XXX-X5.jpg,https://pemilu2019.kpu.go.id/img/c/900/006/900006784/3392-1-C-XXX-X6.jpg
1320533203342900006698,ACEH,ACEH UTARA,LHOKSUKON,MANCANG,TPS 1,2019-10-24 05:00:04,14,163,260,182,182,177,5,https://pemilu2019.kpu.go.id/img/c/900/006/900006698/1-3342-1-C-XXX-X5.jpg,https://pemilu2019.kpu.go.id/img/c/900/006/900006698/1-3342-1-C-XXX-X6.jpg
1320533203342900006699,ACEH,ACEH UTARA,LHOKSUKON,MANCANG,TPS 2,2019-10-24 05:00:04,20,189,256,212,212,209,3,https://pemilu2019.kpu.go.id/img/c/900/006/900006699/4-3342-2-C-XXX-X5.jpg,https://pemilu2019.kpu.go.id/img/c/900/006/900006699/4-3342-2-C-XXX-X6.jpg
1320533203379900006765,ACEH,ACEH UTARA,LHOKSUKON,MANYANG,TPS 1,2019-10-24 05:00:04,10,215,275,227,227,225,2,https://pemilu2019.kpu.go.id/img/c/900/006/900006765/1-3379-1-C-XXX-X5.jpg,https://pemilu2019.kpu.go.id/img/c/900/006/900006765/1-3379-1-C-XXX-X6.jpg
1320533203379900006766,ACEH,ACEH UTARA,LHOKSUKON,MANYANG,TPS 2,2019-10-24 05:00:04,21,166,290,194,194,187,7,https://pemilu2019.kpu.go.id/img/c/900/006/900006766/1-3379-2-C-XXX-X5.jpg,https://pemilu2019.kpu.go.id/img/c/900/006/900006766/1-3379-2-C-XXX-X6.jpg
1320533203379900006767,ACEH,ACEH UTARA,LHOKSUKON,MANYANG,TPS 3,2019-10-24 05:00:04,20,157,258,187,187,177,10,https://pemilu2019.kpu.go.id/img/c/900/006/900006767/1-3379-3-C1-PPWP-X1.jpg,https://pemilu2019.kpu.go.id/img/c/900/006/900006767/1-3379-3-C1-PPWP-X2.jpg
1320533203394900006786,ACEH,ACEH UTARA,LHOKSUKON,MATA IE,TPS 1,2019-10-24 05:00:04,11,115,169,134,134,126,8,https://pemilu2019.kpu.go.id/img/c/900/006/900006786/1-3394-1-C-XXX-X5.jpg,https://pemilu2019.kpu.go.id/img/c/900/006/900006786/1-3394-1-C-XXX-X6.jpg
1320533203360900006735,ACEH,ACEH UTARA,LHOKSUKON,MATANG MUNJEE,TPS 1,2019-10-24 05:00:04,5,131,173,142,142,136,6,https://pemilu2019.kpu.go.id/img/c/900/006/900006735/2-3360-1-C-XXX-X5.jpg,https://pemilu2019.kpu.go.id/img/c/900/006/900006735/2-3360-1-C-XXX-X6.jpg
1320533203343900006700,ACEH,ACEH UTARA,LHOKSUKON,MATANG PUPANJI,TPS 1,2019-10-24 05:00:04,17,118,186,147,147,135,12,https://pemilu2019.kpu.go.id/img/c/900/006/900006700/3343-1-C-XXX-X5.jpg,https://pemilu2019.kpu.go.id/img/c/900/006/900006700/3343-1-C-XXX-X6.jpg
1320533203345900006704,ACEH,ACEH UTARA,LHOKSUKON,MATANG TEUNGOH AB,TPS 1,2019-10-24 05:00:04,6,184,225,200,200,190,10,https://pemilu2019.kpu.go.id/img/c/900/006/900006704/3345-1-C-XXX-X5.jpg,https://pemilu2019.kpu.go.id/img/c/900/006/900006704/3345-1-C-XXX-X6.jpg
1320533203345900006705,ACEH,ACEH UTARA,LHOKSUKON,MATANG TEUNGOH AB,TPS 2,2019-10-24 05:00:04,11,178,229,191,191,189,2,https://pemilu2019.kpu.go.id/img/c/900/006/900006705/3345-2-C-XXX-X5.jpg,https://pemilu2019.kpu.go.id/img/c/900/006/900006705/3345-2-C-XXX-X6.jpg
1320533203386900006778,ACEH,ACEH UTARA,LHOKSUKON,MATA U,TPS 1,2019-10-24 05:00:04,17,76,124,97,97,93,4,https://pemilu2019.kpu.go.id/img/c/900/006/900006778/1-3386-1-C-XXX-X5.jpg,https://pemilu2019.kpu.go.id/img/c/900/006/900006778/1-3386-1-C-XXX-X6.jpg
1320533203387900006779,ACEH,ACEH UTARA,LHOKSUKON,MEUCAT,TPS 1,2019-10-24 05:00:04,13,60,102,75,75,73,2,https://pemilu2019.kpu.go.id/img/c/900/006/900006779/3387-1-C-XXX-X5.jpg,https://pemilu2019.kpu.go.id/img/c/900/006/900006779/3387-1-C-XXX-X6.jpg
1320533203331900006674,ACEH,ACEH UTARA,LHOKSUKON,MEUNYEU MATANG UBI,TPS 1,2019-10-24 05:00:04,22,128,248,154,154,150,4,https://pemilu2019.kpu.go.id/img/c/900/006/900006674/3331-1-C-XXX-X5.jpg,https://pemilu2019.kpu.go.id/img/c/900/006/900006674/3331-1-C-XXX-X6.jpg
1320533203331900006675,ACEH,ACEH UTARA,LHOKSUKON,MEUNYEU MATANG UBI,TPS 2,2019-10-24 05:00:04,15,134,216,153,153,149,4,https://pemilu2019.kpu.go.id/img/c/900/006/900006675/3331-2-C-XXX-X5.jpg,https://pemilu2019.kpu.go.id/img/c/900/006/900006675/3331-2-C-XXX-X6.jpg
1320533203331900006676,ACEH,ACEH UTARA,LHOKSUKON,MEUNYEU MATANG UBI,TPS 3,2019-10-24 05:00:04,13,162,210,179,179,175,4,https://pemilu2019.kpu.go.id/img/c/900/006/900006676/3331-3-C-XXX-X5.jpg,https://pemilu2019.kpu.go.id/img/c/900/006/900006676/3331-3-C-XXX-X6.jpg
1320533203364900006745,ACEH,ACEH UTARA,LHOKSUKON,MEUREUBO,TPS 1,2019-10-24 05:00:04,4,195,267,200,200,199,1,https://pemilu2019.kpu.go.id/img/c/900/006/900006745/1-3364-1-C-XXX-X5.jpg,https://pemilu2019.kpu.go.id/img/c/900/006/900006745/1-3364-1-C-XXX-X6.jpg
1320533203374900006758,ACEH,ACEH UTARA,LHOKSUKON,MEURIA,TPS 1,2019-10-24 05:00:04,20,88,145,121,121,108,13,https://pemilu2019.kpu.go.id/img/c/900/006/900006758/1-3374-1-C1-PPWP-X1.jpg,https://pemilu2019.kpu.go.id/img/c/900/006/900006758/1-3374-1-C1-PPWP-X2.jpg
1320533203358900006731,ACEH,ACEH UTARA,LHOKSUKON,NGA LHOKSUKON BRT,TPS 1,2019-10-24 05:00:04,3,125,162,133,133,128,5,https://pemilu2019.kpu.go.id/img/c/900/006/900006731/1-3358-1-C-XXX-X5.jpg,https://pemilu2019.kpu.go.id/img/c/900/006/900006731/1-3358-1-C-XXX-X6.jpg
1320533203358900006732,ACEH,ACEH UTARA,LHOKSUKON,NGA LHOKSUKON BRT,TPS 2,2019-10-24 05:00:04,7,123,153,132,132,130,2,https://pemilu2019.kpu.go.id/img/c/900/006/900006732/1-3358-2-C-XXX-X5.jpg,https://pemilu2019.kpu.go.id/img/c/900/006/900006732/1-3358-2-C-XXX-X6.jpg
1320533203373900006756,ACEH,ACEH UTARA,LHOKSUKON,NGA LHOKSUKON TGH.,TPS 1,2019-10-24 05:00:04,21,163,232,193,193,184,9,https://pemilu2019.kpu.go.id/img/c/900/006/900006756/3-3373-1-C-XXX-X5.jpg,https://pemilu2019.kpu.go.id/img/c/900/006/900006756/3-3373-1-C-XXX-X6.jpg
1320533203373900006757,ACEH,ACEH UTARA,LHOKSUKON,NGA LHOKSUKON TGH.,TPS 2,2019-10-24 05:00:04,22,133,217,163,163,155,8,https://pemilu2019.kpu.go.id/img/c/900/006/900006757/5-3373-2-C-XXX-X5.jpg,https://pemilu2019.kpu.go.id/img/c/900/006/900006757/5-3373-2-C-XXX-X6.jpg
1320533203328900006662,ACEH,ACEH UTARA,LHOKSUKON,NGA MATANG UBI,TPS 1,2019-10-24 05:00:04,12,156,276,174,174,168,6,https://pemilu2019.kpu.go.id/img/c/900/006/900006662/3328-1-C-XXX-X5.jpg,https://pemilu2019.kpu.go.id/img/c/900/006/900006662/3328-1-C-XXX-X6.jpg
1320533203328900006663,ACEH,ACEH UTARA,LHOKSUKON,NGA MATANG UBI,TPS 2,2019-10-24 05:00:04,23,114,259,147,147,137,10,https://pemilu2019.kpu.go.id/img/c/900/006/900006663/3328-2-C-XXX-X5.jpg,https://pemilu2019.kpu.go.id/img/c/900/006/900006663/3328-2-C-XXX-X6.jpg
1320533203328900006664,ACEH,ACEH UTARA,LHOKSUKON,NGA MATANG UBI,TPS 3,2019-10-24 05:00:04,24,119,255,149,149,143,6,https://pemilu2019.kpu.go.id/img/c/900/006/900006664/3328-3-C-XXX-X5.jpg,https://pemilu2019.kpu.go.id/img/c/900/006/900006664/3328-3-C-XXX-X6.jpg
1320533203328900006665,ACEH,ACEH UTARA,LHOKSUKON,NGA MATANG UBI,TPS 4,2019-10-24 05:00:04,19,126,280,149,149,145,4,https://pemilu2019.kpu.go.id/img/c/900/006/900006665/3328-4-C-XXX-X5.jpg,https://pemilu2019.kpu.go.id/img/c/900/006/900006665/3328-4-C-XXX-X6.jpg
1320533203328900006666,ACEH,ACEH UTARA,LHOKSUKON,NGA MATANG UBI,TPS 5,2019-10-24 05:00:04,18,132,262,156,156,150,6,https://pemilu2019.kpu.go.id/img/c/900/006/900006666/3328-5-C-XXX-X5.jpg,https://pemilu2019.kpu.go.id/img/c/900/006/900006666/3328-5-C-XXX-X6.jpg
1320533203346900006706,ACEH,ACEH UTARA,LHOKSUKON,PANTE,TPS 1,2019-10-24 05:00:04,2,148,249,161,161,156,5,https://pemilu2019.kpu.go.id/img/c/900/006/900006706/1-3346-1-C-XXX-X5.jpg,https://pemilu2019.kpu.go.id/img/c/900/006/900006706/1-3346-1-C-XXX-X6.jpg
1320533203346900006707,ACEH,ACEH UTARA,LHOKSUKON,PANTE,TPS 2,2019-10-24 05:00:04,15,135,234,151,151,150,1,https://pemilu2019.kpu.go.id/img/c/900/006/900006707/1-3346-2-C1-PPWP-X1.jpg,https://pemilu2019.kpu.go.id/img/c/900/006/900006707/1-3346-2-C1-PPWP-X2.jpg
1320533203346900006708,ACEH,ACEH UTARA,LHOKSUKON,PANTE,TPS 3,2019-10-24 05:00:04,19,150,248,170,170,169,1,https://pemilu2019.kpu.go.id/img/c/900/006/900006708/1-3346-3-C-XXX-X5.jpg,https://pemilu2019.kpu.go.id/img/c/900/006/900006708/1-3346-3-C-XXX-X6.jpg
1320533203361900006736,ACEH,ACEH UTARA,LHOKSUKON,PULO DULANG,TPS 1,2019-10-24 05:00:04,4,135,165,139,139,139,0,https://pemilu2019.kpu.go.id/img/c/900/006/900006736/2-3361-1-C-XXX-X5.jpg,https://pemilu2019.kpu.go.id/img/c/900/006/900006736/2-3361-1-C-XXX-X6.jpg
1320533203347900006709,ACEH,ACEH UTARA,LHOKSUKON,RAMBOT,TPS 1,2019-10-24 05:00:04,17,149,241,173,173,166,7,https://pemilu2019.kpu.go.id/img/c/900/006/900006709/1-3347-1-C-XXX-X5.jpg,https://pemilu2019.kpu.go.id/img/c/900/006/900006709/1-3347-1-C-XXX-X6.jpg
1320533203347900006710,ACEH,ACEH UTARA,LHOKSUKON,RAMBOT,TPS 2,2019-10-24 05:00:04,14,163,245,0,185,177,8,https://pemilu2019.kpu.go.id/img/c/900/006/900006710/2-3347-2-C1-PPWP-X1.jpg,https://pemilu2019.kpu.go.id/img/c/900/006/900006710/2-3347-2-C1-PPWP-X2.jpg
1320533203347900006711,ACEH,ACEH UTARA,LHOKSUKON,RAMBOT,TPS 3,2019-10-24 05:00:04,11,159,245,177,177,170,7,https://pemilu2019.kpu.go.id/img/c/900/006/900006711/1-3347-3-C-XXX-X5.jpg,https://pemilu2019.kpu.go.id/img/c/900/006/900006711/1-3347-3-C-XXX-X6.jpg
1320533203356900006727,ACEH,ACEH UTARA,LHOKSUKON,RANTO,TPS 1,2019-10-24 05:00:04,11,166,249,182,182,177,5,https://pemilu2019.kpu.go.id/img/c/900/006/900006727/1-3356-1-C-XXX-X5.jpg,https://pemilu2019.kpu.go.id/img/c/900/006/900006727/1-3356-1-C-XXX-X6.jpg
1320533203356900006728,ACEH,ACEH UTARA,LHOKSUKON,RANTO,TPS 2,2019-10-24 05:00:04,11,152,254,169,169,163,6,https://pemilu2019.kpu.go.id/img/c/900/006/900006728/1-3356-2-C-XXX-X5.jpg,https://pemilu2019.kpu.go.id/img/c/900/006/900006728/1-3356-2-C-XXX-X6.jpg
1320533203395900006787,ACEH,ACEH UTARA,LHOKSUKON,RAWA,TPS 1,2019-10-24 05:00:04,48,77,164,128,128,125,3,https://pemilu2019.kpu.go.id/img/c/900/006/900006787/3395-1-C-XXX-X5.jpg,https://pemilu2019.kpu.go.id/img/c/900/006/900006787/3395-1-C-XXX-X6.jpg
1320533203354900006725,ACEH,ACEH UTARA,LHOKSUKON,RAYEUK,TPS 1,2019-10-24 05:00:04,11,84,130,98,98,95,3,https://pemilu2019.kpu.go.id/img/c/900/006/900006725/2-3354-1-C-XXX-X5.jpg,https://pemilu2019.kpu.go.id/img/c/900/006/900006725/2-3354-1-C-XXX-X6.jpg
1320533203329900006667,ACEH,ACEH UTARA,LHOKSUKON,REUDEP,TPS 1,2019-10-24 05:00:04,25,156,295,187,187,181,6,https://pemilu2019.kpu.go.id/img/c/900/006/900006667/1-3329-1-C-XXX-X5.jpg,https://pemilu2019.kpu.go.id/img/c/900/006/900006667/1-3329-1-C-XXX-X6.jpg
1320533203329900006668,ACEH,ACEH UTARA,LHOKSUKON,REUDEP,TPS 2,2019-10-24 05:00:04,18,178,326,203,203,196,7,https://pemilu2019.kpu.go.id/img/c/900/006/900006668/1-3329-2-C-XXX-X5.jpg,https://pemilu2019.kpu.go.id/img/c/900/006/900006668/1-3329-2-C-XXX-X6.jpg
1320533203329900006669,ACEH,ACEH UTARA,LHOKSUKON,REUDEP,TPS 3,2019-10-24 05:00:04,25,139,296,169,169,164,5,https://pemilu2019.kpu.go.id/img/c/900/006/900006669/2-3329-3-C-XXX-X5.jpg,https://pemilu2019.kpu.go.id/img/c/900/006/900006669/2-3329-3-C-XXX-X6.jpg
1320533203329900006670,ACEH,ACEH UTARA,LHOKSUKON,REUDEP,TPS 4,2019-10-24 05:00:04,19,180,293,203,203,199,4,https://pemilu2019.kpu.go.id/img/c/900/006/900006670/1-3329-4-C-XXX-X5.jpg,https://pemilu2019.kpu.go.id/img/c/900/006/900006670/1-3329-4-C-XXX-X6.jpg
1320533203376900006761,ACEH,ACEH UTARA,LHOKSUKON,SENEUBOK DALAM,TPS 1,2019-10-24 05:00:04,13,171,270,188,188,184,4,https://pemilu2019.kpu.go.id/img/c/900/006/900006761/1-3376-1-C-XXX-X5.jpg,https://pemilu2019.kpu.go.id/img/c/900/006/900006761/1-3376-1-C-XXX-X6.jpg
1320533203353900006723,ACEH,ACEH UTARA,LHOKSUKON,TEUNGOH LB,TPS 1,2019-10-24 05:00:04,14,153,218,171,171,167,4,https://pemilu2019.kpu.go.id/img/c/900/006/900006723/4-3353-1-C-XXX-X5.jpg,https://pemilu2019.kpu.go.id/img/c/900/006/900006723/4-3353-1-C-XXX-X6.jpg
1320533203353900006724,ACEH,ACEH UTARA,LHOKSUKON,TEUNGOH LB,TPS 2,2019-10-24 05:00:04,7,154,230,163,163,161,2,https://pemilu2019.kpu.go.id/img/c/900/006/900006724/1-3353-2-C-XXX-X35.jpg,https://pemilu2019.kpu.go.id/img/c/900/006/900006724/1-3353-2-C-XXX-X36.jpg
1320533203385900006776,ACEH,ACEH UTARA,LHOKSUKON,TEUNGOH LT,TPS 1,2019-10-24 05:00:04,13,109,175,126,126,122,4,https://pemilu2019.kpu.go.id/img/c/900/006/900006776/3385-1-C-XXX-X5.jpg,https://pemilu2019.kpu.go.id/img/c/900/006/900006776/3385-1-C-XXX-X6.jpg
1320533203385900006777,ACEH,ACEH UTARA,LHOKSUKON,TEUNGOH LT,TPS 2,2019-10-24 05:00:04,17,94,179,117,117,111,6,https://pemilu2019.kpu.go.id/img/c/900/006/900006777/3385-2-C-XXX-X5.jpg,https://pemilu2019.kpu.go.id/img/c/900/006/900006777/3385-2-C-XXX-X6.jpg
1320533203372900006754,ACEH,ACEH UTARA,LHOKSUKON,TEUPIN KEUBEU,TPS 1,2019-10-24 05:00:04,12,95,138,111,111,107,4,https://pemilu2019.kpu.go.id/img/c/900/006/900006754/2-3372-1-C-XXX-X5.jpg,https://pemilu2019.kpu.go.id/img/c/900/006/900006754/2-3372-1-C-XXX-X6.jpg
1320533203372900006755,ACEH,ACEH UTARA,LHOKSUKON,TEUPIN KEUBEU,TPS 2,2019-10-24 05:00:04,9,105,157,116,116,114,2,https://pemilu2019.kpu.go.id/img/c/900/006/900006755/1-3372-2-C-XXX-X5.jpg,https://pemilu2019.kpu.go.id/img/c/900/006/900006755/1-3372-2-C-XXX-X6.jpg
1320533203332900006677,ACEH,ACEH UTARA,LHOKSUKON,TRIENG MATANG UBI,TPS 1,2019-10-24 05:00:04,22,176,256,202,202,198,4,https://pemilu2019.kpu.go.id/img/c/900/006/900006677/1-3332-1-C-XXX-X5.jpg,https://pemilu2019.kpu.go.id/img/c/900/006/900006677/1-3332-1-C-XXX-X6.jpg
1320533203332900006678,ACEH,ACEH UTARA,LHOKSUKON,TRIENG MATANG UBI,TPS 2,2019-10-24 05:00:04,23,152,235,180,180,175,5,https://pemilu2019.kpu.go.id/img/c/900/006/900006678/1-3332-2-C-XXX-X5.jpg,https://pemilu2019.kpu.go.id/img/c/900/006/900006678/1-3332-2-C-XXX-X6.jpg
1320533203332900006679,ACEH,ACEH UTARA,LHOKSUKON,TRIENG MATANG UBI,TPS 3,2019-10-24 05:00:04,17,146,235,167,167,163,4,https://pemilu2019.kpu.go.id/img/c/900/006/900006679/1-3332-3-C-XXX-X5.jpg,https://pemilu2019.kpu.go.id/img/c/900/006/900006679/1-3332-3-C-XXX-X6.jpg
1320533203332900006680,ACEH,ACEH UTARA,LHOKSUKON,TRIENG MATANG UBI,TPS 4,2019-10-24 05:00:04,15,144,239,163,163,159,4,https://pemilu2019.kpu.go.id/img/c/900/006/900006680/1-3332-4-C-XXX-X5.jpg,https://pemilu2019.kpu.go.id/img/c/900/006/900006680/1-3332-4-C-XXX-X6.jpg
1320533203337900006689,ACEH,ACEH UTARA,LHOKSUKON,TRIENG PANTANG,TPS 1,2019-10-24 05:00:04,15,121,210,146,146,136,10,https://pemilu2019.kpu.go.id/img/c/900/006/900006689/2-3337-1-C-XXX-X5.jpg,https://pemilu2019.kpu.go.id/img/c/900/006/900006689/2-3337-1-C-XXX-X6.jpg
1320533203337900006690,ACEH,ACEH UTARA,LHOKSUKON,TRIENG PANTANG,TPS 2,2019-10-24 05:00:04,23,128,208,158,158,151,7,https://pemilu2019.kpu.go.id/img/c/900/006/900006690/2-3337-2-C-XXX-X5.jpg,https://pemilu2019.kpu.go.id/img/c/900/006/900006690/2-3337-2-C-XXX-X6.jpg
1320533203337900006691,ACEH,ACEH UTARA,LHOKSUKON,TRIENG PANTANG,TPS 3,2019-10-24 05:00:04,23,143,226,175,175,166,9,https://pemilu2019.kpu.go.id/img/c/900/006/900006691/1-3337-3-C-XXX-X5.jpg,https://pemilu2019.kpu.go.id/img/c/900/006/900006691/1-3337-3-C-XXX-X6.jpg
1320533203367900006748,ACEH,ACEH UTARA,LHOKSUKON,TUHA,TPS 1,2019-10-24 05:00:04,25,124,197,157,157,149,8,https://pemilu2019.kpu.go.id/img/c/900/006/900006748/1-3367-1-C1-PPWP-X1.jpg,https://pemilu2019.kpu.go.id/img/c/900/006/900006748/1-3367-1-C1-PPWP-X2.jpg
1320533203357900006729,ACEH,ACEH UTARA,LHOKSUKON,TUTONG,TPS 1,2019-10-24 05:00:04,19,149,220,171,171,168,3,https://pemilu2019.kpu.go.id/img/c/900/006/900006729/2-3357-1-C-XXX-X5.jpg,https://pemilu2019.kpu.go.id/img/c/900/006/900006729/2-3357-1-C-XXX-X6.jpg
1320533203357900006730,ACEH,ACEH UTARA,LHOKSUKON,TUTONG,TPS 2,2019-10-24 05:00:04,14,189,267,208,207,203,4,https://pemilu2019.kpu.go.id/img/c/900/006/900006730/2-3357-2-C-XXX-X5.jpg,https://pemilu2019.kpu.go.id/img/c/900/006/900006730/2-3357-2-C-XXX-X6.jpg
1320533203355900006726,ACEH,ACEH UTARA,LHOKSUKON,ULEE BARAT,TPS 1,2019-10-24 05:00:04,18,164,231,184,184,182,2,https://pemilu2019.kpu.go.id/img/c/900/006/900006726/2-3355-1-C-XXX-X5.jpg,https://pemilu2019.kpu.go.id/img/c/900/006/900006726/2-3355-1-C-XXX-X6.jpg
1320533203391900006783,ACEH,ACEH UTARA,LHOKSUKON,ULEE GUNONG,TPS 1,2019-10-24 05:00:04,20,161,264,201,201,181,20,https://pemilu2019.kpu.go.id/img/c/900/006/900006783/1-3391-1-C1-PPWP-X1.jpg,https://pemilu2019.kpu.go.id/img/c/900/006/900006783/1-3391-1-C1-PPWP-X2.jpg
1320533203389900006781,ACEH,ACEH UTARA,LHOKSUKON,ULEE TANOH,TPS 1,2019-10-24 05:00:04,39,132,264,184,184,171,13,https://pemilu2019.kpu.go.id/img/c/900/006/900006781/1-3389-1-C-XXX-X5.jpg,https://pemilu2019.kpu.go.id/img/c/900/006/900006781/1-3389-1-C-XXX-X6.jpg
1320533973440900006852,ACEH,ACEH UTARA,MATANGKULI,ALUE ENTOK,TPS 1,2019-10-24 05:00:04,55,83,173,147,147,138,9,https://pemilu2019.kpu.go.id/img/c/900/006/900006852/1-3440-1-C-XXX-X5.jpg,https://pemilu2019.kpu.go.id/img/c/900/006/900006852/1-3440-1-C-XXX-X6.jpg
1320533973423900006834,ACEH,ACEH UTARA,MATANGKULI,ALUE THO,TPS 1,2019-10-24 05:00:04,15,144,177,162,162,159,3,https://pemilu2019.kpu.go.id/img/c/900/006/900006834/2-3423-1-C-XXX-X5.jpg,https://pemilu2019.kpu.go.id/img/c/900/006/900006834/2-3423-1-C-XXX-X6.jpg
1320533973409900006814,ACEH,ACEH UTARA,MATANGKULI,ARON GLUMPANG VII,TPS 1,2019-10-24 05:00:04,9,198,240,209,209,207,2,https://pemilu2019.kpu.go.id/img/c/900/006/900006814/1-3409-1-C1-PPWP-X1.jpg,https://pemilu2019.kpu.go.id/img/c/900/006/900006814/1-3409-1-C1-PPWP-X2.jpg
1320533973426900006837,ACEH,ACEH UTARA,MATANGKULI,ARON PIRAK,TPS 1,2019-10-24 05:00:04,4,135,181,140,140,139,1,https://pemilu2019.kpu.go.id/img/c/900/006/900006837/1-3426-1-C-XXX-X5.jpg,https://pemilu2019.kpu.go.id/img/c/900/006/900006837/1-3426-1-C-XXX-X6.jpg
1320533973426900006838,ACEH,ACEH UTARA,MATANGKULI,ARON PIRAK,TPS 2,2019-10-24 05:00:04,10,126,180,139,139,126,3,https://pemilu2019.kpu.go.id/img/c/900/006/900006838/1-3426-2-C-XXX-X35.jpg,https://pemilu2019.kpu.go.id/img/c/900/006/900006838/1-3426-2-C-XXX-X36.jpg
1320533973412900006818,ACEH,ACEH UTARA,MATANGKULI,BARO,TPS 1,2019-10-24 05:00:04,21,175,265,199,199,196,3,https://pemilu2019.kpu.go.id/img/c/900/006/900006818/1-3412-1-C-XXX-X5.jpg,https://pemilu2019.kpu.go.id/img/c/900/006/900006818/1-3412-1-C-XXX-X6.jpg
1320533973439900006851,ACEH,ACEH UTARA,MATANGKULI,BEURANCAN PIRAK,TPS 1,2019-10-24 05:00:04,13,125,152,140,140,138,2,https://pemilu2019.kpu.go.id/img/c/900/006/900006851/1-3439-1-C-XXX-X5.jpg,https://pemilu2019.kpu.go.id/img/c/900/006/900006851/1-3439-1-C-XXX-X6.jpg
1320533973431900006843,ACEH,ACEH UTARA,MATANGKULI,BEURINGEN,TPS 1,2019-10-24 05:00:04,7,149,200,157,157,156,1,https://pemilu2019.kpu.go.id/img/c/900/006/900006843/2-3431-1-C-XXX-X5.jpg,https://pemilu2019.kpu.go.id/img/c/900/006/900006843/2-3431-1-C-XXX-X6.jpg
1320533973437900006849,ACEH,ACEH UTARA,MATANGKULI,BLANG KUTA,TPS 1,2019-10-24 05:00:04,11,146,173,157,157,157,0,https://pemilu2019.kpu.go.id/img/c/900/006/900006849/1-3437-1-C-XXX-X5.jpg,https://pemilu2019.kpu.go.id/img/c/900/006/900006849/1-3437-1-C-XXX-X6.jpg
1320533973400900006798,ACEH,ACEH UTARA,MATANGKULI,BLANG MATANGKULI,TPS 1,2019-10-24 05:00:04,23,173,215,200,200,196,4,https://pemilu2019.kpu.go.id/img/c/900/006/900006798/2-3400-1-C1-PPWP-X1.jpg,https://pemilu2019.kpu.go.id/img/c/900/006/900006798/2-3400-1-C1-PPWP-X2.jpg
1320533973400900006799,ACEH,ACEH UTARA,MATANGKULI,BLANG MATANGKULI,TPS 2,2019-10-24 05:00:04,23,130,211,163,158,153,5,https://pemilu2019.kpu.go.id/img/c/900/006/900006799/2-3400-2-C-XXX-X5.jpg,https://pemilu2019.kpu.go.id/img/c/900/006/900006799/2-3400-2-C-XXX-X6.jpg
1320533973400900006800,ACEH,ACEH UTARA,MATANGKULI,BLANG MATANGKULI,TPS 3,2019-10-24 05:00:04,17,132,213,153,153,149,4,https://pemilu2019.kpu.go.id/img/c/900/006/900006800/2-3400-3-C-XXX-X35.jpg,https://pemilu2019.kpu.go.id/img/c/900/006/900006800/2-3400-3-C-XXX-X36.jpg
1320533973438900006850,ACEH,ACEH UTARA,MATANGKULI,BLANG SUPENG,TPS 1,2019-10-24 05:00:04,14,97,143,112,112,111,1,https://pemilu2019.kpu.go.id/img/c/900/006/900006850/1-3438-1-C-XXX-X5.jpg,https://pemilu2019.kpu.go.id/img/c/900/006/900006850/1-3438-1-C-XXX-X6.jpg
1320533973424900006835,ACEH,ACEH UTARA,MATANGKULI,CEUBREUK PIRAK,TPS 1,2019-10-24 05:00:04,17,216,280,236,236,233,3,https://pemilu2019.kpu.go.id/img/c/900/006/900006835/1-3424-1-C-XXX-X5.jpg,https://pemilu2019.kpu.go.id/img/c/900/006/900006835/1-3424-1-C-XXX-X6.jpg
1320533973444900006857,ACEH,ACEH UTARA,MATANGKULI,DAYAH BARO,TPS 1,2019-10-24 05:00:04,16,68,112,84,68,68,0,https://pemilu2019.kpu.go.id/img/c/900/006/900006857/1-3444-1-C1-PPWP-X1.jpg,https://pemilu2019.kpu.go.id/img/c/900/006/900006857/1-3444-1-C1-PPWP-X2.jpg
1320533973407900006811,ACEH,ACEH UTARA,MATANGKULI,GLUMPANG VII,TPS 1,2019-10-24 05:00:04,19,104,167,127,127,123,4,https://pemilu2019.kpu.go.id/img/c/900/006/900006811/1-3407-1-C-XXX-X5.jpg,https://pemilu2019.kpu.go.id/img/c/900/006/900006811/1-3407-1-C-XXX-X6.jpg
1320533973407900006812,ACEH,ACEH UTARA,MATANGKULI,GLUMPANG VII,TPS 2,2019-10-24 05:00:04,18,109,165,129,129,127,2,https://pemilu2019.kpu.go.id/img/c/900/006/900006812/3-3407-2-C-XXX-X35.jpg,https://pemilu2019.kpu.go.id/img/c/900/006/900006812/3-3407-2-C-XXX-X36.jpg
1320533973422900006833,ACEH,ACEH UTARA,MATANGKULI,HAGU,TPS 1,2019-10-24 05:00:04,11,184,253,2,199,195,4,https://pemilu2019.kpu.go.id/img/c/900/006/900006833/1-3422-1-C-XXX-X5.jpg,https://pemilu2019.kpu.go.id/img/c/900/006/900006833/1-3422-1-C-XXX-X6.jpg
1320533973405900006808,ACEH,ACEH UTARA,MATANGKULI,JEUMPA GLUMPANG VII,TPS 1,2019-10-24 05:00:04,15,151,199,168,168,166,2,https://pemilu2019.kpu.go.id/img/c/900/006/900006808/2-3405-1-C-XXX-X5.jpg,https://pemilu2019.kpu.go.id/img/c/900/006/900006808/2-3405-1-C-XXX-X6.jpg
1320533973405900006809,ACEH,ACEH UTARA,MATANGKULI,JEUMPA GLUMPANG VII,TPS 2,2019-10-24 05:00:04,21,140,201,166,166,161,5,https://pemilu2019.kpu.go.id/img/c/900/006/900006809/2-3405-2-C-XXX-X35.jpg,https://pemilu2019.kpu.go.id/img/c/900/006/900006809/2-3405-2-C-XXX-X36.jpg
1320533973398900006795,ACEH,ACEH UTARA,MATANGKULI,KEUDE MATANGKULI,TPS 1,2019-10-24 05:00:04,22,155,215,182,182,177,5,https://pemilu2019.kpu.go.id/img/c/900/006/900006795/2-3398-1-C-XXX-X5.jpg,https://pemilu2019.kpu.go.id/img/c/900/006/900006795/2-3398-1-C-XXX-X6.jpg
1320533973445900006858,ACEH,ACEH UTARA,MATANGKULI,KUNYET MULE,TPS 1,2019-10-24 05:00:04,16,191,240,214,214,207,7,https://pemilu2019.kpu.go.id/img/c/900/006/900006858/1-3445-1-C-XXX-X5.jpg,https://pemilu2019.kpu.go.id/img/c/900/006/900006858/1-3445-1-C-XXX-X6.jpg
1320533973427900006839,ACEH,ACEH UTARA,MATANGKULI,LAWANG,TPS 1,2019-10-24 05:00:04,14,72,107,89,89,86,3,https://pemilu2019.kpu.go.id/img/c/900/006/900006839/1-3427-1-C-XXX-X5.jpg,https://pemilu2019.kpu.go.id/img/c/900/006/900006839/1-3427-1-C-XXX-X6.jpg
1320533973436900006848,ACEH,ACEH UTARA,MATANGKULI,LEUBOK,TPS 1,2019-10-24 05:00:04,6,80,107,86,86,86,0,https://pemilu2019.kpu.go.id/img/c/900/006/900006848/1-3436-1-C-XXX-X5.jpg,https://pemilu2019.kpu.go.id/img/c/900/006/900006848/1-3436-1-C-XXX-X6.jpg
1320533973418900006827,ACEH,ACEH UTARA,MATANGKULI,MATANG MEE,TPS 1,2019-10-24 05:00:04,6,84,109,94,94,90,4,https://pemilu2019.kpu.go.id/img/c/900/006/900006827/3-3418-1-C-XXX-X5.jpg,https://pemilu2019.kpu.go.id/img/c/900/006/900006827/3-3418-1-C-XXX-X6.jpg
1320533973410900006815,ACEH,ACEH UTARA,MATANGKULI,MATANG MENYE,TPS 1,2019-10-24 05:00:04,17,123,153,141,141,140,1,https://pemilu2019.kpu.go.id/img/c/900/006/900006815/2-3410-1-C-XXX-X5.jpg,https://pemilu2019.kpu.go.id/img/c/900/006/900006815/2-3410-1-C-XXX-X6.jpg
1320533973434900006846,ACEH,ACEH UTARA,MATANGKULI,MATANG PEUSANGAN,TPS 1,2019-10-24 05:00:04,13,152,195,169,169,165,4,https://pemilu2019.kpu.go.id/img/c/900/006/900006846/3-3434-1-C-XXX-X5.jpg,https://pemilu2019.kpu.go.id/img/c/900/006/900006846/3-3434-1-C-XXX-X6.jpg
1320533973413900006819,ACEH,ACEH UTARA,MATANGKULI,MEE,TPS 1,2019-10-24 05:00:04,26,189,254,217,217,215,2,https://pemilu2019.kpu.go.id/img/c/900/006/900006819/2-3413-1-C-XXX-X5.jpg,https://pemilu2019.kpu.go.id/img/c/900/006/900006819/2-3413-1-C-XXX-X6.jpg
1320533973433900006845,ACEH,ACEH UTARA,MATANGKULI,MESJID PIRAK,TPS 1,2019-10-24 05:00:04,7,221,294,231,231,228,3,https://pemilu2019.kpu.go.id/img/c/900/006/900006845/3-3433-1-C-XXX-X5.jpg,https://pemilu2019.kpu.go.id/img/c/900/006/900006845/3-3433-1-C-XXX-X6.jpg
1320533973421900006831,ACEH,ACEH UTARA,MATANGKULI,MEURIA MATANGKULI,TPS 1,2019-10-24 05:00:04,8,128,170,140,140,136,4,https://pemilu2019.kpu.go.id/img/c/900/006/900006831/3-3421-1-C-XXX-X5.jpg,https://pemilu2019.kpu.go.id/img/c/900/006/900006831/3-3421-1-C-XXX-X6.jpg
1320533973421900006832,ACEH,ACEH UTARA,MATANGKULI,MEURIA MATANGKULI,TPS 2,2019-10-24 05:00:04,7,130,173,139,139,137,2,https://pemilu2019.kpu.go.id/img/c/900/006/900006832/1-3421-2-C1-PPWP-X1.jpg,https://pemilu2019.kpu.go.id/img/c/900/006/900006832/1-3421-2-C1-PPWP-X2.jpg
1320533973430900006842,ACEH,ACEH UTARA,MATANGKULI,MUNYE PIRAK,TPS 1,2019-10-24 05:00:04,2,61,70,63,63,63,0,https://pemilu2019.kpu.go.id/img/c/900/006/900006842/3-3430-1-C-XXX-X5.jpg,https://pemilu2019.kpu.go.id/img/c/900/006/900006842/3-3430-1-C-XXX-X6.jpg
1320533973435900006847,ACEH,ACEH UTARA,MATANGKULI,PANTEE PIRAK,TPS 1,2019-10-24 05:00:04,3,67,84,71,71,70,1,https://pemilu2019.kpu.go.id/img/c/900/006/900006847/1-3435-1-C-XXX-X5.jpg,https://pemilu2019.kpu.go.id/img/c/900/006/900006847/1-3435-1-C-XXX-X6.jpg
1320533973411900006816,ACEH,ACEH UTARA,MATANGKULI,PARANG SIKUREUNG,TPS 1,2019-10-24 05:00:04,10,182,265,198,197,192,5,https://pemilu2019.kpu.go.id/img/c/900/006/900006816/2-3411-1-C-XXX-X5.jpg,https://pemilu2019.kpu.go.id/img/c/900/006/900006816/2-3411-1-C-XXX-X6.jpg
1320533973411900006817,ACEH,ACEH UTARA,MATANGKULI,PARANG SIKUREUNG,TPS 2,2019-10-24 05:00:04,14,173,254,187,187,187,0,https://pemilu2019.kpu.go.id/img/c/900/006/900006817/2-3411-2-C-XXX-X35.jpg,https://pemilu2019.kpu.go.id/img/c/900/006/900006817/2-3411-2-C-XXX-X36.jpg
1320533973406900006810,ACEH,ACEH UTARA,MATANGKULI,PUNTI GLUMPANG VII,TPS 1,2019-10-24 05:00:04,7,134,178,145,145,141,4,https://pemilu2019.kpu.go.id/img/c/900/006/900006810/1-3406-1-C-XXX-X5.jpg,https://pemilu2019.kpu.go.id/img/c/900/006/900006810/1-3406-1-C-XXX-X6.jpg
1320533973415900006821,ACEH,ACEH UTARA,MATANGKULI,PUNTI MATANGKULI,TPS 1,2019-10-24 05:00:04,9,191,274,206,206,200,6,https://pemilu2019.kpu.go.id/img/c/900/006/900006821/1-3415-1-C-XXX-X5.jpg,https://pemilu2019.kpu.go.id/img/c/900/006/900006821/1-3415-1-C-XXX-X6.jpg
1320533973415900006822,ACEH,ACEH UTARA,MATANGKULI,PUNTI MATANGKULI,TPS 2,2019-10-24 05:00:04,9,183,295,198,198,192,6,https://pemilu2019.kpu.go.id/img/c/900/006/900006822/1-3415-2-C1-PPWP-X1.jpg,https://pemilu2019.kpu.go.id/img/c/900/006/900006822/1-3415-2-C1-PPWP-X2.jpg
1320533973404900006806,ACEH,ACEH UTARA,MATANGKULI,RAYEUK GLANG-GLONG,TPS 1,2019-10-24 05:00:04,8,164,214,174,174,170,4,https://pemilu2019.kpu.go.id/img/c/900/006/900006806/2-3404-1-C-XXX-X5.jpg,https://pemilu2019.kpu.go.id/img/c/900/006/900006806/2-3404-1-C-XXX-X6.jpg
1320533973404900006807,ACEH,ACEH UTARA,MATANGKULI,RAYEUK GLANG-GLONG,TPS 2,2019-10-24 05:00:04,10,156,216,168,168,166,2,https://pemilu2019.kpu.go.id/img/c/900/006/900006807/1-3404-2-C-XXX-X5.jpg,https://pemilu2019.kpu.go.id/img/c/900/006/900006807/1-3404-2-C-XXX-X6.jpg
1320533973401900006801,ACEH,ACEH UTARA,MATANGKULI,RAYEUK MATANGKULI,TPS 1,2019-10-24 05:00:04,11,210,259,226,226,221,5,https://pemilu2019.kpu.go.id/img/c/900/006/900006801/1-3401-1-C-XXX-X5.jpg,https://pemilu2019.kpu.go.id/img/c/900/006/900006801/1-3401-1-C-XXX-X6.jpg
1320533973401900006802,ACEH,ACEH UTARA,MATANGKULI,RAYEUK MATANGKULI,TPS 2,2019-10-24 05:00:04,11,191,269,208,208,202,6,https://pemilu2019.kpu.go.id/img/c/900/006/900006802/1-3401-2-C-XXX-X35.jpg,https://pemilu2019.kpu.go.id/img/c/900/006/900006802/1-3401-2-C-XXX-X36.jpg
1320533973425900006836,ACEH,ACEH UTARA,MATANGKULI,RAYEUK PIRAK,TPS 1,2019-10-24 05:00:04,14,156,214,174,174,170,4,https://pemilu2019.kpu.go.id/img/c/900/006/900006836/1-3425-1-C-XXX-X5.jpg,https://pemilu2019.kpu.go.id/img/c/900/006/900006836/1-3425-1-C-XXX-X6.jpg
1320533973443900006855,ACEH,ACEH UTARA,MATANGKULI,SEURIWEUK,TPS 1,2019-10-24 05:00:04,40,94,161,146,146,134,12,https://pemilu2019.kpu.go.id/img/c/900/006/900006855/1-3443-1-C-XXX-X5.jpg,https://pemilu2019.kpu.go.id/img/c/900/006/900006855/1-3443-1-C-XXX-X6.jpg
1320533973443900006856,ACEH,ACEH UTARA,MATANGKULI,SEURIWEUK,TPS 2,2019-10-24 05:00:04,29,106,166,138,138,135,3,https://pemilu2019.kpu.go.id/img/c/900/006/900006856/1-3443-2-C-XXX-X35.jpg,https://pemilu2019.kpu.go.id/img/c/900/006/900006856/1-3443-2-C-XXX-X36.jpg
1320533973429900006841,ACEH,ACEH UTARA,MATANGKULI,SIREN,TPS 1,2019-10-24 05:00:04,5,114,151,123,123,119,4,https://pemilu2019.kpu.go.id/img/c/900/006/900006841/1-3429-1-C-XXX-X5.jpg,https://pemilu2019.kpu.go.id/img/c/900/006/900006841/1-3429-1-C-XXX-X6.jpg
1320533973419900006828,ACEH,ACEH UTARA,MATANGKULI,TANJONG BABAH KRUENG,TPS 1,2019-10-24 05:00:04,12,155,205,170,170,167,3,https://pemilu2019.kpu.go.id/img/c/900/006/900006828/1-3419-1-C-XXX-X5.jpg,https://pemilu2019.kpu.go.id/img/c/900/006/900006828/1-3419-1-C-XXX-X6.jpg
1320533973428900006840,ACEH,ACEH UTARA,MATANGKULI,TANJONG HAJI MUDA,TPS 1,2019-10-24 05:00:04,5,72,87,77,77,77,0,https://pemilu2019.kpu.go.id/img/c/900/006/900006840/1-3428-1-C-XXX-X5.jpg,https://pemilu2019.kpu.go.id/img/c/900/006/900006840/1-3428-1-C-XXX-X6.jpg
1320533973414900006820,ACEH,ACEH UTARA,MATANGKULI,TANJONG TEUNGKU ALI,TPS 1,2019-10-24 05:00:04,23,117,186,148,148,140,8,https://pemilu2019.kpu.go.id/img/c/900/006/900006820/2-3414-1-C-XXX-X5.jpg,https://pemilu2019.kpu.go.id/img/c/900/006/900006820/2-3414-1-C-XXX-X6.jpg
1320533973408900006813,ACEH,ACEH UTARA,MATANGKULI,TEUNGOH GLUMPANG VII,TPS 1,2019-10-24 05:00:04,15,201,235,218,218,216,2,https://pemilu2019.kpu.go.id/img/c/900/006/900006813/1-3408-1-C-XXX-X5.jpg,https://pemilu2019.kpu.go.id/img/c/900/006/900006813/1-3408-1-C-XXX-X6.jpg
1320533973432900006844,ACEH,ACEH UTARA,MATANGKULI,TEUNGOH PIRAK,TPS 1,2019-10-24 05:00:04,17,137,175,157,157,154,3,https://pemilu2019.kpu.go.id/img/c/900/006/900006844/1-3432-1-C-XXX-X5.jpg,https://pemilu2019.kpu.go.id/img/c/900/006/900006844/1-3432-1-C-XXX-X6.jpg
1320533973442900006854,ACEH,ACEH UTARA,MATANGKULI,TEUNGOH SEULEUMAK,TPS 1,2019-10-24 05:00:04,14,165,214,182,182,179,3,https://pemilu2019.kpu.go.id/img/c/900/006/900006854/1-3442-1-C-XXX-X5.jpg,https://pemilu2019.kpu.go.id/img/c/900/006/900006854/1-3442-1-C-XXX-X6.jpg
1320533973416900006823,ACEH,ACEH UTARA,MATANGKULI,TEUPIN KEUBEU,TPS 1,2019-10-24 05:00:04,10,130,187,140,140,140,0,https://pemilu2019.kpu.go.id/img/c/900/006/900006823/1-3416-1-C-XXX-X5.jpg,https://pemilu2019.kpu.go.id/img/c/900/006/900006823/1-3416-1-C-XXX-X6.jpg
1320533973416900006824,ACEH,ACEH UTARA,MATANGKULI,TEUPIN KEUBEU,TPS 2,2019-10-24 05:00:04,11,139,191,156,156,150,6,https://pemilu2019.kpu.go.id/img/c/900/006/900006824/1-3416-2-C-XXX-X35.jpg,https://pemilu2019.kpu.go.id/img/c/900/006/900006824/1-3416-2-C-XXX-X36.jpg
1320533973441900006853,ACEH,ACEH UTARA,MATANGKULI,TJ. TEUNGKU KARI,TPS 1,2019-10-24 05:00:04,23,117,186,148,148,140,8,https://pemilu2019.kpu.go.id/img/c/900/006/900006853/1-3441-1-C1-PPWP-X1.jpg,https://pemilu2019.kpu.go.id/img/c/900/006/900006853/1-3441-1-C1-PPWP-X2.jpg
1320533973417900006825,ACEH,ACEH UTARA,MATANGKULI,TRIENG TEUPIN KEUBUE,TPS 1,2019-10-24 05:00:04,0,0,170,139,0,0,0,https://pemilu2019.kpu.go.id/img/c/900/006/900006825/2-3417-1-C-XXX-X5.jpg,https://pemilu2019.kpu.go.id/img/c/900/006/900006825/2-3417-1-C-XXX-X6.jpg
1320533973417900006826,ACEH,ACEH UTARA,MATANGKULI,TRIENG TEUPIN KEUBUE,TPS 2,2019-10-24 05:00:04,5,124,170,131,131,129,2,https://pemilu2019.kpu.go.id/img/c/900/006/900006826/2-3417-2-C-XXX-X5.jpg,https://pemilu2019.kpu.go.id/img/c/900/006/900006826/2-3417-2-C-XXX-X6.jpg
1320533973420900006829,ACEH,ACEH UTARA,MATANGKULI,TUMPOK BARAT,TPS 1,2019-10-24 05:00:04,15,108,165,165,129,123,6,https://pemilu2019.kpu.go.id/img/c/900/006/900006829/1-3420-1-C-XXX-X5.jpg,https://pemilu2019.kpu.go.id/img/c/900/006/900006829/1-3420-1-C-XXX-X6.jpg
1320533973420900006830,ACEH,ACEH UTARA,MATANGKULI,TUMPOK BARAT,TPS 2,2019-10-24 05:00:04,10,114,163,25,125,124,1,https://pemilu2019.kpu.go.id/img/c/900/006/900006830/1-3420-2-C-XXX-X35.jpg,https://pemilu2019.kpu.go.id/img/c/900/006/900006830/1-3420-2-C-XXX-X36.jpg
1320533973402900006803,ACEH,ACEH UTARA,MATANGKULI,TUMPOK PERLAK,TPS 1,2019-10-24 05:00:04,12,110,150,125,125,122,3,https://pemilu2019.kpu.go.id/img/c/900/006/900006803/1-3402-1-C-XXX-X5.jpg,https://pemilu2019.kpu.go.id/img/c/900/006/900006803/1-3402-1-C-XXX-X6.jpg
1320533973402900006804,ACEH,ACEH UTARA,MATANGKULI,TUMPOK PERLAK,TPS 2,2019-10-24 05:00:04,7,107,150,117,117,114,3,https://pemilu2019.kpu.go.id/img/c/900/006/900006804/2-3402-2-C-XXX-X5.jpg,https://pemilu2019.kpu.go.id/img/c/900/006/900006804/2-3402-2-C-XXX-X6.jpg
1320533973446900006859,ACEH,ACEH UTARA,MATANGKULI,TUTONG,TPS 1,2019-10-24 05:00:04,11,169,222,180,180,180,0,https://pemilu2019.kpu.go.id/img/c/900/006/900006859/2-3446-1-C-XXX-X5.jpg,https://pemilu2019.kpu.go.id/img/c/900/006/900006859/2-3446-1-C-XXX-X6.jpg
1320533973399900006796,ACEH,ACEH UTARA,MATANGKULI,UDE,TPS 1,2019-10-24 05:00:04,13,132,177,149,149,145,4,https://pemilu2019.kpu.go.id/img/c/900/006/900006796/2-3399-1-C-XXX-X5.jpg,https://pemilu2019.kpu.go.id/img/c/900/006/900006796/2-3399-1-C-XXX-X6.jpg
1320533973399900006797,ACEH,ACEH UTARA,MATANGKULI,UDE,TPS 2,2019-10-24 05:00:04,10,139,184,150,150,149,1,https://pemilu2019.kpu.go.id/img/c/900/006/900006797/1-3399-2-C-XXX-X35.jpg,https://pemilu2019.kpu.go.id/img/c/900/006/900006797/1-3399-2-C-XXX-X36.jpg
1320533973403900006805,ACEH,ACEH UTARA,MATANGKULI,UJONG  KULAM,TPS 1,2019-10-24 05:00:04,13,181,222,200,200,194,6,https://pemilu2019.kpu.go.id/img/c/900/006/900006805/1-3403-1-C-XXX-X5.jpg,https://pemilu2019.kpu.go.id/img/c/900/006/900006805/1-3403-1-C-XXX-X6.jpg
1320534723488900006965,ACEH,ACEH UTARA,MEURAH MULIA,BARAT PAYA ITEK,TPS 1,2019-10-24 05:00:04,11,160,209,175,175,171,4,https://pemilu2019.kpu.go.id/img/c/900/006/900006965/1-3488-1-C-XXX-X5.jpg,https://pemilu2019.kpu.go.id/img/c/900/006/900006965/1-3488-1-C-XXX-X6.jpg
1320534723520900007012,ACEH,ACEH UTARA,MEURAH MULIA,BARE BLANG,TPS 1,2019-10-24 05:00:04,2,78,93,85,85,80,5,https://pemilu2019.kpu.go.id/img/c/900/007/900007012/1-3520-1-C-XXX-X5.jpg,https://pemilu2019.kpu.go.id/img/c/900/007/900007012/1-3520-1-C-XXX-X6.jpg
1320534723514900007004,ACEH,ACEH UTARA,MEURAH MULIA,BAROH KUTA BATEE,TPS 1,2019-10-24 05:00:04,20,184,275,215,215,204,11,https://pemilu2019.kpu.go.id/img/c/900/007/900007004/1-3514-1-C-XXX-X5.jpg,https://pemilu2019.kpu.go.id/img/c/900/007/900007004/1-3514-1-C-XXX-X6.jpg
1320534723514900007005,ACEH,ACEH UTARA,MEURAH MULIA,BAROH KUTA BATEE,TPS 2,2019-10-24 05:00:04,20,203,272,226,226,223,3,https://pemilu2019.kpu.go.id/img/c/900/007/900007005/1-3514-2-C-XXX-X5.jpg,https://pemilu2019.kpu.go.id/img/c/900/007/900007005/1-3514-2-C-XXX-X6.jpg
1320534723506900006993,ACEH,ACEH UTARA,MEURAH MULIA,BEURINGEN,TPS 1,2019-10-24 05:00:04,23,181,270,212,212,204,8,https://pemilu2019.kpu.go.id/img/c/900/006/900006993/1-3506-1-C-XXX-X5.jpg,https://pemilu2019.kpu.go.id/img/c/900/006/900006993/1-3506-1-C-XXX-X6.jpg
1320534723506900006994,ACEH,ACEH UTARA,MEURAH MULIA,BEURINGEN,TPS 2,2019-10-24 05:00:04,31,173,267,216,216,204,12,https://pemilu2019.kpu.go.id/img/c/900/006/900006994/2-3506-2-C-XXX-X5.jpg,https://pemilu2019.kpu.go.id/img/c/900/006/900006994/2-3506-2-C-XXX-X6.jpg
1320534723495900006976,ACEH,ACEH UTARA,MEURAH MULIA,BLANG CUT,TPS 1,2019-10-24 05:00:04,11,135,204,146,146,146,0,https://pemilu2019.kpu.go.id/img/c/900/006/900006976/1-3495-1-C-XXX-X5.jpg,https://pemilu2019.kpu.go.id/img/c/900/006/900006976/1-3495-1-C-XXX-X6.jpg
1320534723495900006977,ACEH,ACEH UTARA,MEURAH MULIA,BLANG CUT,TPS 2,2019-10-24 05:00:04,14,130,207,146,146,144,2,https://pemilu2019.kpu.go.id/img/c/900/006/900006977/1-3495-2-C-XXX-X5.jpg,https://pemilu2019.kpu.go.id/img/c/900/006/900006977/1-3495-2-C-XXX-X6.jpg
1320534723500900006983,ACEH,ACEH UTARA,MEURAH MULIA,BLANG REUMA,TPS 1,2019-10-24 05:00:04,11,160,242,182,182,171,11,https://pemilu2019.kpu.go.id/img/c/900/006/900006983/1-3500-1-C-XXX-X5.jpg,https://pemilu2019.kpu.go.id/img/c/900/006/900006983/1-3500-1-C-XXX-X6.jpg
1320534723500900006984,ACEH,ACEH UTARA,MEURAH MULIA,BLANG REUMA,TPS 2,2019-10-24 05:00:04,12,145,234,167,167,157,10,https://pemilu2019.kpu.go.id/img/c/900/006/900006984/1-3500-2-C-XXX-X5.jpg,https://pemilu2019.kpu.go.id/img/c/900/006/900006984/1-3500-2-C-XXX-X6.jpg
1320534723504900006989,ACEH,ACEH UTARA,MEURAH MULIA,CEUBREK,TPS 1,2019-10-24 05:00:04,17,146,191,169,169,163,6,https://pemilu2019.kpu.go.id/img/c/900/006/900006989/1-3504-1-C-XXX-X5.jpg,https://pemilu2019.kpu.go.id/img/c/900/006/900006989/1-3504-1-C-XXX-X6.jpg
1320534723504900006990,ACEH,ACEH UTARA,MEURAH MULIA,CEUBREK,TPS 2,2019-10-24 05:00:04,15,129,179,149,149,144,5,https://pemilu2019.kpu.go.id/img/c/900/006/900006990/1-3504-2-C-XXX-X5.jpg,https://pemilu2019.kpu.go.id/img/c/900/006/900006990/1-3504-2-C-XXX-X6.jpg
1320534723518900007010,ACEH,ACEH UTARA,MEURAH MULIA,DAYAH BLUEK,TPS 1,2019-10-24 05:00:04,23,102,155,137,137,125,12,https://pemilu2019.kpu.go.id/img/c/900/007/900007010/1-3518-1-C-XXX-X5.jpg,https://pemilu2019.kpu.go.id/img/c/900/007/900007010/1-3518-1-C-XXX-X6.jpg
1320534723502900006986,ACEH,ACEH UTARA,MEURAH MULIA,DRIEN PUNTONG,TPS 1,2019-10-24 05:00:04,16,132,198,171,171,148,23,https://pemilu2019.kpu.go.id/img/c/900/006/900006986/1-3502-1-C-XXX-X5.jpg,https://pemilu2019.kpu.go.id/img/c/900/006/900006986/1-3502-1-C-XXX-X6.jpg
1320534723502900006987,ACEH,ACEH UTARA,MEURAH MULIA,DRIEN PUNTONG,TPS 2,2019-10-24 05:00:04,19,147,207,197,197,166,31,https://pemilu2019.kpu.go.id/img/c/900/006/900006987/1-3502-2-C-XXX-X5.jpg,https://pemilu2019.kpu.go.id/img/c/900/006/900006987/1-3502-2-C-XXX-X6.jpg
1320534723515900007006,ACEH,ACEH UTARA,MEURAH MULIA,GAMPONG TEUNGOH,TPS 1,2019-10-24 05:00:04,10,149,185,162,162,159,3,https://pemilu2019.kpu.go.id/img/c/900/007/900007006/1-3515-1-C-XXX-X5.jpg,https://pemilu2019.kpu.go.id/img/c/900/007/900007006/1-3515-1-C-XXX-X6.jpg
1320534723515900007007,ACEH,ACEH UTARA,MEURAH MULIA,GAMPONG TEUNGOH,TPS 2,2019-10-24 05:00:04,3,147,196,153,153,150,3,https://pemilu2019.kpu.go.id/img/c/900/007/900007007/2-3515-2-C-XXX-X5.jpg,https://pemilu2019.kpu.go.id/img/c/900/007/900007007/2-3515-2-C-XXX-X6.jpg
1320534723486900006963,ACEH,ACEH UTARA,MEURAH MULIA,GEULUMPANG,TPS 1,2019-10-24 05:00:04,12,150,220,170,170,162,8,https://pemilu2019.kpu.go.id/img/c/900/006/900006963/1-3486-1-C-XXX-X5.jpg,https://pemilu2019.kpu.go.id/img/c/900/006/900006963/1-3486-1-C-XXX-X6.jpg
1320534723496900006978,ACEH,ACEH UTARA,MEURAH MULIA,KEH,TPS 1,2019-10-24 05:00:04,15,204,241,226,226,219,7,https://pemilu2019.kpu.go.id/img/c/900/006/900006978/1-3496-1-C-XXX-X5.jpg,https://pemilu2019.kpu.go.id/img/c/900/006/900006978/1-3496-1-C-XXX-X6.jpg
1320534723521900007013,ACEH,ACEH UTARA,MEURAH MULIA,KEUDE JUNGKA GAJAH,TPS 1,2019-10-24 05:00:04,6,104,126,110,110,110,0,https://pemilu2019.kpu.go.id/img/c/900/007/900007013/1-3521-1-C-XXX-X5.jpg,https://pemilu2019.kpu.go.id/img/c/900/007/900007013/1-3521-1-C-XXX-X6.jpg
1320534723482900006958,ACEH,ACEH UTARA,MEURAH MULIA,KEUDE KARIENG,TPS 1,2019-10-24 05:00:04,12,37,59,52,52,49,3,https://pemilu2019.kpu.go.id/img/c/900/006/900006958/2-3482-1-C1-PPWP-X1.jpg,https://pemilu2019.kpu.go.id/img/c/900/006/900006958/2-3482-1-C1-PPWP-X2.jpg
1320534723497900006979,ACEH,ACEH UTARA,MEURAH MULIA,KUMBANG,TPS 1,2019-10-24 05:00:04,10,201,264,217,217,211,6,https://pemilu2019.kpu.go.id/img/c/900/006/900006979/1-3497-1-C-XXX-X5.jpg,https://pemilu2019.kpu.go.id/img/c/900/006/900006979/1-3497-1-C-XXX-X6.jpg
1320534723513900007003,ACEH,ACEH UTARA,MEURAH MULIA,LEUBEUK TUWE,TPS 1,2019-10-24 05:00:04,12,60,88,74,74,72,2,https://pemilu2019.kpu.go.id/img/c/900/007/900007003/1-3513-1-C1-PPWP-X1.jpg,https://pemilu2019.kpu.go.id/img/c/900/007/900007003/1-3513-1-C1-PPWP-X2.jpg
1320534723483900006959,ACEH,ACEH UTARA,MEURAH MULIA,MANYANG,TPS 1,2019-10-24 05:00:04,7,128,178,138,138,135,3,https://pemilu2019.kpu.go.id/img/c/900/006/900006959/1-3483-1-C-XXX-X5.jpg,https://pemilu2019.kpu.go.id/img/c/900/006/900006959/1-3483-1-C-XXX-X6.jpg
1320534723483900006960,ACEH,ACEH UTARA,MEURAH MULIA,MANYANG,TPS 2,2019-10-24 05:00:04,5,128,173,134,134,133,1,https://pemilu2019.kpu.go.id/img/c/900/006/900006960/1-3483-2-C-XXX-X5.jpg,https://pemilu2019.kpu.go.id/img/c/900/006/900006960/1-3483-2-C-XXX-X6.jpg
1320534723491900006971,ACEH,ACEH UTARA,MEURAH MULIA,MEE,TPS 1,2019-10-24 05:00:04,30,200,288,238,238,230,8,https://pemilu2019.kpu.go.id/img/c/900/006/900006971/1-3491-1-C-XXX-X5.jpg,https://pemilu2019.kpu.go.id/img/c/900/006/900006971/1-3491-1-C-XXX-X6.jpg
1320534723499900006981,ACEH,ACEH UTARA,MEURAH MULIA,MESJID,TPS 1,2019-10-24 05:00:04,19,138,164,157,157,157,0,https://pemilu2019.kpu.go.id/img/c/900/006/900006981/1-3499-1-C-XXX-X5.jpg,https://pemilu2019.kpu.go.id/img/c/900/006/900006981/1-3499-1-C-XXX-X6.jpg
1320534723499900006982,ACEH,ACEH UTARA,MEURAH MULIA,MESJID,TPS 2,2019-10-24 05:00:04,15,127,163,148,148,142,6,https://pemilu2019.kpu.go.id/img/c/900/006/900006982/1-3499-2-C-XXX-X5.jpg,https://pemilu2019.kpu.go.id/img/c/900/006/900006982/1-3499-2-C-XXX-X6.jpg
1320534723474900006945,ACEH,ACEH UTARA,MEURAH MULIA,MESJID BLUEK,TPS 1,2019-10-24 05:00:04,13,96,132,115,115,109,6,https://pemilu2019.kpu.go.id/img/c/900/006/900006945/2-3474-1-C-XXX-X5.jpg,https://pemilu2019.kpu.go.id/img/c/900/006/900006945/2-3474-1-C-XXX-X6.jpg
1320534723517900007009,ACEH,ACEH UTARA,MEURAH MULIA,MEUNYE PAYONG,TPS 1,2019-10-24 05:00:04,15,180,249,204,204,195,9,https://pemilu2019.kpu.go.id/img/c/900/007/900007009/1-3517-1-C-XXX-X5.jpg,https://pemilu2019.kpu.go.id/img/c/900/007/900007009/1-3517-1-C-XXX-X6.jpg
1320534723505900006991,ACEH,ACEH UTARA,MEURAH MULIA,MEUNYE PEUT,TPS 1,2019-10-24 05:00:04,11,181,232,198,198,191,6,https://pemilu2019.kpu.go.id/img/c/900/006/900006991/2-3505-1-C-XXX-X5.jpg,https://pemilu2019.kpu.go.id/img/c/900/006/900006991/2-3505-1-C-XXX-X6.jpg
1320534723505900006992,ACEH,ACEH UTARA,MEURAH MULIA,MEUNYE PEUT,TPS 2,2019-10-24 05:00:04,5,175,230,186,186,180,6,https://pemilu2019.kpu.go.id/img/c/900/006/900006992/1-3505-2-C-XXX-X5.jpg,https://pemilu2019.kpu.go.id/img/c/900/006/900006992/1-3505-2-C-XXX-X6.jpg
1320534723475900006946,ACEH,ACEH UTARA,MEURAH MULIA,MEURIA BLUEK,TPS 1,2019-10-24 05:00:04,5,119,163,135,135,124,11,https://pemilu2019.kpu.go.id/img/c/900/006/900006946/1-3475-1-C-XXX-X5.jpg,https://pemilu2019.kpu.go.id/img/c/900/006/900006946/1-3475-1-C-XXX-X6.jpg
1320534723492900006972,ACEH,ACEH UTARA,MEURAH MULIA,NGA,TPS 1,2019-10-24 05:00:04,10,129,166,143,143,139,4,https://pemilu2019.kpu.go.id/img/c/900/006/900006972/1-3492-1-C-XXX-X5.jpg,https://pemilu2019.kpu.go.id/img/c/900/006/900006972/1-3492-1-C-XXX-X6.jpg
1320534723507900006995,ACEH,ACEH UTARA,MEURAH MULIA,NIBONG,TPS 1,2019-10-24 11:00:06,17,193,275,217,217,210,7,https://pemilu2019.kpu.go.id/img/c/900/006/900006995/2-3507-1-C-XXX-X5.jpg,https://pemilu2019.kpu.go.id/img/c/900/006/900006995/2-3507-1-C-XXX-X6.jpg
1320534723507900006996,ACEH,ACEH UTARA,MEURAH MULIA,NIBONG,TPS 2,2019-10-24 11:00:06,16,164,246,186,186,180,6,https://pemilu2019.kpu.go.id/img/c/900/006/900006996/1-3507-2-C-XXX-X5.jpg,https://pemilu2019.kpu.go.id/img/c/900/006/900006996/1-3507-2-C-XXX-X6.jpg
1320534723490900006969,ACEH,ACEH UTARA,MEURAH MULIA,PAYA BILI,TPS 1,2019-10-24 11:00:06,4,145,174,151,151,149,2,https://pemilu2019.kpu.go.id/img/c/900/006/900006969/2-3490-1-C-XXX-X5.jpg,https://pemilu2019.kpu.go.id/img/c/900/006/900006969/2-3490-1-C-XXX-X6.jpg
1320534723490900006970,ACEH,ACEH UTARA,MEURAH MULIA,PAYA BILI,TPS 2,2019-10-24 11:00:06,5,113,143,118,118,118,0,https://pemilu2019.kpu.go.id/img/c/900/006/900006970/2-3490-2-C-XXX-X5.jpg,https://pemilu2019.kpu.go.id/img/c/900/006/900006970/2-3490-2-C-XXX-X6.jpg
1320534723489900006966,ACEH,ACEH UTARA,MEURAH MULIA,PAYA KAMBUK,TPS 1,2019-10-24 11:00:06,16,137,203,164,164,153,11,https://pemilu2019.kpu.go.id/img/c/900/006/900006966/2-3489-1-C-XXX-X5.jpg,https://pemilu2019.kpu.go.id/img/c/900/006/900006966/2-3489-1-C-XXX-X6.jpg
1320534723489900006967,ACEH,ACEH UTARA,MEURAH MULIA,PAYA KAMBUK,TPS 2,2019-10-24 11:00:06,10,151,214,175,175,161,14,https://pemilu2019.kpu.go.id/img/c/900/006/900006967/1-3489-2-C-XXX-X5.jpg,https://pemilu2019.kpu.go.id/img/c/900/006/900006967/1-3489-2-C-XXX-X6.jpg
1320534723489900006968,ACEH,ACEH UTARA,MEURAH MULIA,PAYA KAMBUK,TPS 3,2019-10-24 11:00:06,22,127,218,160,160,149,11,https://pemilu2019.kpu.go.id/img/c/900/006/900006968/1-3489-3-C-XXX-X5.jpg,https://pemilu2019.kpu.go.id/img/c/900/006/900006968/1-3489-3-C-XXX-X6.jpg
1320534723519900007011,ACEH,ACEH UTARA,MEURAH MULIA,PAYA SUTRA,TPS 1,2019-10-24 11:00:06,3,123,145,127,127,126,1,https://pemilu2019.kpu.go.id/img/c/900/007/900007011/1-3519-1-C-XXX-X5.jpg,https://pemilu2019.kpu.go.id/img/c/900/007/900007011/1-3519-1-C-XXX-X6.jpg
1320534723498900006980,ACEH,ACEH UTARA,MEURAH MULIA,PRI KEUTAPANG,TPS 1,2019-10-24 11:00:06,15,84,102,102,102,99,3,https://pemilu2019.kpu.go.id/img/c/900/006/900006980/1-3498-1-C-XXX-X5.jpg,https://pemilu2019.kpu.go.id/img/c/900/006/900006980/1-3498-1-C-XXX-X6.jpg
1320534723512900007002,ACEH,ACEH UTARA,MEURAH MULIA,PULO BLANG,TPS 1,2019-10-24 11:00:06,13,194,247,218,218,207,11,https://pemilu2019.kpu.go.id/img/c/900/007/900007002/1-3512-1-C1-PPWP-X1.jpg,https://pemilu2019.kpu.go.id/img/c/900/007/900007002/1-3512-1-C1-PPWP-X2.jpg
1320534723477900006949,ACEH,ACEH UTARA,MEURAH MULIA,PULO BLUEK,TPS 1,2019-10-24 11:00:06,20,98,150,120,120,118,2,https://pemilu2019.kpu.go.id/img/c/900/006/900006949/1-3477-1-C-XXX-X5.jpg,https://pemilu2019.kpu.go.id/img/c/900/006/900006949/1-3477-1-C-XXX-X6.jpg
1320534723477900006950,ACEH,ACEH UTARA,MEURAH MULIA,PULO BLUEK,TPS 2,2019-10-24 11:00:06,10,107,156,119,119,117,2,https://pemilu2019.kpu.go.id/img/c/900/006/900006950/1-3477-2-C-XXX-X5.jpg,https://pemilu2019.kpu.go.id/img/c/900/006/900006950/1-3477-2-C-XXX-X6.jpg
1320534723509900006998,ACEH,ACEH UTARA,MEURAH MULIA,PULO DRIEN BEUKAH,TPS 1,2019-10-24 11:00:06,9,117,168,130,130,126,4,https://pemilu2019.kpu.go.id/img/c/900/006/900006998/1-3509-1-C-XXX-X5.jpg,https://pemilu2019.kpu.go.id/img/c/900/006/900006998/1-3509-1-C-XXX-X6.jpg
1320534723503900006988,ACEH,ACEH UTARA,MEURAH MULIA,PULO KITOE,TPS 1,2019-10-24 11:00:06,25,109,185,150,150,134,16,https://pemilu2019.kpu.go.id/img/c/900/006/900006988/3-3503-1-C-XXX-X5.jpg,https://pemilu2019.kpu.go.id/img/c/900/006/900006988/3-3503-1-C-XXX-X6.jpg
1320534723478900006951,ACEH,ACEH UTARA,MEURAH MULIA,RANGKILEH,TPS 1,2019-10-24 11:00:06,4,174,237,184,184,178,6,https://pemilu2019.kpu.go.id/img/c/900/006/900006951/1-3478-1-C-XXX-X5.jpg,https://pemilu2019.kpu.go.id/img/c/900/006/900006951/1-3478-1-C-XXX-X6.jpg
1320534723478900006952,ACEH,ACEH UTARA,MEURAH MULIA,RANGKILEH,TPS 2,2019-10-24 11:00:06,8,184,235,194,194,192,2,https://pemilu2019.kpu.go.id/img/c/900/006/900006952/1-3478-2-C-XXX-X5.jpg,https://pemilu2019.kpu.go.id/img/c/900/006/900006952/1-3478-2-C-XXX-X6.jpg
1320534723516900007008,ACEH,ACEH UTARA,MEURAH MULIA,RANTO,TPS 1,2019-10-24 11:00:06,8,218,269,233,233,226,7,https://pemilu2019.kpu.go.id/img/c/900/007/900007008/1-3516-1-C-XXX-X5.jpg,https://pemilu2019.kpu.go.id/img/c/900/007/900007008/1-3516-1-C-XXX-X6.jpg
1320534723479900006953,ACEH,ACEH UTARA,MEURAH MULIA,RAYEUK MATANG,TPS 1,2019-10-24 11:00:06,7,156,195,164,164,163,1,https://pemilu2019.kpu.go.id/img/c/900/006/900006953/2-3479-1-C-XXX-X5.jpg,https://pemilu2019.kpu.go.id/img/c/900/006/900006953/2-3479-1-C-XXX-X6.jpg
1320534723479900006954,ACEH,ACEH UTARA,MEURAH MULIA,RAYEUK MATANG,TPS 2,2019-10-24 11:00:06,12,150,186,164,164,162,2,https://pemilu2019.kpu.go.id/img/c/900/006/900006954/1-3479-2-C-XXX-X5.jpg,https://pemilu2019.kpu.go.id/img/c/900/006/900006954/1-3479-2-C-XXX-X6.jpg
1320534723494900006975,ACEH,ACEH UTARA,MEURAH MULIA,RAYEUK PAYA ITEK,TPS 1,2019-10-24 11:00:06,26,207,288,243,243,233,10,https://pemilu2019.kpu.go.id/img/c/900/006/900006975/1-3494-1-C-XXX-X5.jpg,https://pemilu2019.kpu.go.id/img/c/900/006/900006975/1-3494-1-C-XXX-X6.jpg
1320534723487900006964,ACEH,ACEH UTARA,MEURAH MULIA,REUDEUP,TPS 1,2019-10-24 11:00:06,15,182,257,206,206,197,9,https://pemilu2019.kpu.go.id/img/c/900/006/900006964/1-3487-1-C-XXX-X5.jpg,https://pemilu2019.kpu.go.id/img/c/900/006/900006964/1-3487-1-C-XXX-X6.jpg
1320534723476900006947,ACEH,ACEH UTARA,MEURAH MULIA,RHENG BLUEK,TPS 1,2019-10-24 11:00:06,4,165,229,175,175,169,6,https://pemilu2019.kpu.go.id/img/c/900/006/900006947/2-3476-1-C-XXX-X5.jpg,https://pemilu2019.kpu.go.id/img/c/900/006/900006947/2-3476-1-C-XXX-X6.jpg
1320534723476900006948,ACEH,ACEH UTARA,MEURAH MULIA,RHENG BLUEK,TPS 2,2019-10-24 11:00:06,11,155,223,167,167,166,1,https://pemilu2019.kpu.go.id/img/c/900/006/900006948/1-3476-2-C-XXX-X5.jpg,https://pemilu2019.kpu.go.id/img/c/900/006/900006948/1-3476-2-C-XXX-X6.jpg
1320534723522900007014,ACEH,ACEH UTARA,MEURAH MULIA,SARAMABA,TPS 1,2019-10-24 11:00:06,8,68,87,79,79,76,3,https://pemilu2019.kpu.go.id/img/c/900/007/900007014/2-3522-1-C-XXX-X5.jpg,https://pemilu2019.kpu.go.id/img/c/900/007/900007014/2-3522-1-C-XXX-X6.jpg
1320534723481900006956,ACEH,ACEH UTARA,MEURAH MULIA,TANJONG,TPS 1,2019-10-24 11:00:06,18,106,156,128,128,124,4,https://pemilu2019.kpu.go.id/img/c/900/006/900006956/1-3481-1-C-XXX-X5.jpg,https://pemilu2019.kpu.go.id/img/c/900/006/900006956/1-3481-1-C-XXX-X6.jpg
1320534723481900006957,ACEH,ACEH UTARA,MEURAH MULIA,TANJONG,TPS 2,2019-10-24 11:00:06,8,102,147,115,115,110,5,https://pemilu2019.kpu.go.id/img/c/900/006/900006957/1-3481-2-C-XXX-X5.jpg,https://pemilu2019.kpu.go.id/img/c/900/006/900006957/1-3481-2-C-XXX-X6.jpg
1320534723510900006999,ACEH,ACEH UTARA,MEURAH MULIA,TEUNGOH K. BATEE,TPS 1,2019-10-24 11:00:06,15,206,278,226,226,221,5,https://pemilu2019.kpu.go.id/img/c/900/006/900006999/2-3510-1-C1-PPWP-X1.jpg,https://pemilu2019.kpu.go.id/img/c/900/006/900006999/2-3510-1-C1-PPWP-X2.jpg
1320534723501900006985,ACEH,ACEH UTARA,MEURAH MULIA,TEUNGOH REUBA,TPS 1,2019-10-24 11:00:06,26,164,253,200,200,190,10,https://pemilu2019.kpu.go.id/img/c/900/006/900006985/1-3501-1-C-XXX-X5.jpg,https://pemilu2019.kpu.go.id/img/c/900/006/900006985/1-3501-1-C-XXX-X6.jpg
1320534723508900006997,ACEH,ACEH UTARA,MEURAH MULIA,TUALANG,TPS 1,2019-10-24 11:00:06,6,90,114,99,99,96,3,https://pemilu2019.kpu.go.id/img/c/900/006/900006997/1-3508-1-C-XXX-X5.jpg,https://pemilu2019.kpu.go.id/img/c/900/006/900006997/1-3508-1-C-XXX-X6.jpg
1320534723485900006962,ACEH,ACEH UTARA,MEURAH MULIA,TUMPOK TEUNGKU,TPS 1,2019-10-24 11:00:06,26,144,201,175,175,170,5,https://pemilu2019.kpu.go.id/img/c/900/006/900006962/1-3485-1-C-XXX-X5.jpg,https://pemilu2019.kpu.go.id/img/c/900/006/900006962/1-3485-1-C-XXX-X6.jpg
1320534723493900006973,ACEH,ACEH UTARA,MEURAH MULIA,UBIT PAYA ITEK,TPS 1,2019-10-24 11:00:06,18,131,158,150,150,149,1,https://pemilu2019.kpu.go.id/img/c/900/006/900006973/3-3493-1-C-XXX-X5.jpg,https://pemilu2019.kpu.go.id/img/c/900/006/900006973/3-3493-1-C-XXX-X6.jpg
1320534723493900006974,ACEH,ACEH UTARA,MEURAH MULIA,UBIT PAYA ITEK,TPS 2,2019-10-24 11:00:06,10,118,153,130,130,128,2,https://pemilu2019.kpu.go.id/img/c/900/006/900006974/1-3493-2-C-XXX-X5.jpg,https://pemilu2019.kpu.go.id/img/c/900/006/900006974/1-3493-2-C-XXX-X6.jpg
1320534723473900006943,ACEH,ACEH UTARA,MEURAH MULIA,UJONG REUBA,TPS 1,2019-10-24 11:00:06,24,127,174,159,159,151,8,https://pemilu2019.kpu.go.id/img/c/900/006/900006943/1-3473-1-C1-PPWP-X1.jpg,https://pemilu2019.kpu.go.id/img/c/900/006/900006943/1-3473-1-C1-PPWP-X2.jpg
1320534723473900006944,ACEH,ACEH UTARA,MEURAH MULIA,UJONG REUBA,TPS 2,2019-10-24 11:00:06,25,146,174,173,173,171,2,https://pemilu2019.kpu.go.id/img/c/900/006/900006944/2-3473-2-C-XXX-X5.jpg,https://pemilu2019.kpu.go.id/img/c/900/006/900006944/2-3473-2-C-XXX-X6.jpg
1320534723511900007000,ACEH,ACEH UTARA,MEURAH MULIA,UJUNG KUTA BATEE,TPS 1,2019-10-24 11:00:06,12,130,189,150,150,142,8,https://pemilu2019.kpu.go.id/img/c/900/007/900007000/1-3511-1-C-XXX-X5.jpg,https://pemilu2019.kpu.go.id/img/c/900/007/900007000/1-3511-1-C-XXX-X6.jpg
1320534723511900007001,ACEH,ACEH UTARA,MEURAH MULIA,UJUNG KUTA BATEE,TPS 2,2019-10-24 11:00:06,14,136,181,163,163,150,13,https://pemilu2019.kpu.go.id/img/c/900/007/900007001/1-3511-2-C-XXX-X5.jpg,https://pemilu2019.kpu.go.id/img/c/900/007/900007001/1-3511-2-C-XXX-X6.jpg
1320534723484900006961,ACEH,ACEH UTARA,MEURAH MULIA,ULEE CEUBREK,TPS 1,2019-10-24 11:00:06,3,135,174,144,144,138,6,https://pemilu2019.kpu.go.id/img/c/900/006/900006961/1-3484-1-C-XXX-X5.jpg,https://pemilu2019.kpu.go.id/img/c/900/006/900006961/1-3484-1-C-XXX-X6.jpg
1320534723480900006955,ACEH,ACEH UTARA,MEURAH MULIA,ULEE MEURIA,TPS 1,2019-10-24 11:00:06,13,228,275,243,243,241,2,https://pemilu2019.kpu.go.id/img/c/900/006/900006955/1-3480-1-C-XXX-X5.jpg,https://pemilu2019.kpu.go.id/img/c/900/006/900006955/1-3480-1-C-XXX-X6.jpg
