id,provinsi,kabupaten,kecamatan,kelurahan,tps,timestamp,pemilih-1,pemilih-2,total-pemilih,total-pengguna,suara-total,suara-sah,suara-tidak-sah,c1-1,c1-2
1320535983621900007217,ACEH,ACEH UTARA,SYAMTALIRA ARON,ALUE GANTO,TPS 1,2019-10-24 23:00:05,23,131,201,162,162,154,8,https://pemilu2019.kpu.go.id/img/c/900/007/900007217/1-3621-1-C-XXX-X5.jpg,https://pemilu2019.kpu.go.id/img/c/900/007/900007217/1-3621-1-C-XXX-X6.jpg
1320535983624900007222,ACEH,ACEH UTARA,SYAMTALIRA ARON,AMPEH,TPS 1,2019-10-24 23:00:05,23,125,203,155,155,148,7,https://pemilu2019.kpu.go.id/img/c/900/007/900007222/1-3624-1-C-XXX-X5.jpg,https://pemilu2019.kpu.go.id/img/c/900/007/900007222/1-3624-1-C-XXX-X6.jpg
1320535983624900007223,ACEH,ACEH UTARA,SYAMTALIRA ARON,AMPEH,TPS 2,2019-10-24 23:00:05,11,150,214,169,169,161,8,https://pemilu2019.kpu.go.id/img/c/900/007/900007223/1-3624-2-C-XXX-X5.jpg,https://pemilu2019.kpu.go.id/img/c/900/007/900007223/1-3624-2-C-XXX-X6.jpg
1320535983628900007230,ACEH,ACEH UTARA,SYAMTALIRA ARON,ARA,TPS 1,2019-10-24 23:00:05,10,146,241,162,162,156,6,https://pemilu2019.kpu.go.id/img/c/900/007/900007230/1-3628-1-C-XXX-X5.jpg,https://pemilu2019.kpu.go.id/img/c/900/007/900007230/1-3628-1-C-XXX-X6.jpg
1320535983628900007231,ACEH,ACEH UTARA,SYAMTALIRA ARON,ARA,TPS 2,2019-10-24 23:00:05,29,130,240,168,168,159,9,https://pemilu2019.kpu.go.id/img/c/900/007/900007231/1-3628-2-C-XXX-X35.jpg,https://pemilu2019.kpu.go.id/img/c/900/007/900007231/1-3628-2-C-XXX-X36.jpg
1320535983630900007233,ACEH,ACEH UTARA,SYAMTALIRA ARON,AWE,TPS 1,2019-10-24 23:00:05,15,129,204,152,152,144,8,https://pemilu2019.kpu.go.id/img/c/900/007/900007233/1-3630-1-C-XXX-X5.jpg,https://pemilu2019.kpu.go.id/img/c/900/007/900007233/1-3630-1-C-XXX-X6.jpg
1320535983630900007234,ACEH,ACEH UTARA,SYAMTALIRA ARON,AWE,TPS 2,2019-10-24 23:00:05,12,122,201,135,135,134,1,https://pemilu2019.kpu.go.id/img/c/900/007/900007234/1-3630-2-C-XXX-X35.jpg,https://pemilu2019.kpu.go.id/img/c/900/007/900007234/1-3630-2-C-XXX-X36.jpg
1320535983611900007199,ACEH,ACEH UTARA,SYAMTALIRA ARON,BLANG,TPS 1,2019-10-24 23:00:05,5,147,181,153,153,152,1,https://pemilu2019.kpu.go.id/img/c/900/007/900007199/1-3611-1-C-XXX-X5.jpg,https://pemilu2019.kpu.go.id/img/c/900/007/900007199/1-3611-1-C-XXX-X6.jpg
1320535983611900007200,ACEH,ACEH UTARA,SYAMTALIRA ARON,BLANG,TPS 2,2019-10-24 23:00:05,4,134,171,138,138,138,0,https://pemilu2019.kpu.go.id/img/c/900/007/900007200/1-3611-2-C-XXX-X35.jpg,https://pemilu2019.kpu.go.id/img/c/900/007/900007200/1-3611-2-C-XXX-X36.jpg
1320535983618900007210,ACEH,ACEH UTARA,SYAMTALIRA ARON,CALONG,TPS 1,2019-10-24 23:00:05,5,145,179,155,155,150,5,https://pemilu2019.kpu.go.id/img/c/900/007/900007210/1-3618-1-C-XXX-X5.jpg,https://pemilu2019.kpu.go.id/img/c/900/007/900007210/1-3618-1-C-XXX-X6.jpg
1320535983618900007211,ACEH,ACEH UTARA,SYAMTALIRA ARON,CALONG,TPS 2,2019-10-24 23:00:05,5,144,178,153,153,149,4,https://pemilu2019.kpu.go.id/img/c/900/007/900007211/1-3618-2-C-XXX-X35.jpg,https://pemilu2019.kpu.go.id/img/c/900/007/900007211/1-3618-2-C-XXX-X36.jpg
1320535983606900007188,ACEH,ACEH UTARA,SYAMTALIRA ARON,CIBREK BAROH,TPS 1,2019-10-24 23:00:05,17,119,170,140,140,136,4,https://pemilu2019.kpu.go.id/img/c/900/007/900007188/2-3606-1-C-XXX-X5.jpg,https://pemilu2019.kpu.go.id/img/c/900/007/900007188/2-3606-1-C-XXX-X6.jpg
1320535983606900007189,ACEH,ACEH UTARA,SYAMTALIRA ARON,CIBREK BAROH,TPS 2,2019-10-24 23:00:05,7,121,167,133,133,128,5,https://pemilu2019.kpu.go.id/img/c/900/007/900007189/1-3606-2-C-XXX-X35.jpg,https://pemilu2019.kpu.go.id/img/c/900/007/900007189/1-3606-2-C-XXX-X36.jpg
1320535983607900007190,ACEH,ACEH UTARA,SYAMTALIRA ARON,CIBREK TUNONG,TPS 1,2019-10-24 23:00:05,14,183,281,206,206,197,9,https://pemilu2019.kpu.go.id/img/c/900/007/900007190/1-3607-1-C-XXX-X5.jpg,https://pemilu2019.kpu.go.id/img/c/900/007/900007190/1-3607-1-C-XXX-X6.jpg
1320535983607900007191,ACEH,ACEH UTARA,SYAMTALIRA ARON,CIBREK TUNONG,TPS 2,2019-10-24 23:00:05,10,175,279,189,189,185,4,https://pemilu2019.kpu.go.id/img/c/900/007/900007191/1-3607-2-C-XXX-X35.jpg,https://pemilu2019.kpu.go.id/img/c/900/007/900007191/1-3607-2-C-XXX-X36.jpg
1320535983600900007176,ACEH,ACEH UTARA,SYAMTALIRA ARON,DAYAH ARON,TPS 1,2019-10-24 23:00:05,7,185,260,195,195,192,3,https://pemilu2019.kpu.go.id/img/c/900/007/900007176/1-3600-1-C-XXX-X5.jpg,https://pemilu2019.kpu.go.id/img/c/900/007/900007176/1-3600-1-C-XXX-X6.jpg
1320535983600900007177,ACEH,ACEH UTARA,SYAMTALIRA ARON,DAYAH ARON,TPS 2,2019-10-24 23:00:05,15,190,262,209,209,205,4,https://pemilu2019.kpu.go.id/img/c/900/007/900007177/1-3600-2-C-XXX-X35.jpg,https://pemilu2019.kpu.go.id/img/c/900/007/900007177/1-3600-2-C-XXX-X36.jpg
1320535983625900007224,ACEH,ACEH UTARA,SYAMTALIRA ARON,DAYAH MEURIA,TPS 1,2019-10-24 23:00:05,10,110,159,122,122,120,2,https://pemilu2019.kpu.go.id/img/c/900/007/900007224/1-3625-1-C-XXX-X5.jpg,https://pemilu2019.kpu.go.id/img/c/900/007/900007224/1-3625-1-C-XXX-X6.jpg
1320535983625900007225,ACEH,ACEH UTARA,SYAMTALIRA ARON,DAYAH MEURIA,TPS 2,2019-10-24 23:00:05,10,101,159,114,114,111,3,https://pemilu2019.kpu.go.id/img/c/900/007/900007225/1-3625-2-C-XXX-X5.jpg,https://pemilu2019.kpu.go.id/img/c/900/007/900007225/1-3625-2-C-XXX-X6.jpg
1320535983632900007237,ACEH,ACEH UTARA,SYAMTALIRA ARON,DAYA TEUNGKU,TPS 1,2019-10-24 23:00:05,11,113,166,129,129,124,5,https://pemilu2019.kpu.go.id/img/c/900/007/900007237/2-3632-1-C-XXX-X5.jpg,https://pemilu2019.kpu.go.id/img/c/900/007/900007237/2-3632-1-C-XXX-X6.jpg
1320535983605900007186,ACEH,ACEH UTARA,SYAMTALIRA ARON,GLOK,TPS 1,2019-10-24 23:00:05,7,132,190,141,141,139,2,https://pemilu2019.kpu.go.id/img/c/900/007/900007186/1-3605-1-C-XXX-X5.jpg,https://pemilu2019.kpu.go.id/img/c/900/007/900007186/1-3605-1-C-XXX-X6.jpg
1320535983605900007187,ACEH,ACEH UTARA,SYAMTALIRA ARON,GLOK,TPS 2,2019-10-24 23:00:05,13,138,187,157,157,151,6,https://pemilu2019.kpu.go.id/img/c/900/007/900007187/1-3605-2-C-XXX-X35.jpg,https://pemilu2019.kpu.go.id/img/c/900/007/900007187/1-3605-2-C-XXX-X36.jpg
1320535983629900007232,ACEH,ACEH UTARA,SYAMTALIRA ARON,HAGU,TPS 1,2019-10-24 23:00:05,16,131,197,153,153,147,6,https://pemilu2019.kpu.go.id/img/c/900/007/900007232/1-3629-1-C-XXX-X5.jpg,https://pemilu2019.kpu.go.id/img/c/900/007/900007232/1-3629-1-C-XXX-X6.jpg
1320535983602900007180,ACEH,ACEH UTARA,SYAMTALIRA ARON,KANOT,TPS 1,2019-10-24 23:00:05,2,177,217,181,181,179,2,https://pemilu2019.kpu.go.id/img/c/900/007/900007180/1-3602-1-C-XXX-X5.jpg,https://pemilu2019.kpu.go.id/img/c/900/007/900007180/1-3602-1-C-XXX-X6.jpg
1320535983602900007181,ACEH,ACEH UTARA,SYAMTALIRA ARON,KANOT,TPS 2,2019-10-24 23:00:05,6,144,205,150,150,150,0,https://pemilu2019.kpu.go.id/img/c/900/007/900007181/1-3602-2-C-XXX-X35.jpg,https://pemilu2019.kpu.go.id/img/c/900/007/900007181/1-3602-2-C-XXX-X36.jpg
1320535983599900007175,ACEH,ACEH UTARA,SYAMTALIRA ARON,KEUDE ARON,TPS 1,2019-10-24 23:00:05,5,60,106,65,65,65,0,https://pemilu2019.kpu.go.id/img/c/900/007/900007175/1-3599-1-C-XXX-X5.jpg,https://pemilu2019.kpu.go.id/img/c/900/007/900007175/1-3599-1-C-XXX-X6.jpg
1320535983615900007205,ACEH,ACEH UTARA,SYAMTALIRA ARON,KEUDE TEUPIN PUNTI,TPS 1,2019-10-24 23:00:05,0,57,77,60,60,57,3,https://pemilu2019.kpu.go.id/img/c/900/007/900007205/1-3615-1-C-XXX-X5.jpg,https://pemilu2019.kpu.go.id/img/c/900/007/900007205/1-3615-1-C-XXX-X6.jpg
1320535983610900007196,ACEH,ACEH UTARA,SYAMTALIRA ARON,KEUTAPANG,TPS 1,2019-10-24 23:00:05,10,186,243,198,198,196,2,https://pemilu2019.kpu.go.id/img/c/900/007/900007196/1-3610-1-C-XXX-X5.jpg,https://pemilu2019.kpu.go.id/img/c/900/007/900007196/1-3610-1-C-XXX-X6.jpg
1320535983610900007197,ACEH,ACEH UTARA,SYAMTALIRA ARON,KEUTAPANG,TPS 2,2019-10-24 23:00:05,11,185,263,199,199,196,3,https://pemilu2019.kpu.go.id/img/c/900/007/900007197/1-3610-2-C-XXX-X35.jpg,https://pemilu2019.kpu.go.id/img/c/900/007/900007197/1-3610-2-C-XXX-X36.jpg
1320535983610900007198,ACEH,ACEH UTARA,SYAMTALIRA ARON,KEUTAPANG,TPS 3,2019-10-24 23:00:05,21,175,239,204,204,196,8,https://pemilu2019.kpu.go.id/img/c/900/007/900007198/1-3610-3-C-XXX-X65.jpg,https://pemilu2019.kpu.go.id/img/c/900/007/900007198/1-3610-3-C-XXX-X66.jpg
1320535983623900007220,ACEH,ACEH UTARA,SYAMTALIRA ARON,KULAM,TPS 1,2019-10-24 23:00:05,19,202,295,229,229,221,8,https://pemilu2019.kpu.go.id/img/c/900/007/900007220/1-3623-1-C-XXX-X5.jpg,https://pemilu2019.kpu.go.id/img/c/900/007/900007220/1-3623-1-C-XXX-X6.jpg
1320535983623900007221,ACEH,ACEH UTARA,SYAMTALIRA ARON,KULAM,TPS 2,2019-10-24 23:00:05,27,200,274,231,231,227,4,https://pemilu2019.kpu.go.id/img/c/900/007/900007221/1-3623-2-C-XXX-X5.jpg,https://pemilu2019.kpu.go.id/img/c/900/007/900007221/1-3623-2-C-XXX-X6.jpg
1320535983616900007206,ACEH,ACEH UTARA,SYAMTALIRA ARON,KUMBANG,TPS 1,2019-10-24 23:00:05,10,192,260,211,211,202,9,https://pemilu2019.kpu.go.id/img/c/900/007/900007206/1-3616-1-C-XXX-X5.jpg,https://pemilu2019.kpu.go.id/img/c/900/007/900007206/1-3616-1-C-XXX-X6.jpg
1320535983616900007207,ACEH,ACEH UTARA,SYAMTALIRA ARON,KUMBANG,TPS 2,2019-10-24 23:00:05,16,191,258,210,210,207,3,https://pemilu2019.kpu.go.id/img/c/900/007/900007207/1-3616-2-C-XXX-X35.jpg,https://pemilu2019.kpu.go.id/img/c/900/007/900007207/1-3616-2-C-XXX-X36.jpg
1320535983626900007226,ACEH,ACEH UTARA,SYAMTALIRA ARON,MAMPRE,TPS 1,2019-10-24 23:00:05,19,171,224,194,194,190,4,https://pemilu2019.kpu.go.id/img/c/900/007/900007226/1-3626-1-C-XXX-X5.jpg,https://pemilu2019.kpu.go.id/img/c/900/007/900007226/1-3626-1-C-XXX-X6.jpg
1320535983619900007212,ACEH,ACEH UTARA,SYAMTALIRA ARON,MANYANG BAROH,TPS 1,2019-10-24 23:00:05,11,155,214,167,167,166,1,https://pemilu2019.kpu.go.id/img/c/900/007/900007212/1-3619-1-C-XXX-X5.jpg,https://pemilu2019.kpu.go.id/img/c/900/007/900007212/1-3619-1-C-XXX-X6.jpg
1320535983619900007213,ACEH,ACEH UTARA,SYAMTALIRA ARON,MANYANG BAROH,TPS 2,2019-10-24 23:00:05,11,166,212,177,177,177,0,https://pemilu2019.kpu.go.id/img/c/900/007/900007213/1-3619-2-C-XXX-X35.jpg,https://pemilu2019.kpu.go.id/img/c/900/007/900007213/1-3619-2-C-XXX-X36.jpg
1320535983608900007192,ACEH,ACEH UTARA,SYAMTALIRA ARON,MATANG MUNYE,TPS 1,2019-10-24 23:00:05,9,146,193,157,157,155,2,https://pemilu2019.kpu.go.id/img/c/900/007/900007192/1-3608-1-C-XXX-X5.jpg,https://pemilu2019.kpu.go.id/img/c/900/007/900007192/1-3608-1-C-XXX-X6.jpg
1320535983608900007193,ACEH,ACEH UTARA,SYAMTALIRA ARON,MATANG MUNYE,TPS 2,2019-10-24 23:00:05,7,150,193,159,159,157,2,https://pemilu2019.kpu.go.id/img/c/900/007/900007193/1-3608-2-C-XXX-X35.jpg,https://pemilu2019.kpu.go.id/img/c/900/007/900007193/1-3608-2-C-XXX-X36.jpg
1320535983604900007184,ACEH,ACEH UTARA,SYAMTALIRA ARON,ME ARON,TPS 1,2019-10-24 23:00:05,12,123,181,139,139,135,4,https://pemilu2019.kpu.go.id/img/c/900/007/900007184/1-3604-1-C-XXX-X5.jpg,https://pemilu2019.kpu.go.id/img/c/900/007/900007184/1-3604-1-C-XXX-X6.jpg
1320535983604900007185,ACEH,ACEH UTARA,SYAMTALIRA ARON,ME ARON,TPS 2,2019-10-24 23:00:05,7,125,182,135,135,132,3,https://pemilu2019.kpu.go.id/img/c/900/007/900007185/2-3604-2-C-XXX-X35.jpg,https://pemilu2019.kpu.go.id/img/c/900/007/900007185/2-3604-2-C-XXX-X36.jpg
1320535983614900007203,ACEH,ACEH UTARA,SYAMTALIRA ARON,MESJID,TPS 1,2019-10-24 23:00:05,9,158,238,180,180,167,13,https://pemilu2019.kpu.go.id/img/c/900/007/900007203/1-3614-1-C-XXX-X5.jpg,https://pemilu2019.kpu.go.id/img/c/900/007/900007203/1-3614-1-C-XXX-X6.jpg
1320535983614900007204,ACEH,ACEH UTARA,SYAMTALIRA ARON,MESJID,TPS 2,2019-10-24 23:00:05,19,158,223,185,185,177,8,https://pemilu2019.kpu.go.id/img/c/900/007/900007204/1-3614-2-C-XXX-X35.jpg,https://pemilu2019.kpu.go.id/img/c/900/007/900007204/1-3614-2-C-XXX-X36.jpg
1320535983627900007227,ACEH,ACEH UTARA,SYAMTALIRA ARON,MEUCAT,TPS 1,2019-10-24 23:00:05,16,161,202,179,179,177,2,https://pemilu2019.kpu.go.id/img/c/900/007/900007227/1-3627-1-C-XXX-X5.jpg,https://pemilu2019.kpu.go.id/img/c/900/007/900007227/1-3627-1-C-XXX-X6.jpg
1320535983627900007228,ACEH,ACEH UTARA,SYAMTALIRA ARON,MEUCAT,TPS 2,2019-10-24 23:00:05,10,176,209,192,192,186,6,https://pemilu2019.kpu.go.id/img/c/900/007/900007228/1-3627-2-C-XXX-X35.jpg,https://pemilu2019.kpu.go.id/img/c/900/007/900007228/1-3627-2-C-XXX-X36.jpg
1320535983627900007229,ACEH,ACEH UTARA,SYAMTALIRA ARON,MEUCAT,TPS 3,2019-10-24 23:00:05,10,173,201,186,186,183,3,https://pemilu2019.kpu.go.id/img/c/900/007/900007229/1-3627-3-C-XXX-X65.jpg,https://pemilu2019.kpu.go.id/img/c/900/007/900007229/1-3627-3-C-XXX-X66.jpg
1320535983603900007182,ACEH,ACEH UTARA,SYAMTALIRA ARON,MEURIA ARON,TPS 1,2019-10-24 23:00:05,6,130,146,136,136,136,0,https://pemilu2019.kpu.go.id/img/c/900/007/900007182/1-3603-1-C-XXX-X5.jpg,https://pemilu2019.kpu.go.id/img/c/900/007/900007182/1-3603-1-C-XXX-X6.jpg
1320535983603900007183,ACEH,ACEH UTARA,SYAMTALIRA ARON,MEURIA ARON,TPS 2,2019-10-24 23:00:05,5,130,148,136,136,135,1,https://pemilu2019.kpu.go.id/img/c/900/007/900007183/1-3603-2-C-XXX-X35.jpg,https://pemilu2019.kpu.go.id/img/c/900/007/900007183/1-3603-2-C-XXX-X36.jpg
1320535983601900007178,ACEH,ACEH UTARA,SYAMTALIRA ARON,MONCRANG,TPS 1,2019-10-24 23:00:05,9,175,217,192,192,184,8,https://pemilu2019.kpu.go.id/img/c/900/007/900007178/1-3601-1-C-XXX-X5.jpg,https://pemilu2019.kpu.go.id/img/c/900/007/900007178/1-3601-1-C-XXX-X6.jpg
1320535983601900007179,ACEH,ACEH UTARA,SYAMTALIRA ARON,MONCRANG,TPS 2,2019-10-24 23:00:05,9,172,207,183,183,181,2,https://pemilu2019.kpu.go.id/img/c/900/007/900007179/1-3601-2-C-XXX-X35.jpg,https://pemilu2019.kpu.go.id/img/c/900/007/900007179/1-3601-2-C-XXX-X36.jpg
1320535983609900007194,ACEH,ACEH UTARA,SYAMTALIRA ARON,PANTE,TPS 1,2019-10-24 23:00:05,17,146,221,165,165,163,2,https://pemilu2019.kpu.go.id/img/c/900/007/900007194/1-3609-1-C-XXX-X5.jpg,https://pemilu2019.kpu.go.id/img/c/900/007/900007194/1-3609-1-C-XXX-X6.jpg
1320535983609900007195,ACEH,ACEH UTARA,SYAMTALIRA ARON,PANTE,TPS 2,2019-10-24 23:00:05,4,163,220,171,171,167,4,https://pemilu2019.kpu.go.id/img/c/900/007/900007195/1-3609-2-C-XXX-X35.jpg,https://pemilu2019.kpu.go.id/img/c/900/007/900007195/1-3609-2-C-XXX-X36.jpg
1320535983620900007214,ACEH,ACEH UTARA,SYAMTALIRA ARON,PEUREUPOK,TPS 1,2019-10-24 23:00:05,15,158,236,179,179,173,6,https://pemilu2019.kpu.go.id/img/c/900/007/900007214/1-3620-1-C-XXX-X5.jpg,https://pemilu2019.kpu.go.id/img/c/900/007/900007214/1-3620-1-C-XXX-X6.jpg
1320535983620900007215,ACEH,ACEH UTARA,SYAMTALIRA ARON,PEUREUPOK,TPS 2,2019-10-24 23:00:05,20,153,230,176,176,173,3,https://pemilu2019.kpu.go.id/img/c/900/007/900007215/1-3620-2-C-XXX-X35.jpg,https://pemilu2019.kpu.go.id/img/c/900/007/900007215/1-3620-2-C-XXX-X36.jpg
1320535983620900007216,ACEH,ACEH UTARA,SYAMTALIRA ARON,PEUREUPOK,TPS 3,2019-10-24 23:00:05,13,158,228,171,171,171,0,https://pemilu2019.kpu.go.id/img/c/900/007/900007216/1-3620-3-C-XXX-X65.jpg,https://pemilu2019.kpu.go.id/img/c/900/007/900007216/1-3620-3-C-XXX-X66.jpg
1320535983622900007218,ACEH,ACEH UTARA,SYAMTALIRA ARON,PULO BLANG ASAN,TPS 1,2019-10-24 23:00:05,14,153,215,167,167,167,0,https://pemilu2019.kpu.go.id/img/c/900/007/900007218/2-3622-1-C-XXX-X5.jpg,https://pemilu2019.kpu.go.id/img/c/900/007/900007218/2-3622-1-C-XXX-X6.jpg
1320535983622900007219,ACEH,ACEH UTARA,SYAMTALIRA ARON,PULO BLANG ASAN,TPS 2,2019-10-24 23:00:05,7,160,214,171,171,167,4,https://pemilu2019.kpu.go.id/img/c/900/007/900007219/1-3622-2-C-XXX-X5.jpg,https://pemilu2019.kpu.go.id/img/c/900/007/900007219/1-3622-2-C-XXX-X6.jpg
1320535983613900007202,ACEH,ACEH UTARA,SYAMTALIRA ARON,TANJONG KRUENG PASE,TPS 1,2019-10-24 23:00:05,12,125,196,145,145,137,8,https://pemilu2019.kpu.go.id/img/c/900/007/900007202/1-3613-1-C-XXX-X5.jpg,https://pemilu2019.kpu.go.id/img/c/900/007/900007202/1-3613-1-C-XXX-X6.jpg
1320535983631900007235,ACEH,ACEH UTARA,SYAMTALIRA ARON,TANJONG MEULING,TPS 1,2019-10-24 23:00:05,14,155,196,170,170,169,1,https://pemilu2019.kpu.go.id/img/c/900/007/900007235/1-3631-1-C-XXX-X5.jpg,https://pemilu2019.kpu.go.id/img/c/900/007/900007235/1-3631-1-C-XXX-X6.jpg
1320535983631900007236,ACEH,ACEH UTARA,SYAMTALIRA ARON,TANJONG MEULING,TPS 2,2019-10-24 23:00:05,7,142,182,151,151,149,2,https://pemilu2019.kpu.go.id/img/c/900/007/900007236/1-3631-2-C-XXX-X35.jpg,https://pemilu2019.kpu.go.id/img/c/900/007/900007236/1-3631-2-C-XXX-X36.jpg
1320535983612900007201,ACEH,ACEH UTARA,SYAMTALIRA ARON,TEUNGOH,TPS 1,2019-10-24 23:00:05,7,155,195,171,171,162,9,https://pemilu2019.kpu.go.id/img/c/900/007/900007201/1-3612-1-C-XXX-X5.jpg,https://pemilu2019.kpu.go.id/img/c/900/007/900007201/1-3612-1-C-XXX-X6.jpg
1320535983617900007208,ACEH,ACEH UTARA,SYAMTALIRA ARON,U BLANG ASAN,TPS 1,2019-10-24 23:00:05,11,162,222,179,179,173,6,https://pemilu2019.kpu.go.id/img/c/900/007/900007208/2-3617-1-C-XXX-X5.jpg,https://pemilu2019.kpu.go.id/img/c/900/007/900007208/2-3617-1-C-XXX-X6.jpg
1320535983617900007209,ACEH,ACEH UTARA,SYAMTALIRA ARON,U BLANG ASAN,TPS 2,2019-10-24 23:00:05,10,166,232,180,180,176,4,https://pemilu2019.kpu.go.id/img/c/900/007/900007209/1-3617-2-C-XXX-X35.jpg,https://pemilu2019.kpu.go.id/img/c/900/007/900007209/1-3617-2-C-XXX-X36.jpg
1320536333663900007290,ACEH,ACEH UTARA,SYAMTALIRA BAYU,ALEN,TPS 1,2019-10-24 23:00:05,7,97,158,120,120,104,16,https://pemilu2019.kpu.go.id/img/c/900/007/900007290/1-3663-1-C-XXX-X5.jpg,https://pemilu2019.kpu.go.id/img/c/900/007/900007290/1-3663-1-C-XXX-X6.jpg
1320536333663900007291,ACEH,ACEH UTARA,SYAMTALIRA BAYU,ALEN,TPS 2,2019-10-24 23:00:05,16,104,164,129,129,120,9,https://pemilu2019.kpu.go.id/img/c/900/007/900007291/1-3663-2-C-XXX-X5.jpg,https://pemilu2019.kpu.go.id/img/c/900/007/900007291/1-3663-2-C-XXX-X6.jpg
1320536333669900007298,ACEH,ACEH UTARA,SYAMTALIRA BAYU,ALUE MAJRON,TPS 1,2019-10-24 23:00:05,14,138,239,144,158,152,6,https://pemilu2019.kpu.go.id/img/c/900/007/900007298/3-3669-1-C-XXX-X5.jpg,https://pemilu2019.kpu.go.id/img/c/900/007/900007298/3-3669-1-C-XXX-X6.jpg
1320536333669900007299,ACEH,ACEH UTARA,SYAMTALIRA BAYU,ALUE MAJRON,TPS 2,2019-10-24 23:00:05,16,140,219,161,161,156,5,https://pemilu2019.kpu.go.id/img/c/900/007/900007299/2-3669-2-C-XXX-X5.jpg,https://pemilu2019.kpu.go.id/img/c/900/007/900007299/2-3669-2-C-XXX-X6.jpg
1320536333669900007300,ACEH,ACEH UTARA,SYAMTALIRA BAYU,ALUE MAJRON,TPS 3,2019-10-24 23:00:05,11,117,200,136,136,128,8,https://pemilu2019.kpu.go.id/img/c/900/007/900007300/1-3669-3-C-XXX-X5.jpg,https://pemilu2019.kpu.go.id/img/c/900/007/900007300/1-3669-3-C-XXX-X6.jpg
1320536333634900007238,ACEH,ACEH UTARA,SYAMTALIRA BAYU,BALE,TPS 1,2019-10-24 23:00:05,13,153,226,179,179,166,13,https://pemilu2019.kpu.go.id/img/c/900/007/900007238/2-3634-1-C-XXX-X5.jpg,https://pemilu2019.kpu.go.id/img/c/900/007/900007238/2-3634-1-C-XXX-X6.jpg
1320536333634900007239,ACEH,ACEH UTARA,SYAMTALIRA BAYU,BALE,TPS 2,2019-10-24 23:00:05,16,139,225,166,166,155,11,https://pemilu2019.kpu.go.id/img/c/900/007/900007239/2-3634-2-C-XXX-X5.jpg,https://pemilu2019.kpu.go.id/img/c/900/007/900007239/2-3634-2-C-XXX-X6.jpg
1320536333649900007272,ACEH,ACEH UTARA,SYAMTALIRA BAYU,BAROH BLANG RIMUENG,TPS 1,2019-10-24 23:00:05,20,185,264,212,212,205,7,https://pemilu2019.kpu.go.id/img/c/900/007/900007272/4-3649-1-C-XXX-X5.jpg,https://pemilu2019.kpu.go.id/img/c/900/007/900007272/4-3649-1-C-XXX-X6.jpg
1320536333637900007244,ACEH,ACEH UTARA,SYAMTALIRA BAYU,BARO KULAM GAJAH,TPS 1,2019-10-24 23:00:05,14,220,284,243,243,234,9,https://pemilu2019.kpu.go.id/img/c/900/007/900007244/2-3637-1-C-XXX-X5.jpg,https://pemilu2019.kpu.go.id/img/c/900/007/900007244/2-3637-1-C-XXX-X6.jpg
1320536333641900007251,ACEH,ACEH UTARA,SYAMTALIRA BAYU,BEUNOT,TPS 1,2019-10-24 23:00:05,13,179,297,197,197,192,5,https://pemilu2019.kpu.go.id/img/c/900/007/900007251/2-3641-1-C-XXX-X5.jpg,https://pemilu2019.kpu.go.id/img/c/900/007/900007251/2-3641-1-C-XXX-X6.jpg
1320536333641900007252,ACEH,ACEH UTARA,SYAMTALIRA BAYU,BEUNOT,TPS 2,2019-10-24 23:00:05,14,194,300,217,217,208,9,https://pemilu2019.kpu.go.id/img/c/900/007/900007252/2-3641-2-C-XXX-X5.jpg,https://pemilu2019.kpu.go.id/img/c/900/007/900007252/2-3641-2-C-XXX-X6.jpg
1320536333641900007253,ACEH,ACEH UTARA,SYAMTALIRA BAYU,BEUNOT,TPS 3,2019-10-24 23:00:05,5,180,294,192,192,185,7,https://pemilu2019.kpu.go.id/img/c/900/007/900007253/2-3641-3-C-XXX-X5.jpg,https://pemilu2019.kpu.go.id/img/c/900/007/900007253/2-3641-3-C-XXX-X6.jpg
1320536333641900007254,ACEH,ACEH UTARA,SYAMTALIRA BAYU,BEUNOT,TPS 4,2019-10-24 23:00:05,1,201,297,216,216,212,4,https://pemilu2019.kpu.go.id/img/c/900/007/900007254/1-3641-4-C-XXX-X5.jpg,https://pemilu2019.kpu.go.id/img/c/900/007/900007254/1-3641-4-C-XXX-X6.jpg
1320536333641900007255,ACEH,ACEH UTARA,SYAMTALIRA BAYU,BEUNOT,TPS 5,2019-10-24 23:00:05,7,195,302,205,205,202,3,https://pemilu2019.kpu.go.id/img/c/900/007/900007255/4-3641-5-C-XXX-X5.jpg,https://pemilu2019.kpu.go.id/img/c/900/007/900007255/4-3641-5-C-XXX-X6.jpg
1320536333636900007242,ACEH,ACEH UTARA,SYAMTALIRA BAYU,BEURANDANG,TPS 1,2019-10-24 23:00:05,20,130,190,159,159,150,9,https://pemilu2019.kpu.go.id/img/c/900/007/900007242/1-3636-1-C-XXX-X5.jpg,https://pemilu2019.kpu.go.id/img/c/900/007/900007242/1-3636-1-C-XXX-X6.jpg
1320536333636900007243,ACEH,ACEH UTARA,SYAMTALIRA BAYU,BEURANDANG,TPS 2,2019-10-24 23:00:05,5,130,192,135,135,135,0,https://pemilu2019.kpu.go.id/img/c/900/007/900007243/1-3636-2-C-XXX-X5.jpg,https://pemilu2019.kpu.go.id/img/c/900/007/900007243/1-3636-2-C-XXX-X6.jpg
1320536333635900007240,ACEH,ACEH UTARA,SYAMTALIRA BAYU,BIE,TPS 1,2019-10-24 23:00:05,8,186,266,198,198,194,4,https://pemilu2019.kpu.go.id/img/c/900/007/900007240/1-3635-1-C-XXX-X5.jpg,https://pemilu2019.kpu.go.id/img/c/900/007/900007240/1-3635-1-C-XXX-X6.jpg
1320536333635900007241,ACEH,ACEH UTARA,SYAMTALIRA BAYU,BIE,TPS 2,2019-10-24 23:00:05,10,185,269,202,202,195,7,https://pemilu2019.kpu.go.id/img/c/900/007/900007241/1-3635-2-C-XXX-X5.jpg,https://pemilu2019.kpu.go.id/img/c/900/007/900007241/1-3635-2-C-XXX-X6.jpg
1320536333656900007281,ACEH,ACEH UTARA,SYAMTALIRA BAYU,BLANG AWE,TPS 1,2019-10-24 23:00:05,7,186,250,199,199,193,6,https://pemilu2019.kpu.go.id/img/c/900/007/900007281/1-3656-1-C-XXX-X5.jpg,https://pemilu2019.kpu.go.id/img/c/900/007/900007281/1-3656-1-C-XXX-X6.jpg
1320536333656900007282,ACEH,ACEH UTARA,SYAMTALIRA BAYU,BLANG AWE,TPS 2,2019-10-24 23:00:05,4,209,249,218,218,213,5,https://pemilu2019.kpu.go.id/img/c/900/007/900007282/1-3656-2-C-XXX-X5.jpg,https://pemilu2019.kpu.go.id/img/c/900/007/900007282/1-3656-2-C-XXX-X6.jpg
1320536333643900007257,ACEH,ACEH UTARA,SYAMTALIRA BAYU,BLANG BAYU,TPS 1,2019-10-24 23:00:05,15,140,224,161,161,155,6,https://pemilu2019.kpu.go.id/img/c/900/007/900007257/1-3643-1-C-XXX-X5.jpg,https://pemilu2019.kpu.go.id/img/c/900/007/900007257/1-3643-1-C-XXX-X6.jpg
1320536333643900007258,ACEH,ACEH UTARA,SYAMTALIRA BAYU,BLANG BAYU,TPS 2,2019-10-24 23:00:05,15,148,219,163,163,163,0,https://pemilu2019.kpu.go.id/img/c/900/007/900007258/1-3643-2-C-XXX-X5.jpg,https://pemilu2019.kpu.go.id/img/c/900/007/900007258/1-3643-2-C-XXX-X6.jpg
1320536333643900007259,ACEH,ACEH UTARA,SYAMTALIRA BAYU,BLANG BAYU,TPS 3,2019-10-24 23:00:05,19,143,208,163,163,162,1,https://pemilu2019.kpu.go.id/img/c/900/007/900007259/1-3643-3-C-XXX-X5.jpg,https://pemilu2019.kpu.go.id/img/c/900/007/900007259/1-3643-3-C-XXX-X6.jpg
1320536333666900007294,ACEH,ACEH UTARA,SYAMTALIRA BAYU,BLANG MAJRON,TPS 1,2019-10-24 23:00:05,8,137,194,149,149,145,4,https://pemilu2019.kpu.go.id/img/c/900/007/900007294/1-3666-1-C-XXX-X5.jpg,https://pemilu2019.kpu.go.id/img/c/900/007/900007294/1-3666-1-C-XXX-X6.jpg
1320536333666900007295,ACEH,ACEH UTARA,SYAMTALIRA BAYU,BLANG MAJRON,TPS 2,2019-10-24 23:00:05,12,149,199,165,165,161,4,https://pemilu2019.kpu.go.id/img/c/900/007/900007295/1-3666-2-C-XXX-X5.jpg,https://pemilu2019.kpu.go.id/img/c/900/007/900007295/1-3666-2-C-XXX-X6.jpg
1320536333665900007293,ACEH,ACEH UTARA,SYAMTALIRA BAYU,BLANG PATRA,TPS 1,2019-10-24 23:00:05,9,117,185,132,132,126,6,https://pemilu2019.kpu.go.id/img/c/900/007/900007293/1-3665-1-C-XXX-X5.jpg,https://pemilu2019.kpu.go.id/img/c/900/007/900007293/1-3665-1-C-XXX-X6.jpg
1320536333671900007302,ACEH,ACEH UTARA,SYAMTALIRA BAYU,BLANG SEUREUKUY,TPS 1,2019-10-24 23:00:05,10,161,247,185,185,171,14,https://pemilu2019.kpu.go.id/img/c/900/007/900007302/1-3671-1-C-XXX-X5.jpg,https://pemilu2019.kpu.go.id/img/c/900/007/900007302/1-3671-1-C-XXX-X6.jpg
1320536333668900007297,ACEH,ACEH UTARA,SYAMTALIRA BAYU,BUKET GLUMPANG,TPS 1,2019-10-24 23:00:05,10,134,168,146,146,144,2,https://pemilu2019.kpu.go.id/img/c/900/007/900007297/1-3668-1-C-XXX-X5.jpg,https://pemilu2019.kpu.go.id/img/c/900/007/900007297/1-3668-1-C-XXX-X6.jpg
1320536333648900007270,ACEH,ACEH UTARA,SYAMTALIRA BAYU,BUNGONG,TPS 1,2019-10-24 23:00:05,7,98,140,140,109,105,4,https://pemilu2019.kpu.go.id/img/c/900/007/900007270/1-3648-1-C-XXX-X5.jpg,https://pemilu2019.kpu.go.id/img/c/900/007/900007270/1-3648-1-C-XXX-X6.jpg
1320536333648900007271,ACEH,ACEH UTARA,SYAMTALIRA BAYU,BUNGONG,TPS 2,2019-10-24 23:00:05,17,115,175,137,137,132,5,https://pemilu2019.kpu.go.id/img/c/900/007/900007271/1-3648-2-C-XXX-X5.jpg,https://pemilu2019.kpu.go.id/img/c/900/007/900007271/1-3648-2-C-XXX-X6.jpg
1320536333658900007284,ACEH,ACEH UTARA,SYAMTALIRA BAYU,CIBREK,TPS 1,2019-10-24 23:00:05,4,169,199,177,177,173,4,https://pemilu2019.kpu.go.id/img/c/900/007/900007284/1-3658-1-C-XXX-X5.jpg,https://pemilu2019.kpu.go.id/img/c/900/007/900007284/1-3658-1-C-XXX-X6.jpg
1320536333661900007287,ACEH,ACEH UTARA,SYAMTALIRA BAYU,CUT NEUHEUN,TPS 1,2019-10-24 23:00:05,7,187,261,0,210,194,16,https://pemilu2019.kpu.go.id/img/c/900/007/900007287/1-3661-1-C-XXX-X5.jpg,https://pemilu2019.kpu.go.id/img/c/900/007/900007287/1-3661-1-C-XXX-X6.jpg
1320536333645900007262,ACEH,ACEH UTARA,SYAMTALIRA BAYU,DAYAH BARO,TPS 1,2019-10-24 23:00:05,14,176,252,192,192,190,2,https://pemilu2019.kpu.go.id/img/c/900/007/900007262/1-3645-1-C-XXX-X5.jpg,https://pemilu2019.kpu.go.id/img/c/900/007/900007262/1-3645-1-C-XXX-X6.jpg
1320536333664900007292,ACEH,ACEH UTARA,SYAMTALIRA BAYU,DAYAH BLANG SEUREUKUY,TPS 1,2019-10-24 23:00:05,4,205,258,216,216,209,7,https://pemilu2019.kpu.go.id/img/c/900/007/900007292/1-3664-1-C-XXX-X5.jpg,https://pemilu2019.kpu.go.id/img/c/900/007/900007292/1-3664-1-C-XXX-X6.jpg
1320536333644900007260,ACEH,ACEH UTARA,SYAMTALIRA BAYU,DAYAH TUHA,TPS 1,2019-10-24 23:00:05,4,149,220,157,157,153,4,https://pemilu2019.kpu.go.id/img/c/900/007/900007260/2-3644-1-C-XXX-X5.jpg,https://pemilu2019.kpu.go.id/img/c/900/007/900007260/2-3644-1-C-XXX-X6.jpg
1320536333644900007261,ACEH,ACEH UTARA,SYAMTALIRA BAYU,DAYAH TUHA,TPS 2,2019-10-24 23:00:05,8,167,220,178,178,175,3,https://pemilu2019.kpu.go.id/img/c/900/007/900007261/1-3644-2-C-XXX-X5.jpg,https://pemilu2019.kpu.go.id/img/c/900/007/900007261/1-3644-2-C-XXX-X6.jpg
1320536333655900007280,ACEH,ACEH UTARA,SYAMTALIRA BAYU,GAROT,TPS 1,2019-10-24 23:00:05,13,192,267,220,220,205,15,https://pemilu2019.kpu.go.id/img/c/900/007/900007280/1-3655-1-C-XXX-X5.jpg,https://pemilu2019.kpu.go.id/img/c/900/007/900007280/1-3655-1-C-XXX-X6.jpg
1320536333638900007245,ACEH,ACEH UTARA,SYAMTALIRA BAYU,GLONG,TPS 1,2019-10-24 23:00:05,3,132,199,138,138,135,3,https://pemilu2019.kpu.go.id/img/c/900/007/900007245/2-3638-1-C-XXX-X5.jpg,https://pemilu2019.kpu.go.id/img/c/900/007/900007245/2-3638-1-C-XXX-X6.jpg
1320536333638900007246,ACEH,ACEH UTARA,SYAMTALIRA BAYU,GLONG,TPS 2,2019-10-24 23:00:05,5,148,195,160,160,153,7,https://pemilu2019.kpu.go.id/img/c/900/007/900007246/2-3638-2-C-XXX-X35.jpg,https://pemilu2019.kpu.go.id/img/c/900/007/900007246/2-3638-2-C-XXX-X36.jpg
1320536333651900007274,ACEH,ACEH UTARA,SYAMTALIRA BAYU,KAYEE PANYANG,TPS 1,2019-10-24 23:00:05,5,180,266,190,190,185,5,https://pemilu2019.kpu.go.id/img/c/900/007/900007274/2-3651-1-C-XXX-X5.jpg,https://pemilu2019.kpu.go.id/img/c/900/007/900007274/2-3651-1-C-XXX-X6.jpg
1320536333651900007275,ACEH,ACEH UTARA,SYAMTALIRA BAYU,KAYEE PANYANG,TPS 2,2019-10-24 23:00:05,5,170,260,177,177,175,2,https://pemilu2019.kpu.go.id/img/c/900/007/900007275/2-3651-2-C-XXX-X5.jpg,https://pemilu2019.kpu.go.id/img/c/900/007/900007275/2-3651-2-C-XXX-X6.jpg
1320536333642900007256,ACEH,ACEH UTARA,SYAMTALIRA BAYU,KEUDE BAYU,TPS 1,2019-10-24 23:00:05,9,129,159,139,139,138,1,https://pemilu2019.kpu.go.id/img/c/900/007/900007256/1-3642-1-C-XXX-X5.jpg,https://pemilu2019.kpu.go.id/img/c/900/007/900007256/1-3642-1-C-XXX-X6.jpg
1320536333646900007263,ACEH,ACEH UTARA,SYAMTALIRA BAYU,LANCOK,TPS 1,2019-10-24 23:00:05,12,141,236,159,159,153,6,https://pemilu2019.kpu.go.id/img/c/900/007/900007263/1-3646-1-C1-PPWP-X1.jpg,https://pemilu2019.kpu.go.id/img/c/900/007/900007263/1-3646-1-C1-PPWP-X2.jpg
1320536333646900007264,ACEH,ACEH UTARA,SYAMTALIRA BAYU,LANCOK,TPS 2,2019-10-24 23:00:05,5,163,240,172,172,168,4,https://pemilu2019.kpu.go.id/img/c/900/007/900007264/1-3646-2-C-XXX-X5.jpg,https://pemilu2019.kpu.go.id/img/c/900/007/900007264/1-3646-2-C-XXX-X6.jpg
1320536333646900007265,ACEH,ACEH UTARA,SYAMTALIRA BAYU,LANCOK,TPS 3,2019-10-24 23:00:05,9,136,240,156,156,145,11,https://pemilu2019.kpu.go.id/img/c/900/007/900007265/1-3646-3-C-XXX-X5.jpg,https://pemilu2019.kpu.go.id/img/c/900/007/900007265/1-3646-3-C-XXX-X6.jpg
1320536333646900007266,ACEH,ACEH UTARA,SYAMTALIRA BAYU,LANCOK,TPS 4,2019-10-24 23:00:05,12,144,244,172,172,156,16,https://pemilu2019.kpu.go.id/img/c/900/007/900007266/1-3646-4-C-XXX-X5.jpg,https://pemilu2019.kpu.go.id/img/c/900/007/900007266/1-3646-4-C-XXX-X6.jpg
1320536333640900007249,ACEH,ACEH UTARA,SYAMTALIRA BAYU,LANGA,TPS 1,2019-10-24 23:00:05,14,181,267,199,199,195,4,https://pemilu2019.kpu.go.id/img/c/900/007/900007249/1-3640-1-C-XXX-X5.jpg,https://pemilu2019.kpu.go.id/img/c/900/007/900007249/1-3640-1-C-XXX-X6.jpg
1320536333640900007250,ACEH,ACEH UTARA,SYAMTALIRA BAYU,LANGA,TPS 2,2019-10-24 23:00:05,14,186,277,206,206,200,6,https://pemilu2019.kpu.go.id/img/c/900/007/900007250/1-3640-2-C-XXX-X5.jpg,https://pemilu2019.kpu.go.id/img/c/900/007/900007250/1-3640-2-C-XXX-X6.jpg
1320536333660900007286,ACEH,ACEH UTARA,SYAMTALIRA BAYU,MEUDANG ARA,TPS 1,2019-10-24 23:00:05,12,123,171,142,142,135,7,https://pemilu2019.kpu.go.id/img/c/900/007/900007286/1-3660-1-C-XXX-X5.jpg,https://pemilu2019.kpu.go.id/img/c/900/007/900007286/1-3660-1-C-XXX-X6.jpg
1320536333639900007247,ACEH,ACEH UTARA,SYAMTALIRA BAYU,NIBONG,TPS 1,2019-10-24 23:00:05,9,154,201,166,166,163,3,https://pemilu2019.kpu.go.id/img/c/900/007/900007247/2-3639-1-C-XXX-X5.jpg,https://pemilu2019.kpu.go.id/img/c/900/007/900007247/2-3639-1-C-XXX-X6.jpg
1320536333639900007248,ACEH,ACEH UTARA,SYAMTALIRA BAYU,NIBONG,TPS 2,2019-10-24 23:00:05,4,135,200,140,140,139,1,https://pemilu2019.kpu.go.id/img/c/900/007/900007248/2-3639-2-C-XXX-X35.jpg,https://pemilu2019.kpu.go.id/img/c/900/007/900007248/2-3639-2-C-XXX-X36.jpg
1320536333657900007283,ACEH,ACEH UTARA,SYAMTALIRA BAYU,PULO BLANG MANGAT,TPS 1,2019-10-24 23:00:05,4,217,237,232,232,221,11,https://pemilu2019.kpu.go.id/img/c/900/007/900007283/1-3657-1-C-XXX-X5.jpg,https://pemilu2019.kpu.go.id/img/c/900/007/900007283/1-3657-1-C-XXX-X6.jpg
1320536333659900007285,ACEH,ACEH UTARA,SYAMTALIRA BAYU,PULO BLANG TRIENG,TPS 1,2019-10-24 23:00:05,10,192,244,212,212,206,6,https://pemilu2019.kpu.go.id/img/c/900/007/900007285/1-3659-1-C-XXX-X5.jpg,https://pemilu2019.kpu.go.id/img/c/900/007/900007285/1-3659-1-C-XXX-X6.jpg
1320536333647900007267,ACEH,ACEH UTARA,SYAMTALIRA BAYU,PUNTI,TPS 1,2019-10-24 23:00:05,20,183,236,221,221,203,18,https://pemilu2019.kpu.go.id/img/c/900/007/900007267/2-3647-1-C1-PPWP-X1.jpg,https://pemilu2019.kpu.go.id/img/c/900/007/900007267/2-3647-1-C1-PPWP-X2.jpg
1320536333647900007268,ACEH,ACEH UTARA,SYAMTALIRA BAYU,PUNTI,TPS 2,2019-10-24 23:00:05,29,153,238,194,194,182,12,https://pemilu2019.kpu.go.id/img/c/900/007/900007268/1-3647-2-C-XXX-X5.jpg,https://pemilu2019.kpu.go.id/img/c/900/007/900007268/1-3647-2-C-XXX-X6.jpg
1320536333647900007269,ACEH,ACEH UTARA,SYAMTALIRA BAYU,PUNTI,TPS 3,2019-10-24 23:00:05,13,140,239,167,167,153,14,https://pemilu2019.kpu.go.id/img/c/900/007/900007269/1-3647-3-C-XXX-X5.jpg,https://pemilu2019.kpu.go.id/img/c/900/007/900007269/1-3647-3-C-XXX-X6.jpg
1320536333652900007276,ACEH,ACEH UTARA,SYAMTALIRA BAYU,RHENG,TPS 1,2019-10-24 23:00:05,12,137,201,152,152,149,3,https://pemilu2019.kpu.go.id/img/c/900/007/900007276/1-3652-1-C-XXX-X5.jpg,https://pemilu2019.kpu.go.id/img/c/900/007/900007276/1-3652-1-C-XXX-X6.jpg
1320536333652900007277,ACEH,ACEH UTARA,SYAMTALIRA BAYU,RHENG,TPS 2,2019-10-24 23:00:05,5,148,201,159,159,153,6,https://pemilu2019.kpu.go.id/img/c/900/007/900007277/1-3652-2-C-XXX-X5.jpg,https://pemilu2019.kpu.go.id/img/c/900/007/900007277/1-3652-2-C-XXX-X6.jpg
1320536333667900007296,ACEH,ACEH UTARA,SYAMTALIRA BAYU,SEUNEUBOK BARO,TPS 1,2019-10-24 23:00:05,16,125,174,147,147,141,6,https://pemilu2019.kpu.go.id/img/c/900/007/900007296/2-3667-1-C-XXX-X5.jpg,https://pemilu2019.kpu.go.id/img/c/900/007/900007296/2-3667-1-C-XXX-X6.jpg
1320536333670900007301,ACEH,ACEH UTARA,SYAMTALIRA BAYU,SIREN TUJOH,TPS 1,2019-10-24 23:00:05,12,131,153,147,147,143,4,https://pemilu2019.kpu.go.id/img/c/900/007/900007301/1-3670-1-C-XXX-X5.jpg,https://pemilu2019.kpu.go.id/img/c/900/007/900007301/1-3670-1-C-XXX-X6.jpg
1320536333653900007278,ACEH,ACEH UTARA,SYAMTALIRA BAYU,TRIENG MEUDUROE,TPS 1,2019-10-24 23:00:05,20,193,273,223,223,213,10,https://pemilu2019.kpu.go.id/img/c/900/007/900007278/1-3653-1-C-XXX-X5.jpg,https://pemilu2019.kpu.go.id/img/c/900/007/900007278/1-3653-1-C-XXX-X6.jpg
1320536333662900007288,ACEH,ACEH UTARA,SYAMTALIRA BAYU,TUMPEUN,TPS 1,2019-10-24 23:00:05,20,111,155,143,143,131,12,https://pemilu2019.kpu.go.id/img/c/900/007/900007288/1-3662-1-C-XXX-X5.jpg,https://pemilu2019.kpu.go.id/img/c/900/007/900007288/1-3662-1-C-XXX-X6.jpg
1320536333662900007289,ACEH,ACEH UTARA,SYAMTALIRA BAYU,TUMPEUN,TPS 2,2019-10-24 23:00:05,14,117,153,140,140,131,9,https://pemilu2019.kpu.go.id/img/c/900/007/900007289/1-3662-2-C-XXX-X5.jpg,https://pemilu2019.kpu.go.id/img/c/900/007/900007289/1-3662-2-C-XXX-X6.jpg
1320536333654900007279,ACEH,ACEH UTARA,SYAMTALIRA BAYU,ULEE GAMPONG,TPS 1,2019-10-24 23:00:05,5,152,199,164,164,157,7,https://pemilu2019.kpu.go.id/img/c/900/007/900007279/1-3654-1-C-XXX-X5.jpg,https://pemilu2019.kpu.go.id/img/c/900/007/900007279/1-3654-1-C-XXX-X6.jpg
1320536333650900007273,ACEH,ACEH UTARA,SYAMTALIRA BAYU,ULEE MEURIA,TPS 1,2019-10-24 23:00:05,3,124,163,129,129,127,2,https://pemilu2019.kpu.go.id/img/c/900/007/900007273/1-3650-1-C-XXX-X5.jpg,https://pemilu2019.kpu.go.id/img/c/900/007/900007273/1-3650-1-C-XXX-X6.jpg
1320536723688900007328,ACEH,ACEH UTARA,TANAH LUAS,ALUE,TPS 1,2019-10-24 23:00:05,6,201,220,216,216,207,9,https://pemilu2019.kpu.go.id/img/c/900/007/900007328/1-3688-1-C-XXX-X5.jpg,https://pemilu2019.kpu.go.id/img/c/900/007/900007328/1-3688-1-C-XXX-X6.jpg
1320536723688900007329,ACEH,ACEH UTARA,TANAH LUAS,ALUE,TPS 2,2019-10-24 23:00:05,11,212,230,227,227,223,4,https://pemilu2019.kpu.go.id/img/c/900/007/900007329/1-3688-2-C-XXX-X35.jpg,https://pemilu2019.kpu.go.id/img/c/900/007/900007329/1-3688-2-C-XXX-X36.jpg
1320536723709900007368,ACEH,ACEH UTARA,TANAH LUAS,ALUE GAMPONG,TPS 1,2019-10-24 23:00:05,13,199,245,218,218,212,6,https://pemilu2019.kpu.go.id/img/c/900/007/900007368/1-3709-1-C1-PPWP-X1.jpg,https://pemilu2019.kpu.go.id/img/c/900/007/900007368/1-3709-1-C1-PPWP-X2.jpg
1320536723683900007318,ACEH,ACEH UTARA,TANAH LUAS,ALUE KEUJRUEN,TPS 1,2019-10-24 23:00:05,40,139,182,182,182,179,3,https://pemilu2019.kpu.go.id/img/c/900/007/900007318/1-3683-1-C-XXX-X5.jpg,https://pemilu2019.kpu.go.id/img/c/900/007/900007318/1-3683-1-C-XXX-X6.jpg
1320536723683900007319,ACEH,ACEH UTARA,TANAH LUAS,ALUE KEUJRUEN,TPS 2,2019-10-24 23:00:05,28,131,211,160,160,159,1,https://pemilu2019.kpu.go.id/img/c/900/007/900007319/1-3683-2-C-XXX-X5.jpg,https://pemilu2019.kpu.go.id/img/c/900/007/900007319/1-3683-2-C-XXX-X6.jpg
1320536723679900007313,ACEH,ACEH UTARA,TANAH LUAS,ALUE PANGKAT,TPS 1,2019-10-24 23:00:05,9,130,171,141,141,139,2,https://pemilu2019.kpu.go.id/img/c/900/007/900007313/1-3679-1-C-XXX-X5.jpg,https://pemilu2019.kpu.go.id/img/c/900/007/900007313/1-3679-1-C-XXX-X6.jpg
1320536723716900007375,ACEH,ACEH UTARA,TANAH LUAS,ALUE SIJUEK,TPS 1,2019-10-24 23:00:05,3,80,88,84,84,83,1,https://pemilu2019.kpu.go.id/img/c/900/007/900007375/1-3716-1-C-XXX-X5.jpg,https://pemilu2019.kpu.go.id/img/c/900/007/900007375/1-3716-1-C-XXX-X6.jpg
1320536723687900007325,ACEH,ACEH UTARA,TANAH LUAS,AMPEH,TPS 1,2019-10-24 23:00:05,11,152,206,163,163,163,0,https://pemilu2019.kpu.go.id/img/c/900/007/900007325/1-3687-1-C-XXX-X5.jpg,https://pemilu2019.kpu.go.id/img/c/900/007/900007325/1-3687-1-C-XXX-X6.jpg
1320536723687900007326,ACEH,ACEH UTARA,TANAH LUAS,AMPEH,TPS 2,2019-10-24 23:00:05,6,150,193,159,159,156,3,https://pemilu2019.kpu.go.id/img/c/900/007/900007326/1-3687-2-C-XXX-X5.jpg,https://pemilu2019.kpu.go.id/img/c/900/007/900007326/1-3687-2-C-XXX-X6.jpg
1320536723687900007327,ACEH,ACEH UTARA,TANAH LUAS,AMPEH,TPS 3,2019-10-24 23:00:05,9,148,203,160,160,157,3,https://pemilu2019.kpu.go.id/img/c/900/007/900007327/1-3687-3-C-XXX-X5.jpg,https://pemilu2019.kpu.go.id/img/c/900/007/900007327/1-3687-3-C-XXX-X6.jpg
1320536723710900007369,ACEH,ACEH UTARA,TANAH LUAS,BAYI,TPS 1,2019-10-24 23:00:05,9,188,245,205,205,197,8,https://pemilu2019.kpu.go.id/img/c/900/007/900007369/1-3710-1-C-XXX-X5.jpg,https://pemilu2019.kpu.go.id/img/c/900/007/900007369/1-3710-1-C-XXX-X6.jpg
1320536723724900007383,ACEH,ACEH UTARA,TANAH LUAS,BLANG,TPS 1,2019-10-24 23:00:05,5,225,249,230,230,230,0,https://pemilu2019.kpu.go.id/img/c/900/007/900007383/2-3724-1-C1-PPWP-X1.jpg,https://pemilu2019.kpu.go.id/img/c/900/007/900007383/2-3724-1-C1-PPWP-X2.jpg
1320536723700900007351,ACEH,ACEH UTARA,TANAH LUAS,BLANG BIDOK,TPS 1,2019-10-24 23:00:05,20,165,253,194,194,185,9,https://pemilu2019.kpu.go.id/img/c/900/007/900007351/1-3700-1-C-XXX-X5.jpg,https://pemilu2019.kpu.go.id/img/c/900/007/900007351/1-3700-1-C-XXX-X6.jpg
1320536723700900007352,ACEH,ACEH UTARA,TANAH LUAS,BLANG BIDOK,TPS 2,2019-10-24 23:00:05,23,135,227,174,174,158,16,https://pemilu2019.kpu.go.id/img/c/900/007/900007352/1-3700-2-C1-PPWP-X1.jpg,https://pemilu2019.kpu.go.id/img/c/900/007/900007352/1-3700-2-C1-PPWP-X2.jpg
1320536723691900007333,ACEH,ACEH UTARA,TANAH LUAS,BLANG JRUEN,TPS 1,2019-10-24 23:00:05,10,157,235,172,172,5,167,https://pemilu2019.kpu.go.id/img/c/900/007/900007333/1-3691-1-C-XXX-X5.jpg,https://pemilu2019.kpu.go.id/img/c/900/007/900007333/1-3691-1-C-XXX-X6.jpg
1320536723691900007334,ACEH,ACEH UTARA,TANAH LUAS,BLANG JRUEN,TPS 2,2019-10-24 23:00:05,15,143,228,162,162,158,4,https://pemilu2019.kpu.go.id/img/c/900/007/900007334/1-3691-2-C1-PPWP-X1.jpg,https://pemilu2019.kpu.go.id/img/c/900/007/900007334/1-3691-2-C1-PPWP-X2.jpg
1320536723720900007379,ACEH,ACEH UTARA,TANAH LUAS,BLANG PIE,TPS 1,2019-10-24 23:00:05,3,113,129,117,117,116,1,https://pemilu2019.kpu.go.id/img/c/900/007/900007379/1-3720-1-C-XXX-X5.jpg,https://pemilu2019.kpu.go.id/img/c/900/007/900007379/1-3720-1-C-XXX-X6.jpg
1320536723715900007374,ACEH,ACEH UTARA,TANAH LUAS,BLANG TRIENG,TPS 1,2019-10-24 23:00:05,1,75,95,82,82,76,6,https://pemilu2019.kpu.go.id/img/c/900/007/900007374/1-3715-1-C-XXX-X5.jpg,https://pemilu2019.kpu.go.id/img/c/900/007/900007374/1-3715-1-C-XXX-X6.jpg
1320536723729900007389,ACEH,ACEH UTARA,TANAH LUAS,BUKET MAKARTI,TPS 1,2019-10-24 23:00:05,1,89,200,96,96,90,6,https://pemilu2019.kpu.go.id/img/c/900/007/900007389/1-3729-1-C-XXX-X5.jpg,https://pemilu2019.kpu.go.id/img/c/900/007/900007389/1-3729-1-C-XXX-X6.jpg
1320536723706900007362,ACEH,ACEH UTARA,TANAH LUAS,CIBREK,TPS 1,2019-10-24 23:00:05,8,121,149,130,130,129,1,https://pemilu2019.kpu.go.id/img/c/900/007/900007362/1-3706-1-C-XXX-X5.jpg,https://pemilu2019.kpu.go.id/img/c/900/007/900007362/1-3706-1-C-XXX-X6.jpg
1320536723706900007363,ACEH,ACEH UTARA,TANAH LUAS,CIBREK,TPS 2,2019-10-24 23:00:05,13,116,158,130,130,129,1,https://pemilu2019.kpu.go.id/img/c/900/007/900007363/1-3706-2-C-XXX-X35.jpg,https://pemilu2019.kpu.go.id/img/c/900/007/900007363/1-3706-2-C-XXX-X36.jpg
1320536723727900007386,ACEH,ACEH UTARA,TANAH LUAS,COT BARAT,TPS 1,2019-10-24 23:00:05,18,130,206,157,157,148,9,https://pemilu2019.kpu.go.id/img/c/900/007/900007386/1-3727-1-C-XXX-X5.jpg,https://pemilu2019.kpu.go.id/img/c/900/007/900007386/1-3727-1-C-XXX-X6.jpg
1320536723713900007372,ACEH,ACEH UTARA,TANAH LUAS,COT DAH,TPS 1,2019-10-24 23:00:05,18,132,191,151,151,150,1,https://pemilu2019.kpu.go.id/img/c/900/007/900007372/1-3713-1-C-XXX-X5.jpg,https://pemilu2019.kpu.go.id/img/c/900/007/900007372/1-3713-1-C-XXX-X6.jpg
1320536723676900007308,ACEH,ACEH UTARA,TANAH LUAS,DENG,TPS 1,2019-10-24 23:00:05,37,139,202,179,179,176,3,https://pemilu2019.kpu.go.id/img/c/900/007/900007308/2-3676-1-C-XXX-X5.jpg,https://pemilu2019.kpu.go.id/img/c/900/007/900007308/2-3676-1-C-XXX-X6.jpg
1320536723717900007376,ACEH,ACEH UTARA,TANAH LUAS,HAGU,TPS 1,2019-10-24 23:00:05,17,128,168,148,148,145,3,https://pemilu2019.kpu.go.id/img/c/900/007/900007376/1-3717-1-C-XXX-X5.jpg,https://pemilu2019.kpu.go.id/img/c/900/007/900007376/1-3717-1-C-XXX-X6.jpg
1320536723681900007315,ACEH,ACEH UTARA,TANAH LUAS,HUENG,TPS 1,2019-10-24 23:00:05,8,131,166,142,142,139,3,https://pemilu2019.kpu.go.id/img/c/900/007/900007315/1-3681-1-C-XXX-X5.jpg,https://pemilu2019.kpu.go.id/img/c/900/007/900007315/1-3681-1-C-XXX-X6.jpg
1320536723681900007316,ACEH,ACEH UTARA,TANAH LUAS,HUENG,TPS 2,2019-10-24 23:00:05,5,137,171,143,143,142,1,https://pemilu2019.kpu.go.id/img/c/900/007/900007316/1-3681-2-C-XXX-X35.jpg,https://pemilu2019.kpu.go.id/img/c/900/007/900007316/1-3681-2-C-XXX-X36.jpg
1320536723693900007337,ACEH,ACEH UTARA,TANAH LUAS,JEUMPA,TPS 1,2019-10-24 23:00:05,13,148,191,167,167,161,6,https://pemilu2019.kpu.go.id/img/c/900/007/900007337/1-3693-1-C-XXX-X5.jpg,https://pemilu2019.kpu.go.id/img/c/900/007/900007337/1-3693-1-C-XXX-X6.jpg
1320536723693900007338,ACEH,ACEH UTARA,TANAH LUAS,JEUMPA,TPS 2,2019-10-24 23:00:05,10,167,204,182,182,177,5,https://pemilu2019.kpu.go.id/img/c/900/007/900007338/1-3693-2-C-XXX-X35.jpg,https://pemilu2019.kpu.go.id/img/c/900/007/900007338/1-3693-2-C-XXX-X36.jpg
1320536723690900007332,ACEH,ACEH UTARA,TANAH LUAS,KEUDE BLANG JRUEN,TPS 1,2019-10-24 23:00:05,7,119,130,127,127,126,1,https://pemilu2019.kpu.go.id/img/c/900/007/900007332/1-3690-1-C-XXX-X5.jpg,https://pemilu2019.kpu.go.id/img/c/900/007/900007332/1-3690-1-C-XXX-X6.jpg
1320536723707900007364,ACEH,ACEH UTARA,TANAH LUAS,KEUTAPANG,TPS 1,2019-10-24 23:00:05,22,156,207,185,185,178,7,https://pemilu2019.kpu.go.id/img/c/900/007/900007364/1-3707-1-C-XXX-X5.jpg,https://pemilu2019.kpu.go.id/img/c/900/007/900007364/1-3707-1-C-XXX-X6.jpg
1320536723723900007382,ACEH,ACEH UTARA,TANAH LUAS,LEUHONG,TPS 1,2019-10-24 23:00:05,19,170,233,197,197,189,8,https://pemilu2019.kpu.go.id/img/c/900/007/900007382/1-3723-1-C-XXX-X5.jpg,https://pemilu2019.kpu.go.id/img/c/900/007/900007382/1-3723-1-C-XXX-X6.jpg
1320536723714900007373,ACEH,ACEH UTARA,TANAH LUAS,LEUPON SIREN,TPS 1,2019-10-24 23:00:05,4,80,86,86,86,84,2,https://pemilu2019.kpu.go.id/img/c/900/007/900007373/1-3714-1-C-XXX-X5.jpg,https://pemilu2019.kpu.go.id/img/c/900/007/900007373/1-3714-1-C-XXX-X6.jpg
1320536723705900007361,ACEH,ACEH UTARA,TANAH LUAS,MANYANG,TPS 1,2019-10-24 23:00:05,3,210,227,214,214,213,1,https://pemilu2019.kpu.go.id/img/c/900/007/900007361/1-3705-1-C-XXX-X5.jpg,https://pemilu2019.kpu.go.id/img/c/900/007/900007361/1-3705-1-C-XXX-X6.jpg
1320536723685900007322,ACEH,ACEH UTARA,TANAH LUAS,MANYANG TUNONG,TPS 1,2019-10-24 23:00:05,13,187,277,202,202,200,2,https://pemilu2019.kpu.go.id/img/c/900/007/900007322/1-3685-1-C-XXX-X5.jpg,https://pemilu2019.kpu.go.id/img/c/900/007/900007322/1-3685-1-C-XXX-X6.jpg
1320536723728900007387,ACEH,ACEH UTARA,TANAH LUAS,MATANG BALOI,TPS 1,2019-10-24 23:00:05,6,164,205,176,176,170,6,https://pemilu2019.kpu.go.id/img/c/900/007/900007387/3-3728-1-C-XXX-X5.jpg,https://pemilu2019.kpu.go.id/img/c/900/007/900007387/3-3728-1-C-XXX-X6.jpg
1320536723728900007388,ACEH,ACEH UTARA,TANAH LUAS,MATANG BALOI,TPS 2,2019-10-24 23:00:05,9,168,209,181,181,177,4,https://pemilu2019.kpu.go.id/img/c/900/007/900007388/1-3728-2-C-XXX-X5.jpg,https://pemilu2019.kpu.go.id/img/c/900/007/900007388/1-3728-2-C-XXX-X6.jpg
1320536723674900007304,ACEH,ACEH UTARA,TANAH LUAS,MATANG BEN,TPS 1,2019-10-24 23:00:05,13,146,205,164,164,159,5,https://pemilu2019.kpu.go.id/img/c/900/007/900007304/1-3674-1-C-XXX-X5.jpg,https://pemilu2019.kpu.go.id/img/c/900/007/900007304/1-3674-1-C-XXX-X6.jpg
1320536723674900007305,ACEH,ACEH UTARA,TANAH LUAS,MATANG BEN,TPS 2,2019-10-24 23:00:05,9,137,196,148,148,146,2,https://pemilu2019.kpu.go.id/img/c/900/007/900007305/1-3674-2-C-XXX-X5.jpg,https://pemilu2019.kpu.go.id/img/c/900/007/900007305/1-3674-2-C-XXX-X6.jpg
1320536723674900007306,ACEH,ACEH UTARA,TANAH LUAS,MATANG BEN,TPS 3,2019-10-24 23:00:05,3,129,181,133,133,132,1,https://pemilu2019.kpu.go.id/img/c/900/007/900007306/1-3674-3-C-XXX-X5.jpg,https://pemilu2019.kpu.go.id/img/c/900/007/900007306/1-3674-3-C-XXX-X6.jpg
1320536723675900007307,ACEH,ACEH UTARA,TANAH LUAS,MATANG CIBREK,TPS 1,2019-10-24 23:00:05,16,136,189,161,161,152,9,https://pemilu2019.kpu.go.id/img/c/900/007/900007307/1-3675-1-C-XXX-X5.jpg,https://pemilu2019.kpu.go.id/img/c/900/007/900007307/1-3675-1-C-XXX-X6.jpg
1320536723708900007365,ACEH,ACEH UTARA,TANAH LUAS,MATANG MANE,TPS 1,2019-10-24 23:00:05,7,135,186,144,144,142,2,https://pemilu2019.kpu.go.id/img/c/900/007/900007365/1-3708-1-C-XXX-X5.jpg,https://pemilu2019.kpu.go.id/img/c/900/007/900007365/1-3708-1-C-XXX-X6.jpg
1320536723708900007366,ACEH,ACEH UTARA,TANAH LUAS,MATANG MANE,TPS 2,2019-10-24 23:00:05,6,143,191,153,153,149,4,https://pemilu2019.kpu.go.id/img/c/900/007/900007366/1-3708-2-C1-PPWP-X1.jpg,https://pemilu2019.kpu.go.id/img/c/900/007/900007366/1-3708-2-C1-PPWP-X2.jpg
1320536723708900007367,ACEH,ACEH UTARA,TANAH LUAS,MATANG MANE,TPS 3,2019-10-24 23:00:05,6,143,191,153,153,149,4,https://pemilu2019.kpu.go.id/img/c/900/007/900007367/3-3708-3-C1-PPWP-X1.jpg,https://pemilu2019.kpu.go.id/img/c/900/007/900007367/3-3708-3-C1-PPWP-X2.jpg
1320536723695900007341,ACEH,ACEH UTARA,TANAH LUAS,PANTE,TPS 1,2019-10-24 23:00:05,10,129,174,139,139,139,0,https://pemilu2019.kpu.go.id/img/c/900/007/900007341/2-3695-1-C-XXX-X5.jpg,https://pemilu2019.kpu.go.id/img/c/900/007/900007341/2-3695-1-C-XXX-X6.jpg
1320536723695900007342,ACEH,ACEH UTARA,TANAH LUAS,PANTE,TPS 2,2019-10-24 23:00:05,10,129,172,140,140,139,1,https://pemilu2019.kpu.go.id/img/c/900/007/900007342/1-3695-2-C-XXX-X35.jpg,https://pemilu2019.kpu.go.id/img/c/900/007/900007342/1-3695-2-C-XXX-X36.jpg
1320536723699900007350,ACEH,ACEH UTARA,TANAH LUAS,PAYA,TPS 1,2019-10-24 23:00:05,18,220,250,242,242,238,4,https://pemilu2019.kpu.go.id/img/c/900/007/900007350/1-3699-1-C-XXX-X5.jpg,https://pemilu2019.kpu.go.id/img/c/900/007/900007350/1-3699-1-C-XXX-X6.jpg
1320536723684900007320,ACEH,ACEH UTARA,TANAH LUAS,PAYA BERANDANG,TPS 1,2019-10-24 23:00:05,16,121,158,138,138,137,1,https://pemilu2019.kpu.go.id/img/c/900/007/900007320/1-3684-1-C-XXX-X5.jpg,https://pemilu2019.kpu.go.id/img/c/900/007/900007320/1-3684-1-C-XXX-X6.jpg
1320536723684900007321,ACEH,ACEH UTARA,TANAH LUAS,PAYA BERANDANG,TPS 2,2019-10-24 23:00:05,17,121,144,139,139,138,1,https://pemilu2019.kpu.go.id/img/c/900/007/900007321/1-3684-2-C-XXX-X5.jpg,https://pemilu2019.kpu.go.id/img/c/900/007/900007321/1-3684-2-C-XXX-X6.jpg
1320536723719900007378,ACEH,ACEH UTARA,TANAH LUAS,PLU PUKAM,TPS 1,2019-10-24 23:00:05,10,158,172,169,169,168,1,https://pemilu2019.kpu.go.id/img/c/900/007/900007378/1-3719-1-C-XXX-X5.jpg,https://pemilu2019.kpu.go.id/img/c/900/007/900007378/1-3719-1-C-XXX-X6.jpg
1320536723673900007303,ACEH,ACEH UTARA,TANAH LUAS,PULO BLANG,TPS 1,2019-10-24 23:00:05,9,50,60,60,60,59,1,https://pemilu2019.kpu.go.id/img/c/900/007/900007303/1-3673-1-C-XXX-X5.jpg,https://pemilu2019.kpu.go.id/img/c/900/007/900007303/1-3673-1-C-XXX-X6.jpg
1320536723682900007317,ACEH,ACEH UTARA,TANAH LUAS,PULO U,TPS 1,2019-10-24 23:00:05,44,149,219,201,201,193,8,https://pemilu2019.kpu.go.id/img/c/900/007/900007317/1-3682-1-C-XXX-X5.jpg,https://pemilu2019.kpu.go.id/img/c/900/007/900007317/1-3682-1-C-XXX-X6.jpg
1320536723678900007311,ACEH,ACEH UTARA,TANAH LUAS,PUNTI PULO AGAM,TPS 1,2019-10-24 23:00:05,3,125,148,130,130,128,2,https://pemilu2019.kpu.go.id/img/c/900/007/900007311/2-3678-1-C-XXX-X5.jpg,https://pemilu2019.kpu.go.id/img/c/900/007/900007311/2-3678-1-C-XXX-X6.jpg
1320536723678900007312,ACEH,ACEH UTARA,TANAH LUAS,PUNTI PULO AGAM,TPS 2,2019-10-24 23:00:05,7,122,146,131,131,129,2,https://pemilu2019.kpu.go.id/img/c/900/007/900007312/1-3678-2-C-XXX-X5.jpg,https://pemilu2019.kpu.go.id/img/c/900/007/900007312/1-3678-2-C-XXX-X6.jpg
1320536723721900007380,ACEH,ACEH UTARA,TANAH LUAS,PUNTI SEULEUMAK BRT.,TPS 1,2019-10-24 23:00:05,15,211,239,231,231,226,5,https://pemilu2019.kpu.go.id/img/c/900/007/900007380/1-3721-1-C-XXX-X5.jpg,https://pemilu2019.kpu.go.id/img/c/900/007/900007380/1-3721-1-C-XXX-X6.jpg
1320536723698900007348,ACEH,ACEH UTARA,TANAH LUAS,RANGKAYA,TPS 1,2019-10-24 23:00:05,8,125,161,136,136,133,3,https://pemilu2019.kpu.go.id/img/c/900/007/900007348/2-3698-1-C-XXX-X5.jpg,https://pemilu2019.kpu.go.id/img/c/900/007/900007348/2-3698-1-C-XXX-X6.jpg
1320536723698900007349,ACEH,ACEH UTARA,TANAH LUAS,RANGKAYA,TPS 2,2019-10-24 23:00:05,8,141,169,151,151,149,2,https://pemilu2019.kpu.go.id/img/c/900/007/900007349/1-3698-2-C-XXX-X5.jpg,https://pemilu2019.kpu.go.id/img/c/900/007/900007349/1-3698-2-C-XXX-X6.jpg
1320536723677900007309,ACEH,ACEH UTARA,TANAH LUAS,RAWA,TPS 1,2019-10-24 23:00:05,18,91,154,112,112,109,3,https://pemilu2019.kpu.go.id/img/c/900/007/900007309/2-3677-1-C-XXX-X5.jpg,https://pemilu2019.kpu.go.id/img/c/900/007/900007309/2-3677-1-C-XXX-X6.jpg
1320536723677900007310,ACEH,ACEH UTARA,TANAH LUAS,RAWA,TPS 2,2019-10-24 23:00:05,7,106,155,116,116,113,3,https://pemilu2019.kpu.go.id/img/c/900/007/900007310/1-3677-2-C-XXX-X35.jpg,https://pemilu2019.kpu.go.id/img/c/900/007/900007310/1-3677-2-C-XXX-X36.jpg
1320536723701900007353,ACEH,ACEH UTARA,TANAH LUAS,RAYEUK KUTA,TPS 1,2019-10-24 23:00:05,14,132,213,150,150,146,4,https://pemilu2019.kpu.go.id/img/c/900/007/900007353/1-3701-1-C-XXX-X5.jpg,https://pemilu2019.kpu.go.id/img/c/900/007/900007353/1-3701-1-C-XXX-X6.jpg
1320536723701900007354,ACEH,ACEH UTARA,TANAH LUAS,RAYEUK KUTA,TPS 2,2019-10-24 23:00:05,11,184,232,200,200,195,5,https://pemilu2019.kpu.go.id/img/c/900/007/900007354/1-3701-2-C-XXX-X5.jpg,https://pemilu2019.kpu.go.id/img/c/900/007/900007354/1-3701-2-C-XXX-X6.jpg
1320536723701900007355,ACEH,ACEH UTARA,TANAH LUAS,RAYEUK KUTA,TPS 3,2019-10-24 23:00:05,16,127,198,147,147,143,4,https://pemilu2019.kpu.go.id/img/c/900/007/900007355/3-3701-3-C-XXX-X5.jpg,https://pemilu2019.kpu.go.id/img/c/900/007/900007355/3-3701-3-C-XXX-X6.jpg
1320536723702900007356,ACEH,ACEH UTARA,TANAH LUAS,RAYEUK MUNYE,TPS 1,2019-10-24 23:00:05,9,167,215,181,181,176,5,https://pemilu2019.kpu.go.id/img/c/900/007/900007356/2-3702-1-C-XXX-X5.jpg,https://pemilu2019.kpu.go.id/img/c/900/007/900007356/2-3702-1-C-XXX-X6.jpg
1320536723702900007357,ACEH,ACEH UTARA,TANAH LUAS,RAYEUK MUNYE,TPS 2,2019-10-24 23:00:05,16,144,202,166,166,160,6,https://pemilu2019.kpu.go.id/img/c/900/007/900007357/1-3702-2-C-XXX-X5.jpg,https://pemilu2019.kpu.go.id/img/c/900/007/900007357/1-3702-2-C-XXX-X6.jpg
1320536723702900007358,ACEH,ACEH UTARA,TANAH LUAS,RAYEUK MUNYE,TPS 3,2019-10-24 23:00:05,10,166,201,182,182,176,6,https://pemilu2019.kpu.go.id/img/c/900/007/900007358/2-3702-3-C-XXX-X5.jpg,https://pemilu2019.kpu.go.id/img/c/900/007/900007358/2-3702-3-C-XXX-X6.jpg
1320536723697900007345,ACEH,ACEH UTARA,TANAH LUAS,RAYEUK NALEUNG,TPS 1,2019-10-24 23:00:05,9,183,233,193,193,192,1,https://pemilu2019.kpu.go.id/img/c/900/007/900007345/2-3697-1-C-XXX-X5.jpg,https://pemilu2019.kpu.go.id/img/c/900/007/900007345/2-3697-1-C-XXX-X6.jpg
1320536723697900007346,ACEH,ACEH UTARA,TANAH LUAS,RAYEUK NALEUNG,TPS 2,2019-10-24 23:00:05,26,164,238,195,195,190,5,https://pemilu2019.kpu.go.id/img/c/900/007/900007346/1-3697-2-C-XXX-X5.jpg,https://pemilu2019.kpu.go.id/img/c/900/007/900007346/1-3697-2-C-XXX-X6.jpg
1320536723697900007347,ACEH,ACEH UTARA,TANAH LUAS,RAYEUK NALEUNG,TPS 3,2019-10-24 23:00:05,23,225,263,250,250,248,2,https://pemilu2019.kpu.go.id/img/c/900/007/900007347/1-3697-3-C-XXX-X5.jpg,https://pemilu2019.kpu.go.id/img/c/900/007/900007347/1-3697-3-C-XXX-X6.jpg
1320536723696900007343,ACEH,ACEH UTARA,TANAH LUAS,SERBA JAMAN,TPS 1,2019-10-24 23:00:05,1,145,166,147,147,146,1,https://pemilu2019.kpu.go.id/img/c/900/007/900007343/1-3696-1-C-XXX-X5.jpg,https://pemilu2019.kpu.go.id/img/c/900/007/900007343/1-3696-1-C-XXX-X6.jpg
1320536723696900007344,ACEH,ACEH UTARA,TANAH LUAS,SERBA JAMAN,TPS 2,2019-10-24 23:00:05,14,110,145,128,128,124,4,https://pemilu2019.kpu.go.id/img/c/900/007/900007344/1-3696-2-C-XXX-X35.jpg,https://pemilu2019.kpu.go.id/img/c/900/007/900007344/1-3696-2-C-XXX-X36.jpg
1320536723726900007385,ACEH,ACEH UTARA,TANAH LUAS,SERBAJAMANBAROH,TPS 1,2019-10-24 23:00:05,8,112,123,120,120,120,0,https://pemilu2019.kpu.go.id/img/c/900/007/900007385/1-3726-1-C-XXX-X5.jpg,https://pemilu2019.kpu.go.id/img/c/900/007/900007385/1-3726-1-C-XXX-X6.jpg
1320536723722900007381,ACEH,ACEH UTARA,TANAH LUAS,SERBAJAMAN TUNONG,TPS 1,2019-10-24 23:00:05,3,246,275,250,250,249,1,https://pemilu2019.kpu.go.id/img/c/900/007/900007381/1-3722-1-C-XXX-X5.jpg,https://pemilu2019.kpu.go.id/img/c/900/007/900007381/1-3722-1-C-XXX-X6.jpg
1320536723725900007384,ACEH,ACEH UTARA,TANAH LUAS,TANJONG MESJID,TPS 1,2019-10-24 23:00:05,4,88,109,94,94,92,2,https://pemilu2019.kpu.go.id/img/c/900/007/900007384/1-3725-1-C-XXX-X5.jpg,https://pemilu2019.kpu.go.id/img/c/900/007/900007384/1-3725-1-C-XXX-X6.jpg
1320536723689900007330,ACEH,ACEH UTARA,TANAH LUAS,TEUNGKU DIBALEE,TPS 1,2019-10-24 23:00:05,12,144,204,161,161,156,5,https://pemilu2019.kpu.go.id/img/c/900/007/900007330/1-3689-1-C-XXX-X5.jpg,https://pemilu2019.kpu.go.id/img/c/900/007/900007330/1-3689-1-C-XXX-X6.jpg
1320536723689900007331,ACEH,ACEH UTARA,TANAH LUAS,TEUNGKU DIBALEE,TPS 2,2019-10-24 23:00:05,9,146,196,156,156,155,1,https://pemilu2019.kpu.go.id/img/c/900/007/900007331/1-3689-2-C-XXX-X35.jpg,https://pemilu2019.kpu.go.id/img/c/900/007/900007331/1-3689-2-C-XXX-X36.jpg
1320536723694900007339,ACEH,ACEH UTARA,TANAH LUAS,TEUNGOH BERGHANG,TPS 1,2019-10-24 23:00:05,7,143,187,152,52,50,2,https://pemilu2019.kpu.go.id/img/c/900/007/900007339/1-3694-1-C-XXX-X5.jpg,https://pemilu2019.kpu.go.id/img/c/900/007/900007339/1-3694-1-C-XXX-X6.jpg
1320536723694900007340,ACEH,ACEH UTARA,TANAH LUAS,TEUNGOH BERGHANG,TPS 2,2019-10-24 23:00:05,9,120,170,130,130,129,1,https://pemilu2019.kpu.go.id/img/c/900/007/900007340/1-3694-2-C-XXX-X35.jpg,https://pemilu2019.kpu.go.id/img/c/900/007/900007340/1-3694-2-C-XXX-X36.jpg
1320536723680900007314,ACEH,ACEH UTARA,TANAH LUAS,TEUNGOH PULO AGAM,TPS 1,2019-10-24 23:00:05,6,90,99,97,97,96,1,https://pemilu2019.kpu.go.id/img/c/900/007/900007314/1-3680-1-C-XXX-X5.jpg,https://pemilu2019.kpu.go.id/img/c/900/007/900007314/1-3680-1-C-XXX-X6.jpg
1320536723718900007377,ACEH,ACEH UTARA,TANAH LUAS,TEUPIN ME,TPS 1,2019-10-24 23:00:05,3,139,177,148,148,142,6,https://pemilu2019.kpu.go.id/img/c/900/007/900007377/1-3718-1-C-XXX-X5.jpg,https://pemilu2019.kpu.go.id/img/c/900/007/900007377/1-3718-1-C-XXX-X6.jpg
1320536723704900007360,ACEH,ACEH UTARA,TANAH LUAS,TRIENG,TPS 1,2019-10-24 23:00:05,13,234,282,247,247,247,0,https://pemilu2019.kpu.go.id/img/c/900/007/900007360/1-3704-1-C-XXX-X5.jpg,https://pemilu2019.kpu.go.id/img/c/900/007/900007360/1-3704-1-C-XXX-X6.jpg
1320536723711900007370,ACEH,ACEH UTARA,TANAH LUAS,TUMPOK ACEH,TPS 1,2019-10-24 23:00:05,10,61,86,74,74,71,3,https://pemilu2019.kpu.go.id/img/c/900/007/900007370/1-3711-1-C-XXX-X5.jpg,https://pemilu2019.kpu.go.id/img/c/900/007/900007370/1-3711-1-C-XXX-X6.jpg
1320536723686900007323,ACEH,ACEH UTARA,TANAH LUAS,TUTONG,TPS 1,2019-10-24 23:00:05,23,159,241,188,188,182,6,https://pemilu2019.kpu.go.id/img/c/900/007/900007323/2-3686-1-C-XXX-X5.jpg,https://pemilu2019.kpu.go.id/img/c/900/007/900007323/2-3686-1-C-XXX-X6.jpg
1320536723686900007324,ACEH,ACEH UTARA,TANAH LUAS,TUTONG,TPS 2,2019-10-24 23:00:05,16,151,239,173,173,167,6,https://pemilu2019.kpu.go.id/img/c/900/007/900007324/2-3686-2-C-XXX-X5.jpg,https://pemilu2019.kpu.go.id/img/c/900/007/900007324/2-3686-2-C-XXX-X6.jpg
1320536723692900007335,ACEH,ACEH UTARA,TANAH LUAS,UJ. BAROH BERGHANG,TPS 1,2019-10-24 23:00:05,26,181,234,208,209,207,2,https://pemilu2019.kpu.go.id/img/c/900/007/900007335/1-3692-1-C-XXX-X5.jpg,https://pemilu2019.kpu.go.id/img/c/900/007/900007335/1-3692-1-C-XXX-X6.jpg
1320536723692900007336,ACEH,ACEH UTARA,TANAH LUAS,UJ. BAROH BERGHANG,TPS 2,2019-10-24 23:00:05,23,172,255,196,196,195,1,https://pemilu2019.kpu.go.id/img/c/900/007/900007336/1-3692-2-C-XXX-X35.jpg,https://pemilu2019.kpu.go.id/img/c/900/007/900007336/1-3692-2-C-XXX-X36.jpg
1320536723703900007359,ACEH,ACEH UTARA,TANAH LUAS,UJONG BAROH SB,TPS 1,2019-10-24 23:00:05,5,205,243,211,211,210,1,https://pemilu2019.kpu.go.id/img/c/900/007/900007359/1-3703-1-C-XXX-X5.jpg,https://pemilu2019.kpu.go.id/img/c/900/007/900007359/1-3703-1-C-XXX-X6.jpg
1320536723712900007371,ACEH,ACEH UTARA,TANAH LUAS,ULEE BUKET,TPS 1,2019-10-24 23:00:05,5,96,119,104,104,101,3,https://pemilu2019.kpu.go.id/img/c/900/007/900007371/1-3712-1-C-XXX-X5.jpg,https://pemilu2019.kpu.go.id/img/c/900/007/900007371/1-3712-1-C-XXX-X6.jpg
1320537303731900007390,ACEH,ACEH UTARA,TANAH PASIR,ALUE,TPS 1,2019-10-24 23:00:05,24,118,174,149,149,142,7,https://pemilu2019.kpu.go.id/img/c/900/007/900007390/1-3731-1-C-XXX-X5.jpg,https://pemilu2019.kpu.go.id/img/c/900/007/900007390/1-3731-1-C-XXX-X6.jpg
1320537303733900007393,ACEH,ACEH UTARA,TANAH PASIR,BLANG,TPS 1,2019-10-24 23:00:05,22,130,222,163,163,152,11,https://pemilu2019.kpu.go.id/img/c/900/007/900007393/2-3733-1-C1-PPWP-01.jpg,https://pemilu2019.kpu.go.id/img/c/900/007/900007393/2-3733-1-C-XXX-X6.jpg
1320537303733900007394,ACEH,ACEH UTARA,TANAH PASIR,BLANG,TPS 2,2019-10-24 23:00:05,20,183,262,212,212,203,9,https://pemilu2019.kpu.go.id/img/c/900/007/900007394/1-3733-2-C-XXX-X5.jpg,https://pemilu2019.kpu.go.id/img/c/900/007/900007394/1-3733-2-C-XXX-X6.jpg
1320537303738900007404,ACEH,ACEH UTARA,TANAH PASIR,CANGGUEK,TPS 1,2019-10-24 23:00:05,13,120,158,137,137,133,4,https://pemilu2019.kpu.go.id/img/c/900/007/900007404/1-3738-1-C-XXX-X5.jpg,https://pemilu2019.kpu.go.id/img/c/900/007/900007404/1-3738-1-C-XXX-X6.jpg
1320537303738900007405,ACEH,ACEH UTARA,TANAH PASIR,CANGGUEK,TPS 2,2019-10-24 23:00:05,0,0,0,0,0,0,0,https://pemilu2019.kpu.go.id/img/c/900/007/900007405/1-3738-2-C-XXX-X5.jpg,https://pemilu2019.kpu.go.id/img/c/900/007/900007405/1-3738-2-C-XXX-X6.jpg
1320537303744900007415,ACEH,ACEH UTARA,TANAH PASIR,CIBREK,TPS 1,2019-10-24 23:00:05,16,154,264,187,187,170,17,https://pemilu2019.kpu.go.id/img/c/900/007/900007415/1-3744-1-C-XXX-X5.jpg,https://pemilu2019.kpu.go.id/img/c/900/007/900007415/1-3744-1-C-XXX-X6.jpg
1320537303736900007399,ACEH,ACEH UTARA,TANAH PASIR,GAMPONG PANDE,TPS 1,2019-10-24 23:00:05,9,162,256,179,179,171,8,https://pemilu2019.kpu.go.id/img/c/900/007/900007399/1-3736-1-C-XXX-X5.jpg,https://pemilu2019.kpu.go.id/img/c/900/007/900007399/1-3736-1-C-XXX-X6.jpg
1320537303736900007400,ACEH,ACEH UTARA,TANAH PASIR,GAMPONG PANDE,TPS 2,2019-10-24 23:00:05,12,178,270,197,197,190,7,https://pemilu2019.kpu.go.id/img/c/900/007/900007400/1-3736-2-C-XXX-X5.jpg,https://pemilu2019.kpu.go.id/img/c/900/007/900007400/1-3736-2-C-XXX-X6.jpg
1320537303736900007401,ACEH,ACEH UTARA,TANAH PASIR,GAMPONG PANDE,TPS 3,2019-10-24 23:00:05,8,182,249,198,198,190,8,https://pemilu2019.kpu.go.id/img/c/900/007/900007401/2-3736-3-C1-PPWP-01.jpg,https://pemilu2019.kpu.go.id/img/c/900/007/900007401/2-3736-3-C1-PPWP-02.jpg
1320537303742900007412,ACEH,ACEH UTARA,TANAH PASIR,KEUDE JRAT MANYANG,TPS 1,2019-10-24 23:00:05,12,54,85,67,67,66,1,https://pemilu2019.kpu.go.id/img/c/900/007/900007412/1-3742-1-C-XXX-X5.jpg,https://pemilu2019.kpu.go.id/img/c/900/007/900007412/1-3742-1-C-XXX-X6.jpg
1320537303735900007398,ACEH,ACEH UTARA,TANAH PASIR,KEUDE MATANG PYG,TPS 1,2019-10-24 23:00:05,3,73,87,76,76,76,0,https://pemilu2019.kpu.go.id/img/c/900/007/900007398/1-3735-1-C-XXX-X5.jpg,https://pemilu2019.kpu.go.id/img/c/900/007/900007398/1-3735-1-C-XXX-X6.jpg
1320537303741900007410,ACEH,ACEH UTARA,TANAH PASIR,KEUTAPANG,TPS 1,2019-10-24 23:00:05,12,144,199,159,159,156,3,https://pemilu2019.kpu.go.id/img/c/900/007/900007410/2-3741-1-C-XXX-X5.jpg,https://pemilu2019.kpu.go.id/img/c/900/007/900007410/2-3741-1-C-XXX-X6.jpg
1320537303741900007411,ACEH,ACEH UTARA,TANAH PASIR,KEUTAPANG,TPS 2,2019-10-24 23:00:05,9,143,201,155,155,152,3,https://pemilu2019.kpu.go.id/img/c/900/007/900007411/2-3741-2-C-XXX-X5.jpg,https://pemilu2019.kpu.go.id/img/c/900/007/900007411/2-3741-2-C-XXX-X6.jpg
1320537303748900007421,ACEH,ACEH UTARA,TANAH PASIR,KUALA KEUREUTEU BARAT,TPS 1,2019-10-24 23:00:05,2,124,135,128,128,126,2,https://pemilu2019.kpu.go.id/img/c/900/007/900007421/1-3748-1-C-XXX-X5.jpg,https://pemilu2019.kpu.go.id/img/c/900/007/900007421/1-3748-1-C-XXX-X6.jpg
1320537303739900007406,ACEH,ACEH UTARA,TANAH PASIR,KUMBANG,TPS 1,2019-10-24 23:00:05,6,115,155,122,122,121,1,https://pemilu2019.kpu.go.id/img/c/900/007/900007406/2-3739-1-C-XXX-X5.jpg,https://pemilu2019.kpu.go.id/img/c/900/007/900007406/2-3739-1-C-XXX-X6.jpg
1320537303739900007407,ACEH,ACEH UTARA,TANAH PASIR,KUMBANG,TPS 2,2019-10-24 23:00:05,14,106,147,123,123,120,3,https://pemilu2019.kpu.go.id/img/c/900/007/900007407/2-3739-2-C-XXX-X5.jpg,https://pemilu2019.kpu.go.id/img/c/900/007/900007407/2-3739-2-C-XXX-X6.jpg
1320537303737900007402,ACEH,ACEH UTARA,TANAH PASIR,MATANG JANENG,TPS 1,2019-10-24 23:00:05,7,159,222,173,173,166,7,https://pemilu2019.kpu.go.id/img/c/900/007/900007402/1-3737-1-C-XXX-X5.jpg,https://pemilu2019.kpu.go.id/img/c/900/007/900007402/1-3737-1-C-XXX-X6.jpg
1320537303737900007403,ACEH,ACEH UTARA,TANAH PASIR,MATANG JANENG,TPS 2,2019-10-24 23:00:05,13,179,225,196,196,192,4,https://pemilu2019.kpu.go.id/img/c/900/007/900007403/2-3737-2-C1-PPWP-01.jpg,https://pemilu2019.kpu.go.id/img/c/900/007/900007403/2-3737-2-C1-PPWP-02.jpg
1320537303747900007420,ACEH,ACEH UTARA,TANAH PASIR,MATANG RANUP LASEH,TPS 1,2019-10-24 23:00:05,6,113,134,122,122,119,3,https://pemilu2019.kpu.go.id/img/c/900/007/900007420/1-3747-1-C-XXX-X5.jpg,https://pemilu2019.kpu.go.id/img/c/900/007/900007420/1-3747-1-C-XXX-X6.jpg
1320537303732900007391,ACEH,ACEH UTARA,TANAH PASIR,ME MATANG PANYANG,TPS 1,2019-10-24 23:00:05,13,147,201,163,163,160,3,https://pemilu2019.kpu.go.id/img/c/900/007/900007391/1-3732-1-C-XXX-X5.jpg,https://pemilu2019.kpu.go.id/img/c/900/007/900007391/1-3732-1-C-XXX-X6.jpg
1320537303732900007392,ACEH,ACEH UTARA,TANAH PASIR,ME MATANG PANYANG,TPS 2,2019-10-24 23:00:05,13,160,223,185,185,173,12,https://pemilu2019.kpu.go.id/img/c/900/007/900007392/1-3732-2-C-XXX-X5.jpg,https://pemilu2019.kpu.go.id/img/c/900/007/900007392/1-3732-2-C-XXX-X6.jpg
1320537303745900007416,ACEH,ACEH UTARA,TANAH PASIR,ME MEUREUBO,TPS 1,2019-10-24 23:00:05,9,128,178,139,139,137,2,https://pemilu2019.kpu.go.id/img/c/900/007/900007416/1-3745-1-C-XXX-X5.jpg,https://pemilu2019.kpu.go.id/img/c/900/007/900007416/1-3745-1-C-XXX-X6.jpg
1320537303745900007417,ACEH,ACEH UTARA,TANAH PASIR,ME MEUREUBO,TPS 2,2019-10-24 23:00:05,13,133,195,149,149,146,3,https://pemilu2019.kpu.go.id/img/c/900/007/900007417/1-3745-2-C-XXX-X5.jpg,https://pemilu2019.kpu.go.id/img/c/900/007/900007417/1-3745-2-C-XXX-X6.jpg
1320537303734900007395,ACEH,ACEH UTARA,TANAH PASIR,PALOH,TPS 1,2019-10-24 23:00:05,18,183,260,204,204,201,3,https://pemilu2019.kpu.go.id/img/c/900/007/900007395/1-3734-1-C-XXX-X5.jpg,https://pemilu2019.kpu.go.id/img/c/900/007/900007395/1-3734-1-C-XXX-X6.jpg
1320537303734900007396,ACEH,ACEH UTARA,TANAH PASIR,PALOH,TPS 2,2019-10-24 23:00:05,16,180,264,200,200,196,4,https://pemilu2019.kpu.go.id/img/c/900/007/900007396/1-3734-2-C-XXX-X5.jpg,https://pemilu2019.kpu.go.id/img/c/900/007/900007396/1-3734-2-C-XXX-X6.jpg
1320537303734900007397,ACEH,ACEH UTARA,TANAH PASIR,PALOH,TPS 3,2019-10-24 23:00:05,13,178,260,195,195,191,4,https://pemilu2019.kpu.go.id/img/c/900/007/900007397/1-3734-3-C-XXX-X5.jpg,https://pemilu2019.kpu.go.id/img/c/900/007/900007397/1-3734-3-C-XXX-X6.jpg
1320537303740900007408,ACEH,ACEH UTARA,TANAH PASIR,PRIE,TPS 1,2019-10-24 23:00:05,9,116,171,136,136,125,11,https://pemilu2019.kpu.go.id/img/c/900/007/900007408/1-3740-1-C-XXX-X5.jpg,https://pemilu2019.kpu.go.id/img/c/900/007/900007408/1-3740-1-C-XXX-X6.jpg
1320537303740900007409,ACEH,ACEH UTARA,TANAH PASIR,PRIE,TPS 2,2019-10-24 23:00:05,4,139,178,148,148,143,5,https://pemilu2019.kpu.go.id/img/c/900/007/900007409/1-3740-2-C-XXX-X5.jpg,https://pemilu2019.kpu.go.id/img/c/900/007/900007409/1-3740-2-C-XXX-X6.jpg
1320537303743900007413,ACEH,ACEH UTARA,TANAH PASIR,TEUPIN GAPEUH,TPS 1,2019-10-24 23:00:05,9,165,236,177,177,174,3,https://pemilu2019.kpu.go.id/img/c/900/007/900007413/2-3743-1-C-XXX-X5.jpg,https://pemilu2019.kpu.go.id/img/c/900/007/900007413/2-3743-1-C1-PPWP-02.jpg
1320537303743900007414,ACEH,ACEH UTARA,TANAH PASIR,TEUPIN GAPEUH,TPS 2,2019-10-24 23:00:05,10,191,240,203,203,201,2,https://pemilu2019.kpu.go.id/img/c/900/007/900007414/1-3743-2-C-XXX-X5.jpg,https://pemilu2019.kpu.go.id/img/c/900/007/900007414/1-3743-2-C-XXX-X6.jpg
1320537303746900007418,ACEH,ACEH UTARA,TANAH PASIR,ULEE TANOH,TPS 1,2019-10-24 23:00:05,16,206,292,227,227,222,5,https://pemilu2019.kpu.go.id/img/c/900/007/900007418/1-3746-1-C-XXX-X5.jpg,https://pemilu2019.kpu.go.id/img/c/900/007/900007418/1-3746-1-C-XXX-X6.jpg
1320537303746900007419,ACEH,ACEH UTARA,TANAH PASIR,ULEE TANOH,TPS 2,2019-10-24 23:00:05,10,207,269,220,220,217,3,https://pemilu2019.kpu.go.id/img/c/900/007/900007419/1-3746-2-C-XXX-X5.jpg,https://pemilu2019.kpu.go.id/img/c/900/007/900007419/1-3746-2-C-XXX-X6.jpg
1320537493763900007453,ACEH,ACEH UTARA,T. JAMBO AYE,ALUE IE MIRAH,TPS 1,2019-10-24 23:00:05,9,164,251,174,174,174,1,https://pemilu2019.kpu.go.id/img/c/900/007/900007453/1-3763-1-C1-PPWP-X1.jpg,https://pemilu2019.kpu.go.id/img/c/900/007/900007453/1-3763-1-C1-PPWP-X2.jpg
1320537493763900007454,ACEH,ACEH UTARA,T. JAMBO AYE,ALUE IE MIRAH,TPS 2,2019-10-24 23:00:05,8,155,197,164,164,163,1,https://pemilu2019.kpu.go.id/img/c/900/007/900007454/1-3763-2-C1-PPWP-X1.jpg,https://pemilu2019.kpu.go.id/img/c/900/007/900007454/1-3763-2-C1-PPWP-X2.jpg
1320537493788900007524,ACEH,ACEH UTARA,T. JAMBO AYE,ALUE PAPEUN,TPS 1,2019-10-24 23:00:05,14,139,238,159,159,153,6,https://pemilu2019.kpu.go.id/img/c/900/007/900007524/1-3788-1-C1-PPWP-X1.jpg,https://pemilu2019.kpu.go.id/img/c/900/007/900007524/1-3788-1-C1-PPWP-X2.jpg
1320537493788900007525,ACEH,ACEH UTARA,T. JAMBO AYE,ALUE PAPEUN,TPS 2,2019-10-24 23:00:05,10,133,210,148,148,143,5,https://pemilu2019.kpu.go.id/img/c/900/007/900007525/1-3788-2-C1-PPWP-X1.jpg,https://pemilu2019.kpu.go.id/img/c/900/007/900007525/1-3788-2-C1-PPWP-X2.jpg
1320537493788900007526,ACEH,ACEH UTARA,T. JAMBO AYE,ALUE PAPEUN,TPS 3,2019-10-24 23:00:05,8,152,225,166,0,6,166,https://pemilu2019.kpu.go.id/img/c/900/007/900007526/3-3788-3-C1-PPWP-X1.jpg,https://pemilu2019.kpu.go.id/img/c/900/007/900007526/3-3788-3-C1-PPWP-X2.jpg
1320537493784900007511,ACEH,ACEH UTARA,T. JAMBO AYE,BIARA BARAT,TPS 1,2019-10-24 23:00:05,13,137,221,160,160,150,10,https://pemilu2019.kpu.go.id/img/c/900/007/900007511/1-3784-1-C1-PPWP-X1.jpg,https://pemilu2019.kpu.go.id/img/c/900/007/900007511/1-3784-1-C1-PPWP-X2.jpg
1320537493784900007512,ACEH,ACEH UTARA,T. JAMBO AYE,BIARA BARAT,TPS 2,2019-10-24 23:00:05,7,164,229,174,174,171,3,https://pemilu2019.kpu.go.id/img/c/900/007/900007512/1-3784-2-C1-PPWP-X1.jpg,https://pemilu2019.kpu.go.id/img/c/900/007/900007512/1-3784-2-C1-PPWP-X2.jpg
1320537493784900007513,ACEH,ACEH UTARA,T. JAMBO AYE,BIARA BARAT,TPS 3,2019-10-24 23:00:05,13,143,209,160,160,156,4,https://pemilu2019.kpu.go.id/img/c/900/007/900007513/1-3784-3-C1-PPWP-X1.jpg,https://pemilu2019.kpu.go.id/img/c/900/007/900007513/1-3784-3-C1-PPWP-X2.jpg
1320537493785900007514,ACEH,ACEH UTARA,T. JAMBO AYE,BIARA TIMUR,TPS 1,2019-10-24 23:00:05,9,178,241,191,191,187,4,https://pemilu2019.kpu.go.id/img/c/900/007/900007514/1-3785-1-C-XXX-X5.jpg,https://pemilu2019.kpu.go.id/img/c/900/007/900007514/1-3785-1-C-XXX-X6.jpg
1320537493785900007515,ACEH,ACEH UTARA,T. JAMBO AYE,BIARA TIMUR,TPS 2,2019-10-24 23:00:05,15,196,242,216,216,211,5,https://pemilu2019.kpu.go.id/img/c/900/007/900007515/1-3785-2-C-XXX-X5.jpg,https://pemilu2019.kpu.go.id/img/c/900/007/900007515/1-3785-2-C-XXX-X6.jpg
1320537493793900007536,ACEH,ACEH UTARA,T. JAMBO AYE,BIRAM CUT,TPS 1,2019-10-24 23:00:05,5,130,196,139,139,135,4,https://pemilu2019.kpu.go.id/img/c/900/007/900007536/1-3793-1-C-XXX-X5.jpg,https://pemilu2019.kpu.go.id/img/c/900/007/900007536/1-3793-1-C-XXX-X6.jpg
1320537493793900007537,ACEH,ACEH UTARA,T. JAMBO AYE,BIRAM CUT,TPS 2,2019-10-24 23:00:05,13,123,196,140,140,136,4,https://pemilu2019.kpu.go.id/img/c/900/007/900007537/1-3793-2-C-XXX-X5.jpg,https://pemilu2019.kpu.go.id/img/c/900/007/900007537/1-3793-2-C-XXX-X6.jpg
1320537493790900007530,ACEH,ACEH UTARA,T. JAMBO AYE,BIRAM RAYEUK,TPS 1,2019-10-24 23:00:05,2,130,210,138,138,132,6,https://pemilu2019.kpu.go.id/img/c/900/007/900007530/1-3790-1-C1-PPWP-X1.jpg,https://pemilu2019.kpu.go.id/img/c/900/007/900007530/1-3790-1-C1-PPWP-X2.jpg
1320537493790900007531,ACEH,ACEH UTARA,T. JAMBO AYE,BIRAM RAYEUK,TPS 2,2019-10-24 23:00:05,6,111,209,128,128,117,11,https://pemilu2019.kpu.go.id/img/c/900/007/900007531/1-3790-2-C1-PPWP-X1.jpg,https://pemilu2019.kpu.go.id/img/c/900/007/900007531/1-3790-2-C1-PPWP-X2.jpg
1320537493790900007532,ACEH,ACEH UTARA,T. JAMBO AYE,BIRAM RAYEUK,TPS 3,2019-10-24 23:00:05,6,119,200,130,130,125,5,https://pemilu2019.kpu.go.id/img/c/900/007/900007532/1-3790-3-C1-PPWP-X1.jpg,https://pemilu2019.kpu.go.id/img/c/900/007/900007532/1-3790-3-C1-PPWP-X2.jpg
1320537493875900007770,ACEH,ACEH UTARA,T. JAMBO AYE,BUKET ALUE PUTEH,TPS 1,2019-10-24 23:00:05,7,102,133,133,111,109,2,https://pemilu2019.kpu.go.id/img/c/900/007/900007770/1-3875-1-C-XXX-X5.jpg,https://pemilu2019.kpu.go.id/img/c/900/007/900007770/1-3875-1-C-XXX-X6.jpg
1320537493777900007478,ACEH,ACEH UTARA,T. JAMBO AYE,BUKET BATEE BADAN,TPS 1,2019-10-24 23:00:05,8,168,295,196,196,176,20,https://pemilu2019.kpu.go.id/img/c/900/007/900007478/1-3777-1-C-XXX-X5.jpg,https://pemilu2019.kpu.go.id/img/c/900/007/900007478/1-3777-1-C-XXX-X6.jpg
1320537493795900007544,ACEH,ACEH UTARA,T. JAMBO AYE,BUKET JRAT MANYANG,TPS 1,2019-10-24 23:00:05,12,156,235,173,173,168,5,https://pemilu2019.kpu.go.id/img/c/900/007/900007544/1-3795-1-C-XXX-X5.jpg,https://pemilu2019.kpu.go.id/img/c/900/007/900007544/1-3795-1-C-XXX-X6.jpg
1320537493795900007545,ACEH,ACEH UTARA,T. JAMBO AYE,BUKET JRAT MANYANG,TPS 2,2019-10-24 23:00:05,13,153,256,174,174,166,8,https://pemilu2019.kpu.go.id/img/c/900/007/900007545/1-3795-2-C-XXX-X5.jpg,https://pemilu2019.kpu.go.id/img/c/900/007/900007545/1-3795-2-C-XXX-X6.jpg
1320537493795900007546,ACEH,ACEH UTARA,T. JAMBO AYE,BUKET JRAT MANYANG,TPS 3,2019-10-24 23:00:05,24,157,254,191,189,181,8,https://pemilu2019.kpu.go.id/img/c/900/007/900007546/1-3795-3-C-XXX-X5.jpg,https://pemilu2019.kpu.go.id/img/c/900/007/900007546/1-3795-3-C-XXX-X6.jpg
1320537493795900007547,ACEH,ACEH UTARA,T. JAMBO AYE,BUKET JRAT MANYANG,TPS 4,2019-10-24 23:00:05,8,151,239,161,161,159,2,https://pemilu2019.kpu.go.id/img/c/900/007/900007547/1-3795-4-C1-PPWP-X1.jpg,https://pemilu2019.kpu.go.id/img/c/900/007/900007547/1-3795-4-C1-PPWP-X2.jpg
1320537493773900007472,ACEH,ACEH UTARA,T. JAMBO AYE,BUKET PADANG,TPS 1,2019-10-24 23:00:05,6,125,163,132,132,131,1,https://pemilu2019.kpu.go.id/img/c/900/007/900007472/1-3773-1-C1-PPWP-X1.jpg,https://pemilu2019.kpu.go.id/img/c/900/007/900007472/1-3773-1-C1-PPWP-X2.jpg
1320537493773900007473,ACEH,ACEH UTARA,T. JAMBO AYE,BUKET PADANG,TPS 2,2019-10-24 23:00:05,7,114,161,121,121,121,0,https://pemilu2019.kpu.go.id/img/c/900/007/900007473/1-3773-2-C1-PPWP-X1.jpg,https://pemilu2019.kpu.go.id/img/c/900/007/900007473/1-3773-2-C1-PPWP-X2.jpg
1320537493787900007519,ACEH,ACEH UTARA,T. JAMBO AYE,CEUMPEUDAK,TPS 1,2019-10-24 23:00:05,11,191,243,205,205,202,3,https://pemilu2019.kpu.go.id/img/c/900/007/900007519/1-3787-1-C-XXX-X5.jpg,https://pemilu2019.kpu.go.id/img/c/900/007/900007519/1-3787-1-C-XXX-X6.jpg
1320537493787900007520,ACEH,ACEH UTARA,T. JAMBO AYE,CEUMPEUDAK,TPS 2,2019-10-24 23:00:05,7,190,244,201,201,197,4,https://pemilu2019.kpu.go.id/img/c/900/007/900007520/1-3787-2-C-XXX-X5.jpg,https://pemilu2019.kpu.go.id/img/c/900/007/900007520/1-3787-2-C-XXX-X6.jpg
1320537493787900007521,ACEH,ACEH UTARA,T. JAMBO AYE,CEUMPEUDAK,TPS 3,2019-10-24 23:00:05,11,169,240,184,184,180,4,https://pemilu2019.kpu.go.id/img/c/900/007/900007521/1-3787-3-C-XXX-X5.jpg,https://pemilu2019.kpu.go.id/img/c/900/007/900007521/1-3787-3-C-XXX-X6.jpg
1320537493787900007522,ACEH,ACEH UTARA,T. JAMBO AYE,CEUMPEUDAK,TPS 4,2019-10-24 23:00:05,6,163,244,171,171,169,2,https://pemilu2019.kpu.go.id/img/c/900/007/900007522/1-3787-4-C-XXX-X5.jpg,https://pemilu2019.kpu.go.id/img/c/900/007/900007522/1-3787-4-C-XXX-X6.jpg
1320537493787900007523,ACEH,ACEH UTARA,T. JAMBO AYE,CEUMPEUDAK,TPS 5,2019-10-24 23:00:05,6,181,248,189,189,187,2,https://pemilu2019.kpu.go.id/img/c/900/007/900007523/1-3787-5-C-XXX-X5.jpg,https://pemilu2019.kpu.go.id/img/c/900/007/900007523/1-3787-5-C-XXX-X6.jpg
1320537493791900007533,ACEH,ACEH UTARA,T. JAMBO AYE,COT BIEK,TPS 1,2019-10-24 23:00:05,8,117,186,127,127,125,2,https://pemilu2019.kpu.go.id/img/c/900/007/900007533/1-3791-1-C1-PPWP-X1.jpg,https://pemilu2019.kpu.go.id/img/c/900/007/900007533/1-3791-1-C1-PPWP-X2.jpg
1320537493791900007534,ACEH,ACEH UTARA,T. JAMBO AYE,COT BIEK,TPS 2,2019-10-24 23:00:05,3,142,205,148,147,142,3,https://pemilu2019.kpu.go.id/img/c/900/007/900007534/1-3791-2-C1-PPWP-X1.jpg,https://pemilu2019.kpu.go.id/img/c/900/007/900007534/1-3791-2-C1-PPWP-X2.jpg
1320537493751900007428,ACEH,ACEH UTARA,T. JAMBO AYE,GLUMPANG UMPONG UNOU,TPS 1,2019-10-24 23:00:05,25,120,189,147,147,145,2,https://pemilu2019.kpu.go.id/img/c/900/007/900007428/1-3751-1-C-XXX-X5.jpg,https://pemilu2019.kpu.go.id/img/c/900/007/900007428/1-3751-1-C-XXX-X6.jpg
1320537493751900007429,ACEH,ACEH UTARA,T. JAMBO AYE,GLUMPANG UMPONG UNOU,TPS 2,2019-10-24 23:00:05,14,117,193,135,135,131,4,https://pemilu2019.kpu.go.id/img/c/900/007/900007429/1-3751-2-C-XXX-X5.jpg,https://pemilu2019.kpu.go.id/img/c/900/007/900007429/1-3751-2-C-XXX-X6.jpg
1320537493781900007492,ACEH,ACEH UTARA,T. JAMBO AYE,KOTA PANTON LABU,TPS 1,2019-10-24 23:00:05,20,142,273,166,162,166,4,https://pemilu2019.kpu.go.id/img/c/900/007/900007492/1-3781-1-C1-PPWP-X1.jpg,https://pemilu2019.kpu.go.id/img/c/900/007/900007492/1-3781-1-C1-PPWP-X2.jpg
1320537493781900007493,ACEH,ACEH UTARA,T. JAMBO AYE,KOTA PANTON LABU,TPS 2,2019-10-24 23:00:05,16,168,315,187,187,184,3,https://pemilu2019.kpu.go.id/img/c/900/007/900007493/1-3781-2-C1-PPWP-X1.jpg,https://pemilu2019.kpu.go.id/img/c/900/007/900007493/1-3781-2-C1-PPWP-X2.jpg
1320537493781900007494,ACEH,ACEH UTARA,T. JAMBO AYE,KOTA PANTON LABU,TPS 3,2019-10-24 23:00:05,16,141,304,161,161,157,4,https://pemilu2019.kpu.go.id/img/c/900/007/900007494/1-3781-3-C1-PPWP-X1.jpg,https://pemilu2019.kpu.go.id/img/c/900/007/900007494/1-3781-3-C1-PPWP-X2.jpg
1320537493781900007495,ACEH,ACEH UTARA,T. JAMBO AYE,KOTA PANTON LABU,TPS 4,2019-10-24 23:00:05,13,161,280,178,178,174,4,https://pemilu2019.kpu.go.id/img/c/900/007/900007495/1-3781-4-C1-PPWP-X1.jpg,https://pemilu2019.kpu.go.id/img/c/900/007/900007495/1-3781-4-C1-PPWP-X2.jpg
1320537493781900007496,ACEH,ACEH UTARA,T. JAMBO AYE,KOTA PANTON LABU,TPS 5,2019-10-24 23:00:05,5,28,294,161,6,2,1,https://pemilu2019.kpu.go.id/img/c/900/007/900007496/1-3781-5-C1-PPWP-X1.jpg,https://pemilu2019.kpu.go.id/img/c/900/007/900007496/1-3781-5-C1-PPWP-X2.jpg
1320537493781900007497,ACEH,ACEH UTARA,T. JAMBO AYE,KOTA PANTON LABU,TPS 6,2019-10-24 23:00:05,7,146,280,155,155,153,2,https://pemilu2019.kpu.go.id/img/c/900/007/900007497/1-3781-6-C1-PPWP-X1.jpg,https://pemilu2019.kpu.go.id/img/c/900/007/900007497/1-3781-6-C1-PPWP-X2.jpg
1320537493775900007476,ACEH,ACEH UTARA,T. JAMBO AYE,LHOK BEURINGEN,TPS 1,2019-10-24 23:00:05,6,127,190,136,136,133,3,https://pemilu2019.kpu.go.id/img/c/900/007/900007476/1-3775-1-C1-PPWP-X1.jpg,https://pemilu2019.kpu.go.id/img/c/900/007/900007476/1-3775-1-C1-PPWP-X2.jpg
1320537493789900007527,ACEH,ACEH UTARA,T. JAMBO AYE,LHOK BINTANG HU,TPS 1,2019-10-24 23:00:05,5,154,221,161,161,159,2,https://pemilu2019.kpu.go.id/img/c/900/007/900007527/1-3789-1-C-XXX-X5.jpg,https://pemilu2019.kpu.go.id/img/c/900/007/900007527/1-3789-1-C-XXX-X6.jpg
1320537493789900007528,ACEH,ACEH UTARA,T. JAMBO AYE,LHOK BINTANG HU,TPS 2,2019-10-24 23:00:05,2,148,222,158,158,150,8,https://pemilu2019.kpu.go.id/img/c/900/007/900007528/1-3789-2-C1-PPWP-X1.jpg,https://pemilu2019.kpu.go.id/img/c/900/007/900007528/1-3789-2-C1-PPWP-X2.jpg
1320537493789900007529,ACEH,ACEH UTARA,T. JAMBO AYE,LHOK BINTANG HU,TPS 3,2019-10-24 23:00:05,12,138,214,155,155,150,5,https://pemilu2019.kpu.go.id/img/c/900/007/900007529/1-3789-3-C1-PPWP-X1.jpg,https://pemilu2019.kpu.go.id/img/c/900/007/900007529/1-3789-3-C1-PPWP-X2.jpg
1320537493768900007462,ACEH,ACEH UTARA,T. JAMBO AYE,LHOK MERBO,TPS 1,2019-10-24 23:00:05,9,110,188,131,131,119,12,https://pemilu2019.kpu.go.id/img/c/900/007/900007462/1-3768-1-C-XXX-X5.jpg,https://pemilu2019.kpu.go.id/img/c/900/007/900007462/1-3768-1-C-XXX-X6.jpg
1320537493768900007463,ACEH,ACEH UTARA,T. JAMBO AYE,LHOK MERBO,TPS 2,2019-10-24 23:00:05,19,113,218,147,147,132,15,https://pemilu2019.kpu.go.id/img/c/900/007/900007463/1-3768-2-C-XXX-X35.jpg,https://pemilu2019.kpu.go.id/img/c/900/007/900007463/1-3768-2-C-XXX-X36.jpg
1320537493767900007460,ACEH,ACEH UTARA,T. JAMBO AYE,LHOK REUDEUP,TPS 1,2019-10-24 23:00:05,6,96,151,106,111,102,9,https://pemilu2019.kpu.go.id/img/c/900/007/900007460/1-3767-1-C-XXX-X5.jpg,https://pemilu2019.kpu.go.id/img/c/900/007/900007460/1-3767-1-C-XXX-X6.jpg
1320537493767900007461,ACEH,ACEH UTARA,T. JAMBO AYE,LHOK REUDEUP,TPS 2,2019-10-24 23:00:05,9,74,153,91,91,83,8,https://pemilu2019.kpu.go.id/img/c/900/007/900007461/1-3767-2-C-XXX-X5.jpg,https://pemilu2019.kpu.go.id/img/c/900/007/900007461/1-3767-2-C-XXX-X6.jpg
1320537493776900007477,ACEH,ACEH UTARA,T. JAMBO AYE,LUENG TUHA,TPS 1,2019-10-24 23:00:05,5,168,224,189,189,173,16,https://pemilu2019.kpu.go.id/img/c/900/007/900007477/1-3776-1-C-XXX-X5.jpg,https://pemilu2019.kpu.go.id/img/c/900/007/900007477/1-3776-1-C-XXX-X6.jpg
1320537493792900007535,ACEH,ACEH UTARA,T. JAMBO AYE,MATANG ARONGAN,TPS 1,2019-10-24 23:00:05,8,188,241,201,201,196,5,https://pemilu2019.kpu.go.id/img/c/900/007/900007535/1-3792-1-C1-PPWP-X1.jpg,https://pemilu2019.kpu.go.id/img/c/900/007/900007535/1-3792-1-C1-PPWP-X2.jpg
1320537493786900007516,ACEH,ACEH UTARA,T. JAMBO AYE,MATANG DRIEN,TPS 1,2019-10-24 23:00:05,6,232,297,250,250,238,12,https://pemilu2019.kpu.go.id/img/c/900/007/900007516/1-3786-1-C1-PPWP-X1.jpg,https://pemilu2019.kpu.go.id/img/c/900/007/900007516/1-3786-1-C1-PPWP-X2.jpg
1320537493786900007517,ACEH,ACEH UTARA,T. JAMBO AYE,MATANG DRIEN,TPS 2,2019-10-24 23:00:05,3,221,288,227,227,224,3,https://pemilu2019.kpu.go.id/img/c/900/007/900007517/1-3786-2-C-XXX-X5.jpg,https://pemilu2019.kpu.go.id/img/c/900/007/900007517/1-3786-2-C-XXX-X6.jpg
1320537493786900007518,ACEH,ACEH UTARA,T. JAMBO AYE,MATANG DRIEN,TPS 3,2019-10-24 23:00:05,5,211,298,217,217,216,1,https://pemilu2019.kpu.go.id/img/c/900/007/900007518/1-3786-3-C1-PPWP-X1.jpg,https://pemilu2019.kpu.go.id/img/c/900/007/900007518/1-3786-3-C1-PPWP-X2.jpg
1320537493760900007448,ACEH,ACEH UTARA,T. JAMBO AYE,MATANG JURONG,TPS 1,2019-10-24 23:00:05,6,186,239,192,192,192,0,https://pemilu2019.kpu.go.id/img/c/900/007/900007448/1-3760-1-C1-PPWP-X1.jpg,https://pemilu2019.kpu.go.id/img/c/900/007/900007448/1-3760-1-C1-PPWP-X2.jpg
1320537493769900007464,ACEH,ACEH UTARA,T. JAMBO AYE,MATANG MANEH,TPS 1,2019-10-24 23:00:05,18,153,226,180,180,171,9,https://pemilu2019.kpu.go.id/img/c/900/007/900007464/1-3769-1-C-XXX-X5.jpg,https://pemilu2019.kpu.go.id/img/c/900/007/900007464/1-3769-1-C-XXX-X6.jpg
1320537493769900007465,ACEH,ACEH UTARA,T. JAMBO AYE,MATANG MANEH,TPS 2,2019-10-24 23:00:05,25,150,267,183,183,175,8,https://pemilu2019.kpu.go.id/img/c/900/007/900007465/1-3769-2-C1-PPWP-X1.jpg,https://pemilu2019.kpu.go.id/img/c/900/007/900007465/1-3769-2-C1-PPWP-X2.jpg
1320537493778900007479,ACEH,ACEH UTARA,T. JAMBO AYE,MATANG RAYA,TPS 1,2019-10-24 23:00:05,19,138,207,160,160,157,3,https://pemilu2019.kpu.go.id/img/c/900/007/900007479/1-3778-1-C1-PPWP-X1.jpg,https://pemilu2019.kpu.go.id/img/c/900/007/900007479/1-3778-1-C1-PPWP-X2.jpg
1320537493772900007471,ACEH,ACEH UTARA,T. JAMBO AYE,MATANG SANTOT,TPS 1,2019-10-24 23:00:05,14,146,171,162,162,160,2,https://pemilu2019.kpu.go.id/img/c/900/007/900007471/1-3772-1-C1-PPWP-X1.jpg,https://pemilu2019.kpu.go.id/img/c/900/007/900007471/1-3772-1-C1-PPWP-X2.jpg
1320537493771900007467,ACEH,ACEH UTARA,T. JAMBO AYE,MATANG SERDANG,TPS 1,2019-10-24 23:00:05,27,186,260,240,240,213,27,https://pemilu2019.kpu.go.id/img/c/900/007/900007467/1-3771-1-C-XXX-X5.jpg,https://pemilu2019.kpu.go.id/img/c/900/007/900007467/1-3771-1-C-XXX-X6.jpg
1320537493771900007468,ACEH,ACEH UTARA,T. JAMBO AYE,MATANG SERDANG,TPS 2,2019-10-24 23:00:05,15,104,287,125,125,119,6,https://pemilu2019.kpu.go.id/img/c/900/007/900007468/1-3771-2-C-XXX-X5.jpg,https://pemilu2019.kpu.go.id/img/c/900/007/900007468/1-3771-2-C-XXX-X6.jpg
1320537493771900007469,ACEH,ACEH UTARA,T. JAMBO AYE,MATANG SERDANG,TPS 3,2019-10-24 23:00:05,17,127,295,150,150,144,6,https://pemilu2019.kpu.go.id/img/c/900/007/900007469/1-3771-3-C-XXX-X5.jpg,https://pemilu2019.kpu.go.id/img/c/900/007/900007469/1-3771-3-C-XXX-X6.jpg
1320537493771900007470,ACEH,ACEH UTARA,T. JAMBO AYE,MATANG SERDANG,TPS 4,2019-10-24 23:00:05,18,106,260,130,130,124,6,https://pemilu2019.kpu.go.id/img/c/900/007/900007470/1-3771-4-C-XXX-X5.jpg,https://pemilu2019.kpu.go.id/img/c/900/007/900007470/1-3771-4-C-XXX-X6.jpg
1320537493774900007474,ACEH,ACEH UTARA,T. JAMBO AYE,MATANG SEUKE PULOT,TPS 1,2019-10-24 23:00:05,10,122,175,132,132,132,0,https://pemilu2019.kpu.go.id/img/c/900/007/900007474/1-3774-1-C1-PPWP-X1.jpg,https://pemilu2019.kpu.go.id/img/c/900/007/900007474/1-3774-1-C1-PPWP-X2.jpg
1320537493774900007475,ACEH,ACEH UTARA,T. JAMBO AYE,MATANG SEUKE PULOT,TPS 2,2019-10-24 23:00:05,23,113,172,144,144,136,8,https://pemilu2019.kpu.go.id/img/c/900/007/900007475/1-3774-2-C1-PPWP-X1.jpg,https://pemilu2019.kpu.go.id/img/c/900/007/900007475/1-3774-2-C1-PPWP-X2.jpg
1320537493762900007452,ACEH,ACEH UTARA,T. JAMBO AYE,MATANG TEUNGOH-TEUNGOH,TPS 1,2019-10-24 23:00:05,27,176,212,206,206,203,3,https://pemilu2019.kpu.go.id/img/c/900/007/900007452/1-3762-1-C-XXX-X5.jpg,https://pemilu2019.kpu.go.id/img/c/900/007/900007452/1-3762-1-C-XXX-X6.jpg
1320537493756900007437,ACEH,ACEH UTARA,T. JAMBO AYE,MEUNASAH DAYAH,TPS 1,2019-10-24 23:00:05,7,123,202,135,135,130,5,https://pemilu2019.kpu.go.id/img/c/900/007/900007437/1-3756-1-C-XXX-X5.jpg,https://pemilu2019.kpu.go.id/img/c/900/007/900007437/1-3756-1-C-XXX-X6.jpg
1320537493756900007438,ACEH,ACEH UTARA,T. JAMBO AYE,MEUNASAH DAYAH,TPS 2,2019-10-24 23:00:05,15,112,206,131,131,127,4,https://pemilu2019.kpu.go.id/img/c/900/007/900007438/1-3756-2-C-XXX-X5.jpg,https://pemilu2019.kpu.go.id/img/c/900/007/900007438/1-3756-2-C-XXX-X6.jpg
1320537493754900007432,ACEH,ACEH UTARA,T. JAMBO AYE,MEUNASAH GEUDONG,TPS 1,2019-10-24 23:00:05,13,153,211,170,170,166,4,https://pemilu2019.kpu.go.id/img/c/900/007/900007432/1-3754-1-C-XXX-X5.jpg,https://pemilu2019.kpu.go.id/img/c/900/007/900007432/1-3754-1-C-XXX-X6.jpg
1320537493754900007433,ACEH,ACEH UTARA,T. JAMBO AYE,MEUNASAH GEUDONG,TPS 2,2019-10-24 23:00:05,16,136,213,0,157,152,5,https://pemilu2019.kpu.go.id/img/c/900/007/900007433/1-3754-2-C1-PPWP-X1.jpg,https://pemilu2019.kpu.go.id/img/c/900/007/900007433/1-3754-2-C1-PPWP-X2.jpg
1320537493754900007434,ACEH,ACEH UTARA,T. JAMBO AYE,MEUNASAH GEUDONG,TPS 3,2019-10-24 23:00:05,9,138,211,152,153,147,6,https://pemilu2019.kpu.go.id/img/c/900/007/900007434/1-3754-3-C-XXX-X5.jpg,https://pemilu2019.kpu.go.id/img/c/900/007/900007434/1-3754-3-C-XXX-X6.jpg
1320537493755900007435,ACEH,ACEH UTARA,T. JAMBO AYE,MEUNASAH MERBO,TPS 1,2019-10-24 23:00:05,24,141,219,166,166,165,1,https://pemilu2019.kpu.go.id/img/c/900/007/900007435/1-3755-1-C1-PPWP-X1.jpg,https://pemilu2019.kpu.go.id/img/c/900/007/900007435/1-3755-1-C1-PPWP-X2.jpg
1320537493755900007436,ACEH,ACEH UTARA,T. JAMBO AYE,MEUNASAH MERBO,TPS 2,2019-10-24 23:00:05,9,146,210,156,156,155,1,https://pemilu2019.kpu.go.id/img/c/900/007/900007436/1-3755-2-C1-PPWP-X1.jpg,https://pemilu2019.kpu.go.id/img/c/900/007/900007436/1-3755-2-C1-PPWP-X2.jpg
1320537493780900007484,ACEH,ACEH UTARA,T. JAMBO AYE,MEUNASAH PANTON LABU,TPS 1,2019-10-24 23:00:05,10,167,295,179,179,177,2,https://pemilu2019.kpu.go.id/img/c/900/007/900007484/1-3780-1-C-XXX-X5.jpg,https://pemilu2019.kpu.go.id/img/c/900/007/900007484/1-3780-1-C-XXX-X6.jpg
1320537493780900007485,ACEH,ACEH UTARA,T. JAMBO AYE,MEUNASAH PANTON LABU,TPS 2,2019-10-24 23:00:05,13,178,289,195,195,191,4,https://pemilu2019.kpu.go.id/img/c/900/007/900007485/1-3780-2-C-XXX-X5.jpg,https://pemilu2019.kpu.go.id/img/c/900/007/900007485/1-3780-2-C-XXX-X6.jpg
1320537493780900007486,ACEH,ACEH UTARA,T. JAMBO AYE,MEUNASAH PANTON LABU,TPS 3,2019-10-24 23:00:05,11,174,294,193,193,185,8,https://pemilu2019.kpu.go.id/img/c/900/007/900007486/1-3780-3-C-XXX-X5.jpg,https://pemilu2019.kpu.go.id/img/c/900/007/900007486/1-3780-3-C-XXX-X6.jpg
1320537493780900007487,ACEH,ACEH UTARA,T. JAMBO AYE,MEUNASAH PANTON LABU,TPS 4,2019-10-24 23:00:05,22,186,294,208,208,208,0,https://pemilu2019.kpu.go.id/img/c/900/007/900007487/1-3780-4-C-XXX-X5.jpg,https://pemilu2019.kpu.go.id/img/c/900/007/900007487/1-3780-4-C-XXX-X6.jpg
1320537493780900007488,ACEH,ACEH UTARA,T. JAMBO AYE,MEUNASAH PANTON LABU,TPS 5,2019-10-24 23:00:05,21,195,297,219,219,216,3,https://pemilu2019.kpu.go.id/img/c/900/007/900007488/1-3780-5-C1-PPWP-X1.jpg,https://pemilu2019.kpu.go.id/img/c/900/007/900007488/1-3780-5-C1-PPWP-X2.jpg
1320537493780900007489,ACEH,ACEH UTARA,T. JAMBO AYE,MEUNASAH PANTON LABU,TPS 6,2019-10-24 23:00:05,12,190,295,213,213,202,11,https://pemilu2019.kpu.go.id/img/c/900/007/900007489/1-3780-6-C-XXX-X5.jpg,https://pemilu2019.kpu.go.id/img/c/900/007/900007489/1-3780-6-C-XXX-X6.jpg
1320537493780900007490,ACEH,ACEH UTARA,T. JAMBO AYE,MEUNASAH PANTON LABU,TPS 7,2019-10-24 23:00:05,16,165,293,184,184,181,3,https://pemilu2019.kpu.go.id/img/c/900/007/900007490/1-3780-7-C-XXX-X5.jpg,https://pemilu2019.kpu.go.id/img/c/900/007/900007490/1-3780-7-C-XXX-X6.jpg
1320537493780900007491,ACEH,ACEH UTARA,T. JAMBO AYE,MEUNASAH PANTON LABU,TPS 8,2019-10-24 23:00:05,16,145,298,169,169,161,8,https://pemilu2019.kpu.go.id/img/c/900/007/900007491/1-3780-8-C-XXX-X5.jpg,https://pemilu2019.kpu.go.id/img/c/900/007/900007491/1-3780-8-C-XXX-X6.jpg
1320537493770900007466,ACEH,ACEH UTARA,T. JAMBO AYE,PUCOK ALUE,TPS 1,2019-10-24 23:00:05,38,152,280,213,213,190,23,https://pemilu2019.kpu.go.id/img/c/900/007/900007466/1-3770-1-C-XXX-X5.jpg,https://pemilu2019.kpu.go.id/img/c/900/007/900007466/1-3770-1-C-XXX-X6.jpg
1320537493752900007430,ACEH,ACEH UTARA,T. JAMBO AYE,RANTO PANYANG,TPS 1,2019-10-24 23:00:05,9,142,202,152,152,151,1,https://pemilu2019.kpu.go.id/img/c/900/007/900007430/1-3752-1-C-XXX-X5.jpg,https://pemilu2019.kpu.go.id/img/c/900/007/900007430/1-3752-1-C-XXX-X6.jpg
1320537493782900007498,ACEH,ACEH UTARA,T. JAMBO AYE,RAWANG ITEK,TPS 1,2019-10-24 23:00:05,17,153,303,173,173,170,3,https://pemilu2019.kpu.go.id/img/c/900/007/900007498/1-3782-1-C-XXX-X5.jpg,https://pemilu2019.kpu.go.id/img/c/900/007/900007498/1-3782-1-C-XXX-X6.jpg
1320537493782900007499,ACEH,ACEH UTARA,T. JAMBO AYE,RAWANG ITEK,TPS 2,2019-10-24 23:00:05,11,150,321,162,162,161,1,https://pemilu2019.kpu.go.id/img/c/900/007/900007499/1-3782-2-C1-PPWP-X1.jpg,https://pemilu2019.kpu.go.id/img/c/900/007/900007499/1-3782-2-C1-PPWP-X2.jpg
1320537493782900007500,ACEH,ACEH UTARA,T. JAMBO AYE,RAWANG ITEK,TPS 3,2019-10-24 23:00:05,10,185,307,207,195,195,0,https://pemilu2019.kpu.go.id/img/c/900/007/900007500/1-3782-3-C-XXX-X5.jpg,https://pemilu2019.kpu.go.id/img/c/900/007/900007500/1-3782-3-C-XXX-X6.jpg
1320537493782900007501,ACEH,ACEH UTARA,T. JAMBO AYE,RAWANG ITEK,TPS 4,2019-10-24 23:00:05,7,165,306,174,174,172,2,https://pemilu2019.kpu.go.id/img/c/900/007/900007501/1-3782-4-C-XXX-X5.jpg,https://pemilu2019.kpu.go.id/img/c/900/007/900007501/1-3782-4-C-XXX-X6.jpg
1320537493782900007502,ACEH,ACEH UTARA,T. JAMBO AYE,RAWANG ITEK,TPS 5,2019-10-24 23:00:05,12,148,307,165,165,160,5,https://pemilu2019.kpu.go.id/img/c/900/007/900007502/1-3782-5-C-XXX-X5.jpg,https://pemilu2019.kpu.go.id/img/c/900/007/900007502/1-3782-5-C-XXX-X6.jpg
1320537493782900007503,ACEH,ACEH UTARA,T. JAMBO AYE,RAWANG ITEK,TPS 6,2019-10-24 23:00:05,14,218,338,237,237,232,5,https://pemilu2019.kpu.go.id/img/c/900/007/900007503/1-3782-6-C-XXX-X5.jpg,https://pemilu2019.kpu.go.id/img/c/900/007/900007503/1-3782-6-C-XXX-X6.jpg
1320537493782900007504,ACEH,ACEH UTARA,T. JAMBO AYE,RAWANG ITEK,TPS 7,2019-10-24 23:00:05,11,184,327,202,202,195,7,https://pemilu2019.kpu.go.id/img/c/900/007/900007504/1-3782-7-C-XXX-X5.jpg,https://pemilu2019.kpu.go.id/img/c/900/007/900007504/1-3782-7-C-XXX-X6.jpg
1320537493782900007505,ACEH,ACEH UTARA,T. JAMBO AYE,RAWANG ITEK,TPS 8,2019-10-24 23:00:05,14,142,301,160,160,156,4,https://pemilu2019.kpu.go.id/img/c/900/007/900007505/1-3782-8-C-XXX-X5.jpg,https://pemilu2019.kpu.go.id/img/c/900/007/900007505/1-3782-8-C-XXX-X6.jpg
1320537493782900007506,ACEH,ACEH UTARA,T. JAMBO AYE,RAWANG ITEK,TPS 9,2019-10-24 23:00:05,7,141,299,155,155,148,7,https://pemilu2019.kpu.go.id/img/c/900/007/900007506/1-3782-9-C-XXX-X5.jpg,https://pemilu2019.kpu.go.id/img/c/900/007/900007506/1-3782-9-C-XXX-X6.jpg
1320537493794900007538,ACEH,ACEH UTARA,T. JAMBO AYE,SAMA KUROK,TPS 1,2019-10-24 23:00:05,10,210,279,214,214,211,3,https://pemilu2019.kpu.go.id/img/c/900/007/900007538/1-3794-1-C-XXX-X5.jpg,https://pemilu2019.kpu.go.id/img/c/900/007/900007538/1-3794-1-C-XXX-X6.jpg
1320537493794900007539,ACEH,ACEH UTARA,T. JAMBO AYE,SAMA KUROK,TPS 2,2019-10-24 23:00:05,3,206,292,209,209,209,0,https://pemilu2019.kpu.go.id/img/c/900/007/900007539/1-3794-2-C-XXX-X5.jpg,https://pemilu2019.kpu.go.id/img/c/900/007/900007539/1-3794-2-C-XXX-X6.jpg
1320537493794900007540,ACEH,ACEH UTARA,T. JAMBO AYE,SAMA KUROK,TPS 3,2019-10-24 23:00:05,17,194,290,212,212,211,1,https://pemilu2019.kpu.go.id/img/c/900/007/900007540/1-3794-3-C-XXX-X5.jpg,https://pemilu2019.kpu.go.id/img/c/900/007/900007540/1-3794-3-C-XXX-X6.jpg
1320537493794900007541,ACEH,ACEH UTARA,T. JAMBO AYE,SAMA KUROK,TPS 4,2019-10-24 23:00:05,13,179,276,198,198,192,6,https://pemilu2019.kpu.go.id/img/c/900/007/900007541/1-3794-4-C-XXX-X5.jpg,https://pemilu2019.kpu.go.id/img/c/900/007/900007541/1-3794-4-C-XXX-X6.jpg
1320537493794900007542,ACEH,ACEH UTARA,T. JAMBO AYE,SAMA KUROK,TPS 5,2019-10-24 23:00:05,12,171,290,186,186,183,3,https://pemilu2019.kpu.go.id/img/c/900/007/900007542/1-3794-5-C-XXX-X5.jpg,https://pemilu2019.kpu.go.id/img/c/900/007/900007542/1-3794-5-C-XXX-X6.jpg
1320537493794900007543,ACEH,ACEH UTARA,T. JAMBO AYE,SAMA KUROK,TPS 6,2019-10-24 23:00:05,16,212,287,231,231,228,3,https://pemilu2019.kpu.go.id/img/c/900/007/900007543/1-3794-6-C1-PPWP-X1.jpg,https://pemilu2019.kpu.go.id/img/c/900/007/900007543/1-3794-6-C1-PPWP-X2.jpg
1320537493753900007431,ACEH,ACEH UTARA,T. JAMBO AYE,SEUNEUBOK DOE,TPS 1,2019-10-24 23:00:05,14,157,222,176,176,171,5,https://pemilu2019.kpu.go.id/img/c/900/007/900007431/1-3753-1-C-XXX-X5.jpg,https://pemilu2019.kpu.go.id/img/c/900/007/900007431/1-3753-1-C-XXX-X6.jpg
1320537493757900007439,ACEH,ACEH UTARA,T. JAMBO AYE,SEUNEUBOK PIDIE,TPS 1,2019-10-24 23:00:05,15,149,233,166,166,164,2,https://pemilu2019.kpu.go.id/img/c/900/007/900007439/1-3757-1-C-XXX-X5.jpg,https://pemilu2019.kpu.go.id/img/c/900/007/900007439/1-3757-1-C-XXX-X6.jpg
1320537493757900007440,ACEH,ACEH UTARA,T. JAMBO AYE,SEUNEUBOK PIDIE,TPS 2,2019-10-24 23:00:05,11,138,221,151,151,149,2,https://pemilu2019.kpu.go.id/img/c/900/007/900007440/1-3757-2-C-XXX-X5.jpg,https://pemilu2019.kpu.go.id/img/c/900/007/900007440/1-3757-2-C-XXX-X6.jpg
1320537493765900007456,ACEH,ACEH UTARA,T. JAMBO AYE,TANJONG ARA,TPS 1,2019-10-24 23:00:05,4,188,274,192,192,192,0,https://pemilu2019.kpu.go.id/img/c/900/007/900007456/1-3765-1-C1-PPWP-X1.jpg,https://pemilu2019.kpu.go.id/img/c/900/007/900007456/1-3765-1-C1-PPWP-X2.jpg
1320537493765900007457,ACEH,ACEH UTARA,T. JAMBO AYE,TANJONG ARA,TPS 2,2019-10-24 23:00:05,11,162,264,176,176,0,173,https://pemilu2019.kpu.go.id/img/c/900/007/900007457/1-3765-2-C1-PPWP-X1.jpg,https://pemilu2019.kpu.go.id/img/c/900/007/900007457/1-3765-2-C1-PPWP-X2.jpg
1320537493765900007458,ACEH,ACEH UTARA,T. JAMBO AYE,TANJONG ARA,TPS 3,2019-10-24 23:00:05,38,215,275,255,255,253,2,https://pemilu2019.kpu.go.id/img/c/900/007/900007458/1-3765-3-C1-PPWP-X1.jpg,https://pemilu2019.kpu.go.id/img/c/900/007/900007458/1-3765-3-C1-PPWP-X2.jpg
1320537493765900007459,ACEH,ACEH UTARA,T. JAMBO AYE,TANJONG ARA,TPS 4,2019-10-24 23:00:05,49,170,237,225,225,219,6,https://pemilu2019.kpu.go.id/img/c/900/007/900007459/1-3765-4-C1-PPWP-X1.jpg,https://pemilu2019.kpu.go.id/img/c/900/007/900007459/1-3765-4-C1-PPWP-X2.jpg
1320537493783900007507,ACEH,ACEH UTARA,T. JAMBO AYE,TANJONG CENGAI,TPS 1,2019-10-24 23:00:05,9,153,243,164,164,162,2,https://pemilu2019.kpu.go.id/img/c/900/007/900007507/1-3783-1-C1-PPWP-X1.jpg,https://pemilu2019.kpu.go.id/img/c/900/007/900007507/1-3783-1-C1-PPWP-X2.jpg
1320537493783900007508,ACEH,ACEH UTARA,T. JAMBO AYE,TANJONG CENGAI,TPS 2,2019-10-24 23:00:05,15,158,248,175,175,173,2,https://pemilu2019.kpu.go.id/img/c/900/007/900007508/1-3783-2-C1-PPWP-X1.jpg,https://pemilu2019.kpu.go.id/img/c/900/007/900007508/1-3783-2-C1-PPWP-X2.jpg
1320537493783900007509,ACEH,ACEH UTARA,T. JAMBO AYE,TANJONG CENGAI,TPS 3,2019-10-24 23:00:05,14,156,254,178,178,170,8,https://pemilu2019.kpu.go.id/img/c/900/007/900007509/1-3783-3-C1-PPWP-X1.jpg,https://pemilu2019.kpu.go.id/img/c/900/007/900007509/1-3783-3-C1-PPWP-X2.jpg
1320537493783900007510,ACEH,ACEH UTARA,T. JAMBO AYE,TANJONG CENGAI,TPS 4,2019-10-24 23:00:05,13,155,257,174,174,168,6,https://pemilu2019.kpu.go.id/img/c/900/007/900007510/1-3783-4-C1-PPWP-X1.jpg,https://pemilu2019.kpu.go.id/img/c/900/007/900007510/1-3783-4-C1-PPWP-X2.jpg
1320537493761900007449,ACEH,ACEH UTARA,T. JAMBO AYE,TANJONG DALAM UTARA,TPS 1,2019-10-24 23:00:05,5,194,256,203,203,199,4,https://pemilu2019.kpu.go.id/img/c/900/007/900007449/1-3761-1-C-XXX-X5.jpg,https://pemilu2019.kpu.go.id/img/c/900/007/900007449/1-3761-1-C-XXX-X6.jpg
1320537493761900007450,ACEH,ACEH UTARA,T. JAMBO AYE,TANJONG DALAM UTARA,TPS 2,2019-10-24 23:00:05,17,162,245,188,188,179,9,https://pemilu2019.kpu.go.id/img/c/900/007/900007450/1-3761-2-C-XXX-X5.jpg,https://pemilu2019.kpu.go.id/img/c/900/007/900007450/1-3761-2-C-XXX-X6.jpg
1320537493761900007451,ACEH,ACEH UTARA,T. JAMBO AYE,TANJONG DALAM UTARA,TPS 3,2019-10-24 23:00:05,12,155,221,174,174,167,7,https://pemilu2019.kpu.go.id/img/c/900/007/900007451/1-3761-3-C1-PPWP-X1.jpg,https://pemilu2019.kpu.go.id/img/c/900/007/900007451/1-3761-3-C1-PPWP-X2.jpg
1320537493758900007441,ACEH,ACEH UTARA,T. JAMBO AYE,TANJONG MENUANG,TPS 1,2019-10-24 23:00:05,1,180,228,181,181,181,0,https://pemilu2019.kpu.go.id/img/c/900/007/900007441/1-3758-1-C-XXX-X5.jpg,https://pemilu2019.kpu.go.id/img/c/900/007/900007441/1-3758-1-C-XXX-X6.jpg
1320537493758900007442,ACEH,ACEH UTARA,T. JAMBO AYE,TANJONG MENUANG,TPS 2,2019-10-24 23:00:05,4,185,241,192,192,189,3,https://pemilu2019.kpu.go.id/img/c/900/007/900007442/1-3758-2-C-XXX-X5.jpg,https://pemilu2019.kpu.go.id/img/c/900/007/900007442/1-3758-2-C-XXX-X6.jpg
1320537493758900007443,ACEH,ACEH UTARA,T. JAMBO AYE,TANJONG MENUANG,TPS 3,2019-10-24 23:00:05,6,177,254,185,185,183,2,https://pemilu2019.kpu.go.id/img/c/900/007/900007443/1-3758-3-C-XXX-X5.jpg,https://pemilu2019.kpu.go.id/img/c/900/007/900007443/1-3758-3-C-XXX-X6.jpg
1320537493759900007444,ACEH,ACEH UTARA,T. JAMBO AYE,TANJONG MEUNYE,TPS 1,2019-10-24 23:00:05,8,162,247,170,170,170,0,https://pemilu2019.kpu.go.id/img/c/900/007/900007444/1-3759-1-C-XXX-X5.jpg,https://pemilu2019.kpu.go.id/img/c/900/007/900007444/1-3759-1-C-XXX-X6.jpg
1320537493759900007445,ACEH,ACEH UTARA,T. JAMBO AYE,TANJONG MEUNYE,TPS 2,2019-10-24 23:00:05,7,142,240,156,156,149,7,https://pemilu2019.kpu.go.id/img/c/900/007/900007445/1-3759-2-C-XXX-X5.jpg,https://pemilu2019.kpu.go.id/img/c/900/007/900007445/1-3759-2-C-XXX-X6.jpg
1320537493759900007446,ACEH,ACEH UTARA,T. JAMBO AYE,TANJONG MEUNYE,TPS 3,2019-10-24 23:00:05,9,151,257,168,168,160,8,https://pemilu2019.kpu.go.id/img/c/900/007/900007446/1-3759-3-C-XXX-X5.jpg,https://pemilu2019.kpu.go.id/img/c/900/007/900007446/1-3759-3-C-XXX-X6.jpg
1320537493759900007447,ACEH,ACEH UTARA,T. JAMBO AYE,TANJONG MEUNYE,TPS 4,2019-10-24 23:00:05,6,158,250,169,169,164,5,https://pemilu2019.kpu.go.id/img/c/900/007/900007447/1-3759-4-C1-PPWP-X1.jpg,https://pemilu2019.kpu.go.id/img/c/900/007/900007447/1-3759-4-C1-PPWP-X2.jpg
1320537493764900007455,ACEH,ACEH UTARA,T. JAMBO AYE,TANJONG PUNTI,TPS 1,2019-10-24 23:00:05,8,99,113,108,108,107,1,https://pemilu2019.kpu.go.id/img/c/900/007/900007455/1-3764-1-C-XXX-X5.jpg,https://pemilu2019.kpu.go.id/img/c/900/007/900007455/1-3764-1-C-XXX-X6.jpg
1320537493779900007480,ACEH,ACEH UTARA,T. JAMBO AYE,TEUPIN BAYU,TPS 1,2019-10-24 23:00:05,13,173,263,193,193,186,7,https://pemilu2019.kpu.go.id/img/c/900/007/900007480/1-3779-1-C-XXX-X5.jpg,https://pemilu2019.kpu.go.id/img/c/900/007/900007480/1-3779-1-C-XXX-X6.jpg
1320537493779900007481,ACEH,ACEH UTARA,T. JAMBO AYE,TEUPIN BAYU,TPS 2,2019-10-24 23:00:05,12,165,264,181,181,177,4,https://pemilu2019.kpu.go.id/img/c/900/007/900007481/1-3779-2-C-XXX-X5.jpg,https://pemilu2019.kpu.go.id/img/c/900/007/900007481/1-3779-2-C-XXX-X6.jpg
1320537493779900007482,ACEH,ACEH UTARA,T. JAMBO AYE,TEUPIN BAYU,TPS 3,2019-10-24 23:00:05,12,154,262,182,182,166,16,https://pemilu2019.kpu.go.id/img/c/900/007/900007482/1-3779-3-C-XXX-X5.jpg,https://pemilu2019.kpu.go.id/img/c/900/007/900007482/1-3779-3-C-XXX-X6.jpg
1320537493779900007483,ACEH,ACEH UTARA,T. JAMBO AYE,TEUPIN BAYU,TPS 4,2019-10-24 23:00:05,15,154,252,176,176,169,7,https://pemilu2019.kpu.go.id/img/c/900/007/900007483/1-3779-4-C1-PPWP-X1.jpg,https://pemilu2019.kpu.go.id/img/c/900/007/900007483/1-3779-4-C1-PPWP-X2.jpg
1320537493750900007422,ACEH,ACEH UTARA,T. JAMBO AYE,TEUPIN GAJAH,TPS 1,2019-10-24 23:00:05,3,165,287,168,168,168,0,https://pemilu2019.kpu.go.id/img/c/900/007/900007422/1-3750-1-C-XXX-X5.jpg,https://pemilu2019.kpu.go.id/img/c/900/007/900007422/1-3750-1-C-XXX-X6.jpg
1320537493750900007423,ACEH,ACEH UTARA,T. JAMBO AYE,TEUPIN GAJAH,TPS 2,2019-10-24 23:00:05,9,185,279,197,197,194,3,https://pemilu2019.kpu.go.id/img/c/900/007/900007423/1-3750-2-C-XXX-X5.jpg,https://pemilu2019.kpu.go.id/img/c/900/007/900007423/1-3750-2-C-XXX-X6.jpg
1320537493750900007424,ACEH,ACEH UTARA,T. JAMBO AYE,TEUPIN GAJAH,TPS 3,2019-10-24 23:00:05,12,171,281,184,184,183,1,https://pemilu2019.kpu.go.id/img/c/900/007/900007424/1-3750-3-C-XXX-X5.jpg,https://pemilu2019.kpu.go.id/img/c/900/007/900007424/1-3750-3-C-XXX-X6.jpg
1320537493750900007425,ACEH,ACEH UTARA,T. JAMBO AYE,TEUPIN GAJAH,TPS 4,2019-10-24 23:00:05,7,180,271,192,192,187,5,https://pemilu2019.kpu.go.id/img/c/900/007/900007425/1-3750-4-C-XXX-X5.jpg,https://pemilu2019.kpu.go.id/img/c/900/007/900007425/1-3750-4-C-XXX-X6.jpg
1320537493750900007426,ACEH,ACEH UTARA,T. JAMBO AYE,TEUPIN GAJAH,TPS 5,2019-10-24 23:00:05,16,176,279,200,200,192,8,https://pemilu2019.kpu.go.id/img/c/900/007/900007426/1-3750-5-C-XXX-X5.jpg,https://pemilu2019.kpu.go.id/img/c/900/007/900007426/1-3750-5-C-XXX-X6.jpg
1320537493750900007427,ACEH,ACEH UTARA,T. JAMBO AYE,TEUPIN GAJAH,TPS 6,2019-10-24 23:00:05,8,162,287,173,173,170,3,https://pemilu2019.kpu.go.id/img/c/900/007/900007427/1-3750-6-C1-PPWP-X1.jpg,https://pemilu2019.kpu.go.id/img/c/900/007/900007427/1-3750-6-C1-PPWP-X2.jpg
1320537493796900007548,ACEH,ACEH UTARA,T. JAMBO AYE,ULEE GLEE,TPS 1,2019-10-24 23:00:05,15,159,282,186,186,174,12,https://pemilu2019.kpu.go.id/img/c/900/007/900007548/1-3796-1-C-XXX-X5.jpg,https://pemilu2019.kpu.go.id/img/c/900/007/900007548/1-3796-1-C-XXX-X6.jpg
1320537493796900007549,ACEH,ACEH UTARA,T. JAMBO AYE,ULEE GLEE,TPS 2,2019-10-24 23:00:05,17,167,286,193,193,184,9,https://pemilu2019.kpu.go.id/img/c/900/007/900007549/1-3796-2-C1-PPWP-X1.jpg,https://pemilu2019.kpu.go.id/img/c/900/007/900007549/1-3796-2-C1-PPWP-X2.jpg
1320537493796900007550,ACEH,ACEH UTARA,T. JAMBO AYE,ULEE GLEE,TPS 3,2019-10-24 23:00:05,11,154,286,183,183,165,18,https://pemilu2019.kpu.go.id/img/c/900/007/900007550/1-3796-3-C-XXX-X5.jpg,https://pemilu2019.kpu.go.id/img/c/900/007/900007550/1-3796-3-C-XXX-X6.jpg
1592060456068900012834,ACEH,BENER MERIAH,BANDAR,BAHGIE BERTONA,TPS 1,2019-10-24 23:00:05,91,131,239,226,226,222,4,https://pemilu2019.kpu.go.id/img/c/900/012/900012834/6068-1-C-XXX-X5.jpg,https://pemilu2019.kpu.go.id/img/c/900/012/900012834/6068-1-C-XXX-X6.jpg
1592060456068900012835,ACEH,BENER MERIAH,BANDAR,BAHGIE BERTONA,TPS 2,2019-10-24 23:00:05,63,105,191,169,169,168,1,https://pemilu2019.kpu.go.id/img/c/900/012/900012835/6068-2-C-XXX-X5.jpg,https://pemilu2019.kpu.go.id/img/c/900/012/900012835/6068-2-C-XXX-X6.jpg
1592060456068900012836,ACEH,BENER MERIAH,BANDAR,BAHGIE BERTONA,TPS 3,2019-10-24 23:00:05,77,76,180,160,160,153,7,https://pemilu2019.kpu.go.id/img/c/900/012/900012836/6068-3-C-XXX-X5.jpg,https://pemilu2019.kpu.go.id/img/c/900/012/900012836/6068-3-C-XXX-X6.jpg
1592060456068900012837,ACEH,BENER MERIAH,BANDAR,BAHGIE BERTONA,TPS 4,2019-10-24 23:00:05,55,105,184,166,166,160,6,https://pemilu2019.kpu.go.id/img/c/900/012/900012837/6068-4-C-XXX-X5.jpg,https://pemilu2019.kpu.go.id/img/c/900/012/900012837/6068-4-C-XXX-X6.jpg
1592060456068900012838,ACEH,BENER MERIAH,BANDAR,BAHGIE BERTONA,TPS 5,2019-10-24 23:00:05,47,127,187,176,176,174,2,https://pemilu2019.kpu.go.id/img/c/900/012/900012838/6068-5-C-XXX-X5.jpg,https://pemilu2019.kpu.go.id/img/c/900/012/900012838/6068-5-C-XXX-X6.jpg
1592060456061900012815,ACEH,BENER MERIAH,BANDAR,BATHIN BARU,TPS 1,2019-10-24 23:00:05,62,140,224,205,205,202,3,https://pemilu2019.kpu.go.id/img/c/900/012/900012815/1-6061-1-C1-PPWP-X1.jpg,https://pemilu2019.kpu.go.id/img/c/900/012/900012815/1-6061-1-C1-PPWP-X2.jpg
1592060456061900012816,ACEH,BENER MERIAH,BANDAR,BATHIN BARU,TPS 2,2019-10-24 23:00:05,58,135,214,196,196,193,3,https://pemilu2019.kpu.go.id/img/c/900/012/900012816/1-6061-2-C1-PPWP-X3.jpg,https://pemilu2019.kpu.go.id/img/c/900/012/900012816/1-6061-2-C1-PPWP-X4.jpg
1592060456076900012851,ACEH,BENER MERIAH,BANDAR,BERANUN TELEDEN,TPS 1,2019-10-24 23:00:05,81,117,221,201,201,198,3,https://pemilu2019.kpu.go.id/img/c/900/012/900012851/6076-1-C-XXX-X5.jpg,https://pemilu2019.kpu.go.id/img/c/900/012/900012851/6076-1-C-XXX-X6.jpg
1592060456048900012782,ACEH,BENER MERIAH,BANDAR,BLANG PULO,TPS 1,2019-10-24 23:00:05,79,135,218,214,214,214,0,https://pemilu2019.kpu.go.id/img/c/900/012/900012782/6048-1-C-XXX-X5.jpg,https://pemilu2019.kpu.go.id/img/c/900/012/900012782/6048-1-C-XXX-X6.jpg
1592060456048900012783,ACEH,BENER MERIAH,BANDAR,BLANG PULO,TPS 2,2019-10-24 23:00:05,87,114,219,203,203,201,2,https://pemilu2019.kpu.go.id/img/c/900/012/900012783/6048-2-C-XXX-X5.jpg,https://pemilu2019.kpu.go.id/img/c/900/012/900012783/6048-2-C-XXX-X6.jpg
1592060456053900012795,ACEH,BENER MERIAH,BANDAR,BUKIT WIH ILANG,TPS 1,2019-10-24 23:00:05,30,95,146,126,126,125,1,https://pemilu2019.kpu.go.id/img/c/900/012/900012795/2-6053-1-C1-PPWP-X1.jpg,https://pemilu2019.kpu.go.id/img/c/900/012/900012795/2-6053-1-C1-PPWP-X2.jpg
1592060456053900012796,ACEH,BENER MERIAH,BANDAR,BUKIT WIH ILANG,TPS 2,2019-10-24 23:00:05,39,82,140,123,123,121,2,https://pemilu2019.kpu.go.id/img/c/900/012/900012796/1-6053-2-C1-PPWP-X3.jpg,https://pemilu2019.kpu.go.id/img/c/900/012/900012796/1-6053-2-C1-PPWP-X4.jpg
1592060456074900012847,ACEH,BENER MERIAH,BANDAR,GELE SEMAYANG,TPS 1,2019-10-24 23:00:05,60,147,209,207,207,207,0,https://pemilu2019.kpu.go.id/img/c/900/012/900012847/6074-1-C-XXX-X5.jpg,https://pemilu2019.kpu.go.id/img/c/900/012/900012847/6074-1-C-XXX-X6.jpg
1592060456073900012845,ACEH,BENER MERIAH,BANDAR,GUNUNG ANTARA,TPS 1,2019-10-24 23:00:05,57,97,162,157,157,154,3,https://pemilu2019.kpu.go.id/img/c/900/012/900012845/1-6073-1-C1-PPWP-X1.jpg,https://pemilu2019.kpu.go.id/img/c/900/012/900012845/1-6073-1-C1-PPWP-X2.jpg
1592060456073900012846,ACEH,BENER MERIAH,BANDAR,GUNUNG ANTARA,TPS 2,2019-10-24 23:00:05,54,89,154,143,143,143,0,https://pemilu2019.kpu.go.id/img/c/900/012/900012846/6073-2-C-XXX-X5.jpg,https://pemilu2019.kpu.go.id/img/c/900/012/900012846/6073-2-C-XXX-X6.jpg
1592060456051900012790,ACEH,BENER MERIAH,BANDAR,HAKIM WIH ILANG,TPS 1,2019-10-24 23:00:05,54,159,241,217,217,213,4,https://pemilu2019.kpu.go.id/img/c/900/012/900012790/1-6051-1-C1-PPWP-X1.jpg,https://pemilu2019.kpu.go.id/img/c/900/012/900012790/1-6051-1-C1-PPWP-X2.jpg
1592060456051900012791,ACEH,BENER MERIAH,BANDAR,HAKIM WIH ILANG,TPS 2,2019-10-24 23:00:05,72,137,244,216,216,209,7,https://pemilu2019.kpu.go.id/img/c/900/012/900012791/2-6051-2-C1-PPWP-X3.jpg,https://pemilu2019.kpu.go.id/img/c/900/012/900012791/2-6051-2-C1-PPWP-X4.jpg
1592060456051900012792,ACEH,BENER MERIAH,BANDAR,HAKIM WIH ILANG,TPS 3,2019-10-24 23:00:05,61,158,260,225,225,219,6,https://pemilu2019.kpu.go.id/img/c/900/012/900012792/2-6051-3-C1-PPWP-X5.jpg,https://pemilu2019.kpu.go.id/img/c/900/012/900012792/2-6051-3-C1-PPWP-X6.jpg
1592060456070900012841,ACEH,BENER MERIAH,BANDAR,JADI SEPAKAT,TPS 1,2019-10-24 23:00:05,93,72,186,169,169,165,4,https://pemilu2019.kpu.go.id/img/c/900/012/900012841/1-6070-1-C-XXX-X5.jpg,https://pemilu2019.kpu.go.id/img/c/900/012/900012841/1-6070-1-C-XXX-X6.jpg
1592060456070900012842,ACEH,BENER MERIAH,BANDAR,JADI SEPAKAT,TPS 2,2019-10-24 23:00:05,89,77,187,172,172,166,6,https://pemilu2019.kpu.go.id/img/c/900/012/900012842/1-6070-2-C1-PPWP-X1.jpg,https://pemilu2019.kpu.go.id/img/c/900/012/900012842/1-6070-2-C1-PPWP-X2.jpg
1592060456060900012812,ACEH,BENER MERIAH,BANDAR,JANA RATA,TPS 1,2019-10-24 23:00:05,80,91,197,173,173,171,2,https://pemilu2019.kpu.go.id/img/c/900/012/900012812/6060-1-C-XXX-X5.jpg,https://pemilu2019.kpu.go.id/img/c/900/012/900012812/6060-1-C-XXX-X6.jpg
1592060456060900012813,ACEH,BENER MERIAH,BANDAR,JANA RATA,TPS 2,2019-10-24 23:00:05,52,104,193,162,162,156,6,https://pemilu2019.kpu.go.id/img/c/900/012/900012813/6060-2-C-XXX-X5.jpg,https://pemilu2019.kpu.go.id/img/c/900/012/900012813/6060-2-C-XXX-X6.jpg
1592060456060900012814,ACEH,BENER MERIAH,BANDAR,JANA RATA,TPS 3,2019-10-24 23:00:05,57,102,198,163,163,159,4,https://pemilu2019.kpu.go.id/img/c/900/012/900012814/6060-3-C-XXX-X5.jpg,https://pemilu2019.kpu.go.id/img/c/900/012/900012814/6060-3-C-XXX-X6.jpg
1592060456072900012844,ACEH,BENER MERIAH,BANDAR,KALA NEMPAN,TPS 1,2019-10-24 23:00:05,94,48,150,144,144,142,2,https://pemilu2019.kpu.go.id/img/c/900/012/900012844/6072-1-C-XXX-X5.jpg,https://pemilu2019.kpu.go.id/img/c/900/012/900012844/6072-1-C-XXX-X6.jpg
1592060456063900012818,ACEH,BENER MERIAH,BANDAR,KERAMAT JAYA,TPS 1,2019-10-24 23:00:05,77,94,211,180,180,180,9,https://pemilu2019.kpu.go.id/img/c/900/012/900012818/1-6063-1-C1-PPWP-X1.jpg,https://pemilu2019.kpu.go.id/img/c/900/012/900012818/1-6063-1-C1-PPWP-X2.jpg
1592060456063900012819,ACEH,BENER MERIAH,BANDAR,KERAMAT JAYA,TPS 2,2019-10-24 23:00:05,75,119,217,195,195,194,1,https://pemilu2019.kpu.go.id/img/c/900/012/900012819/1-6063-2-C1-PPWP-X3.jpg,https://pemilu2019.kpu.go.id/img/c/900/012/900012819/1-6063-2-C1-PPWP-X4.jpg
1592060456052900012793,ACEH,BENER MERIAH,BANDAR,LEWA JADI,TPS 1,2019-10-24 23:00:05,83,122,215,208,208,205,3,https://pemilu2019.kpu.go.id/img/c/900/012/900012793/2-6052-1-C-XXX-X5.jpg,https://pemilu2019.kpu.go.id/img/c/900/012/900012793/2-6052-1-C-XXX-X6.jpg
1592060456052900012794,ACEH,BENER MERIAH,BANDAR,LEWA JADI,TPS 2,2019-10-24 23:00:05,56,132,206,194,194,188,6,https://pemilu2019.kpu.go.id/img/c/900/012/900012794/1-6052-2-C-XXX-X5.jpg,https://pemilu2019.kpu.go.id/img/c/900/012/900012794/1-6052-2-C-XXX-X6.jpg
1592060456079900012856,ACEH,BENER MERIAH,BANDAR,MAKMUR SENTOSA,TPS 1,2019-10-24 23:00:05,43,143,218,187,187,186,1,https://pemilu2019.kpu.go.id/img/c/900/012/900012856/1-6079-1-C1-PPWP-X1.jpg,https://pemilu2019.kpu.go.id/img/c/900/012/900012856/1-6079-1-C1-PPWP-X2.jpg
1592060456079900012857,ACEH,BENER MERIAH,BANDAR,MAKMUR SENTOSA,TPS 2,2019-10-24 23:00:05,42,137,194,180,180,179,2,https://pemilu2019.kpu.go.id/img/c/900/012/900012857/1-6079-2-C1-PPWP-X3.jpg,https://pemilu2019.kpu.go.id/img/c/900/012/900012857/1-6079-2-C1-PPWP-X4.jpg
1592060456079900012858,ACEH,BENER MERIAH,BANDAR,MAKMUR SENTOSA,TPS 3,2019-10-24 23:00:05,39,148,211,191,191,187,4,https://pemilu2019.kpu.go.id/img/c/900/012/900012858/1-6079-3-C1-PPWP-X5.jpg,https://pemilu2019.kpu.go.id/img/c/900/012/900012858/1-6079-3-C1-PPWP-X6.jpg
1592060456077900012852,ACEH,BENER MERIAH,BANDAR,MUTIARA,TPS 1,2019-10-24 23:00:05,47,169,265,219,219,216,3,https://pemilu2019.kpu.go.id/img/c/900/012/900012852/1-6077-1-C-XXX-X5.jpg,https://pemilu2019.kpu.go.id/img/c/900/012/900012852/1-6077-1-C-XXX-X6.jpg
1592060456077900012853,ACEH,BENER MERIAH,BANDAR,MUTIARA,TPS 2,2019-10-24 23:00:05,45,163,249,212,212,208,4,https://pemilu2019.kpu.go.id/img/c/900/012/900012853/1-6077-2-C-XXX-X5.jpg,https://pemilu2019.kpu.go.id/img/c/900/012/900012853/1-6077-2-C-XXX-X6.jpg
1592060456077900012854,ACEH,BENER MERIAH,BANDAR,MUTIARA,TPS 3,2019-10-24 23:00:05,40,173,262,216,216,213,3,https://pemilu2019.kpu.go.id/img/c/900/012/900012854/1-6077-3-C-XXX-X5.jpg,https://pemilu2019.kpu.go.id/img/c/900/012/900012854/1-6077-3-C-XXX-X6.jpg
1592060456062900012817,ACEH,BENER MERIAH,BANDAR,MUYANG KUTE MANGKU,TPS 1,2019-10-24 23:00:05,158,57,218,218,218,215,3,https://pemilu2019.kpu.go.id/img/c/900/012/900012817/6062-1-C-XXX-X5.jpg,https://pemilu2019.kpu.go.id/img/c/900/012/900012817/6062-1-C-XXX-X6.jpg
1592060456065900012824,ACEH,BENER MERIAH,BANDAR,PAKAT JEROH,TPS 1,2019-10-24 23:00:05,143,93,263,239,239,236,3,https://pemilu2019.kpu.go.id/img/c/900/012/900012824/6065-1-C-XXX-X5.jpg,https://pemilu2019.kpu.go.id/img/c/900/012/900012824/6065-1-C-XXX-X6.jpg
1592060456047900012781,ACEH,BENER MERIAH,BANDAR,PAYA BANING,TPS 1,2019-10-24 23:00:05,176,59,257,238,238,235,3,https://pemilu2019.kpu.go.id/img/c/900/012/900012781/6047-1-C-XXX-X5.jpg,https://pemilu2019.kpu.go.id/img/c/900/012/900012781/6047-1-C-XXX-X6.jpg
1592060456049900012784,ACEH,BENER MERIAH,BANDAR,PETUKEL BLANG JORONG,TPS 1,2019-10-24 23:00:05,110,86,240,205,205,196,9,https://pemilu2019.kpu.go.id/img/c/900/012/900012784/1-6049-1-C1-PPWP-X1.jpg,https://pemilu2019.kpu.go.id/img/c/900/012/900012784/1-6049-1-C1-PPWP-X2.jpg
1592060456049900012785,ACEH,BENER MERIAH,BANDAR,PETUKEL BLANG JORONG,TPS 2,2019-10-24 23:00:05,108,90,226,200,200,198,2,https://pemilu2019.kpu.go.id/img/c/900/012/900012785/1-6049-2-C-XXX-X5.jpg,https://pemilu2019.kpu.go.id/img/c/900/012/900012785/1-6049-2-C-XXX-X6.jpg
1592060456049900012786,ACEH,BENER MERIAH,BANDAR,PETUKEL BLANG JORONG,TPS 3,2019-10-24 23:00:05,106,89,223,198,198,195,3,https://pemilu2019.kpu.go.id/img/c/900/012/900012786/1-6049-3-C1-PPWP-X1.jpg,https://pemilu2019.kpu.go.id/img/c/900/012/900012786/1-6049-3-C1-PPWP-X2.jpg
1592060456049900012787,ACEH,BENER MERIAH,BANDAR,PETUKEL BLANG JORONG,TPS 4,2019-10-24 23:00:05,118,87,220,207,207,205,2,https://pemilu2019.kpu.go.id/img/c/900/012/900012787/2-6049-4-C-XXX-X5.jpg,https://pemilu2019.kpu.go.id/img/c/900/012/900012787/2-6049-4-C-XXX-X6.jpg
1592060456067900012829,ACEH,BENER MERIAH,BANDAR,PONDOK BARU,TPS 1,2019-10-24 23:00:05,45,150,270,208,208,195,13,https://pemilu2019.kpu.go.id/img/c/900/012/900012829/2-6067-1-C1-PPWP-X1.jpg,https://pemilu2019.kpu.go.id/img/c/900/012/900012829/2-6067-1-C1-PPWP-X2.jpg
1592060456067900012830,ACEH,BENER MERIAH,BANDAR,PONDOK BARU,TPS 2,2019-10-24 23:00:05,30,157,261,189,189,187,2,https://pemilu2019.kpu.go.id/img/c/900/012/900012830/1-6067-2-C1-PPWP-X3.jpg,https://pemilu2019.kpu.go.id/img/c/900/012/900012830/1-6067-2-C1-PPWP-X4.jpg
1592060456067900012831,ACEH,BENER MERIAH,BANDAR,PONDOK BARU,TPS 3,2019-10-24 23:00:05,39,145,267,186,186,184,2,https://pemilu2019.kpu.go.id/img/c/900/012/900012831/1-6067-3-C1-PPWP-X5.jpg,https://pemilu2019.kpu.go.id/img/c/900/012/900012831/1-6067-3-C1-PPWP-X6.jpg
1592060456067900012832,ACEH,BENER MERIAH,BANDAR,PONDOK BARU,TPS 4,2019-10-24 23:00:05,29,137,254,170,170,166,4,https://pemilu2019.kpu.go.id/img/c/900/012/900012832/2-6067-4-C1-PPWP-X7.jpg,https://pemilu2019.kpu.go.id/img/c/900/012/900012832/2-6067-4-C1-PPWP-X8.jpg
1592060456067900012833,ACEH,BENER MERIAH,BANDAR,PONDOK BARU,TPS 5,2019-10-24 23:00:05,45,137,259,185,185,182,3,https://pemilu2019.kpu.go.id/img/c/900/012/900012833/1-6067-5-C1-PPWP-X9.jpg,https://pemilu2019.kpu.go.id/img/c/900/012/900012833/1-6067-5-C1-PPWP-X10.jpg
1592060456055900012798,ACEH,BENER MERIAH,BANDAR,PONDOK GAJAH,TPS 1,2019-10-24 23:00:05,56,130,221,189,189,186,3,https://pemilu2019.kpu.go.id/img/c/900/012/900012798/6055-1-C-XXX-X5.jpg,https://pemilu2019.kpu.go.id/img/c/900/012/900012798/6055-1-C-XXX-X6.jpg
1592060456055900012799,ACEH,BENER MERIAH,BANDAR,PONDOK GAJAH,TPS 2,2019-10-24 23:00:05,35,183,238,221,221,218,3,https://pemilu2019.kpu.go.id/img/c/900/012/900012799/6055-2-C-XXX-X5.jpg,https://pemilu2019.kpu.go.id/img/c/900/012/900012799/6055-2-C-XXX-X6.jpg
1592060456055900012800,ACEH,BENER MERIAH,BANDAR,PONDOK GAJAH,TPS 3,2019-10-24 23:00:05,36,173,236,212,212,209,3,https://pemilu2019.kpu.go.id/img/c/900/012/900012800/6055-3-C-XXX-X5.jpg,https://pemilu2019.kpu.go.id/img/c/900/012/900012800/6055-3-C-XXX-X6.jpg
1592060456055900012801,ACEH,BENER MERIAH,BANDAR,PONDOK GAJAH,TPS 4,2019-10-24 23:00:05,48,170,253,225,225,218,7,https://pemilu2019.kpu.go.id/img/c/900/012/900012801/6055-4-C-XXX-X5.jpg,https://pemilu2019.kpu.go.id/img/c/900/012/900012801/6055-4-C-XXX-X6.jpg
1592060456059900012810,ACEH,BENER MERIAH,BANDAR,PONDOK ULUNG,TPS 1,2019-10-24 23:00:05,96,167,292,269,269,263,6,https://pemilu2019.kpu.go.id/img/c/900/012/900012810/1-6059-1-C1-PPWP-X1.jpg,https://pemilu2019.kpu.go.id/img/c/900/012/900012810/1-6059-1-C1-PPWP-X2.jpg
1592060456059900012811,ACEH,BENER MERIAH,BANDAR,PONDOK ULUNG,TPS 2,2019-10-24 23:00:05,92,147,277,243,243,239,4,https://pemilu2019.kpu.go.id/img/c/900/012/900012811/2-6059-2-C1-PPWP-X3.jpg,https://pemilu2019.kpu.go.id/img/c/900/012/900012811/2-6059-2-C1-PPWP-X4.jpg
1592060456066900012825,ACEH,BENER MERIAH,BANDAR,PUJA MULIA,TPS 1,2019-10-24 23:00:05,54,166,274,223,223,220,3,https://pemilu2019.kpu.go.id/img/c/900/012/900012825/6066-1-C-XXX-X5.jpg,https://pemilu2019.kpu.go.id/img/c/900/012/900012825/6066-1-C-XXX-X6.jpg
1592060456066900012826,ACEH,BENER MERIAH,BANDAR,PUJA MULIA,TPS 2,2019-10-24 23:00:05,66,137,238,204,204,203,1,https://pemilu2019.kpu.go.id/img/c/900/012/900012826/6066-2-C-XXX-X5.jpg,https://pemilu2019.kpu.go.id/img/c/900/012/900012826/6066-2-C-XXX-X6.jpg
1592060456066900012827,ACEH,BENER MERIAH,BANDAR,PUJA MULIA,TPS 3,2019-10-24 23:00:05,37,178,268,220,220,215,5,https://pemilu2019.kpu.go.id/img/c/900/012/900012827/6066-3-C-XXX-X5.jpg,https://pemilu2019.kpu.go.id/img/c/900/012/900012827/6066-3-C-XXX-X6.jpg
1592060456066900012828,ACEH,BENER MERIAH,BANDAR,PUJA MULIA,TPS 4,2019-10-24 23:00:05,35,170,259,214,214,205,9,https://pemilu2019.kpu.go.id/img/c/900/012/900012828/6066-4-C-XXX-X5.jpg,https://pemilu2019.kpu.go.id/img/c/900/012/900012828/6066-4-C-XXX-X6.jpg
1592060456056900012802,ACEH,BENER MERIAH,BANDAR,PURWOSARI,TPS 1,2019-10-24 23:00:05,52,157,233,212,212,209,3,https://pemilu2019.kpu.go.id/img/c/900/012/900012802/1-6056-1-C-XXX-X5.jpg,https://pemilu2019.kpu.go.id/img/c/900/012/900012802/1-6056-1-C-XXX-X6.jpg
1592060456056900012803,ACEH,BENER MERIAH,BANDAR,PURWOSARI,TPS 2,2019-10-24 23:00:05,67,136,226,205,205,203,2,https://pemilu2019.kpu.go.id/img/c/900/012/900012803/1-6056-2-C-XXX-X5.jpg,https://pemilu2019.kpu.go.id/img/c/900/012/900012803/1-6056-2-C-XXX-X6.jpg
1592060456056900012804,ACEH,BENER MERIAH,BANDAR,PURWOSARI,TPS 3,2019-10-24 23:00:05,69,148,242,225,225,217,8,https://pemilu2019.kpu.go.id/img/c/900/012/900012804/1-6056-3-C-XXX-X5.jpg,https://pemilu2019.kpu.go.id/img/c/900/012/900012804/1-6056-3-C-XXX-X6.jpg
1592060456056900012805,ACEH,BENER MERIAH,BANDAR,PURWOSARI,TPS 4,2019-10-24 23:00:05,42,170,237,216,216,212,4,https://pemilu2019.kpu.go.id/img/c/900/012/900012805/1-6056-4-C-XXX-X5.jpg,https://pemilu2019.kpu.go.id/img/c/900/012/900012805/1-6056-4-C-XXX-X6.jpg
1592060456078900012855,ACEH,BENER MERIAH,BANDAR,REMANG KETIKE JAYA,TPS 1,2019-10-24 23:00:05,102,138,260,242,242,240,2,https://pemilu2019.kpu.go.id/img/c/900/012/900012855/6078-1-C-XXX-X5.jpg,https://pemilu2019.kpu.go.id/img/c/900/012/900012855/6078-1-C-XXX-X6.jpg
1592060456058900012808,ACEH,BENER MERIAH,BANDAR,SELAMAT REJO,TPS 1,2019-10-24 23:00:05,113,68,192,189,189,181,8,https://pemilu2019.kpu.go.id/img/c/900/012/900012808/6058-1-C-XXX-X5.jpg,https://pemilu2019.kpu.go.id/img/c/900/012/900012808/6058-1-C-XXX-X6.jpg
1592060456058900012809,ACEH,BENER MERIAH,BANDAR,SELAMAT REJO,TPS 2,2019-10-24 23:00:05,117,56,189,180,180,173,7,https://pemilu2019.kpu.go.id/img/c/900/012/900012809/6058-2-C-XXX-X5.jpg,https://pemilu2019.kpu.go.id/img/c/900/012/900012809/6058-2-C-XXX-X6.jpg
1592060456071900012843,ACEH,BENER MERIAH,BANDAR,SELISIH MARA,TPS 1,2019-10-24 23:00:05,90,132,237,223,223,222,1,https://pemilu2019.kpu.go.id/img/c/900/012/900012843/6071-1-C-XXX-X5.jpg,https://pemilu2019.kpu.go.id/img/c/900/012/900012843/6071-1-C-XXX-X6.jpg
1592060456057900012806,ACEH,BENER MERIAH,BANDAR,SIDODADI,TPS 1,2019-10-24 23:00:05,129,103,241,234,234,232,2,https://pemilu2019.kpu.go.id/img/c/900/012/900012806/6057-1-C-XXX-X5.jpg,https://pemilu2019.kpu.go.id/img/c/900/012/900012806/6057-1-C-XXX-X6.jpg
1592060456057900012807,ACEH,BENER MERIAH,BANDAR,SIDODADI,TPS 2,2019-10-24 23:00:05,113,113,239,227,227,226,1,https://pemilu2019.kpu.go.id/img/c/900/012/900012807/6057-2-C-XXX-X5.jpg,https://pemilu2019.kpu.go.id/img/c/900/012/900012807/6057-2-C-XXX-X6.jpg
1592060456064900012820,ACEH,BENER MERIAH,BANDAR,SIMPANG UTAMA,TPS 1,2019-10-24 23:00:05,80,125,243,208,208,205,3,https://pemilu2019.kpu.go.id/img/c/900/012/900012820/1-6064-1-C1-PPWP-X1.jpg,https://pemilu2019.kpu.go.id/img/c/900/012/900012820/1-6064-1-C1-PPWP-X2.jpg
1592060456064900012821,ACEH,BENER MERIAH,BANDAR,SIMPANG UTAMA,TPS 2,2019-10-24 23:00:05,64,140,256,205,205,204,1,https://pemilu2019.kpu.go.id/img/c/900/012/900012821/1-6064-2-C1-PPWP-X1.jpg,https://pemilu2019.kpu.go.id/img/c/900/012/900012821/1-6064-2-C1-PPWP-X2.jpg
1592060456064900012822,ACEH,BENER MERIAH,BANDAR,SIMPANG UTAMA,TPS 3,2019-10-24 23:00:05,64,145,238,214,214,209,5,https://pemilu2019.kpu.go.id/img/c/900/012/900012822/1-6064-3-C1-PPWP-X3.jpg,https://pemilu2019.kpu.go.id/img/c/900/012/900012822/1-6064-3-C1-PPWP-X4.jpg
1592060456064900012823,ACEH,BENER MERIAH,BANDAR,SIMPANG UTAMA,TPS 4,2019-10-24 23:00:05,53,140,229,195,195,193,2,https://pemilu2019.kpu.go.id/img/c/900/012/900012823/1-6064-4-C1-PPWP-X5.jpg,https://pemilu2019.kpu.go.id/img/c/900/012/900012823/1-6064-4-C1-PPWP-X6.jpg
159206045931180900808325,ACEH,BENER MERIAH,BANDAR,SINAR JAYA PAYA RINGKEL,TPS 1,2019-10-24 23:00:05,67,138,214,206,206,205,1,https://pemilu2019.kpu.go.id/img/c/900/808/900808325/931180-1-C-XXX-X5.jpg,https://pemilu2019.kpu.go.id/img/c/900/808/900808325/931180-1-C-XXX-X6.jpg
1592060456054900012797,ACEH,BENER MERIAH,BANDAR,SUKU WIH ILANG,TPS 1,2019-10-24 23:00:05,64,134,233,202,202,198,4,https://pemilu2019.kpu.go.id/img/c/900/012/900012797/6054-1-C-XXX-X5.jpg,https://pemilu2019.kpu.go.id/img/c/900/012/900012797/6054-1-C-XXX-X6.jpg
1592060456050900012788,ACEH,BENER MERIAH,BANDAR,TANJUNG PURA,TPS 1,2019-10-24 23:00:05,96,104,227,205,205,200,5,https://pemilu2019.kpu.go.id/img/c/900/012/900012788/1-6050-1-C1-PPWP-01.jpg,https://pemilu2019.kpu.go.id/img/c/900/012/900012788/1-6050-1-C1-PPWP-02.jpg
1592060456050900012789,ACEH,BENER MERIAH,BANDAR,TANJUNG PURA,TPS 2,2019-10-24 23:00:05,103,100,214,205,205,203,2,https://pemilu2019.kpu.go.id/img/c/900/012/900012789/1-6050-2-C1-PPWP-X1.jpg,https://pemilu2019.kpu.go.id/img/c/900/012/900012789/1-6050-2-C1-PPWP-X2.jpg
1592060456069900012839,ACEH,BENER MERIAH,BANDAR,TANSARAN BIDIN,TPS 1,2019-10-24 23:00:05,81,62,153,148,148,143,5,https://pemilu2019.kpu.go.id/img/c/900/012/900012839/1-6069-1-C1-PPWP-X1.jpg,https://pemilu2019.kpu.go.id/img/c/900/012/900012839/1-6069-1-C1-PPWP-X2.jpg
1592060456069900012840,ACEH,BENER MERIAH,BANDAR,TANSARAN BIDIN,TPS 2,2019-10-24 23:00:05,107,55,179,166,166,162,4,https://pemilu2019.kpu.go.id/img/c/900/012/900012840/1-6069-2-C1-PPWP-X3.jpg,https://pemilu2019.kpu.go.id/img/c/900/012/900012840/1-6069-2-C1-PPWP-X4.jpg
1592060456075900012848,ACEH,BENER MERIAH,BANDAR,TAWAR SEDENGE,TPS 1,2019-10-24 23:00:05,79,151,276,234,234,230,4,https://pemilu2019.kpu.go.id/img/c/900/012/900012848/1-6075-1-C1-PPWP-X1.jpg,https://pemilu2019.kpu.go.id/img/c/900/012/900012848/1-6075-1-C1-PPWP-X2.jpg
1592060456075900012849,ACEH,BENER MERIAH,BANDAR,TAWAR SEDENGE,TPS 2,2019-10-24 23:00:05,107,122,272,232,232,229,3,https://pemilu2019.kpu.go.id/img/c/900/012/900012849/1-6075-2-C1-PPWP-X1.jpg,https://pemilu2019.kpu.go.id/img/c/900/012/900012849/1-6075-2-C1-PPWP-X2.jpg
1592060456075900012850,ACEH,BENER MERIAH,BANDAR,TAWAR SEDENGE,TPS 3,2019-10-24 23:00:05,81,148,274,232,232,229,3,https://pemilu2019.kpu.go.id/img/c/900/012/900012850/1-6075-3-C1-PPWP-X3.jpg,https://pemilu2019.kpu.go.id/img/c/900/012/900012850/1-6075-3-C1-PPWP-X4.jpg
1592060456046900012779,ACEH,BENER MERIAH,BANDAR,WONOSARI,TPS 1,2019-10-24 23:00:05,123,112,255,242,242,235,7,https://pemilu2019.kpu.go.id/img/c/900/012/900012779/6046-1-C-XXX-X5.jpg,https://pemilu2019.kpu.go.id/img/c/900/012/900012779/6046-1-C-XXX-X6.jpg
1592060456046900012780,ACEH,BENER MERIAH,BANDAR,WONOSARI,TPS 2,2019-10-24 23:00:05,101,135,255,242,242,236,6,https://pemilu2019.kpu.go.id/img/c/900/012/900012780/6046-2-C-XXX-X5.jpg,https://pemilu2019.kpu.go.id/img/c/900/012/900012780/6046-2-C-XXX-X6.jpg
1592061266127900012928,ACEH,BENER MERIAH,BENER KELIPAH,BANDAR JAYA,TPS 1,2019-10-24 23:00:05,128,77,223,210,210,205,5,https://pemilu2019.kpu.go.id/img/c/900/012/900012928/1-6127-1-C1-PPWP-X1.jpg,https://pemilu2019.kpu.go.id/img/c/900/012/900012928/1-6127-1-C1-PPWP-X2.jpg
1592061266132900012933,ACEH,BENER MERIAH,BENER KELIPAH,BENER KELIPAH SELATAN,TPS 1,2019-10-24 23:00:05,58,208,293,273,273,266,7,https://pemilu2019.kpu.go.id/img/c/900/012/900012933/6132-1-C1-PPWP-X1.jpg,https://pemilu2019.kpu.go.id/img/c/900/012/900012933/6132-1-C1-PPWP-X2.jpg
1592061266135900012936,ACEH,BENER MERIAH,BENER KELIPAH,BENER KELIPAH UTARA,TPS 1,2019-10-24 23:00:05,86,99,207,197,197,185,12,https://pemilu2019.kpu.go.id/img/c/900/012/900012936/1-6135-1-C1-PPWP-X1.jpg,https://pemilu2019.kpu.go.id/img/c/900/012/900012936/1-6135-1-C1-PPWP-X2.jpg
1592061266135900012937,ACEH,BENER MERIAH,BENER KELIPAH,BENER KELIPAH UTARA,TPS 2,2019-10-24 23:00:05,81,102,205,191,191,183,8,https://pemilu2019.kpu.go.id/img/c/900/012/900012937/1-6135-2-C1-PPWP-X1.jpg,https://pemilu2019.kpu.go.id/img/c/900/012/900012937/1-6135-2-C1-PPWP-X2.jpg
1592061266135900012938,ACEH,BENER MERIAH,BENER KELIPAH,BENER KELIPAH UTARA,TPS 3,2019-10-24 23:00:05,86,115,219,205,205,201,4,https://pemilu2019.kpu.go.id/img/c/900/012/900012938/1-6135-3-C1-PPWP-X3.jpg,https://pemilu2019.kpu.go.id/img/c/900/012/900012938/1-6135-3-C1-PPWP-X4.jpg
1592061266130900012931,ACEH,BENER MERIAH,BENER KELIPAH,BENER LUKUP II,TPS 1,2019-10-24 23:00:05,28,61,98,91,91,89,2,https://pemilu2019.kpu.go.id/img/c/900/012/900012931/6130-1-C1-PPWP-X1.jpg,https://pemilu2019.kpu.go.id/img/c/900/012/900012931/6130-1-C1-PPWP-X2.jpg
1592061266133900012934,ACEH,BENER MERIAH,BENER KELIPAH,BINTANG MUSARA,TPS 1,2019-10-24 23:00:05,84,144,251,231,231,228,3,https://pemilu2019.kpu.go.id/img/c/900/012/900012934/6133-1-C1-PPWP-X1.jpg,https://pemilu2019.kpu.go.id/img/c/900/012/900012934/6133-1-C1-PPWP-X2.jpg
1592061266131900012932,ACEH,BENER MERIAH,BENER KELIPAH,GUNUNG MUSARA,TPS 1,2019-10-24 23:00:05,70,149,238,225,225,219,6,https://pemilu2019.kpu.go.id/img/c/900/012/900012932/6131-1-C-XXX-X5.jpg,https://pemilu2019.kpu.go.id/img/c/900/012/900012932/6131-1-C-XXX-X6.jpg
1592061266128900012929,ACEH,BENER MERIAH,BENER KELIPAH,JONGOK MELUEM,TPS 1,2019-10-24 23:00:05,80,90,186,176,176,170,6,https://pemilu2019.kpu.go.id/img/c/900/012/900012929/1-6128-1-C1-PPWP-X1.jpg,https://pemilu2019.kpu.go.id/img/c/900/012/900012929/1-6128-1-C1-PPWP-X2.jpg
1592061266134900012935,ACEH,BENER MERIAH,BENER KELIPAH,KALA TENANG,TPS 1,2019-10-24 23:00:05,82,92,191,182,182,174,8,https://pemilu2019.kpu.go.id/img/c/900/012/900012935/6134-1-C-XXX-X5.jpg,https://pemilu2019.kpu.go.id/img/c/900/012/900012935/6134-1-C-XXX-X6.jpg
1592061266136900012939,ACEH,BENER MERIAH,BENER KELIPAH,LOT BENER KELIPAH,TPS 1,2019-10-24 23:00:05,88,148,282,248,248,236,12,https://pemilu2019.kpu.go.id/img/c/900/012/900012939/2-6136-1-C1-PPWP-X1.jpg,https://pemilu2019.kpu.go.id/img/c/900/012/900012939/2-6136-1-C1-PPWP-X2.jpg
1592061266136900012940,ACEH,BENER MERIAH,BENER KELIPAH,LOT BENER KELIPAH,TPS 2,2019-10-24 23:00:05,73,165,282,240,240,238,2,https://pemilu2019.kpu.go.id/img/c/900/012/900012940/1-6136-2-C1-PPWP-X3.jpg,https://pemilu2019.kpu.go.id/img/c/900/012/900012940/1-6136-2-C1-PPWP-X4.jpg
1592061266138900012942,ACEH,BENER MERIAH,BENER KELIPAH,NOSAR BARU,TPS 1,2019-10-24 23:00:05,118,50,177,168,168,168,0,https://pemilu2019.kpu.go.id/img/c/900/012/900012942/1-6138-1-C1-PPWP-X1.jpg,https://pemilu2019.kpu.go.id/img/c/900/012/900012942/1-6138-1-C1-PPWP-X2.jpg
1592061266137900012941,ACEH,BENER MERIAH,BENER KELIPAH,NOSAR TAWAR JAYA,TPS 1,2019-10-24 23:00:05,78,75,168,154,154,153,1,https://pemilu2019.kpu.go.id/img/c/900/012/900012941/1-6137-1-C1-PPWP-X1.jpg,https://pemilu2019.kpu.go.id/img/c/900/012/900012941/1-6137-1-C1-PPWP-X2.jpg
1592061266129900012930,ACEH,BENER MERIAH,BENER KELIPAH,SUKU BENER,TPS 1,2019-10-24 23:00:05,64,111,187,176,176,175,1,https://pemilu2019.kpu.go.id/img/c/900/012/900012930/1-6129-1-C1-PPWP-X1.jpg,https://pemilu2019.kpu.go.id/img/c/900/012/900012930/1-6129-1-C1-PPWP-X2.jpg
1592059766013900012714,ACEH,BENER MERIAH,BUKIT,BABUSSALAM,TPS 1,2019-10-24 23:00:05,95,159,296,296,256,254,2,https://pemilu2019.kpu.go.id/img/c/900/012/900012714/6013-1-C-XXX-X5.jpg,https://pemilu2019.kpu.go.id/img/c/900/012/900012714/6013-1-C-XXX-X6.jpg
1592059765997900012686,ACEH,BENER MERIAH,BUKIT,BALE ATU,TPS 1,2019-10-24 23:00:05,76,140,256,222,222,216,6,https://pemilu2019.kpu.go.id/img/c/900/012/900012686/1-5997-1-C1-PPWP-X1.jpg,https://pemilu2019.kpu.go.id/img/c/900/012/900012686/1-5997-1-C1-PPWP-X2.jpg
1592059765997900012687,ACEH,BENER MERIAH,BUKIT,BALE ATU,TPS 2,2019-10-24 23:00:05,123,97,243,224,224,220,4,https://pemilu2019.kpu.go.id/img/c/900/012/900012687/1-5997-2-C1-PPWP-X3.jpg,https://pemilu2019.kpu.go.id/img/c/900/012/900012687/1-5997-2-C1-PPWP-X4.jpg
1592059765997900012688,ACEH,BENER MERIAH,BUKIT,BALE ATU,TPS 3,2019-10-24 23:00:05,72,135,241,211,210,207,3,https://pemilu2019.kpu.go.id/img/c/900/012/900012688/1-5997-3-C1-PPWP-X5.jpg,https://pemilu2019.kpu.go.id/img/c/900/012/900012688/1-5997-3-C1-PPWP-X6.jpg
1592059765997900012689,ACEH,BENER MERIAH,BUKIT,BALE ATU,TPS 4,2019-10-24 23:00:05,108,116,269,229,229,224,5,https://pemilu2019.kpu.go.id/img/c/900/012/900012689/1-5997-4-C1-PPWP-X7.jpg,https://pemilu2019.kpu.go.id/img/c/900/012/900012689/1-5997-4-C1-PPWP-X8.jpg
1592059765986900012663,ACEH,BENER MERIAH,BUKIT,BALE REDELONG,TPS 1,2019-10-24 23:00:05,131,90,262,223,223,221,2,https://pemilu2019.kpu.go.id/img/c/900/012/900012663/1-5986-1-C1-PPWP-X1.jpg,https://pemilu2019.kpu.go.id/img/c/900/012/900012663/1-5986-1-C1-PPWP-X2.jpg
1592059765986900012664,ACEH,BENER MERIAH,BUKIT,BALE REDELONG,TPS 2,2019-10-24 23:00:05,155,88,271,247,247,243,4,https://pemilu2019.kpu.go.id/img/c/900/012/900012664/1-5986-2-C1-PPWP-X3.jpg,https://pemilu2019.kpu.go.id/img/c/900/012/900012664/1-5986-2-C1-PPWP-X4.jpg
1592059765986900012665,ACEH,BENER MERIAH,BUKIT,BALE REDELONG,TPS 3,2019-10-24 23:00:05,135,96,279,241,241,231,10,https://pemilu2019.kpu.go.id/img/c/900/012/900012665/1-5986-3-C1-PPWP-X5.jpg,https://pemilu2019.kpu.go.id/img/c/900/012/900012665/1-5986-3-C1-PPWP-X6.jpg
1592059765986900012666,ACEH,BENER MERIAH,BUKIT,BALE REDELONG,TPS 4,2019-10-24 23:00:05,123,84,267,217,217,207,10,https://pemilu2019.kpu.go.id/img/c/900/012/900012666/1-5986-4-C1-PPWP-X7.jpg,https://pemilu2019.kpu.go.id/img/c/900/012/900012666/1-5986-4-C1-PPWP-X8.jpg
1592059765999900012691,ACEH,BENER MERIAH,BUKIT,BATIN WIH PONGAS,TPS 1,2019-10-24 23:00:05,91,85,196,180,180,176,4,https://pemilu2019.kpu.go.id/img/c/900/012/900012691/1-5999-1-C1-PPWP-X1.jpg,https://pemilu2019.kpu.go.id/img/c/900/012/900012691/1-5999-1-C1-PPWP-X2.jpg
1592059765999900012692,ACEH,BENER MERIAH,BUKIT,BATIN WIH PONGAS,TPS 2,2019-10-24 23:00:05,92,84,203,182,182,176,6,https://pemilu2019.kpu.go.id/img/c/900/012/900012692/1-5999-2-C1-PPWP-X3.jpg,https://pemilu2019.kpu.go.id/img/c/900/012/900012692/1-5999-2-C1-PPWP-X4.jpg
1592059765990900012674,ACEH,BENER MERIAH,BUKIT,BLANG ARA,TPS 1,2019-10-24 23:00:05,42,113,164,155,155,155,0,https://pemilu2019.kpu.go.id/img/c/900/012/900012674/5990-1-C-XXX-X5.jpg,https://pemilu2019.kpu.go.id/img/c/900/012/900012674/5990-1-C-XXX-X6.jpg
1592059766004900012701,ACEH,BENER MERIAH,BUKIT,BLANG PANAS,TPS 1,2019-10-24 23:00:05,89,81,203,172,172,170,2,https://pemilu2019.kpu.go.id/img/c/900/012/900012701/6004-1-C-XXX-X5.jpg,https://pemilu2019.kpu.go.id/img/c/900/012/900012701/6004-1-C-XXX-X6.jpg
1592059766004900012702,ACEH,BENER MERIAH,BUKIT,BLANG PANAS,TPS 2,2019-10-24 23:00:05,73,102,197,178,178,175,3,https://pemilu2019.kpu.go.id/img/c/900/012/900012702/6004-2-C-XXX-X5.jpg,https://pemilu2019.kpu.go.id/img/c/900/012/900012702/6004-2-C-XXX-X6.jpg
1592059765984900012656,ACEH,BENER MERIAH,BUKIT,BLANG SENTANG,TPS 1,2019-10-24 23:00:05,115,107,248,230,230,222,8,https://pemilu2019.kpu.go.id/img/c/900/012/900012656/1-5984-1-C1-PPWP-X1.jpg,https://pemilu2019.kpu.go.id/img/c/900/012/900012656/1-5984-1-C1-PPWP-X2.jpg
1592059765984900012657,ACEH,BENER MERIAH,BUKIT,BLANG SENTANG,TPS 2,2019-10-24 23:00:05,81,119,230,201,201,200,1,https://pemilu2019.kpu.go.id/img/c/900/012/900012657/2-5984-2-C1-PPWP-X1.jpg,https://pemilu2019.kpu.go.id/img/c/900/012/900012657/2-5984-2-C1-PPWP-X2.jpg
1592059765984900012658,ACEH,BENER MERIAH,BUKIT,BLANG SENTANG,TPS 3,2019-10-24 23:00:05,78,115,226,197,197,193,4,https://pemilu2019.kpu.go.id/img/c/900/012/900012658/2-5984-3-C1-PPWP-X1.jpg,https://pemilu2019.kpu.go.id/img/c/900/012/900012658/2-5984-3-C1-PPWP-X2.jpg
1592059765984900012659,ACEH,BENER MERIAH,BUKIT,BLANG SENTANG,TPS 4,2019-10-24 23:00:05,63,123,231,192,192,186,6,https://pemilu2019.kpu.go.id/img/c/900/012/900012659/1-5984-4-C1-PPWP-X1.jpg,https://pemilu2019.kpu.go.id/img/c/900/012/900012659/1-5984-4-C1-PPWP-X2.jpg
1592059765977900012639,ACEH,BENER MERIAH,BUKIT,BLANG TAMPU,TPS 1,2019-10-24 23:00:05,75,122,212,200,200,197,3,https://pemilu2019.kpu.go.id/img/c/900/012/900012639/5977-1-C-XXX-X5.jpg,https://pemilu2019.kpu.go.id/img/c/900/012/900012639/5977-1-C-XXX-X6.jpg
1592059765977900012640,ACEH,BENER MERIAH,BUKIT,BLANG TAMPU,TPS 2,2019-10-24 23:00:05,57,140,215,199,199,197,2,https://pemilu2019.kpu.go.id/img/c/900/012/900012640/5977-2-C-XXX-X5.jpg,https://pemilu2019.kpu.go.id/img/c/900/012/900012640/5977-2-C-XXX-X6.jpg
1592059765995900012682,ACEH,BENER MERIAH,BUKIT,BUJANG,TPS 1,2019-10-24 23:00:05,90,74,181,165,165,164,1,https://pemilu2019.kpu.go.id/img/c/900/012/900012682/1-5995-1-C1-PPWP-X1.jpg,https://pemilu2019.kpu.go.id/img/c/900/012/900012682/1-5995-1-C1-PPWP-X2.jpg
1592059765995900012683,ACEH,BENER MERIAH,BUKIT,BUJANG,TPS 2,2019-10-24 23:00:05,83,93,187,178,178,176,2,https://pemilu2019.kpu.go.id/img/c/900/012/900012683/1-5995-2-C1-PPWP-X3.jpg,https://pemilu2019.kpu.go.id/img/c/900/012/900012683/1-5995-2-C1-PPWP-X4.jpg
1592059766006900012704,ACEH,BENER MERIAH,BUKIT,BUKIT BERSATU,TPS 1,2019-10-24 23:00:05,50,108,160,4,160,158,2,https://pemilu2019.kpu.go.id/img/c/900/012/900012704/6006-1-C-XXX-X5.jpg,https://pemilu2019.kpu.go.id/img/c/900/012/900012704/6006-1-C-XXX-X6.jpg
1592059766011900012711,ACEH,BENER MERIAH,BUKIT,DELUNG ASLI,TPS 1,2019-10-24 23:00:05,127,121,165,250,250,248,2,https://pemilu2019.kpu.go.id/img/c/900/012/900012711/6011-1-C-XXX-X5.jpg,https://pemilu2019.kpu.go.id/img/c/900/012/900012711/6011-1-C-XXX-X6.jpg
1592059766011900012712,ACEH,BENER MERIAH,BUKIT,DELUNG ASLI,TPS 2,2019-10-24 23:00:05,95,110,233,216,216,205,11,https://pemilu2019.kpu.go.id/img/c/900/012/900012712/6011-2-C-XXX-X5.jpg,https://pemilu2019.kpu.go.id/img/c/900/012/900012712/6011-2-C-XXX-X6.jpg
1592059765988900012669,ACEH,BENER MERIAH,BUKIT,DELUNG TUE,TPS 1,2019-10-24 23:00:05,119,84,228,211,211,203,8,https://pemilu2019.kpu.go.id/img/c/900/012/900012669/5988-1-C-XXX-X5.jpg,https://pemilu2019.kpu.go.id/img/c/900/012/900012669/5988-1-C-XXX-X6.jpg
1592059765988900012670,ACEH,BENER MERIAH,BUKIT,DELUNG TUE,TPS 2,2019-10-24 23:00:05,116,79,212,203,203,195,8,https://pemilu2019.kpu.go.id/img/c/900/012/900012670/5988-2-C-XXX-X5.jpg,https://pemilu2019.kpu.go.id/img/c/900/012/900012670/5988-2-C-XXX-X6.jpg
1592059765988900012671,ACEH,BENER MERIAH,BUKIT,DELUNG TUE,TPS 3,2019-10-24 23:00:05,119,72,208,196,196,191,5,https://pemilu2019.kpu.go.id/img/c/900/012/900012671/3-5988-3-C1-PPWP-X1.jpg,https://pemilu2019.kpu.go.id/img/c/900/012/900012671/3-5988-3-C1-PPWP-X2.jpg
1592059766015900012717,ACEH,BENER MERIAH,BUKIT,GODANG,TPS 1,2019-10-24 23:00:05,62,100,168,164,164,162,2,https://pemilu2019.kpu.go.id/img/c/900/012/900012717/2-6015-1-C1-PPWP-X1.jpg,https://pemilu2019.kpu.go.id/img/c/900/012/900012717/2-6015-1-C1-PPWP-X2.jpg
1592059765996900012684,ACEH,BENER MERIAH,BUKIT,HAKIM TUNGUL NARU,TPS 1,2019-10-24 23:00:05,54,110,188,170,170,164,6,https://pemilu2019.kpu.go.id/img/c/900/012/900012684/5996-1-C-XXX-X5.jpg,https://pemilu2019.kpu.go.id/img/c/900/012/900012684/5996-1-C-XXX-X6.jpg
1592059765996900012685,ACEH,BENER MERIAH,BUKIT,HAKIM TUNGUL NARU,TPS 2,2019-10-24 23:00:05,53,100,172,157,157,153,4,https://pemilu2019.kpu.go.id/img/c/900/012/900012685/5996-2-C-XXX-X5.jpg,https://pemilu2019.kpu.go.id/img/c/900/012/900012685/5996-2-C-XXX-X6.jpg
1592059765994900012681,ACEH,BENER MERIAH,BUKIT,ISAQ BUSUR,TPS 1,2019-10-24 23:00:05,89,64,155,154,154,153,1,https://pemilu2019.kpu.go.id/img/c/900/012/900012681/1-5994-1-C1-PPWP-X1.jpg,https://pemilu2019.kpu.go.id/img/c/900/012/900012681/1-5994-1-C1-PPWP-X2.jpg
159205976931330900810032,ACEH,BENER MERIAH,BUKIT,KARANG REJO,TPS 1,2019-10-24 23:00:05,75,145,229,225,225,220,5,https://pemilu2019.kpu.go.id/img/c/900/810/900810032/931330-1-C-XXX-X5.jpg,https://pemilu2019.kpu.go.id/img/c/900/810/900810032/931330-1-C-XXX-X6.jpg
159205976931330900810033,ACEH,BENER MERIAH,BUKIT,KARANG REJO,TPS 2,2019-10-24 23:00:05,112,98,233,211,211,210,1,https://pemilu2019.kpu.go.id/img/c/900/810/900810033/931330-2-C-XXX-X5.jpg,https://pemilu2019.kpu.go.id/img/c/900/810/900810033/931330-2-C-XXX-X6.jpg
159205976931330900810034,ACEH,BENER MERIAH,BUKIT,KARANG REJO,TPS 3,2019-10-24 23:00:05,96,109,238,214,214,205,9,https://pemilu2019.kpu.go.id/img/c/900/810/900810034/931330-3-C-XXX-X5.jpg,https://pemilu2019.kpu.go.id/img/c/900/810/900810034/931330-3-C-XXX-X6.jpg
159205976931330900810035,ACEH,BENER MERIAH,BUKIT,KARANG REJO,TPS 4,2019-10-24 23:00:05,75,102,218,180,180,177,3,https://pemilu2019.kpu.go.id/img/c/900/810/900810035/931330-4-C-XXX-X5.jpg,https://pemilu2019.kpu.go.id/img/c/900/810/900810035/931330-4-C-XXX-X6.jpg
1592059765989900012672,ACEH,BENER MERIAH,BUKIT,KENAWAT REDELONG,TPS 1,2019-10-24 23:00:05,108,143,279,255,255,251,4,https://pemilu2019.kpu.go.id/img/c/900/012/900012672/1-5989-1-C1-PPWP-01.jpg,https://pemilu2019.kpu.go.id/img/c/900/012/900012672/1-5989-1-C1-PPWP-02.jpg
1592059765989900012673,ACEH,BENER MERIAH,BUKIT,KENAWAT REDELONG,TPS 2,2019-10-24 23:00:05,121,119,275,243,243,240,3,https://pemilu2019.kpu.go.id/img/c/900/012/900012673/5989-2-C-XXX-X5.jpg,https://pemilu2019.kpu.go.id/img/c/900/012/900012673/5989-2-C-XXX-X6.jpg
1592059766003900012700,ACEH,BENER MERIAH,BUKIT,KUTE KERING,TPS 1,2019-10-24 23:00:05,110,108,240,223,223,218,5,https://pemilu2019.kpu.go.id/img/c/900/012/900012700/6003-1-C-XXX-X5.jpg,https://pemilu2019.kpu.go.id/img/c/900/012/900012700/6003-1-C-XXX-X6.jpg
1592059765980900012646,ACEH,BENER MERIAH,BUKIT,KUTE LINTANG,TPS 1,2019-10-24 23:00:05,88,121,236,218,218,209,9,https://pemilu2019.kpu.go.id/img/c/900/012/900012646/1-5980-1-C1-PPWP-X1.jpg,https://pemilu2019.kpu.go.id/img/c/900/012/900012646/1-5980-1-C1-PPWP-X2.jpg
1592059765980900012647,ACEH,BENER MERIAH,BUKIT,KUTE LINTANG,TPS 2,2019-10-24 23:00:05,73,147,243,222,222,220,2,https://pemilu2019.kpu.go.id/img/c/900/012/900012647/5980-2-C-XXX-X5.jpg,https://pemilu2019.kpu.go.id/img/c/900/012/900012647/5980-2-C-XXX-X6.jpg
1592059766007900012705,ACEH,BENER MERIAH,BUKIT,KUTE TANYUNG,TPS 1,2019-10-24 23:00:05,57,95,155,155,155,152,3,https://pemilu2019.kpu.go.id/img/c/900/012/900012705/2-6007-1-C1-PPWP-X1.jpg,https://pemilu2019.kpu.go.id/img/c/900/012/900012705/2-6007-1-C1-PPWP-X2.jpg
1592059766007900012706,ACEH,BENER MERIAH,BUKIT,KUTE TANYUNG,TPS 2,2019-10-24 23:00:05,64,89,158,156,156,153,3,https://pemilu2019.kpu.go.id/img/c/900/012/900012706/6007-2-C-XXX-X5.jpg,https://pemilu2019.kpu.go.id/img/c/900/012/900012706/6007-2-C-XXX-X6.jpg
1592059766008900012707,ACEH,BENER MERIAH,BUKIT,MELUEM,TPS 1,2019-10-24 23:00:05,70,51,121,121,121,121,0,https://pemilu2019.kpu.go.id/img/c/900/012/900012707/6008-1-C-XXX-X5.jpg,https://pemilu2019.kpu.go.id/img/c/900/012/900012707/6008-1-C-XXX-X6.jpg
1592059766009900012708,ACEH,BENER MERIAH,BUKIT,MUPAKAT JADI,TPS 1,2019-10-24 23:00:05,77,65,165,143,143,142,1,https://pemilu2019.kpu.go.id/img/c/900/012/900012708/1-6009-1-C1-PPWP-X1.jpg,https://pemilu2019.kpu.go.id/img/c/900/012/900012708/1-6009-1-C1-PPWP-X2.jpg
1592059766009900012709,ACEH,BENER MERIAH,BUKIT,MUPAKAT JADI,TPS 2,2019-10-24 23:00:05,85,86,178,176,176,171,5,https://pemilu2019.kpu.go.id/img/c/900/012/900012709/1-6009-2-C1-PPWP-X1.jpg,https://pemilu2019.kpu.go.id/img/c/900/012/900012709/1-6009-2-C1-PPWP-X2.jpg
1592059766005900012703,ACEH,BENER MERIAH,BUKIT,MUTIARA BARU,TPS 1,2019-10-24 23:00:05,51,131,184,184,184,182,2,https://pemilu2019.kpu.go.id/img/c/900/012/900012703/6005-1-C-XXX-X5.jpg,https://pemilu2019.kpu.go.id/img/c/900/012/900012703/6005-1-C-XXX-X6.jpg
1592059765993900012678,ACEH,BENER MERIAH,BUKIT,PANJI MULIA  I,TPS 1,2019-10-24 23:00:05,174,89,291,267,267,263,4,https://pemilu2019.kpu.go.id/img/c/900/012/900012678/5993-1-C-XXX-X5.jpg,https://pemilu2019.kpu.go.id/img/c/900/012/900012678/5993-1-C-XXX-X6.jpg
1592059765993900012679,ACEH,BENER MERIAH,BUKIT,PANJI MULIA  I,TPS 2,2019-10-24 23:00:05,142,142,295,284,284,284,0,https://pemilu2019.kpu.go.id/img/c/900/012/900012679/5993-2-C-XXX-X5.jpg,https://pemilu2019.kpu.go.id/img/c/900/012/900012679/5993-2-C-XXX-X6.jpg
1592059765993900012680,ACEH,BENER MERIAH,BUKIT,PANJI MULIA  I,TPS 3,2019-10-24 23:00:05,151,106,284,261,261,257,4,https://pemilu2019.kpu.go.id/img/c/900/012/900012680/5993-3-C-XXX-X5.jpg,https://pemilu2019.kpu.go.id/img/c/900/012/900012680/5993-3-C-XXX-X6.jpg
1592059765992900012677,ACEH,BENER MERIAH,BUKIT,PANJI MULIA II,TPS 1,2019-10-24 23:00:05,104,174,304,285,285,278,7,https://pemilu2019.kpu.go.id/img/c/900/012/900012677/1-5992-1-C1-PPWP-X1.jpg,https://pemilu2019.kpu.go.id/img/c/900/012/900012677/1-5992-1-C1-PPWP-X2.jpg
1592059765985900012660,ACEH,BENER MERIAH,BUKIT,PASAR SP TIGA,TPS 1,2019-10-24 23:00:05,65,141,237,237,210,206,4,https://pemilu2019.kpu.go.id/img/c/900/012/900012660/5985-1-C-XXX-X5.jpg,https://pemilu2019.kpu.go.id/img/c/900/012/900012660/5985-1-C-XXX-X6.jpg
1592059765985900012661,ACEH,BENER MERIAH,BUKIT,PASAR SP TIGA,TPS 2,2019-10-24 23:00:05,49,158,234,213,213,207,6,https://pemilu2019.kpu.go.id/img/c/900/012/900012661/5985-2-C-XXX-X5.jpg,https://pemilu2019.kpu.go.id/img/c/900/012/900012661/5985-2-C-XXX-X6.jpg
1592059765985900012662,ACEH,BENER MERIAH,BUKIT,PASAR SP TIGA,TPS 3,2019-10-24 23:00:05,53,174,245,230,230,227,3,https://pemilu2019.kpu.go.id/img/c/900/012/900012662/5985-3-C1-PPWP-X1.jpg,https://pemilu2019.kpu.go.id/img/c/900/012/900012662/5985-3-C1-PPWP-X2.jpg
1592059766014900012715,ACEH,BENER MERIAH,BUKIT,PAYA GAJAH,TPS 1,2019-10-24 23:00:05,65,99,167,167,167,164,3,https://pemilu2019.kpu.go.id/img/c/900/012/900012715/6014-1-C-XXX-X5.jpg,https://pemilu2019.kpu.go.id/img/c/900/012/900012715/6014-1-C-XXX-X6.jpg
1592059766014900012716,ACEH,BENER MERIAH,BUKIT,PAYA GAJAH,TPS 2,2019-10-24 23:00:05,47,81,131,131,131,128,3,https://pemilu2019.kpu.go.id/img/c/900/012/900012716/6014-2-C-XXX-X5.jpg,https://pemilu2019.kpu.go.id/img/c/900/012/900012716/6014-2-C-XXX-X6.jpg
1592059766012900012713,ACEH,BENER MERIAH,BUKIT,PILAR JAYA,TPS 1,2019-10-24 23:00:05,65,83,158,151,149,148,1,https://pemilu2019.kpu.go.id/img/c/900/012/900012713/6012-1-C-XXX-X5.jpg,https://pemilu2019.kpu.go.id/img/c/900/012/900012713/6012-1-C-XXX-X6.jpg
1592059765983900012653,ACEH,BENER MERIAH,BUKIT,REJE GURU,TPS 1,2019-10-24 23:00:05,62,157,225,225,225,219,6,https://pemilu2019.kpu.go.id/img/c/900/012/900012653/1-5983-1-C1-PPWP-X1.jpg,https://pemilu2019.kpu.go.id/img/c/900/012/900012653/1-5983-1-C1-PPWP-X2.jpg
1592059765983900012654,ACEH,BENER MERIAH,BUKIT,REJE GURU,TPS 2,2019-10-24 23:00:05,52,156,227,227,227,208,19,https://pemilu2019.kpu.go.id/img/c/900/012/900012654/1-5983-2-C1-PPWP-X3.jpg,https://pemilu2019.kpu.go.id/img/c/900/012/900012654/1-5983-2-C1-PPWP-X4.jpg
1592059765983900012655,ACEH,BENER MERIAH,BUKIT,REJE GURU,TPS 3,2019-10-24 23:00:05,49,167,221,221,221,216,5,https://pemilu2019.kpu.go.id/img/c/900/012/900012655/1-5983-3-C1-PPWP-X5.jpg,https://pemilu2019.kpu.go.id/img/c/900/012/900012655/1-5983-3-C1-PPWP-X6.jpg
1592059766001900012695,ACEH,BENER MERIAH,BUKIT,REMBELE,TPS 1,2019-10-24 23:00:05,103,111,244,221,221,214,7,https://pemilu2019.kpu.go.id/img/c/900/012/900012695/6001-1-C-XXX-X5.jpg,https://pemilu2019.kpu.go.id/img/c/900/012/900012695/6001-1-C-XXX-X6.jpg
1592059766001900012696,ACEH,BENER MERIAH,BUKIT,REMBELE,TPS 2,2019-10-24 23:00:05,107,118,242,231,231,225,6,https://pemilu2019.kpu.go.id/img/c/900/012/900012696/6001-2-C-XXX-X5.jpg,https://pemilu2019.kpu.go.id/img/c/900/012/900012696/6001-2-C-XXX-X6.jpg
1592059766001900012697,ACEH,BENER MERIAH,BUKIT,REMBELE,TPS 3,2019-10-24 23:00:05,104,128,241,235,234,232,2,https://pemilu2019.kpu.go.id/img/c/900/012/900012697/6001-3-C-XXX-X5.jpg,https://pemilu2019.kpu.go.id/img/c/900/012/900012697/6001-3-C-XXX-X6.jpg
1592059766000900012693,ACEH,BENER MERIAH,BUKIT,SEDIE JADI,TPS 1,2019-10-24 23:00:05,72,111,190,189,189,183,6,https://pemilu2019.kpu.go.id/img/c/900/012/900012693/6000-1-C-XXX-X5.jpg,https://pemilu2019.kpu.go.id/img/c/900/012/900012693/6000-1-C-XXX-X6.jpg
1592059766000900012694,ACEH,BENER MERIAH,BUKIT,SEDIE JADI,TPS 2,2019-10-24 23:00:05,57,104,180,169,169,161,8,https://pemilu2019.kpu.go.id/img/c/900/012/900012694/6000-2-C-XXX-X5.jpg,https://pemilu2019.kpu.go.id/img/c/900/012/900012694/6000-2-C-XXX-X6.jpg
1592059766002900012698,ACEH,BENER MERIAH,BUKIT,SERULE KAYU,TPS 1,2019-10-24 23:00:05,69,109,205,182,182,178,4,https://pemilu2019.kpu.go.id/img/c/900/012/900012698/6002-1-C-XXX-X5.jpg,https://pemilu2019.kpu.go.id/img/c/900/012/900012698/6002-1-C1-PPWP-02.jpg
1592059766002900012699,ACEH,BENER MERIAH,BUKIT,SERULE KAYU,TPS 2,2019-10-24 23:00:05,54,130,209,188,188,184,4,https://pemilu2019.kpu.go.id/img/c/900/012/900012699/6002-2-C-XXX-X5.jpg,https://pemilu2019.kpu.go.id/img/c/900/012/900012699/6002-2-C-XXX-X6.jpg
1592059765982900012651,ACEH,BENER MERIAH,BUKIT,TINGKEM ASLI,TPS 1,2019-10-24 23:00:05,107,130,275,244,244,237,7,https://pemilu2019.kpu.go.id/img/c/900/012/900012651/1-5982-1-C1-PPWP-X1.jpg,https://pemilu2019.kpu.go.id/img/c/900/012/900012651/1-5982-1-C1-PPWP-X2.jpg
1592059765982900012652,ACEH,BENER MERIAH,BUKIT,TINGKEM ASLI,TPS 2,2019-10-24 23:00:05,72,172,270,249,249,244,5,https://pemilu2019.kpu.go.id/img/c/900/012/900012652/1-5982-2-C1-PPWP-X3.jpg,https://pemilu2019.kpu.go.id/img/c/900/012/900012652/1-5982-2-C1-PPWP-X4.jpg
1592059765998900012690,ACEH,BENER MERIAH,BUKIT,TINGKEM BENYER,TPS 1,2019-10-24 23:00:05,86,150,270,241,241,236,5,https://pemilu2019.kpu.go.id/img/c/900/012/900012690/5998-1-C-XXX-X5.jpg,https://pemilu2019.kpu.go.id/img/c/900/012/900012690/5998-1-C-XXX-X6.jpg
1592059765981900012648,ACEH,BENER MERIAH,BUKIT,TINGKEM BERSATU,TPS 1,2019-10-24 23:00:05,108,112,239,227,227,220,7,https://pemilu2019.kpu.go.id/img/c/900/012/900012648/1-5981-1-C1-PPWP-X1.jpg,https://pemilu2019.kpu.go.id/img/c/900/012/900012648/1-5981-1-C1-PPWP-X2.jpg
1592059765981900012649,ACEH,BENER MERIAH,BUKIT,TINGKEM BERSATU,TPS 2,2019-10-24 23:00:05,105,114,242,224,224,219,5,https://pemilu2019.kpu.go.id/img/c/900/012/900012649/1-5981-2-C1-PPWP-X3.jpg,https://pemilu2019.kpu.go.id/img/c/900/012/900012649/1-5981-2-C1-PPWP-X4.jpg
1592059765981900012650,ACEH,BENER MERIAH,BUKIT,TINGKEM BERSATU,TPS 3,2019-10-24 23:00:05,94,125,244,223,223,219,4,https://pemilu2019.kpu.go.id/img/c/900/012/900012650/1-5981-3-C1-PPWP-X5.jpg,https://pemilu2019.kpu.go.id/img/c/900/012/900012650/1-5981-3-C1-PPWP-X6.jpg
1592059765987900012667,ACEH,BENER MERIAH,BUKIT,UJUNG GELE,TPS 1,2019-10-24 23:00:05,97,67,177,164,164,164,0,https://pemilu2019.kpu.go.id/img/c/900/012/900012667/5987-1-C-XXX-X5.jpg,https://pemilu2019.kpu.go.id/img/c/900/012/900012667/5987-1-C-XXX-X6.jpg
1592059765987900012668,ACEH,BENER MERIAH,BUKIT,UJUNG GELE,TPS 2,2019-10-24 23:00:05,83,83,179,168,168,166,2,https://pemilu2019.kpu.go.id/img/c/900/012/900012668/5987-2-C-XXX-X5.jpg,https://pemilu2019.kpu.go.id/img/c/900/012/900012668/5987-2-C-XXX-X6.jpg
1592059765978900012641,ACEH,BENER MERIAH,BUKIT,UNING BERSAH,TPS 1,2019-10-24 23:00:05,52,106,175,158,158,158,0,https://pemilu2019.kpu.go.id/img/c/900/012/900012641/5978-1-C-XXX-X5.jpg,https://pemilu2019.kpu.go.id/img/c/900/012/900012641/5978-1-C-XXX-X6.jpg
1592059765978900012642,ACEH,BENER MERIAH,BUKIT,UNING BERSAH,TPS 2,2019-10-24 23:00:05,52,111,183,167,167,163,4,https://pemilu2019.kpu.go.id/img/c/900/012/900012642/1-5978-2-C1-PPWP-01.jpg,https://pemilu2019.kpu.go.id/img/c/900/012/900012642/1-5978-2-C1-PPWP-02.jpg
1592059765979900012643,ACEH,BENER MERIAH,BUKIT,UNING TERITIT,TPS 1,2019-10-24 23:00:05,85,137,247,227,227,222,5,https://pemilu2019.kpu.go.id/img/c/900/012/900012643/5979-1-C-XXX-X5.jpg,https://pemilu2019.kpu.go.id/img/c/900/012/900012643/5979-1-C-XXX-X6.jpg
1592059765979900012644,ACEH,BENER MERIAH,BUKIT,UNING TERITIT,TPS 2,2019-10-24 23:00:05,97,133,245,236,236,230,6,https://pemilu2019.kpu.go.id/img/c/900/012/900012644/5979-2-C-XXX-X5.jpg,https://pemilu2019.kpu.go.id/img/c/900/012/900012644/5979-2-C-XXX-X6.jpg
1592059765979900012645,ACEH,BENER MERIAH,BUKIT,UNING TERITIT,TPS 3,2019-10-24 23:00:05,93,117,222,211,211,210,1,https://pemilu2019.kpu.go.id/img/c/900/012/900012645/5979-3-C-XXX-X5.jpg,https://pemilu2019.kpu.go.id/img/c/900/012/900012645/5979-3-C-XXX-X6.jpg
1592059766010900012710,ACEH,BENER MERIAH,BUKIT,URING,TPS 1,2019-10-24 23:00:05,68,106,191,179,179,174,5,https://pemilu2019.kpu.go.id/img/c/900/012/900012710/6010-1-C-XXX-X5.jpg,https://pemilu2019.kpu.go.id/img/c/900/012/900012710/6010-1-C-XXX-X6.jpg
1592059765991900012675,ACEH,BENER MERIAH,BUKIT,WAQ PONDOK SAYUR,TPS 1,2019-10-24 23:00:05,95,120,247,221,221,215,6,https://pemilu2019.kpu.go.id/img/c/900/012/900012675/1-5991-1-C1-PPWP-X1.jpg,https://pemilu2019.kpu.go.id/img/c/900/012/900012675/1-5991-1-C1-PPWP-X2.jpg
1592059765991900012676,ACEH,BENER MERIAH,BUKIT,WAQ PONDOK SAYUR,TPS 2,2019-10-24 23:00:05,91,127,222,222,222,218,4,https://pemilu2019.kpu.go.id/img/c/900/012/900012676/2-5991-2-C1-PPWP-X3.jpg,https://pemilu2019.kpu.go.id/img/c/900/012/900012676/2-5991-2-C1-PPWP-X4.jpg
1592061556164900012980,ACEH,BENER MERIAH,GAJAH PUTIH,ALAM JAYA,TPS 1,2019-10-24 23:00:05,30,151,261,193,193,181,12,https://pemilu2019.kpu.go.id/img/c/900/012/900012980/6164-1-C1-PPWP-X1.jpg,https://pemilu2019.kpu.go.id/img/c/900/012/900012980/6164-1-C1-PPWP-X2.jpg
1592061556157900012962,ACEH,BENER MERIAH,GAJAH PUTIH,GAJAH PUTIH,TPS 1,2019-10-24 23:00:05,63,123,215,194,194,186,8,https://pemilu2019.kpu.go.id/img/c/900/012/900012962/6157-1-C-XXX-X5.jpg,https://pemilu2019.kpu.go.id/img/c/900/012/900012962/6157-1-C-XXX-X6.jpg
1592061556157900012963,ACEH,BENER MERIAH,GAJAH PUTIH,GAJAH PUTIH,TPS 2,2019-10-24 23:00:05,55,123,204,188,188,178,10,https://pemilu2019.kpu.go.id/img/c/900/012/900012963/6157-2-C-XXX-X5.jpg,https://pemilu2019.kpu.go.id/img/c/900/012/900012963/6157-2-C-XXX-X6.jpg
1592061556157900012964,ACEH,BENER MERIAH,GAJAH PUTIH,GAJAH PUTIH,TPS 3,2019-10-24 23:00:05,72,108,210,187,187,180,7,https://pemilu2019.kpu.go.id/img/c/900/012/900012964/6157-3-C-XXX-X5.jpg,https://pemilu2019.kpu.go.id/img/c/900/012/900012964/6157-3-C-XXX-X6.jpg
1592061556158900012965,ACEH,BENER MERIAH,GAJAH PUTIH,GAYO SETIE,TPS 1,2019-10-24 23:00:05,53,116,200,175,175,169,6,https://pemilu2019.kpu.go.id/img/c/900/012/900012965/6158-1-C1-PPWP-X1.jpg,https://pemilu2019.kpu.go.id/img/c/900/012/900012965/6158-1-C1-PPWP-X2.jpg
1592061556161900012971,ACEH,BENER MERIAH,GAJAH PUTIH,MERIAH JAYA,TPS 1,2019-10-24 23:00:05,86,159,296,252,245,245,0,https://pemilu2019.kpu.go.id/img/c/900/012/900012971/6161-1-C1-PPWP-X1.jpg,https://pemilu2019.kpu.go.id/img/c/900/012/900012971/6161-1-C1-PPWP-X2.jpg
1592061556161900012972,ACEH,BENER MERIAH,GAJAH PUTIH,MERIAH JAYA,TPS 2,2019-10-24 23:00:05,125,129,294,270,270,254,16,https://pemilu2019.kpu.go.id/img/c/900/012/900012972/6161-2-C1-PPWP-X3.jpg,https://pemilu2019.kpu.go.id/img/c/900/012/900012972/6161-2-C1-PPWP-X4.jpg
1592061556161900012973,ACEH,BENER MERIAH,GAJAH PUTIH,MERIAH JAYA,TPS 3,2019-10-24 23:00:05,101,140,284,248,248,241,7,https://pemilu2019.kpu.go.id/img/c/900/012/900012973/6161-3-C1-PPWP-X5.jpg,https://pemilu2019.kpu.go.id/img/c/900/012/900012973/6161-3-C1-PPWP-X6.jpg
1592061556161900012974,ACEH,BENER MERIAH,GAJAH PUTIH,MERIAH JAYA,TPS 4,2019-10-24 23:00:05,103,146,303,256,256,249,7,https://pemilu2019.kpu.go.id/img/c/900/012/900012974/6161-4-C1-PPWP-X7.jpg,https://pemilu2019.kpu.go.id/img/c/900/012/900012974/6161-4-C1-PPWP-X8.jpg
1592061556163900012978,ACEH,BENER MERIAH,GAJAH PUTIH,PANTAN LUES,TPS 1,2019-10-24 23:00:05,63,110,203,177,177,173,4,https://pemilu2019.kpu.go.id/img/c/900/012/900012978/6163-1-C-XXX-X5.jpg,https://pemilu2019.kpu.go.id/img/c/900/012/900012978/6163-1-C-XXX-X6.jpg
1592061556163900012979,ACEH,BENER MERIAH,GAJAH PUTIH,PANTAN LUES,TPS 2,2019-10-24 23:00:05,55,114,197,170,170,169,1,https://pemilu2019.kpu.go.id/img/c/900/012/900012979/6163-2-C-XXX-X5.jpg,https://pemilu2019.kpu.go.id/img/c/900/012/900012979/6163-2-C-XXX-X6.jpg
1592061556160900012969,ACEH,BENER MERIAH,GAJAH PUTIH,PANTE KARYA,TPS 1,2019-10-24 23:00:05,61,68,154,134,134,129,5,https://pemilu2019.kpu.go.id/img/c/900/012/900012969/6160-1-C1-PPWP-X1.jpg,https://pemilu2019.kpu.go.id/img/c/900/012/900012969/6160-1-C1-PPWP-X2.jpg
1592061556160900012970,ACEH,BENER MERIAH,GAJAH PUTIH,PANTE KARYA,TPS 2,2019-10-24 23:00:05,75,56,141,137,134,131,3,https://pemilu2019.kpu.go.id/img/c/900/012/900012970/6160-2-C1-PPWP-X3.jpg,https://pemilu2019.kpu.go.id/img/c/900/012/900012970/6160-2-C1-PPWP-X4.jpg
1592061556165900012981,ACEH,BENER MERIAH,GAJAH PUTIH,RERONGA,TPS 1,2019-10-24 23:00:05,62,140,279,208,208,202,6,https://pemilu2019.kpu.go.id/img/c/900/012/900012981/6165-1-C1-PPWP-X1.jpg,https://pemilu2019.kpu.go.id/img/c/900/012/900012981/6165-1-C1-PPWP-X2.jpg
1592061556165900012982,ACEH,BENER MERIAH,GAJAH PUTIH,RERONGA,TPS 2,2019-10-24 23:00:05,49,120,255,183,176,169,7,https://pemilu2019.kpu.go.id/img/c/900/012/900012982/6165-2-C1-PPWP-X3.jpg,https://pemilu2019.kpu.go.id/img/c/900/012/900012982/6165-2-C1-PPWP-X4.jpg
1592061556165900012983,ACEH,BENER MERIAH,GAJAH PUTIH,RERONGA,TPS 3,2019-10-24 23:00:05,54,128,263,195,195,182,13,https://pemilu2019.kpu.go.id/img/c/900/012/900012983/6165-3-C1-PPWP-X5.jpg,https://pemilu2019.kpu.go.id/img/c/900/012/900012983/6165-3-C1-PPWP-X6.jpg
1592061556165900012984,ACEH,BENER MERIAH,GAJAH PUTIH,RERONGA,TPS 4,2019-10-24 23:00:05,73,111,282,188,188,184,4,https://pemilu2019.kpu.go.id/img/c/900/012/900012984/6165-4-C1-PPWP-X7.jpg,https://pemilu2019.kpu.go.id/img/c/900/012/900012984/6165-4-C1-PPWP-X8.jpg
1592061556165900012985,ACEH,BENER MERIAH,GAJAH PUTIH,RERONGA,TPS 5,2019-10-24 23:00:05,37,147,264,189,189,184,5,https://pemilu2019.kpu.go.id/img/c/900/012/900012985/6165-5-C1-PPWP-X9.jpg,https://pemilu2019.kpu.go.id/img/c/900/012/900012985/6165-5-C1-PPWP-X10.jpg
1592061556156900012959,ACEH,BENER MERIAH,GAJAH PUTIH,SIMPANG RAHMAT,TPS 1,2019-10-24 23:00:05,125,103,248,234,234,228,6,https://pemilu2019.kpu.go.id/img/c/900/012/900012959/6156-1-C-XXX-X5.jpg,https://pemilu2019.kpu.go.id/img/c/900/012/900012959/6156-1-C-XXX-X6.jpg
1592061556156900012960,ACEH,BENER MERIAH,GAJAH PUTIH,SIMPANG RAHMAT,TPS 2,2019-10-24 23:00:05,106,121,249,239,239,227,12,https://pemilu2019.kpu.go.id/img/c/900/012/900012960/6156-2-C-XXX-X5.jpg,https://pemilu2019.kpu.go.id/img/c/900/012/900012960/6156-2-C-XXX-X6.jpg
1592061556156900012961,ACEH,BENER MERIAH,GAJAH PUTIH,SIMPANG RAHMAT,TPS 3,2019-10-24 23:00:05,104,131,249,238,238,235,3,https://pemilu2019.kpu.go.id/img/c/900/012/900012961/6156-3-C-XXX-X5.jpg,https://pemilu2019.kpu.go.id/img/c/900/012/900012961/6156-3-C-XXX-X6.jpg
1592061556162900012975,ACEH,BENER MERIAH,GAJAH PUTIH,TIMANG GAJAH,TPS 1,2019-10-24 23:00:05,65,172,297,246,245,237,8,https://pemilu2019.kpu.go.id/img/c/900/012/900012975/6162-1-C1-PPWP-X1.jpg,https://pemilu2019.kpu.go.id/img/c/900/012/900012975/6162-1-C1-PPWP-X2.jpg
1592061556162900012976,ACEH,BENER MERIAH,GAJAH PUTIH,TIMANG GAJAH,TPS 2,2019-10-24 23:00:05,73,128,262,208,208,201,7,https://pemilu2019.kpu.go.id/img/c/900/012/900012976/6162-2-C1-PPWP-X3.jpg,https://pemilu2019.kpu.go.id/img/c/900/012/900012976/6162-2-C1-PPWP-X4.jpg
1592061556162900012977,ACEH,BENER MERIAH,GAJAH PUTIH,TIMANG GAJAH,TPS 3,2019-10-24 23:00:05,58,161,277,222,222,219,3,https://pemilu2019.kpu.go.id/img/c/900/012/900012977/6162-3-C1-PPWP-X5.jpg,https://pemilu2019.kpu.go.id/img/c/900/012/900012977/6162-3-C1-PPWP-X6.jpg
1592061556159900012966,ACEH,BENER MERIAH,GAJAH PUTIH,UMAH BESI,TPS 1,2019-10-24 23:00:05,84,79,217,167,167,163,4,https://pemilu2019.kpu.go.id/img/c/900/012/900012966/6159-1-C1-PPWP-X1.jpg,https://pemilu2019.kpu.go.id/img/c/900/012/900012966/6159-1-C1-PPWP-X2.jpg
1592061556159900012967,ACEH,BENER MERIAH,GAJAH PUTIH,UMAH BESI,TPS 2,2019-10-24 23:00:05,101,68,213,175,175,169,6,https://pemilu2019.kpu.go.id/img/c/900/012/900012967/6159-2-C1-PPWP-X3.jpg,https://pemilu2019.kpu.go.id/img/c/900/012/900012967/6159-2-C1-PPWP-X4.jpg
1592061556159900012968,ACEH,BENER MERIAH,GAJAH PUTIH,UMAH BESI,TPS 3,2019-10-24 23:00:05,66,93,210,163,163,159,4,https://pemilu2019.kpu.go.id/img/c/900/012/900012968/6159-3-C1-PPWP-X5.jpg,https://pemilu2019.kpu.go.id/img/c/900/012/900012968/6159-3-C1-PPWP-X6.jpg
1592061396148900012952,ACEH,BENER MERIAH,MESIDAH,AMOR,TPS 1,2019-10-24 23:00:05,213,55,277,276,276,268,8,https://pemilu2019.kpu.go.id/img/c/900/012/900012952/6148-1-C1-PPWP-X1.jpg,https://pemilu2019.kpu.go.id/img/c/900/012/900012952/6148-1-C1-PPWP-X2.jpg
1592061396149900012953,ACEH,BENER MERIAH,MESIDAH,BUNTUL GAYO,TPS 1,2019-10-24 23:00:05,192,66,267,261,261,258,3,https://pemilu2019.kpu.go.id/img/c/900/012/900012953/6149-1-C1-PPWP-X1.jpg,https://pemilu2019.kpu.go.id/img/c/900/012/900012953/6149-1-C1-PPWP-X2.jpg
1592061396142900012945,ACEH,BENER MERIAH,MESIDAH,CEMPARAM JAYA,TPS 1,2019-10-24 23:00:05,139,87,234,229,229,226,3,https://pemilu2019.kpu.go.id/img/c/900/012/900012945/6142-1-C1-PPWP-X1.jpg,https://pemilu2019.kpu.go.id/img/c/900/012/900012945/6142-1-C1-PPWP-X2.jpg
1592061396140900012943,ACEH,BENER MERIAH,MESIDAH,CEMPARAM LAMA,TPS 1,2019-10-24 23:00:05,130,95,240,227,227,225,2,https://pemilu2019.kpu.go.id/img/c/900/012/900012943/6140-1-C1-PPWP-X1.jpg,https://pemilu2019.kpu.go.id/img/c/900/012/900012943/6140-1-C1-PPWP-X2.jpg
1592061396141900012944,ACEH,BENER MERIAH,MESIDAH,CEMPARAM PAKAT JEROH,TPS 1,2019-10-24 23:00:05,80,63,159,147,147,143,4,https://pemilu2019.kpu.go.id/img/c/900/012/900012944/6141-1-C1-PPWP-X1.jpg,https://pemilu2019.kpu.go.id/img/c/900/012/900012944/6141-1-C1-PPWP-X2.jpg
1592061396147900012951,ACEH,BENER MERIAH,MESIDAH,GUNUNG SAYANG,TPS 1,2019-10-24 23:00:05,37,65,105,105,105,102,3,https://pemilu2019.kpu.go.id/img/c/900/012/900012951/6147-1-C1-PPWP-X1.jpg,https://pemilu2019.kpu.go.id/img/c/900/012/900012951/6147-1-C1-PPWP-X2.jpg
1592061396153900012957,ACEH,BENER MERIAH,MESIDAH,HAKIM PETERI PINTU,TPS 1,2019-10-24 23:00:05,62,42,105,105,105,104,1,https://pemilu2019.kpu.go.id/img/c/900/012/900012957/6153-1-C1-PPWP-X1.jpg,https://pemilu2019.kpu.go.id/img/c/900/012/900012957/6153-1-C1-PPWP-X2.jpg
1592061396145900012948,ACEH,BENER MERIAH,MESIDAH,JAMUR ATU,TPS 1,2019-10-24 23:00:05,139,84,239,225,225,223,2,https://pemilu2019.kpu.go.id/img/c/900/012/900012948/6145-1-C1-PPWP-X1.jpg,https://pemilu2019.kpu.go.id/img/c/900/012/900012948/6145-1-C1-PPWP-X2.jpg
1592061396145900012949,ACEH,BENER MERIAH,MESIDAH,JAMUR ATU,TPS 2,2019-10-24 23:00:05,103,106,218,214,214,209,5,https://pemilu2019.kpu.go.id/img/c/900/012/900012949/6145-2-C1-PPWP-X3.jpg,https://pemilu2019.kpu.go.id/img/c/900/012/900012949/6145-2-C1-PPWP-X4.jpg
1592061396143900012946,ACEH,BENER MERIAH,MESIDAH,PANTAN KULI,TPS 1,2019-10-24 23:00:05,69,18,94,88,88,87,1,https://pemilu2019.kpu.go.id/img/c/900/012/900012946/6143-1-C1-PPWP-X1.jpg,https://pemilu2019.kpu.go.id/img/c/900/012/900012946/6143-1-C1-PPWP-X2.jpg
1592061396152900012956,ACEH,BENER MERIAH,MESIDAH,PERUMPAKAN BENJADI,TPS 1,2019-10-24 23:00:05,35,28,65,64,64,63,1,https://pemilu2019.kpu.go.id/img/c/900/012/900012956/6152-1-C1-PPWP-X1.jpg,https://pemilu2019.kpu.go.id/img/c/900/012/900012956/6152-1-C1-PPWP-X2.jpg
1592061396144900012947,ACEH,BENER MERIAH,MESIDAH,SIMPANG RENGGALI,TPS 1,2019-10-24 23:00:05,33,40,84,75,75,73,2,https://pemilu2019.kpu.go.id/img/c/900/012/900012947/6144-1-C1-PPWP-X1.jpg,https://pemilu2019.kpu.go.id/img/c/900/012/900012947/6144-1-C1-PPWP-X2.jpg
1592061396154900012958,ACEH,BENER MERIAH,MESIDAH,SIMPUR,TPS 1,2019-10-24 23:00:05,68,71,165,142,142,139,3,https://pemilu2019.kpu.go.id/img/c/900/012/900012958/6154-1-C1-PPWP-X1.jpg,https://pemilu2019.kpu.go.id/img/c/900/012/900012958/6154-1-C1-PPWP-X2.jpg
1592061396146900012950,ACEH,BENER MERIAH,MESIDAH,SOSIAL,TPS 1,2019-10-24 23:00:05,121,51,177,173,173,172,1,https://pemilu2019.kpu.go.id/img/c/900/012/900012950/6146-1-C1-PPWP-X1.jpg,https://pemilu2019.kpu.go.id/img/c/900/012/900012950/6146-1-C1-PPWP-X2.jpg
1592061396151900012955,ACEH,BENER MERIAH,MESIDAH,WER TINGKEM,TPS 1,2019-10-24 23:00:05,119,35,178,161,161,154,7,https://pemilu2019.kpu.go.id/img/c/900/012/900012955/6151-1-C1-PPWP-X1.jpg,https://pemilu2019.kpu.go.id/img/c/900/012/900012955/6151-1-C1-PPWP-X2.jpg
1592061396150900012954,ACEH,BENER MERIAH,MESIDAH,WIH RESAP,TPS 1,2019-10-24 23:00:05,168,58,265,232,232,226,6,https://pemilu2019.kpu.go.id/img/c/900/012/900012954/6150-1-C1-PPWP-X1.jpg,https://pemilu2019.kpu.go.id/img/c/900/012/900012954/6150-1-C1-PPWP-X2.jpg
