id,provinsi,kabupaten,kecamatan,kelurahan,tps,timestamp,pemilih-1,pemilih-2,total-pemilih,total-pengguna,suara-total,suara-sah,suara-tidak-sah,c1-1,c1-2
1592060986112900012909,ACEH,BENER MERIAH,PERMATA,AYU ARA,TPS 1,2019-10-24 23:00:05,86,48,140,140,140,134,6,https://pemilu2019.kpu.go.id/img/c/900/012/900012909/1-6112-1-C1-PPWP-X1.jpg,https://pemilu2019.kpu.go.id/img/c/900/012/900012909/1-6112-1-C1-PPWP-X2.jpg
1592060986119900012918,ACEH,BENER MERIAH,PERMATA,BALE MUSARA,TPS 1,2019-10-24 23:00:05,130,118,254,254,254,248,6,https://pemilu2019.kpu.go.id/img/c/900/012/900012918/1-6119-1-C1-PPWP-X1.jpg,https://pemilu2019.kpu.go.id/img/c/900/012/900012918/1-6119-1-C1-PPWP-X2.jpg
1592060986124900012926,ACEH,BENER MERIAH,PERMATA,BALE PURNAMA,TPS 1,2019-10-24 23:00:05,63,24,94,85,88,87,1,https://pemilu2019.kpu.go.id/img/c/900/012/900012926/6124-1-C-XXX-X5.jpg,https://pemilu2019.kpu.go.id/img/c/900/012/900012926/6124-1-C-XXX-X6.jpg
1592060986100900012875,ACEH,BENER MERIAH,PERMATA,BENER PEPANYI,TPS 1,2019-10-24 23:00:05,85,101,198,198,198,186,12,https://pemilu2019.kpu.go.id/img/c/900/012/900012875/1-6100-1-C1-PPWP-X1.jpg,https://pemilu2019.kpu.go.id/img/c/900/012/900012875/1-6100-1-C1-PPWP-X2.jpg
1592060986100900012876,ACEH,BENER MERIAH,PERMATA,BENER PEPANYI,TPS 2,2019-10-24 23:00:05,73,124,224,206,206,197,9,https://pemilu2019.kpu.go.id/img/c/900/012/900012876/1-6100-2-C1-PPWP-X3.jpg,https://pemilu2019.kpu.go.id/img/c/900/012/900012876/1-6100-2-C1-PPWP-X4.jpg
1592060986100900012877,ACEH,BENER MERIAH,PERMATA,BENER PEPANYI,TPS 3,2019-10-24 23:00:05,79,94,187,181,181,173,8,https://pemilu2019.kpu.go.id/img/c/900/012/900012877/1-6100-3-C1-PPWP-X1.jpg,https://pemilu2019.kpu.go.id/img/c/900/012/900012877/1-6100-3-C1-PPWP-X2.jpg
1592060986100900012878,ACEH,BENER MERIAH,PERMATA,BENER PEPANYI,TPS 4,2019-10-24 23:00:05,74,95,176,174,174,169,5,https://pemilu2019.kpu.go.id/img/c/900/012/900012878/1-6100-4-C1-PPWP-X5.jpg,https://pemilu2019.kpu.go.id/img/c/900/012/900012878/1-6100-4-C1-PPWP-X6.jpg
1592060986105900012889,ACEH,BENER MERIAH,PERMATA,BINTANG BENER,TPS 1,2019-10-24 23:00:05,72,143,234,224,224,215,9,https://pemilu2019.kpu.go.id/img/c/900/012/900012889/1-6105-1-C1-PPWP-X1.jpg,https://pemilu2019.kpu.go.id/img/c/900/012/900012889/1-6105-1-C1-PPWP-X2.jpg
1592060986105900012890,ACEH,BENER MERIAH,PERMATA,BINTANG BENER,TPS 2,2019-10-24 23:00:05,120,106,240,240,230,226,4,https://pemilu2019.kpu.go.id/img/c/900/012/900012890/2-6105-2-C1-PPWP-X3.jpg,https://pemilu2019.kpu.go.id/img/c/900/012/900012890/2-6105-2-C1-PPWP-X4.jpg
1592060986101900012879,ACEH,BENER MERIAH,PERMATA,BINTANG PERMATA,TPS 1,2019-10-24 23:00:05,70,92,175,162,162,162,0,https://pemilu2019.kpu.go.id/img/c/900/012/900012879/1-6101-1-C1-PPWP-X1.jpg,https://pemilu2019.kpu.go.id/img/c/900/012/900012879/1-6101-1-C1-PPWP-X2.jpg
1592060986101900012880,ACEH,BENER MERIAH,PERMATA,BINTANG PERMATA,TPS 2,2019-10-24 23:00:05,52,92,163,149,149,144,5,https://pemilu2019.kpu.go.id/img/c/900/012/900012880/1-6101-2-C1-PPWP-X3.jpg,https://pemilu2019.kpu.go.id/img/c/900/012/900012880/1-6101-2-C1-PPWP-X4.jpg
1592060986108900012899,ACEH,BENER MERIAH,PERMATA,BUNTUL PITRI,TPS 1,2019-10-24 23:00:05,87,126,230,228,221,213,8,https://pemilu2019.kpu.go.id/img/c/900/012/900012899/1-6108-1-C1-PPWP-X1.jpg,https://pemilu2019.kpu.go.id/img/c/900/012/900012899/1-6108-1-C1-PPWP-X2.jpg
1592060986108900012900,ACEH,BENER MERIAH,PERMATA,BUNTUL PITRI,TPS 2,2019-10-24 23:00:05,112,105,241,219,219,217,2,https://pemilu2019.kpu.go.id/img/c/900/012/900012900/1-6108-2-C1-PPWP-X3.jpg,https://pemilu2019.kpu.go.id/img/c/900/012/900012900/1-6108-2-C1-PPWP-X4.jpg
1592060986118900012916,ACEH,BENER MERIAH,PERMATA,BURNI PASE,TPS 1,2019-10-24 23:00:05,99,99,222,208,206,198,8,https://pemilu2019.kpu.go.id/img/c/900/012/900012916/1-6118-1-C1-PPWP-X1.jpg,https://pemilu2019.kpu.go.id/img/c/900/012/900012916/1-6118-1-C1-PPWP-X2.jpg
1592060986118900012917,ACEH,BENER MERIAH,PERMATA,BURNI PASE,TPS 2,2019-10-24 23:00:05,118,94,243,221,221,212,9,https://pemilu2019.kpu.go.id/img/c/900/012/900012917/1-6118-2-C1-PPWP-X3.jpg,https://pemilu2019.kpu.go.id/img/c/900/012/900012917/1-6118-2-C1-PPWP-X4.jpg
1592060986113900012910,ACEH,BENER MERIAH,PERMATA,CEDING AYU,TPS 1,2019-10-24 23:00:05,49,111,168,160,160,160,0,https://pemilu2019.kpu.go.id/img/c/900/012/900012910/1-6113-1-C1-PPWP-X1.jpg,https://pemilu2019.kpu.go.id/img/c/900/012/900012910/1-6113-1-C1-PPWP-X2.jpg
1592060986103900012885,ACEH,BENER MERIAH,PERMATA,DARUL AMAN,TPS 1,2019-10-24 23:00:05,50,158,233,211,211,208,3,https://pemilu2019.kpu.go.id/img/c/900/012/900012885/1-6103-1-C1-PPWP-X1.jpg,https://pemilu2019.kpu.go.id/img/c/900/012/900012885/1-6103-1-C1-PPWP-X2.jpg
1592060986103900012886,ACEH,BENER MERIAH,PERMATA,DARUL AMAN,TPS 2,2019-10-24 23:00:05,61,156,235,219,219,217,2,https://pemilu2019.kpu.go.id/img/c/900/012/900012886/7-6103-2-C1-PPWP-X3.jpg,https://pemilu2019.kpu.go.id/img/c/900/012/900012886/7-6103-2-C1-PPWP-X4.jpg
1592060986102900012881,ACEH,BENER MERIAH,PERMATA,GELAMPANG WIH TENANG UKEN,TPS 1,2019-10-24 23:00:05,80,196,320,278,278,276,2,https://pemilu2019.kpu.go.id/img/c/900/012/900012881/3-6102-1-C1-PPWP-X1.jpg,https://pemilu2019.kpu.go.id/img/c/900/012/900012881/3-6102-1-C1-PPWP-X2.jpg
1592060986102900012882,ACEH,BENER MERIAH,PERMATA,GELAMPANG WIH TENANG UKEN,TPS 2,2019-10-24 23:00:05,99,170,318,275,275,269,6,https://pemilu2019.kpu.go.id/img/c/900/012/900012882/3-6102-2-C1-PPWP-X3.jpg,https://pemilu2019.kpu.go.id/img/c/900/012/900012882/3-6102-2-C1-PPWP-X4.jpg
1592060986102900012883,ACEH,BENER MERIAH,PERMATA,GELAMPANG WIH TENANG UKEN,TPS 3,2019-10-24 23:00:05,84,184,311,273,273,269,4,https://pemilu2019.kpu.go.id/img/c/900/012/900012883/2-6102-3-C1-PPWP-X5.jpg,https://pemilu2019.kpu.go.id/img/c/900/012/900012883/2-6102-3-C1-PPWP-X6.jpg
1592060986102900012884,ACEH,BENER MERIAH,PERMATA,GELAMPANG WIH TENANG UKEN,TPS 4,2019-10-24 23:00:05,65,177,296,250,250,242,8,https://pemilu2019.kpu.go.id/img/c/900/012/900012884/1-6102-4-C1-PPWP-X7.jpg,https://pemilu2019.kpu.go.id/img/c/900/012/900012884/1-6102-4-C1-PPWP-X8.jpg
1592060986121900012921,ACEH,BENER MERIAH,PERMATA,JELOBOK,TPS 1,2019-10-24 23:00:05,109,93,244,216,216,202,14,https://pemilu2019.kpu.go.id/img/c/900/012/900012921/2-6121-1-C1-PPWP-X1.jpg,https://pemilu2019.kpu.go.id/img/c/900/012/900012921/2-6121-1-C1-PPWP-X2.jpg
1592060986121900012922,ACEH,BENER MERIAH,PERMATA,JELOBOK,TPS 2,2019-10-24 23:00:05,114,100,259,225,225,214,11,https://pemilu2019.kpu.go.id/img/c/900/012/900012922/5-6121-2-C1-PPWP-X1.jpg,https://pemilu2019.kpu.go.id/img/c/900/012/900012922/5-6121-2-C1-PPWP-X2.jpg
1592060986121900012923,ACEH,BENER MERIAH,PERMATA,JELOBOK,TPS 3,2019-10-24 23:00:05,100,103,270,221,221,203,18,https://pemilu2019.kpu.go.id/img/c/900/012/900012923/1-6121-3-C1-PPWP-X1.jpg,https://pemilu2019.kpu.go.id/img/c/900/012/900012923/1-6121-3-C1-PPWP-X2.jpg
1592060986117900012914,ACEH,BENER MERIAH,PERMATA,JUNGKE,TPS 1,2019-10-24 23:00:05,108,73,190,181,181,181,0,https://pemilu2019.kpu.go.id/img/c/900/012/900012914/1-6117-1-C1-PPWP-X1.jpg,https://pemilu2019.kpu.go.id/img/c/900/012/900012914/1-6117-1-C1-PPWP-X2.jpg
1592060986117900012915,ACEH,BENER MERIAH,PERMATA,JUNGKE,TPS 2,2019-10-24 23:00:05,82,74,172,159,159,156,3,https://pemilu2019.kpu.go.id/img/c/900/012/900012915/1-6117-2-C1-PPWP-X3.jpg,https://pemilu2019.kpu.go.id/img/c/900/012/900012915/1-6117-2-C1-PPWP-X4.jpg
1592060986122900012924,ACEH,BENER MERIAH,PERMATA,KEPIES,TPS 1,2019-10-24 23:00:05,55,136,215,194,194,191,3,https://pemilu2019.kpu.go.id/img/c/900/012/900012924/1-6122-1-C1-PPWP-X1.jpg,https://pemilu2019.kpu.go.id/img/c/900/012/900012924/1-6122-1-C1-PPWP-X2.jpg
1592060986104900012887,ACEH,BENER MERIAH,PERMATA,PANTAN TENGAH JAYA,TPS 1,2019-10-24 23:00:05,69,81,168,158,158,150,8,https://pemilu2019.kpu.go.id/img/c/900/012/900012887/3-6104-1-C1-PPWP-X1.jpg,https://pemilu2019.kpu.go.id/img/c/900/012/900012887/3-6104-1-C1-PPWP-X2.jpg
1592060986104900012888,ACEH,BENER MERIAH,PERMATA,PANTAN TENGAH JAYA,TPS 2,2019-10-24 23:00:05,99,57,170,161,161,156,5,https://pemilu2019.kpu.go.id/img/c/900/012/900012888/3-6104-2-C1-PPWP-X3.jpg,https://pemilu2019.kpu.go.id/img/c/900/012/900012888/3-6104-2-C1-PPWP-X4.jpg
1592060986120900012919,ACEH,BENER MERIAH,PERMATA,PEMANGO,TPS 1,2019-10-24 23:00:05,36,116,175,157,157,152,5,https://pemilu2019.kpu.go.id/img/c/900/012/900012919/1-6120-1-C1-PPWP-X1.jpg,https://pemilu2019.kpu.go.id/img/c/900/012/900012919/1-6120-1-C1-PPWP-X2.jpg
1592060986120900012920,ACEH,BENER MERIAH,PERMATA,PEMANGO,TPS 2,2019-10-24 23:00:05,69,81,159,154,154,150,4,https://pemilu2019.kpu.go.id/img/c/900/012/900012920/2-6120-2-C1-PPWP-X3.jpg,https://pemilu2019.kpu.go.id/img/c/900/012/900012920/2-6120-2-C1-PPWP-X4.jpg
1592060986111900012906,ACEH,BENER MERIAH,PERMATA,PENOSAN JAYA,TPS 1,2019-10-24 23:00:05,113,114,246,232,232,227,5,https://pemilu2019.kpu.go.id/img/c/900/012/900012906/1-6111-1-C1-PPWP-X1.jpg,https://pemilu2019.kpu.go.id/img/c/900/012/900012906/1-6111-1-C1-PPWP-X2.jpg
1592060986111900012907,ACEH,BENER MERIAH,PERMATA,PENOSAN JAYA,TPS 2,2019-10-24 23:00:05,127,94,244,231,231,221,10,https://pemilu2019.kpu.go.id/img/c/900/012/900012907/1-6111-2-C1-PPWP-X3.jpg,https://pemilu2019.kpu.go.id/img/c/900/012/900012907/1-6111-2-C1-PPWP-X4.jpg
1592060986111900012908,ACEH,BENER MERIAH,PERMATA,PENOSAN JAYA,TPS 3,2019-10-24 23:00:05,129,102,264,246,246,231,15,https://pemilu2019.kpu.go.id/img/c/900/012/900012908/1-6111-3-C1-PPWP-X5.jpg,https://pemilu2019.kpu.go.id/img/c/900/012/900012908/1-6111-3-C1-PPWP-X6.jpg
1592060986109900012901,ACEH,BENER MERIAH,PERMATA,RAMUNG JAYA,TPS 1,2019-10-24 23:00:05,58,140,226,202,202,192,4,https://pemilu2019.kpu.go.id/img/c/900/012/900012901/1-6109-1-C1-PPWP-X1.jpg,https://pemilu2019.kpu.go.id/img/c/900/012/900012901/1-6109-1-C1-PPWP-X2.jpg
1592060986109900012902,ACEH,BENER MERIAH,PERMATA,RAMUNG JAYA,TPS 2,2019-10-24 23:00:05,81,134,232,221,221,215,6,https://pemilu2019.kpu.go.id/img/c/900/012/900012902/1-6109-2-C1-PPWP-X3.jpg,https://pemilu2019.kpu.go.id/img/c/900/012/900012902/1-6109-2-C1-PPWP-X4.jpg
1592060986109900012903,ACEH,BENER MERIAH,PERMATA,RAMUNG JAYA,TPS 3,2019-10-24 23:00:05,75,143,236,218,218,218,0,https://pemilu2019.kpu.go.id/img/c/900/012/900012903/1-6109-3-C1-PPWP-X5.jpg,https://pemilu2019.kpu.go.id/img/c/900/012/900012903/1-6109-3-C1-PPWP-X6.jpg
1592060986116900012913,ACEH,BENER MERIAH,PERMATA,RIKIT MUSARA,TPS 1,2019-10-24 23:00:05,104,71,181,181,181,175,6,https://pemilu2019.kpu.go.id/img/c/900/012/900012913/2-6116-1-C1-PPWP-X1.jpg,https://pemilu2019.kpu.go.id/img/c/900/012/900012913/2-6116-1-C1-PPWP-X2.jpg
1592060986107900012896,ACEH,BENER MERIAH,PERMATA,SENI ANTARA,TPS 1,2019-10-24 23:00:05,173,61,270,249,249,234,15,https://pemilu2019.kpu.go.id/img/c/900/012/900012896/2-6107-1-C1-PPWP-X1.jpg,https://pemilu2019.kpu.go.id/img/c/900/012/900012896/2-6107-1-C1-PPWP-X2.jpg
1592060986107900012897,ACEH,BENER MERIAH,PERMATA,SENI ANTARA,TPS 2,2019-10-24 23:00:05,134,89,274,245,245,223,22,https://pemilu2019.kpu.go.id/img/c/900/012/900012897/2-6107-2-C1-PPWP-X3.jpg,https://pemilu2019.kpu.go.id/img/c/900/012/900012897/2-6107-2-C1-PPWP-X4.jpg
1592060986107900012898,ACEH,BENER MERIAH,PERMATA,SENI ANTARA,TPS 3,2019-10-24 23:00:05,152,80,264,242,242,232,10,https://pemilu2019.kpu.go.id/img/c/900/012/900012898/1-6107-3-C1-PPWP-X5.jpg,https://pemilu2019.kpu.go.id/img/c/900/012/900012898/1-6107-3-C1-PPWP-X6.jpg
1592060986115900012912,ACEH,BENER MERIAH,PERMATA,SUKU SARA TANGKE,TPS 1,2019-10-24 23:00:05,134,70,218,215,215,204,11,https://pemilu2019.kpu.go.id/img/c/900/012/900012912/1-6115-1-C1-PPWP-X1.jpg,https://pemilu2019.kpu.go.id/img/c/900/012/900012912/1-6115-1-C1-PPWP-X2.jpg
1592060986125900012927,ACEH,BENER MERIAH,PERMATA,TAWAR BENGI,TPS 1,2019-10-24 23:00:05,92,134,242,227,227,226,1,https://pemilu2019.kpu.go.id/img/c/900/012/900012927/1-6125-1-C1-PPWP-X1.jpg,https://pemilu2019.kpu.go.id/img/c/900/012/900012927/1-6125-1-C1-PPWP-X2.jpg
1592060986110900012904,ACEH,BENER MERIAH,PERMATA,TEMAS MUMANANG,TPS 1,2019-10-24 23:00:05,97,74,188,174,174,171,3,https://pemilu2019.kpu.go.id/img/c/900/012/900012904/1-6110-1-C1-PPWP-X1.jpg,https://pemilu2019.kpu.go.id/img/c/900/012/900012904/1-6110-1-C1-PPWP-X2.jpg
1592060986110900012905,ACEH,BENER MERIAH,PERMATA,TEMAS MUMANANG,TPS 2,2019-10-24 23:00:05,114,57,187,175,175,171,4,https://pemilu2019.kpu.go.id/img/c/900/012/900012905/1-6110-2-C1-PPWP-X1.jpg,https://pemilu2019.kpu.go.id/img/c/900/012/900012905/1-6110-2-C1-PPWP-X2.jpg
1592060986123900012925,ACEH,BENER MERIAH,PERMATA,TIMUR JAYA,TPS 1,2019-10-24 23:00:05,81,31,130,115,115,112,3,https://pemilu2019.kpu.go.id/img/c/900/012/900012925/2-6123-1-C1-PPWP-X1.jpg,https://pemilu2019.kpu.go.id/img/c/900/012/900012925/2-6123-1-C1-PPWP-X2.jpg
1592060986114900012911,ACEH,BENER MERIAH,PERMATA,UNING SEJUK,TPS 1,2019-10-24 23:00:05,114,114,246,232,232,228,4,https://pemilu2019.kpu.go.id/img/c/900/012/900012911/1-6114-1-C1-PPWP-X1.jpg,https://pemilu2019.kpu.go.id/img/c/900/012/900012911/1-6114-1-C1-PPWP-X2.jpg
1592060986099900012872,ACEH,BENER MERIAH,PERMATA,WIH TENANG TOA,TPS 1,2019-10-24 23:00:05,76,131,232,214,214,207,7,https://pemilu2019.kpu.go.id/img/c/900/012/900012872/1-6099-1-C1-PPWP-X1.jpg,https://pemilu2019.kpu.go.id/img/c/900/012/900012872/1-6099-1-C1-PPWP-X2.jpg
1592060986099900012873,ACEH,BENER MERIAH,PERMATA,WIH TENANG TOA,TPS 2,2019-10-24 23:00:05,116,84,228,204,204,200,4,https://pemilu2019.kpu.go.id/img/c/900/012/900012873/1-6099-2-C1-PPWP-X3.jpg,https://pemilu2019.kpu.go.id/img/c/900/012/900012873/1-6099-2-C1-PPWP-X4.jpg
1592060986099900012874,ACEH,BENER MERIAH,PERMATA,WIH TENANG TOA,TPS 3,2019-10-24 23:00:05,83,112,227,203,203,195,8,https://pemilu2019.kpu.go.id/img/c/900/012/900012874/1-6099-3-C1-PPWP-X5.jpg,https://pemilu2019.kpu.go.id/img/c/900/012/900012874/1-6099-3-C1-PPWP-X6.jpg
1592060986106900012891,ACEH,BENER MERIAH,PERMATA,WIH TENANG UKEN,TPS 1,2019-10-24 23:00:05,90,149,299,259,259,239,20,https://pemilu2019.kpu.go.id/img/c/900/012/900012891/1-6106-1-C1-PPWP-X1.jpg,https://pemilu2019.kpu.go.id/img/c/900/012/900012891/1-6106-1-C1-PPWP-X2.jpg
1592060986106900012892,ACEH,BENER MERIAH,PERMATA,WIH TENANG UKEN,TPS 2,2019-10-24 23:00:05,77,147,265,237,237,224,13,https://pemilu2019.kpu.go.id/img/c/900/012/900012892/1-6106-2-C1-PPWP-X3.jpg,https://pemilu2019.kpu.go.id/img/c/900/012/900012892/1-6106-2-C1-PPWP-X4.jpg
1592060986106900012893,ACEH,BENER MERIAH,PERMATA,WIH TENANG UKEN,TPS 3,2019-10-24 23:00:05,98,142,283,250,250,240,10,https://pemilu2019.kpu.go.id/img/c/900/012/900012893/2-6106-3-C1-PPWP-X5.jpg,https://pemilu2019.kpu.go.id/img/c/900/012/900012893/2-6106-3-C1-PPWP-X6.jpg
1592060986106900012894,ACEH,BENER MERIAH,PERMATA,WIH TENANG UKEN,TPS 4,2019-10-24 23:00:05,81,148,276,248,248,229,19,https://pemilu2019.kpu.go.id/img/c/900/012/900012894/2-6106-4-C1-PPWP-X7.jpg,https://pemilu2019.kpu.go.id/img/c/900/012/900012894/2-6106-4-C1-PPWP-X8.jpg
1592060986106900012895,ACEH,BENER MERIAH,PERMATA,WIH TENANG UKEN,TPS 5,2019-10-24 23:00:05,83,135,264,228,228,218,10,https://pemilu2019.kpu.go.id/img/c/900/012/900012895/1-6106-5-C1-PPWP-X9.jpg,https://pemilu2019.kpu.go.id/img/c/900/012/900012895/1-6106-5-C1-PPWP-X10.jpg
1592059525958900012614,ACEH,BENER MERIAH,PINTU RIME GAYO,ALUR CINCIN,TPS 1,2019-10-24 23:00:05,97,69,183,169,169,166,3,https://pemilu2019.kpu.go.id/img/c/900/012/900012614/5958-1-C1-PPWP-X1.jpg,https://pemilu2019.kpu.go.id/img/c/900/012/900012614/5958-1-C1-PPWP-X2.jpg
1592059525958900012615,ACEH,BENER MERIAH,PINTU RIME GAYO,ALUR CINCIN,TPS 2,2019-10-24 23:00:05,74,61,167,142,142,135,7,https://pemilu2019.kpu.go.id/img/c/900/012/900012615/5958-2-C1-PPWP-X3.jpg,https://pemilu2019.kpu.go.id/img/c/900/012/900012615/5958-2-C1-PPWP-X4.jpg
1592059525955900012603,ACEH,BENER MERIAH,PINTU RIME GAYO,ALUR GADING,TPS 1,2019-10-24 23:00:05,126,136,302,264,264,262,2,https://pemilu2019.kpu.go.id/img/c/900/012/900012603/5955-1-C1-PPWP-X1.jpg,https://pemilu2019.kpu.go.id/img/c/900/012/900012603/5955-1-C1-PPWP-X2.jpg
1592059525955900012604,ACEH,BENER MERIAH,PINTU RIME GAYO,ALUR GADING,TPS 2,2019-10-24 23:00:05,91,84,211,181,181,175,6,https://pemilu2019.kpu.go.id/img/c/900/012/900012604/5955-2-C1-PPWP-X3.jpg,https://pemilu2019.kpu.go.id/img/c/900/012/900012604/5955-2-C1-PPWP-X4.jpg
1592059525955900012605,ACEH,BENER MERIAH,PINTU RIME GAYO,ALUR GADING,TPS 3,2019-10-24 23:00:05,138,115,320,262,262,253,9,https://pemilu2019.kpu.go.id/img/c/900/012/900012605/5955-3-C1-PPWP-X5.jpg,https://pemilu2019.kpu.go.id/img/c/900/012/900012605/5955-3-C1-PPWP-X6.jpg
1592059525969900012631,ACEH,BENER MERIAH,PINTU RIME GAYO,BENER MERIAH,TPS 1,2019-10-24 23:00:05,126,74,218,203,203,200,3,https://pemilu2019.kpu.go.id/img/c/900/012/900012631/5969-1-C1-PPWP-X1.jpg,https://pemilu2019.kpu.go.id/img/c/900/012/900012631/5969-1-C1-PPWP-X2.jpg
1592059525960900012617,ACEH,BENER MERIAH,PINTU RIME GAYO,BINTANG BERANGUN,TPS 1,2019-10-24 23:00:05,56,82,164,142,142,138,4,https://pemilu2019.kpu.go.id/img/c/900/012/900012617/1-5960-1-C1-PPWP-X1.jpg,https://pemilu2019.kpu.go.id/img/c/900/012/900012617/1-5960-1-C1-PPWP-X2.jpg
1592059525960900012618,ACEH,BENER MERIAH,PINTU RIME GAYO,BINTANG BERANGUN,TPS 2,2019-10-24 23:00:05,60,75,153,139,139,135,4,https://pemilu2019.kpu.go.id/img/c/900/012/900012618/5960-2-C1-PPWP-X1.jpg,https://pemilu2019.kpu.go.id/img/c/900/012/900012618/5960-2-C1-PPWP-X2.jpg
1592059525975900012638,ACEH,BENER MERIAH,PINTU RIME GAYO,BLANG ARA,TPS 1,2019-10-24 23:00:05,103,79,200,185,185,182,3,https://pemilu2019.kpu.go.id/img/c/900/012/900012638/5975-1-C1-PPWP-X1.jpg,https://pemilu2019.kpu.go.id/img/c/900/012/900012638/5975-1-C1-PPWP-X2.jpg
1592059525956900012606,ACEH,BENER MERIAH,PINTU RIME GAYO,BLANG RAKAL,TPS 1,2019-10-24 23:00:05,50,118,230,171,171,168,3,https://pemilu2019.kpu.go.id/img/c/900/012/900012606/5956-1-C1-PPWP-X1.jpg,https://pemilu2019.kpu.go.id/img/c/900/012/900012606/5956-1-C1-PPWP-X2.jpg
1592059525956900012607,ACEH,BENER MERIAH,PINTU RIME GAYO,BLANG RAKAL,TPS 2,2019-10-24 23:00:05,53,126,223,184,184,179,5,https://pemilu2019.kpu.go.id/img/c/900/012/900012607/1-5956-2-C1-PPWP-01.jpg,https://pemilu2019.kpu.go.id/img/c/900/012/900012607/1-5956-2-C1-PPWP-02.jpg
1592059525956900012608,ACEH,BENER MERIAH,PINTU RIME GAYO,BLANG RAKAL,TPS 3,2019-10-24 23:00:05,73,108,234,185,185,181,4,https://pemilu2019.kpu.go.id/img/c/900/012/900012608/5956-3-C1-PPWP-X3.jpg,https://pemilu2019.kpu.go.id/img/c/900/012/900012608/5956-3-C1-PPWP-X4.jpg
1592059525956900012609,ACEH,BENER MERIAH,PINTU RIME GAYO,BLANG RAKAL,TPS 4,2019-10-24 23:00:05,55,94,220,161,161,149,12,https://pemilu2019.kpu.go.id/img/c/900/012/900012609/5956-4-C1-PPWP-X5.jpg,https://pemilu2019.kpu.go.id/img/c/900/012/900012609/5956-4-C1-PPWP-X6.jpg
1592059525973900012635,ACEH,BENER MERIAH,PINTU RIME GAYO,GEMASIH,TPS 1,2019-10-24 23:00:05,80,65,161,152,152,145,7,https://pemilu2019.kpu.go.id/img/c/900/012/900012635/5973-1-C1-PPWP-X1.jpg,https://pemilu2019.kpu.go.id/img/c/900/012/900012635/5973-1-C1-PPWP-X2.jpg
1592059525973900012636,ACEH,BENER MERIAH,PINTU RIME GAYO,GEMASIH,TPS 2,2019-10-24 23:00:05,72,53,144,128,128,125,3,https://pemilu2019.kpu.go.id/img/c/900/012/900012636/1-5973-2-C1-PPWP-01.jpg,https://pemilu2019.kpu.go.id/img/c/900/012/900012636/1-5973-2-C1-PPWP-02.jpg
1592059525970900012632,ACEH,BENER MERIAH,PINTU RIME GAYO,MUSARA58,TPS 1,2019-10-24 23:00:05,124,63,204,191,191,107,4,https://pemilu2019.kpu.go.id/img/c/900/012/900012632/2-5970-1-C1-PPWP-X1.jpg,https://pemilu2019.kpu.go.id/img/c/900/012/900012632/2-5970-1-C1-PPWP-X2.jpg
1592059525971900012633,ACEH,BENER MERIAH,PINTU RIME GAYO,MUSARA PAKAT,TPS 1,2019-10-24 23:00:05,114,111,256,234,234,225,9,https://pemilu2019.kpu.go.id/img/c/900/012/900012633/5971-1-C1-PPWP-X1.jpg,https://pemilu2019.kpu.go.id/img/c/900/012/900012633/5971-1-C1-PPWP-X2.jpg
1592059525957900012610,ACEH,BENER MERIAH,PINTU RIME GAYO,NEGERI ANTARA,TPS 1,2019-10-24 23:00:05,66,106,236,182,182,172,10,https://pemilu2019.kpu.go.id/img/c/900/012/900012610/3-5957-1-C1-PPWP-X1.jpg,https://pemilu2019.kpu.go.id/img/c/900/012/900012610/3-5957-1-C1-PPWP-X2.jpg
1592059525957900012611,ACEH,BENER MERIAH,PINTU RIME GAYO,NEGERI ANTARA,TPS 2,2019-10-24 23:00:05,56,103,227,164,164,159,5,https://pemilu2019.kpu.go.id/img/c/900/012/900012611/5957-2-C1-PPWP-X3.jpg,https://pemilu2019.kpu.go.id/img/c/900/012/900012611/5957-2-C1-PPWP-X4.jpg
1592059525957900012612,ACEH,BENER MERIAH,PINTU RIME GAYO,NEGERI ANTARA,TPS 3,2019-10-24 23:00:05,74,91,216,168,168,165,3,https://pemilu2019.kpu.go.id/img/c/900/012/900012612/5957-3-C1-PPWP-X5.jpg,https://pemilu2019.kpu.go.id/img/c/900/012/900012612/5957-3-C1-PPWP-X6.jpg
1592059525957900012613,ACEH,BENER MERIAH,PINTU RIME GAYO,NEGERI ANTARA,TPS 4,2019-10-24 23:00:05,58,125,244,191,191,183,8,https://pemilu2019.kpu.go.id/img/c/900/012/900012613/5957-4-C1-PPWP-X7.jpg,https://pemilu2019.kpu.go.id/img/c/900/012/900012613/5957-4-C1-PPWP-X8.jpg
1592059525966900012625,ACEH,BENER MERIAH,PINTU RIME GAYO,PANCAR JELOBOK,TPS 1,2019-10-24 23:00:05,146,75,284,235,235,221,14,https://pemilu2019.kpu.go.id/img/c/900/012/900012625/5966-1-C1-PPWP-X1.jpg,https://pemilu2019.kpu.go.id/img/c/900/012/900012625/5966-1-C1-PPWP-X2.jpg
1592059525966900012626,ACEH,BENER MERIAH,PINTU RIME GAYO,PANCAR JELOBOK,TPS 2,2019-10-24 23:00:05,132,83,260,226,226,215,11,https://pemilu2019.kpu.go.id/img/c/900/012/900012626/5966-2-C1-PPWP-X3.jpg,https://pemilu2019.kpu.go.id/img/c/900/012/900012626/5966-2-C1-PPWP-X4.jpg
1592059525965900012624,ACEH,BENER MERIAH,PINTU RIME GAYO,PANTANLAH,TPS 1,2019-10-24 23:00:05,19,58,106,78,78,77,1,https://pemilu2019.kpu.go.id/img/c/900/012/900012624/5965-1-C1-PPWP-X1.jpg,https://pemilu2019.kpu.go.id/img/c/900/012/900012624/5965-1-C1-PPWP-X2.jpg
1592059525959900012616,ACEH,BENER MERIAH,PINTU RIME GAYO,PANTAN SINAKU,TPS 1,2019-10-24 23:00:05,85,89,226,177,177,174,3,https://pemilu2019.kpu.go.id/img/c/900/012/900012616/5959-1-C1-PPWP-X1.jpg,https://pemilu2019.kpu.go.id/img/c/900/012/900012616/5959-1-C1-PPWP-X2.jpg
1592059525963900012621,ACEH,BENER MERIAH,PINTU RIME GAYO,PERDAMAIAN,TPS 1,2019-10-24 23:00:05,92,128,252,227,227,220,7,https://pemilu2019.kpu.go.id/img/c/900/012/900012621/1-5963-1-C1-PPWP-X1.jpg,https://pemilu2019.kpu.go.id/img/c/900/012/900012621/1-5963-1-C1-PPWP-X2.jpg
1592059525963900012622,ACEH,BENER MERIAH,PINTU RIME GAYO,PERDAMAIAN,TPS 2,2019-10-24 23:00:05,103,111,239,216,216,214,2,https://pemilu2019.kpu.go.id/img/c/900/012/900012622/8-5963-2-C1-PPWP-X1.jpg,https://pemilu2019.kpu.go.id/img/c/900/012/900012622/8-5963-2-C1-PPWP-X2.jpg
1592059525974900012637,ACEH,BENER MERIAH,PINTU RIME GAYO,PULO INTAN,TPS 1,2019-10-24 23:00:05,99,84,205,184,184,183,1,https://pemilu2019.kpu.go.id/img/c/900/012/900012637/5974-1-C1-PPWP-X1.jpg,https://pemilu2019.kpu.go.id/img/c/900/012/900012637/5974-1-C1-PPWP-X2.jpg
1592059525972900012634,ACEH,BENER MERIAH,PINTU RIME GAYO,RATA ARA,TPS 1,2019-10-24 23:00:05,116,111,249,231,231,227,4,https://pemilu2019.kpu.go.id/img/c/900/012/900012634/1-5972-1-C1-PPWP-X1.jpg,https://pemilu2019.kpu.go.id/img/c/900/012/900012634/1-5972-1-C1-PPWP-X2.jpg
1592059525953900012596,ACEH,BENER MERIAH,PINTU RIME GAYO,RIME RAYA,TPS 1,2019-10-24 23:00:05,71,153,296,234,234,224,10,https://pemilu2019.kpu.go.id/img/c/900/012/900012596/5953-1-C1-PPWP-X1.jpg,https://pemilu2019.kpu.go.id/img/c/900/012/900012596/5953-1-C1-PPWP-X2.jpg
1592059525953900012597,ACEH,BENER MERIAH,PINTU RIME GAYO,RIME RAYA,TPS 2,2019-10-24 23:00:05,54,126,256,190,190,180,10,https://pemilu2019.kpu.go.id/img/c/900/012/900012597/5953-2-C1-PPWP-X3.jpg,https://pemilu2019.kpu.go.id/img/c/900/012/900012597/5953-2-C1-PPWP-X4.jpg
1592059525953900012598,ACEH,BENER MERIAH,PINTU RIME GAYO,RIME RAYA,TPS 3,2019-10-24 23:00:05,97,112,272,224,222,209,13,https://pemilu2019.kpu.go.id/img/c/900/012/900012598/5953-3-C1-PPWP-X5.jpg,https://pemilu2019.kpu.go.id/img/c/900/012/900012598/5953-3-C1-PPWP-X6.jpg
1592059525953900012599,ACEH,BENER MERIAH,PINTU RIME GAYO,RIME RAYA,TPS 4,2019-10-24 23:00:05,59,124,274,192,192,183,9,https://pemilu2019.kpu.go.id/img/c/900/012/900012599/5953-4-C1-PPWP-X7.jpg,https://pemilu2019.kpu.go.id/img/c/900/012/900012599/5953-4-C1-PPWP-X8.jpg
1592059525967900012627,ACEH,BENER MERIAH,PINTU RIME GAYO,SIMPANG LANCANG,TPS 1,2019-10-24 23:00:05,92,61,175,160,160,153,7,https://pemilu2019.kpu.go.id/img/c/900/012/900012627/5967-1-C1-PPWP-X1.jpg,https://pemilu2019.kpu.go.id/img/c/900/012/900012627/5967-1-C1-PPWP-X2.jpg
1592059525967900012628,ACEH,BENER MERIAH,PINTU RIME GAYO,SIMPANG LANCANG,TPS 2,2019-10-24 23:00:05,70,85,178,160,160,155,5,https://pemilu2019.kpu.go.id/img/c/900/012/900012628/5967-2-C1-PPWP-X3.jpg,https://pemilu2019.kpu.go.id/img/c/900/012/900012628/5967-2-C1-PPWP-X4.jpg
1592059525954900012600,ACEH,BENER MERIAH,PINTU RIME GAYO,SINGGAH MULO,TPS 1,2019-10-24 23:00:05,70,127,239,201,201,197,4,https://pemilu2019.kpu.go.id/img/c/900/012/900012600/1-5954-1-C1-PPWP-01.jpg,https://pemilu2019.kpu.go.id/img/c/900/012/900012600/1-5954-1-C1-PPWP-X2.jpg
1592059525954900012601,ACEH,BENER MERIAH,PINTU RIME GAYO,SINGGAH MULO,TPS 2,2019-10-24 23:00:05,80,118,194,206,206,198,8,https://pemilu2019.kpu.go.id/img/c/900/012/900012601/1-5954-2-C1-PPWP-X3.jpg,https://pemilu2019.kpu.go.id/img/c/900/012/900012601/1-5954-2-C1-PPWP-X4.jpg
1592059525954900012602,ACEH,BENER MERIAH,PINTU RIME GAYO,SINGGAH MULO,TPS 3,2019-10-24 23:00:05,87,111,248,204,204,198,6,https://pemilu2019.kpu.go.id/img/c/900/012/900012602/5954-3-C1-PPWP-X1.jpg,https://pemilu2019.kpu.go.id/img/c/900/012/900012602/5954-3-C1-PPWP-X2.jpg
1592059525961900012619,ACEH,BENER MERIAH,PINTU RIME GAYO,TAMAN FIRDAUS,TPS 1,2019-10-24 23:00:05,133,60,208,196,196,193,3,https://pemilu2019.kpu.go.id/img/c/900/012/900012619/5961-1-C1-PPWP-X1.jpg,https://pemilu2019.kpu.go.id/img/c/900/012/900012619/5961-1-C1-PPWP-X2.jpg
1592059525964900012623,ACEH,BENER MERIAH,PINTU RIME GAYO,ULU NARON,TPS 1,2019-10-24 23:00:05,107,34,150,144,144,141,3,https://pemilu2019.kpu.go.id/img/c/900/012/900012623/5964-1-C1-PPWP-X1.jpg,https://pemilu2019.kpu.go.id/img/c/900/012/900012623/5964-1-C1-PPWP-X2.jpg
1592059525962900012620,ACEH,BENER MERIAH,PINTU RIME GAYO,UNING MAS,TPS 1,2019-10-24 23:00:05,70,22,98,93,93,92,1,https://pemilu2019.kpu.go.id/img/c/900/012/900012620/5962-1-C1-PPWP-X1.jpg,https://pemilu2019.kpu.go.id/img/c/900/012/900012620/5962-1-C1-PPWP-X2.jpg
1592059525968900012629,ACEH,BENER MERIAH,PINTU RIME GAYO,WEH PORAK,TPS 1,2019-10-24 23:00:05,93,65,171,164,164,158,6,https://pemilu2019.kpu.go.id/img/c/900/012/900012629/5968-1-C1-PPWP-X1.jpg,https://pemilu2019.kpu.go.id/img/c/900/012/900012629/5968-1-C1-PPWP-X2.jpg
1592059525968900012630,ACEH,BENER MERIAH,PINTU RIME GAYO,WEH PORAK,TPS 2,2019-10-24 23:00:05,82,67,174,153,153,149,5,https://pemilu2019.kpu.go.id/img/c/900/012/900012630/5968-2-C1-PPWP-X3.jpg,https://pemilu2019.kpu.go.id/img/c/900/012/900012630/5968-2-C1-PPWP-X4.jpg
1592060816089900012866,ACEH,BENER MERIAH,SYIAH UTAMA,BLANG PANU,TPS 1,2019-10-24 23:00:05,39,81,120,120,120,120,0,https://pemilu2019.kpu.go.id/img/c/900/012/900012866/6089-1-C1-PPWP-X1.jpg,https://pemilu2019.kpu.go.id/img/c/900/012/900012866/6089-1-C1-PPWP-X2.jpg
1592060816087900012864,ACEH,BENER MERIAH,SYIAH UTAMA,GERPA,TPS 1,2019-10-24 23:00:05,44,40,84,84,84,84,0,https://pemilu2019.kpu.go.id/img/c/900/012/900012864/6087-1-C-XXX-X5.jpg,https://pemilu2019.kpu.go.id/img/c/900/012/900012864/6087-1-C-XXX-X6.jpg
1592060816094900012871,ACEH,BENER MERIAH,SYIAH UTAMA,GERUTI JAYA,TPS 1,2019-10-24 23:00:05,26,17,43,43,43,43,0,https://pemilu2019.kpu.go.id/img/c/900/012/900012871/6094-1-C-XXX-X5.jpg,https://pemilu2019.kpu.go.id/img/c/900/012/900012871/6094-1-C-XXX-X6.jpg
1592060816088900012865,ACEH,BENER MERIAH,SYIAH UTAMA,GONENG,TPS 1,2019-10-24 23:00:05,28,27,55,55,55,55,0,https://pemilu2019.kpu.go.id/img/c/900/012/900012865/6088-1-C1-PPWP-X1.jpg,https://pemilu2019.kpu.go.id/img/c/900/012/900012865/6088-1-C1-PPWP-X2.jpg
1592060816086900012863,ACEH,BENER MERIAH,SYIAH UTAMA,KERLANG,TPS 1,2019-10-24 23:00:05,31,34,65,65,65,65,0,https://pemilu2019.kpu.go.id/img/c/900/012/900012863/6086-1-C-XXX-X5.jpg,https://pemilu2019.kpu.go.id/img/c/900/012/900012863/6086-1-C-XXX-X6.jpg
1592060816084900012861,ACEH,BENER MERIAH,SYIAH UTAMA,KUTELAH LANE,TPS 1,2019-10-24 23:00:05,15,60,75,75,75,75,0,https://pemilu2019.kpu.go.id/img/c/900/012/900012861/6084-1-C1-PPWP-X1.jpg,https://pemilu2019.kpu.go.id/img/c/900/012/900012861/6084-1-C1-PPWP-X2.jpg
1592060816091900012868,ACEH,BENER MERIAH,SYIAH UTAMA,PASIR PUTIH,TPS 1,2019-10-24 23:00:05,20,21,45,41,41,41,0,https://pemilu2019.kpu.go.id/img/c/900/012/900012868/6091-1-C-XXX-X5.jpg,https://pemilu2019.kpu.go.id/img/c/900/012/900012868/6091-1-C-XXX-X6.jpg
1592060816085900012862,ACEH,BENER MERIAH,SYIAH UTAMA,PAYUNG,TPS 1,2019-10-24 23:00:05,31,53,84,84,84,84,0,https://pemilu2019.kpu.go.id/img/c/900/012/900012862/6085-1-C-XXX-X5.jpg,https://pemilu2019.kpu.go.id/img/c/900/012/900012862/6085-1-C-XXX-X6.jpg
1592060816092900012869,ACEH,BENER MERIAH,SYIAH UTAMA,RATA MULIE,TPS 1,2019-10-24 23:00:05,31,48,79,79,79,79,0,https://pemilu2019.kpu.go.id/img/c/900/012/900012869/6092-1-C-XXX-X5.jpg,https://pemilu2019.kpu.go.id/img/c/900/012/900012869/6092-1-C-XXX-X6.jpg
1592060816090900012867,ACEH,BENER MERIAH,SYIAH UTAMA,RUSIP,TPS 1,2019-10-24 23:00:05,113,55,186,172,172,168,4,https://pemilu2019.kpu.go.id/img/c/900/012/900012867/6090-1-C-XXX-X5.jpg,https://pemilu2019.kpu.go.id/img/c/900/012/900012867/6090-1-C-XXX-X6.jpg
1592060816082900012859,ACEH,BENER MERIAH,SYIAH UTAMA,TEMBOLON,TPS 1,2019-10-24 23:00:05,79,20,99,99,99,99,0,https://pemilu2019.kpu.go.id/img/c/900/012/900012859/6082-1-C-XXX-X5.jpg,https://pemilu2019.kpu.go.id/img/c/900/012/900012859/6082-1-C-XXX-X6.jpg
1592060816093900012870,ACEH,BENER MERIAH,SYIAH UTAMA,TEMPEN BARU,TPS 1,2019-10-24 23:00:05,39,10,49,49,49,49,0,https://pemilu2019.kpu.go.id/img/c/900/012/900012870/6093-1-C-XXX-X5.jpg,https://pemilu2019.kpu.go.id/img/c/900/012/900012870/6093-1-C-XXX-X6.jpg
15920608191400900798311,ACEH,BENER MERIAH,SYIAH UTAMA,UNING,TPS 1,2019-10-24 23:00:05,9,38,48,48,48,47,1,https://pemilu2019.kpu.go.id/img/c/900/798/900798311/91400-1-C-XXX-X5.jpg,https://pemilu2019.kpu.go.id/img/c/900/798/900798311/91400-1-C-XXX-X6.jpg
1592060816083900012860,ACEH,BENER MERIAH,SYIAH UTAMA,WIH DORIN,TPS 1,2019-10-24 23:00:05,94,66,210,165,165,160,5,https://pemilu2019.kpu.go.id/img/c/900/012/900012860/6083-1-C-XXX-X5.jpg,https://pemilu2019.kpu.go.id/img/c/900/012/900012860/6083-1-C-XXX-X6.jpg
1592059215922900012528,ACEH,BENER MERIAH,TIMANG GAJAH,BANDAR LAMPAHAN,TPS 1,2019-10-24 23:00:05,90,105,219,198,196,195,1,https://pemilu2019.kpu.go.id/img/c/900/012/900012528/5922-1-C-XXX-X5.jpg,https://pemilu2019.kpu.go.id/img/c/900/012/900012528/5922-1-C-XXX-X6.jpg
1592059215922900012529,ACEH,BENER MERIAH,TIMANG GAJAH,BANDAR LAMPAHAN,TPS 2,2019-10-24 23:00:05,112,128,262,248,248,240,8,https://pemilu2019.kpu.go.id/img/c/900/012/900012529/5922-2-C-XXX-X5.jpg,https://pemilu2019.kpu.go.id/img/c/900/012/900012529/5922-2-C-XXX-X6.jpg
1592059215926900012538,ACEH,BENER MERIAH,TIMANG GAJAH,BLANG RONGKA,TPS 1,2019-10-24 23:00:05,59,124,232,193,193,183,10,https://pemilu2019.kpu.go.id/img/c/900/012/900012538/5926-1-C-XXX-X5.jpg,https://pemilu2019.kpu.go.id/img/c/900/012/900012538/5926-1-C-XXX-X6.jpg
1592059215926900012539,ACEH,BENER MERIAH,TIMANG GAJAH,BLANG RONGKA,TPS 2,2019-10-24 23:00:05,45,144,232,201,201,189,12,https://pemilu2019.kpu.go.id/img/c/900/012/900012539/1-5926-2-C1-PPWP-X1.jpg,https://pemilu2019.kpu.go.id/img/c/900/012/900012539/1-5926-2-C1-PPWP-X2.jpg
1592059215926900012540,ACEH,BENER MERIAH,TIMANG GAJAH,BLANG RONGKA,TPS 3,2019-10-24 23:00:05,48,137,230,194,194,185,9,https://pemilu2019.kpu.go.id/img/c/900/012/900012540/5926-3-C-XXX-X5.jpg,https://pemilu2019.kpu.go.id/img/c/900/012/900012540/5926-3-C-XXX-X6.jpg
1592059215926900012541,ACEH,BENER MERIAH,TIMANG GAJAH,BLANG RONGKA,TPS 4,2019-10-24 23:00:05,62,141,271,212,212,203,9,https://pemilu2019.kpu.go.id/img/c/900/012/900012541/1-5926-4-C1-PPWP-X3.jpg,https://pemilu2019.kpu.go.id/img/c/900/012/900012541/1-5926-4-C1-PPWP-X4.jpg
1592059215951900012593,ACEH,BENER MERIAH,TIMANG GAJAH,BUKIT MULIE,TPS 1,2019-10-24 23:00:05,93,125,235,221,221,218,3,https://pemilu2019.kpu.go.id/img/c/900/012/900012593/5951-1-C1-PPWP-X1.jpg,https://pemilu2019.kpu.go.id/img/c/900/012/900012593/5951-1-C1-PPWP-X2.jpg
1592059215951900012594,ACEH,BENER MERIAH,TIMANG GAJAH,BUKIT MULIE,TPS 2,2019-10-24 23:00:05,99,106,232,215,215,205,10,https://pemilu2019.kpu.go.id/img/c/900/012/900012594/5951-2-C1-PPWP-X1.jpg,https://pemilu2019.kpu.go.id/img/c/900/012/900012594/5951-2-C1-PPWP-X2.jpg
1592059215951900012595,ACEH,BENER MERIAH,TIMANG GAJAH,BUKIT MULIE,TPS 3,2019-10-24 23:00:05,92,119,228,213,213,211,2,https://pemilu2019.kpu.go.id/img/c/900/012/900012595/5951-3-C1-PPWP-X1.jpg,https://pemilu2019.kpu.go.id/img/c/900/012/900012595/5951-3-C1-PPWP-X2.jpg
1592059215946900012583,ACEH,BENER MERIAH,TIMANG GAJAH,BUKIT TUNYANG,TPS 1,2019-10-24 23:00:05,83,85,184,171,171,168,3,https://pemilu2019.kpu.go.id/img/c/900/012/900012583/5946-1-C-XXX-X5.jpg,https://pemilu2019.kpu.go.id/img/c/900/012/900012583/5946-1-C-XXX-X6.jpg
1592059215939900012565,ACEH,BENER MERIAH,TIMANG GAJAH,BUMI AYU,TPS 1,2019-10-24 23:00:05,90,119,232,216,216,209,7,https://pemilu2019.kpu.go.id/img/c/900/012/900012565/5939-1-C1-PPWP-X1.jpg,https://pemilu2019.kpu.go.id/img/c/900/012/900012565/5939-1-C1-PPWP-X2.jpg
1592059215939900012566,ACEH,BENER MERIAH,TIMANG GAJAH,BUMI AYU,TPS 2,2019-10-24 23:00:05,83,140,246,227,227,223,4,https://pemilu2019.kpu.go.id/img/c/900/012/900012566/5939-2-C1-PPWP-X1.jpg,https://pemilu2019.kpu.go.id/img/c/900/012/900012566/5939-2-C1-PPWP-X2.jpg
1592059215939900012567,ACEH,BENER MERIAH,TIMANG GAJAH,BUMI AYU,TPS 3,2019-10-24 23:00:05,71,134,231,213,213,205,8,https://pemilu2019.kpu.go.id/img/c/900/012/900012567/5939-3-C-XXX-X5.jpg,https://pemilu2019.kpu.go.id/img/c/900/012/900012567/5939-3-C-XXX-X6.jpg
1592059215931900012549,ACEH,BENER MERIAH,TIMANG GAJAH,CEKAL BARU,TPS 1,2019-10-24 23:00:05,93,114,238,220,220,207,13,https://pemilu2019.kpu.go.id/img/c/900/012/900012549/5931-1-C-XXX-X5.jpg,https://pemilu2019.kpu.go.id/img/c/900/012/900012549/5931-1-C-XXX-X6.jpg
1592059215931900012550,ACEH,BENER MERIAH,TIMANG GAJAH,CEKAL BARU,TPS 2,2019-10-24 23:00:05,78,132,238,220,220,210,10,https://pemilu2019.kpu.go.id/img/c/900/012/900012550/5931-2-C-XXX-X5.jpg,https://pemilu2019.kpu.go.id/img/c/900/012/900012550/5931-2-C-XXX-X6.jpg
1592059215931900012551,ACEH,BENER MERIAH,TIMANG GAJAH,CEKAL BARU,TPS 3,2019-10-24 23:00:05,92,116,242,219,219,208,11,https://pemilu2019.kpu.go.id/img/c/900/012/900012551/5931-3-C-XXX-X5.jpg,https://pemilu2019.kpu.go.id/img/c/900/012/900012551/5931-3-C-XXX-X6.jpg
1592059215931900012552,ACEH,BENER MERIAH,TIMANG GAJAH,CEKAL BARU,TPS 4,2019-10-24 23:00:05,94,120,246,220,220,214,6,https://pemilu2019.kpu.go.id/img/c/900/012/900012552/5931-4-C-XXX-X5.jpg,https://pemilu2019.kpu.go.id/img/c/900/012/900012552/5931-4-C-XXX-X6.jpg
1592059215934900012556,ACEH,BENER MERIAH,TIMANG GAJAH,DAMARAN BARU,TPS 1,2019-10-24 23:00:05,92,127,253,224,224,219,5,https://pemilu2019.kpu.go.id/img/c/900/012/900012556/5934-1-C-XXX-X5.jpg,https://pemilu2019.kpu.go.id/img/c/900/012/900012556/5934-1-C-XXX-X6.jpg
1592059215934900012557,ACEH,BENER MERIAH,TIMANG GAJAH,DAMARAN BARU,TPS 2,2019-10-24 23:00:05,97,141,261,239,239,238,1,https://pemilu2019.kpu.go.id/img/c/900/012/900012557/5934-2-C-XXX-X5.jpg,https://pemilu2019.kpu.go.id/img/c/900/012/900012557/5934-2-C-XXX-X6.jpg
1592059215948900012585,ACEH,BENER MERIAH,TIMANG GAJAH,DATU BERU TUNYANG,TPS 1,2019-10-24 23:00:05,61,96,191,160,160,157,3,https://pemilu2019.kpu.go.id/img/c/900/012/900012585/5948-1-C-XXX-X5.jpg,https://pemilu2019.kpu.go.id/img/c/900/012/900012585/5948-1-C-XXX-X6.jpg
1592059215948900012586,ACEH,BENER MERIAH,TIMANG GAJAH,DATU BERU TUNYANG,TPS 2,2019-10-24 23:00:05,37,72,141,110,110,109,1,https://pemilu2019.kpu.go.id/img/c/900/012/900012586/5948-2-C-XXX-X5.jpg,https://pemilu2019.kpu.go.id/img/c/900/012/900012586/5948-2-C-XXX-X6.jpg
1592059215935900012558,ACEH,BENER MERIAH,TIMANG GAJAH,FAJAR HARAPAN,TPS 1,2019-10-24 23:00:05,103,72,191,178,178,175,3,https://pemilu2019.kpu.go.id/img/c/900/012/900012558/5935-1-C-XXX-X5.jpg,https://pemilu2019.kpu.go.id/img/c/900/012/900012558/5935-1-C-XXX-X6.jpg
1592059215935900012559,ACEH,BENER MERIAH,TIMANG GAJAH,FAJAR HARAPAN,TPS 2,2019-10-24 23:00:05,117,47,176,167,167,164,3,https://pemilu2019.kpu.go.id/img/c/900/012/900012559/5935-2-C-XXX-X5.jpg,https://pemilu2019.kpu.go.id/img/c/900/012/900012559/5935-2-C-XXX-X6.jpg
1592059215930900012548,ACEH,BENER MERIAH,TIMANG GAJAH,GEGUR SEPAKAT,TPS 1,2019-10-24 23:00:05,129,116,264,249,249,245,4,https://pemilu2019.kpu.go.id/img/c/900/012/900012548/5930-1-C-XXX-X5.jpg,https://pemilu2019.kpu.go.id/img/c/900/012/900012548/5930-1-C-XXX-X6.jpg
1592059215945900012581,ACEH,BENER MERIAH,TIMANG GAJAH,GUNUNG TUNYANG,TPS 1,2019-10-24 23:00:05,36,120,181,160,159,156,3,https://pemilu2019.kpu.go.id/img/c/900/012/900012581/5945-1-C-XXX-X5.jpg,https://pemilu2019.kpu.go.id/img/c/900/012/900012581/5945-1-C-XXX-X6.jpg
1592059215945900012582,ACEH,BENER MERIAH,TIMANG GAJAH,GUNUNG TUNYANG,TPS 2,2019-10-24 23:00:05,32,121,179,157,157,153,4,https://pemilu2019.kpu.go.id/img/c/900/012/900012582/5945-2-C-XXX-X5.jpg,https://pemilu2019.kpu.go.id/img/c/900/012/900012582/5945-2-C-XXX-X6.jpg
1592059215937900012561,ACEH,BENER MERIAH,TIMANG GAJAH,KAMPUNG BARU,TPS 1,2019-10-24 23:00:05,96,72,194,175,175,168,7,https://pemilu2019.kpu.go.id/img/c/900/012/900012561/5937-1-C-XXX-X5.jpg,https://pemilu2019.kpu.go.id/img/c/900/012/900012561/5937-1-C-XXX-X6.jpg
1592059215937900012562,ACEH,BENER MERIAH,TIMANG GAJAH,KAMPUNG BARU,TPS 2,2019-10-24 23:00:05,71,93,187,167,167,164,3,https://pemilu2019.kpu.go.id/img/c/900/012/900012562/5937-2-C-XXX-X5.jpg,https://pemilu2019.kpu.go.id/img/c/900/012/900012562/5937-2-C-XXX-X6.jpg
1592059215937900012563,ACEH,BENER MERIAH,TIMANG GAJAH,KAMPUNG BARU,TPS 3,2019-10-24 23:00:05,57,79,144,141,141,136,5,https://pemilu2019.kpu.go.id/img/c/900/012/900012563/5937-3-C-XXX-X5.jpg,https://pemilu2019.kpu.go.id/img/c/900/012/900012563/5937-3-C-XXX-X6.jpg
1592059215923900012530,ACEH,BENER MERIAH,TIMANG GAJAH,KARANG JADI,TPS 1,2019-10-24 23:00:05,92,89,200,189,189,181,8,https://pemilu2019.kpu.go.id/img/c/900/012/900012530/5923-1-C1-PPWP-X1.jpg,https://pemilu2019.kpu.go.id/img/c/900/012/900012530/5923-1-C1-PPWP-X2.jpg
1592059215923900012531,ACEH,BENER MERIAH,TIMANG GAJAH,KARANG JADI,TPS 2,2019-10-24 23:00:05,74,104,197,182,182,178,4,https://pemilu2019.kpu.go.id/img/c/900/012/900012531/5923-2-C-XXX-X5.jpg,https://pemilu2019.kpu.go.id/img/c/900/012/900012531/5923-2-C-XXX-X6.jpg
1592059215932900012553,ACEH,BENER MERIAH,TIMANG GAJAH,KENINE,TPS 1,2019-10-24 23:00:05,69,77,156,146,146,146,0,https://pemilu2019.kpu.go.id/img/c/900/012/900012553/5932-1-C-XXX-X5.jpg,https://pemilu2019.kpu.go.id/img/c/900/012/900012553/5932-1-C-XXX-X6.jpg
1592059215932900012554,ACEH,BENER MERIAH,TIMANG GAJAH,KENINE,TPS 2,2019-10-24 23:00:05,70,69,147,142,142,139,3,https://pemilu2019.kpu.go.id/img/c/900/012/900012554/5932-2-C1-PPWP-X1.jpg,https://pemilu2019.kpu.go.id/img/c/900/012/900012554/5932-2-C1-PPWP-X2.jpg
1592059215940900012568,ACEH,BENER MERIAH,TIMANG GAJAH,KOLAM PARA KANIS,TPS 1,2019-10-24 23:00:05,95,68,170,165,165,163,2,https://pemilu2019.kpu.go.id/img/c/900/012/900012568/5940-1-C-XXX-X5.jpg,https://pemilu2019.kpu.go.id/img/c/900/012/900012568/5940-1-C-XXX-X6.jpg
1592059215940900012569,ACEH,BENER MERIAH,TIMANG GAJAH,KOLAM PARA KANIS,TPS 2,2019-10-24 23:00:05,73,88,163,162,162,161,1,https://pemilu2019.kpu.go.id/img/c/900/012/900012569/5940-2-C-XXX-X5.jpg,https://pemilu2019.kpu.go.id/img/c/900/012/900012569/5940-2-C-XXX-X6.jpg
1592059215924900012532,ACEH,BENER MERIAH,TIMANG GAJAH,LAMPAHAN,TPS 1,2019-10-24 23:00:05,51,154,223,207,207,205,2,https://pemilu2019.kpu.go.id/img/c/900/012/900012532/2-5924-1-C1-PPWP-X1.jpg,https://pemilu2019.kpu.go.id/img/c/900/012/900012532/2-5924-1-C1-PPWP-X2.jpg
1592059215924900012533,ACEH,BENER MERIAH,TIMANG GAJAH,LAMPAHAN,TPS 2,2019-10-24 23:00:05,55,125,220,184,184,180,4,https://pemilu2019.kpu.go.id/img/c/900/012/900012533/5924-2-C-XXX-X5.jpg,https://pemilu2019.kpu.go.id/img/c/900/012/900012533/5924-2-C-XXX-X6.jpg
1592059215924900012534,ACEH,BENER MERIAH,TIMANG GAJAH,LAMPAHAN,TPS 3,2019-10-24 23:00:05,42,149,240,194,194,191,3,https://pemilu2019.kpu.go.id/img/c/900/012/900012534/5924-3-C-XXX-X5.jpg,https://pemilu2019.kpu.go.id/img/c/900/012/900012534/5924-3-C-XXX-X6.jpg
1592059215924900012535,ACEH,BENER MERIAH,TIMANG GAJAH,LAMPAHAN,TPS 4,2019-10-24 23:00:05,33,139,223,175,175,172,3,https://pemilu2019.kpu.go.id/img/c/900/012/900012535/5924-4-C-XXX-X5.jpg,https://pemilu2019.kpu.go.id/img/c/900/012/900012535/5924-4-C-XXX-X6.jpg
1592059215942900012573,ACEH,BENER MERIAH,TIMANG GAJAH,LAMPAHAN BARAT,TPS 1,2019-10-24 23:00:05,49,92,197,145,145,141,4,https://pemilu2019.kpu.go.id/img/c/900/012/900012573/5942-1-C-XXX-X5.jpg,https://pemilu2019.kpu.go.id/img/c/900/012/900012573/5942-1-C-XXX-X6.jpg
1592059215942900012574,ACEH,BENER MERIAH,TIMANG GAJAH,LAMPAHAN BARAT,TPS 2,2019-10-24 23:00:05,74,109,197,187,187,183,4,https://pemilu2019.kpu.go.id/img/c/900/012/900012574/1-5942-2-C1-PPWP-X1.jpg,https://pemilu2019.kpu.go.id/img/c/900/012/900012574/1-5942-2-C1-PPWP-X2.jpg
1592059215942900012575,ACEH,BENER MERIAH,TIMANG GAJAH,LAMPAHAN BARAT,TPS 3,2019-10-24 23:00:05,45,122,183,171,171,167,4,https://pemilu2019.kpu.go.id/img/c/900/012/900012575/2-5942-3-C-XXX-X5.jpg,https://pemilu2019.kpu.go.id/img/c/900/012/900012575/2-5942-3-C-XXX-X6.jpg
1592059215942900012576,ACEH,BENER MERIAH,TIMANG GAJAH,LAMPAHAN BARAT,TPS 4,2019-10-24 23:00:05,64,107,218,177,177,171,6,https://pemilu2019.kpu.go.id/img/c/900/012/900012576/1-5942-4-C-XXX-X5.jpg,https://pemilu2019.kpu.go.id/img/c/900/012/900012576/1-5942-4-C-XXX-X6.jpg
1592059215943900012577,ACEH,BENER MERIAH,TIMANG GAJAH,LAMPAHAN TIMUR,TPS 1,2019-10-24 23:00:05,37,146,209,184,184,183,1,https://pemilu2019.kpu.go.id/img/c/900/012/900012577/5943-1-C-XXX-X5.jpg,https://pemilu2019.kpu.go.id/img/c/900/012/900012577/5943-1-C-XXX-X6.jpg
1592059215943900012578,ACEH,BENER MERIAH,TIMANG GAJAH,LAMPAHAN TIMUR,TPS 2,2019-10-24 23:00:05,32,113,147,147,148,145,3,https://pemilu2019.kpu.go.id/img/c/900/012/900012578/1-5943-2-C-XXX-X5.jpg,https://pemilu2019.kpu.go.id/img/c/900/012/900012578/1-5943-2-C-XXX-X6.jpg
1592059215943900012579,ACEH,BENER MERIAH,TIMANG GAJAH,LAMPAHAN TIMUR,TPS 3,2019-10-24 23:00:05,29,128,223,180,160,157,3,https://pemilu2019.kpu.go.id/img/c/900/012/900012579/5943-3-C1-PPWP-X1.jpg,https://pemilu2019.kpu.go.id/img/c/900/012/900012579/5943-3-C1-PPWP-X2.jpg
1592059215947900012584,ACEH,BENER MERIAH,TIMANG GAJAH,LINUNG BALE,TPS 1,2019-10-24 23:00:05,53,120,179,176,176,173,3,https://pemilu2019.kpu.go.id/img/c/900/012/900012584/1-5947-1-C-XXX-X5.jpg,https://pemilu2019.kpu.go.id/img/c/900/012/900012584/1-5947-1-C-XXX-X6.jpg
1592059215941900012570,ACEH,BENER MERIAH,TIMANG GAJAH,MEKAR AYU,TPS 1,2019-10-24 23:00:05,65,175,319,240,240,240,0,https://pemilu2019.kpu.go.id/img/c/900/012/900012570/2-5941-1-C-XXX-X5.jpg,https://pemilu2019.kpu.go.id/img/c/900/012/900012570/2-5941-1-C-XXX-X6.jpg
1592059215941900012571,ACEH,BENER MERIAH,TIMANG GAJAH,MEKAR AYU,TPS 2,2019-10-24 23:00:05,64,164,293,230,230,228,2,https://pemilu2019.kpu.go.id/img/c/900/012/900012571/1-5941-2-C-XXX-X5.jpg,https://pemilu2019.kpu.go.id/img/c/900/012/900012571/1-5941-2-C-XXX-X6.jpg
1592059215941900012572,ACEH,BENER MERIAH,TIMANG GAJAH,MEKAR AYU,TPS 3,2019-10-24 23:00:05,49,161,300,220,219,210,9,https://pemilu2019.kpu.go.id/img/c/900/012/900012572/1-5941-3-C1-PPWP-X1.jpg,https://pemilu2019.kpu.go.id/img/c/900/012/900012572/1-5941-3-C1-PPWP-X2.jpg
1592059215936900012560,ACEH,BENER MERIAH,TIMANG GAJAH,MUDE BENARA,TPS 1,2019-10-24 23:00:05,53,162,252,222,222,215,7,https://pemilu2019.kpu.go.id/img/c/900/012/900012560/1-5936-1-C-XXX-X5.jpg,https://pemilu2019.kpu.go.id/img/c/900/012/900012560/1-5936-1-C-XXX-X6.jpg
1592059215949900012587,ACEH,BENER MERIAH,TIMANG GAJAH,PANTAN KEMUNING,TPS 1,2019-10-24 23:00:05,16,192,261,216,216,208,8,https://pemilu2019.kpu.go.id/img/c/900/012/900012587/1-5949-1-C-XXX-X5.jpg,https://pemilu2019.kpu.go.id/img/c/900/012/900012587/1-5949-1-C-XXX-X6.jpg
1592059215949900012588,ACEH,BENER MERIAH,TIMANG GAJAH,PANTAN KEMUNING,TPS 2,2019-10-24 23:00:05,13,168,250,193,193,181,12,https://pemilu2019.kpu.go.id/img/c/900/012/900012588/1-5949-2-C-XXX-X5.jpg,https://pemilu2019.kpu.go.id/img/c/900/012/900012588/1-5949-2-C-XXX-X6.jpg
1592059215938900012564,ACEH,BENER MERIAH,TIMANG GAJAH,PANTAN PEDIANGAN,TPS 1,2019-10-24 23:00:05,52,35,96,88,88,87,1,https://pemilu2019.kpu.go.id/img/c/900/012/900012564/1-5938-1-C-XXX-X5.jpg,https://pemilu2019.kpu.go.id/img/c/900/012/900012564/1-5938-1-C-XXX-X6.jpg
1592059215933900012555,ACEH,BENER MERIAH,TIMANG GAJAH,REMBUNE,TPS 1,2019-10-24 23:00:05,84,107,193,193,193,191,2,https://pemilu2019.kpu.go.id/img/c/900/012/900012555/1-5933-1-C-XXX-X5.jpg,https://pemilu2019.kpu.go.id/img/c/900/012/900012555/1-5933-1-C-XXX-X6.jpg
1592059215928900012544,ACEH,BENER MERIAH,TIMANG GAJAH,SETIE,TPS 1,2019-10-24 23:00:05,32,98,169,135,135,130,5,https://pemilu2019.kpu.go.id/img/c/900/012/900012544/1-5928-1-C1-PPWP-X1.jpg,https://pemilu2019.kpu.go.id/img/c/900/012/900012544/1-5928-1-C1-PPWP-X2.jpg
1592059215928900012545,ACEH,BENER MERIAH,TIMANG GAJAH,SETIE,TPS 2,2019-10-24 23:00:05,36,90,161,132,132,126,6,https://pemilu2019.kpu.go.id/img/c/900/012/900012545/1-5928-2-C1-PPWP-X3.jpg,https://pemilu2019.kpu.go.id/img/c/900/012/900012545/1-5928-2-C1-PPWP-X4.jpg
1592059215929900012546,ACEH,BENER MERIAH,TIMANG GAJAH,SIMPANG LAYANG,TPS 1,2019-10-24 23:00:05,65,127,212,192,192,192,0,https://pemilu2019.kpu.go.id/img/c/900/012/900012546/2-5929-1-C1-PPWP-X1.jpg,https://pemilu2019.kpu.go.id/img/c/900/012/900012546/2-5929-1-C1-PPWP-X2.jpg
1592059215929900012547,ACEH,BENER MERIAH,TIMANG GAJAH,SIMPANG LAYANG,TPS 2,2019-10-24 23:00:05,54,116,194,172,172,170,2,https://pemilu2019.kpu.go.id/img/c/900/012/900012547/1-5929-2-C1-PPWP-X3.jpg,https://pemilu2019.kpu.go.id/img/c/900/012/900012547/1-5929-2-C1-PPWP-X4.jpg
1592059215925900012536,ACEH,BENER MERIAH,TIMANG GAJAH,SUKA DAMAI,TPS 1,2019-10-24 23:00:05,106,160,303,272,272,266,6,https://pemilu2019.kpu.go.id/img/c/900/012/900012536/2-5925-1-C-XXX-X5.jpg,https://pemilu2019.kpu.go.id/img/c/900/012/900012536/2-5925-1-C-XXX-X6.jpg
1592059215925900012537,ACEH,BENER MERIAH,TIMANG GAJAH,SUKA DAMAI,TPS 2,2019-10-24 23:00:05,89,160,278,256,256,249,7,https://pemilu2019.kpu.go.id/img/c/900/012/900012537/1-5925-2-C-XXX-X5.jpg,https://pemilu2019.kpu.go.id/img/c/900/012/900012537/1-5925-2-C-XXX-X6.jpg
1592059215950900012589,ACEH,BENER MERIAH,TIMANG GAJAH,SUMBER JAYA,TPS 1,2019-10-24 23:00:05,68,142,222,0,222,210,12,https://pemilu2019.kpu.go.id/img/c/900/012/900012589/2-5950-1-C1-PPWP-X1.jpg,https://pemilu2019.kpu.go.id/img/c/900/012/900012589/2-5950-1-C1-PPWP-X2.jpg
1592059215950900012590,ACEH,BENER MERIAH,TIMANG GAJAH,SUMBER JAYA,TPS 2,2019-10-24 23:00:05,64,138,237,212,213,202,11,https://pemilu2019.kpu.go.id/img/c/900/012/900012590/2-5950-2-C1-PPWP-X3.jpg,https://pemilu2019.kpu.go.id/img/c/900/012/900012590/2-5950-2-C1-PPWP-X4.jpg
1592059215950900012591,ACEH,BENER MERIAH,TIMANG GAJAH,SUMBER JAYA,TPS 3,2019-10-24 23:00:05,67,138,235,213,213,205,8,https://pemilu2019.kpu.go.id/img/c/900/012/900012591/1-5950-3-C1-PPWP-X5.jpg,https://pemilu2019.kpu.go.id/img/c/900/012/900012591/1-5950-3-C1-PPWP-X6.jpg
1592059215950900012592,ACEH,BENER MERIAH,TIMANG GAJAH,SUMBER JAYA,TPS 4,2019-10-24 23:00:05,61,148,247,10,215,209,6,https://pemilu2019.kpu.go.id/img/c/900/012/900012592/3-5950-4-C1-PPWP-X7.jpg,https://pemilu2019.kpu.go.id/img/c/900/012/900012592/3-5950-4-C1-PPWP-X8.jpg
1592059215944900012580,ACEH,BENER MERIAH,TIMANG GAJAH,TIMANG RASA,TPS 1,2019-10-24 23:00:05,77,40,121,121,121,117,4,https://pemilu2019.kpu.go.id/img/c/900/012/900012580/1-5944-1-C1-PPWP-X1.jpg,https://pemilu2019.kpu.go.id/img/c/900/012/900012580/1-5944-1-C1-PPWP-X2.jpg
1592059215927900012542,ACEH,BENER MERIAH,TIMANG GAJAH,TUNYANG,TPS 1,2019-10-24 23:00:05,46,139,196,0,190,185,5,https://pemilu2019.kpu.go.id/img/c/900/012/900012542/5927-1-C-XXX-X5.jpg,https://pemilu2019.kpu.go.id/img/c/900/012/900012542/5927-1-C-XXX-X6.jpg
1592059215927900012543,ACEH,BENER MERIAH,TIMANG GAJAH,TUNYANG,TPS 2,2019-10-24 23:00:05,52,104,186,0,166,156,10,https://pemilu2019.kpu.go.id/img/c/900/012/900012543/5927-2-C-XXX-X5.jpg,https://pemilu2019.kpu.go.id/img/c/900/012/900012543/5927-2-C-XXX-X6.jpg
1592060176028900012748,ACEH,BENER MERIAH,WIH PESAM,BENER AYU,TPS 1,2019-10-24 23:00:05,51,131,204,190,190,182,8,https://pemilu2019.kpu.go.id/img/c/900/012/900012748/6028-1-C1-PPWP-X1.jpg,https://pemilu2019.kpu.go.id/img/c/900/012/900012748/6028-1-C1-PPWP-X2.jpg
1592060176028900012749,ACEH,BENER MERIAH,WIH PESAM,BENER AYU,TPS 2,2019-10-24 23:00:05,82,105,210,193,193,187,6,https://pemilu2019.kpu.go.id/img/c/900/012/900012749/6028-2-C1-PPWP-X3.jpg,https://pemilu2019.kpu.go.id/img/c/900/012/900012749/6028-2-C1-PPWP-X4.jpg
1592060176037900012763,ACEH,BENER MERIAH,WIH PESAM,BENER MULIE,TPS 1,2019-10-24 23:00:05,62,130,221,196,196,192,4,https://pemilu2019.kpu.go.id/img/c/900/012/900012763/6037-1-C1-PPWP-X1.jpg,https://pemilu2019.kpu.go.id/img/c/900/012/900012763/6037-1-C1-PPWP-X2.jpg
1592060176037900012764,ACEH,BENER MERIAH,WIH PESAM,BENER MULIE,TPS 2,2019-10-24 23:00:05,52,123,201,180,180,175,5,https://pemilu2019.kpu.go.id/img/c/900/012/900012764/6037-2-C1-PPWP-X3.jpg,https://pemilu2019.kpu.go.id/img/c/900/012/900012764/6037-2-C1-PPWP-X4.jpg
1592060176037900012765,ACEH,BENER MERIAH,WIH PESAM,BENER MULIE,TPS 3,2019-10-24 23:00:05,51,113,193,169,169,164,5,https://pemilu2019.kpu.go.id/img/c/900/012/900012765/6037-3-C1-PPWP-X5.jpg,https://pemilu2019.kpu.go.id/img/c/900/012/900012765/6037-3-C1-PPWP-X6.jpg
1592060176037900012766,ACEH,BENER MERIAH,WIH PESAM,BENER MULIE,TPS 4,2019-10-24 23:00:05,48,138,221,186,186,186,0,https://pemilu2019.kpu.go.id/img/c/900/012/900012766/6037-4-C1-PPWP-X7.jpg,https://pemilu2019.kpu.go.id/img/c/900/012/900012766/6037-4-C1-PPWP-X8.jpg
1592060176032900012753,ACEH,BENER MERIAH,WIH PESAM,BLANG BENARA,TPS 1,2019-10-24 23:00:05,106,170,300,280,280,276,4,https://pemilu2019.kpu.go.id/img/c/900/012/900012753/6032-1-C1-PPWP-X1.jpg,https://pemilu2019.kpu.go.id/img/c/900/012/900012753/6032-1-C1-PPWP-X2.jpg
1592060176032900012754,ACEH,BENER MERIAH,WIH PESAM,BLANG BENARA,TPS 2,2019-10-24 23:00:05,101,171,293,276,276,272,4,https://pemilu2019.kpu.go.id/img/c/900/012/900012754/6032-2-C1-PPWP-X3.jpg,https://pemilu2019.kpu.go.id/img/c/900/012/900012754/6032-2-C1-PPWP-X4.jpg
1592060176038900012767,ACEH,BENER MERIAH,WIH PESAM,BLANG KUCAK,TPS 1,2019-10-24 23:00:05,54,112,181,171,171,166,5,https://pemilu2019.kpu.go.id/img/c/900/012/900012767/1-6038-1-C1-PPWP-X1.jpg,https://pemilu2019.kpu.go.id/img/c/900/012/900012767/1-6038-1-C1-PPWP-X2.jpg
1592060176038900012768,ACEH,BENER MERIAH,WIH PESAM,BLANG KUCAK,TPS 2,2019-10-24 23:00:05,87,87,186,177,177,174,3,https://pemilu2019.kpu.go.id/img/c/900/012/900012768/1-6038-2-C1-PPWP-X3.jpg,https://pemilu2019.kpu.go.id/img/c/900/012/900012768/1-6038-2-C1-PPWP-X4.jpg
1592060176026900012742,ACEH,BENER MERIAH,WIH PESAM,BLANG PAKU,TPS 1,2019-10-24 23:00:05,80,141,252,231,231,221,10,https://pemilu2019.kpu.go.id/img/c/900/012/900012742/6026-1-C1-PPWP-X1.jpg,https://pemilu2019.kpu.go.id/img/c/900/012/900012742/6026-1-C1-PPWP-X2.jpg
1592060176026900012743,ACEH,BENER MERIAH,WIH PESAM,BLANG PAKU,TPS 2,2019-10-24 23:00:05,92,126,248,222,222,218,4,https://pemilu2019.kpu.go.id/img/c/900/012/900012743/6026-2-C1-PPWP-X3.jpg,https://pemilu2019.kpu.go.id/img/c/900/012/900012743/6026-2-C1-PPWP-X4.jpg
1592060176026900012744,ACEH,BENER MERIAH,WIH PESAM,BLANG PAKU,TPS 3,2019-10-24 23:00:05,81,140,248,228,228,221,7,https://pemilu2019.kpu.go.id/img/c/900/012/900012744/6026-3-C1-PPWP-X5.jpg,https://pemilu2019.kpu.go.id/img/c/900/012/900012744/6026-3-C1-PPWP-X6.jpg
1592060176033900012755,ACEH,BENER MERIAH,WIH PESAM,BUKIT PEPANYI,TPS 1,2019-10-24 23:00:05,29,129,174,157,158,158,0,https://pemilu2019.kpu.go.id/img/c/900/012/900012755/6033-1-C1-PPWP-X1.jpg,https://pemilu2019.kpu.go.id/img/c/900/012/900012755/6033-1-C1-PPWP-X2.jpg
1592060176033900012756,ACEH,BENER MERIAH,WIH PESAM,BUKIT PEPANYI,TPS 2,2019-10-24 23:00:05,23,124,165,149,149,147,2,https://pemilu2019.kpu.go.id/img/c/900/012/900012756/6033-2-C1-PPWP-X1.jpg,https://pemilu2019.kpu.go.id/img/c/900/012/900012756/6033-2-C1-PPWP-X2.jpg
159206017931331900810036,ACEH,BENER MERIAH,WIH PESAM,BURNI TELONG,TPS 1,2019-10-24 23:00:05,55,96,173,155,155,151,4,https://pemilu2019.kpu.go.id/img/c/900/810/900810036/931331-1-C1-PPWP-X1.jpg,https://pemilu2019.kpu.go.id/img/c/900/810/900810036/931331-1-C1-PPWP-X2.jpg
159206017931331900810037,ACEH,BENER MERIAH,WIH PESAM,BURNI TELONG,TPS 2,2019-10-24 23:00:05,64,89,165,157,157,153,4,https://pemilu2019.kpu.go.id/img/c/900/810/900810037/931331-2-C1-PPWP-X3.jpg,https://pemilu2019.kpu.go.id/img/c/900/810/900810037/931331-2-C1-PPWP-X4.jpg
1592060176035900012762,ACEH,BENER MERIAH,WIH PESAM,CINTA DAMAI,TPS 1,2019-10-24 23:00:05,49,158,240,214,214,207,7,https://pemilu2019.kpu.go.id/img/c/900/012/900012762/6035-1-C1-PPWP-X1.jpg,https://pemilu2019.kpu.go.id/img/c/900/012/900012762/6035-1-C1-PPWP-X2.jpg
15920601791404900798318,ACEH,BENER MERIAH,WIH PESAM,GEGERUNG,TPS 1,2019-10-24 23:00:05,57,145,223,207,207,202,5,https://pemilu2019.kpu.go.id/img/c/900/798/900798318/91404-1-C1-PPWP-X1.jpg,https://pemilu2019.kpu.go.id/img/c/900/798/900798318/91404-1-C1-PPWP-X2.jpg
15920601791404900798319,ACEH,BENER MERIAH,WIH PESAM,GEGERUNG,TPS 2,2019-10-24 23:00:05,52,124,206,183,183,176,7,https://pemilu2019.kpu.go.id/img/c/900/798/900798319/91404-2-C1-PPWP-X3.jpg,https://pemilu2019.kpu.go.id/img/c/900/798/900798319/91404-2-C1-PPWP-X4.jpg
1592060176042900012775,ACEH,BENER MERIAH,WIH PESAM,JAMUR UJUNG,TPS 1,2019-10-24 23:00:05,78,124,236,211,211,202,9,https://pemilu2019.kpu.go.id/img/c/900/012/900012775/6042-1-C1-PPWP-X1.jpg,https://pemilu2019.kpu.go.id/img/c/900/012/900012775/6042-1-C1-PPWP-X2.jpg
1592060176042900012776,ACEH,BENER MERIAH,WIH PESAM,JAMUR UJUNG,TPS 2,2019-10-24 23:00:05,82,146,238,232,232,228,4,https://pemilu2019.kpu.go.id/img/c/900/012/900012776/6042-2-C1-PPWP-X3.jpg,https://pemilu2019.kpu.go.id/img/c/900/012/900012776/6042-2-C1-PPWP-X4.jpg
1592060176029900012750,ACEH,BENER MERIAH,WIH PESAM,JAMUR ULUH,TPS 1,2019-10-24 23:00:05,113,79,212,196,196,192,4,https://pemilu2019.kpu.go.id/img/c/900/012/900012750/6029-1-C1-PPWP-X1.jpg,https://pemilu2019.kpu.go.id/img/c/900/012/900012750/6029-1-C1-PPWP-X2.jpg
1592060176025900012738,ACEH,BENER MERIAH,WIH PESAM,KEBUN BARU,TPS 1,2019-10-24 23:00:05,70,150,241,226,226,220,6,https://pemilu2019.kpu.go.id/img/c/900/012/900012738/6025-1-C1-PPWP-X1.jpg,https://pemilu2019.kpu.go.id/img/c/900/012/900012738/6025-1-C1-PPWP-X2.jpg
1592060176025900012739,ACEH,BENER MERIAH,WIH PESAM,KEBUN BARU,TPS 2,2019-10-24 23:00:05,72,139,237,218,218,211,7,https://pemilu2019.kpu.go.id/img/c/900/012/900012739/6025-2-C1-PPWP-X3.jpg,https://pemilu2019.kpu.go.id/img/c/900/012/900012739/6025-2-C1-PPWP-X4.jpg
1592060176025900012740,ACEH,BENER MERIAH,WIH PESAM,KEBUN BARU,TPS 3,2019-10-24 23:00:05,79,137,239,219,219,216,3,https://pemilu2019.kpu.go.id/img/c/900/012/900012740/6025-3-C1-PPWP-X5.jpg,https://pemilu2019.kpu.go.id/img/c/900/012/900012740/6025-3-C1-PPWP-X6.jpg
1592060176025900012741,ACEH,BENER MERIAH,WIH PESAM,KEBUN BARU,TPS 4,2019-10-24 23:00:05,76,122,231,206,206,198,8,https://pemilu2019.kpu.go.id/img/c/900/012/900012741/6025-4-C1-PPWP-X7.jpg,https://pemilu2019.kpu.go.id/img/c/900/012/900012741/6025-4-C1-PPWP-X8.jpg
1592060176040900012771,ACEH,BENER MERIAH,WIH PESAM,LUT KUCAK,TPS 1,2019-10-24 23:00:05,81,118,247,200,200,199,1,https://pemilu2019.kpu.go.id/img/c/900/012/900012771/6040-1-C1-PPWP-X1.jpg,https://pemilu2019.kpu.go.id/img/c/900/012/900012771/6040-1-C1-PPWP-X2.jpg
1592060176040900012772,ACEH,BENER MERIAH,WIH PESAM,LUT KUCAK,TPS 2,2019-10-24 23:00:05,87,128,238,221,221,215,6,https://pemilu2019.kpu.go.id/img/c/900/012/900012772/6040-2-C1-PPWP-X3.jpg,https://pemilu2019.kpu.go.id/img/c/900/012/900012772/6040-2-C1-PPWP-X4.jpg
1592060176040900012773,ACEH,BENER MERIAH,WIH PESAM,LUT KUCAK,TPS 3,2019-10-24 23:00:05,86,115,244,209,209,201,8,https://pemilu2019.kpu.go.id/img/c/900/012/900012773/6040-3-C1-PPWP-X5.jpg,https://pemilu2019.kpu.go.id/img/c/900/012/900012773/6040-3-C1-PPWP-X6.jpg
159206017930384900806431,ACEH,BENER MERIAH,WIH PESAM,MEKAR JADI AYU,TPS 1,2019-10-24 23:00:05,33,30,74,68,68,63,5,https://pemilu2019.kpu.go.id/img/c/900/806/900806431/930384-1-C1-PPWP-X1.jpg,https://pemilu2019.kpu.go.id/img/c/900/806/900806431/930384-1-C1-PPWP-X2.jpg
1592060176031900012751,ACEH,BENER MERIAH,WIH PESAM,MERIE SATU,TPS 1,2019-10-24 23:00:05,93,107,221,206,206,200,6,https://pemilu2019.kpu.go.id/img/c/900/012/900012751/6031-1-C1-PPWP-X1.jpg,https://pemilu2019.kpu.go.id/img/c/900/012/900012751/6031-1-C1-PPWP-X2.jpg
1592060176031900012752,ACEH,BENER MERIAH,WIH PESAM,MERIE SATU,TPS 2,2019-10-24 23:00:05,95,101,222,205,205,196,9,https://pemilu2019.kpu.go.id/img/c/900/012/900012752/6031-2-C1-PPWP-X3.jpg,https://pemilu2019.kpu.go.id/img/c/900/012/900012752/6031-2-C1-PPWP-X4.jpg
1592060176022900012722,ACEH,BENER MERIAH,WIH PESAM,PANTE RAYA,TPS 1,2019-10-24 23:00:05,61,157,276,225,225,218,7,https://pemilu2019.kpu.go.id/img/c/900/012/900012722/6022-1-C1-PPWP-X1.jpg,https://pemilu2019.kpu.go.id/img/c/900/012/900012722/6022-1-C1-PPWP-X2.jpg
1592060176022900012723,ACEH,BENER MERIAH,WIH PESAM,PANTE RAYA,TPS 2,2019-10-24 23:00:05,50,142,275,200,200,192,8,https://pemilu2019.kpu.go.id/img/c/900/012/900012723/6022-2-C1-PPWP-X3.jpg,https://pemilu2019.kpu.go.id/img/c/900/012/900012723/6022-2-C1-PPWP-X4.jpg
1592060176022900012724,ACEH,BENER MERIAH,WIH PESAM,PANTE RAYA,TPS 3,2019-10-24 23:00:05,52,157,238,215,212,209,3,https://pemilu2019.kpu.go.id/img/c/900/012/900012724/6022-3-C1-PPWP-X5.jpg,https://pemilu2019.kpu.go.id/img/c/900/012/900012724/6022-3-C1-PPWP-X6.jpg
1592060176022900012725,ACEH,BENER MERIAH,WIH PESAM,PANTE RAYA,TPS 4,2019-10-24 23:00:05,37,174,264,215,215,211,4,https://pemilu2019.kpu.go.id/img/c/900/012/900012725/6022-4-C1-PPWP-X7.jpg,https://pemilu2019.kpu.go.id/img/c/900/012/900012725/6022-4-C1-PPWP-X8.jpg
1592060176022900012726,ACEH,BENER MERIAH,WIH PESAM,PANTE RAYA,TPS 5,2019-10-24 23:00:05,58,145,250,206,206,203,3,https://pemilu2019.kpu.go.id/img/c/900/012/900012726/6022-5-C1-PPWP-X9.jpg,https://pemilu2019.kpu.go.id/img/c/900/012/900012726/6022-5-C1-PPWP-X10.jpg
1592060176022900012727,ACEH,BENER MERIAH,WIH PESAM,PANTE RAYA,TPS 6,2019-10-24 23:00:05,51,151,275,204,209,202,7,https://pemilu2019.kpu.go.id/img/c/900/012/900012727/6022-6-C1-PPWP-X11.jpg,https://pemilu2019.kpu.go.id/img/c/900/012/900012727/6022-6-C1-PPWP-X12.jpg
1592060176041900012774,ACEH,BENER MERIAH,WIH PESAM,SIMPANG ANTARA,TPS 1,2019-10-24 23:00:05,89,125,223,220,221,214,7,https://pemilu2019.kpu.go.id/img/c/900/012/900012774/6041-1-C1-PPWP-X1.jpg,https://pemilu2019.kpu.go.id/img/c/900/012/900012774/6041-1-C1-PPWP-X2.jpg
1592060176023900012728,ACEH,BENER MERIAH,WIH PESAM,SIMPANG BALIK,TPS 1,2019-10-24 23:00:05,37,165,269,204,204,202,2,https://pemilu2019.kpu.go.id/img/c/900/012/900012728/1-6023-1-C1-PPWP-X1.jpg,https://pemilu2019.kpu.go.id/img/c/900/012/900012728/1-6023-1-C1-PPWP-X2.jpg
1592060176023900012729,ACEH,BENER MERIAH,WIH PESAM,SIMPANG BALIK,TPS 2,2019-10-24 23:00:05,45,175,260,223,223,220,3,https://pemilu2019.kpu.go.id/img/c/900/012/900012729/1-6023-2-C1-PPWP-X1.jpg,https://pemilu2019.kpu.go.id/img/c/900/012/900012729/1-6023-2-C1-PPWP-X2.jpg
1592060176023900012730,ACEH,BENER MERIAH,WIH PESAM,SIMPANG BALIK,TPS 3,2019-10-24 23:00:05,34,142,268,180,180,176,4,https://pemilu2019.kpu.go.id/img/c/900/012/900012730/1-6023-3-C1-PPWP-X5.jpg,https://pemilu2019.kpu.go.id/img/c/900/012/900012730/1-6023-3-C1-PPWP-X6.jpg
1592060176023900012731,ACEH,BENER MERIAH,WIH PESAM,SIMPANG BALIK,TPS 4,2019-10-24 23:00:05,53,183,277,239,239,236,3,https://pemilu2019.kpu.go.id/img/c/900/012/900012731/1-6023-4-C1-PPWP-X3.jpg,https://pemilu2019.kpu.go.id/img/c/900/012/900012731/1-6023-4-C1-PPWP-X4.jpg
1592060176023900012732,ACEH,BENER MERIAH,WIH PESAM,SIMPANG BALIK,TPS 5,2019-10-24 23:00:05,51,119,250,172,172,170,2,https://pemilu2019.kpu.go.id/img/c/900/012/900012732/1-6023-5-C1-PPWP-X5.jpg,https://pemilu2019.kpu.go.id/img/c/900/012/900012732/1-6023-5-C1-PPWP-X6.jpg
1592060176023900012733,ACEH,BENER MERIAH,WIH PESAM,SIMPANG BALIK,TPS 6,2019-10-24 23:00:05,42,143,270,188,188,185,3,https://pemilu2019.kpu.go.id/img/c/900/012/900012733/1-6023-6-C1-PPWP-X7.jpg,https://pemilu2019.kpu.go.id/img/c/900/012/900012733/1-6023-6-C1-PPWP-X8.jpg
1592060176023900012734,ACEH,BENER MERIAH,WIH PESAM,SIMPANG BALIK,TPS 7,2019-10-24 23:00:05,31,128,256,162,162,159,3,https://pemilu2019.kpu.go.id/img/c/900/012/900012734/1-6023-7-C1-PPWP-X9.jpg,https://pemilu2019.kpu.go.id/img/c/900/012/900012734/1-6023-7-C1-PPWP-X10.jpg
15920601791402900798312,ACEH,BENER MERIAH,WIH PESAM,SIMPANG TERITIT,TPS 1,2019-10-24 23:00:05,57,142,243,203,203,199,4,https://pemilu2019.kpu.go.id/img/c/900/798/900798312/91402-1-C1-PPWP-X1.jpg,https://pemilu2019.kpu.go.id/img/c/900/798/900798312/91402-1-C1-PPWP-X2.jpg
15920601791402900798313,ACEH,BENER MERIAH,WIH PESAM,SIMPANG TERITIT,TPS 2,2019-10-24 23:00:05,57,131,220,194,194,188,6,https://pemilu2019.kpu.go.id/img/c/900/798/900798313/91402-2-C1-PPWP-X3.jpg,https://pemilu2019.kpu.go.id/img/c/900/798/900798313/91402-2-C1-PPWP-X4.jpg
15920601791402900798314,ACEH,BENER MERIAH,WIH PESAM,SIMPANG TERITIT,TPS 3,2019-10-24 23:00:05,57,141,248,202,202,198,4,https://pemilu2019.kpu.go.id/img/c/900/798/900798314/91402-3-C1-PPWP-X5.jpg,https://pemilu2019.kpu.go.id/img/c/900/798/900798314/91402-3-C1-PPWP-X6.jpg
15920601791402900798315,ACEH,BENER MERIAH,WIH PESAM,SIMPANG TERITIT,TPS 4,2019-10-24 23:00:05,59,118,232,184,184,177,7,https://pemilu2019.kpu.go.id/img/c/900/798/900798315/91402-4-C1-PPWP-X7.jpg,https://pemilu2019.kpu.go.id/img/c/900/798/900798315/91402-4-C1-PPWP-X8.jpg
1592060176021900012720,ACEH,BENER MERIAH,WIH PESAM,SUKA JADI,TPS 1,2019-10-24 23:00:05,53,106,189,159,159,159,0,https://pemilu2019.kpu.go.id/img/c/900/012/900012720/6021-1-C1-PPWP-X1.jpg,https://pemilu2019.kpu.go.id/img/c/900/012/900012720/6021-1-C1-PPWP-X2.jpg
1592060176021900012721,ACEH,BENER MERIAH,WIH PESAM,SUKA JADI,TPS 2,2019-10-24 23:00:05,43,103,182,152,152,146,6,https://pemilu2019.kpu.go.id/img/c/900/012/900012721/6021-2-C1-PPWP-X1.jpg,https://pemilu2019.kpu.go.id/img/c/900/012/900012721/6021-2-C1-PPWP-X2.jpg
1592060176027900012745,ACEH,BENER MERIAH,WIH PESAM,SUKA MAKMUR,TPS 1,2019-10-24 23:00:05,101,162,280,269,269,263,6,https://pemilu2019.kpu.go.id/img/c/900/012/900012745/6027-1-C1-PPWP-X1.jpg,https://pemilu2019.kpu.go.id/img/c/900/012/900012745/6027-1-C1-PPWP-X2.jpg
1592060176027900012746,ACEH,BENER MERIAH,WIH PESAM,SUKA MAKMUR,TPS 2,2019-10-24 23:00:05,99,155,273,256,256,254,2,https://pemilu2019.kpu.go.id/img/c/900/012/900012746/6027-2-C1-PPWP-X3.jpg,https://pemilu2019.kpu.go.id/img/c/900/012/900012746/6027-2-C1-PPWP-X4.jpg
1592060176027900012747,ACEH,BENER MERIAH,WIH PESAM,SUKA MAKMUR,TPS 3,2019-10-24 23:00:05,92,163,275,260,260,255,5,https://pemilu2019.kpu.go.id/img/c/900/012/900012747/6027-3-C1-PPWP-X1.jpg,https://pemilu2019.kpu.go.id/img/c/900/012/900012747/6027-3-C1-PPWP-X2.jpg
1592060176043900012777,ACEH,BENER MERIAH,WIH PESAM,SUKA MAKMUR TIMUR,TPS 1,2019-10-24 23:00:05,86,74,175,169,169,160,9,https://pemilu2019.kpu.go.id/img/c/900/012/900012777/1-6043-1-C1-PPWP-X1.jpg,https://pemilu2019.kpu.go.id/img/c/900/012/900012777/1-6043-1-C1-PPWP-X2.jpg
1592060176043900012778,ACEH,BENER MERIAH,WIH PESAM,SUKA MAKMUR TIMUR,TPS 2,2019-10-24 23:00:05,83,75,169,164,164,158,6,https://pemilu2019.kpu.go.id/img/c/900/012/900012778/1-6043-2-C1-PPWP-X3.jpg,https://pemilu2019.kpu.go.id/img/c/900/012/900012778/1-6043-2-C1-PPWP-X4.jpg
15920601791403900798316,ACEH,BENER MERIAH,WIH PESAM,SUKA RAME ATAS,TPS 1,2019-10-24 23:00:05,13,179,289,207,207,192,15,https://pemilu2019.kpu.go.id/img/c/900/798/900798316/91403-1-C1-PPWP-X1.jpg,https://pemilu2019.kpu.go.id/img/c/900/798/900798316/91403-1-C1-PPWP-X2.jpg
15920601791403900798317,ACEH,BENER MERIAH,WIH PESAM,SUKA RAME ATAS,TPS 2,2019-10-24 23:00:05,11,187,264,206,206,198,8,https://pemilu2019.kpu.go.id/img/c/900/798/900798317/91403-2-C1-PPWP-X3.jpg,https://pemilu2019.kpu.go.id/img/c/900/798/900798317/91403-2-C1-PPWP-X4.jpg
1592060176020900012718,ACEH,BENER MERIAH,WIH PESAM,SUKA RAME BAWAH,TPS 1,2019-10-24 23:00:05,58,134,220,196,196,192,4,https://pemilu2019.kpu.go.id/img/c/900/012/900012718/6020-1-C1-PPWP-X1.jpg,https://pemilu2019.kpu.go.id/img/c/900/012/900012718/6020-1-C1-PPWP-X2.jpg
1592060176020900012719,ACEH,BENER MERIAH,WIH PESAM,SUKA RAME BAWAH,TPS 2,2019-10-24 23:00:05,59,139,230,202,202,198,3,https://pemilu2019.kpu.go.id/img/c/900/012/900012719/6020-2-C1-PPWP-X3.jpg,https://pemilu2019.kpu.go.id/img/c/900/012/900012719/6020-2-C1-PPWP-X4.jpg
1592060176024900012735,ACEH,BENER MERIAH,WIH PESAM,SYURA JADI,TPS 1,2019-10-24 23:00:05,10,200,265,213,213,3,210,https://pemilu2019.kpu.go.id/img/c/900/012/900012735/6024-1-C1-PPWP-X1.jpg,https://pemilu2019.kpu.go.id/img/c/900/012/900012735/6024-1-C1-PPWP-X2.jpg
1592060176024900012736,ACEH,BENER MERIAH,WIH PESAM,SYURA JADI,TPS 2,2019-10-24 23:00:05,10,192,265,205,205,202,3,https://pemilu2019.kpu.go.id/img/c/900/012/900012736/6024-2-C1-PPWP-X3.jpg,https://pemilu2019.kpu.go.id/img/c/900/012/900012736/6024-2-C1-PPWP-X4.jpg
1592060176024900012737,ACEH,BENER MERIAH,WIH PESAM,SYURA JADI,TPS 3,2019-10-24 23:00:05,15,186,264,208,208,201,7,https://pemilu2019.kpu.go.id/img/c/900/012/900012737/6024-3-C1-PPWP-X5.jpg,https://pemilu2019.kpu.go.id/img/c/900/012/900012737/6024-3-C1-PPWP-X6.jpg
1592060176034900012757,ACEH,BENER MERIAH,WIH PESAM,WIH PESAM,TPS 1,2019-10-24 23:00:05,65,107,234,172,172,172,0,https://pemilu2019.kpu.go.id/img/c/900/012/900012757/6034-1-C1-PPWP-X1.jpg,https://pemilu2019.kpu.go.id/img/c/900/012/900012757/6034-1-C1-PPWP-X2.jpg
1592060176034900012758,ACEH,BENER MERIAH,WIH PESAM,WIH PESAM,TPS 2,2019-10-24 23:00:05,76,115,234,197,197,191,6,https://pemilu2019.kpu.go.id/img/c/900/012/900012758/6034-2-C1-PPWP-X1.jpg,https://pemilu2019.kpu.go.id/img/c/900/012/900012758/6034-2-C1-PPWP-X2.jpg
1592060176034900012759,ACEH,BENER MERIAH,WIH PESAM,WIH PESAM,TPS 3,2019-10-24 23:00:05,64,93,220,168,168,157,11,https://pemilu2019.kpu.go.id/img/c/900/012/900012759/6034-3-C1-PPWP-X1.jpg,https://pemilu2019.kpu.go.id/img/c/900/012/900012759/6034-3-C1-PPWP-X2.jpg
1592060176034900012760,ACEH,BENER MERIAH,WIH PESAM,WIH PESAM,TPS 4,2019-10-24 23:00:05,67,106,231,176,176,173,3,https://pemilu2019.kpu.go.id/img/c/900/012/900012760/6034-4-C1-PPWP-X1.jpg,https://pemilu2019.kpu.go.id/img/c/900/012/900012760/6034-4-C1-PPWP-X2.jpg
1592060176034900012761,ACEH,BENER MERIAH,WIH PESAM,WIH PESAM,TPS 5,2019-10-24 23:00:05,2,66,80,68,68,68,0,https://pemilu2019.kpu.go.id/img/c/900/012/900012761/3-6034-5-C1-PPWP-X1.jpg,https://pemilu2019.kpu.go.id/img/c/900/012/900012761/3-6034-5-C1-PPWP-X2.jpg
1592060176039900012769,ACEH,BENER MERIAH,WIH PESAM,WONOSOBO,TPS 1,2019-10-24 23:00:05,73,137,225,217,217,210,7,https://pemilu2019.kpu.go.id/img/c/900/012/900012769/6039-1-C1-PPWP-X1.jpg,https://pemilu2019.kpu.go.id/img/c/900/012/900012769/6039-1-C1-PPWP-X2.jpg
1592060176039900012770,ACEH,BENER MERIAH,WIH PESAM,WONOSOBO,TPS 2,2019-10-24 23:00:05,85,129,227,219,219,214,5,https://pemilu2019.kpu.go.id/img/c/900/012/900012770/6039-2-C1-PPWP-X3.jpg,https://pemilu2019.kpu.go.id/img/c/900/012/900012770/6039-2-C1-PPWP-X4.jpg
1436246484664900009396,ACEH,BIREUEN,GANDAPURA,ALUE MANGKI,TPS 1,2019-10-24 23:00:05,8,205,285,217,217,213,4,https://pemilu2019.kpu.go.id/img/c/900/009/900009396/4664-1-C-XXX-X5.jpg,https://pemilu2019.kpu.go.id/img/c/900/009/900009396/4664-1-C-XXX-X6.jpg
1436246484664900009397,ACEH,BIREUEN,GANDAPURA,ALUE MANGKI,TPS 2,2019-10-24 23:00:05,11,217,292,231,231,228,3,https://pemilu2019.kpu.go.id/img/c/900/009/900009397/1-4664-2-C1-PPWP-X1.jpg,https://pemilu2019.kpu.go.id/img/c/900/009/900009397/1-4664-2-C1-PPWP-X2.jpg
1436246484675900009419,ACEH,BIREUEN,GANDAPURA,BLANG GURON,TPS 1,2019-10-24 23:00:05,7,151,208,163,163,158,5,https://pemilu2019.kpu.go.id/img/c/900/009/900009419/1-4675-1-C-XXX-X5.jpg,https://pemilu2019.kpu.go.id/img/c/900/009/900009419/1-4675-1-C-XXX-X6.jpg
1436246484675900009420,ACEH,BIREUEN,GANDAPURA,BLANG GURON,TPS 2,2019-10-24 23:00:05,6,141,183,149,149,147,2,https://pemilu2019.kpu.go.id/img/c/900/009/900009420/1-4675-2-C1-PPWP-X1.jpg,https://pemilu2019.kpu.go.id/img/c/900/009/900009420/1-4675-2-C1-PPWP-X2.jpg
1436246484667900009405,ACEH,BIREUEN,GANDAPURA,BLANG KEUDE,TPS 1,2019-10-24 23:00:05,13,157,217,177,177,170,7,https://pemilu2019.kpu.go.id/img/c/900/009/900009405/4667-1-C-XXX-X5.jpg,https://pemilu2019.kpu.go.id/img/c/900/009/900009405/4667-1-C-XXX-X6.jpg
1436246484667900009406,ACEH,BIREUEN,GANDAPURA,BLANG KEUDE,TPS 2,2019-10-24 23:00:05,12,143,207,160,160,155,5,https://pemilu2019.kpu.go.id/img/c/900/009/900009406/1-4667-2-C-XXX-X5.jpg,https://pemilu2019.kpu.go.id/img/c/900/009/900009406/1-4667-2-C-XXX-X6.jpg
1436246484683900009428,ACEH,BIREUEN,GANDAPURA,BLANG KUBU,TPS 1,2019-10-24 23:00:05,17,156,220,177,177,173,4,https://pemilu2019.kpu.go.id/img/c/900/009/900009428/4683-1-C-XXX-X5.jpg,https://pemilu2019.kpu.go.id/img/c/900/009/900009428/4683-1-C-XXX-X6.jpg
1436246484688900009434,ACEH,BIREUEN,GANDAPURA,BLANG RHEUE,TPS 1,2019-10-24 23:00:05,8,101,147,116,116,109,7,https://pemilu2019.kpu.go.id/img/c/900/009/900009434/4688-1-C1-PPWP-X1.jpg,https://pemilu2019.kpu.go.id/img/c/900/009/900009434/4688-1-C1-PPWP-X2.jpg
1436246484655900009374,ACEH,BIREUEN,GANDAPURA,CEUBO,TPS 1,2019-10-24 23:00:05,21,177,232,201,201,198,3,https://pemilu2019.kpu.go.id/img/c/900/009/900009374/4655-1-C-XXX-X5.jpg,https://pemilu2019.kpu.go.id/img/c/900/009/900009374/4655-1-C-XXX-X6.jpg
1436246484672900009415,ACEH,BIREUEN,GANDAPURA,COT JABET,TPS 1,2019-10-24 23:00:05,3,207,248,212,212,210,2,https://pemilu2019.kpu.go.id/img/c/900/009/900009415/1-4672-1-C-XXX-X5.jpg,https://pemilu2019.kpu.go.id/img/c/900/009/900009415/1-4672-1-C-XXX-X6.jpg
1436246484672900009416,ACEH,BIREUEN,GANDAPURA,COT JABET,TPS 2,2019-10-24 23:00:05,7,196,248,209,209,203,6,https://pemilu2019.kpu.go.id/img/c/900/009/900009416/4672-2-C1-PPWP-X1.jpg,https://pemilu2019.kpu.go.id/img/c/900/009/900009416/4672-2-C1-PPWP-X2.jpg
1436246484659900009383,ACEH,BIREUEN,GANDAPURA,COT MANE,TPS 1,2019-10-24 23:00:05,6,180,224,194,194,186,8,https://pemilu2019.kpu.go.id/img/c/900/009/900009383/4659-1-C-XXX-X5.jpg,https://pemilu2019.kpu.go.id/img/c/900/009/900009383/4659-1-C-XXX-X6.jpg
1436246484659900009384,ACEH,BIREUEN,GANDAPURA,COT MANE,TPS 2,2019-10-24 23:00:05,13,169,217,186,186,182,4,https://pemilu2019.kpu.go.id/img/c/900/009/900009384/4-4659-2-C-XXX-X5.jpg,https://pemilu2019.kpu.go.id/img/c/900/009/900009384/4-4659-2-C-XXX-X6.jpg
1436246484662900009390,ACEH,BIREUEN,GANDAPURA,COT PUUK,TPS 1,2019-10-24 23:00:05,4,201,260,208,208,205,3,https://pemilu2019.kpu.go.id/img/c/900/009/900009390/4662-1-C-XXX-X5.jpg,https://pemilu2019.kpu.go.id/img/c/900/009/900009390/4662-1-C-XXX-X6.jpg
1436246484662900009391,ACEH,BIREUEN,GANDAPURA,COT PUUK,TPS 2,2019-10-24 23:00:05,8,196,269,216,216,204,12,https://pemilu2019.kpu.go.id/img/c/900/009/900009391/1-4662-2-C-XXX-X5.jpg,https://pemilu2019.kpu.go.id/img/c/900/009/900009391/1-4662-2-C-XXX-X6.jpg
1436246484662900009392,ACEH,BIREUEN,GANDAPURA,COT PUUK,TPS 3,2019-10-24 23:00:05,9,202,282,221,221,211,10,https://pemilu2019.kpu.go.id/img/c/900/009/900009392/4662-3-C-XXX-X5.jpg,https://pemilu2019.kpu.go.id/img/c/900/009/900009392/4662-3-C-XXX-X6.jpg
1436246484678900009423,ACEH,BIREUEN,GANDAPURA,COT RAMBAT,TPS 1,2019-10-24 23:00:05,9,92,143,112,112,101,11,https://pemilu2019.kpu.go.id/img/c/900/009/900009423/1-4678-1-C-XXX-X5.jpg,https://pemilu2019.kpu.go.id/img/c/900/009/900009423/1-4678-1-C-XXX-X6.jpg
1436246484673900009417,ACEH,BIREUEN,GANDAPURA,COT TUBE,TPS 1,2019-10-24 23:00:05,13,218,279,239,239,231,8,https://pemilu2019.kpu.go.id/img/c/900/009/900009417/2-4673-1-C1-PPWP-X1.jpg,https://pemilu2019.kpu.go.id/img/c/900/009/900009417/2-4673-1-C1-PPWP-X2.jpg
1436246484668900009407,ACEH,BIREUEN,GANDAPURA,COT TUFAH,TPS 1,2019-10-24 23:00:05,3,168,224,179,179,171,8,https://pemilu2019.kpu.go.id/img/c/900/009/900009407/4668-1-C-XXX-X5.jpg,https://pemilu2019.kpu.go.id/img/c/900/009/900009407/4668-1-C-XXX-X6.jpg
1436246484668900009408,ACEH,BIREUEN,GANDAPURA,COT TUFAH,TPS 2,2019-10-24 23:00:05,10,175,223,192,192,185,7,https://pemilu2019.kpu.go.id/img/c/900/009/900009408/4668-2-C1-PPWP-X1.jpg,https://pemilu2019.kpu.go.id/img/c/900/009/900009408/4668-2-C1-PPWP-X2.jpg
1436246484668900009409,ACEH,BIREUEN,GANDAPURA,COT TUFAH,TPS 3,2019-10-24 23:00:05,5,195,244,208,208,200,8,https://pemilu2019.kpu.go.id/img/c/900/009/900009409/4668-3-C-XXX-X5.jpg,https://pemilu2019.kpu.go.id/img/c/900/009/900009409/4668-3-C-XXX-X6.jpg
1436246484668900009410,ACEH,BIREUEN,GANDAPURA,COT TUFAH,TPS 4,2019-10-24 23:00:05,6,178,229,185,185,184,1,https://pemilu2019.kpu.go.id/img/c/900/009/900009410/4668-4-C-XXX-X5.jpg,https://pemilu2019.kpu.go.id/img/c/900/009/900009410/4668-4-C-XXX-X6.jpg
1436246484669900009411,ACEH,BIREUEN,GANDAPURA,COT TUNONG,TPS 1,2019-10-24 23:00:05,8,216,282,233,233,224,9,https://pemilu2019.kpu.go.id/img/c/900/009/900009411/4669-1-C-XXX-X5.jpg,https://pemilu2019.kpu.go.id/img/c/900/009/900009411/4669-1-C-XXX-X6.jpg
1436246484669900009412,ACEH,BIREUEN,GANDAPURA,COT TUNONG,TPS 2,2019-10-24 23:00:05,8,220,290,231,231,228,3,https://pemilu2019.kpu.go.id/img/c/900/009/900009412/4669-2-C-XXX-X5.jpg,https://pemilu2019.kpu.go.id/img/c/900/009/900009412/4669-2-C-XXX-X6.jpg
1436246484676900009421,ACEH,BIREUEN,GANDAPURA,DAMA KAWAN,TPS 1,2019-10-24 23:00:05,12,213,271,227,227,225,2,https://pemilu2019.kpu.go.id/img/c/900/009/900009421/4676-1-C-XXX-X5.jpg,https://pemilu2019.kpu.go.id/img/c/900/009/900009421/4676-1-C-XXX-X6.jpg
1436246484666900009402,ACEH,BIREUEN,GANDAPURA,GEURUGOK,TPS 1,2019-10-24 23:00:05,5,199,269,204,204,204,0,https://pemilu2019.kpu.go.id/img/c/900/009/900009402/4666-1-C1-PPWP-X1.jpg,https://pemilu2019.kpu.go.id/img/c/900/009/900009402/4666-1-C1-PPWP-X2.jpg
1436246484666900009403,ACEH,BIREUEN,GANDAPURA,GEURUGOK,TPS 2,2019-10-24 23:00:05,0,0,260,220,220,216,4,https://pemilu2019.kpu.go.id/img/c/900/009/900009403/1-4666-2-C1-PPWP-X1.jpg,https://pemilu2019.kpu.go.id/img/c/900/009/900009403/1-4666-2-C1-PPWP-X2.jpg
1436246484666900009404,ACEH,BIREUEN,GANDAPURA,GEURUGOK,TPS 3,2019-10-24 23:00:05,3,193,245,203,203,196,7,https://pemilu2019.kpu.go.id/img/c/900/009/900009404/1-4666-3-C1-PPWP-X1.jpg,https://pemilu2019.kpu.go.id/img/c/900/009/900009404/1-4666-3-C1-PPWP-X2.jpg
1436246484654900009373,ACEH,BIREUEN,GANDAPURA,IE RHOP,TPS 1,2019-10-24 23:00:05,8,100,143,109,109,108,1,https://pemilu2019.kpu.go.id/img/c/900/009/900009373/4654-1-C1-PPWP-X1.jpg,https://pemilu2019.kpu.go.id/img/c/900/009/900009373/4654-1-C1-PPWP-X2.jpg
1436246484649900009359,ACEH,BIREUEN,GANDAPURA,KEUDE LAPANG,TPS 1,2019-10-24 23:00:05,10,173,241,188,188,183,5,https://pemilu2019.kpu.go.id/img/c/900/009/900009359/4649-1-C-XXX-X5.jpg,https://pemilu2019.kpu.go.id/img/c/900/009/900009359/4649-1-C-XXX-X6.jpg
1436246484649900009360,ACEH,BIREUEN,GANDAPURA,KEUDE LAPANG,TPS 2,2019-10-24 23:00:05,8,153,233,166,166,161,5,https://pemilu2019.kpu.go.id/img/c/900/009/900009360/1-4649-2-C1-PPWP-X1.jpg,https://pemilu2019.kpu.go.id/img/c/900/009/900009360/1-4649-2-C1-PPWP-X2.jpg
1436246484649900009361,ACEH,BIREUEN,GANDAPURA,KEUDE LAPANG,TPS 3,2019-10-24 23:00:05,14,171,220,185,185,185,0,https://pemilu2019.kpu.go.id/img/c/900/009/900009361/4649-3-C1-PPWP-X1.jpg,https://pemilu2019.kpu.go.id/img/c/900/009/900009361/4649-3-C1-PPWP-X2.jpg
1436246484649900009362,ACEH,BIREUEN,GANDAPURA,KEUDE LAPANG,TPS 4,2019-10-24 23:00:05,12,156,219,170,170,168,2,https://pemilu2019.kpu.go.id/img/c/900/009/900009362/4649-4-C-XXX-X5.jpg,https://pemilu2019.kpu.go.id/img/c/900/009/900009362/4649-4-C-XXX-X6.jpg
1436246484650900009363,ACEH,BIREUEN,GANDAPURA,LAPANG BARAT,TPS 1,2019-10-24 23:00:05,14,196,286,216,216,210,6,https://pemilu2019.kpu.go.id/img/c/900/009/900009363/4650-1-C-XXX-X5.jpg,https://pemilu2019.kpu.go.id/img/c/900/009/900009363/4650-1-C-XXX-X6.jpg
1436246484650900009364,ACEH,BIREUEN,GANDAPURA,LAPANG BARAT,TPS 2,2019-10-24 23:00:05,14,201,291,223,223,215,8,https://pemilu2019.kpu.go.id/img/c/900/009/900009364/4650-2-C-XXX-X5.jpg,https://pemilu2019.kpu.go.id/img/c/900/009/900009364/4650-2-C-XXX-X6.jpg
1436246484652900009368,ACEH,BIREUEN,GANDAPURA,LAPANG TIMU,TPS 1,2019-10-24 23:00:05,15,198,280,215,215,213,2,https://pemilu2019.kpu.go.id/img/c/900/009/900009368/4652-1-C-XXX-X5.jpg,https://pemilu2019.kpu.go.id/img/c/900/009/900009368/4652-1-C-XXX-X6.jpg
1436246484652900009369,ACEH,BIREUEN,GANDAPURA,LAPANG TIMU,TPS 2,2019-10-24 23:00:05,10,205,281,223,223,215,8,https://pemilu2019.kpu.go.id/img/c/900/009/900009369/4652-2-C-XXX-X5.jpg,https://pemilu2019.kpu.go.id/img/c/900/009/900009369/4652-2-C-XXX-X6.jpg
1436246484657900009377,ACEH,BIREUEN,GANDAPURA,LHOK MAMBANG,TPS 1,2019-10-24 23:00:05,15,152,223,173,173,167,6,https://pemilu2019.kpu.go.id/img/c/900/009/900009377/4657-1-C1-PPWP-X1.jpg,https://pemilu2019.kpu.go.id/img/c/900/009/900009377/4657-1-C1-PPWP-X2.jpg
1436246484657900009378,ACEH,BIREUEN,GANDAPURA,LHOK MAMBANG,TPS 2,2019-10-24 23:00:05,8,158,217,175,175,166,9,https://pemilu2019.kpu.go.id/img/c/900/009/900009378/4657-2-C1-PPWP-X1.jpg,https://pemilu2019.kpu.go.id/img/c/900/009/900009378/4657-2-C1-PPWP-X2.jpg
1436246484657900009379,ACEH,BIREUEN,GANDAPURA,LHOK MAMBANG,TPS 3,2019-10-24 23:00:05,10,147,216,165,165,157,8,https://pemilu2019.kpu.go.id/img/c/900/009/900009379/4657-3-C-XXX-X5.jpg,https://pemilu2019.kpu.go.id/img/c/900/009/900009379/4657-3-C-XXX-X6.jpg
1436246484651900009365,ACEH,BIREUEN,GANDAPURA,LINGKA KUTA,TPS 1,2019-10-24 23:00:05,8,159,211,168,168,167,1,https://pemilu2019.kpu.go.id/img/c/900/009/900009365/4651-1-C-XXX-X5.jpg,https://pemilu2019.kpu.go.id/img/c/900/009/900009365/4651-1-C-XXX-X6.jpg
1436246484651900009366,ACEH,BIREUEN,GANDAPURA,LINGKA KUTA,TPS 2,2019-10-24 23:00:05,5,158,203,163,163,163,0,https://pemilu2019.kpu.go.id/img/c/900/009/900009366/1-4651-2-C1-PPWP-X1.jpg,https://pemilu2019.kpu.go.id/img/c/900/009/900009366/1-4651-2-C1-PPWP-X2.jpg
1436246484651900009367,ACEH,BIREUEN,GANDAPURA,LINGKA KUTA,TPS 3,2019-10-24 23:00:05,11,152,199,165,165,163,2,https://pemilu2019.kpu.go.id/img/c/900/009/900009367/4651-3-C-XXX-X5.jpg,https://pemilu2019.kpu.go.id/img/c/900/009/900009367/4651-3-C-XXX-X6.jpg
1436246484687900009432,ACEH,BIREUEN,GANDAPURA,MONJAMBE,TPS 1,2019-10-24 23:00:05,7,134,211,146,146,141,5,https://pemilu2019.kpu.go.id/img/c/900/009/900009432/4687-1-C-XXX-X5.jpg,https://pemilu2019.kpu.go.id/img/c/900/009/900009432/4687-1-C-XXX-X6.jpg
1436246484687900009433,ACEH,BIREUEN,GANDAPURA,MONJAMBE,TPS 2,2019-10-24 23:00:05,12,141,206,160,160,153,7,https://pemilu2019.kpu.go.id/img/c/900/009/900009433/4687-2-C1-PPWP-X1.jpg,https://pemilu2019.kpu.go.id/img/c/900/009/900009433/4687-2-C1-PPWP-X2.jpg
1436246484680900009425,ACEH,BIREUEN,GANDAPURA,MON JEURUJAK,TPS 1,2019-10-24 23:00:05,9,61,88,75,75,70,5,https://pemilu2019.kpu.go.id/img/c/900/009/900009425/4680-1-C-XXX-X5.jpg,https://pemilu2019.kpu.go.id/img/c/900/009/900009425/4680-1-C-XXX-X6.jpg
1436246484665900009398,ACEH,BIREUEN,GANDAPURA,MON KEULAYU,TPS 1,2019-10-24 23:00:05,2,200,294,203,203,202,1,https://pemilu2019.kpu.go.id/img/c/900/009/900009398/1-4665-1-C-XXX-X5.jpg,https://pemilu2019.kpu.go.id/img/c/900/009/900009398/1-4665-1-C-XXX-X6.jpg
1436246484665900009399,ACEH,BIREUEN,GANDAPURA,MON KEULAYU,TPS 2,2019-10-24 23:00:05,14,193,293,216,216,207,9,https://pemilu2019.kpu.go.id/img/c/900/009/900009399/6-4665-2-C-XXX-X5.jpg,https://pemilu2019.kpu.go.id/img/c/900/009/900009399/6-4665-2-C-XXX-X6.jpg
1436246484665900009400,ACEH,BIREUEN,GANDAPURA,MON KEULAYU,TPS 3,2019-10-24 23:00:05,5,187,279,200,200,192,8,https://pemilu2019.kpu.go.id/img/c/900/009/900009400/4665-3-C-XXX-X5.jpg,https://pemilu2019.kpu.go.id/img/c/900/009/900009400/4665-3-C-XXX-X6.jpg
1436246484665900009401,ACEH,BIREUEN,GANDAPURA,MON KEULAYU,TPS 4,2019-10-24 23:00:05,7,193,289,204,204,200,4,https://pemilu2019.kpu.go.id/img/c/900/009/900009401/2-4665-4-C-XXX-X5.jpg,https://pemilu2019.kpu.go.id/img/c/900/009/900009401/2-4665-4-C-XXX-X6.jpg
1436246484671900009414,ACEH,BIREUEN,GANDAPURA,PALOH KAYE KUNYET,TPS 1,2019-10-24 23:00:05,5,86,109,92,92,91,1,https://pemilu2019.kpu.go.id/img/c/900/009/900009414/4671-1-C1-PPWP-X1.jpg,https://pemilu2019.kpu.go.id/img/c/900/009/900009414/4671-1-C1-PPWP-X2.jpg
1436246484656900009375,ACEH,BIREUEN,GANDAPURA,PALOH ME,TPS 1,2019-10-24 23:00:05,6,135,174,146,146,141,5,https://pemilu2019.kpu.go.id/img/c/900/009/900009375/1-4656-1-C-XXX-X5.jpg,https://pemilu2019.kpu.go.id/img/c/900/009/900009375/1-4656-1-C-XXX-X6.jpg
1436246484656900009376,ACEH,BIREUEN,GANDAPURA,PALOH ME,TPS 2,2019-10-24 23:00:05,5,138,174,145,145,143,2,https://pemilu2019.kpu.go.id/img/c/900/009/900009376/4656-2-C-XXX-X5.jpg,https://pemilu2019.kpu.go.id/img/c/900/009/900009376/4656-2-C-XXX-X6.jpg
1436246484674900009418,ACEH,BIREUEN,GANDAPURA,PANTE SIKUMBONG,TPS 1,2019-10-24 23:00:05,9,189,226,201,201,198,3,https://pemilu2019.kpu.go.id/img/c/900/009/900009418/4674-1-C-XXX-X5.jpg,https://pemilu2019.kpu.go.id/img/c/900/009/900009418/4674-1-C-XXX-X6.jpg
1436246484670900009413,ACEH,BIREUEN,GANDAPURA,PAYA BARO,TPS 1,2019-10-24 23:00:05,8,76,108,89,89,84,5,https://pemilu2019.kpu.go.id/img/c/900/009/900009413/4670-1-C-XXX-X5.jpg,https://pemilu2019.kpu.go.id/img/c/900/009/900009413/4670-1-C-XXX-X6.jpg
1436246484679900009424,ACEH,BIREUEN,GANDAPURA,PAYA KAREUNG,TPS 1,2019-10-24 23:00:05,14,75,102,91,91,89,2,https://pemilu2019.kpu.go.id/img/c/900/009/900009424/4679-1-C1-PPWP-X1.jpg,https://pemilu2019.kpu.go.id/img/c/900/009/900009424/4679-1-C1-PPWP-X2.jpg
1436246484677900009422,ACEH,BIREUEN,GANDAPURA,PAYA SEUPAT,TPS 1,2019-10-24 23:00:05,12,160,211,177,177,172,5,https://pemilu2019.kpu.go.id/img/c/900/009/900009422/4677-1-C1-PPWP-X1.jpg,https://pemilu2019.kpu.go.id/img/c/900/009/900009422/4677-1-C1-PPWP-X2.jpg
1436246484685900009430,ACEH,BIREUEN,GANDAPURA,PULO GISA,TPS 1,2019-10-24 23:00:05,3,171,200,176,176,174,2,https://pemilu2019.kpu.go.id/img/c/900/009/900009430/3-4685-1-C-XXX-X5.jpg,https://pemilu2019.kpu.go.id/img/c/900/009/900009430/3-4685-1-C-XXX-X6.jpg
1436246484663900009393,ACEH,BIREUEN,GANDAPURA,SAMUTI AMAN,TPS 1,2019-10-24 23:00:05,11,147,209,161,161,158,3,https://pemilu2019.kpu.go.id/img/c/900/009/900009393/4663-1-C-XXX-X5.jpg,https://pemilu2019.kpu.go.id/img/c/900/009/900009393/4663-1-C-XXX-X6.jpg
1436246484663900009394,ACEH,BIREUEN,GANDAPURA,SAMUTI AMAN,TPS 2,2019-10-24 23:00:05,5,168,215,178,178,173,5,https://pemilu2019.kpu.go.id/img/c/900/009/900009394/4663-2-C-XXX-X5.jpg,https://pemilu2019.kpu.go.id/img/c/900/009/900009394/4663-2-C-XXX-X6.jpg
1436246484663900009395,ACEH,BIREUEN,GANDAPURA,SAMUTI AMAN,TPS 3,2019-10-24 23:00:05,4,150,206,158,158,154,4,https://pemilu2019.kpu.go.id/img/c/900/009/900009395/4663-3-C1-PPWP-X1.jpg,https://pemilu2019.kpu.go.id/img/c/900/009/900009395/4663-3-C1-PPWP-X2.jpg
1436246484658900009380,ACEH,BIREUEN,GANDAPURA,SAMUTI KRUENG,TPS 1,2019-10-24 23:00:05,10,149,207,160,160,159,1,https://pemilu2019.kpu.go.id/img/c/900/009/900009380/4658-1-C-XXX-X5.jpg,https://pemilu2019.kpu.go.id/img/c/900/009/900009380/4658-1-C-XXX-X6.jpg
1436246484658900009381,ACEH,BIREUEN,GANDAPURA,SAMUTI KRUENG,TPS 2,2019-10-24 23:00:05,10,145,201,160,160,155,5,https://pemilu2019.kpu.go.id/img/c/900/009/900009381/4658-2-C-XXX-X5.jpg,https://pemilu2019.kpu.go.id/img/c/900/009/900009381/4658-2-C-XXX-X6.jpg
1436246484658900009382,ACEH,BIREUEN,GANDAPURA,SAMUTI KRUENG,TPS 3,2019-10-24 23:00:05,9,142,198,154,154,151,3,https://pemilu2019.kpu.go.id/img/c/900/009/900009382/1-4658-3-C-XXX-X5.jpg,https://pemilu2019.kpu.go.id/img/c/900/009/900009382/1-4658-3-C-XXX-X6.jpg
1436246484660900009385,ACEH,BIREUEN,GANDAPURA,SAMUTI MAKMUR,TPS 1,2019-10-24 23:00:05,8,196,278,208,208,204,4,https://pemilu2019.kpu.go.id/img/c/900/009/900009385/4660-1-C-XXX-X5.jpg,https://pemilu2019.kpu.go.id/img/c/900/009/900009385/4660-1-C-XXX-X6.jpg
1436246484660900009386,ACEH,BIREUEN,GANDAPURA,SAMUTI MAKMUR,TPS 2,2019-10-24 23:00:05,9,173,254,186,186,182,4,https://pemilu2019.kpu.go.id/img/c/900/009/900009386/4660-2-C-XXX-X5.jpg,https://pemilu2019.kpu.go.id/img/c/900/009/900009386/4660-2-C-XXX-X6.jpg
1436246484660900009387,ACEH,BIREUEN,GANDAPURA,SAMUTI MAKMUR,TPS 3,2019-10-24 23:00:05,10,192,257,206,206,202,4,https://pemilu2019.kpu.go.id/img/c/900/009/900009387/4660-3-C-XXX-X5.jpg,https://pemilu2019.kpu.go.id/img/c/900/009/900009387/4660-3-C-XXX-X6.jpg
1436246484661900009388,ACEH,BIREUEN,GANDAPURA,SAMUTI RAYEUK,TPS 1,2019-10-24 23:00:05,13,170,234,190,190,183,7,https://pemilu2019.kpu.go.id/img/c/900/009/900009388/4661-1-C1-PPWP-X1.jpg,https://pemilu2019.kpu.go.id/img/c/900/009/900009388/4661-1-C1-PPWP-X2.jpg
1436246484661900009389,ACEH,BIREUEN,GANDAPURA,SAMUTI RAYEUK,TPS 2,2019-10-24 23:00:05,2,181,234,188,188,183,5,https://pemilu2019.kpu.go.id/img/c/900/009/900009389/4661-2-C-XXX-X5.jpg,https://pemilu2019.kpu.go.id/img/c/900/009/900009389/4661-2-C-XXX-X6.jpg
1436246484684900009429,ACEH,BIREUEN,GANDAPURA,TANJONG BUNGONG,TPS 1,2019-10-24 23:00:05,3,104,132,110,110,107,3,https://pemilu2019.kpu.go.id/img/c/900/009/900009429/1-4684-1-C1-PPWP-X1.jpg,https://pemilu2019.kpu.go.id/img/c/900/009/900009429/1-4684-1-C1-PPWP-X2.jpg
1436246484682900009427,ACEH,BIREUEN,GANDAPURA,TANJONG MESJID,TPS 1,2019-10-24 23:00:05,8,129,165,140,140,137,3,https://pemilu2019.kpu.go.id/img/c/900/009/900009427/4682-1-C-XXX-X5.jpg,https://pemilu2019.kpu.go.id/img/c/900/009/900009427/4682-1-C-XXX-X6.jpg
1436246484681900009426,ACEH,BIREUEN,GANDAPURA,TANJONG RAYA,TPS 1,2019-10-24 23:00:05,6,119,168,140,140,125,15,https://pemilu2019.kpu.go.id/img/c/900/009/900009426/1-4681-1-C-XXX-X5.jpg,https://pemilu2019.kpu.go.id/img/c/900/009/900009426/1-4681-1-C-XXX-X6.jpg
1436246484653900009370,ACEH,BIREUEN,GANDAPURA,TEUPIN SIRON,TPS 1,2019-10-24 23:00:05,6,160,215,171,171,166,5,https://pemilu2019.kpu.go.id/img/c/900/009/900009370/4653-1-C-XXX-X5.jpg,https://pemilu2019.kpu.go.id/img/c/900/009/900009370/4653-1-C-XXX-X6.jpg
1436246484653900009371,ACEH,BIREUEN,GANDAPURA,TEUPIN SIRON,TPS 2,2019-10-24 23:00:05,10,141,210,157,157,151,6,https://pemilu2019.kpu.go.id/img/c/900/009/900009371/4653-2-C1-PPWP-X1.jpg,https://pemilu2019.kpu.go.id/img/c/900/009/900009371/4653-2-C1-PPWP-X2.jpg
1436246484653900009372,ACEH,BIREUEN,GANDAPURA,TEUPIN SIRON,TPS 3,2019-10-24 23:00:05,5,157,212,162,162,162,0,https://pemilu2019.kpu.go.id/img/c/900/009/900009372/4653-3-C-XXX-X5.jpg,https://pemilu2019.kpu.go.id/img/c/900/009/900009372/4653-3-C-XXX-X6.jpg
1436246484686900009431,ACEH,BIREUEN,GANDAPURA,UJONG BAYU,TPS 1,2019-10-24 23:00:05,8,192,259,204,204,200,4,https://pemilu2019.kpu.go.id/img/c/900/009/900009431/4686-1-C1-PPWP-X1.jpg,https://pemilu2019.kpu.go.id/img/c/900/009/900009431/4686-1-C1-PPWP-X2.jpg
1436247464773900009611,ACEH,BIREUEN,JANGKA,ABEUK JALOH,TPS 1,2019-10-24 23:00:05,6,134,201,145,145,140,5,https://pemilu2019.kpu.go.id/img/c/900/009/900009611/4773-1-C-XXX-X5.jpg,https://pemilu2019.kpu.go.id/img/c/900/009/900009611/4773-1-C-XXX-X6.jpg
1436247464773900009612,ACEH,BIREUEN,JANGKA,ABEUK JALOH,TPS 2,2019-10-24 23:00:05,9,144,203,157,157,153,4,https://pemilu2019.kpu.go.id/img/c/900/009/900009612/4773-2-C1-PPWP-X1.jpg,https://pemilu2019.kpu.go.id/img/c/900/009/900009612/4773-2-C1-PPWP-X2.jpg
1436247464788900009642,ACEH,BIREUEN,JANGKA,ALUE BAYEU UTANG,TPS 1,2019-10-24 23:00:05,13,96,150,124,124,109,15,https://pemilu2019.kpu.go.id/img/c/900/009/900009642/4788-1-C-XXX-X5.jpg,https://pemilu2019.kpu.go.id/img/c/900/009/900009642/4788-1-C-XXX-X6.jpg
1436247464792900009649,ACEH,BIREUEN,JANGKA,ALUE BIE PUSONG,TPS 1,2019-10-24 23:00:05,8,130,202,142,142,138,4,https://pemilu2019.kpu.go.id/img/c/900/009/900009649/4792-1-C1-PPWP-X1.jpg,https://pemilu2019.kpu.go.id/img/c/900/009/900009649/4792-1-C1-PPWP-X2.jpg
1436247464775900009614,ACEH,BIREUEN,JANGKA,ALUE BUYA,TPS 1,2019-10-24 23:00:05,3,156,213,162,162,159,3,https://pemilu2019.kpu.go.id/img/c/900/009/900009614/1-4775-1-C-XXX-X5.jpg,https://pemilu2019.kpu.go.id/img/c/900/009/900009614/1-4775-1-C-XXX-X6.jpg
1436247464775900009615,ACEH,BIREUEN,JANGKA,ALUE BUYA,TPS 2,2019-10-24 23:00:05,8,139,209,152,152,147,5,https://pemilu2019.kpu.go.id/img/c/900/009/900009615/1-4775-2-C-XXX-X5.jpg,https://pemilu2019.kpu.go.id/img/c/900/009/900009615/1-4775-2-C-XXX-X6.jpg
1436247464791900009647,ACEH,BIREUEN,JANGKA,ALUE BUYA PASI,TPS 1,2019-10-24 23:00:05,7,150,218,164,164,157,7,https://pemilu2019.kpu.go.id/img/c/900/009/900009647/1-4791-1-C-XXX-X5.jpg,https://pemilu2019.kpu.go.id/img/c/900/009/900009647/1-4791-1-C-XXX-X6.jpg
1436247464791900009648,ACEH,BIREUEN,JANGKA,ALUE BUYA PASI,TPS 2,2019-10-24 23:00:05,15,140,213,158,158,155,3,https://pemilu2019.kpu.go.id/img/c/900/009/900009648/4791-2-C-XXX-X5.jpg,https://pemilu2019.kpu.go.id/img/c/900/009/900009648/4791-2-C-XXX-X6.jpg
1436247464787900009640,ACEH,BIREUEN,JANGKA,ALUE KUTA,TPS 1,2019-10-24 23:00:05,13,194,278,228,228,207,21,https://pemilu2019.kpu.go.id/img/c/900/009/900009640/1-4787-1-C-XXX-X5.jpg,https://pemilu2019.kpu.go.id/img/c/900/009/900009640/1-4787-1-C-XXX-X6.jpg
1436247464787900009641,ACEH,BIREUEN,JANGKA,ALUE KUTA,TPS 2,2019-10-24 23:00:05,13,195,281,222,222,208,14,https://pemilu2019.kpu.go.id/img/c/900/009/900009641/1-4787-2-C1-PPWP-X1.jpg,https://pemilu2019.kpu.go.id/img/c/900/009/900009641/1-4787-2-C1-PPWP-X2.jpg
1436247464762900009591,ACEH,BIREUEN,JANGKA,BADA BARAT,TPS 1,2019-10-24 23:00:05,8,196,252,205,205,204,1,https://pemilu2019.kpu.go.id/img/c/900/009/900009591/4762-1-C-XXX-X5.jpg,https://pemilu2019.kpu.go.id/img/c/900/009/900009591/4762-1-C-XXX-X6.jpg
1436247464763900009592,ACEH,BIREUEN,JANGKA,BADA TIMU,TPS 1,2019-10-24 23:00:05,2,129,154,132,132,131,1,https://pemilu2019.kpu.go.id/img/c/900/009/900009592/1-4763-1-C-XXX-X5.jpg,https://pemilu2019.kpu.go.id/img/c/900/009/900009592/1-4763-1-C-XXX-X6.jpg
1436247464763900009593,ACEH,BIREUEN,JANGKA,BADA TIMU,TPS 2,2019-10-24 23:00:05,4,116,152,121,121,120,1,https://pemilu2019.kpu.go.id/img/c/900/009/900009593/4763-2-C-XXX-X5.jpg,https://pemilu2019.kpu.go.id/img/c/900/009/900009593/4763-2-C-XXX-X6.jpg
1436247464755900009579,ACEH,BIREUEN,JANGKA,BARAT LANYAN,TPS 1,2019-10-24 23:00:05,2,154,190,159,159,156,3,https://pemilu2019.kpu.go.id/img/c/900/009/900009579/2-4755-1-C1-PPWP-X1.jpg,https://pemilu2019.kpu.go.id/img/c/900/009/900009579/2-4755-1-C1-PPWP-X2.jpg
1436247464755900009580,ACEH,BIREUEN,JANGKA,BARAT LANYAN,TPS 2,2019-10-24 23:00:05,1,131,166,135,135,132,3,https://pemilu2019.kpu.go.id/img/c/900/009/900009580/1-4755-2-C-XXX-X5.jpg,https://pemilu2019.kpu.go.id/img/c/900/009/900009580/1-4755-2-C-XXX-X6.jpg
1436247464779900009622,ACEH,BIREUEN,JANGKA,BUGAK BLANG,TPS 1,2019-10-24 23:00:05,2,130,163,135,135,132,3,https://pemilu2019.kpu.go.id/img/c/900/009/900009622/4779-1-C1-PPWP-X1.jpg,https://pemilu2019.kpu.go.id/img/c/900/009/900009622/4779-1-C1-PPWP-X2.jpg
1436247464782900009628,ACEH,BIREUEN,JANGKA,BUGAK KRUENG,TPS 1,2019-10-24 23:00:05,8,181,234,245,192,189,3,https://pemilu2019.kpu.go.id/img/c/900/009/900009628/1-4782-1-C-XXX-X5.jpg,https://pemilu2019.kpu.go.id/img/c/900/009/900009628/1-4782-1-C-XXX-X6.jpg
1436247464782900009629,ACEH,BIREUEN,JANGKA,BUGAK KRUENG,TPS 2,2019-10-24 23:00:05,4,176,245,185,185,180,5,https://pemilu2019.kpu.go.id/img/c/900/009/900009629/1-4782-2-C-XXX-X5.jpg,https://pemilu2019.kpu.go.id/img/c/900/009/900009629/1-4782-2-C-XXX-X6.jpg
1436247464782900009630,ACEH,BIREUEN,JANGKA,BUGAK KRUENG,TPS 3,2019-10-24 23:00:05,2,171,219,177,177,173,4,https://pemilu2019.kpu.go.id/img/c/900/009/900009630/1-4782-3-C-XXX-X5.jpg,https://pemilu2019.kpu.go.id/img/c/900/009/900009630/1-4782-3-C-XXX-X6.jpg
1436247464781900009625,ACEH,BIREUEN,JANGKA,BUGAK KRUENG MATE,TPS 1,2019-10-24 23:00:05,6,178,236,190,190,184,6,https://pemilu2019.kpu.go.id/img/c/900/009/900009625/4781-1-C1-PPWP-X1.jpg,https://pemilu2019.kpu.go.id/img/c/900/009/900009625/4781-1-C1-PPWP-X2.jpg
1436247464781900009626,ACEH,BIREUEN,JANGKA,BUGAK KRUENG MATE,TPS 2,2019-10-24 23:00:05,4,190,241,199,199,194,5,https://pemilu2019.kpu.go.id/img/c/900/009/900009626/4781-2-C-XXX-X5.jpg,https://pemilu2019.kpu.go.id/img/c/900/009/900009626/4781-2-C-XXX-X6.jpg
1436247464781900009627,ACEH,BIREUEN,JANGKA,BUGAK KRUENG MATE,TPS 3,2019-10-24 23:00:05,3,183,232,188,188,186,2,https://pemilu2019.kpu.go.id/img/c/900/009/900009627/4781-3-C-XXX-X5.jpg,https://pemilu2019.kpu.go.id/img/c/900/009/900009627/4781-3-C-XXX-X6.jpg
1436247464780900009623,ACEH,BIREUEN,JANGKA,BUGAK MESJID,TPS 1,2019-10-24 23:00:05,15,186,268,208,208,201,7,https://pemilu2019.kpu.go.id/img/c/900/009/900009623/1-4780-1-C-XXX-X5.jpg,https://pemilu2019.kpu.go.id/img/c/900/009/900009623/1-4780-1-C-XXX-X6.jpg
1436247464780900009624,ACEH,BIREUEN,JANGKA,BUGAK MESJID,TPS 2,2019-10-24 23:00:05,12,182,262,201,201,194,7,https://pemilu2019.kpu.go.id/img/c/900/009/900009624/4780-2-C-XXX-X5.jpg,https://pemilu2019.kpu.go.id/img/c/900/009/900009624/4780-2-C-XXX-X6.jpg
1436247464786900009639,ACEH,BIREUEN,JANGKA,BUGENG,TPS 1,2019-10-24 23:00:05,7,136,182,144,144,143,1,https://pemilu2019.kpu.go.id/img/c/900/009/900009639/4786-1-C1-PPWP-X1.jpg,https://pemilu2019.kpu.go.id/img/c/900/009/900009639/4786-1-C1-PPWP-X2.jpg
1436247464752900009575,ACEH,BIREUEN,JANGKA,GAMPONG MEULINTEUNG,TPS 1,2019-10-24 23:00:05,12,165,223,184,184,177,7,https://pemilu2019.kpu.go.id/img/c/900/009/900009575/1-4752-1-C-XXX-X5.jpg,https://pemilu2019.kpu.go.id/img/c/900/009/900009575/1-4752-1-C-XXX-X6.jpg
1436247464757900009582,ACEH,BIREUEN,JANGKA,GEUNDOT,TPS 1,2019-10-24 23:00:05,7,190,247,201,201,197,4,https://pemilu2019.kpu.go.id/img/c/900/009/900009582/1-4757-1-C-XXX-X5.jpg,https://pemilu2019.kpu.go.id/img/c/900/009/900009582/1-4757-1-C-XXX-X6.jpg
1436247464750900009570,ACEH,BIREUEN,JANGKA,JANGKA ALUE,TPS 1,2019-10-24 23:00:05,9,150,194,161,161,159,2,https://pemilu2019.kpu.go.id/img/c/900/009/900009570/1-4750-1-C-XXX-X5.jpg,https://pemilu2019.kpu.go.id/img/c/900/009/900009570/1-4750-1-C-XXX-X6.jpg
1436247464750900009571,ACEH,BIREUEN,JANGKA,JANGKA ALUE,TPS 2,2019-10-24 23:00:05,14,149,201,166,166,163,3,https://pemilu2019.kpu.go.id/img/c/900/009/900009571/1-4750-2-C-XXX-X5.jpg,https://pemilu2019.kpu.go.id/img/c/900/009/900009571/1-4750-2-C-XXX-X6.jpg
1436247464750900009572,ACEH,BIREUEN,JANGKA,JANGKA ALUE,TPS 3,2019-10-24 23:00:05,6,144,194,155,155,150,5,https://pemilu2019.kpu.go.id/img/c/900/009/900009572/4750-3-C-XXX-X5.jpg,https://pemilu2019.kpu.go.id/img/c/900/009/900009572/4750-3-C-XXX-X6.jpg
1436247464751900009573,ACEH,BIREUEN,JANGKA,JANGKA ALUE BIE,TPS 1,2019-10-24 23:00:05,9,175,241,185,185,184,1,https://pemilu2019.kpu.go.id/img/c/900/009/900009573/1-4751-1-C1-PPWP-X1.jpg,https://pemilu2019.kpu.go.id/img/c/900/009/900009573/1-4751-1-C1-PPWP-X2.jpg
1436247464751900009574,ACEH,BIREUEN,JANGKA,JANGKA ALUE BIE,TPS 2,2019-10-24 23:00:05,8,166,239,175,175,174,1,https://pemilu2019.kpu.go.id/img/c/900/009/900009574/1-4751-2-C1-PPWP-X1.jpg,https://pemilu2019.kpu.go.id/img/c/900/009/900009574/1-4751-2-C1-PPWP-X2.jpg
1436247464749900009567,ACEH,BIREUEN,JANGKA,JANGKA ALUE U,TPS 1,2019-10-24 23:00:05,10,218,294,230,230,228,2,https://pemilu2019.kpu.go.id/img/c/900/009/900009567/4749-1-C-XXX-X5.jpg,https://pemilu2019.kpu.go.id/img/c/900/009/900009567/4749-1-C-XXX-X6.jpg
1436247464749900009568,ACEH,BIREUEN,JANGKA,JANGKA ALUE U,TPS 2,2019-10-24 23:00:05,7,211,299,219,219,218,1,https://pemilu2019.kpu.go.id/img/c/900/009/900009568/4749-2-C-XXX-X5.jpg,https://pemilu2019.kpu.go.id/img/c/900/009/900009568/4749-2-C-XXX-X6.jpg
1436247464749900009569,ACEH,BIREUEN,JANGKA,JANGKA ALUE U,TPS 3,2019-10-24 23:00:05,10,195,294,207,207,205,2,https://pemilu2019.kpu.go.id/img/c/900/009/900009569/4749-3-C-XXX-X5.jpg,https://pemilu2019.kpu.go.id/img/c/900/009/900009569/4749-3-C-XXX-X6.jpg
1436247464748900009564,ACEH,BIREUEN,JANGKA,JANGKA KEUTAPANG,TPS 1,2019-10-24 23:00:05,8,175,247,183,183,183,0,https://pemilu2019.kpu.go.id/img/c/900/009/900009564/4748-1-C-XXX-X5.jpg,https://pemilu2019.kpu.go.id/img/c/900/009/900009564/4748-1-C-XXX-X6.jpg
1436247464748900009565,ACEH,BIREUEN,JANGKA,JANGKA KEUTAPANG,TPS 2,2019-10-24 23:00:05,2,175,226,180,180,177,3,https://pemilu2019.kpu.go.id/img/c/900/009/900009565/2-4748-2-C-XXX-X5.jpg,https://pemilu2019.kpu.go.id/img/c/900/009/900009565/2-4748-2-C-XXX-X6.jpg
1436247464748900009566,ACEH,BIREUEN,JANGKA,JANGKA KEUTAPANG,TPS 3,2019-10-24 23:00:05,2,198,244,200,200,200,0,https://pemilu2019.kpu.go.id/img/c/900/009/900009566/4748-3-C-XXX-X5.jpg,https://pemilu2019.kpu.go.id/img/c/900/009/900009566/4748-3-C-XXX-X6.jpg
1436247464747900009561,ACEH,BIREUEN,JANGKA,JANGKA MESJID,TPS 1,2019-10-24 23:00:05,15,167,258,189,189,182,7,https://pemilu2019.kpu.go.id/img/c/900/009/900009561/4747-1-C-XXX-X5.jpg,https://pemilu2019.kpu.go.id/img/c/900/009/900009561/4747-1-C-XXX-X6.jpg
1436247464747900009562,ACEH,BIREUEN,JANGKA,JANGKA MESJID,TPS 2,2019-10-24 23:00:05,12,169,268,191,191,181,10,https://pemilu2019.kpu.go.id/img/c/900/009/900009562/2-4747-2-C-XXX-X5.jpg,https://pemilu2019.kpu.go.id/img/c/900/009/900009562/2-4747-2-C-XXX-X6.jpg
1436247464747900009563,ACEH,BIREUEN,JANGKA,JANGKA MESJID,TPS 3,2019-10-24 23:00:05,10,168,252,185,185,178,7,https://pemilu2019.kpu.go.id/img/c/900/009/900009563/4747-3-C-XXX-X5.jpg,https://pemilu2019.kpu.go.id/img/c/900/009/900009563/4747-3-C-XXX-X6.jpg
1436247464759900009585,ACEH,BIREUEN,JANGKA,KAMBUK,TPS 1,2019-10-24 23:00:05,8,192,235,203,203,200,3,https://pemilu2019.kpu.go.id/img/c/900/009/900009585/2-4759-1-C-XXX-X5.jpg,https://pemilu2019.kpu.go.id/img/c/900/009/900009585/2-4759-1-C-XXX-X6.jpg
1436247464790900009645,ACEH,BIREUEN,JANGKA,KUALA CEURAPE,TPS 1,2019-10-24 23:00:05,18,174,279,203,203,192,11,https://pemilu2019.kpu.go.id/img/c/900/009/900009645/2-4790-1-C-XXX-X5.jpg,https://pemilu2019.kpu.go.id/img/c/900/009/900009645/2-4790-1-C-XXX-X6.jpg
1436247464790900009646,ACEH,BIREUEN,JANGKA,KUALA CEURAPE,TPS 2,2019-10-24 23:00:05,9,187,261,199,199,196,3,https://pemilu2019.kpu.go.id/img/c/900/009/900009646/4790-2-C-XXX-X5.jpg,https://pemilu2019.kpu.go.id/img/c/900/009/900009646/4790-2-C-XXX-X6.jpg
1436247464756900009581,ACEH,BIREUEN,JANGKA,LAMKUTA,TPS 1,2019-10-24 23:00:05,6,165,179,175,175,171,4,https://pemilu2019.kpu.go.id/img/c/900/009/900009581/1-4756-1-C1-PPWP-X1.jpg,https://pemilu2019.kpu.go.id/img/c/900/009/900009581/1-4756-1-C1-PPWP-X2.jpg
1436247464767900009601,ACEH,BIREUEN,JANGKA,LAMPOH RAYEUK,TPS 1,2019-10-24 23:00:05,3,129,180,137,137,132,5,https://pemilu2019.kpu.go.id/img/c/900/009/900009601/4767-1-C-XXX-X5.jpg,https://pemilu2019.kpu.go.id/img/c/900/009/900009601/4767-1-C-XXX-X6.jpg
1436247464767900009602,ACEH,BIREUEN,JANGKA,LAMPOH RAYEUK,TPS 2,2019-10-24 23:00:05,3,119,168,125,125,122,3,https://pemilu2019.kpu.go.id/img/c/900/009/900009602/1-4767-2-C-XXX-X5.jpg,https://pemilu2019.kpu.go.id/img/c/900/009/900009602/1-4767-2-C-XXX-X6.jpg
1436247464766900009599,ACEH,BIREUEN,JANGKA,LHOK BUGENG,TPS 1,2019-10-24 23:00:05,2,126,170,130,130,128,2,https://pemilu2019.kpu.go.id/img/c/900/009/900009599/1-4766-1-C1-PPWP-X1.jpg,https://pemilu2019.kpu.go.id/img/c/900/009/900009599/1-4766-1-C1-PPWP-X2.jpg
1436247464766900009600,ACEH,BIREUEN,JANGKA,LHOK BUGENG,TPS 2,2019-10-24 23:00:05,2,121,162,127,127,123,4,https://pemilu2019.kpu.go.id/img/c/900/009/900009600/4766-2-C1-PPWP-X1.jpg,https://pemilu2019.kpu.go.id/img/c/900/009/900009600/4766-2-C1-PPWP-X2.jpg
1436247464770900009606,ACEH,BIREUEN,JANGKA,LINGGONG,TPS 1,2019-10-24 23:00:05,4,228,293,234,234,232,2,https://pemilu2019.kpu.go.id/img/c/900/009/900009606/1-4770-1-C1-PPWP-X1.jpg,https://pemilu2019.kpu.go.id/img/c/900/009/900009606/1-4770-1-C1-PPWP-X2.jpg
1436247464770900009607,ACEH,BIREUEN,JANGKA,LINGGONG,TPS 2,2019-10-24 23:00:05,11,203,290,224,224,214,10,https://pemilu2019.kpu.go.id/img/c/900/009/900009607/4770-2-C1-PPWP-X1.jpg,https://pemilu2019.kpu.go.id/img/c/900/009/900009607/4770-2-C1-PPWP-X2.jpg
1436247464758900009583,ACEH,BIREUEN,JANGKA,LUENG,TPS 1,2019-10-24 23:00:05,5,177,239,184,184,182,2,https://pemilu2019.kpu.go.id/img/c/900/009/900009583/4758-1-C-XXX-X5.jpg,https://pemilu2019.kpu.go.id/img/c/900/009/900009583/4758-1-C-XXX-X6.jpg
1436247464758900009584,ACEH,BIREUEN,JANGKA,LUENG,TPS 2,2019-10-24 23:00:05,6,147,201,157,157,153,4,https://pemilu2019.kpu.go.id/img/c/900/009/900009584/4758-2-C1-PPWP-X1.jpg,https://pemilu2019.kpu.go.id/img/c/900/009/900009584/4758-2-C1-PPWP-X2.jpg
1436247464754900009578,ACEH,BIREUEN,JANGKA,MEUNASAH KRUENG,TPS 1,2019-10-24 23:00:05,2,197,265,204,204,199,5,https://pemilu2019.kpu.go.id/img/c/900/009/900009578/1-4754-1-C-XXX-X5.jpg,https://pemilu2019.kpu.go.id/img/c/900/009/900009578/1-4754-1-C-XXX-X6.jpg
1436247464778900009619,ACEH,BIREUEN,JANGKA,PANTE PAKU,TPS 1,2019-10-24 23:00:05,7,134,198,146,146,141,5,https://pemilu2019.kpu.go.id/img/c/900/009/900009619/3-4778-1-C-XXX-X5.jpg,https://pemilu2019.kpu.go.id/img/c/900/009/900009619/3-4778-1-C-XXX-X6.jpg
1436247464778900009620,ACEH,BIREUEN,JANGKA,PANTE PAKU,TPS 2,2019-10-24 23:00:05,1,144,200,147,147,145,2,https://pemilu2019.kpu.go.id/img/c/900/009/900009620/4778-2-C-XXX-X5.jpg,https://pemilu2019.kpu.go.id/img/c/900/009/900009620/4778-2-C-XXX-X6.jpg
1436247464778900009621,ACEH,BIREUEN,JANGKA,PANTE PAKU,TPS 3,2019-10-24 23:00:05,2,145,202,148,148,147,1,https://pemilu2019.kpu.go.id/img/c/900/009/900009621/4778-3-C-XXX-X5.jpg,https://pemilu2019.kpu.go.id/img/c/900/009/900009621/4778-3-C-XXX-X6.jpg
1436247464776900009616,ACEH,BIREUEN,JANGKA,PANTE PEUSANGAN,TPS 1,2019-10-24 23:00:05,2,137,195,148,148,139,9,https://pemilu2019.kpu.go.id/img/c/900/009/900009616/1-4776-1-C1-PPWP-X1.jpg,https://pemilu2019.kpu.go.id/img/c/900/009/900009616/1-4776-1-C1-PPWP-X2.jpg
1436247464776900009617,ACEH,BIREUEN,JANGKA,PANTE PEUSANGAN,TPS 2,2019-10-24 23:00:05,4,126,186,135,135,130,5,https://pemilu2019.kpu.go.id/img/c/900/009/900009617/2-4776-2-C1-PPWP-X1.jpg,https://pemilu2019.kpu.go.id/img/c/900/009/900009617/2-4776-2-C1-PPWP-X2.jpg
1436247464783900009631,ACEH,BIREUEN,JANGKA,PANTE RANUB,TPS 1,2019-10-24 23:00:05,13,149,208,165,165,162,3,https://pemilu2019.kpu.go.id/img/c/900/009/900009631/4783-1-C-XXX-X5.jpg,https://pemilu2019.kpu.go.id/img/c/900/009/900009631/4783-1-C-XXX-X6.jpg
1436247464783900009632,ACEH,BIREUEN,JANGKA,PANTE RANUB,TPS 2,2019-10-24 23:00:05,9,149,197,159,159,158,1,https://pemilu2019.kpu.go.id/img/c/900/009/900009632/4783-2-C-XXX-X5.jpg,https://pemilu2019.kpu.go.id/img/c/900/009/900009632/4783-2-C-XXX-X6.jpg
1436247464783900009633,ACEH,BIREUEN,JANGKA,PANTE RANUB,TPS 3,2019-10-24 23:00:05,11,157,223,169,169,168,1,https://pemilu2019.kpu.go.id/img/c/900/009/900009633/4783-3-C1-PPWP-X1.jpg,https://pemilu2019.kpu.go.id/img/c/900/009/900009633/4783-3-C1-PPWP-X2.jpg
1436247464777900009618,ACEH,BIREUEN,JANGKA,PANTE SUKON,TPS 1,2019-10-24 23:00:05,8,199,287,232,232,207,25,https://pemilu2019.kpu.go.id/img/c/900/009/900009618/4777-1-C1-PPWP-X1.jpg,https://pemilu2019.kpu.go.id/img/c/900/009/900009618/4777-1-C1-PPWP-X2.jpg
1436247464753900009576,ACEH,BIREUEN,JANGKA,PAYA BIENG,TPS 1,2019-10-24 23:00:05,5,208,268,216,216,213,3,https://pemilu2019.kpu.go.id/img/c/900/009/900009576/1-4753-1-C1-PPWP-X1.jpg,https://pemilu2019.kpu.go.id/img/c/900/009/900009576/1-4753-1-C1-PPWP-X2.jpg
1436247464753900009577,ACEH,BIREUEN,JANGKA,PAYA BIENG,TPS 2,2019-10-24 23:00:05,6,217,280,228,228,223,5,https://pemilu2019.kpu.go.id/img/c/900/009/900009577/1-4753-2-C1-PPWP-X1.jpg,https://pemilu2019.kpu.go.id/img/c/900/009/900009577/1-4753-2-C1-PPWP-X2.jpg
1436247464771900009608,ACEH,BIREUEN,JANGKA,PULO BLANG,TPS 1,2019-10-24 23:00:05,17,135,183,153,153,152,1,https://pemilu2019.kpu.go.id/img/c/900/009/900009608/1-4771-1-C1-PPWP-X1.jpg,https://pemilu2019.kpu.go.id/img/c/900/009/900009608/1-4771-1-C1-PPWP-X2.jpg
1436247464771900009609,ACEH,BIREUEN,JANGKA,PULO BLANG,TPS 2,2019-10-24 23:00:05,9,122,182,138,138,131,7,https://pemilu2019.kpu.go.id/img/c/900/009/900009609/4771-2-C1-PPWP-X1.jpg,https://pemilu2019.kpu.go.id/img/c/900/009/900009609/4771-2-C1-PPWP-X2.jpg
1436247464772900009610,ACEH,BIREUEN,JANGKA,PULO IBOEH,TPS 1,2019-10-24 23:00:05,15,204,292,237,237,219,18,https://pemilu2019.kpu.go.id/img/c/900/009/900009610/4772-1-C1-PPWP-X1.jpg,https://pemilu2019.kpu.go.id/img/c/900/009/900009610/4772-1-C1-PPWP-X2.jpg
1436247464784900009634,ACEH,BIREUEN,JANGKA,PULO PINEUNG MNS II,TPS 1,2019-10-24 23:00:05,5,169,221,184,184,174,10,https://pemilu2019.kpu.go.id/img/c/900/009/900009634/4784-1-C-XXX-X5.jpg,https://pemilu2019.kpu.go.id/img/c/900/009/900009634/4784-1-C-XXX-X6.jpg
1436247464784900009635,ACEH,BIREUEN,JANGKA,PULO PINEUNG MNS II,TPS 2,2019-10-24 23:00:05,6,191,228,202,202,197,5,https://pemilu2019.kpu.go.id/img/c/900/009/900009635/1-4784-2-C1-PPWP-X1.jpg,https://pemilu2019.kpu.go.id/img/c/900/009/900009635/1-4784-2-C1-PPWP-X2.jpg
1436247464768900009603,ACEH,BIREUEN,JANGKA,PULO REUDEUP,TPS 1,2019-10-24 23:00:05,9,167,264,182,182,176,6,https://pemilu2019.kpu.go.id/img/c/900/009/900009603/4768-1-C-XXX-X5.jpg,https://pemilu2019.kpu.go.id/img/c/900/009/900009603/4768-1-C-XXX-X6.jpg
1436247464768900009604,ACEH,BIREUEN,JANGKA,PULO REUDEUP,TPS 2,2019-10-24 23:00:05,12,181,272,199,199,193,6,https://pemilu2019.kpu.go.id/img/c/900/009/900009604/1-4768-2-C-XXX-X5.jpg,https://pemilu2019.kpu.go.id/img/c/900/009/900009604/1-4768-2-C-XXX-X6.jpg
1436247464769900009605,ACEH,BIREUEN,JANGKA,PULO SEUNA,TPS 1,2019-10-24 23:00:05,1,198,238,203,203,199,4,https://pemilu2019.kpu.go.id/img/c/900/009/900009605/4769-1-C-XXX-X5.jpg,https://pemilu2019.kpu.go.id/img/c/900/009/900009605/4769-1-C-XXX-X6.jpg
1436247464774900009613,ACEH,BIREUEN,JANGKA,PULO U,TPS 1,2019-10-24 23:00:05,16,223,290,253,253,239,14,https://pemilu2019.kpu.go.id/img/c/900/009/900009613/3-4774-1-C-XXX-X5.jpg,https://pemilu2019.kpu.go.id/img/c/900/009/900009613/3-4774-1-C-XXX-X6.jpg
1436247464785900009636,ACEH,BIREUEN,JANGKA,PUNJOT,TPS 1,2019-10-24 23:00:05,9,202,264,213,213,211,2,https://pemilu2019.kpu.go.id/img/c/900/009/900009636/4785-1-C-XXX-X5.jpg,https://pemilu2019.kpu.go.id/img/c/900/009/900009636/4785-1-C-XXX-X6.jpg
1436247464785900009637,ACEH,BIREUEN,JANGKA,PUNJOT,TPS 2,2019-10-24 23:00:05,7,194,257,205,205,201,4,https://pemilu2019.kpu.go.id/img/c/900/009/900009637/4785-2-C1-PPWP-X1.jpg,https://pemilu2019.kpu.go.id/img/c/900/009/900009637/4785-2-C1-PPWP-X2.jpg
1436247464785900009638,ACEH,BIREUEN,JANGKA,PUNJOT,TPS 3,2019-10-24 23:00:05,8,182,263,192,192,190,2,https://pemilu2019.kpu.go.id/img/c/900/009/900009638/4785-3-C1-PPWP-X1.jpg,https://pemilu2019.kpu.go.id/img/c/900/009/900009638/4785-3-C1-PPWP-X2.jpg
1436247464760900009586,ACEH,BIREUEN,JANGKA,RUSEB ARA,TPS 1,2019-10-24 23:00:05,10,181,240,200,200,191,9,https://pemilu2019.kpu.go.id/img/c/900/009/900009586/1-4760-1-C-XXX-X5.jpg,https://pemilu2019.kpu.go.id/img/c/900/009/900009586/1-4760-1-C-XXX-X6.jpg
1436247464760900009587,ACEH,BIREUEN,JANGKA,RUSEB ARA,TPS 2,2019-10-24 23:00:05,6,196,257,215,215,202,13,https://pemilu2019.kpu.go.id/img/c/900/009/900009587/1-4760-2-C-XXX-X5.jpg,https://pemilu2019.kpu.go.id/img/c/900/009/900009587/1-4760-2-C-XXX-X6.jpg
1436247464761900009588,ACEH,BIREUEN,JANGKA,RUSEB DAYAH,TPS 1,2019-10-24 23:00:05,4,134,207,143,143,138,5,https://pemilu2019.kpu.go.id/img/c/900/009/900009588/1-4761-1-C1-PPWP-X1.jpg,https://pemilu2019.kpu.go.id/img/c/900/009/900009588/1-4761-1-C1-PPWP-X2.jpg
1436247464761900009589,ACEH,BIREUEN,JANGKA,RUSEB DAYAH,TPS 2,2019-10-24 23:00:05,0,115,191,131,131,123,0,https://pemilu2019.kpu.go.id/img/c/900/009/900009589/3-4761-2-C-XXX-X5.jpg,https://pemilu2019.kpu.go.id/img/c/900/009/900009589/3-4761-2-C-XXX-X6.jpg
1436247464761900009590,ACEH,BIREUEN,JANGKA,RUSEB DAYAH,TPS 3,2019-10-24 23:00:05,3,128,196,138,138,131,7,https://pemilu2019.kpu.go.id/img/c/900/009/900009590/4761-3-C-XXX-X5.jpg,https://pemilu2019.kpu.go.id/img/c/900/009/900009590/4761-3-C-XXX-X6.jpg
1436247464764900009594,ACEH,BIREUEN,JANGKA,TANJONGAN,TPS 1,2019-10-24 23:00:05,14,149,240,169,169,163,6,https://pemilu2019.kpu.go.id/img/c/900/009/900009594/1-4764-1-C-XXX-X5.jpg,https://pemilu2019.kpu.go.id/img/c/900/009/900009594/1-4764-1-C-XXX-X6.jpg
1436247464764900009595,ACEH,BIREUEN,JANGKA,TANJONGAN,TPS 2,2019-10-24 23:00:05,9,160,238,176,176,169,7,https://pemilu2019.kpu.go.id/img/c/900/009/900009595/4764-2-C1-PPWP-X1.jpg,https://pemilu2019.kpu.go.id/img/c/900/009/900009595/4764-2-C1-PPWP-X2.jpg
1436247464765900009596,ACEH,BIREUEN,JANGKA,TANOH ANOE,TPS 1,2019-10-24 23:00:05,6,165,213,182,182,171,11,https://pemilu2019.kpu.go.id/img/c/900/009/900009596/2-4765-1-C1-PPWP-X1.jpg,https://pemilu2019.kpu.go.id/img/c/900/009/900009596/2-4765-1-C1-PPWP-X2.jpg
1436247464765900009597,ACEH,BIREUEN,JANGKA,TANOH ANOE,TPS 2,2019-10-24 23:00:05,8,160,213,169,169,168,1,https://pemilu2019.kpu.go.id/img/c/900/009/900009597/2-4765-2-C-XXX-X5.jpg,https://pemilu2019.kpu.go.id/img/c/900/009/900009597/2-4765-2-C-XXX-X6.jpg
1436247464765900009598,ACEH,BIREUEN,JANGKA,TANOH ANOE,TPS 3,2019-10-24 23:00:05,5,158,209,165,165,163,2,https://pemilu2019.kpu.go.id/img/c/900/009/900009598/3-4765-3-C-XXX-X4.jpg,https://pemilu2019.kpu.go.id/img/c/900/009/900009598/3-4765-3-C-XXX-X6.jpg
1436247464789900009643,ACEH,BIREUEN,JANGKA,ULEE CEUE,TPS 1,2019-10-24 23:00:05,5,188,243,199,199,193,6,https://pemilu2019.kpu.go.id/img/c/900/009/900009643/4789-1-C-XXX-X5.jpg,https://pemilu2019.kpu.go.id/img/c/900/009/900009643/4789-1-C-XXX-X6.jpg
1436247464789900009644,ACEH,BIREUEN,JANGKA,ULEE CEUE,TPS 2,2019-10-24 23:00:05,3,180,124,190,190,183,7,https://pemilu2019.kpu.go.id/img/c/900/009/900009644/2-4789-2-C1-PPWP-X1.jpg,https://pemilu2019.kpu.go.id/img/c/900/009/900009644/2-4789-2-C1-PPWP-X2.jpg
1436245074534900009133,ACEH,BIREUEN,JEUMPA,ABEUK TINGKEUM,TPS 1,2019-10-24 23:00:05,0,0,0,0,0,0,0,https://pemilu2019.kpu.go.id/img/c/900/009/900009133/1-4534-1-C1-PPWP-X1.jpg,https://pemilu2019.kpu.go.id/img/c/900/009/900009133/1-4534-1-C1-PPWP-X2.jpg
1436245074534900009134,ACEH,BIREUEN,JEUMPA,ABEUK TINGKEUM,TPS 2,2019-10-24 23:00:05,1,114,154,126,126,115,11,https://pemilu2019.kpu.go.id/img/c/900/009/900009134/1-4534-2-C1-PPWP-X1.jpg,https://pemilu2019.kpu.go.id/img/c/900/009/900009134/1-4534-2-C1-PPWP-X2.jpg
1436245074532900009128,ACEH,BIREUEN,JEUMPA,ABEUK USONG,TPS 1,2019-10-24 23:00:05,9,149,206,171,171,158,13,https://pemilu2019.kpu.go.id/img/c/900/009/900009128/2-4532-1-C-XXX-X5.jpg,https://pemilu2019.kpu.go.id/img/c/900/009/900009128/2-4532-1-C-XXX-X6.jpg
1436245074532900009129,ACEH,BIREUEN,JEUMPA,ABEUK USONG,TPS 2,2019-10-24 23:00:05,17,113,213,142,142,130,12,https://pemilu2019.kpu.go.id/img/c/900/009/900009129/1-4532-2-C1-PPWP-X1.jpg,https://pemilu2019.kpu.go.id/img/c/900/009/900009129/1-4532-2-C1-PPWP-X2.jpg
1436245074532900009130,ACEH,BIREUEN,JEUMPA,ABEUK USONG,TPS 3,2019-10-24 23:00:05,13,140,218,163,163,153,10,https://pemilu2019.kpu.go.id/img/c/900/009/900009130/1-4532-3-C1-PPWP-X1.jpg,https://pemilu2019.kpu.go.id/img/c/900/009/900009130/1-4532-3-C1-PPWP-X2.jpg
1436245074545900009155,ACEH,BIREUEN,JEUMPA,ALUE LIMENG,TPS 1,2019-10-24 23:00:05,7,131,177,141,141,138,3,https://pemilu2019.kpu.go.id/img/c/900/009/900009155/1-4545-1-C-XXX-X5.jpg,https://pemilu2019.kpu.go.id/img/c/900/009/900009155/1-4545-1-C-XXX-X6.jpg
1436245074545900009156,ACEH,BIREUEN,JEUMPA,ALUE LIMENG,TPS 2,2019-10-24 23:00:05,7,117,168,128,129,124,5,https://pemilu2019.kpu.go.id/img/c/900/009/900009156/4-4545-2-C-XXX-X5.jpg,https://pemilu2019.kpu.go.id/img/c/900/009/900009156/4-4545-2-C-XXX-X6.jpg
1436245074511900009063,ACEH,BIREUEN,JEUMPA,BATEE TIMOH,TPS 1,2019-10-24 23:00:05,7,142,212,159,159,149,10,https://pemilu2019.kpu.go.id/img/c/900/009/900009063/2-4511-1-C1-PPWP-X1.jpg,https://pemilu2019.kpu.go.id/img/c/900/009/900009063/2-4511-1-C1-PPWP-X2.jpg
1436245074511900009064,ACEH,BIREUEN,JEUMPA,BATEE TIMOH,TPS 2,2019-10-24 23:00:05,0,0,0,0,0,0,0,https://pemilu2019.kpu.go.id/img/c/900/009/900009064/2-4511-2-C1-PPWP-X1.jpg,https://pemilu2019.kpu.go.id/img/c/900/009/900009064/2-4511-2-C1-PPWP-X2.jpg
1436245074511900009065,ACEH,BIREUEN,JEUMPA,BATEE TIMOH,TPS 3,2019-10-24 23:00:05,7,158,208,169,169,165,4,https://pemilu2019.kpu.go.id/img/c/900/009/900009065/3-4511-3-C-XXX-X5.jpg,https://pemilu2019.kpu.go.id/img/c/900/009/900009065/3-4511-3-C-XXX-X6.jpg
1436245074515900009075,ACEH,BIREUEN,JEUMPA,BEURAWANG,TPS 1,2019-10-24 23:00:05,10,169,226,181,181,179,2,https://pemilu2019.kpu.go.id/img/c/900/009/900009075/1-4515-1-C-XXX-X5.jpg,https://pemilu2019.kpu.go.id/img/c/900/009/900009075/1-4515-1-C-XXX-X6.jpg
1436245074515900009076,ACEH,BIREUEN,JEUMPA,BEURAWANG,TPS 2,2019-10-24 23:00:05,10,158,225,170,170,168,2,https://pemilu2019.kpu.go.id/img/c/900/009/900009076/1-4515-2-C-XXX-X5.jpg,https://pemilu2019.kpu.go.id/img/c/900/009/900009076/1-4515-2-C-XXX-X6.jpg
1436245074515900009077,ACEH,BIREUEN,JEUMPA,BEURAWANG,TPS 3,2019-10-24 23:00:05,7,168,228,175,175,175,0,https://pemilu2019.kpu.go.id/img/c/900/009/900009077/1-4515-3-C-XXX-X5.jpg,https://pemilu2019.kpu.go.id/img/c/900/009/900009077/1-4515-3-C-XXX-X6.jpg
1436245074523900009099,ACEH,BIREUEN,JEUMPA,BLANG BLADEH,TPS 1,2019-10-24 23:00:05,8,171,236,188,188,179,9,https://pemilu2019.kpu.go.id/img/c/900/009/900009099/5-4523-1-C-XXX-X5.jpg,https://pemilu2019.kpu.go.id/img/c/900/009/900009099/5-4523-1-C-XXX-X6.jpg
1436245074523900009100,ACEH,BIREUEN,JEUMPA,BLANG BLADEH,TPS 2,2019-10-24 23:00:05,5,175,235,185,185,180,5,https://pemilu2019.kpu.go.id/img/c/900/009/900009100/2-4523-2-C1-PPWP-X1.jpg,https://pemilu2019.kpu.go.id/img/c/900/009/900009100/2-4523-2-C1-PPWP-X2.jpg
1436245074523900009101,ACEH,BIREUEN,JEUMPA,BLANG BLADEH,TPS 3,2019-10-24 23:00:05,11,173,238,191,191,184,7,https://pemilu2019.kpu.go.id/img/c/900/009/900009101/1-4523-3-C-XXX-X5.jpg,https://pemilu2019.kpu.go.id/img/c/900/009/900009101/1-4523-3-C-XXX-X6.jpg
1436245074523900009102,ACEH,BIREUEN,JEUMPA,BLANG BLADEH,TPS 4,2019-10-24 23:00:05,3,162,235,176,176,165,11,https://pemilu2019.kpu.go.id/img/c/900/009/900009102/3-4523-4-C-XXX-X5.jpg,https://pemilu2019.kpu.go.id/img/c/900/009/900009102/3-4523-4-C-XXX-X6.jpg
1436245074523900009103,ACEH,BIREUEN,JEUMPA,BLANG BLADEH,TPS 5,2019-10-24 23:00:05,8,210,246,212,212,210,2,https://pemilu2019.kpu.go.id/img/c/900/009/900009103/1-4523-5-C-XXX-X5.jpg,https://pemilu2019.kpu.go.id/img/c/900/009/900009103/1-4523-5-C-XXX-X6.jpg
1436245074523900009104,ACEH,BIREUEN,JEUMPA,BLANG BLADEH,TPS 6,2019-10-24 23:00:05,4,119,242,124,124,123,1,https://pemilu2019.kpu.go.id/img/c/900/009/900009104/3-4523-6-C-XXX-X5.jpg,https://pemilu2019.kpu.go.id/img/c/900/009/900009104/3-4523-6-C-XXX-X6.jpg
1436245074518900009083,ACEH,BIREUEN,JEUMPA,BLANG COT BAROH,TPS 1,2019-10-24 23:00:05,12,148,196,167,167,160,7,https://pemilu2019.kpu.go.id/img/c/900/009/900009083/1-4518-1-C-XXX-X5.jpg,https://pemilu2019.kpu.go.id/img/c/900/009/900009083/1-4518-1-C-XXX-X6.jpg
1436245074518900009084,ACEH,BIREUEN,JEUMPA,BLANG COT BAROH,TPS 2,2019-10-24 23:00:05,10,154,206,169,169,164,5,https://pemilu2019.kpu.go.id/img/c/900/009/900009084/3-4518-2-C-XXX-X5.jpg,https://pemilu2019.kpu.go.id/img/c/900/009/900009084/3-4518-2-C-XXX-X6.jpg
1436245074518900009085,ACEH,BIREUEN,JEUMPA,BLANG COT BAROH,TPS 3,2019-10-24 23:00:05,6,146,209,157,157,152,5,https://pemilu2019.kpu.go.id/img/c/900/009/900009085/2-4518-3-C1-PPWP-X1.jpg,https://pemilu2019.kpu.go.id/img/c/900/009/900009085/2-4518-3-C1-PPWP-X2.jpg
1436245074519900009086,ACEH,BIREUEN,JEUMPA,BLANG COT TUNONG,TPS 1,2019-10-24 23:00:05,4,181,278,186,186,185,1,https://pemilu2019.kpu.go.id/img/c/900/009/900009086/1-4519-1-C1-PPWP-X1.jpg,https://pemilu2019.kpu.go.id/img/c/900/009/900009086/1-4519-1-C1-PPWP-X2.jpg
1436245074519900009087,ACEH,BIREUEN,JEUMPA,BLANG COT TUNONG,TPS 2,2019-10-24 23:00:05,2,182,264,186,186,184,2,https://pemilu2019.kpu.go.id/img/c/900/009/900009087/1-4519-2-C-XXX-X5.jpg,https://pemilu2019.kpu.go.id/img/c/900/009/900009087/1-4519-2-C-XXX-X6.jpg
1436245074519900009088,ACEH,BIREUEN,JEUMPA,BLANG COT TUNONG,TPS 3,2019-10-24 23:00:05,13,186,270,201,201,199,2,https://pemilu2019.kpu.go.id/img/c/900/009/900009088/1-4519-3-C-XXX-X5.jpg,https://pemilu2019.kpu.go.id/img/c/900/009/900009088/1-4519-3-C-XXX-X6.jpg
1436245074525900009108,ACEH,BIREUEN,JEUMPA,BLANG DALAM,TPS 1,2019-10-24 23:00:05,11,183,264,197,197,194,3,https://pemilu2019.kpu.go.id/img/c/900/009/900009108/1-4525-1-C-XXX-X5.jpg,https://pemilu2019.kpu.go.id/img/c/900/009/900009108/1-4525-1-C-XXX-X6.jpg
1436245074525900009109,ACEH,BIREUEN,JEUMPA,BLANG DALAM,TPS 2,2019-10-24 23:00:05,20,197,267,218,218,217,1,https://pemilu2019.kpu.go.id/img/c/900/009/900009109/5-4525-2-C-XXX-X5.jpg,https://pemilu2019.kpu.go.id/img/c/900/009/900009109/5-4525-2-C-XXX-X6.jpg
1436245074537900009139,ACEH,BIREUEN,JEUMPA,BLANG GANDAI,TPS 1,2019-10-24 23:00:05,0,0,0,0,0,0,0,https://pemilu2019.kpu.go.id/img/c/900/009/900009139/1-4537-1-C-XXX-X5.jpg,https://pemilu2019.kpu.go.id/img/c/900/009/900009139/1-4537-1-C-XXX-X6.jpg
1436245074537900009140,ACEH,BIREUEN,JEUMPA,BLANG GANDAI,TPS 2,2019-10-24 23:00:05,0,0,0,0,0,0,0,https://pemilu2019.kpu.go.id/img/c/900/009/900009140/2-4537-2-C1-PPWP-X1.jpg,https://pemilu2019.kpu.go.id/img/c/900/009/900009140/2-4537-2-C1-PPWP-X2.jpg
1436245074537900009141,ACEH,BIREUEN,JEUMPA,BLANG GANDAI,TPS 3,2019-10-24 23:00:05,0,0,0,0,0,0,0,https://pemilu2019.kpu.go.id/img/c/900/009/900009141/3-4537-3-C1-PPWP-X3.jpg,https://pemilu2019.kpu.go.id/img/c/900/009/900009141/3-4537-3-C1-PPWP-X4.jpg
1436245074535900009135,ACEH,BIREUEN,JEUMPA,BLANG ME,TPS 1,2019-10-24 23:00:05,10,97,136,120,120,107,13,https://pemilu2019.kpu.go.id/img/c/900/009/900009135/1-4535-1-C-XXX-X5.jpg,https://pemilu2019.kpu.go.id/img/c/900/009/900009135/1-4535-1-C-XXX-X6.jpg
1436245074540900009145,ACEH,BIREUEN,JEUMPA,BLANG RHEUM,TPS 1,2019-10-24 23:00:05,18,124,194,154,154,142,12,https://pemilu2019.kpu.go.id/img/c/900/009/900009145/2-4540-1-C-XXX-X5.jpg,https://pemilu2019.kpu.go.id/img/c/900/009/900009145/2-4540-1-C-XXX-X6.jpg
1436245074540900009146,ACEH,BIREUEN,JEUMPA,BLANG RHEUM,TPS 2,2019-10-24 23:00:05,20,126,195,157,157,146,11,https://pemilu2019.kpu.go.id/img/c/900/009/900009146/1-4540-2-C-XXX-X5.jpg,https://pemilu2019.kpu.go.id/img/c/900/009/900009146/1-4540-2-C-XXX-X6.jpg
1436245074540900009147,ACEH,BIREUEN,JEUMPA,BLANG RHEUM,TPS 3,2019-10-24 23:00:05,18,119,201,144,144,137,7,https://pemilu2019.kpu.go.id/img/c/900/009/900009147/1-4540-3-C-XXX-X5.jpg,https://pemilu2019.kpu.go.id/img/c/900/009/900009147/1-4540-3-C-XXX-X6.jpg
1436245074509900009059,ACEH,BIREUEN,JEUMPA,BLANG SEUNONG,TPS 1,2019-10-24 23:00:05,16,133,221,154,154,149,5,https://pemilu2019.kpu.go.id/img/c/900/009/900009059/1-4509-1-C-XXX-X5.jpg,https://pemilu2019.kpu.go.id/img/c/900/009/900009059/1-4509-1-C-XXX-X6.jpg
1436245074509900009060,ACEH,BIREUEN,JEUMPA,BLANG SEUNONG,TPS 2,2019-10-24 23:00:05,20,136,220,167,167,156,11,https://pemilu2019.kpu.go.id/img/c/900/009/900009060/2-4509-2-C1-PPWP-X1.jpg,https://pemilu2019.kpu.go.id/img/c/900/009/900009060/2-4509-2-C1-PPWP-X2.jpg
1436245074536900009136,ACEH,BIREUEN,JEUMPA,BLANG SEUPEUNG,TPS 1,2019-10-24 23:00:05,9,128,192,154,154,137,17,https://pemilu2019.kpu.go.id/img/c/900/009/900009136/2-4536-1-C-XXX-X5.jpg,https://pemilu2019.kpu.go.id/img/c/900/009/900009136/2-4536-1-C-XXX-X6.jpg
1436245074536900009137,ACEH,BIREUEN,JEUMPA,BLANG SEUPEUNG,TPS 2,2019-10-24 23:00:05,9,130,196,148,148,139,9,https://pemilu2019.kpu.go.id/img/c/900/009/900009137/2-4536-2-C-XXX-X5.jpg,https://pemilu2019.kpu.go.id/img/c/900/009/900009137/2-4536-2-C-XXX-X6.jpg
1436245074536900009138,ACEH,BIREUEN,JEUMPA,BLANG SEUPEUNG,TPS 3,2019-10-24 23:00:05,30,105,200,143,143,135,8,https://pemilu2019.kpu.go.id/img/c/900/009/900009138/1-4536-3-C-XXX-X5.jpg,https://pemilu2019.kpu.go.id/img/c/900/009/900009138/1-4536-3-C-XXX-X6.jpg
1436245074528900009117,ACEH,BIREUEN,JEUMPA,COT BADA,TPS 1,2019-10-24 23:00:05,14,152,246,173,173,166,7,https://pemilu2019.kpu.go.id/img/c/900/009/900009117/1-4528-1-C-XXX-X5.jpg,https://pemilu2019.kpu.go.id/img/c/900/009/900009117/1-4528-1-C-XXX-X6.jpg
1436245074528900009118,ACEH,BIREUEN,JEUMPA,COT BADA,TPS 2,2019-10-24 23:00:05,16,144,243,166,166,160,6,https://pemilu2019.kpu.go.id/img/c/900/009/900009118/1-4528-2-C-XXX-X5.jpg,https://pemilu2019.kpu.go.id/img/c/900/009/900009118/1-4528-2-C-XXX-X6.jpg
1436245074528900009119,ACEH,BIREUEN,JEUMPA,COT BADA,TPS 3,2019-10-24 23:00:05,0,0,0,0,0,0,0,https://pemilu2019.kpu.go.id/img/c/900/009/900009119/1-4528-3-C-XXX-X5.jpg,https://pemilu2019.kpu.go.id/img/c/900/009/900009119/1-4528-3-C-XXX-X6.jpg
1436245074527900009115,ACEH,BIREUEN,JEUMPA,COT GADONG,TPS 1,2019-10-24 23:00:05,11,138,187,151,151,149,2,https://pemilu2019.kpu.go.id/img/c/900/009/900009115/1-4527-1-C-XXX-X5.jpg,https://pemilu2019.kpu.go.id/img/c/900/009/900009115/1-4527-1-C-XXX-X6.jpg
1436245074527900009116,ACEH,BIREUEN,JEUMPA,COT GADONG,TPS 2,2019-10-24 23:00:05,10,130,180,144,144,140,4,https://pemilu2019.kpu.go.id/img/c/900/009/900009116/1-4527-2-C1-PPWP-X1.jpg,https://pemilu2019.kpu.go.id/img/c/900/009/900009116/1-4527-2-C1-PPWP-X2.jpg
1436245074513900009070,ACEH,BIREUEN,JEUMPA,COT GEUREUNDONG,TPS 1,2019-10-24 23:00:05,10,209,277,229,229,219,10,https://pemilu2019.kpu.go.id/img/c/900/009/900009070/2-4513-1-C-XXX-X5.jpg,https://pemilu2019.kpu.go.id/img/c/900/009/900009070/2-4513-1-C-XXX-X6.jpg
1436245074513900009071,ACEH,BIREUEN,JEUMPA,COT GEUREUNDONG,TPS 2,2019-10-24 23:00:05,9,219,278,234,234,228,6,https://pemilu2019.kpu.go.id/img/c/900/009/900009071/1-4513-2-C-XXX-X5.jpg,https://pemilu2019.kpu.go.id/img/c/900/009/900009071/1-4513-2-C-XXX-X6.jpg
1436245074539900009144,ACEH,BIREUEN,JEUMPA,COT IBOEH,TPS 1,2019-10-24 23:00:05,19,167,242,199,199,186,13,https://pemilu2019.kpu.go.id/img/c/900/009/900009144/1-4539-1-C-XXX-X5.jpg,https://pemilu2019.kpu.go.id/img/c/900/009/900009144/1-4539-1-C-XXX-X6.jpg
1436245074546900009157,ACEH,BIREUEN,JEUMPA,COT IBOEH TIMU,TPS 1,2019-10-24 23:00:05,17,161,236,188,188,178,10,https://pemilu2019.kpu.go.id/img/c/900/009/900009157/1-4546-1-C1-PPWP-X1.jpg,https://pemilu2019.kpu.go.id/img/c/900/009/900009157/1-4546-1-C1-PPWP-X2.jpg
1436245074521900009091,ACEH,BIREUEN,JEUMPA,COT KEUTAPANG,TPS 1,2019-10-24 23:00:05,7,209,273,218,218,216,2,https://pemilu2019.kpu.go.id/img/c/900/009/900009091/1-4521-1-C1-PPWP-X1.jpg,https://pemilu2019.kpu.go.id/img/c/900/009/900009091/1-4521-1-C1-PPWP-X2.jpg
1436245074521900009092,ACEH,BIREUEN,JEUMPA,COT KEUTAPANG,TPS 2,2019-10-24 23:00:05,10,194,282,210,210,204,6,https://pemilu2019.kpu.go.id/img/c/900/009/900009092/2-4521-2-C1-PPWP-X1.jpg,https://pemilu2019.kpu.go.id/img/c/900/009/900009092/2-4521-2-C1-PPWP-X2.jpg
1436245074521900009093,ACEH,BIREUEN,JEUMPA,COT KEUTAPANG,TPS 3,2019-10-24 23:00:05,11,185,283,200,200,196,4,https://pemilu2019.kpu.go.id/img/c/900/009/900009093/1-4521-3-C1-PPWP-X1.jpg,https://pemilu2019.kpu.go.id/img/c/900/009/900009093/1-4521-3-C1-PPWP-X2.jpg
1436245074521900009094,ACEH,BIREUEN,JEUMPA,COT KEUTAPANG,TPS 4,2019-10-24 23:00:05,3,202,272,215,215,205,10,https://pemilu2019.kpu.go.id/img/c/900/009/900009094/1-4521-4-C-XXX-X5.jpg,https://pemilu2019.kpu.go.id/img/c/900/009/900009094/1-4521-4-C-XXX-X6.jpg
1436245074510900009061,ACEH,BIREUEN,JEUMPA,COT LEUSONG,TPS 1,2019-10-24 23:00:05,9,114,147,128,128,123,5,https://pemilu2019.kpu.go.id/img/c/900/009/900009061/1-4510-1-C-XXX-X5.jpg,https://pemilu2019.kpu.go.id/img/c/900/009/900009061/1-4510-1-C-XXX-X6.jpg
1436245074510900009062,ACEH,BIREUEN,JEUMPA,COT LEUSONG,TPS 2,2019-10-24 23:00:05,12,93,145,114,114,105,9,https://pemilu2019.kpu.go.id/img/c/900/009/900009062/1-4510-2-C-XXX-X5.jpg,https://pemilu2019.kpu.go.id/img/c/900/009/900009062/1-4510-2-C-XXX-X6.jpg
1436245074549900009160,ACEH,BIREUEN,JEUMPA,COT MEUGOE,TPS 1,2019-10-24 23:00:05,12,183,237,200,200,195,5,https://pemilu2019.kpu.go.id/img/c/900/009/900009160/1-4549-1-C-XXX-X5.jpg,https://pemilu2019.kpu.go.id/img/c/900/009/900009160/1-4549-1-C-XXX-X6.jpg
1436245074517900009080,ACEH,BIREUEN,JEUMPA,COT TAROM BAROH,TPS 1,2019-10-25 05:00:03,0,0,0,0,0,0,0,https://pemilu2019.kpu.go.id/img/c/900/009/900009080/1-4517-1-C-XXX-X5.jpg,https://pemilu2019.kpu.go.id/img/c/900/009/900009080/1-4517-1-C-XXX-X6.jpg
1436245074517900009081,ACEH,BIREUEN,JEUMPA,COT TAROM BAROH,TPS 2,2019-10-25 05:00:03,8,193,283,210,210,201,9,https://pemilu2019.kpu.go.id/img/c/900/009/900009081/1-4517-2-C1-PPWP-X1.jpg,https://pemilu2019.kpu.go.id/img/c/900/009/900009081/1-4517-2-C1-PPWP-X2.jpg
1436245074517900009082,ACEH,BIREUEN,JEUMPA,COT TAROM BAROH,TPS 3,2019-10-25 05:00:03,12,181,287,197,197,193,4,https://pemilu2019.kpu.go.id/img/c/900/009/900009082/1-4517-3-C-XXX-X5.jpg,https://pemilu2019.kpu.go.id/img/c/900/009/900009082/1-4517-3-C-XXX-X6.jpg
1436245074522900009095,ACEH,BIREUEN,JEUMPA,COT TAROM TUNONG,TPS 1,2019-10-25 05:00:03,13,163,258,184,184,176,8,https://pemilu2019.kpu.go.id/img/c/900/009/900009095/1-4522-1-C1-PPWP-X1.jpg,https://pemilu2019.kpu.go.id/img/c/900/009/900009095/1-4522-1-C1-PPWP-X2.jpg
1436245074522900009096,ACEH,BIREUEN,JEUMPA,COT TAROM TUNONG,TPS 2,2019-10-25 05:00:03,9,176,243,191,191,185,6,https://pemilu2019.kpu.go.id/img/c/900/009/900009096/1-4522-2-C-XXX-X5.jpg,https://pemilu2019.kpu.go.id/img/c/900/009/900009096/1-4522-2-C-XXX-X6.jpg
1436245074522900009097,ACEH,BIREUEN,JEUMPA,COT TAROM TUNONG,TPS 3,2019-10-25 05:00:03,23,163,245,192,192,186,6,https://pemilu2019.kpu.go.id/img/c/900/009/900009097/2-4522-3-C1-PPWP-X1.jpg,https://pemilu2019.kpu.go.id/img/c/900/009/900009097/2-4522-3-C1-PPWP-X2.jpg
1436245074522900009098,ACEH,BIREUEN,JEUMPA,COT TAROM TUNONG,TPS 4,2019-10-25 05:00:03,13,163,243,178,178,176,2,https://pemilu2019.kpu.go.id/img/c/900/009/900009098/1-4522-4-C1-PPWP-X1.jpg,https://pemilu2019.kpu.go.id/img/c/900/009/900009098/1-4522-4-C1-PPWP-X2.jpg
1436245074538900009142,ACEH,BIREUEN,JEUMPA,COT ULIM,TPS 1,2019-10-25 05:00:03,7,141,177,156,156,148,8,https://pemilu2019.kpu.go.id/img/c/900/009/900009142/1-4538-1-C1-PPWP-X1.jpg,https://pemilu2019.kpu.go.id/img/c/900/009/900009142/1-4538-1-C1-PPWP-X2.jpg
1436245074538900009143,ACEH,BIREUEN,JEUMPA,COT ULIM,TPS 2,2019-10-25 05:00:03,11,139,189,155,155,150,5,https://pemilu2019.kpu.go.id/img/c/900/009/900009143/1-4538-2-C-XXX-X5.jpg,https://pemilu2019.kpu.go.id/img/c/900/009/900009143/1-4538-2-C-XXX-X6.jpg
1436245074516900009078,ACEH,BIREUEN,JEUMPA,GEUDONG TAMPU,TPS 1,2019-10-25 05:00:03,18,176,240,199,199,194,5,https://pemilu2019.kpu.go.id/img/c/900/009/900009078/4-4516-1-C-XXX-X5.jpg,https://pemilu2019.kpu.go.id/img/c/900/009/900009078/4-4516-1-C-XXX-X6.jpg
1436245074516900009079,ACEH,BIREUEN,JEUMPA,GEUDONG TAMPU,TPS 2,2019-10-25 05:00:03,18,181,254,208,208,199,9,https://pemilu2019.kpu.go.id/img/c/900/009/900009079/4-4516-2-C1-PPWP-X1.jpg,https://pemilu2019.kpu.go.id/img/c/900/009/900009079/4-4516-2-C1-PPWP-X2.jpg
1436245074508900009052,ACEH,BIREUEN,JEUMPA,GEULUMPANG PAYONG,TPS 1,2019-10-25 05:00:03,12,173,269,196,196,185,11,https://pemilu2019.kpu.go.id/img/c/900/009/900009052/1-4508-1-C-XXX-X5.jpg,https://pemilu2019.kpu.go.id/img/c/900/009/900009052/1-4508-1-C-XXX-X6.jpg
1436245074508900009053,ACEH,BIREUEN,JEUMPA,GEULUMPANG PAYONG,TPS 2,2019-10-25 05:00:03,19,133,227,156,156,152,4,https://pemilu2019.kpu.go.id/img/c/900/009/900009053/1-4508-2-C1-PPWP-X1.jpg,https://pemilu2019.kpu.go.id/img/c/900/009/900009053/1-4508-2-C1-PPWP-X2.jpg
1436245074508900009054,ACEH,BIREUEN,JEUMPA,GEULUMPANG PAYONG,TPS 3,2019-10-25 05:00:03,20,165,244,195,195,185,10,https://pemilu2019.kpu.go.id/img/c/900/009/900009054/1-4508-3-C-XXX-X5.jpg,https://pemilu2019.kpu.go.id/img/c/900/009/900009054/1-4508-3-C-XXX-X6.jpg
1436245074508900009055,ACEH,BIREUEN,JEUMPA,GEULUMPANG PAYONG,TPS 4,2019-10-25 05:00:03,13,172,264,195,195,185,10,https://pemilu2019.kpu.go.id/img/c/900/009/900009055/2-4508-4-C-XXX-X5.jpg,https://pemilu2019.kpu.go.id/img/c/900/009/900009055/2-4508-4-C-XXX-X6.jpg
1436245074508900009056,ACEH,BIREUEN,JEUMPA,GEULUMPANG PAYONG,TPS 5,2019-10-25 05:00:03,14,141,221,164,164,155,9,https://pemilu2019.kpu.go.id/img/c/900/009/900009056/2-4508-5-C-XXX-X5.jpg,https://pemilu2019.kpu.go.id/img/c/900/009/900009056/2-4508-5-C-XXX-X6.jpg
1436245074508900009057,ACEH,BIREUEN,JEUMPA,GEULUMPANG PAYONG,TPS 6,2019-10-25 05:00:03,0,0,0,0,0,0,0,https://pemilu2019.kpu.go.id/img/c/900/009/900009057/1-4508-6-C1-PPWP-X1.jpg,https://pemilu2019.kpu.go.id/img/c/900/009/900009057/1-4508-6-C1-PPWP-X2.jpg
1436245074508900009058,ACEH,BIREUEN,JEUMPA,GEULUMPANG PAYONG,TPS 7,2019-10-25 05:00:03,0,0,0,0,0,0,0,https://pemilu2019.kpu.go.id/img/c/900/009/900009058/1-4508-7-C1-PPWP-X3.jpg,https://pemilu2019.kpu.go.id/img/c/900/009/900009058/1-4508-7-C1-PPWP-X4.jpg
1436245074526900009110,ACEH,BIREUEN,JEUMPA,KUALA JEUMPA,TPS 1,2019-10-25 05:00:03,13,160,245,180,180,173,7,https://pemilu2019.kpu.go.id/img/c/900/009/900009110/2-4526-1-C-XXX-X5.jpg,https://pemilu2019.kpu.go.id/img/c/900/009/900009110/2-4526-1-C-XXX-X6.jpg
1436245074526900009111,ACEH,BIREUEN,JEUMPA,KUALA JEUMPA,TPS 2,2019-10-25 05:00:03,15,152,242,182,182,167,15,https://pemilu2019.kpu.go.id/img/c/900/009/900009111/5-4526-2-C1-PPWP-X1.jpg,https://pemilu2019.kpu.go.id/img/c/900/009/900009111/5-4526-2-C1-PPWP-X2.jpg
1436245074526900009112,ACEH,BIREUEN,JEUMPA,KUALA JEUMPA,TPS 3,2019-10-25 05:00:03,17,139,247,164,164,156,8,https://pemilu2019.kpu.go.id/img/c/900/009/900009112/1-4526-3-C1-PPWP-X1.jpg,https://pemilu2019.kpu.go.id/img/c/900/009/900009112/1-4526-3-C1-PPWP-X2.jpg
1436245074526900009113,ACEH,BIREUEN,JEUMPA,KUALA JEUMPA,TPS 4,2019-10-25 05:00:03,10,178,249,196,196,188,8,https://pemilu2019.kpu.go.id/img/c/900/009/900009113/1-4526-4-C1-PPWP-X1.jpg,https://pemilu2019.kpu.go.id/img/c/900/009/900009113/1-4526-4-C1-PPWP-X2.jpg
1436245074526900009114,ACEH,BIREUEN,JEUMPA,KUALA JEUMPA,TPS 5,2019-10-25 05:00:03,9,183,249,198,198,192,6,https://pemilu2019.kpu.go.id/img/c/900/009/900009114/4-4526-5-C-XXX-X5.jpg,https://pemilu2019.kpu.go.id/img/c/900/009/900009114/4-4526-5-C-XXX-X6.jpg
1436245074548900009159,ACEH,BIREUEN,JEUMPA,KUTA MEULIGOE,TPS 1,2019-10-25 05:00:03,10,158,227,170,170,168,2,https://pemilu2019.kpu.go.id/img/c/900/009/900009159/3-4548-1-C-XXX-X5.jpg,https://pemilu2019.kpu.go.id/img/c/900/009/900009159/3-4548-1-C-XXX-X6.jpg
1436245074547900009158,ACEH,BIREUEN,JEUMPA,LHAKSAMANA,TPS 1,2019-10-25 05:00:03,15,147,191,167,167,162,5,https://pemilu2019.kpu.go.id/img/c/900/009/900009158/1-4547-1-C-XXX-X5.jpg,https://pemilu2019.kpu.go.id/img/c/900/009/900009158/1-4547-1-C-XXX-X6.jpg
1436245074514900009072,ACEH,BIREUEN,JEUMPA,LIPAH CUT,TPS 1,2019-10-25 05:00:03,15,149,199,167,167,164,3,https://pemilu2019.kpu.go.id/img/c/900/009/900009072/3-4514-1-C-XXX-X5.jpg,https://pemilu2019.kpu.go.id/img/c/900/009/900009072/3-4514-1-C-XXX-X6.jpg
1436245074514900009073,ACEH,BIREUEN,JEUMPA,LIPAH CUT,TPS 2,2019-10-25 05:00:03,7,138,199,152,152,145,7,https://pemilu2019.kpu.go.id/img/c/900/009/900009073/1-4514-2-C1-PPWP-X1.jpg,https://pemilu2019.kpu.go.id/img/c/900/009/900009073/1-4514-2-C1-PPWP-X2.jpg
1436245074514900009074,ACEH,BIREUEN,JEUMPA,LIPAH CUT,TPS 3,2019-10-25 05:00:03,13,137,196,154,154,150,4,https://pemilu2019.kpu.go.id/img/c/900/009/900009074/2-4514-3-C1-PPWP-X1.jpg,https://pemilu2019.kpu.go.id/img/c/900/009/900009074/2-4514-3-C1-PPWP-X2.jpg
1436245074512900009066,ACEH,BIREUEN,JEUMPA,LIPAH RAYEUK,TPS 1,2019-10-25 05:00:03,19,162,254,184,184,181,3,https://pemilu2019.kpu.go.id/img/c/900/009/900009066/1-4512-1-C-XXX-X5.jpg,https://pemilu2019.kpu.go.id/img/c/900/009/900009066/1-4512-1-C-XXX-X6.jpg
1436245074512900009067,ACEH,BIREUEN,JEUMPA,LIPAH RAYEUK,TPS 2,2019-10-25 05:00:03,9,187,264,202,202,196,6,https://pemilu2019.kpu.go.id/img/c/900/009/900009067/1-4512-2-C-XXX-X5.jpg,https://pemilu2019.kpu.go.id/img/c/900/009/900009067/1-4512-2-C-XXX-X6.jpg
1436245074512900009068,ACEH,BIREUEN,JEUMPA,LIPAH RAYEUK,TPS 3,2019-10-25 05:00:03,11,186,252,200,200,197,3,https://pemilu2019.kpu.go.id/img/c/900/009/900009068/1-4512-3-C-XXX-X5.jpg,https://pemilu2019.kpu.go.id/img/c/900/009/900009068/1-4512-3-C-XXX-X6.jpg
1436245074512900009069,ACEH,BIREUEN,JEUMPA,LIPAH RAYEUK,TPS 4,2019-10-25 05:00:03,9,171,250,184,184,180,4,https://pemilu2019.kpu.go.id/img/c/900/009/900009069/1-4512-4-C-XXX-X5.jpg,https://pemilu2019.kpu.go.id/img/c/900/009/900009069/1-4512-4-C-XXX-X6.jpg
1436245074524900009105,ACEH,BIREUEN,JEUMPA,MON JAMBEE,TPS 1,2019-10-25 05:00:03,7,154,215,166,166,161,5,https://pemilu2019.kpu.go.id/img/c/900/009/900009105/4-4524-1-C-XXX-X5.jpg,https://pemilu2019.kpu.go.id/img/c/900/009/900009105/4-4524-1-C-XXX-X6.jpg
1436245074524900009106,ACEH,BIREUEN,JEUMPA,MON JAMBEE,TPS 2,2019-10-25 05:00:03,10,159,213,175,175,169,6,https://pemilu2019.kpu.go.id/img/c/900/009/900009106/1-4524-2-C1-PPWP-X1.jpg,https://pemilu2019.kpu.go.id/img/c/900/009/900009106/1-4524-2-C1-PPWP-X2.jpg
1436245074524900009107,ACEH,BIREUEN,JEUMPA,MON JAMBEE,TPS 3,2019-10-25 05:00:03,8,150,214,161,161,158,3,https://pemilu2019.kpu.go.id/img/c/900/009/900009107/1-4524-3-C1-PPWP-X1.jpg,https://pemilu2019.kpu.go.id/img/c/900/009/900009107/1-4524-3-C1-PPWP-X2.jpg
1436245074544900009153,ACEH,BIREUEN,JEUMPA,MON MANE,TPS 1,2019-10-25 05:00:03,7,134,202,157,157,141,16,https://pemilu2019.kpu.go.id/img/c/900/009/900009153/6-4544-1-C1-PPWP-X1.jpg,https://pemilu2019.kpu.go.id/img/c/900/009/900009153/6-4544-1-C1-PPWP-X2.jpg
1436245074544900009154,ACEH,BIREUEN,JEUMPA,MON MANE,TPS 2,2019-10-25 05:00:03,16,115,182,140,140,131,9,https://pemilu2019.kpu.go.id/img/c/900/009/900009154/7-4544-2-C-XXX-X5.jpg,https://pemilu2019.kpu.go.id/img/c/900/009/900009154/7-4544-2-C-XXX-X6.jpg
1436245074541900009148,ACEH,BIREUEN,JEUMPA,PALOH PANYANG,TPS 1,2019-10-25 05:00:03,57,138,282,206,206,195,11,https://pemilu2019.kpu.go.id/img/c/900/009/900009148/1-4541-1-C1-PPWP-X1.jpg,https://pemilu2019.kpu.go.id/img/c/900/009/900009148/1-4541-1-C1-PPWP-X2.jpg
1436245074533900009131,ACEH,BIREUEN,JEUMPA,PALOH SEULIMENG,TPS 1,2019-10-25 05:00:03,7,165,216,178,178,172,6,https://pemilu2019.kpu.go.id/img/c/900/009/900009131/1-4533-1-C-XXX-X5.jpg,https://pemilu2019.kpu.go.id/img/c/900/009/900009131/1-4533-1-C-XXX-X6.jpg
1436245074533900009132,ACEH,BIREUEN,JEUMPA,PALOH SEULIMENG,TPS 2,2019-10-25 05:00:03,10,150,196,164,164,160,4,https://pemilu2019.kpu.go.id/img/c/900/009/900009132/3-4533-2-C-XXX-X5.jpg,https://pemilu2019.kpu.go.id/img/c/900/009/900009132/3-4533-2-C-XXX-X6.jpg
1436245074531900009126,ACEH,BIREUEN,JEUMPA,PULO LAWANG,TPS 1,2019-10-25 05:00:03,15,139,225,163,163,154,9,https://pemilu2019.kpu.go.id/img/c/900/009/900009126/1-4531-1-C1-PPWP-X1.jpg,https://pemilu2019.kpu.go.id/img/c/900/009/900009126/1-4531-1-C1-PPWP-X2.jpg
1436245074531900009127,ACEH,BIREUEN,JEUMPA,PULO LAWANG,TPS 2,2019-10-25 05:00:03,14,142,226,165,165,156,9,https://pemilu2019.kpu.go.id/img/c/900/009/900009127/2-4531-2-C-XXX-X5.jpg,https://pemilu2019.kpu.go.id/img/c/900/009/900009127/2-4531-2-C-XXX-X6.jpg
1436245074543900009151,ACEH,BIREUEN,JEUMPA,SALAH SIRONG JAYA,TPS 1,2019-10-25 05:00:03,11,196,292,210,210,207,3,https://pemilu2019.kpu.go.id/img/c/900/009/900009151/2-4543-1-C-XXX-X5.jpg,https://pemilu2019.kpu.go.id/img/c/900/009/900009151/2-4543-1-C-XXX-X6.jpg
1436245074543900009152,ACEH,BIREUEN,JEUMPA,SALAH SIRONG JAYA,TPS 2,2019-10-25 05:00:03,10,216,295,226,226,226,0,https://pemilu2019.kpu.go.id/img/c/900/009/900009152/1-4543-2-C1-PPWP-X1.jpg,https://pemilu2019.kpu.go.id/img/c/900/009/900009152/1-4543-2-C1-PPWP-X2.jpg
1436245074520900009089,ACEH,BIREUEN,JEUMPA,SEULEUMBAH,TPS 1,2019-10-25 05:00:03,5,150,180,158,158,155,3,https://pemilu2019.kpu.go.id/img/c/900/009/900009089/1-4520-1-C1-PPWP-X1.jpg,https://pemilu2019.kpu.go.id/img/c/900/009/900009089/1-4520-1-C1-PPWP-X2.jpg
1436245074520900009090,ACEH,BIREUEN,JEUMPA,SEULEUMBAH,TPS 2,2019-10-25 05:00:03,0,0,0,0,0,0,0,https://pemilu2019.kpu.go.id/img/c/900/009/900009090/1-4520-2-C-XXX-X5.jpg,https://pemilu2019.kpu.go.id/img/c/900/009/900009090/1-4520-2-C-XXX-X6.jpg
1436245074542900009149,ACEH,BIREUEN,JEUMPA,SEUNEUBOK LHONG,TPS 1,2019-10-25 05:00:03,8,183,284,208,208,191,17,https://pemilu2019.kpu.go.id/img/c/900/009/900009149/2-4542-1-C-XXX-X5.jpg,https://pemilu2019.kpu.go.id/img/c/900/009/900009149/2-4542-1-C-XXX-X6.jpg
1436245074542900009150,ACEH,BIREUEN,JEUMPA,SEUNEUBOK LHONG,TPS 2,2019-10-25 05:00:03,10,174,283,200,200,184,16,https://pemilu2019.kpu.go.id/img/c/900/009/900009150/1-4542-2-C1-PPWP-X1.jpg,https://pemilu2019.kpu.go.id/img/c/900/009/900009150/1-4542-2-C1-PPWP-X2.jpg
1436245074529900009120,ACEH,BIREUEN,JEUMPA,TEUPOK BAROH,TPS 1,2019-10-25 05:00:03,13,171,279,193,193,184,9,https://pemilu2019.kpu.go.id/img/c/900/009/900009120/2-4529-1-C1-PPWP-X1.jpg,https://pemilu2019.kpu.go.id/img/c/900/009/900009120/2-4529-1-C1-PPWP-X2.jpg
1436245074529900009121,ACEH,BIREUEN,JEUMPA,TEUPOK BAROH,TPS 2,2019-10-25 05:00:03,5,186,289,196,196,191,5,https://pemilu2019.kpu.go.id/img/c/900/009/900009121/1-4529-2-C-XXX-X5.jpg,https://pemilu2019.kpu.go.id/img/c/900/009/900009121/1-4529-2-C-XXX-X6.jpg
1436245074529900009122,ACEH,BIREUEN,JEUMPA,TEUPOK BAROH,TPS 3,2019-10-25 05:00:03,11,193,280,208,208,204,4,https://pemilu2019.kpu.go.id/img/c/900/009/900009122/1-4529-3-C-XXX-X5.jpg,https://pemilu2019.kpu.go.id/img/c/900/009/900009122/1-4529-3-C-XXX-X6.jpg
1436245074530900009123,ACEH,BIREUEN,JEUMPA,TEUPOK TUNONG,TPS 1,2019-10-25 05:00:03,16,146,204,165,165,162,3,https://pemilu2019.kpu.go.id/img/c/900/009/900009123/1-4530-1-C1-PPWP-X1.jpg,https://pemilu2019.kpu.go.id/img/c/900/009/900009123/1-4530-1-C1-PPWP-X2.jpg
1436245074530900009124,ACEH,BIREUEN,JEUMPA,TEUPOK TUNONG,TPS 2,2019-10-25 05:00:03,5,153,209,166,166,158,8,https://pemilu2019.kpu.go.id/img/c/900/009/900009124/2-4530-2-C-XXX-X5.jpg,https://pemilu2019.kpu.go.id/img/c/900/009/900009124/2-4530-2-C-XXX-X6.jpg
1436245074530900009125,ACEH,BIREUEN,JEUMPA,TEUPOK TUNONG,TPS 3,2019-10-25 05:00:03,14,139,210,156,156,153,3,https://pemilu2019.kpu.go.id/img/c/900/009/900009125/1-4530-3-C-XXX-X5.jpg,https://pemilu2019.kpu.go.id/img/c/900/009/900009125/1-4530-3-C-XXX-X6.jpg
1436244104451900008957,ACEH,BIREUEN,JEUNIEB,ALUE LAMSABA,TPS 1,2019-10-25 05:00:03,1,86,97,87,87,87,0,https://pemilu2019.kpu.go.id/img/c/900/008/900008957/1-4451-1-C1-PPWP-X1.jpg,https://pemilu2019.kpu.go.id/img/c/900/008/900008957/1-4451-1-C1-PPWP-X2.jpg
1436244104428900008917,ACEH,BIREUEN,JEUNIEB,ALUE SEUTUI,TPS 1,2019-10-25 05:00:03,10,95,133,111,111,105,6,https://pemilu2019.kpu.go.id/img/c/900/008/900008917/2-4428-1-C1-PPWP-X1.jpg,https://pemilu2019.kpu.go.id/img/c/900/008/900008917/2-4428-1-C1-PPWP-X2.jpg
1436244104413900008884,ACEH,BIREUEN,JEUNIEB,BLANG LANCANG,TPS 1,2019-10-25 05:00:03,9,208,227,219,219,217,2,https://pemilu2019.kpu.go.id/img/c/900/008/900008884/4413-1-C-XXX-X5.jpg,https://pemilu2019.kpu.go.id/img/c/900/008/900008884/4413-1-C-XXX-X6.jpg
1436244104413900008885,ACEH,BIREUEN,JEUNIEB,BLANG LANCANG,TPS 2,2019-10-25 05:00:03,7,206,230,220,220,213,7,https://pemilu2019.kpu.go.id/img/c/900/008/900008885/2-4413-2-C1-PPWP-X1.jpg,https://pemilu2019.kpu.go.id/img/c/900/008/900008885/2-4413-2-C1-PPWP-X2.jpg
1436244104413900008886,ACEH,BIREUEN,JEUNIEB,BLANG LANCANG,TPS 3,2019-10-25 05:00:03,13,192,230,207,207,205,2,https://pemilu2019.kpu.go.id/img/c/900/008/900008886/2-4413-3-C1-PPWP-X1.jpg,https://pemilu2019.kpu.go.id/img/c/900/008/900008886/2-4413-3-C1-PPWP-X2.jpg
1436244104433900008924,ACEH,BIREUEN,JEUNIEB,BLANG ME BARAT,TPS 1,2019-10-25 05:00:03,20,176,237,203,203,196,7,https://pemilu2019.kpu.go.id/img/c/900/008/900008924/4433-1-C1-PPWP-X1.jpg,https://pemilu2019.kpu.go.id/img/c/900/008/900008924/4433-1-C1-PPWP-X2.jpg
1436244104433900008925,ACEH,BIREUEN,JEUNIEB,BLANG ME BARAT,TPS 2,2019-10-25 05:00:03,12,168,217,181,181,180,1,https://pemilu2019.kpu.go.id/img/c/900/008/900008925/2-4433-2-C1-PPWP-X1.jpg,https://pemilu2019.kpu.go.id/img/c/900/008/900008925/2-4433-2-C1-PPWP-X2.jpg
1436244104433900008926,ACEH,BIREUEN,JEUNIEB,BLANG ME BARAT,TPS 3,2019-10-25 05:00:03,19,146,215,170,170,165,5,https://pemilu2019.kpu.go.id/img/c/900/008/900008926/2-4433-3-C-XXX-X5.jpg,https://pemilu2019.kpu.go.id/img/c/900/008/900008926/2-4433-3-C-XXX-X6.jpg
1436244104411900008879,ACEH,BIREUEN,JEUNIEB,BLANG ME TIMU,TPS 1,2019-10-25 05:00:03,7,139,170,149,149,146,3,https://pemilu2019.kpu.go.id/img/c/900/008/900008879/1-4411-1-C-XXX-X5.jpg,https://pemilu2019.kpu.go.id/img/c/900/008/900008879/1-4411-1-C-XXX-X6.jpg
1436244104411900008880,ACEH,BIREUEN,JEUNIEB,BLANG ME TIMU,TPS 2,2019-10-25 05:00:03,7,143,204,155,155,150,5,https://pemilu2019.kpu.go.id/img/c/900/008/900008880/1-4411-2-C-XXX-X5.jpg,https://pemilu2019.kpu.go.id/img/c/900/008/900008880/1-4411-2-C-XXX-X6.jpg
1436244104411900008881,ACEH,BIREUEN,JEUNIEB,BLANG ME TIMU,TPS 3,2019-10-25 05:00:03,6,139,191,147,147,145,2,https://pemilu2019.kpu.go.id/img/c/900/008/900008881/1-4411-3-C1-PPWP-X1.jpg,https://pemilu2019.kpu.go.id/img/c/900/008/900008881/1-4411-3-C1-PPWP-X2.jpg
1436244104429900008918,ACEH,BIREUEN,JEUNIEB,BLANG NEUBOK,TPS 1,2019-10-25 05:00:03,1,152,189,155,155,153,2,https://pemilu2019.kpu.go.id/img/c/900/008/900008918/4429-1-C-XXX-X5.jpg,https://pemilu2019.kpu.go.id/img/c/900/008/900008918/4429-1-C-XXX-X6.jpg
1436244104447900008950,ACEH,BIREUEN,JEUNIEB,BLANG POROH,TPS 1,2019-10-25 05:00:03,13,196,270,218,218,209,9,https://pemilu2019.kpu.go.id/img/c/900/008/900008950/1-4447-1-C1-PPWP-X1.jpg,https://pemilu2019.kpu.go.id/img/c/900/008/900008950/1-4447-1-C1-PPWP-X2.jpg
1436244104447900008951,ACEH,BIREUEN,JEUNIEB,BLANG POROH,TPS 2,2019-10-25 05:00:03,15,182,269,209,209,197,12,https://pemilu2019.kpu.go.id/img/c/900/008/900008951/1-4447-2-C-XXX-X5.jpg,https://pemilu2019.kpu.go.id/img/c/900/008/900008951/1-4447-2-C-XXX-X6.jpg
1436244104435900008928,ACEH,BIREUEN,JEUNIEB,COT GEULUMPANG BAROH,TPS 1,2019-10-25 05:00:03,3,138,175,145,145,141,4,https://pemilu2019.kpu.go.id/img/c/900/008/900008928/1-4435-1-C-XXX-X5.jpg,https://pemilu2019.kpu.go.id/img/c/900/008/900008928/1-4435-1-C-XXX-X6.jpg
1436244104435900008929,ACEH,BIREUEN,JEUNIEB,COT GEULUMPANG BAROH,TPS 2,2019-10-25 05:00:03,4,126,176,134,134,130,4,https://pemilu2019.kpu.go.id/img/c/900/008/900008929/1-4435-2-C-XXX-X5.jpg,https://pemilu2019.kpu.go.id/img/c/900/008/900008929/1-4435-2-C-XXX-X6.jpg
1436244104436900008930,ACEH,BIREUEN,JEUNIEB,COT GEULUMPANG TUNONG,TPS 1,2019-10-25 05:00:03,9,162,206,174,174,171,3,https://pemilu2019.kpu.go.id/img/c/900/008/900008930/1-4436-1-C1-PPWP-X1.jpg,https://pemilu2019.kpu.go.id/img/c/900/008/900008930/1-4436-1-C1-PPWP-X2.jpg
1436244104423900008908,ACEH,BIREUEN,JEUNIEB,DARUL AMAN,TPS 1,2019-10-25 05:00:03,17,182,238,210,210,199,11,https://pemilu2019.kpu.go.id/img/c/900/008/900008908/2-4423-1-C1-PPWP-X1.jpg,https://pemilu2019.kpu.go.id/img/c/900/008/900008908/2-4423-1-C1-PPWP-X2.jpg
1436244104416900008892,ACEH,BIREUEN,JEUNIEB,DAYAH BARO,TPS 1,2019-10-25 05:00:03,9,171,232,186,186,180,6,https://pemilu2019.kpu.go.id/img/c/900/008/900008892/1-4416-1-C1-PPWP-X1.jpg,https://pemilu2019.kpu.go.id/img/c/900/008/900008892/1-4416-1-C1-PPWP-X2.jpg
1436244104416900008893,ACEH,BIREUEN,JEUNIEB,DAYAH BARO,TPS 2,2019-10-25 05:00:03,9,171,232,186,186,180,6,https://pemilu2019.kpu.go.id/img/c/900/008/900008893/1-4416-2-C-XXX-X5.jpg,https://pemilu2019.kpu.go.id/img/c/900/008/900008893/1-4416-2-C-XXX-X6.jpg
1436244104450900008956,ACEH,BIREUEN,JEUNIEB,DAYAH BLANG RALEU,TPS 1,2019-10-25 05:00:03,23,224,260,250,250,247,3,https://pemilu2019.kpu.go.id/img/c/900/008/900008956/1-4450-1-C-XXX-X5.jpg,https://pemilu2019.kpu.go.id/img/c/900/008/900008956/1-4450-1-C-XXX-X6.jpg
1436244104442900008940,ACEH,BIREUEN,JEUNIEB,JANGGOT SEUNGKO,TPS 1,2019-10-25 05:00:03,13,211,273,229,229,224,5,https://pemilu2019.kpu.go.id/img/c/900/008/900008940/2-4442-1-C1-PPWP-X1.jpg,https://pemilu2019.kpu.go.id/img/c/900/008/900008940/2-4442-1-C1-PPWP-X2.jpg
1436244104442900008941,ACEH,BIREUEN,JEUNIEB,JANGGOT SEUNGKO,TPS 2,2019-10-25 05:00:03,9,162,237,177,177,171,6,https://pemilu2019.kpu.go.id/img/c/900/008/900008941/2-4442-2-C1-PPWP-X1.jpg,https://pemilu2019.kpu.go.id/img/c/900/008/900008941/2-4442-2-C1-PPWP-X2.jpg
1436244104441900008939,ACEH,BIREUEN,JEUNIEB,JEUMPA SIKURENG,TPS 1,2019-10-25 05:00:03,11,208,275,221,221,219,2,https://pemilu2019.kpu.go.id/img/c/900/008/900008939/1-4441-1-C-XXX-X5.jpg,https://pemilu2019.kpu.go.id/img/c/900/008/900008939/1-4441-1-C-XXX-X6.jpg
1436244104434900008927,ACEH,BIREUEN,JEUNIEB,KEUDE JEUNIEB,TPS 1,2019-10-25 05:00:03,11,121,152,133,133,132,1,https://pemilu2019.kpu.go.id/img/c/900/008/900008927/1-4434-1-C1-PPWP-X1.jpg,https://pemilu2019.kpu.go.id/img/c/900/008/900008927/1-4434-1-C1-PPWP-X2.jpg
1436244104419900008899,ACEH,BIREUEN,JEUNIEB,LAMPOH OE,TPS 1,2019-10-25 05:00:03,3,164,212,169,169,167,2,https://pemilu2019.kpu.go.id/img/c/900/008/900008899/2-4419-1-C-XXX-X5.jpg,https://pemilu2019.kpu.go.id/img/c/900/008/900008899/2-4419-1-C-XXX-X6.jpg
1436244104419900008900,ACEH,BIREUEN,JEUNIEB,LAMPOH OE,TPS 2,2019-10-25 05:00:03,11,145,194,158,158,156,2,https://pemilu2019.kpu.go.id/img/c/900/008/900008900/3-4419-2-C-XXX-X5.jpg,https://pemilu2019.kpu.go.id/img/c/900/008/900008900/3-4419-2-C-XXX-X6.jpg
1436244104412900008882,ACEH,BIREUEN,JEUNIEB,LANCANG,TPS 1,2019-10-25 05:00:03,0,0,0,0,0,0,0,https://pemilu2019.kpu.go.id/img/c/900/008/900008882/1-4412-1-C1-PPWP-X1.jpg,https://pemilu2019.kpu.go.id/img/c/900/008/900008882/1-4412-1-C1-PPWP-X2.jpg
1436244104412900008883,ACEH,BIREUEN,JEUNIEB,LANCANG,TPS 2,2019-10-25 05:00:03,3,182,209,185,185,185,0,https://pemilu2019.kpu.go.id/img/c/900/008/900008883/4412-2-C-XXX-X5.jpg,https://pemilu2019.kpu.go.id/img/c/900/008/900008883/4412-2-C-XXX-X6.jpg
1436244104424900008909,ACEH,BIREUEN,JEUNIEB,LHOK KULAM,TPS 1,2019-10-25 05:00:03,17,159,241,181,181,176,5,https://pemilu2019.kpu.go.id/img/c/900/008/900008909/2-4424-1-C-XXX-X5.jpg,https://pemilu2019.kpu.go.id/img/c/900/008/900008909/2-4424-1-C-XXX-X6.jpg
1436244104424900008910,ACEH,BIREUEN,JEUNIEB,LHOK KULAM,TPS 2,2019-10-25 05:00:03,20,142,232,167,167,162,5,https://pemilu2019.kpu.go.id/img/c/900/008/900008910/2-4424-2-C1-PPWP-X1.jpg,https://pemilu2019.kpu.go.id/img/c/900/008/900008910/2-4424-2-C1-PPWP-X2.jpg
1436244104424900008911,ACEH,BIREUEN,JEUNIEB,LHOK KULAM,TPS 3,2019-10-25 05:00:03,13,155,223,170,170,168,2,https://pemilu2019.kpu.go.id/img/c/900/008/900008911/4424-3-C-XXX-X5.jpg,https://pemilu2019.kpu.go.id/img/c/900/008/900008911/4424-3-C-XXX-X6.jpg
1436244104440900008937,ACEH,BIREUEN,JEUNIEB,LHUE BARAT,TPS 1,2019-10-25 05:00:03,4,128,171,134,134,132,2,https://pemilu2019.kpu.go.id/img/c/900/008/900008937/4440-1-C-XXX-X5.jpg,https://pemilu2019.kpu.go.id/img/c/900/008/900008937/4440-1-C-XXX-X6.jpg
1436244104440900008938,ACEH,BIREUEN,JEUNIEB,LHUE BARAT,TPS 2,2019-10-25 05:00:03,7,108,169,115,115,115,0,https://pemilu2019.kpu.go.id/img/c/900/008/900008938/2-4440-2-C-XXX-X5.jpg,https://pemilu2019.kpu.go.id/img/c/900/008/900008938/2-4440-2-C-XXX-X6.jpg
1436244104439900008935,ACEH,BIREUEN,JEUNIEB,LHUE SIMPANG,TPS 1,2019-10-25 05:00:03,6,192,250,205,205,198,7,https://pemilu2019.kpu.go.id/img/c/900/008/900008935/1-4439-1-C1-PPWP-X1.jpg,https://pemilu2019.kpu.go.id/img/c/900/008/900008935/1-4439-1-C1-PPWP-X2.jpg
1436244104439900008936,ACEH,BIREUEN,JEUNIEB,LHUE SIMPANG,TPS 2,2019-10-25 05:00:03,11,181,246,200,200,192,8,https://pemilu2019.kpu.go.id/img/c/900/008/900008936/2-4439-2-C-XXX-X5.jpg,https://pemilu2019.kpu.go.id/img/c/900/008/900008936/2-4439-2-C-XXX-X6.jpg
1436244104418900008896,ACEH,BIREUEN,JEUNIEB,LUENG TEUNGOH,TPS 1,2019-10-25 05:00:03,5,139,205,148,148,144,4,https://pemilu2019.kpu.go.id/img/c/900/008/900008896/1-4418-1-C-XXX-X5.jpg,https://pemilu2019.kpu.go.id/img/c/900/008/900008896/1-4418-1-C-XXX-X6.jpg
1436244104418900008897,ACEH,BIREUEN,JEUNIEB,LUENG TEUNGOH,TPS 2,2019-10-25 05:00:03,9,150,199,162,162,159,3,https://pemilu2019.kpu.go.id/img/c/900/008/900008897/4-4418-2-C1-PPWP-X1.jpg,https://pemilu2019.kpu.go.id/img/c/900/008/900008897/4-4418-2-C1-PPWP-X2.jpg
1436244104418900008898,ACEH,BIREUEN,JEUNIEB,LUENG TEUNGOH,TPS 3,2019-10-25 05:00:03,3,137,192,143,143,140,3,https://pemilu2019.kpu.go.id/img/c/900/008/900008898/1-4418-3-C-XXX-X5.jpg,https://pemilu2019.kpu.go.id/img/c/900/008/900008898/1-4418-3-C-XXX-X6.jpg
1436244104430900008919,ACEH,BIREUEN,JEUNIEB,MATANG BANGKA,TPS 1,2019-10-25 05:00:03,11,152,182,166,166,163,3,https://pemilu2019.kpu.go.id/img/c/900/008/900008919/1-4430-1-C1-PPWP-X1.jpg,https://pemilu2019.kpu.go.id/img/c/900/008/900008919/1-4430-1-C1-PPWP-X2.jpg
1436244104430900008920,ACEH,BIREUEN,JEUNIEB,MATANG BANGKA,TPS 2,2019-10-25 05:00:03,9,147,178,159,159,156,3,https://pemilu2019.kpu.go.id/img/c/900/008/900008920/4-4430-2-C-XXX-X5.jpg,https://pemilu2019.kpu.go.id/img/c/900/008/900008920/4-4430-2-C-XXX-X6.jpg
1436244104432900008922,ACEH,BIREUEN,JEUNIEB,MATANG NIBONG,TPS 1,2019-10-25 05:00:03,14,175,229,191,191,189,2,https://pemilu2019.kpu.go.id/img/c/900/008/900008922/1-4432-1-C1-PPWP-X1.jpg,https://pemilu2019.kpu.go.id/img/c/900/008/900008922/1-4432-1-C1-PPWP-X2.jpg
1436244104432900008923,ACEH,BIREUEN,JEUNIEB,MATANG NIBONG,TPS 2,2019-10-25 05:00:03,12,157,200,171,171,169,2,https://pemilu2019.kpu.go.id/img/c/900/008/900008923/4432-2-C-XXX-X5.jpg,https://pemilu2019.kpu.go.id/img/c/900/008/900008923/4432-2-C-XXX-X6.jpg
1436244104431900008921,ACEH,BIREUEN,JEUNIEB,MATANG TEUNGOH,TPS 1,2019-10-25 05:00:03,0,0,0,0,0,0,0,https://pemilu2019.kpu.go.id/img/c/900/008/900008921/1-4431-1-C1-PPWP-X1.jpg,https://pemilu2019.kpu.go.id/img/c/900/008/900008921/1-4431-1-C1-PPWP-X2.jpg
1436244104446900008948,ACEH,BIREUEN,JEUNIEB,MEUNASAH ALUE,TPS 1,2019-10-25 05:00:03,6,171,229,187,187,177,10,https://pemilu2019.kpu.go.id/img/c/900/008/900008948/1-4446-1-C1-PPWP-X1.jpg,https://pemilu2019.kpu.go.id/img/c/900/008/900008948/1-4446-1-C1-PPWP-X2.jpg
1436244104446900008949,ACEH,BIREUEN,JEUNIEB,MEUNASAH ALUE,TPS 2,2019-10-25 05:00:03,8,126,191,145,145,134,11,https://pemilu2019.kpu.go.id/img/c/900/008/900008949/2-4446-2-C1-PPWP-X1.jpg,https://pemilu2019.kpu.go.id/img/c/900/008/900008949/2-4446-2-C1-PPWP-X2.jpg
1436244104448900008952,ACEH,BIREUEN,JEUNIEB,MEUNASAH BLANG,TPS 1,2019-10-25 05:00:03,7,274,295,284,284,281,3,https://pemilu2019.kpu.go.id/img/c/900/008/900008952/1-4448-1-C1-PPWP-X1.jpg,https://pemilu2019.kpu.go.id/img/c/900/008/900008952/1-4448-1-C1-PPWP-X2.jpg
1436244104448900008953,ACEH,BIREUEN,JEUNIEB,MEUNASAH BLANG,TPS 2,2019-10-25 05:00:03,12,254,286,271,271,266,5,https://pemilu2019.kpu.go.id/img/c/900/008/900008953/4448-2-C-XXX-X5.jpg,https://pemilu2019.kpu.go.id/img/c/900/008/900008953/4448-2-C-XXX-X6.jpg
1436244104438900008933,ACEH,BIREUEN,JEUNIEB,MEUNASAH DAYAH,TPS 1,2019-10-25 05:00:03,7,144,237,153,153,151,2,https://pemilu2019.kpu.go.id/img/c/900/008/900008933/2-4438-1-C-XXX-X5.jpg,https://pemilu2019.kpu.go.id/img/c/900/008/900008933/2-4438-1-C-XXX-X6.jpg
1436244104438900008934,ACEH,BIREUEN,JEUNIEB,MEUNASAH DAYAH,TPS 2,2019-10-25 05:00:03,11,157,247,170,170,168,2,https://pemilu2019.kpu.go.id/img/c/900/008/900008934/1-4438-2-C-XXX-X5.jpg,https://pemilu2019.kpu.go.id/img/c/900/008/900008934/1-4438-2-C-XXX-X6.jpg
1436244104444900008944,ACEH,BIREUEN,JEUNIEB,MEUNASAH KEUPULA,TPS 1,2019-10-25 05:00:03,4,158,193,162,162,162,0,https://pemilu2019.kpu.go.id/img/c/900/008/900008944/4444-1-C-XXX-X5.jpg,https://pemilu2019.kpu.go.id/img/c/900/008/900008944/4444-1-C-XXX-X6.jpg
1436244104444900008945,ACEH,BIREUEN,JEUNIEB,MEUNASAH KEUPULA,TPS 2,2019-10-25 05:00:03,10,148,194,160,160,158,2,https://pemilu2019.kpu.go.id/img/c/900/008/900008945/1-4444-2-C-XXX-X5.jpg,https://pemilu2019.kpu.go.id/img/c/900/008/900008945/1-4444-2-C-XXX-X6.jpg
1436244104437900008931,ACEH,BIREUEN,JEUNIEB,MEUNASAH KEUTAPANG,TPS 1,2019-10-25 05:00:03,6,158,219,170,170,164,6,https://pemilu2019.kpu.go.id/img/c/900/008/900008931/1-4437-1-C1-PPWP-X1.jpg,https://pemilu2019.kpu.go.id/img/c/900/008/900008931/1-4437-1-C1-PPWP-X2.jpg
1436244104437900008932,ACEH,BIREUEN,JEUNIEB,MEUNASAH KEUTAPANG,TPS 2,2019-10-25 05:00:03,12,146,214,163,163,158,5,https://pemilu2019.kpu.go.id/img/c/900/008/900008932/1-4437-2-C1-PPWP-X1.jpg,https://pemilu2019.kpu.go.id/img/c/900/008/900008932/1-4437-2-C1-PPWP-X2.jpg
1436244104452900008958,ACEH,BIREUEN,JEUNIEB,MEUNASAH KOTA,TPS 1,2019-10-25 05:00:03,12,184,248,199,199,196,3,https://pemilu2019.kpu.go.id/img/c/900/008/900008958/2-4452-1-C1-PPWP-X1.jpg,https://pemilu2019.kpu.go.id/img/c/900/008/900008958/2-4452-1-C1-PPWP-X2.jpg
1436244104449900008954,ACEH,BIREUEN,JEUNIEB,MEUNASAH LUENG,TPS 1,2019-10-25 05:00:03,8,135,184,145,145,143,2,https://pemilu2019.kpu.go.id/img/c/900/008/900008954/1-4449-1-C1-PPWP-X1.jpg,https://pemilu2019.kpu.go.id/img/c/900/008/900008954/1-4449-1-C1-PPWP-X2.jpg
1436244104449900008955,ACEH,BIREUEN,JEUNIEB,MEUNASAH LUENG,TPS 2,2019-10-25 05:00:03,6,129,182,141,141,135,6,https://pemilu2019.kpu.go.id/img/c/900/008/900008955/1-4449-2-C1-PPWP-X1.jpg,https://pemilu2019.kpu.go.id/img/c/900/008/900008955/1-4449-2-C1-PPWP-X2.jpg
1436244104443900008942,ACEH,BIREUEN,JEUNIEB,MEUNASAH TAMBO,TPS 1,2019-10-25 05:00:03,7,198,265,205,205,205,0,https://pemilu2019.kpu.go.id/img/c/900/008/900008942/4443-1-C-XXX-X5.jpg,https://pemilu2019.kpu.go.id/img/c/900/008/900008942/4443-1-C-XXX-X6.jpg
1436244104443900008943,ACEH,BIREUEN,JEUNIEB,MEUNASAH TAMBO,TPS 2,2019-10-25 05:00:03,0,0,0,0,0,0,0,https://pemilu2019.kpu.go.id/img/c/900/008/900008943/1-4443-2-C1-PPWP-X1.jpg,https://pemilu2019.kpu.go.id/img/c/900/008/900008943/1-4443-2-C1-PPWP-X2.jpg
1436244104445900008946,ACEH,BIREUEN,JEUNIEB,MEUNASAH TUNONG LUENG,TPS 1,2019-10-25 05:00:03,12,129,170,143,143,141,2,https://pemilu2019.kpu.go.id/img/c/900/008/900008946/4445-1-C-XXX-X5.jpg,https://pemilu2019.kpu.go.id/img/c/900/008/900008946/4445-1-C-XXX-X6.jpg
1436244104445900008947,ACEH,BIREUEN,JEUNIEB,MEUNASAH TUNONG LUENG,TPS 2,2019-10-25 05:00:03,8,111,160,119,119,119,0,https://pemilu2019.kpu.go.id/img/c/900/008/900008947/1-4445-2-C1-PPWP-X1.jpg,https://pemilu2019.kpu.go.id/img/c/900/008/900008947/1-4445-2-C1-PPWP-X2.jpg
1436244104453900008959,ACEH,BIREUEN,JEUNIEB,PAYA BILI,TPS 1,2019-10-25 05:00:03,13,145,211,162,162,158,4,https://pemilu2019.kpu.go.id/img/c/900/008/900008959/2-4453-1-C1-PPWP-X1.jpg,https://pemilu2019.kpu.go.id/img/c/900/008/900008959/2-4453-1-C1-PPWP-X2.jpg
1436244104420900008901,ACEH,BIREUEN,JEUNIEB,PULO RANGKILEH,TPS 1,2019-10-25 05:00:03,6,139,209,150,150,145,5,https://pemilu2019.kpu.go.id/img/c/900/008/900008901/4420-1-C-XXX-X5.jpg,https://pemilu2019.kpu.go.id/img/c/900/008/900008901/4420-1-C-XXX-X6.jpg
1436244104420900008902,ACEH,BIREUEN,JEUNIEB,PULO RANGKILEH,TPS 2,2019-10-25 05:00:03,9,137,198,152,152,146,6,https://pemilu2019.kpu.go.id/img/c/900/008/900008902/4420-2-C1-PPWP-X1.jpg,https://pemilu2019.kpu.go.id/img/c/900/008/900008902/4420-2-C1-PPWP-X2.jpg
1436244104422900008905,ACEH,BIREUEN,JEUNIEB,SAMPO AJAD,TPS 1,2019-10-25 05:00:03,4,175,227,183,183,179,4,https://pemilu2019.kpu.go.id/img/c/900/008/900008905/4422-1-C-XXX-X5.jpg,https://pemilu2019.kpu.go.id/img/c/900/008/900008905/4422-1-C-XXX-X6.jpg
1436244104422900008906,ACEH,BIREUEN,JEUNIEB,SAMPO AJAD,TPS 2,2019-10-25 05:00:03,5,173,218,188,188,178,10,https://pemilu2019.kpu.go.id/img/c/900/008/900008906/1-4422-2-C-XXX-X5.jpg,https://pemilu2019.kpu.go.id/img/c/900/008/900008906/1-4422-2-C-XXX-X6.jpg
1436244104422900008907,ACEH,BIREUEN,JEUNIEB,SAMPO AJAD,TPS 3,2019-10-25 05:00:03,12,155,206,173,173,167,6,https://pemilu2019.kpu.go.id/img/c/900/008/900008907/4422-3-C-XXX-X5.jpg,https://pemilu2019.kpu.go.id/img/c/900/008/900008907/4422-3-C-XXX-X6.jpg
1436244104415900008890,ACEH,BIREUEN,JEUNIEB,TANJONG BUNGONG,TPS 1,2019-10-25 05:00:03,4,187,239,196,196,191,5,https://pemilu2019.kpu.go.id/img/c/900/008/900008890/1-4415-1-C-XXX-X5.jpg,https://pemilu2019.kpu.go.id/img/c/900/008/900008890/1-4415-1-C-XXX-X6.jpg
1436244104415900008891,ACEH,BIREUEN,JEUNIEB,TANJONG BUNGONG,TPS 2,2019-10-25 05:00:03,7,157,216,166,166,164,2,https://pemilu2019.kpu.go.id/img/c/900/008/900008891/1-4415-2-C-XXX-X5.jpg,https://pemilu2019.kpu.go.id/img/c/900/008/900008891/1-4415-2-C-XXX-X6.jpg
1436244104414900008887,ACEH,BIREUEN,JEUNIEB,TEUPIN KUPULA,TPS 1,2019-10-25 05:00:03,10,170,206,180,180,180,0,https://pemilu2019.kpu.go.id/img/c/900/008/900008887/1-4414-1-C1-PPWP-X1.jpg,https://pemilu2019.kpu.go.id/img/c/900/008/900008887/1-4414-1-C1-PPWP-X2.jpg
1436244104414900008888,ACEH,BIREUEN,JEUNIEB,TEUPIN KUPULA,TPS 2,2019-10-25 05:00:03,9,183,210,192,192,192,0,https://pemilu2019.kpu.go.id/img/c/900/008/900008888/1-4414-2-C-XXX-X5.jpg,https://pemilu2019.kpu.go.id/img/c/900/008/900008888/1-4414-2-C-XXX-X6.jpg
1436244104414900008889,ACEH,BIREUEN,JEUNIEB,TEUPIN KUPULA,TPS 3,2019-10-25 05:00:03,4,190,210,194,194,194,0,https://pemilu2019.kpu.go.id/img/c/900/008/900008889/1-4414-3-C1-PPWP-X1.jpg,https://pemilu2019.kpu.go.id/img/c/900/008/900008889/1-4414-3-C1-PPWP-X2.jpg
1436244104421900008903,ACEH,BIREUEN,JEUNIEB,TUFAH,TPS 1,2019-10-25 05:00:03,9,160,238,174,174,169,5,https://pemilu2019.kpu.go.id/img/c/900/008/900008903/4421-1-C-XXX-X5.jpg,https://pemilu2019.kpu.go.id/img/c/900/008/900008903/4421-1-C-XXX-X6.jpg
1436244104421900008904,ACEH,BIREUEN,JEUNIEB,TUFAH,TPS 2,2019-10-25 05:00:03,5,167,250,182,182,172,10,https://pemilu2019.kpu.go.id/img/c/900/008/900008904/1-4421-2-C1-PPWP-X1.jpg,https://pemilu2019.kpu.go.id/img/c/900/008/900008904/1-4421-2-C1-PPWP-X2.jpg
1436244104425900008912,ACEH,BIREUEN,JEUNIEB,ULEE BLANG,TPS 1,2019-10-25 05:00:03,0,122,163,122,122,122,0,https://pemilu2019.kpu.go.id/img/c/900/008/900008912/4425-1-C-XXX-X5.jpg,https://pemilu2019.kpu.go.id/img/c/900/008/900008912/4425-1-C-XXX-X6.jpg
1436244104425900008913,ACEH,BIREUEN,JEUNIEB,ULEE BLANG,TPS 2,2019-10-25 05:00:03,7,108,162,119,119,115,4,https://pemilu2019.kpu.go.id/img/c/900/008/900008913/4425-2-C-XXX-X5.jpg,https://pemilu2019.kpu.go.id/img/c/900/008/900008913/4425-2-C-XXX-X6.jpg
1436244104427900008915,ACEH,BIREUEN,JEUNIEB,ULEE GAJAH,TPS 1,2019-10-25 05:00:03,0,134,173,134,134,134,0,https://pemilu2019.kpu.go.id/img/c/900/008/900008915/2-4427-1-C1-PPWP-X1.jpg,https://pemilu2019.kpu.go.id/img/c/900/008/900008915/2-4427-1-C1-PPWP-X2.jpg
1436244104427900008916,ACEH,BIREUEN,JEUNIEB,ULEE GAJAH,TPS 2,2019-10-25 05:00:03,5,135,173,140,140,140,0,https://pemilu2019.kpu.go.id/img/c/900/008/900008916/1-4427-2-C1-PPWP-X1.jpg,https://pemilu2019.kpu.go.id/img/c/900/008/900008916/1-4427-2-C1-PPWP-X2.jpg
1436244104417900008894,ACEH,BIREUEN,JEUNIEB,ULEE RABO,TPS 1,2019-10-25 05:00:03,30,135,253,174,174,165,9,https://pemilu2019.kpu.go.id/img/c/900/008/900008894/4417-1-C-XXX-X5.jpg,https://pemilu2019.kpu.go.id/img/c/900/008/900008894/4417-1-C-XXX-X6.jpg
1436244104417900008895,ACEH,BIREUEN,JEUNIEB,ULEE RABO,TPS 2,2019-10-25 05:00:03,29,149,236,183,185,178,5,https://pemilu2019.kpu.go.id/img/c/900/008/900008895/1-4417-2-C-XXX-X5.jpg,https://pemilu2019.kpu.go.id/img/c/900/008/900008895/1-4417-2-C-XXX-X6.jpg
1436244104426900008914,ACEH,BIREUEN,JEUNIEB,UTEUN PEUPALEH,TPS 1,2019-10-25 05:00:03,2,129,157,131,131,131,0,https://pemilu2019.kpu.go.id/img/c/900/008/900008914/2-4426-1-C-XXX-X5.jpg,https://pemilu2019.kpu.go.id/img/c/900/008/900008914/2-4426-1-C-XXX-X6.jpg
1436247094722900009497,ACEH,BIREUEN,JULI,ABEUK BUDI,TPS 1,2019-10-25 05:00:03,4,156,213,164,164,160,4,https://pemilu2019.kpu.go.id/img/c/900/009/900009497/4722-1-C-XXX-X5.jpg,https://pemilu2019.kpu.go.id/img/c/900/009/900009497/4722-1-C-XXX-X6.jpg
1436247094722900009498,ACEH,BIREUEN,JULI,ABEUK BUDI,TPS 2,2019-10-25 05:00:03,3,159,214,162,162,162,0,https://pemilu2019.kpu.go.id/img/c/900/009/900009498/4722-2-C-XXX-X5.jpg,https://pemilu2019.kpu.go.id/img/c/900/009/900009498/4722-2-C-XXX-X6.jpg
1436247094722900009499,ACEH,BIREUEN,JULI,ABEUK BUDI,TPS 3,2019-10-25 05:00:03,4,139,200,150,150,143,7,https://pemilu2019.kpu.go.id/img/c/900/009/900009499/3-4722-3-C-XXX-X5.jpg,https://pemilu2019.kpu.go.id/img/c/900/009/900009499/3-4722-3-C-XXX-X6.jpg
1436247094735900009537,ACEH,BIREUEN,JULI,ALUE RAMBONG,TPS 1,2019-10-25 05:00:03,20,103,174,130,130,123,7,https://pemilu2019.kpu.go.id/img/c/900/009/900009537/2-4735-1-C-XXX-X5.jpg,https://pemilu2019.kpu.go.id/img/c/900/009/900009537/2-4735-1-C-XXX-X6.jpg
1436247094735900009538,ACEH,BIREUEN,JULI,ALUE RAMBONG,TPS 2,2019-10-25 05:00:03,16,105,166,125,125,121,4,https://pemilu2019.kpu.go.id/img/c/900/009/900009538/4735-2-C1-PPWP-X1.jpg,https://pemilu2019.kpu.go.id/img/c/900/009/900009538/4735-2-C1-PPWP-X2.jpg
1436247094716900009484,ACEH,BIREUEN,JULI,ALUE UNOE,TPS 1,2019-10-25 05:00:03,9,128,175,143,143,137,6,https://pemilu2019.kpu.go.id/img/c/900/009/900009484/1-4716-1-C-XXX-X5.jpg,https://pemilu2019.kpu.go.id/img/c/900/009/900009484/1-4716-1-C-XXX-X6.jpg
1436247094740900009550,ACEH,BIREUEN,JULI,BALE PANAH,TPS 1,2019-10-25 05:00:03,7,193,268,200,200,200,0,https://pemilu2019.kpu.go.id/img/c/900/009/900009550/1-4740-1-C-XXX-X5.jpg,https://pemilu2019.kpu.go.id/img/c/900/009/900009550/1-4740-1-C-XXX-X6.jpg
1436247094740900009551,ACEH,BIREUEN,JULI,BALE PANAH,TPS 2,2019-10-25 05:00:03,9,205,276,221,221,214,7,https://pemilu2019.kpu.go.id/img/c/900/009/900009551/4740-2-C-XXX-X5.jpg,https://pemilu2019.kpu.go.id/img/c/900/009/900009551/4740-2-C-XXX-X6.jpg
1436247094740900009552,ACEH,BIREUEN,JULI,BALE PANAH,TPS 3,2019-10-25 05:00:03,10,202,284,216,216,212,4,https://pemilu2019.kpu.go.id/img/c/900/009/900009552/1-4740-3-C-XXX-X5.jpg,https://pemilu2019.kpu.go.id/img/c/900/009/900009552/1-4740-3-C-XXX-X6.jpg
1436247094717900009485,ACEH,BIREUEN,JULI,BATEE RAYA,TPS 1,2019-10-25 05:00:03,11,165,240,182,182,176,6,https://pemilu2019.kpu.go.id/img/c/900/009/900009485/1-4717-1-C-XXX-X5.jpg,https://pemilu2019.kpu.go.id/img/c/900/009/900009485/1-4717-1-C-XXX-X6.jpg
1436247094717900009486,ACEH,BIREUEN,JULI,BATEE RAYA,TPS 2,2019-10-25 05:00:03,8,154,233,172,172,162,10,https://pemilu2019.kpu.go.id/img/c/900/009/900009486/2-4717-2-C-XXX-X5.jpg,https://pemilu2019.kpu.go.id/img/c/900/009/900009486/2-4717-2-C-XXX-X6.jpg
1436247094717900009487,ACEH,BIREUEN,JULI,BATEE RAYA,TPS 3,2019-10-25 05:00:03,11,169,227,185,185,180,5,https://pemilu2019.kpu.go.id/img/c/900/009/900009487/4717-3-C1-PPWP-X1.jpg,https://pemilu2019.kpu.go.id/img/c/900/009/900009487/4717-3-C1-PPWP-X2.jpg
1436247094725900009508,ACEH,BIREUEN,JULI,BEUYOT,TPS 1,2019-10-25 05:00:03,11,183,273,201,201,194,7,https://pemilu2019.kpu.go.id/img/c/900/009/900009508/1-4725-1-C-XXX-X5.jpg,https://pemilu2019.kpu.go.id/img/c/900/009/900009508/1-4725-1-C-XXX-X6.jpg
1436247094725900009509,ACEH,BIREUEN,JULI,BEUYOT,TPS 2,2019-10-25 05:00:03,5,182,254,195,195,187,8,https://pemilu2019.kpu.go.id/img/c/900/009/900009509/4725-2-C-XXX-X5.jpg,https://pemilu2019.kpu.go.id/img/c/900/009/900009509/4725-2-C-XXX-X6.jpg
1436247094725900009510,ACEH,BIREUEN,JULI,BEUYOT,TPS 3,2019-10-25 05:00:03,31,156,269,194,194,187,7,https://pemilu2019.kpu.go.id/img/c/900/009/900009510/4725-3-C-XXX-X5.jpg,https://pemilu2019.kpu.go.id/img/c/900/009/900009510/4725-3-C-XXX-X6.jpg
1436247094725900009511,ACEH,BIREUEN,JULI,BEUYOT,TPS 4,2019-10-25 05:00:03,11,170,275,188,188,181,7,https://pemilu2019.kpu.go.id/img/c/900/009/900009511/1-4725-4-C1-PPWP-X1.jpg,https://pemilu2019.kpu.go.id/img/c/900/009/900009511/1-4725-4-C1-PPWP-X2.jpg
1436247094725900009512,ACEH,BIREUEN,JULI,BEUYOT,TPS 5,2019-10-25 05:00:03,10,161,266,180,180,171,9,https://pemilu2019.kpu.go.id/img/c/900/009/900009512/1-4725-5-C-XXX-X5.jpg,https://pemilu2019.kpu.go.id/img/c/900/009/900009512/1-4725-5-C-XXX-X6.jpg
1436247094723900009500,ACEH,BIREUEN,JULI,BLANG KETUMBA,TPS 1,2019-10-25 05:00:03,17,178,281,203,203,195,8,https://pemilu2019.kpu.go.id/img/c/900/009/900009500/4723-1-C-XXX-X5.jpg,https://pemilu2019.kpu.go.id/img/c/900/009/900009500/4723-1-C-XXX-X6.jpg
1436247094723900009501,ACEH,BIREUEN,JULI,BLANG KETUMBA,TPS 2,2019-10-25 05:00:03,13,157,277,179,179,170,9,https://pemilu2019.kpu.go.id/img/c/900/009/900009501/1-4723-2-C-XXX-X5.jpg,https://pemilu2019.kpu.go.id/img/c/900/009/900009501/1-4723-2-C-XXX-X6.jpg
1436247094723900009502,ACEH,BIREUEN,JULI,BLANG KETUMBA,TPS 3,2019-10-25 05:00:03,12,149,261,174,174,161,13,https://pemilu2019.kpu.go.id/img/c/900/009/900009502/1-4723-3-C-XXX-X5.jpg,https://pemilu2019.kpu.go.id/img/c/900/009/900009502/1-4723-3-C-XXX-X6.jpg
1436247094723900009503,ACEH,BIREUEN,JULI,BLANG KETUMBA,TPS 4,2019-10-25 05:00:03,10,144,275,162,162,154,8,https://pemilu2019.kpu.go.id/img/c/900/009/900009503/4723-4-C-XXX-X5.jpg,https://pemilu2019.kpu.go.id/img/c/900/009/900009503/4723-4-C-XXX-X6.jpg
1436247094723900009504,ACEH,BIREUEN,JULI,BLANG KETUMBA,TPS 5,2019-10-25 05:00:03,9,151,267,164,164,160,4,https://pemilu2019.kpu.go.id/img/c/900/009/900009504/2-4723-5-C1-PPWP-X1.jpg,https://pemilu2019.kpu.go.id/img/c/900/009/900009504/2-4723-5-C1-PPWP-X2.jpg
1436247094734900009535,ACEH,BIREUEN,JULI,BUKET MULIA,TPS 1,2019-10-25 05:00:03,27,122,206,159,159,149,10,https://pemilu2019.kpu.go.id/img/c/900/009/900009535/4734-1-C-XXX-X5.jpg,https://pemilu2019.kpu.go.id/img/c/900/009/900009535/4734-1-C-XXX-X6.jpg
1436247094734900009536,ACEH,BIREUEN,JULI,BUKET MULIA,TPS 2,2019-10-25 05:00:03,7,121,185,141,141,128,13,https://pemilu2019.kpu.go.id/img/c/900/009/900009536/1-4734-2-C-XXX-X5.jpg,https://pemilu2019.kpu.go.id/img/c/900/009/900009536/1-4734-2-C-XXX-X6.jpg
1436247094715900009482,ACEH,BIREUEN,JULI,GLEUMPANG MEUJIM JIM,TPS 1,2019-10-25 05:00:03,4,142,179,146,146,146,0,https://pemilu2019.kpu.go.id/img/c/900/009/900009482/4715-1-C1-PPWP-X1.jpg,https://pemilu2019.kpu.go.id/img/c/900/009/900009482/4715-1-C1-PPWP-X2.jpg
1436247094715900009483,ACEH,BIREUEN,JULI,GLEUMPANG MEUJIM JIM,TPS 2,2019-10-25 05:00:03,6,137,173,146,146,143,3,https://pemilu2019.kpu.go.id/img/c/900/009/900009483/4715-2-C-XXX-X5.jpg,https://pemilu2019.kpu.go.id/img/c/900/009/900009483/4715-2-C-XXX-X6.jpg
1436247094710900009464,ACEH,BIREUEN,JULI,JULI COT MESJID,TPS 1,2019-10-25 05:00:03,10,198,248,211,211,208,3,https://pemilu2019.kpu.go.id/img/c/900/009/900009464/3-4710-1-C-XXX-X5.jpg,https://pemilu2019.kpu.go.id/img/c/900/009/900009464/3-4710-1-C-XXX-X6.jpg
1436247094710900009465,ACEH,BIREUEN,JULI,JULI COT MESJID,TPS 2,2019-10-25 05:00:03,10,190,249,203,203,200,3,https://pemilu2019.kpu.go.id/img/c/900/009/900009465/4710-2-C-XXX-X5.jpg,https://pemilu2019.kpu.go.id/img/c/900/009/900009465/4710-2-C-XXX-X6.jpg
1436247094710900009466,ACEH,BIREUEN,JULI,JULI COT MESJID,TPS 3,2019-10-25 05:00:03,10,200,264,215,215,210,5,https://pemilu2019.kpu.go.id/img/c/900/009/900009466/4710-3-C1-PPWP-X1.jpg,https://pemilu2019.kpu.go.id/img/c/900/009/900009466/4710-3-C1-PPWP-X2.jpg
1436247094710900009467,ACEH,BIREUEN,JULI,JULI COT MESJID,TPS 4,2019-10-25 05:00:03,10,198,248,211,211,208,3,https://pemilu2019.kpu.go.id/img/c/900/009/900009467/4710-4-C-XXX-X5.jpg,https://pemilu2019.kpu.go.id/img/c/900/009/900009467/4710-4-C-XXX-X6.jpg
1436247094738900009544,ACEH,BIREUEN,JULI,JULI COT MEURAK,TPS 1,2019-10-25 05:00:03,14,150,224,168,168,164,4,https://pemilu2019.kpu.go.id/img/c/900/009/900009544/1-4738-1-C1-PPWP-X1.jpg,https://pemilu2019.kpu.go.id/img/c/900/009/900009544/1-4738-1-C1-PPWP-X2.jpg
1436247094738900009545,ACEH,BIREUEN,JULI,JULI COT MEURAK,TPS 2,2019-10-25 05:00:03,15,150,218,165,165,165,0,https://pemilu2019.kpu.go.id/img/c/900/009/900009545/4738-2-C-XXX-X5.jpg,https://pemilu2019.kpu.go.id/img/c/900/009/900009545/4738-2-C-XXX-X6.jpg
1436247094738900009546,ACEH,BIREUEN,JULI,JULI COT MEURAK,TPS 3,2019-10-25 05:00:03,11,153,215,165,165,164,1,https://pemilu2019.kpu.go.id/img/c/900/009/900009546/4738-3-C-XXX-X5.jpg,https://pemilu2019.kpu.go.id/img/c/900/009/900009546/4738-3-C-XXX-X6.jpg
1436247094713900009476,ACEH,BIREUEN,JULI,JULI KEUDE DUA,TPS 1,2019-10-25 05:00:03,19,218,299,239,239,237,2,https://pemilu2019.kpu.go.id/img/c/900/009/900009476/1-4713-1-C-XXX-X5.jpg,https://pemilu2019.kpu.go.id/img/c/900/009/900009476/1-4713-1-C-XXX-X6.jpg
1436247094713900009477,ACEH,BIREUEN,JULI,JULI KEUDE DUA,TPS 2,2019-10-25 05:00:03,13,223,295,236,236,236,0,https://pemilu2019.kpu.go.id/img/c/900/009/900009477/1-4713-2-C-XXX-X5.jpg,https://pemilu2019.kpu.go.id/img/c/900/009/900009477/1-4713-2-C-XXX-X6.jpg
1436247094713900009478,ACEH,BIREUEN,JULI,JULI KEUDE DUA,TPS 3,2019-10-25 05:00:03,16,207,286,229,229,223,6,https://pemilu2019.kpu.go.id/img/c/900/009/900009478/1-4713-3-C-XXX-X5.jpg,https://pemilu2019.kpu.go.id/img/c/900/009/900009478/1-4713-3-C-XXX-X6.jpg
1436247094713900009479,ACEH,BIREUEN,JULI,JULI KEUDE DUA,TPS 4,2019-10-25 05:00:03,15,209,283,229,229,224,5,https://pemilu2019.kpu.go.id/img/c/900/009/900009479/2-4713-4-C-XXX-X5.jpg,https://pemilu2019.kpu.go.id/img/c/900/009/900009479/2-4713-4-C-XXX-X6.jpg
1436247094733900009532,ACEH,BIREUEN,JULI,JULI MEE TEUNGOH,TPS 1,2019-10-25 05:00:03,8,189,275,207,207,197,10,https://pemilu2019.kpu.go.id/img/c/900/009/900009532/4733-1-C-XXX-X5.jpg,https://pemilu2019.kpu.go.id/img/c/900/009/900009532/4733-1-C-XXX-X6.jpg
1436247094733900009533,ACEH,BIREUEN,JULI,JULI MEE TEUNGOH,TPS 2,2019-10-25 05:00:03,4,212,255,221,222,216,5,https://pemilu2019.kpu.go.id/img/c/900/009/900009533/4733-2-C-XXX-X5.jpg,https://pemilu2019.kpu.go.id/img/c/900/009/900009533/4733-2-C-XXX-X6.jpg
1436247094733900009534,ACEH,BIREUEN,JULI,JULI MEE TEUNGOH,TPS 3,2019-10-25 05:00:03,8,236,274,246,246,244,2,https://pemilu2019.kpu.go.id/img/c/900/009/900009534/4733-3-C1-PPWP-X1.jpg,https://pemilu2019.kpu.go.id/img/c/900/009/900009534/4733-3-C1-PPWP-X2.jpg
1436247094744900009558,ACEH,BIREUEN,JULI,JULI MEUNASAH JOK,TPS 1,2019-10-25 05:00:03,6,173,245,181,181,179,2,https://pemilu2019.kpu.go.id/img/c/900/009/900009558/4-4744-1-C-XXX-X5.jpg,https://pemilu2019.kpu.go.id/img/c/900/009/900009558/4-4744-1-C-XXX-X6.jpg
1436247094744900009559,ACEH,BIREUEN,JULI,JULI MEUNASAH JOK,TPS 2,2019-10-25 05:00:03,12,166,238,180,180,178,2,https://pemilu2019.kpu.go.id/img/c/900/009/900009559/1-4744-2-C-XXX-X5.jpg,https://pemilu2019.kpu.go.id/img/c/900/009/900009559/1-4744-2-C-XXX-X6.jpg
1436247094731900009528,ACEH,BIREUEN,JULI,JULI MEUNASAH TAMBO,TPS 1,2019-10-25 05:00:03,8,194,240,205,205,202,3,https://pemilu2019.kpu.go.id/img/c/900/009/900009528/1-4731-1-C1-PPWP-X1.jpg,https://pemilu2019.kpu.go.id/img/c/900/009/900009528/1-4731-1-C1-PPWP-X2.jpg
1436247094731900009529,ACEH,BIREUEN,JULI,JULI MEUNASAH TAMBO,TPS 2,2019-10-25 05:00:03,17,184,235,204,204,201,3,https://pemilu2019.kpu.go.id/img/c/900/009/900009529/1-4731-2-C-XXX-X5.jpg,https://pemilu2019.kpu.go.id/img/c/900/009/900009529/1-4731-2-C-XXX-X6.jpg
1436247094719900009490,ACEH,BIREUEN,JULI,JULI MEUNASAH TEUNGOH,TPS 1,2019-10-25 05:00:03,11,168,239,183,183,179,4,https://pemilu2019.kpu.go.id/img/c/900/009/900009490/4719-1-C-XXX-X5.jpg,https://pemilu2019.kpu.go.id/img/c/900/009/900009490/4719-1-C-XXX-X6.jpg
1436247094719900009491,ACEH,BIREUEN,JULI,JULI MEUNASAH TEUNGOH,TPS 2,2019-10-25 05:00:03,12,166,235,178,178,178,0,https://pemilu2019.kpu.go.id/img/c/900/009/900009491/1-4719-2-C-XXX-X5.jpg,https://pemilu2019.kpu.go.id/img/c/900/009/900009491/1-4719-2-C-XXX-X6.jpg
1436247094719900009492,ACEH,BIREUEN,JULI,JULI MEUNASAH TEUNGOH,TPS 3,2019-10-25 05:00:03,10,168,230,179,179,178,1,https://pemilu2019.kpu.go.id/img/c/900/009/900009492/4719-3-C-XXX-X5.jpg,https://pemilu2019.kpu.go.id/img/c/900/009/900009492/4719-3-C-XXX-X6.jpg
1436247094730900009526,ACEH,BIREUEN,JULI,JULI PAYA RU,TPS 1,2019-10-25 05:00:03,11,149,209,164,164,160,4,https://pemilu2019.kpu.go.id/img/c/900/009/900009526/4730-1-C-XXX-X5.jpg,https://pemilu2019.kpu.go.id/img/c/900/009/900009526/4730-1-C-XXX-X6.jpg
1436247094730900009527,ACEH,BIREUEN,JULI,JULI PAYA RU,TPS 2,2019-10-25 05:00:03,9,159,217,174,174,168,6,https://pemilu2019.kpu.go.id/img/c/900/009/900009527/4730-2-C-XXX-X5.jpg,https://pemilu2019.kpu.go.id/img/c/900/009/900009527/4730-2-C-XXX-X6.jpg
1436247094711900009468,ACEH,BIREUEN,JULI,JULI SEUTUY,TPS 1,2019-10-25 05:00:03,8,144,236,158,158,152,6,https://pemilu2019.kpu.go.id/img/c/900/009/900009468/2-4711-1-C-XXX-X5.jpg,https://pemilu2019.kpu.go.id/img/c/900/009/900009468/2-4711-1-C-XXX-X6.jpg
1436247094711900009469,ACEH,BIREUEN,JULI,JULI SEUTUY,TPS 2,2019-10-25 05:00:03,16,157,226,173,173,173,0,https://pemilu2019.kpu.go.id/img/c/900/009/900009469/1-4711-2-C-XXX-X5.jpg,https://pemilu2019.kpu.go.id/img/c/900/009/900009469/1-4711-2-C-XXX-X6.jpg
1436247094711900009470,ACEH,BIREUEN,JULI,JULI SEUTUY,TPS 3,2019-10-25 05:00:03,5,173,233,184,184,178,6,https://pemilu2019.kpu.go.id/img/c/900/009/900009470/2-4711-3-C-XXX-X5.jpg,https://pemilu2019.kpu.go.id/img/c/900/009/900009470/2-4711-3-C-XXX-X6.jpg
1436247094711900009471,ACEH,BIREUEN,JULI,JULI SEUTUY,TPS 4,2019-10-25 05:00:03,11,160,226,177,177,171,6,https://pemilu2019.kpu.go.id/img/c/900/009/900009471/4711-4-C-XXX-X5.jpg,https://pemilu2019.kpu.go.id/img/c/900/009/900009471/4711-4-C-XXX-X6.jpg
1436247094714900009480,ACEH,BIREUEN,JULI,JULI SUPENG,TPS 1,2019-10-25 05:00:03,16,187,248,209,209,203,6,https://pemilu2019.kpu.go.id/img/c/900/009/900009480/1-4714-1-C-XXX-X5.jpg,https://pemilu2019.kpu.go.id/img/c/900/009/900009480/1-4714-1-C-XXX-X6.jpg
1436247094714900009481,ACEH,BIREUEN,JULI,JULI SUPENG,TPS 2,2019-10-25 05:00:03,19,165,229,190,190,184,6,https://pemilu2019.kpu.go.id/img/c/900/009/900009481/4714-2-C-XXX-X5.jpg,https://pemilu2019.kpu.go.id/img/c/900/009/900009481/4714-2-C-XXX-X6.jpg
1436247094712900009472,ACEH,BIREUEN,JULI,JULI TAMBO TANJONG,TPS 1,2019-10-25 05:00:03,12,191,292,206,206,203,3,https://pemilu2019.kpu.go.id/img/c/900/009/900009472/1-4712-1-C1-PPWP-X1.jpg,https://pemilu2019.kpu.go.id/img/c/900/009/900009472/1-4712-1-C1-PPWP-X2.jpg
1436247094712900009473,ACEH,BIREUEN,JULI,JULI TAMBO TANJONG,TPS 2,2019-10-25 05:00:03,12,193,292,208,208,205,3,https://pemilu2019.kpu.go.id/img/c/900/009/900009473/2-4712-2-C-XXX-X5.jpg,https://pemilu2019.kpu.go.id/img/c/900/009/900009473/2-4712-2-C-XXX-X6.jpg
1436247094712900009474,ACEH,BIREUEN,JULI,JULI TAMBO TANJONG,TPS 3,2019-10-25 05:00:03,12,193,292,208,208,205,3,https://pemilu2019.kpu.go.id/img/c/900/009/900009474/4712-3-C-XXX-X5.jpg,https://pemilu2019.kpu.go.id/img/c/900/009/900009474/4712-3-C-XXX-X6.jpg
1436247094712900009475,ACEH,BIREUEN,JULI,JULI TAMBO TANJONG,TPS 4,2019-10-25 05:00:03,13,198,288,212,212,211,1,https://pemilu2019.kpu.go.id/img/c/900/009/900009475/2-4712-4-C-XXX-X5.jpg,https://pemilu2019.kpu.go.id/img/c/900/009/900009475/2-4712-4-C-XXX-X6.jpg
1436247094732900009530,ACEH,BIREUEN,JULI,JULI TGK DI LAMPOH,TPS 1,2019-10-25 05:00:03,6,122,150,132,132,128,4,https://pemilu2019.kpu.go.id/img/c/900/009/900009530/1-4732-1-C-XXX-X5.jpg,https://pemilu2019.kpu.go.id/img/c/900/009/900009530/1-4732-1-C-XXX-X6.jpg
1436247094732900009531,ACEH,BIREUEN,JULI,JULI TGK DI LAMPOH,TPS 2,2019-10-25 05:00:03,9,148,171,157,157,157,0,https://pemilu2019.kpu.go.id/img/c/900/009/900009531/4732-2-C-XXX-X5.jpg,https://pemilu2019.kpu.go.id/img/c/900/009/900009531/4732-2-C-XXX-X6.jpg
1436247094737900009542,ACEH,BIREUEN,JULI,JULI URUEK ANOE,TPS 1,2019-10-25 05:00:03,9,189,278,204,204,198,6,https://pemilu2019.kpu.go.id/img/c/900/009/900009542/4737-1-C-XXX-X5.jpg,https://pemilu2019.kpu.go.id/img/c/900/009/900009542/4737-1-C-XXX-X6.jpg
1436247094737900009543,ACEH,BIREUEN,JULI,JULI URUEK ANOE,TPS 2,2019-10-25 05:00:03,4,213,282,221,221,217,4,https://pemilu2019.kpu.go.id/img/c/900/009/900009543/4737-2-C-XXX-X5.jpg,https://pemilu2019.kpu.go.id/img/c/900/009/900009543/4737-2-C-XXX-X6.jpg
1436247094728900009520,ACEH,BIREUEN,JULI,KRUENG SIMPO,TPS 1,2019-10-25 05:00:03,24,127,229,157,157,151,6,https://pemilu2019.kpu.go.id/img/c/900/009/900009520/4728-1-C-XXX-X5.jpg,https://pemilu2019.kpu.go.id/img/c/900/009/900009520/4728-1-C-XXX-X6.jpg
1436247094728900009521,ACEH,BIREUEN,JULI,KRUENG SIMPO,TPS 2,2019-10-25 05:00:03,27,134,214,173,173,161,12,https://pemilu2019.kpu.go.id/img/c/900/009/900009521/4728-2-C-XXX-X5.jpg,https://pemilu2019.kpu.go.id/img/c/900/009/900009521/4728-2-C-XXX-X6.jpg
1436247094728900009522,ACEH,BIREUEN,JULI,KRUENG SIMPO,TPS 3,2019-10-25 05:00:03,23,128,219,161,161,151,10,https://pemilu2019.kpu.go.id/img/c/900/009/900009522/4728-3-C-XXX-X5.jpg,https://pemilu2019.kpu.go.id/img/c/900/009/900009522/4728-3-C-XXX-X6.jpg
1436247094728900009523,ACEH,BIREUEN,JULI,KRUENG SIMPO,TPS 4,2019-10-25 05:00:03,26,122,220,159,159,148,11,https://pemilu2019.kpu.go.id/img/c/900/009/900009523/2-4728-4-C1-PPWP-X1.jpg,https://pemilu2019.kpu.go.id/img/c/900/009/900009523/2-4728-4-C1-PPWP-X2.jpg
1436247094721900009496,ACEH,BIREUEN,JULI,MANE MEUJINGKI,TPS 1,2019-10-25 05:00:03,2,136,184,143,143,138,5,https://pemilu2019.kpu.go.id/img/c/900/009/900009496/1-4721-1-C-XXX-X5.jpg,https://pemilu2019.kpu.go.id/img/c/900/009/900009496/1-4721-1-C-XXX-X6.jpg
1436247094724900009505,ACEH,BIREUEN,JULI,PANTE BARO,TPS 1,2019-10-25 05:00:03,3,178,270,184,184,181,3,https://pemilu2019.kpu.go.id/img/c/900/009/900009505/1-4724-1-C1-PPWP-X1.jpg,https://pemilu2019.kpu.go.id/img/c/900/009/900009505/1-4724-1-C1-PPWP-X2.jpg
1436247094724900009506,ACEH,BIREUEN,JULI,PANTE BARO,TPS 2,2019-10-25 05:00:03,7,176,265,187,187,183,4,https://pemilu2019.kpu.go.id/img/c/900/009/900009506/2-4724-2-C1-PPWP-X1.jpg,https://pemilu2019.kpu.go.id/img/c/900/009/900009506/2-4724-2-C1-PPWP-X2.jpg
1436247094724900009507,ACEH,BIREUEN,JULI,PANTE BARO,TPS 3,2019-10-25 05:00:03,10,168,278,182,182,178,4,https://pemilu2019.kpu.go.id/img/c/900/009/900009507/3-4724-3-C-XXX-X5.jpg,https://pemilu2019.kpu.go.id/img/c/900/009/900009507/3-4724-3-C-XXX-X6.jpg
1436247094741900009553,ACEH,BIREUEN,JULI,PANTE PEUSANGAN,TPS 1,2019-10-25 05:00:03,8,87,144,96,96,95,1,https://pemilu2019.kpu.go.id/img/c/900/009/900009553/2-4741-1-C-XXX-X5.jpg,https://pemilu2019.kpu.go.id/img/c/900/009/900009553/2-4741-1-C-XXX-X6.jpg
1436247094739900009547,ACEH,BIREUEN,JULI,PASEH,TPS 1,2019-10-25 05:00:03,19,167,249,190,190,186,4,https://pemilu2019.kpu.go.id/img/c/900/009/900009547/4739-1-C-XXX-X5.jpg,https://pemilu2019.kpu.go.id/img/c/900/009/900009547/4739-1-C-XXX-X6.jpg
1436247094739900009548,ACEH,BIREUEN,JULI,PASEH,TPS 2,2019-10-25 05:00:03,10,185,240,197,197,195,2,https://pemilu2019.kpu.go.id/img/c/900/009/900009548/3-4739-2-C-XXX-X5.jpg,https://pemilu2019.kpu.go.id/img/c/900/009/900009548/3-4739-2-C-XXX-X6.jpg
1436247094739900009549,ACEH,BIREUEN,JULI,PASEH,TPS 3,2019-10-25 05:00:03,13,176,238,198,198,189,9,https://pemilu2019.kpu.go.id/img/c/900/009/900009549/4739-3-C1-PPWP-X1.jpg,https://pemilu2019.kpu.go.id/img/c/900/009/900009549/4739-3-C1-PPWP-X2.jpg
1436247094726900009513,ACEH,BIREUEN,JULI,PAYA CUT,TPS 1,2019-10-25 05:00:03,10,151,218,168,168,161,7,https://pemilu2019.kpu.go.id/img/c/900/009/900009513/1-4726-1-C-XXX-X5.jpg,https://pemilu2019.kpu.go.id/img/c/900/009/900009513/1-4726-1-C-XXX-X6.jpg
1436247094726900009514,ACEH,BIREUEN,JULI,PAYA CUT,TPS 2,2019-10-25 05:00:03,5,165,227,171,171,170,1,https://pemilu2019.kpu.go.id/img/c/900/009/900009514/4726-2-C-XXX-X5.jpg,https://pemilu2019.kpu.go.id/img/c/900/009/900009514/4726-2-C-XXX-X6.jpg
1436247094726900009515,ACEH,BIREUEN,JULI,PAYA CUT,TPS 3,2019-10-25 05:00:03,9,159,215,179,179,168,11,https://pemilu2019.kpu.go.id/img/c/900/009/900009515/1-4726-3-C-XXX-X5.jpg,https://pemilu2019.kpu.go.id/img/c/900/009/900009515/1-4726-3-C-XXX-X6.jpg
1436247094743900009556,ACEH,BIREUEN,JULI,RANTO PANYANG,TPS 1,2019-10-25 05:00:03,10,159,220,176,176,169,7,https://pemilu2019.kpu.go.id/img/c/900/009/900009556/4743-1-C-XXX-X5.jpg,https://pemilu2019.kpu.go.id/img/c/900/009/900009556/4743-1-C-XXX-X6.jpg
1436247094743900009557,ACEH,BIREUEN,JULI,RANTO PANYANG,TPS 2,2019-10-25 05:00:03,9,153,203,171,171,162,9,https://pemilu2019.kpu.go.id/img/c/900/009/900009557/4743-2-C-XXX-X5.jpg,https://pemilu2019.kpu.go.id/img/c/900/009/900009557/4743-2-C-XXX-X6.jpg
1436247094742900009554,ACEH,BIREUEN,JULI,SEUNEUBOK DALAM,TPS 1,2019-10-25 05:00:03,23,120,183,152,152,143,9,https://pemilu2019.kpu.go.id/img/c/900/009/900009554/4742-1-C-XXX-X5.jpg,https://pemilu2019.kpu.go.id/img/c/900/009/900009554/4742-1-C-XXX-X6.jpg
1436247094742900009555,ACEH,BIREUEN,JULI,SEUNEUBOK DALAM,TPS 2,2019-10-25 05:00:03,17,138,191,160,160,155,5,https://pemilu2019.kpu.go.id/img/c/900/009/900009555/4742-2-C1-PPWP-X1.jpg,https://pemilu2019.kpu.go.id/img/c/900/009/900009555/4742-2-C1-PPWP-X2.jpg
1436247094720900009493,ACEH,BIREUEN,JULI,SEUNEUBOK GUNCI,TPS 1,2019-10-25 05:00:03,4,183,250,192,192,187,5,https://pemilu2019.kpu.go.id/img/c/900/009/900009493/4720-1-C-XXX-X5.jpg,https://pemilu2019.kpu.go.id/img/c/900/009/900009493/4720-1-C-XXX-X6.jpg
1436247094720900009494,ACEH,BIREUEN,JULI,SEUNEUBOK GUNCI,TPS 2,2019-10-25 05:00:03,12,149,221,166,166,161,5,https://pemilu2019.kpu.go.id/img/c/900/009/900009494/1-4720-2-C-XXX-X5.jpg,https://pemilu2019.kpu.go.id/img/c/900/009/900009494/1-4720-2-C-XXX-X6.jpg
1436247094720900009495,ACEH,BIREUEN,JULI,SEUNEUBOK GUNCI,TPS 3,2019-10-25 05:00:03,11,167,218,182,182,178,4,https://pemilu2019.kpu.go.id/img/c/900/009/900009495/4720-3-C-XXX-X5.jpg,https://pemilu2019.kpu.go.id/img/c/900/009/900009495/4720-3-C-XXX-X6.jpg
1436247094718900009488,ACEH,BIREUEN,JULI,SEUNEUBOK PEURADEN,TPS 1,2019-10-25 05:00:03,9,176,254,192,192,185,7,,
1436247094718900009489,ACEH,BIREUEN,JULI,SEUNEUBOK PEURADEN,TPS 2,2019-10-25 05:00:03,4,191,248,199,199,195,4,https://pemilu2019.kpu.go.id/img/c/900/009/900009489/1-4718-2-C-XXX-X5.jpg,https://pemilu2019.kpu.go.id/img/c/900/009/900009489/1-4718-2-C-XXX-X6.jpg
1436247094736900009539,ACEH,BIREUEN,JULI,SIMPANG JAYA,TPS 1,2019-10-25 05:00:03,12,156,245,179,179,168,11,https://pemilu2019.kpu.go.id/img/c/900/009/900009539/6-4736-1-C-XXX-X5.jpg,https://pemilu2019.kpu.go.id/img/c/900/009/900009539/6-4736-1-C-XXX-X6.jpg
1436247094736900009540,ACEH,BIREUEN,JULI,SIMPANG JAYA,TPS 2,2019-10-25 05:00:03,19,163,254,197,197,183,14,https://pemilu2019.kpu.go.id/img/c/900/009/900009540/2-4736-2-C-XXX-X5.jpg,https://pemilu2019.kpu.go.id/img/c/900/009/900009540/2-4736-2-C-XXX-X6.jpg
1436247094736900009541,ACEH,BIREUEN,JULI,SIMPANG JAYA,TPS 3,2019-10-25 05:00:03,14,160,261,185,185,174,11,,
1436247094745900009560,ACEH,BIREUEN,JULI,SIMPANG MULIA,TPS 1,2019-10-25 05:00:03,5,117,155,122,122,122,0,https://pemilu2019.kpu.go.id/img/c/900/009/900009560/4745-1-C-XXX-X5.jpg,https://pemilu2019.kpu.go.id/img/c/900/009/900009560/4745-1-C-XXX-X6.jpg
1436247094729900009524,ACEH,BIREUEN,JULI,SUKA TANI,TPS 1,2019-10-25 05:00:03,20,114,169,142,142,134,8,https://pemilu2019.kpu.go.id/img/c/900/009/900009524/4729-1-C1-PPWP-X1.jpg,https://pemilu2019.kpu.go.id/img/c/900/009/900009524/4729-1-C1-PPWP-X2.jpg
1436247094729900009525,ACEH,BIREUEN,JULI,SUKA TANI,TPS 2,2019-10-25 05:00:03,29,128,187,161,161,157,4,https://pemilu2019.kpu.go.id/img/c/900/009/900009525/4729-2-C-XXX-X5.jpg,https://pemilu2019.kpu.go.id/img/c/900/009/900009525/4729-2-C-XXX-X6.jpg
1436247094727900009516,ACEH,BIREUEN,JULI,TEUPIN MANE,TPS 1,2019-10-25 05:00:03,17,203,295,228,228,220,8,https://pemilu2019.kpu.go.id/img/c/900/009/900009516/4727-1-C1-PPWP-X1.jpg,https://pemilu2019.kpu.go.id/img/c/900/009/900009516/4727-1-C1-PPWP-X2.jpg
1436247094727900009517,ACEH,BIREUEN,JULI,TEUPIN MANE,TPS 2,2019-10-25 05:00:03,22,181,278,207,207,203,4,https://pemilu2019.kpu.go.id/img/c/900/009/900009517/4727-2-C-XXX-X5.jpg,https://pemilu2019.kpu.go.id/img/c/900/009/900009517/4727-2-C-XXX-X6.jpg
1436247094727900009518,ACEH,BIREUEN,JULI,TEUPIN MANE,TPS 3,2019-10-25 05:00:03,20,177,286,208,208,197,11,https://pemilu2019.kpu.go.id/img/c/900/009/900009518/4727-3-C-XXX-X5.jpg,https://pemilu2019.kpu.go.id/img/c/900/009/900009518/4727-3-C-XXX-X6.jpg
1436247094727900009519,ACEH,BIREUEN,JULI,TEUPIN MANE,TPS 4,2019-10-25 05:00:03,21,162,269,192,192,183,9,https://pemilu2019.kpu.go.id/img/c/900/009/900009519/4727-4-C-XXX-X5.jpg,https://pemilu2019.kpu.go.id/img/c/900/009/900009519/4727-4-C-XXX-X6.jpg
