id,provinsi,kabupaten,kecamatan,kelurahan,tps,timestamp,pemilih-1,pemilih-2,total-pemilih,total-pengguna,suara-total,suara-sah,suara-tidak-sah,c1-1,c1-2
1498950115012900010178,ACEH,ACEH BARAT DAYA,TANGAN-TANGAN,ADAN,TPS 1,2019-10-23 23:00:03,17,166,219,196,195,183,12,https://pemilu2019.kpu.go.id/img/c/900/010/900010178/5012-1-C1-PPWP-X1.jpg,https://pemilu2019.kpu.go.id/img/c/900/010/900010178/5012-1-C1-PPWP-X2.jpg
1498950115012900010179,ACEH,ACEH BARAT DAYA,TANGAN-TANGAN,ADAN,TPS 2,2019-10-23 23:00:03,2,233,289,240,240,235,5,https://pemilu2019.kpu.go.id/img/c/900/010/900010179/5012-2-C1-PPWP-X1.jpg,https://pemilu2019.kpu.go.id/img/c/900/010/900010179/5012-2-C1-PPWP-X2.jpg
1498950115012900010180,ACEH,ACEH BARAT DAYA,TANGAN-TANGAN,ADAN,TPS 3,2019-10-23 23:00:03,18,215,288,239,239,233,6,https://pemilu2019.kpu.go.id/img/c/900/010/900010180/5012-3-C1-PPWP-X1.jpg,https://pemilu2019.kpu.go.id/img/c/900/010/900010180/5012-3-C1-PPWP-X2.jpg
1498950115012900010181,ACEH,ACEH BARAT DAYA,TANGAN-TANGAN,ADAN,TPS 4,2019-10-23 23:00:03,10,182,236,206,206,192,14,https://pemilu2019.kpu.go.id/img/c/900/010/900010181/5012-4-C1-PPWP-X1.jpg,https://pemilu2019.kpu.go.id/img/c/900/010/900010181/5012-4-C1-PPWP-X2.jpg
1498950115012900010182,ACEH,ACEH BARAT DAYA,TANGAN-TANGAN,ADAN,TPS 5,2019-10-23 23:00:03,14,152,227,178,178,166,12,https://pemilu2019.kpu.go.id/img/c/900/010/900010182/5012-5-C1-PPWP-X1.jpg,https://pemilu2019.kpu.go.id/img/c/900/010/900010182/5012-5-C1-PPWP-X2.jpg
1498950115020900010199,ACEH,ACEH BARAT DAYA,TANGAN-TANGAN,BINEH KRUENG,TPS 1,2019-10-23 23:00:03,7,210,275,228,228,217,11,https://pemilu2019.kpu.go.id/img/c/900/010/900010199/5020-1-C1-PPWP-X1.jpg,https://pemilu2019.kpu.go.id/img/c/900/010/900010199/5020-1-C1-PPWP-X2.jpg
1498950115020900010200,ACEH,ACEH BARAT DAYA,TANGAN-TANGAN,BINEH KRUENG,TPS 2,2019-10-23 23:00:03,5,206,253,219,219,211,8,https://pemilu2019.kpu.go.id/img/c/900/010/900010200/5020-2-C1-PPWP-X1.jpg,https://pemilu2019.kpu.go.id/img/c/900/010/900010200/5020-2-C1-PPWP-X2.jpg
1498950115020900010201,ACEH,ACEH BARAT DAYA,TANGAN-TANGAN,BINEH KRUENG,TPS 3,2019-10-23 23:00:03,10,180,235,194,194,190,4,https://pemilu2019.kpu.go.id/img/c/900/010/900010201/5020-3-C1-PPWP-X1.jpg,https://pemilu2019.kpu.go.id/img/c/900/010/900010201/5020-3-C1-PPWP-X2.jpg
1498950115017900010191,ACEH,ACEH BARAT DAYA,TANGAN-TANGAN,BLANG PADANG,TPS 1,2019-10-23 23:00:03,47,163,250,225,225,211,14,https://pemilu2019.kpu.go.id/img/c/900/010/900010191/1-5017-1-C1-PPWP-X1.jpg,https://pemilu2019.kpu.go.id/img/c/900/010/900010191/1-5017-1-C1-PPWP-X2.jpg
1498950115017900010192,ACEH,ACEH BARAT DAYA,TANGAN-TANGAN,BLANG PADANG,TPS 2,2019-10-23 23:00:03,33,164,243,222,222,197,25,https://pemilu2019.kpu.go.id/img/c/900/010/900010192/5017-2-C1-PPWP-X1.jpg,https://pemilu2019.kpu.go.id/img/c/900/010/900010192/5017-2-C1-PPWP-X2.jpg
1498950115017900010193,ACEH,ACEH BARAT DAYA,TANGAN-TANGAN,BLANG PADANG,TPS 3,2019-10-23 23:00:03,33,138,200,185,185,171,14,https://pemilu2019.kpu.go.id/img/c/900/010/900010193/5017-3-C1-PPWP-X1.jpg,https://pemilu2019.kpu.go.id/img/c/900/010/900010193/5017-3-C1-PPWP-X2.jpg
1498950115022900010204,ACEH,ACEH BARAT DAYA,TANGAN-TANGAN,DRIEN JALO,TPS 1,2019-10-23 23:00:03,21,161,202,188,188,182,6,https://pemilu2019.kpu.go.id/img/c/900/010/900010204/5022-1-C1-PPWP-X1.jpg,https://pemilu2019.kpu.go.id/img/c/900/010/900010204/5022-1-C1-PPWP-X2.jpg
1498950115022900010205,ACEH,ACEH BARAT DAYA,TANGAN-TANGAN,DRIEN JALO,TPS 2,2019-10-23 23:00:03,14,135,201,159,159,149,10,https://pemilu2019.kpu.go.id/img/c/900/010/900010205/5022-2-C1-PPWP-X1.jpg,https://pemilu2019.kpu.go.id/img/c/900/010/900010205/5022-2-C1-PPWP-X2.jpg
1498950115021900010202,ACEH,ACEH BARAT DAYA,TANGAN-TANGAN,DRIEN KIPAH,TPS 1,2019-10-23 23:00:03,7,148,192,158,158,155,3,https://pemilu2019.kpu.go.id/img/c/900/010/900010202/5021-1-C1-PPWP-X1.jpg,https://pemilu2019.kpu.go.id/img/c/900/010/900010202/5021-1-C1-PPWP-X2.jpg
1498950115021900010203,ACEH,ACEH BARAT DAYA,TANGAN-TANGAN,DRIEN KIPAH,TPS 2,2019-10-23 23:00:03,8,146,192,157,157,154,3,https://pemilu2019.kpu.go.id/img/c/900/010/900010203/5021-2-C1-PPWP-X1.jpg,https://pemilu2019.kpu.go.id/img/c/900/010/900010203/5021-2-C1-PPWP-X2.jpg
1498950115015900010186,ACEH,ACEH BARAT DAYA,TANGAN-TANGAN,GUNUNG CUT,TPS 1,2019-10-23 23:00:03,12,249,303,268,268,261,7,https://pemilu2019.kpu.go.id/img/c/900/010/900010186/5015-1-C1-PPWP-X1.jpg,https://pemilu2019.kpu.go.id/img/c/900/010/900010186/5015-1-C1-PPWP-X2.jpg
1498950115015900010187,ACEH,ACEH BARAT DAYA,TANGAN-TANGAN,GUNUNG CUT,TPS 2,2019-10-23 23:00:03,10,252,288,270,270,262,8,https://pemilu2019.kpu.go.id/img/c/900/010/900010187/5015-2-C1-PPWP-X1.jpg,https://pemilu2019.kpu.go.id/img/c/900/010/900010187/5015-2-C1-PPWP-X2.jpg
1498950115015900010188,ACEH,ACEH BARAT DAYA,TANGAN-TANGAN,GUNUNG CUT,TPS 3,2019-10-23 23:00:03,17,207,270,227,227,224,3,https://pemilu2019.kpu.go.id/img/c/900/010/900010188/5015-3-C1-PPWP-X1.jpg,https://pemilu2019.kpu.go.id/img/c/900/010/900010188/5015-3-C1-PPWP-X2.jpg
1498950115026900010214,ACEH,ACEH BARAT DAYA,TANGAN-TANGAN,IE LHOB,TPS 1,2019-10-23 23:00:03,13,181,264,215,215,194,21,https://pemilu2019.kpu.go.id/img/c/900/010/900010214/5026-1-C1-PPWP-X1.jpg,https://pemilu2019.kpu.go.id/img/c/900/010/900010214/5026-1-C1-PPWP-X2.jpg
1498950115026900010215,ACEH,ACEH BARAT DAYA,TANGAN-TANGAN,IE LHOB,TPS 2,2019-10-23 23:00:03,26,199,280,235,235,225,10,https://pemilu2019.kpu.go.id/img/c/900/010/900010215/5026-2-C1-PPWP-X1.jpg,https://pemilu2019.kpu.go.id/img/c/900/010/900010215/5026-2-C1-PPWP-X2.jpg
1498950115026900010216,ACEH,ACEH BARAT DAYA,TANGAN-TANGAN,IE LHOB,TPS 3,2019-10-23 23:00:03,22,166,259,206,206,188,18,https://pemilu2019.kpu.go.id/img/c/900/010/900010216/5026-3-C1-PPWP-X1.jpg,https://pemilu2019.kpu.go.id/img/c/900/010/900010216/5026-3-C1-PPWP-X2.jpg
1498950115026900010217,ACEH,ACEH BARAT DAYA,TANGAN-TANGAN,IE LHOB,TPS 4,2019-10-23 23:00:03,13,86,150,103,103,99,4,https://pemilu2019.kpu.go.id/img/c/900/010/900010217/5026-4-C1-PPWP-X1.jpg,https://pemilu2019.kpu.go.id/img/c/900/010/900010217/5026-4-C1-PPWP-X2.jpg
1498950115025900010210,ACEH,ACEH BARAT DAYA,TANGAN-TANGAN,KUTA BAK DRIEN,TPS 1,2019-10-23 23:00:03,15,187,257,211,211,202,9,https://pemilu2019.kpu.go.id/img/c/900/010/900010210/5025-1-C1-PPWP-X1.jpg,https://pemilu2019.kpu.go.id/img/c/900/010/900010210/5025-1-C1-PPWP-X2.jpg
1498950115025900010211,ACEH,ACEH BARAT DAYA,TANGAN-TANGAN,KUTA BAK DRIEN,TPS 2,2019-10-23 23:00:03,16,185,267,219,219,201,18,https://pemilu2019.kpu.go.id/img/c/900/010/900010211/5025-2-C1-PPWP-X1.jpg,https://pemilu2019.kpu.go.id/img/c/900/010/900010211/5025-2-C1-PPWP-X2.jpg
1498950115025900010212,ACEH,ACEH BARAT DAYA,TANGAN-TANGAN,KUTA BAK DRIEN,TPS 3,2019-10-23 23:00:03,33,169,256,217,217,202,15,https://pemilu2019.kpu.go.id/img/c/900/010/900010212/5025-3-C1-PPWP-X1.jpg,https://pemilu2019.kpu.go.id/img/c/900/010/900010212/5025-3-C1-PPWP-X2.jpg
1498950115025900010213,ACEH,ACEH BARAT DAYA,TANGAN-TANGAN,KUTA BAK DRIEN,TPS 4,2019-10-23 23:00:03,17,172,231,199,199,189,10,https://pemilu2019.kpu.go.id/img/c/900/010/900010213/5025-4-C1-PPWP-X1.jpg,https://pemilu2019.kpu.go.id/img/c/900/010/900010213/5025-4-C1-PPWP-X2.jpg
1498950115014900010185,ACEH,ACEH BARAT DAYA,TANGAN-TANGAN,MESJID,TPS 1,2019-10-23 23:00:03,34,188,255,224,224,222,2,https://pemilu2019.kpu.go.id/img/c/900/010/900010185/5014-1-C1-PPWP-X1.jpg,https://pemilu2019.kpu.go.id/img/c/900/010/900010185/5014-1-C1-PPWP-X2.jpg
1498950115018900010194,ACEH,ACEH BARAT DAYA,TANGAN-TANGAN,PADANG BAK JEUMPA,TPS 1,2019-10-23 23:00:03,24,176,226,207,207,200,7,https://pemilu2019.kpu.go.id/img/c/900/010/900010194/5018-1-C1-PPWP-X1.jpg,https://pemilu2019.kpu.go.id/img/c/900/010/900010194/5018-1-C1-PPWP-X2.jpg
1498950115018900010195,ACEH,ACEH BARAT DAYA,TANGAN-TANGAN,PADANG BAK JEUMPA,TPS 2,2019-10-23 23:00:03,20,175,215,198,198,195,3,https://pemilu2019.kpu.go.id/img/c/900/010/900010195/5018-2-C1-PPWP-X1.jpg,https://pemilu2019.kpu.go.id/img/c/900/010/900010195/5018-2-C1-PPWP-X2.jpg
1498950115018900010196,ACEH,ACEH BARAT DAYA,TANGAN-TANGAN,PADANG BAK JEUMPA,TPS 3,2019-10-23 23:00:03,18,164,227,187,187,182,5,https://pemilu2019.kpu.go.id/img/c/900/010/900010196/5018-3-C1-PPWP-X1.jpg,https://pemilu2019.kpu.go.id/img/c/900/010/900010196/5018-3-C1-PPWP-X2.jpg
1498950115023900010206,ACEH,ACEH BARAT DAYA,TANGAN-TANGAN,PADANG BAK JOK,TPS 1,2019-10-23 23:00:03,10,170,222,194,194,180,14,https://pemilu2019.kpu.go.id/img/c/900/010/900010206/1-5023-1-C1-PPWP-X1.jpg,https://pemilu2019.kpu.go.id/img/c/900/010/900010206/1-5023-1-C1-PPWP-X2.jpg
1498950115023900010207,ACEH,ACEH BARAT DAYA,TANGAN-TANGAN,PADANG BAK JOK,TPS 2,2019-10-23 23:00:03,8,160,221,187,187,168,19,https://pemilu2019.kpu.go.id/img/c/900/010/900010207/5023-2-C1-PPWP-X1.jpg,https://pemilu2019.kpu.go.id/img/c/900/010/900010207/5023-2-C1-PPWP-X2.jpg
1498950115016900010189,ACEH,ACEH BARAT DAYA,TANGAN-TANGAN,PADANG KAWA,TPS 1,2019-10-23 23:00:03,30,194,275,245,245,224,21,https://pemilu2019.kpu.go.id/img/c/900/010/900010189/5016-1-C1-PPWP-X1.jpg,https://pemilu2019.kpu.go.id/img/c/900/010/900010189/5016-1-C1-PPWP-X2.jpg
1498950115016900010190,ACEH,ACEH BARAT DAYA,TANGAN-TANGAN,PADANG KAWA,TPS 2,2019-10-23 23:00:03,21,214,274,240,240,235,5,https://pemilu2019.kpu.go.id/img/c/900/010/900010190/5016-2-C1-PPWP-X1.jpg,https://pemilu2019.kpu.go.id/img/c/900/010/900010190/5016-2-C1-PPWP-X2.jpg
1498950115013900010183,ACEH,ACEH BARAT DAYA,TANGAN-TANGAN,PANTE GEULUMPANG,TPS 1,2019-10-23 23:00:03,11,217,276,238,238,228,10,https://pemilu2019.kpu.go.id/img/c/900/010/900010183/5013-1-C1-PPWP-X1.jpg,https://pemilu2019.kpu.go.id/img/c/900/010/900010183/5013-1-C1-PPWP-X2.jpg
1498950115013900010184,ACEH,ACEH BARAT DAYA,TANGAN-TANGAN,PANTE GEULUMPANG,TPS 2,2019-10-23 23:00:03,10,209,267,223,223,219,4,https://pemilu2019.kpu.go.id/img/c/900/010/900010184/5013-2-C1-PPWP-X1.jpg,https://pemilu2019.kpu.go.id/img/c/900/010/900010184/5013-2-C1-PPWP-X2.jpg
1498950115019900010197,ACEH,ACEH BARAT DAYA,TANGAN-TANGAN,SUAK LABU,TPS 1,2019-10-23 23:00:03,15,157,208,177,177,172,5,https://pemilu2019.kpu.go.id/img/c/900/010/900010197/5019-1-C1-PPWP-X1.jpg,https://pemilu2019.kpu.go.id/img/c/900/010/900010197/5019-1-C1-PPWP-X2.jpg
1498950115019900010198,ACEH,ACEH BARAT DAYA,TANGAN-TANGAN,SUAK LABU,TPS 2,2019-10-23 23:00:03,18,169,216,190,190,187,3,https://pemilu2019.kpu.go.id/img/c/900/010/900010198/5019-2-C1-PPWP-X1.jpg,https://pemilu2019.kpu.go.id/img/c/900/010/900010198/5019-2-C1-PPWP-X2.jpg
1498950115024900010208,ACEH,ACEH BARAT DAYA,TANGAN-TANGAN,SUAK NIBONG,TPS 1,2019-10-23 23:00:03,23,218,271,244,244,241,3,https://pemilu2019.kpu.go.id/img/c/900/010/900010208/5024-1-C1-PPWP-X1.jpg,https://pemilu2019.kpu.go.id/img/c/900/010/900010208/5024-1-C1-PPWP-X2.jpg
1498950115024900010209,ACEH,ACEH BARAT DAYA,TANGAN-TANGAN,SUAK NIBONG,TPS 2,2019-10-23 23:00:03,33,177,241,223,223,210,13,https://pemilu2019.kpu.go.id/img/c/900/010/900010209/2-5024-2-C1-PPWP-X1.jpg,https://pemilu2019.kpu.go.id/img/c/900/010/900010209/2-5024-2-C1-PPWP-X2.jpg
1182423912394900004824,ACEH,ACEH BESAR,BAITUSSALAM,BAET,TPS 1,2019-10-23 23:00:03,21,137,291,157,161,158,3,https://pemilu2019.kpu.go.id/img/c/900/004/900004824/1-2394-1-C-XXX-X5.jpg,https://pemilu2019.kpu.go.id/img/c/900/004/900004824/1-2394-1-C-XXX-X6.jpg
1182423912394900004825,ACEH,ACEH BESAR,BAITUSSALAM,BAET,TPS 2,2019-10-23 23:00:03,22,195,282,222,222,217,5,https://pemilu2019.kpu.go.id/img/c/900/004/900004825/1-2394-2-C-XXX-X35.jpg,https://pemilu2019.kpu.go.id/img/c/900/004/900004825/1-2394-2-C-XXX-X36.jpg
1182423912394900004826,ACEH,ACEH BESAR,BAITUSSALAM,BAET,TPS 3,2019-10-23 23:00:03,13,151,282,173,173,164,9,https://pemilu2019.kpu.go.id/img/c/900/004/900004826/3-2394-3-C-XXX-X65.jpg,https://pemilu2019.kpu.go.id/img/c/900/004/900004826/3-2394-3-C-XXX-X66.jpg
1182423912394900004827,ACEH,ACEH BESAR,BAITUSSALAM,BAET,TPS 4,2019-10-23 23:00:03,14,120,289,138,138,134,4,https://pemilu2019.kpu.go.id/img/c/900/004/900004827/1-2394-4-C-XXX-X5.jpg,https://pemilu2019.kpu.go.id/img/c/900/004/900004827/1-2394-4-C-XXX-X6.jpg
1182423912394900004828,ACEH,ACEH BESAR,BAITUSSALAM,BAET,TPS 5,2019-10-23 23:00:03,16,149,308,165,165,165,0,https://pemilu2019.kpu.go.id/img/c/900/004/900004828/2-2394-5-C-XXX-X35.jpg,https://pemilu2019.kpu.go.id/img/c/900/004/900004828/2-2394-5-C-XXX-X36.jpg
1182423912394900004829,ACEH,ACEH BESAR,BAITUSSALAM,BAET,TPS 6,2019-10-23 23:00:03,4,76,173,82,82,80,2,https://pemilu2019.kpu.go.id/img/c/900/004/900004829/2-2394-6-C-XXX-X65.jpg,https://pemilu2019.kpu.go.id/img/c/900/004/900004829/2-2394-6-C-XXX-X66.jpg
1182423912395900004830,ACEH,ACEH BESAR,BAITUSSALAM,BLANG KRUENG,TPS 1,2019-10-23 23:00:03,6,192,280,205,205,198,7,https://pemilu2019.kpu.go.id/img/c/900/004/900004830/1-2395-1-C-XXX-X5.jpg,https://pemilu2019.kpu.go.id/img/c/900/004/900004830/1-2395-1-C-XXX-X6.jpg
1182423912395900004831,ACEH,ACEH BESAR,BAITUSSALAM,BLANG KRUENG,TPS 2,2019-10-23 23:00:03,12,172,272,194,194,184,10,https://pemilu2019.kpu.go.id/img/c/900/004/900004831/1-2395-2-C-XXX-X5.jpg,https://pemilu2019.kpu.go.id/img/c/900/004/900004831/1-2395-2-C-XXX-X6.jpg
1182423912395900004832,ACEH,ACEH BESAR,BAITUSSALAM,BLANG KRUENG,TPS 3,2019-10-23 23:00:03,11,173,271,192,192,184,8,https://pemilu2019.kpu.go.id/img/c/900/004/900004832/1-2395-3-C-XXX-X35.jpg,https://pemilu2019.kpu.go.id/img/c/900/004/900004832/1-2395-3-C-XXX-X36.jpg
1182423912395900004833,ACEH,ACEH BESAR,BAITUSSALAM,BLANG KRUENG,TPS 4,2019-10-23 23:00:03,7,196,258,207,207,203,4,https://pemilu2019.kpu.go.id/img/c/900/004/900004833/1-2395-4-C-XXX-X5.jpg,https://pemilu2019.kpu.go.id/img/c/900/004/900004833/1-2395-4-C-XXX-X6.jpg
1182423912395900004834,ACEH,ACEH BESAR,BAITUSSALAM,BLANG KRUENG,TPS 5,2019-10-23 23:00:03,13,171,256,185,185,184,1,https://pemilu2019.kpu.go.id/img/c/900/004/900004834/1-2395-5-C-XXX-X35.jpg,https://pemilu2019.kpu.go.id/img/c/900/004/900004834/1-2395-5-C-XXX-X36.jpg
1182423912395900004835,ACEH,ACEH BESAR,BAITUSSALAM,BLANG KRUENG,TPS 6,2019-10-23 23:00:03,10,162,245,173,173,172,1,https://pemilu2019.kpu.go.id/img/c/900/004/900004835/1-2395-6-C-XXX-X65.jpg,https://pemilu2019.kpu.go.id/img/c/900/004/900004835/1-2395-6-C-XXX-X66.jpg
1182423912392900004808,ACEH,ACEH BESAR,BAITUSSALAM,CADEK,TPS 1,2019-10-23 23:00:03,19,156,220,181,181,175,6,https://pemilu2019.kpu.go.id/img/c/900/004/900004808/1-2392-1-C-XXX-X5.jpg,https://pemilu2019.kpu.go.id/img/c/900/004/900004808/1-2392-1-C-XXX-X6.jpg
1182423912392900004809,ACEH,ACEH BESAR,BAITUSSALAM,CADEK,TPS 2,2019-10-23 23:00:03,28,130,211,159,159,158,1,https://pemilu2019.kpu.go.id/img/c/900/004/900004809/1-2392-2-C-XXX-X5.jpg,https://pemilu2019.kpu.go.id/img/c/900/004/900004809/1-2392-2-C-XXX-X6.jpg
1182423912392900004810,ACEH,ACEH BESAR,BAITUSSALAM,CADEK,TPS 3,2019-10-23 23:00:03,16,121,224,139,139,137,2,https://pemilu2019.kpu.go.id/img/c/900/004/900004810/1-2392-3-C-XXX-X35.jpg,https://pemilu2019.kpu.go.id/img/c/900/004/900004810/1-2392-3-C-XXX-X36.jpg
1182423912403900004854,ACEH,ACEH BESAR,BAITUSSALAM,COT PAYA,TPS 1,2019-10-23 23:00:03,37,124,185,165,165,161,4,https://pemilu2019.kpu.go.id/img/c/900/004/900004854/1-2403-1-C-XXX-X5.jpg,https://pemilu2019.kpu.go.id/img/c/900/004/900004854/1-2403-1-C-XXX-X6.jpg
1182423912403900004855,ACEH,ACEH BESAR,BAITUSSALAM,COT PAYA,TPS 2,2019-10-23 23:00:03,23,128,178,156,156,151,5,https://pemilu2019.kpu.go.id/img/c/900/004/900004855/1-2403-2-C-XXX-X5.jpg,https://pemilu2019.kpu.go.id/img/c/900/004/900004855/1-2403-2-C-XXX-X6.jpg
1182423912393900004811,ACEH,ACEH BESAR,BAITUSSALAM,KAJHU,TPS 01,2019-10-23 23:00:03,21,106,259,128,128,127,1,https://pemilu2019.kpu.go.id/img/c/900/004/900004811/1-2393-01-C-XXX-X5.jpg,https://pemilu2019.kpu.go.id/img/c/900/004/900004811/1-2393-01-C-XXX-X6.jpg
1182423912393900004812,ACEH,ACEH BESAR,BAITUSSALAM,KAJHU,TPS 02,2019-10-23 23:00:03,14,140,286,158,158,154,4,https://pemilu2019.kpu.go.id/img/c/900/004/900004812/1-2393-02-C-XXX-X35.jpg,https://pemilu2019.kpu.go.id/img/c/900/004/900004812/1-2393-02-C-XXX-X36.jpg
1182423912393900004813,ACEH,ACEH BESAR,BAITUSSALAM,KAJHU,TPS 03,2019-10-23 23:00:03,17,169,239,192,192,186,6,https://pemilu2019.kpu.go.id/img/c/900/004/900004813/2-2393-03-C-XXX-X65.jpg,https://pemilu2019.kpu.go.id/img/c/900/004/900004813/2-2393-03-C-XXX-X66.jpg
1182423912393900004814,ACEH,ACEH BESAR,BAITUSSALAM,KAJHU,TPS 04,2019-10-23 23:00:03,11,183,198,198,198,194,4,https://pemilu2019.kpu.go.id/img/c/900/004/900004814/2-2393-04-C-XXX-X5.jpg,https://pemilu2019.kpu.go.id/img/c/900/004/900004814/2-2393-04-C-XXX-X6.jpg
1182423912393900004815,ACEH,ACEH BESAR,BAITUSSALAM,KAJHU,TPS 05,2019-10-23 23:00:03,30,223,322,256,256,253,3,https://pemilu2019.kpu.go.id/img/c/900/004/900004815/2-2393-05-C-XXX-X35.jpg,https://pemilu2019.kpu.go.id/img/c/900/004/900004815/2-2393-05-C-XXX-X36.jpg
1182423912393900004816,ACEH,ACEH BESAR,BAITUSSALAM,KAJHU,TPS 06,2019-10-23 23:00:03,27,254,378,282,282,281,1,https://pemilu2019.kpu.go.id/img/c/900/004/900004816/2-2393-06-C-XXX-X5.jpg,https://pemilu2019.kpu.go.id/img/c/900/004/900004816/2-2393-06-C-XXX-X6.jpg
1182423912393900004817,ACEH,ACEH BESAR,BAITUSSALAM,KAJHU,TPS 07,2019-10-23 23:00:03,19,203,221,225,225,222,3,https://pemilu2019.kpu.go.id/img/c/900/004/900004817/2-2393-07-C-XXX-X35.jpg,https://pemilu2019.kpu.go.id/img/c/900/004/900004817/2-2393-07-C-XXX-X36.jpg
1182423912393900004818,ACEH,ACEH BESAR,BAITUSSALAM,KAJHU,TPS 08,2019-10-23 23:00:03,33,160,258,193,193,193,0,https://pemilu2019.kpu.go.id/img/c/900/004/900004818/1-2393-08-C-XXX-X5.jpg,https://pemilu2019.kpu.go.id/img/c/900/004/900004818/1-2393-08-C-XXX-X6.jpg
1182423912393900004819,ACEH,ACEH BESAR,BAITUSSALAM,KAJHU,TPS 09,2019-10-23 23:00:03,24,172,256,198,198,196,2,https://pemilu2019.kpu.go.id/img/c/900/004/900004819/2-2393-09-C-XXX-X35.jpg,https://pemilu2019.kpu.go.id/img/c/900/004/900004819/2-2393-09-C-XXX-X36.jpg
1182423912393900004820,ACEH,ACEH BESAR,BAITUSSALAM,KAJHU,TPS 10,2019-10-23 23:00:03,35,157,283,195,195,192,3,https://pemilu2019.kpu.go.id/img/c/900/004/900004820/2-2393-10-C-XXX-X5.jpg,https://pemilu2019.kpu.go.id/img/c/900/004/900004820/2-2393-10-C-XXX-X6.jpg
1182423912393900004821,ACEH,ACEH BESAR,BAITUSSALAM,KAJHU,TPS 11,2019-10-23 23:00:03,27,196,226,226,226,223,3,https://pemilu2019.kpu.go.id/img/c/900/004/900004821/1-2393-11-C-XXX-X35.jpg,https://pemilu2019.kpu.go.id/img/c/900/004/900004821/1-2393-11-C-XXX-X36.jpg
1182423912393900004822,ACEH,ACEH BESAR,BAITUSSALAM,KAJHU,TPS 12,2019-10-23 23:00:03,16,175,267,195,195,191,4,https://pemilu2019.kpu.go.id/img/c/900/004/900004822/1-2393-12-C-XXX-X5.jpg,https://pemilu2019.kpu.go.id/img/c/900/004/900004822/1-2393-12-C-XXX-X6.jpg
1182423912393900004823,ACEH,ACEH BESAR,BAITUSSALAM,KAJHU,TPS 13,2019-10-23 23:00:03,14,170,263,187,187,184,3,https://pemilu2019.kpu.go.id/img/c/900/004/900004823/2-2393-13-C-XXX-X5.jpg,https://pemilu2019.kpu.go.id/img/c/900/004/900004823/2-2393-13-C-XXX-X6.jpg
1182423912402900004851,ACEH,ACEH BESAR,BAITUSSALAM,KLIENG COT ARON,TPS 1,2019-10-23 23:00:03,17,173,233,194,194,190,4,https://pemilu2019.kpu.go.id/img/c/900/004/900004851/1-2402-1-C-XXX-X5.jpg,https://pemilu2019.kpu.go.id/img/c/900/004/900004851/1-2402-1-C-XXX-X6.jpg
1182423912402900004852,ACEH,ACEH BESAR,BAITUSSALAM,KLIENG COT ARON,TPS 2,2019-10-23 23:00:03,17,178,255,203,203,195,8,https://pemilu2019.kpu.go.id/img/c/900/004/900004852/1-2402-2-C-XXX-X35.jpg,https://pemilu2019.kpu.go.id/img/c/900/004/900004852/1-2402-2-C-XXX-X36.jpg
1182423912402900004853,ACEH,ACEH BESAR,BAITUSSALAM,KLIENG COT ARON,TPS 3,2019-10-23 23:00:03,23,155,260,181,181,178,3,https://pemilu2019.kpu.go.id/img/c/900/004/900004853/1-2402-3-C-XXX-X65.jpg,https://pemilu2019.kpu.go.id/img/c/900/004/900004853/1-2402-3-C-XXX-X66.jpg
1182423912396900004836,ACEH,ACEH BESAR,BAITUSSALAM,KLIENG MEURIA,TPS 1,2019-10-23 23:00:03,24,201,250,234,234,225,9,https://pemilu2019.kpu.go.id/img/c/900/004/900004836/1-2396-1-C-XXX-X5.jpg,https://pemilu2019.kpu.go.id/img/c/900/004/900004836/1-2396-1-C-XXX-X6.jpg
1182423912396900004837,ACEH,ACEH BESAR,BAITUSSALAM,KLIENG MEURIA,TPS 2,2019-10-23 23:00:03,9,184,220,200,200,193,7,https://pemilu2019.kpu.go.id/img/c/900/004/900004837/1-2396-2-C-XXX-X5.jpg,https://pemilu2019.kpu.go.id/img/c/900/004/900004837/1-2396-2-C-XXX-X6.jpg
1182423912400900004845,ACEH,ACEH BESAR,BAITUSSALAM,LABUY,TPS 1,2019-10-23 23:00:03,20,186,252,219,219,206,13,https://pemilu2019.kpu.go.id/img/c/900/004/900004845/1-2400-1-C-XXX-X5.jpg,https://pemilu2019.kpu.go.id/img/c/900/004/900004845/1-2400-1-C-XXX-X6.jpg
1182423912400900004846,ACEH,ACEH BESAR,BAITUSSALAM,LABUY,TPS 2,2019-10-23 23:00:03,20,136,188,163,163,156,7,https://pemilu2019.kpu.go.id/img/c/900/004/900004846/1-2400-2-C-XXX-X35.jpg,https://pemilu2019.kpu.go.id/img/c/900/004/900004846/1-2400-2-C-XXX-X36.jpg
1182423912400900004847,ACEH,ACEH BESAR,BAITUSSALAM,LABUY,TPS 3,2019-10-23 23:00:03,45,104,186,156,156,149,7,https://pemilu2019.kpu.go.id/img/c/900/004/900004847/1-2400-3-C-XXX-X65.jpg,https://pemilu2019.kpu.go.id/img/c/900/004/900004847/1-2400-3-C-XXX-X66.jpg
1182423912399900004843,ACEH,ACEH BESAR,BAITUSSALAM,LAM ASAN,TPS 1,2019-10-23 23:00:03,12,168,208,185,185,180,5,https://pemilu2019.kpu.go.id/img/c/900/004/900004843/1-2399-1-C-XXX-X5.jpg,https://pemilu2019.kpu.go.id/img/c/900/004/900004843/1-2399-1-C-XXX-X6.jpg
1182423912399900004844,ACEH,ACEH BESAR,BAITUSSALAM,LAM ASAN,TPS 2,2019-10-23 23:00:03,11,143,159,154,154,154,0,https://pemilu2019.kpu.go.id/img/c/900/004/900004844/1-2399-2-C-XXX-X35.jpg,https://pemilu2019.kpu.go.id/img/c/900/004/900004844/1-2399-2-C-XXX-X36.jpg
1182423912397900004838,ACEH,ACEH BESAR,BAITUSSALAM,LAM BADA LHOK,TPS 1,2019-10-23 23:00:03,21,153,218,177,177,174,3,https://pemilu2019.kpu.go.id/img/c/900/004/900004838/1-2397-1-C-XXX-X5.jpg,https://pemilu2019.kpu.go.id/img/c/900/004/900004838/1-2397-1-C-XXX-X6.jpg
1182423912397900004839,ACEH,ACEH BESAR,BAITUSSALAM,LAM BADA LHOK,TPS 2,2019-10-23 23:00:03,17,201,226,225,225,218,7,https://pemilu2019.kpu.go.id/img/c/900/004/900004839/1-2397-2-C-XXX-X35.jpg,https://pemilu2019.kpu.go.id/img/c/900/004/900004839/1-2397-2-C-XXX-X36.jpg
1182423912397900004840,ACEH,ACEH BESAR,BAITUSSALAM,LAM BADA LHOK,TPS 3,2019-10-23 23:00:03,8,154,228,166,166,162,4,https://pemilu2019.kpu.go.id/img/c/900/004/900004840/1-2397-3-C-XXX-X65.jpg,https://pemilu2019.kpu.go.id/img/c/900/004/900004840/1-2397-3-C-XXX-X66.jpg
1182423912398900004841,ACEH,ACEH BESAR,BAITUSSALAM,LAMPINEUNG,TPS 1,2019-10-23 23:00:03,22,175,309,202,202,197,5,https://pemilu2019.kpu.go.id/img/c/900/004/900004841/1-2398-1-C-XXX-X5.jpg,https://pemilu2019.kpu.go.id/img/c/900/004/900004841/1-2398-1-C-XXX-X6.jpg
1182423912398900004842,ACEH,ACEH BESAR,BAITUSSALAM,LAMPINEUNG,TPS 2,2019-10-23 23:00:03,16,188,236,204,204,204,0,https://pemilu2019.kpu.go.id/img/c/900/004/900004842/1-2398-2-C1-PPWP-X1.jpg,https://pemilu2019.kpu.go.id/img/c/900/004/900004842/1-2398-2-C1-PPWP-X2.jpg
1182423912401900004848,ACEH,ACEH BESAR,BAITUSSALAM,LAM UJONG,TPS 1,2019-10-23 23:00:03,17,227,295,252,252,244,8,https://pemilu2019.kpu.go.id/img/c/900/004/900004848/1-2401-1-C-XXX-X5.jpg,https://pemilu2019.kpu.go.id/img/c/900/004/900004848/1-2401-1-C-XXX-X6.jpg
1182423912401900004849,ACEH,ACEH BESAR,BAITUSSALAM,LAM UJONG,TPS 2,2019-10-23 23:00:03,19,186,271,212,212,205,7,https://pemilu2019.kpu.go.id/img/c/900/004/900004849/1-2401-2-C-XXX-X5.jpg,https://pemilu2019.kpu.go.id/img/c/900/004/900004849/1-2401-2-C-XXX-X6.jpg
1182423912401900004850,ACEH,ACEH BESAR,BAITUSSALAM,LAM UJONG,TPS 3,2019-10-23 23:00:03,20,151,247,176,176,171,5,https://pemilu2019.kpu.go.id/img/c/900/004/900004850/1-2401-3-C-XXX-X5.jpg,https://pemilu2019.kpu.go.id/img/c/900/004/900004850/1-2401-3-C-XXX-X6.jpg
1182423912404900004856,ACEH,ACEH BESAR,BAITUSSALAM,MIRUK LAM REUDEUP,TPS 1,2019-10-23 23:00:03,17,202,273,224,224,219,5,https://pemilu2019.kpu.go.id/img/c/900/004/900004856/1-2404-1-C-XXX-X5.jpg,https://pemilu2019.kpu.go.id/img/c/900/004/900004856/1-2404-1-C-XXX-X6.jpg
1182423912404900004857,ACEH,ACEH BESAR,BAITUSSALAM,MIRUK LAM REUDEUP,TPS 2,2019-10-23 23:00:03,11,199,278,213,213,210,3,https://pemilu2019.kpu.go.id/img/c/900/004/900004857/1-2404-2-C-XXX-X35.jpg,https://pemilu2019.kpu.go.id/img/c/900/004/900004857/1-2404-2-C-XXX-X36.jpg
1182423912404900004858,ACEH,ACEH BESAR,BAITUSSALAM,MIRUK LAM REUDEUP,TPS 3,2019-10-23 23:00:03,18,180,281,281,203,198,5,https://pemilu2019.kpu.go.id/img/c/900/004/900004858/1-2404-3-C-XXX-X5.jpg,https://pemilu2019.kpu.go.id/img/c/900/004/900004858/1-2404-3-C-XXX-X6.jpg
1182423912404900004859,ACEH,ACEH BESAR,BAITUSSALAM,MIRUK LAM REUDEUP,TPS 4,2019-10-23 23:00:03,22,192,281,220,220,214,6,https://pemilu2019.kpu.go.id/img/c/900/004/900004859/1-2404-4-C-XXX-X35.jpg,https://pemilu2019.kpu.go.id/img/c/900/004/900004859/1-2404-4-C-XXX-X36.jpg
1182423912404900004860,ACEH,ACEH BESAR,BAITUSSALAM,MIRUK LAM REUDEUP,TPS 5,2019-10-23 23:00:03,33,190,328,226,226,223,3,https://pemilu2019.kpu.go.id/img/c/900/004/900004860/1-2404-5-C-XXX-X5.jpg,https://pemilu2019.kpu.go.id/img/c/900/004/900004860/1-2404-5-C-XXX-X6.jpg
1182423912404900004861,ACEH,ACEH BESAR,BAITUSSALAM,MIRUK LAM REUDEUP,TPS 6,2019-10-23 23:00:03,23,153,277,182,182,176,6,https://pemilu2019.kpu.go.id/img/c/900/004/900004861/1-2404-6-C-XXX-X35.jpg,https://pemilu2019.kpu.go.id/img/c/900/004/900004861/1-2404-6-C-XXX-X36.jpg
1182423912404900004862,ACEH,ACEH BESAR,BAITUSSALAM,MIRUK LAM REUDEUP,TPS 7,2019-10-23 23:00:03,21,153,282,181,181,174,7,https://pemilu2019.kpu.go.id/img/c/900/004/900004862/1-2404-7-C-XXX-X5.jpg,https://pemilu2019.kpu.go.id/img/c/900/004/900004862/1-2404-7-C-XXX-X6.jpg
1182423912404900004863,ACEH,ACEH BESAR,BAITUSSALAM,MIRUK LAM REUDEUP,TPS 8,2019-10-23 23:00:03,19,152,246,171,171,171,0,https://pemilu2019.kpu.go.id/img/c/900/004/900004863/1-2404-8-C-XXX-X5.jpg,https://pemilu2019.kpu.go.id/img/c/900/004/900004863/1-2404-8-C-XXX-X6.jpg
1182424252448900004945,ACEH,ACEH BESAR,BLANG BINTANG,BUENG SIDOM,TPS 1,2019-10-23 23:00:03,19,145,170,165,165,164,1,https://pemilu2019.kpu.go.id/img/c/900/004/900004945/1-2448-1-C-XXX-X5.jpg,https://pemilu2019.kpu.go.id/img/c/900/004/900004945/1-2448-1-C-XXX-X6.jpg
1182424252438900004931,ACEH,ACEH BESAR,BLANG BINTANG,BUNG PAGEU,TPS 1,2019-10-23 23:00:03,23,187,245,222,222,210,12,https://pemilu2019.kpu.go.id/img/c/900/004/900004931/1-2438-1-C1-PPWP-X1.jpg,https://pemilu2019.kpu.go.id/img/c/900/004/900004931/1-2438-1-C1-PPWP-X2.jpg
1182424252438900004932,ACEH,ACEH BESAR,BLANG BINTANG,BUNG PAGEU,TPS 2,2019-10-23 23:00:03,22,191,236,214,214,213,1,https://pemilu2019.kpu.go.id/img/c/900/004/900004932/1-2438-2-C1-PPWP-X1.jpg,https://pemilu2019.kpu.go.id/img/c/900/004/900004932/1-2438-2-C1-PPWP-X2.jpg
1182424252440900004934,ACEH,ACEH BESAR,BLANG BINTANG,COT BAGIE,TPS 1,2019-10-23 23:00:03,15,136,176,156,156,151,5,https://pemilu2019.kpu.go.id/img/c/900/004/900004934/1-2440-1-C-XXX-X5.jpg,https://pemilu2019.kpu.go.id/img/c/900/004/900004934/1-2440-1-C-XXX-X6.jpg
1182424252440900004935,ACEH,ACEH BESAR,BLANG BINTANG,COT BAGIE,TPS 2,2019-10-23 23:00:03,5,143,154,153,154,64,90,https://pemilu2019.kpu.go.id/img/c/900/004/900004935/2-2440-2-C-XXX-X5.jpg,https://pemilu2019.kpu.go.id/img/c/900/004/900004935/2-2440-2-C-XXX-X6.jpg
1182424252442900004937,ACEH,ACEH BESAR,BLANG BINTANG,COT GEUNDRET,TPS 1,2019-10-23 23:00:03,18,160,202,187,187,178,9,https://pemilu2019.kpu.go.id/img/c/900/004/900004937/1-2442-1-C-XXX-X5.jpg,https://pemilu2019.kpu.go.id/img/c/900/004/900004937/1-2442-1-C-XXX-X6.jpg
1182424252442900004938,ACEH,ACEH BESAR,BLANG BINTANG,COT GEUNDRET,TPS 2,2019-10-23 23:00:03,26,139,192,168,168,165,3,https://pemilu2019.kpu.go.id/img/c/900/004/900004938/1-2442-2-C-XXX-X35.jpg,https://pemilu2019.kpu.go.id/img/c/900/004/900004938/1-2442-2-C-XXX-X36.jpg
1182424252435900004928,ACEH,ACEH BESAR,BLANG BINTANG,COT HOHO,TPS 1,2019-10-23 23:00:03,10,67,80,77,77,77,0,https://pemilu2019.kpu.go.id/img/c/900/004/900004928/1-2435-1-C-XXX-X5.jpg,https://pemilu2019.kpu.go.id/img/c/900/004/900004928/1-2435-1-C-XXX-X6.jpg
1182424252436900004929,ACEH,ACEH BESAR,BLANG BINTANG,COT JAMBO,TPS 1,2019-10-23 23:00:03,11,213,260,231,231,224,7,https://pemilu2019.kpu.go.id/img/c/900/004/900004929/1-2436-1-C-XXX-X5.jpg,https://pemilu2019.kpu.go.id/img/c/900/004/900004929/1-2436-1-C-XXX-X6.jpg
1182424252451900004950,ACEH,ACEH BESAR,BLANG BINTANG,COT KARIENG,TPS 1,2019-10-23 23:00:03,28,165,208,197,197,193,4,https://pemilu2019.kpu.go.id/img/c/900/004/900004950/1-2451-1-C-XXX-X5.jpg,https://pemilu2019.kpu.go.id/img/c/900/004/900004950/1-2451-1-C-XXX-X6.jpg
1182424252451900004951,ACEH,ACEH BESAR,BLANG BINTANG,COT KARIENG,TPS 2,2019-10-23 23:00:03,24,160,209,189,189,184,5,https://pemilu2019.kpu.go.id/img/c/900/004/900004951/1-2451-2-C-XXX-X35.jpg,https://pemilu2019.kpu.go.id/img/c/900/004/900004951/1-2451-2-C-XXX-X36.jpg
1182424252434900004927,ACEH,ACEH BESAR,BLANG BINTANG,COT LEUOT,TPS 1,2019-10-23 23:00:03,10,165,183,180,180,175,5,https://pemilu2019.kpu.go.id/img/c/900/004/900004927/1-2434-1-C-XXX-X5.jpg,https://pemilu2019.kpu.go.id/img/c/900/004/900004927/1-2434-1-C-XXX-X6.jpg
1182424252450900004949,ACEH,ACEH BESAR,BLANG BINTANG,COT MADI,TPS 1,2019-10-23 23:00:03,16,199,247,222,222,215,7,https://pemilu2019.kpu.go.id/img/c/900/004/900004949/1-2450-1-C-XXX-X5.jpg,https://pemilu2019.kpu.go.id/img/c/900/004/900004949/1-2450-1-C-XXX-X6.jpg
1182424252447900004943,ACEH,ACEH BESAR,BLANG BINTANG,COT MALEM,TPS 1,2019-10-23 23:00:03,18,158,188,179,179,176,3,https://pemilu2019.kpu.go.id/img/c/900/004/900004943/1-2447-1-C-XXX-X5.jpg,https://pemilu2019.kpu.go.id/img/c/900/004/900004943/1-2447-1-C-XXX-X6.jpg
1182424252447900004944,ACEH,ACEH BESAR,BLANG BINTANG,COT MALEM,TPS 2,2019-10-23 23:00:03,9,155,180,165,165,164,1,https://pemilu2019.kpu.go.id/img/c/900/004/900004944/1-2447-2-C1-PPWP-X1.jpg,https://pemilu2019.kpu.go.id/img/c/900/004/900004944/1-2447-2-C1-PPWP-X2.jpg
1182424252430900004923,ACEH,ACEH BESAR,BLANG BINTANG,COT MANCANG,TPS 1,2019-10-23 23:00:03,10,174,198,187,187,184,3,https://pemilu2019.kpu.go.id/img/c/900/004/900004923/1-2430-1-C1-PPWP-X1.jpg,https://pemilu2019.kpu.go.id/img/c/900/004/900004923/1-2430-1-C1-PPWP-X2.jpg
1182424252428900004921,ACEH,ACEH BESAR,BLANG BINTANG,COT MEULANGEUN,TPS 1,2019-10-23 23:00:03,10,134,154,151,151,144,7,https://pemilu2019.kpu.go.id/img/c/900/004/900004921/1-2428-1-C-XXX-X5.jpg,https://pemilu2019.kpu.go.id/img/c/900/004/900004921/1-2428-1-C-XXX-X6.jpg
1182424252432900004925,ACEH,ACEH BESAR,BLANG BINTANG,COT MON RAYA,TPS 1,2019-10-23 23:00:03,8,219,266,230,230,227,3,https://pemilu2019.kpu.go.id/img/c/900/004/900004925/1-2432-1-C-XXX-X5.jpg,https://pemilu2019.kpu.go.id/img/c/900/004/900004925/1-2432-1-C-XXX-X6.jpg
1182424252429900004922,ACEH,ACEH BESAR,BLANG BINTANG,COT NAMBAK,TPS 1,2019-10-23 23:00:03,10,161,189,172,172,171,1,https://pemilu2019.kpu.go.id/img/c/900/004/900004922/1-2429-1-C-XXX-X5.jpg,https://pemilu2019.kpu.go.id/img/c/900/004/900004922/1-2429-1-C-XXX-X6.jpg
1182424252443900004939,ACEH,ACEH BESAR,BLANG BINTANG,COT PUKLAT,TPS 1,2019-10-23 23:00:03,14,237,270,254,254,251,3,https://pemilu2019.kpu.go.id/img/c/900/004/900004939/1-2443-1-C-XXX-X5.jpg,https://pemilu2019.kpu.go.id/img/c/900/004/900004939/1-2443-1-C-XXX-X6.jpg
1182424252437900004930,ACEH,ACEH BESAR,BLANG BINTANG,COT RUMPUN,TPS 1,2019-10-23 23:00:03,20,193,238,222,222,213,9,https://pemilu2019.kpu.go.id/img/c/900/004/900004930/1-2437-1-C-XXX-X5.jpg,https://pemilu2019.kpu.go.id/img/c/900/004/900004930/1-2437-1-C-XXX-X6.jpg
1182424252439900004933,ACEH,ACEH BESAR,BLANG BINTANG,COT SAYUN,TPS 1,2019-10-23 23:00:03,9,89,102,102,102,98,4,https://pemilu2019.kpu.go.id/img/c/900/004/900004933/1-2439-1-C-XXX-X5.jpg,https://pemilu2019.kpu.go.id/img/c/900/004/900004933/1-2439-1-C-XXX-X6.jpg
1182424252426900004917,ACEH,ACEH BESAR,BLANG BINTANG,DATA MAKMUR,TPS 1,2019-10-23 23:00:03,14,204,248,221,221,218,3,https://pemilu2019.kpu.go.id/img/c/900/004/900004917/1-2426-1-C-XXX-X5.jpg,https://pemilu2019.kpu.go.id/img/c/900/004/900004917/1-2426-1-C-XXX-X6.jpg
1182424252426900004918,ACEH,ACEH BESAR,BLANG BINTANG,DATA MAKMUR,TPS 2,2019-10-23 23:00:03,10,210,246,216,216,211,5,https://pemilu2019.kpu.go.id/img/c/900/004/900004918/1-2426-2-C-XXX-X35.jpg,https://pemilu2019.kpu.go.id/img/c/900/004/900004918/1-2426-2-C-XXX-X36.jpg
1182424252431900004924,ACEH,ACEH BESAR,BLANG BINTANG,EMPEE BATA,TPS 1,2019-10-23 23:00:03,13,265,296,285,285,278,7,https://pemilu2019.kpu.go.id/img/c/900/004/900004924/1-2431-1-C-XXX-X5.jpg,https://pemilu2019.kpu.go.id/img/c/900/004/900004924/1-2431-1-C-XXX-X6.jpg
1182424252449900004946,ACEH,ACEH BESAR,BLANG BINTANG,KAMPUNG BLANG,TPS 1,2019-10-23 23:00:03,25,148,203,0,177,173,4,https://pemilu2019.kpu.go.id/img/c/900/004/900004946/1-2449-1-C-XXX-X5.jpg,https://pemilu2019.kpu.go.id/img/c/900/004/900004946/1-2449-1-C-XXX-X6.jpg
1182424252449900004947,ACEH,ACEH BESAR,BLANG BINTANG,KAMPUNG BLANG,TPS 2,2019-10-23 23:00:03,17,152,217,169,172,169,3,https://pemilu2019.kpu.go.id/img/c/900/004/900004947/1-2449-2-C-XXX-X5.jpg,https://pemilu2019.kpu.go.id/img/c/900/004/900004947/1-2449-2-C-XXX-X6.jpg
1182424252449900004948,ACEH,ACEH BESAR,BLANG BINTANG,KAMPUNG BLANG,TPS 3,2019-10-23 23:00:03,23,154,245,177,180,177,3,https://pemilu2019.kpu.go.id/img/c/900/004/900004948/1-2449-3-C-XXX-X5.jpg,https://pemilu2019.kpu.go.id/img/c/900/004/900004948/1-2449-3-C-XXX-X6.jpg
1182424252427900004919,ACEH,ACEH BESAR,BLANG BINTANG,KAYEE KUNYET,TPS 1,2019-10-23 23:00:03,1,221,270,226,226,222,4,https://pemilu2019.kpu.go.id/img/c/900/004/900004919/1-2427-1-C-XXX-X5.jpg,https://pemilu2019.kpu.go.id/img/c/900/004/900004919/1-2427-1-C-XXX-X6.jpg
1182424252427900004920,ACEH,ACEH BESAR,BLANG BINTANG,KAYEE KUNYET,TPS 2,2019-10-23 23:00:03,8,191,248,207,207,199,8,https://pemilu2019.kpu.go.id/img/c/900/004/900004920/1-2427-2-C-XXX-X35.jpg,https://pemilu2019.kpu.go.id/img/c/900/004/900004920/1-2427-2-C-XXX-X36.jpg
1182424252445900004941,ACEH,ACEH BESAR,BLANG BINTANG,LAM MEE,TPS 1,2019-10-23 23:00:03,16,245,296,266,266,261,5,https://pemilu2019.kpu.go.id/img/c/900/004/900004941/1-2445-1-C-XXX-X5.jpg,https://pemilu2019.kpu.go.id/img/c/900/004/900004941/1-2445-1-C-XXX-X6.jpg
1182424252446900004942,ACEH,ACEH BESAR,BLANG BINTANG,LAM SIEM,TPS 1,2019-10-23 23:00:03,15,229,261,249,249,244,5,https://pemilu2019.kpu.go.id/img/c/900/004/900004942/1-2446-1-C-XXX-X5.jpg,https://pemilu2019.kpu.go.id/img/c/900/004/900004942/1-2446-1-C-XXX-X6.jpg
1182424252444900004940,ACEH,ACEH BESAR,BLANG BINTANG,MEULAYO,TPS 1,2019-10-23 23:00:03,3,188,218,197,197,191,6,https://pemilu2019.kpu.go.id/img/c/900/004/900004940/1-2444-1-C-XXX-X5.jpg,https://pemilu2019.kpu.go.id/img/c/900/004/900004940/1-2444-1-C-XXX-X6.jpg
1182424252441900004936,ACEH,ACEH BESAR,BLANG BINTANG,PAYA UE,TPS 1,2019-10-23 23:00:03,31,204,272,240,240,235,5,https://pemilu2019.kpu.go.id/img/c/900/004/900004936/1-2441-1-C-XXX-X5.jpg,https://pemilu2019.kpu.go.id/img/c/900/004/900004936/1-2441-1-C-XXX-X6.jpg
1182424252433900004926,ACEH,ACEH BESAR,BLANG BINTANG,TEUPIN BATEE,TPS 1,2019-10-23 23:00:03,20,198,228,220,220,218,2,https://pemilu2019.kpu.go.id/img/c/900/004/900004926/1-2433-1-C-XXX-X5.jpg,https://pemilu2019.kpu.go.id/img/c/900/004/900004926/1-2433-1-C-XXX-X6.jpg
1182420602067900004136,ACEH,ACEH BESAR,DARUL IMARAH,BAYU,TPS 1,2019-10-23 23:00:03,8,164,248,178,180,172,8,https://pemilu2019.kpu.go.id/img/c/900/004/900004136/4-2067-1-C-XXX-X5.jpg,https://pemilu2019.kpu.go.id/img/c/900/004/900004136/4-2067-1-C-XXX-X6.jpg
1182420602067900004137,ACEH,ACEH BESAR,DARUL IMARAH,BAYU,TPS 2,2019-10-23 23:00:03,14,188,253,208,206,202,4,https://pemilu2019.kpu.go.id/img/c/900/004/900004137/4-2067-2-C-XXX-X5.jpg,https://pemilu2019.kpu.go.id/img/c/900/004/900004137/4-2067-2-C-XXX-X6.jpg
1182420602067900004138,ACEH,ACEH BESAR,DARUL IMARAH,BAYU,TPS 3,2019-10-23 23:00:03,15,193,255,209,209,208,1,https://pemilu2019.kpu.go.id/img/c/900/004/900004138/4-2067-3-C-XXX-X5.jpg,https://pemilu2019.kpu.go.id/img/c/900/004/900004138/4-2067-3-C-XXX-X6.jpg
1182420602067900004139,ACEH,ACEH BESAR,DARUL IMARAH,BAYU,TPS 4,2019-10-23 23:00:03,6,187,250,201,201,193,8,https://pemilu2019.kpu.go.id/img/c/900/004/900004139/3-2067-4-C-XXX-X5.jpg,https://pemilu2019.kpu.go.id/img/c/900/004/900004139/3-2067-4-C-XXX-X6.jpg
1182420602082900004182,ACEH,ACEH BESAR,DARUL IMARAH,DAROY KAMEU,TPS 1,2019-10-23 23:00:03,16,163,205,188,188,179,9,https://pemilu2019.kpu.go.id/img/c/900/004/900004182/4-2082-1-C-XXX-X5.jpg,https://pemilu2019.kpu.go.id/img/c/900/004/900004182/4-2082-1-C-XXX-X6.jpg
1182420602082900004183,ACEH,ACEH BESAR,DARUL IMARAH,DAROY KAMEU,TPS 2,2019-10-23 23:00:03,17,134,183,156,156,151,5,https://pemilu2019.kpu.go.id/img/c/900/004/900004183/4-2082-2-C-XXX-X5.jpg,https://pemilu2019.kpu.go.id/img/c/900/004/900004183/4-2082-2-C-XXX-X6.jpg
1182420602078900004160,ACEH,ACEH BESAR,DARUL IMARAH,DEUNONG,TPS 1,2019-10-23 23:00:03,12,200,273,215,215,212,3,https://pemilu2019.kpu.go.id/img/c/900/004/900004160/3-2078-1-C-XXX-X5.jpg,https://pemilu2019.kpu.go.id/img/c/900/004/900004160/3-2078-1-C-XXX-X6.jpg
1182420602078900004161,ACEH,ACEH BESAR,DARUL IMARAH,DEUNONG,TPS 2,2019-10-23 23:00:03,15,201,263,223,223,216,7,https://pemilu2019.kpu.go.id/img/c/900/004/900004161/3-2078-2-C-XXX-X5.jpg,https://pemilu2019.kpu.go.id/img/c/900/004/900004161/3-2078-2-C-XXX-X6.jpg
1182420602078900004162,ACEH,ACEH BESAR,DARUL IMARAH,DEUNONG,TPS 3,2019-10-23 23:00:03,0,0,257,194,0,0,0,https://pemilu2019.kpu.go.id/img/c/900/004/900004162/3-2078-3-C1-PPWP-X1.jpg,https://pemilu2019.kpu.go.id/img/c/900/004/900004162/3-2078-3-C1-PPWP-X2.jpg
1182420602084900004186,ACEH,ACEH BESAR,DARUL IMARAH,GAROT,TPS 01,2019-10-23 23:00:03,19,154,175,180,175,173,2,https://pemilu2019.kpu.go.id/img/c/900/004/900004186/3-2084-01-C-XXX-X5.jpg,https://pemilu2019.kpu.go.id/img/c/900/004/900004186/3-2084-01-C-XXX-X6.jpg
1182420602084900004187,ACEH,ACEH BESAR,DARUL IMARAH,GAROT,TPS 02,2019-10-23 23:00:03,31,174,259,207,207,205,2,https://pemilu2019.kpu.go.id/img/c/900/004/900004187/3-2084-02-C-XXX-X5.jpg,https://pemilu2019.kpu.go.id/img/c/900/004/900004187/3-2084-02-C-XXX-X6.jpg
1182420602084900004188,ACEH,ACEH BESAR,DARUL IMARAH,GAROT,TPS 03,2019-10-23 23:00:03,26,170,261,196,196,196,0,https://pemilu2019.kpu.go.id/img/c/900/004/900004188/2-2084-03-C-XXX-X5.jpg,https://pemilu2019.kpu.go.id/img/c/900/004/900004188/2-2084-03-C-XXX-X6.jpg
1182420602084900004189,ACEH,ACEH BESAR,DARUL IMARAH,GAROT,TPS 04,2019-10-23 23:00:03,36,160,270,192,199,196,3,https://pemilu2019.kpu.go.id/img/c/900/004/900004189/2-2084-04-C-XXX-X5.jpg,https://pemilu2019.kpu.go.id/img/c/900/004/900004189/2-2084-04-C-XXX-X6.jpg
1182420602084900004190,ACEH,ACEH BESAR,DARUL IMARAH,GAROT,TPS 05,2019-10-23 23:00:03,30,129,304,160,160,159,1,https://pemilu2019.kpu.go.id/img/c/900/004/900004190/2-2084-05-C-XXX-X5.jpg,https://pemilu2019.kpu.go.id/img/c/900/004/900004190/2-2084-05-C-XXX-X6.jpg
1182420602084900004191,ACEH,ACEH BESAR,DARUL IMARAH,GAROT,TPS 06,2019-10-23 23:00:03,20,157,259,179,179,177,2,https://pemilu2019.kpu.go.id/img/c/900/004/900004191/2-2084-06-C-XXX-X5.jpg,https://pemilu2019.kpu.go.id/img/c/900/004/900004191/2-2084-06-C-XXX-X6.jpg
1182420602084900004192,ACEH,ACEH BESAR,DARUL IMARAH,GAROT,TPS 07,2019-10-23 23:00:03,13,183,288,196,196,196,0,https://pemilu2019.kpu.go.id/img/c/900/004/900004192/2-2084-07-C-XXX-X5.jpg,https://pemilu2019.kpu.go.id/img/c/900/004/900004192/2-2084-07-C-XXX-X6.jpg
1182420602084900004193,ACEH,ACEH BESAR,DARUL IMARAH,GAROT,TPS 08,2019-10-23 23:00:03,26,145,174,174,174,171,3,https://pemilu2019.kpu.go.id/img/c/900/004/900004193/2-2084-08-C-XXX-X5.jpg,https://pemilu2019.kpu.go.id/img/c/900/004/900004193/2-2084-08-C-XXX-X6.jpg
1182420602084900004194,ACEH,ACEH BESAR,DARUL IMARAH,GAROT,TPS 09,2019-10-23 23:00:03,28,165,269,195,195,193,2,https://pemilu2019.kpu.go.id/img/c/900/004/900004194/2-2084-09-C-XXX-X5.jpg,https://pemilu2019.kpu.go.id/img/c/900/004/900004194/2-2084-09-C-XXX-X6.jpg
1182420602084900004195,ACEH,ACEH BESAR,DARUL IMARAH,GAROT,TPS 10,2019-10-23 23:00:03,28,173,277,202,202,201,1,https://pemilu2019.kpu.go.id/img/c/900/004/900004195/2-2084-10-C-XXX-X5.jpg,https://pemilu2019.kpu.go.id/img/c/900/004/900004195/2-2084-10-C-XXX-X6.jpg
1182420602084900004196,ACEH,ACEH BESAR,DARUL IMARAH,GAROT,TPS 11,2019-10-23 23:00:03,29,156,273,186,186,185,1,https://pemilu2019.kpu.go.id/img/c/900/004/900004196/2-2084-11-C-XXX-X5.jpg,https://pemilu2019.kpu.go.id/img/c/900/004/900004196/2-2084-11-C-XXX-X6.jpg
1182420602084900004197,ACEH,ACEH BESAR,DARUL IMARAH,GAROT,TPS 12,2019-10-23 23:00:03,32,132,256,164,164,164,0,https://pemilu2019.kpu.go.id/img/c/900/004/900004197/2-2084-12-C-XXX-X5.jpg,https://pemilu2019.kpu.go.id/img/c/900/004/900004197/2-2084-12-C-XXX-X6.jpg
1182420602084900004198,ACEH,ACEH BESAR,DARUL IMARAH,GAROT,TPS 13,2019-10-23 23:00:03,19,136,242,158,158,155,3,https://pemilu2019.kpu.go.id/img/c/900/004/900004198/2-2084-13-C-XXX-X5.jpg,https://pemilu2019.kpu.go.id/img/c/900/004/900004198/2-2084-13-C-XXX-X6.jpg
1182420602084900004199,ACEH,ACEH BESAR,DARUL IMARAH,GAROT,TPS 14,2019-10-23 23:00:03,23,160,223,183,183,183,0,https://pemilu2019.kpu.go.id/img/c/900/004/900004199/2-2084-14-C-XXX-X5.jpg,https://pemilu2019.kpu.go.id/img/c/900/004/900004199/2-2084-14-C-XXX-X6.jpg
1182420602083900004184,ACEH,ACEH BESAR,DARUL IMARAH,GEUNDRIENG,TPS 1,2019-10-23 23:00:03,21,188,245,212,212,209,3,https://pemilu2019.kpu.go.id/img/c/900/004/900004184/2-2083-1-C-XXX-X5.jpg,https://pemilu2019.kpu.go.id/img/c/900/004/900004184/2-2083-1-C-XXX-X6.jpg
1182420602083900004185,ACEH,ACEH BESAR,DARUL IMARAH,GEUNDRIENG,TPS 2,2019-10-23 23:00:03,20,174,210,196,196,194,2,https://pemilu2019.kpu.go.id/img/c/900/004/900004185/2-2083-2-C-XXX-X5.jpg,https://pemilu2019.kpu.go.id/img/c/900/004/900004185/2-2083-2-C-XXX-X6.jpg
1182420602088900004215,ACEH,ACEH BESAR,DARUL IMARAH,GUE GAJAH,TPS 01,2019-10-23 23:00:03,24,235,300,263,263,259,4,https://pemilu2019.kpu.go.id/img/c/900/004/900004215/1-2088-01-C-XXX-X5.jpg,https://pemilu2019.kpu.go.id/img/c/900/004/900004215/1-2088-01-C-XXX-X6.jpg
1182420602088900004216,ACEH,ACEH BESAR,DARUL IMARAH,GUE GAJAH,TPS 02,2019-10-23 23:00:03,33,212,338,215,253,245,8,https://pemilu2019.kpu.go.id/img/c/900/004/900004216/2-2088-02-C-XXX-X35.jpg,https://pemilu2019.kpu.go.id/img/c/900/004/900004216/2-2088-02-C-XXX-X36.jpg
1182420602088900004217,ACEH,ACEH BESAR,DARUL IMARAH,GUE GAJAH,TPS 03,2019-10-23 23:00:03,38,179,314,221,220,217,3,https://pemilu2019.kpu.go.id/img/c/900/004/900004217/2-2088-03-C-XXX-X5.jpg,https://pemilu2019.kpu.go.id/img/c/900/004/900004217/2-2088-03-C-XXX-X6.jpg
1182420602088900004218,ACEH,ACEH BESAR,DARUL IMARAH,GUE GAJAH,TPS 04,2019-10-23 23:00:03,20,213,332,232,0,233,2,https://pemilu2019.kpu.go.id/img/c/900/004/900004218/2-2088-04-C-XXX-X35.jpg,https://pemilu2019.kpu.go.id/img/c/900/004/900004218/2-2088-04-C-XXX-X36.jpg
1182420602088900004219,ACEH,ACEH BESAR,DARUL IMARAH,GUE GAJAH,TPS 05,2019-10-23 23:00:03,33,240,335,275,275,273,2,https://pemilu2019.kpu.go.id/img/c/900/004/900004219/1-2088-05-C1-PPWP-X1.jpg,https://pemilu2019.kpu.go.id/img/c/900/004/900004219/1-2088-05-C1-PPWP-X2.jpg
1182420602088900004220,ACEH,ACEH BESAR,DARUL IMARAH,GUE GAJAH,TPS 06,2019-10-23 23:00:03,32,201,300,249,234,233,1,https://pemilu2019.kpu.go.id/img/c/900/004/900004220/1-2088-06-C-XXX-X5.jpg,https://pemilu2019.kpu.go.id/img/c/900/004/900004220/1-2088-06-C-XXX-X6.jpg
1182420602088900004221,ACEH,ACEH BESAR,DARUL IMARAH,GUE GAJAH,TPS 07,2019-10-23 23:00:03,27,202,300,233,233,229,4,https://pemilu2019.kpu.go.id/img/c/900/004/900004221/1-2088-07-C-XXX-X5.jpg,https://pemilu2019.kpu.go.id/img/c/900/004/900004221/1-2088-07-C-XXX-X6.jpg
1182420602088900004222,ACEH,ACEH BESAR,DARUL IMARAH,GUE GAJAH,TPS 08,2019-10-23 23:00:03,26,234,345,261,261,260,1,https://pemilu2019.kpu.go.id/img/c/900/004/900004222/1-2088-08-C-XXX-X35.jpg,https://pemilu2019.kpu.go.id/img/c/900/004/900004222/1-2088-08-C-XXX-X36.jpg
1182420602088900004223,ACEH,ACEH BESAR,DARUL IMARAH,GUE GAJAH,TPS 09,2019-10-23 23:00:03,27,165,297,195,195,192,3,https://pemilu2019.kpu.go.id/img/c/900/004/900004223/1-2088-09-C-XXX-X35.jpg,https://pemilu2019.kpu.go.id/img/c/900/004/900004223/1-2088-09-C-XXX-X36.jpg
1182420602088900004224,ACEH,ACEH BESAR,DARUL IMARAH,GUE GAJAH,TPS 10,2019-10-23 23:00:03,15,201,305,218,218,216,2,https://pemilu2019.kpu.go.id/img/c/900/004/900004224/1-2088-10-C-XXX-X5.jpg,https://pemilu2019.kpu.go.id/img/c/900/004/900004224/1-2088-10-C-XXX-X6.jpg
1182420602088900004225,ACEH,ACEH BESAR,DARUL IMARAH,GUE GAJAH,TPS 11,2019-10-23 23:00:03,29,211,320,231,242,240,2,https://pemilu2019.kpu.go.id/img/c/900/004/900004225/1-2088-11-C-XXX-X5.jpg,https://pemilu2019.kpu.go.id/img/c/900/004/900004225/1-2088-11-C-XXX-X6.jpg
1182420602088900004226,ACEH,ACEH BESAR,DARUL IMARAH,GUE GAJAH,TPS 12,2019-10-23 23:00:03,32,189,288,244,224,221,3,https://pemilu2019.kpu.go.id/img/c/900/004/900004226/1-2088-12-C-XXX-X35.jpg,https://pemilu2019.kpu.go.id/img/c/900/004/900004226/1-2088-12-C-XXX-X36.jpg
1182420602088900004227,ACEH,ACEH BESAR,DARUL IMARAH,GUE GAJAH,TPS 13,2019-10-23 23:00:03,26,200,277,228,228,226,2,https://pemilu2019.kpu.go.id/img/c/900/004/900004227/1-2088-13-C-XXX-X65.jpg,https://pemilu2019.kpu.go.id/img/c/900/004/900004227/1-2088-13-C-XXX-X66.jpg
1182420602088900004228,ACEH,ACEH BESAR,DARUL IMARAH,GUE GAJAH,TPS 14,2019-10-23 23:00:03,38,162,298,204,204,200,4,https://pemilu2019.kpu.go.id/img/c/900/004/900004228/1-2088-14-C-XXX-X95.jpg,https://pemilu2019.kpu.go.id/img/c/900/004/900004228/1-2088-14-C-XXX-X96.jpg
1182420602087900004209,ACEH,ACEH BESAR,DARUL IMARAH,JEUMPET AJUN,TPS 1,2019-10-23 23:00:03,19,196,303,217,217,215,2,https://pemilu2019.kpu.go.id/img/c/900/004/900004209/1-2087-1-C-XXX-X5.jpg,https://pemilu2019.kpu.go.id/img/c/900/004/900004209/1-2087-1-C-XXX-X6.jpg
1182420602087900004210,ACEH,ACEH BESAR,DARUL IMARAH,JEUMPET AJUN,TPS 2,2019-10-23 23:00:03,18,183,300,205,205,200,5,https://pemilu2019.kpu.go.id/img/c/900/004/900004210/1-2087-2-C1-PPWP-X1.jpg,https://pemilu2019.kpu.go.id/img/c/900/004/900004210/1-2087-2-C1-PPWP-X2.jpg
1182420602087900004211,ACEH,ACEH BESAR,DARUL IMARAH,JEUMPET AJUN,TPS 3,2019-10-23 23:00:03,21,211,311,236,236,232,4,https://pemilu2019.kpu.go.id/img/c/900/004/900004211/1-2087-3-C1-PPWP-X1.jpg,https://pemilu2019.kpu.go.id/img/c/900/004/900004211/1-2087-3-C1-PPWP-X2.jpg
1182420602087900004212,ACEH,ACEH BESAR,DARUL IMARAH,JEUMPET AJUN,TPS 4,2019-10-23 23:00:03,26,186,293,212,212,212,0,https://pemilu2019.kpu.go.id/img/c/900/004/900004212/1-2087-4-C-XXX-X5.jpg,https://pemilu2019.kpu.go.id/img/c/900/004/900004212/1-2087-4-C-XXX-X6.jpg
1182420602087900004213,ACEH,ACEH BESAR,DARUL IMARAH,JEUMPET AJUN,TPS 5,2019-10-23 23:00:03,27,199,299,227,227,226,1,https://pemilu2019.kpu.go.id/img/c/900/004/900004213/1-2087-5-C1-PPWP-X1.jpg,https://pemilu2019.kpu.go.id/img/c/900/004/900004213/1-2087-5-C1-PPWP-X2.jpg
1182420602087900004214,ACEH,ACEH BESAR,DARUL IMARAH,JEUMPET AJUN,TPS 6,2019-10-23 23:00:03,34,188,303,202,220,200,20,https://pemilu2019.kpu.go.id/img/c/900/004/900004214/3-2087-6-C1-PPWP-X1.jpg,https://pemilu2019.kpu.go.id/img/c/900/004/900004214/3-2087-6-C1-PPWP-X2.jpg
1182420602080900004166,ACEH,ACEH BESAR,DARUL IMARAH,KANDANG,TPS 1,2019-10-23 23:00:03,11,192,231,206,206,203,3,https://pemilu2019.kpu.go.id/img/c/900/004/900004166/1-2080-1-C-XXX-X5.jpg,https://pemilu2019.kpu.go.id/img/c/900/004/900004166/1-2080-1-C-XXX-X6.jpg
1182420602074900004153,ACEH,ACEH BESAR,DARUL IMARAH,KUTA KARANG,TPS 1,2019-10-23 23:00:03,8,249,294,263,263,257,6,https://pemilu2019.kpu.go.id/img/c/900/004/900004153/1-2074-1-C-XXX-X5.jpg,https://pemilu2019.kpu.go.id/img/c/900/004/900004153/1-2074-1-C-XXX-X6.jpg
1182420602074900004154,ACEH,ACEH BESAR,DARUL IMARAH,KUTA KARANG,TPS 2,2019-10-23 23:00:03,9,192,224,203,203,201,2,https://pemilu2019.kpu.go.id/img/c/900/004/900004154/1-2074-2-C-XXX-X35.jpg,https://pemilu2019.kpu.go.id/img/c/900/004/900004154/1-2074-2-C-XXX-X36.jpg
1182420602068900004140,ACEH,ACEH BESAR,DARUL IMARAH,LAGANG,TPS 1,2019-10-23 23:00:03,16,214,261,233,233,230,3,https://pemilu2019.kpu.go.id/img/c/900/004/900004140/1-2068-1-C-XXX-X5.jpg,https://pemilu2019.kpu.go.id/img/c/900/004/900004140/1-2068-1-C-XXX-X6.jpg
1182420602068900004141,ACEH,ACEH BESAR,DARUL IMARAH,LAGANG,TPS 2,2019-10-23 23:00:03,8,176,220,187,187,184,3,https://pemilu2019.kpu.go.id/img/c/900/004/900004141/1-2068-2-C-XXX-X5.jpg,https://pemilu2019.kpu.go.id/img/c/900/004/900004141/1-2068-2-C-XXX-X6.jpg
1182420602081900004167,ACEH,ACEH BESAR,DARUL IMARAH,LAM BHEU,TPS 01,2019-10-23 23:00:03,16,181,318,197,197,197,0,https://pemilu2019.kpu.go.id/img/c/900/004/900004167/1-2081-01-C-XXX-X5.jpg,https://pemilu2019.kpu.go.id/img/c/900/004/900004167/1-2081-01-C-XXX-X6.jpg
1182420602081900004168,ACEH,ACEH BESAR,DARUL IMARAH,LAM BHEU,TPS 02,2019-10-23 23:00:03,19,165,287,187,187,184,3,https://pemilu2019.kpu.go.id/img/c/900/004/900004168/1-2081-02-C-XXX-X35.jpg,https://pemilu2019.kpu.go.id/img/c/900/004/900004168/1-2081-02-C-XXX-X36.jpg
1182420602081900004169,ACEH,ACEH BESAR,DARUL IMARAH,LAM BHEU,TPS 03,2019-10-23 23:00:03,40,192,297,236,236,232,4,https://pemilu2019.kpu.go.id/img/c/900/004/900004169/1-2081-03-C-XXX-X5.jpg,https://pemilu2019.kpu.go.id/img/c/900/004/900004169/1-2081-03-C-XXX-X6.jpg
1182420602081900004170,ACEH,ACEH BESAR,DARUL IMARAH,LAM BHEU,TPS 04,2019-10-23 23:00:03,31,146,291,180,180,177,3,https://pemilu2019.kpu.go.id/img/c/900/004/900004170/1-2081-04-C-XXX-X5.jpg,https://pemilu2019.kpu.go.id/img/c/900/004/900004170/1-2081-04-C-XXX-X6.jpg
1182420602081900004171,ACEH,ACEH BESAR,DARUL IMARAH,LAM BHEU,TPS 05,2019-10-23 23:00:03,20,168,293,186,188,188,0,https://pemilu2019.kpu.go.id/img/c/900/004/900004171/1-2081-05-C-XXX-X5.jpg,https://pemilu2019.kpu.go.id/img/c/900/004/900004171/1-2081-05-C-XXX-X6.jpg
1182420602081900004172,ACEH,ACEH BESAR,DARUL IMARAH,LAM BHEU,TPS 06,2019-10-23 23:00:03,14,158,289,161,172,172,0,https://pemilu2019.kpu.go.id/img/c/900/004/900004172/1-2081-06-C-XXX-X35.jpg,https://pemilu2019.kpu.go.id/img/c/900/004/900004172/1-2081-06-C-XXX-X36.jpg
1182420602081900004173,ACEH,ACEH BESAR,DARUL IMARAH,LAM BHEU,TPS 07,2019-10-23 23:00:03,27,185,300,213,213,212,1,https://pemilu2019.kpu.go.id/img/c/900/004/900004173/1-2081-07-C-XXX-X65.jpg,https://pemilu2019.kpu.go.id/img/c/900/004/900004173/1-2081-07-C-XXX-X66.jpg
1182420602081900004174,ACEH,ACEH BESAR,DARUL IMARAH,LAM BHEU,TPS 08,2019-10-23 23:00:03,24,197,333,221,221,221,0,https://pemilu2019.kpu.go.id/img/c/900/004/900004174/2-2081-08-C-XXX-X5.jpg,https://pemilu2019.kpu.go.id/img/c/900/004/900004174/2-2081-08-C-XXX-X6.jpg
1182420602081900004175,ACEH,ACEH BESAR,DARUL IMARAH,LAM BHEU,TPS 09,2019-10-23 23:00:03,22,174,288,197,197,196,1,https://pemilu2019.kpu.go.id/img/c/900/004/900004175/1-2081-09-C-XXX-X35.jpg,https://pemilu2019.kpu.go.id/img/c/900/004/900004175/1-2081-09-C-XXX-X36.jpg
1182420602081900004176,ACEH,ACEH BESAR,DARUL IMARAH,LAM BHEU,TPS 10,2019-10-23 23:00:03,22,161,289,185,185,183,2,https://pemilu2019.kpu.go.id/img/c/900/004/900004176/1-2081-10-C-XXX-X65.jpg,https://pemilu2019.kpu.go.id/img/c/900/004/900004176/1-2081-10-C-XXX-X66.jpg
1182420602081900004177,ACEH,ACEH BESAR,DARUL IMARAH,LAM BHEU,TPS 11,2019-10-23 23:00:03,14,185,306,202,202,199,3,https://pemilu2019.kpu.go.id/img/c/900/004/900004177/1-2081-11-C-XXX-X5.jpg,https://pemilu2019.kpu.go.id/img/c/900/004/900004177/1-2081-11-C-XXX-X6.jpg
1182420602081900004178,ACEH,ACEH BESAR,DARUL IMARAH,LAM BHEU,TPS 12,2019-10-23 23:00:03,21,202,299,223,223,223,0,https://pemilu2019.kpu.go.id/img/c/900/004/900004178/1-2081-12-C-XXX-X5.jpg,https://pemilu2019.kpu.go.id/img/c/900/004/900004178/1-2081-12-C-XXX-X6.jpg
1182420602081900004179,ACEH,ACEH BESAR,DARUL IMARAH,LAM BHEU,TPS 13,2019-10-23 23:00:03,17,114,291,0,133,131,2,https://pemilu2019.kpu.go.id/img/c/900/004/900004179/2-2081-13-C-XXX-X35.jpg,https://pemilu2019.kpu.go.id/img/c/900/004/900004179/2-2081-13-C-XXX-X36.jpg
1182420602081900004180,ACEH,ACEH BESAR,DARUL IMARAH,LAM BHEU,TPS 14,2019-10-23 23:00:03,20,140,289,161,161,160,1,https://pemilu2019.kpu.go.id/img/c/900/004/900004180/1-2081-14-C-XXX-X5.jpg,https://pemilu2019.kpu.go.id/img/c/900/004/900004180/1-2081-14-C-XXX-X6.jpg
1182420602081900004181,ACEH,ACEH BESAR,DARUL IMARAH,LAM BHEU,TPS 15,2019-10-23 23:00:03,23,152,290,176,176,175,1,https://pemilu2019.kpu.go.id/img/c/900/004/900004181/1-2081-15-C-XXX-X35.jpg,https://pemilu2019.kpu.go.id/img/c/900/004/900004181/1-2081-15-C-XXX-X36.jpg
1182420602066900004134,ACEH,ACEH BESAR,DARUL IMARAH,LAM BLANG MANYANG,TPS 1,2019-10-23 23:00:03,15,238,320,264,260,253,7,https://pemilu2019.kpu.go.id/img/c/900/004/900004134/2-2066-1-C-XXX-X5.jpg,https://pemilu2019.kpu.go.id/img/c/900/004/900004134/2-2066-1-C-XXX-X6.jpg
1182420602066900004135,ACEH,ACEH BESAR,DARUL IMARAH,LAM BLANG MANYANG,TPS 2,2019-10-23 23:00:03,12,210,289,227,228,222,6,https://pemilu2019.kpu.go.id/img/c/900/004/900004135/2-2066-2-C-XXX-X35.jpg,https://pemilu2019.kpu.go.id/img/c/900/004/900004135/2-2066-2-C-XXX-X36.jpg
1182420602065900004132,ACEH,ACEH BESAR,DARUL IMARAH,LAM BLANG TRIENG,TPS 1,2019-10-23 23:00:03,16,203,274,220,220,219,1,https://pemilu2019.kpu.go.id/img/c/900/004/900004132/1-2065-1-C-XXX-X5.jpg,https://pemilu2019.kpu.go.id/img/c/900/004/900004132/1-2065-1-C-XXX-X6.jpg
1182420602065900004133,ACEH,ACEH BESAR,DARUL IMARAH,LAM BLANG TRIENG,TPS 2,2019-10-23 23:00:03,12,212,301,220,228,224,4,https://pemilu2019.kpu.go.id/img/c/900/004/900004133/1-2065-2-C-XXX-X5.jpg,https://pemilu2019.kpu.go.id/img/c/900/004/900004133/1-2065-2-C-XXX-X6.jpg
1182420602064900004127,ACEH,ACEH BESAR,DARUL IMARAH,LAMCOT,TPS 1,2019-10-23 23:00:03,22,224,0,250,250,246,4,https://pemilu2019.kpu.go.id/img/c/900/004/900004127/2-2064-1-C-XXX-X5.jpg,https://pemilu2019.kpu.go.id/img/c/900/004/900004127/2-2064-1-C-XXX-X6.jpg
1182420602064900004128,ACEH,ACEH BESAR,DARUL IMARAH,LAMCOT,TPS 2,2019-10-23 23:00:03,23,214,321,240,240,237,3,https://pemilu2019.kpu.go.id/img/c/900/004/900004128/2-2064-2-C-XXX-X35.jpg,https://pemilu2019.kpu.go.id/img/c/900/004/900004128/2-2064-2-C-XXX-X36.jpg
1182420602064900004129,ACEH,ACEH BESAR,DARUL IMARAH,LAMCOT,TPS 3,2019-10-23 23:00:03,24,193,300,220,220,217,3,https://pemilu2019.kpu.go.id/img/c/900/004/900004129/2-2064-3-C1-PPWP-X1.jpg,https://pemilu2019.kpu.go.id/img/c/900/004/900004129/2-2064-3-C1-PPWP-X2.jpg
1182420602064900004130,ACEH,ACEH BESAR,DARUL IMARAH,LAMCOT,TPS 4,2019-10-23 23:00:03,25,206,304,232,232,231,1,https://pemilu2019.kpu.go.id/img/c/900/004/900004130/2-2064-4-C-XXX-X5.jpg,https://pemilu2019.kpu.go.id/img/c/900/004/900004130/2-2064-4-C-XXX-X6.jpg
1182420602064900004131,ACEH,ACEH BESAR,DARUL IMARAH,LAMCOT,TPS 5,2019-10-23 23:00:03,11,177,303,191,191,188,3,https://pemilu2019.kpu.go.id/img/c/900/004/900004131/2-2064-5-C-XXX-X35.jpg,https://pemilu2019.kpu.go.id/img/c/900/004/900004131/2-2064-5-C-XXX-X36.jpg
1182420602070900004143,ACEH,ACEH BESAR,DARUL IMARAH,LAM KAWE,TPS 1,2019-10-23 23:00:03,20,208,251,231,231,228,3,https://pemilu2019.kpu.go.id/img/c/900/004/900004143/1-2070-1-C-XXX-X5.jpg,https://pemilu2019.kpu.go.id/img/c/900/004/900004143/1-2070-1-C-XXX-X6.jpg
1182420602070900004144,ACEH,ACEH BESAR,DARUL IMARAH,LAM KAWE,TPS 2,2019-10-23 23:00:03,14,203,252,219,219,217,2,https://pemilu2019.kpu.go.id/img/c/900/004/900004144/1-2070-2-C-XXX-X35.jpg,https://pemilu2019.kpu.go.id/img/c/900/004/900004144/1-2070-2-C-XXX-X36.jpg
1182420602076900004156,ACEH,ACEH BESAR,DARUL IMARAH,LAMPEUNEUEN,TPS 1,2019-10-23 23:00:03,7,197,240,208,208,204,4,https://pemilu2019.kpu.go.id/img/c/900/004/900004156/2-2076-1-C-XXX-X5.jpg,https://pemilu2019.kpu.go.id/img/c/900/004/900004156/2-2076-1-C-XXX-X6.jpg
1182420602076900004157,ACEH,ACEH BESAR,DARUL IMARAH,LAMPEUNEUEN,TPS 2,2019-10-23 23:00:03,12,173,232,193,193,185,8,https://pemilu2019.kpu.go.id/img/c/900/004/900004157/2-2076-2-C1-PPWP-X1.jpg,https://pemilu2019.kpu.go.id/img/c/900/004/900004157/2-2076-2-C1-PPWP-X2.jpg
1182420602062900004118,ACEH,ACEH BESAR,DARUL IMARAH,LAMPEUNEURUT GAMPONG,TPS 1,2019-10-23 23:00:03,0,0,218,188,0,0,0,https://pemilu2019.kpu.go.id/img/c/900/004/900004118/2-2062-1-C-XXX-X5.jpg,https://pemilu2019.kpu.go.id/img/c/900/004/900004118/2-2062-1-C-XXX-X6.jpg
1182420602062900004119,ACEH,ACEH BESAR,DARUL IMARAH,LAMPEUNEURUT GAMPONG,TPS 2,2019-10-23 23:00:03,8,177,218,187,187,185,2,https://pemilu2019.kpu.go.id/img/c/900/004/900004119/1-2062-2-C-XXX-X5.jpg,https://pemilu2019.kpu.go.id/img/c/900/004/900004119/1-2062-2-C-XXX-X6.jpg
1182420602062900004120,ACEH,ACEH BESAR,DARUL IMARAH,LAMPEUNEURUT GAMPONG,TPS 3,2019-10-23 23:00:03,19,163,201,184,185,182,3,https://pemilu2019.kpu.go.id/img/c/900/004/900004120/1-2062-3-C-XXX-X5.jpg,https://pemilu2019.kpu.go.id/img/c/900/004/900004120/1-2062-3-C-XXX-X6.jpg
1182420602061900004112,ACEH,ACEH BESAR,DARUL IMARAH,LAMPEUNEURUT UJONG BLANG,TPS 1,2019-10-23 23:00:03,9,189,237,199,199,198,1,https://pemilu2019.kpu.go.id/img/c/900/004/900004112/2-2061-1-C-XXX-X5.jpg,https://pemilu2019.kpu.go.id/img/c/900/004/900004112/2-2061-1-C-XXX-X6.jpg
1182420602061900004113,ACEH,ACEH BESAR,DARUL IMARAH,LAMPEUNEURUT UJONG BLANG,TPS 2,2019-10-23 23:00:03,14,179,249,200,200,193,7,https://pemilu2019.kpu.go.id/img/c/900/004/900004113/2-2061-2-C1-PPWP-X1.jpg,https://pemilu2019.kpu.go.id/img/c/900/004/900004113/2-2061-2-C1-PPWP-X2.jpg
1182420602061900004114,ACEH,ACEH BESAR,DARUL IMARAH,LAMPEUNEURUT UJONG BLANG,TPS 3,2019-10-23 23:00:03,17,187,285,205,205,204,1,https://pemilu2019.kpu.go.id/img/c/900/004/900004114/2-2061-3-C-XXX-X35.jpg,https://pemilu2019.kpu.go.id/img/c/900/004/900004114/2-2061-3-C-XXX-X36.jpg
1182420602061900004115,ACEH,ACEH BESAR,DARUL IMARAH,LAMPEUNEURUT UJONG BLANG,TPS 4,2019-10-23 23:00:03,13,184,254,199,199,197,2,https://pemilu2019.kpu.go.id/img/c/900/004/900004115/2-2061-4-C-XXX-X5.jpg,https://pemilu2019.kpu.go.id/img/c/900/004/900004115/2-2061-4-C-XXX-X6.jpg
1182420602061900004116,ACEH,ACEH BESAR,DARUL IMARAH,LAMPEUNEURUT UJONG BLANG,TPS 5,2019-10-23 23:00:03,20,175,263,198,198,195,3,https://pemilu2019.kpu.go.id/img/c/900/004/900004116/2-2061-5-C-XXX-X5.jpg,https://pemilu2019.kpu.go.id/img/c/900/004/900004116/2-2061-5-C-XXX-X6.jpg
1182420602061900004117,ACEH,ACEH BESAR,DARUL IMARAH,LAMPEUNEURUT UJONG BLANG,TPS 6,2019-10-23 23:00:03,19,162,254,184,184,181,3,https://pemilu2019.kpu.go.id/img/c/900/004/900004117/1-2061-6-C-XXX-X35.jpg,https://pemilu2019.kpu.go.id/img/c/900/004/900004117/1-2061-6-C-XXX-X36.jpg
1182420602063900004121,ACEH,ACEH BESAR,DARUL IMARAH,LAMREUNG,TPS 1,2019-10-23 23:00:03,17,180,268,198,198,197,1,https://pemilu2019.kpu.go.id/img/c/900/004/900004121/2-2063-1-C-XXX-X5.jpg,https://pemilu2019.kpu.go.id/img/c/900/004/900004121/2-2063-1-C-XXX-X6.jpg
1182420602063900004122,ACEH,ACEH BESAR,DARUL IMARAH,LAMREUNG,TPS 2,2019-10-23 23:00:03,15,207,280,225,225,222,3,https://pemilu2019.kpu.go.id/img/c/900/004/900004122/1-2063-2-C1-PPWP-X1.jpg,https://pemilu2019.kpu.go.id/img/c/900/004/900004122/1-2063-2-C1-PPWP-X2.jpg
1182420602063900004123,ACEH,ACEH BESAR,DARUL IMARAH,LAMREUNG,TPS 3,2019-10-23 23:00:03,8,181,259,191,191,189,2,https://pemilu2019.kpu.go.id/img/c/900/004/900004123/1-2063-3-C-XXX-X5.jpg,https://pemilu2019.kpu.go.id/img/c/900/004/900004123/1-2063-3-C-XXX-X6.jpg
1182420602063900004124,ACEH,ACEH BESAR,DARUL IMARAH,LAMREUNG,TPS 4,2019-10-23 23:00:03,15,190,273,206,206,205,1,https://pemilu2019.kpu.go.id/img/c/900/004/900004124/1-2063-4-C-XXX-X35.jpg,https://pemilu2019.kpu.go.id/img/c/900/004/900004124/1-2063-4-C-XXX-X36.jpg
1182420602063900004125,ACEH,ACEH BESAR,DARUL IMARAH,LAMREUNG,TPS 5,2019-10-23 23:00:03,14,233,298,239,239,237,2,https://pemilu2019.kpu.go.id/img/c/900/004/900004125/2-2063-5-C-XXX-X5.jpg,https://pemilu2019.kpu.go.id/img/c/900/004/900004125/2-2063-5-C-XXX-X6.jpg
1182420602063900004126,ACEH,ACEH BESAR,DARUL IMARAH,LAMREUNG,TPS 6,2019-10-23 23:00:03,15,192,281,215,215,207,8,https://pemilu2019.kpu.go.id/img/c/900/004/900004126/1-2063-6-C-XXX-X35.jpg,https://pemilu2019.kpu.go.id/img/c/900/004/900004126/1-2063-6-C-XXX-X36.jpg
1182420602073900004150,ACEH,ACEH BESAR,DARUL IMARAH,LAMSIDAYA,TPS 1,2019-10-23 23:00:03,9,200,249,214,214,209,5,https://pemilu2019.kpu.go.id/img/c/900/004/900004150/3-2073-1-C1-PPWP-X1.jpg,https://pemilu2019.kpu.go.id/img/c/900/004/900004150/3-2073-1-C1-PPWP-X2.jpg
1182420602073900004151,ACEH,ACEH BESAR,DARUL IMARAH,LAMSIDAYA,TPS 2,2019-10-23 23:00:03,16,183,243,203,203,199,4,https://pemilu2019.kpu.go.id/img/c/900/004/900004151/1-2073-2-C-XXX-X35.jpg,https://pemilu2019.kpu.go.id/img/c/900/004/900004151/1-2073-2-C-XXX-X36.jpg
1182420602073900004152,ACEH,ACEH BESAR,DARUL IMARAH,LAMSIDAYA,TPS 3,2019-10-23 23:00:03,12,202,248,219,219,204,5,https://pemilu2019.kpu.go.id/img/c/900/004/900004152/1-2073-3-C1-PPWP-X1.jpg,https://pemilu2019.kpu.go.id/img/c/900/004/900004152/1-2073-3-C1-PPWP-X2.jpg
1182420602069900004142,ACEH,ACEH BESAR,DARUL IMARAH,LAMSITEH,TPS 1,2019-10-23 23:00:03,13,248,291,267,267,261,6,https://pemilu2019.kpu.go.id/img/c/900/004/900004142/1-2069-1-C1-PPWP-X1.jpg,https://pemilu2019.kpu.go.id/img/c/900/004/900004142/1-2069-1-C1-PPWP-X2.jpg
1182420602077900004158,ACEH,ACEH BESAR,DARUL IMARAH,LAMTHEUN,TPS 1,2019-10-23 23:00:03,16,186,250,212,212,202,10,https://pemilu2019.kpu.go.id/img/c/900/004/900004158/1-2077-1-C-XXX-X5.jpg,https://pemilu2019.kpu.go.id/img/c/900/004/900004158/1-2077-1-C-XXX-X6.jpg
1182420602077900004159,ACEH,ACEH BESAR,DARUL IMARAH,LAMTHEUN,TPS 2,2019-10-23 23:00:03,30,192,259,230,230,222,8,https://pemilu2019.kpu.go.id/img/c/900/004/900004159/1-2077-2-C-XXX-X5.jpg,https://pemilu2019.kpu.go.id/img/c/900/004/900004159/1-2077-2-C-XXX-X6.jpg
1182420602075900004155,ACEH,ACEH BESAR,DARUL IMARAH,LEU GEU,TPS 1,2019-10-23 23:00:03,23,213,262,243,244,236,8,https://pemilu2019.kpu.go.id/img/c/900/004/900004155/2-2075-1-C-XXX-X5.jpg,https://pemilu2019.kpu.go.id/img/c/900/004/900004155/2-2075-1-C-XXX-X6.jpg
1182420602089900004229,ACEH,ACEH BESAR,DARUL IMARAH,LEU UE,TPS 1,2019-10-23 23:00:03,17,183,287,207,207,200,7,https://pemilu2019.kpu.go.id/img/c/900/004/900004229/1-2089-1-C-XXX-X5.jpg,https://pemilu2019.kpu.go.id/img/c/900/004/900004229/1-2089-1-C-XXX-X6.jpg
1182420602089900004230,ACEH,ACEH BESAR,DARUL IMARAH,LEU UE,TPS 2,2019-10-23 23:00:03,14,187,275,206,206,201,5,https://pemilu2019.kpu.go.id/img/c/900/004/900004230/1-2089-2-C-XXX-X35.jpg,https://pemilu2019.kpu.go.id/img/c/900/004/900004230/1-2089-2-C-XXX-X36.jpg
1182420602089900004231,ACEH,ACEH BESAR,DARUL IMARAH,LEU UE,TPS 3,2019-10-23 23:00:03,28,159,246,187,187,187,0,https://pemilu2019.kpu.go.id/img/c/900/004/900004231/1-2089-3-C-XXX-X5.jpg,https://pemilu2019.kpu.go.id/img/c/900/004/900004231/1-2089-3-C-XXX-X6.jpg
1182420602089900004232,ACEH,ACEH BESAR,DARUL IMARAH,LEU UE,TPS 4,2019-10-23 23:00:03,18,174,230,218,2,192,198,https://pemilu2019.kpu.go.id/img/c/900/004/900004232/2-2089-4-C-XXX-X5.jpg,https://pemilu2019.kpu.go.id/img/c/900/004/900004232/2-2089-4-C-XXX-X6.jpg
1182420602089900004233,ACEH,ACEH BESAR,DARUL IMARAH,LEU UE,TPS 5,2019-10-23 23:00:03,13,163,228,172,173,176,1,https://pemilu2019.kpu.go.id/img/c/900/004/900004233/1-2089-5-C-XXX-X35.jpg,https://pemilu2019.kpu.go.id/img/c/900/004/900004233/1-2089-5-C-XXX-X36.jpg
1182420602071900004145,ACEH,ACEH BESAR,DARUL IMARAH,LHEU BLANG,TPS 1,2019-10-23 23:00:03,21,218,297,243,243,239,4,https://pemilu2019.kpu.go.id/img/c/900/004/900004145/1-2071-1-C-XXX-X5.jpg,https://pemilu2019.kpu.go.id/img/c/900/004/900004145/1-2071-1-C-XXX-X6.jpg
1182420602071900004146,ACEH,ACEH BESAR,DARUL IMARAH,LHEU BLANG,TPS 2,2019-10-23 23:00:03,21,211,240,239,239,232,7,https://pemilu2019.kpu.go.id/img/c/900/004/900004146/1-2071-2-C-XXX-X5.jpg,https://pemilu2019.kpu.go.id/img/c/900/004/900004146/1-2071-2-C-XXX-X6.jpg
1182420602085900004200,ACEH,ACEH BESAR,DARUL IMARAH,PASHEU BEUTONG,TPS 1,2019-10-23 23:00:03,18,157,231,176,176,175,1,https://pemilu2019.kpu.go.id/img/c/900/004/900004200/1-2085-1-C1-PPWP-X1.jpg,https://pemilu2019.kpu.go.id/img/c/900/004/900004200/1-2085-1-C1-PPWP-X2.jpg
1182420602085900004201,ACEH,ACEH BESAR,DARUL IMARAH,PASHEU BEUTONG,TPS 2,2019-10-23 23:00:03,23,139,197,168,168,162,6,https://pemilu2019.kpu.go.id/img/c/900/004/900004201/2-2085-2-C-XXX-X5.jpg,https://pemilu2019.kpu.go.id/img/c/900/004/900004201/2-2085-2-C-XXX-X6.jpg
1182420602085900004202,ACEH,ACEH BESAR,DARUL IMARAH,PASHEU BEUTONG,TPS 3,2019-10-23 23:00:03,18,176,241,200,200,194,6,https://pemilu2019.kpu.go.id/img/c/900/004/900004202/2-2085-3-C-XXX-X35.jpg,https://pemilu2019.kpu.go.id/img/c/900/004/900004202/2-2085-3-C-XXX-X36.jpg
1182420602085900004203,ACEH,ACEH BESAR,DARUL IMARAH,PASHEU BEUTONG,TPS 4,2019-10-23 23:00:03,27,157,224,186,186,184,2,https://pemilu2019.kpu.go.id/img/c/900/004/900004203/1-2085-4-C-XXX-X65.jpg,https://pemilu2019.kpu.go.id/img/c/900/004/900004203/1-2085-4-C-XXX-X66.jpg
1182420602086900004204,ACEH,ACEH BESAR,DARUL IMARAH,PASIE ENGKING,TPS 1,2019-10-23 23:00:03,14,220,283,239,239,234,5,https://pemilu2019.kpu.go.id/img/c/900/004/900004204/1-2086-1-C-XXX-X5.jpg,https://pemilu2019.kpu.go.id/img/c/900/004/900004204/1-2086-1-C-XXX-X6.jpg
1182420602086900004205,ACEH,ACEH BESAR,DARUL IMARAH,PASIE ENGKING,TPS 2,2019-10-23 23:00:03,6,204,269,212,212,210,2,https://pemilu2019.kpu.go.id/img/c/900/004/900004205/2-2086-2-C-XXX-X35.jpg,https://pemilu2019.kpu.go.id/img/c/900/004/900004205/2-2086-2-C-XXX-X36.jpg
1182420602086900004206,ACEH,ACEH BESAR,DARUL IMARAH,PASIE ENGKING,TPS 3,2019-10-23 23:00:03,31,207,312,240,240,238,2,https://pemilu2019.kpu.go.id/img/c/900/004/900004206/1-2086-3-C-XXX-X5.jpg,https://pemilu2019.kpu.go.id/img/c/900/004/900004206/1-2086-3-C-XXX-X6.jpg
1182420602086900004207,ACEH,ACEH BESAR,DARUL IMARAH,PASIE ENGKING,TPS 4,2019-10-23 23:00:03,7,225,273,235,235,232,3,https://pemilu2019.kpu.go.id/img/c/900/004/900004207/1-2086-4-C-XXX-X5.jpg,https://pemilu2019.kpu.go.id/img/c/900/004/900004207/1-2086-4-C-XXX-X6.jpg
1182420602086900004208,ACEH,ACEH BESAR,DARUL IMARAH,PASIE ENGKING,TPS 5,2019-10-23 23:00:03,20,200,287,195,221,220,1,https://pemilu2019.kpu.go.id/img/c/900/004/900004208/1-2086-5-C-XXX-X35.jpg,https://pemilu2019.kpu.go.id/img/c/900/004/900004208/1-2086-5-C-XXX-X36.jpg
1182420602072900004147,ACEH,ACEH BESAR,DARUL IMARAH,PAYAROH,TPS 1,2019-10-23 23:00:03,12,161,208,173,173,173,0,https://pemilu2019.kpu.go.id/img/c/900/004/900004147/2-2072-1-C-XXX-X5.jpg,https://pemilu2019.kpu.go.id/img/c/900/004/900004147/2-2072-1-C-XXX-X6.jpg
1182420602072900004148,ACEH,ACEH BESAR,DARUL IMARAH,PAYAROH,TPS 2,2019-10-23 23:00:03,14,171,218,192,189,185,4,https://pemilu2019.kpu.go.id/img/c/900/004/900004148/1-2072-2-C-XXX-X35.jpg,https://pemilu2019.kpu.go.id/img/c/900/004/900004148/1-2072-2-C-XXX-X36.jpg
1182420602072900004149,ACEH,ACEH BESAR,DARUL IMARAH,PAYAROH,TPS 3,2019-10-23 23:00:03,21,149,225,171,171,170,1,https://pemilu2019.kpu.go.id/img/c/900/004/900004149/1-2072-3-C1-PPWP-X1.jpg,https://pemilu2019.kpu.go.id/img/c/900/004/900004149/1-2072-3-C1-PPWP-X2.jpg
1182420602091900004236,ACEH,ACEH BESAR,DARUL IMARAH,PUNIE,TPS 1,2019-10-23 23:00:03,10,108,262,119,119,118,1,https://pemilu2019.kpu.go.id/img/c/900/004/900004236/1-2091-1-C-XXX-X5.jpg,https://pemilu2019.kpu.go.id/img/c/900/004/900004236/1-2091-1-C-XXX-X6.jpg
1182420602091900004237,ACEH,ACEH BESAR,DARUL IMARAH,PUNIE,TPS 2,2019-10-23 23:00:03,26,149,269,175,175,175,0,https://pemilu2019.kpu.go.id/img/c/900/004/900004237/1-2091-2-C-XXX-X35.jpg,https://pemilu2019.kpu.go.id/img/c/900/004/900004237/1-2091-2-C-XXX-X36.jpg
1182420602091900004238,ACEH,ACEH BESAR,DARUL IMARAH,PUNIE,TPS 3,2019-10-23 23:00:03,13,179,280,193,193,191,2,https://pemilu2019.kpu.go.id/img/c/900/004/900004238/1-2091-3-C-XXX-X65.jpg,https://pemilu2019.kpu.go.id/img/c/900/004/900004238/1-2091-3-C-XXX-X66.jpg
1182420602091900004239,ACEH,ACEH BESAR,DARUL IMARAH,PUNIE,TPS 4,2019-10-23 23:00:03,12,223,310,237,237,235,2,https://pemilu2019.kpu.go.id/img/c/900/004/900004239/1-2091-4-C-XXX-X5.jpg,https://pemilu2019.kpu.go.id/img/c/900/004/900004239/1-2091-4-C-XXX-X6.jpg
1182420602091900004240,ACEH,ACEH BESAR,DARUL IMARAH,PUNIE,TPS 5,2019-10-23 23:00:03,28,200,312,229,229,228,1,https://pemilu2019.kpu.go.id/img/c/900/004/900004240/1-2091-5-C-XXX-X35.jpg,https://pemilu2019.kpu.go.id/img/c/900/004/900004240/1-2091-5-C-XXX-X36.jpg
1182420602091900004241,ACEH,ACEH BESAR,DARUL IMARAH,PUNIE,TPS 6,2019-10-23 23:00:03,36,148,277,188,188,184,4,https://pemilu2019.kpu.go.id/img/c/900/004/900004241/1-2091-6-C-XXX-X5.jpg,https://pemilu2019.kpu.go.id/img/c/900/004/900004241/1-2091-6-C-XXX-X6.jpg
1182420602091900004242,ACEH,ACEH BESAR,DARUL IMARAH,PUNIE,TPS 7,2019-10-23 23:00:03,47,148,264,195,195,195,0,https://pemilu2019.kpu.go.id/img/c/900/004/900004242/1-2091-7-C-XXX-X5.jpg,https://pemilu2019.kpu.go.id/img/c/900/004/900004242/1-2091-7-C-XXX-X6.jpg
1182420602091900004243,ACEH,ACEH BESAR,DARUL IMARAH,PUNIE,TPS 8,2019-10-23 23:00:03,59,122,230,183,183,181,2,https://pemilu2019.kpu.go.id/img/c/900/004/900004243/1-2091-8-C-XXX-X35.jpg,https://pemilu2019.kpu.go.id/img/c/900/004/900004243/1-2091-8-C-XXX-X36.jpg
1182420602079900004163,ACEH,ACEH BESAR,DARUL IMARAH,TINGKEUM,TPS 1,2019-10-23 23:00:03,17,222,268,0,240,239,1,https://pemilu2019.kpu.go.id/img/c/900/004/900004163/1-2079-1-C-XXX-X5.jpg,https://pemilu2019.kpu.go.id/img/c/900/004/900004163/1-2079-1-C-XXX-X6.jpg
1182420602079900004164,ACEH,ACEH BESAR,DARUL IMARAH,TINGKEUM,TPS 2,2019-10-23 23:00:03,20,204,282,229,229,224,5,https://pemilu2019.kpu.go.id/img/c/900/004/900004164/1-2079-2-C-XXX-X5.jpg,https://pemilu2019.kpu.go.id/img/c/900/004/900004164/1-2079-2-C-XXX-X6.jpg
1182420602079900004165,ACEH,ACEH BESAR,DARUL IMARAH,TINGKEUM,TPS 3,2019-10-23 23:00:03,10,151,0,0,162,161,1,https://pemilu2019.kpu.go.id/img/c/900/004/900004165/1-2079-3-C-XXX-X5.jpg,https://pemilu2019.kpu.go.id/img/c/900/004/900004165/1-2079-3-C-XXX-X6.jpg
1182420602090900004234,ACEH,ACEH BESAR,DARUL IMARAH,ULEE LUENG,TPS 1,2019-10-23 23:00:03,15,245,292,264,264,260,4,https://pemilu2019.kpu.go.id/img/c/900/004/900004234/1-2090-1-C-XXX-X5.jpg,https://pemilu2019.kpu.go.id/img/c/900/004/900004234/1-2090-1-C-XXX-X6.jpg
1182420602090900004235,ACEH,ACEH BESAR,DARUL IMARAH,ULEE LUENG,TPS 2,2019-10-23 23:00:03,11,239,289,252,252,250,2,https://pemilu2019.kpu.go.id/img/c/900/004/900004235/1-2090-2-C-XXX-X35.jpg,https://pemilu2019.kpu.go.id/img/c/900/004/900004235/1-2090-2-C-XXX-X36.jpg
1182420602092900004244,ACEH,ACEH BESAR,DARUL IMARAH,ULEE TUY,TPS 1,2019-10-23 23:00:03,13,214,256,229,229,227,2,https://pemilu2019.kpu.go.id/img/c/900/004/900004244/1-2092-1-C-XXX-X5.jpg,https://pemilu2019.kpu.go.id/img/c/900/004/900004244/1-2092-1-C-XXX-X6.jpg
1182420602092900004245,ACEH,ACEH BESAR,DARUL IMARAH,ULEE TUY,TPS 2,2019-10-23 23:00:03,15,203,253,220,220,218,2,https://pemilu2019.kpu.go.id/img/c/900/004/900004245/1-2092-2-C-XXX-X35.jpg,https://pemilu2019.kpu.go.id/img/c/900/004/900004245/1-2092-2-C-XXX-X36.jpg
1182420602092900004246,ACEH,ACEH BESAR,DARUL IMARAH,ULEE TUY,TPS 3,2019-10-23 23:00:03,30,144,254,178,178,174,4,https://pemilu2019.kpu.go.id/img/c/900/004/900004246/1-2092-3-C-XXX-X65.jpg,https://pemilu2019.kpu.go.id/img/c/900/004/900004246/1-2092-3-C-XXX-X66.jpg
1182420602092900004247,ACEH,ACEH BESAR,DARUL IMARAH,ULEE TUY,TPS 4,2019-10-23 23:00:03,19,169,254,189,189,188,1,https://pemilu2019.kpu.go.id/img/c/900/004/900004247/1-2092-4-C-XXX-X95.jpg,https://pemilu2019.kpu.go.id/img/c/900/004/900004247/1-2092-4-C-XXX-X96.jpg
1182420602092900004248,ACEH,ACEH BESAR,DARUL IMARAH,ULEE TUY,TPS 5,2019-10-23 23:00:03,18,115,252,133,133,133,0,https://pemilu2019.kpu.go.id/img/c/900/004/900004248/1-2092-5-C-XXX-X5.jpg,https://pemilu2019.kpu.go.id/img/c/900/004/900004248/1-2092-5-C-XXX-X6.jpg
1182423762378900004787,ACEH,ACEH BESAR,DARUL KAMAL,BILUI,TPS 1,2019-10-23 23:00:03,10,135,163,149,149,145,4,https://pemilu2019.kpu.go.id/img/c/900/004/900004787/1-2378-1-C-XXX-X5.jpg,https://pemilu2019.kpu.go.id/img/c/900/004/900004787/1-2378-1-C-XXX-X6.jpg
1182423762378900004788,ACEH,ACEH BESAR,DARUL KAMAL,BILUI,TPS 2,2019-10-23 23:00:03,22,228,285,256,256,250,6,https://pemilu2019.kpu.go.id/img/c/900/004/900004788/1-2378-2-C-XXX-X5.jpg,https://pemilu2019.kpu.go.id/img/c/900/004/900004788/1-2378-2-C-XXX-X6.jpg
1182423762385900004799,ACEH,ACEH BESAR,DARUL KAMAL,BLANG KIREE,TPS 1,2019-10-23 23:00:03,12,162,199,177,177,174,3,https://pemilu2019.kpu.go.id/img/c/900/004/900004799/1-2385-1-C-XXX-X5.jpg,https://pemilu2019.kpu.go.id/img/c/900/004/900004799/1-2385-1-C-XXX-X6.jpg
1182423762385900004800,ACEH,ACEH BESAR,DARUL KAMAL,BLANG KIREE,TPS 2,2019-10-23 23:00:03,28,229,296,262,262,257,5,https://pemilu2019.kpu.go.id/img/c/900/004/900004800/1-2385-2-C-XXX-X5.jpg,https://pemilu2019.kpu.go.id/img/c/900/004/900004800/1-2385-2-C-XXX-X6.jpg
1182423762389900004805,ACEH,ACEH BESAR,DARUL KAMAL,EMPETRING,TPS 1,2019-10-23 23:00:03,13,157,196,174,174,170,4,https://pemilu2019.kpu.go.id/img/c/900/004/900004805/1-2389-1-C-XXX-X5.jpg,https://pemilu2019.kpu.go.id/img/c/900/004/900004805/1-2389-1-C-XXX-X6.jpg
1182423762389900004806,ACEH,ACEH BESAR,DARUL KAMAL,EMPETRING,TPS 2,2019-10-23 23:00:03,9,133,157,143,143,142,1,https://pemilu2019.kpu.go.id/img/c/900/004/900004806/1-2389-2-C-XXX-X5.jpg,https://pemilu2019.kpu.go.id/img/c/900/004/900004806/1-2389-2-C-XXX-X6.jpg
1182423762390900004807,ACEH,ACEH BESAR,DARUL KAMAL,LAMBARO BILUY,TPS 1,2019-10-23 23:00:03,17,234,293,257,257,251,6,https://pemilu2019.kpu.go.id/img/c/900/004/900004807/1-2390-1-C-XXX-X5.jpg,https://pemilu2019.kpu.go.id/img/c/900/004/900004807/1-2390-1-C-XXX-X6.jpg
1182423762379900004789,ACEH,ACEH BESAR,DARUL KAMAL,LAMBATEE,TPS 1,2019-10-23 23:00:03,9,159,196,171,171,168,3,https://pemilu2019.kpu.go.id/img/c/900/004/900004789/1-2379-1-C-XXX-X5.jpg,https://pemilu2019.kpu.go.id/img/c/900/004/900004789/1-2379-1-C-XXX-X6.jpg
1182423762388900004803,ACEH,ACEH BESAR,DARUL KAMAL,LAMBLEUT,TPS 1,2019-10-23 23:00:03,11,216,253,230,230,227,3,https://pemilu2019.kpu.go.id/img/c/900/004/900004803/1-2388-1-C-XXX-X5.jpg,https://pemilu2019.kpu.go.id/img/c/900/004/900004803/1-2388-1-C-XXX-X6.jpg
1182423762388900004804,ACEH,ACEH BESAR,DARUL KAMAL,LAMBLEUT,TPS 2,2019-10-23 23:00:03,7,242,275,252,252,249,3,https://pemilu2019.kpu.go.id/img/c/900/004/900004804/1-2388-2-C-XXX-X5.jpg,https://pemilu2019.kpu.go.id/img/c/900/004/900004804/1-2388-2-C-XXX-X6.jpg
1182423762380900004790,ACEH,ACEH BESAR,DARUL KAMAL,LAMKUNYET,TPS 1,2019-10-23 23:00:03,16,241,289,263,263,257,6,https://pemilu2019.kpu.go.id/img/c/900/004/900004790/1-2380-1-C-XXX-X5.jpg,https://pemilu2019.kpu.go.id/img/c/900/004/900004790/1-2380-1-C-XXX-X6.jpg
1182423762380900004791,ACEH,ACEH BESAR,DARUL KAMAL,LAMKUNYET,TPS 2,2019-10-23 23:00:03,3,138,156,148,148,141,7,https://pemilu2019.kpu.go.id/img/c/900/004/900004791/1-2380-2-C-XXX-X5.jpg,https://pemilu2019.kpu.go.id/img/c/900/004/900004791/1-2380-2-C-XXX-X6.jpg
1182423762387900004802,ACEH,ACEH BESAR,DARUL KAMAL,LAMSOD,TPS 1,2019-10-23 23:00:03,20,203,254,226,226,223,3,https://pemilu2019.kpu.go.id/img/c/900/004/900004802/2-2387-1-C-XXX-X5.jpg,https://pemilu2019.kpu.go.id/img/c/900/004/900004802/2-2387-1-C-XXX-X6.jpg
1182423762381900004792,ACEH,ACEH BESAR,DARUL KAMAL,LAMTADOK,TPS 1,2019-10-23 23:00:03,13,194,249,212,212,207,5,https://pemilu2019.kpu.go.id/img/c/900/004/900004792/1-2381-1-C-XXX-X5.jpg,https://pemilu2019.kpu.go.id/img/c/900/004/900004792/1-2381-1-C-XXX-X6.jpg
1182423762381900004793,ACEH,ACEH BESAR,DARUL KAMAL,LAMTADOK,TPS 2,2019-10-23 23:00:03,12,177,233,197,197,189,8,https://pemilu2019.kpu.go.id/img/c/900/004/900004793/1-2381-2-C-XXX-X5.jpg,https://pemilu2019.kpu.go.id/img/c/900/004/900004793/1-2381-2-C-XXX-X6.jpg
1182423762377900004784,ACEH,ACEH BESAR,DARUL KAMAL,LHANG,TPS 1,2019-10-23 23:00:03,5,179,218,188,188,184,4,https://pemilu2019.kpu.go.id/img/c/900/004/900004784/1-2377-1-C1-PPWP-X1.jpg,https://pemilu2019.kpu.go.id/img/c/900/004/900004784/1-2377-1-C1-PPWP-X2.jpg
1182423762377900004785,ACEH,ACEH BESAR,DARUL KAMAL,LHANG,TPS 2,2019-10-23 23:00:03,6,177,188,192,192,183,9,https://pemilu2019.kpu.go.id/img/c/900/004/900004785/1-2377-2-C-XXX-X5.jpg,https://pemilu2019.kpu.go.id/img/c/900/004/900004785/1-2377-2-C-XXX-X6.jpg
1182423762377900004786,ACEH,ACEH BESAR,DARUL KAMAL,LHANG,TPS 3,2019-10-23 23:00:03,12,145,188,160,160,157,3,https://pemilu2019.kpu.go.id/img/c/900/004/900004786/1-2377-3-C-XXX-X5.jpg,https://pemilu2019.kpu.go.id/img/c/900/004/900004786/1-2377-3-C-XXX-X6.jpg
1182423762386900004801,ACEH,ACEH BESAR,DARUL KAMAL,MANEE DAYAH,TPS 1,2019-10-23 23:00:03,16,161,195,179,179,177,2,https://pemilu2019.kpu.go.id/img/c/900/004/900004801/1-2386-1-C-XXX-X5.jpg,https://pemilu2019.kpu.go.id/img/c/900/004/900004801/1-2386-1-C-XXX-X6.jpg
1182423762382900004794,ACEH,ACEH BESAR,DARUL KAMAL,NEUSOK,TPS 1,2019-10-23 23:00:03,15,189,234,209,209,204,5,https://pemilu2019.kpu.go.id/img/c/900/004/900004794/1-2382-1-C-XXX-X5.jpg,https://pemilu2019.kpu.go.id/img/c/900/004/900004794/1-2382-1-C-XXX-X6.jpg
1182423762382900004795,ACEH,ACEH BESAR,DARUL KAMAL,NEUSOK,TPS 2,2019-10-23 23:00:03,7,189,219,196,196,196,0,https://pemilu2019.kpu.go.id/img/c/900/004/900004795/1-2382-2-C-XXX-X5.jpg,https://pemilu2019.kpu.go.id/img/c/900/004/900004795/1-2382-2-C-XXX-X6.jpg
1182423762384900004797,ACEH,ACEH BESAR,DARUL KAMAL,TEUBALUI,TPS 1,2019-10-23 23:00:03,10,88,127,110,100,98,2,https://pemilu2019.kpu.go.id/img/c/900/004/900004797/1-2384-1-C-XXX-X5.jpg,https://pemilu2019.kpu.go.id/img/c/900/004/900004797/1-2384-1-C-XXX-X6.jpg
1182423762384900004798,ACEH,ACEH BESAR,DARUL KAMAL,TEUBALUI,TPS 2,2019-10-23 23:00:03,15,186,222,203,203,201,2,https://pemilu2019.kpu.go.id/img/c/900/004/900004798/1-2384-2-C-XXX-X5.jpg,https://pemilu2019.kpu.go.id/img/c/900/004/900004798/1-2384-2-C-XXX-X6.jpg
1182423762383900004796,ACEH,ACEH BESAR,DARUL KAMAL,TURAM,TPS 1,2019-10-23 23:00:03,24,233,300,266,266,257,9,https://pemilu2019.kpu.go.id/img/c/900/004/900004796/1-2383-1-C-XXX-X5.jpg,https://pemilu2019.kpu.go.id/img/c/900/004/900004796/1-2383-1-C-XXX-X6.jpg
1182422332234900004548,ACEH,ACEH BESAR,DARUSSALAM,ANGAN,TPS 1,2019-10-23 23:00:03,20,141,188,163,163,161,2,https://pemilu2019.kpu.go.id/img/c/900/004/900004548/1-2234-1-C1-PPWP-X1.jpg,https://pemilu2019.kpu.go.id/img/c/900/004/900004548/1-2234-1-C1-PPWP-X2.jpg
1182422332249900004577,ACEH,ACEH BESAR,DARUSSALAM,BARABUNG,TPS 1,2019-10-23 23:00:03,11,174,237,186,186,185,1,https://pemilu2019.kpu.go.id/img/c/900/004/900004577/1-2249-1-C1-PPWP-X1.jpg,https://pemilu2019.kpu.go.id/img/c/900/004/900004577/1-2249-1-C1-PPWP-X2.jpg
1182422332249900004578,ACEH,ACEH BESAR,DARUSSALAM,BARABUNG,TPS 2,2019-10-23 23:00:03,16,173,237,191,191,189,2,https://pemilu2019.kpu.go.id/img/c/900/004/900004578/1-2249-2-C1-PPWP-X1.jpg,https://pemilu2019.kpu.go.id/img/c/900/004/900004578/1-2249-2-C1-PPWP-X2.jpg
1182422332241900004561,ACEH,ACEH BESAR,DARUSSALAM,COT,TPS 1,2019-10-23 23:00:03,13,218,273,242,242,231,11,https://pemilu2019.kpu.go.id/img/c/900/004/900004561/1-2241-1-C1-PPWP-X1.jpg,https://pemilu2019.kpu.go.id/img/c/900/004/900004561/1-2241-1-C1-PPWP-X2.jpg
1182422332241900004562,ACEH,ACEH BESAR,DARUSSALAM,COT,TPS 2,2019-10-23 23:00:03,14,178,275,208,208,192,16,https://pemilu2019.kpu.go.id/img/c/900/004/900004562/1-2241-2-C1-PPWP-X1.jpg,https://pemilu2019.kpu.go.id/img/c/900/004/900004562/1-2241-2-C1-PPWP-X2.jpg
1182422332242900004563,ACEH,ACEH BESAR,DARUSSALAM,KAMPUNG BLANG,TPS 1,2019-10-23 23:00:03,14,162,204,180,180,176,4,https://pemilu2019.kpu.go.id/img/c/900/004/900004563/1-2242-1-C1-PPWP-X1.jpg,https://pemilu2019.kpu.go.id/img/c/900/004/900004563/1-2242-1-C1-PPWP-X2.jpg
1182422332242900004564,ACEH,ACEH BESAR,DARUSSALAM,KAMPUNG BLANG,TPS 2,2019-10-23 23:00:03,11,187,226,202,202,198,4,https://pemilu2019.kpu.go.id/img/c/900/004/900004564/1-2242-2-C1-PPWP-X1.jpg,https://pemilu2019.kpu.go.id/img/c/900/004/900004564/1-2242-2-C1-PPWP-X2.jpg
1182422332259900004607,ACEH,ACEH BESAR,DARUSSALAM,KRUENG KALE,TPS 1,2019-10-23 23:00:03,18,193,214,214,214,211,3,https://pemilu2019.kpu.go.id/img/c/900/004/900004607/1-2259-1-C1-PPWP-X1.jpg,https://pemilu2019.kpu.go.id/img/c/900/004/900004607/1-2259-1-C1-PPWP-X2.jpg
1182422332260900004608,ACEH,ACEH BESAR,DARUSSALAM,LAM ASAN,TPS 1,2019-10-23 23:00:03,11,143,182,158,158,154,4,https://pemilu2019.kpu.go.id/img/c/900/004/900004608/1-2260-1-C1-PPWP-X1.jpg,https://pemilu2019.kpu.go.id/img/c/900/004/900004608/1-2260-1-C1-PPWP-X2.jpg
1182422332260900004609,ACEH,ACEH BESAR,DARUSSALAM,LAM ASAN,TPS 2,2019-10-23 23:00:03,11,110,144,125,125,121,4,https://pemilu2019.kpu.go.id/img/c/900/004/900004609/1-2260-2-C1-PPWP-X1.jpg,https://pemilu2019.kpu.go.id/img/c/900/004/900004609/1-2260-2-C1-PPWP-X2.jpg
1182422332236900004551,ACEH,ACEH BESAR,DARUSSALAM,LAMBADA PEUKAN,TPS 1,2019-10-23 23:00:03,10,190,227,205,205,200,5,https://pemilu2019.kpu.go.id/img/c/900/004/900004551/1-2236-1-C1-PPWP-X1.jpg,https://pemilu2019.kpu.go.id/img/c/900/004/900004551/1-2236-1-C1-PPWP-X2.jpg
1182422332236900004552,ACEH,ACEH BESAR,DARUSSALAM,LAMBADA PEUKAN,TPS 2,2019-10-23 23:00:03,7,185,231,195,195,192,3,https://pemilu2019.kpu.go.id/img/c/900/004/900004552/1-2236-2-C1-PPWP-X1.jpg,https://pemilu2019.kpu.go.id/img/c/900/004/900004552/1-2236-2-C1-PPWP-X2.jpg
1182422332238900004555,ACEH,ACEH BESAR,DARUSSALAM,LAMBARO SUKON,TPS 1,2019-10-23 23:00:03,1,202,286,215,215,203,12,https://pemilu2019.kpu.go.id/img/c/900/004/900004555/1-2238-1-C1-PPWP-X1.jpg,https://pemilu2019.kpu.go.id/img/c/900/004/900004555/1-2238-1-C1-PPWP-X2.jpg
1182422332238900004556,ACEH,ACEH BESAR,DARUSSALAM,LAMBARO SUKON,TPS 2,2019-10-23 23:00:03,5,232,286,244,244,237,7,https://pemilu2019.kpu.go.id/img/c/900/004/900004556/1-2238-2-C1-PPWP-X1.jpg,https://pemilu2019.kpu.go.id/img/c/900/004/900004556/1-2238-2-C1-PPWP-X2.jpg
1182422332237900004553,ACEH,ACEH BESAR,DARUSSALAM,LAMBIHEU LA,TPS 1,2019-10-23 23:00:03,7,167,228,180,180,174,6,https://pemilu2019.kpu.go.id/img/c/900/004/900004553/2-2237-1-C1-PPWP-X1.jpg,https://pemilu2019.kpu.go.id/img/c/900/004/900004553/2-2237-1-C1-PPWP-X2.jpg
1182422332237900004554,ACEH,ACEH BESAR,DARUSSALAM,LAMBIHEU LA,TPS 2,2019-10-23 23:00:03,9,172,233,187,187,181,6,https://pemilu2019.kpu.go.id/img/c/900/004/900004554/2-2237-2-C1-PPWP-X1.jpg,https://pemilu2019.kpu.go.id/img/c/900/004/900004554/2-2237-2-C1-PPWP-X2.jpg
1182422332256900004600,ACEH,ACEH BESAR,DARUSSALAM,LAMBIHEU SIEM,TPS 1,2019-10-23 23:00:03,15,181,238,205,205,196,9,https://pemilu2019.kpu.go.id/img/c/900/004/900004600/1-2256-1-C1-PPWP-X1.jpg,https://pemilu2019.kpu.go.id/img/c/900/004/900004600/1-2256-1-C1-PPWP-X2.jpg
1182422332256900004601,ACEH,ACEH BESAR,DARUSSALAM,LAMBIHEU SIEM,TPS 2,2019-10-23 23:00:03,14,157,208,177,177,171,6,https://pemilu2019.kpu.go.id/img/c/900/004/900004601/1-2256-2-C1-PPWP-X1.jpg,https://pemilu2019.kpu.go.id/img/c/900/004/900004601/1-2256-2-C1-PPWP-X2.jpg
1182422332257900004602,ACEH,ACEH BESAR,DARUSSALAM,LAMBITRA,TPS 1,2019-10-23 23:00:03,13,120,173,134,134,133,1,https://pemilu2019.kpu.go.id/img/c/900/004/900004602/1-2257-1-C1-PPWP-X1.jpg,https://pemilu2019.kpu.go.id/img/c/900/004/900004602/1-2257-1-C1-PPWP-X2.jpg
1182422332257900004603,ACEH,ACEH BESAR,DARUSSALAM,LAMBITRA,TPS 2,2019-10-23 23:00:03,13,167,247,186,186,180,6,https://pemilu2019.kpu.go.id/img/c/900/004/900004603/1-2257-2-C1-PPWP-X1.jpg,https://pemilu2019.kpu.go.id/img/c/900/004/900004603/1-2257-2-C1-PPWP-X2.jpg
1182422332254900004597,ACEH,ACEH BESAR,DARUSSALAM,LAM DURO,TPS 1,2019-10-23 23:00:03,11,224,294,242,242,235,7,https://pemilu2019.kpu.go.id/img/c/900/004/900004597/1-2254-1-C1-PPWP-X1.jpg,https://pemilu2019.kpu.go.id/img/c/900/004/900004597/1-2254-1-C1-PPWP-X2.jpg
1182422332254900004598,ACEH,ACEH BESAR,DARUSSALAM,LAM DURO,TPS 2,2019-10-23 23:00:03,18,192,260,213,213,210,3,https://pemilu2019.kpu.go.id/img/c/900/004/900004598/1-2254-2-C1-PPWP-X1.jpg,https://pemilu2019.kpu.go.id/img/c/900/004/900004598/1-2254-2-C1-PPWP-X2.jpg
1182422332248900004576,ACEH,ACEH BESAR,DARUSSALAM,LAM GAWE,TPS 1,2019-10-23 23:00:03,9,150,171,163,163,159,4,https://pemilu2019.kpu.go.id/img/c/900/004/900004576/1-2248-1-C1-PPWP-X1.jpg,https://pemilu2019.kpu.go.id/img/c/900/004/900004576/1-2248-1-C1-PPWP-X2.jpg
1182422332253900004595,ACEH,ACEH BESAR,DARUSSALAM,LAMKEUNUNG,TPS 1,2019-10-23 23:00:03,7,175,201,184,184,182,2,https://pemilu2019.kpu.go.id/img/c/900/004/900004595/1-2253-1-C1-PPWP-X1.jpg,https://pemilu2019.kpu.go.id/img/c/900/004/900004595/1-2253-1-C1-PPWP-X2.jpg
1182422332253900004596,ACEH,ACEH BESAR,DARUSSALAM,LAMKEUNUNG,TPS 2,2019-10-23 23:00:03,19,152,186,173,173,171,2,https://pemilu2019.kpu.go.id/img/c/900/004/900004596/1-2253-2-C1-PPWP-X1.jpg,https://pemilu2019.kpu.go.id/img/c/900/004/900004596/1-2253-2-C1-PPWP-X2.jpg
1182422332255900004599,ACEH,ACEH BESAR,DARUSSALAM,LAM KLAT,TPS 1,2019-10-23 23:00:03,17,241,288,260,260,258,2,https://pemilu2019.kpu.go.id/img/c/900/004/900004599/1-2255-1-C1-PPWP-X1.jpg,https://pemilu2019.kpu.go.id/img/c/900/004/900004599/1-2255-1-C1-PPWP-X2.jpg
1182422332235900004549,ACEH,ACEH BESAR,DARUSSALAM,LAM PEUDAYA,TPS 1,2019-10-23 23:00:03,16,186,296,219,219,202,17,https://pemilu2019.kpu.go.id/img/c/900/004/900004549/1-2235-1-C1-PPWP-X1.jpg,https://pemilu2019.kpu.go.id/img/c/900/004/900004549/1-2235-1-C1-PPWP-X2.jpg
1182422332235900004550,ACEH,ACEH BESAR,DARUSSALAM,LAM PEUDAYA,TPS 2,2019-10-23 23:00:03,17,146,226,173,173,163,10,https://pemilu2019.kpu.go.id/img/c/900/004/900004550/1-2235-2-C1-PPWP-X1.jpg,https://pemilu2019.kpu.go.id/img/c/900/004/900004550/1-2235-2-C1-PPWP-X2.jpg
1182422332243900004565,ACEH,ACEH BESAR,DARUSSALAM,LAMPUJA,TPS 1,2019-10-23 23:00:03,3,167,199,177,177,170,7,https://pemilu2019.kpu.go.id/img/c/900/004/900004565/1-2243-1-C1-PPWP-X1.jpg,https://pemilu2019.kpu.go.id/img/c/900/004/900004565/1-2243-1-C1-PPWP-X2.jpg
1182422332246900004572,ACEH,ACEH BESAR,DARUSSALAM,LAMPUUK,TPS 1,2019-10-23 23:00:03,9,180,214,190,190,189,1,https://pemilu2019.kpu.go.id/img/c/900/004/900004572/1-2246-1-C1-PPWP-X1.jpg,https://pemilu2019.kpu.go.id/img/c/900/004/900004572/1-2246-1-C1-PPWP-X2.jpg
1182422332246900004573,ACEH,ACEH BESAR,DARUSSALAM,LAMPUUK,TPS 2,2019-10-23 23:00:03,11,119,217,133,133,130,3,https://pemilu2019.kpu.go.id/img/c/900/004/900004573/1-2246-2-C1-PPWP-X1.jpg,https://pemilu2019.kpu.go.id/img/c/900/004/900004573/1-2246-2-C1-PPWP-X2.jpg
1182422332261900004610,ACEH,ACEH BESAR,DARUSSALAM,LAM REH,TPS 1,2019-10-23 23:00:03,17,234,272,258,258,251,7,https://pemilu2019.kpu.go.id/img/c/900/004/900004610/1-2261-1-C1-PPWP-X1.jpg,https://pemilu2019.kpu.go.id/img/c/900/004/900004610/1-2261-1-C1-PPWP-X2.jpg
1182422332261900004611,ACEH,ACEH BESAR,DARUSSALAM,LAM REH,TPS 2,2019-10-23 23:00:03,19,244,300,270,270,263,7,https://pemilu2019.kpu.go.id/img/c/900/004/900004611/1-2261-2-C1-PPWP-X1.jpg,https://pemilu2019.kpu.go.id/img/c/900/004/900004611/1-2261-2-C1-PPWP-X2.jpg
1182422332250900004579,ACEH,ACEH BESAR,DARUSSALAM,LAMTIMPEUNG,TPS 1,2019-10-23 23:00:03,27,180,260,212,212,207,5,https://pemilu2019.kpu.go.id/img/c/900/004/900004579/1-2250-1-C1-PPWP-X1.jpg,https://pemilu2019.kpu.go.id/img/c/900/004/900004579/1-2250-1-C1-PPWP-X2.jpg
1182422332250900004580,ACEH,ACEH BESAR,DARUSSALAM,LAMTIMPEUNG,TPS 2,2019-10-23 23:00:03,23,190,257,219,219,213,6,https://pemilu2019.kpu.go.id/img/c/900/004/900004580/1-2250-2-C1-PPWP-X1.jpg,https://pemilu2019.kpu.go.id/img/c/900/004/900004580/1-2250-2-C1-PPWP-X2.jpg
1182422332247900004574,ACEH,ACEH BESAR,DARUSSALAM,LAM UJONG,TPS 1,2019-10-23 23:00:03,1,152,171,154,154,153,1,https://pemilu2019.kpu.go.id/img/c/900/004/900004574/1-2247-1-C1-PPWP-X1.jpg,https://pemilu2019.kpu.go.id/img/c/900/004/900004574/1-2247-1-C1-PPWP-X2.jpg
1182422332247900004575,ACEH,ACEH BESAR,DARUSSALAM,LAM UJONG,TPS 2,2019-10-23 23:00:03,7,129,156,138,138,136,2,https://pemilu2019.kpu.go.id/img/c/900/004/900004575/1-2247-2-C1-PPWP-X1.jpg,https://pemilu2019.kpu.go.id/img/c/900/004/900004575/1-2247-2-C1-PPWP-X2.jpg
1182422332258900004604,ACEH,ACEH BESAR,DARUSSALAM,LI-EUE,TPS 1,2019-10-23 23:00:03,7,186,247,196,196,193,3,https://pemilu2019.kpu.go.id/img/c/900/004/900004604/1-2258-1-C1-PPWP-X1.jpg,https://pemilu2019.kpu.go.id/img/c/900/004/900004604/1-2258-1-C1-PPWP-X2.jpg
1182422332258900004605,ACEH,ACEH BESAR,DARUSSALAM,LI-EUE,TPS 2,2019-10-23 23:00:03,13,197,249,214,214,210,4,https://pemilu2019.kpu.go.id/img/c/900/004/900004605/1-2258-2-C1-PPWP-X1.jpg,https://pemilu2019.kpu.go.id/img/c/900/004/900004605/1-2258-2-C1-PPWP-X2.jpg
1182422332258900004606,ACEH,ACEH BESAR,DARUSSALAM,LI-EUE,TPS 3,2019-10-23 23:00:03,15,172,255,198,198,187,11,https://pemilu2019.kpu.go.id/img/c/900/004/900004606/1-2258-3-C1-PPWP-X1.jpg,https://pemilu2019.kpu.go.id/img/c/900/004/900004606/1-2258-3-C1-PPWP-X2.jpg
1182422332245900004569,ACEH,ACEH BESAR,DARUSSALAM,LIMPOK,TPS 1,2019-10-23 23:00:03,16,193,262,211,211,209,2,https://pemilu2019.kpu.go.id/img/c/900/004/900004569/1-2245-1-C1-PPWP-X1.jpg,https://pemilu2019.kpu.go.id/img/c/900/004/900004569/1-2245-1-C1-PPWP-X2.jpg
1182422332245900004570,ACEH,ACEH BESAR,DARUSSALAM,LIMPOK,TPS 2,2019-10-23 23:00:03,12,194,271,209,209,206,3,https://pemilu2019.kpu.go.id/img/c/900/004/900004570/1-2245-2-C1-PPWP-X1.jpg,https://pemilu2019.kpu.go.id/img/c/900/004/900004570/1-2245-2-C1-PPWP-X2.jpg
1182422332245900004571,ACEH,ACEH BESAR,DARUSSALAM,LIMPOK,TPS 3,2019-10-23 23:00:03,13,185,285,199,199,198,1,https://pemilu2019.kpu.go.id/img/c/900/004/900004571/1-2245-3-C1-PPWP-X1.jpg,https://pemilu2019.kpu.go.id/img/c/900/004/900004571/1-2245-3-C1-PPWP-X2.jpg
1182422332239900004557,ACEH,ACEH BESAR,DARUSSALAM,MIRUEK TAMAN,TPS 1,2019-10-23 23:00:03,19,200,264,226,226,219,7,https://pemilu2019.kpu.go.id/img/c/900/004/900004557/1-2239-1-C1-PPWP-X1.jpg,https://pemilu2019.kpu.go.id/img/c/900/004/900004557/1-2239-1-C1-PPWP-X2.jpg
1182422332239900004558,ACEH,ACEH BESAR,DARUSSALAM,MIRUEK TAMAN,TPS 2,2019-10-23 23:00:03,17,202,265,225,225,219,6,https://pemilu2019.kpu.go.id/img/c/900/004/900004558/1-2239-2-C1-PPWP-X1.jpg,https://pemilu2019.kpu.go.id/img/c/900/004/900004558/1-2239-2-C1-PPWP-X2.jpg
1182422332239900004559,ACEH,ACEH BESAR,DARUSSALAM,MIRUEK TAMAN,TPS 3,2019-10-23 23:00:03,17,192,267,215,215,209,6,https://pemilu2019.kpu.go.id/img/c/900/004/900004559/1-2239-3-C1-PPWP-X1.jpg,https://pemilu2019.kpu.go.id/img/c/900/004/900004559/1-2239-3-C1-PPWP-X2.jpg
1182422332262900004612,ACEH,ACEH BESAR,DARUSSALAM,SIEM,TPS 1,2019-10-23 23:00:03,8,182,214,192,192,190,2,https://pemilu2019.kpu.go.id/img/c/900/004/900004612/1-2262-1-C1-PPWP-X1.jpg,https://pemilu2019.kpu.go.id/img/c/900/004/900004612/1-2262-1-C1-PPWP-X2.jpg
1182422332262900004613,ACEH,ACEH BESAR,DARUSSALAM,SIEM,TPS 2,2019-10-23 23:00:03,13,187,226,200,200,200,0,https://pemilu2019.kpu.go.id/img/c/900/004/900004613/1-2262-2-C1-PPWP-X1.jpg,https://pemilu2019.kpu.go.id/img/c/900/004/900004613/1-2262-2-C1-PPWP-X2.jpg
1182422332240900004560,ACEH,ACEH BESAR,DARUSSALAM,SULEUE,TPS 1,2019-10-23 23:00:03,20,133,232,164,164,153,11,https://pemilu2019.kpu.go.id/img/c/900/004/900004560/1-2240-1-C1-PPWP-X1.jpg,https://pemilu2019.kpu.go.id/img/c/900/004/900004560/1-2240-1-C1-PPWP-X2.jpg
1182422332252900004587,ACEH,ACEH BESAR,DARUSSALAM,TANJONG SELAMAT,TPS 1,2019-10-23 23:00:03,11,161,281,172,172,172,0,https://pemilu2019.kpu.go.id/img/c/900/004/900004587/1-2252-1-C1-PPWP-X1.jpg,https://pemilu2019.kpu.go.id/img/c/900/004/900004587/1-2252-1-C1-PPWP-X2.jpg
1182422332252900004588,ACEH,ACEH BESAR,DARUSSALAM,TANJONG SELAMAT,TPS 2,2019-10-23 23:00:03,11,179,289,192,192,190,2,https://pemilu2019.kpu.go.id/img/c/900/004/900004588/1-2252-2-C1-PPWP-X1.jpg,https://pemilu2019.kpu.go.id/img/c/900/004/900004588/1-2252-2-C1-PPWP-X2.jpg
1182422332252900004589,ACEH,ACEH BESAR,DARUSSALAM,TANJONG SELAMAT,TPS 3,2019-10-23 23:00:03,15,170,280,189,189,185,4,https://pemilu2019.kpu.go.id/img/c/900/004/900004589/1-2252-3-C1-PPWP-X1.jpg,https://pemilu2019.kpu.go.id/img/c/900/004/900004589/1-2252-3-C1-PPWP-X2.jpg
1182422332252900004590,ACEH,ACEH BESAR,DARUSSALAM,TANJONG SELAMAT,TPS 4,2019-10-23 23:00:03,13,147,272,163,163,160,3,https://pemilu2019.kpu.go.id/img/c/900/004/900004590/1-2252-4-C1-PPWP-X1.jpg,https://pemilu2019.kpu.go.id/img/c/900/004/900004590/1-2252-4-C1-PPWP-X2.jpg
1182422332252900004591,ACEH,ACEH BESAR,DARUSSALAM,TANJONG SELAMAT,TPS 5,2019-10-23 23:00:03,4,170,292,177,177,174,3,https://pemilu2019.kpu.go.id/img/c/900/004/900004591/1-2252-5-C1-PPWP-X1.jpg,https://pemilu2019.kpu.go.id/img/c/900/004/900004591/1-2252-5-C1-PPWP-X2.jpg
1182422332252900004592,ACEH,ACEH BESAR,DARUSSALAM,TANJONG SELAMAT,TPS 6,2019-10-23 23:00:03,8,139,281,147,147,145,2,https://pemilu2019.kpu.go.id/img/c/900/004/900004592/1-2252-6-C1-PPWP-X1.jpg,https://pemilu2019.kpu.go.id/img/c/900/004/900004592/1-2252-6-C1-PPWP-X2.jpg
1182422332252900004593,ACEH,ACEH BESAR,DARUSSALAM,TANJONG SELAMAT,TPS 7,2019-10-23 23:00:03,17,149,299,168,168,166,2,https://pemilu2019.kpu.go.id/img/c/900/004/900004593/1-2252-7-C1-PPWP-X1.jpg,https://pemilu2019.kpu.go.id/img/c/900/004/900004593/1-2252-7-C1-PPWP-X2.jpg
1182422332252900004594,ACEH,ACEH BESAR,DARUSSALAM,TANJONG SELAMAT,TPS 8,2019-10-23 23:00:03,9,169,291,178,178,178,0,https://pemilu2019.kpu.go.id/img/c/900/004/900004594/1-2252-8-C1-PPWP-X1.jpg,https://pemilu2019.kpu.go.id/img/c/900/004/900004594/1-2252-8-C1-PPWP-X2.jpg
1182422332244900004566,ACEH,ACEH BESAR,DARUSSALAM,TANJUNG DEAH,TPS 1,2019-10-23 23:00:03,19,177,238,206,206,10,196,https://pemilu2019.kpu.go.id/img/c/900/004/900004566/1-2244-1-C1-PPWP-X1.jpg,https://pemilu2019.kpu.go.id/img/c/900/004/900004566/1-2244-1-C1-PPWP-X2.jpg
1182422332244900004567,ACEH,ACEH BESAR,DARUSSALAM,TANJUNG DEAH,TPS 2,2019-10-23 23:00:03,10,191,228,201,201,201,0,https://pemilu2019.kpu.go.id/img/c/900/004/900004567/1-2244-2-C1-PPWP-X1.jpg,https://pemilu2019.kpu.go.id/img/c/900/004/900004567/1-2244-2-C1-PPWP-X2.jpg
1182422332244900004568,ACEH,ACEH BESAR,DARUSSALAM,TANJUNG DEAH,TPS 3,2019-10-23 23:00:03,9,200,237,214,214,209,5,https://pemilu2019.kpu.go.id/img/c/900/004/900004568/1-2244-3-C1-PPWP-X1.jpg,https://pemilu2019.kpu.go.id/img/c/900/004/900004568/1-2244-3-C1-PPWP-X2.jpg
1182422332251900004581,ACEH,ACEH BESAR,DARUSSALAM,TUNGKOP,TPS 1,2019-10-23 23:00:03,18,201,264,220,220,219,1,https://pemilu2019.kpu.go.id/img/c/900/004/900004581/1-2251-1-C1-PPWP-X1.jpg,https://pemilu2019.kpu.go.id/img/c/900/004/900004581/1-2251-1-C1-PPWP-X2.jpg
1182422332251900004582,ACEH,ACEH BESAR,DARUSSALAM,TUNGKOP,TPS 2,2019-10-23 23:00:03,14,195,260,211,211,209,2,https://pemilu2019.kpu.go.id/img/c/900/004/900004582/1-2251-2-C1-PPWP-X3.jpg,https://pemilu2019.kpu.go.id/img/c/900/004/900004582/1-2251-2-C1-PPWP-X4.jpg
1182422332251900004583,ACEH,ACEH BESAR,DARUSSALAM,TUNGKOP,TPS 3,2019-10-23 23:00:03,13,219,294,239,239,232,7,https://pemilu2019.kpu.go.id/img/c/900/004/900004583/1-2251-3-C1-PPWP-X5.jpg,https://pemilu2019.kpu.go.id/img/c/900/004/900004583/1-2251-3-C1-PPWP-X6.jpg
1182422332251900004584,ACEH,ACEH BESAR,DARUSSALAM,TUNGKOP,TPS 4,2019-10-23 23:00:03,16,204,275,221,221,220,1,https://pemilu2019.kpu.go.id/img/c/900/004/900004584/1-2251-4-C1-PPWP-X7.jpg,https://pemilu2019.kpu.go.id/img/c/900/004/900004584/1-2251-4-C1-PPWP-X8.jpg
1182422332251900004585,ACEH,ACEH BESAR,DARUSSALAM,TUNGKOP,TPS 5,2019-10-23 23:00:03,16,181,233,204,204,197,7,https://pemilu2019.kpu.go.id/img/c/900/004/900004585/1-2251-5-C1-PPWP-X9.jpg,https://pemilu2019.kpu.go.id/img/c/900/004/900004585/1-2251-5-C1-PPWP-X10.jpg
1182422332251900004586,ACEH,ACEH BESAR,DARUSSALAM,TUNGKOP,TPS 6,2019-10-23 23:00:03,15,163,230,182,182,178,4,https://pemilu2019.kpu.go.id/img/c/900/004/900004586/1-2251-6-C1-PPWP-X11.jpg,https://pemilu2019.kpu.go.id/img/c/900/004/900004586/1-2251-6-C1-PPWP-X12.jpg
1182418831906900003879,ACEH,ACEH BESAR,INDRAPURI,ANEUK GLEE,TPS 1,2019-10-23 23:00:03,17,172,203,192,192,189,3,https://pemilu2019.kpu.go.id/img/c/900/003/900003879/1-1906-1-C-XXX-X5.jpg,https://pemilu2019.kpu.go.id/img/c/900/003/900003879/1-1906-1-C-XXX-X6.jpg
1182418831906900003880,ACEH,ACEH BESAR,INDRAPURI,ANEUK GLEE,TPS 2,2019-10-23 23:00:03,16,147,186,166,166,163,3,https://pemilu2019.kpu.go.id/img/c/900/003/900003880/1-1906-2-C-XXX-X5.jpg,https://pemilu2019.kpu.go.id/img/c/900/003/900003880/1-1906-2-C-XXX-X6.jpg
1182418831906900003881,ACEH,ACEH BESAR,INDRAPURI,ANEUK GLEE,TPS 3,2019-10-23 23:00:03,17,195,240,216,216,212,4,https://pemilu2019.kpu.go.id/img/c/900/003/900003881/1-1906-3-C-XXX-X5.jpg,https://pemilu2019.kpu.go.id/img/c/900/003/900003881/1-1906-3-C-XXX-X6.jpg
1182418831893900003858,ACEH,ACEH BESAR,INDRAPURI,COT KAREUNG,TPS 1,2019-10-23 23:00:03,23,135,172,165,165,158,7,https://pemilu2019.kpu.go.id/img/c/900/003/900003858/1-1893-1-C1-PPWP-X1.jpg,https://pemilu2019.kpu.go.id/img/c/900/003/900003858/1-1893-1-C1-PPWP-X2.jpg
1182418831893900003859,ACEH,ACEH BESAR,INDRAPURI,COT KAREUNG,TPS 2,2019-10-23 23:00:03,22,130,168,155,155,152,3,https://pemilu2019.kpu.go.id/img/c/900/003/900003859/1-1893-2-C-XXX-X5.jpg,https://pemilu2019.kpu.go.id/img/c/900/003/900003859/1-1893-2-C-XXX-X6.jpg
1182418831892900003857,ACEH,ACEH BESAR,INDRAPURI,CUREH,TPS 1,2019-10-23 23:00:03,10,245,277,262,262,255,7,https://pemilu2019.kpu.go.id/img/c/900/003/900003857/1-1892-1-C1-PPWP-X1.jpg,https://pemilu2019.kpu.go.id/img/c/900/003/900003857/1-1892-1-C1-PPWP-X2.jpg
1182418831887900003851,ACEH,ACEH BESAR,INDRAPURI,EMPEE ARA,TPS 1,2019-10-23 23:00:03,21,132,182,160,160,153,7,https://pemilu2019.kpu.go.id/img/c/900/003/900003851/1-1887-1-C1-PPWP-X1.jpg,https://pemilu2019.kpu.go.id/img/c/900/003/900003851/1-1887-1-C1-PPWP-X2.jpg
1182418831927900003910,ACEH,ACEH BESAR,INDRAPURI,GROET  BARO,TPS 1,2019-10-23 23:00:03,3,180,192,184,184,183,1,https://pemilu2019.kpu.go.id/img/c/900/003/900003910/1-1927-1-C1-PPWP-X1.jpg,https://pemilu2019.kpu.go.id/img/c/900/003/900003910/1-1927-1-C1-PPWP-X2.jpg
1182418831925900003907,ACEH,ACEH BESAR,INDRAPURI,GROET  BLANG,TPS 1,2019-10-23 23:00:03,3,142,170,147,147,145,2,https://pemilu2019.kpu.go.id/img/c/900/003/900003907/1-1925-1-C-XXX-X5.jpg,https://pemilu2019.kpu.go.id/img/c/900/003/900003907/1-1925-1-C-XXX-X6.jpg
1182418831925900003908,ACEH,ACEH BESAR,INDRAPURI,GROET  BLANG,TPS 2,2019-10-23 23:00:03,5,143,163,154,154,148,6,https://pemilu2019.kpu.go.id/img/c/900/003/900003908/1-1925-2-C-XXX-X5.jpg,https://pemilu2019.kpu.go.id/img/c/900/003/900003908/1-1925-2-C-XXX-X6.jpg
1182418831926900003909,ACEH,ACEH BESAR,INDRAPURI,GROET  MAYANG,TPS 1,2019-10-23 23:00:03,12,234,282,255,255,246,9,https://pemilu2019.kpu.go.id/img/c/900/003/900003909/1-1926-1-C-XXX-X5.jpg,https://pemilu2019.kpu.go.id/img/c/900/003/900003909/1-1926-1-C-XXX-X6.jpg
1182418831885900003849,ACEH,ACEH BESAR,INDRAPURI,INDRAPURI,TPS 1,2019-10-23 23:00:03,15,94,118,112,112,109,3,https://pemilu2019.kpu.go.id/img/c/900/003/900003849/1-1885-1-C-XXX-X5.jpg,https://pemilu2019.kpu.go.id/img/c/900/003/900003849/1-1885-1-C-XXX-X6.jpg
1182418831928900003911,ACEH,ACEH BESAR,INDRAPURI,JRUEK BAK KREH,TPS 1,2019-10-23 23:00:03,7,184,207,195,195,191,4,https://pemilu2019.kpu.go.id/img/c/900/003/900003911/1-1928-1-C-XXX-X5.jpg,https://pemilu2019.kpu.go.id/img/c/900/003/900003911/1-1928-1-C-XXX-X6.jpg
1182418831929900003912,ACEH,ACEH BESAR,INDRAPURI,JRUEK BALEE,TPS 1,2019-10-23 23:00:03,15,251,299,269,269,266,3,https://pemilu2019.kpu.go.id/img/c/900/003/900003912/1-1929-1-C-XXX-X5.jpg,https://pemilu2019.kpu.go.id/img/c/900/003/900003912/1-1929-1-C-XXX-X6.jpg
1182418831929900003913,ACEH,ACEH BESAR,INDRAPURI,JRUEK BALEE,TPS 2,2019-10-23 23:00:03,7,235,280,245,245,242,3,https://pemilu2019.kpu.go.id/img/c/900/003/900003913/1-1929-2-C-XXX-X5.jpg,https://pemilu2019.kpu.go.id/img/c/900/003/900003913/1-1929-2-C-XXX-X6.jpg
1182418831907900003882,ACEH,ACEH BESAR,INDRAPURI,KRUENG LAM KAREUNG,TPS 1,2019-10-23 23:00:03,10,180,280,194,194,190,4,https://pemilu2019.kpu.go.id/img/c/900/003/900003882/1-1907-1-C-XXX-X5.jpg,https://pemilu2019.kpu.go.id/img/c/900/003/900003882/1-1907-1-C-XXX-X6.jpg
1182418831907900003883,ACEH,ACEH BESAR,INDRAPURI,KRUENG LAM KAREUNG,TPS 2,2019-10-23 23:00:03,26,198,279,227,227,224,3,https://pemilu2019.kpu.go.id/img/c/900/003/900003883/1-1907-2-C1-PPWP-X1.jpg,https://pemilu2019.kpu.go.id/img/c/900/003/900003883/1-1907-2-C1-PPWP-X2.jpg
1182418831907900003884,ACEH,ACEH BESAR,INDRAPURI,KRUENG LAM KAREUNG,TPS 3,2019-10-23 23:00:03,13,160,277,177,177,173,4,https://pemilu2019.kpu.go.id/img/c/900/003/900003884/1-1907-3-C-XXX-X5.jpg,https://pemilu2019.kpu.go.id/img/c/900/003/900003884/1-1907-3-C-XXX-X6.jpg
1182418831911900003890,ACEH,ACEH BESAR,INDRAPURI,LAM BEUTONG,TPS 1,2019-10-23 23:00:03,6,136,145,145,145,142,3,https://pemilu2019.kpu.go.id/img/c/900/003/900003890/1-1911-1-C-XXX-X5.jpg,https://pemilu2019.kpu.go.id/img/c/900/003/900003890/1-1911-1-C-XXX-X6.jpg
1182418831911900003891,ACEH,ACEH BESAR,INDRAPURI,LAM BEUTONG,TPS 2,2019-10-23 23:00:03,18,127,159,146,146,145,1,https://pemilu2019.kpu.go.id/img/c/900/003/900003891/1-1911-2-C-XXX-X5.jpg,https://pemilu2019.kpu.go.id/img/c/900/003/900003891/1-1911-2-C-XXX-X6.jpg
1182418831931900003915,ACEH,ACEH BESAR,INDRAPURI,LAMBUNOT,TPS 1,2019-10-23 23:00:03,3,149,147,152,152,152,0,https://pemilu2019.kpu.go.id/img/c/900/003/900003915/1-1931-1-C-XXX-X5.jpg,https://pemilu2019.kpu.go.id/img/c/900/003/900003915/1-1931-1-C-XXX-X6.jpg
1182418831904900003876,ACEH,ACEH BESAR,INDRAPURI,LAM ILIE GANTO,TPS 1,2019-10-23 23:00:03,34,182,243,224,224,216,8,https://pemilu2019.kpu.go.id/img/c/900/003/900003876/1-1904-1-C-XXX-X5.jpg,https://pemilu2019.kpu.go.id/img/c/900/003/900003876/1-1904-1-C-XXX-X6.jpg
1182418831902900003873,ACEH,ACEH BESAR,INDRAPURI,LAM ILIE MESJID,TPS 1,2019-10-23 23:00:03,5,109,122,115,115,1,114,https://pemilu2019.kpu.go.id/img/c/900/003/900003873/1-1902-1-C-XXX-X5.jpg,https://pemilu2019.kpu.go.id/img/c/900/003/900003873/1-1902-1-C-XXX-X6.jpg
1182418831903900003874,ACEH,ACEH BESAR,INDRAPURI,LAM ILIE TEUNGOH,TPS 1,2019-10-23 23:00:03,18,161,228,186,186,179,7,https://pemilu2019.kpu.go.id/img/c/900/003/900003874/1-1903-1-C1-PPWP-X1.jpg,https://pemilu2019.kpu.go.id/img/c/900/003/900003874/1-1903-1-C1-PPWP-X2.jpg
1182418831903900003875,ACEH,ACEH BESAR,INDRAPURI,LAM ILIE TEUNGOH,TPS 2,2019-10-23 23:00:03,16,183,241,211,208,199,9,https://pemilu2019.kpu.go.id/img/c/900/003/900003875/1-1903-2-C1-PPWP-X1.jpg,https://pemilu2019.kpu.go.id/img/c/900/003/900003875/1-1903-2-C1-PPWP-X2.jpg
1182418831886900003850,ACEH,ACEH BESAR,INDRAPURI,LAM LEUBOK,TPS 1,2019-10-23 23:00:03,21,201,244,229,229,221,7,https://pemilu2019.kpu.go.id/img/c/900/003/900003850/1-1886-1-C-XXX-X5.jpg,https://pemilu2019.kpu.go.id/img/c/900/003/900003850/1-1886-1-C-XXX-X6.jpg
1182418831894900003860,ACEH,ACEH BESAR,INDRAPURI,LAM LUENG,TPS 1,2019-10-23 23:00:03,6,117,147,135,135,123,12,https://pemilu2019.kpu.go.id/img/c/900/003/900003860/1-1894-1-C1-PPWP-X1.jpg,https://pemilu2019.kpu.go.id/img/c/900/003/900003860/1-1894-1-C1-PPWP-X2.jpg
1182418831894900003861,ACEH,ACEH BESAR,INDRAPURI,LAM LUENG,TPS 2,2019-10-23 23:00:03,7,206,227,214,214,213,1,https://pemilu2019.kpu.go.id/img/c/900/003/900003861/1-1894-2-C-XXX-X5.jpg,https://pemilu2019.kpu.go.id/img/c/900/003/900003861/1-1894-2-C-XXX-X6.jpg
1182418831923900003904,ACEH,ACEH BESAR,INDRAPURI,LAMPANAH BARO,TPS 1,2019-10-23 23:00:03,8,208,225,218,218,216,2,https://pemilu2019.kpu.go.id/img/c/900/003/900003904/1-1923-1-C-XXX-X5.jpg,https://pemilu2019.kpu.go.id/img/c/900/003/900003904/1-1923-1-C-XXX-X6.jpg
1182418831922900003903,ACEH,ACEH BESAR,INDRAPURI,LAMPANAH DAYAH,TPS 1,2019-10-23 23:00:03,4,107,115,113,113,111,2,https://pemilu2019.kpu.go.id/img/c/900/003/900003903/1-1922-1-C-XXX-X5.jpg,https://pemilu2019.kpu.go.id/img/c/900/003/900003903/1-1922-1-C-XXX-X6.jpg
1182418831920900003901,ACEH,ACEH BESAR,INDRAPURI,LAMPANAH RANJO,TPS 1,2019-10-23 23:00:03,12,192,213,204,204,204,0,https://pemilu2019.kpu.go.id/img/c/900/003/900003901/1-1920-1-C-XXX-X5.jpg,https://pemilu2019.kpu.go.id/img/c/900/003/900003901/1-1920-1-C-XXX-X6.jpg
1182418831921900003902,ACEH,ACEH BESAR,INDRAPURI,LAMPANAH TEUNGOH,TPS 1,2019-10-23 23:00:03,12,150,170,167,167,162,5,https://pemilu2019.kpu.go.id/img/c/900/003/900003902/1-1921-1-C1-PPWP-X1.jpg,https://pemilu2019.kpu.go.id/img/c/900/003/900003902/1-1921-1-C1-PPWP-X2.jpg
1182418831924900003905,ACEH,ACEH BESAR,INDRAPURI,LAMPANAH TUNONG,TPS 1,2019-10-23 23:00:03,12,169,182,182,185,181,4,https://pemilu2019.kpu.go.id/img/c/900/003/900003905/1-1924-1-C-XXX-X5.jpg,https://pemilu2019.kpu.go.id/img/c/900/003/900003905/1-1924-1-C-XXX-X6.jpg
1182418831924900003906,ACEH,ACEH BESAR,INDRAPURI,LAMPANAH TUNONG,TPS 2,2019-10-23 23:00:03,5,157,178,163,164,164,2,https://pemilu2019.kpu.go.id/img/c/900/003/900003906/1-1924-2-C-XXX-X5.jpg,https://pemilu2019.kpu.go.id/img/c/900/003/900003906/1-1924-2-C-XXX-X6.jpg
1182418831912900003892,ACEH,ACEH BESAR,INDRAPURI,LAMPUPOK BARO,TPS 1,2019-10-23 23:00:03,4,106,117,114,114,110,4,https://pemilu2019.kpu.go.id/img/c/900/003/900003892/1-1912-1-C-XXX-X5.jpg,https://pemilu2019.kpu.go.id/img/c/900/003/900003892/1-1912-1-C-XXX-X6.jpg
1182418831913900003893,ACEH,ACEH BESAR,INDRAPURI,LAMPUPOK RAYA,TPS 1,2019-10-23 23:00:03,19,211,274,238,238,230,8,https://pemilu2019.kpu.go.id/img/c/900/003/900003893/1-1913-1-C-XXX-X5.jpg,https://pemilu2019.kpu.go.id/img/c/900/003/900003893/1-1913-1-C-XXX-X6.jpg
1182418831933900003917,ACEH,ACEH BESAR,INDRAPURI,LAM SIOT,TPS 1,2019-10-23 23:00:03,17,122,153,143,143,139,4,https://pemilu2019.kpu.go.id/img/c/900/003/900003917/1-1933-1-C-XXX-X5.jpg,https://pemilu2019.kpu.go.id/img/c/900/003/900003917/1-1933-1-C-XXX-X6.jpg
1182418831935900003919,ACEH,ACEH BESAR,INDRAPURI,LHEU UE,TPS 1,2019-10-23 23:00:03,8,159,187,172,172,167,5,https://pemilu2019.kpu.go.id/img/c/900/003/900003919/1-1935-1-C1-PPWP-X1.jpg,https://pemilu2019.kpu.go.id/img/c/900/003/900003919/1-1935-1-C1-PPWP-X2.jpg
1182418831935900003920,ACEH,ACEH BESAR,INDRAPURI,LHEU UE,TPS 2,2019-10-23 23:00:03,12,165,191,185,185,177,8,https://pemilu2019.kpu.go.id/img/c/900/003/900003920/1-1935-2-C-XXX-X5.jpg,https://pemilu2019.kpu.go.id/img/c/900/003/900003920/1-1935-2-C-XXX-X6.jpg
1182418831888900003852,ACEH,ACEH BESAR,INDRAPURI,LIMO BLANG,TPS 1,2019-10-23 23:00:03,12,130,149,149,149,142,7,https://pemilu2019.kpu.go.id/img/c/900/003/900003852/1-1888-1-C-XXX-X5.jpg,https://pemilu2019.kpu.go.id/img/c/900/003/900003852/1-1888-1-C-XXX-X6.jpg
1182418831888900003853,ACEH,ACEH BESAR,INDRAPURI,LIMO BLANG,TPS 2,2019-10-23 23:00:03,14,153,173,170,170,167,3,https://pemilu2019.kpu.go.id/img/c/900/003/900003853/1-1888-2-C-XXX-X5.jpg,https://pemilu2019.kpu.go.id/img/c/900/003/900003853/1-1888-2-C-XXX-X6.jpg
1182418831890900003855,ACEH,ACEH BESAR,INDRAPURI,LIMO LAM LEUWEUNG,TPS 1,2019-10-23 23:00:03,23,147,197,176,176,170,6,https://pemilu2019.kpu.go.id/img/c/900/003/900003855/2-1890-1-C-XXX-X5.jpg,https://pemilu2019.kpu.go.id/img/c/900/003/900003855/2-1890-1-C-XXX-X6.jpg
1182418831889900003854,ACEH,ACEH BESAR,INDRAPURI,LIMO MESJID,TPS 1,2019-10-23 23:00:03,8,175,190,189,189,183,6,https://pemilu2019.kpu.go.id/img/c/900/003/900003854/1-1889-1-C-XXX-X5.jpg,https://pemilu2019.kpu.go.id/img/c/900/003/900003854/1-1889-1-C-XXX-X6.jpg
1182418831934900003918,ACEH,ACEH BESAR,INDRAPURI,LINGOM,TPS 1,2019-10-23 23:00:03,9,219,273,242,242,228,14,https://pemilu2019.kpu.go.id/img/c/900/003/900003918/1-1934-1-C-XXX-X5.jpg,https://pemilu2019.kpu.go.id/img/c/900/003/900003918/1-1934-1-C-XXX-X6.jpg
1182418831900900003870,ACEH,ACEH BESAR,INDRAPURI,MANGGRA,TPS 1,2019-10-23 23:00:03,7,134,157,155,155,141,14,https://pemilu2019.kpu.go.id/img/c/900/003/900003870/1-1900-1-C-XXX-X5.jpg,https://pemilu2019.kpu.go.id/img/c/900/003/900003870/1-1900-1-C-XXX-X6.jpg
1182418831900900003871,ACEH,ACEH BESAR,INDRAPURI,MANGGRA,TPS 2,2019-10-23 23:00:03,5,118,135,135,135,123,12,https://pemilu2019.kpu.go.id/img/c/900/003/900003871/1-1900-2-C-XXX-X5.jpg,https://pemilu2019.kpu.go.id/img/c/900/003/900003871/1-1900-2-C-XXX-X6.jpg
1182418831905900003877,ACEH,ACEH BESAR,INDRAPURI,MEUNARA,TPS 1,2019-10-23 23:00:03,10,131,163,148,145,141,3,https://pemilu2019.kpu.go.id/img/c/900/003/900003877/1-1905-1-C-XXX-X5.jpg,https://pemilu2019.kpu.go.id/img/c/900/003/900003877/1-1905-1-C-XXX-X6.jpg
1182418831905900003878,ACEH,ACEH BESAR,INDRAPURI,MEUNARA,TPS 2,2019-10-23 23:00:03,12,116,141,132,132,128,4,https://pemilu2019.kpu.go.id/img/c/900/003/900003878/1-1905-2-C1-PPWP-X1.jpg,https://pemilu2019.kpu.go.id/img/c/900/003/900003878/1-1905-2-C1-PPWP-X2.jpg
1182418831897900003866,ACEH,ACEH BESAR,INDRAPURI,MEURUE BAROE,TPS 1,2019-10-23 23:00:03,12,152,174,174,174,164,10,https://pemilu2019.kpu.go.id/img/c/900/003/900003866/1-1897-1-C1-PPWP-X1.jpg,https://pemilu2019.kpu.go.id/img/c/900/003/900003866/1-1897-1-C1-PPWP-X2.jpg
1182418831897900003867,ACEH,ACEH BESAR,INDRAPURI,MEURUE BAROE,TPS 2,2019-10-23 23:00:03,50,180,256,245,241,230,11,https://pemilu2019.kpu.go.id/img/c/900/003/900003867/1-1897-2-C1-PPWP-X1.jpg,https://pemilu2019.kpu.go.id/img/c/900/003/900003867/1-1897-2-C1-PPWP-X2.jpg
1182418831891900003856,ACEH,ACEH BESAR,INDRAPURI,MEUSALEE LHOK,TPS 1,2019-10-23 23:00:03,50,180,296,245,241,230,11,https://pemilu2019.kpu.go.id/img/c/900/003/900003856/1-1891-1-C-XXX-X5.jpg,https://pemilu2019.kpu.go.id/img/c/900/003/900003856/1-1891-1-C-XXX-X6.jpg
1182418831930900003914,ACEH,ACEH BESAR,INDRAPURI,MON ALUE,TPS 1,2019-10-23 23:00:03,8,225,258,240,240,233,7,https://pemilu2019.kpu.go.id/img/c/900/003/900003914/1-1930-1-C-XXX-X5.jpg,https://pemilu2019.kpu.go.id/img/c/900/003/900003914/1-1930-1-C-XXX-X6.jpg
1182418831896900003864,ACEH,ACEH BESAR,INDRAPURI,MUREU BUNG UE,TPS 1,2019-10-23 23:00:03,10,197,214,214,214,207,7,https://pemilu2019.kpu.go.id/img/c/900/003/900003864/1-1896-1-C-XXX-X5.jpg,https://pemilu2019.kpu.go.id/img/c/900/003/900003864/1-1896-1-C-XXX-X6.jpg
1182418831896900003865,ACEH,ACEH BESAR,INDRAPURI,MUREU BUNG UE,TPS 2,2019-10-23 23:00:03,10,215,230,230,230,225,5,https://pemilu2019.kpu.go.id/img/c/900/003/900003865/1-1896-2-C1-PPWP-X1.jpg,https://pemilu2019.kpu.go.id/img/c/900/003/900003865/1-1896-2-C1-PPWP-X2.jpg
1182418831898900003868,ACEH,ACEH BESAR,INDRAPURI,MUREU LAM GLUMPANG,TPS 1,2019-10-23 23:00:03,9,212,232,227,227,221,6,https://pemilu2019.kpu.go.id/img/c/900/003/900003868/1-1898-1-C1-PPWP-X1.jpg,https://pemilu2019.kpu.go.id/img/c/900/003/900003868/1-1898-1-C1-PPWP-X2.jpg
1182418831895900003862,ACEH,ACEH BESAR,INDRAPURI,MUREU ULEE TITI,TPS 1,2019-10-23 23:00:03,25,233,280,258,258,258,0,https://pemilu2019.kpu.go.id/img/c/900/003/900003862/1-1895-1-C-XXX-X5.jpg,https://pemilu2019.kpu.go.id/img/c/900/003/900003862/1-1895-1-C-XXX-X6.jpg
1182418831895900003863,ACEH,ACEH BESAR,INDRAPURI,MUREU ULEE TITI,TPS 2,2019-10-23 23:00:03,27,113,152,152,149,140,9,https://pemilu2019.kpu.go.id/img/c/900/003/900003863/1-1895-2-C-XXX-X5.jpg,https://pemilu2019.kpu.go.id/img/c/900/003/900003863/1-1895-2-C-XXX-X6.jpg
1182418831899900003869,ACEH,ACEH BESAR,INDRAPURI,PASAR INDRAPURI,TPS 1,2019-10-23 23:00:03,12,198,228,215,215,210,5,https://pemilu2019.kpu.go.id/img/c/900/003/900003869/1-1899-1-C-XXX-X5.jpg,https://pemilu2019.kpu.go.id/img/c/900/003/900003869/1-1899-1-C-XXX-X6.jpg
1182418831884900003846,ACEH,ACEH BESAR,INDRAPURI,REUKIH DAYAH,TPS 1,2019-10-23 23:00:03,6,179,186,186,186,185,1,https://pemilu2019.kpu.go.id/img/c/900/003/900003846/1-1884-1-C-XXX-X5.jpg,https://pemilu2019.kpu.go.id/img/c/900/003/900003846/1-1884-1-C-XXX-X6.jpg
1182418831884900003847,ACEH,ACEH BESAR,INDRAPURI,REUKIH DAYAH,TPS 2,2019-10-23 23:00:03,9,146,204,157,157,155,2,https://pemilu2019.kpu.go.id/img/c/900/003/900003847/1-1884-2-C-XXX-X5.jpg,https://pemilu2019.kpu.go.id/img/c/900/003/900003847/1-1884-2-C-XXX-X6.jpg
1182418831884900003848,ACEH,ACEH BESAR,INDRAPURI,REUKIH DAYAH,TPS 3,2019-10-23 23:00:03,3,218,247,229,229,221,8,https://pemilu2019.kpu.go.id/img/c/900/003/900003848/1-1884-3-C-XXX-X5.jpg,https://pemilu2019.kpu.go.id/img/c/900/003/900003848/1-1884-3-C-XXX-X6.jpg
1182418831901900003872,ACEH,ACEH BESAR,INDRAPURI,REUKIH KEUPULA,TPS 1,2019-10-23 23:00:03,9,140,168,153,153,149,4,https://pemilu2019.kpu.go.id/img/c/900/003/900003872/1-1901-1-C-XXX-X5.jpg,https://pemilu2019.kpu.go.id/img/c/900/003/900003872/1-1901-1-C-XXX-X6.jpg
1182418831915900003895,ACEH,ACEH BESAR,INDRAPURI,RITING,TPS 1,2019-10-23 23:00:03,26,100,142,132,132,126,6,https://pemilu2019.kpu.go.id/img/c/900/003/900003895/1-1915-1-C-XXX-X5.jpg,https://pemilu2019.kpu.go.id/img/c/900/003/900003895/1-1915-1-C-XXX-X6.jpg
1182418831914900003894,ACEH,ACEH BESAR,INDRAPURI,SEULANGAI,TPS 1,2019-10-23 23:00:03,10,154,172,166,166,164,2,https://pemilu2019.kpu.go.id/img/c/900/003/900003894/1-1914-1-C-XXX-X5.jpg,https://pemilu2019.kpu.go.id/img/c/900/003/900003894/1-1914-1-C-XXX-X6.jpg
1182418831918900003898,ACEH,ACEH BESAR,INDRAPURI,SEUOT BAROH,TPS 1,2019-10-23 23:00:03,33,196,275,241,240,229,11,https://pemilu2019.kpu.go.id/img/c/900/003/900003898/1-1918-1-C-XXX-X5.jpg,https://pemilu2019.kpu.go.id/img/c/900/003/900003898/1-1918-1-C-XXX-X6.jpg
1182418831918900003899,ACEH,ACEH BESAR,INDRAPURI,SEUOT BAROH,TPS 2,2019-10-23 23:00:03,14,208,265,231,231,222,9,https://pemilu2019.kpu.go.id/img/c/900/003/900003899/1-1918-2-C-XXX-X5.jpg,https://pemilu2019.kpu.go.id/img/c/900/003/900003899/1-1918-2-C-XXX-X6.jpg
1182418831919900003900,ACEH,ACEH BESAR,INDRAPURI,SEUOT TUNONG,TPS 1,2019-10-23 23:00:03,0,0,0,0,0,0,0,https://pemilu2019.kpu.go.id/img/c/900/003/900003900/1-1919-1-C-XXX-X5.jpg,https://pemilu2019.kpu.go.id/img/c/900/003/900003900/1-1919-1-C-XXX-X6.jpg
1182418831909900003887,ACEH,ACEH BESAR,INDRAPURI,SEUREUMO,TPS 1,2019-10-23 23:00:03,10,153,218,174,174,163,11,https://pemilu2019.kpu.go.id/img/c/900/003/900003887/1-1909-1-C-XXX-X5.jpg,https://pemilu2019.kpu.go.id/img/c/900/003/900003887/1-1909-1-C-XXX-X6.jpg
1182418831909900003888,ACEH,ACEH BESAR,INDRAPURI,SEUREUMO,TPS 2,2019-10-23 23:00:03,16,162,218,190,190,178,12,https://pemilu2019.kpu.go.id/img/c/900/003/900003888/1-1909-2-C1-PPWP-X1.jpg,https://pemilu2019.kpu.go.id/img/c/900/003/900003888/1-1909-2-C1-PPWP-X2.jpg
1182418831917900003897,ACEH,ACEH BESAR,INDRAPURI,SIHOM COT,TPS 1,2019-10-23 23:00:03,10,133,157,145,145,143,2,https://pemilu2019.kpu.go.id/img/c/900/003/900003897/1-1917-1-C-XXX-X5.jpg,https://pemilu2019.kpu.go.id/img/c/900/003/900003897/1-1917-1-C-XXX-X6.jpg
1182418831916900003896,ACEH,ACEH BESAR,INDRAPURI,SIHOM LHOK,TPS 1,2019-10-23 23:00:03,22,179,218,204,204,201,3,https://pemilu2019.kpu.go.id/img/c/900/003/900003896/1-1916-1-C-XXX-X5.jpg,https://pemilu2019.kpu.go.id/img/c/900/003/900003896/1-1916-1-C-XXX-X6.jpg
1182418831908900003885,ACEH,ACEH BESAR,INDRAPURI,SINYEU,TPS 1,2019-10-23 23:00:03,15,220,276,244,244,235,9,https://pemilu2019.kpu.go.id/img/c/900/003/900003885/1-1908-1-C-XXX-X5.jpg,https://pemilu2019.kpu.go.id/img/c/900/003/900003885/1-1908-1-C-XXX-X6.jpg
1182418831908900003886,ACEH,ACEH BESAR,INDRAPURI,SINYEU,TPS 2,2019-10-23 23:00:03,19,225,292,244,244,244,0,https://pemilu2019.kpu.go.id/img/c/900/003/900003886/1-1908-2-C-XXX-X5.jpg,https://pemilu2019.kpu.go.id/img/c/900/003/900003886/1-1908-2-C-XXX-X6.jpg
1182418831910900003889,ACEH,ACEH BESAR,INDRAPURI,ULEE KAREUNG,TPS 1,2019-10-23 23:00:03,5,95,113,106,106,100,6,https://pemilu2019.kpu.go.id/img/c/900/003/900003889/1-1910-1-C-XXX-X5.jpg,https://pemilu2019.kpu.go.id/img/c/900/003/900003889/1-1910-1-C-XXX-X6.jpg
1182418831932900003916,ACEH,ACEH BESAR,INDRAPURI,ULEE UE,TPS 1,2019-10-23 23:00:03,37,231,311,285,285,268,17,https://pemilu2019.kpu.go.id/img/c/900/003/900003916/1-1932-1-C-XXX-X5.jpg,https://pemilu2019.kpu.go.id/img/c/900/003/900003916/1-1932-1-C-XXX-X6.jpg
1182421342152900004393,ACEH,ACEH BESAR,INGIN JAYA,AJEE CUT,TPS 1,2019-10-23 23:00:03,10,243,279,265,265,253,12,https://pemilu2019.kpu.go.id/img/c/900/004/900004393/1-2152-1-C-XXX-X5.jpg,https://pemilu2019.kpu.go.id/img/c/900/004/900004393/1-2152-1-C-XXX-X6.jpg
1182421342152900004394,ACEH,ACEH BESAR,INGIN JAYA,AJEE CUT,TPS 2,2019-10-23 23:00:03,6,140,153,149,149,146,3,https://pemilu2019.kpu.go.id/img/c/900/004/900004394/1-2152-2-C-XXX-X5.jpg,https://pemilu2019.kpu.go.id/img/c/900/004/900004394/1-2152-2-C-XXX-X6.jpg
1182421342158900004403,ACEH,ACEH BESAR,INGIN JAYA,AJEE PAGAR AIR,TPS 1,2019-10-23 23:00:03,11,221,286,240,240,232,8,https://pemilu2019.kpu.go.id/img/c/900/004/900004403/2-2158-1-C-XXX-X5.jpg,https://pemilu2019.kpu.go.id/img/c/900/004/900004403/2-2158-1-C-XXX-X6.jpg
1182421342158900004404,ACEH,ACEH BESAR,INGIN JAYA,AJEE PAGAR AIR,TPS 2,2019-10-23 23:00:03,13,174,251,193,193,187,6,https://pemilu2019.kpu.go.id/img/c/900/004/900004404/2-2158-2-C-XXX-X5.jpg,https://pemilu2019.kpu.go.id/img/c/900/004/900004404/2-2158-2-C-XXX-X6.jpg
1182421342151900004392,ACEH,ACEH BESAR,INGIN JAYA,AJEE RAYEUK,TPS 1,2019-10-23 23:00:03,9,250,273,270,270,259,11,https://pemilu2019.kpu.go.id/img/c/900/004/900004392/1-2151-1-C1-PPWP-X1.jpg,https://pemilu2019.kpu.go.id/img/c/900/004/900004392/1-2151-1-C1-PPWP-X2.jpg
1182421342150900004391,ACEH,ACEH BESAR,INGIN JAYA,ATEUK ANGGOK,TPS 1,2019-10-23 23:00:03,17,202,244,222,222,219,3,https://pemilu2019.kpu.go.id/img/c/900/004/900004391/1-2150-1-C-XXX-X5.jpg,https://pemilu2019.kpu.go.id/img/c/900/004/900004391/1-2150-1-C-XXX-X6.jpg
1182421342154900004397,ACEH,ACEH BESAR,INGIN JAYA,ATEUK LUENG IE,TPS 1,2019-10-23 23:00:03,11,148,208,165,165,159,6,https://pemilu2019.kpu.go.id/img/c/900/004/900004397/1-2154-1-C-XXX-X5.jpg,https://pemilu2019.kpu.go.id/img/c/900/004/900004397/1-2154-1-C-XXX-X6.jpg
1182421342154900004398,ACEH,ACEH BESAR,INGIN JAYA,ATEUK LUENG IE,TPS 2,2019-10-23 23:00:03,11,131,207,154,154,142,12,https://pemilu2019.kpu.go.id/img/c/900/004/900004398/1-2154-2-C-XXX-X5.jpg,https://pemilu2019.kpu.go.id/img/c/900/004/900004398/1-2154-2-C-XXX-X6.jpg
1182421342179900004448,ACEH,ACEH BESAR,INGIN JAYA,BADA,TPS 1,2019-10-23 23:00:03,19,124,152,145,145,143,2,https://pemilu2019.kpu.go.id/img/c/900/004/900004448/1-2179-1-C-XXX-X5.jpg,https://pemilu2019.kpu.go.id/img/c/900/004/900004448/1-2179-1-C-XXX-X6.jpg
1182421342179900004449,ACEH,ACEH BESAR,INGIN JAYA,BADA,TPS 2,2019-10-23 23:00:03,12,120,150,134,134,132,2,https://pemilu2019.kpu.go.id/img/c/900/004/900004449/1-2179-2-C-XXX-X5.jpg,https://pemilu2019.kpu.go.id/img/c/900/004/900004449/1-2179-2-C-XXX-X6.jpg
1182421342137900004369,ACEH,ACEH BESAR,INGIN JAYA,BAKOY,TPS 1,2019-10-23 23:00:03,9,146,181,162,162,155,7,https://pemilu2019.kpu.go.id/img/c/900/004/900004369/1-2137-1-C-XXX-X5.jpg,https://pemilu2019.kpu.go.id/img/c/900/004/900004369/1-2137-1-C-XXX-X6.jpg
1182421342137900004370,ACEH,ACEH BESAR,INGIN JAYA,BAKOY,TPS 2,2019-10-23 23:00:03,8,133,195,145,145,141,4,https://pemilu2019.kpu.go.id/img/c/900/004/900004370/1-2137-2-C-XXX-X5.jpg,https://pemilu2019.kpu.go.id/img/c/900/004/900004370/1-2137-2-C-XXX-X6.jpg
1182421342161900004414,ACEH,ACEH BESAR,INGIN JAYA,BINEH BLANG,TPS 1,2019-10-23 23:00:03,15,210,264,228,228,225,3,https://pemilu2019.kpu.go.id/img/c/900/004/900004414/1-2161-1-C-XXX-X5.jpg,https://pemilu2019.kpu.go.id/img/c/900/004/900004414/1-2161-1-C-XXX-X6.jpg
1182421342161900004415,ACEH,ACEH BESAR,INGIN JAYA,BINEH BLANG,TPS 2,2019-10-23 23:00:03,13,204,275,221,221,217,4,https://pemilu2019.kpu.go.id/img/c/900/004/900004415/2-2161-2-C-XXX-X5.jpg,https://pemilu2019.kpu.go.id/img/c/900/004/900004415/2-2161-2-C-XXX-X6.jpg
1182421342161900004416,ACEH,ACEH BESAR,INGIN JAYA,BINEH BLANG,TPS 3,2019-10-23 23:00:03,13,207,289,223,223,220,3,https://pemilu2019.kpu.go.id/img/c/900/004/900004416/2-2161-3-C-XXX-X5.jpg,https://pemilu2019.kpu.go.id/img/c/900/004/900004416/2-2161-3-C-XXX-X6.jpg
1182421342161900004417,ACEH,ACEH BESAR,INGIN JAYA,BINEH BLANG,TPS 4,2019-10-23 23:00:03,2,62,80,68,68,64,4,https://pemilu2019.kpu.go.id/img/c/900/004/900004417/2-2161-4-C-XXX-X5.jpg,https://pemilu2019.kpu.go.id/img/c/900/004/900004417/2-2161-4-C-XXX-X6.jpg
1182421342148900004389,ACEH,ACEH BESAR,INGIN JAYA,BUENG CUEKOK,TPS 1,2019-10-23 23:00:03,7,160,177,171,171,167,4,https://pemilu2019.kpu.go.id/img/c/900/004/900004389/1-2148-1-C-XXX-X5.jpg,https://pemilu2019.kpu.go.id/img/c/900/004/900004389/1-2148-1-C-XXX-X6.jpg
1182421342155900004399,ACEH,ACEH BESAR,INGIN JAYA,COT ALUE,TPS 1,2019-10-23 23:00:03,3,175,185,184,184,178,6,https://pemilu2019.kpu.go.id/img/c/900/004/900004399/1-2155-1-C-XXX-X5.jpg,https://pemilu2019.kpu.go.id/img/c/900/004/900004399/1-2155-1-C-XXX-X6.jpg
1182421342157900004402,ACEH,ACEH BESAR,INGIN JAYA,COT BADA,TPS 1,2019-10-23 23:00:03,8,145,178,156,156,153,3,https://pemilu2019.kpu.go.id/img/c/900/004/900004402/2-2157-1-C-XXX-X5.jpg,https://pemilu2019.kpu.go.id/img/c/900/004/900004402/2-2157-1-C-XXX-X6.jpg
1182421342181900004452,ACEH,ACEH BESAR,INGIN JAYA,COT GUD,TPS 1,2019-10-23 23:00:03,6,80,87,86,86,86,0,https://pemilu2019.kpu.go.id/img/c/900/004/900004452/2-2181-1-C-XXX-X5.jpg,https://pemilu2019.kpu.go.id/img/c/900/004/900004452/2-2181-1-C-XXX-X6.jpg
1182421342170900004437,ACEH,ACEH BESAR,INGIN JAYA,COT MONTIWAN,TPS 1,2019-10-23 23:00:03,12,181,201,195,195,193,2,https://pemilu2019.kpu.go.id/img/c/900/004/900004437/2-2170-1-C-XXX-X5.jpg,https://pemilu2019.kpu.go.id/img/c/900/004/900004437/2-2170-1-C-XXX-X6.jpg
1182421342156900004400,ACEH,ACEH BESAR,INGIN JAYA,COT SURUY,TPS 1,2019-10-23 23:00:03,21,257,292,285,285,278,7,https://pemilu2019.kpu.go.id/img/c/900/004/900004400/1-2156-1-C-XXX-X5.jpg,https://pemilu2019.kpu.go.id/img/c/900/004/900004400/1-2156-1-C-XXX-X6.jpg
1182421342156900004401,ACEH,ACEH BESAR,INGIN JAYA,COT SURUY,TPS 2,2019-10-23 23:00:03,8,113,130,121,121,121,0,https://pemilu2019.kpu.go.id/img/c/900/004/900004401/1-2156-2-C1-PPWP-X1.jpg,https://pemilu2019.kpu.go.id/img/c/900/004/900004401/1-2156-2-C1-PPWP-X2.jpg
1182421342143900004380,ACEH,ACEH BESAR,INGIN JAYA,DHAM CEUKOK,TPS 1,2019-10-23 23:00:03,42,235,297,281,281,277,4,https://pemilu2019.kpu.go.id/img/c/900/004/900004380/2-2143-1-C-XXX-X5.jpg,https://pemilu2019.kpu.go.id/img/c/900/004/900004380/2-2143-1-C-XXX-X6.jpg
1182421342143900004381,ACEH,ACEH BESAR,INGIN JAYA,DHAM CEUKOK,TPS 2,2019-10-23 23:00:03,7,141,167,154,154,148,6,https://pemilu2019.kpu.go.id/img/c/900/004/900004381/1-2143-2-C1-PPWP-X1.jpg,https://pemilu2019.kpu.go.id/img/c/900/004/900004381/1-2143-2-C1-PPWP-X2.jpg
1182421342144900004382,ACEH,ACEH BESAR,INGIN JAYA,DHAM PULO,TPS 1,2019-10-23 23:00:03,30,224,298,261,261,254,7,https://pemilu2019.kpu.go.id/img/c/900/004/900004382/2-2144-1-C-XXX-X5.jpg,https://pemilu2019.kpu.go.id/img/c/900/004/900004382/2-2144-1-C-XXX-X6.jpg
1182421342144900004383,ACEH,ACEH BESAR,INGIN JAYA,DHAM PULO,TPS 2,2019-10-23 23:00:03,8,54,62,62,62,62,0,https://pemilu2019.kpu.go.id/img/c/900/004/900004383/2-2144-2-C1-PPWP-X1.jpg,https://pemilu2019.kpu.go.id/img/c/900/004/900004383/2-2144-2-C1-PPWP-X2.jpg
1182421342153900004395,ACEH,ACEH BESAR,INGIN JAYA,GANI,TPS 1,2019-10-23 23:00:03,12,184,215,198,198,196,2,https://pemilu2019.kpu.go.id/img/c/900/004/900004395/2-2153-1-C-XXX-X5.jpg,https://pemilu2019.kpu.go.id/img/c/900/004/900004395/2-2153-1-C-XXX-X6.jpg
1182421342153900004396,ACEH,ACEH BESAR,INGIN JAYA,GANI,TPS 2,2019-10-23 23:00:03,13,161,201,178,178,174,4,https://pemilu2019.kpu.go.id/img/c/900/004/900004396/2-2153-2-C-XXX-X5.jpg,https://pemilu2019.kpu.go.id/img/c/900/004/900004396/2-2153-2-C-XXX-X6.jpg
1182421342160900004411,ACEH,ACEH BESAR,INGIN JAYA,JURONG PEUJERA,TPS 1,2019-10-23 23:00:03,10,196,271,207,207,206,1,https://pemilu2019.kpu.go.id/img/c/900/004/900004411/2-2160-1-C-XXX-X5.jpg,https://pemilu2019.kpu.go.id/img/c/900/004/900004411/2-2160-1-C-XXX-X6.jpg
1182421342160900004412,ACEH,ACEH BESAR,INGIN JAYA,JURONG PEUJERA,TPS 2,2019-10-23 23:00:03,4,230,271,236,236,234,2,https://pemilu2019.kpu.go.id/img/c/900/004/900004412/1-2160-2-C1-PPWP-X1.jpg,https://pemilu2019.kpu.go.id/img/c/900/004/900004412/1-2160-2-C1-PPWP-X2.jpg
1182421342160900004413,ACEH,ACEH BESAR,INGIN JAYA,JURONG PEUJERA,TPS 3,2019-10-23 23:00:03,22,226,259,253,0,0,0,https://pemilu2019.kpu.go.id/img/c/900/004/900004413/1-2160-3-C1-PPWP-X1.jpg,https://pemilu2019.kpu.go.id/img/c/900/004/900004413/1-2160-3-C1-PPWP-X2.jpg
1182421342163900004421,ACEH,ACEH BESAR,INGIN JAYA,KALUT,TPS 1,2019-10-23 23:00:03,15,195,222,216,216,210,6,https://pemilu2019.kpu.go.id/img/c/900/004/900004421/1-2163-1-C-XXX-X5.jpg,https://pemilu2019.kpu.go.id/img/c/900/004/900004421/1-2163-1-C-XXX-X6.jpg
1182421342182900004453,ACEH,ACEH BESAR,INGIN JAYA,KAYEE LEE,TPS 1,2019-10-23 23:00:03,18,167,260,189,189,185,4,https://pemilu2019.kpu.go.id/img/c/900/004/900004453/2-2182-1-C-XXX-X5.jpg,https://pemilu2019.kpu.go.id/img/c/900/004/900004453/2-2182-1-C-XXX-X6.jpg
1182421342182900004454,ACEH,ACEH BESAR,INGIN JAYA,KAYEE LEE,TPS 2,2019-10-23 23:00:03,16,226,283,252,252,242,10,https://pemilu2019.kpu.go.id/img/c/900/004/900004454/1-2182-2-C1-PPWP-X1.jpg,https://pemilu2019.kpu.go.id/img/c/900/004/900004454/1-2182-2-C1-PPWP-X2.jpg
1182421342182900004455,ACEH,ACEH BESAR,INGIN JAYA,KAYEE LEE,TPS 3,2019-10-23 23:00:03,11,201,282,214,214,212,2,https://pemilu2019.kpu.go.id/img/c/900/004/900004455/1-2182-3-C-XXX-X5.jpg,https://pemilu2019.kpu.go.id/img/c/900/004/900004455/1-2182-3-C-XXX-X6.jpg
1182421342182900004456,ACEH,ACEH BESAR,INGIN JAYA,KAYEE LEE,TPS 4,2019-10-23 23:00:03,13,156,300,170,170,169,1,https://pemilu2019.kpu.go.id/img/c/900/004/900004456/1-2182-4-C-XXX-X5.jpg,https://pemilu2019.kpu.go.id/img/c/900/004/900004456/1-2182-4-C-XXX-X6.jpg
1182421342182900004457,ACEH,ACEH BESAR,INGIN JAYA,KAYEE LEE,TPS 5,2019-10-23 23:00:03,6,119,153,126,126,125,1,https://pemilu2019.kpu.go.id/img/c/900/004/900004457/1-2182-5-C-XXX-X5.jpg,https://pemilu2019.kpu.go.id/img/c/900/004/900004457/1-2182-5-C-XXX-X6.jpg
1182421342177900004445,ACEH,ACEH BESAR,INGIN JAYA,LAM BADA,TPS 1,2019-10-23 23:00:03,211,278,297,295,295,289,6,https://pemilu2019.kpu.go.id/img/c/900/004/900004445/2-2177-1-C1-PPWP-X1.jpg,https://pemilu2019.kpu.go.id/img/c/900/004/900004445/2-2177-1-C1-PPWP-X2.jpg
1182421342177900004446,ACEH,ACEH BESAR,INGIN JAYA,LAM BADA,TPS 2,2019-10-23 23:00:03,2,21,23,23,23,23,0,https://pemilu2019.kpu.go.id/img/c/900/004/900004446/1-2177-2-C1-PPWP-X1.jpg,https://pemilu2019.kpu.go.id/img/c/900/004/900004446/1-2177-2-C1-PPWP-X2.jpg
1182421342135900004364,ACEH,ACEH BESAR,INGIN JAYA,LAMBARO,TPS 1,2019-10-23 23:00:03,15,196,267,220,220,211,8,https://pemilu2019.kpu.go.id/img/c/900/004/900004364/1-2135-1-C-XXX-X5.jpg,https://pemilu2019.kpu.go.id/img/c/900/004/900004364/1-2135-1-C-XXX-X6.jpg
1182421342135900004365,ACEH,ACEH BESAR,INGIN JAYA,LAMBARO,TPS 2,2019-10-23 23:00:03,28,195,263,223,223,223,1,https://pemilu2019.kpu.go.id/img/c/900/004/900004365/1-2135-2-C-XXX-X5.jpg,https://pemilu2019.kpu.go.id/img/c/900/004/900004365/1-2135-2-C-XXX-X6.jpg
1182421342135900004366,ACEH,ACEH BESAR,INGIN JAYA,LAMBARO,TPS 3,2019-10-23 23:00:03,15,217,252,235,235,232,3,https://pemilu2019.kpu.go.id/img/c/900/004/900004366/1-2135-3-C-XXX-X5.jpg,https://pemilu2019.kpu.go.id/img/c/900/004/900004366/1-2135-3-C-XXX-X6.jpg
1182421342135900004367,ACEH,ACEH BESAR,INGIN JAYA,LAMBARO,TPS 4,2019-10-23 23:00:03,12,189,231,202,202,201,1,https://pemilu2019.kpu.go.id/img/c/900/004/900004367/1-2135-4-C-XXX-X5.jpg,https://pemilu2019.kpu.go.id/img/c/900/004/900004367/1-2135-4-C-XXX-X6.jpg
1182421342173900004441,ACEH,ACEH BESAR,INGIN JAYA,LAM COT,TPS 1,2019-10-23 23:00:03,10,203,236,220,220,213,7,https://pemilu2019.kpu.go.id/img/c/900/004/900004441/1-2173-1-C-XXX-X5.jpg,https://pemilu2019.kpu.go.id/img/c/900/004/900004441/1-2173-1-C-XXX-X6.jpg
1182421342176900004444,ACEH,ACEH BESAR,INGIN JAYA,LAM DAYA,TPS 1,2019-10-23 23:00:03,6,126,142,136,136,132,4,https://pemilu2019.kpu.go.id/img/c/900/004/900004444/1-2176-1-C-XXX-X5.jpg,https://pemilu2019.kpu.go.id/img/c/900/004/900004444/1-2176-1-C-XXX-X6.jpg
1182421342171900004438,ACEH,ACEH BESAR,INGIN JAYA,LAMPREH LAMJAMPOK,TPS 1,2019-10-23 23:00:03,14,133,149,149,149,147,2,https://pemilu2019.kpu.go.id/img/c/900/004/900004438/1-2171-1-C-XXX-X5.jpg,https://pemilu2019.kpu.go.id/img/c/900/004/900004438/1-2171-1-C-XXX-X6.jpg
1182421342183900004458,ACEH,ACEH BESAR,INGIN JAYA,LAMPREH LAMTEUNGOH,TPS 1,2019-10-23 23:00:03,16,235,271,253,253,251,2,https://pemilu2019.kpu.go.id/img/c/900/004/900004458/1-2183-1-C-XXX-X5.jpg,https://pemilu2019.kpu.go.id/img/c/900/004/900004458/1-2183-1-C-XXX-X6.jpg
1182421342183900004459,ACEH,ACEH BESAR,INGIN JAYA,LAMPREH LAMTEUNGOH,TPS 2,2019-10-23 23:00:03,13,147,163,163,163,160,3,https://pemilu2019.kpu.go.id/img/c/900/004/900004459/1-2183-2-C-XXX-X5.jpg,https://pemilu2019.kpu.go.id/img/c/900/004/900004459/1-2183-2-C-XXX-X6.jpg
1182421342174900004442,ACEH,ACEH BESAR,INGIN JAYA,LAM SINYEU,TPS 1,2019-10-23 23:00:03,5,74,84,82,82,79,3,https://pemilu2019.kpu.go.id/img/c/900/004/900004442/1-2174-1-C-XXX-X5.jpg,https://pemilu2019.kpu.go.id/img/c/900/004/900004442/1-2174-1-C-XXX-X6.jpg
1182421342180900004450,ACEH,ACEH BESAR,INGIN JAYA,LAM TEUNGOH,TPS 1,2019-10-23 23:00:03,13,172,220,191,191,185,6,https://pemilu2019.kpu.go.id/img/c/900/004/900004450/1-2180-1-C-XXX-X5.jpg,https://pemilu2019.kpu.go.id/img/c/900/004/900004450/1-2180-1-C-XXX-X6.jpg
1182421342180900004451,ACEH,ACEH BESAR,INGIN JAYA,LAM TEUNGOH,TPS 2,2019-10-23 23:00:03,12,177,210,197,197,189,8,https://pemilu2019.kpu.go.id/img/c/900/004/900004451/1-2180-2-C-XXX-X5.jpg,https://pemilu2019.kpu.go.id/img/c/900/004/900004451/1-2180-2-C-XXX-X6.jpg
1182421342175900004443,ACEH,ACEH BESAR,INGIN JAYA,LAM UE,TPS 1,2019-10-23 23:00:03,17,166,189,183,183,183,0,https://pemilu2019.kpu.go.id/img/c/900/004/900004443/1-2175-1-C-XXX-X5.jpg,https://pemilu2019.kpu.go.id/img/c/900/004/900004443/1-2175-1-C-XXX-X6.jpg
1182421342146900004386,ACEH,ACEH BESAR,INGIN JAYA,LUBOK GAPUY,TPS 1,2019-10-23 23:00:03,29,167,259,199,199,196,3,https://pemilu2019.kpu.go.id/img/c/900/004/900004386/1-2146-1-C-XXX-X5.jpg,https://pemilu2019.kpu.go.id/img/c/900/004/900004386/1-2146-1-C-XXX-X6.jpg
1182421342146900004387,ACEH,ACEH BESAR,INGIN JAYA,LUBOK GAPUY,TPS 2,2019-10-23 23:00:03,12,124,156,140,140,136,4,https://pemilu2019.kpu.go.id/img/c/900/004/900004387/1-2146-2-C-XXX-X5.jpg,https://pemilu2019.kpu.go.id/img/c/900/004/900004387/1-2146-2-C-XXX-X6.jpg
1182421342184900004460,ACEH,ACEH BESAR,INGIN JAYA,LUBUK BATEE,TPS 1,2019-10-23 23:00:03,17,229,250,247,247,246,1,https://pemilu2019.kpu.go.id/img/c/900/004/900004460/2-2184-1-C-XXX-X5.jpg,https://pemilu2019.kpu.go.id/img/c/900/004/900004460/2-2184-1-C-XXX-X6.jpg
1182421342184900004461,ACEH,ACEH BESAR,INGIN JAYA,LUBUK BATEE,TPS 2,2019-10-23 23:00:03,11,202,215,215,215,213,2,https://pemilu2019.kpu.go.id/img/c/900/004/900004461/2-2184-2-C-XXX-X5.jpg,https://pemilu2019.kpu.go.id/img/c/900/004/900004461/2-2184-2-C-XXX-X6.jpg
1182421342184900004462,ACEH,ACEH BESAR,INGIN JAYA,LUBUK BATEE,TPS 3,2019-10-23 23:00:03,4,175,181,181,180,179,1,https://pemilu2019.kpu.go.id/img/c/900/004/900004462/1-2184-3-C-XXX-X5.jpg,https://pemilu2019.kpu.go.id/img/c/900/004/900004462/1-2184-3-C-XXX-X6.jpg
1182421342145900004384,ACEH,ACEH BESAR,INGIN JAYA,LUBUK SUKON,TPS 1,2019-10-23 23:00:03,12,255,307,267,267,267,0,https://pemilu2019.kpu.go.id/img/c/900/004/900004384/1-2145-1-C-XXX-X5.jpg,https://pemilu2019.kpu.go.id/img/c/900/004/900004384/1-2145-1-C-XXX-X6.jpg
1182421342145900004385,ACEH,ACEH BESAR,INGIN JAYA,LUBUK SUKON,TPS 2,2019-10-23 23:00:03,18,241,303,263,263,259,4,https://pemilu2019.kpu.go.id/img/c/900/004/900004385/1-2145-2-C-XXX-X5.jpg,https://pemilu2019.kpu.go.id/img/c/900/004/900004385/1-2145-2-C-XXX-X6.jpg
1182421342138900004371,ACEH,ACEH BESAR,INGIN JAYA,MEUNASAH BARO,TPS 1,2019-10-23 23:00:03,8,251,292,263,263,259,4,https://pemilu2019.kpu.go.id/img/c/900/004/900004371/1-2138-1-C-XXX-X5.jpg,https://pemilu2019.kpu.go.id/img/c/900/004/900004371/1-2138-1-C-XXX-X6.jpg
1182421342139900004372,ACEH,ACEH BESAR,INGIN JAYA,MEUNASAH DEYAH,TPS 1,2019-10-23 23:00:03,12,148,169,162,162,160,2,https://pemilu2019.kpu.go.id/img/c/900/004/900004372/1-2139-1-C-XXX-X5.jpg,https://pemilu2019.kpu.go.id/img/c/900/004/900004372/1-2139-1-C-XXX-X6.jpg
1182421342159900004405,ACEH,ACEH BESAR,INGIN JAYA,MEUNASAH KRUENG,TPS 1,2019-10-23 23:00:03,107,187,241,206,206,204,2,https://pemilu2019.kpu.go.id/img/c/900/004/900004405/1-2159-1-C-XXX-X5.jpg,https://pemilu2019.kpu.go.id/img/c/900/004/900004405/1-2159-1-C-XXX-X6.jpg
1182421342159900004406,ACEH,ACEH BESAR,INGIN JAYA,MEUNASAH KRUENG,TPS 2,2019-10-23 23:00:03,15,191,238,208,208,206,2,https://pemilu2019.kpu.go.id/img/c/900/004/900004406/1-2159-2-C-XXX-X5.jpg,https://pemilu2019.kpu.go.id/img/c/900/004/900004406/1-2159-2-C-XXX-X6.jpg
1182421342159900004407,ACEH,ACEH BESAR,INGIN JAYA,MEUNASAH KRUENG,TPS 3,2019-10-23 23:00:03,15,175,246,199,199,190,9,https://pemilu2019.kpu.go.id/img/c/900/004/900004407/1-2159-3-C-XXX-X5.jpg,https://pemilu2019.kpu.go.id/img/c/900/004/900004407/1-2159-3-C-XXX-X6.jpg
1182421342159900004408,ACEH,ACEH BESAR,INGIN JAYA,MEUNASAH KRUENG,TPS 4,2019-10-23 23:00:03,15,185,244,202,202,200,2,https://pemilu2019.kpu.go.id/img/c/900/004/900004408/1-2159-4-C-XXX-X5.jpg,https://pemilu2019.kpu.go.id/img/c/900/004/900004408/1-2159-4-C-XXX-X6.jpg
1182421342159900004409,ACEH,ACEH BESAR,INGIN JAYA,MEUNASAH KRUENG,TPS 5,2019-10-23 23:00:03,16,193,257,214,214,209,5,https://pemilu2019.kpu.go.id/img/c/900/004/900004409/1-2159-5-C-XXX-X5.jpg,https://pemilu2019.kpu.go.id/img/c/900/004/900004409/1-2159-5-C-XXX-X6.jpg
1182421342159900004410,ACEH,ACEH BESAR,INGIN JAYA,MEUNASAH KRUENG,TPS 6,2019-10-23 23:00:03,5,108,99,113,113,113,0,https://pemilu2019.kpu.go.id/img/c/900/004/900004410/1-2159-6-C-XXX-X5.jpg,https://pemilu2019.kpu.go.id/img/c/900/004/900004410/1-2159-6-C-XXX-X6.jpg
1182421342136900004368,ACEH,ACEH BESAR,INGIN JAYA,MEUNASAH MANYANG LG,TPS 1,2019-10-23 23:00:03,11,213,241,228,228,224,4,https://pemilu2019.kpu.go.id/img/c/900/004/900004368/1-2136-1-C-XXX-X5.jpg,https://pemilu2019.kpu.go.id/img/c/900/004/900004368/1-2136-1-C-XXX-X6.jpg
1182421342164900004422,ACEH,ACEH BESAR,INGIN JAYA,MEUNASAH MANYANG PA,TPS 1,2019-10-23 23:00:03,18,223,295,250,250,241,9,https://pemilu2019.kpu.go.id/img/c/900/004/900004422/1-2164-1-C-XXX-X5.jpg,https://pemilu2019.kpu.go.id/img/c/900/004/900004422/1-2164-1-C-XXX-X6.jpg
1182421342164900004423,ACEH,ACEH BESAR,INGIN JAYA,MEUNASAH MANYANG PA,TPS 2,2019-10-23 23:00:03,22,217,297,247,247,239,8,https://pemilu2019.kpu.go.id/img/c/900/004/900004423/1-2164-2-C-XXX-X5.jpg,https://pemilu2019.kpu.go.id/img/c/900/004/900004423/1-2164-2-C-XXX-X6.jpg
1182421342165900004424,ACEH,ACEH BESAR,INGIN JAYA,MEUNASAH MANYET,TPS 1,2019-10-23 23:00:03,27,244,302,274,274,271,3,https://pemilu2019.kpu.go.id/img/c/900/004/900004424/1-2165-1-C-XXX-X5.jpg,https://pemilu2019.kpu.go.id/img/c/900/004/900004424/1-2165-1-C-XXX-X6.jpg
1182421342165900004425,ACEH,ACEH BESAR,INGIN JAYA,MEUNASAH MANYET,TPS 2,2019-10-23 23:00:03,10,137,166,151,151,147,4,https://pemilu2019.kpu.go.id/img/c/900/004/900004425/1-2165-2-C-XXX-X5.jpg,https://pemilu2019.kpu.go.id/img/c/900/004/900004425/1-2165-2-C-XXX-X6.jpg
1182421342140900004373,ACEH,ACEH BESAR,INGIN JAYA,MEUNASAH TUTONG,TPS 1,2019-10-23 23:00:03,14,250,286,266,266,264,2,https://pemilu2019.kpu.go.id/img/c/900/004/900004373/1-2140-1-C-XXX-X5.jpg,https://pemilu2019.kpu.go.id/img/c/900/004/900004373/1-2140-1-C-XXX-X6.jpg
1182421342140900004374,ACEH,ACEH BESAR,INGIN JAYA,MEUNASAH TUTONG,TPS 2,2019-10-23 23:00:03,4,58,67,62,62,62,0,https://pemilu2019.kpu.go.id/img/c/900/004/900004374/1-2140-2-C-XXX-X5.jpg,https://pemilu2019.kpu.go.id/img/c/900/004/900004374/1-2140-2-C-XXX-X6.jpg
1182421342169900004435,ACEH,ACEH BESAR,INGIN JAYA,PALEUH BLANG,TPS 1,2019-10-23 23:00:03,15,238,286,257,257,253,4,https://pemilu2019.kpu.go.id/img/c/900/004/900004435/2-2169-1-C-XXX-X5.jpg,https://pemilu2019.kpu.go.id/img/c/900/004/900004435/2-2169-1-C-XXX-X6.jpg
1182421342169900004436,ACEH,ACEH BESAR,INGIN JAYA,PALEUH BLANG,TPS 2,2019-10-23 23:00:03,11,44,62,56,56,55,1,https://pemilu2019.kpu.go.id/img/c/900/004/900004436/1-2169-2-C-XXX-X5.jpg,https://pemilu2019.kpu.go.id/img/c/900/004/900004436/1-2169-2-C-XXX-X6.jpg
1182421342172900004439,ACEH,ACEH BESAR,INGIN JAYA,PALEUH PULO,TPS 1,2019-10-23 23:00:03,19,246,275,269,269,265,4,https://pemilu2019.kpu.go.id/img/c/900/004/900004439/1-2172-1-C-XXX-X5.jpg,https://pemilu2019.kpu.go.id/img/c/900/004/900004439/1-2172-1-C-XXX-X6.jpg
1182421342172900004440,ACEH,ACEH BESAR,INGIN JAYA,PALEUH PULO,TPS 2,2019-10-23 23:00:03,10,35,49,49,46,45,1,https://pemilu2019.kpu.go.id/img/c/900/004/900004440/1-2172-2-C-XXX-X5.jpg,https://pemilu2019.kpu.go.id/img/c/900/004/900004440/1-2172-2-C-XXX-X6.jpg
1182421342162900004418,ACEH,ACEH BESAR,INGIN JAYA,PANTEE,TPS 1,2019-10-23 23:00:03,10,194,233,210,210,204,6,https://pemilu2019.kpu.go.id/img/c/900/004/900004418/1-2162-1-C-XXX-X5.jpg,https://pemilu2019.kpu.go.id/img/c/900/004/900004418/1-2162-1-C-XXX-X6.jpg
1182421342162900004419,ACEH,ACEH BESAR,INGIN JAYA,PANTEE,TPS 2,2019-10-23 23:00:03,19,183,226,203,203,202,1,https://pemilu2019.kpu.go.id/img/c/900/004/900004419/2-2162-2-C1-PPWP-X1.jpg,https://pemilu2019.kpu.go.id/img/c/900/004/900004419/2-2162-2-C1-PPWP-X2.jpg
1182421342162900004420,ACEH,ACEH BESAR,INGIN JAYA,PANTEE,TPS 3,2019-10-23 23:00:03,19,168,229,189,189,187,2,https://pemilu2019.kpu.go.id/img/c/900/004/900004420/1-2162-3-C-XXX-X5.jpg,https://pemilu2019.kpu.go.id/img/c/900/004/900004420/1-2162-3-C-XXX-X6.jpg
1182421342147900004388,ACEH,ACEH BESAR,INGIN JAYA,PASIE LUBUK,TPS 1,2019-10-23 23:00:03,20,237,279,279,265,257,8,https://pemilu2019.kpu.go.id/img/c/900/004/900004388/1-2147-1-C-XXX-X5.jpg,https://pemilu2019.kpu.go.id/img/c/900/004/900004388/1-2147-1-C-XXX-X6.jpg
1182421342142900004378,ACEH,ACEH BESAR,INGIN JAYA,PASI LAMGAROT,TPS 1,2019-10-23 23:00:03,10,275,296,287,287,285,2,https://pemilu2019.kpu.go.id/img/c/900/004/900004378/1-2142-1-C1-PPWP-X1.jpg,https://pemilu2019.kpu.go.id/img/c/900/004/900004378/1-2142-1-C1-PPWP-X2.jpg
1182421342142900004379,ACEH,ACEH BESAR,INGIN JAYA,PASI LAMGAROT,TPS 2,2019-10-23 23:00:03,11,281,309,301,301,292,9,https://pemilu2019.kpu.go.id/img/c/900/004/900004379/1-2142-2-C1-PPWP-X1.jpg,https://pemilu2019.kpu.go.id/img/c/900/004/900004379/1-2142-2-C1-PPWP-X2.jpg
1182421342168900004432,ACEH,ACEH BESAR,INGIN JAYA,REULOH,TPS 1,2019-10-23 23:00:03,11,279,291,297,297,290,7,https://pemilu2019.kpu.go.id/img/c/900/004/900004432/1-2168-1-C-XXX-X5.jpg,https://pemilu2019.kpu.go.id/img/c/900/004/900004432/1-2168-1-C-XXX-X6.jpg
1182421342168900004433,ACEH,ACEH BESAR,INGIN JAYA,REULOH,TPS 2,2019-10-23 23:00:03,19,244,286,267,267,263,4,https://pemilu2019.kpu.go.id/img/c/900/004/900004433/1-2168-2-C-XXX-X5.jpg,https://pemilu2019.kpu.go.id/img/c/900/004/900004433/1-2168-2-C-XXX-X6.jpg
1182421342168900004434,ACEH,ACEH BESAR,INGIN JAYA,REULOH,TPS 3,2019-10-23 23:00:03,24,228,298,255,255,252,3,https://pemilu2019.kpu.go.id/img/c/900/004/900004434/1-2168-3-C-XXX-X5.jpg,https://pemilu2019.kpu.go.id/img/c/900/004/900004434/1-2168-3-C-XXX-X6.jpg
1182421342166900004426,ACEH,ACEH BESAR,INGIN JAYA,SANTAN,TPS 1,2019-10-23 23:00:03,28,227,296,258,258,255,3,https://pemilu2019.kpu.go.id/img/c/900/004/900004426/1-2166-1-C-XXX-X5.jpg,https://pemilu2019.kpu.go.id/img/c/900/004/900004426/1-2166-1-C-XXX-X6.jpg
1182421342166900004427,ACEH,ACEH BESAR,INGIN JAYA,SANTAN,TPS 2,2019-10-23 23:00:03,38,183,234,226,226,221,5,https://pemilu2019.kpu.go.id/img/c/900/004/900004427/1-2166-2-C-XXX-X5.jpg,https://pemilu2019.kpu.go.id/img/c/900/004/900004427/1-2166-2-C-XXX-X6.jpg
1182421342141900004375,ACEH,ACEH BESAR,INGIN JAYA,SIRON,TPS 1,2019-10-23 23:00:03,12,170,214,183,183,182,1,https://pemilu2019.kpu.go.id/img/c/900/004/900004375/1-2141-1-C-XXX-X5.jpg,https://pemilu2019.kpu.go.id/img/c/900/004/900004375/1-2141-1-C-XXX-X6.jpg
1182421342141900004376,ACEH,ACEH BESAR,INGIN JAYA,SIRON,TPS 2,2019-10-23 23:00:03,9,169,218,180,180,178,2,https://pemilu2019.kpu.go.id/img/c/900/004/900004376/1-2141-2-C-XXX-X5.jpg,https://pemilu2019.kpu.go.id/img/c/900/004/900004376/1-2141-2-C-XXX-X6.jpg
1182421342141900004377,ACEH,ACEH BESAR,INGIN JAYA,SIRON,TPS 3,2019-10-23 23:00:03,8,189,231,201,201,197,4,https://pemilu2019.kpu.go.id/img/c/900/004/900004377/1-2141-3-C-XXX-X5.jpg,https://pemilu2019.kpu.go.id/img/c/900/004/900004377/1-2141-3-C-XXX-X6.jpg
1182421342167900004428,ACEH,ACEH BESAR,INGIN JAYA,TANJONG,TPS 1,2019-10-23 23:00:03,23,173,264,199,199,196,3,https://pemilu2019.kpu.go.id/img/c/900/004/900004428/1-2167-1-C-XXX-X5.jpg,https://pemilu2019.kpu.go.id/img/c/900/004/900004428/1-2167-1-C-XXX-X6.jpg
1182421342167900004429,ACEH,ACEH BESAR,INGIN JAYA,TANJONG,TPS 2,2019-10-23 23:00:03,20,199,264,222,222,219,3,https://pemilu2019.kpu.go.id/img/c/900/004/900004429/1-2167-2-C1-PPWP-X1.jpg,https://pemilu2019.kpu.go.id/img/c/900/004/900004429/1-2167-2-C1-PPWP-X2.jpg
1182421342167900004430,ACEH,ACEH BESAR,INGIN JAYA,TANJONG,TPS 3,2019-10-23 23:00:03,15,186,245,204,204,201,3,https://pemilu2019.kpu.go.id/img/c/900/004/900004430/1-2167-3-C-XXX-X5.jpg,https://pemilu2019.kpu.go.id/img/c/900/004/900004430/1-2167-3-C-XXX-X6.jpg
1182421342167900004431,ACEH,ACEH BESAR,INGIN JAYA,TANJONG,TPS 4,2019-10-23 23:00:03,14,192,295,206,206,206,0,https://pemilu2019.kpu.go.id/img/c/900/004/900004431/1-2167-4-C-XXX-X5.jpg,https://pemilu2019.kpu.go.id/img/c/900/004/900004431/1-2167-4-C-XXX-X6.jpg
1182421342149900004390,ACEH,ACEH BESAR,INGIN JAYA,TEUBANG PHUI,TPS 1,2019-10-23 23:00:03,9,185,216,197,197,194,3,https://pemilu2019.kpu.go.id/img/c/900/004/900004390/1-2149-1-C-XXX-X5.jpg,https://pemilu2019.kpu.go.id/img/c/900/004/900004390/1-2149-1-C-XXX-X6.jpg
1182421342178900004447,ACEH,ACEH BESAR,INGIN JAYA,UJONG XII,TPS 1,2019-10-23 23:00:03,21,147,181,171,171,168,3,https://pemilu2019.kpu.go.id/img/c/900/004/900004447/1-2178-1-C-XXX-X5.jpg,https://pemilu2019.kpu.go.id/img/c/900/004/900004447/1-2178-1-C-XXX-X6.jpg
1182423082334900004730,ACEH,ACEH BESAR,KOTA COT GLIE,BAK SUKON,TPS 1,2019-10-23 23:00:03,25,185,251,238,230,210,18,https://pemilu2019.kpu.go.id/img/c/900/004/900004730/2334-1-C1-PPWP-X1.jpg,https://pemilu2019.kpu.go.id/img/c/900/004/900004730/2334-1-C1-PPWP-X2.jpg
1182423082334900004731,ACEH,ACEH BESAR,KOTA COT GLIE,BAK SUKON,TPS 2,2019-10-23 23:00:03,26,159,226,193,193,185,8,https://pemilu2019.kpu.go.id/img/c/900/004/900004731/2334-2-C-XXX-X5.jpg,https://pemilu2019.kpu.go.id/img/c/900/004/900004731/2334-2-C-XXX-X6.jpg
1182423082321900004712,ACEH,ACEH BESAR,KOTA COT GLIE,BANDASAFA,TPS 1,2019-10-23 23:00:03,8,173,197,186,186,181,5,https://pemilu2019.kpu.go.id/img/c/900/004/900004712/2321-1-C-XXX-X5.jpg,https://pemilu2019.kpu.go.id/img/c/900/004/900004712/2321-1-C-XXX-X6.jpg
1182423082321900004713,ACEH,ACEH BESAR,KOTA COT GLIE,BANDASAFA,TPS 2,2019-10-23 23:00:03,10,152,184,168,168,162,6,https://pemilu2019.kpu.go.id/img/c/900/004/900004713/2321-2-C1-PPWP-X1.jpg,https://pemilu2019.kpu.go.id/img/c/900/004/900004713/2321-2-C1-PPWP-X2.jpg
1182423082319900004709,ACEH,ACEH BESAR,KOTA COT GLIE,BARIH LHOK,TPS 1,2019-10-23 23:00:03,23,125,163,154,154,148,6,https://pemilu2019.kpu.go.id/img/c/900/004/900004709/2319-1-C1-PPWP-X1.jpg,https://pemilu2019.kpu.go.id/img/c/900/004/900004709/2319-1-C1-PPWP-X2.jpg
1182423082322900004714,ACEH,ACEH BESAR,KOTA COT GLIE,BITHAK,TPS 1,2019-10-23 23:00:03,12,130,163,149,149,142,7,https://pemilu2019.kpu.go.id/img/c/900/004/900004714/2322-1-C-XXX-X5.jpg,https://pemilu2019.kpu.go.id/img/c/900/004/900004714/2322-1-C-XXX-X6.jpg
1182423082322900004715,ACEH,ACEH BESAR,KOTA COT GLIE,BITHAK,TPS 2,2019-10-23 23:00:03,7,113,144,126,126,120,6,https://pemilu2019.kpu.go.id/img/c/900/004/900004715/2322-2-C-XXX-X5.jpg,https://pemilu2019.kpu.go.id/img/c/900/004/900004715/2322-2-C-XXX-X6.jpg
1182423082320900004710,ACEH,ACEH BESAR,KOTA COT GLIE,BUENG SIMEK,TPS 1,2019-10-23 23:00:03,6,145,194,156,156,151,5,https://pemilu2019.kpu.go.id/img/c/900/004/900004710/2320-1-C1-PPWP-X1.jpg,https://pemilu2019.kpu.go.id/img/c/900/004/900004710/2320-1-C1-PPWP-X2.jpg
1182423082320900004711,ACEH,ACEH BESAR,KOTA COT GLIE,BUENG SIMEK,TPS 2,2019-10-23 23:00:03,12,137,184,163,163,149,14,https://pemilu2019.kpu.go.id/img/c/900/004/900004711/2320-2-C1-PPWP-X1.jpg,https://pemilu2019.kpu.go.id/img/c/900/004/900004711/2320-2-C1-PPWP-X2.jpg
1182423082335900004732,ACEH,ACEH BESAR,KOTA COT GLIE,COT BAYU,TPS 1,2019-10-23 23:00:03,25,187,246,224,224,212,12,https://pemilu2019.kpu.go.id/img/c/900/004/900004732/2335-1-C-XXX-X5.jpg,https://pemilu2019.kpu.go.id/img/c/900/004/900004732/2335-1-C-XXX-X6.jpg
1182423082336900004733,ACEH,ACEH BESAR,KOTA COT GLIE,GLEE JAI,TPS 1,2019-10-23 23:00:03,20,210,267,245,245,230,15,https://pemilu2019.kpu.go.id/img/c/900/004/900004733/2336-1-C-XXX-X5.jpg,https://pemilu2019.kpu.go.id/img/c/900/004/900004733/2336-1-C-XXX-X6.jpg
1182423082317900004705,ACEH,ACEH BESAR,KOTA COT GLIE,IE ALANG DAYAH,TPS 1,2019-10-23 23:00:03,7,181,193,189,189,188,1,https://pemilu2019.kpu.go.id/img/c/900/004/900004705/2317-1-C-XXX-X5.jpg,https://pemilu2019.kpu.go.id/img/c/900/004/900004705/2317-1-C-XXX-X6.jpg
1182423082317900004706,ACEH,ACEH BESAR,KOTA COT GLIE,IE ALANG DAYAH,TPS 2,2019-10-23 23:00:03,8,187,196,196,196,195,1,https://pemilu2019.kpu.go.id/img/c/900/004/900004706/2317-2-C-XXX-X5.jpg,https://pemilu2019.kpu.go.id/img/c/900/004/900004706/2317-2-C-XXX-X6.jpg
1182423082315900004702,ACEH,ACEH BESAR,KOTA COT GLIE,IE ALANG LAM GHUI,TPS 1,2019-10-23 23:00:03,13,219,244,242,242,232,10,https://pemilu2019.kpu.go.id/img/c/900/004/900004702/2315-1-C-XXX-X5.jpg,https://pemilu2019.kpu.go.id/img/c/900/004/900004702/2315-1-C-XXX-X6.jpg
1182423082314900004701,ACEH,ACEH BESAR,KOTA COT GLIE,IE ALANG LAM KREUMEUH,TPS 1,2019-10-23 23:00:03,4,86,107,99,99,90,9,https://pemilu2019.kpu.go.id/img/c/900/004/900004701/2314-1-C-XXX-X5.jpg,https://pemilu2019.kpu.go.id/img/c/900/004/900004701/2314-1-C-XXX-X6.jpg
1182423082316900004703,ACEH,ACEH BESAR,KOTA COT GLIE,IE ALANG MESJID,TPS 1,2019-10-23 23:00:03,8,187,210,198,198,195,3,https://pemilu2019.kpu.go.id/img/c/900/004/900004703/2316-1-C-XXX-X5.jpg,https://pemilu2019.kpu.go.id/img/c/900/004/900004703/2316-1-C-XXX-X6.jpg
1182423082316900004704,ACEH,ACEH BESAR,KOTA COT GLIE,IE ALANG MESJID,TPS 2,2019-10-23 23:00:03,18,134,168,156,156,152,4,https://pemilu2019.kpu.go.id/img/c/900/004/900004704/2316-2-C-XXX-X5.jpg,https://pemilu2019.kpu.go.id/img/c/900/004/900004704/2316-2-C-XXX-X6.jpg
1182423082331900004727,ACEH,ACEH BESAR,KOTA COT GLIE,KEUMIREU,TPS 1,2019-10-23 23:00:03,24,212,267,246,246,236,10,https://pemilu2019.kpu.go.id/img/c/900/004/900004727/2331-1-C-XXX-X5.jpg,https://pemilu2019.kpu.go.id/img/c/900/004/900004727/2331-1-C-XXX-X6.jpg
1182423082337900004734,ACEH,ACEH BESAR,KOTA COT GLIE,KEURUWEUNG BLANG,TPS 1,2019-10-23 23:00:03,14,161,201,184,184,175,9,https://pemilu2019.kpu.go.id/img/c/900/004/900004734/2337-1-C-XXX-X5.jpg,https://pemilu2019.kpu.go.id/img/c/900/004/900004734/2337-1-C-XXX-X6.jpg
1182423082337900004735,ACEH,ACEH BESAR,KOTA COT GLIE,KEURUWEUNG BLANG,TPS 2,2019-10-23 23:00:03,21,109,160,140,140,130,10,https://pemilu2019.kpu.go.id/img/c/900/004/900004735/2337-2-C-XXX-X5.jpg,https://pemilu2019.kpu.go.id/img/c/900/004/900004735/2337-2-C-XXX-X6.jpg
1182423082338900004736,ACEH,ACEH BESAR,KOTA COT GLIE,KEURUWEUNG KRUENG,TPS 1,2019-10-23 23:00:03,33,175,243,212,212,208,4,https://pemilu2019.kpu.go.id/img/c/900/004/900004736/2338-1-C-XXX-X5.jpg,https://pemilu2019.kpu.go.id/img/c/900/004/900004736/2338-1-C-XXX-X6.jpg
1182423082311900004696,ACEH,ACEH BESAR,KOTA COT GLIE,LAM ALING,TPS 1,2019-10-23 23:00:03,29,232,289,265,265,261,4,https://pemilu2019.kpu.go.id/img/c/900/004/900004696/2311-1-C-XXX-X5.jpg,https://pemilu2019.kpu.go.id/img/c/900/004/900004696/2311-1-C-XXX-X6.jpg
1182423082311900004697,ACEH,ACEH BESAR,KOTA COT GLIE,LAM ALING,TPS 2,2019-10-23 23:00:03,12,155,185,170,170,167,3,https://pemilu2019.kpu.go.id/img/c/900/004/900004697/2311-2-C-XXX-X5.jpg,https://pemilu2019.kpu.go.id/img/c/900/004/900004697/2311-2-C-XXX-X6.jpg
1182423082323900004716,ACEH,ACEH BESAR,KOTA COT GLIE,LAM BEUGAK,TPS 1,2019-10-23 23:00:03,10,227,251,246,241,237,4,https://pemilu2019.kpu.go.id/img/c/900/004/900004716/2323-1-C-XXX-X5.jpg,https://pemilu2019.kpu.go.id/img/c/900/004/900004716/2323-1-C-XXX-X6.jpg
1182423082323900004717,ACEH,ACEH BESAR,KOTA COT GLIE,LAM BEUGAK,TPS 2,2019-10-23 23:00:03,21,232,258,258,258,253,5,https://pemilu2019.kpu.go.id/img/c/900/004/900004717/2323-2-C-XXX-X5.jpg,https://pemilu2019.kpu.go.id/img/c/900/004/900004717/2323-2-C-XXX-X6.jpg
1182423082313900004700,ACEH,ACEH BESAR,KOTA COT GLIE,LAM KLENG,TPS 1,2019-10-23 23:00:03,13,196,221,216,216,209,7,https://pemilu2019.kpu.go.id/img/c/900/004/900004700/2313-1-C-XXX-X5.jpg,https://pemilu2019.kpu.go.id/img/c/900/004/900004700/2313-1-C-XXX-X6.jpg
1182423082332900004728,ACEH,ACEH BESAR,KOTA COT GLIE,LAM LEUOT,TPS 1,2019-10-23 23:00:03,5,112,139,126,126,117,9,https://pemilu2019.kpu.go.id/img/c/900/004/900004728/2332-1-C-XXX-X5.jpg,https://pemilu2019.kpu.go.id/img/c/900/004/900004728/2332-1-C-XXX-X6.jpg
1182423082312900004698,ACEH,ACEH BESAR,KOTA COT GLIE,LAM LEUPUNG,TPS 1,2019-10-23 23:00:03,15,218,274,239,239,233,6,https://pemilu2019.kpu.go.id/img/c/900/004/900004698/2312-1-C-XXX-X5.jpg,https://pemilu2019.kpu.go.id/img/c/900/004/900004698/2312-1-C-XXX-X6.jpg
1182423082312900004699,ACEH,ACEH BESAR,KOTA COT GLIE,LAM LEUPUNG,TPS 2,2019-10-23 23:00:03,24,182,238,217,217,206,11,https://pemilu2019.kpu.go.id/img/c/900/004/900004699/2312-2-C1-PPWP-X1.jpg,https://pemilu2019.kpu.go.id/img/c/900/004/900004699/2312-2-C1-PPWP-X2.jpg
1182423082309900004692,ACEH,ACEH BESAR,KOTA COT GLIE,LAMPAKUK,TPS 1,2019-10-23 23:00:03,25,223,287,252,252,248,4,https://pemilu2019.kpu.go.id/img/c/900/004/900004692/2309-1-C-XXX-X5.jpg,https://pemilu2019.kpu.go.id/img/c/900/004/900004692/2309-1-C-XXX-X6.jpg
1182423082309900004693,ACEH,ACEH BESAR,KOTA COT GLIE,LAMPAKUK,TPS 2,2019-10-23 23:00:03,35,166,227,203,203,206,2,https://pemilu2019.kpu.go.id/img/c/900/004/900004693/2309-2-C1-PPWP-X1.jpg,https://pemilu2019.kpu.go.id/img/c/900/004/900004693/2309-2-C1-PPWP-X2.jpg
1182423082310900004694,ACEH,ACEH BESAR,KOTA COT GLIE,LAMPOH RAJA,TPS 1,2019-10-23 23:00:03,10,160,180,173,173,170,3,https://pemilu2019.kpu.go.id/img/c/900/004/900004694/2310-1-C1-PPWP-X1.jpg,https://pemilu2019.kpu.go.id/img/c/900/004/900004694/2310-1-C1-PPWP-X2.jpg
1182423082310900004695,ACEH,ACEH BESAR,KOTA COT GLIE,LAMPOH RAJA,TPS 2,2019-10-23 23:00:03,25,150,180,178,178,175,3,https://pemilu2019.kpu.go.id/img/c/900/004/900004695/2310-2-C1-PPWP-X1.jpg,https://pemilu2019.kpu.go.id/img/c/900/004/900004695/2310-2-C1-PPWP-X2.jpg
1182423082325900004719,ACEH,ACEH BESAR,KOTA COT GLIE,LAMSIE,TPS 1,2019-10-23 23:00:03,19,203,285,232,232,222,10,https://pemilu2019.kpu.go.id/img/c/900/004/900004719/2325-1-C-XXX-X5.jpg,https://pemilu2019.kpu.go.id/img/c/900/004/900004719/2325-1-C-XXX-X6.jpg
1182423082325900004720,ACEH,ACEH BESAR,KOTA COT GLIE,LAMSIE,TPS 2,2019-10-23 23:00:03,9,79,103,93,93,88,5,https://pemilu2019.kpu.go.id/img/c/900/004/900004720/2325-2-C-XXX-X5.jpg,https://pemilu2019.kpu.go.id/img/c/900/004/900004720/2325-2-C-XXX-X6.jpg
1182423082318900004707,ACEH,ACEH BESAR,KOTA COT GLIE,LAMTUI,TPS 1,2019-10-23 23:00:03,16,141,173,160,160,157,3,https://pemilu2019.kpu.go.id/img/c/900/004/900004707/2-2318-1-C-XXX-X5.jpg,https://pemilu2019.kpu.go.id/img/c/900/004/900004707/2-2318-1-C-XXX-X6.jpg
1182423082318900004708,ACEH,ACEH BESAR,KOTA COT GLIE,LAMTUI,TPS 2,2019-10-23 23:00:03,4,153,185,162,162,157,5,https://pemilu2019.kpu.go.id/img/c/900/004/900004708/1-2318-2-C-XXX-X5.jpg,https://pemilu2019.kpu.go.id/img/c/900/004/900004708/1-2318-2-C-XXX-X6.jpg
1182423082333900004729,ACEH,ACEH BESAR,KOTA COT GLIE,LEUPUNG BALEU,TPS 1,2019-10-23 23:00:03,58,180,288,246,246,238,8,https://pemilu2019.kpu.go.id/img/c/900/004/900004729/1-2333-1-C1-PPWP-X1.jpg,https://pemilu2019.kpu.go.id/img/c/900/004/900004729/1-2333-1-C1-PPWP-X2.jpg
1182423082330900004726,ACEH,ACEH BESAR,KOTA COT GLIE,LEUPUNG BRUK,TPS 1,2019-10-23 23:00:03,17,110,131,131,131,127,4,https://pemilu2019.kpu.go.id/img/c/900/004/900004726/1-2330-1-C-XXX-X5.jpg,https://pemilu2019.kpu.go.id/img/c/900/004/900004726/1-2330-1-C-XXX-X6.jpg
1182423082329900004724,ACEH,ACEH BESAR,KOTA COT GLIE,MAHENG,TPS 1,2019-10-23 23:00:03,15,158,207,181,181,173,8,https://pemilu2019.kpu.go.id/img/c/900/004/900004724/1-2329-1-C-XXX-X5.jpg,https://pemilu2019.kpu.go.id/img/c/900/004/900004724/1-2329-1-C-XXX-X6.jpg
1182423082329900004725,ACEH,ACEH BESAR,KOTA COT GLIE,MAHENG,TPS 2,2019-10-23 23:00:03,14,235,272,260,260,249,11,https://pemilu2019.kpu.go.id/img/c/900/004/900004725/1-2329-2-C-XXX-X5.jpg,https://pemilu2019.kpu.go.id/img/c/900/004/900004725/1-2329-2-C-XXX-X6.jpg
1182423082324900004718,ACEH,ACEH BESAR,KOTA COT GLIE,PAKUK,TPS 1,2019-10-23 23:00:03,23,123,166,153,153,146,7,https://pemilu2019.kpu.go.id/img/c/900/004/900004718/1-2324-1-C-XXX-X5.jpg,https://pemilu2019.kpu.go.id/img/c/900/004/900004718/1-2324-1-C-XXX-X6.jpg
1182423082328900004723,ACEH,ACEH BESAR,KOTA COT GLIE,PASAR LAMPAKUK,TPS 1,2019-10-23 23:00:03,6,113,123,120,120,119,1,https://pemilu2019.kpu.go.id/img/c/900/004/900004723/1-2328-1-C1-PPWP-X1.jpg,https://pemilu2019.kpu.go.id/img/c/900/004/900004723/1-2328-1-C1-PPWP-X2.jpg
1182423082326900004721,ACEH,ACEH BESAR,KOTA COT GLIE,SIGAPANG,TPS 1,2019-10-23 23:00:03,24,140,173,171,171,164,7,https://pemilu2019.kpu.go.id/img/c/900/004/900004721/1-2326-1-C1-PPWP-X1.jpg,https://pemilu2019.kpu.go.id/img/c/900/004/900004721/1-2326-1-C1-PPWP-X2.jpg
1182423082339900004737,ACEH,ACEH BESAR,KOTA COT GLIE,SIRON BLANG,TPS 1,2019-10-23 23:00:03,27,234,281,263,263,261,2,https://pemilu2019.kpu.go.id/img/c/900/004/900004737/1-2339-1-C-XXX-X5.jpg,https://pemilu2019.kpu.go.id/img/c/900/004/900004737/1-2339-1-C-XXX-X6.jpg
1182423082340900004738,ACEH,ACEH BESAR,KOTA COT GLIE,SIRON KRUENG,TPS 1,2019-10-23 23:00:03,14,103,126,121,121,117,4,https://pemilu2019.kpu.go.id/img/c/900/004/900004738/1-2340-1-C-XXX-X5.jpg,https://pemilu2019.kpu.go.id/img/c/900/004/900004738/1-2340-1-C-XXX-X6.jpg
1182423082327900004722,ACEH,ACEH BESAR,KOTA COT GLIE,TUTUI,TPS 1,2019-10-23 23:00:03,20,205,275,241,241,225,16,https://pemilu2019.kpu.go.id/img/c/900/004/900004722/1-2327-1-C-XXX-X5.jpg,https://pemilu2019.kpu.go.id/img/c/900/004/900004722/1-2327-1-C-XXX-X6.jpg
1182422942298900004672,ACEH,ACEH BESAR,KOTA JANTHO,AWEK,TPS 1,2019-10-23 23:00:03,28,81,126,112,112,109,3,https://pemilu2019.kpu.go.id/img/c/900/004/900004672/1-2298-1-C-XXX-X5.jpg,https://pemilu2019.kpu.go.id/img/c/900/004/900004672/1-2298-1-C-XXX-X6.jpg
1182422942296900004669,ACEH,ACEH BESAR,KOTA JANTHO,BARUEH,TPS 1,2019-10-23 23:00:03,17,157,176,174,174,174,0,https://pemilu2019.kpu.go.id/img/c/900/004/900004669/1-2296-1-C-XXX-X5.jpg,https://pemilu2019.kpu.go.id/img/c/900/004/900004669/1-2296-1-C-XXX-X6.jpg
1182422942296900004670,ACEH,ACEH BESAR,KOTA JANTHO,BARUEH,TPS 2,2019-10-23 23:00:03,7,114,129,123,123,121,2,https://pemilu2019.kpu.go.id/img/c/900/004/900004670/1-2296-2-C-XXX-X5.jpg,https://pemilu2019.kpu.go.id/img/c/900/004/900004670/1-2296-2-C-XXX-X6.jpg
1182422942300900004674,ACEH,ACEH BESAR,KOTA JANTHO,BUENG,TPS 1,2019-10-23 23:00:03,13,138,175,159,159,151,8,https://pemilu2019.kpu.go.id/img/c/900/004/900004674/4-2300-1-C-XXX-X5.jpg,https://pemilu2019.kpu.go.id/img/c/900/004/900004674/4-2300-1-C-XXX-X6.jpg
1182422942307900004689,ACEH,ACEH BESAR,KOTA JANTHO,BUKET MEUSARA,TPS 1,2019-10-23 23:00:03,29,246,312,286,286,275,11,https://pemilu2019.kpu.go.id/img/c/900/004/900004689/1-2307-1-C-XXX-X5.jpg,https://pemilu2019.kpu.go.id/img/c/900/004/900004689/1-2307-1-C-XXX-X6.jpg
1182422942307900004690,ACEH,ACEH BESAR,KOTA JANTHO,BUKET MEUSARA,TPS 2,2019-10-23 23:00:03,22,228,298,257,257,250,7,https://pemilu2019.kpu.go.id/img/c/900/004/900004690/1-2307-2-C-XXX-X5.jpg,https://pemilu2019.kpu.go.id/img/c/900/004/900004690/1-2307-2-C-XXX-X6.jpg
1182422942307900004691,ACEH,ACEH BESAR,KOTA JANTHO,BUKET MEUSARA,TPS 3,2019-10-23 23:00:03,18,203,273,225,225,221,4,https://pemilu2019.kpu.go.id/img/c/900/004/900004691/1-2307-3-C-XXX-X5.jpg,https://pemilu2019.kpu.go.id/img/c/900/004/900004691/1-2307-3-C-XXX-X6.jpg
1182422942304900004678,ACEH,ACEH BESAR,KOTA JANTHO,CUCUM,TPS 1,2019-10-23 23:00:03,25,130,216,160,160,155,5,https://pemilu2019.kpu.go.id/img/c/900/004/900004678/1-2304-1-C-XXX-X5.jpg,https://pemilu2019.kpu.go.id/img/c/900/004/900004678/1-2304-1-C-XXX-X6.jpg
1182422942304900004679,ACEH,ACEH BESAR,KOTA JANTHO,CUCUM,TPS 2,2019-10-23 23:00:03,3,87,127,90,90,90,0,https://pemilu2019.kpu.go.id/img/c/900/004/900004679/1-2304-2-C-XXX-X5.jpg,https://pemilu2019.kpu.go.id/img/c/900/004/900004679/1-2304-2-C-XXX-X6.jpg
1182422942299900004673,ACEH,ACEH BESAR,KOTA JANTHO,DATA CUT,TPS 1,2019-10-23 23:00:03,1,65,71,67,67,66,1,https://pemilu2019.kpu.go.id/img/c/900/004/900004673/1-2299-1-C-XXX-X5.jpg,https://pemilu2019.kpu.go.id/img/c/900/004/900004673/1-2299-1-C-XXX-X6.jpg
1182422942302900004676,ACEH,ACEH BESAR,KOTA JANTHO,JALIN,TPS 1,2019-10-23 23:00:03,13,155,183,170,170,168,2,https://pemilu2019.kpu.go.id/img/c/900/004/900004676/2302-1-C-XXX-X5.jpg,https://pemilu2019.kpu.go.id/img/c/900/004/900004676/2302-1-C-XXX-X6.jpg
1182422942297900004671,ACEH,ACEH BESAR,KOTA JANTHO,JANTHO,TPS 1,2019-10-23 23:00:03,5,98,108,104,104,103,1,https://pemilu2019.kpu.go.id/img/c/900/004/900004671/2297-1-C-XXX-X5.jpg,https://pemilu2019.kpu.go.id/img/c/900/004/900004671/2297-1-C-XXX-X6.jpg
1182422942305900004680,ACEH,ACEH BESAR,KOTA JANTHO,JANTHO BARU,TPS 1,2019-10-23 23:00:03,56,183,290,245,245,239,6,https://pemilu2019.kpu.go.id/img/c/900/004/900004680/1-2305-1-C-XXX-X5.jpg,https://pemilu2019.kpu.go.id/img/c/900/004/900004680/1-2305-1-C-XXX-X6.jpg
1182422942305900004681,ACEH,ACEH BESAR,KOTA JANTHO,JANTHO BARU,TPS 2,2019-10-23 23:00:03,89,158,290,248,248,247,1,https://pemilu2019.kpu.go.id/img/c/900/004/900004681/2-2305-2-C-XXX-X5.jpg,https://pemilu2019.kpu.go.id/img/c/900/004/900004681/2-2305-2-C-XXX-X6.jpg
1182422942305900004682,ACEH,ACEH BESAR,KOTA JANTHO,JANTHO BARU,TPS 3,2019-10-23 23:00:03,38,159,242,199,199,197,2,https://pemilu2019.kpu.go.id/img/c/900/004/900004682/1-2305-3-C-XXX-X5.jpg,https://pemilu2019.kpu.go.id/img/c/900/004/900004682/1-2305-3-C-XXX-X6.jpg
1182422942306900004683,ACEH,ACEH BESAR,KOTA JANTHO,JANTHO MAKMUR,TPS 1,2019-10-23 23:00:03,19,242,327,265,265,261,4,https://pemilu2019.kpu.go.id/img/c/900/004/900004683/2306-1-C-XXX-X5.jpg,https://pemilu2019.kpu.go.id/img/c/900/004/900004683/2306-1-C-XXX-X6.jpg
1182422942306900004684,ACEH,ACEH BESAR,KOTA JANTHO,JANTHO MAKMUR,TPS 2,2019-10-23 23:00:03,11,241,304,255,255,252,3,https://pemilu2019.kpu.go.id/img/c/900/004/900004684/1-2306-2-C-XXX-X35.jpg,https://pemilu2019.kpu.go.id/img/c/900/004/900004684/1-2306-2-C-XXX-X36.jpg
1182422942306900004685,ACEH,ACEH BESAR,KOTA JANTHO,JANTHO MAKMUR,TPS 3,2019-10-23 23:00:03,26,163,223,190,190,189,1,https://pemilu2019.kpu.go.id/img/c/900/004/900004685/1-2306-3-C1-PPWP-X1.jpg,https://pemilu2019.kpu.go.id/img/c/900/004/900004685/1-2306-3-C1-PPWP-X2.jpg
1182422942306900004686,ACEH,ACEH BESAR,KOTA JANTHO,JANTHO MAKMUR,TPS 4,2019-10-23 23:00:03,33,187,277,227,227,220,7,https://pemilu2019.kpu.go.id/img/c/900/004/900004686/1-2306-4-C1-PPWP-X1.jpg,https://pemilu2019.kpu.go.id/img/c/900/004/900004686/1-2306-4-C1-PPWP-X2.jpg
1182422942306900004687,ACEH,ACEH BESAR,KOTA JANTHO,JANTHO MAKMUR,TPS 5,2019-10-23 23:00:03,26,234,313,262,262,260,2,https://pemilu2019.kpu.go.id/img/c/900/004/900004687/1-2306-5-C-XXX-X5.jpg,https://pemilu2019.kpu.go.id/img/c/900/004/900004687/1-2306-5-C-XXX-X6.jpg
1182422942306900004688,ACEH,ACEH BESAR,KOTA JANTHO,JANTHO MAKMUR,TPS 6,2019-10-23 23:00:03,25,206,308,245,245,231,14,https://pemilu2019.kpu.go.id/img/c/900/004/900004688/1-2306-6-C-XXX-X5.jpg,https://pemilu2019.kpu.go.id/img/c/900/004/900004688/1-2306-6-C-XXX-X6.jpg
1182422942303900004677,ACEH,ACEH BESAR,KOTA JANTHO,SUKA TANI,TPS 1,2019-10-23 23:00:03,4,59,71,64,64,63,1,https://pemilu2019.kpu.go.id/img/c/900/004/900004677/1-2303-1-C-XXX-X5.jpg,https://pemilu2019.kpu.go.id/img/c/900/004/900004677/1-2303-1-C-XXX-X6.jpg
1182422942295900004665,ACEH,ACEH BESAR,KOTA JANTHO,TEUREUBEH,TPS 1,2019-10-23 23:00:03,28,162,299,193,193,190,3,https://pemilu2019.kpu.go.id/img/c/900/004/900004665/1-2295-1-C-XXX-X5.jpg,https://pemilu2019.kpu.go.id/img/c/900/004/900004665/1-2295-1-C-XXX-X6.jpg
1182422942295900004666,ACEH,ACEH BESAR,KOTA JANTHO,TEUREUBEH,TPS 2,2019-10-23 23:00:03,29,193,295,228,228,222,6,https://pemilu2019.kpu.go.id/img/c/900/004/900004666/1-2295-2-C-XXX-X35.jpg,https://pemilu2019.kpu.go.id/img/c/900/004/900004666/1-2295-2-C-XXX-X36.jpg
1182422942295900004667,ACEH,ACEH BESAR,KOTA JANTHO,TEUREUBEH,TPS 3,2019-10-23 23:00:03,20,170,285,199,199,190,9,https://pemilu2019.kpu.go.id/img/c/900/004/900004667/1-2295-3-C-XXX-X5.jpg,https://pemilu2019.kpu.go.id/img/c/900/004/900004667/1-2295-3-C-XXX-X6.jpg
1182422942295900004668,ACEH,ACEH BESAR,KOTA JANTHO,TEUREUBEH,TPS 4,2019-10-23 23:00:03,8,117,181,126,126,125,1,https://pemilu2019.kpu.go.id/img/c/900/004/900004668/1-2295-4-C-XXX-X35.jpg,https://pemilu2019.kpu.go.id/img/c/900/004/900004668/1-2295-4-C-XXX-X36.jpg
1182422942301900004675,ACEH,ACEH BESAR,KOTA JANTHO,WEU,TPS 1,2019-10-23 23:00:03,12,151,180,168,168,163,5,https://pemilu2019.kpu.go.id/img/c/900/004/900004675/1-2301-1-C-XXX-X5.jpg,https://pemilu2019.kpu.go.id/img/c/900/004/900004675/1-2301-1-C-XXX-X6.jpg
