id,provinsi,kabupaten,kecamatan,kelurahan,tps,timestamp,pemilih-1,pemilih-2,total-pemilih,total-pengguna,suara-total,suara-sah,suara-tidak-sah,c1-1,c1-2
1639764386442900013706,ACEH,KOTA BANDA ACEH,SYIAH KUALA,ALUE NAGA,TPS 1,2019-10-25 05:00:03,19,228,309,253,253,247,6,https://pemilu2019.kpu.go.id/img/c/900/013/900013706/6442-1-C-XXX-X5.jpg,https://pemilu2019.kpu.go.id/img/c/900/013/900013706/6442-1-C-XXX-X6.jpg
1639764386442900013707,ACEH,KOTA BANDA ACEH,SYIAH KUALA,ALUE NAGA,TPS 2,2019-10-25 05:00:03,43,185,298,244,244,228,16,https://pemilu2019.kpu.go.id/img/c/900/013/900013707/1-6442-2-C-XXX-X5.jpg,https://pemilu2019.kpu.go.id/img/c/900/013/900013707/1-6442-2-C-XXX-X6.jpg
1639764386442900013708,ACEH,KOTA BANDA ACEH,SYIAH KUALA,ALUE NAGA,TPS 3,2019-10-25 05:00:03,33,189,310,237,237,222,15,https://pemilu2019.kpu.go.id/img/c/900/013/900013708/6442-3-C-XXX-X5.jpg,https://pemilu2019.kpu.go.id/img/c/900/013/900013708/6442-3-C-XXX-X6.jpg
1639764386442900013709,ACEH,KOTA BANDA ACEH,SYIAH KUALA,ALUE NAGA,TPS 4,2019-10-25 05:00:03,38,171,317,223,223,209,14,https://pemilu2019.kpu.go.id/img/c/900/013/900013709/6442-4-C-XXX-X5.jpg,https://pemilu2019.kpu.go.id/img/c/900/013/900013709/6442-4-C-XXX-X6.jpg
1639764386441900013704,ACEH,KOTA BANDA ACEH,SYIAH KUALA,DEYAH RAYA,TPS 1,2019-10-25 05:00:03,34,188,293,238,238,16,222,https://pemilu2019.kpu.go.id/img/c/900/013/900013704/6441-1-C1-PPWP-X1.jpg,https://pemilu2019.kpu.go.id/img/c/900/013/900013704/6441-1-C1-PPWP-X2.jpg
1639764386441900013705,ACEH,KOTA BANDA ACEH,SYIAH KUALA,DEYAH RAYA,TPS 2,2019-10-25 05:00:03,14,218,312,241,241,232,9,https://pemilu2019.kpu.go.id/img/c/900/013/900013705/1-6441-2-C1-PPWP-X1.jpg,https://pemilu2019.kpu.go.id/img/c/900/013/900013705/1-6441-2-C1-PPWP-X2.jpg
1639764386443900013710,ACEH,KOTA BANDA ACEH,SYIAH KUALA,IE MASEN KAYEE ADANG,TPS 01,2019-10-25 05:00:03,17,219,295,239,239,236,3,https://pemilu2019.kpu.go.id/img/c/900/013/900013710/6443-01-C-XXX-X5.jpg,https://pemilu2019.kpu.go.id/img/c/900/013/900013710/6443-01-C-XXX-X6.jpg
1639764386443900013711,ACEH,KOTA BANDA ACEH,SYIAH KUALA,IE MASEN KAYEE ADANG,TPS 02,2019-10-25 05:00:03,18,186,293,208,208,204,4,https://pemilu2019.kpu.go.id/img/c/900/013/900013711/1-6443-02-C-XXX-X5.jpg,https://pemilu2019.kpu.go.id/img/c/900/013/900013711/1-6443-02-C-XXX-X6.jpg
1639764386443900013712,ACEH,KOTA BANDA ACEH,SYIAH KUALA,IE MASEN KAYEE ADANG,TPS 03,2019-10-25 05:00:03,22,207,303,232,232,229,3,https://pemilu2019.kpu.go.id/img/c/900/013/900013712/2-6443-03-C-XXX-X5.jpg,https://pemilu2019.kpu.go.id/img/c/900/013/900013712/2-6443-03-C-XXX-X6.jpg
1639764386443900013713,ACEH,KOTA BANDA ACEH,SYIAH KUALA,IE MASEN KAYEE ADANG,TPS 04,2019-10-25 05:00:03,26,192,295,219,219,218,1,https://pemilu2019.kpu.go.id/img/c/900/013/900013713/1-6443-04-C1-PPWP-X1.jpg,https://pemilu2019.kpu.go.id/img/c/900/013/900013713/1-6443-04-C1-PPWP-X2.jpg
1639764386443900013714,ACEH,KOTA BANDA ACEH,SYIAH KUALA,IE MASEN KAYEE ADANG,TPS 05,2019-10-25 05:00:03,20,212,311,235,235,232,3,https://pemilu2019.kpu.go.id/img/c/900/013/900013714/3-6443-05-C1-PPWP-X1.jpg,https://pemilu2019.kpu.go.id/img/c/900/013/900013714/3-6443-05-C1-PPWP-X2.jpg
1639764386443900013715,ACEH,KOTA BANDA ACEH,SYIAH KUALA,IE MASEN KAYEE ADANG,TPS 06,2019-10-25 05:00:03,21,216,294,241,241,237,4,https://pemilu2019.kpu.go.id/img/c/900/013/900013715/1-6443-06-C-XXX-X5.jpg,https://pemilu2019.kpu.go.id/img/c/900/013/900013715/1-6443-06-C-XXX-X6.jpg
1639764386443900013716,ACEH,KOTA BANDA ACEH,SYIAH KUALA,IE MASEN KAYEE ADANG,TPS 07,2019-10-25 05:00:03,28,195,308,226,226,223,3,https://pemilu2019.kpu.go.id/img/c/900/013/900013716/2-6443-07-C1-PPWP-X1.jpg,https://pemilu2019.kpu.go.id/img/c/900/013/900013716/2-6443-07-C1-PPWP-X2.jpg
1639764386443900013717,ACEH,KOTA BANDA ACEH,SYIAH KUALA,IE MASEN KAYEE ADANG,TPS 08,2019-10-25 05:00:03,26,216,301,247,247,242,5,https://pemilu2019.kpu.go.id/img/c/900/013/900013717/1-6443-08-C-XXX-X5.jpg,https://pemilu2019.kpu.go.id/img/c/900/013/900013717/1-6443-08-C-XXX-X6.jpg
1639764386443900013718,ACEH,KOTA BANDA ACEH,SYIAH KUALA,IE MASEN KAYEE ADANG,TPS 09,2019-10-25 05:00:03,25,205,316,237,237,230,7,https://pemilu2019.kpu.go.id/img/c/900/013/900013718/6443-09-C-XXX-X5.jpg,https://pemilu2019.kpu.go.id/img/c/900/013/900013718/6443-09-C-XXX-X6.jpg
1639764386443900013719,ACEH,KOTA BANDA ACEH,SYIAH KUALA,IE MASEN KAYEE ADANG,TPS 10,2019-10-25 05:00:03,26,223,315,253,255,249,7,https://pemilu2019.kpu.go.id/img/c/900/013/900013719/2-6443-10-C-XXX-X5.jpg,https://pemilu2019.kpu.go.id/img/c/900/013/900013719/2-6443-10-C-XXX-X6.jpg
1639764386439900013689,ACEH,KOTA BANDA ACEH,SYIAH KUALA,JEULINGKE,TPS 01,2019-10-25 05:00:03,22,217,307,241,241,239,2,https://pemilu2019.kpu.go.id/img/c/900/013/900013689/1-6439-01-C1-PPWP-X1.jpg,https://pemilu2019.kpu.go.id/img/c/900/013/900013689/1-6439-01-C1-PPWP-X2.jpg
1639764386439900013690,ACEH,KOTA BANDA ACEH,SYIAH KUALA,JEULINGKE,TPS 02,2019-10-25 05:00:03,18,195,293,217,217,213,4,https://pemilu2019.kpu.go.id/img/c/900/013/900013690/3-6439-02-C1-PPWP-01.jpg,https://pemilu2019.kpu.go.id/img/c/900/013/900013690/3-6439-02-C1-PPWP-02.jpg
1639764386439900013691,ACEH,KOTA BANDA ACEH,SYIAH KUALA,JEULINGKE,TPS 03,2019-10-25 05:00:03,30,184,328,254,216,214,2,https://pemilu2019.kpu.go.id/img/c/900/013/900013691/2-6439-03-C1-PPWP-X1.jpg,https://pemilu2019.kpu.go.id/img/c/900/013/900013691/2-6439-03-C1-PPWP-X2.jpg
1639764386439900013692,ACEH,KOTA BANDA ACEH,SYIAH KUALA,JEULINGKE,TPS 04,2019-10-25 05:00:03,23,186,324,209,209,209,0,https://pemilu2019.kpu.go.id/img/c/900/013/900013692/1-6439-04-C-XXX-X5.jpg,https://pemilu2019.kpu.go.id/img/c/900/013/900013692/1-6439-04-C-XXX-X6.jpg
1639764386439900013693,ACEH,KOTA BANDA ACEH,SYIAH KUALA,JEULINGKE,TPS 05,2019-10-25 05:00:03,32,200,315,244,244,232,12,https://pemilu2019.kpu.go.id/img/c/900/013/900013693/1-6439-05-C-XXX-X5.jpg,https://pemilu2019.kpu.go.id/img/c/900/013/900013693/1-6439-05-C-XXX-X6.jpg
1639764386439900013694,ACEH,KOTA BANDA ACEH,SYIAH KUALA,JEULINGKE,TPS 06,2019-10-25 05:00:03,34,251,366,300,300,290,10,https://pemilu2019.kpu.go.id/img/c/900/013/900013694/1-6439-06-C-XXX-X5.jpg,https://pemilu2019.kpu.go.id/img/c/900/013/900013694/1-6439-06-C-XXX-X6.jpg
1639764386439900013695,ACEH,KOTA BANDA ACEH,SYIAH KUALA,JEULINGKE,TPS 07,2019-10-25 05:00:03,44,182,307,236,236,226,10,https://pemilu2019.kpu.go.id/img/c/900/013/900013695/1-6439-07-C-XXX-X5.jpg,https://pemilu2019.kpu.go.id/img/c/900/013/900013695/1-6439-07-C-XXX-X6.jpg
1639764386439900013696,ACEH,KOTA BANDA ACEH,SYIAH KUALA,JEULINGKE,TPS 08,2019-10-25 05:00:03,27,201,328,227,234,228,6,https://pemilu2019.kpu.go.id/img/c/900/013/900013696/1-6439-08-C1-PPWP-X1.jpg,https://pemilu2019.kpu.go.id/img/c/900/013/900013696/1-6439-08-C1-PPWP-X2.jpg
1639764386439900013697,ACEH,KOTA BANDA ACEH,SYIAH KUALA,JEULINGKE,TPS 09,2019-10-25 05:00:03,21,221,307,246,246,242,4,https://pemilu2019.kpu.go.id/img/c/900/013/900013697/1-6439-09-C-XXX-X5.jpg,https://pemilu2019.kpu.go.id/img/c/900/013/900013697/1-6439-09-C-XXX-X6.jpg
1639764386439900013698,ACEH,KOTA BANDA ACEH,SYIAH KUALA,JEULINGKE,TPS 10,2019-10-25 05:00:03,23,201,320,231,231,224,7,https://pemilu2019.kpu.go.id/img/c/900/013/900013698/1-6439-10-C-XXX-X5.jpg,https://pemilu2019.kpu.go.id/img/c/900/013/900013698/1-6439-10-C-XXX-X6.jpg
1639764386439900013699,ACEH,KOTA BANDA ACEH,SYIAH KUALA,JEULINGKE,TPS 11,2019-10-25 05:00:03,29,232,348,270,270,261,9,https://pemilu2019.kpu.go.id/img/c/900/013/900013699/1-6439-11-C-XXX-X5.jpg,https://pemilu2019.kpu.go.id/img/c/900/013/900013699/1-6439-11-C-XXX-X6.jpg
1639764386446900013739,ACEH,KOTA BANDA ACEH,SYIAH KUALA,KOPELMA DARUSSALAM,TPS 01,2019-10-25 05:00:03,19,174,300,195,195,193,2,https://pemilu2019.kpu.go.id/img/c/900/013/900013739/1-6446-01-C-XXX-X5.jpg,https://pemilu2019.kpu.go.id/img/c/900/013/900013739/1-6446-01-C-XXX-X6.jpg
1639764386446900013740,ACEH,KOTA BANDA ACEH,SYIAH KUALA,KOPELMA DARUSSALAM,TPS 02,2019-10-25 05:00:03,28,183,294,213,213,211,2,https://pemilu2019.kpu.go.id/img/c/900/013/900013740/2-6446-02-C1-PPWP-01.jpg,https://pemilu2019.kpu.go.id/img/c/900/013/900013740/2-6446-02-C1-PPWP-X2.jpg
1639764386446900013741,ACEH,KOTA BANDA ACEH,SYIAH KUALA,KOPELMA DARUSSALAM,TPS 03,2019-10-25 05:00:03,11,172,302,184,184,183,1,https://pemilu2019.kpu.go.id/img/c/900/013/900013741/1-6446-03-C-XXX-X5.jpg,https://pemilu2019.kpu.go.id/img/c/900/013/900013741/1-6446-03-C-XXX-X6.jpg
1639764386446900013742,ACEH,KOTA BANDA ACEH,SYIAH KUALA,KOPELMA DARUSSALAM,TPS 04,2019-10-25 05:00:03,19,183,289,202,202,202,0,https://pemilu2019.kpu.go.id/img/c/900/013/900013742/1-6446-04-C-XXX-X5.jpg,https://pemilu2019.kpu.go.id/img/c/900/013/900013742/1-6446-04-C-XXX-X6.jpg
1639764386446900013743,ACEH,KOTA BANDA ACEH,SYIAH KUALA,KOPELMA DARUSSALAM,TPS 05,2019-10-25 05:00:03,9,202,288,213,213,211,2,https://pemilu2019.kpu.go.id/img/c/900/013/900013743/1-6446-05-C-XXX-X5.jpg,https://pemilu2019.kpu.go.id/img/c/900/013/900013743/1-6446-05-C-XXX-X6.jpg
1639764386446900013744,ACEH,KOTA BANDA ACEH,SYIAH KUALA,KOPELMA DARUSSALAM,TPS 06,2019-10-25 05:00:03,31,175,282,208,208,206,2,https://pemilu2019.kpu.go.id/img/c/900/013/900013744/1-6446-06-C-XXX-X5.jpg,https://pemilu2019.kpu.go.id/img/c/900/013/900013744/1-6446-06-C-XXX-X6.jpg
1639764386446900013745,ACEH,KOTA BANDA ACEH,SYIAH KUALA,KOPELMA DARUSSALAM,TPS 07,2019-10-25 05:00:03,23,202,305,229,229,225,4,https://pemilu2019.kpu.go.id/img/c/900/013/900013745/1-6446-07-C-XXX-X5.jpg,https://pemilu2019.kpu.go.id/img/c/900/013/900013745/1-6446-07-C-XXX-X6.jpg
1639764386446900013746,ACEH,KOTA BANDA ACEH,SYIAH KUALA,KOPELMA DARUSSALAM,TPS 08,2019-10-25 05:00:03,36,175,294,214,214,211,3,https://pemilu2019.kpu.go.id/img/c/900/013/900013746/1-6446-08-C-XXX-X5.jpg,https://pemilu2019.kpu.go.id/img/c/900/013/900013746/1-6446-08-C-XXX-X6.jpg
1639764386446900013747,ACEH,KOTA BANDA ACEH,SYIAH KUALA,KOPELMA DARUSSALAM,TPS 09,2019-10-25 05:00:03,35,193,297,229,229,228,1,https://pemilu2019.kpu.go.id/img/c/900/013/900013747/1-6446-09-C-XXX-X5.jpg,https://pemilu2019.kpu.go.id/img/c/900/013/900013747/1-6446-09-C-XXX-X6.jpg
1639764386446900013748,ACEH,KOTA BANDA ACEH,SYIAH KUALA,KOPELMA DARUSSALAM,TPS 10,2019-10-25 05:00:03,13,187,286,200,200,200,0,https://pemilu2019.kpu.go.id/img/c/900/013/900013748/1-6446-10-C-XXX-X5.jpg,https://pemilu2019.kpu.go.id/img/c/900/013/900013748/1-6446-10-C-XXX-X6.jpg
1639764386445900013729,ACEH,KOTA BANDA ACEH,SYIAH KUALA,LAMGUGOB,TPS 01,2019-10-25 05:00:03,30,145,325,179,179,175,4,https://pemilu2019.kpu.go.id/img/c/900/013/900013729/1-6445-01-C-XXX-X5.jpg,https://pemilu2019.kpu.go.id/img/c/900/013/900013729/1-6445-01-C-XXX-X6.jpg
1639764386445900013730,ACEH,KOTA BANDA ACEH,SYIAH KUALA,LAMGUGOB,TPS 02,2019-10-25 05:00:03,31,177,317,211,211,208,3,https://pemilu2019.kpu.go.id/img/c/900/013/900013730/1-6445-02-C-XXX-X5.jpg,https://pemilu2019.kpu.go.id/img/c/900/013/900013730/1-6445-02-C-XXX-X6.jpg
1639764386445900013731,ACEH,KOTA BANDA ACEH,SYIAH KUALA,LAMGUGOB,TPS 03,2019-10-25 05:00:03,39,189,312,234,234,228,6,https://pemilu2019.kpu.go.id/img/c/900/013/900013731/2-6445-03-C-XXX-X5.jpg,https://pemilu2019.kpu.go.id/img/c/900/013/900013731/2-6445-03-C-XXX-X6.jpg
1639764386445900013732,ACEH,KOTA BANDA ACEH,SYIAH KUALA,LAMGUGOB,TPS 04,2019-10-25 05:00:03,19,171,327,195,195,190,5,https://pemilu2019.kpu.go.id/img/c/900/013/900013732/1-6445-04-C-XXX-X5.jpg,https://pemilu2019.kpu.go.id/img/c/900/013/900013732/1-6445-04-C-XXX-X6.jpg
1639764386445900013733,ACEH,KOTA BANDA ACEH,SYIAH KUALA,LAMGUGOB,TPS 05,2019-10-25 05:00:03,30,200,306,233,233,230,3,https://pemilu2019.kpu.go.id/img/c/900/013/900013733/1-6445-05-C-XXX-X5.jpg,https://pemilu2019.kpu.go.id/img/c/900/013/900013733/1-6445-05-C-XXX-X6.jpg
1639764386445900013734,ACEH,KOTA BANDA ACEH,SYIAH KUALA,LAMGUGOB,TPS 06,2019-10-25 05:00:03,21,191,323,216,216,212,4,https://pemilu2019.kpu.go.id/img/c/900/013/900013734/1-6445-06-C-XXX-X5.jpg,https://pemilu2019.kpu.go.id/img/c/900/013/900013734/1-6445-06-C-XXX-X6.jpg
1639764386445900013735,ACEH,KOTA BANDA ACEH,SYIAH KUALA,LAMGUGOB,TPS 07,2019-10-25 05:00:03,30,202,322,233,233,232,1,https://pemilu2019.kpu.go.id/img/c/900/013/900013735/1-6445-07-C-XXX-X5.jpg,https://pemilu2019.kpu.go.id/img/c/900/013/900013735/1-6445-07-C-XXX-X6.jpg
1639764386445900013736,ACEH,KOTA BANDA ACEH,SYIAH KUALA,LAMGUGOB,TPS 08,2019-10-25 05:00:03,24,160,311,189,190,184,6,https://pemilu2019.kpu.go.id/img/c/900/013/900013736/2-6445-08-C-XXX-X5.jpg,https://pemilu2019.kpu.go.id/img/c/900/013/900013736/2-6445-08-C-XXX-X6.jpg
1639764386445900013737,ACEH,KOTA BANDA ACEH,SYIAH KUALA,LAMGUGOB,TPS 09,2019-10-25 05:00:03,27,173,311,201,201,200,1,https://pemilu2019.kpu.go.id/img/c/900/013/900013737/1-6445-09-C-XXX-X5.jpg,https://pemilu2019.kpu.go.id/img/c/900/013/900013737/1-6445-09-C-XXX-X6.jpg
1639764386445900013738,ACEH,KOTA BANDA ACEH,SYIAH KUALA,LAMGUGOB,TPS 10,2019-10-25 05:00:03,29,174,306,209,208,203,5,https://pemilu2019.kpu.go.id/img/c/900/013/900013738/2-6445-10-C1-PPWP-01.jpg,https://pemilu2019.kpu.go.id/img/c/900/013/900013738/2-6445-10-C1-PPWP-02.jpg
1639764386448900013758,ACEH,KOTA BANDA ACEH,SYIAH KUALA,PEURADA,TPS 1,2019-10-25 05:00:03,22,195,240,221,221,217,4,https://pemilu2019.kpu.go.id/img/c/900/013/900013758/1-6448-1-C1-PPWP-X1.jpg,https://pemilu2019.kpu.go.id/img/c/900/013/900013758/1-6448-1-C1-PPWP-X2.jpg
1639764386448900013759,ACEH,KOTA BANDA ACEH,SYIAH KUALA,PEURADA,TPS 2,2019-10-25 05:00:03,27,219,263,247,247,246,1,https://pemilu2019.kpu.go.id/img/c/900/013/900013759/1-6448-2-C1-PPWP-01.jpg,https://pemilu2019.kpu.go.id/img/c/900/013/900013759/1-6448-2-C1-PPWP-02.jpg
1639764386448900013760,ACEH,KOTA BANDA ACEH,SYIAH KUALA,PEURADA,TPS 3,2019-10-25 05:00:03,26,242,300,271,271,268,3,https://pemilu2019.kpu.go.id/img/c/900/013/900013760/1-6448-3-C1-PPWP-X1.jpg,https://pemilu2019.kpu.go.id/img/c/900/013/900013760/1-6448-3-C1-PPWP-02.jpg
1639764386448900013761,ACEH,KOTA BANDA ACEH,SYIAH KUALA,PEURADA,TPS 4,2019-10-25 05:00:03,26,203,251,234,234,229,5,https://pemilu2019.kpu.go.id/img/c/900/013/900013761/1-6448-4-C1-PPWP-X1.jpg,https://pemilu2019.kpu.go.id/img/c/900/013/900013761/1-6448-4-C1-PPWP-X2.jpg
1639764386448900013762,ACEH,KOTA BANDA ACEH,SYIAH KUALA,PEURADA,TPS 5,2019-10-25 05:00:03,26,199,230,225,225,225,0,https://pemilu2019.kpu.go.id/img/c/900/013/900013762/1-6448-5-C1-PPWP-X1.jpg,https://pemilu2019.kpu.go.id/img/c/900/013/900013762/1-6448-5-C1-PPWP-X2.jpg
1639764386448900013763,ACEH,KOTA BANDA ACEH,SYIAH KUALA,PEURADA,TPS 6,2019-10-25 05:00:03,16,199,256,218,218,215,3,https://pemilu2019.kpu.go.id/img/c/900/013/900013763/1-6448-6-C1-PPWP-X1.jpg,https://pemilu2019.kpu.go.id/img/c/900/013/900013763/1-6448-6-C1-PPWP-X2.jpg
1639764386444900013720,ACEH,KOTA BANDA ACEH,SYIAH KUALA,PINEUNG,TPS 1,2019-10-25 05:00:03,30,216,331,251,251,4,246,https://pemilu2019.kpu.go.id/img/c/900/013/900013720/3-6444-1-C-XXX-X5.jpg,https://pemilu2019.kpu.go.id/img/c/900/013/900013720/3-6444-1-C-XXX-X6.jpg
1639764386444900013721,ACEH,KOTA BANDA ACEH,SYIAH KUALA,PINEUNG,TPS 2,2019-10-25 05:00:03,27,228,327,255,255,255,0,https://pemilu2019.kpu.go.id/img/c/900/013/900013721/2-6444-2-C-XXX-X5.jpg,https://pemilu2019.kpu.go.id/img/c/900/013/900013721/2-6444-2-C-XXX-X6.jpg
1639764386444900013722,ACEH,KOTA BANDA ACEH,SYIAH KUALA,PINEUNG,TPS 3,2019-10-25 05:00:03,36,188,306,228,228,224,4,https://pemilu2019.kpu.go.id/img/c/900/013/900013722/6444-3-C-XXX-X5.jpg,https://pemilu2019.kpu.go.id/img/c/900/013/900013722/6444-3-C-XXX-X6.jpg
1639764386444900013723,ACEH,KOTA BANDA ACEH,SYIAH KUALA,PINEUNG,TPS 4,2019-10-25 05:00:03,18,222,322,242,242,240,2,https://pemilu2019.kpu.go.id/img/c/900/013/900013723/6444-4-C-XXX-X5.jpg,https://pemilu2019.kpu.go.id/img/c/900/013/900013723/6444-4-C-XXX-X6.jpg
1639764386444900013724,ACEH,KOTA BANDA ACEH,SYIAH KUALA,PINEUNG,TPS 5,2019-10-25 05:00:03,22,205,317,230,230,227,3,https://pemilu2019.kpu.go.id/img/c/900/013/900013724/6444-5-C-XXX-X5.jpg,https://pemilu2019.kpu.go.id/img/c/900/013/900013724/6444-5-C-XXX-X6.jpg
1639764386444900013725,ACEH,KOTA BANDA ACEH,SYIAH KUALA,PINEUNG,TPS 6,2019-10-25 05:00:03,21,222,313,245,245,243,2,https://pemilu2019.kpu.go.id/img/c/900/013/900013725/6444-6-C-XXX-X5.jpg,https://pemilu2019.kpu.go.id/img/c/900/013/900013725/6444-6-C-XXX-X6.jpg
1639764386444900013726,ACEH,KOTA BANDA ACEH,SYIAH KUALA,PINEUNG,TPS 7,2019-10-25 05:00:03,34,229,322,265,265,263,2,https://pemilu2019.kpu.go.id/img/c/900/013/900013726/1-6444-7-C1-PPWP-X1.jpg,https://pemilu2019.kpu.go.id/img/c/900/013/900013726/1-6444-7-C1-PPWP-X2.jpg
1639764386444900013727,ACEH,KOTA BANDA ACEH,SYIAH KUALA,PINEUNG,TPS 8,2019-10-25 05:00:03,40,195,318,235,235,235,0,https://pemilu2019.kpu.go.id/img/c/900/013/900013727/1-6444-8-C1-PPWP-X1.jpg,https://pemilu2019.kpu.go.id/img/c/900/013/900013727/1-6444-8-C1-PPWP-X2.jpg
1639764386444900013728,ACEH,KOTA BANDA ACEH,SYIAH KUALA,PINEUNG,TPS 9,2019-10-25 05:00:03,14,180,286,194,194,194,0,https://pemilu2019.kpu.go.id/img/c/900/013/900013728/1-6444-9-C-XXX-X5.jpg,https://pemilu2019.kpu.go.id/img/c/900/013/900013728/1-6444-9-C-XXX-X6.jpg
1639764386447900013749,ACEH,KOTA BANDA ACEH,SYIAH KUALA,RUKOH,TPS 1,2019-10-25 05:00:03,12,230,295,243,0,242,1,https://pemilu2019.kpu.go.id/img/c/900/013/900013749/1-6447-1-C-XXX-X5.jpg,https://pemilu2019.kpu.go.id/img/c/900/013/900013749/1-6447-1-C-XXX-X6.jpg
1639764386447900013750,ACEH,KOTA BANDA ACEH,SYIAH KUALA,RUKOH,TPS 2,2019-10-25 05:00:03,10,229,327,243,243,239,4,https://pemilu2019.kpu.go.id/img/c/900/013/900013750/1-6447-2-C-XXX-X5.jpg,https://pemilu2019.kpu.go.id/img/c/900/013/900013750/1-6447-2-C-XXX-X6.jpg
1639764386447900013751,ACEH,KOTA BANDA ACEH,SYIAH KUALA,RUKOH,TPS 3,2019-10-25 05:00:03,12,223,271,240,240,235,5,https://pemilu2019.kpu.go.id/img/c/900/013/900013751/1-6447-3-C-XXX-X5.jpg,https://pemilu2019.kpu.go.id/img/c/900/013/900013751/1-6447-3-C-XXX-X6.jpg
1639764386447900013752,ACEH,KOTA BANDA ACEH,SYIAH KUALA,RUKOH,TPS 4,2019-10-25 05:00:03,20,192,0,212,212,212,0,https://pemilu2019.kpu.go.id/img/c/900/013/900013752/1-6447-4-C-XXX-X5.jpg,https://pemilu2019.kpu.go.id/img/c/900/013/900013752/1-6447-4-C-XXX-X6.jpg
1639764386447900013753,ACEH,KOTA BANDA ACEH,SYIAH KUALA,RUKOH,TPS 5,2019-10-25 05:00:03,14,216,245,232,232,230,2,https://pemilu2019.kpu.go.id/img/c/900/013/900013753/1-6447-5-C-XXX-X5.jpg,https://pemilu2019.kpu.go.id/img/c/900/013/900013753/1-6447-5-C-XXX-X6.jpg
1639764386447900013754,ACEH,KOTA BANDA ACEH,SYIAH KUALA,RUKOH,TPS 6,2019-10-25 05:00:03,14,169,252,189,184,183,1,https://pemilu2019.kpu.go.id/img/c/900/013/900013754/1-6447-6-C-XXX-X5.jpg,https://pemilu2019.kpu.go.id/img/c/900/013/900013754/1-6447-6-C-XXX-X6.jpg
1639764386447900013755,ACEH,KOTA BANDA ACEH,SYIAH KUALA,RUKOH,TPS 7,2019-10-25 05:00:03,16,171,309,188,188,187,1,https://pemilu2019.kpu.go.id/img/c/900/013/900013755/1-6447-7-C-XXX-X5.jpg,https://pemilu2019.kpu.go.id/img/c/900/013/900013755/1-6447-7-C-XXX-X6.jpg
1639764386447900013756,ACEH,KOTA BANDA ACEH,SYIAH KUALA,RUKOH,TPS 8,2019-10-25 05:00:03,14,194,314,212,212,208,4,https://pemilu2019.kpu.go.id/img/c/900/013/900013756/1-6447-8-C-XXX-X5.jpg,https://pemilu2019.kpu.go.id/img/c/900/013/900013756/1-6447-8-C-XXX-X6.jpg
1639764386447900013757,ACEH,KOTA BANDA ACEH,SYIAH KUALA,RUKOH,TPS 9,2019-10-25 05:00:03,17,195,265,216,216,212,4,https://pemilu2019.kpu.go.id/img/c/900/013/900013757/1-6447-9-C-XXX-X5.jpg,https://pemilu2019.kpu.go.id/img/c/900/013/900013757/1-6447-9-C-XXX-X6.jpg
1639764386440900013700,ACEH,KOTA BANDA ACEH,SYIAH KUALA,TIBANG,TPS 1,2019-10-25 05:00:03,22,193,277,219,219,215,4,https://pemilu2019.kpu.go.id/img/c/900/013/900013700/2-6440-1-C-XXX-X5.jpg,https://pemilu2019.kpu.go.id/img/c/900/013/900013700/2-6440-1-C-XXX-X6.jpg
1639764386440900013701,ACEH,KOTA BANDA ACEH,SYIAH KUALA,TIBANG,TPS 2,2019-10-25 05:00:03,21,204,272,230,230,225,5,https://pemilu2019.kpu.go.id/img/c/900/013/900013701/1-6440-2-C-XXX-X5.jpg,https://pemilu2019.kpu.go.id/img/c/900/013/900013701/1-6440-2-C-XXX-X6.jpg
1639764386440900013702,ACEH,KOTA BANDA ACEH,SYIAH KUALA,TIBANG,TPS 3,2019-10-25 05:00:03,22,169,255,197,197,191,6,https://pemilu2019.kpu.go.id/img/c/900/013/900013702/1-6440-3-C-XXX-X5.jpg,https://pemilu2019.kpu.go.id/img/c/900/013/900013702/1-6440-3-C-XXX-X6.jpg
1639764386440900013703,ACEH,KOTA BANDA ACEH,SYIAH KUALA,TIBANG,TPS 4,2019-10-25 05:00:03,21,193,273,222,222,214,8,https://pemilu2019.kpu.go.id/img/c/900/013/900013703/1-6440-4-C-XXX-X5.jpg,https://pemilu2019.kpu.go.id/img/c/900/013/900013703/1-6440-4-C-XXX-X6.jpg
1639764876493900014013,ACEH,KOTA BANDA ACEH,ULEE KARENG,CEURIH,TPS 1,2019-10-25 05:00:03,26,203,308,232,232,229,3,https://pemilu2019.kpu.go.id/img/c/900/014/900014013/2-6493-1-C-XXX-X5.jpg,https://pemilu2019.kpu.go.id/img/c/900/014/900014013/2-6493-1-C-XXX-X6.jpg
1639764876493900014014,ACEH,KOTA BANDA ACEH,ULEE KARENG,CEURIH,TPS 2,2019-10-25 05:00:03,21,160,229,185,185,181,4,https://pemilu2019.kpu.go.id/img/c/900/014/900014014/1-6493-2-C-XXX-X5.jpg,https://pemilu2019.kpu.go.id/img/c/900/014/900014014/1-6493-2-C-XXX-X6.jpg
1639764876493900014015,ACEH,KOTA BANDA ACEH,ULEE KARENG,CEURIH,TPS 3,2019-10-25 05:00:03,17,227,299,256,256,244,12,https://pemilu2019.kpu.go.id/img/c/900/014/900014015/1-6493-3-C-XXX-X5.jpg,https://pemilu2019.kpu.go.id/img/c/900/014/900014015/1-6493-3-C-XXX-X6.jpg
1639764876493900014016,ACEH,KOTA BANDA ACEH,ULEE KARENG,CEURIH,TPS 4,2019-10-25 05:00:03,20,194,294,219,219,214,5,https://pemilu2019.kpu.go.id/img/c/900/014/900014016/1-6493-4-C-XXX-X5.jpg,https://pemilu2019.kpu.go.id/img/c/900/014/900014016/1-6493-4-C-XXX-X6.jpg
1639764876493900014017,ACEH,KOTA BANDA ACEH,ULEE KARENG,CEURIH,TPS 5,2019-10-25 05:00:03,16,200,299,224,224,216,8,https://pemilu2019.kpu.go.id/img/c/900/014/900014017/1-6493-5-C-XXX-X5.jpg,https://pemilu2019.kpu.go.id/img/c/900/014/900014017/1-6493-5-C-XXX-X6.jpg
1639764876493900014018,ACEH,KOTA BANDA ACEH,ULEE KARENG,CEURIH,TPS 6,2019-10-25 05:00:03,31,203,296,235,235,234,1,https://pemilu2019.kpu.go.id/img/c/900/014/900014018/1-6493-6-C-XXX-X5.jpg,https://pemilu2019.kpu.go.id/img/c/900/014/900014018/1-6493-6-C-XXX-X6.jpg
1639764876493900014019,ACEH,KOTA BANDA ACEH,ULEE KARENG,CEURIH,TPS 7,2019-10-25 05:00:03,23,182,283,212,213,205,8,https://pemilu2019.kpu.go.id/img/c/900/014/900014019/1-6493-7-C-XXX-X5.jpg,https://pemilu2019.kpu.go.id/img/c/900/014/900014019/1-6493-7-C-XXX-X6.jpg
1639764876493900014020,ACEH,KOTA BANDA ACEH,ULEE KARENG,CEURIH,TPS 8,2019-10-25 05:00:03,17,206,283,226,226,225,3,https://pemilu2019.kpu.go.id/img/c/900/014/900014020/2-6493-8-C-XXX-X5.jpg,https://pemilu2019.kpu.go.id/img/c/900/014/900014020/2-6493-8-C-XXX-X6.jpg
1639764876493900014021,ACEH,KOTA BANDA ACEH,ULEE KARENG,CEURIH,TPS 9,2019-10-25 05:00:03,26,194,289,221,221,220,1,https://pemilu2019.kpu.go.id/img/c/900/014/900014021/2-6493-9-C-XXX-X5.jpg,https://pemilu2019.kpu.go.id/img/c/900/014/900014021/2-6493-9-C-XXX-X6.jpg
1639764876494900014022,ACEH,KOTA BANDA ACEH,ULEE KARENG,DOI,TPS 1,2019-10-25 05:00:03,21,188,234,212,212,209,3,https://pemilu2019.kpu.go.id/img/c/900/014/900014022/6494-1-C-XXX-X5.jpg,https://pemilu2019.kpu.go.id/img/c/900/014/900014022/6494-1-C-XXX-X6.jpg
1639764876494900014023,ACEH,KOTA BANDA ACEH,ULEE KARENG,DOI,TPS 2,2019-10-25 05:00:03,23,207,280,234,234,230,4,https://pemilu2019.kpu.go.id/img/c/900/014/900014023/6494-2-C-XXX-X5.jpg,https://pemilu2019.kpu.go.id/img/c/900/014/900014023/6494-2-C-XXX-X6.jpg
1639764876494900014024,ACEH,KOTA BANDA ACEH,ULEE KARENG,DOI,TPS 3,2019-10-25 05:00:03,30,212,297,242,1,241,1,https://pemilu2019.kpu.go.id/img/c/900/014/900014024/6494-3-C-XXX-X5.jpg,https://pemilu2019.kpu.go.id/img/c/900/014/900014024/6494-3-C-XXX-X6.jpg
1639764876494900014025,ACEH,KOTA BANDA ACEH,ULEE KARENG,DOI,TPS 4,2019-10-25 05:00:03,18,210,289,236,236,228,8,https://pemilu2019.kpu.go.id/img/c/900/014/900014025/6494-4-C-XXX-X5.jpg,https://pemilu2019.kpu.go.id/img/c/900/014/900014025/6494-4-C-XXX-X6.jpg
1639764876494900014026,ACEH,KOTA BANDA ACEH,ULEE KARENG,DOI,TPS 5,2019-10-25 05:00:03,20,213,291,237,237,233,4,https://pemilu2019.kpu.go.id/img/c/900/014/900014026/6494-5-C-XXX-X5.jpg,https://pemilu2019.kpu.go.id/img/c/900/014/900014026/6494-5-C-XXX-X6.jpg
1639764876494900014027,ACEH,KOTA BANDA ACEH,ULEE KARENG,DOI,TPS 6,2019-10-25 05:00:03,23,170,237,197,197,193,4,https://pemilu2019.kpu.go.id/img/c/900/014/900014027/1-6494-6-C-XXX-X5.jpg,https://pemilu2019.kpu.go.id/img/c/900/014/900014027/1-6494-6-C-XXX-X6.jpg
1639764876494900014028,ACEH,KOTA BANDA ACEH,ULEE KARENG,DOI,TPS 7,2019-10-25 05:00:03,12,153,242,164,166,165,1,https://pemilu2019.kpu.go.id/img/c/900/014/900014028/6494-7-C-XXX-X5.jpg,https://pemilu2019.kpu.go.id/img/c/900/014/900014028/6494-7-C-XXX-X6.jpg
1639764876496900014036,ACEH,KOTA BANDA ACEH,ULEE KARENG,IE MASEN ULEE KARENG,TPS 1,2019-10-25 05:00:03,38,197,303,240,240,235,5,https://pemilu2019.kpu.go.id/img/c/900/014/900014036/2-6496-1-C-XXX-X5.jpg,https://pemilu2019.kpu.go.id/img/c/900/014/900014036/2-6496-1-C-XXX-X6.jpg
1639764876496900014037,ACEH,KOTA BANDA ACEH,ULEE KARENG,IE MASEN ULEE KARENG,TPS 2,2019-10-25 05:00:03,25,203,292,233,233,228,5,https://pemilu2019.kpu.go.id/img/c/900/014/900014037/2-6496-2-C-XXX-X5.jpg,https://pemilu2019.kpu.go.id/img/c/900/014/900014037/2-6496-2-C-XXX-X6.jpg
1639764876496900014038,ACEH,KOTA BANDA ACEH,ULEE KARENG,IE MASEN ULEE KARENG,TPS 3,2019-10-25 05:00:03,17,216,297,234,234,227,7,https://pemilu2019.kpu.go.id/img/c/900/014/900014038/1-6496-3-C-XXX-X5.jpg,https://pemilu2019.kpu.go.id/img/c/900/014/900014038/1-6496-3-C-XXX-X6.jpg
1639764876496900014039,ACEH,KOTA BANDA ACEH,ULEE KARENG,IE MASEN ULEE KARENG,TPS 4,2019-10-25 05:00:03,28,199,297,230,230,227,3,https://pemilu2019.kpu.go.id/img/c/900/014/900014039/2-6496-4-C-XXX-X5.jpg,https://pemilu2019.kpu.go.id/img/c/900/014/900014039/2-6496-4-C-XXX-X6.jpg
1639764876496900014040,ACEH,KOTA BANDA ACEH,ULEE KARENG,IE MASEN ULEE KARENG,TPS 5,2019-10-25 05:00:03,28,204,295,238,238,232,6,https://pemilu2019.kpu.go.id/img/c/900/014/900014040/1-6496-5-C-XXX-X5.jpg,https://pemilu2019.kpu.go.id/img/c/900/014/900014040/1-6496-5-C-XXX-X6.jpg
1639764876490900013998,ACEH,KOTA BANDA ACEH,ULEE KARENG,ILIE,TPS 1,2019-10-25 05:00:03,24,184,280,213,213,208,5,https://pemilu2019.kpu.go.id/img/c/900/013/900013998/6490-1-C-XXX-X5.jpg,https://pemilu2019.kpu.go.id/img/c/900/013/900013998/6490-1-C-XXX-X6.jpg
1639764876490900013999,ACEH,KOTA BANDA ACEH,ULEE KARENG,ILIE,TPS 2,2019-10-25 05:00:03,32,199,272,233,233,231,2,https://pemilu2019.kpu.go.id/img/c/900/013/900013999/6490-2-C-XXX-X5.jpg,https://pemilu2019.kpu.go.id/img/c/900/013/900013999/6490-2-C-XXX-X6.jpg
1639764876490900014000,ACEH,KOTA BANDA ACEH,ULEE KARENG,ILIE,TPS 3,2019-10-25 05:00:03,34,202,263,236,236,236,0,https://pemilu2019.kpu.go.id/img/c/900/014/900014000/6490-3-C-XXX-X5.jpg,https://pemilu2019.kpu.go.id/img/c/900/014/900014000/6490-3-C-XXX-X6.jpg
1639764876490900014001,ACEH,KOTA BANDA ACEH,ULEE KARENG,ILIE,TPS 4,2019-10-25 05:00:03,28,206,268,241,241,234,7,https://pemilu2019.kpu.go.id/img/c/900/014/900014001/2-6490-4-C-XXX-X5.jpg,https://pemilu2019.kpu.go.id/img/c/900/014/900014001/2-6490-4-C-XXX-X6.jpg
1639764876490900014002,ACEH,KOTA BANDA ACEH,ULEE KARENG,ILIE,TPS 5,2019-10-25 05:00:03,33,201,280,242,242,234,8,https://pemilu2019.kpu.go.id/img/c/900/014/900014002/6490-5-C-XXX-X5.jpg,https://pemilu2019.kpu.go.id/img/c/900/014/900014002/6490-5-C-XXX-X6.jpg
1639764876490900014003,ACEH,KOTA BANDA ACEH,ULEE KARENG,ILIE,TPS 6,2019-10-25 05:00:03,21,177,253,201,201,198,3,https://pemilu2019.kpu.go.id/img/c/900/014/900014003/1-6490-6-C-XXX-X5.jpg,https://pemilu2019.kpu.go.id/img/c/900/014/900014003/1-6490-6-C-XXX-X6.jpg
1639764876490900014004,ACEH,KOTA BANDA ACEH,ULEE KARENG,ILIE,TPS 7,2019-10-25 05:00:03,33,203,255,238,238,236,2,https://pemilu2019.kpu.go.id/img/c/900/014/900014004/6490-7-C-XXX-X5.jpg,https://pemilu2019.kpu.go.id/img/c/900/014/900014004/6490-7-C-XXX-X6.jpg
1639764876490900014005,ACEH,KOTA BANDA ACEH,ULEE KARENG,ILIE,TPS 8,2019-10-25 05:00:03,18,196,242,217,217,214,3,https://pemilu2019.kpu.go.id/img/c/900/014/900014005/6490-8-C-XXX-X5.jpg,https://pemilu2019.kpu.go.id/img/c/900/014/900014005/6490-8-C-XXX-X6.jpg
1639764876488900013979,ACEH,KOTA BANDA ACEH,ULEE KARENG,LAMBHUK,TPS 01,2019-10-25 05:00:03,20,182,303,202,202,202,0,https://pemilu2019.kpu.go.id/img/c/900/013/900013979/6488-01-C-XXX-X5.jpg,https://pemilu2019.kpu.go.id/img/c/900/013/900013979/6488-01-C-XXX-X6.jpg
1639764876488900013980,ACEH,KOTA BANDA ACEH,ULEE KARENG,LAMBHUK,TPS 02,2019-10-25 05:00:03,16,178,261,197,197,194,3,https://pemilu2019.kpu.go.id/img/c/900/013/900013980/2-6488-02-C1-PPWP-01.jpg,https://pemilu2019.kpu.go.id/img/c/900/013/900013980/2-6488-02-C1-PPWP-X2.jpg
1639764876488900013981,ACEH,KOTA BANDA ACEH,ULEE KARENG,LAMBHUK,TPS 03,2019-10-25 05:00:03,22,191,295,214,214,213,1,https://pemilu2019.kpu.go.id/img/c/900/013/900013981/6488-03-C-XXX-X5.jpg,https://pemilu2019.kpu.go.id/img/c/900/013/900013981/6488-03-C-XXX-X6.jpg
1639764876488900013982,ACEH,KOTA BANDA ACEH,ULEE KARENG,LAMBHUK,TPS 04,2019-10-25 05:00:03,30,172,273,203,203,202,1,https://pemilu2019.kpu.go.id/img/c/900/013/900013982/6488-04-C-XXX-X5.jpg,https://pemilu2019.kpu.go.id/img/c/900/013/900013982/6488-04-C-XXX-X6.jpg
1639764876488900013983,ACEH,KOTA BANDA ACEH,ULEE KARENG,LAMBHUK,TPS 05,2019-10-25 05:00:03,15,203,286,220,220,218,2,https://pemilu2019.kpu.go.id/img/c/900/013/900013983/1-6488-05-C-XXX-X5.jpg,https://pemilu2019.kpu.go.id/img/c/900/013/900013983/1-6488-05-C-XXX-X6.jpg
1639764876488900013984,ACEH,KOTA BANDA ACEH,ULEE KARENG,LAMBHUK,TPS 06,2019-10-25 05:00:03,32,206,297,239,239,238,1,https://pemilu2019.kpu.go.id/img/c/900/013/900013984/3-6488-06-C-XXX-X5.jpg,https://pemilu2019.kpu.go.id/img/c/900/013/900013984/3-6488-06-C-XXX-X6.jpg
1639764876488900013985,ACEH,KOTA BANDA ACEH,ULEE KARENG,LAMBHUK,TPS 07,2019-10-25 05:00:03,15,191,282,206,206,206,0,https://pemilu2019.kpu.go.id/img/c/900/013/900013985/2-6488-07-C-XXX-X5.jpg,https://pemilu2019.kpu.go.id/img/c/900/013/900013985/2-6488-07-C-XXX-X6.jpg
1639764876488900013986,ACEH,KOTA BANDA ACEH,ULEE KARENG,LAMBHUK,TPS 08,2019-10-25 05:00:03,18,190,277,212,212,208,4,https://pemilu2019.kpu.go.id/img/c/900/013/900013986/1-6488-08-C-XXX-X5.jpg,https://pemilu2019.kpu.go.id/img/c/900/013/900013986/1-6488-08-C-XXX-X6.jpg
1639764876488900013987,ACEH,KOTA BANDA ACEH,ULEE KARENG,LAMBHUK,TPS 09,2019-10-25 05:00:03,13,211,285,227,227,227,3,https://pemilu2019.kpu.go.id/img/c/900/013/900013987/2-6488-09-C-XXX-X5.jpg,https://pemilu2019.kpu.go.id/img/c/900/013/900013987/2-6488-09-C-XXX-X6.jpg
1639764876488900013988,ACEH,KOTA BANDA ACEH,ULEE KARENG,LAMBHUK,TPS 10,2019-10-25 05:00:03,22,196,290,219,219,218,1,https://pemilu2019.kpu.go.id/img/c/900/013/900013988/1-6488-10-C-XXX-X5.jpg,https://pemilu2019.kpu.go.id/img/c/900/013/900013988/1-6488-10-C-XXX-X6.jpg
1639764876488900013989,ACEH,KOTA BANDA ACEH,ULEE KARENG,LAMBHUK,TPS 11,2019-10-25 05:00:03,23,187,288,213,213,210,3,https://pemilu2019.kpu.go.id/img/c/900/013/900013989/2-6488-11-C-XXX-X5.jpg,https://pemilu2019.kpu.go.id/img/c/900/013/900013989/2-6488-11-C-XXX-X6.jpg
1639764876488900013990,ACEH,KOTA BANDA ACEH,ULEE KARENG,LAMBHUK,TPS 12,2019-10-25 05:00:03,19,171,276,190,190,190,0,https://pemilu2019.kpu.go.id/img/c/900/013/900013990/1-6488-12-C-XXX-X5.jpg,https://pemilu2019.kpu.go.id/img/c/900/013/900013990/1-6488-12-C-XXX-X6.jpg
1639764876488900013991,ACEH,KOTA BANDA ACEH,ULEE KARENG,LAMBHUK,TPS 13,2019-10-25 05:00:03,16,173,293,194,194,189,5,https://pemilu2019.kpu.go.id/img/c/900/013/900013991/1-6488-13-C-XXX-X5.jpg,https://pemilu2019.kpu.go.id/img/c/900/013/900013991/1-6488-13-C-XXX-X6.jpg
1639764876495900014029,ACEH,KOTA BANDA ACEH,ULEE KARENG,LAMGLUMPANG,TPS 1,2019-10-25 05:00:03,20,174,300,200,0,0,0,https://pemilu2019.kpu.go.id/img/c/900/014/900014029/2-6495-1-C-XXX-X5.jpg,https://pemilu2019.kpu.go.id/img/c/900/014/900014029/2-6495-1-C-XXX-X6.jpg
1639764876495900014030,ACEH,KOTA BANDA ACEH,ULEE KARENG,LAMGLUMPANG,TPS 2,2019-10-25 05:00:03,41,185,305,230,230,226,4,https://pemilu2019.kpu.go.id/img/c/900/014/900014030/2-6495-2-C-XXX-X5.jpg,https://pemilu2019.kpu.go.id/img/c/900/014/900014030/2-6495-2-C-XXX-X6.jpg
1639764876495900014031,ACEH,KOTA BANDA ACEH,ULEE KARENG,LAMGLUMPANG,TPS 3,2019-10-25 05:00:03,0,0,295,3,224,220,4,https://pemilu2019.kpu.go.id/img/c/900/014/900014031/2-6495-3-C-XXX-X5.jpg,https://pemilu2019.kpu.go.id/img/c/900/014/900014031/2-6495-3-C-XXX-X6.jpg
1639764876495900014032,ACEH,KOTA BANDA ACEH,ULEE KARENG,LAMGLUMPANG,TPS 4,2019-10-25 05:00:03,24,198,298,226,226,222,4,https://pemilu2019.kpu.go.id/img/c/900/014/900014032/6495-4-C-XXX-X5.jpg,https://pemilu2019.kpu.go.id/img/c/900/014/900014032/6495-4-C-XXX-X6.jpg
1639764876495900014033,ACEH,KOTA BANDA ACEH,ULEE KARENG,LAMGLUMPANG,TPS 5,2019-10-25 05:00:03,14,195,295,211,212,209,3,https://pemilu2019.kpu.go.id/img/c/900/014/900014033/2-6495-5-C-XXX-X5.jpg,https://pemilu2019.kpu.go.id/img/c/900/014/900014033/2-6495-5-C-XXX-X6.jpg
1639764876495900014034,ACEH,KOTA BANDA ACEH,ULEE KARENG,LAMGLUMPANG,TPS 6,2019-10-25 05:00:03,21,187,296,209,209,208,1,https://pemilu2019.kpu.go.id/img/c/900/014/900014034/2-6495-6-C-XXX-X5.jpg,https://pemilu2019.kpu.go.id/img/c/900/014/900014034/2-6495-6-C-XXX-X6.jpg
1639764876495900014035,ACEH,KOTA BANDA ACEH,ULEE KARENG,LAMGLUMPANG,TPS 7,2019-10-25 05:00:03,24,199,330,223,223,223,0,https://pemilu2019.kpu.go.id/img/c/900/014/900014035/2-6495-7-C-XXX-X5.jpg,https://pemilu2019.kpu.go.id/img/c/900/014/900014035/2-6495-7-C-XXX-X6.jpg
1639764876489900013992,ACEH,KOTA BANDA ACEH,ULEE KARENG,LAMTEH,TPS 1,2019-10-25 05:00:03,25,179,277,206,206,204,2,https://pemilu2019.kpu.go.id/img/c/900/013/900013992/6489-1-C-XXX-X5.jpg,https://pemilu2019.kpu.go.id/img/c/900/013/900013992/6489-1-C-XXX-X6.jpg
1639764876489900013993,ACEH,KOTA BANDA ACEH,ULEE KARENG,LAMTEH,TPS 2,2019-10-25 05:00:03,21,222,296,246,246,243,3,https://pemilu2019.kpu.go.id/img/c/900/013/900013993/1-6489-2-C-XXX-X5.jpg,https://pemilu2019.kpu.go.id/img/c/900/013/900013993/1-6489-2-C-XXX-X6.jpg
1639764876489900013994,ACEH,KOTA BANDA ACEH,ULEE KARENG,LAMTEH,TPS 3,2019-10-25 05:00:03,9,224,287,234,234,233,1,https://pemilu2019.kpu.go.id/img/c/900/013/900013994/6489-3-C-XXX-X5.jpg,https://pemilu2019.kpu.go.id/img/c/900/013/900013994/6489-3-C-XXX-X6.jpg
1639764876489900013995,ACEH,KOTA BANDA ACEH,ULEE KARENG,LAMTEH,TPS 4,2019-10-25 05:00:03,7,225,284,233,233,232,1,https://pemilu2019.kpu.go.id/img/c/900/013/900013995/6489-4-C-XXX-X5.jpg,https://pemilu2019.kpu.go.id/img/c/900/013/900013995/6489-4-C-XXX-X6.jpg
1639764876489900013996,ACEH,KOTA BANDA ACEH,ULEE KARENG,LAMTEH,TPS 5,2019-10-25 05:00:03,21,201,284,225,225,222,3,https://pemilu2019.kpu.go.id/img/c/900/013/900013996/1-6489-5-C-XXX-X5.jpg,https://pemilu2019.kpu.go.id/img/c/900/013/900013996/1-6489-5-C-XXX-X6.jpg
1639764876489900013997,ACEH,KOTA BANDA ACEH,ULEE KARENG,LAMTEH,TPS 6,2019-10-25 05:00:03,21,201,278,225,225,222,3,https://pemilu2019.kpu.go.id/img/c/900/013/900013997/2-6489-6-C-XXX-X5.jpg,https://pemilu2019.kpu.go.id/img/c/900/013/900013997/2-6489-6-C-XXX-X6.jpg
1639764876492900014011,ACEH,KOTA BANDA ACEH,ULEE KARENG,PANGO DEYAH,TPS 1,2019-10-25 05:00:03,15,196,250,216,216,211,5,https://pemilu2019.kpu.go.id/img/c/900/014/900014011/3-6492-1-C-XXX-X5.jpg,https://pemilu2019.kpu.go.id/img/c/900/014/900014011/3-6492-1-C-XXX-X6.jpg
1639764876492900014012,ACEH,KOTA BANDA ACEH,ULEE KARENG,PANGO DEYAH,TPS 2,2019-10-25 05:00:03,23,192,248,217,217,215,2,https://pemilu2019.kpu.go.id/img/c/900/014/900014012/1-6492-2-C-XXX-X5.jpg,https://pemilu2019.kpu.go.id/img/c/900/014/900014012/1-6492-2-C-XXX-X6.jpg
1639764876491900014006,ACEH,KOTA BANDA ACEH,ULEE KARENG,PANGO RAYA,TPS 1,2019-10-25 05:00:03,25,224,249,252,252,249,3,https://pemilu2019.kpu.go.id/img/c/900/014/900014006/6491-1-C-XXX-X5.jpg,https://pemilu2019.kpu.go.id/img/c/900/014/900014006/6491-1-C-XXX-X6.jpg
1639764876491900014007,ACEH,KOTA BANDA ACEH,ULEE KARENG,PANGO RAYA,TPS 2,2019-10-25 05:00:03,43,215,312,261,261,258,3,https://pemilu2019.kpu.go.id/img/c/900/014/900014007/1-6491-2-C-XXX-X5.jpg,https://pemilu2019.kpu.go.id/img/c/900/014/900014007/1-6491-2-C-XXX-X6.jpg
1639764876491900014008,ACEH,KOTA BANDA ACEH,ULEE KARENG,PANGO RAYA,TPS 3,2019-10-25 05:00:03,16,226,319,245,245,242,3,https://pemilu2019.kpu.go.id/img/c/900/014/900014008/6491-3-C-XXX-X5.jpg,https://pemilu2019.kpu.go.id/img/c/900/014/900014008/6491-3-C-XXX-X6.jpg
1639764876491900014009,ACEH,KOTA BANDA ACEH,ULEE KARENG,PANGO RAYA,TPS 4,2019-10-25 05:00:03,21,223,323,250,250,244,6,https://pemilu2019.kpu.go.id/img/c/900/014/900014009/6491-4-C-XXX-X5.jpg,https://pemilu2019.kpu.go.id/img/c/900/014/900014009/6491-4-C-XXX-X6.jpg
1639764876491900014010,ACEH,KOTA BANDA ACEH,ULEE KARENG,PANGO RAYA,TPS 5,2019-10-25 05:00:03,13,234,323,251,250,247,3,https://pemilu2019.kpu.go.id/img/c/900/014/900014010/6491-5-C-XXX-X5.jpg,https://pemilu2019.kpu.go.id/img/c/900/014/900014010/6491-5-C-XXX-X6.jpg
1659166076615900014726,ACEH,KOTA LANGSA,LANGSA BARAT,KUALA LANGSA,TPS 1,2019-10-25 05:00:03,29,161,267,205,205,190,15,https://pemilu2019.kpu.go.id/img/c/900/014/900014726/1-6615-1-C-XXX-X5.jpg,https://pemilu2019.kpu.go.id/img/c/900/014/900014726/1-6615-1-C-XXX-X6.jpg
1659166076615900014727,ACEH,KOTA LANGSA,LANGSA BARAT,KUALA LANGSA,TPS 2,2019-10-25 05:00:03,16,178,242,205,205,194,11,https://pemilu2019.kpu.go.id/img/c/900/014/900014727/1-6615-2-C1-PPWP-X1.jpg,https://pemilu2019.kpu.go.id/img/c/900/014/900014727/1-6615-2-C1-PPWP-X2.jpg
1659166076615900014728,ACEH,KOTA LANGSA,LANGSA BARAT,KUALA LANGSA,TPS 3,2019-10-25 05:00:03,16,171,260,204,204,187,17,https://pemilu2019.kpu.go.id/img/c/900/014/900014728/1-6615-3-C1-PPWP-01.jpg,https://pemilu2019.kpu.go.id/img/c/900/014/900014728/1-6615-3-C1-PPWP-02.jpg
1659166076615900014729,ACEH,KOTA LANGSA,LANGSA BARAT,KUALA LANGSA,TPS 4,2019-10-25 05:00:03,20,169,257,197,197,189,8,https://pemilu2019.kpu.go.id/img/c/900/014/900014729/1-6615-4-C1-PPWP-01.jpg,https://pemilu2019.kpu.go.id/img/c/900/014/900014729/1-6615-4-C1-PPWP-X2.jpg
1659166076615900014730,ACEH,KOTA LANGSA,LANGSA BARAT,KUALA LANGSA,TPS 5,2019-10-25 05:00:03,21,179,260,211,211,200,11,https://pemilu2019.kpu.go.id/img/c/900/014/900014730/1-6615-5-C1-PPWP-01.jpg,https://pemilu2019.kpu.go.id/img/c/900/014/900014730/1-6615-5-C1-PPWP-02.jpg
1659166076615900014731,ACEH,KOTA LANGSA,LANGSA BARAT,KUALA LANGSA,TPS 6,2019-10-25 05:00:03,7,155,267,176,176,162,14,https://pemilu2019.kpu.go.id/img/c/900/014/900014731/1-6615-6-C-XXX-X5.jpg,https://pemilu2019.kpu.go.id/img/c/900/014/900014731/1-6615-6-C1-PPWP-02.jpg
1659166076609900014687,ACEH,KOTA LANGSA,LANGSA BARAT,LHOK BANIE,TPS 1,2019-10-25 05:00:03,17,160,286,198,198,177,21,https://pemilu2019.kpu.go.id/img/c/900/014/900014687/1-6609-1-C1-PPWP-X1.jpg,https://pemilu2019.kpu.go.id/img/c/900/014/900014687/1-6609-1-C1-PPWP-X2.jpg
1659166076609900014688,ACEH,KOTA LANGSA,LANGSA BARAT,LHOK BANIE,TPS 2,2019-10-25 05:00:03,13,161,277,218,218,174,44,https://pemilu2019.kpu.go.id/img/c/900/014/900014688/1-6609-2-C1-PPWP-X1.jpg,https://pemilu2019.kpu.go.id/img/c/900/014/900014688/1-6609-2-C1-PPWP-X2.jpg
1659166076609900014689,ACEH,KOTA LANGSA,LANGSA BARAT,LHOK BANIE,TPS 3,2019-10-25 05:00:03,16,172,274,205,205,188,17,https://pemilu2019.kpu.go.id/img/c/900/014/900014689/1-6609-3-C1-PPWP-01.jpg,https://pemilu2019.kpu.go.id/img/c/900/014/900014689/1-6609-3-C1-PPWP-02.jpg
1659166076609900014690,ACEH,KOTA LANGSA,LANGSA BARAT,LHOK BANIE,TPS 4,2019-10-25 05:00:03,16,156,279,191,191,172,19,https://pemilu2019.kpu.go.id/img/c/900/014/900014690/3-6609-4-C1-PPWP-X1.jpg,https://pemilu2019.kpu.go.id/img/c/900/014/900014690/3-6609-4-C1-PPWP-X2.jpg
1659166076609900014691,ACEH,KOTA LANGSA,LANGSA BARAT,LHOK BANIE,TPS 5,2019-10-25 05:00:03,12,178,273,197,197,190,7,https://pemilu2019.kpu.go.id/img/c/900/014/900014691/2-6609-5-C1-PPWP-X1.jpg,https://pemilu2019.kpu.go.id/img/c/900/014/900014691/2-6609-5-C1-PPWP-X2.jpg
1659166076609900014692,ACEH,KOTA LANGSA,LANGSA BARAT,LHOK BANIE,TPS 6,2019-10-25 05:00:03,9,164,254,179,179,173,6,https://pemilu2019.kpu.go.id/img/c/900/014/900014692/1-6609-6-C1-PPWP-X1.jpg,https://pemilu2019.kpu.go.id/img/c/900/014/900014692/1-6609-6-C1-PPWP-X2.jpg
1659166076609900014693,ACEH,KOTA LANGSA,LANGSA BARAT,LHOK BANIE,TPS 7,2019-10-25 05:00:03,21,161,280,188,188,182,6,https://pemilu2019.kpu.go.id/img/c/900/014/900014693/2-6609-7-C1-PPWP-X1.jpg,https://pemilu2019.kpu.go.id/img/c/900/014/900014693/2-6609-7-C1-PPWP-X2.jpg
1659166076609900014694,ACEH,KOTA LANGSA,LANGSA BARAT,LHOK BANIE,TPS 8,2019-10-25 05:00:03,13,202,293,226,226,215,11,https://pemilu2019.kpu.go.id/img/c/900/014/900014694/1-6609-8-C1-PPWP-X1.jpg,https://pemilu2019.kpu.go.id/img/c/900/014/900014694/1-6609-8-C1-PPWP-X2.jpg
1659166076609900014695,ACEH,KOTA LANGSA,LANGSA BARAT,LHOK BANIE,TPS 9,2019-10-25 05:00:03,17,227,306,256,256,244,12,https://pemilu2019.kpu.go.id/img/c/900/014/900014695/4-6609-9-C1-PPWP-X1.jpg,https://pemilu2019.kpu.go.id/img/c/900/014/900014695/4-6609-9-C1-PPWP-X2.jpg
1659166076608900014662,ACEH,KOTA LANGSA,LANGSA BARAT,MATANG SEULIMENG,TPS 01,2019-10-25 05:00:03,13,169,289,184,184,182,2,https://pemilu2019.kpu.go.id/img/c/900/014/900014662/1-6608-01-C1-PPWP-X1.jpg,https://pemilu2019.kpu.go.id/img/c/900/014/900014662/1-6608-01-C1-PPWP-X2.jpg
1659166076608900014663,ACEH,KOTA LANGSA,LANGSA BARAT,MATANG SEULIMENG,TPS 02,2019-10-25 05:00:03,20,195,288,223,222,216,6,https://pemilu2019.kpu.go.id/img/c/900/014/900014663/1-6608-02-C1-PPWP-X1.jpg,https://pemilu2019.kpu.go.id/img/c/900/014/900014663/1-6608-02-C1-PPWP-X2.jpg
1659166076608900014664,ACEH,KOTA LANGSA,LANGSA BARAT,MATANG SEULIMENG,TPS 03,2019-10-25 05:00:03,22,195,285,220,220,217,3,https://pemilu2019.kpu.go.id/img/c/900/014/900014664/1-6608-03-C1-PPWP-X1.jpg,https://pemilu2019.kpu.go.id/img/c/900/014/900014664/1-6608-03-C1-PPWP-X2.jpg
1659166076608900014665,ACEH,KOTA LANGSA,LANGSA BARAT,MATANG SEULIMENG,TPS 04,2019-10-25 05:00:03,9,219,291,231,232,228,3,https://pemilu2019.kpu.go.id/img/c/900/014/900014665/1-6608-04-C1-PPWP-X1.jpg,https://pemilu2019.kpu.go.id/img/c/900/014/900014665/1-6608-04-C1-PPWP-X2.jpg
1659166076608900014666,ACEH,KOTA LANGSA,LANGSA BARAT,MATANG SEULIMENG,TPS 05,2019-10-25 05:00:03,20,190,297,208,210,210,0,https://pemilu2019.kpu.go.id/img/c/900/014/900014666/1-6608-05-C-XXX-X5.jpg,https://pemilu2019.kpu.go.id/img/c/900/014/900014666/1-6608-05-C-XXX-X6.jpg
1659166076608900014667,ACEH,KOTA LANGSA,LANGSA BARAT,MATANG SEULIMENG,TPS 06,2019-10-25 05:00:03,4,140,281,145,145,144,1,https://pemilu2019.kpu.go.id/img/c/900/014/900014667/1-6608-06-C1-PPWP-01.jpg,https://pemilu2019.kpu.go.id/img/c/900/014/900014667/1-6608-06-C1-PPWP-02.jpg
1659166076608900014668,ACEH,KOTA LANGSA,LANGSA BARAT,MATANG SEULIMENG,TPS 07,2019-10-25 05:00:03,15,141,292,157,157,156,1,https://pemilu2019.kpu.go.id/img/c/900/014/900014668/1-6608-07-C1-PPWP-X1.jpg,https://pemilu2019.kpu.go.id/img/c/900/014/900014668/1-6608-07-C1-PPWP-X2.jpg
1659166076608900014669,ACEH,KOTA LANGSA,LANGSA BARAT,MATANG SEULIMENG,TPS 08,2019-10-25 05:00:03,10,150,286,161,161,160,1,https://pemilu2019.kpu.go.id/img/c/900/014/900014669/1-6608-08-C1-PPWP-01.jpg,https://pemilu2019.kpu.go.id/img/c/900/014/900014669/1-6608-08-C1-PPWP-02.jpg
1659166076608900014670,ACEH,KOTA LANGSA,LANGSA BARAT,MATANG SEULIMENG,TPS 09,2019-10-25 05:00:03,11,145,279,158,158,156,2,https://pemilu2019.kpu.go.id/img/c/900/014/900014670/1-6608-09-C1-PPWP-X1.jpg,https://pemilu2019.kpu.go.id/img/c/900/014/900014670/1-6608-09-C1-PPWP-X2.jpg
1659166076608900014671,ACEH,KOTA LANGSA,LANGSA BARAT,MATANG SEULIMENG,TPS 10,2019-10-25 05:00:03,15,169,285,184,184,184,0,https://pemilu2019.kpu.go.id/img/c/900/014/900014671/1-6608-10-C1-PPWP-01.jpg,https://pemilu2019.kpu.go.id/img/c/900/014/900014671/1-6608-10-C1-PPWP-02.jpg
1659166076608900014672,ACEH,KOTA LANGSA,LANGSA BARAT,MATANG SEULIMENG,TPS 11,2019-10-25 05:00:03,14,139,291,156,156,156,3,https://pemilu2019.kpu.go.id/img/c/900/014/900014672/1-6608-11-C1-PPWP-X1.jpg,https://pemilu2019.kpu.go.id/img/c/900/014/900014672/1-6608-11-C1-PPWP-X2.jpg
1659166076608900014673,ACEH,KOTA LANGSA,LANGSA BARAT,MATANG SEULIMENG,TPS 12,2019-10-25 05:00:03,16,105,289,122,122,121,1,https://pemilu2019.kpu.go.id/img/c/900/014/900014673/1-6608-12-C1-PPWP-X1.jpg,https://pemilu2019.kpu.go.id/img/c/900/014/900014673/1-6608-12-C1-PPWP-X2.jpg
1659166076608900014674,ACEH,KOTA LANGSA,LANGSA BARAT,MATANG SEULIMENG,TPS 13,2019-10-25 05:00:03,13,186,292,200,200,199,1,https://pemilu2019.kpu.go.id/img/c/900/014/900014674/1-6608-13-C-XXX-X5.jpg,https://pemilu2019.kpu.go.id/img/c/900/014/900014674/1-6608-13-C-XXX-X6.jpg
1659166076608900014675,ACEH,KOTA LANGSA,LANGSA BARAT,MATANG SEULIMENG,TPS 14,2019-10-25 05:00:03,11,159,311,176,176,170,6,https://pemilu2019.kpu.go.id/img/c/900/014/900014675/1-6608-14-C1-PPWP-01.jpg,https://pemilu2019.kpu.go.id/img/c/900/014/900014675/1-6608-14-C1-PPWP-X2.jpg
1659166076608900014676,ACEH,KOTA LANGSA,LANGSA BARAT,MATANG SEULIMENG,TPS 15,2019-10-25 05:00:03,27,199,286,228,228,226,2,https://pemilu2019.kpu.go.id/img/c/900/014/900014676/1-6608-15-C1-PPWP-01.jpg,https://pemilu2019.kpu.go.id/img/c/900/014/900014676/1-6608-15-C1-PPWP-X2.jpg
1659166076608900014677,ACEH,KOTA LANGSA,LANGSA BARAT,MATANG SEULIMENG,TPS 16,2019-10-25 05:00:03,23,186,288,213,213,209,4,https://pemilu2019.kpu.go.id/img/c/900/014/900014677/1-6608-16-C1-PPWP-01.jpg,https://pemilu2019.kpu.go.id/img/c/900/014/900014677/1-6608-16-C1-PPWP-X2.jpg
1659166076608900014678,ACEH,KOTA LANGSA,LANGSA BARAT,MATANG SEULIMENG,TPS 17,2019-10-25 05:00:03,9,185,295,196,196,194,2,https://pemilu2019.kpu.go.id/img/c/900/014/900014678/5-6608-17-C-XXX-X5.jpg,https://pemilu2019.kpu.go.id/img/c/900/014/900014678/5-6608-17-C-XXX-X6.jpg
1659166076608900014679,ACEH,KOTA LANGSA,LANGSA BARAT,MATANG SEULIMENG,TPS 18,2019-10-25 05:00:03,12,171,293,184,184,183,1,https://pemilu2019.kpu.go.id/img/c/900/014/900014679/5-6608-18-C-XXX-X5.jpg,https://pemilu2019.kpu.go.id/img/c/900/014/900014679/5-6608-18-C1-PPWP-02.jpg
1659166076608900014680,ACEH,KOTA LANGSA,LANGSA BARAT,MATANG SEULIMENG,TPS 19,2019-10-25 05:00:03,19,150,293,171,171,169,2,https://pemilu2019.kpu.go.id/img/c/900/014/900014680/1-6608-19-C1-PPWP-01.jpg,https://pemilu2019.kpu.go.id/img/c/900/014/900014680/1-6608-19-C1-PPWP-02.jpg
1659166076608900014681,ACEH,KOTA LANGSA,LANGSA BARAT,MATANG SEULIMENG,TPS 20,2019-10-25 05:00:03,20,163,283,186,186,183,3,https://pemilu2019.kpu.go.id/img/c/900/014/900014681/1-6608-20-C1-PPWP-01.jpg,https://pemilu2019.kpu.go.id/img/c/900/014/900014681/1-6608-20-C1-PPWP-X2.jpg
1659166076608900014682,ACEH,KOTA LANGSA,LANGSA BARAT,MATANG SEULIMENG,TPS 21,2019-10-25 05:00:03,20,136,288,157,157,156,1,https://pemilu2019.kpu.go.id/img/c/900/014/900014682/1-6608-21-C1-PPWP-01.jpg,https://pemilu2019.kpu.go.id/img/c/900/014/900014682/1-6608-21-C1-PPWP-X2.jpg
1659166076608900014683,ACEH,KOTA LANGSA,LANGSA BARAT,MATANG SEULIMENG,TPS 22,2019-10-25 05:00:03,17,133,294,156,156,150,6,https://pemilu2019.kpu.go.id/img/c/900/014/900014683/1-6608-22-C1-PPWP-X1.jpg,https://pemilu2019.kpu.go.id/img/c/900/014/900014683/1-6608-22-C1-PPWP-X2.jpg
1659166076608900014684,ACEH,KOTA LANGSA,LANGSA BARAT,MATANG SEULIMENG,TPS 23,2019-10-25 05:00:03,7,161,294,169,169,168,1,https://pemilu2019.kpu.go.id/img/c/900/014/900014684/1-6608-23-C1-PPWP-X1.jpg,https://pemilu2019.kpu.go.id/img/c/900/014/900014684/1-6608-23-C1-PPWP-X2.jpg
1659166076608900014685,ACEH,KOTA LANGSA,LANGSA BARAT,MATANG SEULIMENG,TPS 24,2019-10-25 05:00:03,20,201,297,222,222,221,1,https://pemilu2019.kpu.go.id/img/c/900/014/900014685/1-6608-24-C1-PPWP-X1.jpg,https://pemilu2019.kpu.go.id/img/c/900/014/900014685/1-6608-24-C1-PPWP-X2.jpg
1659166076608900014686,ACEH,KOTA LANGSA,LANGSA BARAT,MATANG SEULIMENG,TPS 25,2019-10-25 05:00:03,31,177,307,208,208,208,0,https://pemilu2019.kpu.go.id/img/c/900/014/900014686/1-6608-25-C-XXX-X5.jpg,https://pemilu2019.kpu.go.id/img/c/900/014/900014686/1-6608-25-C1-PPWP-02.jpg
1659166076611900014701,ACEH,KOTA LANGSA,LANGSA BARAT,PAYA BUJOK BEURAMO,TPS 1,2019-10-25 05:00:03,27,192,268,220,220,219,1,https://pemilu2019.kpu.go.id/img/c/900/014/900014701/2-6611-1-C-XXX-X5.jpg,https://pemilu2019.kpu.go.id/img/c/900/014/900014701/2-6611-1-C-XXX-X6.jpg
1659166076611900014702,ACEH,KOTA LANGSA,LANGSA BARAT,PAYA BUJOK BEURAMO,TPS 2,2019-10-25 05:00:03,16,174,258,192,193,190,3,https://pemilu2019.kpu.go.id/img/c/900/014/900014702/1-6611-2-C-XXX-X5.jpg,https://pemilu2019.kpu.go.id/img/c/900/014/900014702/1-6611-2-C-XXX-X6.jpg
1659166076611900014703,ACEH,KOTA LANGSA,LANGSA BARAT,PAYA BUJOK BEURAMO,TPS 3,2019-10-25 05:00:03,0,0,289,239,232,14,218,https://pemilu2019.kpu.go.id/img/c/900/014/900014703/1-6611-3-C1-PPWP-X1.jpg,https://pemilu2019.kpu.go.id/img/c/900/014/900014703/1-6611-3-C1-PPWP-X2.jpg
1659166076611900014704,ACEH,KOTA LANGSA,LANGSA BARAT,PAYA BUJOK BEURAMO,TPS 4,2019-10-25 05:00:03,15,225,277,244,244,240,4,https://pemilu2019.kpu.go.id/img/c/900/014/900014704/2-6611-4-C1-PPWP-01.jpg,https://pemilu2019.kpu.go.id/img/c/900/014/900014704/2-6611-4-C1-PPWP-X2.jpg
1659166076611900014705,ACEH,KOTA LANGSA,LANGSA BARAT,PAYA BUJOK BEURAMO,TPS 5,2019-10-25 05:00:03,16,190,266,210,210,206,4,https://pemilu2019.kpu.go.id/img/c/900/014/900014705/1-6611-5-C-XXX-X5.jpg,https://pemilu2019.kpu.go.id/img/c/900/014/900014705/1-6611-5-C-XXX-X6.jpg
1659166076610900014696,ACEH,KOTA LANGSA,LANGSA BARAT,PAYA BUJOKTEUNGOH,TPS 1,2019-10-25 05:00:03,16,225,290,245,245,241,4,https://pemilu2019.kpu.go.id/img/c/900/014/900014696/3-6610-1-C1-PPWP-01.jpg,https://pemilu2019.kpu.go.id/img/c/900/014/900014696/3-6610-1-C1-PPWP-02.jpg
1659166076610900014697,ACEH,KOTA LANGSA,LANGSA BARAT,PAYA BUJOKTEUNGOH,TPS 2,2019-10-25 05:00:03,16,167,233,184,184,183,1,https://pemilu2019.kpu.go.id/img/c/900/014/900014697/6610-2-C-XXX-X5.jpg,https://pemilu2019.kpu.go.id/img/c/900/014/900014697/6610-2-C-XXX-X6.jpg
1659166076610900014698,ACEH,KOTA LANGSA,LANGSA BARAT,PAYA BUJOKTEUNGOH,TPS 3,2019-10-25 05:00:03,19,199,281,223,223,218,5,https://pemilu2019.kpu.go.id/img/c/900/014/900014698/1-6610-3-C1-PPWP-X1.jpg,https://pemilu2019.kpu.go.id/img/c/900/014/900014698/1-6610-3-C1-PPWP-02.jpg
1659166076610900014699,ACEH,KOTA LANGSA,LANGSA BARAT,PAYA BUJOKTEUNGOH,TPS 4,2019-10-25 05:00:03,13,173,228,192,192,186,6,https://pemilu2019.kpu.go.id/img/c/900/014/900014699/1-6610-4-C1-PPWP-01.jpg,https://pemilu2019.kpu.go.id/img/c/900/014/900014699/1-6610-4-C1-PPWP-02.jpg
1659166076610900014700,ACEH,KOTA LANGSA,LANGSA BARAT,PAYA BUJOKTEUNGOH,TPS 5,2019-10-25 05:00:03,8,162,200,170,170,170,0,https://pemilu2019.kpu.go.id/img/c/900/014/900014700/6610-5-C-XXX-X5.jpg,https://pemilu2019.kpu.go.id/img/c/900/014/900014700/6610-5-C-XXX-X6.jpg
16591660788083900791028,ACEH,KOTA LANGSA,LANGSA BARAT,SERAMBI INDAH,TPS 1,2019-10-25 05:00:03,25,147,253,174,174,172,2,https://pemilu2019.kpu.go.id/img/c/900/791/900791028/1-88083-1-C1-PPWP-01.jpg,https://pemilu2019.kpu.go.id/img/c/900/791/900791028/1-88083-1-C1-PPWP-X2.jpg
16591660788083900791029,ACEH,KOTA LANGSA,LANGSA BARAT,SERAMBI INDAH,TPS 2,2019-10-25 05:00:03,29,150,261,180,180,179,1,https://pemilu2019.kpu.go.id/img/c/900/791/900791029/1-88083-2-C1-PPWP-01.jpg,https://pemilu2019.kpu.go.id/img/c/900/791/900791029/1-88083-2-C1-PPWP-X2.jpg
16591660788083900791030,ACEH,KOTA LANGSA,LANGSA BARAT,SERAMBI INDAH,TPS 3,2019-10-25 05:00:03,26,158,275,184,184,184,0,https://pemilu2019.kpu.go.id/img/c/900/791/900791030/1-88083-3-C1-PPWP-X1.jpg,https://pemilu2019.kpu.go.id/img/c/900/791/900791030/1-88083-3-C1-PPWP-02.jpg
1659166076613900014709,ACEH,KOTA LANGSA,LANGSA BARAT,SEURIGET,TPS 1,2019-10-25 05:00:03,9,210,270,219,219,219,0,https://pemilu2019.kpu.go.id/img/c/900/014/900014709/2-6613-1-C-XXX-X5.jpg,https://pemilu2019.kpu.go.id/img/c/900/014/900014709/2-6613-1-C-XXX-X6.jpg
1659166076613900014710,ACEH,KOTA LANGSA,LANGSA BARAT,SEURIGET,TPS 2,2019-10-25 05:00:03,13,196,274,211,211,209,2,https://pemilu2019.kpu.go.id/img/c/900/014/900014710/1-6613-2-C1-PPWP-X1.jpg,https://pemilu2019.kpu.go.id/img/c/900/014/900014710/1-6613-2-C1-PPWP-X2.jpg
1659166076613900014711,ACEH,KOTA LANGSA,LANGSA BARAT,SEURIGET,TPS 3,2019-10-25 05:00:03,13,190,284,209,209,203,6,https://pemilu2019.kpu.go.id/img/c/900/014/900014711/2-6613-3-C1-PPWP-X1.jpg,https://pemilu2019.kpu.go.id/img/c/900/014/900014711/2-6613-3-C1-PPWP-X2.jpg
1659166076613900014712,ACEH,KOTA LANGSA,LANGSA BARAT,SEURIGET,TPS 4,2019-10-25 05:00:03,8,216,296,226,226,224,2,https://pemilu2019.kpu.go.id/img/c/900/014/900014712/1-6613-4-C-XXX-X5.jpg,https://pemilu2019.kpu.go.id/img/c/900/014/900014712/1-6613-4-C-XXX-X6.jpg
1659166076613900014713,ACEH,KOTA LANGSA,LANGSA BARAT,SEURIGET,TPS 5,2019-10-25 05:00:03,10,197,277,210,210,207,3,https://pemilu2019.kpu.go.id/img/c/900/014/900014713/1-6613-5-C1-PPWP-01.jpg,https://pemilu2019.kpu.go.id/img/c/900/014/900014713/1-6613-5-C1-PPWP-02.jpg
1659166076613900014714,ACEH,KOTA LANGSA,LANGSA BARAT,SEURIGET,TPS 6,2019-10-25 05:00:03,15,222,294,238,238,237,1,https://pemilu2019.kpu.go.id/img/c/900/014/900014714/1-6613-6-C-XXX-X5.jpg,https://pemilu2019.kpu.go.id/img/c/900/014/900014714/1-6613-6-C-XXX-X6.jpg
1659166076612900014706,ACEH,KOTA LANGSA,LANGSA BARAT,SIMPANG LHEE,TPS 1,2019-10-25 05:00:03,17,222,287,246,246,239,7,https://pemilu2019.kpu.go.id/img/c/900/014/900014706/1-6612-1-C1-PPWP-X1.jpg,https://pemilu2019.kpu.go.id/img/c/900/014/900014706/1-6612-1-C1-PPWP-X2.jpg
1659166076612900014707,ACEH,KOTA LANGSA,LANGSA BARAT,SIMPANG LHEE,TPS 2,2019-10-25 05:00:03,14,180,255,210,210,194,16,https://pemilu2019.kpu.go.id/img/c/900/014/900014707/1-6612-2-C-XXX-X5.jpg,https://pemilu2019.kpu.go.id/img/c/900/014/900014707/1-6612-2-C-XXX-X6.jpg
1659166076612900014708,ACEH,KOTA LANGSA,LANGSA BARAT,SIMPANG LHEE,TPS 3,2019-10-25 05:00:03,14,183,251,202,202,197,5,https://pemilu2019.kpu.go.id/img/c/900/014/900014708/1-6612-3-C-XXX-X5.jpg,https://pemilu2019.kpu.go.id/img/c/900/014/900014708/1-6612-3-C-XXX-X6.jpg
1659166076614900014715,ACEH,KOTA LANGSA,LANGSA BARAT,SUNGAI PAUH,TPS 01,2019-10-25 05:00:03,28,201,307,232,232,229,3,https://pemilu2019.kpu.go.id/img/c/900/014/900014715/1-6614-01-C1-PPWP-01.jpg,https://pemilu2019.kpu.go.id/img/c/900/014/900014715/1-6614-01-C1-PPWP-02.jpg
1659166076614900014716,ACEH,KOTA LANGSA,LANGSA BARAT,SUNGAI PAUH,TPS 02,2019-10-25 05:00:03,13,172,189,10,189,185,4,https://pemilu2019.kpu.go.id/img/c/900/014/900014716/1-6614-02-C1-PPWP-X1.jpg,https://pemilu2019.kpu.go.id/img/c/900/014/900014716/1-6614-02-C1-PPWP-X2.jpg
1659166076614900014717,ACEH,KOTA LANGSA,LANGSA BARAT,SUNGAI PAUH,TPS 03,2019-10-25 05:00:03,14,200,275,221,221,214,7,https://pemilu2019.kpu.go.id/img/c/900/014/900014717/1-6614-03-C1-PPWP-X1.jpg,https://pemilu2019.kpu.go.id/img/c/900/014/900014717/1-6614-03-C1-PPWP-X2.jpg
1659166076614900014718,ACEH,KOTA LANGSA,LANGSA BARAT,SUNGAI PAUH,TPS 04,2019-10-25 05:00:03,5,213,273,224,224,218,6,https://pemilu2019.kpu.go.id/img/c/900/014/900014718/1-6614-04-C1-PPWP-X1.jpg,https://pemilu2019.kpu.go.id/img/c/900/014/900014718/1-6614-04-C1-PPWP-02.jpg
1659166076614900014719,ACEH,KOTA LANGSA,LANGSA BARAT,SUNGAI PAUH,TPS 05,2019-10-25 05:00:03,17,213,292,231,231,230,1,https://pemilu2019.kpu.go.id/img/c/900/014/900014719/1-6614-05-C1-PPWP-X1.jpg,https://pemilu2019.kpu.go.id/img/c/900/014/900014719/1-6614-05-C1-PPWP-X2.jpg
1659166076614900014720,ACEH,KOTA LANGSA,LANGSA BARAT,SUNGAI PAUH,TPS 06,2019-10-25 05:00:03,22,201,298,230,230,223,7,https://pemilu2019.kpu.go.id/img/c/900/014/900014720/2-6614-06-C1-PPWP-X1.jpg,https://pemilu2019.kpu.go.id/img/c/900/014/900014720/2-6614-06-C1-PPWP-X2.jpg
1659166076614900014721,ACEH,KOTA LANGSA,LANGSA BARAT,SUNGAI PAUH,TPS 07,2019-10-25 05:00:03,19,184,286,207,207,203,4,https://pemilu2019.kpu.go.id/img/c/900/014/900014721/1-6614-07-C1-PPWP-X1.jpg,https://pemilu2019.kpu.go.id/img/c/900/014/900014721/1-6614-07-C1-PPWP-X2.jpg
1659166076614900014722,ACEH,KOTA LANGSA,LANGSA BARAT,SUNGAI PAUH,TPS 08,2019-10-25 05:00:03,17,155,272,172,172,172,0,https://pemilu2019.kpu.go.id/img/c/900/014/900014722/1-6614-08-C1-PPWP-X1.jpg,https://pemilu2019.kpu.go.id/img/c/900/014/900014722/1-6614-08-C1-PPWP-02.jpg
1659166076614900014723,ACEH,KOTA LANGSA,LANGSA BARAT,SUNGAI PAUH,TPS 09,2019-10-25 05:00:03,9,176,236,189,189,185,4,https://pemilu2019.kpu.go.id/img/c/900/014/900014723/1-6614-09-C1-PPWP-X1.jpg,https://pemilu2019.kpu.go.id/img/c/900/014/900014723/1-6614-09-C1-PPWP-02.jpg
1659166076614900014724,ACEH,KOTA LANGSA,LANGSA BARAT,SUNGAI PAUH,TPS 10,2019-10-25 05:00:03,18,189,295,211,211,207,4,https://pemilu2019.kpu.go.id/img/c/900/014/900014724/1-6614-10-C1-PPWP-X1.jpg,https://pemilu2019.kpu.go.id/img/c/900/014/900014724/1-6614-10-C1-PPWP-X2.jpg
1659166076614900014725,ACEH,KOTA LANGSA,LANGSA BARAT,SUNGAI PAUH,TPS 11,2019-10-25 05:00:03,13,124,251,137,138,137,1,https://pemilu2019.kpu.go.id/img/c/900/014/900014725/1-6614-11-C1-PPWP-X1.jpg,https://pemilu2019.kpu.go.id/img/c/900/014/900014725/1-6614-11-C1-PPWP-X2.jpg
16591660788086900791043,ACEH,KOTA LANGSA,LANGSA BARAT,SUNGAI PAUH FIRDAUS,TPS 1,2019-10-25 05:00:03,17,159,260,177,177,176,1,https://pemilu2019.kpu.go.id/img/c/900/791/900791043/2-88086-1-C-XXX-X5.jpg,https://pemilu2019.kpu.go.id/img/c/900/791/900791043/2-88086-1-C-XXX-X6.jpg
16591660788086900791044,ACEH,KOTA LANGSA,LANGSA BARAT,SUNGAI PAUH FIRDAUS,TPS 2,2019-10-25 05:00:03,24,117,195,147,147,141,6,https://pemilu2019.kpu.go.id/img/c/900/791/900791044/3-88086-2-C-XXX-X5.jpg,https://pemilu2019.kpu.go.id/img/c/900/791/900791044/3-88086-2-C-XXX-X6.jpg
16591660788086900791045,ACEH,KOTA LANGSA,LANGSA BARAT,SUNGAI PAUH FIRDAUS,TPS 3,2019-10-25 05:00:03,21,147,230,169,169,168,3,https://pemilu2019.kpu.go.id/img/c/900/791/900791045/2-88086-3-C-XXX-X5.jpg,https://pemilu2019.kpu.go.id/img/c/900/791/900791045/2-88086-3-C-XXX-X6.jpg
16591660788086900791046,ACEH,KOTA LANGSA,LANGSA BARAT,SUNGAI PAUH FIRDAUS,TPS 4,2019-10-25 05:00:03,19,146,209,166,166,165,1,https://pemilu2019.kpu.go.id/img/c/900/791/900791046/1-88086-4-C-XXX-X5.jpg,https://pemilu2019.kpu.go.id/img/c/900/791/900791046/1-88086-4-C-XXX-X6.jpg
16591660788086900791047,ACEH,KOTA LANGSA,LANGSA BARAT,SUNGAI PAUH FIRDAUS,TPS 5,2019-10-25 05:00:03,19,124,206,151,151,143,8,https://pemilu2019.kpu.go.id/img/c/900/791/900791047/1-88086-5-C-XXX-X5.jpg,https://pemilu2019.kpu.go.id/img/c/900/791/900791047/1-88086-5-C-XXX-X6.jpg
16591660788084900791031,ACEH,KOTA LANGSA,LANGSA BARAT,SUNGAI PAUH PUSAKA,TPS 1,2019-10-25 05:00:03,14,119,176,137,137,133,4,https://pemilu2019.kpu.go.id/img/c/900/791/900791031/88084-1-C-XXX-X5.jpg,https://pemilu2019.kpu.go.id/img/c/900/791/900791031/88084-1-C-XXX-X6.jpg
16591660788084900791032,ACEH,KOTA LANGSA,LANGSA BARAT,SUNGAI PAUH PUSAKA,TPS 2,2019-10-25 05:00:03,18,125,189,148,148,143,5,https://pemilu2019.kpu.go.id/img/c/900/791/900791032/88084-2-C-XXX-X5.jpg,https://pemilu2019.kpu.go.id/img/c/900/791/900791032/88084-2-C-XXX-X6.jpg
16591660788084900791033,ACEH,KOTA LANGSA,LANGSA BARAT,SUNGAI PAUH PUSAKA,TPS 3,2019-10-25 05:00:03,20,173,262,203,203,193,10,https://pemilu2019.kpu.go.id/img/c/900/791/900791033/88084-3-C-XXX-X5.jpg,https://pemilu2019.kpu.go.id/img/c/900/791/900791033/88084-3-C-XXX-X6.jpg
16591660788084900791034,ACEH,KOTA LANGSA,LANGSA BARAT,SUNGAI PAUH PUSAKA,TPS 4,2019-10-25 05:00:03,27,171,278,207,207,198,9,https://pemilu2019.kpu.go.id/img/c/900/791/900791034/88084-4-C-XXX-X5.jpg,https://pemilu2019.kpu.go.id/img/c/900/791/900791034/88084-4-C-XXX-X6.jpg
16591660788084900791035,ACEH,KOTA LANGSA,LANGSA BARAT,SUNGAI PAUH PUSAKA,TPS 5,2019-10-25 05:00:03,25,199,294,229,229,224,5,https://pemilu2019.kpu.go.id/img/c/900/791/900791035/1-88084-5-C-XXX-X5.jpg,https://pemilu2019.kpu.go.id/img/c/900/791/900791035/1-88084-5-C-XXX-X6.jpg
16591660788084900791036,ACEH,KOTA LANGSA,LANGSA BARAT,SUNGAI PAUH PUSAKA,TPS 6,2019-10-25 05:00:03,30,228,324,271,271,258,13,https://pemilu2019.kpu.go.id/img/c/900/791/900791036/88084-6-C-XXX-X5.jpg,https://pemilu2019.kpu.go.id/img/c/900/791/900791036/88084-6-C-XXX-X6.jpg
16591660788085900791037,ACEH,KOTA LANGSA,LANGSA BARAT,SUNGAI PAUH TANJONG,TPS 1,2019-10-25 05:00:03,14,186,219,202,202,200,2,https://pemilu2019.kpu.go.id/img/c/900/791/900791037/88085-1-C1-PPWP-X1.jpg,https://pemilu2019.kpu.go.id/img/c/900/791/900791037/88085-1-C1-PPWP-X2.jpg
16591660788085900791038,ACEH,KOTA LANGSA,LANGSA BARAT,SUNGAI PAUH TANJONG,TPS 2,2019-10-25 05:00:03,16,197,246,220,220,213,7,https://pemilu2019.kpu.go.id/img/c/900/791/900791038/1-88085-2-C1-PPWP-01.jpg,https://pemilu2019.kpu.go.id/img/c/900/791/900791038/1-88085-2-C1-PPWP-02.jpg
16591660788085900791039,ACEH,KOTA LANGSA,LANGSA BARAT,SUNGAI PAUH TANJONG,TPS 3,2019-10-25 05:00:03,12,168,216,191,191,180,11,https://pemilu2019.kpu.go.id/img/c/900/791/900791039/2-88085-3-C-XXX-X5.jpg,https://pemilu2019.kpu.go.id/img/c/900/791/900791039/2-88085-3-C1-PPWP-02.jpg
16591660788085900791040,ACEH,KOTA LANGSA,LANGSA BARAT,SUNGAI PAUH TANJONG,TPS 4,2019-10-25 05:00:03,19,184,256,216,216,203,13,https://pemilu2019.kpu.go.id/img/c/900/791/900791040/1-88085-4-C-XXX-X5.jpg,https://pemilu2019.kpu.go.id/img/c/900/791/900791040/1-88085-4-C1-PPWP-02.jpg
16591660788085900791041,ACEH,KOTA LANGSA,LANGSA BARAT,SUNGAI PAUH TANJONG,TPS 5,2019-10-25 05:00:03,14,227,286,246,246,241,5,https://pemilu2019.kpu.go.id/img/c/900/791/900791041/2-88085-5-C1-PPWP-01.jpg,https://pemilu2019.kpu.go.id/img/c/900/791/900791041/2-88085-5-C1-PPWP-02.jpg
16591660788085900791042,ACEH,KOTA LANGSA,LANGSA BARAT,SUNGAI PAUH TANJONG,TPS 6,2019-10-25 05:00:03,19,195,276,224,224,214,10,https://pemilu2019.kpu.go.id/img/c/900/791/900791042/1-88085-6-C1-PPWP-01.jpg,https://pemilu2019.kpu.go.id/img/c/900/791/900791042/1-88085-6-C-XXX-X6.jpg
1659166076616900014732,ACEH,KOTA LANGSA,LANGSA BARAT,TELAGA TUJUH,TPS 1,2019-10-25 05:00:03,7,260,290,264,270,267,3,https://pemilu2019.kpu.go.id/img/c/900/014/900014732/2-6616-1-C-XXX-X5.jpg,https://pemilu2019.kpu.go.id/img/c/900/014/900014732/2-6616-1-C1-PPWP-02.jpg
1659166076616900014733,ACEH,KOTA LANGSA,LANGSA BARAT,TELAGA TUJUH,TPS 2,2019-10-25 05:00:03,11,240,293,259,259,251,8,https://pemilu2019.kpu.go.id/img/c/900/014/900014733/2-6616-2-C1-PPWP-01.jpg,https://pemilu2019.kpu.go.id/img/c/900/014/900014733/2-6616-2-C1-PPWP-X2.jpg
1659166076616900014734,ACEH,KOTA LANGSA,LANGSA BARAT,TELAGA TUJUH,TPS 3,2019-10-25 05:00:03,11,265,304,287,287,276,11,https://pemilu2019.kpu.go.id/img/c/900/014/900014734/2-6616-3-C1-PPWP-X1.jpg,https://pemilu2019.kpu.go.id/img/c/900/014/900014734/2-6616-3-C1-PPWP-X2.jpg
1659166076616900014735,ACEH,KOTA LANGSA,LANGSA BARAT,TELAGA TUJUH,TPS 4,2019-10-25 05:00:03,8,247,286,270,270,270,15,https://pemilu2019.kpu.go.id/img/c/900/014/900014735/2-6616-4-C-XXX-X5.jpg,https://pemilu2019.kpu.go.id/img/c/900/014/900014735/2-6616-4-C-XXX-X6.jpg
1659166386641900014939,ACEH,KOTA LANGSA,LANGSA BARO,ALUE DUA,TPS 1,2019-10-25 05:00:03,17,238,313,260,260,255,5,https://pemilu2019.kpu.go.id/img/c/900/014/900014939/6641-1-C1-PPWP-X1.jpg,https://pemilu2019.kpu.go.id/img/c/900/014/900014939/6641-1-C1-PPWP-02.jpg
1659166386641900014940,ACEH,KOTA LANGSA,LANGSA BARO,ALUE DUA,TPS 2,2019-10-25 05:00:03,32,203,287,247,247,235,12,https://pemilu2019.kpu.go.id/img/c/900/014/900014940/6641-2-C1-PPWP-X1.jpg,https://pemilu2019.kpu.go.id/img/c/900/014/900014940/6641-2-C1-PPWP-X2.jpg
1659166386641900014941,ACEH,KOTA LANGSA,LANGSA BARO,ALUE DUA,TPS 3,2019-10-25 05:00:03,23,214,268,240,239,237,2,https://pemilu2019.kpu.go.id/img/c/900/014/900014941/2-6641-3-C1-PPWP-X1.jpg,https://pemilu2019.kpu.go.id/img/c/900/014/900014941/2-6641-3-C1-PPWP-X2.jpg
1659166386641900014942,ACEH,KOTA LANGSA,LANGSA BARO,ALUE DUA,TPS 4,2019-10-25 05:00:03,31,205,292,236,302,236,66,https://pemilu2019.kpu.go.id/img/c/900/014/900014942/6641-4-C1-PPWP-01.jpg,https://pemilu2019.kpu.go.id/img/c/900/014/900014942/6641-4-C-XXX-X6.jpg
1659166386641900014943,ACEH,KOTA LANGSA,LANGSA BARO,ALUE DUA,TPS 5,2019-10-25 05:00:03,17,185,262,205,205,202,3,https://pemilu2019.kpu.go.id/img/c/900/014/900014943/6641-5-C1-PPWP-X1.jpg,https://pemilu2019.kpu.go.id/img/c/900/014/900014943/6641-5-C1-PPWP-02.jpg
1659166386641900014944,ACEH,KOTA LANGSA,LANGSA BARO,ALUE DUA,TPS 6,2019-10-25 05:00:03,49,204,220,254,254,253,1,https://pemilu2019.kpu.go.id/img/c/900/014/900014944/1-6641-6-C1-PPWP-01.jpg,https://pemilu2019.kpu.go.id/img/c/900/014/900014944/1-6641-6-C-XXX-X6.jpg
1659166386641900014945,ACEH,KOTA LANGSA,LANGSA BARO,ALUE DUA,TPS 7,2019-10-25 05:00:03,27,223,298,257,257,250,7,https://pemilu2019.kpu.go.id/img/c/900/014/900014945/6641-7-C1-PPWP-01.jpg,https://pemilu2019.kpu.go.id/img/c/900/014/900014945/6641-7-C1-PPWP-02.jpg
1659166386641900014946,ACEH,KOTA LANGSA,LANGSA BARO,ALUE DUA,TPS 8,2019-10-25 05:00:03,21,220,312,244,244,241,3,https://pemilu2019.kpu.go.id/img/c/900/014/900014946/1-6641-8-C1-PPWP-01.jpg,https://pemilu2019.kpu.go.id/img/c/900/014/900014946/1-6641-8-C-XXX-X6.jpg
1659166386641900014947,ACEH,KOTA LANGSA,LANGSA BARO,ALUE DUA,TPS 9,2019-10-25 05:00:03,25,196,292,225,225,221,4,https://pemilu2019.kpu.go.id/img/c/900/014/900014947/1-6641-9-C-XXX-X5.jpg,https://pemilu2019.kpu.go.id/img/c/900/014/900014947/1-6641-9-C1-PPWP-02.jpg
16591663888087900791048,ACEH,KOTA LANGSA,LANGSA BARO,ALUE DUA BAKARAN BATE,TPS 1,2019-10-25 05:00:03,41,182,291,227,227,223,4,https://pemilu2019.kpu.go.id/img/c/900/791/900791048/1-88087-1-C1-PPWP-X1.jpg,https://pemilu2019.kpu.go.id/img/c/900/791/900791048/1-88087-1-C1-PPWP-02.jpg
16591663888087900791049,ACEH,KOTA LANGSA,LANGSA BARO,ALUE DUA BAKARAN BATE,TPS 2,2019-10-25 05:00:03,32,176,278,215,215,208,7,https://pemilu2019.kpu.go.id/img/c/900/791/900791049/2-88087-2-C1-PPWP-01.jpg,https://pemilu2019.kpu.go.id/img/c/900/791/900791049/2-88087-2-C1-PPWP-02.jpg
16591663888087900791050,ACEH,KOTA LANGSA,LANGSA BARO,ALUE DUA BAKARAN BATE,TPS 3,2019-10-25 05:00:03,34,159,281,197,197,193,4,https://pemilu2019.kpu.go.id/img/c/900/791/900791050/2-88087-3-C1-PPWP-01.jpg,https://pemilu2019.kpu.go.id/img/c/900/791/900791050/2-88087-3-C1-PPWP-02.jpg
16591663888087900791051,ACEH,KOTA LANGSA,LANGSA BARO,ALUE DUA BAKARAN BATE,TPS 4,2019-10-25 05:00:03,45,160,285,209,209,205,4,https://pemilu2019.kpu.go.id/img/c/900/791/900791051/1-88087-4-C1-PPWP-X1.jpg,https://pemilu2019.kpu.go.id/img/c/900/791/900791051/1-88087-4-C1-PPWP-02.jpg
16591663888087900791052,ACEH,KOTA LANGSA,LANGSA BARO,ALUE DUA BAKARAN BATE,TPS 5,2019-10-25 05:00:03,63,160,305,229,229,223,6,https://pemilu2019.kpu.go.id/img/c/900/791/900791052/1-88087-5-C1-PPWP-X1.jpg,https://pemilu2019.kpu.go.id/img/c/900/791/900791052/1-88087-5-C1-PPWP-X2.jpg
16591663888087900791053,ACEH,KOTA LANGSA,LANGSA BARO,ALUE DUA BAKARAN BATE,TPS 6,2019-10-25 05:00:03,46,166,285,216,216,212,4,https://pemilu2019.kpu.go.id/img/c/900/791/900791053/2-88087-6-C1-PPWP-01.jpg,https://pemilu2019.kpu.go.id/img/c/900/791/900791053/2-88087-6-C1-PPWP-X2.jpg
16591663888087900791054,ACEH,KOTA LANGSA,LANGSA BARO,ALUE DUA BAKARAN BATE,TPS 7,2019-10-25 05:00:03,41,166,295,209,209,207,2,https://pemilu2019.kpu.go.id/img/c/900/791/900791054/1-88087-7-C1-PPWP-X1.jpg,https://pemilu2019.kpu.go.id/img/c/900/791/900791054/1-88087-7-C1-PPWP-X2.jpg
16591663888087900791055,ACEH,KOTA LANGSA,LANGSA BARO,ALUE DUA BAKARAN BATE,TPS 8,2019-10-25 05:00:03,33,161,290,199,199,194,5,https://pemilu2019.kpu.go.id/img/c/900/791/900791055/1-88087-8-C1-PPWP-X1.jpg,https://pemilu2019.kpu.go.id/img/c/900/791/900791055/1-88087-8-C1-PPWP-02.jpg
1659166386642900014948,ACEH,KOTA LANGSA,LANGSA BARO,BIREM PUNTONG,TPS 1,2019-10-25 05:00:03,21,179,267,206,206,200,6,https://pemilu2019.kpu.go.id/img/c/900/014/900014948/3-6642-1-C1-PPWP-X1.jpg,https://pemilu2019.kpu.go.id/img/c/900/014/900014948/3-6642-1-C1-PPWP-X2.jpg
1659166386642900014949,ACEH,KOTA LANGSA,LANGSA BARO,BIREM PUNTONG,TPS 2,2019-10-25 05:00:03,14,182,275,205,205,196,9,https://pemilu2019.kpu.go.id/img/c/900/014/900014949/3-6642-2-C1-PPWP-01.jpg,https://pemilu2019.kpu.go.id/img/c/900/014/900014949/3-6642-2-C-XXX-X5.jpg
1659166386642900014950,ACEH,KOTA LANGSA,LANGSA BARO,BIREM PUNTONG,TPS 3,2019-10-25 05:00:03,22,189,287,214,214,211,3,https://pemilu2019.kpu.go.id/img/c/900/014/900014950/2-6642-3-C1-PPWP-01.jpg,https://pemilu2019.kpu.go.id/img/c/900/014/900014950/2-6642-3-C1-PPWP-02.jpg
1659166386642900014951,ACEH,KOTA LANGSA,LANGSA BARO,BIREM PUNTONG,TPS 4,2019-10-25 05:00:03,11,157,265,172,172,268,4,https://pemilu2019.kpu.go.id/img/c/900/014/900014951/2-6642-4-C1-PPWP-X1.jpg,https://pemilu2019.kpu.go.id/img/c/900/014/900014951/2-6642-4-C1-PPWP-X2.jpg
1659166386642900014952,ACEH,KOTA LANGSA,LANGSA BARO,BIREM PUNTONG,TPS 5,2019-10-25 05:00:03,10,166,243,177,177,176,1,https://pemilu2019.kpu.go.id/img/c/900/014/900014952/2-6642-5-C1-PPWP-X1.jpg,https://pemilu2019.kpu.go.id/img/c/900/014/900014952/2-6642-5-C1-PPWP-02.jpg
1659166386642900014953,ACEH,KOTA LANGSA,LANGSA BARO,BIREM PUNTONG,TPS 6,2019-10-25 05:00:03,18,182,248,203,203,200,3,https://pemilu2019.kpu.go.id/img/c/900/014/900014953/2-6642-6-C1-PPWP-01.jpg,https://pemilu2019.kpu.go.id/img/c/900/014/900014953/2-6642-6-C1-PPWP-X2.jpg
1659166386642900014954,ACEH,KOTA LANGSA,LANGSA BARO,BIREM PUNTONG,TPS 7,2019-10-25 05:00:03,17,218,278,238,238,235,3,https://pemilu2019.kpu.go.id/img/c/900/014/900014954/1-6642-7-C1-PPWP-01.jpg,https://pemilu2019.kpu.go.id/img/c/900/014/900014954/1-6642-7-C1-PPWP-X2.jpg
1659166386642900014955,ACEH,KOTA LANGSA,LANGSA BARO,BIREM PUNTONG,TPS 8,2019-10-25 05:00:03,23,216,293,241,241,239,2,https://pemilu2019.kpu.go.id/img/c/900/014/900014955/1-6642-8-C1-PPWP-01.jpg,https://pemilu2019.kpu.go.id/img/c/900/014/900014955/1-6642-8-C-XXX-X6.jpg
1659166386642900014956,ACEH,KOTA LANGSA,LANGSA BARO,BIREM PUNTONG,TPS 9,2019-10-25 05:00:03,30,208,283,250,250,238,12,https://pemilu2019.kpu.go.id/img/c/900/014/900014956/1-6642-9-C1-PPWP-01.jpg,https://pemilu2019.kpu.go.id/img/c/900/014/900014956/1-6642-9-C1-PPWP-X2.jpg
1659166386647900015000,ACEH,KOTA LANGSA,LANGSA BARO,GEUDUBANG ACEH,TPS 1,2019-10-25 05:00:03,8,192,250,205,205,200,5,https://pemilu2019.kpu.go.id/img/c/900/015/900015000/1-6647-1-C1-PPWP-X1.jpg,https://pemilu2019.kpu.go.id/img/c/900/015/900015000/1-6647-1-C1-PPWP-X2.jpg
1659166386647900015001,ACEH,KOTA LANGSA,LANGSA BARO,GEUDUBANG ACEH,TPS 2,2019-10-25 05:00:03,25,182,261,208,208,207,1,https://pemilu2019.kpu.go.id/img/c/900/015/900015001/1-6647-2-C1-PPWP-01.jpg,https://pemilu2019.kpu.go.id/img/c/900/015/900015001/1-6647-2-C1-PPWP-02.jpg
1659166386647900015002,ACEH,KOTA LANGSA,LANGSA BARO,GEUDUBANG ACEH,TPS 3,2019-10-25 05:00:03,13,189,257,205,205,202,3,https://pemilu2019.kpu.go.id/img/c/900/015/900015002/1-6647-3-C1-PPWP-01.jpg,https://pemilu2019.kpu.go.id/img/c/900/015/900015002/1-6647-3-C-XXX-X6.jpg
1659166386647900015003,ACEH,KOTA LANGSA,LANGSA BARO,GEUDUBANG ACEH,TPS 4,2019-10-25 05:00:03,8,191,246,204,204,199,5,https://pemilu2019.kpu.go.id/img/c/900/015/900015003/2-6647-4-C1-PPWP-X1.jpg,https://pemilu2019.kpu.go.id/img/c/900/015/900015003/2-6647-4-C1-PPWP-02.jpg
1659166386647900015004,ACEH,KOTA LANGSA,LANGSA BARO,GEUDUBANG ACEH,TPS 5,2019-10-25 05:00:03,11,187,257,203,203,198,5,https://pemilu2019.kpu.go.id/img/c/900/015/900015004/2-6647-5-C1-PPWP-01.jpg,https://pemilu2019.kpu.go.id/img/c/900/015/900015004/2-6647-5-C1-PPWP-02.jpg
1659166386647900015005,ACEH,KOTA LANGSA,LANGSA BARO,GEUDUBANG ACEH,TPS 6,2019-10-25 05:00:03,24,180,266,208,208,204,4,https://pemilu2019.kpu.go.id/img/c/900/015/900015005/1-6647-6-C1-PPWP-X1.jpg,https://pemilu2019.kpu.go.id/img/c/900/015/900015005/1-6647-6-C1-PPWP-02.jpg
1659166386647900015006,ACEH,KOTA LANGSA,LANGSA BARO,GEUDUBANG ACEH,TPS 7,2019-10-25 05:00:03,21,183,251,208,208,204,4,https://pemilu2019.kpu.go.id/img/c/900/015/900015006/1-6647-7-C1-PPWP-X1.jpg,https://pemilu2019.kpu.go.id/img/c/900/015/900015006/1-6647-7-C1-PPWP-X2.jpg
1659166386647900015007,ACEH,KOTA LANGSA,LANGSA BARO,GEUDUBANG ACEH,TPS 8,2019-10-25 05:00:03,34,163,251,201,201,197,4,https://pemilu2019.kpu.go.id/img/c/900/015/900015007/2-6647-8-C1-PPWP-X1.jpg,https://pemilu2019.kpu.go.id/img/c/900/015/900015007/2-6647-8-C1-PPWP-02.jpg
1659166386647900015008,ACEH,KOTA LANGSA,LANGSA BARO,GEUDUBANG ACEH,TPS 9,2019-10-25 05:00:03,28,196,246,226,226,224,2,https://pemilu2019.kpu.go.id/img/c/900/015/900015008/3-6647-9-C1-PPWP-X1.jpg,https://pemilu2019.kpu.go.id/img/c/900/015/900015008/3-6647-9-C1-PPWP-X2.jpg
1659166386646900014990,ACEH,KOTA LANGSA,LANGSA BARO,GEUDUBANG JAWA,TPS 01,2019-10-25 05:00:03,16,213,271,231,231,229,2,https://pemilu2019.kpu.go.id/img/c/900/014/900014990/1-6646-01-C-XXX-X5.jpg,https://pemilu2019.kpu.go.id/img/c/900/014/900014990/1-6646-01-C-XXX-X6.jpg
1659166386646900014991,ACEH,KOTA LANGSA,LANGSA BARO,GEUDUBANG JAWA,TPS 02,2019-10-25 05:00:03,18,192,237,213,213,210,3,https://pemilu2019.kpu.go.id/img/c/900/014/900014991/1-6646-02-C-XXX-X5.jpg,https://pemilu2019.kpu.go.id/img/c/900/014/900014991/1-6646-02-C-XXX-X6.jpg
1659166386646900014992,ACEH,KOTA LANGSA,LANGSA BARO,GEUDUBANG JAWA,TPS 03,2019-10-25 05:00:03,21,210,264,231,231,231,0,https://pemilu2019.kpu.go.id/img/c/900/014/900014992/1-6646-03-C1-PPWP-X1.jpg,https://pemilu2019.kpu.go.id/img/c/900/014/900014992/1-6646-03-C1-PPWP-X2.jpg
1659166386646900014993,ACEH,KOTA LANGSA,LANGSA BARO,GEUDUBANG JAWA,TPS 04,2019-10-25 05:00:03,19,243,293,264,264,262,2,https://pemilu2019.kpu.go.id/img/c/900/014/900014993/1-6646-04-C1-PPWP-01.jpg,https://pemilu2019.kpu.go.id/img/c/900/014/900014993/1-6646-04-C1-PPWP-X2.jpg
1659166386646900014994,ACEH,KOTA LANGSA,LANGSA BARO,GEUDUBANG JAWA,TPS 05,2019-10-25 05:00:03,20,232,288,253,253,252,1,https://pemilu2019.kpu.go.id/img/c/900/014/900014994/1-6646-05-C1-PPWP-01.jpg,https://pemilu2019.kpu.go.id/img/c/900/014/900014994/1-6646-05-C1-PPWP-02.jpg
1659166386646900014995,ACEH,KOTA LANGSA,LANGSA BARO,GEUDUBANG JAWA,TPS 06,2019-10-25 05:00:03,33,227,301,265,265,260,5,https://pemilu2019.kpu.go.id/img/c/900/014/900014995/1-6646-06-C1-PPWP-X1.jpg,https://pemilu2019.kpu.go.id/img/c/900/014/900014995/1-6646-06-C1-PPWP-X2.jpg
1659166386646900014996,ACEH,KOTA LANGSA,LANGSA BARO,GEUDUBANG JAWA,TPS 07,2019-10-25 05:00:03,30,189,232,221,221,219,2,https://pemilu2019.kpu.go.id/img/c/900/014/900014996/1-6646-07-C-XXX-X5.jpg,https://pemilu2019.kpu.go.id/img/c/900/014/900014996/1-6646-07-C-XXX-X6.jpg
1659166386646900014997,ACEH,KOTA LANGSA,LANGSA BARO,GEUDUBANG JAWA,TPS 08,2019-10-25 05:00:03,27,227,297,257,257,254,3,https://pemilu2019.kpu.go.id/img/c/900/014/900014997/2-6646-08-C1-PPWP-X1.jpg,https://pemilu2019.kpu.go.id/img/c/900/014/900014997/2-6646-08-C1-PPWP-X2.jpg
1659166386646900014998,ACEH,KOTA LANGSA,LANGSA BARO,GEUDUBANG JAWA,TPS 09,2019-10-25 05:00:03,26,202,256,231,231,228,3,https://pemilu2019.kpu.go.id/img/c/900/014/900014998/1-6646-09-C1-PPWP-X1.jpg,https://pemilu2019.kpu.go.id/img/c/900/014/900014998/1-6646-09-C1-PPWP-X2.jpg
1659166386646900014999,ACEH,KOTA LANGSA,LANGSA BARO,GEUDUBANG JAWA,TPS 10,2019-10-25 05:00:03,13,134,173,148,148,147,1,https://pemilu2019.kpu.go.id/img/c/900/014/900014999/1-6646-10-C-XXX-X5.jpg,https://pemilu2019.kpu.go.id/img/c/900/014/900014999/1-6646-10-C-XXX-X6.jpg
1659166386644900014963,ACEH,KOTA LANGSA,LANGSA BARO,KARANG ANYAR,TPS 01,2019-10-25 05:00:03,27,208,277,245,245,235,10,https://pemilu2019.kpu.go.id/img/c/900/014/900014963/2-6644-01-C-XXX-X5.jpg,https://pemilu2019.kpu.go.id/img/c/900/014/900014963/2-6644-01-C-XXX-X6.jpg
1659166386644900014964,ACEH,KOTA LANGSA,LANGSA BARO,KARANG ANYAR,TPS 02,2019-10-25 05:00:03,36,203,282,243,243,239,4,https://pemilu2019.kpu.go.id/img/c/900/014/900014964/2-6644-02-C-XXX-X5.jpg,https://pemilu2019.kpu.go.id/img/c/900/014/900014964/2-6644-02-C-XXX-X6.jpg
1659166386644900014965,ACEH,KOTA LANGSA,LANGSA BARO,KARANG ANYAR,TPS 03,2019-10-25 05:00:03,12,206,244,222,222,218,4,https://pemilu2019.kpu.go.id/img/c/900/014/900014965/3-6644-03-C-XXX-X5.jpg,https://pemilu2019.kpu.go.id/img/c/900/014/900014965/3-6644-03-C-XXX-X6.jpg
1659166386644900014966,ACEH,KOTA LANGSA,LANGSA BARO,KARANG ANYAR,TPS 04,2019-10-25 05:00:03,26,217,273,246,246,243,3,https://pemilu2019.kpu.go.id/img/c/900/014/900014966/1-6644-04-C-XXX-X5.jpg,https://pemilu2019.kpu.go.id/img/c/900/014/900014966/1-6644-04-C-XXX-X6.jpg
1659166386644900014967,ACEH,KOTA LANGSA,LANGSA BARO,KARANG ANYAR,TPS 05,2019-10-25 05:00:03,28,202,279,236,236,230,6,https://pemilu2019.kpu.go.id/img/c/900/014/900014967/4-6644-05-C-XXX-X5.jpg,https://pemilu2019.kpu.go.id/img/c/900/014/900014967/4-6644-05-C-XXX-X6.jpg
1659166386644900014968,ACEH,KOTA LANGSA,LANGSA BARO,KARANG ANYAR,TPS 06,2019-10-25 05:00:03,26,190,251,220,220,216,4,https://pemilu2019.kpu.go.id/img/c/900/014/900014968/1-6644-06-C-XXX-X5.jpg,https://pemilu2019.kpu.go.id/img/c/900/014/900014968/1-6644-06-C-XXX-X6.jpg
1659166386644900014969,ACEH,KOTA LANGSA,LANGSA BARO,KARANG ANYAR,TPS 07,2019-10-25 05:00:03,41,196,269,240,240,237,3,https://pemilu2019.kpu.go.id/img/c/900/014/900014969/1-6644-07-C-XXX-X5.jpg,https://pemilu2019.kpu.go.id/img/c/900/014/900014969/1-6644-07-C-XXX-X6.jpg
1659166386644900014970,ACEH,KOTA LANGSA,LANGSA BARO,KARANG ANYAR,TPS 08,2019-10-25 05:00:03,36,214,284,254,254,250,4,https://pemilu2019.kpu.go.id/img/c/900/014/900014970/1-6644-08-C-XXX-X5.jpg,https://pemilu2019.kpu.go.id/img/c/900/014/900014970/1-6644-08-C-XXX-X6.jpg
1659166386644900014971,ACEH,KOTA LANGSA,LANGSA BARO,KARANG ANYAR,TPS 09,2019-10-25 05:00:03,29,224,279,256,256,253,3,https://pemilu2019.kpu.go.id/img/c/900/014/900014971/1-6644-09-C-XXX-X5.jpg,https://pemilu2019.kpu.go.id/img/c/900/014/900014971/1-6644-09-C-XXX-X6.jpg
1659166386644900014972,ACEH,KOTA LANGSA,LANGSA BARO,KARANG ANYAR,TPS 10,2019-10-25 05:00:03,22,212,279,239,239,234,5,https://pemilu2019.kpu.go.id/img/c/900/014/900014972/2-6644-10-C-XXX-X5.jpg,https://pemilu2019.kpu.go.id/img/c/900/014/900014972/2-6644-10-C-XXX-X6.jpg
1659166386644900014973,ACEH,KOTA LANGSA,LANGSA BARO,KARANG ANYAR,TPS 11,2019-10-25 05:00:03,43,153,240,201,201,196,5,https://pemilu2019.kpu.go.id/img/c/900/014/900014973/1-6644-11-C-XXX-X5.jpg,https://pemilu2019.kpu.go.id/img/c/900/014/900014973/1-6644-11-C-XXX-X6.jpg
16591663888088900791056,ACEH,KOTA LANGSA,LANGSA BARO,LENGKONG,TPS 1,2019-10-25 05:00:03,26,212,272,244,244,238,6,https://pemilu2019.kpu.go.id/img/c/900/791/900791056/88088-1-C-XXX-X5.jpg,https://pemilu2019.kpu.go.id/img/c/900/791/900791056/88088-1-C-XXX-X6.jpg
16591663888088900791057,ACEH,KOTA LANGSA,LANGSA BARO,LENGKONG,TPS 2,2019-10-25 05:00:03,36,202,281,240,240,238,2,https://pemilu2019.kpu.go.id/img/c/900/791/900791057/88088-2-C1-PPWP-01.jpg,https://pemilu2019.kpu.go.id/img/c/900/791/900791057/88088-2-C1-PPWP-X2.jpg
16591663888088900791058,ACEH,KOTA LANGSA,LANGSA BARO,LENGKONG,TPS 3,2019-10-25 05:00:03,31,209,259,242,242,240,2,https://pemilu2019.kpu.go.id/img/c/900/791/900791058/88088-3-C-XXX-X5.jpg,https://pemilu2019.kpu.go.id/img/c/900/791/900791058/88088-3-C-XXX-X6.jpg
16591663888088900791059,ACEH,KOTA LANGSA,LANGSA BARO,LENGKONG,TPS 4,2019-10-25 05:00:03,13,221,250,235,235,234,1,https://pemilu2019.kpu.go.id/img/c/900/791/900791059/88088-4-C1-PPWP-X1.jpg,https://pemilu2019.kpu.go.id/img/c/900/791/900791059/88088-4-C1-PPWP-X2.jpg
16591663888088900791060,ACEH,KOTA LANGSA,LANGSA BARO,LENGKONG,TPS 5,2019-10-25 05:00:03,13,250,289,263,263,263,0,https://pemilu2019.kpu.go.id/img/c/900/791/900791060/88088-5-C1-PPWP-X1.jpg,https://pemilu2019.kpu.go.id/img/c/900/791/900791060/88088-5-C1-PPWP-X2.jpg
16591663888088900791061,ACEH,KOTA LANGSA,LANGSA BARO,LENGKONG,TPS 6,2019-10-25 05:00:03,31,215,259,251,251,246,5,https://pemilu2019.kpu.go.id/img/c/900/791/900791061/88088-6-C1-PPWP-X1.jpg,https://pemilu2019.kpu.go.id/img/c/900/791/900791061/88088-6-C1-PPWP-X2.jpg
16591663888088900791062,ACEH,KOTA LANGSA,LANGSA BARO,LENGKONG,TPS 7,2019-10-25 05:00:03,12,182,213,196,196,194,2,https://pemilu2019.kpu.go.id/img/c/900/791/900791062/88088-7-C-XXX-X5.jpg,https://pemilu2019.kpu.go.id/img/c/900/791/900791062/88088-7-C-XXX-X6.jpg
1659166386639900014903,ACEH,KOTA LANGSA,LANGSA BARO,PAYA BUJOK SEULEUMAK,TPS 01,2019-10-25 05:00:03,32,182,259,217,217,214,3,https://pemilu2019.kpu.go.id/img/c/900/014/900014903/2-6639-01-C1-PPWP-X1.jpg,https://pemilu2019.kpu.go.id/img/c/900/014/900014903/2-6639-01-C1-PPWP-X2.jpg
1659166386639900014904,ACEH,KOTA LANGSA,LANGSA BARO,PAYA BUJOK SEULEUMAK,TPS 02,2019-10-25 05:00:03,38,184,266,223,225,222,3,https://pemilu2019.kpu.go.id/img/c/900/014/900014904/1-6639-02-C-XXX-X5.jpg,https://pemilu2019.kpu.go.id/img/c/900/014/900014904/1-6639-02-C-XXX-X6.jpg
1659166386639900014905,ACEH,KOTA LANGSA,LANGSA BARO,PAYA BUJOK SEULEUMAK,TPS 03,2019-10-25 05:00:03,28,164,211,193,193,192,1,https://pemilu2019.kpu.go.id/img/c/900/014/900014905/1-6639-03-C1-PPWP-X1.jpg,https://pemilu2019.kpu.go.id/img/c/900/014/900014905/1-6639-03-C1-PPWP-X2.jpg
1659166386639900014906,ACEH,KOTA LANGSA,LANGSA BARO,PAYA BUJOK SEULEUMAK,TPS 04,2019-10-25 05:00:03,25,186,215,215,215,211,4,https://pemilu2019.kpu.go.id/img/c/900/014/900014906/1-6639-04-C-XXX-X5.jpg,https://pemilu2019.kpu.go.id/img/c/900/014/900014906/1-6639-04-C-XXX-X6.jpg
1659166386639900014907,ACEH,KOTA LANGSA,LANGSA BARO,PAYA BUJOK SEULEUMAK,TPS 05,2019-10-25 05:00:03,37,218,292,262,262,255,7,https://pemilu2019.kpu.go.id/img/c/900/014/900014907/1-6639-05-C1-PPWP-X1.jpg,https://pemilu2019.kpu.go.id/img/c/900/014/900014907/1-6639-05-C1-PPWP-X2.jpg
1659166386639900014908,ACEH,KOTA LANGSA,LANGSA BARO,PAYA BUJOK SEULEUMAK,TPS 06,2019-10-25 05:00:03,36,192,298,233,233,228,5,https://pemilu2019.kpu.go.id/img/c/900/014/900014908/1-6639-06-C1-PPWP-X1.jpg,https://pemilu2019.kpu.go.id/img/c/900/014/900014908/1-6639-06-C1-PPWP-X2.jpg
1659166386639900014909,ACEH,KOTA LANGSA,LANGSA BARO,PAYA BUJOK SEULEUMAK,TPS 07,2019-10-25 05:00:03,31,184,288,219,219,215,4,https://pemilu2019.kpu.go.id/img/c/900/014/900014909/1-6639-07-C-XXX-X5.jpg,https://pemilu2019.kpu.go.id/img/c/900/014/900014909/1-6639-07-C-XXX-X6.jpg
1659166386639900014910,ACEH,KOTA LANGSA,LANGSA BARO,PAYA BUJOK SEULEUMAK,TPS 08,2019-10-25 05:00:03,34,172,263,213,213,206,7,https://pemilu2019.kpu.go.id/img/c/900/014/900014910/1-6639-08-C1-PPWP-01.jpg,https://pemilu2019.kpu.go.id/img/c/900/014/900014910/1-6639-08-C1-PPWP-X2.jpg
1659166386639900014911,ACEH,KOTA LANGSA,LANGSA BARO,PAYA BUJOK SEULEUMAK,TPS 09,2019-10-25 05:00:03,18,178,199,241,199,196,3,https://pemilu2019.kpu.go.id/img/c/900/014/900014911/3-6639-09-C1-PPWP-X1.jpg,https://pemilu2019.kpu.go.id/img/c/900/014/900014911/3-6639-09-C1-PPWP-X2.jpg
1659166386639900014912,ACEH,KOTA LANGSA,LANGSA BARO,PAYA BUJOK SEULEUMAK,TPS 10,2019-10-25 05:00:03,21,159,216,181,181,180,1,https://pemilu2019.kpu.go.id/img/c/900/014/900014912/1-6639-10-C-XXX-X5.jpg,https://pemilu2019.kpu.go.id/img/c/900/014/900014912/1-6639-10-C1-PPWP-02.jpg
1659166386639900014913,ACEH,KOTA LANGSA,LANGSA BARO,PAYA BUJOK SEULEUMAK,TPS 11,2019-10-25 05:00:03,24,149,203,177,177,173,4,https://pemilu2019.kpu.go.id/img/c/900/014/900014913/1-6639-11-C1-PPWP-X1.jpg,https://pemilu2019.kpu.go.id/img/c/900/014/900014913/1-6639-11-C1-PPWP-X2.jpg
1659166386639900014914,ACEH,KOTA LANGSA,LANGSA BARO,PAYA BUJOK SEULEUMAK,TPS 12,2019-10-25 05:00:03,26,142,207,169,169,168,1,https://pemilu2019.kpu.go.id/img/c/900/014/900014914/1-6639-12-C1-PPWP-X1.jpg,https://pemilu2019.kpu.go.id/img/c/900/014/900014914/1-6639-12-C1-PPWP-X2.jpg
1659166386639900014915,ACEH,KOTA LANGSA,LANGSA BARO,PAYA BUJOK SEULEUMAK,TPS 13,2019-10-25 05:00:03,21,200,255,227,223,221,2,https://pemilu2019.kpu.go.id/img/c/900/014/900014915/4-6639-13-C1-PPWP-X1.jpg,https://pemilu2019.kpu.go.id/img/c/900/014/900014915/4-6639-13-C1-PPWP-02.jpg
1659166386639900014916,ACEH,KOTA LANGSA,LANGSA BARO,PAYA BUJOK SEULEUMAK,TPS 14,2019-10-25 05:00:03,17,229,288,246,247,246,1,https://pemilu2019.kpu.go.id/img/c/900/014/900014916/1-6639-14-C1-PPWP-X1.jpg,https://pemilu2019.kpu.go.id/img/c/900/014/900014916/1-6639-14-C1-PPWP-X2.jpg
1659166386639900014917,ACEH,KOTA LANGSA,LANGSA BARO,PAYA BUJOK SEULEUMAK,TPS 15,2019-10-25 05:00:03,23,180,224,203,203,203,0,https://pemilu2019.kpu.go.id/img/c/900/014/900014917/2-6639-15-C1-PPWP-X1.jpg,https://pemilu2019.kpu.go.id/img/c/900/014/900014917/2-6639-15-C1-PPWP-02.jpg
1659166386639900014918,ACEH,KOTA LANGSA,LANGSA BARO,PAYA BUJOK SEULEUMAK,TPS 16,2019-10-25 05:00:03,24,176,270,200,200,200,0,https://pemilu2019.kpu.go.id/img/c/900/014/900014918/1-6639-16-C1-PPWP-X1.jpg,https://pemilu2019.kpu.go.id/img/c/900/014/900014918/1-6639-16-C1-PPWP-02.jpg
1659166386639900014919,ACEH,KOTA LANGSA,LANGSA BARO,PAYA BUJOK SEULEUMAK,TPS 17,2019-10-25 05:00:03,32,231,308,266,266,263,3,https://pemilu2019.kpu.go.id/img/c/900/014/900014919/1-6639-17-C-XXX-X5.jpg,https://pemilu2019.kpu.go.id/img/c/900/014/900014919/1-6639-17-C-XXX-X6.jpg
1659166386639900014920,ACEH,KOTA LANGSA,LANGSA BARO,PAYA BUJOK SEULEUMAK,TPS 18,2019-10-25 05:00:03,24,175,200,255,200,199,1,https://pemilu2019.kpu.go.id/img/c/900/014/900014920/1-6639-18-C-XXX-X5.jpg,https://pemilu2019.kpu.go.id/img/c/900/014/900014920/1-6639-18-C-XXX-X6.jpg
1659166386639900014921,ACEH,KOTA LANGSA,LANGSA BARO,PAYA BUJOK SEULEUMAK,TPS 19,2019-10-25 05:00:03,15,240,261,0,0,0,4,https://pemilu2019.kpu.go.id/img/c/900/014/900014921/1-6639-19-C1-PPWP-X1.jpg,https://pemilu2019.kpu.go.id/img/c/900/014/900014921/1-6639-19-C1-PPWP-X2.jpg
1659166386639900014922,ACEH,KOTA LANGSA,LANGSA BARO,PAYA BUJOK SEULEUMAK,TPS 20,2019-10-25 05:00:03,12,173,228,0,189,185,4,https://pemilu2019.kpu.go.id/img/c/900/014/900014922/1-6639-20-C-XXX-X5.jpg,https://pemilu2019.kpu.go.id/img/c/900/014/900014922/1-6639-20-C-XXX-X6.jpg
1659166386639900014923,ACEH,KOTA LANGSA,LANGSA BARO,PAYA BUJOK SEULEUMAK,TPS 21,2019-10-25 05:00:03,13,199,263,212,213,212,1,https://pemilu2019.kpu.go.id/img/c/900/014/900014923/1-6639-21-C1-PPWP-01.jpg,https://pemilu2019.kpu.go.id/img/c/900/014/900014923/1-6639-21-C1-PPWP-02.jpg
1659166386639900014924,ACEH,KOTA LANGSA,LANGSA BARO,PAYA BUJOK SEULEUMAK,TPS 22,2019-10-25 05:00:03,18,211,266,232,229,229,0,https://pemilu2019.kpu.go.id/img/c/900/014/900014924/4-6639-22-C1-PPWP-01.jpg,https://pemilu2019.kpu.go.id/img/c/900/014/900014924/4-6639-22-C1-PPWP-X2.jpg
1659166386639900014925,ACEH,KOTA LANGSA,LANGSA BARO,PAYA BUJOK SEULEUMAK,TPS 23,2019-10-25 05:00:03,9,196,211,211,211,205,6,https://pemilu2019.kpu.go.id/img/c/900/014/900014925/1-6639-23-C1-PPWP-X1.jpg,https://pemilu2019.kpu.go.id/img/c/900/014/900014925/1-6639-23-C1-PPWP-X2.jpg
1659166386639900014926,ACEH,KOTA LANGSA,LANGSA BARO,PAYA BUJOK SEULEUMAK,TPS 24,2019-10-25 05:00:03,12,165,306,180,179,177,2,https://pemilu2019.kpu.go.id/img/c/900/014/900014926/1-6639-24-C1-PPWP-X1.jpg,https://pemilu2019.kpu.go.id/img/c/900/014/900014926/1-6639-24-C1-PPWP-X2.jpg
1659166386639900014927,ACEH,KOTA LANGSA,LANGSA BARO,PAYA BUJOK SEULEUMAK,TPS 25,2019-10-25 05:00:03,12,186,59,59,202,198,4,https://pemilu2019.kpu.go.id/img/c/900/014/900014927/1-6639-25-C1-PPWP-X1.jpg,https://pemilu2019.kpu.go.id/img/c/900/014/900014927/1-6639-25-C1-PPWP-X2.jpg
1659166386639900014928,ACEH,KOTA LANGSA,LANGSA BARO,PAYA BUJOK SEULEUMAK,TPS 26,2019-10-25 05:00:03,16,193,288,210,210,209,1,https://pemilu2019.kpu.go.id/img/c/900/014/900014928/1-6639-26-C1-PPWP-01.jpg,https://pemilu2019.kpu.go.id/img/c/900/014/900014928/1-6639-26-C-XXX-X6.jpg
1659166386639900014929,ACEH,KOTA LANGSA,LANGSA BARO,PAYA BUJOK SEULEUMAK,TPS 27,2019-10-25 05:00:03,7,166,251,178,178,173,5,https://pemilu2019.kpu.go.id/img/c/900/014/900014929/2-6639-27-C1-PPWP-01.jpg,https://pemilu2019.kpu.go.id/img/c/900/014/900014929/2-6639-27-C1-PPWP-02.jpg
1659166386639900014930,ACEH,KOTA LANGSA,LANGSA BARO,PAYA BUJOK SEULEUMAK,TPS 28,2019-10-25 05:00:03,17,155,244,0,175,172,3,https://pemilu2019.kpu.go.id/img/c/900/014/900014930/1-6639-28-C-XXX-X5.jpg,https://pemilu2019.kpu.go.id/img/c/900/014/900014930/1-6639-28-C-XXX-X6.jpg
1659166386639900014931,ACEH,KOTA LANGSA,LANGSA BARO,PAYA BUJOK SEULEUMAK,TPS 29,2019-10-25 05:00:03,19,207,253,231,231,226,5,https://pemilu2019.kpu.go.id/img/c/900/014/900014931/1-6639-29-C-XXX-X5.jpg,https://pemilu2019.kpu.go.id/img/c/900/014/900014931/1-6639-29-C-XXX-X6.jpg
1659166386639900014932,ACEH,KOTA LANGSA,LANGSA BARO,PAYA BUJOK SEULEUMAK,TPS 30,2019-10-25 05:00:03,20,182,260,203,203,202,1,https://pemilu2019.kpu.go.id/img/c/900/014/900014932/3-6639-30-C1-PPWP-X1.jpg,https://pemilu2019.kpu.go.id/img/c/900/014/900014932/3-6639-30-C1-PPWP-X2.jpg
1659166386645900014974,ACEH,KOTA LANGSA,LANGSA BARO,PAYA BUJOK TUNONG,TPS 01,2019-10-25 05:00:03,28,179,243,211,211,207,4,https://pemilu2019.kpu.go.id/img/c/900/014/900014974/1-6645-01-C-XXX-X5.jpg,https://pemilu2019.kpu.go.id/img/c/900/014/900014974/1-6645-01-C-XXX-X6.jpg
1659166386645900014975,ACEH,KOTA LANGSA,LANGSA BARO,PAYA BUJOK TUNONG,TPS 02,2019-10-25 05:00:03,18,181,197,200,200,199,1,https://pemilu2019.kpu.go.id/img/c/900/014/900014975/2-6645-02-C1-PPWP-X1.jpg,https://pemilu2019.kpu.go.id/img/c/900/014/900014975/2-6645-02-C1-PPWP-X2.jpg
1659166386645900014976,ACEH,KOTA LANGSA,LANGSA BARO,PAYA BUJOK TUNONG,TPS 03,2019-10-25 05:00:03,30,254,349,286,286,284,2,https://pemilu2019.kpu.go.id/img/c/900/014/900014976/1-6645-03-C1-PPWP-X1.jpg,https://pemilu2019.kpu.go.id/img/c/900/014/900014976/1-6645-03-C1-PPWP-X2.jpg
1659166386645900014977,ACEH,KOTA LANGSA,LANGSA BARO,PAYA BUJOK TUNONG,TPS 04,2019-10-25 05:00:03,33,208,244,243,243,241,2,https://pemilu2019.kpu.go.id/img/c/900/014/900014977/1-6645-04-C1-PPWP-01.jpg,https://pemilu2019.kpu.go.id/img/c/900/014/900014977/1-6645-04-C1-PPWP-X2.jpg
1659166386645900014978,ACEH,KOTA LANGSA,LANGSA BARO,PAYA BUJOK TUNONG,TPS 05,2019-10-25 05:00:03,22,263,343,208,288,285,3,https://pemilu2019.kpu.go.id/img/c/900/014/900014978/2-6645-05-C1-PPWP-01.jpg,https://pemilu2019.kpu.go.id/img/c/900/014/900014978/2-6645-05-C1-PPWP-X2.jpg
1659166386645900014979,ACEH,KOTA LANGSA,LANGSA BARO,PAYA BUJOK TUNONG,TPS 06,2019-10-25 05:00:03,23,213,237,238,238,236,2,https://pemilu2019.kpu.go.id/img/c/900/014/900014979/1-6645-06-C-XXX-X5.jpg,https://pemilu2019.kpu.go.id/img/c/900/014/900014979/1-6645-06-C-XXX-X6.jpg
1659166386645900014980,ACEH,KOTA LANGSA,LANGSA BARO,PAYA BUJOK TUNONG,TPS 07,2019-10-25 05:00:03,39,208,289,247,247,247,0,https://pemilu2019.kpu.go.id/img/c/900/014/900014980/1-6645-07-C-XXX-X5.jpg,https://pemilu2019.kpu.go.id/img/c/900/014/900014980/1-6645-07-C-XXX-X6.jpg
1659166386645900014981,ACEH,KOTA LANGSA,LANGSA BARO,PAYA BUJOK TUNONG,TPS 08,2019-10-25 05:00:03,21,234,260,260,260,258,2,https://pemilu2019.kpu.go.id/img/c/900/014/900014981/1-6645-08-C-XXX-X5.jpg,https://pemilu2019.kpu.go.id/img/c/900/014/900014981/1-6645-08-C-XXX-X6.jpg
1659166386645900014982,ACEH,KOTA LANGSA,LANGSA BARO,PAYA BUJOK TUNONG,TPS 09,2019-10-25 05:00:03,27,256,328,284,284,283,1,https://pemilu2019.kpu.go.id/img/c/900/014/900014982/1-6645-09-C1-PPWP-X1.jpg,https://pemilu2019.kpu.go.id/img/c/900/014/900014982/1-6645-09-C1-PPWP-X2.jpg
1659166386645900014983,ACEH,KOTA LANGSA,LANGSA BARO,PAYA BUJOK TUNONG,TPS 10,2019-10-25 05:00:03,34,227,328,264,264,261,3,https://pemilu2019.kpu.go.id/img/c/900/014/900014983/1-6645-10-C-XXX-X5.jpg,https://pemilu2019.kpu.go.id/img/c/900/014/900014983/1-6645-10-C-XXX-X6.jpg
1659166386645900014984,ACEH,KOTA LANGSA,LANGSA BARO,PAYA BUJOK TUNONG,TPS 11,2019-10-25 05:00:03,16,246,264,264,264,262,2,https://pemilu2019.kpu.go.id/img/c/900/014/900014984/1-6645-11-C1-PPWP-01.jpg,https://pemilu2019.kpu.go.id/img/c/900/014/900014984/1-6645-11-C1-PPWP-X2.jpg
1659166386645900014985,ACEH,KOTA LANGSA,LANGSA BARO,PAYA BUJOK TUNONG,TPS 12,2019-10-25 05:00:03,32,223,0,0,262,255,7,https://pemilu2019.kpu.go.id/img/c/900/014/900014985/1-6645-12-C1-PPWP-01.jpg,https://pemilu2019.kpu.go.id/img/c/900/014/900014985/1-6645-12-C1-PPWP-X2.jpg
1659166386645900014986,ACEH,KOTA LANGSA,LANGSA BARO,PAYA BUJOK TUNONG,TPS 13,2019-10-25 05:00:03,30,232,312,271,264,262,2,https://pemilu2019.kpu.go.id/img/c/900/014/900014986/1-6645-13-C1-PPWP-X1.jpg,https://pemilu2019.kpu.go.id/img/c/900/014/900014986/1-6645-13-C1-PPWP-X2.jpg
1659166386645900014987,ACEH,KOTA LANGSA,LANGSA BARO,PAYA BUJOK TUNONG,TPS 14,2019-10-25 05:00:03,28,220,304,252,252,248,4,https://pemilu2019.kpu.go.id/img/c/900/014/900014987/1-6645-14-C-XXX-X5.jpg,https://pemilu2019.kpu.go.id/img/c/900/014/900014987/1-6645-14-C1-PPWP-02.jpg
1659166386645900014988,ACEH,KOTA LANGSA,LANGSA BARO,PAYA BUJOK TUNONG,TPS 15,2019-10-25 05:00:03,23,223,301,250,250,246,4,https://pemilu2019.kpu.go.id/img/c/900/014/900014988/2-6645-15-C1-PPWP-X1.jpg,https://pemilu2019.kpu.go.id/img/c/900/014/900014988/2-6645-15-C1-PPWP-02.jpg
1659166386645900014989,ACEH,KOTA LANGSA,LANGSA BARO,PAYA BUJOK TUNONG,TPS 16,2019-10-25 05:00:03,27,222,280,257,257,249,8,https://pemilu2019.kpu.go.id/img/c/900/014/900014989/1-6645-16-C-XXX-X5.jpg,https://pemilu2019.kpu.go.id/img/c/900/014/900014989/1-6645-16-C-XXX-X6.jpg
1659166386643900014957,ACEH,KOTA LANGSA,LANGSA BARO,PONDOK KELAPA,TPS 1,2019-10-25 05:00:03,20,236,280,258,258,256,2,https://pemilu2019.kpu.go.id/img/c/900/014/900014957/1-6643-1-C1-PPWP-01.jpg,https://pemilu2019.kpu.go.id/img/c/900/014/900014957/1-6643-1-C1-PPWP-X1.jpg
1659166386643900014958,ACEH,KOTA LANGSA,LANGSA BARO,PONDOK KELAPA,TPS 2,2019-10-25 05:00:03,7,175,222,183,183,182,1,https://pemilu2019.kpu.go.id/img/c/900/014/900014958/3-6643-2-C1-PPWP-01.jpg,https://pemilu2019.kpu.go.id/img/c/900/014/900014958/3-6643-2-C1-PPWP-X2.jpg
1659166386643900014959,ACEH,KOTA LANGSA,LANGSA BARO,PONDOK KELAPA,TPS 3,2019-10-25 05:00:03,15,146,232,162,162,161,1,https://pemilu2019.kpu.go.id/img/c/900/014/900014959/6643-3-C1-PPWP-X1.jpg,https://pemilu2019.kpu.go.id/img/c/900/014/900014959/6643-3-C1-PPWP-X2.jpg
1659166386643900014960,ACEH,KOTA LANGSA,LANGSA BARO,PONDOK KELAPA,TPS 4,2019-10-25 05:00:03,20,209,293,241,229,229,0,https://pemilu2019.kpu.go.id/img/c/900/014/900014960/6643-4-C-XXX-X5.jpg,https://pemilu2019.kpu.go.id/img/c/900/014/900014960/6643-4-C-XXX-X6.jpg
1659166386643900014961,ACEH,KOTA LANGSA,LANGSA BARO,PONDOK KELAPA,TPS 5,2019-10-25 05:00:03,17,171,241,189,189,188,1,https://pemilu2019.kpu.go.id/img/c/900/014/900014961/1-6643-5-C1-PPWP-X1.jpg,https://pemilu2019.kpu.go.id/img/c/900/014/900014961/1-6643-5-C1-PPWP-02.jpg
1659166386643900014962,ACEH,KOTA LANGSA,LANGSA BARO,PONDOK KELAPA,TPS 6,2019-10-25 05:00:03,13,188,260,204,203,201,2,https://pemilu2019.kpu.go.id/img/c/900/014/900014962/1-6643-6-C1-PPWP-X1.jpg,https://pemilu2019.kpu.go.id/img/c/900/014/900014962/1-6643-6-C1-PPWP-X2.jpg
16591663888089900791063,ACEH,KOTA LANGSA,LANGSA BARO,SUKA JADI MAKMUR,TPS 1,2019-10-25 05:00:03,28,152,207,185,185,180,5,https://pemilu2019.kpu.go.id/img/c/900/791/900791063/1-88089-1-C-XXX-X5.jpg,https://pemilu2019.kpu.go.id/img/c/900/791/900791063/1-88089-1-C1-PPWP-02.jpg
16591663888089900791064,ACEH,KOTA LANGSA,LANGSA BARO,SUKA JADI MAKMUR,TPS 2,2019-10-25 05:00:03,32,148,211,181,181,180,1,https://pemilu2019.kpu.go.id/img/c/900/791/900791064/1-88089-2-C-XXX-X5.jpg,https://pemilu2019.kpu.go.id/img/c/900/791/900791064/1-88089-2-C-XXX-X6.jpg
1659166386640900014933,ACEH,KOTA LANGSA,LANGSA BARO,TIMBANG LANGSA,TPS 1,2019-10-25 05:00:03,24,184,269,213,213,208,5,https://pemilu2019.kpu.go.id/img/c/900/014/900014933/2-6640-1-C1-PPWP-X1.jpg,https://pemilu2019.kpu.go.id/img/c/900/014/900014933/2-6640-1-C1-PPWP-02.jpg
1659166386640900014934,ACEH,KOTA LANGSA,LANGSA BARO,TIMBANG LANGSA,TPS 2,2019-10-25 05:00:03,17,186,265,206,206,203,3,https://pemilu2019.kpu.go.id/img/c/900/014/900014934/1-6640-2-C-XXX-X5.jpg,https://pemilu2019.kpu.go.id/img/c/900/014/900014934/1-6640-2-C-XXX-X6.jpg
1659166386640900014935,ACEH,KOTA LANGSA,LANGSA BARO,TIMBANG LANGSA,TPS 3,2019-10-25 05:00:03,35,197,273,235,235,232,3,https://pemilu2019.kpu.go.id/img/c/900/014/900014935/2-6640-3-C1-PPWP-01.jpg,https://pemilu2019.kpu.go.id/img/c/900/014/900014935/2-6640-3-C1-PPWP-X2.jpg
1659166386640900014936,ACEH,KOTA LANGSA,LANGSA BARO,TIMBANG LANGSA,TPS 4,2019-10-25 05:00:03,21,141,217,168,168,162,6,https://pemilu2019.kpu.go.id/img/c/900/014/900014936/1-6640-4-C1-PPWP-01.jpg,https://pemilu2019.kpu.go.id/img/c/900/014/900014936/1-6640-4-C-XXX-X6.jpg
1659166386640900014937,ACEH,KOTA LANGSA,LANGSA BARO,TIMBANG LANGSA,TPS 5,2019-10-25 05:00:03,37,179,267,219,219,216,3,https://pemilu2019.kpu.go.id/img/c/900/014/900014937/1-6640-5-C1-PPWP-01.jpg,https://pemilu2019.kpu.go.id/img/c/900/014/900014937/1-6640-5-C-XXX-X6.jpg
1659166386640900014938,ACEH,KOTA LANGSA,LANGSA BARO,TIMBANG LANGSA,TPS 6,2019-10-25 05:00:03,27,149,224,180,180,176,4,https://pemilu2019.kpu.go.id/img/c/900/014/900014938/1-6640-6-C1-PPWP-01.jpg,https://pemilu2019.kpu.go.id/img/c/900/014/900014938/1-6640-6-C1-PPWP-02.jpg
1659166176623900014804,ACEH,KOTA LANGSA,LANGSA KOTA,ALUE BEURAWE,TPS 01,2019-10-25 05:00:03,26,209,291,239,239,235,4,https://pemilu2019.kpu.go.id/img/c/900/014/900014804/4-6623-01-C1-PPWP-X1.jpg,https://pemilu2019.kpu.go.id/img/c/900/014/900014804/4-6623-01-C1-PPWP-02.jpg
1659166176623900014805,ACEH,KOTA LANGSA,LANGSA KOTA,ALUE BEURAWE,TPS 02,2019-10-25 05:00:03,14,186,265,205,205,200,5,https://pemilu2019.kpu.go.id/img/c/900/014/900014805/3-6623-02-C1-PPWP-X3.jpg,https://pemilu2019.kpu.go.id/img/c/900/014/900014805/3-6623-02-C1-PPWP-X4.jpg
1659166176623900014806,ACEH,KOTA LANGSA,LANGSA KOTA,ALUE BEURAWE,TPS 03,2019-10-25 05:00:03,23,170,269,197,197,193,4,https://pemilu2019.kpu.go.id/img/c/900/014/900014806/3-6623-03-C1-PPWP-X5.jpg,https://pemilu2019.kpu.go.id/img/c/900/014/900014806/3-6623-03-C1-PPWP-X6.jpg
1659166176623900014807,ACEH,KOTA LANGSA,LANGSA KOTA,ALUE BEURAWE,TPS 04,2019-10-25 05:00:03,20,176,267,204,204,196,8,https://pemilu2019.kpu.go.id/img/c/900/014/900014807/1-6623-04-C-XXX-X5.jpg,https://pemilu2019.kpu.go.id/img/c/900/014/900014807/1-6623-04-C-XXX-X6.jpg
1659166176623900014808,ACEH,KOTA LANGSA,LANGSA KOTA,ALUE BEURAWE,TPS 05,2019-10-25 05:00:03,18,181,266,202,202,199,3,https://pemilu2019.kpu.go.id/img/c/900/014/900014808/1-6623-05-C-XXX-X5.jpg,https://pemilu2019.kpu.go.id/img/c/900/014/900014808/1-6623-05-C-XXX-X6.jpg
1659166176623900014809,ACEH,KOTA LANGSA,LANGSA KOTA,ALUE BEURAWE,TPS 06,2019-10-25 05:00:03,17,186,279,211,211,203,8,https://pemilu2019.kpu.go.id/img/c/900/014/900014809/1-6623-06-C-XXX-X5.jpg,https://pemilu2019.kpu.go.id/img/c/900/014/900014809/1-6623-06-C-XXX-X6.jpg
1659166176623900014810,ACEH,KOTA LANGSA,LANGSA KOTA,ALUE BEURAWE,TPS 07,2019-10-25 05:00:03,30,188,279,224,244,218,6,https://pemilu2019.kpu.go.id/img/c/900/014/900014810/2-6623-07-C1-PPWP-X1.jpg,https://pemilu2019.kpu.go.id/img/c/900/014/900014810/2-6623-07-C1-PPWP-X2.jpg
1659166176623900014811,ACEH,KOTA LANGSA,LANGSA KOTA,ALUE BEURAWE,TPS 08,2019-10-25 05:00:03,27,196,285,231,231,223,8,https://pemilu2019.kpu.go.id/img/c/900/014/900014811/1-6623-08-C1-PPWP-X1.jpg,https://pemilu2019.kpu.go.id/img/c/900/014/900014811/1-6623-08-C1-PPWP-X2.jpg
1659166176623900014812,ACEH,KOTA LANGSA,LANGSA KOTA,ALUE BEURAWE,TPS 09,2019-10-25 05:00:03,34,193,293,234,234,227,7,https://pemilu2019.kpu.go.id/img/c/900/014/900014812/1-6623-09-C-XXX-X5.jpg,https://pemilu2019.kpu.go.id/img/c/900/014/900014812/1-6623-09-C-XXX-X6.jpg
1659166176623900014813,ACEH,KOTA LANGSA,LANGSA KOTA,ALUE BEURAWE,TPS 10,2019-10-25 05:00:03,40,197,300,243,243,237,6,https://pemilu2019.kpu.go.id/img/c/900/014/900014813/1-6623-10-C1-PPWP-X1.jpg,https://pemilu2019.kpu.go.id/img/c/900/014/900014813/1-6623-10-C1-PPWP-X2.jpg
1659166176622900014793,ACEH,KOTA LANGSA,LANGSA KOTA,BLANG,TPS 01,2019-10-25 05:00:03,28,170,300,198,196,198,0,https://pemilu2019.kpu.go.id/img/c/900/014/900014793/1-6622-01-C1-PPWP-X1.jpg,https://pemilu2019.kpu.go.id/img/c/900/014/900014793/1-6622-01-C1-PPWP-X2.jpg
1659166176622900014794,ACEH,KOTA LANGSA,LANGSA KOTA,BLANG,TPS 02,2019-10-25 05:00:03,17,149,269,170,261,166,95,https://pemilu2019.kpu.go.id/img/c/900/014/900014794/1-6622-02-C1-PPWP-01.jpg,https://pemilu2019.kpu.go.id/img/c/900/014/900014794/1-6622-02-C1-PPWP-X2.jpg
1659166176622900014795,ACEH,KOTA LANGSA,LANGSA KOTA,BLANG,TPS 03,2019-10-25 05:00:03,30,193,287,228,228,223,5,https://pemilu2019.kpu.go.id/img/c/900/014/900014795/1-6622-03-C1-PPWP-01.jpg,https://pemilu2019.kpu.go.id/img/c/900/014/900014795/1-6622-03-C-XXX-X6.jpg
1659166176622900014796,ACEH,KOTA LANGSA,LANGSA KOTA,BLANG,TPS 04,2019-10-25 05:00:03,32,173,279,212,212,205,7,https://pemilu2019.kpu.go.id/img/c/900/014/900014796/1-6622-04-C1-PPWP-X1.jpg,https://pemilu2019.kpu.go.id/img/c/900/014/900014796/1-6622-04-C1-PPWP-X2.jpg
1659166176622900014797,ACEH,KOTA LANGSA,LANGSA KOTA,BLANG,TPS 05,2019-10-25 05:00:03,18,123,277,144,144,141,3,https://pemilu2019.kpu.go.id/img/c/900/014/900014797/3-6622-05-C-XXX-X5.jpg,https://pemilu2019.kpu.go.id/img/c/900/014/900014797/3-6622-05-C1-PPWP-02.jpg
1659166176622900014798,ACEH,KOTA LANGSA,LANGSA KOTA,BLANG,TPS 06,2019-10-25 05:00:03,17,150,267,168,168,167,1,https://pemilu2019.kpu.go.id/img/c/900/014/900014798/1-6622-06-C1-PPWP-X1.jpg,https://pemilu2019.kpu.go.id/img/c/900/014/900014798/1-6622-06-C1-PPWP-X2.jpg
1659166176622900014799,ACEH,KOTA LANGSA,LANGSA KOTA,BLANG,TPS 07,2019-10-25 05:00:03,13,137,209,153,153,150,3,https://pemilu2019.kpu.go.id/img/c/900/014/900014799/2-6622-07-C1-PPWP-01.jpg,https://pemilu2019.kpu.go.id/img/c/900/014/900014799/2-6622-07-C1-PPWP-02.jpg
1659166176622900014800,ACEH,KOTA LANGSA,LANGSA KOTA,BLANG,TPS 08,2019-10-25 05:00:03,16,105,219,123,123,121,2,https://pemilu2019.kpu.go.id/img/c/900/014/900014800/4-6622-08-C1-PPWP-01.jpg,https://pemilu2019.kpu.go.id/img/c/900/014/900014800/4-6622-08-C-XXX-X6.jpg
1659166176622900014801,ACEH,KOTA LANGSA,LANGSA KOTA,BLANG,TPS 09,2019-10-25 05:00:03,21,119,0,0,141,140,1,https://pemilu2019.kpu.go.id/img/c/900/014/900014801/3-6622-09-C-XXX-X5.jpg,https://pemilu2019.kpu.go.id/img/c/900/014/900014801/3-6622-09-C1-PPWP-02.jpg
1659166176622900014802,ACEH,KOTA LANGSA,LANGSA KOTA,BLANG,TPS 10,2019-10-25 05:00:03,7,131,145,242,145,138,7,https://pemilu2019.kpu.go.id/img/c/900/014/900014802/1-6622-10-C1-PPWP-X1.jpg,https://pemilu2019.kpu.go.id/img/c/900/014/900014802/1-6622-10-C1-PPWP-X2.jpg
1659166176622900014803,ACEH,KOTA LANGSA,LANGSA KOTA,BLANG,TPS 11,2019-10-25 05:00:03,15,121,146,146,146,136,10,https://pemilu2019.kpu.go.id/img/c/900/014/900014803/1-6622-11-C1-PPWP-01.jpg,https://pemilu2019.kpu.go.id/img/c/900/014/900014803/1-6622-11-C1-PPWP-02.jpg
1659166176626900014824,ACEH,KOTA LANGSA,LANGSA KOTA,BLANG SEUNIBONG,TPS 1,2019-10-25 05:00:03,52,116,240,171,171,168,3,https://pemilu2019.kpu.go.id/img/c/900/014/900014824/6626-1-C-XXX-X5.jpg,https://pemilu2019.kpu.go.id/img/c/900/014/900014824/6626-1-C1-PPWP-02.jpg
1659166176626900014825,ACEH,KOTA LANGSA,LANGSA KOTA,BLANG SEUNIBONG,TPS 2,2019-10-25 05:00:03,32,215,293,248,248,247,1,https://pemilu2019.kpu.go.id/img/c/900/014/900014825/1-6626-2-C1-PPWP-X1.jpg,https://pemilu2019.kpu.go.id/img/c/900/014/900014825/1-6626-2-C1-PPWP-X2.jpg
1659166176626900014826,ACEH,KOTA LANGSA,LANGSA KOTA,BLANG SEUNIBONG,TPS 3,2019-10-25 05:00:03,27,204,344,236,236,231,5,https://pemilu2019.kpu.go.id/img/c/900/014/900014826/6626-3-C1-PPWP-01.jpg,https://pemilu2019.kpu.go.id/img/c/900/014/900014826/6626-3-C1-PPWP-02.jpg
1659166176626900014827,ACEH,KOTA LANGSA,LANGSA KOTA,BLANG SEUNIBONG,TPS 4,2019-10-25 05:00:03,17,146,244,170,170,163,7,https://pemilu2019.kpu.go.id/img/c/900/014/900014827/3-6626-4-C-XXX-X5.jpg,https://pemilu2019.kpu.go.id/img/c/900/014/900014827/3-6626-4-C1-PPWP-02.jpg
1659166176626900014828,ACEH,KOTA LANGSA,LANGSA KOTA,BLANG SEUNIBONG,TPS 5,2019-10-25 05:00:03,26,168,283,201,201,194,7,https://pemilu2019.kpu.go.id/img/c/900/014/900014828/1-6626-5-C1-PPWP-X1.jpg,https://pemilu2019.kpu.go.id/img/c/900/014/900014828/1-6626-5-C1-PPWP-X2.jpg
1659166176626900014829,ACEH,KOTA LANGSA,LANGSA KOTA,BLANG SEUNIBONG,TPS 6,2019-10-25 05:00:03,28,169,254,202,202,196,6,https://pemilu2019.kpu.go.id/img/c/900/014/900014829/1-6626-6-C-XXX-X5.jpg,https://pemilu2019.kpu.go.id/img/c/900/014/900014829/1-6626-6-C-XXX-X6.jpg
1659166176626900014830,ACEH,KOTA LANGSA,LANGSA KOTA,BLANG SEUNIBONG,TPS 7,2019-10-25 05:00:03,39,170,267,217,217,209,8,https://pemilu2019.kpu.go.id/img/c/900/014/900014830/1-6626-7-C-XXX-X5.jpg,https://pemilu2019.kpu.go.id/img/c/900/014/900014830/1-6626-7-C-XXX-X6.jpg
1659166176624900014814,ACEH,KOTA LANGSA,LANGSA KOTA,DAULAT,TPS 1,2019-10-25 05:00:03,21,155,223,180,180,176,4,https://pemilu2019.kpu.go.id/img/c/900/014/900014814/1-6624-1-C-XXX-X5.jpg,https://pemilu2019.kpu.go.id/img/c/900/014/900014814/1-6624-1-C-XXX-X6.jpg
1659166176624900014815,ACEH,KOTA LANGSA,LANGSA KOTA,DAULAT,TPS 2,2019-10-25 05:00:03,39,143,236,184,184,182,2,https://pemilu2019.kpu.go.id/img/c/900/014/900014815/1-6624-2-C-XXX-X5.jpg,https://pemilu2019.kpu.go.id/img/c/900/014/900014815/1-6624-2-C-XXX-X6.jpg
1659166176624900014816,ACEH,KOTA LANGSA,LANGSA KOTA,DAULAT,TPS 3,2019-10-25 05:00:03,22,132,180,155,155,154,1,https://pemilu2019.kpu.go.id/img/c/900/014/900014816/1-6624-3-C1-PPWP-X1.jpg,https://pemilu2019.kpu.go.id/img/c/900/014/900014816/1-6624-3-C1-PPWP-X2.jpg
1659166176624900014817,ACEH,KOTA LANGSA,LANGSA KOTA,DAULAT,TPS 4,2019-10-25 05:00:03,35,141,227,176,176,176,0,https://pemilu2019.kpu.go.id/img/c/900/014/900014817/2-6624-4-C1-PPWP-01.jpg,https://pemilu2019.kpu.go.id/img/c/900/014/900014817/2-6624-4-C-XXX-X6.jpg
1659166176620900014757,ACEH,KOTA LANGSA,LANGSA KOTA,GAMPONG JAWA,TPS 01,2019-10-25 05:00:03,23,159,310,185,185,182,3,https://pemilu2019.kpu.go.id/img/c/900/014/900014757/3-6620-01-C-XXX-X5.jpg,https://pemilu2019.kpu.go.id/img/c/900/014/900014757/3-6620-01-C-XXX-X6.jpg
1659166176620900014758,ACEH,KOTA LANGSA,LANGSA KOTA,GAMPONG JAWA,TPS 02,2019-10-25 05:00:03,19,165,297,186,186,184,2,https://pemilu2019.kpu.go.id/img/c/900/014/900014758/1-6620-02-C-XXX-X5.jpg,https://pemilu2019.kpu.go.id/img/c/900/014/900014758/1-6620-02-C-XXX-X6.jpg
1659166176620900014759,ACEH,KOTA LANGSA,LANGSA KOTA,GAMPONG JAWA,TPS 03,2019-10-25 05:00:03,14,138,256,152,152,152,0,https://pemilu2019.kpu.go.id/img/c/900/014/900014759/5-6620-03-C-XXX-X5.jpg,https://pemilu2019.kpu.go.id/img/c/900/014/900014759/5-6620-03-C-XXX-X6.jpg
1659166176620900014760,ACEH,KOTA LANGSA,LANGSA KOTA,GAMPONG JAWA,TPS 04,2019-10-25 05:00:03,32,148,301,182,182,180,2,https://pemilu2019.kpu.go.id/img/c/900/014/900014760/1-6620-04-C-XXX-X5.jpg,https://pemilu2019.kpu.go.id/img/c/900/014/900014760/1-6620-04-C-XXX-X6.jpg
1659166176620900014761,ACEH,KOTA LANGSA,LANGSA KOTA,GAMPONG JAWA,TPS 05,2019-10-25 05:00:03,17,211,326,228,228,228,0,https://pemilu2019.kpu.go.id/img/c/900/014/900014761/1-6620-05-C-XXX-X5.jpg,https://pemilu2019.kpu.go.id/img/c/900/014/900014761/1-6620-05-C-XXX-X6.jpg
1659166176620900014762,ACEH,KOTA LANGSA,LANGSA KOTA,GAMPONG JAWA,TPS 06,2019-10-25 05:00:03,28,192,299,222,222,220,2,https://pemilu2019.kpu.go.id/img/c/900/014/900014762/2-6620-06-C-XXX-X5.jpg,https://pemilu2019.kpu.go.id/img/c/900/014/900014762/2-6620-06-C-XXX-X6.jpg
1659166176620900014763,ACEH,KOTA LANGSA,LANGSA KOTA,GAMPONG JAWA,TPS 07,2019-10-25 05:00:03,15,186,306,204,204,201,3,https://pemilu2019.kpu.go.id/img/c/900/014/900014763/2-6620-07-C1-PPWP-X1.jpg,https://pemilu2019.kpu.go.id/img/c/900/014/900014763/2-6620-07-C1-PPWP-X2.jpg
1659166176620900014764,ACEH,KOTA LANGSA,LANGSA KOTA,GAMPONG JAWA,TPS 08,2019-10-25 05:00:03,18,171,284,193,0,193,0,https://pemilu2019.kpu.go.id/img/c/900/014/900014764/2-6620-08-C1-PPWP-X1.jpg,https://pemilu2019.kpu.go.id/img/c/900/014/900014764/2-6620-08-C1-PPWP-X2.jpg
1659166176620900014765,ACEH,KOTA LANGSA,LANGSA KOTA,GAMPONG JAWA,TPS 09,2019-10-25 05:00:03,34,195,290,231,231,229,2,https://pemilu2019.kpu.go.id/img/c/900/014/900014765/6620-09-C-XXX-X5.jpg,https://pemilu2019.kpu.go.id/img/c/900/014/900014765/6620-09-C-XXX-X6.jpg
1659166176620900014766,ACEH,KOTA LANGSA,LANGSA KOTA,GAMPONG JAWA,TPS 10,2019-10-25 05:00:03,26,164,303,192,192,190,2,https://pemilu2019.kpu.go.id/img/c/900/014/900014766/6620-10-C-XXX-X5.jpg,https://pemilu2019.kpu.go.id/img/c/900/014/900014766/6620-10-C-XXX-X6.jpg
1659166176620900014767,ACEH,KOTA LANGSA,LANGSA KOTA,GAMPONG JAWA,TPS 11,2019-10-25 05:00:03,6,133,281,142,142,139,3,https://pemilu2019.kpu.go.id/img/c/900/014/900014767/2-6620-11-C1-PPWP-X1.jpg,https://pemilu2019.kpu.go.id/img/c/900/014/900014767/2-6620-11-C1-PPWP-X2.jpg
1659166176620900014768,ACEH,KOTA LANGSA,LANGSA KOTA,GAMPONG JAWA,TPS 12,2019-10-25 05:00:03,52,188,319,248,248,240,8,https://pemilu2019.kpu.go.id/img/c/900/014/900014768/2-6620-12-C1-PPWP-X1.jpg,https://pemilu2019.kpu.go.id/img/c/900/014/900014768/2-6620-12-C1-PPWP-X2.jpg
1659166176620900014769,ACEH,KOTA LANGSA,LANGSA KOTA,GAMPONG JAWA,TPS 13,2019-10-25 05:00:03,38,227,345,270,270,265,5,https://pemilu2019.kpu.go.id/img/c/900/014/900014769/2-6620-13-C-XXX-X5.jpg,https://pemilu2019.kpu.go.id/img/c/900/014/900014769/2-6620-13-C-XXX-X6.jpg
1659166176620900014770,ACEH,KOTA LANGSA,LANGSA KOTA,GAMPONG JAWA,TPS 14,2019-10-25 05:00:03,30,232,330,267,264,2,262,https://pemilu2019.kpu.go.id/img/c/900/014/900014770/2-6620-14-C-XXX-X5.jpg,https://pemilu2019.kpu.go.id/img/c/900/014/900014770/2-6620-14-C-XXX-X6.jpg
1659166176620900014771,ACEH,KOTA LANGSA,LANGSA KOTA,GAMPONG JAWA,TPS 15,2019-10-25 05:00:03,21,168,316,196,198,189,9,https://pemilu2019.kpu.go.id/img/c/900/014/900014771/1-6620-15-C-XXX-X5.jpg,https://pemilu2019.kpu.go.id/img/c/900/014/900014771/1-6620-15-C-XXX-X6.jpg
1659166176620900014772,ACEH,KOTA LANGSA,LANGSA KOTA,GAMPONG JAWA,TPS 16,2019-10-25 05:00:03,14,147,282,164,164,161,3,https://pemilu2019.kpu.go.id/img/c/900/014/900014772/1-6620-16-C-XXX-X5.jpg,https://pemilu2019.kpu.go.id/img/c/900/014/900014772/1-6620-16-C-XXX-X6.jpg
1659166176620900014773,ACEH,KOTA LANGSA,LANGSA KOTA,GAMPONG JAWA,TPS 17,2019-10-25 05:00:03,16,167,292,183,186,183,3,https://pemilu2019.kpu.go.id/img/c/900/014/900014773/1-6620-17-C-XXX-X5.jpg,https://pemilu2019.kpu.go.id/img/c/900/014/900014773/1-6620-17-C-XXX-X6.jpg
1659166176620900014774,ACEH,KOTA LANGSA,LANGSA KOTA,GAMPONG JAWA,TPS 18,2019-10-25 05:00:03,27,170,303,198,198,197,1,https://pemilu2019.kpu.go.id/img/c/900/014/900014774/2-6620-18-C1-PPWP-01.jpg,https://pemilu2019.kpu.go.id/img/c/900/014/900014774/2-6620-18-C1-PPWP-02.jpg
1659166176620900014775,ACEH,KOTA LANGSA,LANGSA KOTA,GAMPONG JAWA,TPS 19,2019-10-25 05:00:03,25,122,291,147,147,147,0,https://pemilu2019.kpu.go.id/img/c/900/014/900014775/2-6620-19-C1-PPWP-X1.jpg,https://pemilu2019.kpu.go.id/img/c/900/014/900014775/2-6620-19-C1-PPWP-X2.jpg
1659166176620900014776,ACEH,KOTA LANGSA,LANGSA KOTA,GAMPONG JAWA,TPS 20,2019-10-25 05:00:03,27,128,304,157,157,155,2,https://pemilu2019.kpu.go.id/img/c/900/014/900014776/6620-20-C-XXX-X5.jpg,https://pemilu2019.kpu.go.id/img/c/900/014/900014776/6620-20-C-XXX-X6.jpg
1659166176620900014777,ACEH,KOTA LANGSA,LANGSA KOTA,GAMPONG JAWA,TPS 21,2019-10-25 05:00:03,37,170,291,207,208,207,1,https://pemilu2019.kpu.go.id/img/c/900/014/900014777/1-6620-21-C1-PPWP-X1.jpg,https://pemilu2019.kpu.go.id/img/c/900/014/900014777/1-6620-21-C1-PPWP-X2.jpg
1659166176620900014778,ACEH,KOTA LANGSA,LANGSA KOTA,GAMPONG JAWA,TPS 22,2019-10-25 05:00:03,27,167,303,195,194,194,0,https://pemilu2019.kpu.go.id/img/c/900/014/900014778/2-6620-22-C-XXX-X5.jpg,https://pemilu2019.kpu.go.id/img/c/900/014/900014778/2-6620-22-C-XXX-X6.jpg
1659166176620900014779,ACEH,KOTA LANGSA,LANGSA KOTA,GAMPONG JAWA,TPS 23,2019-10-25 05:00:03,5,71,182,85,85,76,9,https://pemilu2019.kpu.go.id/img/c/900/014/900014779/1-6620-23-C1-PPWP-X1.jpg,https://pemilu2019.kpu.go.id/img/c/900/014/900014779/1-6620-23-C1-PPWP-X2.jpg
1659166176620900014780,ACEH,KOTA LANGSA,LANGSA KOTA,GAMPONG JAWA,TPS 24,2019-10-25 05:00:03,7,96,186,119,119,103,16,https://pemilu2019.kpu.go.id/img/c/900/014/900014780/1-6620-24-C1-PPWP-X1.jpg,https://pemilu2019.kpu.go.id/img/c/900/014/900014780/1-6620-24-C1-PPWP-X2.jpg
1659166176618900014736,ACEH,KOTA LANGSA,LANGSA KOTA,GAMPONG TEUNGOH,TPS 01,2019-10-25 05:00:03,18,235,308,259,259,253,6,https://pemilu2019.kpu.go.id/img/c/900/014/900014736/2-6618-01-C1-PPWP-01.jpg,https://pemilu2019.kpu.go.id/img/c/900/014/900014736/2-6618-01-C1-PPWP-02.jpg
1659166176618900014737,ACEH,KOTA LANGSA,LANGSA KOTA,GAMPONG TEUNGOH,TPS 02,2019-10-25 05:00:03,18,208,303,228,228,228,2,https://pemilu2019.kpu.go.id/img/c/900/014/900014737/1-6618-02-C1-PPWP-X1.jpg,https://pemilu2019.kpu.go.id/img/c/900/014/900014737/1-6618-02-C1-PPWP-X2.jpg
1659166176618900014738,ACEH,KOTA LANGSA,LANGSA KOTA,GAMPONG TEUNGOH,TPS 03,2019-10-25 05:00:03,22,205,277,232,232,227,5,https://pemilu2019.kpu.go.id/img/c/900/014/900014738/1-6618-03-C1-PPWP-X1.jpg,https://pemilu2019.kpu.go.id/img/c/900/014/900014738/1-6618-03-C1-PPWP-X2.jpg
1659166176618900014739,ACEH,KOTA LANGSA,LANGSA KOTA,GAMPONG TEUNGOH,TPS 04,2019-10-25 05:00:03,14,167,265,183,183,181,2,https://pemilu2019.kpu.go.id/img/c/900/014/900014739/1-6618-04-C1-PPWP-01.jpg,https://pemilu2019.kpu.go.id/img/c/900/014/900014739/1-6618-04-C-XXX-X6.jpg
1659166176618900014740,ACEH,KOTA LANGSA,LANGSA KOTA,GAMPONG TEUNGOH,TPS 05,2019-10-25 05:00:03,14,178,282,194,194,192,2,https://pemilu2019.kpu.go.id/img/c/900/014/900014740/2-6618-05-C1-PPWP-X1.jpg,https://pemilu2019.kpu.go.id/img/c/900/014/900014740/2-6618-05-C1-PPWP-02.jpg
1659166176618900014741,ACEH,KOTA LANGSA,LANGSA KOTA,GAMPONG TEUNGOH,TPS 06,2019-10-25 05:00:03,17,161,252,185,185,178,7,https://pemilu2019.kpu.go.id/img/c/900/014/900014741/1-6618-06-C1-PPWP-01.jpg,https://pemilu2019.kpu.go.id/img/c/900/014/900014741/1-6618-06-C-XXX-X6.jpg
1659166176618900014742,ACEH,KOTA LANGSA,LANGSA KOTA,GAMPONG TEUNGOH,TPS 07,2019-10-25 05:00:03,13,129,275,145,145,142,3,https://pemilu2019.kpu.go.id/img/c/900/014/900014742/1-6618-07-C-XXX-X5.jpg,https://pemilu2019.kpu.go.id/img/c/900/014/900014742/1-6618-07-C1-PPWP-02.jpg
1659166176618900014743,ACEH,KOTA LANGSA,LANGSA KOTA,GAMPONG TEUNGOH,TPS 08,2019-10-25 05:00:03,26,162,291,191,191,188,8,https://pemilu2019.kpu.go.id/img/c/900/014/900014743/1-6618-08-C-XXX-X5.jpg,https://pemilu2019.kpu.go.id/img/c/900/014/900014743/1-6618-08-C-XXX-X6.jpg
1659166176618900014744,ACEH,KOTA LANGSA,LANGSA KOTA,GAMPONG TEUNGOH,TPS 09,2019-10-25 05:00:03,10,150,269,161,161,160,1,https://pemilu2019.kpu.go.id/img/c/900/014/900014744/1-6618-09-C1-PPWP-X1.jpg,https://pemilu2019.kpu.go.id/img/c/900/014/900014744/1-6618-09-C1-PPWP-X2.jpg
1659166176618900014745,ACEH,KOTA LANGSA,LANGSA KOTA,GAMPONG TEUNGOH,TPS 10,2019-10-25 05:00:03,23,216,303,249,249,239,10,https://pemilu2019.kpu.go.id/img/c/900/014/900014745/1-6618-10-C-XXX-X5.jpg,https://pemilu2019.kpu.go.id/img/c/900/014/900014745/1-6618-10-C-XXX-X6.jpg
1659166176618900014746,ACEH,KOTA LANGSA,LANGSA KOTA,GAMPONG TEUNGOH,TPS 11,2019-10-25 05:00:03,21,215,295,240,240,236,4,https://pemilu2019.kpu.go.id/img/c/900/014/900014746/1-6618-11-C1-PPWP-01.jpg,https://pemilu2019.kpu.go.id/img/c/900/014/900014746/1-6618-11-C-XXX-X6.jpg
1659166176618900014747,ACEH,KOTA LANGSA,LANGSA KOTA,GAMPONG TEUNGOH,TPS 12,2019-10-25 05:00:03,14,189,261,205,205,203,2,https://pemilu2019.kpu.go.id/img/c/900/014/900014747/1-6618-12-C1-PPWP-01.jpg,https://pemilu2019.kpu.go.id/img/c/900/014/900014747/1-6618-12-C1-PPWP-02.jpg
1659166176618900014748,ACEH,KOTA LANGSA,LANGSA KOTA,GAMPONG TEUNGOH,TPS 13,2019-10-25 05:00:03,20,233,289,255,255,253,2,https://pemilu2019.kpu.go.id/img/c/900/014/900014748/1-6618-13-C1-PPWP-X1.jpg,https://pemilu2019.kpu.go.id/img/c/900/014/900014748/1-6618-13-C1-PPWP-X2.jpg
1659166176618900014749,ACEH,KOTA LANGSA,LANGSA KOTA,GAMPONG TEUNGOH,TPS 14,2019-10-25 05:00:03,19,176,209,198,198,195,3,https://pemilu2019.kpu.go.id/img/c/900/014/900014749/1-6618-14-C1-PPWP-X1.jpg,https://pemilu2019.kpu.go.id/img/c/900/014/900014749/1-6618-14-C1-PPWP-X2.jpg
1659166176618900014750,ACEH,KOTA LANGSA,LANGSA KOTA,GAMPONG TEUNGOH,TPS 15,2019-10-25 05:00:03,14,150,200,178,172,164,8,https://pemilu2019.kpu.go.id/img/c/900/014/900014750/1-6618-15-C1-PPWP-01.jpg,https://pemilu2019.kpu.go.id/img/c/900/014/900014750/1-6618-15-C1-PPWP-X2.jpg
1659166176618900014751,ACEH,KOTA LANGSA,LANGSA KOTA,GAMPONG TEUNGOH,TPS 16,2019-10-25 05:00:03,18,130,190,160,160,148,12,https://pemilu2019.kpu.go.id/img/c/900/014/900014751/1-6618-16-C-XXX-X5.jpg,https://pemilu2019.kpu.go.id/img/c/900/014/900014751/1-6618-16-C1-PPWP-02.jpg
1659166176618900014752,ACEH,KOTA LANGSA,LANGSA KOTA,GAMPONG TEUNGOH,TPS 17,2019-10-25 05:00:03,17,156,201,174,174,173,1,https://pemilu2019.kpu.go.id/img/c/900/014/900014752/2-6618-17-C1-PPWP-01.jpg,https://pemilu2019.kpu.go.id/img/c/900/014/900014752/2-6618-17-C1-PPWP-X2.jpg
1659166176618900014753,ACEH,KOTA LANGSA,LANGSA KOTA,GAMPONG TEUNGOH,TPS 18,2019-10-25 05:00:03,30,167,260,200,200,197,3,https://pemilu2019.kpu.go.id/img/c/900/014/900014753/1-6618-18-C1-PPWP-01.jpg,https://pemilu2019.kpu.go.id/img/c/900/014/900014753/1-6618-18-C-XXX-X6.jpg
1659166176625900014818,ACEH,KOTA LANGSA,LANGSA KOTA,MEUTIA,TPS 1,2019-10-25 05:00:03,20,228,303,253,253,248,5,https://pemilu2019.kpu.go.id/img/c/900/014/900014818/2-6625-1-C1-PPWP-X1.jpg,https://pemilu2019.kpu.go.id/img/c/900/014/900014818/2-6625-1-C1-PPWP-02.jpg
1659166176625900014819,ACEH,KOTA LANGSA,LANGSA KOTA,MEUTIA,TPS 2,2019-10-25 05:00:03,20,212,305,232,232,232,0,https://pemilu2019.kpu.go.id/img/c/900/014/900014819/2-6625-2-C1-PPWP-01.jpg,https://pemilu2019.kpu.go.id/img/c/900/014/900014819/2-6625-2-C1-PPWP-X2.jpg
1659166176625900014820,ACEH,KOTA LANGSA,LANGSA KOTA,MEUTIA,TPS 3,2019-10-25 05:00:03,24,199,306,229,229,223,6,https://pemilu2019.kpu.go.id/img/c/900/014/900014820/6625-3-C-XXX-X5.jpg,https://pemilu2019.kpu.go.id/img/c/900/014/900014820/6625-3-C-XXX-X6.jpg
1659166176625900014821,ACEH,KOTA LANGSA,LANGSA KOTA,MEUTIA,TPS 4,2019-10-25 05:00:03,19,173,293,199,199,192,7,https://pemilu2019.kpu.go.id/img/c/900/014/900014821/1-6625-4-C1-PPWP-01.jpg,https://pemilu2019.kpu.go.id/img/c/900/014/900014821/1-6625-4-C-XXX-X6.jpg
1659166176625900014822,ACEH,KOTA LANGSA,LANGSA KOTA,MEUTIA,TPS 5,2019-10-25 05:00:03,17,209,293,229,230,226,4,https://pemilu2019.kpu.go.id/img/c/900/014/900014822/1-6625-5-C1-PPWP-01.jpg,https://pemilu2019.kpu.go.id/img/c/900/014/900014822/1-6625-5-C-XXX-X6.jpg
1659166176625900014823,ACEH,KOTA LANGSA,LANGSA KOTA,MEUTIA,TPS 6,2019-10-25 05:00:03,12,204,298,221,221,216,5,https://pemilu2019.kpu.go.id/img/c/900/014/900014823/3-6625-6-C-XXX-X5.jpg,https://pemilu2019.kpu.go.id/img/c/900/014/900014823/3-6625-6-C1-PPWP-02.jpg
1659166176621900014781,ACEH,KOTA LANGSA,LANGSA KOTA,PB. BLANG PASE,TPS 01,2019-10-25 05:00:03,18,208,310,227,227,226,1,https://pemilu2019.kpu.go.id/img/c/900/014/900014781/1-6621-01-C-XXX-X5.jpg,https://pemilu2019.kpu.go.id/img/c/900/014/900014781/1-6621-01-C-XXX-X6.jpg
1659166176621900014782,ACEH,KOTA LANGSA,LANGSA KOTA,PB. BLANG PASE,TPS 02,2019-10-25 05:00:03,27,205,290,235,235,232,3,https://pemilu2019.kpu.go.id/img/c/900/014/900014782/2-6621-02-C1-PPWP-X1.jpg,https://pemilu2019.kpu.go.id/img/c/900/014/900014782/2-6621-02-C1-PPWP-X2.jpg
1659166176621900014783,ACEH,KOTA LANGSA,LANGSA KOTA,PB. BLANG PASE,TPS 03,2019-10-25 05:00:03,22,169,219,194,194,191,3,https://pemilu2019.kpu.go.id/img/c/900/014/900014783/1-6621-03-C1-PPWP-X1.jpg,https://pemilu2019.kpu.go.id/img/c/900/014/900014783/1-6621-03-C1-PPWP-X2.jpg
1659166176621900014784,ACEH,KOTA LANGSA,LANGSA KOTA,PB. BLANG PASE,TPS 04,2019-10-25 05:00:03,38,153,255,199,199,191,8,https://pemilu2019.kpu.go.id/img/c/900/014/900014784/1-6621-04-C1-PPWP-X1.jpg,https://pemilu2019.kpu.go.id/img/c/900/014/900014784/1-6621-04-C1-PPWP-X2.jpg
1659166176621900014785,ACEH,KOTA LANGSA,LANGSA KOTA,PB. BLANG PASE,TPS 05,2019-10-25 05:00:03,24,108,198,134,134,132,2,https://pemilu2019.kpu.go.id/img/c/900/014/900014785/1-6621-05-C1-PPWP-X1.jpg,https://pemilu2019.kpu.go.id/img/c/900/014/900014785/1-6621-05-C1-PPWP-X2.jpg
1659166176621900014786,ACEH,KOTA LANGSA,LANGSA KOTA,PB. BLANG PASE,TPS 06,2019-10-25 05:00:03,12,90,208,103,103,102,1,https://pemilu2019.kpu.go.id/img/c/900/014/900014786/1-6621-06-C1-PPWP-X1.jpg,https://pemilu2019.kpu.go.id/img/c/900/014/900014786/1-6621-06-C1-PPWP-X2.jpg
1659166176621900014787,ACEH,KOTA LANGSA,LANGSA KOTA,PB. BLANG PASE,TPS 07,2019-10-25 05:00:03,25,120,246,148,148,145,3,https://pemilu2019.kpu.go.id/img/c/900/014/900014787/1-6621-07-C-XXX-X5.jpg,https://pemilu2019.kpu.go.id/img/c/900/014/900014787/1-6621-07-C-XXX-X6.jpg
1659166176621900014788,ACEH,KOTA LANGSA,LANGSA KOTA,PB. BLANG PASE,TPS 08,2019-10-25 05:00:03,36,164,253,204,204,200,4,https://pemilu2019.kpu.go.id/img/c/900/014/900014788/1-6621-08-C-XXX-X5.jpg,https://pemilu2019.kpu.go.id/img/c/900/014/900014788/1-6621-08-C-XXX-X6.jpg
1659166176621900014789,ACEH,KOTA LANGSA,LANGSA KOTA,PB. BLANG PASE,TPS 09,2019-10-25 05:00:03,48,145,265,196,195,193,2,https://pemilu2019.kpu.go.id/img/c/900/014/900014789/1-6621-09-C1-PPWP-X1.jpg,https://pemilu2019.kpu.go.id/img/c/900/014/900014789/1-6621-09-C1-PPWP-X2.jpg
1659166176621900014790,ACEH,KOTA LANGSA,LANGSA KOTA,PB. BLANG PASE,TPS 10,2019-10-25 05:00:03,44,186,312,232,232,230,2,https://pemilu2019.kpu.go.id/img/c/900/014/900014790/1-6621-10-C1-PPWP-X1.jpg,https://pemilu2019.kpu.go.id/img/c/900/014/900014790/1-6621-10-C1-PPWP-X2.jpg
1659166176621900014791,ACEH,KOTA LANGSA,LANGSA KOTA,PB. BLANG PASE,TPS 11,2019-10-25 05:00:03,28,190,265,222,222,218,4,https://pemilu2019.kpu.go.id/img/c/900/014/900014791/1-6621-11-C-XXX-X5.jpg,https://pemilu2019.kpu.go.id/img/c/900/014/900014791/1-6621-11-C-XXX-X6.jpg
1659166176621900014792,ACEH,KOTA LANGSA,LANGSA KOTA,PB. BLANG PASE,TPS 12,2019-10-25 05:00:03,41,151,285,193,193,192,1,https://pemilu2019.kpu.go.id/img/c/900/014/900014792/5-6621-12-C-XXX-X5.jpg,https://pemilu2019.kpu.go.id/img/c/900/014/900014792/5-6621-12-C-XXX-X6.jpg
1659166176619900014754,ACEH,KOTA LANGSA,LANGSA KOTA,PEUKAN LANGSA,TPS 1,2019-10-25 05:00:03,82,59,255,143,143,141,2,https://pemilu2019.kpu.go.id/img/c/900/014/900014754/3-6619-1-C-XXX-X5.jpg,https://pemilu2019.kpu.go.id/img/c/900/014/900014754/3-6619-1-C-XXX-X6.jpg
1659166176619900014755,ACEH,KOTA LANGSA,LANGSA KOTA,PEUKAN LANGSA,TPS 2,2019-10-25 05:00:03,65,85,258,155,155,150,5,https://pemilu2019.kpu.go.id/img/c/900/014/900014755/2-6619-2-C1-PPWP-01.jpg,https://pemilu2019.kpu.go.id/img/c/900/014/900014755/2-6619-2-C1-PPWP-02.jpg
1659166176619900014756,ACEH,KOTA LANGSA,LANGSA KOTA,PEUKAN LANGSA,TPS 3,2019-10-25 05:00:03,42,68,225,112,112,110,2,https://pemilu2019.kpu.go.id/img/c/900/014/900014756/3-6619-3-C1-PPWP-01.jpg,https://pemilu2019.kpu.go.id/img/c/900/014/900014756/3-6619-3-C-XXX-X6.jpg
1659166176627900014831,ACEH,KOTA LANGSA,LANGSA KOTA,TUALANG TEUNGOH,TPS 01,2019-10-25 05:00:03,14,177,234,193,193,191,2,https://pemilu2019.kpu.go.id/img/c/900/014/900014831/1-6627-01-C-XXX-X5.jpg,https://pemilu2019.kpu.go.id/img/c/900/014/900014831/1-6627-01-C-XXX-X6.jpg
1659166176627900014832,ACEH,KOTA LANGSA,LANGSA KOTA,TUALANG TEUNGOH,TPS 02,2019-10-25 05:00:03,16,183,240,202,202,199,3,https://pemilu2019.kpu.go.id/img/c/900/014/900014832/1-6627-02-C-XXX-X5.jpg,https://pemilu2019.kpu.go.id/img/c/900/014/900014832/1-6627-02-C-XXX-X6.jpg
1659166176627900014833,ACEH,KOTA LANGSA,LANGSA KOTA,TUALANG TEUNGOH,TPS 03,2019-10-25 05:00:03,20,177,243,199,199,197,2,https://pemilu2019.kpu.go.id/img/c/900/014/900014833/1-6627-03-C-XXX-X5.jpg,https://pemilu2019.kpu.go.id/img/c/900/014/900014833/1-6627-03-C-XXX-X6.jpg
1659166176627900014834,ACEH,KOTA LANGSA,LANGSA KOTA,TUALANG TEUNGOH,TPS 04,2019-10-25 05:00:03,21,183,252,205,205,204,1,https://pemilu2019.kpu.go.id/img/c/900/014/900014834/3-6627-04-C1-PPWP-X1.jpg,https://pemilu2019.kpu.go.id/img/c/900/014/900014834/3-6627-04-C1-PPWP-X2.jpg
1659166176627900014835,ACEH,KOTA LANGSA,LANGSA KOTA,TUALANG TEUNGOH,TPS 05,2019-10-25 05:00:03,18,179,262,199,199,197,2,https://pemilu2019.kpu.go.id/img/c/900/014/900014835/1-6627-05-C1-PPWP-X1.jpg,https://pemilu2019.kpu.go.id/img/c/900/014/900014835/1-6627-05-C1-PPWP-X2.jpg
1659166176627900014836,ACEH,KOTA LANGSA,LANGSA KOTA,TUALANG TEUNGOH,TPS 06,2019-10-25 05:00:03,27,148,432,252,180,175,5,https://pemilu2019.kpu.go.id/img/c/900/014/900014836/1-6627-06-C-XXX-X5.jpg,https://pemilu2019.kpu.go.id/img/c/900/014/900014836/1-6627-06-C-XXX-X6.jpg
1659166176627900014837,ACEH,KOTA LANGSA,LANGSA KOTA,TUALANG TEUNGOH,TPS 07,2019-10-25 05:00:03,13,147,203,169,164,160,4,https://pemilu2019.kpu.go.id/img/c/900/014/900014837/1-6627-07-C-XXX-X5.jpg,https://pemilu2019.kpu.go.id/img/c/900/014/900014837/1-6627-07-C-XXX-X6.jpg
1659166176627900014838,ACEH,KOTA LANGSA,LANGSA KOTA,TUALANG TEUNGOH,TPS 08,2019-10-25 05:00:03,24,143,204,169,169,167,2,https://pemilu2019.kpu.go.id/img/c/900/014/900014838/1-6627-08-C-XXX-X5.jpg,https://pemilu2019.kpu.go.id/img/c/900/014/900014838/1-6627-08-C-XXX-X6.jpg
1659166176627900014839,ACEH,KOTA LANGSA,LANGSA KOTA,TUALANG TEUNGOH,TPS 09,2019-10-25 05:00:03,12,172,228,184,184,184,0,https://pemilu2019.kpu.go.id/img/c/900/014/900014839/2-6627-09-C-XXX-X5.jpg,https://pemilu2019.kpu.go.id/img/c/900/014/900014839/2-6627-09-C-XXX-X6.jpg
1659166176627900014840,ACEH,KOTA LANGSA,LANGSA KOTA,TUALANG TEUNGOH,TPS 10,2019-10-25 05:00:03,26,141,222,170,170,167,3,https://pemilu2019.kpu.go.id/img/c/900/014/900014840/1-6627-10-C-XXX-X5.jpg,https://pemilu2019.kpu.go.id/img/c/900/014/900014840/1-6627-10-C-XXX-X6.jpg
1659166286636900014889,ACEH,KOTA LANGSA,LANGSA LAMA,ASAM PEUTIK,TPS 1,2019-10-25 05:00:03,19,224,267,246,246,243,3,https://pemilu2019.kpu.go.id/img/c/900/014/900014889/2-6636-1-C1-PPWP-X1.jpg,https://pemilu2019.kpu.go.id/img/c/900/014/900014889/2-6636-1-C1-PPWP-02.jpg
1659166286636900014890,ACEH,KOTA LANGSA,LANGSA LAMA,ASAM PEUTIK,TPS 2,2019-10-25 05:00:03,14,193,235,207,207,207,0,https://pemilu2019.kpu.go.id/img/c/900/014/900014890/2-6636-2-C1-PPWP-X1.jpg,https://pemilu2019.kpu.go.id/img/c/900/014/900014890/2-6636-2-C1-PPWP-X2.jpg
1659166286636900014891,ACEH,KOTA LANGSA,LANGSA LAMA,ASAM PEUTIK,TPS 3,2019-10-25 05:00:03,18,216,248,235,235,234,1,https://pemilu2019.kpu.go.id/img/c/900/014/900014891/2-6636-3-C1-PPWP-01.jpg,https://pemilu2019.kpu.go.id/img/c/900/014/900014891/2-6636-3-C1-PPWP-X2.jpg
1659166286636900014892,ACEH,KOTA LANGSA,LANGSA LAMA,ASAM PEUTIK,TPS 4,2019-10-25 05:00:03,15,195,239,214,214,210,4,https://pemilu2019.kpu.go.id/img/c/900/014/900014892/3-6636-4-C1-PPWP-01.jpg,https://pemilu2019.kpu.go.id/img/c/900/014/900014892/3-6636-4-C1-PPWP-X2.jpg
1659166286636900014893,ACEH,KOTA LANGSA,LANGSA LAMA,ASAM PEUTIK,TPS 5,2019-10-25 05:00:03,12,193,252,216,216,205,11,https://pemilu2019.kpu.go.id/img/c/900/014/900014893/1-6636-5-C1-PPWP-X1.jpg,https://pemilu2019.kpu.go.id/img/c/900/014/900014893/1-6636-5-C1-PPWP-X2.jpg
1659166286634900014879,ACEH,KOTA LANGSA,LANGSA LAMA,BARO,TPS 1,2019-10-25 05:00:03,41,166,283,208,208,207,1,https://pemilu2019.kpu.go.id/img/c/900/014/900014879/1-6634-1-C1-PPWP-01.jpg,https://pemilu2019.kpu.go.id/img/c/900/014/900014879/1-6634-1-C1-PPWP-X2.jpg
1659166286634900014880,ACEH,KOTA LANGSA,LANGSA LAMA,BARO,TPS 2,2019-10-25 05:00:03,23,192,275,217,217,215,2,https://pemilu2019.kpu.go.id/img/c/900/014/900014880/1-6634-2-C1-PPWP-01.jpg,https://pemilu2019.kpu.go.id/img/c/900/014/900014880/1-6634-2-C-XXX-X6.jpg
1659166286634900014881,ACEH,KOTA LANGSA,LANGSA LAMA,BARO,TPS 3,2019-10-25 05:00:03,16,214,271,231,231,230,1,https://pemilu2019.kpu.go.id/img/c/900/014/900014881/1-6634-3-C1-PPWP-X1.jpg,https://pemilu2019.kpu.go.id/img/c/900/014/900014881/1-6634-3-C1-PPWP-02.jpg
1659166286634900014882,ACEH,KOTA LANGSA,LANGSA LAMA,BARO,TPS 4,2019-10-25 05:00:03,19,164,251,184,184,183,1,https://pemilu2019.kpu.go.id/img/c/900/014/900014882/1-6634-4-C1-PPWP-X1.jpg,https://pemilu2019.kpu.go.id/img/c/900/014/900014882/1-6634-4-C1-PPWP-X2.jpg
1659166286634900014883,ACEH,KOTA LANGSA,LANGSA LAMA,BARO,TPS 5,2019-10-25 05:00:03,17,113,252,131,131,130,1,https://pemilu2019.kpu.go.id/img/c/900/014/900014883/1-6634-5-C-XXX-X5.jpg,https://pemilu2019.kpu.go.id/img/c/900/014/900014883/1-6634-5-C1-PPWP-02.jpg
1659166286634900014884,ACEH,KOTA LANGSA,LANGSA LAMA,BARO,TPS 6,2019-10-25 05:00:03,29,162,248,248,192,191,1,https://pemilu2019.kpu.go.id/img/c/900/014/900014884/1-6634-6-C1-PPWP-01.jpg,https://pemilu2019.kpu.go.id/img/c/900/014/900014884/1-6634-6-C1-PPWP-02.jpg
1659166286637900014894,ACEH,KOTA LANGSA,LANGSA LAMA,BAROH LANGSA LAMA,TPS 1,2019-10-25 05:00:03,26,185,286,218,218,211,7,https://pemilu2019.kpu.go.id/img/c/900/014/900014894/2-6637-1-C1-PPWP-X1.jpg,https://pemilu2019.kpu.go.id/img/c/900/014/900014894/2-6637-1-C1-PPWP-X2.jpg
1659166286637900014895,ACEH,KOTA LANGSA,LANGSA LAMA,BAROH LANGSA LAMA,TPS 2,2019-10-25 05:00:03,23,162,264,189,189,185,4,https://pemilu2019.kpu.go.id/img/c/900/014/900014895/1-6637-2-C1-PPWP-X1.jpg,https://pemilu2019.kpu.go.id/img/c/900/014/900014895/1-6637-2-C1-PPWP-X2.jpg
1659166286637900014896,ACEH,KOTA LANGSA,LANGSA LAMA,BAROH LANGSA LAMA,TPS 3,2019-10-25 05:00:03,34,156,273,193,193,190,3,https://pemilu2019.kpu.go.id/img/c/900/014/900014896/2-6637-3-C1-PPWP-X1.jpg,https://pemilu2019.kpu.go.id/img/c/900/014/900014896/2-6637-3-C1-PPWP-X2.jpg
1659166286637900014897,ACEH,KOTA LANGSA,LANGSA LAMA,BAROH LANGSA LAMA,TPS 4,2019-10-25 05:00:03,35,188,285,229,229,6,223,https://pemilu2019.kpu.go.id/img/c/900/014/900014897/2-6637-4-C1-PPWP-X1.jpg,https://pemilu2019.kpu.go.id/img/c/900/014/900014897/2-6637-4-C1-PPWP-X2.jpg
1659166286637900014898,ACEH,KOTA LANGSA,LANGSA LAMA,BAROH LANGSA LAMA,TPS 5,2019-10-25 05:00:03,31,164,280,210,210,195,15,https://pemilu2019.kpu.go.id/img/c/900/014/900014898/2-6637-5-C1-PPWP-X1.jpg,https://pemilu2019.kpu.go.id/img/c/900/014/900014898/2-6637-5-C1-PPWP-X2.jpg
1659166286637900014899,ACEH,KOTA LANGSA,LANGSA LAMA,BAROH LANGSA LAMA,TPS 6,2019-10-25 05:00:03,12,186,258,206,206,198,8,https://pemilu2019.kpu.go.id/img/c/900/014/900014899/2-6637-6-C1-PPWP-X1.jpg,https://pemilu2019.kpu.go.id/img/c/900/014/900014899/2-6637-6-C1-PPWP-X2.jpg
1659166286637900014900,ACEH,KOTA LANGSA,LANGSA LAMA,BAROH LANGSA LAMA,TPS 7,2019-10-25 05:00:03,24,201,272,230,230,225,5,https://pemilu2019.kpu.go.id/img/c/900/014/900014900/1-6637-7-C1-PPWP-01.jpg,https://pemilu2019.kpu.go.id/img/c/900/014/900014900/1-6637-7-C1-PPWP-X2.jpg
1659166286637900014901,ACEH,KOTA LANGSA,LANGSA LAMA,BAROH LANGSA LAMA,TPS 8,2019-10-25 05:00:03,27,165,259,195,195,192,3,https://pemilu2019.kpu.go.id/img/c/900/014/900014901/1-6637-8-C1-PPWP-X1.jpg,https://pemilu2019.kpu.go.id/img/c/900/014/900014901/1-6637-8-C1-PPWP-X2.jpg
1659166286637900014902,ACEH,KOTA LANGSA,LANGSA LAMA,BAROH LANGSA LAMA,TPS 9,2019-10-25 05:00:03,26,184,282,218,218,210,8,https://pemilu2019.kpu.go.id/img/c/900/014/900014902/1-6637-9-C1-PPWP-X1.jpg,https://pemilu2019.kpu.go.id/img/c/900/014/900014902/1-6637-9-C1-PPWP-X2.jpg
16591662888079900791019,ACEH,KOTA LANGSA,LANGSA LAMA,BATE PUTEH,TPS 1,2019-10-25 05:00:03,25,175,271,207,207,200,7,https://pemilu2019.kpu.go.id/img/c/900/791/900791019/2-88079-1-C-XXX-X5.jpg,https://pemilu2019.kpu.go.id/img/c/900/791/900791019/2-88079-1-C-XXX-X6.jpg
16591662888079900791020,ACEH,KOTA LANGSA,LANGSA LAMA,BATE PUTEH,TPS 2,2019-10-25 05:00:03,16,190,287,214,214,206,8,https://pemilu2019.kpu.go.id/img/c/900/791/900791020/1-88079-2-C-XXX-X5.jpg,https://pemilu2019.kpu.go.id/img/c/900/791/900791020/1-88079-2-C-XXX-X6.jpg
16591662888079900791021,ACEH,KOTA LANGSA,LANGSA LAMA,BATE PUTEH,TPS 3,2019-10-25 05:00:03,24,213,293,253,253,237,16,https://pemilu2019.kpu.go.id/img/c/900/791/900791021/1-88079-3-C-XXX-X5.jpg,https://pemilu2019.kpu.go.id/img/c/900/791/900791021/1-88079-3-C-XXX-X6.jpg
1659166286635900014885,ACEH,KOTA LANGSA,LANGSA LAMA,MEURANDEH,TPS 1,2019-10-25 05:00:03,18,193,234,216,216,211,5,https://pemilu2019.kpu.go.id/img/c/900/014/900014885/2-6635-1-C1-PPWP-X1.jpg,https://pemilu2019.kpu.go.id/img/c/900/014/900014885/2-6635-1-C1-PPWP-X2.jpg
1659166286635900014886,ACEH,KOTA LANGSA,LANGSA LAMA,MEURANDEH,TPS 2,2019-10-25 05:00:03,15,204,246,221,221,219,2,https://pemilu2019.kpu.go.id/img/c/900/014/900014886/1-6635-2-C-XXX-X5.jpg,https://pemilu2019.kpu.go.id/img/c/900/014/900014886/1-6635-2-C-XXX-X6.jpg
1659166286635900014887,ACEH,KOTA LANGSA,LANGSA LAMA,MEURANDEH,TPS 3,2019-10-25 05:00:03,16,178,225,194,194,194,0,https://pemilu2019.kpu.go.id/img/c/900/014/900014887/2-6635-3-C1-PPWP-X1.jpg,https://pemilu2019.kpu.go.id/img/c/900/014/900014887/2-6635-3-C1-PPWP-X2.jpg
1659166286635900014888,ACEH,KOTA LANGSA,LANGSA LAMA,MEURANDEH,TPS 4,2019-10-25 05:00:03,18,163,232,185,185,181,4,https://pemilu2019.kpu.go.id/img/c/900/014/900014888/1-6635-4-C1-PPWP-X1.jpg,https://pemilu2019.kpu.go.id/img/c/900/014/900014888/1-6635-4-C1-PPWP-X2.jpg
16591662888078900791017,ACEH,KOTA LANGSA,LANGSA LAMA,MEURANDEH ACEH,TPS 1,2019-10-25 05:00:03,21,184,242,208,208,205,3,https://pemilu2019.kpu.go.id/img/c/900/791/900791017/1-88078-1-C-XXX-X5.jpg,https://pemilu2019.kpu.go.id/img/c/900/791/900791017/1-88078-1-C-XXX-X6.jpg
16591662888078900791018,ACEH,KOTA LANGSA,LANGSA LAMA,MEURANDEH ACEH,TPS 2,2019-10-25 05:00:03,19,163,240,188,188,182,6,https://pemilu2019.kpu.go.id/img/c/900/791/900791018/1-88078-2-C1-PPWP-X1.jpg,https://pemilu2019.kpu.go.id/img/c/900/791/900791018/1-88078-2-C1-PPWP-X2.jpg
16591662888077900791014,ACEH,KOTA LANGSA,LANGSA LAMA,MEURANDEH DAYAH,TPS 1,2019-10-25 05:00:03,26,231,310,260,260,247,3,https://pemilu2019.kpu.go.id/img/c/900/791/900791014/1-88077-1-C1-PPWP-X1.jpg,https://pemilu2019.kpu.go.id/img/c/900/791/900791014/1-88077-1-C1-PPWP-X2.jpg
16591662888077900791015,ACEH,KOTA LANGSA,LANGSA LAMA,MEURANDEH DAYAH,TPS 2,2019-10-25 05:00:03,25,255,284,284,284,280,4,https://pemilu2019.kpu.go.id/img/c/900/791/900791015/1-88077-2-C1-PPWP-X1.jpg,https://pemilu2019.kpu.go.id/img/c/900/791/900791015/1-88077-2-C1-PPWP-X2.jpg
16591662888077900791016,ACEH,KOTA LANGSA,LANGSA LAMA,MEURANDEH DAYAH,TPS 3,2019-10-25 05:00:03,24,233,306,257,258,257,1,https://pemilu2019.kpu.go.id/img/c/900/791/900791016/1-88077-3-C1-PPWP-X1.jpg,https://pemilu2019.kpu.go.id/img/c/900/791/900791016/1-88077-3-C1-PPWP-X2.jpg
16591662888076900791010,ACEH,KOTA LANGSA,LANGSA LAMA,MEURANDEH TEUNGOH,TPS 1,2019-10-25 05:00:03,23,229,284,254,254,252,2,https://pemilu2019.kpu.go.id/img/c/900/791/900791010/1-88076-1-C1-PPWP-01.jpg,https://pemilu2019.kpu.go.id/img/c/900/791/900791010/1-88076-1-C1-PPWP-X2.jpg
16591662888076900791011,ACEH,KOTA LANGSA,LANGSA LAMA,MEURANDEH TEUNGOH,TPS 2,2019-10-25 05:00:03,16,230,285,249,249,246,3,https://pemilu2019.kpu.go.id/img/c/900/791/900791011/1-88076-2-C1-PPWP-X1.jpg,https://pemilu2019.kpu.go.id/img/c/900/791/900791011/1-88076-2-C1-PPWP-02.jpg
16591662888076900791012,ACEH,KOTA LANGSA,LANGSA LAMA,MEURANDEH TEUNGOH,TPS 3,2019-10-25 05:00:03,10,238,281,253,253,244,5,https://pemilu2019.kpu.go.id/img/c/900/791/900791012/1-88076-3-C1-PPWP-01.jpg,https://pemilu2019.kpu.go.id/img/c/900/791/900791012/1-88076-3-C1-PPWP-X2.jpg
16591662888076900791013,ACEH,KOTA LANGSA,LANGSA LAMA,MEURANDEH TEUNGOH,TPS 4,2019-10-25 05:00:03,11,238,272,252,252,249,3,https://pemilu2019.kpu.go.id/img/c/900/791/900791013/1-88076-4-C1-PPWP-X1.jpg,https://pemilu2019.kpu.go.id/img/c/900/791/900791013/1-88076-4-C1-PPWP-X2.jpg
1659166286629900014841,ACEH,KOTA LANGSA,LANGSA LAMA,PONDOK KEMUNING,TPS 1,2019-10-25 05:00:03,59,186,267,250,250,245,5,https://pemilu2019.kpu.go.id/img/c/900/014/900014841/1-6629-1-C-XXX-X5.jpg,https://pemilu2019.kpu.go.id/img/c/900/014/900014841/1-6629-1-C-XXX-X6.jpg
1659166286629900014842,ACEH,KOTA LANGSA,LANGSA LAMA,PONDOK KEMUNING,TPS 2,2019-10-25 05:00:03,29,165,230,201,201,194,7,https://pemilu2019.kpu.go.id/img/c/900/014/900014842/1-6629-2-C1-PPWP-01.jpg,https://pemilu2019.kpu.go.id/img/c/900/014/900014842/1-6629-2-C1-PPWP-02.jpg
1659166286629900014843,ACEH,KOTA LANGSA,LANGSA LAMA,PONDOK KEMUNING,TPS 3,2019-10-25 05:00:03,35,193,260,235,235,228,7,https://pemilu2019.kpu.go.id/img/c/900/014/900014843/1-6629-3-C-XXX-X5.jpg,https://pemilu2019.kpu.go.id/img/c/900/014/900014843/1-6629-3-C-XXX-X6.jpg
1659166286629900014844,ACEH,KOTA LANGSA,LANGSA LAMA,PONDOK KEMUNING,TPS 4,2019-10-25 05:00:03,18,205,250,224,224,223,1,https://pemilu2019.kpu.go.id/img/c/900/014/900014844/1-6629-4-C-XXX-X5.jpg,https://pemilu2019.kpu.go.id/img/c/900/014/900014844/1-6629-4-C-XXX-X6.jpg
1659166286629900014845,ACEH,KOTA LANGSA,LANGSA LAMA,PONDOK KEMUNING,TPS 5,2019-10-25 05:00:03,36,189,250,228,228,225,3,https://pemilu2019.kpu.go.id/img/c/900/014/900014845/1-6629-5-C1-PPWP-01.jpg,https://pemilu2019.kpu.go.id/img/c/900/014/900014845/1-6629-5-C1-PPWP-02.jpg
1659166286629900014846,ACEH,KOTA LANGSA,LANGSA LAMA,PONDOK KEMUNING,TPS 6,2019-10-25 05:00:03,21,224,282,254,254,245,9,https://pemilu2019.kpu.go.id/img/c/900/014/900014846/1-6629-6-C-XXX-X5.jpg,https://pemilu2019.kpu.go.id/img/c/900/014/900014846/1-6629-6-C-XXX-X6.jpg
1659166286629900014847,ACEH,KOTA LANGSA,LANGSA LAMA,PONDOK KEMUNING,TPS 7,2019-10-25 05:00:03,30,205,279,244,244,235,9,https://pemilu2019.kpu.go.id/img/c/900/014/900014847/1-6629-7-C1-PPWP-X1.jpg,https://pemilu2019.kpu.go.id/img/c/900/014/900014847/1-6629-7-C1-PPWP-X2.jpg
1659166286631900014855,ACEH,KOTA LANGSA,LANGSA LAMA,PONDOK PABRIK,TPS 1,2019-10-25 05:00:03,44,183,287,233,233,227,6,https://pemilu2019.kpu.go.id/img/c/900/014/900014855/1-6631-1-C-XXX-X5.jpg,https://pemilu2019.kpu.go.id/img/c/900/014/900014855/1-6631-1-C-XXX-X6.jpg
1659166286631900014856,ACEH,KOTA LANGSA,LANGSA LAMA,PONDOK PABRIK,TPS 2,2019-10-25 05:00:03,41,190,286,238,238,231,7,https://pemilu2019.kpu.go.id/img/c/900/014/900014856/6631-2-C-XXX-X5.jpg,https://pemilu2019.kpu.go.id/img/c/900/014/900014856/6631-2-C-XXX-X6.jpg
1659166286631900014857,ACEH,KOTA LANGSA,LANGSA LAMA,PONDOK PABRIK,TPS 3,2019-10-25 05:00:03,58,206,300,273,273,264,9,https://pemilu2019.kpu.go.id/img/c/900/014/900014857/2-6631-3-C-XXX-X5.jpg,https://pemilu2019.kpu.go.id/img/c/900/014/900014857/2-6631-3-C-XXX-X6.jpg
1659166286631900014858,ACEH,KOTA LANGSA,LANGSA LAMA,PONDOK PABRIK,TPS 4,2019-10-25 05:00:03,60,157,278,221,221,217,4,https://pemilu2019.kpu.go.id/img/c/900/014/900014858/6631-4-C-XXX-X5.jpg,https://pemilu2019.kpu.go.id/img/c/900/014/900014858/6631-4-C-XXX-X6.jpg
1659166286631900014859,ACEH,KOTA LANGSA,LANGSA LAMA,PONDOK PABRIK,TPS 5,2019-10-25 05:00:03,9,164,200,173,173,173,0,https://pemilu2019.kpu.go.id/img/c/900/014/900014859/2-6631-5-C-XXX-X5.jpg,https://pemilu2019.kpu.go.id/img/c/900/014/900014859/2-6631-5-C-XXX-X6.jpg
1659166286631900014860,ACEH,KOTA LANGSA,LANGSA LAMA,PONDOK PABRIK,TPS 6,2019-10-25 05:00:03,22,144,193,167,167,166,1,https://pemilu2019.kpu.go.id/img/c/900/014/900014860/4-6631-6-C-XXX-X5.jpg,https://pemilu2019.kpu.go.id/img/c/900/014/900014860/4-6631-6-C-XXX-X6.jpg
1659166286630900014848,ACEH,KOTA LANGSA,LANGSA LAMA,SEULALAH,TPS 1,2019-10-25 05:00:03,40,182,274,230,230,222,8,https://pemilu2019.kpu.go.id/img/c/900/014/900014848/1-6630-1-C1-PPWP-01.jpg,https://pemilu2019.kpu.go.id/img/c/900/014/900014848/1-6630-1-C-XXX-X6.jpg
1659166286630900014849,ACEH,KOTA LANGSA,LANGSA LAMA,SEULALAH,TPS 2,2019-10-25 05:00:03,43,202,296,246,246,245,1,https://pemilu2019.kpu.go.id/img/c/900/014/900014849/1-6630-2-C-XXX-X5.jpg,https://pemilu2019.kpu.go.id/img/c/900/014/900014849/1-6630-2-C-XXX-X6.jpg
1659166286630900014850,ACEH,KOTA LANGSA,LANGSA LAMA,SEULALAH,TPS 3,2019-10-25 05:00:03,44,218,292,263,263,262,1,https://pemilu2019.kpu.go.id/img/c/900/014/900014850/1-6630-3-C1-PPWP-01.jpg,https://pemilu2019.kpu.go.id/img/c/900/014/900014850/1-6630-3-C1-PPWP-X2.jpg
1659166286630900014851,ACEH,KOTA LANGSA,LANGSA LAMA,SEULALAH,TPS 4,2019-10-25 05:00:03,46,205,293,253,253,251,2,https://pemilu2019.kpu.go.id/img/c/900/014/900014851/1-6630-4-C1-PPWP-01.jpg,https://pemilu2019.kpu.go.id/img/c/900/014/900014851/1-6630-4-C-XXX-X6.jpg
1659166286630900014852,ACEH,KOTA LANGSA,LANGSA LAMA,SEULALAH,TPS 5,2019-10-25 05:00:03,32,194,265,226,226,226,0,https://pemilu2019.kpu.go.id/img/c/900/014/900014852/1-6630-5-C-XXX-X5.jpg,https://pemilu2019.kpu.go.id/img/c/900/014/900014852/1-6630-5-C-XXX-X6.jpg
1659166286630900014853,ACEH,KOTA LANGSA,LANGSA LAMA,SEULALAH,TPS 6,2019-10-25 05:00:03,40,212,293,254,254,252,2,https://pemilu2019.kpu.go.id/img/c/900/014/900014853/1-6630-6-C-XXX-X5.jpg,https://pemilu2019.kpu.go.id/img/c/900/014/900014853/1-6630-6-C1-PPWP-02.jpg
1659166286630900014854,ACEH,KOTA LANGSA,LANGSA LAMA,SEULALAH,TPS 7,2019-10-25 05:00:03,38,199,254,238,238,237,1,https://pemilu2019.kpu.go.id/img/c/900/014/900014854/1-6630-7-C-XXX-X5.jpg,https://pemilu2019.kpu.go.id/img/c/900/014/900014854/1-6630-7-C-XXX-X6.jpg
16591662888074900791001,ACEH,KOTA LANGSA,LANGSA LAMA,SEULALAH BARU,TPS 1,2019-10-25 05:00:03,36,163,233,203,203,199,4,https://pemilu2019.kpu.go.id/img/c/900/791/900791001/2-88074-1-C-XXX-X5.jpg,https://pemilu2019.kpu.go.id/img/c/900/791/900791001/2-88074-1-C-XXX-X6.jpg
16591662888074900791002,ACEH,KOTA LANGSA,LANGSA LAMA,SEULALAH BARU,TPS 2,2019-10-25 05:00:03,26,100,151,128,128,126,2,https://pemilu2019.kpu.go.id/img/c/900/791/900791002/1-88074-2-C-XXX-X5.jpg,https://pemilu2019.kpu.go.id/img/c/900/791/900791002/1-88074-2-C-XXX-X6.jpg
16591662888074900791003,ACEH,KOTA LANGSA,LANGSA LAMA,SEULALAH BARU,TPS 3,2019-10-25 05:00:03,33,187,264,225,225,220,5,https://pemilu2019.kpu.go.id/img/c/900/791/900791003/1-88074-3-C1-PPWP-X1.jpg,https://pemilu2019.kpu.go.id/img/c/900/791/900791003/1-88074-3-C1-PPWP-X2.jpg
16591662888074900791004,ACEH,KOTA LANGSA,LANGSA LAMA,SEULALAH BARU,TPS 4,2019-10-25 05:00:03,31,195,266,229,229,226,3,https://pemilu2019.kpu.go.id/img/c/900/791/900791004/1-88074-4-C-XXX-X5.jpg,https://pemilu2019.kpu.go.id/img/c/900/791/900791004/1-88074-4-C-XXX-X6.jpg
16591662888074900791005,ACEH,KOTA LANGSA,LANGSA LAMA,SEULALAH BARU,TPS 5,2019-10-25 05:00:03,31,199,269,230,230,230,0,https://pemilu2019.kpu.go.id/img/c/900/791/900791005/1-88074-5-C-XXX-X5.jpg,https://pemilu2019.kpu.go.id/img/c/900/791/900791005/1-88074-5-C-XXX-X6.jpg
16591662888074900791006,ACEH,KOTA LANGSA,LANGSA LAMA,SEULALAH BARU,TPS 6,2019-10-25 05:00:03,26,150,205,177,177,176,1,https://pemilu2019.kpu.go.id/img/c/900/791/900791006/1-88074-6-C-XXX-X5.jpg,https://pemilu2019.kpu.go.id/img/c/900/791/900791006/1-88074-6-C-XXX-X6.jpg
16591662888074900791007,ACEH,KOTA LANGSA,LANGSA LAMA,SEULALAH BARU,TPS 7,2019-10-25 05:00:03,20,134,180,160,160,154,6,https://pemilu2019.kpu.go.id/img/c/900/791/900791007/1-88074-7-C-XXX-X5.jpg,https://pemilu2019.kpu.go.id/img/c/900/791/900791007/1-88074-7-C-XXX-X6.jpg
1659166286632900014861,ACEH,KOTA LANGSA,LANGSA LAMA,SIDODADI,TPS 1,2019-10-25 05:00:03,27,204,289,235,235,231,4,https://pemilu2019.kpu.go.id/img/c/900/014/900014861/1-6632-1-C1-PPWP-01.jpg,https://pemilu2019.kpu.go.id/img/c/900/014/900014861/1-6632-1-C1-PPWP-02.jpg
1659166286632900014862,ACEH,KOTA LANGSA,LANGSA LAMA,SIDODADI,TPS 2,2019-10-25 05:00:03,29,187,286,219,219,216,3,https://pemilu2019.kpu.go.id/img/c/900/014/900014862/1-6632-2-C1-PPWP-01.jpg,https://pemilu2019.kpu.go.id/img/c/900/014/900014862/1-6632-2-C1-PPWP-02.jpg
1659166286632900014863,ACEH,KOTA LANGSA,LANGSA LAMA,SIDODADI,TPS 3,2019-10-25 05:00:03,41,187,284,230,230,228,2,https://pemilu2019.kpu.go.id/img/c/900/014/900014863/6632-3-C1-PPWP-01.jpg,https://pemilu2019.kpu.go.id/img/c/900/014/900014863/6632-3-C1-PPWP-02.jpg
1659166286632900014864,ACEH,KOTA LANGSA,LANGSA LAMA,SIDODADI,TPS 4,2019-10-25 05:00:03,33,209,290,246,246,242,4,https://pemilu2019.kpu.go.id/img/c/900/014/900014864/1-6632-4-C-XXX-X5.jpg,https://pemilu2019.kpu.go.id/img/c/900/014/900014864/1-6632-4-C1-PPWP-02.jpg
1659166286632900014865,ACEH,KOTA LANGSA,LANGSA LAMA,SIDODADI,TPS 5,2019-10-25 05:00:03,28,199,289,228,228,227,1,https://pemilu2019.kpu.go.id/img/c/900/014/900014865/1-6632-5-C-XXX-X5.jpg,https://pemilu2019.kpu.go.id/img/c/900/014/900014865/1-6632-5-C-XXX-X6.jpg
1659166286632900014866,ACEH,KOTA LANGSA,LANGSA LAMA,SIDODADI,TPS 6,2019-10-25 05:00:03,20,214,288,239,239,234,5,https://pemilu2019.kpu.go.id/img/c/900/014/900014866/1-6632-6-C-XXX-X5.jpg,https://pemilu2019.kpu.go.id/img/c/900/014/900014866/1-6632-6-C1-PPWP-02.jpg
1659166286632900014867,ACEH,KOTA LANGSA,LANGSA LAMA,SIDODADI,TPS 7,2019-10-25 05:00:03,36,174,270,215,215,210,5,https://pemilu2019.kpu.go.id/img/c/900/014/900014867/1-6632-7-C1-PPWP-01.jpg,https://pemilu2019.kpu.go.id/img/c/900/014/900014867/1-6632-7-C1-PPWP-02.jpg
1659166286632900014868,ACEH,KOTA LANGSA,LANGSA LAMA,SIDODADI,TPS 8,2019-10-25 05:00:03,39,148,296,190,190,187,3,https://pemilu2019.kpu.go.id/img/c/900/014/900014868/1-6632-8-C1-PPWP-X1.jpg,https://pemilu2019.kpu.go.id/img/c/900/014/900014868/1-6632-8-C1-PPWP-X2.jpg
1659166286633900014869,ACEH,KOTA LANGSA,LANGSA LAMA,SIDOREJO,TPS 01,2019-10-25 05:00:03,17,190,264,213,213,207,6,https://pemilu2019.kpu.go.id/img/c/900/014/900014869/1-6633-01-C1-PPWP-X1.jpg,https://pemilu2019.kpu.go.id/img/c/900/014/900014869/1-6633-01-C1-PPWP-X2.jpg
1659166286633900014870,ACEH,KOTA LANGSA,LANGSA LAMA,SIDOREJO,TPS 02,2019-10-25 05:00:03,23,146,145,175,175,169,6,https://pemilu2019.kpu.go.id/img/c/900/014/900014870/1-6633-02-C-XXX-X5.jpg,https://pemilu2019.kpu.go.id/img/c/900/014/900014870/1-6633-02-C-XXX-X6.jpg
1659166286633900014871,ACEH,KOTA LANGSA,LANGSA LAMA,SIDOREJO,TPS 03,2019-10-25 05:00:03,20,159,252,181,181,179,2,https://pemilu2019.kpu.go.id/img/c/900/014/900014871/1-6633-03-C1-PPWP-X1.jpg,https://pemilu2019.kpu.go.id/img/c/900/014/900014871/1-6633-03-C1-PPWP-02.jpg
1659166286633900014872,ACEH,KOTA LANGSA,LANGSA LAMA,SIDOREJO,TPS 04,2019-10-25 05:00:03,30,152,256,184,184,182,2,https://pemilu2019.kpu.go.id/img/c/900/014/900014872/1-6633-04-C1-PPWP-01.jpg,https://pemilu2019.kpu.go.id/img/c/900/014/900014872/1-6633-04-C1-PPWP-02.jpg
1659166286633900014873,ACEH,KOTA LANGSA,LANGSA LAMA,SIDOREJO,TPS 05,2019-10-25 05:00:03,32,178,257,214,214,210,4,https://pemilu2019.kpu.go.id/img/c/900/014/900014873/1-6633-05-C1-PPWP-01.jpg,https://pemilu2019.kpu.go.id/img/c/900/014/900014873/1-6633-05-C1-PPWP-X2.jpg
1659166286633900014874,ACEH,KOTA LANGSA,LANGSA LAMA,SIDOREJO,TPS 06,2019-10-25 05:00:03,33,192,285,231,231,225,6,https://pemilu2019.kpu.go.id/img/c/900/014/900014874/2-6633-06-C1-PPWP-01.jpg,https://pemilu2019.kpu.go.id/img/c/900/014/900014874/2-6633-06-C1-PPWP-X2.jpg
1659166286633900014875,ACEH,KOTA LANGSA,LANGSA LAMA,SIDOREJO,TPS 07,2019-10-25 05:00:03,30,140,260,170,174,170,4,https://pemilu2019.kpu.go.id/img/c/900/014/900014875/1-6633-07-C1-PPWP-01.jpg,https://pemilu2019.kpu.go.id/img/c/900/014/900014875/1-6633-07-C1-PPWP-02.jpg
1659166286633900014876,ACEH,KOTA LANGSA,LANGSA LAMA,SIDOREJO,TPS 08,2019-10-25 05:00:03,32,158,265,192,192,190,2,https://pemilu2019.kpu.go.id/img/c/900/014/900014876/1-6633-08-C1-PPWP-X1.jpg,https://pemilu2019.kpu.go.id/img/c/900/014/900014876/1-6633-08-C1-PPWP-X2.jpg
1659166286633900014877,ACEH,KOTA LANGSA,LANGSA LAMA,SIDOREJO,TPS 09,2019-10-25 05:00:03,33,144,253,185,185,177,8,https://pemilu2019.kpu.go.id/img/c/900/014/900014877/2-6633-09-C1-PPWP-X1.jpg,https://pemilu2019.kpu.go.id/img/c/900/014/900014877/2-6633-09-C1-PPWP-02.jpg
1659166286633900014878,ACEH,KOTA LANGSA,LANGSA LAMA,SIDOREJO,TPS 10,2019-10-25 05:00:03,32,154,268,189,189,186,3,https://pemilu2019.kpu.go.id/img/c/900/014/900014878/1-6633-10-C1-PPWP-X1.jpg,https://pemilu2019.kpu.go.id/img/c/900/014/900014878/1-6633-10-C1-PPWP-X2.jpg
16591662888075900791008,ACEH,KOTA LANGSA,LANGSA LAMA,SUKA JADI KEBUN IRENG,TPS 1,2019-10-25 05:00:03,17,239,279,258,258,256,2,https://pemilu2019.kpu.go.id/img/c/900/791/900791008/4-88075-1-C1-PPWP-X1.jpg,https://pemilu2019.kpu.go.id/img/c/900/791/900791008/4-88075-1-C1-PPWP-02.jpg
16591662888075900791009,ACEH,KOTA LANGSA,LANGSA LAMA,SUKA JADI KEBUN IRENG,TPS 2,2019-10-25 05:00:03,30,226,290,257,257,256,1,https://pemilu2019.kpu.go.id/img/c/900/791/900791009/88075-2-C1-PPWP-01.jpg,https://pemilu2019.kpu.go.id/img/c/900/791/900791009/88075-2-C1-PPWP-02.jpg
1659165926600900014635,ACEH,KOTA LANGSA,LANGSA TIMUR,ALUE MERBAU,TPS 1,2019-10-25 05:00:03,28,202,278,233,233,230,3,https://pemilu2019.kpu.go.id/img/c/900/014/900014635/1-6600-1-C1-PPWP-X1.jpg,https://pemilu2019.kpu.go.id/img/c/900/014/900014635/1-6600-1-C1-PPWP-X2.jpg
1659165926600900014636,ACEH,KOTA LANGSA,LANGSA TIMUR,ALUE MERBAU,TPS 2,2019-10-25 05:00:03,25,193,255,222,222,218,4,https://pemilu2019.kpu.go.id/img/c/900/014/900014636/1-6600-2-C1-PPWP-X1.jpg,https://pemilu2019.kpu.go.id/img/c/900/014/900014636/1-6600-2-C1-PPWP-X2.jpg
1659165926600900014637,ACEH,KOTA LANGSA,LANGSA TIMUR,ALUE MERBAU,TPS 3,2019-10-25 05:00:03,40,167,273,220,220,207,13,https://pemilu2019.kpu.go.id/img/c/900/014/900014637/1-6600-3-C1-PPWP-X1.jpg,https://pemilu2019.kpu.go.id/img/c/900/014/900014637/1-6600-3-C1-PPWP-X2.jpg
1659165926600900014638,ACEH,KOTA LANGSA,LANGSA TIMUR,ALUE MERBAU,TPS 4,2019-10-25 05:00:03,25,206,246,239,239,231,8,https://pemilu2019.kpu.go.id/img/c/900/014/900014638/1-6600-4-C1-PPWP-X1.jpg,https://pemilu2019.kpu.go.id/img/c/900/014/900014638/1-6600-4-C1-PPWP-X2.jpg
1659165926603900014643,ACEH,KOTA LANGSA,LANGSA TIMUR,ALUE PINEUNG,TPS 1,2019-10-25 05:00:03,18,204,266,228,228,222,6,https://pemilu2019.kpu.go.id/img/c/900/014/900014643/1-6603-1-C1-PPWP-X1.jpg,https://pemilu2019.kpu.go.id/img/c/900/014/900014643/1-6603-1-C1-PPWP-X2.jpg
1659165926603900014644,ACEH,KOTA LANGSA,LANGSA TIMUR,ALUE PINEUNG,TPS 2,2019-10-25 05:00:03,16,194,255,211,211,209,2,https://pemilu2019.kpu.go.id/img/c/900/014/900014644/1-6603-2-C1-PPWP-X1.jpg,https://pemilu2019.kpu.go.id/img/c/900/014/900014644/1-6603-2-C1-PPWP-X2.jpg
1659165926603900014645,ACEH,KOTA LANGSA,LANGSA TIMUR,ALUE PINEUNG,TPS 3,2019-10-25 05:00:03,14,213,284,233,233,227,6,https://pemilu2019.kpu.go.id/img/c/900/014/900014645/1-6603-3-C1-PPWP-X1.jpg,https://pemilu2019.kpu.go.id/img/c/900/014/900014645/1-6603-3-C1-PPWP-X2.jpg
1659165926603900014646,ACEH,KOTA LANGSA,LANGSA TIMUR,ALUE PINEUNG,TPS 4,2019-10-25 05:00:03,26,168,253,200,200,194,6,https://pemilu2019.kpu.go.id/img/c/900/014/900014646/1-6603-4-C-XXX-X5.jpg,https://pemilu2019.kpu.go.id/img/c/900/014/900014646/1-6603-4-C-XXX-X6.jpg
16591659288080900791022,ACEH,KOTA LANGSA,LANGSA TIMUR,ALUE PINEUNG TIMUE,TPS 1,2019-10-25 05:00:03,21,163,234,192,192,184,8,https://pemilu2019.kpu.go.id/img/c/900/791/900791022/2-88080-1-C1-PPWP-X1.jpg,https://pemilu2019.kpu.go.id/img/c/900/791/900791022/2-88080-1-C1-PPWP-02.jpg
16591659288080900791023,ACEH,KOTA LANGSA,LANGSA TIMUR,ALUE PINEUNG TIMUE,TPS 2,2019-10-25 05:00:03,13,163,243,177,177,176,1,https://pemilu2019.kpu.go.id/img/c/900/791/900791023/1-88080-2-C1-PPWP-01.jpg,https://pemilu2019.kpu.go.id/img/c/900/791/900791023/1-88080-2-C1-PPWP-02.jpg
16591659288080900791024,ACEH,KOTA LANGSA,LANGSA TIMUR,ALUE PINEUNG TIMUE,TPS 3,2019-10-25 05:00:03,38,123,214,164,164,161,3,https://pemilu2019.kpu.go.id/img/c/900/791/900791024/3-88080-3-C1-PPWP-01.jpg,https://pemilu2019.kpu.go.id/img/c/900/791/900791024/3-88080-3-C1-PPWP-02.jpg
16591659288080900791025,ACEH,KOTA LANGSA,LANGSA TIMUR,ALUE PINEUNG TIMUE,TPS 4,2019-10-25 05:00:03,39,184,249,227,230,223,7,https://pemilu2019.kpu.go.id/img/c/900/791/900791025/1-88080-4-C1-PPWP-01.jpg,https://pemilu2019.kpu.go.id/img/c/900/791/900791025/1-88080-4-C1-PPWP-X2.jpg
1659165926593900014622,ACEH,KOTA LANGSA,LANGSA TIMUR,BUKET MEDANG ARA,TPS 1,2019-10-25 05:00:03,16,143,198,162,162,159,3,https://pemilu2019.kpu.go.id/img/c/900/014/900014622/1-6593-1-C-XXX-X5.jpg,https://pemilu2019.kpu.go.id/img/c/900/014/900014622/1-6593-1-C-XXX-X6.jpg
1659165926593900014623,ACEH,KOTA LANGSA,LANGSA TIMUR,BUKET MEDANG ARA,TPS 2,2019-10-25 05:00:03,14,155,193,176,176,169,7,https://pemilu2019.kpu.go.id/img/c/900/014/900014623/1-6593-2-C1-PPWP-X1.jpg,https://pemilu2019.kpu.go.id/img/c/900/014/900014623/1-6593-2-C1-PPWP-X2.jpg
1659165926599900014632,ACEH,KOTA LANGSA,LANGSA TIMUR,BUKET MEUTUAH,TPS 1,2019-10-25 05:00:03,27,192,272,226,226,219,7,https://pemilu2019.kpu.go.id/img/c/900/014/900014632/2-6599-1-C1-PPWP-X1.jpg,https://pemilu2019.kpu.go.id/img/c/900/014/900014632/2-6599-1-C1-PPWP-X2.jpg
1659165926599900014633,ACEH,KOTA LANGSA,LANGSA TIMUR,BUKET MEUTUAH,TPS 2,2019-10-25 05:00:03,15,191,252,207,207,206,1,https://pemilu2019.kpu.go.id/img/c/900/014/900014633/2-6599-2-C1-PPWP-X1.jpg,https://pemilu2019.kpu.go.id/img/c/900/014/900014633/2-6599-2-C1-PPWP-X2.jpg
1659165926599900014634,ACEH,KOTA LANGSA,LANGSA TIMUR,BUKET MEUTUAH,TPS 3,2019-10-25 05:00:03,19,140,193,161,161,159,2,https://pemilu2019.kpu.go.id/img/c/900/014/900014634/3-6599-3-C1-PPWP-X1.jpg,https://pemilu2019.kpu.go.id/img/c/900/014/900014634/3-6599-3-C1-PPWP-X2.jpg
1659165926595900014626,ACEH,KOTA LANGSA,LANGSA TIMUR,BUKET PULO,TPS 1,2019-10-25 05:00:03,16,158,195,174,174,174,0,https://pemilu2019.kpu.go.id/img/c/900/014/900014626/3-6595-1-C-XXX-X5.jpg,https://pemilu2019.kpu.go.id/img/c/900/014/900014626/3-6595-1-C-XXX-X6.jpg
1659165926598900014630,ACEH,KOTA LANGSA,LANGSA TIMUR,BUKET RATA,TPS 1,2019-10-25 05:00:03,8,129,154,140,140,137,3,https://pemilu2019.kpu.go.id/img/c/900/014/900014630/1-6598-1-C1-PPWP-X1.jpg,https://pemilu2019.kpu.go.id/img/c/900/014/900014630/1-6598-1-C1-PPWP-X2.jpg
1659165926598900014631,ACEH,KOTA LANGSA,LANGSA TIMUR,BUKET RATA,TPS 2,2019-10-25 05:00:03,8,124,152,133,133,132,1,https://pemilu2019.kpu.go.id/img/c/900/014/900014631/1-6598-2-C1-PPWP-X1.jpg,https://pemilu2019.kpu.go.id/img/c/900/014/900014631/1-6598-2-C1-PPWP-X2.jpg
1659165926605900014652,ACEH,KOTA LANGSA,LANGSA TIMUR,CINTA RAJA,TPS 1,2019-10-25 05:00:03,12,192,253,210,210,204,6,https://pemilu2019.kpu.go.id/img/c/900/014/900014652/1-6605-1-C1-PPWP-01.jpg,https://pemilu2019.kpu.go.id/img/c/900/014/900014652/1-6605-1-C1-PPWP-02.jpg
1659165926605900014653,ACEH,KOTA LANGSA,LANGSA TIMUR,CINTA RAJA,TPS 2,2019-10-25 05:00:03,15,177,241,199,199,192,7,https://pemilu2019.kpu.go.id/img/c/900/014/900014653/1-6605-2-C-XXX-X5.jpg,https://pemilu2019.kpu.go.id/img/c/900/014/900014653/1-6605-2-C-XXX-X6.jpg
1659165926605900014654,ACEH,KOTA LANGSA,LANGSA TIMUR,CINTA RAJA,TPS 3,2019-10-25 05:00:03,18,166,191,191,191,184,7,https://pemilu2019.kpu.go.id/img/c/900/014/900014654/1-6605-3-C1-PPWP-01.jpg,https://pemilu2019.kpu.go.id/img/c/900/014/900014654/1-6605-3-C-XXX-X6.jpg
16591659288081900791026,ACEH,KOTA LANGSA,LANGSA TIMUR,KAPA,TPS 1,2019-10-25 05:00:03,19,161,222,191,191,180,11,https://pemilu2019.kpu.go.id/img/c/900/791/900791026/1-88081-1-C1-PPWP-X1.jpg,https://pemilu2019.kpu.go.id/img/c/900/791/900791026/1-88081-1-C1-PPWP-X2.jpg
16591659288081900791027,ACEH,KOTA LANGSA,LANGSA TIMUR,KAPA,TPS 2,2019-10-25 05:00:03,29,177,272,211,211,206,5,https://pemilu2019.kpu.go.id/img/c/900/791/900791027/1-88081-2-C1-PPWP-X1.jpg,https://pemilu2019.kpu.go.id/img/c/900/791/900791027/1-88081-2-C1-PPWP-X2.jpg
1659165926601900014639,ACEH,KOTA LANGSA,LANGSA TIMUR,MATANG CENGAI,TPS 1,2019-10-25 05:00:03,12,167,217,181,181,179,2,https://pemilu2019.kpu.go.id/img/c/900/014/900014639/2-6601-1-C1-PPWP-01.jpg,https://pemilu2019.kpu.go.id/img/c/900/014/900014639/2-6601-1-C1-PPWP-02.jpg
1659165926601900014640,ACEH,KOTA LANGSA,LANGSA TIMUR,MATANG CENGAI,TPS 2,2019-10-25 05:00:03,27,147,211,180,180,174,6,https://pemilu2019.kpu.go.id/img/c/900/014/900014640/2-6601-2-C-XXX-X5.jpg,https://pemilu2019.kpu.go.id/img/c/900/014/900014640/2-6601-2-C1-PPWP-02.jpg
1659165926596900014627,ACEH,KOTA LANGSA,LANGSA TIMUR,MATANG PANYANG,TPS 1,2019-10-25 05:00:03,9,188,258,217,217,197,20,https://pemilu2019.kpu.go.id/img/c/900/014/900014627/1-6596-1-C1-PPWP-01.jpg,https://pemilu2019.kpu.go.id/img/c/900/014/900014627/1-6596-1-C1-PPWP-X2.jpg
1659165926596900014628,ACEH,KOTA LANGSA,LANGSA TIMUR,MATANG PANYANG,TPS 2,2019-10-25 05:00:03,15,172,256,211,211,187,24,https://pemilu2019.kpu.go.id/img/c/900/014/900014628/1-6596-2-C1-PPWP-X3.jpg,https://pemilu2019.kpu.go.id/img/c/900/014/900014628/1-6596-2-C1-PPWP-X4.jpg
1659165926594900014624,ACEH,KOTA LANGSA,LANGSA TIMUR,MATANG SEUTUI,TPS 1,2019-10-25 05:00:03,8,220,266,235,235,228,7,https://pemilu2019.kpu.go.id/img/c/900/014/900014624/1-6594-1-C1-PPWP-X1.jpg,https://pemilu2019.kpu.go.id/img/c/900/014/900014624/1-6594-1-C1-PPWP-02.jpg
1659165926594900014625,ACEH,KOTA LANGSA,LANGSA TIMUR,MATANG SEUTUI,TPS 2,2019-10-25 05:00:03,9,202,257,220,220,211,9,https://pemilu2019.kpu.go.id/img/c/900/014/900014625/2-6594-2-C1-PPWP-X1.jpg,https://pemilu2019.kpu.go.id/img/c/900/014/900014625/2-6594-2-C1-PPWP-X2.jpg
1659165926602900014641,ACEH,KOTA LANGSA,LANGSA TIMUR,SEUNEBOK ANTARA,TPS 1,2019-10-25 05:00:03,34,178,256,216,216,212,4,https://pemilu2019.kpu.go.id/img/c/900/014/900014641/2-6602-1-C1-PPWP-01.jpg,https://pemilu2019.kpu.go.id/img/c/900/014/900014641/2-6602-1-C1-PPWP-X2.jpg
1659165926602900014642,ACEH,KOTA LANGSA,LANGSA TIMUR,SEUNEBOK ANTARA,TPS 2,2019-10-25 05:00:03,28,189,268,221,221,217,4,https://pemilu2019.kpu.go.id/img/c/900/014/900014642/1-6602-2-C1-PPWP-01.jpg,https://pemilu2019.kpu.go.id/img/c/900/014/900014642/1-6602-2-C1-PPWP-X2.jpg
1659165926597900014629,ACEH,KOTA LANGSA,LANGSA TIMUR,SIMPANG WIE,TPS 1,2019-10-25 05:00:03,19,84,129,109,109,103,6,https://pemilu2019.kpu.go.id/img/c/900/014/900014629/2-6597-1-C-XXX-X5.jpg,https://pemilu2019.kpu.go.id/img/c/900/014/900014629/2-6597-1-C1-PPWP-02.jpg
1659165926604900014647,ACEH,KOTA LANGSA,LANGSA TIMUR,SUKAREJO,TPS 1,2019-10-25 05:00:03,23,176,263,206,206,199,7,https://pemilu2019.kpu.go.id/img/c/900/014/900014647/1-6604-1-C1-PPWP-01.jpg,https://pemilu2019.kpu.go.id/img/c/900/014/900014647/1-6604-1-C1-PPWP-X2.jpg
1659165926604900014648,ACEH,KOTA LANGSA,LANGSA TIMUR,SUKAREJO,TPS 2,2019-10-25 05:00:03,30,197,287,228,228,227,1,https://pemilu2019.kpu.go.id/img/c/900/014/900014648/2-6604-2-C1-PPWP-01.jpg,https://pemilu2019.kpu.go.id/img/c/900/014/900014648/2-6604-2-C1-PPWP-X2.jpg
1659165926604900014649,ACEH,KOTA LANGSA,LANGSA TIMUR,SUKAREJO,TPS 3,2019-10-25 05:00:03,27,197,261,235,235,224,11,https://pemilu2019.kpu.go.id/img/c/900/014/900014649/1-6604-3-C1-PPWP-X1.jpg,https://pemilu2019.kpu.go.id/img/c/900/014/900014649/1-6604-3-C1-PPWP-X2.jpg
1659165926604900014650,ACEH,KOTA LANGSA,LANGSA TIMUR,SUKAREJO,TPS 4,2019-10-25 05:00:03,29,187,278,231,231,216,15,https://pemilu2019.kpu.go.id/img/c/900/014/900014650/1-6604-4-C1-PPWP-01.jpg,https://pemilu2019.kpu.go.id/img/c/900/014/900014650/1-6604-4-C1-PPWP-02.jpg
1659165926604900014651,ACEH,KOTA LANGSA,LANGSA TIMUR,SUKAREJO,TPS 5,2019-10-25 05:00:03,15,209,285,226,227,224,3,https://pemilu2019.kpu.go.id/img/c/900/014/900014651/1-6604-5-C1-PPWP-01.jpg,https://pemilu2019.kpu.go.id/img/c/900/014/900014651/1-6604-5-C1-PPWP-X2.jpg
1659165926606900014655,ACEH,KOTA LANGSA,LANGSA TIMUR,SUNGAI LUENG,TPS 1,2019-10-25 05:00:03,22,168,286,199,199,190,9,https://pemilu2019.kpu.go.id/img/c/900/014/900014655/1-6606-1-C1-PPWP-X1.jpg,https://pemilu2019.kpu.go.id/img/c/900/014/900014655/1-6606-1-C1-PPWP-X2.jpg
1659165926606900014656,ACEH,KOTA LANGSA,LANGSA TIMUR,SUNGAI LUENG,TPS 2,2019-10-25 05:00:03,36,176,301,219,219,212,7,https://pemilu2019.kpu.go.id/img/c/900/014/900014656/1-6606-2-C1-PPWP-X1.jpg,https://pemilu2019.kpu.go.id/img/c/900/014/900014656/1-6606-2-C1-PPWP-X2.jpg
1659165926606900014657,ACEH,KOTA LANGSA,LANGSA TIMUR,SUNGAI LUENG,TPS 3,2019-10-25 05:00:03,34,174,292,220,220,208,12,https://pemilu2019.kpu.go.id/img/c/900/014/900014657/1-6606-3-C1-PPWP-X1.jpg,https://pemilu2019.kpu.go.id/img/c/900/014/900014657/1-6606-3-C1-PPWP-X2.jpg
1659165926606900014658,ACEH,KOTA LANGSA,LANGSA TIMUR,SUNGAI LUENG,TPS 4,2019-10-25 05:00:03,35,168,307,212,212,203,9,https://pemilu2019.kpu.go.id/img/c/900/014/900014658/1-6606-4-C1-PPWP-X1.jpg,https://pemilu2019.kpu.go.id/img/c/900/014/900014658/1-6606-4-C1-PPWP-X2.jpg
1659165926606900014659,ACEH,KOTA LANGSA,LANGSA TIMUR,SUNGAI LUENG,TPS 5,2019-10-25 05:00:03,40,138,289,186,186,178,8,https://pemilu2019.kpu.go.id/img/c/900/014/900014659/2-6606-5-C1-PPWP-X1.jpg,https://pemilu2019.kpu.go.id/img/c/900/014/900014659/2-6606-5-C1-PPWP-X2.jpg
1659165926606900014660,ACEH,KOTA LANGSA,LANGSA TIMUR,SUNGAI LUENG,TPS 6,2019-10-25 05:00:03,2,76,72,82,82,78,4,https://pemilu2019.kpu.go.id/img/c/900/014/900014660/2-6606-6-C1-PPWP-X1.jpg,https://pemilu2019.kpu.go.id/img/c/900/014/900014660/2-6606-6-C1-PPWP-X2.jpg
1659165926606900014661,ACEH,KOTA LANGSA,LANGSA TIMUR,SUNGAI LUENG,TPS 7,2019-10-25 05:00:03,4,170,280,180,180,174,6,https://pemilu2019.kpu.go.id/img/c/900/014/900014661/1-6606-7-C1-PPWP-X1.jpg,https://pemilu2019.kpu.go.id/img/c/900/014/900014661/1-6606-7-C1-PPWP-X2.jpg
1651865376552900014437,ACEH,KOTA LHOKSEUMAWE,BANDA SAKTI,BANDA MASEN,TPS 1,2019-10-25 05:00:03,10,201,257,221,221,211,10,https://pemilu2019.kpu.go.id/img/c/900/014/900014437/4-6552-1-C1-PPWP-X1.jpg,https://pemilu2019.kpu.go.id/img/c/900/014/900014437/4-6552-1-C1-PPWP-X2.jpg
1651865376552900014438,ACEH,KOTA LHOKSEUMAWE,BANDA SAKTI,BANDA MASEN,TPS 2,2019-10-25 05:00:03,15,202,296,229,229,217,12,https://pemilu2019.kpu.go.id/img/c/900/014/900014438/6552-2-C-XXX-X5.jpg,https://pemilu2019.kpu.go.id/img/c/900/014/900014438/6552-2-C-XXX-X6.jpg
1651865376552900014439,ACEH,KOTA LHOKSEUMAWE,BANDA SAKTI,BANDA MASEN,TPS 3,2019-10-25 05:00:03,16,222,302,250,250,238,12,https://pemilu2019.kpu.go.id/img/c/900/014/900014439/6552-3-C-XXX-X5.jpg,https://pemilu2019.kpu.go.id/img/c/900/014/900014439/6552-3-C-XXX-X6.jpg
1651865376552900014440,ACEH,KOTA LHOKSEUMAWE,BANDA SAKTI,BANDA MASEN,TPS 4,2019-10-25 05:00:03,11,222,299,244,244,233,11,https://pemilu2019.kpu.go.id/img/c/900/014/900014440/6552-4-C1-PPWP-X1.jpg,https://pemilu2019.kpu.go.id/img/c/900/014/900014440/6552-4-C1-PPWP-X2.jpg
1651865376552900014441,ACEH,KOTA LHOKSEUMAWE,BANDA SAKTI,BANDA MASEN,TPS 5,2019-10-25 05:00:03,20,194,270,221,221,214,7,https://pemilu2019.kpu.go.id/img/c/900/014/900014441/6552-5-C-XXX-X5.jpg,https://pemilu2019.kpu.go.id/img/c/900/014/900014441/6552-5-C-XXX-X6.jpg
1651865376552900014442,ACEH,KOTA LHOKSEUMAWE,BANDA SAKTI,BANDA MASEN,TPS 6,2019-10-25 05:00:03,9,201,286,219,219,210,9,https://pemilu2019.kpu.go.id/img/c/900/014/900014442/2-6552-6-C1-PPWP-X1.jpg,https://pemilu2019.kpu.go.id/img/c/900/014/900014442/2-6552-6-C1-PPWP-X2.jpg
1651865376552900014443,ACEH,KOTA LHOKSEUMAWE,BANDA SAKTI,BANDA MASEN,TPS 7,2019-10-25 05:00:03,19,192,280,218,218,211,7,https://pemilu2019.kpu.go.id/img/c/900/014/900014443/6552-7-C-XXX-X5.jpg,https://pemilu2019.kpu.go.id/img/c/900/014/900014443/6552-7-C-XXX-X6.jpg
1651865376552900014444,ACEH,KOTA LHOKSEUMAWE,BANDA SAKTI,BANDA MASEN,TPS 8,2019-10-25 05:00:03,21,185,290,208,208,206,2,https://pemilu2019.kpu.go.id/img/c/900/014/900014444/4-6552-8-C1-PPWP-X1.jpg,https://pemilu2019.kpu.go.id/img/c/900/014/900014444/4-6552-8-C1-PPWP-X2.jpg
1651865376555900014457,ACEH,KOTA LHOKSEUMAWE,BANDA SAKTI,HAGU BARAT LAUT,TPS 01,2019-10-25 05:00:03,13,191,274,206,206,204,2,https://pemilu2019.kpu.go.id/img/c/900/014/900014457/6555-01-C1-PPWP-X1.jpg,https://pemilu2019.kpu.go.id/img/c/900/014/900014457/6555-01-C1-PPWP-X2.jpg
1651865376555900014458,ACEH,KOTA LHOKSEUMAWE,BANDA SAKTI,HAGU BARAT LAUT,TPS 02,2019-10-25 05:00:03,26,193,279,230,230,219,11,https://pemilu2019.kpu.go.id/img/c/900/014/900014458/6555-02-C1-PPWP-X1.jpg,https://pemilu2019.kpu.go.id/img/c/900/014/900014458/6555-02-C1-PPWP-X2.jpg
1651865376555900014459,ACEH,KOTA LHOKSEUMAWE,BANDA SAKTI,HAGU BARAT LAUT,TPS 03,2019-10-25 05:00:03,18,191,277,213,213,209,4,https://pemilu2019.kpu.go.id/img/c/900/014/900014459/6555-03-C1-PPWP-X1.jpg,https://pemilu2019.kpu.go.id/img/c/900/014/900014459/6555-03-C1-PPWP-X2.jpg
1651865376555900014460,ACEH,KOTA LHOKSEUMAWE,BANDA SAKTI,HAGU BARAT LAUT,TPS 04,2019-10-25 05:00:03,12,179,292,192,192,191,1,https://pemilu2019.kpu.go.id/img/c/900/014/900014460/6555-04-C1-PPWP-X1.jpg,https://pemilu2019.kpu.go.id/img/c/900/014/900014460/6555-04-C1-PPWP-X2.jpg
1651865376555900014461,ACEH,KOTA LHOKSEUMAWE,BANDA SAKTI,HAGU BARAT LAUT,TPS 05,2019-10-25 05:00:03,9,206,291,218,218,215,3,https://pemilu2019.kpu.go.id/img/c/900/014/900014461/6555-05-C1-PPWP-X1.jpg,https://pemilu2019.kpu.go.id/img/c/900/014/900014461/6555-05-C1-PPWP-X2.jpg
1651865376555900014462,ACEH,KOTA LHOKSEUMAWE,BANDA SAKTI,HAGU BARAT LAUT,TPS 06,2019-10-25 05:00:03,16,205,279,229,229,221,8,https://pemilu2019.kpu.go.id/img/c/900/014/900014462/6555-06-C1-PPWP-X1.jpg,https://pemilu2019.kpu.go.id/img/c/900/014/900014462/6555-06-C1-PPWP-X2.jpg
1651865376555900014463,ACEH,KOTA LHOKSEUMAWE,BANDA SAKTI,HAGU BARAT LAUT,TPS 07,2019-10-25 05:00:03,16,177,286,197,197,193,4,https://pemilu2019.kpu.go.id/img/c/900/014/900014463/6555-07-C1-PPWP-X1.jpg,https://pemilu2019.kpu.go.id/img/c/900/014/900014463/6555-07-C1-PPWP-X2.jpg
1651865376555900014464,ACEH,KOTA LHOKSEUMAWE,BANDA SAKTI,HAGU BARAT LAUT,TPS 08,2019-10-25 05:00:03,10,191,286,203,203,201,2,https://pemilu2019.kpu.go.id/img/c/900/014/900014464/6555-08-C-XXX-X5.jpg,https://pemilu2019.kpu.go.id/img/c/900/014/900014464/6555-08-C-XXX-X6.jpg
1651865376555900014465,ACEH,KOTA LHOKSEUMAWE,BANDA SAKTI,HAGU BARAT LAUT,TPS 09,2019-10-25 05:00:03,14,195,294,212,212,209,3,https://pemilu2019.kpu.go.id/img/c/900/014/900014465/6555-09-C-XXX-X5.jpg,https://pemilu2019.kpu.go.id/img/c/900/014/900014465/6555-09-C-XXX-X6.jpg
1651865376555900014466,ACEH,KOTA LHOKSEUMAWE,BANDA SAKTI,HAGU BARAT LAUT,TPS 10,2019-10-25 05:00:03,7,166,296,178,178,173,5,https://pemilu2019.kpu.go.id/img/c/900/014/900014466/6555-10-C1-PPWP-X1.jpg,https://pemilu2019.kpu.go.id/img/c/900/014/900014466/6555-10-C1-PPWP-X2.jpg
1651865376549900014408,ACEH,KOTA LHOKSEUMAWE,BANDA SAKTI,HAGU SELATAN,TPS 01,2019-10-25 05:00:03,32,203,327,237,237,235,2,https://pemilu2019.kpu.go.id/img/c/900/014/900014408/6549-01-C-XXX-X5.jpg,https://pemilu2019.kpu.go.id/img/c/900/014/900014408/6549-01-C-XXX-X6.jpg
1651865376549900014409,ACEH,KOTA LHOKSEUMAWE,BANDA SAKTI,HAGU SELATAN,TPS 02,2019-10-25 05:00:03,29,187,312,223,223,216,7,https://pemilu2019.kpu.go.id/img/c/900/014/900014409/6549-02-C-XXX-X5.jpg,https://pemilu2019.kpu.go.id/img/c/900/014/900014409/6549-02-C-XXX-X6.jpg
1651865376549900014410,ACEH,KOTA LHOKSEUMAWE,BANDA SAKTI,HAGU SELATAN,TPS 03,2019-10-25 05:00:03,22,190,300,216,216,212,4,https://pemilu2019.kpu.go.id/img/c/900/014/900014410/6549-03-C-XXX-X5.jpg,https://pemilu2019.kpu.go.id/img/c/900/014/900014410/6549-03-C-XXX-X6.jpg
1651865376549900014411,ACEH,KOTA LHOKSEUMAWE,BANDA SAKTI,HAGU SELATAN,TPS 04,2019-10-25 05:00:03,30,160,297,196,196,190,6,https://pemilu2019.kpu.go.id/img/c/900/014/900014411/6549-04-C-XXX-X5.jpg,https://pemilu2019.kpu.go.id/img/c/900/014/900014411/6549-04-C-XXX-X6.jpg
1651865376549900014412,ACEH,KOTA LHOKSEUMAWE,BANDA SAKTI,HAGU SELATAN,TPS 05,2019-10-25 05:00:03,13,175,303,191,191,188,3,https://pemilu2019.kpu.go.id/img/c/900/014/900014412/6549-05-C-XXX-X5.jpg,https://pemilu2019.kpu.go.id/img/c/900/014/900014412/6549-05-C-XXX-X6.jpg
1651865376549900014413,ACEH,KOTA LHOKSEUMAWE,BANDA SAKTI,HAGU SELATAN,TPS 06,2019-10-25 05:00:03,13,177,308,193,193,190,3,https://pemilu2019.kpu.go.id/img/c/900/014/900014413/6549-06-C-XXX-X5.jpg,https://pemilu2019.kpu.go.id/img/c/900/014/900014413/6549-06-C-XXX-X6.jpg
1651865376549900014414,ACEH,KOTA LHOKSEUMAWE,BANDA SAKTI,HAGU SELATAN,TPS 07,2019-10-25 05:00:03,7,161,295,169,169,168,1,https://pemilu2019.kpu.go.id/img/c/900/014/900014414/6549-07-C1-PPWP-X1.jpg,https://pemilu2019.kpu.go.id/img/c/900/014/900014414/6549-07-C1-PPWP-X2.jpg
1651865376549900014415,ACEH,KOTA LHOKSEUMAWE,BANDA SAKTI,HAGU SELATAN,TPS 08,2019-10-25 05:00:03,16,174,308,196,196,190,6,https://pemilu2019.kpu.go.id/img/c/900/014/900014415/6549-08-C-XXX-X5.jpg,https://pemilu2019.kpu.go.id/img/c/900/014/900014415/6549-08-C-XXX-X6.jpg
1651865376549900014416,ACEH,KOTA LHOKSEUMAWE,BANDA SAKTI,HAGU SELATAN,TPS 09,2019-10-25 05:00:03,15,157,296,174,174,172,2,https://pemilu2019.kpu.go.id/img/c/900/014/900014416/6549-09-C-XXX-X5.jpg,https://pemilu2019.kpu.go.id/img/c/900/014/900014416/6549-09-C-XXX-X6.jpg
1651865376549900014417,ACEH,KOTA LHOKSEUMAWE,BANDA SAKTI,HAGU SELATAN,TPS 10,2019-10-25 05:00:03,16,196,324,213,213,212,1,https://pemilu2019.kpu.go.id/img/c/900/014/900014417/6549-10-C-XXX-X5.jpg,https://pemilu2019.kpu.go.id/img/c/900/014/900014417/6549-10-C-XXX-X6.jpg
1651865376549900014418,ACEH,KOTA LHOKSEUMAWE,BANDA SAKTI,HAGU SELATAN,TPS 11,2019-10-25 05:00:03,14,186,320,203,203,200,3,https://pemilu2019.kpu.go.id/img/c/900/014/900014418/6549-11-C-XXX-X5.jpg,https://pemilu2019.kpu.go.id/img/c/900/014/900014418/6549-11-C-XXX-X6.jpg
1651865376549900014419,ACEH,KOTA LHOKSEUMAWE,BANDA SAKTI,HAGU SELATAN,TPS 12,2019-10-25 05:00:03,15,217,322,234,234,232,2,https://pemilu2019.kpu.go.id/img/c/900/014/900014419/6549-12-C-XXX-X5.jpg,https://pemilu2019.kpu.go.id/img/c/900/014/900014419/6549-12-C-XXX-X6.jpg
1651865376546900014372,ACEH,KOTA LHOKSEUMAWE,BANDA SAKTI,HAGU TEUNGOH,TPS 01,2019-10-25 05:00:03,22,165,299,189,189,187,2,https://pemilu2019.kpu.go.id/img/c/900/014/900014372/2-6546-01-C-XXX-X5.jpg,https://pemilu2019.kpu.go.id/img/c/900/014/900014372/2-6546-01-C-XXX-X6.jpg
1651865376546900014373,ACEH,KOTA LHOKSEUMAWE,BANDA SAKTI,HAGU TEUNGOH,TPS 02,2019-10-25 05:00:03,13,192,300,207,207,205,2,https://pemilu2019.kpu.go.id/img/c/900/014/900014373/6546-02-C1-PPWP-X1.jpg,https://pemilu2019.kpu.go.id/img/c/900/014/900014373/6546-02-C1-PPWP-X2.jpg
1651865376546900014374,ACEH,KOTA LHOKSEUMAWE,BANDA SAKTI,HAGU TEUNGOH,TPS 03,2019-10-25 05:00:03,9,202,295,217,217,211,6,https://pemilu2019.kpu.go.id/img/c/900/014/900014374/6546-03-C1-PPWP-X1.jpg,https://pemilu2019.kpu.go.id/img/c/900/014/900014374/6546-03-C1-PPWP-X2.jpg
1651865376546900014375,ACEH,KOTA LHOKSEUMAWE,BANDA SAKTI,HAGU TEUNGOH,TPS 04,2019-10-25 05:00:03,14,166,290,183,183,180,3,https://pemilu2019.kpu.go.id/img/c/900/014/900014375/6546-04-C-XXX-X5.jpg,https://pemilu2019.kpu.go.id/img/c/900/014/900014375/6546-04-C-XXX-X6.jpg
1651865376546900014376,ACEH,KOTA LHOKSEUMAWE,BANDA SAKTI,HAGU TEUNGOH,TPS 05,2019-10-25 05:00:03,8,197,293,213,213,205,8,https://pemilu2019.kpu.go.id/img/c/900/014/900014376/1-6546-05-C1-PPWP-X1.jpg,https://pemilu2019.kpu.go.id/img/c/900/014/900014376/1-6546-05-C1-PPWP-X2.jpg
1651865376546900014377,ACEH,KOTA LHOKSEUMAWE,BANDA SAKTI,HAGU TEUNGOH,TPS 06,2019-10-25 05:00:03,15,201,310,218,218,216,2,https://pemilu2019.kpu.go.id/img/c/900/014/900014377/6546-06-C1-PPWP-X1.jpg,https://pemilu2019.kpu.go.id/img/c/900/014/900014377/6546-06-C1-PPWP-X2.jpg
1651865376546900014378,ACEH,KOTA LHOKSEUMAWE,BANDA SAKTI,HAGU TEUNGOH,TPS 07,2019-10-25 05:00:03,20,206,314,228,228,226,2,https://pemilu2019.kpu.go.id/img/c/900/014/900014378/6546-07-C1-PPWP-X1.jpg,https://pemilu2019.kpu.go.id/img/c/900/014/900014378/6546-07-C1-PPWP-X2.jpg
1651865376546900014379,ACEH,KOTA LHOKSEUMAWE,BANDA SAKTI,HAGU TEUNGOH,TPS 08,2019-10-25 05:00:03,6,191,300,201,201,197,4,https://pemilu2019.kpu.go.id/img/c/900/014/900014379/1-6546-08-C-XXX-X5.jpg,https://pemilu2019.kpu.go.id/img/c/900/014/900014379/1-6546-08-C-XXX-X6.jpg
1651865376546900014380,ACEH,KOTA LHOKSEUMAWE,BANDA SAKTI,HAGU TEUNGOH,TPS 09,2019-10-25 05:00:03,5,173,302,182,182,178,4,https://pemilu2019.kpu.go.id/img/c/900/014/900014380/6546-09-C1-PPWP-X1.jpg,https://pemilu2019.kpu.go.id/img/c/900/014/900014380/6546-09-C1-PPWP-X2.jpg
1651865376546900014381,ACEH,KOTA LHOKSEUMAWE,BANDA SAKTI,HAGU TEUNGOH,TPS 10,2019-10-25 05:00:03,8,230,307,242,242,238,4,https://pemilu2019.kpu.go.id/img/c/900/014/900014381/1-6546-10-C1-PPWP-X1.jpg,https://pemilu2019.kpu.go.id/img/c/900/014/900014381/1-6546-10-C1-PPWP-X2.jpg
1651865376546900014382,ACEH,KOTA LHOKSEUMAWE,BANDA SAKTI,HAGU TEUNGOH,TPS 11,2019-10-25 05:00:03,19,202,305,223,223,221,2,https://pemilu2019.kpu.go.id/img/c/900/014/900014382/6546-11-C1-PPWP-X1.jpg,https://pemilu2019.kpu.go.id/img/c/900/014/900014382/6546-11-C1-PPWP-X2.jpg
1651865376546900014383,ACEH,KOTA LHOKSEUMAWE,BANDA SAKTI,HAGU TEUNGOH,TPS 12,2019-10-25 05:00:03,20,222,319,248,248,242,6,https://pemilu2019.kpu.go.id/img/c/900/014/900014383/6546-12-C1-PPWP-X1.jpg,https://pemilu2019.kpu.go.id/img/c/900/014/900014383/6546-12-C1-PPWP-X2.jpg
1651865376541900014311,ACEH,KOTA LHOKSEUMAWE,BANDA SAKTI,KAMPUNG JAWA,TPS 01,2019-10-25 05:00:03,20,172,318,199,199,192,7,https://pemilu2019.kpu.go.id/img/c/900/014/900014311/1-6541-01-C1-PPWP-X1.jpg,https://pemilu2019.kpu.go.id/img/c/900/014/900014311/1-6541-01-C1-PPWP-X2.jpg
1651865376541900014312,ACEH,KOTA LHOKSEUMAWE,BANDA SAKTI,KAMPUNG JAWA,TPS 02,2019-10-25 05:00:03,30,183,287,214,214,213,1,https://pemilu2019.kpu.go.id/img/c/900/014/900014312/3-6541-02-C1-PPWP-X1.jpg,https://pemilu2019.kpu.go.id/img/c/900/014/900014312/3-6541-02-C1-PPWP-X2.jpg
1651865376541900014313,ACEH,KOTA LHOKSEUMAWE,BANDA SAKTI,KAMPUNG JAWA,TPS 03,2019-10-25 05:00:03,11,196,294,209,209,207,2,https://pemilu2019.kpu.go.id/img/c/900/014/900014313/1-6541-03-C1-PPWP-X1.jpg,https://pemilu2019.kpu.go.id/img/c/900/014/900014313/1-6541-03-C1-PPWP-X2.jpg
1651865376541900014314,ACEH,KOTA LHOKSEUMAWE,BANDA SAKTI,KAMPUNG JAWA,TPS 04,2019-10-25 05:00:03,18,194,318,227,227,212,15,https://pemilu2019.kpu.go.id/img/c/900/014/900014314/1-6541-04-C1-PPWP-X1.jpg,https://pemilu2019.kpu.go.id/img/c/900/014/900014314/1-6541-04-C1-PPWP-02.jpg
1651865376541900014315,ACEH,KOTA LHOKSEUMAWE,BANDA SAKTI,KAMPUNG JAWA,TPS 05,2019-10-25 05:00:03,28,206,308,236,234,234,0,https://pemilu2019.kpu.go.id/img/c/900/014/900014315/1-6541-05-C1-PPWP-X1.jpg,https://pemilu2019.kpu.go.id/img/c/900/014/900014315/1-6541-05-C1-PPWP-X2.jpg
1651865376541900014316,ACEH,KOTA LHOKSEUMAWE,BANDA SAKTI,KAMPUNG JAWA,TPS 06,2019-10-25 05:00:03,14,160,309,176,176,174,2,https://pemilu2019.kpu.go.id/img/c/900/014/900014316/1-6541-06-C1-PPWP-X1.jpg,https://pemilu2019.kpu.go.id/img/c/900/014/900014316/1-6541-06-C1-PPWP-X2.jpg
1651865376541900014317,ACEH,KOTA LHOKSEUMAWE,BANDA SAKTI,KAMPUNG JAWA,TPS 07,2019-10-25 05:00:03,23,171,301,195,195,194,1,https://pemilu2019.kpu.go.id/img/c/900/014/900014317/1-6541-07-C1-PPWP-X1.jpg,https://pemilu2019.kpu.go.id/img/c/900/014/900014317/1-6541-07-C1-PPWP-X2.jpg
1651865376541900014318,ACEH,KOTA LHOKSEUMAWE,BANDA SAKTI,KAMPUNG JAWA,TPS 08,2019-10-25 05:00:03,16,207,326,177,224,223,1,https://pemilu2019.kpu.go.id/img/c/900/014/900014318/1-6541-08-C1-PPWP-01.jpg,https://pemilu2019.kpu.go.id/img/c/900/014/900014318/1-6541-08-C1-PPWP-02.jpg
1651865376541900014319,ACEH,KOTA LHOKSEUMAWE,BANDA SAKTI,KAMPUNG JAWA,TPS 09,2019-10-25 05:00:03,22,198,321,222,222,220,2,https://pemilu2019.kpu.go.id/img/c/900/014/900014319/3-6541-09-C1-PPWP-X1.jpg,https://pemilu2019.kpu.go.id/img/c/900/014/900014319/3-6541-09-C1-PPWP-X2.jpg
1651865376541900014320,ACEH,KOTA LHOKSEUMAWE,BANDA SAKTI,KAMPUNG JAWA,TPS 10,2019-10-25 05:00:03,26,191,291,217,217,217,0,https://pemilu2019.kpu.go.id/img/c/900/014/900014320/1-6541-10-C1-PPWP-X1.jpg,https://pemilu2019.kpu.go.id/img/c/900/014/900014320/1-6541-10-C1-PPWP-X2.jpg
1651865376541900014321,ACEH,KOTA LHOKSEUMAWE,BANDA SAKTI,KAMPUNG JAWA,TPS 11,2019-10-25 05:00:03,32,146,296,179,179,178,1,https://pemilu2019.kpu.go.id/img/c/900/014/900014321/2-6541-11-C1-PPWP-X1.jpg,https://pemilu2019.kpu.go.id/img/c/900/014/900014321/2-6541-11-C1-PPWP-X2.jpg
1651865376541900014322,ACEH,KOTA LHOKSEUMAWE,BANDA SAKTI,KAMPUNG JAWA,TPS 12,2019-10-25 05:00:03,16,213,294,234,234,229,5,https://pemilu2019.kpu.go.id/img/c/900/014/900014322/1-6541-12-C1-PPWP-X1.jpg,https://pemilu2019.kpu.go.id/img/c/900/014/900014322/1-6541-12-C1-PPWP-X2.jpg
1651865376541900014323,ACEH,KOTA LHOKSEUMAWE,BANDA SAKTI,KAMPUNG JAWA,TPS 13,2019-10-25 05:00:03,21,194,303,216,216,215,1,https://pemilu2019.kpu.go.id/img/c/900/014/900014323/1-6541-13-C1-PPWP-X1.jpg,https://pemilu2019.kpu.go.id/img/c/900/014/900014323/1-6541-13-C1-PPWP-X2.jpg
1651865376541900014324,ACEH,KOTA LHOKSEUMAWE,BANDA SAKTI,KAMPUNG JAWA,TPS 14,2019-10-25 05:00:03,18,164,326,218,185,182,3,https://pemilu2019.kpu.go.id/img/c/900/014/900014324/1-6541-14-C1-PPWP-X1.jpg,https://pemilu2019.kpu.go.id/img/c/900/014/900014324/1-6541-14-C1-PPWP-X2.jpg
1651865376541900014325,ACEH,KOTA LHOKSEUMAWE,BANDA SAKTI,KAMPUNG JAWA,TPS 15,2019-10-25 05:00:03,21,197,300,219,219,218,1,https://pemilu2019.kpu.go.id/img/c/900/014/900014325/2-6541-15-C1-PPWP-X1.jpg,https://pemilu2019.kpu.go.id/img/c/900/014/900014325/2-6541-15-C1-PPWP-X2.jpg
1651865376541900014326,ACEH,KOTA LHOKSEUMAWE,BANDA SAKTI,KAMPUNG JAWA,TPS 16,2019-10-25 05:00:03,21,172,323,196,196,193,3,https://pemilu2019.kpu.go.id/img/c/900/014/900014326/3-6541-16-C1-PPWP-X1.jpg,https://pemilu2019.kpu.go.id/img/c/900/014/900014326/3-6541-16-C1-PPWP-X2.jpg
1651865376541900014327,ACEH,KOTA LHOKSEUMAWE,BANDA SAKTI,KAMPUNG JAWA,TPS 17,2019-10-25 05:00:03,59,210,297,279,279,269,10,https://pemilu2019.kpu.go.id/img/c/900/014/900014327/1-6541-17-C1-PPWP-X1.jpg,https://pemilu2019.kpu.go.id/img/c/900/014/900014327/1-6541-17-C1-PPWP-X2.jpg
1651865376541900014328,ACEH,KOTA LHOKSEUMAWE,BANDA SAKTI,KAMPUNG JAWA,TPS 18,2019-10-25 05:00:03,3,141,171,161,161,144,17,https://pemilu2019.kpu.go.id/img/c/900/014/900014328/1-6541-18-C1-PPWP-X1.jpg,https://pemilu2019.kpu.go.id/img/c/900/014/900014328/1-6541-18-C1-PPWP-X2.jpg
1651865376541900014329,ACEH,KOTA LHOKSEUMAWE,BANDA SAKTI,KAMPUNG JAWA,TPS 19,2019-10-25 05:00:03,5,136,0,151,151,141,10,https://pemilu2019.kpu.go.id/img/c/900/014/900014329/1-6541-19-C1-PPWP-X1.jpg,https://pemilu2019.kpu.go.id/img/c/900/014/900014329/1-6541-19-C1-PPWP-02.jpg
1651865376541900014330,ACEH,KOTA LHOKSEUMAWE,BANDA SAKTI,KAMPUNG JAWA,TPS 20,2019-10-25 05:00:03,7,142,155,155,169,155,6,https://pemilu2019.kpu.go.id/img/c/900/014/900014330/1-6541-20-C1-PPWP-X1.jpg,https://pemilu2019.kpu.go.id/img/c/900/014/900014330/1-6541-20-C1-PPWP-X2.jpg
1651865376554900014450,ACEH,KOTA LHOKSEUMAWE,BANDA SAKTI,KAMPUNG JAWA BARU,TPS 1,2019-10-25 05:00:03,15,219,270,234,234,234,0,https://pemilu2019.kpu.go.id/img/c/900/014/900014450/6554-1-C1-PPWP-X1.jpg,https://pemilu2019.kpu.go.id/img/c/900/014/900014450/6554-1-C1-PPWP-X2.jpg
1651865376554900014451,ACEH,KOTA LHOKSEUMAWE,BANDA SAKTI,KAMPUNG JAWA BARU,TPS 2,2019-10-25 05:00:03,14,204,270,220,220,218,2,https://pemilu2019.kpu.go.id/img/c/900/014/900014451/6554-2-C1-PPWP-X1.jpg,https://pemilu2019.kpu.go.id/img/c/900/014/900014451/6554-2-C1-PPWP-X2.jpg
1651865376554900014452,ACEH,KOTA LHOKSEUMAWE,BANDA SAKTI,KAMPUNG JAWA BARU,TPS 3,2019-10-25 05:00:03,21,197,267,223,223,5,218,https://pemilu2019.kpu.go.id/img/c/900/014/900014452/6554-3-C1-PPWP-X1.jpg,https://pemilu2019.kpu.go.id/img/c/900/014/900014452/6554-3-C1-PPWP-X2.jpg
1651865376554900014453,ACEH,KOTA LHOKSEUMAWE,BANDA SAKTI,KAMPUNG JAWA BARU,TPS 4,2019-10-25 05:00:03,27,211,270,239,239,238,1,https://pemilu2019.kpu.go.id/img/c/900/014/900014453/6554-4-C1-PPWP-X1.jpg,https://pemilu2019.kpu.go.id/img/c/900/014/900014453/6554-4-C1-PPWP-X2.jpg
1651865376554900014454,ACEH,KOTA LHOKSEUMAWE,BANDA SAKTI,KAMPUNG JAWA BARU,TPS 5,2019-10-25 05:00:03,23,197,269,227,227,220,7,https://pemilu2019.kpu.go.id/img/c/900/014/900014454/6554-5-C1-PPWP-X1.jpg,https://pemilu2019.kpu.go.id/img/c/900/014/900014454/6554-5-C1-PPWP-X2.jpg
1651865376554900014455,ACEH,KOTA LHOKSEUMAWE,BANDA SAKTI,KAMPUNG JAWA BARU,TPS 6,2019-10-25 05:00:03,17,216,271,237,237,233,4,https://pemilu2019.kpu.go.id/img/c/900/014/900014455/6554-6-C1-PPWP-X1.jpg,https://pemilu2019.kpu.go.id/img/c/900/014/900014455/6554-6-C1-PPWP-X2.jpg
1651865376554900014456,ACEH,KOTA LHOKSEUMAWE,BANDA SAKTI,KAMPUNG JAWA BARU,TPS 7,2019-10-25 05:00:03,27,174,277,202,202,201,1,https://pemilu2019.kpu.go.id/img/c/900/014/900014456/6554-7-C1-PPWP-X1.jpg,https://pemilu2019.kpu.go.id/img/c/900/014/900014456/6554-7-C1-PPWP-X2.jpg
1651865376544900014353,ACEH,KOTA LHOKSEUMAWE,BANDA SAKTI,KEUDE ACEH,TPS 1,2019-10-25 05:00:03,26,219,310,254,254,245,9,https://pemilu2019.kpu.go.id/img/c/900/014/900014353/1-6544-1-C-XXX-X5.jpg,https://pemilu2019.kpu.go.id/img/c/900/014/900014353/1-6544-1-C-XXX-X6.jpg
1651865376544900014354,ACEH,KOTA LHOKSEUMAWE,BANDA SAKTI,KEUDE ACEH,TPS 2,2019-10-25 05:00:03,20,205,312,229,229,225,4,https://pemilu2019.kpu.go.id/img/c/900/014/900014354/2-6544-2-C1-PPWP-X1.jpg,https://pemilu2019.kpu.go.id/img/c/900/014/900014354/2-6544-2-C1-PPWP-X2.jpg
1651865376544900014355,ACEH,KOTA LHOKSEUMAWE,BANDA SAKTI,KEUDE ACEH,TPS 3,2019-10-25 05:00:03,18,199,298,221,286,217,4,https://pemilu2019.kpu.go.id/img/c/900/014/900014355/1-6544-3-C-XXX-X5.jpg,https://pemilu2019.kpu.go.id/img/c/900/014/900014355/1-6544-3-C-XXX-X6.jpg
1651865376544900014356,ACEH,KOTA LHOKSEUMAWE,BANDA SAKTI,KEUDE ACEH,TPS 4,2019-10-25 05:00:03,19,209,308,230,230,228,2,https://pemilu2019.kpu.go.id/img/c/900/014/900014356/1-6544-4-C-XXX-X5.jpg,https://pemilu2019.kpu.go.id/img/c/900/014/900014356/1-6544-4-C-XXX-X6.jpg
1651865376544900014357,ACEH,KOTA LHOKSEUMAWE,BANDA SAKTI,KEUDE ACEH,TPS 5,2019-10-25 05:00:03,29,188,308,217,217,217,0,https://pemilu2019.kpu.go.id/img/c/900/014/900014357/1-6544-5-C-XXX-X5.jpg,https://pemilu2019.kpu.go.id/img/c/900/014/900014357/1-6544-5-C-XXX-X6.jpg
1651865376544900014358,ACEH,KOTA LHOKSEUMAWE,BANDA SAKTI,KEUDE ACEH,TPS 6,2019-10-25 05:00:03,29,192,311,224,224,221,3,https://pemilu2019.kpu.go.id/img/c/900/014/900014358/1-6544-6-C-XXX-X5.jpg,https://pemilu2019.kpu.go.id/img/c/900/014/900014358/1-6544-6-C-XXX-X6.jpg
1651865376542900014331,ACEH,KOTA LHOKSEUMAWE,BANDA SAKTI,KOTA LHOKSEUMAWE,TPS 1,2019-10-25 05:00:03,15,114,300,129,129,129,0,https://pemilu2019.kpu.go.id/img/c/900/014/900014331/1-6542-1-C1-PPWP-X1.jpg,https://pemilu2019.kpu.go.id/img/c/900/014/900014331/1-6542-1-C1-PPWP-X2.jpg
1651865376542900014332,ACEH,KOTA LHOKSEUMAWE,BANDA SAKTI,KOTA LHOKSEUMAWE,TPS 2,2019-10-25 05:00:03,42,105,280,147,147,147,0,https://pemilu2019.kpu.go.id/img/c/900/014/900014332/6542-2-C1-PPWP-X1.jpg,https://pemilu2019.kpu.go.id/img/c/900/014/900014332/6542-2-C1-PPWP-X2.jpg
1651865376542900014333,ACEH,KOTA LHOKSEUMAWE,BANDA SAKTI,KOTA LHOKSEUMAWE,TPS 3,2019-10-25 05:00:03,10,115,263,129,129,127,2,https://pemilu2019.kpu.go.id/img/c/900/014/900014333/6542-3-C1-PPWP-X1.jpg,https://pemilu2019.kpu.go.id/img/c/900/014/900014333/6542-3-C1-PPWP-X2.jpg
1651865376542900014334,ACEH,KOTA LHOKSEUMAWE,BANDA SAKTI,KOTA LHOKSEUMAWE,TPS 4,2019-10-25 05:00:03,84,46,267,131,131,130,1,https://pemilu2019.kpu.go.id/img/c/900/014/900014334/1-6542-4-C1-PPWP-X1.jpg,https://pemilu2019.kpu.go.id/img/c/900/014/900014334/1-6542-4-C1-PPWP-X2.jpg
1651865376542900014335,ACEH,KOTA LHOKSEUMAWE,BANDA SAKTI,KOTA LHOKSEUMAWE,TPS 5,2019-10-25 05:00:03,31,151,268,184,184,182,2,https://pemilu2019.kpu.go.id/img/c/900/014/900014335/3-6542-5-C1-PPWP-X1.jpg,https://pemilu2019.kpu.go.id/img/c/900/014/900014335/3-6542-5-C1-PPWP-02.jpg
1651865376542900014336,ACEH,KOTA LHOKSEUMAWE,BANDA SAKTI,KOTA LHOKSEUMAWE,TPS 6,2019-10-25 05:00:03,70,74,255,145,145,70,74,https://pemilu2019.kpu.go.id/img/c/900/014/900014336/1-6542-6-C1-PPWP-X1.jpg,https://pemilu2019.kpu.go.id/img/c/900/014/900014336/1-6542-6-C1-PPWP-X2.jpg
1651865376542900014337,ACEH,KOTA LHOKSEUMAWE,BANDA SAKTI,KOTA LHOKSEUMAWE,TPS 7,2019-10-25 05:00:03,54,109,296,167,167,163,4,https://pemilu2019.kpu.go.id/img/c/900/014/900014337/2-6542-7-C1-PPWP-X1.jpg,https://pemilu2019.kpu.go.id/img/c/900/014/900014337/2-6542-7-C1-PPWP-X2.jpg
1651865376542900014338,ACEH,KOTA LHOKSEUMAWE,BANDA SAKTI,KOTA LHOKSEUMAWE,TPS 8,2019-10-25 05:00:03,67,70,259,138,138,137,1,https://pemilu2019.kpu.go.id/img/c/900/014/900014338/1-6542-8-C1-PPWP-X1.jpg,https://pemilu2019.kpu.go.id/img/c/900/014/900014338/1-6542-8-C1-PPWP-X2.jpg
1651865376538900014265,ACEH,KOTA LHOKSEUMAWE,BANDA SAKTI,KUTA BLANG,TPS 01,2019-10-25 05:00:03,15,174,291,192,192,189,3,https://pemilu2019.kpu.go.id/img/c/900/014/900014265/6538-01-C-XXX-X5.jpg,https://pemilu2019.kpu.go.id/img/c/900/014/900014265/6538-01-C-XXX-X6.jpg
1651865376538900014266,ACEH,KOTA LHOKSEUMAWE,BANDA SAKTI,KUTA BLANG,TPS 02,2019-10-25 05:00:03,12,186,289,202,202,198,4,https://pemilu2019.kpu.go.id/img/c/900/014/900014266/6538-02-C-XXX-X5.jpg,https://pemilu2019.kpu.go.id/img/c/900/014/900014266/6538-02-C-XXX-X6.jpg
1651865376538900014267,ACEH,KOTA LHOKSEUMAWE,BANDA SAKTI,KUTA BLANG,TPS 03,2019-10-25 05:00:03,13,169,289,184,184,182,2,https://pemilu2019.kpu.go.id/img/c/900/014/900014267/6538-03-C-XXX-X5.jpg,https://pemilu2019.kpu.go.id/img/c/900/014/900014267/6538-03-C-XXX-X6.jpg
1651865376538900014268,ACEH,KOTA LHOKSEUMAWE,BANDA SAKTI,KUTA BLANG,TPS 04,2019-10-25 05:00:03,17,169,289,189,189,186,3,https://pemilu2019.kpu.go.id/img/c/900/014/900014268/6538-04-C-XXX-X5.jpg,https://pemilu2019.kpu.go.id/img/c/900/014/900014268/6538-04-C-XXX-X6.jpg
1651865376538900014269,ACEH,KOTA LHOKSEUMAWE,BANDA SAKTI,KUTA BLANG,TPS 05,2019-10-25 05:00:03,13,179,285,193,193,192,1,https://pemilu2019.kpu.go.id/img/c/900/014/900014269/6538-05-C-XXX-X5.jpg,https://pemilu2019.kpu.go.id/img/c/900/014/900014269/6538-05-C-XXX-X6.jpg
1651865376538900014270,ACEH,KOTA LHOKSEUMAWE,BANDA SAKTI,KUTA BLANG,TPS 06,2019-10-25 05:00:03,14,173,292,190,190,187,3,https://pemilu2019.kpu.go.id/img/c/900/014/900014270/6538-06-C-XXX-X5.jpg,https://pemilu2019.kpu.go.id/img/c/900/014/900014270/6538-06-C-XXX-X6.jpg
1651865376538900014271,ACEH,KOTA LHOKSEUMAWE,BANDA SAKTI,KUTA BLANG,TPS 07,2019-10-25 05:00:03,14,171,299,185,185,185,0,https://pemilu2019.kpu.go.id/img/c/900/014/900014271/6538-07-C-XXX-X5.jpg,https://pemilu2019.kpu.go.id/img/c/900/014/900014271/6538-07-C-XXX-X6.jpg
1651865376538900014272,ACEH,KOTA LHOKSEUMAWE,BANDA SAKTI,KUTA BLANG,TPS 08,2019-10-25 05:00:03,17,169,287,188,188,186,2,https://pemilu2019.kpu.go.id/img/c/900/014/900014272/6538-08-C-XXX-X5.jpg,https://pemilu2019.kpu.go.id/img/c/900/014/900014272/6538-08-C-XXX-X6.jpg
1651865376538900014273,ACEH,KOTA LHOKSEUMAWE,BANDA SAKTI,KUTA BLANG,TPS 09,2019-10-25 05:00:03,16,169,286,191,191,185,6,https://pemilu2019.kpu.go.id/img/c/900/014/900014273/6538-09-C-XXX-X5.jpg,https://pemilu2019.kpu.go.id/img/c/900/014/900014273/6538-09-C-XXX-X6.jpg
1651865376538900014274,ACEH,KOTA LHOKSEUMAWE,BANDA SAKTI,KUTA BLANG,TPS 10,2019-10-25 05:00:03,14,159,293,176,176,173,3,https://pemilu2019.kpu.go.id/img/c/900/014/900014274/6538-10-C-XXX-X5.jpg,https://pemilu2019.kpu.go.id/img/c/900/014/900014274/6538-10-C-XXX-X6.jpg
1651865376538900014275,ACEH,KOTA LHOKSEUMAWE,BANDA SAKTI,KUTA BLANG,TPS 11,2019-10-25 05:00:03,20,160,297,180,180,180,0,https://pemilu2019.kpu.go.id/img/c/900/014/900014275/3-6538-11-C1-PPWP-X1.jpg,https://pemilu2019.kpu.go.id/img/c/900/014/900014275/3-6538-11-C1-PPWP-X2.jpg
1651865376538900014276,ACEH,KOTA LHOKSEUMAWE,BANDA SAKTI,KUTA BLANG,TPS 12,2019-10-25 05:00:03,25,193,293,220,220,218,2,https://pemilu2019.kpu.go.id/img/c/900/014/900014276/6538-12-C-XXX-X5.jpg,https://pemilu2019.kpu.go.id/img/c/900/014/900014276/6538-12-C-XXX-X6.jpg
1651865376538900014277,ACEH,KOTA LHOKSEUMAWE,BANDA SAKTI,KUTA BLANG,TPS 13,2019-10-25 05:00:03,15,188,292,206,206,203,3,https://pemilu2019.kpu.go.id/img/c/900/014/900014277/6538-13-C-XXX-X5.jpg,https://pemilu2019.kpu.go.id/img/c/900/014/900014277/6538-13-C-XXX-X6.jpg
1651865376553900014445,ACEH,KOTA LHOKSEUMAWE,BANDA SAKTI,LANCANG GARAM,TPS 1,2019-10-25 05:00:03,18,148,274,167,167,166,1,https://pemilu2019.kpu.go.id/img/c/900/014/900014445/6553-1-C1-PPWP-X1.jpg,https://pemilu2019.kpu.go.id/img/c/900/014/900014445/6553-1-C1-PPWP-X2.jpg
1651865376553900014446,ACEH,KOTA LHOKSEUMAWE,BANDA SAKTI,LANCANG GARAM,TPS 2,2019-10-25 05:00:03,8,182,265,192,192,190,2,https://pemilu2019.kpu.go.id/img/c/900/014/900014446/6553-2-C1-PPWP-X1.jpg,https://pemilu2019.kpu.go.id/img/c/900/014/900014446/6553-2-C1-PPWP-X2.jpg
1651865376553900014447,ACEH,KOTA LHOKSEUMAWE,BANDA SAKTI,LANCANG GARAM,TPS 3,2019-10-25 05:00:03,13,174,296,187,187,187,0,https://pemilu2019.kpu.go.id/img/c/900/014/900014447/2-6553-3-C1-PPWP-X1.jpg,https://pemilu2019.kpu.go.id/img/c/900/014/900014447/2-6553-3-C1-PPWP-X2.jpg
1651865376553900014448,ACEH,KOTA LHOKSEUMAWE,BANDA SAKTI,LANCANG GARAM,TPS 4,2019-10-25 05:00:03,40,144,257,186,186,184,2,https://pemilu2019.kpu.go.id/img/c/900/014/900014448/6553-4-C1-PPWP-X1.jpg,https://pemilu2019.kpu.go.id/img/c/900/014/900014448/6553-4-C1-PPWP-X2.jpg
1651865376553900014449,ACEH,KOTA LHOKSEUMAWE,BANDA SAKTI,LANCANG GARAM,TPS 5,2019-10-25 05:00:03,21,166,266,189,189,187,2,https://pemilu2019.kpu.go.id/img/c/900/014/900014449/6553-5-C1-PPWP-X1.jpg,https://pemilu2019.kpu.go.id/img/c/900/014/900014449/6553-5-C1-PPWP-X2.jpg
1651865376543900014339,ACEH,KOTA LHOKSEUMAWE,BANDA SAKTI,MON GEUDONG,TPS 01,2019-10-25 05:00:03,11,159,301,172,172,170,2,https://pemilu2019.kpu.go.id/img/c/900/014/900014339/1-6543-01-C1-PPWP-X1.jpg,https://pemilu2019.kpu.go.id/img/c/900/014/900014339/1-6543-01-C1-PPWP-X2.jpg
1651865376543900014340,ACEH,KOTA LHOKSEUMAWE,BANDA SAKTI,MON GEUDONG,TPS 02,2019-10-25 05:00:03,22,176,295,201,201,198,3,https://pemilu2019.kpu.go.id/img/c/900/014/900014340/1-6543-02-C1-PPWP-X1.jpg,https://pemilu2019.kpu.go.id/img/c/900/014/900014340/1-6543-02-C1-PPWP-X2.jpg
1651865376543900014341,ACEH,KOTA LHOKSEUMAWE,BANDA SAKTI,MON GEUDONG,TPS 03,2019-10-25 05:00:03,9,202,295,217,217,211,6,https://pemilu2019.kpu.go.id/img/c/900/014/900014341/1-6543-03-C1-PPWP-X1.jpg,https://pemilu2019.kpu.go.id/img/c/900/014/900014341/1-6543-03-C1-PPWP-X2.jpg
1651865376543900014342,ACEH,KOTA LHOKSEUMAWE,BANDA SAKTI,MON GEUDONG,TPS 04,2019-10-25 05:00:03,10,163,277,178,178,173,5,https://pemilu2019.kpu.go.id/img/c/900/014/900014342/1-6543-04-C1-PPWP-X1.jpg,https://pemilu2019.kpu.go.id/img/c/900/014/900014342/1-6543-04-C1-PPWP-X2.jpg
1651865376543900014343,ACEH,KOTA LHOKSEUMAWE,BANDA SAKTI,MON GEUDONG,TPS 05,2019-10-25 05:00:03,12,194,292,212,212,206,6,https://pemilu2019.kpu.go.id/img/c/900/014/900014343/1-6543-05-C1-PPWP-X1.jpg,https://pemilu2019.kpu.go.id/img/c/900/014/900014343/1-6543-05-C1-PPWP-X2.jpg
1651865376543900014344,ACEH,KOTA LHOKSEUMAWE,BANDA SAKTI,MON GEUDONG,TPS 06,2019-10-25 05:00:03,12,203,285,220,220,215,5,https://pemilu2019.kpu.go.id/img/c/900/014/900014344/1-6543-06-C1-PPWP-X1.jpg,https://pemilu2019.kpu.go.id/img/c/900/014/900014344/1-6543-06-C1-PPWP-X2.jpg
1651865376543900014345,ACEH,KOTA LHOKSEUMAWE,BANDA SAKTI,MON GEUDONG,TPS 07,2019-10-25 05:00:03,23,170,283,195,195,193,2,https://pemilu2019.kpu.go.id/img/c/900/014/900014345/1-6543-07-C1-PPWP-X1.jpg,https://pemilu2019.kpu.go.id/img/c/900/014/900014345/1-6543-07-C1-PPWP-X2.jpg
1651865376543900014346,ACEH,KOTA LHOKSEUMAWE,BANDA SAKTI,MON GEUDONG,TPS 08,2019-10-25 05:00:03,24,184,284,209,209,208,1,https://pemilu2019.kpu.go.id/img/c/900/014/900014346/1-6543-08-C1-PPWP-X1.jpg,https://pemilu2019.kpu.go.id/img/c/900/014/900014346/1-6543-08-C1-PPWP-X2.jpg
1651865376543900014347,ACEH,KOTA LHOKSEUMAWE,BANDA SAKTI,MON GEUDONG,TPS 09,2019-10-25 05:00:03,21,217,284,243,243,238,5,https://pemilu2019.kpu.go.id/img/c/900/014/900014347/1-6543-09-C1-PPWP-X1.jpg,https://pemilu2019.kpu.go.id/img/c/900/014/900014347/1-6543-09-C1-PPWP-X2.jpg
1651865376543900014348,ACEH,KOTA LHOKSEUMAWE,BANDA SAKTI,MON GEUDONG,TPS 10,2019-10-25 05:00:03,16,206,286,225,225,222,3,https://pemilu2019.kpu.go.id/img/c/900/014/900014348/1-6543-10-C1-PPWP-X1.jpg,https://pemilu2019.kpu.go.id/img/c/900/014/900014348/1-6543-10-C1-PPWP-X2.jpg
1651865376543900014349,ACEH,KOTA LHOKSEUMAWE,BANDA SAKTI,MON GEUDONG,TPS 11,2019-10-25 05:00:03,12,209,287,224,224,221,3,https://pemilu2019.kpu.go.id/img/c/900/014/900014349/1-6543-11-C1-PPWP-X1.jpg,https://pemilu2019.kpu.go.id/img/c/900/014/900014349/1-6543-11-C1-PPWP-X2.jpg
1651865376543900014350,ACEH,KOTA LHOKSEUMAWE,BANDA SAKTI,MON GEUDONG,TPS 12,2019-10-25 05:00:03,15,212,281,232,232,227,5,https://pemilu2019.kpu.go.id/img/c/900/014/900014350/2-6543-12-C1-PPWP-X1.jpg,https://pemilu2019.kpu.go.id/img/c/900/014/900014350/2-6543-12-C1-PPWP-X2.jpg
1651865376543900014351,ACEH,KOTA LHOKSEUMAWE,BANDA SAKTI,MON GEUDONG,TPS 13,2019-10-25 05:00:03,10,203,281,213,213,213,0,https://pemilu2019.kpu.go.id/img/c/900/014/900014351/1-6543-13-C1-PPWP-X1.jpg,https://pemilu2019.kpu.go.id/img/c/900/014/900014351/1-6543-13-C1-PPWP-X2.jpg
1651865376543900014352,ACEH,KOTA LHOKSEUMAWE,BANDA SAKTI,MON GEUDONG,TPS 14,2019-10-25 05:00:03,21,192,285,220,220,213,7,https://pemilu2019.kpu.go.id/img/c/900/014/900014352/3-6543-14-C1-PPWP-X1.jpg,https://pemilu2019.kpu.go.id/img/c/900/014/900014352/3-6543-14-C1-PPWP-X2.jpg
1651865376550900014420,ACEH,KOTA LHOKSEUMAWE,BANDA SAKTI,PUSONG BARU,TPS 01,2019-10-25 05:00:03,21,172,278,207,207,193,14,https://pemilu2019.kpu.go.id/img/c/900/014/900014420/2-6550-01-C1-PPWP-X1.jpg,https://pemilu2019.kpu.go.id/img/c/900/014/900014420/2-6550-01-C1-PPWP-X2.jpg
1651865376550900014421,ACEH,KOTA LHOKSEUMAWE,BANDA SAKTI,PUSONG BARU,TPS 02,2019-10-25 05:00:03,15,198,264,218,218,213,5,https://pemilu2019.kpu.go.id/img/c/900/014/900014421/6550-02-C1-PPWP-X1.jpg,https://pemilu2019.kpu.go.id/img/c/900/014/900014421/6550-02-C1-PPWP-X2.jpg
1651865376550900014422,ACEH,KOTA LHOKSEUMAWE,BANDA SAKTI,PUSONG BARU,TPS 03,2019-10-25 05:00:03,13,180,281,201,201,193,8,https://pemilu2019.kpu.go.id/img/c/900/014/900014422/6550-03-C1-PPWP-X1.jpg,https://pemilu2019.kpu.go.id/img/c/900/014/900014422/6550-03-C1-PPWP-X2.jpg
1651865376550900014423,ACEH,KOTA LHOKSEUMAWE,BANDA SAKTI,PUSONG BARU,TPS 04,2019-10-25 05:00:03,9,185,274,204,204,194,10,https://pemilu2019.kpu.go.id/img/c/900/014/900014423/6550-04-C1-PPWP-X1.jpg,https://pemilu2019.kpu.go.id/img/c/900/014/900014423/6550-04-C1-PPWP-X2.jpg
1651865376550900014424,ACEH,KOTA LHOKSEUMAWE,BANDA SAKTI,PUSONG BARU,TPS 05,2019-10-25 05:00:03,7,192,280,208,208,199,9,https://pemilu2019.kpu.go.id/img/c/900/014/900014424/2-6550-05-C1-PPWP-X1.jpg,https://pemilu2019.kpu.go.id/img/c/900/014/900014424/2-6550-05-C1-PPWP-X2.jpg
1651865376550900014425,ACEH,KOTA LHOKSEUMAWE,BANDA SAKTI,PUSONG BARU,TPS 06,2019-10-25 05:00:03,8,182,275,202,202,190,12,https://pemilu2019.kpu.go.id/img/c/900/014/900014425/6550-06-C1-PPWP-X1.jpg,https://pemilu2019.kpu.go.id/img/c/900/014/900014425/6550-06-C1-PPWP-X2.jpg
1651865376550900014426,ACEH,KOTA LHOKSEUMAWE,BANDA SAKTI,PUSONG BARU,TPS 07,2019-10-25 05:00:03,7,171,277,195,195,178,17,https://pemilu2019.kpu.go.id/img/c/900/014/900014426/2-6550-07-C1-PPWP-X1.jpg,https://pemilu2019.kpu.go.id/img/c/900/014/900014426/2-6550-07-C1-PPWP-X2.jpg
1651865376550900014427,ACEH,KOTA LHOKSEUMAWE,BANDA SAKTI,PUSONG BARU,TPS 08,2019-10-25 05:00:03,4,177,274,188,188,181,7,https://pemilu2019.kpu.go.id/img/c/900/014/900014427/6550-08-C1-PPWP-X1.jpg,https://pemilu2019.kpu.go.id/img/c/900/014/900014427/6550-08-C1-PPWP-X2.jpg
1651865376550900014428,ACEH,KOTA LHOKSEUMAWE,BANDA SAKTI,PUSONG BARU,TPS 09,2019-10-25 05:00:03,12,172,273,191,191,184,7,https://pemilu2019.kpu.go.id/img/c/900/014/900014428/6550-09-C1-PPWP-X1.jpg,https://pemilu2019.kpu.go.id/img/c/900/014/900014428/6550-09-C1-PPWP-X2.jpg
1651865376550900014429,ACEH,KOTA LHOKSEUMAWE,BANDA SAKTI,PUSONG BARU,TPS 10,2019-10-25 05:00:03,7,173,299,192,192,180,12,https://pemilu2019.kpu.go.id/img/c/900/014/900014429/6550-10-C1-PPWP-X1.jpg,https://pemilu2019.kpu.go.id/img/c/900/014/900014429/6550-10-C1-PPWP-X2.jpg
1651865376545900014359,ACEH,KOTA LHOKSEUMAWE,BANDA SAKTI,PUSONG LHOKSEUMAWE,TPS 01,2019-10-25 05:00:03,4,221,292,231,231,225,6,https://pemilu2019.kpu.go.id/img/c/900/014/900014359/6545-01-C1-PPWP-X1.jpg,https://pemilu2019.kpu.go.id/img/c/900/014/900014359/6545-01-C1-PPWP-X2.jpg
1651865376545900014360,ACEH,KOTA LHOKSEUMAWE,BANDA SAKTI,PUSONG LHOKSEUMAWE,TPS 02,2019-10-25 05:00:03,17,210,300,231,231,227,4,https://pemilu2019.kpu.go.id/img/c/900/014/900014360/6545-02-C1-PPWP-X1.jpg,https://pemilu2019.kpu.go.id/img/c/900/014/900014360/6545-02-C1-PPWP-X2.jpg
1651865376545900014361,ACEH,KOTA LHOKSEUMAWE,BANDA SAKTI,PUSONG LHOKSEUMAWE,TPS 03,2019-10-25 05:00:03,8,224,296,233,233,232,1,https://pemilu2019.kpu.go.id/img/c/900/014/900014361/6545-03-C1-PPWP-X1.jpg,https://pemilu2019.kpu.go.id/img/c/900/014/900014361/6545-03-C1-PPWP-X2.jpg
1651865376545900014362,ACEH,KOTA LHOKSEUMAWE,BANDA SAKTI,PUSONG LHOKSEUMAWE,TPS 04,2019-10-25 05:00:03,19,210,288,231,231,229,2,https://pemilu2019.kpu.go.id/img/c/900/014/900014362/6545-04-C1-PPWP-X1.jpg,https://pemilu2019.kpu.go.id/img/c/900/014/900014362/6545-04-C1-PPWP-X2.jpg
1651865376545900014363,ACEH,KOTA LHOKSEUMAWE,BANDA SAKTI,PUSONG LHOKSEUMAWE,TPS 05,2019-10-25 05:00:03,19,157,286,177,177,176,1,https://pemilu2019.kpu.go.id/img/c/900/014/900014363/6545-05-C1-PPWP-X1.jpg,https://pemilu2019.kpu.go.id/img/c/900/014/900014363/6545-05-C1-PPWP-X2.jpg
1651865376545900014364,ACEH,KOTA LHOKSEUMAWE,BANDA SAKTI,PUSONG LHOKSEUMAWE,TPS 06,2019-10-25 05:00:03,17,168,283,187,187,185,2,https://pemilu2019.kpu.go.id/img/c/900/014/900014364/1-6545-06-C1-PPWP-X1.jpg,https://pemilu2019.kpu.go.id/img/c/900/014/900014364/1-6545-06-C1-PPWP-X2.jpg
1651865376545900014365,ACEH,KOTA LHOKSEUMAWE,BANDA SAKTI,PUSONG LHOKSEUMAWE,TPS 07,2019-10-25 05:00:03,5,222,285,234,234,227,7,https://pemilu2019.kpu.go.id/img/c/900/014/900014365/6545-07-C1-PPWP-X1.jpg,https://pemilu2019.kpu.go.id/img/c/900/014/900014365/6545-07-C1-PPWP-X2.jpg
1651865376545900014366,ACEH,KOTA LHOKSEUMAWE,BANDA SAKTI,PUSONG LHOKSEUMAWE,TPS 08,2019-10-25 05:00:03,6,201,295,210,210,207,3,https://pemilu2019.kpu.go.id/img/c/900/014/900014366/6545-08-C1-PPWP-X1.jpg,https://pemilu2019.kpu.go.id/img/c/900/014/900014366/6545-08-C1-PPWP-X2.jpg
1651865376545900014367,ACEH,KOTA LHOKSEUMAWE,BANDA SAKTI,PUSONG LHOKSEUMAWE,TPS 09,2019-10-25 05:00:03,9,178,291,192,192,187,5,https://pemilu2019.kpu.go.id/img/c/900/014/900014367/6545-09-C1-PPWP-X1.jpg,https://pemilu2019.kpu.go.id/img/c/900/014/900014367/6545-09-C1-PPWP-X2.jpg
1651865376545900014368,ACEH,KOTA LHOKSEUMAWE,BANDA SAKTI,PUSONG LHOKSEUMAWE,TPS 10,2019-10-25 05:00:03,3,192,284,206,206,195,11,https://pemilu2019.kpu.go.id/img/c/900/014/900014368/1-6545-10-C1-PPWP-X1.jpg,https://pemilu2019.kpu.go.id/img/c/900/014/900014368/1-6545-10-C1-PPWP-X2.jpg
1651865376545900014369,ACEH,KOTA LHOKSEUMAWE,BANDA SAKTI,PUSONG LHOKSEUMAWE,TPS 11,2019-10-25 05:00:03,4,197,294,207,207,201,6,https://pemilu2019.kpu.go.id/img/c/900/014/900014369/6545-11-C1-PPWP-X1.jpg,https://pemilu2019.kpu.go.id/img/c/900/014/900014369/6545-11-C1-PPWP-X2.jpg
1651865376545900014370,ACEH,KOTA LHOKSEUMAWE,BANDA SAKTI,PUSONG LHOKSEUMAWE,TPS 12,2019-10-25 05:00:03,5,200,281,206,206,205,1,https://pemilu2019.kpu.go.id/img/c/900/014/900014370/6545-12-C1-PPWP-X1.jpg,https://pemilu2019.kpu.go.id/img/c/900/014/900014370/6545-12-C1-PPWP-X2.jpg
1651865376545900014371,ACEH,KOTA LHOKSEUMAWE,BANDA SAKTI,PUSONG LHOKSEUMAWE,TPS 13,2019-10-25 05:00:03,1,190,287,198,198,191,7,https://pemilu2019.kpu.go.id/img/c/900/014/900014371/6545-13-C1-PPWP-X1.jpg,https://pemilu2019.kpu.go.id/img/c/900/014/900014371/6545-13-C1-PPWP-X2.jpg
1651865376540900014299,ACEH,KOTA LHOKSEUMAWE,BANDA SAKTI,SIMPANG EMPAT,TPS 01,2019-10-25 05:00:03,17,168,288,188,188,185,3,https://pemilu2019.kpu.go.id/img/c/900/014/900014299/1-6540-01-C1-PPWP-X1.jpg,https://pemilu2019.kpu.go.id/img/c/900/014/900014299/1-6540-01-C1-PPWP-X2.jpg
1651865376540900014300,ACEH,KOTA LHOKSEUMAWE,BANDA SAKTI,SIMPANG EMPAT,TPS 02,2019-10-25 05:00:03,24,160,296,187,187,184,3,https://pemilu2019.kpu.go.id/img/c/900/014/900014300/6540-02-C1-PPWP-X1.jpg,https://pemilu2019.kpu.go.id/img/c/900/014/900014300/6540-02-C1-PPWP-X2.jpg
1651865376540900014301,ACEH,KOTA LHOKSEUMAWE,BANDA SAKTI,SIMPANG EMPAT,TPS 03,2019-10-25 05:00:03,22,169,294,192,192,191,1,https://pemilu2019.kpu.go.id/img/c/900/014/900014301/3-6540-03-C1-PPWP-X1.jpg,https://pemilu2019.kpu.go.id/img/c/900/014/900014301/3-6540-03-C1-PPWP-X2.jpg
1651865376540900014302,ACEH,KOTA LHOKSEUMAWE,BANDA SAKTI,SIMPANG EMPAT,TPS 04,2019-10-25 05:00:03,12,146,308,160,160,158,2,https://pemilu2019.kpu.go.id/img/c/900/014/900014302/6540-04-C1-PPWP-X1.jpg,https://pemilu2019.kpu.go.id/img/c/900/014/900014302/6540-04-C1-PPWP-X2.jpg
1651865376540900014303,ACEH,KOTA LHOKSEUMAWE,BANDA SAKTI,SIMPANG EMPAT,TPS 05,2019-10-25 05:00:03,20,192,294,216,216,212,4,https://pemilu2019.kpu.go.id/img/c/900/014/900014303/2-6540-05-C1-PPWP-X1.jpg,https://pemilu2019.kpu.go.id/img/c/900/014/900014303/2-6540-05-C1-PPWP-X2.jpg
1651865376540900014304,ACEH,KOTA LHOKSEUMAWE,BANDA SAKTI,SIMPANG EMPAT,TPS 06,2019-10-25 05:00:03,14,170,308,187,187,184,3,https://pemilu2019.kpu.go.id/img/c/900/014/900014304/4-6540-06-C1-PPWP-X1.jpg,https://pemilu2019.kpu.go.id/img/c/900/014/900014304/4-6540-06-C1-PPWP-X2.jpg
1651865376540900014305,ACEH,KOTA LHOKSEUMAWE,BANDA SAKTI,SIMPANG EMPAT,TPS 07,2019-10-25 05:00:03,20,166,290,191,191,186,5,https://pemilu2019.kpu.go.id/img/c/900/014/900014305/6540-07-C1-PPWP-X1.jpg,https://pemilu2019.kpu.go.id/img/c/900/014/900014305/6540-07-C1-PPWP-X2.jpg
1651865376540900014306,ACEH,KOTA LHOKSEUMAWE,BANDA SAKTI,SIMPANG EMPAT,TPS 08,2019-10-25 05:00:03,14,200,319,216,216,214,2,https://pemilu2019.kpu.go.id/img/c/900/014/900014306/6540-08-C1-PPWP-X1.jpg,https://pemilu2019.kpu.go.id/img/c/900/014/900014306/6540-08-C1-PPWP-X2.jpg
1651865376540900014307,ACEH,KOTA LHOKSEUMAWE,BANDA SAKTI,SIMPANG EMPAT,TPS 09,2019-10-25 05:00:03,19,196,329,221,221,215,6,https://pemilu2019.kpu.go.id/img/c/900/014/900014307/6540-09-C1-PPWP-X1.jpg,https://pemilu2019.kpu.go.id/img/c/900/014/900014307/6540-09-C1-PPWP-X2.jpg
1651865376540900014308,ACEH,KOTA LHOKSEUMAWE,BANDA SAKTI,SIMPANG EMPAT,TPS 10,2019-10-25 05:00:03,10,169,302,182,182,179,3,https://pemilu2019.kpu.go.id/img/c/900/014/900014308/6540-10-C1-PPWP-X1.jpg,https://pemilu2019.kpu.go.id/img/c/900/014/900014308/6540-10-C1-PPWP-X2.jpg
1651865376540900014309,ACEH,KOTA LHOKSEUMAWE,BANDA SAKTI,SIMPANG EMPAT,TPS 11,2019-10-25 05:00:03,11,179,294,190,190,190,0,https://pemilu2019.kpu.go.id/img/c/900/014/900014309/3-6540-11-C1-PPWP-X1.jpg,https://pemilu2019.kpu.go.id/img/c/900/014/900014309/3-6540-11-C1-PPWP-X2.jpg
1651865376540900014310,ACEH,KOTA LHOKSEUMAWE,BANDA SAKTI,SIMPANG EMPAT,TPS 12,2019-10-25 05:00:03,16,155,298,172,172,171,1,https://pemilu2019.kpu.go.id/img/c/900/014/900014310/2-6540-12-C1-PPWP-X1.jpg,https://pemilu2019.kpu.go.id/img/c/900/014/900014310/2-6540-12-C1-PPWP-X2.jpg
1651865376539900014278,ACEH,KOTA LHOKSEUMAWE,BANDA SAKTI,TUMPOK TEUNGOH,TPS 01,2019-10-25 05:00:03,15,196,307,214,214,211,3,https://pemilu2019.kpu.go.id/img/c/900/014/900014278/6539-01-C-XXX-X5.jpg,https://pemilu2019.kpu.go.id/img/c/900/014/900014278/6539-01-C-XXX-X6.jpg
1651865376539900014279,ACEH,KOTA LHOKSEUMAWE,BANDA SAKTI,TUMPOK TEUNGOH,TPS 02,2019-10-25 05:00:03,16,184,309,205,205,200,5,https://pemilu2019.kpu.go.id/img/c/900/014/900014279/6539-02-C-XXX-X5.jpg,https://pemilu2019.kpu.go.id/img/c/900/014/900014279/6539-02-C-XXX-X6.jpg
1651865376539900014280,ACEH,KOTA LHOKSEUMAWE,BANDA SAKTI,TUMPOK TEUNGOH,TPS 03,2019-10-25 05:00:03,17,179,303,198,198,196,2,https://pemilu2019.kpu.go.id/img/c/900/014/900014280/6539-03-C-XXX-X5.jpg,https://pemilu2019.kpu.go.id/img/c/900/014/900014280/6539-03-C-XXX-X6.jpg
1651865376539900014281,ACEH,KOTA LHOKSEUMAWE,BANDA SAKTI,TUMPOK TEUNGOH,TPS 04,2019-10-25 05:00:03,15,197,308,215,215,212,3,https://pemilu2019.kpu.go.id/img/c/900/014/900014281/6539-04-C-XXX-X5.jpg,https://pemilu2019.kpu.go.id/img/c/900/014/900014281/6539-04-C-XXX-X6.jpg
1651865376539900014282,ACEH,KOTA LHOKSEUMAWE,BANDA SAKTI,TUMPOK TEUNGOH,TPS 05,2019-10-25 05:00:03,18,207,312,227,227,225,2,https://pemilu2019.kpu.go.id/img/c/900/014/900014282/6539-05-C-XXX-X5.jpg,https://pemilu2019.kpu.go.id/img/c/900/014/900014282/6539-05-C-XXX-X6.jpg
1651865376539900014283,ACEH,KOTA LHOKSEUMAWE,BANDA SAKTI,TUMPOK TEUNGOH,TPS 06,2019-10-25 05:00:03,14,188,306,205,205,202,3,https://pemilu2019.kpu.go.id/img/c/900/014/900014283/6539-06-C-XXX-X5.jpg,https://pemilu2019.kpu.go.id/img/c/900/014/900014283/6539-06-C-XXX-X6.jpg
1651865376539900014284,ACEH,KOTA LHOKSEUMAWE,BANDA SAKTI,TUMPOK TEUNGOH,TPS 07,2019-10-25 05:00:03,17,241,307,261,261,258,3,https://pemilu2019.kpu.go.id/img/c/900/014/900014284/6539-07-C-XXX-X5.jpg,https://pemilu2019.kpu.go.id/img/c/900/014/900014284/6539-07-C-XXX-X6.jpg
1651865376539900014285,ACEH,KOTA LHOKSEUMAWE,BANDA SAKTI,TUMPOK TEUNGOH,TPS 08,2019-10-25 05:00:03,13,191,307,209,209,204,5,https://pemilu2019.kpu.go.id/img/c/900/014/900014285/6539-08-C-XXX-X5.jpg,https://pemilu2019.kpu.go.id/img/c/900/014/900014285/6539-08-C-XXX-X6.jpg
1651865376539900014286,ACEH,KOTA LHOKSEUMAWE,BANDA SAKTI,TUMPOK TEUNGOH,TPS 09,2019-10-25 05:00:03,19,186,295,207,207,205,2,https://pemilu2019.kpu.go.id/img/c/900/014/900014286/1-6539-09-C1-PPWP-X1.jpg,https://pemilu2019.kpu.go.id/img/c/900/014/900014286/1-6539-09-C1-PPWP-X2.jpg
1651865376539900014287,ACEH,KOTA LHOKSEUMAWE,BANDA SAKTI,TUMPOK TEUNGOH,TPS 10,2019-10-25 05:00:03,12,186,310,203,203,198,5,https://pemilu2019.kpu.go.id/img/c/900/014/900014287/6539-10-C1-PPWP-X1.jpg,https://pemilu2019.kpu.go.id/img/c/900/014/900014287/6539-10-C1-PPWP-X2.jpg
1651865376539900014288,ACEH,KOTA LHOKSEUMAWE,BANDA SAKTI,TUMPOK TEUNGOH,TPS 11,2019-10-25 05:00:03,10,178,300,192,192,188,4,https://pemilu2019.kpu.go.id/img/c/900/014/900014288/6539-11-C1-PPWP-X1.jpg,https://pemilu2019.kpu.go.id/img/c/900/014/900014288/6539-11-C1-PPWP-X2.jpg
1651865376539900014289,ACEH,KOTA LHOKSEUMAWE,BANDA SAKTI,TUMPOK TEUNGOH,TPS 12,2019-10-25 05:00:03,11,189,326,200,200,200,0,https://pemilu2019.kpu.go.id/img/c/900/014/900014289/6539-12-C1-PPWP-X1.jpg,https://pemilu2019.kpu.go.id/img/c/900/014/900014289/6539-12-C1-PPWP-X2.jpg
1651865376539900014290,ACEH,KOTA LHOKSEUMAWE,BANDA SAKTI,TUMPOK TEUNGOH,TPS 13,2019-10-25 05:00:03,20,189,314,213,213,209,4,https://pemilu2019.kpu.go.id/img/c/900/014/900014290/6539-13-C-XXX-X5.jpg,https://pemilu2019.kpu.go.id/img/c/900/014/900014290/6539-13-C-XXX-X6.jpg
1651865376539900014291,ACEH,KOTA LHOKSEUMAWE,BANDA SAKTI,TUMPOK TEUNGOH,TPS 14,2019-10-25 05:00:03,10,197,297,208,208,207,1,https://pemilu2019.kpu.go.id/img/c/900/014/900014291/6539-14-C-XXX-X5.jpg,https://pemilu2019.kpu.go.id/img/c/900/014/900014291/6539-14-C-XXX-X6.jpg
1651865376539900014292,ACEH,KOTA LHOKSEUMAWE,BANDA SAKTI,TUMPOK TEUNGOH,TPS 15,2019-10-25 05:00:03,10,169,298,181,181,179,2,https://pemilu2019.kpu.go.id/img/c/900/014/900014292/6539-15-C-XXX-X5.jpg,https://pemilu2019.kpu.go.id/img/c/900/014/900014292/6539-15-C-XXX-X6.jpg
1651865376539900014293,ACEH,KOTA LHOKSEUMAWE,BANDA SAKTI,TUMPOK TEUNGOH,TPS 16,2019-10-25 05:00:03,17,195,305,216,216,212,4,https://pemilu2019.kpu.go.id/img/c/900/014/900014293/1-6539-16-C1-PPWP-X1.jpg,https://pemilu2019.kpu.go.id/img/c/900/014/900014293/1-6539-16-C1-PPWP-X2.jpg
1651865376539900014294,ACEH,KOTA LHOKSEUMAWE,BANDA SAKTI,TUMPOK TEUNGOH,TPS 17,2019-10-25 05:00:03,23,179,308,212,204,202,2,https://pemilu2019.kpu.go.id/img/c/900/014/900014294/1-6539-17-C1-PPWP-X1.jpg,https://pemilu2019.kpu.go.id/img/c/900/014/900014294/1-6539-17-C1-PPWP-X2.jpg
1651865376539900014295,ACEH,KOTA LHOKSEUMAWE,BANDA SAKTI,TUMPOK TEUNGOH,TPS 18,2019-10-25 05:00:03,7,185,306,200,200,192,8,https://pemilu2019.kpu.go.id/img/c/900/014/900014295/1-6539-18-C1-PPWP-X1.jpg,https://pemilu2019.kpu.go.id/img/c/900/014/900014295/1-6539-18-C1-PPWP-X2.jpg
1651865376539900014296,ACEH,KOTA LHOKSEUMAWE,BANDA SAKTI,TUMPOK TEUNGOH,TPS 19,2019-10-25 05:00:03,10,175,301,188,188,185,3,https://pemilu2019.kpu.go.id/img/c/900/014/900014296/6539-19-C-XXX-X5.jpg,https://pemilu2019.kpu.go.id/img/c/900/014/900014296/6539-19-C-XXX-X6.jpg
1651865376539900014297,ACEH,KOTA LHOKSEUMAWE,BANDA SAKTI,TUMPOK TEUNGOH,TPS 20,2019-10-25 05:00:03,0,0,210,210,0,0,0,https://pemilu2019.kpu.go.id/img/c/900/014/900014297/2-6539-20-C-XXX-X5.jpg,https://pemilu2019.kpu.go.id/img/c/900/014/900014297/2-6539-20-C-XXX-X6.jpg
1651865376539900014298,ACEH,KOTA LHOKSEUMAWE,BANDA SAKTI,TUMPOK TEUNGOH,TPS 21,2019-10-25 05:00:03,6,193,303,201,201,199,2,https://pemilu2019.kpu.go.id/img/c/900/014/900014298/6539-21-C-XXX-X5.jpg,https://pemilu2019.kpu.go.id/img/c/900/014/900014298/6539-21-C-XXX-X6.jpg
1651865376548900014396,ACEH,KOTA LHOKSEUMAWE,BANDA SAKTI,UJONG BLANG,TPS 01,2019-10-25 05:00:03,10,188,293,209,209,198,11,https://pemilu2019.kpu.go.id/img/c/900/014/900014396/6548-01-C1-PPWP-X1.jpg,https://pemilu2019.kpu.go.id/img/c/900/014/900014396/6548-01-C1-PPWP-X2.jpg
1651865376548900014397,ACEH,KOTA LHOKSEUMAWE,BANDA SAKTI,UJONG BLANG,TPS 02,2019-10-25 05:00:03,12,194,284,214,214,206,8,https://pemilu2019.kpu.go.id/img/c/900/014/900014397/6548-02-C1-PPWP-X1.jpg,https://pemilu2019.kpu.go.id/img/c/900/014/900014397/6548-02-C1-PPWP-X2.jpg
1651865376548900014398,ACEH,KOTA LHOKSEUMAWE,BANDA SAKTI,UJONG BLANG,TPS 03,2019-10-25 05:00:03,15,180,202,202,202,195,7,https://pemilu2019.kpu.go.id/img/c/900/014/900014398/6548-03-C1-PPWP-X1.jpg,https://pemilu2019.kpu.go.id/img/c/900/014/900014398/6548-03-C1-PPWP-X2.jpg
1651865376548900014399,ACEH,KOTA LHOKSEUMAWE,BANDA SAKTI,UJONG BLANG,TPS 04,2019-10-25 05:00:03,7,176,290,189,189,183,6,https://pemilu2019.kpu.go.id/img/c/900/014/900014399/6548-04-C1-PPWP-X1.jpg,https://pemilu2019.kpu.go.id/img/c/900/014/900014399/6548-04-C1-PPWP-X2.jpg
1651865376548900014400,ACEH,KOTA LHOKSEUMAWE,BANDA SAKTI,UJONG BLANG,TPS 05,2019-10-25 05:00:03,9,208,288,219,219,217,2,https://pemilu2019.kpu.go.id/img/c/900/014/900014400/6548-05-C1-PPWP-X1.jpg,https://pemilu2019.kpu.go.id/img/c/900/014/900014400/6548-05-C1-PPWP-X2.jpg
1651865376548900014401,ACEH,KOTA LHOKSEUMAWE,BANDA SAKTI,UJONG BLANG,TPS 06,2019-10-25 05:00:03,11,196,286,217,217,207,10,https://pemilu2019.kpu.go.id/img/c/900/014/900014401/6548-06-C1-PPWP-X1.jpg,https://pemilu2019.kpu.go.id/img/c/900/014/900014401/6548-06-C1-PPWP-X2.jpg
1651865376548900014402,ACEH,KOTA LHOKSEUMAWE,BANDA SAKTI,UJONG BLANG,TPS 07,2019-10-25 05:00:03,10,193,284,212,212,203,9,https://pemilu2019.kpu.go.id/img/c/900/014/900014402/6548-07-C1-PPWP-X1.jpg,https://pemilu2019.kpu.go.id/img/c/900/014/900014402/6548-07-C1-PPWP-X2.jpg
1651865376548900014403,ACEH,KOTA LHOKSEUMAWE,BANDA SAKTI,UJONG BLANG,TPS 08,2019-10-25 05:00:03,5,203,284,215,215,208,7,https://pemilu2019.kpu.go.id/img/c/900/014/900014403/6548-08-C1-PPWP-X1.jpg,https://pemilu2019.kpu.go.id/img/c/900/014/900014403/6548-08-C1-PPWP-X2.jpg
1651865376548900014404,ACEH,KOTA LHOKSEUMAWE,BANDA SAKTI,UJONG BLANG,TPS 09,2019-10-25 05:00:03,10,195,282,212,212,205,7,https://pemilu2019.kpu.go.id/img/c/900/014/900014404/6548-09-C1-PPWP-X1.jpg,https://pemilu2019.kpu.go.id/img/c/900/014/900014404/6548-09-C1-PPWP-X2.jpg
1651865376548900014405,ACEH,KOTA LHOKSEUMAWE,BANDA SAKTI,UJONG BLANG,TPS 10,2019-10-25 05:00:03,11,195,278,218,209,206,3,https://pemilu2019.kpu.go.id/img/c/900/014/900014405/3-6548-10-C1-PPWP-X1.jpg,https://pemilu2019.kpu.go.id/img/c/900/014/900014405/3-6548-10-C1-PPWP-X2.jpg
1651865376548900014406,ACEH,KOTA LHOKSEUMAWE,BANDA SAKTI,UJONG BLANG,TPS 11,2019-10-25 05:00:03,8,192,287,201,201,200,1,https://pemilu2019.kpu.go.id/img/c/900/014/900014406/6548-11-C1-PPWP-X1.jpg,https://pemilu2019.kpu.go.id/img/c/900/014/900014406/6548-11-C1-PPWP-X2.jpg
1651865376548900014407,ACEH,KOTA LHOKSEUMAWE,BANDA SAKTI,UJONG BLANG,TPS 12,2019-10-25 05:00:03,12,187,293,208,208,199,9,https://pemilu2019.kpu.go.id/img/c/900/014/900014407/6548-12-C1-PPWP-X1.jpg,https://pemilu2019.kpu.go.id/img/c/900/014/900014407/6548-12-C1-PPWP-X2.jpg
1651865376551900014430,ACEH,KOTA LHOKSEUMAWE,BANDA SAKTI,ULEE JALAN,TPS 1,2019-10-25 05:00:03,23,175,263,212,212,198,14,https://pemilu2019.kpu.go.id/img/c/900/014/900014430/1-6551-1-C1-PPWP-X1.jpg,https://pemilu2019.kpu.go.id/img/c/900/014/900014430/1-6551-1-C1-PPWP-X2.jpg
1651865376551900014431,ACEH,KOTA LHOKSEUMAWE,BANDA SAKTI,ULEE JALAN,TPS 2,2019-10-25 05:00:03,22,186,272,226,226,208,18,https://pemilu2019.kpu.go.id/img/c/900/014/900014431/1-6551-2-C1-PPWP-X1.jpg,https://pemilu2019.kpu.go.id/img/c/900/014/900014431/1-6551-2-C1-PPWP-X2.jpg
1651865376551900014432,ACEH,KOTA LHOKSEUMAWE,BANDA SAKTI,ULEE JALAN,TPS 3,2019-10-25 05:00:03,22,189,265,227,227,211,16,https://pemilu2019.kpu.go.id/img/c/900/014/900014432/2-6551-3-C1-PPWP-X1.jpg,https://pemilu2019.kpu.go.id/img/c/900/014/900014432/2-6551-3-C1-PPWP-X2.jpg
1651865376551900014433,ACEH,KOTA LHOKSEUMAWE,BANDA SAKTI,ULEE JALAN,TPS 4,2019-10-25 05:00:03,35,174,267,223,223,209,14,https://pemilu2019.kpu.go.id/img/c/900/014/900014433/1-6551-4-C1-PPWP-X1.jpg,https://pemilu2019.kpu.go.id/img/c/900/014/900014433/1-6551-4-C1-PPWP-X2.jpg
1651865376551900014434,ACEH,KOTA LHOKSEUMAWE,BANDA SAKTI,ULEE JALAN,TPS 5,2019-10-25 05:00:03,22,167,258,217,217,189,28,https://pemilu2019.kpu.go.id/img/c/900/014/900014434/1-6551-5-C1-PPWP-X1.jpg,https://pemilu2019.kpu.go.id/img/c/900/014/900014434/1-6551-5-C1-PPWP-X2.jpg
1651865376551900014435,ACEH,KOTA LHOKSEUMAWE,BANDA SAKTI,ULEE JALAN,TPS 6,2019-10-25 05:00:03,25,173,258,216,216,198,18,https://pemilu2019.kpu.go.id/img/c/900/014/900014435/1-6551-6-C1-PPWP-X1.jpg,https://pemilu2019.kpu.go.id/img/c/900/014/900014435/1-6551-6-C1-PPWP-X2.jpg
1651865376551900014436,ACEH,KOTA LHOKSEUMAWE,BANDA SAKTI,ULEE JALAN,TPS 7,2019-10-25 05:00:03,38,169,250,229,229,207,22,https://pemilu2019.kpu.go.id/img/c/900/014/900014436/1-6551-7-C1-PPWP-X1.jpg,https://pemilu2019.kpu.go.id/img/c/900/014/900014436/1-6551-7-C1-PPWP-X2.jpg
1651865376547900014384,ACEH,KOTA LHOKSEUMAWE,BANDA SAKTI,UTEUN BAYI,TPS 01,2019-10-25 05:00:03,9,198,308,208,208,207,1,https://pemilu2019.kpu.go.id/img/c/900/014/900014384/6547-01-C1-PPWP-X1.jpg,https://pemilu2019.kpu.go.id/img/c/900/014/900014384/6547-01-C1-PPWP-X2.jpg
1651865376547900014385,ACEH,KOTA LHOKSEUMAWE,BANDA SAKTI,UTEUN BAYI,TPS 02,2019-10-25 05:00:03,12,203,302,217,217,215,2,https://pemilu2019.kpu.go.id/img/c/900/014/900014385/6547-02-C1-PPWP-X1.jpg,https://pemilu2019.kpu.go.id/img/c/900/014/900014385/6547-02-C1-PPWP-X2.jpg
1651865376547900014386,ACEH,KOTA LHOKSEUMAWE,BANDA SAKTI,UTEUN BAYI,TPS 03,2019-10-25 05:00:03,17,195,302,215,215,212,3,https://pemilu2019.kpu.go.id/img/c/900/014/900014386/6547-03-C1-PPWP-X1.jpg,https://pemilu2019.kpu.go.id/img/c/900/014/900014386/6547-03-C1-PPWP-X2.jpg
1651865376547900014387,ACEH,KOTA LHOKSEUMAWE,BANDA SAKTI,UTEUN BAYI,TPS 04,2019-10-25 05:00:03,7,194,296,205,205,201,4,https://pemilu2019.kpu.go.id/img/c/900/014/900014387/2-6547-04-C1-PPWP-X1.jpg,https://pemilu2019.kpu.go.id/img/c/900/014/900014387/2-6547-04-C1-PPWP-02.jpg
1651865376547900014388,ACEH,KOTA LHOKSEUMAWE,BANDA SAKTI,UTEUN BAYI,TPS 05,2019-10-25 05:00:03,13,206,303,222,222,219,3,https://pemilu2019.kpu.go.id/img/c/900/014/900014388/6547-05-C1-PPWP-X1.jpg,https://pemilu2019.kpu.go.id/img/c/900/014/900014388/6547-05-C1-PPWP-X2.jpg
1651865376547900014389,ACEH,KOTA LHOKSEUMAWE,BANDA SAKTI,UTEUN BAYI,TPS 06,2019-10-25 05:00:03,18,194,303,303,217,212,5,https://pemilu2019.kpu.go.id/img/c/900/014/900014389/6547-06-C1-PPWP-X1.jpg,https://pemilu2019.kpu.go.id/img/c/900/014/900014389/6547-06-C1-PPWP-X2.jpg
1651865376547900014390,ACEH,KOTA LHOKSEUMAWE,BANDA SAKTI,UTEUN BAYI,TPS 07,2019-10-25 05:00:03,21,205,300,228,228,226,2,https://pemilu2019.kpu.go.id/img/c/900/014/900014390/6547-07-C1-PPWP-X1.jpg,https://pemilu2019.kpu.go.id/img/c/900/014/900014390/6547-07-C1-PPWP-X2.jpg
1651865376547900014391,ACEH,KOTA LHOKSEUMAWE,BANDA SAKTI,UTEUN BAYI,TPS 08,2019-10-25 05:00:03,12,203,300,216,216,215,1,https://pemilu2019.kpu.go.id/img/c/900/014/900014391/6547-08-C1-PPWP-X1.jpg,https://pemilu2019.kpu.go.id/img/c/900/014/900014391/6547-08-C1-PPWP-X2.jpg
1651865376547900014392,ACEH,KOTA LHOKSEUMAWE,BANDA SAKTI,UTEUN BAYI,TPS 09,2019-10-25 05:00:03,13,216,306,239,239,229,10,https://pemilu2019.kpu.go.id/img/c/900/014/900014392/6547-09-C1-PPWP-X1.jpg,https://pemilu2019.kpu.go.id/img/c/900/014/900014392/6547-09-C1-PPWP-X2.jpg
1651865376547900014393,ACEH,KOTA LHOKSEUMAWE,BANDA SAKTI,UTEUN BAYI,TPS 10,2019-10-25 05:00:03,21,192,302,223,223,213,10,https://pemilu2019.kpu.go.id/img/c/900/014/900014393/2-6547-10-C1-PPWP-01.jpg,https://pemilu2019.kpu.go.id/img/c/900/014/900014393/2-6547-10-C1-PPWP-X2.jpg
1651865376547900014394,ACEH,KOTA LHOKSEUMAWE,BANDA SAKTI,UTEUN BAYI,TPS 11,2019-10-25 05:00:03,24,180,294,204,240,204,0,https://pemilu2019.kpu.go.id/img/c/900/014/900014394/6547-11-C1-PPWP-X1.jpg,https://pemilu2019.kpu.go.id/img/c/900/014/900014394/6547-11-C1-PPWP-X2.jpg
1651865376547900014395,ACEH,KOTA LHOKSEUMAWE,BANDA SAKTI,UTEUN BAYI,TPS 12,2019-10-25 05:00:03,17,190,282,210,210,207,3,https://pemilu2019.kpu.go.id/img/c/900/014/900014395/6547-12-C1-PPWP-X1.jpg,https://pemilu2019.kpu.go.id/img/c/900/014/900014395/6547-12-C1-PPWP-X2.jpg
1651865566572900014509,ACEH,KOTA LHOKSEUMAWE,BLANG MANGAT,ALUE LIM,TPS 1,2019-10-25 05:00:03,31,145,275,186,186,176,10,https://pemilu2019.kpu.go.id/img/c/900/014/900014509/6572-1-C1-PPWP-X1.jpg,https://pemilu2019.kpu.go.id/img/c/900/014/900014509/6572-1-C1-PPWP-X2.jpg
1651865566572900014510,ACEH,KOTA LHOKSEUMAWE,BLANG MANGAT,ALUE LIM,TPS 2,2019-10-25 05:00:03,36,164,275,210,210,200,10,https://pemilu2019.kpu.go.id/img/c/900/014/900014510/6572-2-C1-PPWP-X1.jpg,https://pemilu2019.kpu.go.id/img/c/900/014/900014510/6572-2-C1-PPWP-X2.jpg
1651865566572900014511,ACEH,KOTA LHOKSEUMAWE,BLANG MANGAT,ALUE LIM,TPS 3,2019-10-25 05:00:03,38,178,268,227,227,216,11,https://pemilu2019.kpu.go.id/img/c/900/014/900014511/6572-3-C1-PPWP-X1.jpg,https://pemilu2019.kpu.go.id/img/c/900/014/900014511/6572-3-C1-PPWP-X2.jpg
1651865566572900014512,ACEH,KOTA LHOKSEUMAWE,BLANG MANGAT,ALUE LIM,TPS 4,2019-10-25 05:00:03,35,146,276,198,198,181,17,https://pemilu2019.kpu.go.id/img/c/900/014/900014512/6572-4-C1-PPWP-X1.jpg,https://pemilu2019.kpu.go.id/img/c/900/014/900014512/6572-4-C1-PPWP-X2.jpg
1651865566572900014513,ACEH,KOTA LHOKSEUMAWE,BLANG MANGAT,ALUE LIM,TPS 5,2019-10-25 05:00:03,41,130,293,177,177,171,6,https://pemilu2019.kpu.go.id/img/c/900/014/900014513/6572-5-C1-PPWP-X1.jpg,https://pemilu2019.kpu.go.id/img/c/900/014/900014513/6572-5-C1-PPWP-X2.jpg
1651865566566900014490,ACEH,KOTA LHOKSEUMAWE,BLANG MANGAT,ASAN KAREUNG,TPS 1,2019-10-25 05:00:03,23,120,202,149,149,143,6,https://pemilu2019.kpu.go.id/img/c/900/014/900014490/6566-1-C1-PPWP-X1.jpg,https://pemilu2019.kpu.go.id/img/c/900/014/900014490/6566-1-C1-PPWP-X2.jpg
1651865566566900014491,ACEH,KOTA LHOKSEUMAWE,BLANG MANGAT,ASAN KAREUNG,TPS 2,2019-10-25 05:00:03,24,110,181,139,139,134,5,https://pemilu2019.kpu.go.id/img/c/900/014/900014491/6566-2-C1-PPWP-X1.jpg,https://pemilu2019.kpu.go.id/img/c/900/014/900014491/6566-2-C1-PPWP-X2.jpg
1651865566566900014492,ACEH,KOTA LHOKSEUMAWE,BLANG MANGAT,ASAN KAREUNG,TPS 3,2019-10-25 05:00:03,19,151,218,178,178,170,8,https://pemilu2019.kpu.go.id/img/c/900/014/900014492/6566-3-C1-PPWP-X1.jpg,https://pemilu2019.kpu.go.id/img/c/900/014/900014492/6566-3-C1-PPWP-X2.jpg
1651865566564900014485,ACEH,KOTA LHOKSEUMAWE,BLANG MANGAT,BALOI,TPS 1,2019-10-25 05:00:03,13,157,251,182,182,170,12,https://pemilu2019.kpu.go.id/img/c/900/014/900014485/6564-1-C1-PPWP-X1.jpg,https://pemilu2019.kpu.go.id/img/c/900/014/900014485/6564-1-C1-PPWP-X2.jpg
1651865566564900014486,ACEH,KOTA LHOKSEUMAWE,BLANG MANGAT,BALOI,TPS 2,2019-10-25 05:00:03,23,185,268,219,219,208,11,https://pemilu2019.kpu.go.id/img/c/900/014/900014486/6564-2-C1-PPWP-X1.jpg,https://pemilu2019.kpu.go.id/img/c/900/014/900014486/6564-2-C1-PPWP-X2.jpg
1651865566573900014514,ACEH,KOTA LHOKSEUMAWE,BLANG MANGAT,BLANG BULOH,TPS 1,2019-10-25 05:00:03,33,155,284,208,208,188,20,https://pemilu2019.kpu.go.id/img/c/900/014/900014514/6573-1-C-XXX-X5.jpg,https://pemilu2019.kpu.go.id/img/c/900/014/900014514/6573-1-C-XXX-X6.jpg
1651865566573900014515,ACEH,KOTA LHOKSEUMAWE,BLANG MANGAT,BLANG BULOH,TPS 2,2019-10-25 05:00:03,16,182,284,213,213,198,15,https://pemilu2019.kpu.go.id/img/c/900/014/900014515/2-6573-2-C1-PPWP-01.jpg,https://pemilu2019.kpu.go.id/img/c/900/014/900014515/2-6573-2-C1-PPWP-02.jpg
1651865566573900014516,ACEH,KOTA LHOKSEUMAWE,BLANG MANGAT,BLANG BULOH,TPS 3,2019-10-25 05:00:03,37,118,206,160,160,155,5,https://pemilu2019.kpu.go.id/img/c/900/014/900014516/6573-3-C-XXX-X5.jpg,https://pemilu2019.kpu.go.id/img/c/900/014/900014516/6573-3-C-XXX-X6.jpg
1651865566573900014517,ACEH,KOTA LHOKSEUMAWE,BLANG MANGAT,BLANG BULOH,TPS 4,2019-10-25 05:00:03,15,83,144,102,102,98,4,https://pemilu2019.kpu.go.id/img/c/900/014/900014517/6573-4-C-XXX-X5.jpg,https://pemilu2019.kpu.go.id/img/c/900/014/900014517/6573-4-C-XXX-X6.jpg
1651865566558900014470,ACEH,KOTA LHOKSEUMAWE,BLANG MANGAT,BLANG CUT,TPS 1,2019-10-25 05:00:03,9,150,225,170,170,159,11,https://pemilu2019.kpu.go.id/img/c/900/014/900014470/6558-1-C-XXX-X5.jpg,https://pemilu2019.kpu.go.id/img/c/900/014/900014470/6558-1-C-XXX-X6.jpg
1651865566558900014471,ACEH,KOTA LHOKSEUMAWE,BLANG MANGAT,BLANG CUT,TPS 2,2019-10-25 05:00:03,13,166,231,187,187,179,8,https://pemilu2019.kpu.go.id/img/c/900/014/900014471/6558-2-C-XXX-X5.jpg,https://pemilu2019.kpu.go.id/img/c/900/014/900014471/6558-2-C-XXX-X6.jpg
1651865566558900014472,ACEH,KOTA LHOKSEUMAWE,BLANG MANGAT,BLANG CUT,TPS 3,2019-10-25 05:00:03,13,172,271,188,188,185,3,https://pemilu2019.kpu.go.id/img/c/900/014/900014472/6558-3-C-XXX-X5.jpg,https://pemilu2019.kpu.go.id/img/c/900/014/900014472/6558-3-C-XXX-X6.jpg
1651865566558900014473,ACEH,KOTA LHOKSEUMAWE,BLANG MANGAT,BLANG CUT,TPS 4,2019-10-25 05:00:03,11,151,197,165,165,162,3,https://pemilu2019.kpu.go.id/img/c/900/014/900014473/6558-4-C-XXX-X5.jpg,https://pemilu2019.kpu.go.id/img/c/900/014/900014473/6558-4-C-XXX-X6.jpg
1651865566567900014493,ACEH,KOTA LHOKSEUMAWE,BLANG MANGAT,BLANG PUNTEUET,TPS 1,2019-10-25 05:00:03,29,204,293,240,240,233,7,https://pemilu2019.kpu.go.id/img/c/900/014/900014493/6567-1-C1-PPWP-X1.jpg,https://pemilu2019.kpu.go.id/img/c/900/014/900014493/6567-1-C1-PPWP-X2.jpg
1651865566567900014494,ACEH,KOTA LHOKSEUMAWE,BLANG MANGAT,BLANG PUNTEUET,TPS 2,2019-10-25 05:00:03,25,186,288,213,213,211,2,https://pemilu2019.kpu.go.id/img/c/900/014/900014494/6567-2-C1-PPWP-X1.jpg,https://pemilu2019.kpu.go.id/img/c/900/014/900014494/6567-2-C1-PPWP-X2.jpg
1651865566567900014495,ACEH,KOTA LHOKSEUMAWE,BLANG MANGAT,BLANG PUNTEUET,TPS 3,2019-10-25 05:00:03,9,210,296,224,224,219,5,https://pemilu2019.kpu.go.id/img/c/900/014/900014495/6567-3-C1-PPWP-X1.jpg,https://pemilu2019.kpu.go.id/img/c/900/014/900014495/6567-3-C1-PPWP-X2.jpg
1651865566562900014482,ACEH,KOTA LHOKSEUMAWE,BLANG MANGAT,BLANG TEUE,TPS 1,2019-10-25 05:00:03,12,150,228,178,178,162,16,https://pemilu2019.kpu.go.id/img/c/900/014/900014482/6562-1-C1-PPWP-X1.jpg,https://pemilu2019.kpu.go.id/img/c/900/014/900014482/6562-1-C1-PPWP-X2.jpg
1651865566576900014526,ACEH,KOTA LHOKSEUMAWE,BLANG MANGAT,BLANG WEU BAROH,TPS 1,2019-10-25 05:00:03,14,205,286,224,224,219,5,https://pemilu2019.kpu.go.id/img/c/900/014/900014526/2-6576-1-C1-PPWP-01.jpg,https://pemilu2019.kpu.go.id/img/c/900/014/900014526/2-6576-1-C1-PPWP-02.jpg
1651865566576900014527,ACEH,KOTA LHOKSEUMAWE,BLANG MANGAT,BLANG WEU BAROH,TPS 2,2019-10-25 05:00:03,13,203,293,230,230,216,14,https://pemilu2019.kpu.go.id/img/c/900/014/900014527/6576-2-C1-PPWP-X1.jpg,https://pemilu2019.kpu.go.id/img/c/900/014/900014527/6576-2-C1-PPWP-X2.jpg
1651865566576900014528,ACEH,KOTA LHOKSEUMAWE,BLANG MANGAT,BLANG WEU BAROH,TPS 3,2019-10-25 05:00:03,11,167,263,194,194,178,16,https://pemilu2019.kpu.go.id/img/c/900/014/900014528/6576-3-C-XXX-X5.jpg,https://pemilu2019.kpu.go.id/img/c/900/014/900014528/6576-3-C-XXX-X6.jpg
1651865566576900014529,ACEH,KOTA LHOKSEUMAWE,BLANG MANGAT,BLANG WEU BAROH,TPS 4,2019-10-25 05:00:03,17,172,296,295,195,189,6,https://pemilu2019.kpu.go.id/img/c/900/014/900014529/6576-4-C-XXX-X5.jpg,https://pemilu2019.kpu.go.id/img/c/900/014/900014529/6576-4-C-XXX-X6.jpg
1651865566574900014518,ACEH,KOTA LHOKSEUMAWE,BLANG MANGAT,BLANG WEU PANJOE,TPS 1,2019-10-25 05:00:03,7,194,291,207,207,201,6,https://pemilu2019.kpu.go.id/img/c/900/014/900014518/6574-1-C1-PPWP-X1.jpg,https://pemilu2019.kpu.go.id/img/c/900/014/900014518/6574-1-C1-PPWP-X2.jpg
1651865566574900014519,ACEH,KOTA LHOKSEUMAWE,BLANG MANGAT,BLANG WEU PANJOE,TPS 2,2019-10-25 05:00:03,6,219,294,229,229,225,4,https://pemilu2019.kpu.go.id/img/c/900/014/900014519/6574-2-C1-PPWP-X1.jpg,https://pemilu2019.kpu.go.id/img/c/900/014/900014519/6574-2-C1-PPWP-X2.jpg
1651865566574900014520,ACEH,KOTA LHOKSEUMAWE,BLANG MANGAT,BLANG WEU PANJOE,TPS 3,2019-10-25 05:00:03,3,97,143,104,104,100,4,https://pemilu2019.kpu.go.id/img/c/900/014/900014520/6574-3-C1-PPWP-X1.jpg,https://pemilu2019.kpu.go.id/img/c/900/014/900014520/6574-3-C1-PPWP-X2.jpg
1651865566559900014474,ACEH,KOTA LHOKSEUMAWE,BLANG MANGAT,JAMBO MESJID,TPS 1,2019-10-25 05:00:03,16,198,280,229,229,214,15,https://pemilu2019.kpu.go.id/img/c/900/014/900014474/6559-1-C1-PPWP-X1.jpg,https://pemilu2019.kpu.go.id/img/c/900/014/900014474/6559-1-C1-PPWP-X2.jpg
1651865566559900014475,ACEH,KOTA LHOKSEUMAWE,BLANG MANGAT,JAMBO MESJID,TPS 2,2019-10-25 05:00:03,5,182,250,199,199,187,12,https://pemilu2019.kpu.go.id/img/c/900/014/900014475/6559-2-C1-PPWP-X1.jpg,https://pemilu2019.kpu.go.id/img/c/900/014/900014475/6559-2-C1-PPWP-X2.jpg
1651865566560900014476,ACEH,KOTA LHOKSEUMAWE,BLANG MANGAT,JAMBO TIMU,TPS 1,2019-10-25 05:00:03,11,177,244,197,197,188,9,https://pemilu2019.kpu.go.id/img/c/900/014/900014476/6560-1-C-XXX-X5.jpg,https://pemilu2019.kpu.go.id/img/c/900/014/900014476/6560-1-C-XXX-X6.jpg
1651865566560900014477,ACEH,KOTA LHOKSEUMAWE,BLANG MANGAT,JAMBO TIMU,TPS 2,2019-10-25 05:00:03,16,174,245,203,203,190,13,https://pemilu2019.kpu.go.id/img/c/900/014/900014477/6560-2-C-XXX-X5.jpg,https://pemilu2019.kpu.go.id/img/c/900/014/900014477/6560-2-C-XXX-X6.jpg
1651865566560900014478,ACEH,KOTA LHOKSEUMAWE,BLANG MANGAT,JAMBO TIMU,TPS 3,2019-10-25 05:00:03,9,155,235,177,177,164,13,https://pemilu2019.kpu.go.id/img/c/900/014/900014478/6560-3-C-XXX-X5.jpg,https://pemilu2019.kpu.go.id/img/c/900/014/900014478/6560-3-C-XXX-X6.jpg
1651865566575900014521,ACEH,KOTA LHOKSEUMAWE,BLANG MANGAT,JEULIKAT,TPS 1,2019-10-25 05:00:03,30,152,252,189,189,182,7,https://pemilu2019.kpu.go.id/img/c/900/014/900014521/6575-1-C1-PPWP-X1.jpg,https://pemilu2019.kpu.go.id/img/c/900/014/900014521/6575-1-C1-PPWP-X2.jpg
1651865566575900014522,ACEH,KOTA LHOKSEUMAWE,BLANG MANGAT,JEULIKAT,TPS 2,2019-10-25 05:00:03,7,186,256,200,200,193,7,https://pemilu2019.kpu.go.id/img/c/900/014/900014522/6575-2-C1-PPWP-X1.jpg,https://pemilu2019.kpu.go.id/img/c/900/014/900014522/6575-2-C1-PPWP-X2.jpg
1651865566575900014523,ACEH,KOTA LHOKSEUMAWE,BLANG MANGAT,JEULIKAT,TPS 3,2019-10-25 05:00:03,9,197,256,212,212,206,6,https://pemilu2019.kpu.go.id/img/c/900/014/900014523/6575-3-C1-PPWP-X1.jpg,https://pemilu2019.kpu.go.id/img/c/900/014/900014523/6575-3-C1-PPWP-X2.jpg
1651865566575900014524,ACEH,KOTA LHOKSEUMAWE,BLANG MANGAT,JEULIKAT,TPS 4,2019-10-25 05:00:03,10,198,256,216,216,208,8,https://pemilu2019.kpu.go.id/img/c/900/014/900014524/6575-4-C1-PPWP-X1.jpg,https://pemilu2019.kpu.go.id/img/c/900/014/900014524/6575-4-C1-PPWP-X2.jpg
1651865566575900014525,ACEH,KOTA LHOKSEUMAWE,BLANG MANGAT,JEULIKAT,TPS 5,2019-10-25 05:00:03,11,177,240,198,198,188,10,https://pemilu2019.kpu.go.id/img/c/900/014/900014525/6575-5-C1-PPWP-X1.jpg,https://pemilu2019.kpu.go.id/img/c/900/014/900014525/6575-5-C1-PPWP-X2.jpg
1651865566571900014508,ACEH,KOTA LHOKSEUMAWE,BLANG MANGAT,KEUDE PUNTEUET,TPS 1,2019-10-25 05:00:03,22,212,273,234,234,234,0,https://pemilu2019.kpu.go.id/img/c/900/014/900014508/6571-1-C1-PPWP-X1.jpg,https://pemilu2019.kpu.go.id/img/c/900/014/900014508/6571-1-C1-PPWP-X2.jpg
1651865566557900014467,ACEH,KOTA LHOKSEUMAWE,BLANG MANGAT,KUALA,TPS 1,2019-10-25 05:00:03,19,144,250,186,186,163,23,https://pemilu2019.kpu.go.id/img/c/900/014/900014467/6557-1-C1-PPWP-X1.jpg,https://pemilu2019.kpu.go.id/img/c/900/014/900014467/6557-1-C1-PPWP-X2.jpg
1651865566557900014468,ACEH,KOTA LHOKSEUMAWE,BLANG MANGAT,KUALA,TPS 2,2019-10-25 05:00:03,14,158,232,186,186,172,14,https://pemilu2019.kpu.go.id/img/c/900/014/900014468/6557-2-C1-PPWP-X1.jpg,https://pemilu2019.kpu.go.id/img/c/900/014/900014468/6557-2-C1-PPWP-X2.jpg
1651865566557900014469,ACEH,KOTA LHOKSEUMAWE,BLANG MANGAT,KUALA,TPS 3,2019-10-25 05:00:03,10,162,233,188,188,172,16,https://pemilu2019.kpu.go.id/img/c/900/014/900014469/6557-3-C1-PPWP-X1.jpg,https://pemilu2019.kpu.go.id/img/c/900/014/900014469/6557-3-C1-PPWP-X2.jpg
1651865566568900014496,ACEH,KOTA LHOKSEUMAWE,BLANG MANGAT,KUMBANG PUNTEUET,TPS 1,2019-10-25 05:00:03,18,196,278,227,227,214,13,https://pemilu2019.kpu.go.id/img/c/900/014/900014496/6568-1-C-XXX-X5.jpg,https://pemilu2019.kpu.go.id/img/c/900/014/900014496/6568-1-C-XXX-X6.jpg
1651865566568900014497,ACEH,KOTA LHOKSEUMAWE,BLANG MANGAT,KUMBANG PUNTEUET,TPS 2,2019-10-25 05:00:03,19,149,227,178,178,168,10,https://pemilu2019.kpu.go.id/img/c/900/014/900014497/6568-2-C-XXX-X5.jpg,https://pemilu2019.kpu.go.id/img/c/900/014/900014497/6568-2-C-XXX-X6.jpg
1651865566565900014487,ACEH,KOTA LHOKSEUMAWE,BLANG MANGAT,MANE KAREUNG,TPS 1,2019-10-25 05:00:03,13,159,224,180,180,172,8,https://pemilu2019.kpu.go.id/img/c/900/014/900014487/6565-1-C-XXX-X5.jpg,https://pemilu2019.kpu.go.id/img/c/900/014/900014487/6565-1-C-XXX-X6.jpg
1651865566565900014488,ACEH,KOTA LHOKSEUMAWE,BLANG MANGAT,MANE KAREUNG,TPS 2,2019-10-25 05:00:03,8,117,186,135,135,125,10,https://pemilu2019.kpu.go.id/img/c/900/014/900014488/6565-2-C-XXX-X5.jpg,https://pemilu2019.kpu.go.id/img/c/900/014/900014488/6565-2-C-XXX-X6.jpg
1651865566565900014489,ACEH,KOTA LHOKSEUMAWE,BLANG MANGAT,MANE KAREUNG,TPS 3,2019-10-25 05:00:03,12,147,229,166,166,159,7,https://pemilu2019.kpu.go.id/img/c/900/014/900014489/6565-3-C-XXX-X5.jpg,https://pemilu2019.kpu.go.id/img/c/900/014/900014489/6565-3-C-XXX-X6.jpg
1651865566569900014498,ACEH,KOTA LHOKSEUMAWE,BLANG MANGAT,MESJID PUNTEUET,TPS 1,2019-10-25 05:00:03,21,197,300,223,223,218,5,https://pemilu2019.kpu.go.id/img/c/900/014/900014498/6569-1-C1-PPWP-X1.jpg,https://pemilu2019.kpu.go.id/img/c/900/014/900014498/6569-1-C1-PPWP-X2.jpg
1651865566569900014499,ACEH,KOTA LHOKSEUMAWE,BLANG MANGAT,MESJID PUNTEUET,TPS 2,2019-10-25 05:00:03,16,209,292,231,231,225,6,https://pemilu2019.kpu.go.id/img/c/900/014/900014499/6569-2-C1-PPWP-X1.jpg,https://pemilu2019.kpu.go.id/img/c/900/014/900014499/6569-2-C1-PPWP-X2.jpg
1651865566569900014500,ACEH,KOTA LHOKSEUMAWE,BLANG MANGAT,MESJID PUNTEUET,TPS 3,2019-10-25 05:00:03,17,203,277,225,225,220,5,https://pemilu2019.kpu.go.id/img/c/900/014/900014500/6569-3-C1-PPWP-X1.jpg,https://pemilu2019.kpu.go.id/img/c/900/014/900014500/6569-3-C1-PPWP-X2.jpg
1651865566569900014501,ACEH,KOTA LHOKSEUMAWE,BLANG MANGAT,MESJID PUNTEUET,TPS 4,2019-10-25 05:00:03,16,199,297,223,223,215,8,https://pemilu2019.kpu.go.id/img/c/900/014/900014501/6569-4-C1-PPWP-X1.jpg,https://pemilu2019.kpu.go.id/img/c/900/014/900014501/6569-4-C1-PPWP-X2.jpg
1651865566569900014502,ACEH,KOTA LHOKSEUMAWE,BLANG MANGAT,MESJID PUNTEUET,TPS 5,2019-10-25 05:00:03,18,204,295,222,222,222,0,https://pemilu2019.kpu.go.id/img/c/900/014/900014502/6569-5-C1-PPWP-X1.jpg,https://pemilu2019.kpu.go.id/img/c/900/014/900014502/6569-5-C1-PPWP-X2.jpg
1651865566569900014503,ACEH,KOTA LHOKSEUMAWE,BLANG MANGAT,MESJID PUNTEUET,TPS 6,2019-10-25 05:00:03,15,169,298,188,188,4,184,https://pemilu2019.kpu.go.id/img/c/900/014/900014503/6569-6-C1-PPWP-X1.jpg,https://pemilu2019.kpu.go.id/img/c/900/014/900014503/6569-6-C1-PPWP-X2.jpg
1651865566569900014504,ACEH,KOTA LHOKSEUMAWE,BLANG MANGAT,MESJID PUNTEUET,TPS 7,2019-10-25 05:00:03,49,171,300,222,222,2,220,https://pemilu2019.kpu.go.id/img/c/900/014/900014504/6569-7-C1-PPWP-X1.jpg,https://pemilu2019.kpu.go.id/img/c/900/014/900014504/6569-7-C1-PPWP-X2.jpg
1651865566578900014532,ACEH,KOTA LHOKSEUMAWE,BLANG MANGAT,RAYEUK KAREUNG,TPS 1,2019-10-25 05:00:03,26,165,250,194,194,191,3,https://pemilu2019.kpu.go.id/img/c/900/014/900014532/6578-1-C1-PPWP-X1.jpg,https://pemilu2019.kpu.go.id/img/c/900/014/900014532/6578-1-C1-PPWP-X2.jpg
1651865566578900014533,ACEH,KOTA LHOKSEUMAWE,BLANG MANGAT,RAYEUK KAREUNG,TPS 2,2019-10-25 05:00:03,3,205,257,217,217,208,9,https://pemilu2019.kpu.go.id/img/c/900/014/900014533/6578-2-C1-PPWP-X1.jpg,https://pemilu2019.kpu.go.id/img/c/900/014/900014533/6578-2-C1-PPWP-X2.jpg
1651865566578900014534,ACEH,KOTA LHOKSEUMAWE,BLANG MANGAT,RAYEUK KAREUNG,TPS 3,2019-10-25 05:00:03,31,159,243,203,203,190,13,https://pemilu2019.kpu.go.id/img/c/900/014/900014534/6578-3-C1-PPWP-X1.jpg,https://pemilu2019.kpu.go.id/img/c/900/014/900014534/6578-3-C1-PPWP-X2.jpg
1651865566577900014530,ACEH,KOTA LHOKSEUMAWE,BLANG MANGAT,SEUNEUBOK,TPS 1,2019-10-25 05:00:03,19,161,220,188,188,180,8,https://pemilu2019.kpu.go.id/img/c/900/014/900014530/6577-1-C1-PPWP-X1.jpg,https://pemilu2019.kpu.go.id/img/c/900/014/900014530/6577-1-C1-PPWP-X2.jpg
1651865566577900014531,ACEH,KOTA LHOKSEUMAWE,BLANG MANGAT,SEUNEUBOK,TPS 2,2019-10-25 05:00:03,18,160,221,187,187,178,9,https://pemilu2019.kpu.go.id/img/c/900/014/900014531/6577-2-C1-PPWP-X1.jpg,https://pemilu2019.kpu.go.id/img/c/900/014/900014531/6577-2-C1-PPWP-X2.jpg
1651865566563900014483,ACEH,KOTA LHOKSEUMAWE,BLANG MANGAT,TEUNGOH,TPS 1,2019-10-25 05:00:03,8,150,190,164,164,158,6,https://pemilu2019.kpu.go.id/img/c/900/014/900014483/6563-1-C1-PPWP-X1.jpg,https://pemilu2019.kpu.go.id/img/c/900/014/900014483/6563-1-C1-PPWP-X2.jpg
1651865566563900014484,ACEH,KOTA LHOKSEUMAWE,BLANG MANGAT,TEUNGOH,TPS 2,2019-10-25 05:00:03,6,151,190,162,162,157,5,https://pemilu2019.kpu.go.id/img/c/900/014/900014484/1-6563-2-C1-PPWP-X1.jpg,https://pemilu2019.kpu.go.id/img/c/900/014/900014484/1-6563-2-C1-PPWP-X2.jpg
1651865566561900014479,ACEH,KOTA LHOKSEUMAWE,BLANG MANGAT,TUNONG,TPS 1,2019-10-25 05:00:03,11,166,228,183,183,177,6,https://pemilu2019.kpu.go.id/img/c/900/014/900014479/6561-1-C1-PPWP-X1.jpg,https://pemilu2019.kpu.go.id/img/c/900/014/900014479/6561-1-C1-PPWP-X2.jpg
1651865566561900014480,ACEH,KOTA LHOKSEUMAWE,BLANG MANGAT,TUNONG,TPS 2,2019-10-25 05:00:03,12,134,193,155,155,146,9,https://pemilu2019.kpu.go.id/img/c/900/014/900014480/6561-2-C1-PPWP-X1.jpg,https://pemilu2019.kpu.go.id/img/c/900/014/900014480/6561-2-C1-PPWP-X2.jpg
1651865566561900014481,ACEH,KOTA LHOKSEUMAWE,BLANG MANGAT,TUNONG,TPS 3,2019-10-25 05:00:03,7,144,202,153,153,151,2,https://pemilu2019.kpu.go.id/img/c/900/014/900014481/6561-3-C1-PPWP-X1.jpg,https://pemilu2019.kpu.go.id/img/c/900/014/900014481/6561-3-C1-PPWP-X2.jpg
1651865566570900014505,ACEH,KOTA LHOKSEUMAWE,BLANG MANGAT,ULEE BLANG MANE,TPS 1,2019-10-25 05:00:03,10,177,257,193,193,187,6,https://pemilu2019.kpu.go.id/img/c/900/014/900014505/6570-1-C1-PPWP-X1.jpg,https://pemilu2019.kpu.go.id/img/c/900/014/900014505/6570-1-C1-PPWP-X2.jpg
1651865566570900014506,ACEH,KOTA LHOKSEUMAWE,BLANG MANGAT,ULEE BLANG MANE,TPS 2,2019-10-25 05:00:03,10,164,240,177,177,174,3,https://pemilu2019.kpu.go.id/img/c/900/014/900014506/6570-2-C1-PPWP-X1.jpg,https://pemilu2019.kpu.go.id/img/c/900/014/900014506/6570-2-C1-PPWP-X2.jpg
1651865566570900014507,ACEH,KOTA LHOKSEUMAWE,BLANG MANGAT,ULEE BLANG MANE,TPS 3,2019-10-25 05:00:03,23,197,279,226,226,220,6,https://pemilu2019.kpu.go.id/img/c/900/014/900014507/6570-3-C1-PPWP-X1.jpg,https://pemilu2019.kpu.go.id/img/c/900/014/900014507/6570-3-C1-PPWP-X2.jpg
1651865196520900014145,ACEH,KOTA LHOKSEUMAWE,MUARA DUA,ALUE AWE,TPS 1,2019-10-25 05:00:03,17,214,300,235,235,231,4,https://pemilu2019.kpu.go.id/img/c/900/014/900014145/6520-1-C1-PPWP-X1.jpg,https://pemilu2019.kpu.go.id/img/c/900/014/900014145/6520-1-C1-PPWP-X2.jpg
1651865196520900014146,ACEH,KOTA LHOKSEUMAWE,MUARA DUA,ALUE AWE,TPS 2,2019-10-25 05:00:03,13,197,300,223,223,210,13,https://pemilu2019.kpu.go.id/img/c/900/014/900014146/1-6520-2-C1-PPWP-X1.jpg,https://pemilu2019.kpu.go.id/img/c/900/014/900014146/1-6520-2-C1-PPWP-X2.jpg
1651865196520900014147,ACEH,KOTA LHOKSEUMAWE,MUARA DUA,ALUE AWE,TPS 3,2019-10-25 05:00:03,12,212,300,236,236,224,12,https://pemilu2019.kpu.go.id/img/c/900/014/900014147/6520-3-C1-PPWP-X1.jpg,https://pemilu2019.kpu.go.id/img/c/900/014/900014147/6520-3-C1-PPWP-X2.jpg
1651865196520900014148,ACEH,KOTA LHOKSEUMAWE,MUARA DUA,ALUE AWE,TPS 4,2019-10-25 05:00:03,8,239,300,249,249,247,2,https://pemilu2019.kpu.go.id/img/c/900/014/900014148/6520-4-C1-PPWP-X1.jpg,https://pemilu2019.kpu.go.id/img/c/900/014/900014148/6520-4-C1-PPWP-X2.jpg
1651865196520900014149,ACEH,KOTA LHOKSEUMAWE,MUARA DUA,ALUE AWE,TPS 5,2019-10-25 05:00:03,6,219,300,225,225,225,0,https://pemilu2019.kpu.go.id/img/c/900/014/900014149/6520-5-C1-PPWP-X1.jpg,https://pemilu2019.kpu.go.id/img/c/900/014/900014149/6520-5-C1-PPWP-X2.jpg
1651865196520900014150,ACEH,KOTA LHOKSEUMAWE,MUARA DUA,ALUE AWE,TPS 6,2019-10-25 05:00:03,15,210,300,226,226,225,1,https://pemilu2019.kpu.go.id/img/c/900/014/900014150/6520-6-C1-PPWP-X1.jpg,https://pemilu2019.kpu.go.id/img/c/900/014/900014150/6520-6-C1-PPWP-X2.jpg
1651865196521900014151,ACEH,KOTA LHOKSEUMAWE,MUARA DUA,BLANG CRUM,TPS 1,2019-10-25 05:00:03,11,234,299,259,259,245,14,https://pemilu2019.kpu.go.id/img/c/900/014/900014151/6521-1-C1-PPWP-X1.jpg,https://pemilu2019.kpu.go.id/img/c/900/014/900014151/6521-1-C1-PPWP-X2.jpg
1651865196521900014152,ACEH,KOTA LHOKSEUMAWE,MUARA DUA,BLANG CRUM,TPS 2,2019-10-25 05:00:03,14,202,295,232,232,216,16,https://pemilu2019.kpu.go.id/img/c/900/014/900014152/6521-2-C1-PPWP-X1.jpg,https://pemilu2019.kpu.go.id/img/c/900/014/900014152/6521-2-C1-PPWP-X2.jpg
1651865196521900014153,ACEH,KOTA LHOKSEUMAWE,MUARA DUA,BLANG CRUM,TPS 3,2019-10-25 05:00:03,14,184,297,206,206,198,8,https://pemilu2019.kpu.go.id/img/c/900/014/900014153/6521-3-C1-PPWP-X1.jpg,https://pemilu2019.kpu.go.id/img/c/900/014/900014153/6521-3-C1-PPWP-X2.jpg
1651865196521900014154,ACEH,KOTA LHOKSEUMAWE,MUARA DUA,BLANG CRUM,TPS 4,2019-10-25 05:00:03,13,198,300,227,227,211,16,https://pemilu2019.kpu.go.id/img/c/900/014/900014154/6521-4-C1-PPWP-X1.jpg,https://pemilu2019.kpu.go.id/img/c/900/014/900014154/6521-4-C1-PPWP-X2.jpg
1651865196521900014155,ACEH,KOTA LHOKSEUMAWE,MUARA DUA,BLANG CRUM,TPS 5,2019-10-25 05:00:03,11,234,300,253,253,245,8,https://pemilu2019.kpu.go.id/img/c/900/014/900014155/6521-5-C1-PPWP-X1.jpg,https://pemilu2019.kpu.go.id/img/c/900/014/900014155/6521-5-C1-PPWP-X2.jpg
1651865196521900014156,ACEH,KOTA LHOKSEUMAWE,MUARA DUA,BLANG CRUM,TPS 6,2019-10-25 05:00:03,17,202,296,230,230,219,11,https://pemilu2019.kpu.go.id/img/c/900/014/900014156/6521-6-C1-PPWP-X1.jpg,https://pemilu2019.kpu.go.id/img/c/900/014/900014156/6521-6-C1-PPWP-X2.jpg
1651865196521900014157,ACEH,KOTA LHOKSEUMAWE,MUARA DUA,BLANG CRUM,TPS 7,2019-10-25 05:00:03,12,203,302,222,222,215,7,https://pemilu2019.kpu.go.id/img/c/900/014/900014157/6521-7-C1-PPWP-X1.jpg,https://pemilu2019.kpu.go.id/img/c/900/014/900014157/6521-7-C1-PPWP-X2.jpg
1651865196533900014249,ACEH,KOTA LHOKSEUMAWE,MUARA DUA,BLANG POROH,TPS 1,2019-10-25 05:00:03,16,175,239,204,204,191,13,https://pemilu2019.kpu.go.id/img/c/900/014/900014249/6533-1-C1-PPWP-X1.jpg,https://pemilu2019.kpu.go.id/img/c/900/014/900014249/6533-1-C1-PPWP-X2.jpg
1651865196533900014250,ACEH,KOTA LHOKSEUMAWE,MUARA DUA,BLANG POROH,TPS 2,2019-10-25 05:00:03,17,186,255,216,216,203,13,https://pemilu2019.kpu.go.id/img/c/900/014/900014250/6533-2-C1-PPWP-X1.jpg,https://pemilu2019.kpu.go.id/img/c/900/014/900014250/6533-2-C1-PPWP-X2.jpg
1651865196533900014251,ACEH,KOTA LHOKSEUMAWE,MUARA DUA,BLANG POROH,TPS 3,2019-10-25 05:00:03,13,202,278,220,220,215,5,https://pemilu2019.kpu.go.id/img/c/900/014/900014251/6533-3-C1-PPWP-X1.jpg,https://pemilu2019.kpu.go.id/img/c/900/014/900014251/6533-3-C1-PPWP-X2.jpg
1651865196524900014171,ACEH,KOTA LHOKSEUMAWE,MUARA DUA,COT GIREK KANDANG,TPS 1,2019-10-25 05:00:03,15,223,319,241,241,238,3,https://pemilu2019.kpu.go.id/img/c/900/014/900014171/6524-1-C1-PPWP-X1.jpg,https://pemilu2019.kpu.go.id/img/c/900/014/900014171/6524-1-C1-PPWP-X2.jpg
1651865196524900014172,ACEH,KOTA LHOKSEUMAWE,MUARA DUA,COT GIREK KANDANG,TPS 2,2019-10-25 05:00:03,25,219,318,249,249,244,5,https://pemilu2019.kpu.go.id/img/c/900/014/900014172/6524-2-C1-PPWP-X1.jpg,https://pemilu2019.kpu.go.id/img/c/900/014/900014172/6524-2-C1-PPWP-X2.jpg
1651865196524900014173,ACEH,KOTA LHOKSEUMAWE,MUARA DUA,COT GIREK KANDANG,TPS 3,2019-10-25 05:00:03,13,219,319,242,242,232,10,https://pemilu2019.kpu.go.id/img/c/900/014/900014173/1-6524-3-C1-PPWP-01.jpg,https://pemilu2019.kpu.go.id/img/c/900/014/900014173/1-6524-3-C1-PPWP-X2.jpg
1651865196524900014174,ACEH,KOTA LHOKSEUMAWE,MUARA DUA,COT GIREK KANDANG,TPS 4,2019-10-25 05:00:03,12,231,316,249,249,243,6,https://pemilu2019.kpu.go.id/img/c/900/014/900014174/1-6524-4-C1-PPWP-X1.jpg,https://pemilu2019.kpu.go.id/img/c/900/014/900014174/1-6524-4-C1-PPWP-X2.jpg
1651865196524900014175,ACEH,KOTA LHOKSEUMAWE,MUARA DUA,COT GIREK KANDANG,TPS 5,2019-10-25 05:00:03,11,222,307,240,240,233,7,https://pemilu2019.kpu.go.id/img/c/900/014/900014175/6524-5-C1-PPWP-X1.jpg,https://pemilu2019.kpu.go.id/img/c/900/014/900014175/6524-5-C1-PPWP-X2.jpg
1651865196524900014176,ACEH,KOTA LHOKSEUMAWE,MUARA DUA,COT GIREK KANDANG,TPS 6,2019-10-25 05:00:03,18,202,298,224,224,220,4,https://pemilu2019.kpu.go.id/img/c/900/014/900014176/2-6524-6-C1-PPWP-X1.jpg,https://pemilu2019.kpu.go.id/img/c/900/014/900014176/2-6524-6-C1-PPWP-X2.jpg
1651865196522900014158,ACEH,KOTA LHOKSEUMAWE,MUARA DUA,CUT MAMPLAM,TPS 1,2019-10-25 05:00:03,18,184,251,214,214,202,12,https://pemilu2019.kpu.go.id/img/c/900/014/900014158/6522-1-C1-PPWP-X1.jpg,https://pemilu2019.kpu.go.id/img/c/900/014/900014158/6522-1-C1-PPWP-X2.jpg
1651865196522900014159,ACEH,KOTA LHOKSEUMAWE,MUARA DUA,CUT MAMPLAM,TPS 2,2019-10-25 05:00:03,13,171,258,195,195,184,11,https://pemilu2019.kpu.go.id/img/c/900/014/900014159/6522-2-C1-PPWP-X1.jpg,https://pemilu2019.kpu.go.id/img/c/900/014/900014159/6522-2-C1-PPWP-X2.jpg
1651865196522900014160,ACEH,KOTA LHOKSEUMAWE,MUARA DUA,CUT MAMPLAM,TPS 3,2019-10-25 05:00:03,19,188,247,216,216,9,207,https://pemilu2019.kpu.go.id/img/c/900/014/900014160/6522-3-C1-PPWP-X1.jpg,https://pemilu2019.kpu.go.id/img/c/900/014/900014160/6522-3-C1-PPWP-X2.jpg
1651865196522900014161,ACEH,KOTA LHOKSEUMAWE,MUARA DUA,CUT MAMPLAM,TPS 4,2019-10-25 05:00:03,24,171,250,209,209,195,14,https://pemilu2019.kpu.go.id/img/c/900/014/900014161/6522-4-C1-PPWP-X1.jpg,https://pemilu2019.kpu.go.id/img/c/900/014/900014161/6522-4-C1-PPWP-X2.jpg
1651865196522900014162,ACEH,KOTA LHOKSEUMAWE,MUARA DUA,CUT MAMPLAM,TPS 5,2019-10-25 05:00:03,17,181,261,218,218,198,20,https://pemilu2019.kpu.go.id/img/c/900/014/900014162/6522-5-C1-PPWP-X1.jpg,https://pemilu2019.kpu.go.id/img/c/900/014/900014162/6522-5-C1-PPWP-X2.jpg
1651865196522900014163,ACEH,KOTA LHOKSEUMAWE,MUARA DUA,CUT MAMPLAM,TPS 6,2019-10-25 05:00:03,10,191,260,210,210,201,9,https://pemilu2019.kpu.go.id/img/c/900/014/900014163/6522-6-C1-PPWP-X1.jpg,https://pemilu2019.kpu.go.id/img/c/900/014/900014163/6522-6-C1-PPWP-X2.jpg
1651865196525900014177,ACEH,KOTA LHOKSEUMAWE,MUARA DUA,KEUDE CUNDA,TPS 1,2019-10-25 05:00:03,15,168,260,187,187,183,4,https://pemilu2019.kpu.go.id/img/c/900/014/900014177/6525-1-C1-PPWP-X1.jpg,https://pemilu2019.kpu.go.id/img/c/900/014/900014177/6525-1-C1-PPWP-X2.jpg
1651865196525900014178,ACEH,KOTA LHOKSEUMAWE,MUARA DUA,KEUDE CUNDA,TPS 2,2019-10-25 05:00:03,15,192,260,207,207,207,0,https://pemilu2019.kpu.go.id/img/c/900/014/900014178/6525-2-C1-PPWP-X1.jpg,https://pemilu2019.kpu.go.id/img/c/900/014/900014178/6525-2-C1-PPWP-X2.jpg
1651865196525900014179,ACEH,KOTA LHOKSEUMAWE,MUARA DUA,KEUDE CUNDA,TPS 3,2019-10-25 05:00:03,20,176,254,202,202,196,6,https://pemilu2019.kpu.go.id/img/c/900/014/900014179/6525-3-C1-PPWP-X1.jpg,https://pemilu2019.kpu.go.id/img/c/900/014/900014179/6525-3-C1-PPWP-X2.jpg
1651865196525900014180,ACEH,KOTA LHOKSEUMAWE,MUARA DUA,KEUDE CUNDA,TPS 4,2019-10-25 05:00:03,25,172,268,201,201,197,4,https://pemilu2019.kpu.go.id/img/c/900/014/900014180/6525-4-C1-PPWP-X1.jpg,https://pemilu2019.kpu.go.id/img/c/900/014/900014180/6525-4-C1-PPWP-X2.jpg
1651865196525900014181,ACEH,KOTA LHOKSEUMAWE,MUARA DUA,KEUDE CUNDA,TPS 5,2019-10-25 05:00:03,37,154,263,194,194,191,3,https://pemilu2019.kpu.go.id/img/c/900/014/900014181/6525-5-C1-PPWP-X1.jpg,https://pemilu2019.kpu.go.id/img/c/900/014/900014181/6525-5-C1-PPWP-X2.jpg
1651865196527900014196,ACEH,KOTA LHOKSEUMAWE,MUARA DUA,LHOK MON PUTEH,TPS 1,2019-10-25 05:00:03,21,146,203,173,173,167,6,https://pemilu2019.kpu.go.id/img/c/900/014/900014196/6527-1-C1-PPWP-X1.jpg,https://pemilu2019.kpu.go.id/img/c/900/014/900014196/6527-1-C1-PPWP-X2.jpg
1651865196527900014197,ACEH,KOTA LHOKSEUMAWE,MUARA DUA,LHOK MON PUTEH,TPS 2,2019-10-25 05:00:03,21,150,204,174,174,171,3,https://pemilu2019.kpu.go.id/img/c/900/014/900014197/6527-2-C1-PPWP-X1.jpg,https://pemilu2019.kpu.go.id/img/c/900/014/900014197/6527-2-C1-PPWP-X2.jpg
1651865196527900014198,ACEH,KOTA LHOKSEUMAWE,MUARA DUA,LHOK MON PUTEH,TPS 3,2019-10-25 05:00:03,11,156,207,169,169,167,2,https://pemilu2019.kpu.go.id/img/c/900/014/900014198/6527-3-C1-PPWP-X1.jpg,https://pemilu2019.kpu.go.id/img/c/900/014/900014198/6527-3-C1-PPWP-X2.jpg
1651865196531900014234,ACEH,KOTA LHOKSEUMAWE,MUARA DUA,MEUNASAH ALUE,TPS 1,2019-10-25 05:00:03,10,207,281,222,222,217,5,https://pemilu2019.kpu.go.id/img/c/900/014/900014234/6531-1-C1-PPWP-X1.jpg,https://pemilu2019.kpu.go.id/img/c/900/014/900014234/6531-1-C1-PPWP-X2.jpg
1651865196531900014235,ACEH,KOTA LHOKSEUMAWE,MUARA DUA,MEUNASAH ALUE,TPS 2,2019-10-25 05:00:03,13,204,281,220,220,217,3,https://pemilu2019.kpu.go.id/img/c/900/014/900014235/7-6531-2-C1-PPWP-X1.jpg,https://pemilu2019.kpu.go.id/img/c/900/014/900014235/7-6531-2-C1-PPWP-X2.jpg
1651865196531900014236,ACEH,KOTA LHOKSEUMAWE,MUARA DUA,MEUNASAH ALUE,TPS 3,2019-10-25 05:00:03,18,208,300,233,233,226,7,https://pemilu2019.kpu.go.id/img/c/900/014/900014236/3-6531-3-C1-PPWP-X1.jpg,https://pemilu2019.kpu.go.id/img/c/900/014/900014236/3-6531-3-C1-PPWP-X2.jpg
1651865196531900014237,ACEH,KOTA LHOKSEUMAWE,MUARA DUA,MEUNASAH ALUE,TPS 4,2019-10-25 05:00:03,13,202,277,221,221,215,6,https://pemilu2019.kpu.go.id/img/c/900/014/900014237/2-6531-4-C-XXX-X5.jpg,https://pemilu2019.kpu.go.id/img/c/900/014/900014237/2-6531-4-C-XXX-X6.jpg
1651865196531900014238,ACEH,KOTA LHOKSEUMAWE,MUARA DUA,MEUNASAH ALUE,TPS 5,2019-10-25 05:00:03,11,209,271,225,225,220,5,https://pemilu2019.kpu.go.id/img/c/900/014/900014238/1-6531-5-C-XXX-X5.jpg,https://pemilu2019.kpu.go.id/img/c/900/014/900014238/1-6531-5-C-XXX-X6.jpg
1651865196531900014239,ACEH,KOTA LHOKSEUMAWE,MUARA DUA,MEUNASAH ALUE,TPS 6,2019-10-25 05:00:03,11,185,283,203,203,196,7,https://pemilu2019.kpu.go.id/img/c/900/014/900014239/3-6531-6-C-XXX-X5.jpg,https://pemilu2019.kpu.go.id/img/c/900/014/900014239/3-6531-6-C-XXX-X6.jpg
1651865196531900014240,ACEH,KOTA LHOKSEUMAWE,MUARA DUA,MEUNASAH ALUE,TPS 7,2019-10-25 05:00:03,24,188,305,219,219,212,7,https://pemilu2019.kpu.go.id/img/c/900/014/900014240/1-6531-7-C-XXX-X5.jpg,https://pemilu2019.kpu.go.id/img/c/900/014/900014240/1-6531-7-C-XXX-X6.jpg
1651865196535900014256,ACEH,KOTA LHOKSEUMAWE,MUARA DUA,MEUNASAH BLANG,TPS 1,2019-10-25 05:00:03,17,213,290,232,232,230,2,https://pemilu2019.kpu.go.id/img/c/900/014/900014256/6535-1-C1-PPWP-X1.jpg,https://pemilu2019.kpu.go.id/img/c/900/014/900014256/6535-1-C1-PPWP-X2.jpg
1651865196535900014257,ACEH,KOTA LHOKSEUMAWE,MUARA DUA,MEUNASAH BLANG,TPS 2,2019-10-25 05:00:03,18,217,286,240,240,235,5,https://pemilu2019.kpu.go.id/img/c/900/014/900014257/2-6535-2-C1-PPWP-X1.jpg,https://pemilu2019.kpu.go.id/img/c/900/014/900014257/2-6535-2-C1-PPWP-X2.jpg
1651865196535900014258,ACEH,KOTA LHOKSEUMAWE,MUARA DUA,MEUNASAH BLANG,TPS 3,2019-10-25 05:00:03,19,206,288,239,239,225,14,https://pemilu2019.kpu.go.id/img/c/900/014/900014258/6535-3-C1-PPWP-X1.jpg,https://pemilu2019.kpu.go.id/img/c/900/014/900014258/6535-3-C1-PPWP-X2.jpg
1651865196535900014259,ACEH,KOTA LHOKSEUMAWE,MUARA DUA,MEUNASAH BLANG,TPS 4,2019-10-25 05:00:03,6,212,285,222,222,218,4,https://pemilu2019.kpu.go.id/img/c/900/014/900014259/6535-4-C1-PPWP-X1.jpg,https://pemilu2019.kpu.go.id/img/c/900/014/900014259/6535-4-C1-PPWP-X2.jpg
1651865196535900014260,ACEH,KOTA LHOKSEUMAWE,MUARA DUA,MEUNASAH BLANG,TPS 5,2019-10-25 05:00:03,13,205,287,224,224,218,6,https://pemilu2019.kpu.go.id/img/c/900/014/900014260/6535-5-C1-PPWP-X1.jpg,https://pemilu2019.kpu.go.id/img/c/900/014/900014260/6535-5-C1-PPWP-X2.jpg
1651865196535900014261,ACEH,KOTA LHOKSEUMAWE,MUARA DUA,MEUNASAH BLANG,TPS 6,2019-10-25 05:00:03,15,197,286,219,219,212,7,https://pemilu2019.kpu.go.id/img/c/900/014/900014261/6535-6-C1-PPWP-X1.jpg,https://pemilu2019.kpu.go.id/img/c/900/014/900014261/6535-6-C1-PPWP-X2.jpg
1651865196534900014252,ACEH,KOTA LHOKSEUMAWE,MUARA DUA,MEUNASAH MANYANG,TPS 1,2019-10-25 05:00:03,20,171,254,210,210,191,19,https://pemilu2019.kpu.go.id/img/c/900/014/900014252/6534-1-C1-PPWP-X1.jpg,https://pemilu2019.kpu.go.id/img/c/900/014/900014252/6534-1-C1-PPWP-X2.jpg
1651865196534900014253,ACEH,KOTA LHOKSEUMAWE,MUARA DUA,MEUNASAH MANYANG,TPS 2,2019-10-25 05:00:03,14,211,261,238,238,225,13,https://pemilu2019.kpu.go.id/img/c/900/014/900014253/6534-2-C1-PPWP-X1.jpg,https://pemilu2019.kpu.go.id/img/c/900/014/900014253/6534-2-C1-PPWP-X2.jpg
1651865196534900014254,ACEH,KOTA LHOKSEUMAWE,MUARA DUA,MEUNASAH MANYANG,TPS 3,2019-10-25 05:00:03,13,192,254,236,236,205,31,https://pemilu2019.kpu.go.id/img/c/900/014/900014254/6534-3-C1-PPWP-X1.jpg,https://pemilu2019.kpu.go.id/img/c/900/014/900014254/6534-3-C1-PPWP-X2.jpg
1651865196534900014255,ACEH,KOTA LHOKSEUMAWE,MUARA DUA,MEUNASAH MANYANG,TPS 4,2019-10-25 05:00:03,24,158,250,186,186,182,4,https://pemilu2019.kpu.go.id/img/c/900/014/900014255/6534-4-C1-PPWP-X1.jpg,https://pemilu2019.kpu.go.id/img/c/900/014/900014255/6534-4-C1-PPWP-X2.jpg
1651865196523900014164,ACEH,KOTA LHOKSEUMAWE,MUARA DUA,MEUNASAH MEE,TPS 1,2019-10-25 05:00:03,9,197,277,211,211,206,5,https://pemilu2019.kpu.go.id/img/c/900/014/900014164/6523-1-C1-PPWP-X1.jpg,https://pemilu2019.kpu.go.id/img/c/900/014/900014164/6523-1-C1-PPWP-X2.jpg
1651865196523900014165,ACEH,KOTA LHOKSEUMAWE,MUARA DUA,MEUNASAH MEE,TPS 2,2019-10-25 05:00:03,19,185,265,212,212,204,8,https://pemilu2019.kpu.go.id/img/c/900/014/900014165/6523-2-C1-PPWP-X1.jpg,https://pemilu2019.kpu.go.id/img/c/900/014/900014165/6523-2-C1-PPWP-X2.jpg
1651865196523900014166,ACEH,KOTA LHOKSEUMAWE,MUARA DUA,MEUNASAH MEE,TPS 3,2019-10-25 05:00:03,17,174,247,202,202,191,11,https://pemilu2019.kpu.go.id/img/c/900/014/900014166/6523-3-C1-PPWP-X1.jpg,https://pemilu2019.kpu.go.id/img/c/900/014/900014166/6523-3-C1-PPWP-X2.jpg
1651865196523900014167,ACEH,KOTA LHOKSEUMAWE,MUARA DUA,MEUNASAH MEE,TPS 4,2019-10-25 05:00:03,27,151,258,194,194,178,16,https://pemilu2019.kpu.go.id/img/c/900/014/900014167/6523-4-C1-PPWP-X1.jpg,https://pemilu2019.kpu.go.id/img/c/900/014/900014167/6523-4-C1-PPWP-X2.jpg
1651865196523900014168,ACEH,KOTA LHOKSEUMAWE,MUARA DUA,MEUNASAH MEE,TPS 5,2019-10-25 05:00:03,16,172,270,195,195,188,7,https://pemilu2019.kpu.go.id/img/c/900/014/900014168/6523-5-C1-PPWP-X1.jpg,https://pemilu2019.kpu.go.id/img/c/900/014/900014168/6523-5-C1-PPWP-X2.jpg
1651865196523900014169,ACEH,KOTA LHOKSEUMAWE,MUARA DUA,MEUNASAH MEE,TPS 6,2019-10-25 05:00:03,30,170,264,208,208,200,8,https://pemilu2019.kpu.go.id/img/c/900/014/900014169/6523-6-C1-PPWP-X1.jpg,https://pemilu2019.kpu.go.id/img/c/900/014/900014169/6523-6-C1-PPWP-X2.jpg
1651865196523900014170,ACEH,KOTA LHOKSEUMAWE,MUARA DUA,MEUNASAH MEE,TPS 7,2019-10-25 05:00:03,22,186,293,218,218,208,10,https://pemilu2019.kpu.go.id/img/c/900/014/900014170/6523-7-C1-PPWP-X1.jpg,https://pemilu2019.kpu.go.id/img/c/900/014/900014170/6523-7-C1-PPWP-X2.jpg
1651865196528900014199,ACEH,KOTA LHOKSEUMAWE,MUARA DUA,MEUNASAH MESJID,TPS 01,2019-10-25 05:00:03,22,193,273,219,219,215,4,https://pemilu2019.kpu.go.id/img/c/900/014/900014199/2-6528-01-C1-PPWP-01.jpg,https://pemilu2019.kpu.go.id/img/c/900/014/900014199/2-6528-01-C1-PPWP-X2.jpg
1651865196528900014200,ACEH,KOTA LHOKSEUMAWE,MUARA DUA,MEUNASAH MESJID,TPS 02,2019-10-25 05:00:03,13,177,263,193,193,190,3,https://pemilu2019.kpu.go.id/img/c/900/014/900014200/6528-02-C1-PPWP-X1.jpg,https://pemilu2019.kpu.go.id/img/c/900/014/900014200/6528-02-C1-PPWP-X2.jpg
1651865196528900014201,ACEH,KOTA LHOKSEUMAWE,MUARA DUA,MEUNASAH MESJID,TPS 03,2019-10-25 05:00:03,19,150,259,171,171,169,2,https://pemilu2019.kpu.go.id/img/c/900/014/900014201/6528-03-C-XXX-X5.jpg,https://pemilu2019.kpu.go.id/img/c/900/014/900014201/6528-03-C-XXX-X6.jpg
1651865196528900014202,ACEH,KOTA LHOKSEUMAWE,MUARA DUA,MEUNASAH MESJID,TPS 04,2019-10-25 05:00:03,13,166,246,179,179,179,0,https://pemilu2019.kpu.go.id/img/c/900/014/900014202/2-6528-04-C1-PPWP-01.jpg,https://pemilu2019.kpu.go.id/img/c/900/014/900014202/2-6528-04-C1-PPWP-02.jpg
1651865196528900014203,ACEH,KOTA LHOKSEUMAWE,MUARA DUA,MEUNASAH MESJID,TPS 05,2019-10-25 05:00:03,20,192,287,216,216,212,4,https://pemilu2019.kpu.go.id/img/c/900/014/900014203/6528-05-C-XXX-X5.jpg,https://pemilu2019.kpu.go.id/img/c/900/014/900014203/6528-05-C-XXX-X6.jpg
1651865196528900014204,ACEH,KOTA LHOKSEUMAWE,MUARA DUA,MEUNASAH MESJID,TPS 06,2019-10-25 05:00:03,9,171,264,181,181,180,1,https://pemilu2019.kpu.go.id/img/c/900/014/900014204/6528-06-C1-PPWP-X1.jpg,https://pemilu2019.kpu.go.id/img/c/900/014/900014204/6528-06-C1-PPWP-X2.jpg
1651865196528900014205,ACEH,KOTA LHOKSEUMAWE,MUARA DUA,MEUNASAH MESJID,TPS 07,2019-10-25 05:00:03,10,205,285,216,216,215,1,https://pemilu2019.kpu.go.id/img/c/900/014/900014205/6528-07-C1-PPWP-X1.jpg,https://pemilu2019.kpu.go.id/img/c/900/014/900014205/6528-07-C1-PPWP-X2.jpg
1651865196528900014206,ACEH,KOTA LHOKSEUMAWE,MUARA DUA,MEUNASAH MESJID,TPS 08,2019-10-25 05:00:03,17,208,301,229,229,225,4,https://pemilu2019.kpu.go.id/img/c/900/014/900014206/6528-08-C1-PPWP-X1.jpg,https://pemilu2019.kpu.go.id/img/c/900/014/900014206/6528-08-C1-PPWP-X2.jpg
1651865196528900014207,ACEH,KOTA LHOKSEUMAWE,MUARA DUA,MEUNASAH MESJID,TPS 09,2019-10-25 05:00:03,10,175,291,193,193,185,8,https://pemilu2019.kpu.go.id/img/c/900/014/900014207/6528-09-C1-PPWP-X1.jpg,https://pemilu2019.kpu.go.id/img/c/900/014/900014207/6528-09-C1-PPWP-X2.jpg
1651865196528900014208,ACEH,KOTA LHOKSEUMAWE,MUARA DUA,MEUNASAH MESJID,TPS 10,2019-10-25 05:00:03,12,195,297,210,210,207,3,https://pemilu2019.kpu.go.id/img/c/900/014/900014208/6528-10-C1-PPWP-X1.jpg,https://pemilu2019.kpu.go.id/img/c/900/014/900014208/6528-10-C1-PPWP-X2.jpg
1651865196528900014209,ACEH,KOTA LHOKSEUMAWE,MUARA DUA,MEUNASAH MESJID,TPS 11,2019-10-25 05:00:03,27,205,279,236,236,232,4,https://pemilu2019.kpu.go.id/img/c/900/014/900014209/6528-11-C1-PPWP-X1.jpg,https://pemilu2019.kpu.go.id/img/c/900/014/900014209/6528-11-C1-PPWP-X2.jpg
1651865196528900014210,ACEH,KOTA LHOKSEUMAWE,MUARA DUA,MEUNASAH MESJID,TPS 12,2019-10-25 05:00:03,12,171,265,185,185,183,2,https://pemilu2019.kpu.go.id/img/c/900/014/900014210/6528-12-C1-PPWP-X1.jpg,https://pemilu2019.kpu.go.id/img/c/900/014/900014210/6528-12-C1-PPWP-X2.jpg
1651865196528900014211,ACEH,KOTA LHOKSEUMAWE,MUARA DUA,MEUNASAH MESJID,TPS 13,2019-10-25 05:00:03,18,178,263,202,202,196,6,https://pemilu2019.kpu.go.id/img/c/900/014/900014211/6528-13-C1-PPWP-X1.jpg,https://pemilu2019.kpu.go.id/img/c/900/014/900014211/6528-13-C1-PPWP-X2.jpg
1651865196528900014212,ACEH,KOTA LHOKSEUMAWE,MUARA DUA,MEUNASAH MESJID,TPS 14,2019-10-25 05:00:03,8,174,271,184,184,182,2,https://pemilu2019.kpu.go.id/img/c/900/014/900014212/6528-14-C1-PPWP-X1.jpg,https://pemilu2019.kpu.go.id/img/c/900/014/900014212/6528-14-C1-PPWP-X2.jpg
1651865196528900014213,ACEH,KOTA LHOKSEUMAWE,MUARA DUA,MEUNASAH MESJID,TPS 15,2019-10-25 05:00:03,15,187,262,204,204,202,2,https://pemilu2019.kpu.go.id/img/c/900/014/900014213/6528-15-C1-PPWP-X1.jpg,https://pemilu2019.kpu.go.id/img/c/900/014/900014213/6528-15-C1-PPWP-X2.jpg
1651865196528900014214,ACEH,KOTA LHOKSEUMAWE,MUARA DUA,MEUNASAH MESJID,TPS 16,2019-10-25 05:00:03,11,131,224,143,143,142,1,https://pemilu2019.kpu.go.id/img/c/900/014/900014214/6528-16-C1-PPWP-X1.jpg,https://pemilu2019.kpu.go.id/img/c/900/014/900014214/6528-16-C1-PPWP-X2.jpg
1651865196528900014215,ACEH,KOTA LHOKSEUMAWE,MUARA DUA,MEUNASAH MESJID,TPS 17,2019-10-25 05:00:03,22,166,285,191,191,188,3,https://pemilu2019.kpu.go.id/img/c/900/014/900014215/6528-17-C1-PPWP-X1.jpg,https://pemilu2019.kpu.go.id/img/c/900/014/900014215/6528-17-C1-PPWP-X2.jpg
1651865196528900014216,ACEH,KOTA LHOKSEUMAWE,MUARA DUA,MEUNASAH MESJID,TPS 18,2019-10-25 05:00:03,12,190,269,203,203,202,1,https://pemilu2019.kpu.go.id/img/c/900/014/900014216/6528-18-C1-PPWP-X1.jpg,https://pemilu2019.kpu.go.id/img/c/900/014/900014216/6528-18-C1-PPWP-X2.jpg
1651865196528900014217,ACEH,KOTA LHOKSEUMAWE,MUARA DUA,MEUNASAH MESJID,TPS 19,2019-10-25 05:00:03,13,184,264,203,203,197,6,https://pemilu2019.kpu.go.id/img/c/900/014/900014217/6528-19-C1-PPWP-X1.jpg,https://pemilu2019.kpu.go.id/img/c/900/014/900014217/6528-19-C1-PPWP-X2.jpg
1651865196536900014262,ACEH,KOTA LHOKSEUMAWE,MUARA DUA,PALOH BATEE,TPS 1,2019-10-25 05:00:03,21,158,219,182,182,179,3,https://pemilu2019.kpu.go.id/img/c/900/014/900014262/6536-1-C1-PPWP-X1.jpg,https://pemilu2019.kpu.go.id/img/c/900/014/900014262/6536-1-C1-PPWP-X2.jpg
1651865196536900014263,ACEH,KOTA LHOKSEUMAWE,MUARA DUA,PALOH BATEE,TPS 2,2019-10-25 05:00:03,11,171,222,189,189,182,7,https://pemilu2019.kpu.go.id/img/c/900/014/900014263/6536-2-C1-PPWP-X1.jpg,https://pemilu2019.kpu.go.id/img/c/900/014/900014263/6536-2-C1-PPWP-X2.jpg
1651865196536900014264,ACEH,KOTA LHOKSEUMAWE,MUARA DUA,PALOH BATEE,TPS 3,2019-10-25 05:00:03,18,179,237,206,206,197,9,https://pemilu2019.kpu.go.id/img/c/900/014/900014264/6536-3-C1-PPWP-X1.jpg,https://pemilu2019.kpu.go.id/img/c/900/014/900014264/6536-3-C1-PPWP-X2.jpg
1651865196529900014218,ACEH,KOTA LHOKSEUMAWE,MUARA DUA,PANGGOI,TPS 01,2019-10-25 05:00:03,10,200,287,218,218,210,8,https://pemilu2019.kpu.go.id/img/c/900/014/900014218/6529-01-C1-PPWP-X1.jpg,https://pemilu2019.kpu.go.id/img/c/900/014/900014218/6529-01-C1-PPWP-X2.jpg
1651865196529900014219,ACEH,KOTA LHOKSEUMAWE,MUARA DUA,PANGGOI,TPS 02,2019-10-25 05:00:03,14,198,270,215,215,212,3,https://pemilu2019.kpu.go.id/img/c/900/014/900014219/6529-02-C1-PPWP-X1.jpg,https://pemilu2019.kpu.go.id/img/c/900/014/900014219/6529-02-C1-PPWP-X2.jpg
1651865196529900014220,ACEH,KOTA LHOKSEUMAWE,MUARA DUA,PANGGOI,TPS 03,2019-10-25 05:00:03,25,188,306,221,221,213,8,https://pemilu2019.kpu.go.id/img/c/900/014/900014220/6529-03-C1-PPWP-X1.jpg,https://pemilu2019.kpu.go.id/img/c/900/014/900014220/6529-03-C1-PPWP-X2.jpg
1651865196529900014221,ACEH,KOTA LHOKSEUMAWE,MUARA DUA,PANGGOI,TPS 04,2019-10-25 05:00:03,26,188,308,228,228,214,14,https://pemilu2019.kpu.go.id/img/c/900/014/900014221/6529-04-C1-PPWP-X1.jpg,https://pemilu2019.kpu.go.id/img/c/900/014/900014221/6529-04-C1-PPWP-X2.jpg
1651865196529900014222,ACEH,KOTA LHOKSEUMAWE,MUARA DUA,PANGGOI,TPS 05,2019-10-25 05:00:03,25,173,295,204,204,198,6,https://pemilu2019.kpu.go.id/img/c/900/014/900014222/6529-05-C1-PPWP-X1.jpg,https://pemilu2019.kpu.go.id/img/c/900/014/900014222/6529-05-C1-PPWP-X2.jpg
1651865196529900014223,ACEH,KOTA LHOKSEUMAWE,MUARA DUA,PANGGOI,TPS 06,2019-10-25 05:00:03,14,210,306,228,228,224,4,https://pemilu2019.kpu.go.id/img/c/900/014/900014223/6529-06-C1-PPWP-X1.jpg,https://pemilu2019.kpu.go.id/img/c/900/014/900014223/6529-06-C1-PPWP-X2.jpg
1651865196529900014224,ACEH,KOTA LHOKSEUMAWE,MUARA DUA,PANGGOI,TPS 07,2019-10-25 05:00:03,15,192,302,212,212,207,5,https://pemilu2019.kpu.go.id/img/c/900/014/900014224/6529-07-C1-PPWP-X1.jpg,https://pemilu2019.kpu.go.id/img/c/900/014/900014224/6529-07-C1-PPWP-X2.jpg
1651865196529900014225,ACEH,KOTA LHOKSEUMAWE,MUARA DUA,PANGGOI,TPS 08,2019-10-25 05:00:03,15,227,319,246,246,242,4,https://pemilu2019.kpu.go.id/img/c/900/014/900014225/6529-08-C1-PPWP-X1.jpg,https://pemilu2019.kpu.go.id/img/c/900/014/900014225/6529-08-C1-PPWP-X2.jpg
1651865196529900014226,ACEH,KOTA LHOKSEUMAWE,MUARA DUA,PANGGOI,TPS 09,2019-10-25 05:00:03,30,201,324,235,235,231,4,https://pemilu2019.kpu.go.id/img/c/900/014/900014226/6529-09-C1-PPWP-X1.jpg,https://pemilu2019.kpu.go.id/img/c/900/014/900014226/6529-09-C1-PPWP-X2.jpg
1651865196529900014227,ACEH,KOTA LHOKSEUMAWE,MUARA DUA,PANGGOI,TPS 10,2019-10-25 05:00:03,18,218,322,239,239,236,3,https://pemilu2019.kpu.go.id/img/c/900/014/900014227/6529-10-C1-PPWP-X1.jpg,https://pemilu2019.kpu.go.id/img/c/900/014/900014227/6529-10-C1-PPWP-X2.jpg
1651865196529900014228,ACEH,KOTA LHOKSEUMAWE,MUARA DUA,PANGGOI,TPS 11,2019-10-25 05:00:03,19,222,299,245,245,241,4,https://pemilu2019.kpu.go.id/img/c/900/014/900014228/6529-11-C1-PPWP-X1.jpg,https://pemilu2019.kpu.go.id/img/c/900/014/900014228/6529-11-C1-PPWP-X2.jpg
1651865196529900014229,ACEH,KOTA LHOKSEUMAWE,MUARA DUA,PANGGOI,TPS 12,2019-10-25 05:00:03,14,203,319,221,221,217,4,https://pemilu2019.kpu.go.id/img/c/900/014/900014229/6529-12-C1-PPWP-X1.jpg,https://pemilu2019.kpu.go.id/img/c/900/014/900014229/6529-12-C1-PPWP-X2.jpg
1651865196529900014230,ACEH,KOTA LHOKSEUMAWE,MUARA DUA,PANGGOI,TPS 13,2019-10-25 05:00:03,18,222,334,243,244,240,4,https://pemilu2019.kpu.go.id/img/c/900/014/900014230/6529-13-C1-PPWP-X1.jpg,https://pemilu2019.kpu.go.id/img/c/900/014/900014230/6529-13-C1-PPWP-X2.jpg
1651865196529900014231,ACEH,KOTA LHOKSEUMAWE,MUARA DUA,PANGGOI,TPS 14,2019-10-25 05:00:03,22,170,303,196,196,192,4,https://pemilu2019.kpu.go.id/img/c/900/014/900014231/6529-14-C1-PPWP-X1.jpg,https://pemilu2019.kpu.go.id/img/c/900/014/900014231/6529-14-C1-PPWP-X2.jpg
1651865196530900014232,ACEH,KOTA LHOKSEUMAWE,MUARA DUA,PAYA BILI,TPS 1,2019-10-25 05:00:03,27,168,249,210,210,195,15,https://pemilu2019.kpu.go.id/img/c/900/014/900014232/6530-1-C1-PPWP-X1.jpg,https://pemilu2019.kpu.go.id/img/c/900/014/900014232/6530-1-C1-PPWP-X2.jpg
1651865196530900014233,ACEH,KOTA LHOKSEUMAWE,MUARA DUA,PAYA BILI,TPS 2,2019-10-25 05:00:03,18,159,250,191,191,177,14,https://pemilu2019.kpu.go.id/img/c/900/014/900014233/6530-2-C1-PPWP-X1.jpg,https://pemilu2019.kpu.go.id/img/c/900/014/900014233/6530-2-C1-PPWP-X2.jpg
1651865196532900014241,ACEH,KOTA LHOKSEUMAWE,MUARA DUA,PAYA PUNTEUET,TPS 1,2019-10-25 05:00:03,14,220,282,239,239,234,5,https://pemilu2019.kpu.go.id/img/c/900/014/900014241/6532-1-C1-PPWP-X1.jpg,https://pemilu2019.kpu.go.id/img/c/900/014/900014241/6532-1-C1-PPWP-X2.jpg
1651865196532900014242,ACEH,KOTA LHOKSEUMAWE,MUARA DUA,PAYA PUNTEUET,TPS 2,2019-10-25 05:00:03,9,228,276,244,244,237,7,https://pemilu2019.kpu.go.id/img/c/900/014/900014242/6532-2-C1-PPWP-X1.jpg,https://pemilu2019.kpu.go.id/img/c/900/014/900014242/6532-2-C1-PPWP-X2.jpg
1651865196532900014243,ACEH,KOTA LHOKSEUMAWE,MUARA DUA,PAYA PUNTEUET,TPS 3,2019-10-25 05:00:03,11,210,279,225,225,221,4,https://pemilu2019.kpu.go.id/img/c/900/014/900014243/6532-3-C1-PPWP-X1.jpg,https://pemilu2019.kpu.go.id/img/c/900/014/900014243/6532-3-C1-PPWP-X2.jpg
1651865196532900014244,ACEH,KOTA LHOKSEUMAWE,MUARA DUA,PAYA PUNTEUET,TPS 4,2019-10-25 05:00:03,19,203,277,227,227,222,5,https://pemilu2019.kpu.go.id/img/c/900/014/900014244/6532-4-C1-PPWP-X1.jpg,https://pemilu2019.kpu.go.id/img/c/900/014/900014244/6532-4-C1-PPWP-X2.jpg
1651865196532900014245,ACEH,KOTA LHOKSEUMAWE,MUARA DUA,PAYA PUNTEUET,TPS 5,2019-10-25 05:00:03,17,189,275,210,210,206,4,https://pemilu2019.kpu.go.id/img/c/900/014/900014245/6532-5-C1-PPWP-X1.jpg,https://pemilu2019.kpu.go.id/img/c/900/014/900014245/6532-5-C1-PPWP-X2.jpg
1651865196532900014246,ACEH,KOTA LHOKSEUMAWE,MUARA DUA,PAYA PUNTEUET,TPS 6,2019-10-25 05:00:03,15,193,274,213,213,208,5,https://pemilu2019.kpu.go.id/img/c/900/014/900014246/6532-6-C1-PPWP-X1.jpg,https://pemilu2019.kpu.go.id/img/c/900/014/900014246/6532-6-C1-PPWP-X2.jpg
1651865196532900014247,ACEH,KOTA LHOKSEUMAWE,MUARA DUA,PAYA PUNTEUET,TPS 7,2019-10-25 05:00:03,9,213,285,224,224,222,2,https://pemilu2019.kpu.go.id/img/c/900/014/900014247/6532-7-C1-PPWP-X1.jpg,https://pemilu2019.kpu.go.id/img/c/900/014/900014247/6532-7-C1-PPWP-X2.jpg
1651865196532900014248,ACEH,KOTA LHOKSEUMAWE,MUARA DUA,PAYA PUNTEUET,TPS 8,2019-10-25 05:00:03,19,168,257,190,190,187,3,https://pemilu2019.kpu.go.id/img/c/900/014/900014248/6532-8-C1-PPWP-X1.jpg,https://pemilu2019.kpu.go.id/img/c/900/014/900014248/6532-8-C1-PPWP-X2.jpg
1651865196526900014182,ACEH,KOTA LHOKSEUMAWE,MUARA DUA,UTEUNKOT,TPS 01,2019-10-25 05:00:03,18,205,306,224,224,223,1,https://pemilu2019.kpu.go.id/img/c/900/014/900014182/6526-01-C1-PPWP-X1.jpg,https://pemilu2019.kpu.go.id/img/c/900/014/900014182/6526-01-C1-PPWP-X2.jpg
1651865196526900014183,ACEH,KOTA LHOKSEUMAWE,MUARA DUA,UTEUNKOT,TPS 02,2019-10-25 05:00:03,25,180,301,207,207,205,2,https://pemilu2019.kpu.go.id/img/c/900/014/900014183/6526-02-C1-PPWP-X1.jpg,https://pemilu2019.kpu.go.id/img/c/900/014/900014183/6526-02-C1-PPWP-X2.jpg
1651865196526900014184,ACEH,KOTA LHOKSEUMAWE,MUARA DUA,UTEUNKOT,TPS 03,2019-10-25 05:00:03,30,160,297,193,193,190,3,https://pemilu2019.kpu.go.id/img/c/900/014/900014184/6526-03-C1-PPWP-X1.jpg,https://pemilu2019.kpu.go.id/img/c/900/014/900014184/6526-03-C1-PPWP-X2.jpg
1651865196526900014185,ACEH,KOTA LHOKSEUMAWE,MUARA DUA,UTEUNKOT,TPS 04,2019-10-25 05:00:03,11,191,300,207,207,202,5,https://pemilu2019.kpu.go.id/img/c/900/014/900014185/6526-04-C1-PPWP-X1.jpg,https://pemilu2019.kpu.go.id/img/c/900/014/900014185/6526-04-C1-PPWP-X2.jpg
1651865196526900014186,ACEH,KOTA LHOKSEUMAWE,MUARA DUA,UTEUNKOT,TPS 05,2019-10-25 05:00:03,12,207,297,223,223,219,4,https://pemilu2019.kpu.go.id/img/c/900/014/900014186/6526-05-C1-PPWP-X1.jpg,https://pemilu2019.kpu.go.id/img/c/900/014/900014186/6526-05-C1-PPWP-X2.jpg
1651865196526900014187,ACEH,KOTA LHOKSEUMAWE,MUARA DUA,UTEUNKOT,TPS 06,2019-10-25 05:00:03,26,176,295,203,203,202,1,https://pemilu2019.kpu.go.id/img/c/900/014/900014187/6526-06-C1-PPWP-X1.jpg,https://pemilu2019.kpu.go.id/img/c/900/014/900014187/6526-06-C1-PPWP-X2.jpg
1651865196526900014188,ACEH,KOTA LHOKSEUMAWE,MUARA DUA,UTEUNKOT,TPS 07,2019-10-25 05:00:03,0,0,297,200,200,196,4,https://pemilu2019.kpu.go.id/img/c/900/014/900014188/6526-07-C1-PPWP-X1.jpg,https://pemilu2019.kpu.go.id/img/c/900/014/900014188/6526-07-C1-PPWP-X2.jpg
1651865196526900014189,ACEH,KOTA LHOKSEUMAWE,MUARA DUA,UTEUNKOT,TPS 08,2019-10-25 05:00:03,19,180,293,202,202,199,3,https://pemilu2019.kpu.go.id/img/c/900/014/900014189/6526-08-C1-PPWP-X1.jpg,https://pemilu2019.kpu.go.id/img/c/900/014/900014189/6526-08-C1-PPWP-X2.jpg
1651865196526900014190,ACEH,KOTA LHOKSEUMAWE,MUARA DUA,UTEUNKOT,TPS 09,2019-10-25 05:00:03,17,181,293,203,203,198,5,https://pemilu2019.kpu.go.id/img/c/900/014/900014190/6526-09-C1-PPWP-X1.jpg,https://pemilu2019.kpu.go.id/img/c/900/014/900014190/6526-09-C1-PPWP-X2.jpg
1651865196526900014191,ACEH,KOTA LHOKSEUMAWE,MUARA DUA,UTEUNKOT,TPS 10,2019-10-25 05:00:03,16,196,296,220,220,219,8,https://pemilu2019.kpu.go.id/img/c/900/014/900014191/6526-10-C1-PPWP-X1.jpg,https://pemilu2019.kpu.go.id/img/c/900/014/900014191/6526-10-C1-PPWP-X2.jpg
1651865196526900014192,ACEH,KOTA LHOKSEUMAWE,MUARA DUA,UTEUNKOT,TPS 11,2019-10-25 05:00:03,22,174,297,204,204,196,8,https://pemilu2019.kpu.go.id/img/c/900/014/900014192/6526-11-C1-PPWP-X1.jpg,https://pemilu2019.kpu.go.id/img/c/900/014/900014192/6526-11-C1-PPWP-X2.jpg
1651865196526900014193,ACEH,KOTA LHOKSEUMAWE,MUARA DUA,UTEUNKOT,TPS 12,2019-10-25 05:00:03,18,174,295,197,197,192,5,https://pemilu2019.kpu.go.id/img/c/900/014/900014193/6526-12-C1-PPWP-X1.jpg,https://pemilu2019.kpu.go.id/img/c/900/014/900014193/6526-12-C1-PPWP-X2.jpg
1651865196526900014194,ACEH,KOTA LHOKSEUMAWE,MUARA DUA,UTEUNKOT,TPS 13,2019-10-25 05:00:03,17,193,294,222,222,210,12,https://pemilu2019.kpu.go.id/img/c/900/014/900014194/6526-13-C1-PPWP-X1.jpg,https://pemilu2019.kpu.go.id/img/c/900/014/900014194/6526-13-C1-PPWP-X2.jpg
1651865196526900014195,ACEH,KOTA LHOKSEUMAWE,MUARA DUA,UTEUNKOT,TPS 14,2019-10-25 05:00:03,11,141,290,153,153,152,1,https://pemilu2019.kpu.go.id/img/c/900/014/900014195/6526-14-C1-PPWP-X1.jpg,https://pemilu2019.kpu.go.id/img/c/900/014/900014195/6526-14-C1-PPWP-X2.jpg
