id,provinsi,kabupaten,kecamatan,kelurahan,tps,timestamp,pemilih-1,pemilih-2,total-pemilih,total-pengguna,suara-total,suara-sah,suara-tidak-sah,c1-1,c1-2
1546355815628900011478,ACEH,NAGAN RAYA,DARUL MAKMUR,ALUE BATEUNG BROK,TPS 1,2019-10-25 05:00:03,13,191,228,0,211,204,7,https://pemilu2019.kpu.go.id/img/c/900/011/900011478/1-5628-1-C1-PPWP-X1.jpg,https://pemilu2019.kpu.go.id/img/c/900/011/900011478/1-5628-1-C1-PPWP-X2.jpg
1546355815628900011479,ACEH,NAGAN RAYA,DARUL MAKMUR,ALUE BATEUNG BROK,TPS 2,2019-10-25 05:00:03,22,168,235,0,209,190,19,https://pemilu2019.kpu.go.id/img/c/900/011/900011479/1-5628-2-C1-PPWP-X1.jpg,https://pemilu2019.kpu.go.id/img/c/900/011/900011479/1-5628-2-C1-PPWP-X2.jpg
1546355815628900011480,ACEH,NAGAN RAYA,DARUL MAKMUR,ALUE BATEUNG BROK,TPS 3,2019-10-25 05:00:03,27,142,216,176,0,0,0,https://pemilu2019.kpu.go.id/img/c/900/011/900011480/1-5628-3-C1-PPWP-X1.jpg,https://pemilu2019.kpu.go.id/img/c/900/011/900011480/1-5628-3-C1-PPWP-X2.jpg
1546355815598900011358,ACEH,NAGAN RAYA,DARUL MAKMUR,ALUE BILIE,TPS 1,2019-10-25 05:00:03,24,148,210,177,177,172,5,https://pemilu2019.kpu.go.id/img/c/900/011/900011358/5598-1-C1-PPWP-X1.jpg,https://pemilu2019.kpu.go.id/img/c/900/011/900011358/5598-1-C1-PPWP-X2.jpg
1546355815598900011359,ACEH,NAGAN RAYA,DARUL MAKMUR,ALUE BILIE,TPS 2,2019-10-25 05:00:03,16,157,217,173,173,173,0,https://pemilu2019.kpu.go.id/img/c/900/011/900011359/3-5598-2-C1-PPWP-X1.jpg,https://pemilu2019.kpu.go.id/img/c/900/011/900011359/3-5598-2-C1-PPWP-X2.jpg
1546355815598900011360,ACEH,NAGAN RAYA,DARUL MAKMUR,ALUE BILIE,TPS 3,2019-10-25 05:00:03,10,133,213,146,146,143,3,https://pemilu2019.kpu.go.id/img/c/900/011/900011360/3-5598-3-C1-PPWP-X1.jpg,https://pemilu2019.kpu.go.id/img/c/900/011/900011360/3-5598-3-C1-PPWP-X2.jpg
1546355815598900011361,ACEH,NAGAN RAYA,DARUL MAKMUR,ALUE BILIE,TPS 4,2019-10-25 05:00:03,17,124,210,142,142,141,1,https://pemilu2019.kpu.go.id/img/c/900/011/900011361/2-5598-4-C1-PPWP-X1.jpg,https://pemilu2019.kpu.go.id/img/c/900/011/900011361/2-5598-4-C1-PPWP-X2.jpg
1546355815606900011387,ACEH,NAGAN RAYA,DARUL MAKMUR,ALUE GEUTAH,TPS 1,2019-10-25 05:00:03,55,183,270,248,248,238,10,https://pemilu2019.kpu.go.id/img/c/900/011/900011387/2-5606-1-C1-PPWP-X1.jpg,https://pemilu2019.kpu.go.id/img/c/900/011/900011387/2-5606-1-C1-PPWP-X2.jpg
1546355815606900011388,ACEH,NAGAN RAYA,DARUL MAKMUR,ALUE GEUTAH,TPS 2,2019-10-25 05:00:03,33,174,228,215,215,207,8,https://pemilu2019.kpu.go.id/img/c/900/011/900011388/5606-2-C1-PPWP-X1.jpg,https://pemilu2019.kpu.go.id/img/c/900/011/900011388/5606-2-C1-PPWP-X2.jpg
1546355815617900011441,ACEH,NAGAN RAYA,DARUL MAKMUR,ALUE JAMPAK,TPS 1,2019-10-25 05:00:03,32,145,199,180,180,177,3,https://pemilu2019.kpu.go.id/img/c/900/011/900011441/1-5617-1-C1-PPWP-01.jpg,https://pemilu2019.kpu.go.id/img/c/900/011/900011441/1-5617-1-C1-PPWP-02.jpg
1546355815617900011442,ACEH,NAGAN RAYA,DARUL MAKMUR,ALUE JAMPAK,TPS 2,2019-10-25 05:00:03,20,159,216,191,189,179,10,https://pemilu2019.kpu.go.id/img/c/900/011/900011442/1-5617-2-C1-PPWP-X1.jpg,https://pemilu2019.kpu.go.id/img/c/900/011/900011442/1-5617-2-C1-PPWP-X2.jpg
1546355815615900011432,ACEH,NAGAN RAYA,DARUL MAKMUR,ALUE KUYUN,TPS 1,2019-10-25 05:00:03,29,94,154,125,125,123,2,https://pemilu2019.kpu.go.id/img/c/900/011/900011432/1-5615-1-C1-PPWP-01.jpg,https://pemilu2019.kpu.go.id/img/c/900/011/900011432/1-5615-1-C1-PPWP-02.jpg
1546355815615900011433,ACEH,NAGAN RAYA,DARUL MAKMUR,ALUE KUYUN,TPS 2,2019-10-25 05:00:03,31,104,157,136,137,135,2,https://pemilu2019.kpu.go.id/img/c/900/011/900011433/1-5615-2-C1-PPWP-01.jpg,https://pemilu2019.kpu.go.id/img/c/900/011/900011433/1-5615-2-C1-PPWP-02.jpg
1546355815608900011396,ACEH,NAGAN RAYA,DARUL MAKMUR,ALUE RAMBOT,TPS 1,2019-10-25 05:00:03,6,166,224,176,176,172,4,https://pemilu2019.kpu.go.id/img/c/900/011/900011396/2-5608-1-C1-PPWP-X1.jpg,https://pemilu2019.kpu.go.id/img/c/900/011/900011396/2-5608-1-C1-PPWP-X2.jpg
1546355815608900011397,ACEH,NAGAN RAYA,DARUL MAKMUR,ALUE RAMBOT,TPS 2,2019-10-25 05:00:03,7,192,246,205,205,199,8,https://pemilu2019.kpu.go.id/img/c/900/011/900011397/1-5608-2-C1-PPWP-X1.jpg,https://pemilu2019.kpu.go.id/img/c/900/011/900011397/1-5608-2-C1-PPWP-X2.jpg
1546355815608900011398,ACEH,NAGAN RAYA,DARUL MAKMUR,ALUE RAMBOT,TPS 3,2019-10-25 05:00:03,10,169,260,181,182,179,3,https://pemilu2019.kpu.go.id/img/c/900/011/900011398/1-5608-3-C1-PPWP-X1.jpg,https://pemilu2019.kpu.go.id/img/c/900/011/900011398/1-5608-3-C1-PPWP-X2.jpg
1546355815608900011399,ACEH,NAGAN RAYA,DARUL MAKMUR,ALUE RAMBOT,TPS 4,2019-10-25 05:00:03,11,173,241,187,187,184,3,https://pemilu2019.kpu.go.id/img/c/900/011/900011399/1-5608-4-C1-PPWP-X1.jpg,https://pemilu2019.kpu.go.id/img/c/900/011/900011399/1-5608-4-C1-PPWP-X2.jpg
1546355815616900011434,ACEH,NAGAN RAYA,DARUL MAKMUR,ALUE RAYA,TPS 1,2019-10-25 05:00:03,8,166,176,176,176,174,2,https://pemilu2019.kpu.go.id/img/c/900/011/900011434/5616-1-C1-PPWP-X1.jpg,https://pemilu2019.kpu.go.id/img/c/900/011/900011434/5616-1-C1-PPWP-X2.jpg
1546355815616900011435,ACEH,NAGAN RAYA,DARUL MAKMUR,ALUE RAYA,TPS 2,2019-10-25 05:00:03,13,164,241,185,185,177,8,https://pemilu2019.kpu.go.id/img/c/900/011/900011435/5616-2-C1-PPWP-X1.jpg,https://pemilu2019.kpu.go.id/img/c/900/011/900011435/5616-2-C1-PPWP-X2.jpg
1546355815616900011436,ACEH,NAGAN RAYA,DARUL MAKMUR,ALUE RAYA,TPS 3,2019-10-25 05:00:03,7,132,277,143,143,142,1,https://pemilu2019.kpu.go.id/img/c/900/011/900011436/5616-3-C1-PPWP-X1.jpg,https://pemilu2019.kpu.go.id/img/c/900/011/900011436/5616-3-C1-PPWP-X2.jpg
1546355815616900011437,ACEH,NAGAN RAYA,DARUL MAKMUR,ALUE RAYA,TPS 4,2019-10-25 05:00:03,19,199,234,220,220,218,2,https://pemilu2019.kpu.go.id/img/c/900/011/900011437/5616-4-C1-PPWP-X1.jpg,https://pemilu2019.kpu.go.id/img/c/900/011/900011437/5616-4-C1-PPWP-X2.jpg
1546355815616900011438,ACEH,NAGAN RAYA,DARUL MAKMUR,ALUE RAYA,TPS 5,2019-10-25 05:00:03,20,153,226,186,186,173,13,https://pemilu2019.kpu.go.id/img/c/900/011/900011438/5616-5-C1-PPWP-X1.jpg,https://pemilu2019.kpu.go.id/img/c/900/011/900011438/5616-5-C1-PPWP-X2.jpg
1546355815616900011439,ACEH,NAGAN RAYA,DARUL MAKMUR,ALUE RAYA,TPS 6,2019-10-25 05:00:03,17,115,260,140,140,132,8,https://pemilu2019.kpu.go.id/img/c/900/011/900011439/5616-6-C1-PPWP-X1.jpg,https://pemilu2019.kpu.go.id/img/c/900/011/900011439/5616-6-C1-PPWP-X2.jpg
1546355815616900011440,ACEH,NAGAN RAYA,DARUL MAKMUR,ALUE RAYA,TPS 7,2019-10-25 05:00:03,12,124,281,281,145,136,9,https://pemilu2019.kpu.go.id/img/c/900/011/900011440/5616-7-C1-PPWP-X1.jpg,https://pemilu2019.kpu.go.id/img/c/900/011/900011440/5616-7-C1-PPWP-X2.jpg
1546355815605900011381,ACEH,NAGAN RAYA,DARUL MAKMUR,ALUE WAKI,TPS 1,2019-10-25 05:00:03,56,168,309,231,231,224,7,https://pemilu2019.kpu.go.id/img/c/900/011/900011381/1-5605-1-C1-PPWP-01.jpg,https://pemilu2019.kpu.go.id/img/c/900/011/900011381/1-5605-1-C1-PPWP-02.jpg
1546355815605900011382,ACEH,NAGAN RAYA,DARUL MAKMUR,ALUE WAKI,TPS 2,2019-10-25 05:00:03,28,192,274,229,229,220,9,https://pemilu2019.kpu.go.id/img/c/900/011/900011382/1-5605-2-C1-PPWP-X3.jpg,https://pemilu2019.kpu.go.id/img/c/900/011/900011382/1-5605-2-C1-PPWP-02.jpg
1546355815605900011383,ACEH,NAGAN RAYA,DARUL MAKMUR,ALUE WAKI,TPS 3,2019-10-25 05:00:03,26,192,267,219,219,218,1,https://pemilu2019.kpu.go.id/img/c/900/011/900011383/1-5605-3-C1-PPWP-01.jpg,https://pemilu2019.kpu.go.id/img/c/900/011/900011383/1-5605-3-C1-PPWP-02.jpg
1546355815605900011384,ACEH,NAGAN RAYA,DARUL MAKMUR,ALUE WAKI,TPS 4,2019-10-25 05:00:03,36,181,276,229,229,217,12,https://pemilu2019.kpu.go.id/img/c/900/011/900011384/1-5605-4-C1-PPWP-01.jpg,https://pemilu2019.kpu.go.id/img/c/900/011/900011384/1-5605-4-C1-PPWP-02.jpg
1546355815605900011385,ACEH,NAGAN RAYA,DARUL MAKMUR,ALUE WAKI,TPS 5,2019-10-25 05:00:03,20,176,298,205,205,196,9,https://pemilu2019.kpu.go.id/img/c/900/011/900011385/1-5605-5-C1-PPWP-01.jpg,https://pemilu2019.kpu.go.id/img/c/900/011/900011385/1-5605-5-C1-PPWP-02.jpg
1546355815605900011386,ACEH,NAGAN RAYA,DARUL MAKMUR,ALUE WAKI,TPS 6,2019-10-25 05:00:03,29,187,292,230,230,216,14,https://pemilu2019.kpu.go.id/img/c/900/011/900011386/1-5605-6-C1-PPWP-01.jpg,https://pemilu2019.kpu.go.id/img/c/900/011/900011386/1-5605-6-C1-PPWP-02.jpg
1546355815597900011355,ACEH,NAGAN RAYA,DARUL MAKMUR,BLANG BARO,TPS 1,2019-10-25 05:00:03,31,159,219,193,193,190,3,https://pemilu2019.kpu.go.id/img/c/900/011/900011355/5-5597-1-C1-PPWP-X1.jpg,https://pemilu2019.kpu.go.id/img/c/900/011/900011355/5-5597-1-C1-PPWP-X2.jpg
1546355815597900011356,ACEH,NAGAN RAYA,DARUL MAKMUR,BLANG BARO,TPS 2,2019-10-25 05:00:03,26,158,188,188,188,184,4,https://pemilu2019.kpu.go.id/img/c/900/011/900011356/2-5597-2-C1-PPWP-X1.jpg,https://pemilu2019.kpu.go.id/img/c/900/011/900011356/2-5597-2-C1-PPWP-X2.jpg
1546355815597900011357,ACEH,NAGAN RAYA,DARUL MAKMUR,BLANG BARO,TPS 3,2019-10-25 05:00:03,26,140,218,174,174,166,8,https://pemilu2019.kpu.go.id/img/c/900/011/900011357/5597-3-C1-PPWP-X1.jpg,https://pemilu2019.kpu.go.id/img/c/900/011/900011357/5597-3-C1-PPWP-X2.jpg
1546355815630900011483,ACEH,NAGAN RAYA,DARUL MAKMUR,BLANG LUAH,TPS 1,2019-10-25 05:00:03,99,156,305,269,269,255,14,https://pemilu2019.kpu.go.id/img/c/900/011/900011483/1-5630-1-C1-PPWP-X1.jpg,https://pemilu2019.kpu.go.id/img/c/900/011/900011483/1-5630-1-C1-PPWP-X2.jpg
1546355815630900011484,ACEH,NAGAN RAYA,DARUL MAKMUR,BLANG LUAH,TPS 2,2019-10-25 05:00:03,62,152,252,220,220,214,6,https://pemilu2019.kpu.go.id/img/c/900/011/900011484/1-5630-2-C1-PPWP-X1.jpg,https://pemilu2019.kpu.go.id/img/c/900/011/900011484/1-5630-2-C1-PPWP-X2.jpg
1546355815630900011485,ACEH,NAGAN RAYA,DARUL MAKMUR,BLANG LUAH,TPS 3,2019-10-25 05:00:03,48,163,0,209,219,211,8,https://pemilu2019.kpu.go.id/img/c/900/011/900011485/1-5630-3-C1-PPWP-X1.jpg,https://pemilu2019.kpu.go.id/img/c/900/011/900011485/1-5630-3-C1-PPWP-X2.jpg
1546355815630900011486,ACEH,NAGAN RAYA,DARUL MAKMUR,BLANG LUAH,TPS 4,2019-10-25 05:00:03,66,130,243,201,201,196,5,https://pemilu2019.kpu.go.id/img/c/900/011/900011486/1-5630-4-C1-PPWP-X1.jpg,https://pemilu2019.kpu.go.id/img/c/900/011/900011486/1-5630-4-C1-PPWP-X2.jpg
1546355815595900011352,ACEH,NAGAN RAYA,DARUL MAKMUR,GELANGGANG GAJAH,TPS 1,2019-10-25 05:00:03,3,156,174,161,161,159,2,https://pemilu2019.kpu.go.id/img/c/900/011/900011352/1-5595-1-C1-PPWP-01.jpg,https://pemilu2019.kpu.go.id/img/c/900/011/900011352/1-5595-1-C1-PPWP-02.jpg
1546355815595900011353,ACEH,NAGAN RAYA,DARUL MAKMUR,GELANGGANG GAJAH,TPS 2,2019-10-25 05:00:03,5,146,176,153,153,151,2,https://pemilu2019.kpu.go.id/img/c/900/011/900011353/1-5595-2-C1-PPWP-X1.jpg,https://pemilu2019.kpu.go.id/img/c/900/011/900011353/1-5595-2-C1-PPWP-X2.jpg
1546355815600900011366,ACEH,NAGAN RAYA,DARUL MAKMUR,GUNONG CUT,TPS 1,2019-10-25 05:00:03,32,159,242,203,203,191,12,https://pemilu2019.kpu.go.id/img/c/900/011/900011366/5600-1-C1-PPWP-X1.jpg,https://pemilu2019.kpu.go.id/img/c/900/011/900011366/5600-1-C1-PPWP-X2.jpg
1546355815600900011367,ACEH,NAGAN RAYA,DARUL MAKMUR,GUNONG CUT,TPS 2,2019-10-25 05:00:03,20,163,243,192,192,183,9,https://pemilu2019.kpu.go.id/img/c/900/011/900011367/5600-2-C1-PPWP-X1.jpg,https://pemilu2019.kpu.go.id/img/c/900/011/900011367/5600-2-C1-PPWP-X2.jpg
1546355815600900011368,ACEH,NAGAN RAYA,DARUL MAKMUR,GUNONG CUT,TPS 3,2019-10-25 05:00:03,22,176,242,203,203,198,5,https://pemilu2019.kpu.go.id/img/c/900/011/900011368/5600-3-C1-PPWP-X1.jpg,https://pemilu2019.kpu.go.id/img/c/900/011/900011368/5600-3-C1-PPWP-X2.jpg
1546355815600900011369,ACEH,NAGAN RAYA,DARUL MAKMUR,GUNONG CUT,TPS 4,2019-10-25 05:00:03,22,153,263,175,180,175,5,https://pemilu2019.kpu.go.id/img/c/900/011/900011369/5600-4-C1-PPWP-X1.jpg,https://pemilu2019.kpu.go.id/img/c/900/011/900011369/5600-4-C1-PPWP-X2.jpg
1546355815611900011417,ACEH,NAGAN RAYA,DARUL MAKMUR,KARANG ANYER,TPS 1,2019-10-25 05:00:03,33,217,299,256,256,250,6,https://pemilu2019.kpu.go.id/img/c/900/011/900011417/5611-1-C1-PPWP-X1.jpg,https://pemilu2019.kpu.go.id/img/c/900/011/900011417/5611-1-C1-PPWP-X2.jpg
1546355815611900011418,ACEH,NAGAN RAYA,DARUL MAKMUR,KARANG ANYER,TPS 2,2019-10-25 05:00:03,42,189,286,241,241,231,10,https://pemilu2019.kpu.go.id/img/c/900/011/900011418/5611-2-C1-PPWP-X1.jpg,https://pemilu2019.kpu.go.id/img/c/900/011/900011418/5611-2-C1-PPWP-X2.jpg
1546355815611900011419,ACEH,NAGAN RAYA,DARUL MAKMUR,KARANG ANYER,TPS 3,2019-10-25 05:00:03,29,186,268,225,225,215,10,https://pemilu2019.kpu.go.id/img/c/900/011/900011419/5611-3-C1-PPWP-X1.jpg,https://pemilu2019.kpu.go.id/img/c/900/011/900011419/5611-3-C1-PPWP-X2.jpg
1546355815611900011420,ACEH,NAGAN RAYA,DARUL MAKMUR,KARANG ANYER,TPS 4,2019-10-25 05:00:03,26,200,288,231,231,226,5,https://pemilu2019.kpu.go.id/img/c/900/011/900011420/2-5611-4-C1-PPWP-X1.jpg,https://pemilu2019.kpu.go.id/img/c/900/011/900011420/2-5611-4-C1-PPWP-X2.jpg
1546355815611900011421,ACEH,NAGAN RAYA,DARUL MAKMUR,KARANG ANYER,TPS 5,2019-10-25 05:00:03,46,206,292,262,262,252,10,https://pemilu2019.kpu.go.id/img/c/900/011/900011421/5611-5-C1-PPWP-X1.jpg,https://pemilu2019.kpu.go.id/img/c/900/011/900011421/5611-5-C1-PPWP-X2.jpg
1546355815611900011422,ACEH,NAGAN RAYA,DARUL MAKMUR,KARANG ANYER,TPS 6,2019-10-25 05:00:03,42,161,275,216,216,203,13,https://pemilu2019.kpu.go.id/img/c/900/011/900011422/5611-6-C1-PPWP-X1.jpg,https://pemilu2019.kpu.go.id/img/c/900/011/900011422/5611-6-C1-PPWP-X2.jpg
1546355815611900011423,ACEH,NAGAN RAYA,DARUL MAKMUR,KARANG ANYER,TPS 7,2019-10-25 05:00:03,27,184,248,222,222,211,11,https://pemilu2019.kpu.go.id/img/c/900/011/900011423/1-5611-7-C1-PPWP-X1.jpg,https://pemilu2019.kpu.go.id/img/c/900/011/900011423/1-5611-7-C1-PPWP-X2.jpg
1546355815611900011424,ACEH,NAGAN RAYA,DARUL MAKMUR,KARANG ANYER,TPS 8,2019-10-25 05:00:03,29,179,270,216,216,208,8,https://pemilu2019.kpu.go.id/img/c/900/011/900011424/1-5611-8-C1-PPWP-01.jpg,https://pemilu2019.kpu.go.id/img/c/900/011/900011424/1-5611-8-C1-PPWP-02.jpg
1546355815596900011354,ACEH,NAGAN RAYA,DARUL MAKMUR,KAYEE UNOE,TPS 1,2019-10-25 05:00:03,26,164,219,190,190,190,0,https://pemilu2019.kpu.go.id/img/c/900/011/900011354/1-5596-1-C1-PPWP-X1.jpg,https://pemilu2019.kpu.go.id/img/c/900/011/900011354/1-5596-1-C1-PPWP-X2.jpg
1546355815607900011389,ACEH,NAGAN RAYA,DARUL MAKMUR,KRUENG ALEM,TPS 1,2019-10-25 05:00:03,17,204,232,225,225,221,4,https://pemilu2019.kpu.go.id/img/c/900/011/900011389/3-5607-1-C1-PPWP-X1.jpg,https://pemilu2019.kpu.go.id/img/c/900/011/900011389/3-5607-1-C1-PPWP-X2.jpg
1546355815607900011390,ACEH,NAGAN RAYA,DARUL MAKMUR,KRUENG ALEM,TPS 2,2019-10-25 05:00:03,18,206,0,227,227,224,3,https://pemilu2019.kpu.go.id/img/c/900/011/900011390/1-5607-2-C1-PPWP-X1.jpg,https://pemilu2019.kpu.go.id/img/c/900/011/900011390/1-5607-2-C1-PPWP-02.jpg
1546355815607900011391,ACEH,NAGAN RAYA,DARUL MAKMUR,KRUENG ALEM,TPS 3,2019-10-25 05:00:03,24,113,148,0,137,137,0,https://pemilu2019.kpu.go.id/img/c/900/011/900011391/2-5607-3-C1-PPWP-X1.jpg,https://pemilu2019.kpu.go.id/img/c/900/011/900011391/2-5607-3-C1-PPWP-X2.jpg
1546355815607900011392,ACEH,NAGAN RAYA,DARUL MAKMUR,KRUENG ALEM,TPS 4,2019-10-25 05:00:03,10,127,152,141,141,137,4,https://pemilu2019.kpu.go.id/img/c/900/011/900011392/2-5607-4-C1-PPWP-X1.jpg,https://pemilu2019.kpu.go.id/img/c/900/011/900011392/2-5607-4-C1-PPWP-X2.jpg
1546355815607900011393,ACEH,NAGAN RAYA,DARUL MAKMUR,KRUENG ALEM,TPS 5,2019-10-25 05:00:03,19,131,166,154,154,150,4,https://pemilu2019.kpu.go.id/img/c/900/011/900011393/1-5607-5-C1-PPWP-X1.jpg,https://pemilu2019.kpu.go.id/img/c/900/011/900011393/1-5607-5-C1-PPWP-X2.jpg
1546355815607900011394,ACEH,NAGAN RAYA,DARUL MAKMUR,KRUENG ALEM,TPS 6,2019-10-25 05:00:03,6,136,174,144,144,142,2,https://pemilu2019.kpu.go.id/img/c/900/011/900011394/1-5607-6-C1-PPWP-X1.jpg,https://pemilu2019.kpu.go.id/img/c/900/011/900011394/1-5607-6-C1-PPWP-X2.jpg
1546355815607900011395,ACEH,NAGAN RAYA,DARUL MAKMUR,KRUENG ALEM,TPS 7,2019-10-25 05:00:03,24,171,201,196,196,195,1,https://pemilu2019.kpu.go.id/img/c/900/011/900011395/1-5607-7-C1-PPWP-X1.jpg,https://pemilu2019.kpu.go.id/img/c/900/011/900011395/1-5607-7-C1-PPWP-X2.jpg
1546355815609900011400,ACEH,NAGAN RAYA,DARUL MAKMUR,KRUENG SEUMANYAM,TPS 1,2019-10-25 05:00:03,32,158,218,193,193,190,3,https://pemilu2019.kpu.go.id/img/c/900/011/900011400/5609-1-C1-PPWP-X1.jpg,https://pemilu2019.kpu.go.id/img/c/900/011/900011400/5609-1-C1-PPWP-X2.jpg
1546355815609900011401,ACEH,NAGAN RAYA,DARUL MAKMUR,KRUENG SEUMANYAM,TPS 2,2019-10-25 05:00:03,43,143,213,191,191,186,5,https://pemilu2019.kpu.go.id/img/c/900/011/900011401/5609-2-C1-PPWP-X1.jpg,https://pemilu2019.kpu.go.id/img/c/900/011/900011401/5609-2-C1-PPWP-X2.jpg
1546355815609900011402,ACEH,NAGAN RAYA,DARUL MAKMUR,KRUENG SEUMANYAM,TPS 3,2019-10-25 05:00:03,13,139,200,158,158,152,6,https://pemilu2019.kpu.go.id/img/c/900/011/900011402/5609-3-C1-PPWP-X1.jpg,https://pemilu2019.kpu.go.id/img/c/900/011/900011402/5609-3-C1-PPWP-X2.jpg
1546355815609900011403,ACEH,NAGAN RAYA,DARUL MAKMUR,KRUENG SEUMANYAM,TPS 4,2019-10-25 05:00:03,21,148,209,176,176,169,7,https://pemilu2019.kpu.go.id/img/c/900/011/900011403/2-5609-4-C1-PPWP-X1.jpg,https://pemilu2019.kpu.go.id/img/c/900/011/900011403/2-5609-4-C1-PPWP-X2.jpg
1546355815609900011404,ACEH,NAGAN RAYA,DARUL MAKMUR,KRUENG SEUMANYAM,TPS 5,2019-10-25 05:00:03,28,131,213,170,170,159,11,https://pemilu2019.kpu.go.id/img/c/900/011/900011404/5609-5-C1-PPWP-X1.jpg,https://pemilu2019.kpu.go.id/img/c/900/011/900011404/5609-5-C1-PPWP-X2.jpg
1546355815612900011425,ACEH,NAGAN RAYA,DARUL MAKMUR,KUALA SEUMANYAM,TPS 1,2019-10-25 05:00:03,47,48,147,97,97,95,2,https://pemilu2019.kpu.go.id/img/c/900/011/900011425/3-5612-1-C1-PPWP-X1.jpg,https://pemilu2019.kpu.go.id/img/c/900/011/900011425/3-5612-1-C1-PPWP-X2.jpg
1546355815612900011426,ACEH,NAGAN RAYA,DARUL MAKMUR,KUALA SEUMANYAM,TPS 2,2019-10-25 05:00:03,32,68,136,101,101,100,1,https://pemilu2019.kpu.go.id/img/c/900/011/900011426/3-5612-2-C1-PPWP-01.jpg,https://pemilu2019.kpu.go.id/img/c/900/011/900011426/3-5612-2-C1-PPWP-02.jpg
1546355815594900011347,ACEH,NAGAN RAYA,DARUL MAKMUR,KUTA TRIENG,TPS 1,2019-10-25 05:00:03,20,161,249,188,188,181,7,https://pemilu2019.kpu.go.id/img/c/900/011/900011347/1-5594-1-C1-PPWP-X1.jpg,https://pemilu2019.kpu.go.id/img/c/900/011/900011347/1-5594-1-C1-PPWP-X2.jpg
1546355815594900011348,ACEH,NAGAN RAYA,DARUL MAKMUR,KUTA TRIENG,TPS 2,2019-10-25 05:00:03,12,178,239,194,194,190,4,https://pemilu2019.kpu.go.id/img/c/900/011/900011348/1-5594-2-C1-PPWP-X1.jpg,https://pemilu2019.kpu.go.id/img/c/900/011/900011348/1-5594-2-C1-PPWP-X2.jpg
1546355815594900011349,ACEH,NAGAN RAYA,DARUL MAKMUR,KUTA TRIENG,TPS 3,2019-10-25 05:00:03,18,160,238,181,181,178,3,https://pemilu2019.kpu.go.id/img/c/900/011/900011349/1-5594-3-C1-PPWP-X1.jpg,https://pemilu2019.kpu.go.id/img/c/900/011/900011349/1-5594-3-C1-PPWP-X2.jpg
1546355815594900011350,ACEH,NAGAN RAYA,DARUL MAKMUR,KUTA TRIENG,TPS 4,2019-10-25 05:00:03,21,160,237,182,183,181,2,https://pemilu2019.kpu.go.id/img/c/900/011/900011350/1-5594-4-C1-PPWP-X1.jpg,https://pemilu2019.kpu.go.id/img/c/900/011/900011350/1-5594-4-C1-PPWP-X2.jpg
1546355815594900011351,ACEH,NAGAN RAYA,DARUL MAKMUR,KUTA TRIENG,TPS 5,2019-10-25 05:00:03,12,163,0,179,179,175,4,https://pemilu2019.kpu.go.id/img/c/900/011/900011351/1-5594-5-C1-PPWP-X1.jpg,https://pemilu2019.kpu.go.id/img/c/900/011/900011351/1-5594-5-C1-PPWP-X2.jpg
1546355815627900011477,ACEH,NAGAN RAYA,DARUL MAKMUR,LADANG BARO,TPS 1,2019-10-25 05:00:03,34,190,242,228,228,224,4,https://pemilu2019.kpu.go.id/img/c/900/011/900011477/5627-1-C1-PPWP-X1.jpg,https://pemilu2019.kpu.go.id/img/c/900/011/900011477/5627-1-C1-PPWP-X2.jpg
1546355815593900011341,ACEH,NAGAN RAYA,DARUL MAKMUR,LAMIE,TPS 1,2019-10-25 05:00:03,31,133,277,171,171,164,7,https://pemilu2019.kpu.go.id/img/c/900/011/900011341/5593-1-C1-PPWP-X1.jpg,https://pemilu2019.kpu.go.id/img/c/900/011/900011341/5593-1-C1-PPWP-X2.jpg
1546355815593900011342,ACEH,NAGAN RAYA,DARUL MAKMUR,LAMIE,TPS 2,2019-10-25 05:00:03,51,142,281,200,200,193,7,https://pemilu2019.kpu.go.id/img/c/900/011/900011342/5593-2-C1-PPWP-X1.jpg,https://pemilu2019.kpu.go.id/img/c/900/011/900011342/5593-2-C1-PPWP-X2.jpg
1546355815593900011343,ACEH,NAGAN RAYA,DARUL MAKMUR,LAMIE,TPS 3,2019-10-25 05:00:03,25,173,257,206,206,198,8,https://pemilu2019.kpu.go.id/img/c/900/011/900011343/1-5593-3-C1-PPWP-X1.jpg,https://pemilu2019.kpu.go.id/img/c/900/011/900011343/1-5593-3-C1-PPWP-X2.jpg
1546355815593900011344,ACEH,NAGAN RAYA,DARUL MAKMUR,LAMIE,TPS 4,2019-10-25 05:00:03,39,159,253,208,208,198,10,https://pemilu2019.kpu.go.id/img/c/900/011/900011344/1-5593-4-C1-PPWP-X1.jpg,https://pemilu2019.kpu.go.id/img/c/900/011/900011344/1-5593-4-C1-PPWP-X2.jpg
1546355815593900011345,ACEH,NAGAN RAYA,DARUL MAKMUR,LAMIE,TPS 5,2019-10-25 05:00:03,27,181,280,225,225,208,17,https://pemilu2019.kpu.go.id/img/c/900/011/900011345/5593-5-C1-PPWP-X1.jpg,https://pemilu2019.kpu.go.id/img/c/900/011/900011345/5593-5-C1-PPWP-X2.jpg
1546355815593900011346,ACEH,NAGAN RAYA,DARUL MAKMUR,LAMIE,TPS 6,2019-10-25 05:00:03,31,179,271,215,215,210,5,https://pemilu2019.kpu.go.id/img/c/900/011/900011346/5593-6-C1-PPWP-X1.jpg,https://pemilu2019.kpu.go.id/img/c/900/011/900011346/5593-6-C1-PPWP-X2.jpg
1546355815633900011488,ACEH,NAGAN RAYA,DARUL MAKMUR,MAKARTI JAYA,TPS 1,2019-10-25 05:00:03,50,68,270,126,126,118,8,https://pemilu2019.kpu.go.id/img/c/900/011/900011488/1-5633-1-C1-PPWP-01.jpg,https://pemilu2019.kpu.go.id/img/c/900/011/900011488/1-5633-1-C1-PPWP-02.jpg
1546355815633900011489,ACEH,NAGAN RAYA,DARUL MAKMUR,MAKARTI JAYA,TPS 2,2019-10-25 05:00:03,43,81,238,128,128,124,4,https://pemilu2019.kpu.go.id/img/c/900/011/900011489/1-5633-2-C1-PPWP-01.jpg,https://pemilu2019.kpu.go.id/img/c/900/011/900011489/1-5633-2-C1-PPWP-02.jpg
1546355815633900011490,ACEH,NAGAN RAYA,DARUL MAKMUR,MAKARTI JAYA,TPS 3,2019-10-25 05:00:03,58,100,255,162,162,158,4,https://pemilu2019.kpu.go.id/img/c/900/011/900011490/1-5633-3-C1-PPWP-01.jpg,https://pemilu2019.kpu.go.id/img/c/900/011/900011490/1-5633-3-C1-PPWP-02.jpg
1546355815633900011491,ACEH,NAGAN RAYA,DARUL MAKMUR,MAKARTI JAYA,TPS 4,2019-10-25 05:00:03,110,68,186,186,186,178,8,https://pemilu2019.kpu.go.id/img/c/900/011/900011491/1-5633-4-C1-PPWP-01.jpg,https://pemilu2019.kpu.go.id/img/c/900/011/900011491/1-5633-4-C1-PPWP-02.jpg
1546355815633900011492,ACEH,NAGAN RAYA,DARUL MAKMUR,MAKARTI JAYA,TPS 5,2019-10-25 05:00:03,91,110,242,203,203,201,2,https://pemilu2019.kpu.go.id/img/c/900/011/900011492/1-5633-5-C1-PPWP-X9.jpg,https://pemilu2019.kpu.go.id/img/c/900/011/900011492/1-5633-5-C1-PPWP-02.jpg
1546355815633900011493,ACEH,NAGAN RAYA,DARUL MAKMUR,MAKARTI JAYA,TPS 6,2019-10-25 05:00:03,89,90,255,192,192,179,13,https://pemilu2019.kpu.go.id/img/c/900/011/900011493/1-5633-6-C1-PPWP-01.jpg,https://pemilu2019.kpu.go.id/img/c/900/011/900011493/1-5633-6-C1-PPWP-02.jpg
1546355815633900011494,ACEH,NAGAN RAYA,DARUL MAKMUR,MAKARTI JAYA,TPS 7,2019-10-25 05:00:03,91,69,285,171,171,160,11,https://pemilu2019.kpu.go.id/img/c/900/011/900011494/1-5633-7-C1-PPWP-X13.jpg,https://pemilu2019.kpu.go.id/img/c/900/011/900011494/1-5633-7-C1-PPWP-02.jpg
1546355815624900011467,ACEH,NAGAN RAYA,DARUL MAKMUR,PANTON BAYU,TPS 1,2019-10-25 05:00:03,37,197,268,241,241,234,7,https://pemilu2019.kpu.go.id/img/c/900/011/900011467/5624-1-C1-PPWP-X1.jpg,https://pemilu2019.kpu.go.id/img/c/900/011/900011467/5624-1-C1-PPWP-X2.jpg
1546355815624900011468,ACEH,NAGAN RAYA,DARUL MAKMUR,PANTON BAYU,TPS 2,2019-10-25 05:00:03,28,205,267,242,242,233,9,https://pemilu2019.kpu.go.id/img/c/900/011/900011468/5624-2-C1-PPWP-X1.jpg,https://pemilu2019.kpu.go.id/img/c/900/011/900011468/5624-2-C1-PPWP-X2.jpg
1546355815624900011469,ACEH,NAGAN RAYA,DARUL MAKMUR,PANTON BAYU,TPS 3,2019-10-25 05:00:03,33,138,197,175,175,171,4,https://pemilu2019.kpu.go.id/img/c/900/011/900011469/5624-3-C1-PPWP-X1.jpg,https://pemilu2019.kpu.go.id/img/c/900/011/900011469/5624-3-C1-PPWP-X2.jpg
1546355815624900011470,ACEH,NAGAN RAYA,DARUL MAKMUR,PANTON BAYU,TPS 4,2019-10-25 05:00:03,15,126,170,149,149,141,8,https://pemilu2019.kpu.go.id/img/c/900/011/900011470/1-5624-4-C1-PPWP-X1.jpg,https://pemilu2019.kpu.go.id/img/c/900/011/900011470/1-5624-4-C1-PPWP-X2.jpg
1546355815613900011427,ACEH,NAGAN RAYA,DARUL MAKMUR,PULO IE,TPS 1,2019-10-25 05:00:03,30,115,201,149,149,145,4,https://pemilu2019.kpu.go.id/img/c/900/011/900011427/1-5613-1-C1-PPWP-X1.jpg,https://pemilu2019.kpu.go.id/img/c/900/011/900011427/1-5613-1-C1-PPWP-02.jpg
1546355815613900011428,ACEH,NAGAN RAYA,DARUL MAKMUR,PULO IE,TPS 2,2019-10-25 05:00:03,17,126,208,149,149,143,6,https://pemilu2019.kpu.go.id/img/c/900/011/900011428/1-5613-2-C1-PPWP-X1.jpg,https://pemilu2019.kpu.go.id/img/c/900/011/900011428/1-5613-2-C1-PPWP-X2.jpg
1546355815613900011429,ACEH,NAGAN RAYA,DARUL MAKMUR,PULO IE,TPS 3,2019-10-25 05:00:03,25,132,207,163,163,157,6,https://pemilu2019.kpu.go.id/img/c/900/011/900011429/1-5613-3-C1-PPWP-X1.jpg,https://pemilu2019.kpu.go.id/img/c/900/011/900011429/1-5613-3-C1-PPWP-X2.jpg
1546355815614900011430,ACEH,NAGAN RAYA,DARUL MAKMUR,PULO KRUET,TPS 1,2019-10-25 05:00:03,26,135,196,169,169,160,9,https://pemilu2019.kpu.go.id/img/c/900/011/900011430/2-5614-1-C1-PPWP-X1.jpg,https://pemilu2019.kpu.go.id/img/c/900/011/900011430/2-5614-1-C1-PPWP-X2.jpg
1546355815614900011431,ACEH,NAGAN RAYA,DARUL MAKMUR,PULO KRUET,TPS 2,2019-10-25 05:00:03,63,79,221,149,149,142,7,https://pemilu2019.kpu.go.id/img/c/900/011/900011431/1-5614-2-C1-PPWP-X1.jpg,https://pemilu2019.kpu.go.id/img/c/900/011/900011431/1-5614-2-C1-PPWP-X2.jpg
1546355815610900011405,ACEH,NAGAN RAYA,DARUL MAKMUR,PULO TEUNGOH,TPS 01,2019-10-25 05:00:03,35,212,289,254,254,247,7,https://pemilu2019.kpu.go.id/img/c/900/011/900011405/1-5610-01-C1-PPWP-X1.jpg,https://pemilu2019.kpu.go.id/img/c/900/011/900011405/1-5610-01-C1-PPWP-X2.jpg
1546355815610900011406,ACEH,NAGAN RAYA,DARUL MAKMUR,PULO TEUNGOH,TPS 02,2019-10-25 05:00:03,31,187,283,221,221,218,3,https://pemilu2019.kpu.go.id/img/c/900/011/900011406/2-5610-02-C1-PPWP-X1.jpg,https://pemilu2019.kpu.go.id/img/c/900/011/900011406/2-5610-02-C1-PPWP-X2.jpg
1546355815610900011407,ACEH,NAGAN RAYA,DARUL MAKMUR,PULO TEUNGOH,TPS 03,2019-10-25 05:00:03,13,75,117,90,90,88,2,https://pemilu2019.kpu.go.id/img/c/900/011/900011407/1-5610-03-C1-PPWP-01.jpg,https://pemilu2019.kpu.go.id/img/c/900/011/900011407/1-5610-03-C1-PPWP-02.jpg
1546355815610900011408,ACEH,NAGAN RAYA,DARUL MAKMUR,PULO TEUNGOH,TPS 04,2019-10-25 05:00:03,30,177,285,210,211,207,3,https://pemilu2019.kpu.go.id/img/c/900/011/900011408/1-5610-04-C1-PPWP-01.jpg,https://pemilu2019.kpu.go.id/img/c/900/011/900011408/1-5610-04-C1-PPWP-02.jpg
1546355815610900011409,ACEH,NAGAN RAYA,DARUL MAKMUR,PULO TEUNGOH,TPS 05,2019-10-25 05:00:03,31,208,305,243,251,239,4,https://pemilu2019.kpu.go.id/img/c/900/011/900011409/1-5610-05-C1-PPWP-01.jpg,https://pemilu2019.kpu.go.id/img/c/900/011/900011409/1-5610-05-C1-PPWP-02.jpg
1546355815610900011410,ACEH,NAGAN RAYA,DARUL MAKMUR,PULO TEUNGOH,TPS 06,2019-10-25 05:00:03,33,196,285,240,236,229,7,https://pemilu2019.kpu.go.id/img/c/900/011/900011410/1-5610-06-C1-PPWP-X1.jpg,https://pemilu2019.kpu.go.id/img/c/900/011/900011410/1-5610-06-C1-PPWP-X2.jpg
1546355815610900011411,ACEH,NAGAN RAYA,DARUL MAKMUR,PULO TEUNGOH,TPS 07,2019-10-25 05:00:03,37,178,270,220,220,215,5,https://pemilu2019.kpu.go.id/img/c/900/011/900011411/1-5610-07-C1-PPWP-X1.jpg,https://pemilu2019.kpu.go.id/img/c/900/011/900011411/1-5610-07-C1-PPWP-X2.jpg
1546355815610900011412,ACEH,NAGAN RAYA,DARUL MAKMUR,PULO TEUNGOH,TPS 08,2019-10-25 05:00:03,30,202,290,235,235,232,3,https://pemilu2019.kpu.go.id/img/c/900/011/900011412/2-5610-08-C1-PPWP-01.jpg,https://pemilu2019.kpu.go.id/img/c/900/011/900011412/2-5610-08-C1-PPWP-02.jpg
1546355815610900011413,ACEH,NAGAN RAYA,DARUL MAKMUR,PULO TEUNGOH,TPS 09,2019-10-25 05:00:03,31,165,256,203,203,196,7,https://pemilu2019.kpu.go.id/img/c/900/011/900011413/1-5610-09-C1-PPWP-01.jpg,https://pemilu2019.kpu.go.id/img/c/900/011/900011413/1-5610-09-C1-PPWP-02.jpg
1546355815610900011414,ACEH,NAGAN RAYA,DARUL MAKMUR,PULO TEUNGOH,TPS 10,2019-10-25 05:00:03,27,183,250,217,217,210,7,https://pemilu2019.kpu.go.id/img/c/900/011/900011414/1-5610-10-C1-PPWP-01.jpg,https://pemilu2019.kpu.go.id/img/c/900/011/900011414/1-5610-10-C1-PPWP-02.jpg
1546355815610900011415,ACEH,NAGAN RAYA,DARUL MAKMUR,PULO TEUNGOH,TPS 11,2019-10-25 05:00:03,27,191,253,222,222,218,4,https://pemilu2019.kpu.go.id/img/c/900/011/900011415/2-5610-11-C1-PPWP-X1.jpg,https://pemilu2019.kpu.go.id/img/c/900/011/900011415/2-5610-11-C1-PPWP-X2.jpg
1546355815610900011416,ACEH,NAGAN RAYA,DARUL MAKMUR,PULO TEUNGOH,TPS 12,2019-10-25 05:00:03,18,94,131,115,115,112,3,https://pemilu2019.kpu.go.id/img/c/900/011/900011416/1-5610-12-C1-PPWP-01.jpg,https://pemilu2019.kpu.go.id/img/c/900/011/900011416/1-5610-12-C1-PPWP-02.jpg
1546355815622900011459,ACEH,NAGAN RAYA,DARUL MAKMUR,SERBA GUNA,TPS 1,2019-10-25 05:00:03,34,180,260,218,218,214,4,https://pemilu2019.kpu.go.id/img/c/900/011/900011459/1-5622-1-C1-PPWP-01.jpg,https://pemilu2019.kpu.go.id/img/c/900/011/900011459/1-5622-1-C1-PPWP-02.jpg
1546355815622900011460,ACEH,NAGAN RAYA,DARUL MAKMUR,SERBA GUNA,TPS 2,2019-10-25 05:00:03,43,158,264,209,209,201,8,https://pemilu2019.kpu.go.id/img/c/900/011/900011460/1-5622-2-C1-PPWP-01.jpg,https://pemilu2019.kpu.go.id/img/c/900/011/900011460/1-5622-2-C1-PPWP-02.jpg
1546355815622900011461,ACEH,NAGAN RAYA,DARUL MAKMUR,SERBA GUNA,TPS 3,2019-10-25 05:00:03,33,169,256,209,209,202,7,https://pemilu2019.kpu.go.id/img/c/900/011/900011461/1-5622-3-C1-PPWP-01.jpg,https://pemilu2019.kpu.go.id/img/c/900/011/900011461/1-5622-3-C1-PPWP-02.jpg
1546355815622900011462,ACEH,NAGAN RAYA,DARUL MAKMUR,SERBA GUNA,TPS 4,2019-10-25 05:00:03,54,162,275,223,223,216,7,https://pemilu2019.kpu.go.id/img/c/900/011/900011462/1-5622-4-C1-PPWP-01.jpg,https://pemilu2019.kpu.go.id/img/c/900/011/900011462/1-5622-4-C1-PPWP-02.jpg
1546355815622900011463,ACEH,NAGAN RAYA,DARUL MAKMUR,SERBA GUNA,TPS 5,2019-10-25 05:00:03,52,138,249,200,200,190,10,https://pemilu2019.kpu.go.id/img/c/900/011/900011463/1-5622-5-C1-PPWP-01.jpg,https://pemilu2019.kpu.go.id/img/c/900/011/900011463/1-5622-5-C1-PPWP-02.jpg
1546355815622900011464,ACEH,NAGAN RAYA,DARUL MAKMUR,SERBA GUNA,TPS 6,2019-10-25 05:00:03,45,162,260,217,217,207,10,https://pemilu2019.kpu.go.id/img/c/900/011/900011464/1-5622-6-C1-PPWP-01.jpg,https://pemilu2019.kpu.go.id/img/c/900/011/900011464/1-5622-6-C1-PPWP-02.jpg
1546355815621900011450,ACEH,NAGAN RAYA,DARUL MAKMUR,SERBA JADI,TPS 1,2019-10-25 05:00:03,27,154,258,189,189,181,8,https://pemilu2019.kpu.go.id/img/c/900/011/900011450/2-5621-1-C1-PPWP-X1.jpg,https://pemilu2019.kpu.go.id/img/c/900/011/900011450/2-5621-1-C1-PPWP-X2.jpg
1546355815621900011451,ACEH,NAGAN RAYA,DARUL MAKMUR,SERBA JADI,TPS 2,2019-10-25 05:00:03,41,150,263,209,209,191,18,https://pemilu2019.kpu.go.id/img/c/900/011/900011451/2-5621-2-C1-PPWP-X1.jpg,https://pemilu2019.kpu.go.id/img/c/900/011/900011451/2-5621-2-C1-PPWP-X2.jpg
1546355815621900011452,ACEH,NAGAN RAYA,DARUL MAKMUR,SERBA JADI,TPS 3,2019-10-25 05:00:03,27,156,267,201,201,183,18,https://pemilu2019.kpu.go.id/img/c/900/011/900011452/2-5621-3-C1-PPWP-X1.jpg,https://pemilu2019.kpu.go.id/img/c/900/011/900011452/2-5621-3-C1-PPWP-X2.jpg
1546355815621900011453,ACEH,NAGAN RAYA,DARUL MAKMUR,SERBA JADI,TPS 4,2019-10-25 05:00:03,18,172,288,209,209,195,14,https://pemilu2019.kpu.go.id/img/c/900/011/900011453/2-5621-4-C1-PPWP-X1.jpg,https://pemilu2019.kpu.go.id/img/c/900/011/900011453/2-5621-4-C1-PPWP-X2.jpg
1546355815621900011454,ACEH,NAGAN RAYA,DARUL MAKMUR,SERBA JADI,TPS 5,2019-10-25 05:00:03,31,152,251,196,196,183,13,https://pemilu2019.kpu.go.id/img/c/900/011/900011454/3-5621-5-C1-PPWP-X1.jpg,https://pemilu2019.kpu.go.id/img/c/900/011/900011454/3-5621-5-C1-PPWP-X2.jpg
1546355815621900011455,ACEH,NAGAN RAYA,DARUL MAKMUR,SERBA JADI,TPS 6,2019-10-25 05:00:03,30,149,240,192,192,179,13,https://pemilu2019.kpu.go.id/img/c/900/011/900011455/5621-6-C1-PPWP-X1.jpg,https://pemilu2019.kpu.go.id/img/c/900/011/900011455/5621-6-C1-PPWP-X2.jpg
1546355815621900011456,ACEH,NAGAN RAYA,DARUL MAKMUR,SERBA JADI,TPS 7,2019-10-25 05:00:03,30,141,256,182,182,171,11,https://pemilu2019.kpu.go.id/img/c/900/011/900011456/5621-7-C1-PPWP-X1.jpg,https://pemilu2019.kpu.go.id/img/c/900/011/900011456/5621-7-C1-PPWP-X2.jpg
1546355815621900011457,ACEH,NAGAN RAYA,DARUL MAKMUR,SERBA JADI,TPS 8,2019-10-25 05:00:03,25,134,249,171,164,159,5,https://pemilu2019.kpu.go.id/img/c/900/011/900011457/4-5621-8-C1-PPWP-X1.jpg,https://pemilu2019.kpu.go.id/img/c/900/011/900011457/4-5621-8-C1-PPWP-X2.jpg
1546355815621900011458,ACEH,NAGAN RAYA,DARUL MAKMUR,SERBA JADI,TPS 9,2019-10-25 05:00:03,37,140,256,185,185,177,8,https://pemilu2019.kpu.go.id/img/c/900/011/900011458/5621-9-C1-PPWP-X1.jpg,https://pemilu2019.kpu.go.id/img/c/900/011/900011458/5621-9-C1-PPWP-X2.jpg
1546355815620900011448,ACEH,NAGAN RAYA,DARUL MAKMUR,SIDO JADI,TPS 1,2019-10-25 05:00:03,36,108,171,150,150,144,6,https://pemilu2019.kpu.go.id/img/c/900/011/900011448/5620-1-C1-PPWP-X1.jpg,https://pemilu2019.kpu.go.id/img/c/900/011/900011448/5620-1-C1-PPWP-X2.jpg
1546355815620900011449,ACEH,NAGAN RAYA,DARUL MAKMUR,SIDO JADI,TPS 2,2019-10-25 05:00:03,35,123,185,162,162,158,4,https://pemilu2019.kpu.go.id/img/c/900/011/900011449/5620-2-C1-PPWP-X1.jpg,https://pemilu2019.kpu.go.id/img/c/900/011/900011449/5620-2-C1-PPWP-X2.jpg
1546355815619900011446,ACEH,NAGAN RAYA,DARUL MAKMUR,SIMPANG DUA,TPS 1,2019-10-25 05:00:03,21,94,128,118,118,115,3,https://pemilu2019.kpu.go.id/img/c/900/011/900011446/1-5619-1-C1-PPWP-01.jpg,https://pemilu2019.kpu.go.id/img/c/900/011/900011446/1-5619-1-C1-PPWP-02.jpg
1546355815619900011447,ACEH,NAGAN RAYA,DARUL MAKMUR,SIMPANG DUA,TPS 2,2019-10-25 05:00:03,27,125,168,155,155,152,3,https://pemilu2019.kpu.go.id/img/c/900/011/900011447/5619-2-C1-PPWP-X1.jpg,https://pemilu2019.kpu.go.id/img/c/900/011/900011447/5619-2-C1-PPWP-X2.jpg
1546355815629900011481,ACEH,NAGAN RAYA,DARUL MAKMUR,SP. DELI KAMPONG,TPS 1,2019-10-25 05:00:03,19,146,219,175,175,165,10,https://pemilu2019.kpu.go.id/img/c/900/011/900011481/1-5629-1-C1-PPWP-X1.jpg,https://pemilu2019.kpu.go.id/img/c/900/011/900011481/1-5629-1-C1-PPWP-X2.jpg
1546355815629900011482,ACEH,NAGAN RAYA,DARUL MAKMUR,SP. DELI KAMPONG,TPS 2,2019-10-25 05:00:03,24,148,207,180,180,172,8,https://pemilu2019.kpu.go.id/img/c/900/011/900011482/1-5629-2-C1-PPWP-01.jpg,https://pemilu2019.kpu.go.id/img/c/900/011/900011482/1-5629-2-C1-PPWP-02.jpg
1546355815623900011465,ACEH,NAGAN RAYA,DARUL MAKMUR,SP. DELI KILANG,TPS 1,2019-10-25 05:00:03,0,0,177,160,160,159,1,https://pemilu2019.kpu.go.id/img/c/900/011/900011465/3-5623-1-C1-PPWP-X1.jpg,https://pemilu2019.kpu.go.id/img/c/900/011/900011465/3-5623-1-C1-PPWP-X2.jpg
1546355815623900011466,ACEH,NAGAN RAYA,DARUL MAKMUR,SP. DELI KILANG,TPS 2,2019-10-25 05:00:03,6,122,142,134,134,128,6,https://pemilu2019.kpu.go.id/img/c/900/011/900011466/3-5623-2-C1-PPWP-X1.jpg,https://pemilu2019.kpu.go.id/img/c/900/011/900011466/3-5623-2-C1-PPWP-X2.jpg
1546355815604900011378,ACEH,NAGAN RAYA,DARUL MAKMUR,SUAK PALEMBANG,TPS 1,2019-10-25 05:00:03,36,144,220,186,186,180,6,https://pemilu2019.kpu.go.id/img/c/900/011/900011378/1-5604-1-C1-PPWP-X1.jpg,https://pemilu2019.kpu.go.id/img/c/900/011/900011378/1-5604-1-C1-PPWP-X2.jpg
1546355815604900011379,ACEH,NAGAN RAYA,DARUL MAKMUR,SUAK PALEMBANG,TPS 2,2019-10-25 05:00:03,23,175,242,200,200,198,2,https://pemilu2019.kpu.go.id/img/c/900/011/900011379/2-5604-2-C1-PPWP-X1.jpg,https://pemilu2019.kpu.go.id/img/c/900/011/900011379/2-5604-2-C1-PPWP-X2.jpg
1546355815604900011380,ACEH,NAGAN RAYA,DARUL MAKMUR,SUAK PALEMBANG,TPS 3,2019-10-25 05:00:03,25,154,213,181,181,179,2,https://pemilu2019.kpu.go.id/img/c/900/011/900011380/2-5604-3-C1-PPWP-01.jpg,https://pemilu2019.kpu.go.id/img/c/900/011/900011380/2-5604-3-C1-PPWP-X2.jpg
1546355815601900011370,ACEH,NAGAN RAYA,DARUL MAKMUR,SUKA JADI,TPS 1,2019-10-25 05:00:03,14,102,129,119,121,116,5,https://pemilu2019.kpu.go.id/img/c/900/011/900011370/2-5601-1-C1-PPWP-X1.jpg,https://pemilu2019.kpu.go.id/img/c/900/011/900011370/2-5601-1-C1-PPWP-X2.jpg
1546355815601900011371,ACEH,NAGAN RAYA,DARUL MAKMUR,SUKA JADI,TPS 2,2019-10-25 05:00:03,13,99,130,116,116,112,4,https://pemilu2019.kpu.go.id/img/c/900/011/900011371/5601-2-C1-PPWP-X1.jpg,https://pemilu2019.kpu.go.id/img/c/900/011/900011371/5601-2-C1-PPWP-X2.jpg
1546355815618900011443,ACEH,NAGAN RAYA,DARUL MAKMUR,SUKA MULIA,TPS 1,2019-10-25 05:00:03,33,164,232,198,198,197,1,https://pemilu2019.kpu.go.id/img/c/900/011/900011443/2-5618-1-C1-PPWP-X1.jpg,https://pemilu2019.kpu.go.id/img/c/900/011/900011443/2-5618-1-C1-PPWP-X2.jpg
1546355815618900011444,ACEH,NAGAN RAYA,DARUL MAKMUR,SUKA MULIA,TPS 2,2019-10-25 05:00:03,17,138,232,163,163,155,8,https://pemilu2019.kpu.go.id/img/c/900/011/900011444/2-5618-2-C1-PPWP-X1.jpg,https://pemilu2019.kpu.go.id/img/c/900/011/900011444/2-5618-2-C1-PPWP-X2.jpg
1546355815618900011445,ACEH,NAGAN RAYA,DARUL MAKMUR,SUKA MULIA,TPS 3,2019-10-25 05:00:03,26,131,227,163,163,157,6,https://pemilu2019.kpu.go.id/img/c/900/011/900011445/1-5618-3-C1-PPWP-X1.jpg,https://pemilu2019.kpu.go.id/img/c/900/011/900011445/1-5618-3-C1-PPWP-X2.jpg
1546355815599900011362,ACEH,NAGAN RAYA,DARUL MAKMUR,SUKA RAJA,TPS 1,2019-10-25 05:00:03,36,139,229,180,180,175,5,https://pemilu2019.kpu.go.id/img/c/900/011/900011362/5599-1-C1-PPWP-X1.jpg,https://pemilu2019.kpu.go.id/img/c/900/011/900011362/5599-1-C1-PPWP-X2.jpg
1546355815599900011363,ACEH,NAGAN RAYA,DARUL MAKMUR,SUKA RAJA,TPS 2,2019-10-25 05:00:03,31,148,228,187,187,179,8,https://pemilu2019.kpu.go.id/img/c/900/011/900011363/5599-2-C1-PPWP-X1.jpg,https://pemilu2019.kpu.go.id/img/c/900/011/900011363/5599-2-C1-PPWP-X2.jpg
1546355815599900011364,ACEH,NAGAN RAYA,DARUL MAKMUR,SUKA RAJA,TPS 3,2019-10-25 05:00:03,33,125,212,161,161,158,3,https://pemilu2019.kpu.go.id/img/c/900/011/900011364/5599-3-C1-PPWP-X1.jpg,https://pemilu2019.kpu.go.id/img/c/900/011/900011364/5599-3-C1-PPWP-X2.jpg
1546355815599900011365,ACEH,NAGAN RAYA,DARUL MAKMUR,SUKA RAJA,TPS 4,2019-10-25 05:00:03,30,146,220,177,177,176,1,https://pemilu2019.kpu.go.id/img/c/900/011/900011365/5599-4-C1-PPWP-X1.jpg,https://pemilu2019.kpu.go.id/img/c/900/011/900011365/5599-4-C1-PPWP-X2.jpg
1546355815626900011474,ACEH,NAGAN RAYA,DARUL MAKMUR,SUKA RAMAI,TPS 1,2019-10-25 05:00:03,31,179,233,217,220,210,10,https://pemilu2019.kpu.go.id/img/c/900/011/900011474/1-5626-1-C1-PPWP-01.jpg,https://pemilu2019.kpu.go.id/img/c/900/011/900011474/1-5626-1-C1-PPWP-02.jpg
1546355815626900011475,ACEH,NAGAN RAYA,DARUL MAKMUR,SUKA RAMAI,TPS 2,2019-10-25 05:00:03,35,164,235,209,209,199,10,https://pemilu2019.kpu.go.id/img/c/900/011/900011475/1-5626-2-C1-PPWP-01.jpg,https://pemilu2019.kpu.go.id/img/c/900/011/900011475/1-5626-2-C1-PPWP-02.jpg
1546355815626900011476,ACEH,NAGAN RAYA,DARUL MAKMUR,SUKA RAMAI,TPS 3,2019-10-25 05:00:03,39,178,240,223,223,217,6,https://pemilu2019.kpu.go.id/img/c/900/011/900011476/1-5626-3-C1-PPWP-01.jpg,https://pemilu2019.kpu.go.id/img/c/900/011/900011476/1-5626-3-C1-PPWP-02.jpg
1546355815631900011487,ACEH,NAGAN RAYA,DARUL MAKMUR,SUMBER MAKMUR,TPS 1,2019-10-25 05:00:03,128,100,266,237,237,228,9,https://pemilu2019.kpu.go.id/img/c/900/011/900011487/5631-1-C1-PPWP-X1.jpg,https://pemilu2019.kpu.go.id/img/c/900/011/900011487/5631-1-C1-PPWP-X2.jpg
1546355815602900011372,ACEH,NAGAN RAYA,DARUL MAKMUR,TUWI BUYA,TPS 1,2019-10-25 05:00:03,9,131,167,146,146,140,6,https://pemilu2019.kpu.go.id/img/c/900/011/900011372/5602-1-C1-PPWP-X1.jpg,https://pemilu2019.kpu.go.id/img/c/900/011/900011372/5602-1-C1-PPWP-X2.jpg
1546355815602900011373,ACEH,NAGAN RAYA,DARUL MAKMUR,TUWI BUYA,TPS 2,2019-10-25 05:00:03,22,115,180,147,147,137,10,https://pemilu2019.kpu.go.id/img/c/900/011/900011373/5-5602-2-C1-PPWP-X1.jpg,https://pemilu2019.kpu.go.id/img/c/900/011/900011373/5-5602-2-C1-PPWP-X2.jpg
1546355815603900011374,ACEH,NAGAN RAYA,DARUL MAKMUR,UJONG LAMIE,TPS 1,2019-10-25 05:00:03,19,176,219,198,198,195,3,https://pemilu2019.kpu.go.id/img/c/900/011/900011374/1-5603-1-C1-PPWP-X1.jpg,https://pemilu2019.kpu.go.id/img/c/900/011/900011374/1-5603-1-C1-PPWP-X2.jpg
1546355815603900011375,ACEH,NAGAN RAYA,DARUL MAKMUR,UJONG LAMIE,TPS 2,2019-10-25 05:00:03,8,206,239,217,217,214,3,https://pemilu2019.kpu.go.id/img/c/900/011/900011375/1-5603-2-C1-PPWP-X1.jpg,https://pemilu2019.kpu.go.id/img/c/900/011/900011375/1-5603-2-C1-PPWP-X2.jpg
1546355815603900011376,ACEH,NAGAN RAYA,DARUL MAKMUR,UJONG LAMIE,TPS 3,2019-10-25 05:00:03,15,191,230,211,211,206,5,https://pemilu2019.kpu.go.id/img/c/900/011/900011376/1-5603-3-C1-PPWP-X1.jpg,https://pemilu2019.kpu.go.id/img/c/900/011/900011376/1-5603-3-C1-PPWP-X2.jpg
1546355815603900011377,ACEH,NAGAN RAYA,DARUL MAKMUR,UJONG LAMIE,TPS 4,2019-10-25 05:00:03,15,189,230,212,212,204,8,https://pemilu2019.kpu.go.id/img/c/900/011/900011377/2-5603-4-C1-PPWP-X1.jpg,https://pemilu2019.kpu.go.id/img/c/900/011/900011377/2-5603-4-C1-PPWP-X2.jpg
1546355815625900011471,ACEH,NAGAN RAYA,DARUL MAKMUR,UJONG TANJONG,TPS 1,2019-10-25 05:00:03,16,140,250,160,160,156,4,https://pemilu2019.kpu.go.id/img/c/900/011/900011471/5625-1-C1-PPWP-X1.jpg,https://pemilu2019.kpu.go.id/img/c/900/011/900011471/5625-1-C1-PPWP-X2.jpg
1546355815625900011472,ACEH,NAGAN RAYA,DARUL MAKMUR,UJONG TANJONG,TPS 2,2019-10-25 05:00:03,55,82,280,144,142,137,5,https://pemilu2019.kpu.go.id/img/c/900/011/900011472/5625-2-C1-PPWP-X1.jpg,https://pemilu2019.kpu.go.id/img/c/900/011/900011472/5625-2-C1-PPWP-X2.jpg
1546355815625900011473,ACEH,NAGAN RAYA,DARUL MAKMUR,UJONG TANJONG,TPS 3,2019-10-25 05:00:03,22,118,268,145,145,140,5,https://pemilu2019.kpu.go.id/img/c/900/011/900011473/5625-3-C1-PPWP-X1.jpg,https://pemilu2019.kpu.go.id/img/c/900/011/900011473/5625-3-C1-PPWP-X2.jpg
1546354645472900011086,ACEH,NAGAN RAYA,KUALA,ALUE IE MAMEH,TPS 1,2019-10-25 05:00:03,20,249,299,272,272,269,3,https://pemilu2019.kpu.go.id/img/c/900/011/900011086/5472-1-C1-PPWP-X1.jpg,https://pemilu2019.kpu.go.id/img/c/900/011/900011086/5472-1-C1-PPWP-X2.jpg
1546354645472900011087,ACEH,NAGAN RAYA,KUALA,ALUE IE MAMEH,TPS 2,2019-10-25 05:00:03,14,215,271,234,234,229,5,https://pemilu2019.kpu.go.id/img/c/900/011/900011087/5472-2-C1-PPWP-X1.jpg,https://pemilu2019.kpu.go.id/img/c/900/011/900011087/5472-2-C1-PPWP-X2.jpg
1546354645471900011083,ACEH,NAGAN RAYA,KUALA,BLANG BARO,TPS 1,2019-10-25 05:00:03,24,113,234,143,143,137,6,https://pemilu2019.kpu.go.id/img/c/900/011/900011083/5471-1-C1-PPWP-X1.jpg,https://pemilu2019.kpu.go.id/img/c/900/011/900011083/5471-1-C1-PPWP-X2.jpg
1546354645471900011084,ACEH,NAGAN RAYA,KUALA,BLANG BARO,TPS 2,2019-10-25 05:00:03,28,124,223,160,160,152,8,https://pemilu2019.kpu.go.id/img/c/900/011/900011084/5471-2-C1-PPWP-X1.jpg,https://pemilu2019.kpu.go.id/img/c/900/011/900011084/5471-2-C1-PPWP-X2.jpg
1546354645471900011085,ACEH,NAGAN RAYA,KUALA,BLANG BARO,TPS 3,2019-10-25 05:00:03,33,129,225,170,170,162,8,https://pemilu2019.kpu.go.id/img/c/900/011/900011085/5471-3-C1-PPWP-X1.jpg,https://pemilu2019.kpu.go.id/img/c/900/011/900011085/5471-3-C1-PPWP-X2.jpg
1546354645478900011115,ACEH,NAGAN RAYA,KUALA,BLANG BINTANG,TPS 1,2019-10-25 05:00:03,42,178,245,223,223,220,3,https://pemilu2019.kpu.go.id/img/c/900/011/900011115/5478-1-C1-PPWP-X1.jpg,https://pemilu2019.kpu.go.id/img/c/900/011/900011115/5478-1-C1-PPWP-X2.jpg
1546354645478900011116,ACEH,NAGAN RAYA,KUALA,BLANG BINTANG,TPS 2,2019-10-25 05:00:03,38,195,252,235,235,233,2,https://pemilu2019.kpu.go.id/img/c/900/011/900011116/5478-2-C1-PPWP-X1.jpg,https://pemilu2019.kpu.go.id/img/c/900/011/900011116/5478-2-C1-PPWP-X2.jpg
1546354645478900011117,ACEH,NAGAN RAYA,KUALA,BLANG BINTANG,TPS 3,2019-10-25 05:00:03,40,163,237,211,211,203,8,https://pemilu2019.kpu.go.id/img/c/900/011/900011117/5478-3-C1-PPWP-X1.jpg,https://pemilu2019.kpu.go.id/img/c/900/011/900011117/5478-3-C1-PPWP-X2.jpg
1546354645468900011073,ACEH,NAGAN RAYA,KUALA,BLANG MUKO,TPS 1,2019-10-25 05:00:03,31,127,213,162,162,158,4,https://pemilu2019.kpu.go.id/img/c/900/011/900011073/5468-1-C1-PPWP-X1.jpg,https://pemilu2019.kpu.go.id/img/c/900/011/900011073/5468-1-C1-PPWP-X2.jpg
1546354645468900011074,ACEH,NAGAN RAYA,KUALA,BLANG MUKO,TPS 2,2019-10-25 05:00:03,21,147,220,174,174,168,6,https://pemilu2019.kpu.go.id/img/c/900/011/900011074/5468-2-C1-PPWP-X1.jpg,https://pemilu2019.kpu.go.id/img/c/900/011/900011074/5468-2-C1-PPWP-X2.jpg
1546354645468900011075,ACEH,NAGAN RAYA,KUALA,BLANG MUKO,TPS 3,2019-10-25 05:00:03,39,136,219,180,180,175,5,https://pemilu2019.kpu.go.id/img/c/900/011/900011075/5468-3-C1-PPWP-X1.jpg,https://pemilu2019.kpu.go.id/img/c/900/011/900011075/5468-3-C1-PPWP-X2.jpg
1546354645468900011076,ACEH,NAGAN RAYA,KUALA,BLANG MUKO,TPS 4,2019-10-25 05:00:03,16,152,228,175,175,168,7,https://pemilu2019.kpu.go.id/img/c/900/011/900011076/5468-4-C1-PPWP-X1.jpg,https://pemilu2019.kpu.go.id/img/c/900/011/900011076/5468-4-C1-PPWP-X2.jpg
1546354645475900011105,ACEH,NAGAN RAYA,KUALA,BLANG TEUNGOH,TPS 1,2019-10-25 05:00:03,18,146,216,216,167,167,3,https://pemilu2019.kpu.go.id/img/c/900/011/900011105/5475-1-C1-PPWP-X1.jpg,https://pemilu2019.kpu.go.id/img/c/900/011/900011105/5475-1-C1-PPWP-X2.jpg
1546354645475900011106,ACEH,NAGAN RAYA,KUALA,BLANG TEUNGOH,TPS 2,2019-10-25 05:00:03,13,167,226,186,186,180,6,https://pemilu2019.kpu.go.id/img/c/900/011/900011106/5475-2-C1-PPWP-X1.jpg,https://pemilu2019.kpu.go.id/img/c/900/011/900011106/5475-2-C1-PPWP-X2.jpg
1546354645475900011107,ACEH,NAGAN RAYA,KUALA,BLANG TEUNGOH,TPS 3,2019-10-25 05:00:03,34,128,218,171,171,163,8,https://pemilu2019.kpu.go.id/img/c/900/011/900011107/5475-3-C1-PPWP-X1.jpg,https://pemilu2019.kpu.go.id/img/c/900/011/900011107/5475-3-C1-PPWP-X2.jpg
1546354645475900011108,ACEH,NAGAN RAYA,KUALA,BLANG TEUNGOH,TPS 4,2019-10-25 05:00:03,28,139,220,169,169,167,2,https://pemilu2019.kpu.go.id/img/c/900/011/900011108/5475-4-C1-PPWP-X1.jpg,https://pemilu2019.kpu.go.id/img/c/900/011/900011108/5475-4-C1-PPWP-X2.jpg
1546354645477900011113,ACEH,NAGAN RAYA,KUALA,COT KUMBANG,TPS 1,2019-10-25 05:00:03,46,191,283,248,249,237,12,https://pemilu2019.kpu.go.id/img/c/900/011/900011113/5477-1-C1-PPWP-X1.jpg,https://pemilu2019.kpu.go.id/img/c/900/011/900011113/5477-1-C1-PPWP-X2.jpg
1546354645477900011114,ACEH,NAGAN RAYA,KUALA,COT KUMBANG,TPS 2,2019-10-25 05:00:03,46,167,263,228,228,213,15,https://pemilu2019.kpu.go.id/img/c/900/011/900011114/5477-2-C1-PPWP-X1.jpg,https://pemilu2019.kpu.go.id/img/c/900/011/900011114/5477-2-C1-PPWP-X2.jpg
1546354645481900011133,ACEH,NAGAN RAYA,KUALA,GUNONG REUBO,TPS 1,2019-10-25 05:00:03,11,165,189,181,181,176,5,https://pemilu2019.kpu.go.id/img/c/900/011/900011133/5481-1-C1-PPWP-X1.jpg,https://pemilu2019.kpu.go.id/img/c/900/011/900011133/5481-1-C1-PPWP-X2.jpg
1546354645466900011067,ACEH,NAGAN RAYA,KUALA,JOGJA,TPS 1,2019-10-25 05:00:03,41,159,243,209,209,200,9,https://pemilu2019.kpu.go.id/img/c/900/011/900011067/5466-1-C1-PPWP-X1.jpg,https://pemilu2019.kpu.go.id/img/c/900/011/900011067/5466-1-C1-PPWP-X2.jpg
1546354645466900011068,ACEH,NAGAN RAYA,KUALA,JOGJA,TPS 2,2019-10-25 05:00:03,44,162,244,218,218,206,12,https://pemilu2019.kpu.go.id/img/c/900/011/900011068/1-5466-2-C1-PPWP-01.jpg,https://pemilu2019.kpu.go.id/img/c/900/011/900011068/1-5466-2-C1-PPWP-02.jpg
1546354645466900011069,ACEH,NAGAN RAYA,KUALA,JOGJA,TPS 3,2019-10-25 05:00:03,43,160,232,214,214,203,11,https://pemilu2019.kpu.go.id/img/c/900/011/900011069/5466-3-C1-PPWP-X1.jpg,https://pemilu2019.kpu.go.id/img/c/900/011/900011069/5466-3-C1-PPWP-X2.jpg
1546354645480900011130,ACEH,NAGAN RAYA,KUALA,KUTA MAKMUE,TPS 1,2019-10-25 05:00:03,5,168,200,173,173,173,0,https://pemilu2019.kpu.go.id/img/c/900/011/900011130/5480-1-C1-PPWP-X1.jpg,https://pemilu2019.kpu.go.id/img/c/900/011/900011130/5480-1-C1-PPWP-X2.jpg
1546354645480900011131,ACEH,NAGAN RAYA,KUALA,KUTA MAKMUE,TPS 2,2019-10-25 05:00:03,22,163,212,195,195,185,10,https://pemilu2019.kpu.go.id/img/c/900/011/900011131/5480-2-C1-PPWP-X1.jpg,https://pemilu2019.kpu.go.id/img/c/900/011/900011131/5480-2-C1-PPWP-X2.jpg
1546354645480900011132,ACEH,NAGAN RAYA,KUALA,KUTA MAKMUE,TPS 3,2019-10-25 05:00:03,17,152,185,172,172,169,3,https://pemilu2019.kpu.go.id/img/c/900/011/900011132/5480-3-C1-PPWP-X1.jpg,https://pemilu2019.kpu.go.id/img/c/900/011/900011132/5480-3-C1-PPWP-X2.jpg
1546354645465900011064,ACEH,NAGAN RAYA,KUALA,LAWA BATU,TPS 1,2019-10-25 05:00:03,30,136,187,174,174,166,8,https://pemilu2019.kpu.go.id/img/c/900/011/900011064/5465-1-C1-PPWP-X1.jpg,https://pemilu2019.kpu.go.id/img/c/900/011/900011064/5465-1-C1-PPWP-X2.jpg
1546354645465900011065,ACEH,NAGAN RAYA,KUALA,LAWA BATU,TPS 2,2019-10-25 05:00:03,27,139,186,171,171,166,5,https://pemilu2019.kpu.go.id/img/c/900/011/900011065/5465-2-C1-PPWP-X1.jpg,https://pemilu2019.kpu.go.id/img/c/900/011/900011065/5465-2-C1-PPWP-X2.jpg
1546354645465900011066,ACEH,NAGAN RAYA,KUALA,LAWA BATU,TPS 3,2019-10-25 05:00:03,45,142,213,189,189,187,2,https://pemilu2019.kpu.go.id/img/c/900/011/900011066/5465-3-C1-PPWP-X1.jpg,https://pemilu2019.kpu.go.id/img/c/900/011/900011066/5465-3-C1-PPWP-X2.jpg
1546354645469900011077,ACEH,NAGAN RAYA,KUALA,PULO IE,TPS 1,2019-10-25 05:00:03,26,158,221,187,187,184,3,https://pemilu2019.kpu.go.id/img/c/900/011/900011077/5469-1-C1-PPWP-X1.jpg,https://pemilu2019.kpu.go.id/img/c/900/011/900011077/5469-1-C1-PPWP-X2.jpg
1546354645469900011078,ACEH,NAGAN RAYA,KUALA,PULO IE,TPS 2,2019-10-25 05:00:03,29,144,222,184,184,173,11,https://pemilu2019.kpu.go.id/img/c/900/011/900011078/5469-2-C1-PPWP-X1.jpg,https://pemilu2019.kpu.go.id/img/c/900/011/900011078/5469-2-C1-PPWP-X2.jpg
1546354645469900011079,ACEH,NAGAN RAYA,KUALA,PULO IE,TPS 3,2019-10-25 05:00:03,14,173,220,193,193,187,6,https://pemilu2019.kpu.go.id/img/c/900/011/900011079/5469-3-C1-PPWP-X1.jpg,https://pemilu2019.kpu.go.id/img/c/900/011/900011079/5469-3-C1-PPWP-X2.jpg
1546354645470900011080,ACEH,NAGAN RAYA,KUALA,PURWOREJO,TPS 1,2019-10-25 05:00:03,24,160,258,190,190,184,6,https://pemilu2019.kpu.go.id/img/c/900/011/900011080/2-5470-1-C1-PPWP-X1.jpg,https://pemilu2019.kpu.go.id/img/c/900/011/900011080/2-5470-1-C1-PPWP-02.jpg
1546354645470900011081,ACEH,NAGAN RAYA,KUALA,PURWOREJO,TPS 2,2019-10-25 05:00:03,34,178,254,216,216,212,4,https://pemilu2019.kpu.go.id/img/c/900/011/900011081/5470-2-C1-PPWP-X1.jpg,https://pemilu2019.kpu.go.id/img/c/900/011/900011081/5470-2-C1-PPWP-X2.jpg
1546354645470900011082,ACEH,NAGAN RAYA,KUALA,PURWOREJO,TPS 3,2019-10-25 05:00:03,29,174,251,208,208,203,5,https://pemilu2019.kpu.go.id/img/c/900/011/900011082/5470-3-C1-PPWP-X1.jpg,https://pemilu2019.kpu.go.id/img/c/900/011/900011082/5470-3-C1-PPWP-X2.jpg
1546354645474900011091,ACEH,NAGAN RAYA,KUALA,SIMPANG PEUT,TPS 01,2019-10-25 05:00:03,30,123,194,0,157,153,4,https://pemilu2019.kpu.go.id/img/c/900/011/900011091/5474-01-C1-PPWP-X1.jpg,https://pemilu2019.kpu.go.id/img/c/900/011/900011091/5474-01-C1-PPWP-X2.jpg
1546354645474900011092,ACEH,NAGAN RAYA,KUALA,SIMPANG PEUT,TPS 02,2019-10-25 05:00:03,28,131,236,165,165,159,6,https://pemilu2019.kpu.go.id/img/c/900/011/900011092/5474-02-C1-PPWP-X1.jpg,https://pemilu2019.kpu.go.id/img/c/900/011/900011092/5474-02-C1-PPWP-X2.jpg
1546354645474900011093,ACEH,NAGAN RAYA,KUALA,SIMPANG PEUT,TPS 03,2019-10-25 05:00:03,22,146,275,174,174,168,6,https://pemilu2019.kpu.go.id/img/c/900/011/900011093/5474-03-C1-PPWP-X1.jpg,https://pemilu2019.kpu.go.id/img/c/900/011/900011093/5474-03-C1-PPWP-X2.jpg
1546354645474900011094,ACEH,NAGAN RAYA,KUALA,SIMPANG PEUT,TPS 04,2019-10-25 05:00:03,19,177,238,205,204,196,8,https://pemilu2019.kpu.go.id/img/c/900/011/900011094/5474-04-C1-PPWP-X1.jpg,https://pemilu2019.kpu.go.id/img/c/900/011/900011094/5474-04-C1-PPWP-X2.jpg
1546354645474900011095,ACEH,NAGAN RAYA,KUALA,SIMPANG PEUT,TPS 05,2019-10-25 05:00:03,22,134,350,162,162,156,6,https://pemilu2019.kpu.go.id/img/c/900/011/900011095/5474-05-C1-PPWP-X1.jpg,https://pemilu2019.kpu.go.id/img/c/900/011/900011095/5474-05-C1-PPWP-X2.jpg
1546354645474900011096,ACEH,NAGAN RAYA,KUALA,SIMPANG PEUT,TPS 06,2019-10-25 05:00:03,19,138,0,160,160,157,3,https://pemilu2019.kpu.go.id/img/c/900/011/900011096/5474-06-C1-PPWP-X1.jpg,https://pemilu2019.kpu.go.id/img/c/900/011/900011096/5474-06-C1-PPWP-X2.jpg
1546354645474900011097,ACEH,NAGAN RAYA,KUALA,SIMPANG PEUT,TPS 07,2019-10-25 05:00:03,23,141,251,167,167,164,3,https://pemilu2019.kpu.go.id/img/c/900/011/900011097/5474-07-C1-PPWP-X1.jpg,https://pemilu2019.kpu.go.id/img/c/900/011/900011097/5474-07-C1-PPWP-X2.jpg
1546354645474900011098,ACEH,NAGAN RAYA,KUALA,SIMPANG PEUT,TPS 08,2019-10-25 05:00:03,23,138,249,163,163,161,2,https://pemilu2019.kpu.go.id/img/c/900/011/900011098/5474-08-C1-PPWP-X1.jpg,https://pemilu2019.kpu.go.id/img/c/900/011/900011098/5474-08-C1-PPWP-X2.jpg
1546354645474900011099,ACEH,NAGAN RAYA,KUALA,SIMPANG PEUT,TPS 09,2019-10-25 05:00:03,18,130,150,150,150,148,2,https://pemilu2019.kpu.go.id/img/c/900/011/900011099/5474-09-C1-PPWP-X1.jpg,https://pemilu2019.kpu.go.id/img/c/900/011/900011099/5474-09-C1-PPWP-X2.jpg
1546354645474900011100,ACEH,NAGAN RAYA,KUALA,SIMPANG PEUT,TPS 10,2019-10-25 05:00:03,14,137,222,152,152,151,1,https://pemilu2019.kpu.go.id/img/c/900/011/900011100/5474-10-C1-PPWP-X1.jpg,https://pemilu2019.kpu.go.id/img/c/900/011/900011100/5474-10-C1-PPWP-X2.jpg
1546354645474900011101,ACEH,NAGAN RAYA,KUALA,SIMPANG PEUT,TPS 11,2019-10-25 05:00:03,19,143,218,170,170,162,8,https://pemilu2019.kpu.go.id/img/c/900/011/900011101/5474-11-C1-PPWP-X1.jpg,https://pemilu2019.kpu.go.id/img/c/900/011/900011101/5474-11-C1-PPWP-X2.jpg
1546354645474900011102,ACEH,NAGAN RAYA,KUALA,SIMPANG PEUT,TPS 12,2019-10-25 05:00:03,13,135,251,148,148,148,0,https://pemilu2019.kpu.go.id/img/c/900/011/900011102/5474-12-C1-PPWP-X1.jpg,https://pemilu2019.kpu.go.id/img/c/900/011/900011102/5474-12-C1-PPWP-X2.jpg
1546354645474900011103,ACEH,NAGAN RAYA,KUALA,SIMPANG PEUT,TPS 13,2019-10-25 05:00:03,14,108,0,0,125,122,3,https://pemilu2019.kpu.go.id/img/c/900/011/900011103/5474-13-C1-PPWP-X1.jpg,https://pemilu2019.kpu.go.id/img/c/900/011/900011103/5474-13-C1-PPWP-X2.jpg
1546354645474900011104,ACEH,NAGAN RAYA,KUALA,SIMPANG PEUT,TPS 14,2019-10-25 05:00:03,15,133,271,154,153,147,6,https://pemilu2019.kpu.go.id/img/c/900/011/900011104/5474-14-C1-PPWP-X1.jpg,https://pemilu2019.kpu.go.id/img/c/900/011/900011104/5474-14-C1-PPWP-X2.jpg
1546354645476900011109,ACEH,NAGAN RAYA,KUALA,UJONG PADANG,TPS 1,2019-10-25 05:00:03,32,143,206,185,185,175,10,https://pemilu2019.kpu.go.id/img/c/900/011/900011109/5476-1-C1-PPWP-X1.jpg,https://pemilu2019.kpu.go.id/img/c/900/011/900011109/5476-1-C1-PPWP-X2.jpg
1546354645476900011110,ACEH,NAGAN RAYA,KUALA,UJONG PADANG,TPS 2,2019-10-25 05:00:03,29,148,203,185,185,177,8,https://pemilu2019.kpu.go.id/img/c/900/011/900011110/5476-2-C1-PPWP-X1.jpg,https://pemilu2019.kpu.go.id/img/c/900/011/900011110/5476-2-C1-PPWP-X2.jpg
1546354645476900011111,ACEH,NAGAN RAYA,KUALA,UJONG PADANG,TPS 3,2019-10-25 05:00:03,36,132,193,177,177,168,9,https://pemilu2019.kpu.go.id/img/c/900/011/900011111/5476-3-C1-PPWP-X1.jpg,https://pemilu2019.kpu.go.id/img/c/900/011/900011111/5476-3-C1-PPWP-X2.jpg
1546354645476900011112,ACEH,NAGAN RAYA,KUALA,UJONG PADANG,TPS 4,2019-10-25 05:00:03,25,141,188,170,170,166,4,https://pemilu2019.kpu.go.id/img/c/900/011/900011112/5476-4-C1-PPWP-X1.jpg,https://pemilu2019.kpu.go.id/img/c/900/011/900011112/5476-4-C1-PPWP-X2.jpg
1546354645473900011088,ACEH,NAGAN RAYA,KUALA,UJONG PASI,TPS 1,2019-10-25 05:00:03,27,180,243,213,213,207,6,https://pemilu2019.kpu.go.id/img/c/900/011/900011088/5473-1-C1-PPWP-X1.jpg,https://pemilu2019.kpu.go.id/img/c/900/011/900011088/5473-1-C1-PPWP-X2.jpg
1546354645473900011089,ACEH,NAGAN RAYA,KUALA,UJONG PASI,TPS 2,2019-10-25 05:00:03,17,191,241,221,213,208,5,https://pemilu2019.kpu.go.id/img/c/900/011/900011089/5473-2-C1-PPWP-X1.jpg,https://pemilu2019.kpu.go.id/img/c/900/011/900011089/5473-2-C1-PPWP-X2.jpg
1546354645473900011090,ACEH,NAGAN RAYA,KUALA,UJONG PASI,TPS 3,2019-10-25 05:00:03,23,173,244,205,205,196,9,https://pemilu2019.kpu.go.id/img/c/900/011/900011090/5473-3-C1-PPWP-X1.jpg,https://pemilu2019.kpu.go.id/img/c/900/011/900011090/5473-3-C1-PPWP-X2.jpg
1546354645479900011118,ACEH,NAGAN RAYA,KUALA,UJONG PATIHAH,TPS 01,2019-10-25 05:00:03,34,138,311,0,175,172,3,https://pemilu2019.kpu.go.id/img/c/900/011/900011118/5479-01-C1-PPWP-X1.jpg,https://pemilu2019.kpu.go.id/img/c/900/011/900011118/5479-01-C1-PPWP-X2.jpg
1546354645479900011119,ACEH,NAGAN RAYA,KUALA,UJONG PATIHAH,TPS 02,2019-10-25 05:00:03,23,171,203,203,203,194,9,https://pemilu2019.kpu.go.id/img/c/900/011/900011119/2-5479-02-C1-PPWP-01.jpg,https://pemilu2019.kpu.go.id/img/c/900/011/900011119/2-5479-02-C1-PPWP-X2.jpg
1546354645479900011120,ACEH,NAGAN RAYA,KUALA,UJONG PATIHAH,TPS 03,2019-10-25 05:00:03,24,190,324,249,222,214,8,https://pemilu2019.kpu.go.id/img/c/900/011/900011120/5479-03-C1-PPWP-X1.jpg,https://pemilu2019.kpu.go.id/img/c/900/011/900011120/5479-03-C1-PPWP-X2.jpg
1546354645479900011121,ACEH,NAGAN RAYA,KUALA,UJONG PATIHAH,TPS 04,2019-10-25 05:00:03,26,167,329,197,197,193,4,https://pemilu2019.kpu.go.id/img/c/900/011/900011121/5479-04-C1-PPWP-X1.jpg,https://pemilu2019.kpu.go.id/img/c/900/011/900011121/5479-04-C1-PPWP-X2.jpg
1546354645479900011122,ACEH,NAGAN RAYA,KUALA,UJONG PATIHAH,TPS 05,2019-10-25 05:00:03,22,174,306,203,203,196,7,https://pemilu2019.kpu.go.id/img/c/900/011/900011122/5479-05-C1-PPWP-X1.jpg,https://pemilu2019.kpu.go.id/img/c/900/011/900011122/5479-05-C1-PPWP-X2.jpg
1546354645479900011123,ACEH,NAGAN RAYA,KUALA,UJONG PATIHAH,TPS 06,2019-10-25 05:00:03,24,170,290,197,197,194,3,https://pemilu2019.kpu.go.id/img/c/900/011/900011123/5479-06-C1-PPWP-X1.jpg,https://pemilu2019.kpu.go.id/img/c/900/011/900011123/5479-06-C1-PPWP-X2.jpg
1546354645479900011124,ACEH,NAGAN RAYA,KUALA,UJONG PATIHAH,TPS 07,2019-10-25 05:00:03,19,177,319,204,204,199,8,https://pemilu2019.kpu.go.id/img/c/900/011/900011124/5479-07-C1-PPWP-X1.jpg,https://pemilu2019.kpu.go.id/img/c/900/011/900011124/5479-07-C1-PPWP-X2.jpg
1546354645479900011125,ACEH,NAGAN RAYA,KUALA,UJONG PATIHAH,TPS 08,2019-10-25 05:00:03,25,151,294,181,181,176,5,https://pemilu2019.kpu.go.id/img/c/900/011/900011125/5479-08-C1-PPWP-X1.jpg,https://pemilu2019.kpu.go.id/img/c/900/011/900011125/5479-08-C1-PPWP-X2.jpg
1546354645479900011126,ACEH,NAGAN RAYA,KUALA,UJONG PATIHAH,TPS 09,2019-10-25 05:00:03,30,141,262,175,175,171,4,https://pemilu2019.kpu.go.id/img/c/900/011/900011126/5479-09-C1-PPWP-X1.jpg,https://pemilu2019.kpu.go.id/img/c/900/011/900011126/5479-09-C1-PPWP-X2.jpg
1546354645479900011127,ACEH,NAGAN RAYA,KUALA,UJONG PATIHAH,TPS 10,2019-10-25 05:00:03,16,163,291,182,182,179,3,https://pemilu2019.kpu.go.id/img/c/900/011/900011127/5479-10-C1-PPWP-X1.jpg,https://pemilu2019.kpu.go.id/img/c/900/011/900011127/5479-10-C1-PPWP-X2.jpg
1546354645479900011128,ACEH,NAGAN RAYA,KUALA,UJONG PATIHAH,TPS 11,2019-10-25 05:00:03,28,148,254,182,182,176,6,https://pemilu2019.kpu.go.id/img/c/900/011/900011128/5479-11-C1-PPWP-X1.jpg,https://pemilu2019.kpu.go.id/img/c/900/011/900011128/5479-11-C1-PPWP-X2.jpg
1546354645479900011129,ACEH,NAGAN RAYA,KUALA,UJONG PATIHAH,TPS 12,2019-10-25 05:00:03,24,132,266,163,163,156,7,https://pemilu2019.kpu.go.id/img/c/900/011/900011129/5479-12-C1-PPWP-X1.jpg,https://pemilu2019.kpu.go.id/img/c/900/011/900011129/5479-12-C1-PPWP-X2.jpg
1546354645467900011070,ACEH,NAGAN RAYA,KUALA,UJONG SIKUNENG,TPS 1,2019-10-25 05:00:03,3,96,158,101,101,99,2,https://pemilu2019.kpu.go.id/img/c/900/011/900011070/5467-1-C1-PPWP-X1.jpg,https://pemilu2019.kpu.go.id/img/c/900/011/900011070/5467-1-C1-PPWP-X2.jpg
1546354645467900011071,ACEH,NAGAN RAYA,KUALA,UJONG SIKUNENG,TPS 2,2019-10-25 05:00:03,7,115,155,125,124,122,2,https://pemilu2019.kpu.go.id/img/c/900/011/900011071/5467-2-C1-PPWP-X1.jpg,https://pemilu2019.kpu.go.id/img/c/900/011/900011071/5467-2-C1-PPWP-X2.jpg
1546354645467900011072,ACEH,NAGAN RAYA,KUALA,UJONG SIKUNENG,TPS 3,2019-10-25 05:00:03,14,116,172,131,131,130,1,https://pemilu2019.kpu.go.id/img/c/900/011/900011072/5467-3-C1-PPWP-X1.jpg,https://pemilu2019.kpu.go.id/img/c/900/011/900011072/5467-3-C1-PPWP-X2.jpg
1546356545666900011568,ACEH,NAGAN RAYA,KUALA PESISIR,ARONGAN,TPS 1,2019-10-25 05:00:03,33,156,224,196,196,189,7,https://pemilu2019.kpu.go.id/img/c/900/011/900011568/5666-1-C1-PPWP-X1.jpg,https://pemilu2019.kpu.go.id/img/c/900/011/900011568/5666-1-C1-PPWP-X2.jpg
1546356545666900011569,ACEH,NAGAN RAYA,KUALA PESISIR,ARONGAN,TPS 2,2019-10-25 05:00:03,24,143,195,168,168,167,1,https://pemilu2019.kpu.go.id/img/c/900/011/900011569/1-5666-2-C1-PPWP-X1.jpg,https://pemilu2019.kpu.go.id/img/c/900/011/900011569/1-5666-2-C1-PPWP-X2.jpg
1546356545666900011570,ACEH,NAGAN RAYA,KUALA PESISIR,ARONGAN,TPS 3,2019-10-25 05:00:03,29,129,201,162,162,158,4,https://pemilu2019.kpu.go.id/img/c/900/011/900011570/5666-3-C1-PPWP-X1.jpg,https://pemilu2019.kpu.go.id/img/c/900/011/900011570/5666-3-C1-PPWP-X2.jpg
1546356545664900011562,ACEH,NAGAN RAYA,KUALA PESISIR,COT RAMBONG,TPS 1,2019-10-25 05:00:03,51,101,174,153,153,152,1,https://pemilu2019.kpu.go.id/img/c/900/011/900011562/5664-1-C1-PPWP-X1.jpg,https://pemilu2019.kpu.go.id/img/c/900/011/900011562/5664-1-C1-PPWP-X2.jpg
1546356545664900011563,ACEH,NAGAN RAYA,KUALA PESISIR,COT RAMBONG,TPS 2,2019-10-25 05:00:03,52,84,159,137,137,136,1,https://pemilu2019.kpu.go.id/img/c/900/011/900011563/5664-2-C1-PPWP-X1.jpg,https://pemilu2019.kpu.go.id/img/c/900/011/900011563/5664-2-C1-PPWP-X2.jpg
1546356545656900011534,ACEH,NAGAN RAYA,KUALA PESISIR,GAMPONG LHOK,TPS 1,2019-10-25 05:00:03,15,119,152,141,141,134,7,https://pemilu2019.kpu.go.id/img/c/900/011/900011534/5656-1-C1-PPWP-X1.jpg,https://pemilu2019.kpu.go.id/img/c/900/011/900011534/5656-1-C1-PPWP-X2.jpg
1546356545656900011535,ACEH,NAGAN RAYA,KUALA PESISIR,GAMPONG LHOK,TPS 2,2019-10-25 05:00:03,14,113,148,133,133,127,6,https://pemilu2019.kpu.go.id/img/c/900/011/900011535/5656-2-C1-PPWP-X1.jpg,https://pemilu2019.kpu.go.id/img/c/900/011/900011535/5656-2-C1-PPWP-X2.jpg
1546356545667900011571,ACEH,NAGAN RAYA,KUALA PESISIR,JATI REJO,TPS 1,2019-10-25 05:00:03,35,133,208,171,171,168,3,https://pemilu2019.kpu.go.id/img/c/900/011/900011571/1-5667-1-C1-PPWP-X1.jpg,https://pemilu2019.kpu.go.id/img/c/900/011/900011571/1-5667-1-C1-PPWP-X2.jpg
1546356545667900011572,ACEH,NAGAN RAYA,KUALA PESISIR,JATI REJO,TPS 2,2019-10-25 05:00:03,17,144,190,169,169,161,8,https://pemilu2019.kpu.go.id/img/c/900/011/900011572/1-5667-2-C1-PPWP-X1.jpg,https://pemilu2019.kpu.go.id/img/c/900/011/900011572/1-5667-2-C1-PPWP-X2.jpg
1546356545667900011573,ACEH,NAGAN RAYA,KUALA PESISIR,JATI REJO,TPS 3,2019-10-25 05:00:03,14,122,187,141,141,136,5,https://pemilu2019.kpu.go.id/img/c/900/011/900011573/1-5667-3-C1-PPWP-X1.jpg,https://pemilu2019.kpu.go.id/img/c/900/011/900011573/1-5667-3-C1-PPWP-X2.jpg
1546356545667900011574,ACEH,NAGAN RAYA,KUALA PESISIR,JATI REJO,TPS 4,2019-10-25 05:00:03,26,129,188,159,159,155,4,https://pemilu2019.kpu.go.id/img/c/900/011/900011574/1-5667-4-C1-PPWP-X1.jpg,https://pemilu2019.kpu.go.id/img/c/900/011/900011574/1-5667-4-C1-PPWP-X2.jpg
1546356545657900011536,ACEH,NAGAN RAYA,KUALA PESISIR,KUALA BARO,TPS 1,2019-10-25 05:00:03,19,186,237,213,213,205,8,https://pemilu2019.kpu.go.id/img/c/900/011/900011536/5657-1-C1-PPWP-X1.jpg,https://pemilu2019.kpu.go.id/img/c/900/011/900011536/5657-1-C1-PPWP-X2.jpg
1546356545657900011537,ACEH,NAGAN RAYA,KUALA PESISIR,KUALA BARO,TPS 2,2019-10-25 05:00:03,18,179,233,201,201,197,4,https://pemilu2019.kpu.go.id/img/c/900/011/900011537/5-5657-2-C1-PPWP-X1.jpg,https://pemilu2019.kpu.go.id/img/c/900/011/900011537/5-5657-2-C1-PPWP-X2.jpg
1546356545663900011554,ACEH,NAGAN RAYA,KUALA PESISIR,KUALA TRANG,TPS 1,2019-10-25 05:00:03,31,151,225,191,191,182,9,https://pemilu2019.kpu.go.id/img/c/900/011/900011554/1-5663-1-C1-PPWP-X1.jpg,https://pemilu2019.kpu.go.id/img/c/900/011/900011554/1-5663-1-C1-PPWP-X2.jpg
1546356545663900011555,ACEH,NAGAN RAYA,KUALA PESISIR,KUALA TRANG,TPS 2,2019-10-25 05:00:03,40,155,238,202,202,195,7,https://pemilu2019.kpu.go.id/img/c/900/011/900011555/1-5663-2-C1-PPWP-X1.jpg,https://pemilu2019.kpu.go.id/img/c/900/011/900011555/1-5663-2-C1-PPWP-X2.jpg
1546356545663900011556,ACEH,NAGAN RAYA,KUALA PESISIR,KUALA TRANG,TPS 3,2019-10-25 05:00:03,46,142,231,203,203,188,15,https://pemilu2019.kpu.go.id/img/c/900/011/900011556/1-5663-3-C1-PPWP-X1.jpg,https://pemilu2019.kpu.go.id/img/c/900/011/900011556/1-5663-3-C1-PPWP-X2.jpg
1546356545663900011557,ACEH,NAGAN RAYA,KUALA PESISIR,KUALA TRANG,TPS 4,2019-10-25 05:00:03,39,172,244,215,215,211,4,https://pemilu2019.kpu.go.id/img/c/900/011/900011557/1-5663-4-C1-PPWP-X1.jpg,https://pemilu2019.kpu.go.id/img/c/900/011/900011557/1-5663-4-C1-PPWP-X2.jpg
1546356545663900011558,ACEH,NAGAN RAYA,KUALA PESISIR,KUALA TRANG,TPS 5,2019-10-25 05:00:03,39,162,231,203,203,201,2,https://pemilu2019.kpu.go.id/img/c/900/011/900011558/1-5663-5-C1-PPWP-X1.jpg,https://pemilu2019.kpu.go.id/img/c/900/011/900011558/1-5663-5-C1-PPWP-X2.jpg
1546356545663900011559,ACEH,NAGAN RAYA,KUALA PESISIR,KUALA TRANG,TPS 6,2019-10-25 05:00:03,42,162,254,208,208,204,4,https://pemilu2019.kpu.go.id/img/c/900/011/900011559/1-5663-6-C1-PPWP-X1.jpg,https://pemilu2019.kpu.go.id/img/c/900/011/900011559/1-5663-6-C1-PPWP-X2.jpg
1546356545663900011560,ACEH,NAGAN RAYA,KUALA PESISIR,KUALA TRANG,TPS 7,2019-10-25 05:00:03,26,151,208,184,184,177,7,https://pemilu2019.kpu.go.id/img/c/900/011/900011560/1-5663-7-C1-PPWP-X1.jpg,https://pemilu2019.kpu.go.id/img/c/900/011/900011560/1-5663-7-C1-PPWP-X2.jpg
1546356545663900011561,ACEH,NAGAN RAYA,KUALA PESISIR,KUALA TRANG,TPS 8,2019-10-25 05:00:03,29,146,219,177,177,175,2,https://pemilu2019.kpu.go.id/img/c/900/011/900011561/1-5663-8-C1-PPWP-X1.jpg,https://pemilu2019.kpu.go.id/img/c/900/011/900011561/1-5663-8-C1-PPWP-X2.jpg
1546356545661900011548,ACEH,NAGAN RAYA,KUALA PESISIR,KUALA TUHA,TPS 1,2019-10-25 05:00:03,34,171,237,212,212,205,7,https://pemilu2019.kpu.go.id/img/c/900/011/900011548/2-5661-1-C1-PPWP-X1.jpg,https://pemilu2019.kpu.go.id/img/c/900/011/900011548/2-5661-1-C1-PPWP-X2.jpg
1546356545661900011549,ACEH,NAGAN RAYA,KUALA PESISIR,KUALA TUHA,TPS 2,2019-10-25 05:00:03,38,148,232,193,193,186,7,https://pemilu2019.kpu.go.id/img/c/900/011/900011549/1-5661-2-C1-PPWP-X1.jpg,https://pemilu2019.kpu.go.id/img/c/900/011/900011549/1-5661-2-C1-PPWP-X2.jpg
1546356545662900011550,ACEH,NAGAN RAYA,KUALA PESISIR,KUBANG GAJAH,TPS 1,2019-10-25 05:00:03,16,152,201,168,168,168,0,https://pemilu2019.kpu.go.id/img/c/900/011/900011550/1-5662-1-C1-PPWP-X1.jpg,https://pemilu2019.kpu.go.id/img/c/900/011/900011550/1-5662-1-C1-PPWP-X2.jpg
1546356545662900011551,ACEH,NAGAN RAYA,KUALA PESISIR,KUBANG GAJAH,TPS 2,2019-10-25 05:00:03,19,158,224,181,181,177,4,https://pemilu2019.kpu.go.id/img/c/900/011/900011551/1-5662-2-C1-PPWP-X1.jpg,https://pemilu2019.kpu.go.id/img/c/900/011/900011551/1-5662-2-C1-PPWP-X2.jpg
1546356545662900011552,ACEH,NAGAN RAYA,KUALA PESISIR,KUBANG GAJAH,TPS 3,2019-10-25 05:00:03,24,147,212,171,171,171,0,https://pemilu2019.kpu.go.id/img/c/900/011/900011552/5662-3-C1-PPWP-X1.jpg,https://pemilu2019.kpu.go.id/img/c/900/011/900011552/5662-3-C1-PPWP-X2.jpg
1546356545662900011553,ACEH,NAGAN RAYA,KUALA PESISIR,KUBANG GAJAH,TPS 4,2019-10-25 05:00:03,13,147,203,162,162,160,2,https://pemilu2019.kpu.go.id/img/c/900/011/900011553/5662-4-C1-PPWP-X1.jpg,https://pemilu2019.kpu.go.id/img/c/900/011/900011553/5662-4-C1-PPWP-X2.jpg
1546356545660900011543,ACEH,NAGAN RAYA,KUALA PESISIR,LANGKAK,TPS 1,2019-10-25 05:00:03,22,165,220,188,188,187,1,https://pemilu2019.kpu.go.id/img/c/900/011/900011543/1-5660-1-C1-PPWP-X1.jpg,https://pemilu2019.kpu.go.id/img/c/900/011/900011543/1-5660-1-C1-PPWP-X2.jpg
1546356545660900011544,ACEH,NAGAN RAYA,KUALA PESISIR,LANGKAK,TPS 2,2019-10-25 05:00:03,28,160,225,193,193,188,5,https://pemilu2019.kpu.go.id/img/c/900/011/900011544/1-5660-2-C1-PPWP-X1.jpg,https://pemilu2019.kpu.go.id/img/c/900/011/900011544/1-5660-2-C1-PPWP-X2.jpg
1546356545660900011545,ACEH,NAGAN RAYA,KUALA PESISIR,LANGKAK,TPS 3,2019-10-25 05:00:03,18,152,219,174,173,170,3,https://pemilu2019.kpu.go.id/img/c/900/011/900011545/1-5660-3-C1-PPWP-X1.jpg,https://pemilu2019.kpu.go.id/img/c/900/011/900011545/1-5660-3-C1-PPWP-X2.jpg
1546356545660900011546,ACEH,NAGAN RAYA,KUALA PESISIR,LANGKAK,TPS 4,2019-10-25 05:00:03,17,147,216,172,172,164,8,https://pemilu2019.kpu.go.id/img/c/900/011/900011546/2-5660-4-C1-PPWP-X1.jpg,https://pemilu2019.kpu.go.id/img/c/900/011/900011546/2-5660-4-C1-PPWP-X2.jpg
1546356545660900011547,ACEH,NAGAN RAYA,KUALA PESISIR,LANGKAK,TPS 5,2019-10-25 05:00:03,30,140,208,174,174,170,4,https://pemilu2019.kpu.go.id/img/c/900/011/900011547/1-5660-5-C1-PPWP-X1.jpg,https://pemilu2019.kpu.go.id/img/c/900/011/900011547/1-5660-5-C1-PPWP-X2.jpg
1546356545669900011581,ACEH,NAGAN RAYA,KUALA PESISIR,LEUNG TEUKU BEN,TPS 1,2019-10-25 05:00:03,21,174,217,203,202,195,7,https://pemilu2019.kpu.go.id/img/c/900/011/900011581/5669-1-C1-PPWP-X1.jpg,https://pemilu2019.kpu.go.id/img/c/900/011/900011581/5669-1-C1-PPWP-X2.jpg
1546356545669900011582,ACEH,NAGAN RAYA,KUALA PESISIR,LEUNG TEUKU BEN,TPS 2,2019-10-25 05:00:03,14,153,191,168,168,167,1,https://pemilu2019.kpu.go.id/img/c/900/011/900011582/1-5669-2-C1-PPWP-X1.jpg,https://pemilu2019.kpu.go.id/img/c/900/011/900011582/1-5669-2-C1-PPWP-X2.jpg
1546356545665900011564,ACEH,NAGAN RAYA,KUALA PESISIR,PADANG PANYANG,TPS 1,2019-10-25 05:00:03,39,170,246,217,217,209,8,https://pemilu2019.kpu.go.id/img/c/900/011/900011564/5665-1-C1-PPWP-X1.jpg,https://pemilu2019.kpu.go.id/img/c/900/011/900011564/5665-1-C1-PPWP-X2.jpg
1546356545665900011565,ACEH,NAGAN RAYA,KUALA PESISIR,PADANG PANYANG,TPS 2,2019-10-25 05:00:03,33,189,246,230,230,222,8,https://pemilu2019.kpu.go.id/img/c/900/011/900011565/1-5665-2-C1-PPWP-X1.jpg,https://pemilu2019.kpu.go.id/img/c/900/011/900011565/1-5665-2-C1-PPWP-X2.jpg
1546356545665900011566,ACEH,NAGAN RAYA,KUALA PESISIR,PADANG PANYANG,TPS 3,2019-10-25 05:00:03,35,165,250,215,215,200,15,https://pemilu2019.kpu.go.id/img/c/900/011/900011566/2-5665-3-C1-PPWP-X1.jpg,https://pemilu2019.kpu.go.id/img/c/900/011/900011566/2-5665-3-C1-PPWP-X2.jpg
1546356545665900011567,ACEH,NAGAN RAYA,KUALA PESISIR,PADANG PANYANG,TPS 4,2019-10-25 05:00:03,28,173,236,215,215,201,14,https://pemilu2019.kpu.go.id/img/c/900/011/900011567/1-5665-4-C1-PPWP-X1.jpg,https://pemilu2019.kpu.go.id/img/c/900/011/900011567/1-5665-4-C1-PPWP-X2.jpg
1546356545658900011538,ACEH,NAGAN RAYA,KUALA PESISIR,PADANG RUBEK,TPS 1,2019-10-25 05:00:03,34,191,256,225,225,225,0,https://pemilu2019.kpu.go.id/img/c/900/011/900011538/1-5658-1-C1-PPWP-X1.jpg,https://pemilu2019.kpu.go.id/img/c/900/011/900011538/1-5658-1-C1-PPWP-X2.jpg
1546356545658900011539,ACEH,NAGAN RAYA,KUALA PESISIR,PADANG RUBEK,TPS 2,2019-10-25 05:00:03,37,182,252,225,225,219,6,https://pemilu2019.kpu.go.id/img/c/900/011/900011539/1-5658-2-C1-PPWP-X1.jpg,https://pemilu2019.kpu.go.id/img/c/900/011/900011539/1-5658-2-C1-PPWP-X2.jpg
1546356545658900011540,ACEH,NAGAN RAYA,KUALA PESISIR,PADANG RUBEK,TPS 3,2019-10-25 05:00:03,34,178,247,223,223,212,11,https://pemilu2019.kpu.go.id/img/c/900/011/900011540/1-5658-3-C1-PPWP-X1.jpg,https://pemilu2019.kpu.go.id/img/c/900/011/900011540/1-5658-3-C1-PPWP-X2.jpg
1546356545658900011541,ACEH,NAGAN RAYA,KUALA PESISIR,PADANG RUBEK,TPS 4,2019-10-25 05:00:03,34,194,260,232,232,228,4,https://pemilu2019.kpu.go.id/img/c/900/011/900011541/1-5658-4-C1-PPWP-X1.jpg,https://pemilu2019.kpu.go.id/img/c/900/011/900011541/1-5658-4-C1-PPWP-X2.jpg
1546356545659900011542,ACEH,NAGAN RAYA,KUALA PESISIR,PULO,TPS 1,2019-10-25 05:00:03,42,162,224,212,212,204,8,https://pemilu2019.kpu.go.id/img/c/900/011/900011542/2-5659-1-C1-PPWP-X1.jpg,https://pemilu2019.kpu.go.id/img/c/900/011/900011542/2-5659-1-C1-PPWP-X2.jpg
1546356545668900011575,ACEH,NAGAN RAYA,KUALA PESISIR,PURWODADI,TPS 1,2019-10-25 05:00:03,18,151,213,172,172,169,3,https://pemilu2019.kpu.go.id/img/c/900/011/900011575/3-5668-1-C1-PPWP-X1.jpg,https://pemilu2019.kpu.go.id/img/c/900/011/900011575/3-5668-1-C1-PPWP-X2.jpg
1546356545668900011576,ACEH,NAGAN RAYA,KUALA PESISIR,PURWODADI,TPS 2,2019-10-25 05:00:03,23,145,222,175,175,168,7,https://pemilu2019.kpu.go.id/img/c/900/011/900011576/5668-2-C1-PPWP-X1.jpg,https://pemilu2019.kpu.go.id/img/c/900/011/900011576/5668-2-C1-PPWP-X2.jpg
1546356545668900011577,ACEH,NAGAN RAYA,KUALA PESISIR,PURWODADI,TPS 3,2019-10-25 05:00:03,17,147,210,163,163,159,4,https://pemilu2019.kpu.go.id/img/c/900/011/900011577/5668-3-C-XXX-X5.jpg,https://pemilu2019.kpu.go.id/img/c/900/011/900011577/5668-3-C-XXX-X6.jpg
1546356545668900011578,ACEH,NAGAN RAYA,KUALA PESISIR,PURWODADI,TPS 4,2019-10-25 05:00:03,18,127,228,150,150,145,5,https://pemilu2019.kpu.go.id/img/c/900/011/900011578/2-5668-4-C1-PPWP-X1.jpg,https://pemilu2019.kpu.go.id/img/c/900/011/900011578/2-5668-4-C1-PPWP-X2.jpg
1546356545668900011579,ACEH,NAGAN RAYA,KUALA PESISIR,PURWODADI,TPS 5,2019-10-25 05:00:03,26,121,204,149,150,147,3,https://pemilu2019.kpu.go.id/img/c/900/011/900011579/5668-5-C1-PPWP-X1.jpg,https://pemilu2019.kpu.go.id/img/c/900/011/900011579/5668-5-C1-PPWP-X2.jpg
1546356545668900011580,ACEH,NAGAN RAYA,KUALA PESISIR,PURWODADI,TPS 6,2019-10-25 05:00:03,27,117,202,150,150,144,6,https://pemilu2019.kpu.go.id/img/c/900/011/900011580/2-5668-6-C1-PPWP-X1.jpg,https://pemilu2019.kpu.go.id/img/c/900/011/900011580/2-5668-6-C1-PPWP-X2.jpg
1546356545670900011583,ACEH,NAGAN RAYA,KUALA PESISIR,PURWOSARI,TPS 1,2019-10-25 05:00:03,8,210,265,221,221,218,3,https://pemilu2019.kpu.go.id/img/c/900/011/900011583/1-5670-1-C1-PPWP-X1.jpg,https://pemilu2019.kpu.go.id/img/c/900/011/900011583/1-5670-1-C1-PPWP-X2.jpg
1546356545670900011584,ACEH,NAGAN RAYA,KUALA PESISIR,PURWOSARI,TPS 2,2019-10-25 05:00:03,25,181,247,214,214,206,8,https://pemilu2019.kpu.go.id/img/c/900/011/900011584/1-5670-2-C1-PPWP-X1.jpg,https://pemilu2019.kpu.go.id/img/c/900/011/900011584/1-5670-2-C1-PPWP-X2.jpg
1546356545670900011585,ACEH,NAGAN RAYA,KUALA PESISIR,PURWOSARI,TPS 3,2019-10-25 05:00:03,14,206,271,225,225,220,5,https://pemilu2019.kpu.go.id/img/c/900/011/900011585/1-5670-3-C1-PPWP-X1.jpg,https://pemilu2019.kpu.go.id/img/c/900/011/900011585/1-5670-3-C1-PPWP-X2.jpg
1546356545655900011531,ACEH,NAGAN RAYA,KUALA PESISIR,SUAK PUNTONG,TPS 1,2019-10-25 05:00:03,18,181,254,204,204,199,5,https://pemilu2019.kpu.go.id/img/c/900/011/900011531/1-5655-1-C1-PPWP-X1.jpg,https://pemilu2019.kpu.go.id/img/c/900/011/900011531/1-5655-1-C1-PPWP-X2.jpg
1546356545655900011532,ACEH,NAGAN RAYA,KUALA PESISIR,SUAK PUNTONG,TPS 2,2019-10-25 05:00:03,24,164,233,194,194,188,6,https://pemilu2019.kpu.go.id/img/c/900/011/900011532/1-5655-2-C1-PPWP-X1.jpg,https://pemilu2019.kpu.go.id/img/c/900/011/900011532/1-5655-2-C1-PPWP-X2.jpg
1546356545655900011533,ACEH,NAGAN RAYA,KUALA PESISIR,SUAK PUNTONG,TPS 3,2019-10-25 05:00:03,15,176,247,191,197,191,6,https://pemilu2019.kpu.go.id/img/c/900/011/900011533/1-5655-3-C1-PPWP-X1.jpg,https://pemilu2019.kpu.go.id/img/c/900/011/900011533/1-5655-3-C1-PPWP-X2.jpg
1546354825506900011175,ACEH,NAGAN RAYA,SEUNAGAN,ALUE BULOH,TPS 1,2019-10-25 05:00:03,24,157,191,181,181,181,0,https://pemilu2019.kpu.go.id/img/c/900/011/900011175/5506-1-C1-PPWP-X1.jpg,https://pemilu2019.kpu.go.id/img/c/900/011/900011175/5506-1-C1-PPWP-X2.jpg
1546354825494900011157,ACEH,NAGAN RAYA,SEUNAGAN,ALUE DODOK,TPS 1,2019-10-25 05:00:03,35,87,127,123,123,122,1,https://pemilu2019.kpu.go.id/img/c/900/011/900011157/5494-1-C1-PPWP-X1.jpg,https://pemilu2019.kpu.go.id/img/c/900/011/900011157/5494-1-C1-PPWP-X2.jpg
1546354825491900011151,ACEH,NAGAN RAYA,SEUNAGAN,ALUE THO,TPS 1,2019-10-25 05:00:03,13,190,215,206,206,203,3,https://pemilu2019.kpu.go.id/img/c/900/011/900011151/1-5491-1-C1-PPWP-X1.jpg,https://pemilu2019.kpu.go.id/img/c/900/011/900011151/1-5491-1-C1-PPWP-X2.jpg
1546354825491900011152,ACEH,NAGAN RAYA,SEUNAGAN,ALUE THO,TPS 2,2019-10-25 05:00:03,17,195,233,216,216,212,4,https://pemilu2019.kpu.go.id/img/c/900/011/900011152/1-5491-2-C1-PPWP-X1.jpg,https://pemilu2019.kpu.go.id/img/c/900/011/900011152/1-5491-2-C1-PPWP-X2.jpg
1546354825491900011153,ACEH,NAGAN RAYA,SEUNAGAN,ALUE THO,TPS 3,2019-10-25 05:00:03,11,162,194,177,177,173,4,https://pemilu2019.kpu.go.id/img/c/900/011/900011153/3-5491-3-C-XXX-X5.jpg,https://pemilu2019.kpu.go.id/img/c/900/011/900011153/3-5491-3-C-XXX-X6.jpg
1546354825502900011171,ACEH,NAGAN RAYA,SEUNAGAN,BANTAN,TPS 1,2019-10-25 05:00:03,4,72,94,84,84,76,8,https://pemilu2019.kpu.go.id/img/c/900/011/900011171/5502-1-C1-PPWP-X1.jpg,https://pemilu2019.kpu.go.id/img/c/900/011/900011171/5502-1-C1-PPWP-X2.jpg
1546354825489900011147,ACEH,NAGAN RAYA,SEUNAGAN,BLANG BARO,TPS 1,2019-10-25 05:00:03,17,152,202,170,170,169,1,https://pemilu2019.kpu.go.id/img/c/900/011/900011147/5489-1-C1-PPWP-X1.jpg,https://pemilu2019.kpu.go.id/img/c/900/011/900011147/5489-1-C1-PPWP-X2.jpg
1546354825489900011148,ACEH,NAGAN RAYA,SEUNAGAN,BLANG BARO,TPS 2,2019-10-25 05:00:03,7,129,152,136,136,136,0,https://pemilu2019.kpu.go.id/img/c/900/011/900011148/5489-2-C1-PPWP-X1.jpg,https://pemilu2019.kpu.go.id/img/c/900/011/900011148/5489-2-C1-PPWP-X2.jpg
1546354825514900011190,ACEH,NAGAN RAYA,SEUNAGAN,BLANG MURONG,TPS 1,2019-10-25 05:00:03,24,193,249,224,224,217,7,https://pemilu2019.kpu.go.id/img/c/900/011/900011190/3-5514-1-C1-PPWP-X1.jpg,https://pemilu2019.kpu.go.id/img/c/900/011/900011190/3-5514-1-C1-PPWP-X2.jpg
1546354825514900011191,ACEH,NAGAN RAYA,SEUNAGAN,BLANG MURONG,TPS 2,2019-10-25 05:00:03,18,198,251,219,219,216,3,https://pemilu2019.kpu.go.id/img/c/900/011/900011191/2-5514-2-C1-PPWP-X1.jpg,https://pemilu2019.kpu.go.id/img/c/900/011/900011191/2-5514-2-C1-PPWP-X2.jpg
1546354825499900011167,ACEH,NAGAN RAYA,SEUNAGAN,BLANG PATEUK,TPS 1,2019-10-25 05:00:03,28,130,176,162,162,158,4,https://pemilu2019.kpu.go.id/img/c/900/011/900011167/5499-1-C1-PPWP-X1.jpg,https://pemilu2019.kpu.go.id/img/c/900/011/900011167/5499-1-C1-PPWP-X2.jpg
1546354825513900011188,ACEH,NAGAN RAYA,SEUNAGAN,BLANG PUUK KULU,TPS 1,2019-10-25 05:00:03,7,134,168,149,149,141,8,https://pemilu2019.kpu.go.id/img/c/900/011/900011188/1-5513-1-C1-PPWP-X1.jpg,https://pemilu2019.kpu.go.id/img/c/900/011/900011188/1-5513-1-C1-PPWP-X2.jpg
1546354825513900011189,ACEH,NAGAN RAYA,SEUNAGAN,BLANG PUUK KULU,TPS 2,2019-10-25 05:00:03,16,149,185,167,167,165,2,https://pemilu2019.kpu.go.id/img/c/900/011/900011189/5513-2-C1-PPWP-X1.jpg,https://pemilu2019.kpu.go.id/img/c/900/011/900011189/5513-2-C1-PPWP-X2.jpg
1546354825500900011168,ACEH,NAGAN RAYA,SEUNAGAN,BLANG PUUK NIGAN,TPS 1,2019-10-25 05:00:03,19,180,225,200,200,199,1,https://pemilu2019.kpu.go.id/img/c/900/011/900011168/1-5500-1-C-XXX-X5.jpg,https://pemilu2019.kpu.go.id/img/c/900/011/900011168/1-5500-1-C-XXX-X6.jpg
1546354825495900011158,ACEH,NAGAN RAYA,SEUNAGAN,COT KUMBANG,TPS 1,2019-10-25 05:00:03,14,113,140,134,134,127,7,https://pemilu2019.kpu.go.id/img/c/900/011/900011158/2-5495-1-C1-PPWP-X1.jpg,https://pemilu2019.kpu.go.id/img/c/900/011/900011158/2-5495-1-C1-PPWP-X2.jpg
1546354825503900011172,ACEH,NAGAN RAYA,SEUNAGAN,COT LELE,TPS 1,2019-10-25 05:00:03,18,164,202,185,186,182,4,https://pemilu2019.kpu.go.id/img/c/900/011/900011172/1-5503-1-C1-PPWP-X1.jpg,https://pemilu2019.kpu.go.id/img/c/900/011/900011172/1-5503-1-C1-PPWP-X2.jpg
1546354825498900011165,ACEH,NAGAN RAYA,SEUNAGAN,GAMPONG COT,TPS 1,2019-10-25 05:00:03,22,121,159,144,144,143,1,https://pemilu2019.kpu.go.id/img/c/900/011/900011165/1-5498-1-C1-PPWP-01.jpg,https://pemilu2019.kpu.go.id/img/c/900/011/900011165/1-5498-1-C1-PPWP-02.jpg
1546354825498900011166,ACEH,NAGAN RAYA,SEUNAGAN,GAMPONG COT,TPS 2,2019-10-25 05:00:03,12,126,151,142,142,138,4,https://pemilu2019.kpu.go.id/img/c/900/011/900011166/2-5498-2-C1-PPWP-X1.jpg,https://pemilu2019.kpu.go.id/img/c/900/011/900011166/2-5498-2-C1-PPWP-X2.jpg
1546354825483900011134,ACEH,NAGAN RAYA,SEUNAGAN,JEURAM,TPS 1,2019-10-25 05:00:03,23,157,197,181,181,180,1,https://pemilu2019.kpu.go.id/img/c/900/011/900011134/5483-1-C1-PPWP-X1.jpg,https://pemilu2019.kpu.go.id/img/c/900/011/900011134/5483-1-C1-PPWP-X2.jpg
1546354825483900011135,ACEH,NAGAN RAYA,SEUNAGAN,JEURAM,TPS 2,2019-10-25 05:00:03,21,138,194,160,160,159,1,https://pemilu2019.kpu.go.id/img/c/900/011/900011135/5483-2-C1-PPWP-X1.jpg,https://pemilu2019.kpu.go.id/img/c/900/011/900011135/5483-2-C1-PPWP-X2.jpg
1546354825501900011169,ACEH,NAGAN RAYA,SEUNAGAN,KRUENG CEH,TPS 1,2019-10-25 05:00:03,9,176,197,187,187,185,2,https://pemilu2019.kpu.go.id/img/c/900/011/900011169/2-5501-1-C1-PPWP-X1.jpg,https://pemilu2019.kpu.go.id/img/c/900/011/900011169/2-5501-1-C1-PPWP-X2.jpg
1546354825501900011170,ACEH,NAGAN RAYA,SEUNAGAN,KRUENG CEH,TPS 2,2019-10-25 05:00:03,18,124,155,147,147,142,5,https://pemilu2019.kpu.go.id/img/c/900/011/900011170/1-5501-2-C1-PPWP-X1.jpg,https://pemilu2019.kpu.go.id/img/c/900/011/900011170/1-5501-2-C1-PPWP-X2.jpg
1546354825508900011178,ACEH,NAGAN RAYA,SEUNAGAN,KRUENG CEUKO,TPS 1,2019-10-25 05:00:03,9,158,183,168,168,167,1,https://pemilu2019.kpu.go.id/img/c/900/011/900011178/5508-1-C-XXX-X5.jpg,https://pemilu2019.kpu.go.id/img/c/900/011/900011178/5508-1-C-XXX-X6.jpg
1546354825508900011179,ACEH,NAGAN RAYA,SEUNAGAN,KRUENG CEUKO,TPS 2,2019-10-25 05:00:03,12,149,184,167,167,161,6,https://pemilu2019.kpu.go.id/img/c/900/011/900011179/5508-2-C-XXX-X5.jpg,https://pemilu2019.kpu.go.id/img/c/900/011/900011179/5508-2-C-XXX-X6.jpg
15463548284187900775201,ACEH,NAGAN RAYA,SEUNAGAN,KRUENG MANGKOM,TPS 1,2019-10-25 05:00:03,3,55,63,59,59,58,1,https://pemilu2019.kpu.go.id/img/c/900/775/900775201/84187-1-C1-PPWP-X1.jpg,https://pemilu2019.kpu.go.id/img/c/900/775/900775201/84187-1-C1-PPWP-X2.jpg
1546354825515900011192,ACEH,NAGAN RAYA,SEUNAGAN,KULU,TPS 1,2019-10-25 05:00:03,18,190,241,215,214,208,6,https://pemilu2019.kpu.go.id/img/c/900/011/900011192/3-5515-1-C1-PPWP-X1.jpg,https://pemilu2019.kpu.go.id/img/c/900/011/900011192/3-5515-1-C1-PPWP-X2.jpg
1546354825515900011193,ACEH,NAGAN RAYA,SEUNAGAN,KULU,TPS 2,2019-10-25 05:00:03,20,197,236,220,220,217,3,https://pemilu2019.kpu.go.id/img/c/900/011/900011193/2-5515-2-C1-PPWP-X1.jpg,https://pemilu2019.kpu.go.id/img/c/900/011/900011193/2-5515-2-C1-PPWP-X2.jpg
1546354825510900011181,ACEH,NAGAN RAYA,SEUNAGAN,KUTA ACEH,TPS 1,2019-10-25 05:00:03,22,203,259,232,232,225,7,https://pemilu2019.kpu.go.id/img/c/900/011/900011181/1-5510-1-C1-PPWP-X1.jpg,https://pemilu2019.kpu.go.id/img/c/900/011/900011181/1-5510-1-C1-PPWP-X2.jpg
1546354825485900011138,ACEH,NAGAN RAYA,SEUNAGAN,KUTA BARO JEURAM,TPS 1,2019-10-25 05:00:03,10,147,185,157,157,157,0,https://pemilu2019.kpu.go.id/img/c/900/011/900011138/1-5485-1-C1-PPWP-X1.jpg,https://pemilu2019.kpu.go.id/img/c/900/011/900011138/1-5485-1-C1-PPWP-X2.jpg
1546354825485900011139,ACEH,NAGAN RAYA,SEUNAGAN,KUTA BARO JEURAM,TPS 2,2019-10-25 05:00:03,23,138,199,162,162,161,1,https://pemilu2019.kpu.go.id/img/c/900/011/900011139/5485-2-C1-PPWP-X1.jpg,https://pemilu2019.kpu.go.id/img/c/900/011/900011139/5485-2-C1-PPWP-X2.jpg
1546354825485900011140,ACEH,NAGAN RAYA,SEUNAGAN,KUTA BARO JEURAM,TPS 3,2019-10-25 05:00:03,14,154,195,171,171,168,3,https://pemilu2019.kpu.go.id/img/c/900/011/900011140/1-5485-3-C1-PPWP-01.jpg,https://pemilu2019.kpu.go.id/img/c/900/011/900011140/1-5485-3-C1-PPWP-X2.jpg
1546354825485900011141,ACEH,NAGAN RAYA,SEUNAGAN,KUTA BARO JEURAM,TPS 4,2019-10-25 05:00:03,22,138,180,161,161,160,1,https://pemilu2019.kpu.go.id/img/c/900/011/900011141/5485-4-C1-PPWP-X1.jpg,https://pemilu2019.kpu.go.id/img/c/900/011/900011141/5485-4-C1-PPWP-X2.jpg
1546354825496900011159,ACEH,NAGAN RAYA,SEUNAGAN,KUTA KUMBANG,TPS 1,2019-10-25 05:00:03,4,126,142,133,133,130,3,https://pemilu2019.kpu.go.id/img/c/900/011/900011159/1-5496-1-C1-PPWP-X1.jpg,https://pemilu2019.kpu.go.id/img/c/900/011/900011159/1-5496-1-C1-PPWP-X2.jpg
1546354825496900011160,ACEH,NAGAN RAYA,SEUNAGAN,KUTA KUMBANG,TPS 2,2019-10-25 05:00:03,10,116,142,130,130,126,4,https://pemilu2019.kpu.go.id/img/c/900/011/900011160/5496-2-C1-PPWP-X1.jpg,https://pemilu2019.kpu.go.id/img/c/900/011/900011160/5496-2-C1-PPWP-X2.jpg
1546354825507900011176,ACEH,NAGAN RAYA,SEUNAGAN,KUTA PAYA,TPS 1,2019-10-25 05:00:03,23,146,188,171,171,169,2,https://pemilu2019.kpu.go.id/img/c/900/011/900011176/5507-1-C1-PPWP-X1.jpg,https://pemilu2019.kpu.go.id/img/c/900/011/900011176/5507-1-C1-PPWP-X2.jpg
1546354825507900011177,ACEH,NAGAN RAYA,SEUNAGAN,KUTA PAYA,TPS 2,2019-10-25 05:00:03,16,132,174,0,149,148,1,https://pemilu2019.kpu.go.id/img/c/900/011/900011177/5507-2-C1-PPWP-X1.jpg,https://pemilu2019.kpu.go.id/img/c/900/011/900011177/5507-2-C1-PPWP-X2.jpg
1546354825488900011146,ACEH,NAGAN RAYA,SEUNAGAN,KUTA SAYEH,TPS 1,2019-10-25 05:00:03,27,136,178,164,164,163,1,https://pemilu2019.kpu.go.id/img/c/900/011/900011146/5488-1-C1-PPWP-X1.jpg,https://pemilu2019.kpu.go.id/img/c/900/011/900011146/5488-1-C1-PPWP-X2.jpg
1546354825511900011182,ACEH,NAGAN RAYA,SEUNAGAN,LATONG,TPS 1,2019-10-25 05:00:03,11,130,153,144,144,141,3,https://pemilu2019.kpu.go.id/img/c/900/011/900011182/5511-1-C1-PPWP-X1.jpg,https://pemilu2019.kpu.go.id/img/c/900/011/900011182/5511-1-C1-PPWP-X2.jpg
1546354825511900011183,ACEH,NAGAN RAYA,SEUNAGAN,LATONG,TPS 2,2019-10-25 05:00:03,18,139,173,162,162,157,5,https://pemilu2019.kpu.go.id/img/c/900/011/900011183/5511-2-C1-PPWP-X1.jpg,https://pemilu2019.kpu.go.id/img/c/900/011/900011183/5511-2-C1-PPWP-X2.jpg
1546354825511900011184,ACEH,NAGAN RAYA,SEUNAGAN,LATONG,TPS 3,2019-10-25 05:00:03,19,157,0,178,178,176,2,https://pemilu2019.kpu.go.id/img/c/900/011/900011184/5511-3-C1-PPWP-X1.jpg,https://pemilu2019.kpu.go.id/img/c/900/011/900011184/5511-3-C1-PPWP-X2.jpg
1546354825511900011185,ACEH,NAGAN RAYA,SEUNAGAN,LATONG,TPS 4,2019-10-25 05:00:03,19,153,188,178,178,172,6,https://pemilu2019.kpu.go.id/img/c/900/011/900011185/5511-4-C1-PPWP-X1.jpg,https://pemilu2019.kpu.go.id/img/c/900/011/900011185/5511-4-C1-PPWP-X2.jpg
1546354825509900011180,ACEH,NAGAN RAYA,SEUNAGAN,LHOK PADANG,TPS 1,2019-10-25 05:00:03,6,53,65,59,59,59,0,https://pemilu2019.kpu.go.id/img/c/900/011/900011180/5509-1-C1-PPWP-X1.jpg,https://pemilu2019.kpu.go.id/img/c/900/011/900011180/5509-1-C1-PPWP-X2.jpg
1546354825492900011154,ACEH,NAGAN RAYA,SEUNAGAN,LHOK PAROM,TPS 1,2019-10-25 05:00:03,17,157,190,177,177,174,3,https://pemilu2019.kpu.go.id/img/c/900/011/900011154/1-5492-1-C1-PPWP-X1.jpg,https://pemilu2019.kpu.go.id/img/c/900/011/900011154/1-5492-1-C1-PPWP-X2.jpg
1546354825497900011161,ACEH,NAGAN RAYA,SEUNAGAN,NIGAN,TPS 1,2019-10-25 05:00:03,5,146,180,153,153,151,2,https://pemilu2019.kpu.go.id/img/c/900/011/900011161/2-5497-1-C1-PPWP-X1.jpg,https://pemilu2019.kpu.go.id/img/c/900/011/900011161/2-5497-1-C1-PPWP-X2.jpg
1546354825497900011162,ACEH,NAGAN RAYA,SEUNAGAN,NIGAN,TPS 2,2019-10-25 05:00:03,11,141,193,156,0,152,4,https://pemilu2019.kpu.go.id/img/c/900/011/900011162/5497-2-C1-PPWP-X1.jpg,https://pemilu2019.kpu.go.id/img/c/900/011/900011162/5497-2-C1-PPWP-X2.jpg
1546354825497900011163,ACEH,NAGAN RAYA,SEUNAGAN,NIGAN,TPS 3,2019-10-25 05:00:03,8,149,207,152,160,157,3,https://pemilu2019.kpu.go.id/img/c/900/011/900011163/5-5497-3-C1-PPWP-X1.jpg,https://pemilu2019.kpu.go.id/img/c/900/011/900011163/5-5497-3-C1-PPWP-X2.jpg
1546354825497900011164,ACEH,NAGAN RAYA,SEUNAGAN,NIGAN,TPS 4,2019-10-25 05:00:03,12,157,217,170,170,169,1,https://pemilu2019.kpu.go.id/img/c/900/011/900011164/5497-4-C1-PPWP-X1.jpg,https://pemilu2019.kpu.go.id/img/c/900/011/900011164/5497-4-C1-PPWP-X2.jpg
1546354825490900011149,ACEH,NAGAN RAYA,SEUNAGAN,PADANG,TPS 1,2019-10-25 05:00:03,14,177,220,193,193,191,2,https://pemilu2019.kpu.go.id/img/c/900/011/900011149/6-5490-1-C1-PPWP-X1.jpg,https://pemilu2019.kpu.go.id/img/c/900/011/900011149/6-5490-1-C1-PPWP-X2.jpg
1546354825490900011150,ACEH,NAGAN RAYA,SEUNAGAN,PADANG,TPS 2,2019-10-25 05:00:03,21,169,222,193,193,190,3,https://pemilu2019.kpu.go.id/img/c/900/011/900011150/5490-2-C1-PPWP-X1.jpg,https://pemilu2019.kpu.go.id/img/c/900/011/900011150/5490-2-C1-PPWP-X2.jpg
1546354825484900011136,ACEH,NAGAN RAYA,SEUNAGAN,PANTE CEUREUMEN,TPS 1,2019-10-25 05:00:03,17,141,184,166,166,158,8,https://pemilu2019.kpu.go.id/img/c/900/011/900011136/5484-1-C1-PPWP-X1.jpg,https://pemilu2019.kpu.go.id/img/c/900/011/900011136/5484-1-C1-PPWP-X2.jpg
1546354825484900011137,ACEH,NAGAN RAYA,SEUNAGAN,PANTE CEUREUMEN,TPS 2,2019-10-25 05:00:03,11,123,152,136,136,134,2,https://pemilu2019.kpu.go.id/img/c/900/011/900011137/5484-2-C1-PPWP-X1.jpg,https://pemilu2019.kpu.go.id/img/c/900/011/900011137/5484-2-C1-PPWP-X2.jpg
1546354825486900011142,ACEH,NAGAN RAYA,SEUNAGAN,PAROM,TPS 1,2019-10-25 05:00:03,25,118,147,0,147,143,4,https://pemilu2019.kpu.go.id/img/c/900/011/900011142/5486-1-C1-PPWP-X1.jpg,https://pemilu2019.kpu.go.id/img/c/900/011/900011142/5486-1-C1-PPWP-X2.jpg
1546354825486900011143,ACEH,NAGAN RAYA,SEUNAGAN,PAROM,TPS 2,2019-10-25 05:00:03,18,134,183,156,156,152,4,https://pemilu2019.kpu.go.id/img/c/900/011/900011143/5486-2-C-XXX-X5.jpg,https://pemilu2019.kpu.go.id/img/c/900/011/900011143/5486-2-C-XXX-X6.jpg
1546354825486900011144,ACEH,NAGAN RAYA,SEUNAGAN,PAROM,TPS 3,2019-10-25 05:00:03,16,122,168,139,139,138,1,https://pemilu2019.kpu.go.id/img/c/900/011/900011144/4-5486-3-C1-PPWP-01.jpg,https://pemilu2019.kpu.go.id/img/c/900/011/900011144/4-5486-3-C1-PPWP-X2.jpg
1546354825505900011174,ACEH,NAGAN RAYA,SEUNAGAN,PAYA UDEUNG,TPS 1,2019-10-25 05:00:03,10,230,271,242,242,240,2,https://pemilu2019.kpu.go.id/img/c/900/011/900011174/1-5505-1-C1-PPWP-X1.jpg,https://pemilu2019.kpu.go.id/img/c/900/011/900011174/1-5505-1-C1-PPWP-X2.jpg
1546354825512900011186,ACEH,NAGAN RAYA,SEUNAGAN,PAYA UNDAN,TPS 1,2019-10-25 05:00:03,22,152,198,179,179,174,5,https://pemilu2019.kpu.go.id/img/c/900/011/900011186/1-5512-1-C1-PPWP-X1.jpg,https://pemilu2019.kpu.go.id/img/c/900/011/900011186/1-5512-1-C1-PPWP-X2.jpg
1546354825512900011187,ACEH,NAGAN RAYA,SEUNAGAN,PAYA UNDAN,TPS 2,2019-10-25 05:00:03,26,169,218,198,198,195,3,https://pemilu2019.kpu.go.id/img/c/900/011/900011187/1-5512-2-C1-PPWP-01.jpg,https://pemilu2019.kpu.go.id/img/c/900/011/900011187/1-5512-2-C1-PPWP-02.jpg
1546354825487900011145,ACEH,NAGAN RAYA,SEUNAGAN,PEUREULAK,TPS 1,2019-10-25 05:00:03,7,127,146,134,134,134,0,https://pemilu2019.kpu.go.id/img/c/900/011/900011145/1-5487-1-C1-PPWP-X1.jpg,https://pemilu2019.kpu.go.id/img/c/900/011/900011145/1-5487-1-C1-PPWP-X2.jpg
1546354825516900011194,ACEH,NAGAN RAYA,SEUNAGAN,RAMBONG CUT,TPS 1,2019-10-25 05:00:03,15,107,147,129,129,122,7,https://pemilu2019.kpu.go.id/img/c/900/011/900011194/1-5516-1-C1-PPWP-X1.jpg,https://pemilu2019.kpu.go.id/img/c/900/011/900011194/1-5516-1-C1-PPWP-X2.jpg
1546354825504900011173,ACEH,NAGAN RAYA,SEUNAGAN,RAMBONG RAYEUK,TPS 1,2019-10-25 05:00:03,16,121,147,138,138,137,1,https://pemilu2019.kpu.go.id/img/c/900/011/900011173/5504-1-C1-PPWP-X1.jpg,https://pemilu2019.kpu.go.id/img/c/900/011/900011173/5504-1-C1-PPWP-X2.jpg
1546354825493900011155,ACEH,NAGAN RAYA,SEUNAGAN,SAPEK,TPS 1,2019-10-25 05:00:03,12,150,184,184,172,162,10,https://pemilu2019.kpu.go.id/img/c/900/011/900011155/5493-1-C1-PPWP-X1.jpg,https://pemilu2019.kpu.go.id/img/c/900/011/900011155/5493-1-C1-PPWP-X2.jpg
1546354825493900011156,ACEH,NAGAN RAYA,SEUNAGAN,SAPEK,TPS 2,2019-10-25 05:00:03,13,173,211,193,193,186,7,https://pemilu2019.kpu.go.id/img/c/900/011/900011156/2-5493-2-C1-PPWP-X1.jpg,https://pemilu2019.kpu.go.id/img/c/900/011/900011156/2-5493-2-C1-PPWP-X2.jpg
1546355175543900011237,ACEH,NAGAN RAYA,SEUNAGAN TIMUR,BLANG ARA GAMPONG,TPS 1,2019-10-25 05:00:03,11,105,144,117,117,116,1,https://pemilu2019.kpu.go.id/img/c/900/011/900011237/5543-1-C1-PPWP-X1.jpg,https://pemilu2019.kpu.go.id/img/c/900/011/900011237/5543-1-C1-PPWP-X2.jpg
1546355175543900011238,ACEH,NAGAN RAYA,SEUNAGAN TIMUR,BLANG ARA GAMPONG,TPS 2,2019-10-25 05:00:03,11,122,153,137,137,133,4,https://pemilu2019.kpu.go.id/img/c/900/011/900011238/5543-2-C1-PPWP-X1.jpg,https://pemilu2019.kpu.go.id/img/c/900/011/900011238/5543-2-C1-PPWP-X2.jpg
1546355175551900011254,ACEH,NAGAN RAYA,SEUNAGAN TIMUR,BLANG ARA KEUDE,TPS 1,2019-10-25 05:00:03,16,161,196,180,180,177,3,https://pemilu2019.kpu.go.id/img/c/900/011/900011254/5551-1-C1-PPWP-X1.jpg,https://pemilu2019.kpu.go.id/img/c/900/011/900011254/5551-1-C1-PPWP-X2.jpg
1546355175551900011255,ACEH,NAGAN RAYA,SEUNAGAN TIMUR,BLANG ARA KEUDE,TPS 2,2019-10-25 05:00:03,5,190,213,196,196,195,1,https://pemilu2019.kpu.go.id/img/c/900/011/900011255/5551-2-C1-PPWP-X1.jpg,https://pemilu2019.kpu.go.id/img/c/900/011/900011255/5551-2-C1-PPWP-X2.jpg
1546355175545900011242,ACEH,NAGAN RAYA,SEUNAGAN TIMUR,BLANG BAYU,TPS 1,2019-10-25 05:00:03,10,182,224,203,203,192,11,https://pemilu2019.kpu.go.id/img/c/900/011/900011242/5545-1-C1-PPWP-X1.jpg,https://pemilu2019.kpu.go.id/img/c/900/011/900011242/5545-1-C1-PPWP-X2.jpg
1546355175545900011243,ACEH,NAGAN RAYA,SEUNAGAN TIMUR,BLANG BAYU,TPS 2,2019-10-25 05:00:03,20,178,222,207,207,198,9,https://pemilu2019.kpu.go.id/img/c/900/011/900011243/5545-2-C1-PPWP-X1.jpg,https://pemilu2019.kpu.go.id/img/c/900/011/900011243/5545-2-C1-PPWP-X2.jpg
1546355175523900011203,ACEH,NAGAN RAYA,SEUNAGAN TIMUR,BLANG GEUDONG,TPS 1,2019-10-25 05:00:03,20,149,192,174,174,169,5,https://pemilu2019.kpu.go.id/img/c/900/011/900011203/5523-1-C1-PPWP-X1.jpg,https://pemilu2019.kpu.go.id/img/c/900/011/900011203/5523-1-C1-PPWP-X2.jpg
1546355175521900011201,ACEH,NAGAN RAYA,SEUNAGAN TIMUR,BLANG LANGO,TPS 1,2019-10-25 05:00:03,31,127,191,165,165,156,9,https://pemilu2019.kpu.go.id/img/c/900/011/900011201/5521-1-C1-PPWP-X1.jpg,https://pemilu2019.kpu.go.id/img/c/900/011/900011201/5521-1-C1-PPWP-X2.jpg
1546355175518900011195,ACEH,NAGAN RAYA,SEUNAGAN TIMUR,BLANG PANYANG,TPS 1,2019-10-25 05:00:03,17,171,222,194,194,188,6,https://pemilu2019.kpu.go.id/img/c/900/011/900011195/5518-1-C1-PPWP-X1.jpg,https://pemilu2019.kpu.go.id/img/c/900/011/900011195/5518-1-C1-PPWP-X2.jpg
1546355175518900011196,ACEH,NAGAN RAYA,SEUNAGAN TIMUR,BLANG PANYANG,TPS 2,2019-10-25 05:00:03,22,182,227,207,207,204,3,https://pemilu2019.kpu.go.id/img/c/900/011/900011196/5518-2-C1-PPWP-X1.jpg,https://pemilu2019.kpu.go.id/img/c/900/011/900011196/5518-2-C1-PPWP-X2.jpg
1546355175542900011236,ACEH,NAGAN RAYA,SEUNAGAN TIMUR,BLANG PREH,TPS 1,2019-10-25 05:00:03,14,200,251,230,230,214,16,https://pemilu2019.kpu.go.id/img/c/900/011/900011236/5542-1-C1-PPWP-X1.jpg,https://pemilu2019.kpu.go.id/img/c/900/011/900011236/5542-1-C1-PPWP-X2.jpg
1546355175524900011204,ACEH,NAGAN RAYA,SEUNAGAN TIMUR,BLANG TEUNGKU,TPS 1,2019-10-25 05:00:03,6,98,113,104,104,104,0,https://pemilu2019.kpu.go.id/img/c/900/011/900011204/5524-1-C1-PPWP-X1.jpg,https://pemilu2019.kpu.go.id/img/c/900/011/900011204/5524-1-C1-PPWP-X2.jpg
1546355175537900011229,ACEH,NAGAN RAYA,SEUNAGAN TIMUR,COT DIRUI,TPS 1,2019-10-25 05:00:03,10,34,45,44,44,44,0,https://pemilu2019.kpu.go.id/img/c/900/011/900011229/5537-1-C1-PPWP-X1.jpg,https://pemilu2019.kpu.go.id/img/c/900/011/900011229/5537-1-C1-PPWP-X2.jpg
1546355175529900011211,ACEH,NAGAN RAYA,SEUNAGAN TIMUR,COT GUD,TPS 1,2019-10-25 05:00:03,10,139,175,149,149,149,0,https://pemilu2019.kpu.go.id/img/c/900/011/900011211/5529-1-C1-PPWP-X1.jpg,https://pemilu2019.kpu.go.id/img/c/900/011/900011211/5529-1-C1-PPWP-X2.jpg
1546355175529900011212,ACEH,NAGAN RAYA,SEUNAGAN TIMUR,COT GUD,TPS 2,2019-10-25 05:00:03,15,151,186,167,167,166,1,https://pemilu2019.kpu.go.id/img/c/900/011/900011212/5529-2-C1-PPWP-X1.jpg,https://pemilu2019.kpu.go.id/img/c/900/011/900011212/5529-2-C1-PPWP-X2.jpg
1546355175529900011213,ACEH,NAGAN RAYA,SEUNAGAN TIMUR,COT GUD,TPS 3,2019-10-25 05:00:03,15,159,197,178,178,174,4,https://pemilu2019.kpu.go.id/img/c/900/011/900011213/5529-3-C1-PPWP-X1.jpg,https://pemilu2019.kpu.go.id/img/c/900/011/900011213/5529-3-C1-PPWP-X2.jpg
1546355175535900011227,ACEH,NAGAN RAYA,SEUNAGAN TIMUR,COT MANYANG,TPS 1,2019-10-25 05:00:03,53,165,230,224,224,218,6,https://pemilu2019.kpu.go.id/img/c/900/011/900011227/5535-1-C1-PPWP-X1.jpg,https://pemilu2019.kpu.go.id/img/c/900/011/900011227/5535-1-C1-PPWP-X2.jpg
1546355175549900011250,ACEH,NAGAN RAYA,SEUNAGAN TIMUR,COT PUNTI,TPS 1,2019-10-25 05:00:03,19,152,187,180,180,171,9,https://pemilu2019.kpu.go.id/img/c/900/011/900011250/5549-1-C1-PPWP-X1.jpg,https://pemilu2019.kpu.go.id/img/c/900/011/900011250/5549-1-C1-PPWP-X2.jpg
1546355175538900011230,ACEH,NAGAN RAYA,SEUNAGAN TIMUR,COT TEUKU DEK,TPS 1,2019-10-25 05:00:03,5,81,92,89,89,86,3,https://pemilu2019.kpu.go.id/img/c/900/011/900011230/5538-1-C1-PPWP-X1.jpg,https://pemilu2019.kpu.go.id/img/c/900/011/900011230/5538-1-C1-PPWP-X2.jpg
1546355175544900011239,ACEH,NAGAN RAYA,SEUNAGAN TIMUR,IE BEUDOH,TPS 1,2019-10-25 05:00:03,0,0,178,149,149,146,3,https://pemilu2019.kpu.go.id/img/c/900/011/900011239/5544-1-C1-PPWP-X1.jpg,https://pemilu2019.kpu.go.id/img/c/900/011/900011239/5544-1-C1-PPWP-X2.jpg
1546355175544900011240,ACEH,NAGAN RAYA,SEUNAGAN TIMUR,IE BEUDOH,TPS 2,2019-10-25 05:00:03,8,170,192,178,178,178,0,https://pemilu2019.kpu.go.id/img/c/900/011/900011240/5544-2-C1-PPWP-X1.jpg,https://pemilu2019.kpu.go.id/img/c/900/011/900011240/5544-2-C1-PPWP-X2.jpg
1546355175544900011241,ACEH,NAGAN RAYA,SEUNAGAN TIMUR,IE BEUDOH,TPS 3,2019-10-25 05:00:03,10,140,179,154,154,150,4,https://pemilu2019.kpu.go.id/img/c/900/011/900011241/5544-3-C1-PPWP-X1.jpg,https://pemilu2019.kpu.go.id/img/c/900/011/900011241/5544-3-C1-PPWP-X2.jpg
1546355175530900011214,ACEH,NAGAN RAYA,SEUNAGAN TIMUR,KABU BAROH,TPS 1,2019-10-25 05:00:03,9,175,210,191,191,184,7,https://pemilu2019.kpu.go.id/img/c/900/011/900011214/5530-1-C1-PPWP-X1.jpg,https://pemilu2019.kpu.go.id/img/c/900/011/900011214/5530-1-C1-PPWP-X2.jpg
1546355175531900011215,ACEH,NAGAN RAYA,SEUNAGAN TIMUR,KABU TUNONG,TPS 1,2019-10-25 05:00:03,11,170,200,188,188,181,7,https://pemilu2019.kpu.go.id/img/c/900/011/900011215/5531-1-C1-PPWP-X1.jpg,https://pemilu2019.kpu.go.id/img/c/900/011/900011215/5531-1-C1-PPWP-X2.jpg
1546355175531900011216,ACEH,NAGAN RAYA,SEUNAGAN TIMUR,KABU TUNONG,TPS 2,2019-10-25 05:00:03,11,161,189,174,174,172,2,https://pemilu2019.kpu.go.id/img/c/900/011/900011216/5531-2-C1-PPWP-X1.jpg,https://pemilu2019.kpu.go.id/img/c/900/011/900011216/5531-2-C1-PPWP-X2.jpg
1546355175531900011217,ACEH,NAGAN RAYA,SEUNAGAN TIMUR,KABU TUNONG,TPS 3,2019-10-25 05:00:03,14,179,215,199,199,193,6,https://pemilu2019.kpu.go.id/img/c/900/011/900011217/5531-3-C1-PPWP-X1.jpg,https://pemilu2019.kpu.go.id/img/c/900/011/900011217/5531-3-C1-PPWP-X2.jpg
1546355175528900011210,ACEH,NAGAN RAYA,SEUNAGAN TIMUR,KANDEH,TPS 1,2019-10-25 05:00:03,2,116,127,120,120,118,2,https://pemilu2019.kpu.go.id/img/c/900/011/900011210/5528-1-C1-PPWP-X1.jpg,https://pemilu2019.kpu.go.id/img/c/900/011/900011210/5528-1-C1-PPWP-X2.jpg
1546355175532900011218,ACEH,NAGAN RAYA,SEUNAGAN TIMUR,KEUDE LINTEUNG,TPS 1,2019-10-25 05:00:03,16,144,181,162,162,160,2,https://pemilu2019.kpu.go.id/img/c/900/011/900011218/5532-1-C1-PPWP-X1.jpg,https://pemilu2019.kpu.go.id/img/c/900/011/900011218/5532-1-C1-PPWP-X2.jpg
1546355175532900011219,ACEH,NAGAN RAYA,SEUNAGAN TIMUR,KEUDE LINTEUNG,TPS 2,2019-10-25 05:00:03,14,151,183,167,167,165,2,https://pemilu2019.kpu.go.id/img/c/900/011/900011219/5532-2-C1-PPWP-X1.jpg,https://pemilu2019.kpu.go.id/img/c/900/011/900011219/5532-2-C1-PPWP-X2.jpg
1546355175532900011220,ACEH,NAGAN RAYA,SEUNAGAN TIMUR,KEUDE LINTEUNG,TPS 3,2019-10-25 05:00:03,12,139,172,154,154,151,3,https://pemilu2019.kpu.go.id/img/c/900/011/900011220/5532-3-C1-PPWP-X1.jpg,https://pemilu2019.kpu.go.id/img/c/900/011/900011220/5532-3-C1-PPWP-X2.jpg
1546355175526900011207,ACEH,NAGAN RAYA,SEUNAGAN TIMUR,KEUDE NEULOP,TPS 1,2019-10-25 05:00:03,6,128,146,134,134,134,0,https://pemilu2019.kpu.go.id/img/c/900/011/900011207/5526-1-C1-PPWP-X1.jpg,https://pemilu2019.kpu.go.id/img/c/900/011/900011207/5526-1-C1-PPWP-X2.jpg
1546355175526900011208,ACEH,NAGAN RAYA,SEUNAGAN TIMUR,KEUDE NEULOP,TPS 2,2019-10-25 05:00:03,9,113,145,129,129,122,7,https://pemilu2019.kpu.go.id/img/c/900/011/900011208/5526-2-C1-PPWP-X1.jpg,https://pemilu2019.kpu.go.id/img/c/900/011/900011208/5526-2-C1-PPWP-X2.jpg
1546355175527900011209,ACEH,NAGAN RAYA,SEUNAGAN TIMUR,KILA,TPS 1,2019-10-25 05:00:03,3,96,107,99,99,99,0,https://pemilu2019.kpu.go.id/img/c/900/011/900011209/5527-1-C1-PPWP-X1.jpg,https://pemilu2019.kpu.go.id/img/c/900/011/900011209/5527-1-C1-PPWP-X2.jpg
1546355175548900011248,ACEH,NAGAN RAYA,SEUNAGAN TIMUR,KRUENG KULU,TPS 1,2019-10-25 05:00:03,8,118,139,128,128,126,2,https://pemilu2019.kpu.go.id/img/c/900/011/900011248/5548-1-C1-PPWP-X1.jpg,https://pemilu2019.kpu.go.id/img/c/900/011/900011248/5548-1-C1-PPWP-X2.jpg
1546355175548900011249,ACEH,NAGAN RAYA,SEUNAGAN TIMUR,KRUENG KULU,TPS 2,2019-10-25 05:00:03,5,121,140,130,130,126,4,https://pemilu2019.kpu.go.id/img/c/900/011/900011249/5548-2-C1-PPWP-X1.jpg,https://pemilu2019.kpu.go.id/img/c/900/011/900011249/5548-2-C1-PPWP-X2.jpg
1546355175550900011251,ACEH,NAGAN RAYA,SEUNAGAN TIMUR,LHOK MESJID,TPS 1,2019-10-25 05:00:03,9,150,188,165,165,159,6,https://pemilu2019.kpu.go.id/img/c/900/011/900011251/5550-1-C1-PPWP-X1.jpg,https://pemilu2019.kpu.go.id/img/c/900/011/900011251/5550-1-C1-PPWP-X2.jpg
1546355175550900011252,ACEH,NAGAN RAYA,SEUNAGAN TIMUR,LHOK MESJID,TPS 2,2019-10-25 05:00:03,22,146,190,173,173,168,5,https://pemilu2019.kpu.go.id/img/c/900/011/900011252/5550-2-C1-PPWP-X1.jpg,https://pemilu2019.kpu.go.id/img/c/900/011/900011252/5550-2-C1-PPWP-X2.jpg
1546355175550900011253,ACEH,NAGAN RAYA,SEUNAGAN TIMUR,LHOK MESJID,TPS 3,2019-10-25 05:00:03,14,164,195,181,181,178,3,https://pemilu2019.kpu.go.id/img/c/900/011/900011253/5550-3-C1-PPWP-X1.jpg,https://pemilu2019.kpu.go.id/img/c/900/011/900011253/5550-3-C1-PPWP-X2.jpg
1546355175520900011199,ACEH,NAGAN RAYA,SEUNAGAN TIMUR,LHOK PANGE,TPS 1,2019-10-25 05:00:03,7,162,196,172,172,169,3,https://pemilu2019.kpu.go.id/img/c/900/011/900011199/5520-1-C-XXX-X5.jpg,https://pemilu2019.kpu.go.id/img/c/900/011/900011199/5520-1-C-XXX-X6.jpg
1546355175520900011200,ACEH,NAGAN RAYA,SEUNAGAN TIMUR,LHOK PANGE,TPS 2,2019-10-25 05:00:03,17,157,195,181,181,174,7,https://pemilu2019.kpu.go.id/img/c/900/011/900011200/5520-2-C1-PPWP-X1.jpg,https://pemilu2019.kpu.go.id/img/c/900/011/900011200/5520-2-C1-PPWP-X2.jpg
1546355175519900011197,ACEH,NAGAN RAYA,SEUNAGAN TIMUR,MEUGAT MEH,TPS 1,2019-10-25 05:00:03,17,132,164,151,151,149,2,https://pemilu2019.kpu.go.id/img/c/900/011/900011197/5519-1-C1-PPWP-X1.jpg,https://pemilu2019.kpu.go.id/img/c/900/011/900011197/5519-1-C1-PPWP-X2.jpg
1546355175519900011198,ACEH,NAGAN RAYA,SEUNAGAN TIMUR,MEUGAT MEH,TPS 2,2019-10-25 05:00:03,17,113,143,133,133,130,3,https://pemilu2019.kpu.go.id/img/c/900/011/900011198/2-5519-2-C1-PPWP-X1.jpg,https://pemilu2019.kpu.go.id/img/c/900/011/900011198/2-5519-2-C1-PPWP-X2.jpg
1546355175533900011221,ACEH,NAGAN RAYA,SEUNAGAN TIMUR,MEURANDEH SUAK,TPS 1,2019-10-25 05:00:03,20,95,138,121,121,115,6,https://pemilu2019.kpu.go.id/img/c/900/011/900011221/5533-1-C1-PPWP-X1.jpg,https://pemilu2019.kpu.go.id/img/c/900/011/900011221/5533-1-C1-PPWP-X2.jpg
1546355175533900011222,ACEH,NAGAN RAYA,SEUNAGAN TIMUR,MEURANDEH SUAK,TPS 2,2019-10-25 05:00:03,14,94,116,113,113,108,5,https://pemilu2019.kpu.go.id/img/c/900/011/900011222/5533-2-C1-PPWP-X1.jpg,https://pemilu2019.kpu.go.id/img/c/900/011/900011222/5533-2-C1-PPWP-X2.jpg
1546355175546900011244,ACEH,NAGAN RAYA,SEUNAGAN TIMUR,MON BATEUNG,TPS 1,2019-10-25 05:00:03,18,174,236,198,198,192,6,https://pemilu2019.kpu.go.id/img/c/900/011/900011244/5546-1-C1-PPWP-X1.jpg,https://pemilu2019.kpu.go.id/img/c/900/011/900011244/5546-1-C1-PPWP-X2.jpg
1546355175546900011245,ACEH,NAGAN RAYA,SEUNAGAN TIMUR,MON BATEUNG,TPS 2,2019-10-25 05:00:03,16,208,253,231,231,224,7,https://pemilu2019.kpu.go.id/img/c/900/011/900011245/5546-2-C1-PPWP-X1.jpg,https://pemilu2019.kpu.go.id/img/c/900/011/900011245/5546-2-C1-PPWP-X2.jpg
1546355175541900011235,ACEH,NAGAN RAYA,SEUNAGAN TIMUR,PAYA,TPS 1,2019-10-25 05:00:03,13,151,183,165,165,164,1,https://pemilu2019.kpu.go.id/img/c/900/011/900011235/5541-1-C1-PPWP-X1.jpg,https://pemilu2019.kpu.go.id/img/c/900/011/900011235/5541-1-C1-PPWP-X2.jpg
1546355175540900011233,ACEH,NAGAN RAYA,SEUNAGAN TIMUR,PEULEUKUNG,TPS 1,2019-10-25 05:00:03,17,133,166,154,154,150,4,https://pemilu2019.kpu.go.id/img/c/900/011/900011233/5540-1-C1-PPWP-X1.jpg,https://pemilu2019.kpu.go.id/img/c/900/011/900011233/5540-1-C1-PPWP-X2.jpg
1546355175540900011234,ACEH,NAGAN RAYA,SEUNAGAN TIMUR,PEULEUKUNG,TPS 2,2019-10-25 05:00:03,15,127,174,144,144,142,2,https://pemilu2019.kpu.go.id/img/c/900/011/900011234/5540-2-C1-PPWP-X1.jpg,https://pemilu2019.kpu.go.id/img/c/900/011/900011234/5540-2-C1-PPWP-X2.jpg
1546355175536900011228,ACEH,NAGAN RAYA,SEUNAGAN TIMUR,PULO TEUNGOH,TPS 1,2019-10-25 05:00:03,21,132,171,157,157,153,4,https://pemilu2019.kpu.go.id/img/c/900/011/900011228/5536-1-C1-PPWP-X1.jpg,https://pemilu2019.kpu.go.id/img/c/900/011/900011228/5536-1-C1-PPWP-X2.jpg
1546355175539900011231,ACEH,NAGAN RAYA,SEUNAGAN TIMUR,SAPENG,TPS 1,2019-10-25 05:00:03,4,111,133,117,117,115,2,https://pemilu2019.kpu.go.id/img/c/900/011/900011231/5539-1-C1-PPWP-X1.jpg,https://pemilu2019.kpu.go.id/img/c/900/011/900011231/5539-1-C1-PPWP-X2.jpg
1546355175539900011232,ACEH,NAGAN RAYA,SEUNAGAN TIMUR,SAPENG,TPS 2,2019-10-25 05:00:03,14,101,134,118,118,115,3,https://pemilu2019.kpu.go.id/img/c/900/011/900011232/3-5539-2-C1-PPWP-X1.jpg,https://pemilu2019.kpu.go.id/img/c/900/011/900011232/3-5539-2-C1-PPWP-X2.jpg
1546355175525900011205,ACEH,NAGAN RAYA,SEUNAGAN TIMUR,SAWANG MANE,TPS 1,2019-10-25 05:00:03,11,114,137,128,128,125,3,https://pemilu2019.kpu.go.id/img/c/900/011/900011205/5525-1-C1-PPWP-X1.jpg,https://pemilu2019.kpu.go.id/img/c/900/011/900011205/5525-1-C1-PPWP-X2.jpg
1546355175525900011206,ACEH,NAGAN RAYA,SEUNAGAN TIMUR,SAWANG MANE,TPS 2,2019-10-25 05:00:03,9,112,140,126,126,121,5,https://pemilu2019.kpu.go.id/img/c/900/011/900011206/5525-2-C1-PPWP-X1.jpg,https://pemilu2019.kpu.go.id/img/c/900/011/900011206/5525-2-C1-PPWP-X2.jpg
1546355175547900011246,ACEH,NAGAN RAYA,SEUNAGAN TIMUR,SUAK PEUREUBONG,TPS 1,2019-10-25 05:00:03,6,107,130,113,113,113,0,https://pemilu2019.kpu.go.id/img/c/900/011/900011246/5547-1-C1-PPWP-X1.jpg,https://pemilu2019.kpu.go.id/img/c/900/011/900011246/5547-1-C1-PPWP-X2.jpg
1546355175547900011247,ACEH,NAGAN RAYA,SEUNAGAN TIMUR,SUAK PEUREUBONG,TPS 2,2019-10-25 05:00:03,18,95,124,117,117,113,4,https://pemilu2019.kpu.go.id/img/c/900/011/900011247/5547-2-C1-PPWP-X1.jpg,https://pemilu2019.kpu.go.id/img/c/900/011/900011247/5547-2-C1-PPWP-X2.jpg
1546355175522900011202,ACEH,NAGAN RAYA,SEUNAGAN TIMUR,TUWI MEULEUSONG,TPS 1,2019-10-25 05:00:03,6,83,100,90,90,89,1,https://pemilu2019.kpu.go.id/img/c/900/011/900011202/5522-1-C1-PPWP-X1.jpg,https://pemilu2019.kpu.go.id/img/c/900/011/900011202/5522-1-C1-PPWP-X2.jpg
1546355175534900011223,ACEH,NAGAN RAYA,SEUNAGAN TIMUR,UTEUN PULO,TPS 1,2019-10-25 05:00:03,10,130,164,147,147,140,7,https://pemilu2019.kpu.go.id/img/c/900/011/900011223/5534-1-C1-PPWP-X1.jpg,https://pemilu2019.kpu.go.id/img/c/900/011/900011223/5534-1-C1-PPWP-X2.jpg
1546355175534900011224,ACEH,NAGAN RAYA,SEUNAGAN TIMUR,UTEUN PULO,TPS 2,2019-10-25 05:00:03,15,132,183,151,151,147,4,https://pemilu2019.kpu.go.id/img/c/900/011/900011224/5534-2-C1-PPWP-X1.jpg,https://pemilu2019.kpu.go.id/img/c/900/011/900011224/5534-2-C1-PPWP-X2.jpg
1546355175534900011225,ACEH,NAGAN RAYA,SEUNAGAN TIMUR,UTEUN PULO,TPS 3,2019-10-25 05:00:03,5,146,187,152,152,151,1,https://pemilu2019.kpu.go.id/img/c/900/011/900011225/5534-3-C1-PPWP-X1.jpg,https://pemilu2019.kpu.go.id/img/c/900/011/900011225/5534-3-C1-PPWP-X2.jpg
1546355175534900011226,ACEH,NAGAN RAYA,SEUNAGAN TIMUR,UTEUN PULO,TPS 4,2019-10-25 05:00:03,11,125,160,139,139,136,3,https://pemilu2019.kpu.go.id/img/c/900/011/900011226/5534-4-C1-PPWP-X1.jpg,https://pemilu2019.kpu.go.id/img/c/900/011/900011226/5534-4-C1-PPWP-X2.jpg
1546356345653900011530,ACEH,NAGAN RAYA,SUKA MAKMUE,ALUE GAJAH,TPS 1,2019-10-25 05:00:03,9,57,68,68,68,66,2,https://pemilu2019.kpu.go.id/img/c/900/011/900011530/5653-1-C1-PPWP-X1.jpg,https://pemilu2019.kpu.go.id/img/c/900/011/900011530/5653-1-C1-PPWP-X2.jpg
1546356345636900011501,ACEH,NAGAN RAYA,SUKA MAKMUE,ALUE KAMBUK,TPS 1,2019-10-25 05:00:03,14,142,176,160,160,156,4,https://pemilu2019.kpu.go.id/img/c/900/011/900011501/5636-1-C1-PPWP-X1.jpg,https://pemilu2019.kpu.go.id/img/c/900/011/900011501/5636-1-C1-PPWP-X2.jpg
1546356345636900011502,ACEH,NAGAN RAYA,SUKA MAKMUE,ALUE KAMBUK,TPS 2,2019-10-25 05:00:03,11,144,183,156,156,155,1,https://pemilu2019.kpu.go.id/img/c/900/011/900011502/5636-2-C1-PPWP-X1.jpg,https://pemilu2019.kpu.go.id/img/c/900/011/900011502/5636-2-C1-PPWP-X2.jpg
1546356345652900011529,ACEH,NAGAN RAYA,SUKA MAKMUE,ALUE PEUSAJA,TPS 1,2019-10-25 05:00:03,14,126,160,145,145,140,5,https://pemilu2019.kpu.go.id/img/c/900/011/900011529/1-5652-1-C1-PPWP-X1.jpg,https://pemilu2019.kpu.go.id/img/c/900/011/900011529/1-5652-1-C1-PPWP-X2.jpg
1546356345648900011524,ACEH,NAGAN RAYA,SUKA MAKMUE,BLANG MULING,TPS 1,2019-10-25 05:00:03,9,218,145,229,229,227,2,https://pemilu2019.kpu.go.id/img/c/900/011/900011524/2-5648-1-C1-PPWP-X1.jpg,https://pemilu2019.kpu.go.id/img/c/900/011/900011524/2-5648-1-C1-PPWP-X2.jpg
1546356345644900011518,ACEH,NAGAN RAYA,SUKA MAKMUE,BLANG SAPEK,TPS 1,2019-10-25 05:00:03,38,191,251,233,233,229,4,https://pemilu2019.kpu.go.id/img/c/900/011/900011518/5644-1-C1-PPWP-X1.jpg,https://pemilu2019.kpu.go.id/img/c/900/011/900011518/5644-1-C1-PPWP-X2.jpg
1546356345644900011519,ACEH,NAGAN RAYA,SUKA MAKMUE,BLANG SAPEK,TPS 2,2019-10-25 05:00:03,23,180,0,216,216,203,13,https://pemilu2019.kpu.go.id/img/c/900/011/900011519/5644-2-C1-PPWP-X1.jpg,https://pemilu2019.kpu.go.id/img/c/900/011/900011519/5644-2-C1-PPWP-X2.jpg
1546356345641900011511,ACEH,NAGAN RAYA,SUKA MAKMUE,COT KUTA,TPS 1,2019-10-25 05:00:03,11,186,214,203,203,197,6,https://pemilu2019.kpu.go.id/img/c/900/011/900011511/2-5641-1-C1-PPWP-X1.jpg,https://pemilu2019.kpu.go.id/img/c/900/011/900011511/2-5641-1-C1-PPWP-X2.jpg
1546356345641900011512,ACEH,NAGAN RAYA,SUKA MAKMUE,COT KUTA,TPS 2,2019-10-25 05:00:03,8,184,213,195,195,192,3,https://pemilu2019.kpu.go.id/img/c/900/011/900011512/2-5641-2-C1-PPWP-X1.jpg,https://pemilu2019.kpu.go.id/img/c/900/011/900011512/2-5641-2-C1-PPWP-X2.jpg
1546356345641900011513,ACEH,NAGAN RAYA,SUKA MAKMUE,COT KUTA,TPS 3,2019-10-25 05:00:03,10,160,209,173,173,170,3,https://pemilu2019.kpu.go.id/img/c/900/011/900011513/1-5641-3-C1-PPWP-X1.jpg,https://pemilu2019.kpu.go.id/img/c/900/011/900011513/1-5641-3-C1-PPWP-X2.jpg
1546356345643900011516,ACEH,NAGAN RAYA,SUKA MAKMUE,COT PEURADI,TPS 1,2019-10-25 05:00:03,20,174,226,203,203,194,9,https://pemilu2019.kpu.go.id/img/c/900/011/900011516/2-5643-1-C1-PPWP-01.jpg,https://pemilu2019.kpu.go.id/img/c/900/011/900011516/2-5643-1-C1-PPWP-02.jpg
1546356345643900011517,ACEH,NAGAN RAYA,SUKA MAKMUE,COT PEURADI,TPS 2,2019-10-25 05:00:03,25,162,213,192,192,187,5,https://pemilu2019.kpu.go.id/img/c/900/011/900011517/5643-2-C1-PPWP-X1.jpg,https://pemilu2019.kpu.go.id/img/c/900/011/900011517/5643-2-C1-PPWP-X2.jpg
1546356345646900011521,ACEH,NAGAN RAYA,SUKA MAKMUE,GAMPONG TEUNGOH,TPS 1,2019-10-25 05:00:03,23,103,146,129,129,126,3,https://pemilu2019.kpu.go.id/img/c/900/011/900011521/5646-1-C1-PPWP-X1.jpg,https://pemilu2019.kpu.go.id/img/c/900/011/900011521/5646-1-C1-PPWP-X2.jpg
1546356345646900011522,ACEH,NAGAN RAYA,SUKA MAKMUE,GAMPONG TEUNGOH,TPS 2,2019-10-25 05:00:03,24,95,143,124,124,119,5,https://pemilu2019.kpu.go.id/img/c/900/011/900011522/5646-2-C1-PPWP-X1.jpg,https://pemilu2019.kpu.go.id/img/c/900/011/900011522/5646-2-C1-PPWP-X2.jpg
1546356345642900011514,ACEH,NAGAN RAYA,SUKA MAKMUE,KABU BLANG SAPEK,TPS 1,2019-10-25 05:00:03,34,163,204,0,204,197,7,https://pemilu2019.kpu.go.id/img/c/900/011/900011514/5642-1-C1-PPWP-X1.jpg,https://pemilu2019.kpu.go.id/img/c/900/011/900011514/5642-1-C1-PPWP-X2.jpg
1546356345642900011515,ACEH,NAGAN RAYA,SUKA MAKMUE,KABU BLANG SAPEK,TPS 2,2019-10-25 05:00:03,15,160,198,181,181,175,6,https://pemilu2019.kpu.go.id/img/c/900/011/900011515/5642-2-C1-PPWP-X1.jpg,https://pemilu2019.kpu.go.id/img/c/900/011/900011515/5642-2-C1-PPWP-X2.jpg
1546356345649900011525,ACEH,NAGAN RAYA,SUKA MAKMUE,KRAK TAMPAI,TPS 1,2019-10-25 05:00:03,11,174,203,186,186,185,1,https://pemilu2019.kpu.go.id/img/c/900/011/900011525/5649-1-C1-PPWP-X1.jpg,https://pemilu2019.kpu.go.id/img/c/900/011/900011525/5649-1-C1-PPWP-X2.jpg
1546356345649900011526,ACEH,NAGAN RAYA,SUKA MAKMUE,KRAK TAMPAI,TPS 2,2019-10-25 05:00:03,20,157,195,178,0,177,178,https://pemilu2019.kpu.go.id/img/c/900/011/900011526/5649-2-C1-PPWP-X1.jpg,https://pemilu2019.kpu.go.id/img/c/900/011/900011526/5649-2-C1-PPWP-X2.jpg
1546356345651900011528,ACEH,NAGAN RAYA,SUKA MAKMUE,KUTA BARO BLANG MULING,TPS 1,2019-10-25 05:00:03,8,118,143,129,129,126,3,https://pemilu2019.kpu.go.id/img/c/900/011/900011528/5651-1-C1-PPWP-X1.jpg,https://pemilu2019.kpu.go.id/img/c/900/011/900011528/5651-1-C1-PPWP-X2.jpg
1546356345637900011503,ACEH,NAGAN RAYA,SUKA MAKMUE,KUTA PADANG,TPS 1,2019-10-25 05:00:03,9,156,185,0,171,165,6,https://pemilu2019.kpu.go.id/img/c/900/011/900011503/5637-1-C1-PPWP-X1.jpg,https://pemilu2019.kpu.go.id/img/c/900/011/900011503/5637-1-C1-PPWP-X2.jpg
1546356345637900011504,ACEH,NAGAN RAYA,SUKA MAKMUE,KUTA PADANG,TPS 2,2019-10-25 05:00:03,8,169,183,177,177,177,0,https://pemilu2019.kpu.go.id/img/c/900/011/900011504/5637-2-C1-PPWP-X1.jpg,https://pemilu2019.kpu.go.id/img/c/900/011/900011504/5637-2-C1-PPWP-X2.jpg
1546356345645900011520,ACEH,NAGAN RAYA,SUKA MAKMUE,LHOK BEUTONG,TPS 1,2019-10-25 05:00:03,7,70,79,79,79,77,2,https://pemilu2019.kpu.go.id/img/c/900/011/900011520/5645-1-C1-PPWP-X1.jpg,https://pemilu2019.kpu.go.id/img/c/900/011/900011520/5645-1-C1-PPWP-X2.jpg
1546356345647900011523,ACEH,NAGAN RAYA,SUKA MAKMUE,LHOK RAMEUAN,TPS 1,2019-10-25 05:00:03,15,211,244,237,237,226,11,https://pemilu2019.kpu.go.id/img/c/900/011/900011523/5647-1-C1-PPWP-X1.jpg,https://pemilu2019.kpu.go.id/img/c/900/011/900011523/5647-1-C1-PPWP-X2.jpg
1546356345635900011495,ACEH,NAGAN RAYA,SUKA MAKMUE,LUENG BARO,TPS 1,2019-10-25 05:00:03,9,130,143,168,143,139,4,https://pemilu2019.kpu.go.id/img/c/900/011/900011495/2-5635-1-C1-PPWP-X1.jpg,https://pemilu2019.kpu.go.id/img/c/900/011/900011495/2-5635-1-C1-PPWP-X2.jpg
1546356345635900011496,ACEH,NAGAN RAYA,SUKA MAKMUE,LUENG BARO,TPS 2,2019-10-25 05:00:03,16,164,209,189,9,180,9,https://pemilu2019.kpu.go.id/img/c/900/011/900011496/2-5635-2-C1-PPWP-X1.jpg,https://pemilu2019.kpu.go.id/img/c/900/011/900011496/2-5635-2-C1-PPWP-X2.jpg
1546356345635900011497,ACEH,NAGAN RAYA,SUKA MAKMUE,LUENG BARO,TPS 3,2019-10-25 05:00:03,7,173,206,190,190,180,10,https://pemilu2019.kpu.go.id/img/c/900/011/900011497/5635-3-C1-PPWP-X1.jpg,https://pemilu2019.kpu.go.id/img/c/900/011/900011497/5635-3-C1-PPWP-X2.jpg
1546356345635900011498,ACEH,NAGAN RAYA,SUKA MAKMUE,LUENG BARO,TPS 4,2019-10-25 05:00:03,12,167,210,181,181,179,2,https://pemilu2019.kpu.go.id/img/c/900/011/900011498/4-5635-4-C1-PPWP-X1.jpg,https://pemilu2019.kpu.go.id/img/c/900/011/900011498/4-5635-4-C1-PPWP-X2.jpg
1546356345635900011499,ACEH,NAGAN RAYA,SUKA MAKMUE,LUENG BARO,TPS 5,2019-10-25 05:00:03,9,178,240,194,194,187,7,https://pemilu2019.kpu.go.id/img/c/900/011/900011499/1-5635-5-C1-PPWP-X1.jpg,https://pemilu2019.kpu.go.id/img/c/900/011/900011499/1-5635-5-C1-PPWP-X2.jpg
1546356345635900011500,ACEH,NAGAN RAYA,SUKA MAKMUE,LUENG BARO,TPS 6,2019-10-25 05:00:03,4,148,198,155,155,152,3,https://pemilu2019.kpu.go.id/img/c/900/011/900011500/1-5635-6-C1-PPWP-X1.jpg,https://pemilu2019.kpu.go.id/img/c/900/011/900011500/1-5635-6-C1-PPWP-X2.jpg
1546356345639900011509,ACEH,NAGAN RAYA,SUKA MAKMUE,MACAH,TPS 1,2019-10-25 05:00:03,17,222,262,262,247,239,8,https://pemilu2019.kpu.go.id/img/c/900/011/900011509/5639-1-C1-PPWP-X1.jpg,https://pemilu2019.kpu.go.id/img/c/900/011/900011509/5639-1-C1-PPWP-X2.jpg
1546356345650900011527,ACEH,NAGAN RAYA,SUKA MAKMUE,MEUREUBO,TPS 1,2019-10-25 05:00:03,23,201,239,225,225,224,1,https://pemilu2019.kpu.go.id/img/c/900/011/900011527/5650-1-C1-PPWP-X1.jpg,https://pemilu2019.kpu.go.id/img/c/900/011/900011527/5650-1-C1-PPWP-X2.jpg
1546356345640900011510,ACEH,NAGAN RAYA,SUKA MAKMUE,SEUMAMBEK,TPS 1,2019-10-25 05:00:03,10,91,102,102,102,101,1,https://pemilu2019.kpu.go.id/img/c/900/011/900011510/5640-1-C1-PPWP-X1.jpg,https://pemilu2019.kpu.go.id/img/c/900/011/900011510/5640-1-C1-PPWP-X2.jpg
1546356345638900011505,ACEH,NAGAN RAYA,SUKA MAKMUE,SUAK BILIE,TPS 1,2019-10-25 05:00:03,4,175,206,180,180,179,1,https://pemilu2019.kpu.go.id/img/c/900/011/900011505/5638-1-C1-PPWP-X1.jpg,https://pemilu2019.kpu.go.id/img/c/900/011/900011505/5638-1-C1-PPWP-X2.jpg
1546356345638900011506,ACEH,NAGAN RAYA,SUKA MAKMUE,SUAK BILIE,TPS 2,2019-10-25 05:00:03,15,182,226,203,203,197,6,https://pemilu2019.kpu.go.id/img/c/900/011/900011506/5638-2-C1-PPWP-X1.jpg,https://pemilu2019.kpu.go.id/img/c/900/011/900011506/5638-2-C1-PPWP-X2.jpg
1546356345638900011507,ACEH,NAGAN RAYA,SUKA MAKMUE,SUAK BILIE,TPS 3,2019-10-25 05:00:03,5,177,201,186,186,182,4,https://pemilu2019.kpu.go.id/img/c/900/011/900011507/5638-3-C1-PPWP-X1.jpg,https://pemilu2019.kpu.go.id/img/c/900/011/900011507/5638-3-C1-PPWP-X2.jpg
1546356345638900011508,ACEH,NAGAN RAYA,SUKA MAKMUE,SUAK BILIE,TPS 4,2019-10-25 05:00:03,6,167,201,180,180,173,7,https://pemilu2019.kpu.go.id/img/c/900/011/900011508/5638-4-C1-PPWP-X1.jpg,https://pemilu2019.kpu.go.id/img/c/900/011/900011508/5638-4-C1-PPWP-X2.jpg
1546356715672900011586,ACEH,NAGAN RAYA,TADU RAYA,ALUE BATA,TPS 1,2019-10-25 05:00:03,17,167,257,188,188,184,4,https://pemilu2019.kpu.go.id/img/c/900/011/900011586/5672-1-C1-PPWP-X1.jpg,https://pemilu2019.kpu.go.id/img/c/900/011/900011586/5672-1-C1-PPWP-X2.jpg
1546356715672900011587,ACEH,NAGAN RAYA,TADU RAYA,ALUE BATA,TPS 2,2019-10-25 05:00:03,16,172,241,195,195,188,7,https://pemilu2019.kpu.go.id/img/c/900/011/900011587/5672-2-C1-PPWP-X1.jpg,https://pemilu2019.kpu.go.id/img/c/900/011/900011587/5672-2-C1-PPWP-X2.jpg
1546356715672900011588,ACEH,NAGAN RAYA,TADU RAYA,ALUE BATA,TPS 3,2019-10-25 05:00:03,33,146,245,182,182,179,3,https://pemilu2019.kpu.go.id/img/c/900/011/900011588/5672-3-C1-PPWP-X1.jpg,https://pemilu2019.kpu.go.id/img/c/900/011/900011588/5672-3-C1-PPWP-X2.jpg
1546356715672900011589,ACEH,NAGAN RAYA,TADU RAYA,ALUE BATA,TPS 4,2019-10-25 05:00:03,36,141,249,184,184,177,7,https://pemilu2019.kpu.go.id/img/c/900/011/900011589/5672-4-C1-PPWP-X1.jpg,https://pemilu2019.kpu.go.id/img/c/900/011/900011589/5672-4-C1-PPWP-X2.jpg
1546356715689900011628,ACEH,NAGAN RAYA,TADU RAYA,ALUE GAJAH,TPS 1,2019-10-25 05:00:03,9,66,87,79,79,75,4,https://pemilu2019.kpu.go.id/img/c/900/011/900011628/5689-1-C1-PPWP-X1.jpg,https://pemilu2019.kpu.go.id/img/c/900/011/900011628/5689-1-C1-PPWP-X2.jpg
1546356715690900011629,ACEH,NAGAN RAYA,TADU RAYA,ALUE LABU,TPS 1,2019-10-25 05:00:03,10,93,112,104,104,103,1,https://pemilu2019.kpu.go.id/img/c/900/011/900011629/5690-1-C1-PPWP-X1.jpg,https://pemilu2019.kpu.go.id/img/c/900/011/900011629/5690-1-C1-PPWP-X2.jpg
1546356715687900011621,ACEH,NAGAN RAYA,TADU RAYA,ALUE SEUPEUNG,TPS 1,2019-10-25 05:00:03,32,194,269,228,228,226,2,https://pemilu2019.kpu.go.id/img/c/900/011/900011621/1-5687-1-C1-PPWP-X1.jpg,https://pemilu2019.kpu.go.id/img/c/900/011/900011621/1-5687-1-C1-PPWP-X2.jpg
1546356715679900011599,ACEH,NAGAN RAYA,TADU RAYA,ALUE SIRON,TPS 1,2019-10-25 05:00:03,27,169,224,203,203,196,7,https://pemilu2019.kpu.go.id/img/c/900/011/900011599/1-5679-1-C1-PPWP-X1.jpg,https://pemilu2019.kpu.go.id/img/c/900/011/900011599/1-5679-1-C1-PPWP-X2.jpg
1546356715682900011605,ACEH,NAGAN RAYA,TADU RAYA,BABAH DUA,TPS 1,2019-10-25 05:00:03,12,140,200,153,153,152,1,https://pemilu2019.kpu.go.id/img/c/900/011/900011605/5682-1-C1-PPWP-X1.jpg,https://pemilu2019.kpu.go.id/img/c/900/011/900011605/5682-1-C1-PPWP-X2.jpg
1546356715682900011606,ACEH,NAGAN RAYA,TADU RAYA,BABAH DUA,TPS 2,2019-10-25 05:00:03,13,133,205,151,151,146,5,https://pemilu2019.kpu.go.id/img/c/900/011/900011606/5682-2-C1-PPWP-X1.jpg,https://pemilu2019.kpu.go.id/img/c/900/011/900011606/5682-2-C1-PPWP-X2.jpg
1546356715682900011607,ACEH,NAGAN RAYA,TADU RAYA,BABAH DUA,TPS 3,2019-10-25 05:00:03,13,137,205,156,156,150,6,https://pemilu2019.kpu.go.id/img/c/900/011/900011607/5682-3-C1-PPWP-X1.jpg,https://pemilu2019.kpu.go.id/img/c/900/011/900011607/5682-3-C1-PPWP-X2.jpg
1546356715682900011608,ACEH,NAGAN RAYA,TADU RAYA,BABAH DUA,TPS 4,2019-10-25 05:00:03,14,115,193,131,131,129,2,https://pemilu2019.kpu.go.id/img/c/900/011/900011608/5682-4-C1-PPWP-X1.jpg,https://pemilu2019.kpu.go.id/img/c/900/011/900011608/5682-4-C1-PPWP-X2.jpg
1546356715682900011609,ACEH,NAGAN RAYA,TADU RAYA,BABAH DUA,TPS 5,2019-10-25 05:00:03,12,111,196,128,128,123,5,https://pemilu2019.kpu.go.id/img/c/900/011/900011609/5682-5-C1-PPWP-X1.jpg,https://pemilu2019.kpu.go.id/img/c/900/011/900011609/5682-5-C1-PPWP-X2.jpg
1546356715681900011602,ACEH,NAGAN RAYA,TADU RAYA,BABAH ROT,TPS 1,2019-10-25 05:00:03,26,126,208,155,155,152,3,https://pemilu2019.kpu.go.id/img/c/900/011/900011602/5681-1-C1-PPWP-X1.jpg,https://pemilu2019.kpu.go.id/img/c/900/011/900011602/5681-1-C1-PPWP-X2.jpg
1546356715681900011603,ACEH,NAGAN RAYA,TADU RAYA,BABAH ROT,TPS 2,2019-10-25 05:00:03,27,113,197,146,146,140,6,https://pemilu2019.kpu.go.id/img/c/900/011/900011603/5681-2-C1-PPWP-X1.jpg,https://pemilu2019.kpu.go.id/img/c/900/011/900011603/5681-2-C1-PPWP-X2.jpg
1546356715681900011604,ACEH,NAGAN RAYA,TADU RAYA,BABAH ROT,TPS 3,2019-10-25 05:00:03,27,97,206,125,125,124,1,https://pemilu2019.kpu.go.id/img/c/900/011/900011604/5681-3-C1-PPWP-X1.jpg,https://pemilu2019.kpu.go.id/img/c/900/011/900011604/5681-3-C1-PPWP-X2.jpg
1546356715683900011610,ACEH,NAGAN RAYA,TADU RAYA,BATU RAJA,TPS 1,2019-10-25 05:00:03,50,137,212,191,191,187,4,https://pemilu2019.kpu.go.id/img/c/900/011/900011610/5683-1-C1-PPWP-X1.jpg,https://pemilu2019.kpu.go.id/img/c/900/011/900011610/5683-1-C1-PPWP-X2.jpg
1546356715683900011611,ACEH,NAGAN RAYA,TADU RAYA,BATU RAJA,TPS 2,2019-10-25 05:00:03,43,155,222,201,201,198,3,https://pemilu2019.kpu.go.id/img/c/900/011/900011611/5683-2-C1-PPWP-X1.jpg,https://pemilu2019.kpu.go.id/img/c/900/011/900011611/5683-2-C1-PPWP-X2.jpg
1546356715693900011633,ACEH,NAGAN RAYA,TADU RAYA,COT MEE,TPS 1,2019-10-25 05:00:03,27,130,200,184,204,167,37,https://pemilu2019.kpu.go.id/img/c/900/011/900011633/5693-1-C1-PPWP-X1.jpg,https://pemilu2019.kpu.go.id/img/c/900/011/900011633/5693-1-C1-PPWP-X2.jpg
1546356715693900011634,ACEH,NAGAN RAYA,TADU RAYA,COT MEE,TPS 2,2019-10-25 05:00:03,22,152,213,188,189,174,15,https://pemilu2019.kpu.go.id/img/c/900/011/900011634/5693-2-C1-PPWP-X1.jpg,https://pemilu2019.kpu.go.id/img/c/900/011/900011634/5693-2-C1-PPWP-X2.jpg
1546356715693900011635,ACEH,NAGAN RAYA,TADU RAYA,COT MEE,TPS 3,2019-10-25 05:00:03,17,143,195,195,164,160,4,https://pemilu2019.kpu.go.id/img/c/900/011/900011635/5693-3-C1-PPWP-X1.jpg,https://pemilu2019.kpu.go.id/img/c/900/011/900011635/5693-3-C1-PPWP-X2.jpg
1546356715693900011636,ACEH,NAGAN RAYA,TADU RAYA,COT MEE,TPS 4,2019-10-25 05:00:03,39,107,191,191,154,146,8,https://pemilu2019.kpu.go.id/img/c/900/011/900011636/5693-4-C1-PPWP-X1.jpg,https://pemilu2019.kpu.go.id/img/c/900/011/900011636/5693-4-C1-PPWP-X2.jpg
1546356715680900011600,ACEH,NAGAN RAYA,TADU RAYA,COT MUE,TPS 1,2019-10-25 05:00:03,20,130,169,153,153,150,3,https://pemilu2019.kpu.go.id/img/c/900/011/900011600/2-5680-1-C1-PPWP-X1.jpg,https://pemilu2019.kpu.go.id/img/c/900/011/900011600/2-5680-1-C1-PPWP-X2.jpg
1546356715680900011601,ACEH,NAGAN RAYA,TADU RAYA,COT MUE,TPS 2,2019-10-25 05:00:03,28,115,176,146,146,143,3,https://pemilu2019.kpu.go.id/img/c/900/011/900011601/5680-2-C1-PPWP-X1.jpg,https://pemilu2019.kpu.go.id/img/c/900/011/900011601/5680-2-C1-PPWP-X2.jpg
1546356715691900011630,ACEH,NAGAN RAYA,TADU RAYA,GAPA GARU,TPS 1,2019-10-25 05:00:03,13,144,168,164,164,157,7,https://pemilu2019.kpu.go.id/img/c/900/011/900011630/5691-1-C1-PPWP-X1.jpg,https://pemilu2019.kpu.go.id/img/c/900/011/900011630/5691-1-C1-PPWP-X2.jpg
1546356715676900011593,ACEH,NAGAN RAYA,TADU RAYA,GUNONG GEULUGO,TPS 1,2019-10-25 05:00:03,15,231,264,248,248,246,2,https://pemilu2019.kpu.go.id/img/c/900/011/900011593/5676-1-C1-PPWP-X1.jpg,https://pemilu2019.kpu.go.id/img/c/900/011/900011593/5676-1-C1-PPWP-X2.jpg
1546356715677900011594,ACEH,NAGAN RAYA,TADU RAYA,GUNONG KUPOK,TPS 1,2019-10-25 05:00:03,18,156,184,177,177,174,3,https://pemilu2019.kpu.go.id/img/c/900/011/900011594/5677-1-C1-PPWP-X1.jpg,https://pemilu2019.kpu.go.id/img/c/900/011/900011594/5677-1-C1-PPWP-X2.jpg
1546356715678900011595,ACEH,NAGAN RAYA,TADU RAYA,GUNONG PUNGKI,TPS 1,2019-10-25 05:00:03,16,203,273,221,221,219,2,https://pemilu2019.kpu.go.id/img/c/900/011/900011595/5678-1-C1-PPWP-X1.jpg,https://pemilu2019.kpu.go.id/img/c/900/011/900011595/5678-1-C1-PPWP-X2.jpg
1546356715678900011596,ACEH,NAGAN RAYA,TADU RAYA,GUNONG PUNGKI,TPS 2,2019-10-25 05:00:03,19,169,272,188,188,188,0,https://pemilu2019.kpu.go.id/img/c/900/011/900011596/5678-2-C1-PPWP-X1.jpg,https://pemilu2019.kpu.go.id/img/c/900/011/900011596/5678-2-C1-PPWP-X2.jpg
1546356715678900011597,ACEH,NAGAN RAYA,TADU RAYA,GUNONG PUNGKI,TPS 3,2019-10-25 05:00:03,15,187,319,202,202,197,5,https://pemilu2019.kpu.go.id/img/c/900/011/900011597/5678-3-C1-PPWP-X1.jpg,https://pemilu2019.kpu.go.id/img/c/900/011/900011597/5678-3-C1-PPWP-X2.jpg
1546356715678900011598,ACEH,NAGAN RAYA,TADU RAYA,GUNONG PUNGKI,TPS 4,2019-10-25 05:00:03,23,140,282,169,169,163,6,https://pemilu2019.kpu.go.id/img/c/900/011/900011598/1-5678-4-C1-PPWP-X1.jpg,https://pemilu2019.kpu.go.id/img/c/900/011/900011598/1-5678-4-C1-PPWP-X2.jpg
1546356715673900011590,ACEH,NAGAN RAYA,TADU RAYA,GUNONG SAPEK,TPS 1,2019-10-25 05:00:03,7,129,152,144,142,136,6,https://pemilu2019.kpu.go.id/img/c/900/011/900011590/5673-1-C1-PPWP-X1.jpg,https://pemilu2019.kpu.go.id/img/c/900/011/900011590/5673-1-C1-PPWP-X2.jpg
1546356715688900011622,ACEH,NAGAN RAYA,TADU RAYA,KRUENG ITAM,TPS 1,2019-10-25 05:00:03,51,102,251,156,156,153,3,https://pemilu2019.kpu.go.id/img/c/900/011/900011622/5688-1-C1-PPWP-X1.jpg,https://pemilu2019.kpu.go.id/img/c/900/011/900011622/5688-1-C1-PPWP-X2.jpg
1546356715688900011623,ACEH,NAGAN RAYA,TADU RAYA,KRUENG ITAM,TPS 2,2019-10-25 05:00:03,46,123,245,173,173,169,4,https://pemilu2019.kpu.go.id/img/c/900/011/900011623/5688-2-C1-PPWP-X1.jpg,https://pemilu2019.kpu.go.id/img/c/900/011/900011623/5688-2-C1-PPWP-X2.jpg
1546356715688900011624,ACEH,NAGAN RAYA,TADU RAYA,KRUENG ITAM,TPS 3,2019-10-25 05:00:03,30,111,241,146,146,141,5,https://pemilu2019.kpu.go.id/img/c/900/011/900011624/5688-3-C1-PPWP-X1.jpg,https://pemilu2019.kpu.go.id/img/c/900/011/900011624/5688-3-C1-PPWP-X2.jpg
1546356715688900011625,ACEH,NAGAN RAYA,TADU RAYA,KRUENG ITAM,TPS 4,2019-10-25 05:00:03,37,111,233,153,153,148,5,https://pemilu2019.kpu.go.id/img/c/900/011/900011625/5688-4-C1-PPWP-X1.jpg,https://pemilu2019.kpu.go.id/img/c/900/011/900011625/5688-4-C1-PPWP-X2.jpg
1546356715688900011626,ACEH,NAGAN RAYA,TADU RAYA,KRUENG ITAM,TPS 5,2019-10-25 05:00:03,55,142,257,200,200,197,3,https://pemilu2019.kpu.go.id/img/c/900/011/900011626/5688-5-C1-PPWP-X1.jpg,https://pemilu2019.kpu.go.id/img/c/900/011/900011626/5688-5-C1-PPWP-X2.jpg
1546356715688900011627,ACEH,NAGAN RAYA,TADU RAYA,KRUENG ITAM,TPS 6,2019-10-25 05:00:03,44,135,236,184,184,179,5,https://pemilu2019.kpu.go.id/img/c/900/011/900011627/5688-6-C1-PPWP-X1.jpg,https://pemilu2019.kpu.go.id/img/c/900/011/900011627/5688-6-C1-PPWP-X2.jpg
1546356715692900011631,ACEH,NAGAN RAYA,TADU RAYA,KUALA TADU,TPS 1,2019-10-25 05:00:03,27,204,261,238,238,231,7,https://pemilu2019.kpu.go.id/img/c/900/011/900011631/5692-1-C1-PPWP-X1.jpg,https://pemilu2019.kpu.go.id/img/c/900/011/900011631/5692-1-C1-PPWP-X2.jpg
1546356715692900011632,ACEH,NAGAN RAYA,TADU RAYA,KUALA TADU,TPS 2,2019-10-25 05:00:03,35,212,275,247,247,247,0,https://pemilu2019.kpu.go.id/img/c/900/011/900011632/5692-2-C1-PPWP-X1.jpg,https://pemilu2019.kpu.go.id/img/c/900/011/900011632/5692-2-C1-PPWP-X2.jpg
1546356715675900011592,ACEH,NAGAN RAYA,TADU RAYA,PASIE LUAH,TPS 1,2019-10-25 05:00:03,20,170,201,190,190,190,0,https://pemilu2019.kpu.go.id/img/c/900/011/900011592/5675-1-C1-PPWP-X1.jpg,https://pemilu2019.kpu.go.id/img/c/900/011/900011592/5675-1-C1-PPWP-X2.jpg
1546356715686900011617,ACEH,NAGAN RAYA,TADU RAYA,RANTAU SELAMAT,TPS 1,2019-10-25 05:00:03,39,136,203,183,183,175,8,https://pemilu2019.kpu.go.id/img/c/900/011/900011617/2-5686-1-C1-PPWP-X1.jpg,https://pemilu2019.kpu.go.id/img/c/900/011/900011617/2-5686-1-C1-PPWP-X2.jpg
1546356715686900011618,ACEH,NAGAN RAYA,TADU RAYA,RANTAU SELAMAT,TPS 2,2019-10-25 05:00:03,39,162,223,204,204,201,3,https://pemilu2019.kpu.go.id/img/c/900/011/900011618/1-5686-2-C1-PPWP-X1.jpg,https://pemilu2019.kpu.go.id/img/c/900/011/900011618/1-5686-2-C1-PPWP-X2.jpg
1546356715686900011619,ACEH,NAGAN RAYA,TADU RAYA,RANTAU SELAMAT,TPS 3,2019-10-25 05:00:03,32,165,226,202,202,197,5,https://pemilu2019.kpu.go.id/img/c/900/011/900011619/1-5686-3-C1-PPWP-X1.jpg,https://pemilu2019.kpu.go.id/img/c/900/011/900011619/1-5686-3-C1-PPWP-X2.jpg
1546356715686900011620,ACEH,NAGAN RAYA,TADU RAYA,RANTAU SELAMAT,TPS 4,2019-10-25 05:00:03,33,148,218,186,186,181,5,https://pemilu2019.kpu.go.id/img/c/900/011/900011620/3-5686-4-C1-PPWP-X1.jpg,https://pemilu2019.kpu.go.id/img/c/900/011/900011620/3-5686-4-C1-PPWP-X2.jpg
1546356715674900011591,ACEH,NAGAN RAYA,TADU RAYA,SARAH MANTOK,TPS 1,2019-10-25 05:00:03,9,84,106,95,95,93,2,https://pemilu2019.kpu.go.id/img/c/900/011/900011591/5674-1-C1-PPWP-X1.jpg,https://pemilu2019.kpu.go.id/img/c/900/011/900011591/5674-1-C1-PPWP-X2.jpg
1546356715684900011612,ACEH,NAGAN RAYA,TADU RAYA,SIMPANG JAYA,TPS 1,2019-10-25 05:00:03,16,123,160,139,139,139,0,https://pemilu2019.kpu.go.id/img/c/900/011/900011612/5684-1-C1-PPWP-X1.jpg,https://pemilu2019.kpu.go.id/img/c/900/011/900011612/5684-1-C1-PPWP-X2.jpg
1546356715684900011613,ACEH,NAGAN RAYA,TADU RAYA,SIMPANG JAYA,TPS 2,2019-10-25 05:00:03,37,100,156,140,140,137,3,https://pemilu2019.kpu.go.id/img/c/900/011/900011613/5684-2-C1-PPWP-X1.jpg,https://pemilu2019.kpu.go.id/img/c/900/011/900011613/5684-2-C1-PPWP-X2.jpg
1546356715685900011614,ACEH,NAGAN RAYA,TADU RAYA,SUMBER DAYA,TPS 1,2019-10-25 05:00:03,69,92,215,171,171,161,10,https://pemilu2019.kpu.go.id/img/c/900/011/900011614/5685-1-C1-PPWP-X1.jpg,https://pemilu2019.kpu.go.id/img/c/900/011/900011614/5685-1-C1-PPWP-X2.jpg
1546356715685900011615,ACEH,NAGAN RAYA,TADU RAYA,SUMBER DAYA,TPS 2,2019-10-25 05:00:03,107,99,224,208,208,206,2,https://pemilu2019.kpu.go.id/img/c/900/011/900011615/5685-2-C1-PPWP-X1.jpg,https://pemilu2019.kpu.go.id/img/c/900/011/900011615/5685-2-C1-PPWP-X2.jpg
1546356715685900011616,ACEH,NAGAN RAYA,TADU RAYA,SUMBER DAYA,TPS 3,2019-10-25 05:00:03,77,101,221,191,191,178,13,https://pemilu2019.kpu.go.id/img/c/900/011/900011616/5685-3-C1-PPWP-X1.jpg,https://pemilu2019.kpu.go.id/img/c/900/011/900011616/5685-3-C1-PPWP-X2.jpg
15463834545583900011321,ACEH,NAGAN RAYA,TRIPA MAKMUR,BABAH LUENG,TPS 1,2019-10-25 05:00:03,7,134,0,145,146,141,4,https://pemilu2019.kpu.go.id/img/c/900/011/900011321/1-5583-1-C1-PPWP-X1.jpg,https://pemilu2019.kpu.go.id/img/c/900/011/900011321/1-5583-1-C1-PPWP-X2.jpg
15463834545583900011322,ACEH,NAGAN RAYA,TRIPA MAKMUR,BABAH LUENG,TPS 2,2019-10-25 05:00:03,7,122,195,132,132,129,3,https://pemilu2019.kpu.go.id/img/c/900/011/900011322/1-5583-2-C1-PPWP-X1.jpg,https://pemilu2019.kpu.go.id/img/c/900/011/900011322/1-5583-2-C1-PPWP-X2.jpg
15463834545583900011323,ACEH,NAGAN RAYA,TRIPA MAKMUR,BABAH LUENG,TPS 3,2019-10-25 05:00:03,11,150,215,162,162,161,1,https://pemilu2019.kpu.go.id/img/c/900/011/900011323/1-5583-3-C1-PPWP-X1.jpg,https://pemilu2019.kpu.go.id/img/c/900/011/900011323/1-5583-3-C1-PPWP-X2.jpg
15463834545583900011324,ACEH,NAGAN RAYA,TRIPA MAKMUR,BABAH LUENG,TPS 4,2019-10-25 05:00:03,8,140,213,149,149,148,1,https://pemilu2019.kpu.go.id/img/c/900/011/900011324/3-5583-4-C1-PPWP-X1.jpg,https://pemilu2019.kpu.go.id/img/c/900/011/900011324/3-5583-4-C1-PPWP-X2.jpg
15463834545584900011325,ACEH,NAGAN RAYA,TRIPA MAKMUR,DRIEN TUJOH,TPS 1,2019-10-25 05:00:03,16,183,250,204,204,199,5,https://pemilu2019.kpu.go.id/img/c/900/011/900011325/2-5584-1-C1-PPWP-X1.jpg,https://pemilu2019.kpu.go.id/img/c/900/011/900011325/2-5584-1-C1-PPWP-X2.jpg
15463834545584900011326,ACEH,NAGAN RAYA,TRIPA MAKMUR,DRIEN TUJOH,TPS 2,2019-10-25 05:00:03,11,197,268,222,222,208,14,https://pemilu2019.kpu.go.id/img/c/900/011/900011326/1-5584-2-C1-PPWP-X1.jpg,https://pemilu2019.kpu.go.id/img/c/900/011/900011326/1-5584-2-C1-PPWP-X2.jpg
15463834545584900011327,ACEH,NAGAN RAYA,TRIPA MAKMUR,DRIEN TUJOH,TPS 3,2019-10-25 05:00:03,18,178,251,207,207,196,11,https://pemilu2019.kpu.go.id/img/c/900/011/900011327/1-5584-3-C1-PPWP-X1.jpg,https://pemilu2019.kpu.go.id/img/c/900/011/900011327/1-5584-3-C1-PPWP-X2.jpg
15463834545586900011328,ACEH,NAGAN RAYA,TRIPA MAKMUR,KABU,TPS 1,2019-10-25 05:00:03,18,121,218,152,152,139,13,https://pemilu2019.kpu.go.id/img/c/900/011/900011328/1-5586-1-C1-PPWP-X1.jpg,https://pemilu2019.kpu.go.id/img/c/900/011/900011328/1-5586-1-C1-PPWP-X2.jpg
15463834545586900011329,ACEH,NAGAN RAYA,TRIPA MAKMUR,KABU,TPS 2,2019-10-25 05:00:03,18,119,214,153,153,137,16,https://pemilu2019.kpu.go.id/img/c/900/011/900011329/1-5586-2-C1-PPWP-X1.jpg,https://pemilu2019.kpu.go.id/img/c/900/011/900011329/1-5586-2-C1-PPWP-X2.jpg
15463834545586900011330,ACEH,NAGAN RAYA,TRIPA MAKMUR,KABU,TPS 3,2019-10-25 05:00:03,5,155,205,166,166,160,6,https://pemilu2019.kpu.go.id/img/c/900/011/900011330/1-5586-3-C1-PPWP-X1.jpg,https://pemilu2019.kpu.go.id/img/c/900/011/900011330/1-5586-3-C1-PPWP-X2.jpg
15463834545586900011331,ACEH,NAGAN RAYA,TRIPA MAKMUR,KABU,TPS 4,2019-10-25 05:00:03,13,114,184,135,135,127,8,https://pemilu2019.kpu.go.id/img/c/900/011/900011331/1-5586-4-C1-PPWP-X1.jpg,https://pemilu2019.kpu.go.id/img/c/900/011/900011331/1-5586-4-C1-PPWP-X2.jpg
15463834545586900011332,ACEH,NAGAN RAYA,TRIPA MAKMUR,KABU,TPS 5,2019-10-25 05:00:03,15,107,187,129,129,122,7,https://pemilu2019.kpu.go.id/img/c/900/011/900011332/1-5586-5-C1-PPWP-X1.jpg,https://pemilu2019.kpu.go.id/img/c/900/011/900011332/1-5586-5-C1-PPWP-X2.jpg
15463834545582900011316,ACEH,NAGAN RAYA,TRIPA MAKMUR,KUALA TRIPA,TPS 1,2019-10-25 05:00:03,13,127,187,142,142,140,2,https://pemilu2019.kpu.go.id/img/c/900/011/900011316/1-5582-1-C1-PPWP-X1.jpg,https://pemilu2019.kpu.go.id/img/c/900/011/900011316/1-5582-1-C1-PPWP-X2.jpg
15463834545582900011317,ACEH,NAGAN RAYA,TRIPA MAKMUR,KUALA TRIPA,TPS 2,2019-10-25 05:00:03,9,152,193,164,164,161,3,https://pemilu2019.kpu.go.id/img/c/900/011/900011317/1-5582-2-C1-PPWP-X1.jpg,https://pemilu2019.kpu.go.id/img/c/900/011/900011317/1-5582-2-C1-PPWP-X2.jpg
15463834545582900011318,ACEH,NAGAN RAYA,TRIPA MAKMUR,KUALA TRIPA,TPS 3,2019-10-25 05:00:03,20,118,255,203,202,198,4,https://pemilu2019.kpu.go.id/img/c/900/011/900011318/1-5582-3-C1-PPWP-X1.jpg,https://pemilu2019.kpu.go.id/img/c/900/011/900011318/1-5582-3-C1-PPWP-X2.jpg
15463834545582900011319,ACEH,NAGAN RAYA,TRIPA MAKMUR,KUALA TRIPA,TPS 4,2019-10-25 05:00:03,25,145,201,176,175,170,5,https://pemilu2019.kpu.go.id/img/c/900/011/900011319/1-5582-4-C1-PPWP-01.jpg,https://pemilu2019.kpu.go.id/img/c/900/011/900011319/1-5582-4-C1-PPWP-X2.jpg
15463834545582900011320,ACEH,NAGAN RAYA,TRIPA MAKMUR,KUALA TRIPA,TPS 5,2019-10-25 05:00:03,2,134,194,160,160,156,4,https://pemilu2019.kpu.go.id/img/c/900/011/900011320/1-5582-5-C1-PPWP-X1.jpg,https://pemilu2019.kpu.go.id/img/c/900/011/900011320/1-5582-5-C1-PPWP-X2.jpg
154638345487566900789052,ACEH,NAGAN RAYA,TRIPA MAKMUR,LUENG KEUBE JAGAT,TPS 1,2019-10-25 05:00:03,5,170,244,175,175,175,0,https://pemilu2019.kpu.go.id/img/c/900/789/900789052/1-87566-1-C1-PPWP-X1.jpg,https://pemilu2019.kpu.go.id/img/c/900/789/900789052/1-87566-1-C1-PPWP-X2.jpg
154638345487566900789053,ACEH,NAGAN RAYA,TRIPA MAKMUR,LUENG KEUBE JAGAT,TPS 2,2019-10-25 05:00:03,19,158,239,179,179,177,2,https://pemilu2019.kpu.go.id/img/c/900/789/900789053/1-87566-2-C1-PPWP-X1.jpg,https://pemilu2019.kpu.go.id/img/c/900/789/900789053/1-87566-2-C1-PPWP-X2.jpg
154638345487566900789054,ACEH,NAGAN RAYA,TRIPA MAKMUR,LUENG KEUBE JAGAT,TPS 3,2019-10-25 05:00:03,0,150,229,161,158,158,0,https://pemilu2019.kpu.go.id/img/c/900/789/900789054/1-87566-3-C1-PPWP-X1.jpg,https://pemilu2019.kpu.go.id/img/c/900/789/900789054/1-87566-3-C1-PPWP-X2.jpg
154638345487566900789055,ACEH,NAGAN RAYA,TRIPA MAKMUR,LUENG KEUBE JAGAT,TPS 4,2019-10-25 05:00:03,5,159,259,169,169,164,5,https://pemilu2019.kpu.go.id/img/c/900/789/900789055/1-87566-4-C1-PPWP-X1.jpg,https://pemilu2019.kpu.go.id/img/c/900/789/900789055/1-87566-4-C1-PPWP-X2.jpg
154638345487566900789056,ACEH,NAGAN RAYA,TRIPA MAKMUR,LUENG KEUBE JAGAT,TPS 5,2019-10-25 05:00:03,16,179,243,195,195,195,0,https://pemilu2019.kpu.go.id/img/c/900/789/900789056/1-87566-5-C1-PPWP-X1.jpg,https://pemilu2019.kpu.go.id/img/c/900/789/900789056/1-87566-5-C1-PPWP-X2.jpg
154638345487566900789057,ACEH,NAGAN RAYA,TRIPA MAKMUR,LUENG KEUBE JAGAT,TPS 6,2019-10-25 05:00:03,7,133,259,142,142,140,2,https://pemilu2019.kpu.go.id/img/c/900/789/900789057/1-87566-6-C1-PPWP-X1.jpg,https://pemilu2019.kpu.go.id/img/c/900/789/900789057/1-87566-6-C1-PPWP-X2.jpg
15463834545590900011336,ACEH,NAGAN RAYA,TRIPA MAKMUR,MON DUA,TPS 1,2019-10-25 05:00:03,22,124,173,152,152,146,6,https://pemilu2019.kpu.go.id/img/c/900/011/900011336/1-5590-1-C1-PPWP-X1.jpg,https://pemilu2019.kpu.go.id/img/c/900/011/900011336/1-5590-1-C1-PPWP-X2.jpg
15463834545590900011337,ACEH,NAGAN RAYA,TRIPA MAKMUR,MON DUA,TPS 2,2019-10-25 05:00:03,12,133,167,151,151,145,6,https://pemilu2019.kpu.go.id/img/c/900/011/900011337/1-5590-2-C1-PPWP-X1.jpg,https://pemilu2019.kpu.go.id/img/c/900/011/900011337/1-5590-2-C1-PPWP-X2.jpg
15463834545588900011333,ACEH,NAGAN RAYA,TRIPA MAKMUR,NEUBOK YEE PK,TPS 1,2019-10-25 05:00:03,9,241,270,253,253,250,3,https://pemilu2019.kpu.go.id/img/c/900/011/900011333/1-5588-1-C1-PPWP-X1.jpg,https://pemilu2019.kpu.go.id/img/c/900/011/900011333/1-5588-1-C1-PPWP-X2.jpg
15463834545589900011334,ACEH,NAGAN RAYA,TRIPA MAKMUR,NEUBOK YEE PP,TPS 1,2019-10-25 05:00:03,2,129,143,132,132,131,1,https://pemilu2019.kpu.go.id/img/c/900/011/900011334/1-5589-1-C1-PPWP-X1.jpg,https://pemilu2019.kpu.go.id/img/c/900/011/900011334/1-5589-1-C1-PPWP-X2.jpg
15463834545589900011335,ACEH,NAGAN RAYA,TRIPA MAKMUR,NEUBOK YEE PP,TPS 2,2019-10-25 05:00:03,6,169,187,170,169,168,1,https://pemilu2019.kpu.go.id/img/c/900/011/900011335/1-5589-2-C1-PPWP-X1.jpg,https://pemilu2019.kpu.go.id/img/c/900/011/900011335/1-5589-2-C1-PPWP-X2.jpg
15463834545592900011340,ACEH,NAGAN RAYA,TRIPA MAKMUR,PANTON PANGE,TPS 1,2019-10-25 05:00:03,21,212,275,242,242,233,9,https://pemilu2019.kpu.go.id/img/c/900/011/900011340/1-5592-1-C1-PPWP-X1.jpg,https://pemilu2019.kpu.go.id/img/c/900/011/900011340/1-5592-1-C1-PPWP-X2.jpg
154638345487567900789058,ACEH,NAGAN RAYA,TRIPA MAKMUR,PASIE KEUBE DOM,TPS 1,2019-10-25 05:00:03,5,131,175,137,137,136,1,https://pemilu2019.kpu.go.id/img/c/900/789/900789058/1-87567-1-C1-PPWP-X1.jpg,https://pemilu2019.kpu.go.id/img/c/900/789/900789058/1-87567-1-C1-PPWP-X2.jpg
154638345487567900789059,ACEH,NAGAN RAYA,TRIPA MAKMUR,PASIE KEUBE DOM,TPS 2,2019-10-25 05:00:03,5,147,0,0,154,152,2,https://pemilu2019.kpu.go.id/img/c/900/789/900789059/1-87567-2-C1-PPWP-X1.jpg,https://pemilu2019.kpu.go.id/img/c/900/789/900789059/1-87567-2-C1-PPWP-X2.jpg
154638345487567900789060,ACEH,NAGAN RAYA,TRIPA MAKMUR,PASIE KEUBE DOM,TPS 3,2019-10-25 05:00:03,7,135,164,142,142,142,0,https://pemilu2019.kpu.go.id/img/c/900/789/900789060/1-87567-3-C1-PPWP-X1.jpg,https://pemilu2019.kpu.go.id/img/c/900/789/900789060/1-87567-3-C1-PPWP-X2.jpg
15463834545591900011338,ACEH,NAGAN RAYA,TRIPA MAKMUR,UJONG KRUENG,TPS 1,2019-10-25 05:00:03,6,125,154,131,131,131,0,https://pemilu2019.kpu.go.id/img/c/900/011/900011338/1-5591-1-C1-PPWP-X1.jpg,https://pemilu2019.kpu.go.id/img/c/900/011/900011338/1-5591-1-C1-PPWP-X2.jpg
15463834545591900011339,ACEH,NAGAN RAYA,TRIPA MAKMUR,UJONG KRUENG,TPS 2,2019-10-25 05:00:03,9,112,149,126,126,121,5,https://pemilu2019.kpu.go.id/img/c/900/011/900011339/1-5591-2-C1-PPWP-X1.jpg,https://pemilu2019.kpu.go.id/img/c/900/011/900011339/1-5591-2-C1-PPWP-X2.jpg
1245224532473900004989,ACEH,PIDIE,BATEE,ALUE LADA,TPS 1,2019-10-25 05:00:03,16,202,303,225,225,218,7,https://pemilu2019.kpu.go.id/img/c/900/004/900004989/1-2473-1-C-XXX-X5.jpg,https://pemilu2019.kpu.go.id/img/c/900/004/900004989/1-2473-1-C-XXX-X6.jpg
1245224532463900004970,ACEH,PIDIE,BATEE,ARON,TPS 1,2019-10-25 05:00:03,20,183,299,219,219,203,16,https://pemilu2019.kpu.go.id/img/c/900/004/900004970/1-2463-1-C-XXX-X5.jpg,https://pemilu2019.kpu.go.id/img/c/900/004/900004970/1-2463-1-C-XXX-X6.jpg
1245224532463900004971,ACEH,PIDIE,BATEE,ARON,TPS 2,2019-10-25 05:00:03,9,179,270,202,202,188,14,https://pemilu2019.kpu.go.id/img/c/900/004/900004971/1-2463-2-C-XXX-X5.jpg,https://pemilu2019.kpu.go.id/img/c/900/004/900004971/1-2463-2-C-XXX-X6.jpg
1245224532480900005010,ACEH,PIDIE,BATEE,AWEE,TPS 1,2019-10-25 05:00:03,10,188,247,206,206,198,8,https://pemilu2019.kpu.go.id/img/c/900/005/900005010/1-2480-1-C1-PPWP-01.jpg,https://pemilu2019.kpu.go.id/img/c/900/005/900005010/1-2480-1-C-XXX-X6.jpg
1245224532456900004955,ACEH,PIDIE,BATEE,BINTANG HU,TPS 1,2019-10-25 05:00:03,9,124,166,137,137,133,4,https://pemilu2019.kpu.go.id/img/c/900/004/900004955/2456-1-C1-PPWP-X1.jpg,https://pemilu2019.kpu.go.id/img/c/900/004/900004955/2456-1-C1-PPWP-X2.jpg
1245224532456900004956,ACEH,PIDIE,BATEE,BINTANG HU,TPS 2,2019-10-25 05:00:03,6,123,154,132,132,129,3,https://pemilu2019.kpu.go.id/img/c/900/004/900004956/1-2456-2-C-XXX-X5.jpg,https://pemilu2019.kpu.go.id/img/c/900/004/900004956/1-2456-2-C-XXX-X6.jpg
1245224532461900004967,ACEH,PIDIE,BATEE,CALONG CUT,TPS 1,2019-10-25 05:00:03,6,174,239,180,180,180,0,https://pemilu2019.kpu.go.id/img/c/900/004/900004967/1-2461-1-C-XXX-X5.jpg,https://pemilu2019.kpu.go.id/img/c/900/004/900004967/1-2461-1-C-XXX-X6.jpg
1245224532476900004995,ACEH,PIDIE,BATEE,CRUENG,TPS 1,2019-10-25 05:00:03,9,168,266,201,201,177,24,https://pemilu2019.kpu.go.id/img/c/900/004/900004995/1-2476-1-C-XXX-X5.jpg,https://pemilu2019.kpu.go.id/img/c/900/004/900004995/1-2476-1-C-XXX-X6.jpg
1245224532476900004996,ACEH,PIDIE,BATEE,CRUENG,TPS 2,2019-10-25 05:00:03,4,178,268,197,197,182,15,https://pemilu2019.kpu.go.id/img/c/900/004/900004996/1-2476-2-C-XXX-X5.jpg,https://pemilu2019.kpu.go.id/img/c/900/004/900004996/1-2476-2-C-XXX-X6.jpg
1245224532476900004997,ACEH,PIDIE,BATEE,CRUENG,TPS 3,2019-10-25 05:00:03,4,165,269,186,186,169,17,https://pemilu2019.kpu.go.id/img/c/900/004/900004997/1-2476-3-C-XXX-X5.jpg,https://pemilu2019.kpu.go.id/img/c/900/004/900004997/1-2476-3-C-XXX-X6.jpg
1245224532476900004998,ACEH,PIDIE,BATEE,CRUENG,TPS 4,2019-10-25 05:00:03,4,127,269,158,158,131,27,https://pemilu2019.kpu.go.id/img/c/900/004/900004998/1-2476-4-C-XXX-X5.jpg,https://pemilu2019.kpu.go.id/img/c/900/004/900004998/1-2476-4-C-XXX-X6.jpg
1245224532476900004999,ACEH,PIDIE,BATEE,CRUENG,TPS 5,2019-10-25 05:00:03,3,139,271,164,164,142,22,https://pemilu2019.kpu.go.id/img/c/900/004/900004999/1-2476-5-C-XXX-X5.jpg,https://pemilu2019.kpu.go.id/img/c/900/004/900004999/1-2476-5-C-XXX-X6.jpg
1245224532476900005000,ACEH,PIDIE,BATEE,CRUENG,TPS 6,2019-10-25 05:00:03,3,135,264,153,153,138,15,https://pemilu2019.kpu.go.id/img/c/900/005/900005000/1-2476-6-C-XXX-X5.jpg,https://pemilu2019.kpu.go.id/img/c/900/005/900005000/1-2476-6-C-XXX-X6.jpg
1245224532455900004953,ACEH,PIDIE,BATEE,DAYAH BAROH,TPS 1,2019-10-25 05:00:03,7,139,170,152,152,146,6,https://pemilu2019.kpu.go.id/img/c/900/004/900004953/1-2455-1-C-XXX-X5.jpg,https://pemilu2019.kpu.go.id/img/c/900/004/900004953/1-2455-1-C-XXX-X6.jpg
1245224532455900004954,ACEH,PIDIE,BATEE,DAYAH BAROH,TPS 2,2019-10-25 05:00:03,17,100,145,126,126,117,9,https://pemilu2019.kpu.go.id/img/c/900/004/900004954/1-2455-2-C-XXX-X5.jpg,https://pemilu2019.kpu.go.id/img/c/900/004/900004954/1-2455-2-C-XXX-X6.jpg
1245224532454900004952,ACEH,PIDIE,BATEE,DAYAH TUHA,TPS 1,2019-10-25 05:00:03,6,165,239,175,175,171,4,https://pemilu2019.kpu.go.id/img/c/900/004/900004952/1-2454-1-C-XXX-X5.jpg,https://pemilu2019.kpu.go.id/img/c/900/004/900004952/1-2454-1-C-XXX-X6.jpg
1245224532465900004974,ACEH,PIDIE,BATEE,DEYAH,TPS 1,2019-10-25 05:00:03,17,174,218,196,196,191,5,https://pemilu2019.kpu.go.id/img/c/900/004/900004974/1-2465-1-C-XXX-X5.jpg,https://pemilu2019.kpu.go.id/img/c/900/004/900004974/1-2465-1-C-XXX-X6.jpg
1245224532462900004968,ACEH,PIDIE,BATEE,GEULUMPANG LHEE,TPS 1,2019-10-25 05:00:03,21,199,241,230,230,220,10,https://pemilu2019.kpu.go.id/img/c/900/004/900004968/1-2462-1-C-XXX-X5.jpg,https://pemilu2019.kpu.go.id/img/c/900/004/900004968/1-2462-1-C-XXX-X6.jpg
1245224532462900004969,ACEH,PIDIE,BATEE,GEULUMPANG LHEE,TPS 2,2019-10-25 05:00:03,13,175,234,189,189,188,1,https://pemilu2019.kpu.go.id/img/c/900/004/900004969/1-2462-2-C-XXX-X5.jpg,https://pemilu2019.kpu.go.id/img/c/900/004/900004969/1-2462-2-C-XXX-X6.jpg
1245224532460900004964,ACEH,PIDIE,BATEE,GEUNTENG BARAT,TPS 1,2019-10-25 05:00:03,4,229,263,237,237,233,4,https://pemilu2019.kpu.go.id/img/c/900/004/900004964/1-2460-1-C-XXX-X5.jpg,https://pemilu2019.kpu.go.id/img/c/900/004/900004964/1-2460-1-C-XXX-X6.jpg
1245224532460900004965,ACEH,PIDIE,BATEE,GEUNTENG BARAT,TPS 2,2019-10-25 05:00:03,7,181,238,203,203,188,15,https://pemilu2019.kpu.go.id/img/c/900/004/900004965/1-2460-2-C1-PPWP-01.jpg,https://pemilu2019.kpu.go.id/img/c/900/004/900004965/1-2460-2-C-XXX-X6.jpg
1245224532460900004966,ACEH,PIDIE,BATEE,GEUNTENG BARAT,TPS 3,2019-10-25 05:00:03,7,167,228,187,187,174,13,https://pemilu2019.kpu.go.id/img/c/900/004/900004966/1-2460-3-C-XXX-X5.jpg,https://pemilu2019.kpu.go.id/img/c/900/004/900004966/1-2460-3-C-XXX-X6.jpg
1245224532459900004961,ACEH,PIDIE,BATEE,GEUNTENG TIMUR,TPS 1,2019-10-25 05:00:03,29,205,300,250,250,234,16,https://pemilu2019.kpu.go.id/img/c/900/004/900004961/1-2459-1-C-XXX-X5.jpg,https://pemilu2019.kpu.go.id/img/c/900/004/900004961/1-2459-1-C-XXX-X6.jpg
1245224532459900004962,ACEH,PIDIE,BATEE,GEUNTENG TIMUR,TPS 2,2019-10-25 05:00:03,14,180,216,216,216,194,22,https://pemilu2019.kpu.go.id/img/c/900/004/900004962/1-2459-2-C-XXX-X5.jpg,https://pemilu2019.kpu.go.id/img/c/900/004/900004962/1-2459-2-C-XXX-X6.jpg
1245224532459900004963,ACEH,PIDIE,BATEE,GEUNTENG TIMUR,TPS 3,2019-10-25 05:00:03,20,190,299,227,227,210,17,https://pemilu2019.kpu.go.id/img/c/900/004/900004963/1-2459-3-C-XXX-X5.jpg,https://pemilu2019.kpu.go.id/img/c/900/004/900004963/1-2459-3-C-XXX-X6.jpg
1245224532477900005001,ACEH,PIDIE,BATEE,KAREUNG,TPS 1,2019-10-25 05:00:03,4,196,290,214,214,200,14,https://pemilu2019.kpu.go.id/img/c/900/005/900005001/1-2477-1-C-XXX-X5.jpg,https://pemilu2019.kpu.go.id/img/c/900/005/900005001/1-2477-1-C-XXX-X6.jpg
1245224532477900005002,ACEH,PIDIE,BATEE,KAREUNG,TPS 2,2019-10-25 05:00:03,4,227,293,244,245,231,13,https://pemilu2019.kpu.go.id/img/c/900/005/900005002/1-2477-2-C-XXX-X5.jpg,https://pemilu2019.kpu.go.id/img/c/900/005/900005002/1-2477-2-C-XXX-X6.jpg
1245224532477900005003,ACEH,PIDIE,BATEE,KAREUNG,TPS 3,2019-10-25 05:00:03,21,194,301,227,227,215,12,https://pemilu2019.kpu.go.id/img/c/900/005/900005003/1-2477-3-C-XXX-X5.jpg,https://pemilu2019.kpu.go.id/img/c/900/005/900005003/1-2477-3-C-XXX-X6.jpg
1245224532479900005008,ACEH,PIDIE,BATEE,KULAM,TPS 1,2019-10-25 05:00:03,29,154,226,189,189,183,6,https://pemilu2019.kpu.go.id/img/c/900/005/900005008/1-2479-1-C1-PPWP-X1.jpg,https://pemilu2019.kpu.go.id/img/c/900/005/900005008/1-2479-1-C1-PPWP-X2.jpg
1245224532479900005009,ACEH,PIDIE,BATEE,KULAM,TPS 2,2019-10-25 05:00:03,11,135,197,171,171,146,25,https://pemilu2019.kpu.go.id/img/c/900/005/900005009/1-2479-2-C-XXX-X5.jpg,https://pemilu2019.kpu.go.id/img/c/900/005/900005009/1-2479-2-C-XXX-X6.jpg
1245224532478900005004,ACEH,PIDIE,BATEE,KULEE,TPS 1,2019-10-25 05:00:03,21,208,294,234,234,229,5,https://pemilu2019.kpu.go.id/img/c/900/005/900005004/1-2478-1-C-XXX-X5.jpg,https://pemilu2019.kpu.go.id/img/c/900/005/900005004/1-2478-1-C-XXX-X6.jpg
1245224532478900005005,ACEH,PIDIE,BATEE,KULEE,TPS 2,2019-10-25 05:00:03,26,219,297,260,260,245,15,https://pemilu2019.kpu.go.id/img/c/900/005/900005005/2-2478-2-C-XXX-X5.jpg,https://pemilu2019.kpu.go.id/img/c/900/005/900005005/2-2478-2-C-XXX-X6.jpg
1245224532478900005006,ACEH,PIDIE,BATEE,KULEE,TPS 3,2019-10-25 05:00:03,19,199,298,226,226,217,8,https://pemilu2019.kpu.go.id/img/c/900/005/900005006/1-2478-3-C-XXX-X5.jpg,https://pemilu2019.kpu.go.id/img/c/900/005/900005006/1-2478-3-C-XXX-X6.jpg
1245224532478900005007,ACEH,PIDIE,BATEE,KULEE,TPS 4,2019-10-25 05:00:03,20,181,288,206,211,201,10,https://pemilu2019.kpu.go.id/img/c/900/005/900005007/1-2478-4-C-XXX-X5.jpg,https://pemilu2019.kpu.go.id/img/c/900/005/900005007/1-2478-4-C-XXX-X6.jpg
1245224532470900004983,ACEH,PIDIE,BATEE,MEE,TPS 1,2019-10-25 05:00:03,15,163,228,184,184,178,6,https://pemilu2019.kpu.go.id/img/c/900/004/900004983/1-2470-1-C-XXX-X5.jpg,https://pemilu2019.kpu.go.id/img/c/900/004/900004983/1-2470-1-C-XXX-X6.jpg
1245224532470900004984,ACEH,PIDIE,BATEE,MEE,TPS 2,2019-10-25 05:00:03,17,177,237,203,203,194,9,https://pemilu2019.kpu.go.id/img/c/900/004/900004984/1-2470-2-C-XXX-X5.jpg,https://pemilu2019.kpu.go.id/img/c/900/004/900004984/1-2470-2-C-XXX-X6.jpg
1245224532466900004975,ACEH,PIDIE,BATEE,MESJID,TPS 1,2019-10-25 05:00:03,8,144,205,157,157,152,5,https://pemilu2019.kpu.go.id/img/c/900/004/900004975/1-2466-1-C-XXX-X5.jpg,https://pemilu2019.kpu.go.id/img/c/900/004/900004975/1-2466-1-C-XXX-X6.jpg
1245224532466900004976,ACEH,PIDIE,BATEE,MESJID,TPS 2,2019-10-25 05:00:03,8,131,180,144,144,139,5,https://pemilu2019.kpu.go.id/img/c/900/004/900004976/2-2466-2-C1-PPWP-X1.jpg,https://pemilu2019.kpu.go.id/img/c/900/004/900004976/2-2466-2-C1-PPWP-X2.jpg
1245224532467900004977,ACEH,PIDIE,BATEE,MEUCAT,TPS 1,2019-10-25 05:00:03,16,110,156,132,132,126,6,https://pemilu2019.kpu.go.id/img/c/900/004/900004977/1-2467-1-C-XXX-X5.jpg,https://pemilu2019.kpu.go.id/img/c/900/004/900004977/1-2467-1-C-XXX-X6.jpg
1245224532475900004991,ACEH,PIDIE,BATEE,NEUHEUN,TPS 1,2019-10-25 05:00:03,3,202,291,223,223,205,18,https://pemilu2019.kpu.go.id/img/c/900/004/900004991/1-2475-1-C-XXX-X5.jpg,https://pemilu2019.kpu.go.id/img/c/900/004/900004991/1-2475-1-C-XXX-X6.jpg
1245224532475900004992,ACEH,PIDIE,BATEE,NEUHEUN,TPS 2,2019-10-25 05:00:03,2,173,291,185,185,175,10,https://pemilu2019.kpu.go.id/img/c/900/004/900004992/1-2475-2-C-XXX-X5.jpg,https://pemilu2019.kpu.go.id/img/c/900/004/900004992/1-2475-2-C-XXX-X6.jpg
1245224532475900004993,ACEH,PIDIE,BATEE,NEUHEUN,TPS 3,2019-10-25 05:00:03,4,207,292,225,225,211,14,https://pemilu2019.kpu.go.id/img/c/900/004/900004993/1-2475-3-C-XXX-X5.jpg,https://pemilu2019.kpu.go.id/img/c/900/004/900004993/1-2475-3-C-XXX-X6.jpg
1245224532475900004994,ACEH,PIDIE,BATEE,NEUHEUN,TPS 4,2019-10-25 05:00:03,5,189,270,198,198,194,4,https://pemilu2019.kpu.go.id/img/c/900/004/900004994/1-2475-4-C-XXX-X5.jpg,https://pemilu2019.kpu.go.id/img/c/900/004/900004994/1-2475-4-C-XXX-X6.jpg
1245224532481900005011,ACEH,PIDIE,BATEE,PASI BEURANDEH,TPS 1,2019-10-25 05:00:03,25,235,288,267,267,260,7,https://pemilu2019.kpu.go.id/img/c/900/005/900005011/1-2481-1-C-XXX-X5.jpg,https://pemilu2019.kpu.go.id/img/c/900/005/900005011/1-2481-1-C-XXX-X6.jpg
1245224532458900004959,ACEH,PIDIE,BATEE,PULO BUNGONG,TPS 1,2019-10-25 05:00:03,5,193,235,203,203,198,5,https://pemilu2019.kpu.go.id/img/c/900/004/900004959/1-2458-1-C-XXX-X5.jpg,https://pemilu2019.kpu.go.id/img/c/900/004/900004959/1-2458-1-C-XXX-X6.jpg
1245224532458900004960,ACEH,PIDIE,BATEE,PULO BUNGONG,TPS 2,2019-10-25 05:00:03,17,175,237,197,197,192,5,https://pemilu2019.kpu.go.id/img/c/900/004/900004960/1-2458-2-C-XXX-X5.jpg,https://pemilu2019.kpu.go.id/img/c/900/004/900004960/1-2458-2-C-XXX-X6.jpg
1245224532471900004985,ACEH,PIDIE,BATEE,PULO PANDE,TPS 1,2019-10-25 05:00:03,7,108,174,134,134,115,19,https://pemilu2019.kpu.go.id/img/c/900/004/900004985/1-2471-1-C-XXX-X5.jpg,https://pemilu2019.kpu.go.id/img/c/900/004/900004985/1-2471-1-C-XXX-X6.jpg
1245224532471900004986,ACEH,PIDIE,BATEE,PULO PANDE,TPS 2,2019-10-25 05:00:03,16,83,157,121,121,99,22,https://pemilu2019.kpu.go.id/img/c/900/004/900004986/1-2471-2-C1-PPWP-X1.jpg,https://pemilu2019.kpu.go.id/img/c/900/004/900004986/1-2471-2-C1-PPWP-X2.jpg
1245224532457900004957,ACEH,PIDIE,BATEE,PULO TUKOK,TPS 1,2019-10-25 05:00:03,20,138,192,168,168,158,10,https://pemilu2019.kpu.go.id/img/c/900/004/900004957/1-2457-1-C-XXX-X5.jpg,https://pemilu2019.kpu.go.id/img/c/900/004/900004957/1-2457-1-C-XXX-X6.jpg
1245224532457900004958,ACEH,PIDIE,BATEE,PULO TUKOK,TPS 2,2019-10-25 05:00:03,22,123,192,151,151,145,6,https://pemilu2019.kpu.go.id/img/c/900/004/900004958/1-2457-2-C-XXX-X5.jpg,https://pemilu2019.kpu.go.id/img/c/900/004/900004958/1-2457-2-C-XXX-X6.jpg
1245224532469900004980,ACEH,PIDIE,BATEE,RUNGKOM,TPS 1,2019-10-25 05:00:03,5,180,239,186,186,185,1,https://pemilu2019.kpu.go.id/img/c/900/004/900004980/1-2469-1-C-XXX-X5.jpg,https://pemilu2019.kpu.go.id/img/c/900/004/900004980/1-2469-1-C-XXX-X6.jpg
1245224532469900004981,ACEH,PIDIE,BATEE,RUNGKOM,TPS 2,2019-10-25 05:00:03,2,174,234,177,177,176,1,https://pemilu2019.kpu.go.id/img/c/900/004/900004981/1-2469-2-C-XXX-X5.jpg,https://pemilu2019.kpu.go.id/img/c/900/004/900004981/1-2469-2-C-XXX-X6.jpg
1245224532469900004982,ACEH,PIDIE,BATEE,RUNGKOM,TPS 3,2019-10-25 05:00:03,7,140,223,150,150,147,3,https://pemilu2019.kpu.go.id/img/c/900/004/900004982/1-2469-3-C1-PPWP-X1.jpg,https://pemilu2019.kpu.go.id/img/c/900/004/900004982/1-2469-3-C1-PPWP-X2.jpg
1245224532472900004987,ACEH,PIDIE,BATEE,SEULATAN,TPS 1,2019-10-25 05:00:03,7,151,185,160,160,158,2,https://pemilu2019.kpu.go.id/img/c/900/004/900004987/1-2472-1-C-XXX-X5.jpg,https://pemilu2019.kpu.go.id/img/c/900/004/900004987/1-2472-1-C-XXX-X6.jpg
1245224532472900004988,ACEH,PIDIE,BATEE,SEULATAN,TPS 2,2019-10-25 05:00:03,4,128,168,136,136,132,4,https://pemilu2019.kpu.go.id/img/c/900/004/900004988/1-2472-2-C-XXX-X5.jpg,https://pemilu2019.kpu.go.id/img/c/900/004/900004988/1-2472-2-C-XXX-X6.jpg
1245224532474900004990,ACEH,PIDIE,BATEE,TEUPIN JEUE,TPS 1,2019-10-25 05:00:03,9,239,280,251,251,248,3,https://pemilu2019.kpu.go.id/img/c/900/004/900004990/1-2474-1-C-XXX-X5.jpg,https://pemilu2019.kpu.go.id/img/c/900/004/900004990/1-2474-1-C-XXX-X6.jpg
1245224532468900004978,ACEH,PIDIE,BATEE,TEUPIN RAYA,TPS 1,2019-10-25 05:00:03,3,191,234,198,198,194,4,https://pemilu2019.kpu.go.id/img/c/900/004/900004978/1-2468-1-C-XXX-X5.jpg,https://pemilu2019.kpu.go.id/img/c/900/004/900004978/1-2468-1-C-XXX-X6.jpg
1245224532468900004979,ACEH,PIDIE,BATEE,TEUPIN RAYA,TPS 2,2019-10-25 05:00:03,4,168,216,179,179,172,7,https://pemilu2019.kpu.go.id/img/c/900/004/900004979/1-2468-2-C-XXX-X5.jpg,https://pemilu2019.kpu.go.id/img/c/900/004/900004979/1-2468-2-C-XXX-X6.jpg
1245224532464900004972,ACEH,PIDIE,BATEE,TUHA,TPS 1,2019-10-25 05:00:03,6,138,171,149,149,144,5,https://pemilu2019.kpu.go.id/img/c/900/004/900004972/1-2464-1-C-XXX-X5.jpg,https://pemilu2019.kpu.go.id/img/c/900/004/900004972/1-2464-1-C-XXX-X6.jpg
1245224532464900004973,ACEH,PIDIE,BATEE,TUHA,TPS 2,2019-10-25 05:00:03,12,130,157,146,146,142,4,https://pemilu2019.kpu.go.id/img/c/900/004/900004973/1-2464-2-C-XXX-X5.jpg,https://pemilu2019.kpu.go.id/img/c/900/004/900004973/1-2464-2-C-XXX-X6.jpg
1245224822496900005034,ACEH,PIDIE,DELIMA,BULOH,TPS 1,2019-10-25 05:00:03,13,118,179,132,132,131,1,https://pemilu2019.kpu.go.id/img/c/900/005/900005034/1-2496-1-C-XXX-X5.jpg,https://pemilu2019.kpu.go.id/img/c/900/005/900005034/1-2496-1-C-XXX-X6.jpg
1245224822496900005035,ACEH,PIDIE,DELIMA,BULOH,TPS 2,2019-10-25 05:00:03,15,110,168,127,127,125,2,https://pemilu2019.kpu.go.id/img/c/900/005/900005035/5-2496-2-C1-PPWP-X1.jpg,https://pemilu2019.kpu.go.id/img/c/900/005/900005035/5-2496-2-C1-PPWP-X2.jpg
1245224822497900005036,ACEH,PIDIE,DELIMA,BUNGO,TPS 1,2019-10-25 05:00:03,8,104,174,125,125,112,13,https://pemilu2019.kpu.go.id/img/c/900/005/900005036/2-2497-1-C-XXX-X5.jpg,https://pemilu2019.kpu.go.id/img/c/900/005/900005036/2-2497-1-C-XXX-X6.jpg
1245224822497900005037,ACEH,PIDIE,DELIMA,BUNGO,TPS 2,2019-10-25 05:00:03,15,107,172,124,124,122,2,https://pemilu2019.kpu.go.id/img/c/900/005/900005037/1-2497-2-C-XXX-X5.jpg,https://pemilu2019.kpu.go.id/img/c/900/005/900005037/1-2497-2-C-XXX-X6.jpg
1245224822512900005064,ACEH,PIDIE,DELIMA,CEURIH ALUE,TPS 1,2019-10-25 05:00:03,8,146,252,158,158,146,4,https://pemilu2019.kpu.go.id/img/c/900/005/900005064/2-2512-1-C-XXX-X5.jpg,https://pemilu2019.kpu.go.id/img/c/900/005/900005064/2-2512-1-C-XXX-X6.jpg
1245224822510900005061,ACEH,PIDIE,DELIMA,CEURIH BLANG MEE,TPS 1,2019-10-25 05:00:03,6,107,180,121,121,113,8,https://pemilu2019.kpu.go.id/img/c/900/005/900005061/2-2510-1-C-XXX-X5.jpg,https://pemilu2019.kpu.go.id/img/c/900/005/900005061/2-2510-1-C-XXX-X6.jpg
1245224822510900005062,ACEH,PIDIE,DELIMA,CEURIH BLANG MEE,TPS 2,2019-10-25 05:00:03,12,108,180,138,138,120,18,https://pemilu2019.kpu.go.id/img/c/900/005/900005062/1-2510-2-C-XXX-X5.jpg,https://pemilu2019.kpu.go.id/img/c/900/005/900005062/1-2510-2-C-XXX-X6.jpg
1245224822513900005065,ACEH,PIDIE,DELIMA,CEURIH COT,TPS 1,2019-10-25 05:00:03,18,111,200,134,134,129,5,https://pemilu2019.kpu.go.id/img/c/900/005/900005065/1-2513-1-C-XXX-X5.jpg,https://pemilu2019.kpu.go.id/img/c/900/005/900005065/1-2513-1-C-XXX-X6.jpg
1245224822511900005063,ACEH,PIDIE,DELIMA,CEURIH KEUPULA,TPS 1,2019-10-25 05:00:03,12,166,245,182,182,178,4,https://pemilu2019.kpu.go.id/img/c/900/005/900005063/2-2511-1-C-XXX-X5.jpg,https://pemilu2019.kpu.go.id/img/c/900/005/900005063/2-2511-1-C-XXX-X6.jpg
1245224822486900005017,ACEH,PIDIE,DELIMA,CUT,TPS 1,2019-10-25 05:00:03,7,105,161,114,114,112,2,https://pemilu2019.kpu.go.id/img/c/900/005/900005017/2-2486-1-C1-PPWP-X1.jpg,https://pemilu2019.kpu.go.id/img/c/900/005/900005017/2-2486-1-C1-PPWP-X2.jpg
1245224822486900005018,ACEH,PIDIE,DELIMA,CUT,TPS 2,2019-10-25 05:00:03,7,118,160,127,127,125,2,https://pemilu2019.kpu.go.id/img/c/900/005/900005018/1-2486-2-C-XXX-X5.jpg,https://pemilu2019.kpu.go.id/img/c/900/005/900005018/1-2486-2-C-XXX-X6.jpg
1245224822485900005016,ACEH,PIDIE,DELIMA,DABOH,TPS 1,2019-10-25 05:00:03,10,178,247,191,191,188,3,https://pemilu2019.kpu.go.id/img/c/900/005/900005016/1-2485-1-C-XXX-X5.jpg,https://pemilu2019.kpu.go.id/img/c/900/005/900005016/1-2485-1-C-XXX-X6.jpg
1245224822500900005040,ACEH,PIDIE,DELIMA,DAYAH BARO,TPS 1,2019-10-25 05:00:03,8,105,195,114,114,113,1,https://pemilu2019.kpu.go.id/img/c/900/005/900005040/1-2500-1-C-XXX-X5.jpg,https://pemilu2019.kpu.go.id/img/c/900/005/900005040/1-2500-1-C-XXX-X6.jpg
1245224822500900005041,ACEH,PIDIE,DELIMA,DAYAH BARO,TPS 2,2019-10-25 05:00:03,9,116,198,125,125,125,0,https://pemilu2019.kpu.go.id/img/c/900/005/900005041/1-2500-2-C-XXX-X5.jpg,https://pemilu2019.kpu.go.id/img/c/900/005/900005041/1-2500-2-C-XXX-X6.jpg
1245224822516900005069,ACEH,PIDIE,DELIMA,DAYAH BEUAH,TPS 1,2019-10-25 05:00:03,14,158,259,174,174,172,2,https://pemilu2019.kpu.go.id/img/c/900/005/900005069/2-2516-1-C-XXX-X5.jpg,https://pemilu2019.kpu.go.id/img/c/900/005/900005069/2-2516-1-C-XXX-X6.jpg
1245224822516900005070,ACEH,PIDIE,DELIMA,DAYAH BEUAH,TPS 2,2019-10-25 05:00:03,9,127,251,139,139,136,3,https://pemilu2019.kpu.go.id/img/c/900/005/900005070/1-2516-2-C-XXX-X5.jpg,https://pemilu2019.kpu.go.id/img/c/900/005/900005070/1-2516-2-C-XXX-X6.jpg
1245224822498900005038,ACEH,PIDIE,DELIMA,DAYAH REUBEE,TPS 1,2019-10-25 05:00:03,14,154,231,175,175,168,7,https://pemilu2019.kpu.go.id/img/c/900/005/900005038/1-2498-1-C-XXX-X5.jpg,https://pemilu2019.kpu.go.id/img/c/900/005/900005038/1-2498-1-C-XXX-X6.jpg
1245224822489900005024,ACEH,PIDIE,DELIMA,GEUDONG,TPS 1,2019-10-25 05:00:03,9,135,179,147,147,144,3,https://pemilu2019.kpu.go.id/img/c/900/005/900005024/1-2489-1-C-XXX-X5.jpg,https://pemilu2019.kpu.go.id/img/c/900/005/900005024/1-2489-1-C-XXX-X6.jpg
1245224822489900005025,ACEH,PIDIE,DELIMA,GEUDONG,TPS 2,2019-10-25 05:00:03,7,98,166,110,110,105,5,https://pemilu2019.kpu.go.id/img/c/900/005/900005025/1-2489-2-C-XXX-X5.jpg,https://pemilu2019.kpu.go.id/img/c/900/005/900005025/1-2489-2-C-XXX-X6.jpg
1245224822494900005032,ACEH,PIDIE,DELIMA,GLEE,TPS 1,2019-10-25 05:00:03,8,70,100,80,80,78,2,https://pemilu2019.kpu.go.id/img/c/900/005/900005032/1-2494-1-C-XXX-X5.jpg,https://pemilu2019.kpu.go.id/img/c/900/005/900005032/1-2494-1-C-XXX-X6.jpg
1245224822499900005039,ACEH,PIDIE,DELIMA,JAMBEE,TPS 1,2019-10-25 05:00:03,18,130,186,151,151,148,3,https://pemilu2019.kpu.go.id/img/c/900/005/900005039/1-2499-1-C-XXX-X5.jpg,https://pemilu2019.kpu.go.id/img/c/900/005/900005039/1-2499-1-C-XXX-X6.jpg
1245224822505900005051,ACEH,PIDIE,DELIMA,KEUTAPANG AREE,TPS 1,2019-10-25 05:00:03,6,175,299,184,184,181,3,https://pemilu2019.kpu.go.id/img/c/900/005/900005051/1-2505-1-C-XXX-X5.jpg,https://pemilu2019.kpu.go.id/img/c/900/005/900005051/1-2505-1-C-XXX-X6.jpg
1245224822505900005052,ACEH,PIDIE,DELIMA,KEUTAPANG AREE,TPS 2,2019-10-25 05:00:03,13,144,297,162,162,157,5,https://pemilu2019.kpu.go.id/img/c/900/005/900005052/1-2505-2-C-XXX-X5.jpg,https://pemilu2019.kpu.go.id/img/c/900/005/900005052/1-2505-2-C-XXX-X6.jpg
1245224822525900005082,ACEH,PIDIE,DELIMA,KEUTAPANG BAMBONG,TPS 1,2019-10-25 05:00:03,13,174,251,193,193,187,6,https://pemilu2019.kpu.go.id/img/c/900/005/900005082/1-2525-1-C1-PPWP-X1.jpg,https://pemilu2019.kpu.go.id/img/c/900/005/900005082/1-2525-1-C1-PPWP-X2.jpg
1245224822525900005083,ACEH,PIDIE,DELIMA,KEUTAPANG BAMBONG,TPS 2,2019-10-25 05:00:03,12,169,259,184,184,181,3,https://pemilu2019.kpu.go.id/img/c/900/005/900005083/2-2525-2-C-XXX-X5.jpg,https://pemilu2019.kpu.go.id/img/c/900/005/900005083/2-2525-2-C-XXX-X6.jpg
1245224822509900005059,ACEH,PIDIE,DELIMA,KREUMBOK,TPS 1,2019-10-25 05:00:03,18,114,209,144,144,132,12,https://pemilu2019.kpu.go.id/img/c/900/005/900005059/1-2509-1-C-XXX-X5.jpg,https://pemilu2019.kpu.go.id/img/c/900/005/900005059/1-2509-1-C-XXX-X6.jpg
1245224822509900005060,ACEH,PIDIE,DELIMA,KREUMBOK,TPS 2,2019-10-25 05:00:03,16,125,204,149,149,141,8,https://pemilu2019.kpu.go.id/img/c/900/005/900005060/2-2509-2-C1-PPWP-X1.jpg,https://pemilu2019.kpu.go.id/img/c/900/005/900005060/2-2509-2-C1-PPWP-X2.jpg
1245224822517900005071,ACEH,PIDIE,DELIMA,KRUENG COT,TPS 1,2019-10-25 05:00:03,9,135,200,150,150,144,6,https://pemilu2019.kpu.go.id/img/c/900/005/900005071/1-2517-1-C-XXX-X5.jpg,https://pemilu2019.kpu.go.id/img/c/900/005/900005071/1-2517-1-C-XXX-X6.jpg
1245224822517900005072,ACEH,PIDIE,DELIMA,KRUENG COT,TPS 2,2019-10-25 05:00:03,7,115,186,126,126,122,4,https://pemilu2019.kpu.go.id/img/c/900/005/900005072/1-2517-2-C-XXX-X5.jpg,https://pemilu2019.kpu.go.id/img/c/900/005/900005072/1-2517-2-C-XXX-X6.jpg
1245224822492900005028,ACEH,PIDIE,DELIMA,KRUENG REUBEE,TPS 1,2019-10-25 05:00:03,5,167,213,174,174,172,2,https://pemilu2019.kpu.go.id/img/c/900/005/900005028/1-2492-1-C-XXX-X5.jpg,https://pemilu2019.kpu.go.id/img/c/900/005/900005028/1-2492-1-C-XXX-X6.jpg
1245224822492900005029,ACEH,PIDIE,DELIMA,KRUENG REUBEE,TPS 2,2019-10-25 05:00:03,3,161,207,166,166,164,2,https://pemilu2019.kpu.go.id/img/c/900/005/900005029/1-2492-2-C-XXX-X5.jpg,https://pemilu2019.kpu.go.id/img/c/900/005/900005029/1-2492-2-C-XXX-X6.jpg
1245224822495900005033,ACEH,PIDIE,DELIMA,KUMBANG,TPS 1,2019-10-25 05:00:03,8,75,119,86,86,83,3,https://pemilu2019.kpu.go.id/img/c/900/005/900005033/1-2495-1-C-XXX-X5.jpg,https://pemilu2019.kpu.go.id/img/c/900/005/900005033/1-2495-1-C-XXX-X6.jpg
1245224822502900005044,ACEH,PIDIE,DELIMA,LHEE MEUNASAH,TPS 1,2019-10-25 05:00:03,10,179,292,195,195,189,6,https://pemilu2019.kpu.go.id/img/c/900/005/900005044/1-2502-1-C-XXX-X5.jpg,https://pemilu2019.kpu.go.id/img/c/900/005/900005044/1-2502-1-C-XXX-X6.jpg
1245224822502900005045,ACEH,PIDIE,DELIMA,LHEE MEUNASAH,TPS 2,2019-10-25 05:00:03,10,158,296,171,171,168,3,https://pemilu2019.kpu.go.id/img/c/900/005/900005045/2-2502-2-C-XXX-X5.jpg,https://pemilu2019.kpu.go.id/img/c/900/005/900005045/2-2502-2-C-XXX-X6.jpg
1245224822519900005075,ACEH,PIDIE,DELIMA,LUENG DAMA,TPS 1,2019-10-25 05:00:03,15,169,263,189,189,184,5,https://pemilu2019.kpu.go.id/img/c/900/005/900005075/1-2519-1-C-XXX-X5.jpg,https://pemilu2019.kpu.go.id/img/c/900/005/900005075/1-2519-1-C-XXX-X6.jpg
1245224822504900005050,ACEH,PIDIE,DELIMA,MESJID AREE,TPS 1,2019-10-25 05:00:03,4,172,297,181,181,176,5,https://pemilu2019.kpu.go.id/img/c/900/005/900005050/1-2504-1-C-XXX-X5.jpg,https://pemilu2019.kpu.go.id/img/c/900/005/900005050/1-2504-1-C-XXX-X6.jpg
1245224822520900005076,ACEH,PIDIE,DELIMA,MESJID BAMBONG,TPS 1,2019-10-25 05:00:03,4,215,257,219,219,219,0,https://pemilu2019.kpu.go.id/img/c/900/005/900005076/2-2520-1-C-XXX-X5.jpg,https://pemilu2019.kpu.go.id/img/c/900/005/900005076/2-2520-1-C-XXX-X6.jpg
1245224822518900005073,ACEH,PIDIE,DELIMA,MESJID BEUAH,TPS 1,2019-10-25 05:00:03,11,83,144,96,96,94,2,https://pemilu2019.kpu.go.id/img/c/900/005/900005073/1-2518-1-C-XXX-X5.jpg,https://pemilu2019.kpu.go.id/img/c/900/005/900005073/1-2518-1-C-XXX-X6.jpg
1245224822518900005074,ACEH,PIDIE,DELIMA,MESJID BEUAH,TPS 2,2019-10-25 05:00:03,8,102,196,117,117,110,7,https://pemilu2019.kpu.go.id/img/c/900/005/900005074/1-2518-2-C-XXX-X5.jpg,https://pemilu2019.kpu.go.id/img/c/900/005/900005074/1-2518-2-C-XXX-X6.jpg
1245224822487900005019,ACEH,PIDIE,DELIMA,MESJID REUBEE,TPS 1,2019-10-25 05:00:03,13,133,203,153,153,146,7,https://pemilu2019.kpu.go.id/img/c/900/005/900005019/2-2487-1-C-XXX-X5.jpg,https://pemilu2019.kpu.go.id/img/c/900/005/900005019/2-2487-1-C-XXX-X6.jpg
1245224822487900005020,ACEH,PIDIE,DELIMA,MESJID REUBEE,TPS 2,2019-10-25 05:00:03,8,126,202,151,151,134,17,https://pemilu2019.kpu.go.id/img/c/900/005/900005020/1-2487-2-C-XXX-X5.jpg,https://pemilu2019.kpu.go.id/img/c/900/005/900005020/1-2487-2-C-XXX-X6.jpg
1245224822487900005021,ACEH,PIDIE,DELIMA,MESJID REUBEE,TPS 3,2019-10-25 05:00:03,7,128,202,146,146,135,11,https://pemilu2019.kpu.go.id/img/c/900/005/900005021/1-2487-3-C1-PPWP-X1.jpg,https://pemilu2019.kpu.go.id/img/c/900/005/900005021/1-2487-3-C1-PPWP-X2.jpg
1245224822526900005084,ACEH,PIDIE,DELIMA,METAREUM,TPS 1,2019-10-25 05:00:03,10,169,240,179,179,179,0,https://pemilu2019.kpu.go.id/img/c/900/005/900005084/1-2526-1-C1-PPWP-X1.jpg,https://pemilu2019.kpu.go.id/img/c/900/005/900005084/1-2526-1-C1-PPWP-X2.jpg
1245224822493900005030,ACEH,PIDIE,DELIMA,NEULOP,TPS 1,2019-10-25 05:00:03,18,120,202,145,145,138,7,https://pemilu2019.kpu.go.id/img/c/900/005/900005030/2-2493-1-C-XXX-X5.jpg,https://pemilu2019.kpu.go.id/img/c/900/005/900005030/2-2493-1-C-XXX-X6.jpg
1245224822493900005031,ACEH,PIDIE,DELIMA,NEULOP,TPS 2,2019-10-25 05:00:03,15,142,202,162,162,157,5,https://pemilu2019.kpu.go.id/img/c/900/005/900005031/1-2493-2-C-XXX-X5.jpg,https://pemilu2019.kpu.go.id/img/c/900/005/900005031/1-2493-2-C-XXX-X6.jpg
1245224822524900005081,ACEH,PIDIE,DELIMA,PANGOE,TPS 1,2019-10-25 05:00:03,11,119,185,136,136,130,6,https://pemilu2019.kpu.go.id/img/c/900/005/900005081/1-2524-1-C1-PPWP-X1.jpg,https://pemilu2019.kpu.go.id/img/c/900/005/900005081/1-2524-1-C1-PPWP-X2.jpg
1245224822506900005053,ACEH,PIDIE,DELIMA,PANTE AREE,TPS 1,2019-10-25 05:00:03,13,103,169,122,122,116,6,https://pemilu2019.kpu.go.id/img/c/900/005/900005053/1-2506-1-C-XXX-X5.jpg,https://pemilu2019.kpu.go.id/img/c/900/005/900005053/1-2506-1-C-XXX-X6.jpg
1245224822506900005054,ACEH,PIDIE,DELIMA,PANTE AREE,TPS 2,2019-10-25 05:00:03,6,99,170,106,106,105,1,https://pemilu2019.kpu.go.id/img/c/900/005/900005054/2506-2-C-XXX-X5.jpg,https://pemilu2019.kpu.go.id/img/c/900/005/900005054/2506-2-C-XXX-X6.jpg
1245224822508900005057,ACEH,PIDIE,DELIMA,PULO BAROH,TPS 1,2019-10-25 05:00:03,5,94,191,100,100,99,1,https://pemilu2019.kpu.go.id/img/c/900/005/900005057/1-2508-1-C-XXX-X5.jpg,https://pemilu2019.kpu.go.id/img/c/900/005/900005057/1-2508-1-C-XXX-X6.jpg
1245224822508900005058,ACEH,PIDIE,DELIMA,PULO BAROH,TPS 2,2019-10-25 05:00:03,6,98,169,108,108,104,4,https://pemilu2019.kpu.go.id/img/c/900/005/900005058/1-2508-2-C-XXX-X5.jpg,https://pemilu2019.kpu.go.id/img/c/900/005/900005058/1-2508-2-C-XXX-X6.jpg
1245224822507900005055,ACEH,PIDIE,DELIMA,PULO TUNONG,TPS 1,2019-10-25 05:00:03,6,145,191,156,156,151,5,https://pemilu2019.kpu.go.id/img/c/900/005/900005055/1-2507-1-C-XXX-X5.jpg,https://pemilu2019.kpu.go.id/img/c/900/005/900005055/1-2507-1-C-XXX-X6.jpg
1245224822507900005056,ACEH,PIDIE,DELIMA,PULO TUNONG,TPS 2,2019-10-25 05:00:03,8,107,166,119,119,115,4,https://pemilu2019.kpu.go.id/img/c/900/005/900005056/1-2507-2-C-XXX-X5.jpg,https://pemilu2019.kpu.go.id/img/c/900/005/900005056/1-2507-2-C-XXX-X6.jpg
1245224822501900005042,ACEH,PIDIE,DELIMA,PUUK,TPS 1,2019-10-25 05:00:03,40,121,243,173,173,161,12,https://pemilu2019.kpu.go.id/img/c/900/005/900005042/1-2501-1-C-XXX-X5.jpg,https://pemilu2019.kpu.go.id/img/c/900/005/900005042/1-2501-1-C-XXX-X6.jpg
1245224822501900005043,ACEH,PIDIE,DELIMA,PUUK,TPS 2,2019-10-25 05:00:03,31,79,234,135,135,110,25,https://pemilu2019.kpu.go.id/img/c/900/005/900005043/1-2501-2-C-XXX-X5.jpg,https://pemilu2019.kpu.go.id/img/c/900/005/900005043/1-2501-2-C-XXX-X6.jpg
1245224822484900005014,ACEH,PIDIE,DELIMA,RAYA,TPS 1,2019-10-25 05:00:03,8,134,193,147,147,142,5,https://pemilu2019.kpu.go.id/img/c/900/005/900005014/1-2484-1-C-XXX-X5.jpg,https://pemilu2019.kpu.go.id/img/c/900/005/900005014/1-2484-1-C-XXX-X6.jpg
1245224822484900005015,ACEH,PIDIE,DELIMA,RAYA,TPS 2,2019-10-25 05:00:03,22,121,186,145,145,143,2,https://pemilu2019.kpu.go.id/img/c/900/005/900005015/1-2484-2-C-XXX-X5.jpg,https://pemilu2019.kpu.go.id/img/c/900/005/900005015/1-2484-2-C-XXX-X6.jpg
1245224822491900005027,ACEH,PIDIE,DELIMA,REUBA,TPS 1,2019-10-25 05:00:03,18,172,280,201,201,190,11,https://pemilu2019.kpu.go.id/img/c/900/005/900005027/1-2491-1-C-XXX-X5.jpg,https://pemilu2019.kpu.go.id/img/c/900/005/900005027/1-2491-1-C-XXX-X6.jpg
1245224822490900005026,ACEH,PIDIE,DELIMA,REUNTOH,TPS 1,2019-10-25 05:00:03,15,112,164,130,130,127,3,https://pemilu2019.kpu.go.id/img/c/900/005/900005026/1-2490-1-C-XXX-X5.jpg,https://pemilu2019.kpu.go.id/img/c/900/005/900005026/1-2490-1-C-XXX-X6.jpg
1245224822521900005077,ACEH,PIDIE,DELIMA,REUSEB,TPS 1,2019-10-25 05:00:03,16,171,241,196,196,187,9,https://pemilu2019.kpu.go.id/img/c/900/005/900005077/1-2521-1-C-XXX-X5.jpg,https://pemilu2019.kpu.go.id/img/c/900/005/900005077/1-2521-1-C-XXX-X6.jpg
1245224822522900005078,ACEH,PIDIE,DELIMA,SAGOE,TPS 1,2019-10-25 05:00:03,10,122,174,134,134,132,2,https://pemilu2019.kpu.go.id/img/c/900/005/900005078/1-2522-1-C-XXX-X5.jpg,https://pemilu2019.kpu.go.id/img/c/900/005/900005078/1-2522-1-C-XXX-X6.jpg
1245224822522900005079,ACEH,PIDIE,DELIMA,SAGOE,TPS 2,2019-10-25 05:00:03,4,125,171,133,133,129,4,https://pemilu2019.kpu.go.id/img/c/900/005/900005079/1-2522-2-C-XXX-X5.jpg,https://pemilu2019.kpu.go.id/img/c/900/005/900005079/1-2522-2-C-XXX-X6.jpg
1245224822523900005080,ACEH,PIDIE,DELIMA,SEUKEUM,TPS 1,2019-10-25 05:00:03,1,125,180,127,127,126,1,https://pemilu2019.kpu.go.id/img/c/900/005/900005080/1-2523-1-C-XXX-X5.jpg,https://pemilu2019.kpu.go.id/img/c/900/005/900005080/1-2523-1-C-XXX-X6.jpg
1245224822514900005066,ACEH,PIDIE,DELIMA,SEUPEUNG BEUAH,TPS 1,2019-10-25 05:00:03,20,140,264,164,164,160,4,https://pemilu2019.kpu.go.id/img/c/900/005/900005066/1-2514-1-C-XXX-X5.jpg,https://pemilu2019.kpu.go.id/img/c/900/005/900005066/1-2514-1-C-XXX-X6.jpg
1245224822515900005067,ACEH,PIDIE,DELIMA,SUKON LHONG,TPS 1,2019-10-25 05:00:03,17,123,239,140,140,140,0,https://pemilu2019.kpu.go.id/img/c/900/005/900005067/1-2515-1-C-XXX-X5.jpg,https://pemilu2019.kpu.go.id/img/c/900/005/900005067/1-2515-1-C-XXX-X6.jpg
1245224822515900005068,ACEH,PIDIE,DELIMA,SUKON LHONG,TPS 2,2019-10-25 05:00:03,18,130,219,151,151,148,3,https://pemilu2019.kpu.go.id/img/c/900/005/900005068/1-2515-2-C-XXX-X5.jpg,https://pemilu2019.kpu.go.id/img/c/900/005/900005068/1-2515-2-C-XXX-X6.jpg
1245224822488900005022,ACEH,PIDIE,DELIMA,TANJONG,TPS 1,2019-10-25 05:00:03,11,151,190,164,164,162,2,https://pemilu2019.kpu.go.id/img/c/900/005/900005022/1-2488-1-C-XXX-X5.jpg,https://pemilu2019.kpu.go.id/img/c/900/005/900005022/1-2488-1-C-XXX-X6.jpg
1245224822488900005023,ACEH,PIDIE,DELIMA,TANJONG,TPS 2,2019-10-25 05:00:03,2,130,171,134,134,132,2,https://pemilu2019.kpu.go.id/img/c/900/005/900005023/1-2488-2-C1-PPWP-X1.jpg,https://pemilu2019.kpu.go.id/img/c/900/005/900005023/1-2488-2-C1-PPWP-X2.jpg
1245224822483900005012,ACEH,PIDIE,DELIMA,TUNONG,TPS 1,2019-10-25 05:00:03,15,81,156,98,98,96,2,https://pemilu2019.kpu.go.id/img/c/900/005/900005012/1-2483-1-C-XXX-X5.jpg,https://pemilu2019.kpu.go.id/img/c/900/005/900005012/1-2483-1-C-XXX-X6.jpg
1245224822483900005013,ACEH,PIDIE,DELIMA,TUNONG,TPS 2,2019-10-25 05:00:03,8,88,151,100,100,96,4,https://pemilu2019.kpu.go.id/img/c/900/005/900005013/1-2483-2-C-XXX-X5.jpg,https://pemilu2019.kpu.go.id/img/c/900/005/900005013/1-2483-2-C-XXX-X6.jpg
1245224822503900005046,ACEH,PIDIE,DELIMA,ULEE TUTUE RAYA,TPS 1,2019-10-25 05:00:03,5,174,268,181,181,179,2,https://pemilu2019.kpu.go.id/img/c/900/005/900005046/3-2503-1-C1-PPWP-X1.jpg,https://pemilu2019.kpu.go.id/img/c/900/005/900005046/3-2503-1-C1-PPWP-X2.jpg
1245224822503900005047,ACEH,PIDIE,DELIMA,ULEE TUTUE RAYA,TPS 2,2019-10-25 05:00:03,3,148,268,154,154,151,3,https://pemilu2019.kpu.go.id/img/c/900/005/900005047/1-2503-2-C-XXX-X5.jpg,https://pemilu2019.kpu.go.id/img/c/900/005/900005047/1-2503-2-C-XXX-X6.jpg
1245224822503900005048,ACEH,PIDIE,DELIMA,ULEE TUTUE RAYA,TPS 3,2019-10-25 05:00:03,8,145,273,154,154,153,1,https://pemilu2019.kpu.go.id/img/c/900/005/900005048/1-2503-3-C-XXX-X5.jpg,https://pemilu2019.kpu.go.id/img/c/900/005/900005048/1-2503-3-C-XXX-X6.jpg
1245224822503900005049,ACEH,PIDIE,DELIMA,ULEE TUTUE RAYA,TPS 4,2019-10-25 05:00:03,6,145,265,154,154,151,3,https://pemilu2019.kpu.go.id/img/c/900/005/900005049/1-2503-4-C-XXX-X5.jpg,https://pemilu2019.kpu.go.id/img/c/900/005/900005049/1-2503-4-C-XXX-X6.jpg
