id,provinsi,kabupaten,kecamatan,kelurahan,tps,timestamp,pemilih-1,pemilih-2,total-pemilih,total-pengguna,suara-total,suara-sah,suara-tidak-sah,c1-1,c1-2
1245227012715900005449,ACEH,PIDIE,MUARA TIGA,BATEE,TPS 1,2019-10-25 05:00:03,2,180,229,185,185,182,3,https://pemilu2019.kpu.go.id/img/c/900/005/900005449/1-2715-1-C-XXX-X5.jpg,https://pemilu2019.kpu.go.id/img/c/900/005/900005449/1-2715-1-C-XXX-X6.jpg
1245227012715900005450,ACEH,PIDIE,MUARA TIGA,BATEE,TPS 2,2019-10-25 05:00:03,5,186,237,191,191,191,0,https://pemilu2019.kpu.go.id/img/c/900/005/900005450/1-2715-2-C-XXX-X5.jpg,https://pemilu2019.kpu.go.id/img/c/900/005/900005450/1-2715-2-C-XXX-X6.jpg
1245227012715900005451,ACEH,PIDIE,MUARA TIGA,BATEE,TPS 3,2019-10-25 05:00:03,5,184,240,189,189,188,1,https://pemilu2019.kpu.go.id/img/c/900/005/900005451/1-2715-3-C1-PPWP-X1.jpg,https://pemilu2019.kpu.go.id/img/c/900/005/900005451/1-2715-3-C1-PPWP-X2.jpg
1245227012714900005446,ACEH,PIDIE,MUARA TIGA,BLANG RAYA,TPS 1,2019-10-25 05:00:03,20,166,243,190,190,186,4,https://pemilu2019.kpu.go.id/img/c/900/005/900005446/1-2714-1-C1-PPWP-X1.jpg,https://pemilu2019.kpu.go.id/img/c/900/005/900005446/1-2714-1-C1-PPWP-X2.jpg
1245227012714900005447,ACEH,PIDIE,MUARA TIGA,BLANG RAYA,TPS 2,2019-10-25 05:00:03,52,150,240,214,214,202,12,https://pemilu2019.kpu.go.id/img/c/900/005/900005447/1-2714-2-C-XXX-X5.jpg,https://pemilu2019.kpu.go.id/img/c/900/005/900005447/1-2714-2-C-XXX-X6.jpg
1245227012714900005448,ACEH,PIDIE,MUARA TIGA,BLANG RAYA,TPS 3,2019-10-25 05:00:03,17,164,219,197,197,181,16,https://pemilu2019.kpu.go.id/img/c/900/005/900005448/1-2714-3-C-XXX-X5.jpg,https://pemilu2019.kpu.go.id/img/c/900/005/900005448/1-2714-3-C-XXX-X6.jpg
1245227012702900005404,ACEH,PIDIE,MUARA TIGA,COT,TPS 1,2019-10-25 05:00:03,4,250,307,258,258,254,4,https://pemilu2019.kpu.go.id/img/c/900/005/900005404/1-2702-1-C1-PPWP-X1.jpg,https://pemilu2019.kpu.go.id/img/c/900/005/900005404/1-2702-1-C1-PPWP-X2.jpg
1245227012702900005405,ACEH,PIDIE,MUARA TIGA,COT,TPS 2,2019-10-25 05:00:03,1,248,298,251,251,249,2,https://pemilu2019.kpu.go.id/img/c/900/005/900005405/1-2702-2-C-XXX-X5.jpg,https://pemilu2019.kpu.go.id/img/c/900/005/900005405/1-2702-2-C-XXX-X6.jpg
1245227012702900005406,ACEH,PIDIE,MUARA TIGA,COT,TPS 3,2019-10-25 05:00:03,6,248,301,254,254,254,0,https://pemilu2019.kpu.go.id/img/c/900/005/900005406/1-2702-3-C-XXX-X5.jpg,https://pemilu2019.kpu.go.id/img/c/900/005/900005406/1-2702-3-C-XXX-X6.jpg
1245227012702900005407,ACEH,PIDIE,MUARA TIGA,COT,TPS 4,2019-10-25 05:00:03,3,254,297,257,257,257,0,https://pemilu2019.kpu.go.id/img/c/900/005/900005407/1-2702-4-C-XXX-X5.jpg,https://pemilu2019.kpu.go.id/img/c/900/005/900005407/1-2702-4-C-XXX-X6.jpg
1245227012702900005408,ACEH,PIDIE,MUARA TIGA,COT,TPS 5,2019-10-25 05:00:03,4,216,306,222,222,220,2,https://pemilu2019.kpu.go.id/img/c/900/005/900005408/1-2702-5-C-XXX-X5.jpg,https://pemilu2019.kpu.go.id/img/c/900/005/900005408/1-2702-5-C-XXX-X6.jpg
1245227012702900005409,ACEH,PIDIE,MUARA TIGA,COT,TPS 6,2019-10-25 05:00:03,3,236,317,242,242,239,3,https://pemilu2019.kpu.go.id/img/c/900/005/900005409/1-2702-6-C-XXX-X5.jpg,https://pemilu2019.kpu.go.id/img/c/900/005/900005409/1-2702-6-C-XXX-X6.jpg
1245227012708900005434,ACEH,PIDIE,MUARA TIGA,DEYAH,TPS 1,2019-10-25 05:00:03,11,192,282,216,216,203,13,https://pemilu2019.kpu.go.id/img/c/900/005/900005434/1-2708-1-C-XXX-X5.jpg,https://pemilu2019.kpu.go.id/img/c/900/005/900005434/1-2708-1-C-XXX-X6.jpg
1245227012710900005436,ACEH,PIDIE,MUARA TIGA,GLE CUT,TPS 1,2019-10-25 05:00:03,10,186,251,204,204,196,8,https://pemilu2019.kpu.go.id/img/c/900/005/900005436/1-2710-1-C-XXX-X5.jpg,https://pemilu2019.kpu.go.id/img/c/900/005/900005436/1-2710-1-C-XXX-X6.jpg
1245227012711900005437,ACEH,PIDIE,MUARA TIGA,IE MASEN,TPS 1,2019-10-25 05:00:03,18,179,255,207,207,197,10,https://pemilu2019.kpu.go.id/img/c/900/005/900005437/1-2711-1-C-XXX-X5.jpg,https://pemilu2019.kpu.go.id/img/c/900/005/900005437/1-2711-1-C-XXX-X6.jpg
1245227012711900005438,ACEH,PIDIE,MUARA TIGA,IE MASEN,TPS 2,2019-10-25 05:00:03,19,176,243,203,203,195,8,https://pemilu2019.kpu.go.id/img/c/900/005/900005438/1-2711-2-C-XXX-X5.jpg,https://pemilu2019.kpu.go.id/img/c/900/005/900005438/1-2711-2-C-XXX-X6.jpg
1245227012716900005452,ACEH,PIDIE,MUARA TIGA,INGIN JAYA,TPS 1,2019-10-25 05:00:03,4,203,221,211,211,207,4,https://pemilu2019.kpu.go.id/img/c/900/005/900005452/1-2716-1-C-XXX-X5.jpg,https://pemilu2019.kpu.go.id/img/c/900/005/900005452/1-2716-1-C-XXX-X6.jpg
1245227012716900005453,ACEH,PIDIE,MUARA TIGA,INGIN JAYA,TPS 2,2019-10-25 05:00:03,2,174,207,182,182,176,6,https://pemilu2019.kpu.go.id/img/c/900/005/900005453/1-2716-2-C1-PPWP-X1.jpg,https://pemilu2019.kpu.go.id/img/c/900/005/900005453/1-2716-2-C1-PPWP-X2.jpg
1245227012716900005454,ACEH,PIDIE,MUARA TIGA,INGIN JAYA,TPS 3,2019-10-25 05:00:03,5,176,190,185,185,181,4,https://pemilu2019.kpu.go.id/img/c/900/005/900005454/1-2716-3-C-XXX-X5.jpg,https://pemilu2019.kpu.go.id/img/c/900/005/900005454/1-2716-3-C-XXX-X6.jpg
1245227012705900005421,ACEH,PIDIE,MUARA TIGA,KEUPULA,TPS 1,2019-10-25 05:00:03,2,198,253,200,200,200,0,https://pemilu2019.kpu.go.id/img/c/900/005/900005421/1-2705-1-C1-PPWP-X1.jpg,https://pemilu2019.kpu.go.id/img/c/900/005/900005421/1-2705-1-C1-PPWP-X2.jpg
1245227012705900005422,ACEH,PIDIE,MUARA TIGA,KEUPULA,TPS 2,2019-10-25 05:00:03,9,192,253,202,202,201,1,https://pemilu2019.kpu.go.id/img/c/900/005/900005422/1-2705-2-C1-PPWP-X1.jpg,https://pemilu2019.kpu.go.id/img/c/900/005/900005422/1-2705-2-C1-PPWP-X2.jpg
1245227012705900005423,ACEH,PIDIE,MUARA TIGA,KEUPULA,TPS 3,2019-10-25 05:00:03,1,208,255,210,210,209,1,https://pemilu2019.kpu.go.id/img/c/900/005/900005423/1-2705-3-C-XXX-X5.jpg,https://pemilu2019.kpu.go.id/img/c/900/005/900005423/1-2705-3-C-XXX-X6.jpg
1245227012705900005424,ACEH,PIDIE,MUARA TIGA,KEUPULA,TPS 4,2019-10-25 05:00:03,8,201,252,209,209,209,0,https://pemilu2019.kpu.go.id/img/c/900/005/900005424/1-2705-4-C-XXX-X5.jpg,https://pemilu2019.kpu.go.id/img/c/900/005/900005424/1-2705-4-C-XXX-X6.jpg
1245227012705900005425,ACEH,PIDIE,MUARA TIGA,KEUPULA,TPS 5,2019-10-25 05:00:03,10,175,249,186,186,185,1,https://pemilu2019.kpu.go.id/img/c/900/005/900005425/1-2705-5-C-XXX-X5.jpg,https://pemilu2019.kpu.go.id/img/c/900/005/900005425/1-2705-5-C-XXX-X6.jpg
1245227012705900005426,ACEH,PIDIE,MUARA TIGA,KEUPULA,TPS 6,2019-10-25 05:00:03,0,166,239,166,166,166,0,https://pemilu2019.kpu.go.id/img/c/900/005/900005426/1-2705-6-C-XXX-X5.jpg,https://pemilu2019.kpu.go.id/img/c/900/005/900005426/1-2705-6-C-XXX-X6.jpg
1245227012709900005435,ACEH,PIDIE,MUARA TIGA,KRUENG,TPS 1,2019-10-25 05:00:03,3,43,55,47,47,46,1,https://pemilu2019.kpu.go.id/img/c/900/005/900005435/1-2709-1-C-XXX-X5.jpg,https://pemilu2019.kpu.go.id/img/c/900/005/900005435/1-2709-1-C-XXX-X6.jpg
1245227012704900005416,ACEH,PIDIE,MUARA TIGA,MESJID,TPS 1,2019-10-25 05:00:03,5,163,244,175,175,168,7,https://pemilu2019.kpu.go.id/img/c/900/005/900005416/2-2704-1-C-XXX-X5.jpg,https://pemilu2019.kpu.go.id/img/c/900/005/900005416/2-2704-1-C-XXX-X6.jpg
1245227012704900005417,ACEH,PIDIE,MUARA TIGA,MESJID,TPS 2,2019-10-25 05:00:03,4,184,259,189,189,188,1,https://pemilu2019.kpu.go.id/img/c/900/005/900005417/1-2704-2-C-XXX-X5.jpg,https://pemilu2019.kpu.go.id/img/c/900/005/900005417/1-2704-2-C-XXX-X6.jpg
1245227012704900005418,ACEH,PIDIE,MUARA TIGA,MESJID,TPS 3,2019-10-25 05:00:03,1,183,257,185,185,184,1,https://pemilu2019.kpu.go.id/img/c/900/005/900005418/1-2704-3-C-XXX-X5.jpg,https://pemilu2019.kpu.go.id/img/c/900/005/900005418/1-2704-3-C-XXX-X6.jpg
1245227012704900005419,ACEH,PIDIE,MUARA TIGA,MESJID,TPS 4,2019-10-25 05:00:03,4,166,246,170,170,170,0,https://pemilu2019.kpu.go.id/img/c/900/005/900005419/1-2704-4-C-XXX-X5.jpg,https://pemilu2019.kpu.go.id/img/c/900/005/900005419/1-2704-4-C-XXX-X6.jpg
1245227012704900005420,ACEH,PIDIE,MUARA TIGA,MESJID,TPS 5,2019-10-25 05:00:03,6,142,226,148,148,148,0,https://pemilu2019.kpu.go.id/img/c/900/005/900005420/1-2704-5-C-XXX-X5.jpg,https://pemilu2019.kpu.go.id/img/c/900/005/900005420/1-2704-5-C-XXX-X6.jpg
1245227012717900005455,ACEH,PIDIE,MUARA TIGA,PAPEUEN,TPS 1,2019-10-25 05:00:03,7,203,261,218,218,210,8,https://pemilu2019.kpu.go.id/img/c/900/005/900005455/1-2717-1-C-XXX-X5.jpg,https://pemilu2019.kpu.go.id/img/c/900/005/900005455/1-2717-1-C-XXX-X6.jpg
1245227012717900005456,ACEH,PIDIE,MUARA TIGA,PAPEUEN,TPS 2,2019-10-25 05:00:03,4,174,219,183,183,178,5,https://pemilu2019.kpu.go.id/img/c/900/005/900005456/1-2717-2-C-XXX-X5.jpg,https://pemilu2019.kpu.go.id/img/c/900/005/900005456/1-2717-2-C-XXX-X6.jpg
1245227012707900005432,ACEH,PIDIE,MUARA TIGA,PAWOD,TPS 1,2019-10-25 05:00:03,7,122,157,130,130,129,1,https://pemilu2019.kpu.go.id/img/c/900/005/900005432/1-2707-1-C-XXX-X5.jpg,https://pemilu2019.kpu.go.id/img/c/900/005/900005432/1-2707-1-C-XXX-X6.jpg
1245227012707900005433,ACEH,PIDIE,MUARA TIGA,PAWOD,TPS 2,2019-10-25 05:00:03,6,117,160,127,127,123,4,https://pemilu2019.kpu.go.id/img/c/900/005/900005433/1-2707-2-C-XXX-X5.jpg,https://pemilu2019.kpu.go.id/img/c/900/005/900005433/1-2707-2-C-XXX-X6.jpg
1245227012712900005439,ACEH,PIDIE,MUARA TIGA,SAGOE,TPS 1,2019-10-25 05:00:03,10,170,232,192,192,180,12,https://pemilu2019.kpu.go.id/img/c/900/005/900005439/1-2712-1-C-XXX-X5.jpg,https://pemilu2019.kpu.go.id/img/c/900/005/900005439/1-2712-1-C-XXX-X6.jpg
1245227012712900005440,ACEH,PIDIE,MUARA TIGA,SAGOE,TPS 2,2019-10-25 05:00:03,4,180,225,186,186,184,2,https://pemilu2019.kpu.go.id/img/c/900/005/900005440/1-2712-2-C-XXX-X5.jpg,https://pemilu2019.kpu.go.id/img/c/900/005/900005440/1-2712-2-C-XXX-X6.jpg
1245227012712900005441,ACEH,PIDIE,MUARA TIGA,SAGOE,TPS 3,2019-10-25 05:00:03,12,161,221,176,176,173,3,https://pemilu2019.kpu.go.id/img/c/900/005/900005441/1-2712-3-C1-PPWP-X1.jpg,https://pemilu2019.kpu.go.id/img/c/900/005/900005441/1-2712-3-C1-PPWP-X2.jpg
1245227012712900005442,ACEH,PIDIE,MUARA TIGA,SAGOE,TPS 4,2019-10-25 05:00:03,13,161,222,180,180,174,6,https://pemilu2019.kpu.go.id/img/c/900/005/900005442/1-2712-4-C-XXX-X5.jpg,https://pemilu2019.kpu.go.id/img/c/900/005/900005442/1-2712-4-C-XXX-X6.jpg
124522701927863900801652,ACEH,PIDIE,MUARA TIGA,SIMPANG BEUTONG,TPS 1,2019-10-25 05:00:03,13,169,221,187,187,182,5,https://pemilu2019.kpu.go.id/img/c/900/801/900801652/1-927863-1-C-XXX-X5.jpg,https://pemilu2019.kpu.go.id/img/c/900/801/900801652/1-927863-1-C-XXX-X6.jpg
124522701927863900801653,ACEH,PIDIE,MUARA TIGA,SIMPANG BEUTONG,TPS 2,2019-10-25 05:00:03,18,168,249,192,192,186,6,https://pemilu2019.kpu.go.id/img/c/900/801/900801653/1-927863-2-C-XXX-X5.jpg,https://pemilu2019.kpu.go.id/img/c/900/801/900801653/1-927863-2-C-XXX-X6.jpg
1245227012706900005427,ACEH,PIDIE,MUARA TIGA,SUKA JAYA,TPS 1,2019-10-25 05:00:03,7,202,254,209,209,209,0,https://pemilu2019.kpu.go.id/img/c/900/005/900005427/1-2706-1-C-XXX-X5.jpg,https://pemilu2019.kpu.go.id/img/c/900/005/900005427/1-2706-1-C-XXX-X6.jpg
1245227012706900005428,ACEH,PIDIE,MUARA TIGA,SUKA JAYA,TPS 2,2019-10-25 05:00:03,3,202,257,210,210,205,5,https://pemilu2019.kpu.go.id/img/c/900/005/900005428/1-2706-2-C-XXX-X5.jpg,https://pemilu2019.kpu.go.id/img/c/900/005/900005428/1-2706-2-C-XXX-X6.jpg
1245227012706900005429,ACEH,PIDIE,MUARA TIGA,SUKA JAYA,TPS 3,2019-10-25 05:00:03,9,209,259,218,218,218,0,https://pemilu2019.kpu.go.id/img/c/900/005/900005429/1-2706-3-C-XXX-X5.jpg,https://pemilu2019.kpu.go.id/img/c/900/005/900005429/1-2706-3-C-XXX-X6.jpg
1245227012706900005430,ACEH,PIDIE,MUARA TIGA,SUKA JAYA,TPS 4,2019-10-25 05:00:03,6,202,249,211,211,208,3,https://pemilu2019.kpu.go.id/img/c/900/005/900005430/1-2706-4-C-XXX-X5.jpg,https://pemilu2019.kpu.go.id/img/c/900/005/900005430/1-2706-4-C-XXX-X6.jpg
1245227012706900005431,ACEH,PIDIE,MUARA TIGA,SUKA JAYA,TPS 5,2019-10-25 05:00:03,2,194,252,199,199,194,3,https://pemilu2019.kpu.go.id/img/c/900/005/900005431/1-2706-5-C1-PPWP-X1.jpg,https://pemilu2019.kpu.go.id/img/c/900/005/900005431/1-2706-5-C1-PPWP-X2.jpg
1245227012703900005410,ACEH,PIDIE,MUARA TIGA,TGK DI LAWEUNG,TPS 1,2019-10-25 05:00:03,5,217,298,227,227,222,5,https://pemilu2019.kpu.go.id/img/c/900/005/900005410/1-2703-1-C1-PPWP-X1.jpg,https://pemilu2019.kpu.go.id/img/c/900/005/900005410/1-2703-1-C1-PPWP-X2.jpg
1245227012703900005411,ACEH,PIDIE,MUARA TIGA,TGK DI LAWEUNG,TPS 2,2019-10-25 05:00:03,0,229,281,230,230,229,1,https://pemilu2019.kpu.go.id/img/c/900/005/900005411/1-2703-2-C1-PPWP-X1.jpg,https://pemilu2019.kpu.go.id/img/c/900/005/900005411/1-2703-2-C1-PPWP-X2.jpg
1245227012703900005412,ACEH,PIDIE,MUARA TIGA,TGK DI LAWEUNG,TPS 3,2019-10-25 05:00:03,3,233,290,240,240,236,4,https://pemilu2019.kpu.go.id/img/c/900/005/900005412/1-2703-3-C1-PPWP-X1.jpg,https://pemilu2019.kpu.go.id/img/c/900/005/900005412/1-2703-3-C1-PPWP-X2.jpg
1245227012703900005413,ACEH,PIDIE,MUARA TIGA,TGK DI LAWEUNG,TPS 4,2019-10-25 05:00:03,7,229,283,238,238,236,2,https://pemilu2019.kpu.go.id/img/c/900/005/900005413/1-2703-4-C1-PPWP-X1.jpg,https://pemilu2019.kpu.go.id/img/c/900/005/900005413/1-2703-4-C1-PPWP-X2.jpg
1245227012703900005414,ACEH,PIDIE,MUARA TIGA,TGK DI LAWEUNG,TPS 5,2019-10-25 05:00:03,5,176,288,187,187,181,6,https://pemilu2019.kpu.go.id/img/c/900/005/900005414/1-2703-5-C1-PPWP-X1.jpg,https://pemilu2019.kpu.go.id/img/c/900/005/900005414/1-2703-5-C1-PPWP-X2.jpg
1245227012703900005415,ACEH,PIDIE,MUARA TIGA,TGK DI LAWEUNG,TPS 6,2019-10-25 05:00:03,2,209,290,212,212,211,1,https://pemilu2019.kpu.go.id/img/c/900/005/900005415/1-2703-6-C1-PPWP-X1.jpg,https://pemilu2019.kpu.go.id/img/c/900/005/900005415/1-2703-6-C1-PPWP-X2.jpg
1245227012718900005457,ACEH,PIDIE,MUARA TIGA,TUHA BIHEUE,TPS 1,2019-10-25 05:00:03,5,165,182,174,174,170,4,https://pemilu2019.kpu.go.id/img/c/900/005/900005457/2-2718-1-C1-PPWP-X1.jpg,https://pemilu2019.kpu.go.id/img/c/900/005/900005457/2-2718-1-C1-PPWP-X2.jpg
1245227012718900005458,ACEH,PIDIE,MUARA TIGA,TUHA BIHEUE,TPS 2,2019-10-25 05:00:03,3,165,180,176,176,168,8,https://pemilu2019.kpu.go.id/img/c/900/005/900005458/1-2718-2-C1-PPWP-X1.jpg,https://pemilu2019.kpu.go.id/img/c/900/005/900005458/1-2718-2-C1-PPWP-X2.jpg
1245227012713900005443,ACEH,PIDIE,MUARA TIGA,UJONG PIE,TPS 1,2019-10-25 05:00:03,21,200,291,252,252,221,31,https://pemilu2019.kpu.go.id/img/c/900/005/900005443/1-2713-1-C-XXX-X5.jpg,https://pemilu2019.kpu.go.id/img/c/900/005/900005443/1-2713-1-C-XXX-X6.jpg
1245227012713900005444,ACEH,PIDIE,MUARA TIGA,UJONG PIE,TPS 2,2019-10-25 05:00:03,26,189,280,227,227,215,12,https://pemilu2019.kpu.go.id/img/c/900/005/900005444/1-2713-2-C-XXX-X5.jpg,https://pemilu2019.kpu.go.id/img/c/900/005/900005444/1-2713-2-C-XXX-X6.jpg
1245227012713900005445,ACEH,PIDIE,MUARA TIGA,UJONG PIE,TPS 3,2019-10-25 05:00:03,15,195,279,226,226,210,16,https://pemilu2019.kpu.go.id/img/c/900/005/900005445/1-2713-3-C-XXX-X5.jpg,https://pemilu2019.kpu.go.id/img/c/900/005/900005445/1-2713-3-C-XXX-X6.jpg
1245227202749900005519,ACEH,PIDIE,MUTIARA,BALE BARO KEUMANGAN,TPS 1,2019-10-25 05:00:03,6,157,230,169,169,163,6,https://pemilu2019.kpu.go.id/img/c/900/005/900005519/1-2749-1-C-XXX-X5.jpg,https://pemilu2019.kpu.go.id/img/c/900/005/900005519/1-2749-1-C-XXX-X6.jpg
1245227202749900005520,ACEH,PIDIE,MUTIARA,BALE BARO KEUMANGAN,TPS 2,2019-10-25 05:00:03,7,157,173,173,173,164,9,https://pemilu2019.kpu.go.id/img/c/900/005/900005520/1-2749-2-C-XXX-X5.jpg,https://pemilu2019.kpu.go.id/img/c/900/005/900005520/1-2749-2-C-XXX-X6.jpg
1245227202746900005512,ACEH,PIDIE,MUTIARA,BALEE BUSU,TPS 1,2019-10-25 05:00:03,7,143,220,153,153,150,3,https://pemilu2019.kpu.go.id/img/c/900/005/900005512/1-2746-1-C-XXX-X5.jpg,https://pemilu2019.kpu.go.id/img/c/900/005/900005512/1-2746-1-C-XXX-X6.jpg
1245227202746900005513,ACEH,PIDIE,MUTIARA,BALEE BUSU,TPS 2,2019-10-25 05:00:03,3,165,226,171,171,168,3,https://pemilu2019.kpu.go.id/img/c/900/005/900005513/1-2746-2-C-XXX-X5.jpg,https://pemilu2019.kpu.go.id/img/c/900/005/900005513/1-2746-2-C-XXX-X6.jpg
1245227202746900005514,ACEH,PIDIE,MUTIARA,BALEE BUSU,TPS 3,2019-10-25 05:00:03,10,152,218,166,166,162,4,https://pemilu2019.kpu.go.id/img/c/900/005/900005514/1-2746-3-C-XXX-X5.jpg,https://pemilu2019.kpu.go.id/img/c/900/005/900005514/1-2746-3-C-XXX-X6.jpg
1245227202725900005472,ACEH,PIDIE,MUTIARA,BAROH BARAT YAMAN,TPS 1,2019-10-25 05:00:03,9,185,281,195,195,194,1,https://pemilu2019.kpu.go.id/img/c/900/005/900005472/1-2725-1-C-XXX-X5.jpg,https://pemilu2019.kpu.go.id/img/c/900/005/900005472/1-2725-1-C-XXX-X6.jpg
1245227202725900005473,ACEH,PIDIE,MUTIARA,BAROH BARAT YAMAN,TPS 2,2019-10-25 05:00:03,8,168,269,178,178,176,2,https://pemilu2019.kpu.go.id/img/c/900/005/900005473/1-2725-2-C-XXX-X5.jpg,https://pemilu2019.kpu.go.id/img/c/900/005/900005473/1-2725-2-C-XXX-X6.jpg
1245227202725900005474,ACEH,PIDIE,MUTIARA,BAROH BARAT YAMAN,TPS 3,2019-10-25 05:00:03,10,177,242,191,191,187,4,https://pemilu2019.kpu.go.id/img/c/900/005/900005474/1-2725-3-C-XXX-X5.jpg,https://pemilu2019.kpu.go.id/img/c/900/005/900005474/1-2725-3-C-XXX-X6.jpg
1245227202725900005475,ACEH,PIDIE,MUTIARA,BAROH BARAT YAMAN,TPS 4,2019-10-25 05:00:03,11,165,229,182,182,176,6,https://pemilu2019.kpu.go.id/img/c/900/005/900005475/1-2725-4-C-XXX-X5.jpg,https://pemilu2019.kpu.go.id/img/c/900/005/900005475/1-2725-4-C-XXX-X6.jpg
1245227202722900005461,ACEH,PIDIE,MUTIARA,BARO YAMAN,TPS 1,2019-10-25 05:00:03,15,141,280,161,161,156,5,https://pemilu2019.kpu.go.id/img/c/900/005/900005461/1-2722-1-C-XXX-X5.jpg,https://pemilu2019.kpu.go.id/img/c/900/005/900005461/1-2722-1-C-XXX-X6.jpg
1245227202722900005462,ACEH,PIDIE,MUTIARA,BARO YAMAN,TPS 2,2019-10-25 05:00:03,7,151,279,167,167,158,9,https://pemilu2019.kpu.go.id/img/c/900/005/900005462/1-2722-2-C-XXX-X5.jpg,https://pemilu2019.kpu.go.id/img/c/900/005/900005462/1-2722-2-C-XXX-X6.jpg
1245227202722900005463,ACEH,PIDIE,MUTIARA,BARO YAMAN,TPS 3,2019-10-25 05:00:03,12,160,267,176,176,172,4,https://pemilu2019.kpu.go.id/img/c/900/005/900005463/1-2722-3-C-XXX-X5.jpg,https://pemilu2019.kpu.go.id/img/c/900/005/900005463/1-2722-3-C-XXX-X6.jpg
1245227202722900005464,ACEH,PIDIE,MUTIARA,BARO YAMAN,TPS 4,2019-10-25 05:00:03,15,149,282,165,165,164,1,https://pemilu2019.kpu.go.id/img/c/900/005/900005464/1-2722-4-C-XXX-X5.jpg,https://pemilu2019.kpu.go.id/img/c/900/005/900005464/1-2722-4-C-XXX-X6.jpg
1245227202722900005465,ACEH,PIDIE,MUTIARA,BARO YAMAN,TPS 5,2019-10-25 05:00:03,9,133,275,142,142,142,0,https://pemilu2019.kpu.go.id/img/c/900/005/900005465/1-2722-5-C-XXX-X5.jpg,https://pemilu2019.kpu.go.id/img/c/900/005/900005465/1-2722-5-C-XXX-X6.jpg
1245227202734900005489,ACEH,PIDIE,MUTIARA,BLANG BEUREUEH,TPS 1,2019-10-25 05:00:03,17,217,298,239,239,234,5,https://pemilu2019.kpu.go.id/img/c/900/005/900005489/1-2734-1-C-XXX-X5.jpg,https://pemilu2019.kpu.go.id/img/c/900/005/900005489/1-2734-1-C-XXX-X6.jpg
1245227202734900005490,ACEH,PIDIE,MUTIARA,BLANG BEUREUEH,TPS 2,2019-10-25 05:00:03,6,228,291,240,240,234,6,https://pemilu2019.kpu.go.id/img/c/900/005/900005490/1-2734-2-C-XXX-X5.jpg,https://pemilu2019.kpu.go.id/img/c/900/005/900005490/1-2734-2-C-XXX-X6.jpg
1245227202729900005481,ACEH,PIDIE,MUTIARA,BLANG LILEUE,TPS 1,2019-10-25 05:00:03,18,129,194,152,152,147,5,https://pemilu2019.kpu.go.id/img/c/900/005/900005481/3-2729-1-C1-PPWP-X1.jpg,https://pemilu2019.kpu.go.id/img/c/900/005/900005481/3-2729-1-C1-PPWP-X2.jpg
1245227202729900005482,ACEH,PIDIE,MUTIARA,BLANG LILEUE,TPS 2,2019-10-25 05:00:03,15,132,194,153,153,147,6,https://pemilu2019.kpu.go.id/img/c/900/005/900005482/1-2729-2-C-XXX-X5.jpg,https://pemilu2019.kpu.go.id/img/c/900/005/900005482/1-2729-2-C-XXX-X6.jpg
1245227202728900005480,ACEH,PIDIE,MUTIARA,BLANG TIDIEK,TPS 1,2019-10-25 05:00:03,10,179,225,194,194,189,5,https://pemilu2019.kpu.go.id/img/c/900/005/900005480/3-2728-1-C1-PPWP-X1.jpg,https://pemilu2019.kpu.go.id/img/c/900/005/900005480/3-2728-1-C1-PPWP-X2.jpg
1245227202735900005491,ACEH,PIDIE,MUTIARA,DAYAH BEUREUEH,TPS 1,2019-10-25 05:00:03,7,134,185,143,143,141,2,https://pemilu2019.kpu.go.id/img/c/900/005/900005491/1-2735-1-C-XXX-X5.jpg,https://pemilu2019.kpu.go.id/img/c/900/005/900005491/1-2735-1-C-XXX-X6.jpg
1245227202735900005492,ACEH,PIDIE,MUTIARA,DAYAH BEUREUEH,TPS 2,2019-10-25 05:00:03,14,121,184,137,137,135,2,https://pemilu2019.kpu.go.id/img/c/900/005/900005492/1-2735-2-C-XXX-X5.jpg,https://pemilu2019.kpu.go.id/img/c/900/005/900005492/1-2735-2-C-XXX-X6.jpg
1245227202743900005506,ACEH,PIDIE,MUTIARA,DAYAH SYARIEF BUSU,TPS 1,2019-10-25 05:00:03,7,166,243,175,176,173,3,https://pemilu2019.kpu.go.id/img/c/900/005/900005506/1-2743-1-C-XXX-X5.jpg,https://pemilu2019.kpu.go.id/img/c/900/005/900005506/1-2743-1-C-XXX-X6.jpg
1245227202743900005507,ACEH,PIDIE,MUTIARA,DAYAH SYARIEF BUSU,TPS 2,2019-10-25 05:00:03,2,189,265,194,194,191,3,https://pemilu2019.kpu.go.id/img/c/900/005/900005507/1-2743-2-C-XXX-X5.jpg,https://pemilu2019.kpu.go.id/img/c/900/005/900005507/1-2743-2-C-XXX-X6.jpg
1245227202732900005486,ACEH,PIDIE,MUTIARA,DAYAH TIDIEK,TPS 1,2019-10-25 05:00:03,4,224,281,234,234,228,6,https://pemilu2019.kpu.go.id/img/c/900/005/900005486/1-2732-1-C-XXX-X5.jpg,https://pemilu2019.kpu.go.id/img/c/900/005/900005486/1-2732-1-C-XXX-X6.jpg
1245227202727900005478,ACEH,PIDIE,MUTIARA,JADAN,TPS 1,2019-10-25 05:00:03,10,179,222,197,197,189,8,https://pemilu2019.kpu.go.id/img/c/900/005/900005478/1-2727-1-C-XXX-X5.jpg,https://pemilu2019.kpu.go.id/img/c/900/005/900005478/1-2727-1-C-XXX-X6.jpg
1245227202727900005479,ACEH,PIDIE,MUTIARA,JADAN,TPS 2,2019-10-25 05:00:03,4,184,222,198,198,188,10,https://pemilu2019.kpu.go.id/img/c/900/005/900005479/1-2727-2-C-XXX-X5.jpg,https://pemilu2019.kpu.go.id/img/c/900/005/900005479/1-2727-2-C-XXX-X6.jpg
1245227202730900005483,ACEH,PIDIE,MUTIARA,KEUMANGAN CUT,TPS 1,2019-10-25 05:00:03,5,193,236,202,202,198,4,https://pemilu2019.kpu.go.id/img/c/900/005/900005483/1-2730-1-C-XXX-X5.jpg,https://pemilu2019.kpu.go.id/img/c/900/005/900005483/1-2730-1-C-XXX-X6.jpg
1245227202748900005517,ACEH,PIDIE,MUTIARA,KUMBANG BUSU,TPS 1,2019-10-25 05:00:03,16,175,237,197,197,191,6,https://pemilu2019.kpu.go.id/img/c/900/005/900005517/1-2748-1-C-XXX-X5.jpg,https://pemilu2019.kpu.go.id/img/c/900/005/900005517/1-2748-1-C-XXX-X6.jpg
1245227202748900005518,ACEH,PIDIE,MUTIARA,KUMBANG BUSU,TPS 2,2019-10-25 05:00:03,18,141,225,177,177,159,17,https://pemilu2019.kpu.go.id/img/c/900/005/900005518/2-2748-2-C-XXX-X5.jpg,https://pemilu2019.kpu.go.id/img/c/900/005/900005518/2-2748-2-C-XXX-X6.jpg
1245227202740900005500,ACEH,PIDIE,MUTIARA,LAMPOIH SIRONG,TPS 1,2019-10-25 05:00:03,7,172,247,184,184,179,5,https://pemilu2019.kpu.go.id/img/c/900/005/900005500/1-2740-1-C-XXX-X5.jpg,https://pemilu2019.kpu.go.id/img/c/900/005/900005500/1-2740-1-C-XXX-X6.jpg
1245227202740900005501,ACEH,PIDIE,MUTIARA,LAMPOIH SIRONG,TPS 2,2019-10-25 05:00:03,16,154,236,179,179,170,9,https://pemilu2019.kpu.go.id/img/c/900/005/900005501/1-2740-2-C-XXX-X5.jpg,https://pemilu2019.kpu.go.id/img/c/900/005/900005501/1-2740-2-C-XXX-X6.jpg
1245227202747900005515,ACEH,PIDIE,MUTIARA,LINGKOK BUSU,TPS 1,2019-10-25 05:00:03,12,112,188,133,133,124,9,https://pemilu2019.kpu.go.id/img/c/900/005/900005515/1-2747-1-C-XXX-X5.jpg,https://pemilu2019.kpu.go.id/img/c/900/005/900005515/1-2747-1-C1-PPWP-02.jpg
1245227202747900005516,ACEH,PIDIE,MUTIARA,LINGKOK BUSU,TPS 2,2019-10-25 05:00:03,15,122,201,141,141,137,4,https://pemilu2019.kpu.go.id/img/c/900/005/900005516/1-2747-2-C-XXX-X5.jpg,https://pemilu2019.kpu.go.id/img/c/900/005/900005516/1-2747-2-C-XXX-X6.jpg
1245227202733900005487,ACEH,PIDIE,MUTIARA,LUENG SAGOE,TPS 1,2019-10-25 05:00:03,17,214,274,247,247,231,16,https://pemilu2019.kpu.go.id/img/c/900/005/900005487/1-2733-1-C-XXX-X5.jpg,https://pemilu2019.kpu.go.id/img/c/900/005/900005487/1-2733-1-C-XXX-X6.jpg
1245227202733900005488,ACEH,PIDIE,MUTIARA,LUENG SAGOE,TPS 2,2019-10-25 05:00:03,16,205,277,229,229,221,8,https://pemilu2019.kpu.go.id/img/c/900/005/900005488/1-2733-2-C-XXX-X5.jpg,https://pemilu2019.kpu.go.id/img/c/900/005/900005488/1-2733-2-C-XXX-X6.jpg
1245227202741900005502,ACEH,PIDIE,MUTIARA,MEE PANYANG BUSU,TPS 1,2019-10-25 05:00:03,15,96,177,122,122,111,11,https://pemilu2019.kpu.go.id/img/c/900/005/900005502/1-2741-1-C-XXX-X5.jpg,https://pemilu2019.kpu.go.id/img/c/900/005/900005502/1-2741-1-C-XXX-X6.jpg
1245227202741900005503,ACEH,PIDIE,MUTIARA,MEE PANYANG BUSU,TPS 2,2019-10-25 05:00:03,12,114,171,128,128,126,2,https://pemilu2019.kpu.go.id/img/c/900/005/900005503/2-2741-2-C-XXX-X5.jpg,https://pemilu2019.kpu.go.id/img/c/900/005/900005503/2-2741-2-C-XXX-X6.jpg
1245227202723900005466,ACEH,PIDIE,MUTIARA,MEE TEUNGOH,TPS 1,2019-10-25 05:00:03,9,208,281,222,222,217,5,https://pemilu2019.kpu.go.id/img/c/900/005/900005466/1-2723-1-C-XXX-X5.jpg,https://pemilu2019.kpu.go.id/img/c/900/005/900005466/1-2723-1-C-XXX-X6.jpg
1245227202723900005467,ACEH,PIDIE,MUTIARA,MEE TEUNGOH,TPS 2,2019-10-25 05:00:03,7,197,270,210,210,204,6,https://pemilu2019.kpu.go.id/img/c/900/005/900005467/1-2723-2-C-XXX-X5.jpg,https://pemilu2019.kpu.go.id/img/c/900/005/900005467/1-2723-2-C-XXX-X6.jpg
1245227202723900005468,ACEH,PIDIE,MUTIARA,MEE TEUNGOH,TPS 3,2019-10-25 05:00:03,4,190,269,199,199,194,5,https://pemilu2019.kpu.go.id/img/c/900/005/900005468/1-2723-3-C-XXX-X5.jpg,https://pemilu2019.kpu.go.id/img/c/900/005/900005468/1-2723-3-C-XXX-X6.jpg
1245227202731900005484,ACEH,PIDIE,MUTIARA,MESJID KEUMANGAN,TPS 1,2019-10-25 05:00:03,6,127,203,138,138,133,5,https://pemilu2019.kpu.go.id/img/c/900/005/900005484/1-2731-1-C-XXX-X5.jpg,https://pemilu2019.kpu.go.id/img/c/900/005/900005484/1-2731-1-C-XXX-X6.jpg
1245227202731900005485,ACEH,PIDIE,MUTIARA,MESJID KEUMANGAN,TPS 2,2019-10-25 05:00:03,7,134,200,146,146,141,5,https://pemilu2019.kpu.go.id/img/c/900/005/900005485/1-2731-2-C-XXX-X35.jpg,https://pemilu2019.kpu.go.id/img/c/900/005/900005485/1-2731-2-C-XXX-X36.jpg
1245227202721900005459,ACEH,PIDIE,MUTIARA,MESJID YAMAN,TPS 1,2019-10-25 05:00:03,6,210,270,221,221,216,5,https://pemilu2019.kpu.go.id/img/c/900/005/900005459/1-2721-1-C-XXX-X5.jpg,https://pemilu2019.kpu.go.id/img/c/900/005/900005459/1-2721-1-C-XXX-X6.jpg
1245227202721900005460,ACEH,PIDIE,MUTIARA,MESJID YAMAN,TPS 2,2019-10-25 05:00:03,16,209,260,227,227,225,2,https://pemilu2019.kpu.go.id/img/c/900/005/900005460/1-2721-2-C-XXX-X5.jpg,https://pemilu2019.kpu.go.id/img/c/900/005/900005460/1-2721-2-C-XXX-X6.jpg
1245227202739900005498,ACEH,PIDIE,MUTIARA,PALOH KAMBUEK,TPS 1,2019-10-25 05:00:03,7,160,242,173,173,167,6,https://pemilu2019.kpu.go.id/img/c/900/005/900005498/1-2739-1-C-XXX-X5.jpg,https://pemilu2019.kpu.go.id/img/c/900/005/900005498/1-2739-1-C-XXX-X6.jpg
1245227202739900005499,ACEH,PIDIE,MUTIARA,PALOH KAMBUEK,TPS 2,2019-10-25 05:00:03,14,174,243,195,195,188,7,https://pemilu2019.kpu.go.id/img/c/900/005/900005499/1-2739-2-C-XXX-X5.jpg,https://pemilu2019.kpu.go.id/img/c/900/005/900005499/1-2739-2-C-XXX-X6.jpg
1245227202736900005493,ACEH,PIDIE,MUTIARA,PANTE BEUREUEH,TPS 1,2019-10-25 05:00:03,20,116,186,143,143,136,7,https://pemilu2019.kpu.go.id/img/c/900/005/900005493/1-2736-1-C-XXX-X5.jpg,https://pemilu2019.kpu.go.id/img/c/900/005/900005493/1-2736-1-C-XXX-X6.jpg
1245227202738900005497,ACEH,PIDIE,MUTIARA,PAYA TIBA,TPS 1,2019-10-25 05:00:03,16,182,247,209,209,198,11,https://pemilu2019.kpu.go.id/img/c/900/005/900005497/1-2738-1-C-XXX-X5.jpg,https://pemilu2019.kpu.go.id/img/c/900/005/900005497/1-2738-1-C-XXX-X6.jpg
1245227202744900005508,ACEH,PIDIE,MUTIARA,PEUREULAK BUSU,TPS 1,2019-10-25 05:00:03,122,133,212,162,162,155,7,https://pemilu2019.kpu.go.id/img/c/900/005/900005508/1-2744-1-C-XXX-X5.jpg,https://pemilu2019.kpu.go.id/img/c/900/005/900005508/1-2744-1-C-XXX-X6.jpg
1245227202744900005509,ACEH,PIDIE,MUTIARA,PEUREULAK BUSU,TPS 2,2019-10-25 05:00:03,17,140,202,165,165,157,8,https://pemilu2019.kpu.go.id/img/c/900/005/900005509/1-2744-2-C-XXX-X5.jpg,https://pemilu2019.kpu.go.id/img/c/900/005/900005509/1-2744-2-C-XXX-X6.jpg
1245227202737900005494,ACEH,PIDIE,MUTIARA,RAPANA,TPS 1,2019-10-25 05:00:03,15,167,218,189,189,182,7,https://pemilu2019.kpu.go.id/img/c/900/005/900005494/1-2737-1-C-XXX-X5.jpg,https://pemilu2019.kpu.go.id/img/c/900/005/900005494/1-2737-1-C-XXX-X6.jpg
1245227202737900005495,ACEH,PIDIE,MUTIARA,RAPANA,TPS 2,2019-10-25 05:00:03,31,151,220,196,196,182,14,https://pemilu2019.kpu.go.id/img/c/900/005/900005495/1-2737-2-C-XXX-X5.jpg,https://pemilu2019.kpu.go.id/img/c/900/005/900005495/1-2737-2-C-XXX-X6.jpg
1245227202737900005496,ACEH,PIDIE,MUTIARA,RAPANA,TPS 3,2019-10-25 05:00:03,32,160,232,203,203,192,11,https://pemilu2019.kpu.go.id/img/c/900/005/900005496/1-2737-3-C-XXX-X5.jpg,https://pemilu2019.kpu.go.id/img/c/900/005/900005496/1-2737-3-C-XXX-X6.jpg
1245227202742900005504,ACEH,PIDIE,MUTIARA,REULUI BUSU,TPS 1,2019-10-25 05:00:03,12,140,232,171,171,152,19,https://pemilu2019.kpu.go.id/img/c/900/005/900005504/1-2742-1-C-XXX-X5.jpg,https://pemilu2019.kpu.go.id/img/c/900/005/900005504/1-2742-1-C-XXX-X6.jpg
1245227202742900005505,ACEH,PIDIE,MUTIARA,REULUI BUSU,TPS 2,2019-10-25 05:00:03,13,151,229,180,180,164,16,https://pemilu2019.kpu.go.id/img/c/900/005/900005505/1-2742-2-C-XXX-X5.jpg,https://pemilu2019.kpu.go.id/img/c/900/005/900005505/1-2742-2-C-XXX-X6.jpg
1245227202745900005510,ACEH,PIDIE,MUTIARA,RIBEUN BUSU,TPS 1,2019-10-25 05:00:03,7,124,168,140,140,131,9,https://pemilu2019.kpu.go.id/img/c/900/005/900005510/1-2745-1-C-XXX-X5.jpg,https://pemilu2019.kpu.go.id/img/c/900/005/900005510/1-2745-1-C-XXX-X6.jpg
1245227202745900005511,ACEH,PIDIE,MUTIARA,RIBEUN BUSU,TPS 2,2019-10-25 05:00:03,9,118,158,134,134,127,7,https://pemilu2019.kpu.go.id/img/c/900/005/900005511/1-2745-2-C-XXX-X5.jpg,https://pemilu2019.kpu.go.id/img/c/900/005/900005511/1-2745-2-C-XXX-X6.jpg
1245227202724900005469,ACEH,PIDIE,MUTIARA,SENTOSA,TPS 1,2019-10-25 05:00:03,9,195,283,209,209,204,5,https://pemilu2019.kpu.go.id/img/c/900/005/900005469/1-2724-1-C-XXX-X5.jpg,https://pemilu2019.kpu.go.id/img/c/900/005/900005469/1-2724-1-C-XXX-X6.jpg
1245227202724900005470,ACEH,PIDIE,MUTIARA,SENTOSA,TPS 2,2019-10-25 05:00:03,14,197,284,216,216,211,5,https://pemilu2019.kpu.go.id/img/c/900/005/900005470/1-2724-2-C-XXX-X5.jpg,https://pemilu2019.kpu.go.id/img/c/900/005/900005470/1-2724-2-C-XXX-X6.jpg
1245227202724900005471,ACEH,PIDIE,MUTIARA,SENTOSA,TPS 3,2019-10-25 05:00:03,16,207,288,227,227,223,4,https://pemilu2019.kpu.go.id/img/c/900/005/900005471/1-2724-3-C-XXX-X5.jpg,https://pemilu2019.kpu.go.id/img/c/900/005/900005471/1-2724-3-C-XXX-X6.jpg
1245227202726900005476,ACEH,PIDIE,MUTIARA,TUHA GAMPONG GAJAH,TPS 1,2019-10-25 05:00:03,7,129,166,136,136,136,0,https://pemilu2019.kpu.go.id/img/c/900/005/900005476/1-2726-1-C-XXX-X5.jpg,https://pemilu2019.kpu.go.id/img/c/900/005/900005476/1-2726-1-C-XXX-X6.jpg
1245227202726900005477,ACEH,PIDIE,MUTIARA,TUHA GAMPONG GAJAH,TPS 2,2019-10-25 05:00:03,11,100,150,113,113,111,2,https://pemilu2019.kpu.go.id/img/c/900/005/900005477/1-2726-2-C-XXX-X5.jpg,https://pemilu2019.kpu.go.id/img/c/900/005/900005477/1-2726-2-C-XXX-X6.jpg
1245230993139900006190,ACEH,PIDIE,MUTIARA TIMUR,ALUE ADAN,TPS 1,2019-10-25 05:00:03,4,120,165,127,127,124,3,https://pemilu2019.kpu.go.id/img/c/900/006/900006190/3-3139-1-C-XXX-X5.jpg,https://pemilu2019.kpu.go.id/img/c/900/006/900006190/3-3139-1-C-XXX-X6.jpg
1245230993139900006191,ACEH,PIDIE,MUTIARA TIMUR,ALUE ADAN,TPS 2,2019-10-25 05:00:03,2,124,156,132,132,126,6,https://pemilu2019.kpu.go.id/img/c/900/006/900006191/3-3139-2-C-XXX-X5.jpg,https://pemilu2019.kpu.go.id/img/c/900/006/900006191/3-3139-2-C-XXX-X6.jpg
1245230993110900006122,ACEH,PIDIE,MUTIARA TIMUR,BALE UJONG RIMBA,TPS 1,2019-10-25 05:00:03,25,211,290,255,255,236,19,https://pemilu2019.kpu.go.id/img/c/900/006/900006122/3-3110-1-C-XXX-X5.jpg,https://pemilu2019.kpu.go.id/img/c/900/006/900006122/3-3110-1-C-XXX-X6.jpg
1245230993135900006181,ACEH,PIDIE,MUTIARA TIMUR,BARIEH,TPS 1,2019-10-25 05:00:03,16,118,184,141,141,134,7,https://pemilu2019.kpu.go.id/img/c/900/006/900006181/3-3135-1-C-XXX-X5.jpg,https://pemilu2019.kpu.go.id/img/c/900/006/900006181/3-3135-1-C-XXX-X6.jpg
1245230993135900006182,ACEH,PIDIE,MUTIARA TIMUR,BARIEH,TPS 2,2019-10-25 05:00:03,18,100,181,130,130,118,12,https://pemilu2019.kpu.go.id/img/c/900/006/900006182/2-3135-2-C-XXX-X5.jpg,https://pemilu2019.kpu.go.id/img/c/900/006/900006182/2-3135-2-C-XXX-X6.jpg
1245230993116900006133,ACEH,PIDIE,MUTIARA TIMUR,BAROH UJONG RIMBA,TPS 1,2019-10-25 05:00:03,15,139,188,156,156,154,2,https://pemilu2019.kpu.go.id/img/c/900/006/900006133/1-3116-1-C-XXX-X5.jpg,https://pemilu2019.kpu.go.id/img/c/900/006/900006133/1-3116-1-C-XXX-X6.jpg
1245230993116900006134,ACEH,PIDIE,MUTIARA TIMUR,BAROH UJONG RIMBA,TPS 2,2019-10-25 05:00:03,17,106,185,133,133,123,10,https://pemilu2019.kpu.go.id/img/c/900/006/900006134/1-3116-2-C-XXX-X5.jpg,https://pemilu2019.kpu.go.id/img/c/900/006/900006134/1-3116-2-C-XXX-X6.jpg
1245230993100900006098,ACEH,PIDIE,MUTIARA TIMUR,BARO UJONG RIMBA,TPS 1,2019-10-25 05:00:03,12,171,216,186,186,183,3,https://pemilu2019.kpu.go.id/img/c/900/006/900006098/1-3100-1-C1-PPWP-X1.jpg,https://pemilu2019.kpu.go.id/img/c/900/006/900006098/1-3100-1-C1-PPWP-X2.jpg
1245230993126900006157,ACEH,PIDIE,MUTIARA TIMUR,BEUREUEH II,TPS 1,2019-10-25 05:00:03,17,123,181,147,147,140,7,https://pemilu2019.kpu.go.id/img/c/900/006/900006157/3-3126-1-C-XXX-X5.jpg,https://pemilu2019.kpu.go.id/img/c/900/006/900006157/3-3126-1-C-XXX-X6.jpg
1245230993126900006158,ACEH,PIDIE,MUTIARA TIMUR,BEUREUEH II,TPS 2,2019-10-25 05:00:03,2,105,146,116,116,107,9,https://pemilu2019.kpu.go.id/img/c/900/006/900006158/3-3126-2-C-XXX-X5.jpg,https://pemilu2019.kpu.go.id/img/c/900/006/900006158/3-3126-2-C-XXX-X6.jpg
1245230993119900006139,ACEH,PIDIE,MUTIARA TIMUR,BLANGONG BASAH,TPS 1,2019-10-25 05:00:03,29,127,225,168,168,156,12,https://pemilu2019.kpu.go.id/img/c/900/006/900006139/1-3119-1-C-XXX-X5.jpg,https://pemilu2019.kpu.go.id/img/c/900/006/900006139/1-3119-1-C-XXX-X6.jpg
1245230993119900006140,ACEH,PIDIE,MUTIARA TIMUR,BLANGONG BASAH,TPS 2,2019-10-25 05:00:03,16,132,220,154,154,148,6,https://pemilu2019.kpu.go.id/img/c/900/006/900006140/2-3119-2-C-XXX-X5.jpg,https://pemilu2019.kpu.go.id/img/c/900/006/900006140/2-3119-2-C-XXX-X6.jpg
1245230993115900006131,ACEH,PIDIE,MUTIARA TIMUR,BLANG RIEK,TPS 1,2019-10-25 05:00:03,8,127,175,139,139,135,4,https://pemilu2019.kpu.go.id/img/c/900/006/900006131/2-3115-1-C-XXX-X5.jpg,https://pemilu2019.kpu.go.id/img/c/900/006/900006131/2-3115-1-C-XXX-X6.jpg
1245230993115900006132,ACEH,PIDIE,MUTIARA TIMUR,BLANG RIEK,TPS 2,2019-10-25 05:00:03,5,124,159,131,131,129,2,https://pemilu2019.kpu.go.id/img/c/900/006/900006132/3-3115-2-C-XXX-X5.jpg,https://pemilu2019.kpu.go.id/img/c/900/006/900006132/3-3115-2-C-XXX-X6.jpg
1245230993105900006111,ACEH,PIDIE,MUTIARA TIMUR,CAMPLI USI,TPS 1,2019-10-25 05:00:03,17,103,159,127,127,120,7,https://pemilu2019.kpu.go.id/img/c/900/006/900006111/1-3105-1-C-XXX-X5.jpg,https://pemilu2019.kpu.go.id/img/c/900/006/900006111/1-3105-1-C-XXX-X6.jpg
1245230993105900006112,ACEH,PIDIE,MUTIARA TIMUR,CAMPLI USI,TPS 2,2019-10-25 05:00:03,7,94,151,105,105,101,4,https://pemilu2019.kpu.go.id/img/c/900/006/900006112/2-3105-2-C1-PPWP-X1.jpg,https://pemilu2019.kpu.go.id/img/c/900/006/900006112/2-3105-2-C1-PPWP-X2.jpg
1245230993123900006151,ACEH,PIDIE,MUTIARA TIMUR,COT KUTHANG,TPS 1,2019-10-25 05:00:03,15,157,237,181,181,172,9,https://pemilu2019.kpu.go.id/img/c/900/006/900006151/2-3123-1-C-XXX-X5.jpg,https://pemilu2019.kpu.go.id/img/c/900/006/900006151/2-3123-1-C-XXX-X6.jpg
1245230993123900006152,ACEH,PIDIE,MUTIARA TIMUR,COT KUTHANG,TPS 2,2019-10-25 05:00:03,14,136,225,154,154,150,4,https://pemilu2019.kpu.go.id/img/c/900/006/900006152/1-3123-2-C-XXX-X5.jpg,https://pemilu2019.kpu.go.id/img/c/900/006/900006152/1-3123-2-C-XXX-X6.jpg
1245230993138900006187,ACEH,PIDIE,MUTIARA TIMUR,DAYAH ADAN,TPS 1,2019-10-25 05:00:03,12,142,198,157,157,154,3,https://pemilu2019.kpu.go.id/img/c/900/006/900006187/1-3138-1-C-XXX-X5.jpg,https://pemilu2019.kpu.go.id/img/c/900/006/900006187/1-3138-1-C-XXX-X6.jpg
1245230993138900006188,ACEH,PIDIE,MUTIARA TIMUR,DAYAH ADAN,TPS 2,2019-10-25 05:00:03,5,151,194,164,164,156,8,https://pemilu2019.kpu.go.id/img/c/900/006/900006188/1-3138-2-C-XXX-X5.jpg,https://pemilu2019.kpu.go.id/img/c/900/006/900006188/1-3138-2-C-XXX-X6.jpg
1245230993138900006189,ACEH,PIDIE,MUTIARA TIMUR,DAYAH ADAN,TPS 3,2019-10-25 05:00:03,13,137,186,154,157,150,7,https://pemilu2019.kpu.go.id/img/c/900/006/900006189/1-3138-3-C-XXX-X5.jpg,https://pemilu2019.kpu.go.id/img/c/900/006/900006189/1-3138-3-C-XXX-X6.jpg
1245230993122900006150,ACEH,PIDIE,MUTIARA TIMUR,DAYAH KUMBA,TPS 1,2019-10-25 05:00:03,6,173,246,183,183,179,4,https://pemilu2019.kpu.go.id/img/c/900/006/900006150/2-3122-1-C-XXX-X5.jpg,https://pemilu2019.kpu.go.id/img/c/900/006/900006150/2-3122-1-C-XXX-X6.jpg
1245230993124900006153,ACEH,PIDIE,MUTIARA TIMUR,DAYAH TANOH,TPS 1,2019-10-25 05:00:03,10,175,261,194,194,185,9,https://pemilu2019.kpu.go.id/img/c/900/006/900006153/1-3124-1-C-XXX-X5.jpg,https://pemilu2019.kpu.go.id/img/c/900/006/900006153/1-3124-1-C-XXX-X6.jpg
1245230993124900006154,ACEH,PIDIE,MUTIARA TIMUR,DAYAH TANOH,TPS 2,2019-10-25 05:00:03,8,173,250,188,188,181,7,https://pemilu2019.kpu.go.id/img/c/900/006/900006154/1-3124-2-C-XXX-X5.jpg,https://pemilu2019.kpu.go.id/img/c/900/006/900006154/1-3124-2-C-XXX-X6.jpg
1245230993103900006106,ACEH,PIDIE,MUTIARA TIMUR,DAYAH USI,TPS 1,2019-10-25 05:00:03,18,181,240,203,203,199,4,https://pemilu2019.kpu.go.id/img/c/900/006/900006106/1-3103-1-C-XXX-X5.jpg,https://pemilu2019.kpu.go.id/img/c/900/006/900006106/1-3103-1-C-XXX-X6.jpg
1245230993103900006107,ACEH,PIDIE,MUTIARA TIMUR,DAYAH USI,TPS 2,2019-10-25 05:00:03,12,185,237,208,208,197,11,https://pemilu2019.kpu.go.id/img/c/900/006/900006107/2-3103-2-C-XXX-X5.jpg,https://pemilu2019.kpu.go.id/img/c/900/006/900006107/2-3103-2-C-XXX-X6.jpg
1245230993112900006124,ACEH,PIDIE,MUTIARA TIMUR,DIDOH,TPS 1,2019-10-25 05:00:03,26,117,202,154,154,143,11,https://pemilu2019.kpu.go.id/img/c/900/006/900006124/1-3112-1-C-XXX-X5.jpg,https://pemilu2019.kpu.go.id/img/c/900/006/900006124/1-3112-1-C-XXX-X6.jpg
1245230993112900006125,ACEH,PIDIE,MUTIARA TIMUR,DIDOH,TPS 2,2019-10-25 05:00:03,23,137,209,172,172,160,12,https://pemilu2019.kpu.go.id/img/c/900/006/900006125/1-3112-2-C-XXX-X5.jpg,https://pemilu2019.kpu.go.id/img/c/900/006/900006125/1-3112-2-C-XXX-X6.jpg
1245230993114900006129,ACEH,PIDIE,MUTIARA TIMUR,EMPEH,TPS 1,2019-10-25 05:00:03,25,135,220,170,170,160,10,https://pemilu2019.kpu.go.id/img/c/900/006/900006129/1-3114-1-C-XXX-X5.jpg,https://pemilu2019.kpu.go.id/img/c/900/006/900006129/1-3114-1-C-XXX-X6.jpg
1245230993114900006130,ACEH,PIDIE,MUTIARA TIMUR,EMPEH,TPS 2,2019-10-25 05:00:03,31,104,201,140,140,135,5,https://pemilu2019.kpu.go.id/img/c/900/006/900006130/1-3114-2-C-XXX-X5.jpg,https://pemilu2019.kpu.go.id/img/c/900/006/900006130/1-3114-2-C-XXX-X6.jpg
1245230993102900006103,ACEH,PIDIE,MUTIARA TIMUR,GAMPONG COT USI,TPS 1,2019-10-25 05:00:03,8,142,190,151,1,150,1,https://pemilu2019.kpu.go.id/img/c/900/006/900006103/1-3102-1-C-XXX-X5.jpg,https://pemilu2019.kpu.go.id/img/c/900/006/900006103/1-3102-1-C-XXX-X6.jpg
1245230993102900006104,ACEH,PIDIE,MUTIARA TIMUR,GAMPONG COT USI,TPS 2,2019-10-25 05:00:03,7,137,200,144,144,144,0,https://pemilu2019.kpu.go.id/img/c/900/006/900006104/2-3102-2-C-XXX-X5.jpg,https://pemilu2019.kpu.go.id/img/c/900/006/900006104/2-3102-2-C-XXX-X6.jpg
1245230993102900006105,ACEH,PIDIE,MUTIARA TIMUR,GAMPONG COT USI,TPS 3,2019-10-25 05:00:03,7,134,189,144,144,141,3,https://pemilu2019.kpu.go.id/img/c/900/006/900006105/1-3102-3-C-XXX-X5.jpg,https://pemilu2019.kpu.go.id/img/c/900/006/900006105/1-3102-3-C-XXX-X6.jpg
1245230993121900006145,ACEH,PIDIE,MUTIARA TIMUR,GAMPONG LADA,TPS 1,2019-10-25 05:00:03,8,210,287,222,222,218,4,https://pemilu2019.kpu.go.id/img/c/900/006/900006145/2-3121-1-C-XXX-X5.jpg,https://pemilu2019.kpu.go.id/img/c/900/006/900006145/2-3121-1-C-XXX-X6.jpg
1245230993121900006146,ACEH,PIDIE,MUTIARA TIMUR,GAMPONG LADA,TPS 2,2019-10-25 05:00:03,24,186,290,219,219,210,9,https://pemilu2019.kpu.go.id/img/c/900/006/900006146/1-3121-2-C-XXX-X5.jpg,https://pemilu2019.kpu.go.id/img/c/900/006/900006146/1-3121-2-C-XXX-X6.jpg
1245230993121900006147,ACEH,PIDIE,MUTIARA TIMUR,GAMPONG LADA,TPS 3,2019-10-25 05:00:03,17,172,275,194,194,189,5,https://pemilu2019.kpu.go.id/img/c/900/006/900006147/1-3121-3-C-XXX-X5.jpg,https://pemilu2019.kpu.go.id/img/c/900/006/900006147/1-3121-3-C-XXX-X6.jpg
1245230993121900006148,ACEH,PIDIE,MUTIARA TIMUR,GAMPONG LADA,TPS 4,2019-10-25 05:00:03,17,169,276,189,189,186,3,https://pemilu2019.kpu.go.id/img/c/900/006/900006148/1-3121-4-C-XXX-X5.jpg,https://pemilu2019.kpu.go.id/img/c/900/006/900006148/1-3121-4-C-XXX-X6.jpg
1245230993121900006149,ACEH,PIDIE,MUTIARA TIMUR,GAMPONG LADA,TPS 5,2019-10-25 05:00:03,0,1,1,1,1,1,1,https://pemilu2019.kpu.go.id/img/c/900/006/900006149/2-3121-5-C-XXX-X5.jpg,https://pemilu2019.kpu.go.id/img/c/900/006/900006149/2-3121-5-C-XXX-X6.jpg
1245230993146900006206,ACEH,PIDIE,MUTIARA TIMUR,JIEM,TPS 1,2019-10-25 05:00:03,10,161,215,177,177,171,6,https://pemilu2019.kpu.go.id/img/c/900/006/900006206/1-3146-1-C-XXX-X5.jpg,https://pemilu2019.kpu.go.id/img/c/900/006/900006206/1-3146-1-C-XXX-X6.jpg
1245230993146900006207,ACEH,PIDIE,MUTIARA TIMUR,JIEM,TPS 2,2019-10-25 05:00:03,5,175,234,183,183,180,3,https://pemilu2019.kpu.go.id/img/c/900/006/900006207/1-3146-2-C-XXX-X5.jpg,https://pemilu2019.kpu.go.id/img/c/900/006/900006207/1-3146-2-C-XXX-X6.jpg
1245230993146900006208,ACEH,PIDIE,MUTIARA TIMUR,JIEM,TPS 3,2019-10-25 05:00:03,5,177,216,188,188,182,6,https://pemilu2019.kpu.go.id/img/c/900/006/900006208/1-3146-3-C-XXX-X5.jpg,https://pemilu2019.kpu.go.id/img/c/900/006/900006208/1-3146-3-C-XXX-X6.jpg
1245230993101900006099,ACEH,PIDIE,MUTIARA TIMUR,JOJO,TPS 1,2019-10-25 05:00:03,15,169,279,193,193,184,9,https://pemilu2019.kpu.go.id/img/c/900/006/900006099/3101-1-C1-PPWP-X1.jpg,https://pemilu2019.kpu.go.id/img/c/900/006/900006099/3101-1-C1-PPWP-X2.jpg
1245230993101900006100,ACEH,PIDIE,MUTIARA TIMUR,JOJO,TPS 2,2019-10-25 05:00:03,16,180,270,199,199,196,3,https://pemilu2019.kpu.go.id/img/c/900/006/900006100/3101-2-C1-PPWP-X1.jpg,https://pemilu2019.kpu.go.id/img/c/900/006/900006100/3101-2-C1-PPWP-X2.jpg
1245230993101900006101,ACEH,PIDIE,MUTIARA TIMUR,JOJO,TPS 3,2019-10-25 05:00:03,8,160,252,170,170,168,2,https://pemilu2019.kpu.go.id/img/c/900/006/900006101/3101-3-C1-PPWP-X1.jpg,https://pemilu2019.kpu.go.id/img/c/900/006/900006101/3101-3-C1-PPWP-X2.jpg
1245230993101900006102,ACEH,PIDIE,MUTIARA TIMUR,JOJO,TPS 4,2019-10-25 05:00:03,10,149,247,163,163,159,4,https://pemilu2019.kpu.go.id/img/c/900/006/900006102/3101-4-C-XXX-X5.jpg,https://pemilu2019.kpu.go.id/img/c/900/006/900006102/3101-4-C-XXX-X6.jpg
1245230993136900006183,ACEH,PIDIE,MUTIARA TIMUR,JUMPHOIH ADAN,TPS 1,2019-10-25 05:00:03,11,139,196,155,155,150,5,https://pemilu2019.kpu.go.id/img/c/900/006/900006183/1-3136-1-C-XXX-X5.jpg,https://pemilu2019.kpu.go.id/img/c/900/006/900006183/1-3136-1-C-XXX-X6.jpg
1245230993136900006184,ACEH,PIDIE,MUTIARA TIMUR,JUMPHOIH ADAN,TPS 2,2019-10-25 05:00:03,16,119,185,136,136,135,1,https://pemilu2019.kpu.go.id/img/c/900/006/900006184/2-3136-2-C-XXX-X5.jpg,https://pemilu2019.kpu.go.id/img/c/900/006/900006184/2-3136-2-C-XXX-X6.jpg
1245230993129900006165,ACEH,PIDIE,MUTIARA TIMUR,KARIENG,TPS 1,2019-10-25 05:00:03,9,251,285,271,271,260,11,https://pemilu2019.kpu.go.id/img/c/900/006/900006165/1-3129-1-C-XXX-X5.jpg,https://pemilu2019.kpu.go.id/img/c/900/006/900006165/1-3129-1-C-XXX-X6.jpg
1245230993129900006166,ACEH,PIDIE,MUTIARA TIMUR,KARIENG,TPS 2,2019-10-25 05:00:03,6,220,286,237,237,226,11,https://pemilu2019.kpu.go.id/img/c/900/006/900006166/1-3129-2-C-XXX-X5.jpg,https://pemilu2019.kpu.go.id/img/c/900/006/900006166/1-3129-2-C-XXX-X6.jpg
1245230993118900006137,ACEH,PIDIE,MUTIARA TIMUR,KULAM ARA,TPS 1,2019-10-25 05:00:03,9,126,162,137,137,135,2,https://pemilu2019.kpu.go.id/img/c/900/006/900006137/1-3118-1-C-XXX-X5.jpg,https://pemilu2019.kpu.go.id/img/c/900/006/900006137/1-3118-1-C-XXX-X6.jpg
1245230993118900006138,ACEH,PIDIE,MUTIARA TIMUR,KULAM ARA,TPS 2,2019-10-25 05:00:03,3,138,163,144,144,141,3,https://pemilu2019.kpu.go.id/img/c/900/006/900006138/1-3118-2-C-XXX-X5.jpg,https://pemilu2019.kpu.go.id/img/c/900/006/900006138/1-3118-2-C-XXX-X6.jpg
1245230993137900006185,ACEH,PIDIE,MUTIARA TIMUR,ME ADAN,TPS 1,2019-10-25 05:00:03,14,166,262,188,188,180,8,https://pemilu2019.kpu.go.id/img/c/900/006/900006185/2-3137-1-C-XXX-X5.jpg,https://pemilu2019.kpu.go.id/img/c/900/006/900006185/2-3137-1-C-XXX-X6.jpg
1245230993137900006186,ACEH,PIDIE,MUTIARA TIMUR,ME ADAN,TPS 2,2019-10-25 05:00:03,11,189,263,211,212,200,12,https://pemilu2019.kpu.go.id/img/c/900/006/900006186/2-3137-2-C-XXX-X5.jpg,https://pemilu2019.kpu.go.id/img/c/900/006/900006186/2-3137-2-C-XXX-X6.jpg
1245230993106900006113,ACEH,PIDIE,MUTIARA TIMUR,MEE TANJONG USI,TPS 1,2019-10-25 05:00:03,15,171,242,189,189,186,3,https://pemilu2019.kpu.go.id/img/c/900/006/900006113/2-3106-1-C-XXX-X5.jpg,https://pemilu2019.kpu.go.id/img/c/900/006/900006113/2-3106-1-C-XXX-X6.jpg
1245230993106900006114,ACEH,PIDIE,MUTIARA TIMUR,MEE TANJONG USI,TPS 2,2019-10-25 05:00:03,24,171,233,198,198,195,5,https://pemilu2019.kpu.go.id/img/c/900/006/900006114/1-3106-2-C-XXX-X5.jpg,https://pemilu2019.kpu.go.id/img/c/900/006/900006114/1-3106-2-C-XXX-X6.jpg
1245230993106900006115,ACEH,PIDIE,MUTIARA TIMUR,MEE TANJONG USI,TPS 3,2019-10-25 05:00:03,9,154,219,169,169,161,8,https://pemilu2019.kpu.go.id/img/c/900/006/900006115/2-3106-3-C-XXX-X5.jpg,https://pemilu2019.kpu.go.id/img/c/900/006/900006115/2-3106-3-C-XXX-X6.jpg
1245230993133900006175,ACEH,PIDIE,MUTIARA TIMUR,MESJID GUMPUENG,TPS 1,2019-10-25 05:00:03,15,159,229,178,178,174,4,https://pemilu2019.kpu.go.id/img/c/900/006/900006175/2-3133-1-C-XXX-X5.jpg,https://pemilu2019.kpu.go.id/img/c/900/006/900006175/2-3133-1-C-XXX-X6.jpg
1245230993133900006176,ACEH,PIDIE,MUTIARA TIMUR,MESJID GUMPUENG,TPS 2,2019-10-25 05:00:03,13,157,234,178,178,170,8,https://pemilu2019.kpu.go.id/img/c/900/006/900006176/2-3133-2-C-XXX-X5.jpg,https://pemilu2019.kpu.go.id/img/c/900/006/900006176/2-3133-2-C-XXX-X6.jpg
1245230993133900006177,ACEH,PIDIE,MUTIARA TIMUR,MESJID GUMPUENG,TPS 3,2019-10-25 05:00:03,12,132,234,149,149,144,5,https://pemilu2019.kpu.go.id/img/c/900/006/900006177/2-3133-3-C-XXX-X5.jpg,https://pemilu2019.kpu.go.id/img/c/900/006/900006177/2-3133-3-C-XXX-X6.jpg
1245230993127900006159,ACEH,PIDIE,MUTIARA TIMUR,MESJID JEURAT MANYANG,TPS 1,2019-10-25 05:00:03,6,192,258,203,203,198,5,https://pemilu2019.kpu.go.id/img/c/900/006/900006159/2-3127-1-C-XXX-X5.jpg,https://pemilu2019.kpu.go.id/img/c/900/006/900006159/2-3127-1-C-XXX-X6.jpg
1245230993127900006160,ACEH,PIDIE,MUTIARA TIMUR,MESJID JEURAT MANYANG,TPS 2,2019-10-25 05:00:03,9,166,235,182,182,175,7,https://pemilu2019.kpu.go.id/img/c/900/006/900006160/2-3127-2-C-XXX-X5.jpg,https://pemilu2019.kpu.go.id/img/c/900/006/900006160/2-3127-2-C-XXX-X6.jpg
1245230993127900006161,ACEH,PIDIE,MUTIARA TIMUR,MESJID JEURAT MANYANG,TPS 3,2019-10-25 05:00:03,12,185,242,204,204,197,7,https://pemilu2019.kpu.go.id/img/c/900/006/900006161/1-3127-3-C-XXX-X5.jpg,https://pemilu2019.kpu.go.id/img/c/900/006/900006161/1-3127-3-C-XXX-X6.jpg
1245230993107900006116,ACEH,PIDIE,MUTIARA TIMUR,MESJID USI,TPS 1,2019-10-25 05:00:03,12,115,200,141,141,127,14,https://pemilu2019.kpu.go.id/img/c/900/006/900006116/1-3107-1-C-XXX-X5.jpg,https://pemilu2019.kpu.go.id/img/c/900/006/900006116/1-3107-1-C-XXX-X6.jpg
1245230993107900006117,ACEH,PIDIE,MUTIARA TIMUR,MESJID USI,TPS 2,2019-10-25 05:00:03,26,117,199,152,152,143,9,https://pemilu2019.kpu.go.id/img/c/900/006/900006117/2-3107-2-C-XXX-X5.jpg,https://pemilu2019.kpu.go.id/img/c/900/006/900006117/2-3107-2-C-XXX-X6.jpg
1245230993107900006118,ACEH,PIDIE,MUTIARA TIMUR,MESJID USI,TPS 3,2019-10-25 05:00:03,11,112,200,131,131,123,8,https://pemilu2019.kpu.go.id/img/c/900/006/900006118/1-3107-3-C-XXX-X5.jpg,https://pemilu2019.kpu.go.id/img/c/900/006/900006118/1-3107-3-C-XXX-X6.jpg
1245230993141900006194,ACEH,PIDIE,MUTIARA TIMUR,MEUCAT ADAN,TPS 1,2019-10-25 05:00:03,1,187,232,192,192,188,4,https://pemilu2019.kpu.go.id/img/c/900/006/900006194/1-3141-1-C-XXX-X5.jpg,https://pemilu2019.kpu.go.id/img/c/900/006/900006194/1-3141-1-C-XXX-X6.jpg
1245230993141900006195,ACEH,PIDIE,MUTIARA TIMUR,MEUCAT ADAN,TPS 2,2019-10-25 05:00:03,4,182,237,186,186,186,0,https://pemilu2019.kpu.go.id/img/c/900/006/900006195/1-3141-2-C-XXX-X5.jpg,https://pemilu2019.kpu.go.id/img/c/900/006/900006195/1-3141-2-C-XXX-X6.jpg
1245230993113900006126,ACEH,PIDIE,MUTIARA TIMUR,MEUGIT,TPS 1,2019-10-25 05:00:03,24,157,264,191,191,181,10,https://pemilu2019.kpu.go.id/img/c/900/006/900006126/2-3113-1-C-XXX-X5.jpg,https://pemilu2019.kpu.go.id/img/c/900/006/900006126/2-3113-1-C-XXX-X6.jpg
1245230993113900006127,ACEH,PIDIE,MUTIARA TIMUR,MEUGIT,TPS 2,2019-10-25 05:00:03,16,211,287,232,232,227,5,https://pemilu2019.kpu.go.id/img/c/900/006/900006127/1-3113-2-C-XXX-X5.jpg,https://pemilu2019.kpu.go.id/img/c/900/006/900006127/1-3113-2-C-XXX-X6.jpg
1245230993113900006128,ACEH,PIDIE,MUTIARA TIMUR,MEUGIT,TPS 3,2019-10-25 05:00:03,17,192,277,218,218,209,9,https://pemilu2019.kpu.go.id/img/c/900/006/900006128/2-3113-3-C-XXX-X5.jpg,https://pemilu2019.kpu.go.id/img/c/900/006/900006128/2-3113-3-C-XXX-X6.jpg
1245230993117900006135,ACEH,PIDIE,MUTIARA TIMUR,MON ARA,TPS 1,2019-10-25 05:00:03,20,140,172,161,161,160,1,https://pemilu2019.kpu.go.id/img/c/900/006/900006135/1-3117-1-C-XXX-X5.jpg,https://pemilu2019.kpu.go.id/img/c/900/006/900006135/1-3117-1-C-XXX-X6.jpg
1245230993117900006136,ACEH,PIDIE,MUTIARA TIMUR,MON ARA,TPS 2,2019-10-25 05:00:03,37,115,169,158,158,152,6,https://pemilu2019.kpu.go.id/img/c/900/006/900006136/1-3117-2-C-XXX-X5.jpg,https://pemilu2019.kpu.go.id/img/c/900/006/900006136/1-3117-2-C-XXX-X6.jpg
1245230993109900006120,ACEH,PIDIE,MUTIARA TIMUR,NIBONG,TPS 1,2019-10-25 05:00:03,4,112,170,118,120,118,2,https://pemilu2019.kpu.go.id/img/c/900/006/900006120/1-3109-1-C-XXX-X5.jpg,https://pemilu2019.kpu.go.id/img/c/900/006/900006120/1-3109-1-C-XXX-X6.jpg
1245230993109900006121,ACEH,PIDIE,MUTIARA TIMUR,NIBONG,TPS 2,2019-10-25 05:00:03,7,117,169,126,126,124,2,https://pemilu2019.kpu.go.id/img/c/900/006/900006121/1-3109-2-C-XXX-X5.jpg,https://pemilu2019.kpu.go.id/img/c/900/006/900006121/1-3109-2-C-XXX-X6.jpg
1245230993104900006108,ACEH,PIDIE,MUTIARA TIMUR,PALOH LHOK USI,TPS 1,2019-10-25 05:00:03,6,155,206,169,169,161,8,https://pemilu2019.kpu.go.id/img/c/900/006/900006108/1-3104-1-C-XXX-X5.jpg,https://pemilu2019.kpu.go.id/img/c/900/006/900006108/1-3104-1-C-XXX-X6.jpg
1245230993104900006109,ACEH,PIDIE,MUTIARA TIMUR,PALOH LHOK USI,TPS 2,2019-10-25 05:00:03,7,163,197,175,175,140,5,https://pemilu2019.kpu.go.id/img/c/900/006/900006109/1-3104-2-C-XXX-X5.jpg,https://pemilu2019.kpu.go.id/img/c/900/006/900006109/1-3104-2-C-XXX-X6.jpg
1245230993104900006110,ACEH,PIDIE,MUTIARA TIMUR,PALOH LHOK USI,TPS 3,2019-10-25 05:00:03,6,158,210,172,172,164,8,https://pemilu2019.kpu.go.id/img/c/900/006/900006110/1-3104-3-C1-PPWP-X1.jpg,https://pemilu2019.kpu.go.id/img/c/900/006/900006110/1-3104-3-C1-PPWP-X2.jpg
1245230993108900006119,ACEH,PIDIE,MUTIARA TIMUR,PALOH RAYA,TPS 1,2019-10-25 05:00:03,16,216,278,236,236,232,4,https://pemilu2019.kpu.go.id/img/c/900/006/900006119/1-3108-1-C-XXX-X5.jpg,https://pemilu2019.kpu.go.id/img/c/900/006/900006119/1-3108-1-C-XXX-X6.jpg
1245230993128900006162,ACEH,PIDIE,MUTIARA TIMUR,PALOH TINGGI,TPS 1,2019-10-25 05:00:03,12,155,237,171,171,167,4,https://pemilu2019.kpu.go.id/img/c/900/006/900006162/1-3128-1-C-XXX-X5.jpg,https://pemilu2019.kpu.go.id/img/c/900/006/900006162/1-3128-1-C-XXX-X6.jpg
1245230993128900006163,ACEH,PIDIE,MUTIARA TIMUR,PALOH TINGGI,TPS 2,2019-10-25 05:00:03,6,156,234,172,172,162,10,https://pemilu2019.kpu.go.id/img/c/900/006/900006163/1-3128-2-C-XXX-X5.jpg,https://pemilu2019.kpu.go.id/img/c/900/006/900006163/1-3128-2-C-XXX-X6.jpg
1245230993128900006164,ACEH,PIDIE,MUTIARA TIMUR,PALOH TINGGI,TPS 3,2019-10-25 05:00:03,12,151,229,168,168,163,5,https://pemilu2019.kpu.go.id/img/c/900/006/900006164/1-3128-3-C-XXX-X5.jpg,https://pemilu2019.kpu.go.id/img/c/900/006/900006164/1-3128-3-C-XXX-X6.jpg
1245230993132900006173,ACEH,PIDIE,MUTIARA TIMUR,PULO DRIEN,TPS 1,2019-10-25 05:00:03,16,165,257,191,191,181,10,https://pemilu2019.kpu.go.id/img/c/900/006/900006173/1-3132-1-C-XXX-X5.jpg,https://pemilu2019.kpu.go.id/img/c/900/006/900006173/1-3132-1-C-XXX-X6.jpg
1245230993132900006174,ACEH,PIDIE,MUTIARA TIMUR,PULO DRIEN,TPS 2,2019-10-25 05:00:03,6,123,194,134,135,129,5,https://pemilu2019.kpu.go.id/img/c/900/006/900006174/1-3132-2-C-XXX-X5.jpg,https://pemilu2019.kpu.go.id/img/c/900/006/900006174/1-3132-2-C-XXX-X6.jpg
1245230993120900006141,ACEH,PIDIE,MUTIARA TIMUR,RAMBONG,TPS 1,2019-10-25 05:00:03,13,194,260,202,211,207,4,https://pemilu2019.kpu.go.id/img/c/900/006/900006141/3-3120-1-C-XXX-X5.jpg,https://pemilu2019.kpu.go.id/img/c/900/006/900006141/3-3120-1-C-XXX-X6.jpg
1245230993120900006142,ACEH,PIDIE,MUTIARA TIMUR,RAMBONG,TPS 2,2019-10-25 05:00:03,15,185,261,205,205,200,5,https://pemilu2019.kpu.go.id/img/c/900/006/900006142/2-3120-2-C-XXX-X5.jpg,https://pemilu2019.kpu.go.id/img/c/900/006/900006142/2-3120-2-C-XXX-X6.jpg
1245230993120900006143,ACEH,PIDIE,MUTIARA TIMUR,RAMBONG,TPS 3,2019-10-25 05:00:03,5,192,253,200,200,197,3,https://pemilu2019.kpu.go.id/img/c/900/006/900006143/1-3120-3-C-XXX-X5.jpg,https://pemilu2019.kpu.go.id/img/c/900/006/900006143/1-3120-3-C-XXX-X6.jpg
1245230993120900006144,ACEH,PIDIE,MUTIARA TIMUR,RAMBONG,TPS 4,2019-10-25 05:00:03,8,190,266,199,199,198,0,https://pemilu2019.kpu.go.id/img/c/900/006/900006144/1-3120-4-C-XXX-X5.jpg,https://pemilu2019.kpu.go.id/img/c/900/006/900006144/1-3120-4-C-XXX-X6.jpg
1245230993140900006192,ACEH,PIDIE,MUTIARA TIMUR,RAMBOT ADAN,TPS 1,2019-10-25 05:00:03,5,175,242,184,185,180,5,https://pemilu2019.kpu.go.id/img/c/900/006/900006192/1-3140-1-C-XXX-X5.jpg,https://pemilu2019.kpu.go.id/img/c/900/006/900006192/1-3140-1-C-XXX-X6.jpg
1245230993140900006193,ACEH,PIDIE,MUTIARA TIMUR,RAMBOT ADAN,TPS 2,2019-10-25 05:00:03,10,189,251,204,204,199,5,https://pemilu2019.kpu.go.id/img/c/900/006/900006193/1-3140-2-C-XXX-X5.jpg,https://pemilu2019.kpu.go.id/img/c/900/006/900006193/1-3140-2-C-XXX-X6.jpg
1245230993144900006202,ACEH,PIDIE,MUTIARA TIMUR,REUBAT,TPS 1,2019-10-25 05:00:03,6,119,169,126,126,125,1,https://pemilu2019.kpu.go.id/img/c/900/006/900006202/1-3144-1-C-XXX-X5.jpg,https://pemilu2019.kpu.go.id/img/c/900/006/900006202/1-3144-1-C-XXX-X6.jpg
1245230993144900006203,ACEH,PIDIE,MUTIARA TIMUR,REUBAT,TPS 2,2019-10-25 05:00:03,15,117,167,136,136,132,4,https://pemilu2019.kpu.go.id/img/c/900/006/900006203/1-3144-2-C-XXX-X5.jpg,https://pemilu2019.kpu.go.id/img/c/900/006/900006203/1-3144-2-C-XXX-X6.jpg
1245230993111900006123,ACEH,PIDIE,MUTIARA TIMUR,RINTI,TPS 1,2019-10-25 05:00:03,13,145,207,161,161,158,3,https://pemilu2019.kpu.go.id/img/c/900/006/900006123/2-3111-1-C-XXX-X5.jpg,https://pemilu2019.kpu.go.id/img/c/900/006/900006123/2-3111-1-C-XXX-X6.jpg
1245230993147900006209,ACEH,PIDIE,MUTIARA TIMUR,SAGOE TUMPEUN,TPS 1,2019-10-25 05:00:03,8,182,266,202,202,190,12,https://pemilu2019.kpu.go.id/img/c/900/006/900006209/1-3147-1-C-XXX-X5.jpg,https://pemilu2019.kpu.go.id/img/c/900/006/900006209/1-3147-1-C-XXX-X6.jpg
1245230993147900006210,ACEH,PIDIE,MUTIARA TIMUR,SAGOE TUMPEUN,TPS 2,2019-10-25 05:00:03,13,162,248,187,187,175,12,https://pemilu2019.kpu.go.id/img/c/900/006/900006210/1-3147-2-C-XXX-X5.jpg,https://pemilu2019.kpu.go.id/img/c/900/006/900006210/1-3147-2-C-XXX-X6.jpg
1245230993147900006211,ACEH,PIDIE,MUTIARA TIMUR,SAGOE TUMPEUN,TPS 3,2019-10-25 05:00:03,10,161,268,180,180,171,9,https://pemilu2019.kpu.go.id/img/c/900/006/900006211/2-3147-3-C1-PPWP-X1.jpg,https://pemilu2019.kpu.go.id/img/c/900/006/900006211/2-3147-3-C1-PPWP-X2.jpg
1245230993145900006204,ACEH,PIDIE,MUTIARA TIMUR,SIMBEE,TPS 1,2019-10-25 05:00:03,6,168,237,186,186,174,12,https://pemilu2019.kpu.go.id/img/c/900/006/900006204/1-3145-1-C-XXX-X5.jpg,https://pemilu2019.kpu.go.id/img/c/900/006/900006204/1-3145-1-C-XXX-X6.jpg
1245230993145900006205,ACEH,PIDIE,MUTIARA TIMUR,SIMBEE,TPS 2,2019-10-25 05:00:03,17,143,238,170,170,160,10,https://pemilu2019.kpu.go.id/img/c/900/006/900006205/1-3145-2-C-XXX-X5.jpg,https://pemilu2019.kpu.go.id/img/c/900/006/900006205/1-3145-2-C-XXX-X6.jpg
1245230993142900006196,ACEH,PIDIE,MUTIARA TIMUR,TIBA MESJID,TPS 1,2019-10-25 05:00:03,8,144,206,155,155,152,3,https://pemilu2019.kpu.go.id/img/c/900/006/900006196/1-3142-1-C-XXX-X5.jpg,https://pemilu2019.kpu.go.id/img/c/900/006/900006196/1-3142-1-C-XXX-X6.jpg
1245230993142900006197,ACEH,PIDIE,MUTIARA TIMUR,TIBA MESJID,TPS 2,2019-10-25 05:00:03,4,160,210,168,168,164,4,https://pemilu2019.kpu.go.id/img/c/900/006/900006197/1-3142-2-C-XXX-X5.jpg,https://pemilu2019.kpu.go.id/img/c/900/006/900006197/1-3142-2-C-XXX-X6.jpg
1245230993143900006198,ACEH,PIDIE,MUTIARA TIMUR,TIBA RAYA,TPS 1,2019-10-25 05:00:03,4,177,227,187,187,181,6,https://pemilu2019.kpu.go.id/img/c/900/006/900006198/2-3143-1-C-XXX-X5.jpg,https://pemilu2019.kpu.go.id/img/c/900/006/900006198/2-3143-1-C-XXX-X6.jpg
1245230993143900006199,ACEH,PIDIE,MUTIARA TIMUR,TIBA RAYA,TPS 2,2019-10-25 05:00:03,7,177,227,187,187,184,3,https://pemilu2019.kpu.go.id/img/c/900/006/900006199/1-3143-2-C-XXX-X5.jpg,https://pemilu2019.kpu.go.id/img/c/900/006/900006199/1-3143-2-C-XXX-X6.jpg
1245230993143900006200,ACEH,PIDIE,MUTIARA TIMUR,TIBA RAYA,TPS 3,2019-10-25 05:00:03,7,158,229,169,169,165,4,https://pemilu2019.kpu.go.id/img/c/900/006/900006200/1-3143-3-C-XXX-X5.jpg,https://pemilu2019.kpu.go.id/img/c/900/006/900006200/1-3143-3-C-XXX-X6.jpg
1245230993143900006201,ACEH,PIDIE,MUTIARA TIMUR,TIBA RAYA,TPS 4,2019-10-25 05:00:03,4,169,228,178,178,173,5,https://pemilu2019.kpu.go.id/img/c/900/006/900006201/1-3143-4-C-XXX-X5.jpg,https://pemilu2019.kpu.go.id/img/c/900/006/900006201/1-3143-4-C-XXX-X6.jpg
1245230993130900006167,ACEH,PIDIE,MUTIARA TIMUR,TONG PRIA,TPS 1,2019-10-25 05:00:03,16,129,205,158,158,145,13,https://pemilu2019.kpu.go.id/img/c/900/006/900006167/1-3130-1-C-XXX-X5.jpg,https://pemilu2019.kpu.go.id/img/c/900/006/900006167/1-3130-1-C-XXX-X6.jpg
1245230993130900006168,ACEH,PIDIE,MUTIARA TIMUR,TONG PRIA,TPS 2,2019-10-25 05:00:03,13,132,212,154,154,145,9,https://pemilu2019.kpu.go.id/img/c/900/006/900006168/1-3130-2-C-XXX-X5.jpg,https://pemilu2019.kpu.go.id/img/c/900/006/900006168/1-3130-2-C-XXX-X6.jpg
1245230993130900006169,ACEH,PIDIE,MUTIARA TIMUR,TONG PRIA,TPS 3,2019-10-25 05:00:03,14,114,208,139,139,128,11,https://pemilu2019.kpu.go.id/img/c/900/006/900006169/1-3130-3-C-XXX-X5.jpg,https://pemilu2019.kpu.go.id/img/c/900/006/900006169/1-3130-3-C-XXX-X6.jpg
1245230993131900006170,ACEH,PIDIE,MUTIARA TIMUR,TONG WENG,TPS 1,2019-10-25 05:00:03,8,116,210,142,142,124,18,https://pemilu2019.kpu.go.id/img/c/900/006/900006170/1-3131-1-C-XXX-X5.jpg,https://pemilu2019.kpu.go.id/img/c/900/006/900006170/1-3131-1-C-XXX-X6.jpg
1245230993131900006171,ACEH,PIDIE,MUTIARA TIMUR,TONG WENG,TPS 2,2019-10-25 05:00:03,5,123,210,134,134,128,6,https://pemilu2019.kpu.go.id/img/c/900/006/900006171/1-3131-2-C-XXX-X5.jpg,https://pemilu2019.kpu.go.id/img/c/900/006/900006171/1-3131-2-C-XXX-X6.jpg
1245230993131900006172,ACEH,PIDIE,MUTIARA TIMUR,TONG WENG,TPS 3,2019-10-25 05:00:03,13,113,207,140,140,126,14,https://pemilu2019.kpu.go.id/img/c/900/006/900006172/1-3131-3-C-XXX-X5.jpg,https://pemilu2019.kpu.go.id/img/c/900/006/900006172/1-3131-3-C-XXX-X6.jpg
1245230993134900006178,ACEH,PIDIE,MUTIARA TIMUR,ULEE GAMPONG,TPS 1,2019-10-25 05:00:03,5,125,199,132,132,130,2,https://pemilu2019.kpu.go.id/img/c/900/006/900006178/1-3134-1-C-XXX-X5.jpg,https://pemilu2019.kpu.go.id/img/c/900/006/900006178/1-3134-1-C-XXX-X6.jpg
1245230993134900006179,ACEH,PIDIE,MUTIARA TIMUR,ULEE GAMPONG,TPS 2,2019-10-25 05:00:03,1,143,199,148,148,144,4,https://pemilu2019.kpu.go.id/img/c/900/006/900006179/1-3134-2-C-XXX-X5.jpg,https://pemilu2019.kpu.go.id/img/c/900/006/900006179/1-3134-2-C-XXX-X6.jpg
1245230993134900006180,ACEH,PIDIE,MUTIARA TIMUR,ULEE GAMPONG,TPS 3,2019-10-25 05:00:03,6,131,203,142,142,137,5,https://pemilu2019.kpu.go.id/img/c/900/006/900006180/1-3134-3-C-XXX-X5.jpg,https://pemilu2019.kpu.go.id/img/c/900/006/900006180/1-3134-3-C-XXX-X6.jpg
1245230993125900006155,ACEH,PIDIE,MUTIARA TIMUR,ULEE TUTUE,TPS 1,2019-10-25 05:00:03,11,182,286,207,207,193,14,https://pemilu2019.kpu.go.id/img/c/900/006/900006155/1-3125-1-C-XXX-X5.jpg,https://pemilu2019.kpu.go.id/img/c/900/006/900006155/1-3125-1-C-XXX-X6.jpg
1245230993125900006156,ACEH,PIDIE,MUTIARA TIMUR,ULEE TUTUE,TPS 2,2019-10-25 05:00:03,9,183,286,205,205,192,13,https://pemilu2019.kpu.go.id/img/c/900/006/900006156/1-3125-2-C-XXX-X5.jpg,https://pemilu2019.kpu.go.id/img/c/900/006/900006156/1-3125-2-C-XXX-X6.jpg
1245227502790900005572,ACEH,PIDIE,PADANG TIJI,ADANG BEURABO,TPS 1,2019-10-25 05:00:03,21,219,291,243,243,240,3,https://pemilu2019.kpu.go.id/img/c/900/005/900005572/2-2790-1-C-XXX-X5.jpg,https://pemilu2019.kpu.go.id/img/c/900/005/900005572/2-2790-1-C-XXX-X6.jpg
1245227502800900005584,ACEH,PIDIE,PADANG TIJI,ARON BUNOT GOGO,TPS 1,2019-10-25 05:00:03,32,184,292,222,222,216,6,https://pemilu2019.kpu.go.id/img/c/900/005/900005584/1-2800-1-C1-PPWP-X1.jpg,https://pemilu2019.kpu.go.id/img/c/900/005/900005584/1-2800-1-C1-PPWP-X2.jpg
1245227502781900005560,ACEH,PIDIE,PADANG TIJI,BALEE PALOH,TPS 1,2019-10-25 05:00:03,21,88,119,115,115,109,6,https://pemilu2019.kpu.go.id/img/c/900/005/900005560/2-2781-1-C-XXX-X5.jpg,https://pemilu2019.kpu.go.id/img/c/900/005/900005560/2-2781-1-C-XXX-X6.jpg
1245227502789900005570,ACEH,PIDIE,PADANG TIJI,BARO BEURABO,TPS 1,2019-10-25 05:00:03,13,106,152,122,122,119,3,https://pemilu2019.kpu.go.id/img/c/900/005/900005570/1-2789-1-C-XXX-X5.jpg,https://pemilu2019.kpu.go.id/img/c/900/005/900005570/1-2789-1-C-XXX-X6.jpg
1245227502789900005571,ACEH,PIDIE,PADANG TIJI,BARO BEURABO,TPS 2,2019-10-25 05:00:03,18,116,158,134,135,134,1,https://pemilu2019.kpu.go.id/img/c/900/005/900005571/1-2789-2-C-XXX-X5.jpg,https://pemilu2019.kpu.go.id/img/c/900/005/900005571/1-2789-2-C-XXX-X6.jpg
1245227502754900005524,ACEH,PIDIE,PADANG TIJI,BARO KUNYET,TPS 1,2019-10-25 05:00:03,10,120,166,134,134,130,4,https://pemilu2019.kpu.go.id/img/c/900/005/900005524/1-2754-1-C1-PPWP-X1.jpg,https://pemilu2019.kpu.go.id/img/c/900/005/900005524/1-2754-1-C1-PPWP-X2.jpg
1245227502754900005525,ACEH,PIDIE,PADANG TIJI,BARO KUNYET,TPS 2,2019-10-25 05:00:03,3,125,171,129,129,128,1,https://pemilu2019.kpu.go.id/img/c/900/005/900005525/1-2754-2-C1-PPWP-X1.jpg,https://pemilu2019.kpu.go.id/img/c/900/005/900005525/1-2754-2-C1-PPWP-X2.jpg
1245227502761900005534,ACEH,PIDIE,PADANG TIJI,BLANG GEULEUDIENG,TPS 1,2019-10-25 05:00:03,5,176,221,183,183,181,2,https://pemilu2019.kpu.go.id/img/c/900/005/900005534/1-2761-1-C-XXX-X5.jpg,https://pemilu2019.kpu.go.id/img/c/900/005/900005534/1-2761-1-C-XXX-X6.jpg
1245227502759900005531,ACEH,PIDIE,PADANG TIJI,BLANG GUNCI KUNYET,TPS 1,2019-10-25 05:00:03,1,148,161,150,150,149,1,https://pemilu2019.kpu.go.id/img/c/900/005/900005531/1-2759-1-C-XXX-X5.jpg,https://pemilu2019.kpu.go.id/img/c/900/005/900005531/1-2759-1-C-XXX-X6.jpg
1245227502801900005585,ACEH,PIDIE,PADANG TIJI,BULOH GOGO,TPS 1,2019-10-25 05:00:03,5,105,116,111,111,110,1,https://pemilu2019.kpu.go.id/img/c/900/005/900005585/1-2801-1-C-XXX-X5.jpg,https://pemilu2019.kpu.go.id/img/c/900/005/900005585/1-2801-1-C-XXX-X6.jpg
1245227502767900005540,ACEH,PIDIE,PADANG TIJI,BULOH PEUDAYA,TPS 1,2019-10-25 05:00:03,5,144,184,153,153,149,4,https://pemilu2019.kpu.go.id/img/c/900/005/900005540/1-2767-1-C-XXX-X5.jpg,https://pemilu2019.kpu.go.id/img/c/900/005/900005540/1-2767-1-C-XXX-X6.jpg
1245227502767900005541,ACEH,PIDIE,PADANG TIJI,BULOH PEUDAYA,TPS 2,2019-10-25 05:00:03,11,133,183,146,146,144,2,https://pemilu2019.kpu.go.id/img/c/900/005/900005541/1-2767-2-C-XXX-X5.jpg,https://pemilu2019.kpu.go.id/img/c/900/005/900005541/1-2767-2-C-XXX-X6.jpg
1245227502773900005549,ACEH,PIDIE,PADANG TIJI,BUNI REULIENG PEUDAYA,TPS 1,2019-10-25 05:00:03,2,141,172,144,144,143,1,https://pemilu2019.kpu.go.id/img/c/900/005/900005549/1-2773-1-C1-PPWP-X1.jpg,https://pemilu2019.kpu.go.id/img/c/900/005/900005549/1-2773-1-C1-PPWP-X2.jpg
1245227502779900005558,ACEH,PIDIE,PADANG TIJI,CAPA PALOH,TPS 1,2019-10-25 05:00:03,6,100,133,111,111,106,5,https://pemilu2019.kpu.go.id/img/c/900/005/900005558/1-2779-1-C1-PPWP-X1.jpg,https://pemilu2019.kpu.go.id/img/c/900/005/900005558/1-2779-1-C1-PPWP-X2.jpg
1245227502807900005594,ACEH,PIDIE,PADANG TIJI,COT KEUTAPANG TANJONG,TPS 1,2019-10-25 05:00:03,15,220,285,238,238,235,3,https://pemilu2019.kpu.go.id/img/c/900/005/900005594/1-2807-1-C-XXX-X5.jpg,https://pemilu2019.kpu.go.id/img/c/900/005/900005594/1-2807-1-C-XXX-X6.jpg
124522750930156900805915,ACEH,PIDIE,PADANG TIJI,COT KUNYET,TPS 1,2019-10-25 05:00:03,28,100,172,135,135,128,7,https://pemilu2019.kpu.go.id/img/c/900/805/900805915/1-930156-1-C1-PPWP-X1.jpg,https://pemilu2019.kpu.go.id/img/c/900/805/900805915/1-930156-1-C1-PPWP-X2.jpg
124522750930156900805916,ACEH,PIDIE,PADANG TIJI,COT KUNYET,TPS 2,2019-10-25 05:00:03,13,115,154,129,129,128,1,https://pemilu2019.kpu.go.id/img/c/900/805/900805916/2-930156-2-C-XXX-X5.jpg,https://pemilu2019.kpu.go.id/img/c/900/805/900805916/2-930156-2-C-XXX-X6.jpg
1245227502783900005562,ACEH,PIDIE,PADANG TIJI,CUT PALOH,TPS 1,2019-10-25 05:00:03,30,146,220,176,176,176,0,https://pemilu2019.kpu.go.id/img/c/900/005/900005562/1-2783-1-C-XXX-X5.jpg,https://pemilu2019.kpu.go.id/img/c/900/005/900005562/1-2783-1-C-XXX-X6.jpg
1245227502766900005539,ACEH,PIDIE,PADANG TIJI,CUT PEUDAYA,TPS 1,2019-10-25 05:00:03,7,90,122,98,98,97,1,https://pemilu2019.kpu.go.id/img/c/900/005/900005539/1-2766-1-C-XXX-X5.jpg,https://pemilu2019.kpu.go.id/img/c/900/005/900005539/1-2766-1-C-XXX-X6.jpg
1245227502760900005532,ACEH,PIDIE,PADANG TIJI,DAYAH BAROH KUNYET,TPS 1,2019-10-25 05:00:03,3,108,154,116,116,5,111,https://pemilu2019.kpu.go.id/img/c/900/005/900005532/1-2760-1-C-XXX-X5.jpg,https://pemilu2019.kpu.go.id/img/c/900/005/900005532/1-2760-1-C-XXX-X6.jpg
1245227502760900005533,ACEH,PIDIE,PADANG TIJI,DAYAH BAROH KUNYET,TPS 2,2019-10-25 05:00:03,4,124,153,129,129,128,1,https://pemilu2019.kpu.go.id/img/c/900/005/900005533/1-2760-2-C-XXX-X5.jpg,https://pemilu2019.kpu.go.id/img/c/900/005/900005533/1-2760-2-C-XXX-X6.jpg
1245227502769900005544,ACEH,PIDIE,PADANG TIJI,DAYAH PEUDAYA,TPS 1,2019-10-25 05:00:03,11,136,181,150,150,147,3,https://pemilu2019.kpu.go.id/img/c/900/005/900005544/1-2769-1-C1-PPWP-X1.jpg,https://pemilu2019.kpu.go.id/img/c/900/005/900005544/1-2769-1-C1-PPWP-X2.jpg
1245227502755900005526,ACEH,PIDIE,PADANG TIJI,DAYAH TANOH KUNYET,TPS 1,2019-10-25 05:00:03,5,145,193,154,154,150,4,https://pemilu2019.kpu.go.id/img/c/900/005/900005526/1-2755-1-C1-PPWP-X1.jpg,https://pemilu2019.kpu.go.id/img/c/900/005/900005526/1-2755-1-C1-PPWP-X2.jpg
1245227502762900005535,ACEH,PIDIE,PADANG TIJI,GEULEUMPANG GEULEUDIENG,TPS 1,2019-10-25 05:00:03,11,177,218,191,191,188,3,https://pemilu2019.kpu.go.id/img/c/900/005/900005535/1-2762-1-C-XXX-X5.jpg,https://pemilu2019.kpu.go.id/img/c/900/005/900005535/1-2762-1-C-XXX-X6.jpg
1245227502797900005581,ACEH,PIDIE,PADANG TIJI,GLEE GOGO,TPS 1,2019-10-25 05:00:03,21,190,270,216,216,211,5,https://pemilu2019.kpu.go.id/img/c/900/005/900005581/1-2797-1-C-XXX-X5.jpg,https://pemilu2019.kpu.go.id/img/c/900/005/900005581/1-2797-1-C-XXX-X6.jpg
1245227502799900005583,ACEH,PIDIE,PADANG TIJI,GRONG-GRONG GOGO,TPS 1,2019-10-25 05:00:03,19,106,138,130,130,125,5,https://pemilu2019.kpu.go.id/img/c/900/005/900005583/1-2799-1-C-XXX-X5.jpg,https://pemilu2019.kpu.go.id/img/c/900/005/900005583/1-2799-1-C-XXX-X6.jpg
1245227502753900005523,ACEH,PIDIE,PADANG TIJI,HAGU KUNYET,TPS 1,2019-10-25 05:00:03,1,45,52,47,47,46,1,https://pemilu2019.kpu.go.id/img/c/900/005/900005523/1-2753-1-C1-PPWP-X1.jpg,https://pemilu2019.kpu.go.id/img/c/900/005/900005523/1-2753-1-C1-PPWP-X2.jpg
1245227502804900005589,ACEH,PIDIE,PADANG TIJI,JOK TANJONG,TPS 1,2019-10-25 05:00:03,20,147,205,167,167,167,0,https://pemilu2019.kpu.go.id/img/c/900/005/900005589/1-2804-1-C-XXX-X5.jpg,https://pemilu2019.kpu.go.id/img/c/900/005/900005589/1-2804-1-C-XXX-X6.jpg
1245227502804900005590,ACEH,PIDIE,PADANG TIJI,JOK TANJONG,TPS 2,2019-10-25 05:00:03,17,128,214,158,158,145,33,https://pemilu2019.kpu.go.id/img/c/900/005/900005590/1-2804-2-C1-PPWP-X1.jpg,https://pemilu2019.kpu.go.id/img/c/900/005/900005590/1-2804-2-C1-PPWP-X2.jpg
1245227502780900005559,ACEH,PIDIE,PADANG TIJI,JURONG ANOE PALOH,TPS 1,2019-10-25 05:00:03,15,215,272,237,237,230,7,https://pemilu2019.kpu.go.id/img/c/900/005/900005559/2-2780-1-C-XXX-X5.jpg,https://pemilu2019.kpu.go.id/img/c/900/005/900005559/2-2780-1-C-XXX-X6.jpg
1245227502776900005554,ACEH,PIDIE,PADANG TIJI,JURONG GP.COT PALOH,TPS 1,2019-10-25 05:00:03,24,126,222,160,160,150,10,https://pemilu2019.kpu.go.id/img/c/900/005/900005554/1-2776-1-C-XXX-X5.jpg,https://pemilu2019.kpu.go.id/img/c/900/005/900005554/1-2776-1-C-XXX-X6.jpg
1245227502776900005555,ACEH,PIDIE,PADANG TIJI,JURONG GP.COT PALOH,TPS 2,2019-10-25 05:00:03,25,145,234,172,172,170,2,https://pemilu2019.kpu.go.id/img/c/900/005/900005555/1-2776-2-C-XXX-X5.jpg,https://pemilu2019.kpu.go.id/img/c/900/005/900005555/1-2776-2-C-XXX-X6.jpg
1245227502756900005527,ACEH,PIDIE,PADANG TIJI,KAMBUEK NICAH KUNYET,TPS 1,2019-10-25 05:00:03,3,129,167,136,136,132,4,https://pemilu2019.kpu.go.id/img/c/900/005/900005527/1-2756-1-C-XXX-X5.jpg,https://pemilu2019.kpu.go.id/img/c/900/005/900005527/1-2756-1-C-XXX-X6.jpg
1245227502756900005528,ACEH,PIDIE,PADANG TIJI,KAMBUEK NICAH KUNYET,TPS 2,2019-10-25 05:00:03,8,116,162,124,124,124,0,https://pemilu2019.kpu.go.id/img/c/900/005/900005528/1-2756-2-C-XXX-X5.jpg,https://pemilu2019.kpu.go.id/img/c/900/005/900005528/1-2756-2-C-XXX-X6.jpg
1245227502757900005529,ACEH,PIDIE,PADANG TIJI,KAMBUEK PAYAPI KUNYET,TPS 1,2019-10-25 05:00:03,4,162,202,186,186,166,20,https://pemilu2019.kpu.go.id/img/c/900/005/900005529/1-2757-1-C1-PPWP-X1.jpg,https://pemilu2019.kpu.go.id/img/c/900/005/900005529/1-2757-1-C1-PPWP-X2.jpg
1245227502810900005597,ACEH,PIDIE,PADANG TIJI,KHANG TANJONG,TPS 1,2019-10-25 05:00:03,8,51,76,60,60,59,1,https://pemilu2019.kpu.go.id/img/c/900/005/900005597/1-2810-1-C1-PPWP-X1.jpg,https://pemilu2019.kpu.go.id/img/c/900/005/900005597/1-2810-1-C1-PPWP-X2.jpg
1245227502778900005557,ACEH,PIDIE,PADANG TIJI,KREB PALOH,TPS 1,2019-10-25 05:00:03,17,115,161,137,137,132,5,https://pemilu2019.kpu.go.id/img/c/900/005/900005557/1-2778-1-C-XXX-X5.jpg,https://pemilu2019.kpu.go.id/img/c/900/005/900005557/1-2778-1-C-XXX-X6.jpg
1245227502794900005577,ACEH,PIDIE,PADANG TIJI,KUMBANG GOGO,TPS 1,2019-10-25 05:00:03,28,152,211,199,199,180,19,https://pemilu2019.kpu.go.id/img/c/900/005/900005577/1-2794-1-C-XXX-X5.jpg,https://pemilu2019.kpu.go.id/img/c/900/005/900005577/1-2794-1-C-XXX-X6.jpg
1245227502803900005587,ACEH,PIDIE,PADANG TIJI,KUPULA TANJONG,TPS 1,2019-10-25 05:00:03,14,98,151,117,117,112,5,https://pemilu2019.kpu.go.id/img/c/900/005/900005587/1-2803-1-C1-PPWP-X1.jpg,https://pemilu2019.kpu.go.id/img/c/900/005/900005587/1-2803-1-C1-PPWP-X2.jpg
1245227502803900005588,ACEH,PIDIE,PADANG TIJI,KUPULA TANJONG,TPS 2,2019-10-25 05:00:03,19,95,155,122,122,114,8,https://pemilu2019.kpu.go.id/img/c/900/005/900005588/1-2803-2-C1-PPWP-X1.jpg,https://pemilu2019.kpu.go.id/img/c/900/005/900005588/1-2803-2-C1-PPWP-X2.jpg
1245227502775900005552,ACEH,PIDIE,PADANG TIJI,LEUHOB PALOH,TPS 1,2019-10-25 05:00:03,21,167,228,192,192,188,4,https://pemilu2019.kpu.go.id/img/c/900/005/900005552/1-2775-1-C-XXX-X5.jpg,https://pemilu2019.kpu.go.id/img/c/900/005/900005552/1-2775-1-C-XXX-X6.jpg
1245227502775900005553,ACEH,PIDIE,PADANG TIJI,LEUHOB PALOH,TPS 2,2019-10-25 05:00:03,20,182,258,204,204,202,2,https://pemilu2019.kpu.go.id/img/c/900/005/900005553/1-2775-2-C-XXX-X5.jpg,https://pemilu2019.kpu.go.id/img/c/900/005/900005553/1-2775-2-C-XXX-X6.jpg
1245227502805900005591,ACEH,PIDIE,PADANG TIJI,LEUN TANJONG,TPS 1,2019-10-25 05:00:03,26,182,245,213,213,208,5,https://pemilu2019.kpu.go.id/img/c/900/005/900005591/1-2805-1-C1-PPWP-X1.jpg,https://pemilu2019.kpu.go.id/img/c/900/005/900005591/1-2805-1-C1-PPWP-X2.jpg
1245227502787900005567,ACEH,PIDIE,PADANG TIJI,MESJID BEURABO,TPS 1,2019-10-25 05:00:03,35,166,249,202,202,201,1,https://pemilu2019.kpu.go.id/img/c/900/005/900005567/1-2787-1-C1-PPWP-X1.jpg,https://pemilu2019.kpu.go.id/img/c/900/005/900005567/1-2787-1-C1-PPWP-X2.jpg
1245227502763900005536,ACEH,PIDIE,PADANG TIJI,MESJID GEULEUDIENG,TPS 1,2019-10-25 05:00:03,4,134,179,146,146,138,8,https://pemilu2019.kpu.go.id/img/c/900/005/900005536/1-2763-1-C-XXX-X5.jpg,https://pemilu2019.kpu.go.id/img/c/900/005/900005536/1-2763-1-C-XXX-X6.jpg
1245227502795900005578,ACEH,PIDIE,PADANG TIJI,MESJID GOGO,TPS 1,2019-10-25 05:00:03,13,112,157,131,131,125,6,https://pemilu2019.kpu.go.id/img/c/900/005/900005578/2-2795-1-C1-PPWP-X1.jpg,https://pemilu2019.kpu.go.id/img/c/900/005/900005578/2-2795-1-C1-PPWP-X2.jpg
1245227502795900005579,ACEH,PIDIE,PADANG TIJI,MESJID GOGO,TPS 2,2019-10-25 05:00:03,18,111,157,129,129,129,0,https://pemilu2019.kpu.go.id/img/c/900/005/900005579/1-2795-2-C-XXX-X5.jpg,https://pemilu2019.kpu.go.id/img/c/900/005/900005579/1-2795-2-C-XXX-X6.jpg
1245227502751900005521,ACEH,PIDIE,PADANG TIJI,MESJID KUNYET,TPS 1,2019-10-25 05:00:03,10,122,172,135,135,132,3,https://pemilu2019.kpu.go.id/img/c/900/005/900005521/1-2751-1-C1-PPWP-X1.jpg,https://pemilu2019.kpu.go.id/img/c/900/005/900005521/1-2751-1-C1-PPWP-X2.jpg
1245227502765900005538,ACEH,PIDIE,PADANG TIJI,MESJID PEUDAYA,TPS 1,2019-10-25 05:00:03,10,157,183,170,170,167,3,https://pemilu2019.kpu.go.id/img/c/900/005/900005538/1-2765-1-C-XXX-X5.jpg,https://pemilu2019.kpu.go.id/img/c/900/005/900005538/1-2765-1-C-XXX-X6.jpg
1245227502809900005596,ACEH,PIDIE,PADANG TIJI,MESJID TANJONG,TPS 1,2019-10-25 05:00:03,10,67,97,78,78,77,1,https://pemilu2019.kpu.go.id/img/c/900/005/900005596/1-2809-1-C-XXX-X5.jpg,https://pemilu2019.kpu.go.id/img/c/900/005/900005596/1-2809-1-C-XXX-X6.jpg
124522750930157900805917,ACEH,PIDIE,PADANG TIJI,MEUKE GOGO,TPS 1,2019-10-25 05:00:03,6,112,152,118,118,118,0,https://pemilu2019.kpu.go.id/img/c/900/805/900805917/1-930157-1-C-XXX-X5.jpg,https://pemilu2019.kpu.go.id/img/c/900/805/900805917/1-930157-1-C-XXX-X6.jpg
1245227502811900005598,ACEH,PIDIE,PADANG TIJI,MEURIYA TANJONG,TPS 1,2019-10-25 05:00:03,25,94,143,121,121,119,2,https://pemilu2019.kpu.go.id/img/c/900/005/900005598/1-2811-1-C1-PPWP-X1.jpg,https://pemilu2019.kpu.go.id/img/c/900/005/900005598/1-2811-1-C1-PPWP-X2.jpg
1245227502786900005566,ACEH,PIDIE,PADANG TIJI,MUKEE BEURABO,TPS 1,2019-10-25 05:00:03,23,179,246,210,210,202,8,https://pemilu2019.kpu.go.id/img/c/900/005/900005566/1-2786-1-C1-PPWP-X1.jpg,https://pemilu2019.kpu.go.id/img/c/900/005/900005566/1-2786-1-C1-PPWP-X2.jpg
1245227502791900005573,ACEH,PIDIE,PADANG TIJI,PALOH JEURAT BEURABO,TPS 1,2019-10-25 05:00:03,21,88,144,144,117,109,8,https://pemilu2019.kpu.go.id/img/c/900/005/900005573/1-2791-1-C-XXX-X5.jpg,https://pemilu2019.kpu.go.id/img/c/900/005/900005573/1-2791-1-C-XXX-X6.jpg
1245227502784900005563,ACEH,PIDIE,PADANG TIJI,PANTE CERMEN PALOH,TPS 1,2019-10-25 05:00:03,8,132,164,141,141,140,1,https://pemilu2019.kpu.go.id/img/c/900/005/900005563/1-2784-1-C1-PPWP-X1.jpg,https://pemilu2019.kpu.go.id/img/c/900/005/900005563/1-2784-1-C1-PPWP-X2.jpg
1245227502806900005592,ACEH,PIDIE,PADANG TIJI,PANTE CRUENG TANJONG,TPS 1,2019-10-25 05:00:03,12,142,225,170,157,154,3,https://pemilu2019.kpu.go.id/img/c/900/005/900005592/1-2806-1-C-XXX-X5.jpg,https://pemilu2019.kpu.go.id/img/c/900/005/900005592/1-2806-1-C-XXX-X6.jpg
1245227502806900005593,ACEH,PIDIE,PADANG TIJI,PANTE CRUENG TANJONG,TPS 2,2019-10-25 05:00:03,23,143,229,170,170,166,4,https://pemilu2019.kpu.go.id/img/c/900/005/900005593/1-2806-2-C-XXX-X5.jpg,https://pemilu2019.kpu.go.id/img/c/900/005/900005593/1-2806-2-C-XXX-X6.jpg
1245227502785900005564,ACEH,PIDIE,PADANG TIJI,PASAR PALOH,TPS 1,2019-10-25 05:00:03,23,176,257,204,204,199,5,https://pemilu2019.kpu.go.id/img/c/900/005/900005564/1-2785-1-C-XXX-X5.jpg,https://pemilu2019.kpu.go.id/img/c/900/005/900005564/1-2785-1-C-XXX-X6.jpg
1245227502785900005565,ACEH,PIDIE,PADANG TIJI,PASAR PALOH,TPS 2,2019-10-25 05:00:03,9,149,258,161,161,158,3,https://pemilu2019.kpu.go.id/img/c/900/005/900005565/1-2785-2-C-XXX-X5.jpg,https://pemilu2019.kpu.go.id/img/c/900/005/900005565/1-2785-2-C-XXX-X6.jpg
1245227502768900005542,ACEH,PIDIE,PADANG TIJI,PERLAK PEUDAYA,TPS 1,2019-10-25 05:00:03,4,128,165,132,132,132,0,https://pemilu2019.kpu.go.id/img/c/900/005/900005542/1-2768-1-C1-PPWP-X1.jpg,https://pemilu2019.kpu.go.id/img/c/900/005/900005542/1-2768-1-C1-PPWP-X2.jpg
1245227502768900005543,ACEH,PIDIE,PADANG TIJI,PERLAK PEUDAYA,TPS 2,2019-10-25 05:00:03,10,105,167,118,118,115,3,https://pemilu2019.kpu.go.id/img/c/900/005/900005543/1-2768-2-C1-PPWP-X1.jpg,https://pemilu2019.kpu.go.id/img/c/900/005/900005543/1-2768-2-C1-PPWP-X2.jpg
1245227502752900005522,ACEH,PIDIE,PADANG TIJI,PIALA KUNYET,TPS 1,2019-10-25 05:00:03,8,78,116,88,88,86,2,https://pemilu2019.kpu.go.id/img/c/900/005/900005522/1-2752-1-C1-PPWP-X1.jpg,https://pemilu2019.kpu.go.id/img/c/900/005/900005522/1-2752-1-C1-PPWP-X2.jpg
1245227502812900005599,ACEH,PIDIE,PADANG TIJI,PULO HAGU TANJONG,TPS 1,2019-10-25 05:00:03,44,140,214,191,191,184,7,https://pemilu2019.kpu.go.id/img/c/900/005/900005599/1-2812-1-C-XXX-X5.jpg,https://pemilu2019.kpu.go.id/img/c/900/005/900005599/1-2812-1-C-XXX-X6.jpg
1245227502798900005582,ACEH,PIDIE,PADANG TIJI,RAYA GOGO,TPS 1,2019-10-25 05:00:03,22,171,259,194,194,193,1,https://pemilu2019.kpu.go.id/img/c/900/005/900005582/1-2798-1-C-XXX-X5.jpg,https://pemilu2019.kpu.go.id/img/c/900/005/900005582/1-2798-1-C-XXX-X6.jpg
1245227502788900005568,ACEH,PIDIE,PADANG TIJI,SEUKEUMBROK BEURABO,TPS 1,2019-10-25 05:00:03,25,144,212,170,170,169,1,https://pemilu2019.kpu.go.id/img/c/900/005/900005568/1-2788-1-C1-PPWP-X1.jpg,https://pemilu2019.kpu.go.id/img/c/900/005/900005568/1-2788-1-C1-PPWP-X2.jpg
1245227502788900005569,ACEH,PIDIE,PADANG TIJI,SEUKEUMBROK BEURABO,TPS 2,2019-10-25 05:00:03,20,122,190,144,144,142,2,https://pemilu2019.kpu.go.id/img/c/900/005/900005569/1-2788-2-C-XXX-X5.jpg,https://pemilu2019.kpu.go.id/img/c/900/005/900005569/1-2788-2-C-XXX-X6.jpg
1245227502792900005574,ACEH,PIDIE,PADANG TIJI,SEULEUNGGING BEURABO,TPS 1,2019-10-25 05:00:03,33,150,234,195,195,183,12,https://pemilu2019.kpu.go.id/img/c/900/005/900005574/1-2792-1-C1-PPWP-X1.jpg,https://pemilu2019.kpu.go.id/img/c/900/005/900005574/1-2792-1-C1-PPWP-X2.jpg
1245227502758900005530,ACEH,PIDIE,PADANG TIJI,SEUNADEU KUNYET,TPS 1,2019-10-25 05:00:03,2,191,287,196,196,193,3,https://pemilu2019.kpu.go.id/img/c/900/005/900005530/1-2758-1-C1-PPWP-X1.jpg,https://pemilu2019.kpu.go.id/img/c/900/005/900005530/1-2758-1-C1-PPWP-X2.jpg
1245227502782900005561,ACEH,PIDIE,PADANG TIJI,SIRON PALOH,TPS 1,2019-10-25 05:00:03,21,118,160,144,144,139,5,https://pemilu2019.kpu.go.id/img/c/900/005/900005561/1-2782-1-C1-PPWP-X1.jpg,https://pemilu2019.kpu.go.id/img/c/900/005/900005561/1-2782-1-C1-PPWP-X2.jpg
1245227502808900005595,ACEH,PIDIE,PADANG TIJI,SIRON TANJONG,TPS 1,2019-10-25 05:00:03,10,233,275,243,243,243,0,https://pemilu2019.kpu.go.id/img/c/900/005/900005595/1-2808-1-C1-PPWP-X1.jpg,https://pemilu2019.kpu.go.id/img/c/900/005/900005595/1-2808-1-C1-PPWP-X2.jpg
1245227502764900005537,ACEH,PIDIE,PADANG TIJI,SUKON PEUDAYA,TPS 1,2019-10-25 05:00:03,13,147,200,165,165,160,5,https://pemilu2019.kpu.go.id/img/c/900/005/900005537/1-2764-1-C-XXX-X5.jpg,https://pemilu2019.kpu.go.id/img/c/900/005/900005537/1-2764-1-C-XXX-X6.jpg
1245227502777900005556,ACEH,PIDIE,PADANG TIJI,SUYO PALOH,TPS 1,2019-10-25 05:00:03,4,100,140,113,113,104,9,https://pemilu2019.kpu.go.id/img/c/900/005/900005556/2-2777-1-C-XXX-X5.jpg,https://pemilu2019.kpu.go.id/img/c/900/005/900005556/2-2777-1-C-XXX-X6.jpg
1245227502793900005575,ACEH,PIDIE,PADANG TIJI,TEUNGOH DRIEN GOGO,TPS 1,2019-10-25 05:00:03,22,144,238,172,172,166,6,https://pemilu2019.kpu.go.id/img/c/900/005/900005575/2-2793-1-C1-PPWP-X1.jpg,https://pemilu2019.kpu.go.id/img/c/900/005/900005575/2-2793-1-C1-PPWP-X2.jpg
1245227502793900005576,ACEH,PIDIE,PADANG TIJI,TEUNGOH DRIEN GOGO,TPS 2,2019-10-25 05:00:03,18,165,235,189,189,183,6,https://pemilu2019.kpu.go.id/img/c/900/005/900005576/1-2793-2-C1-PPWP-X1.jpg,https://pemilu2019.kpu.go.id/img/c/900/005/900005576/1-2793-2-C1-PPWP-X2.jpg
1245227502770900005545,ACEH,PIDIE,PADANG TIJI,TEUNGOH PEUDAYA,TPS 1,2019-10-25 05:00:03,9,182,234,194,194,191,3,https://pemilu2019.kpu.go.id/img/c/900/005/900005545/1-2770-1-C1-PPWP-X1.jpg,https://pemilu2019.kpu.go.id/img/c/900/005/900005545/1-2770-1-C1-PPWP-X2.jpg
1245227502774900005550,ACEH,PIDIE,PADANG TIJI,TRIENG PALOH,TPS 1,2019-10-25 05:00:03,31,150,290,202,202,181,21,https://pemilu2019.kpu.go.id/img/c/900/005/900005550/1-2774-1-C-XXX-X5.jpg,https://pemilu2019.kpu.go.id/img/c/900/005/900005550/1-2774-1-C-XXX-X6.jpg
1245227502774900005551,ACEH,PIDIE,PADANG TIJI,TRIENG PALOH,TPS 2,2019-10-25 05:00:03,29,161,290,208,208,190,18,https://pemilu2019.kpu.go.id/img/c/900/005/900005551/1-2774-2-C-XXX-X5.jpg,https://pemilu2019.kpu.go.id/img/c/900/005/900005551/1-2774-2-C-XXX-X6.jpg
1245227502796900005580,ACEH,PIDIE,PADANG TIJI,TUHA GOGO,TPS 1,2019-10-25 05:00:03,35,177,271,217,217,212,5,https://pemilu2019.kpu.go.id/img/c/900/005/900005580/1-2796-1-C-XXX-X5.jpg,https://pemilu2019.kpu.go.id/img/c/900/005/900005580/1-2796-1-C-XXX-X6.jpg
1245227502771900005546,ACEH,PIDIE,PADANG TIJI,TUHA PEUDAYA,TPS 1,2019-10-25 05:00:03,20,169,226,193,193,189,4,https://pemilu2019.kpu.go.id/img/c/900/005/900005546/1-2771-1-C-XXX-X5.jpg,https://pemilu2019.kpu.go.id/img/c/900/005/900005546/1-2771-1-C-XXX-X6.jpg
1245227502772900005547,ACEH,PIDIE,PADANG TIJI,TUNONG PEUDAYA,TPS 1,2019-10-25 05:00:03,13,118,153,133,133,131,2,https://pemilu2019.kpu.go.id/img/c/900/005/900005547/1-2772-1-C-XXX-X5.jpg,https://pemilu2019.kpu.go.id/img/c/900/005/900005547/1-2772-1-C-XXX-X6.jpg
1245227502772900005548,ACEH,PIDIE,PADANG TIJI,TUNONG PEUDAYA,TPS 2,2019-10-25 05:00:03,23,108,167,131,131,131,0,https://pemilu2019.kpu.go.id/img/c/900/005/900005548/1-2772-2-C1-PPWP-X1.jpg,https://pemilu2019.kpu.go.id/img/c/900/005/900005548/1-2772-2-C1-PPWP-X2.jpg
1245227502802900005586,ACEH,PIDIE,PADANG TIJI,TUNONG TANJONG,TPS 1,2019-10-25 05:00:03,12,151,229,164,164,163,1,https://pemilu2019.kpu.go.id/img/c/900/005/900005586/2-2802-1-C1-PPWP-X1.jpg,https://pemilu2019.kpu.go.id/img/c/900/005/900005586/2-2802-1-C1-PPWP-X2.jpg
1245228152842900005644,ACEH,PIDIE,PEUKAN BARO,BALEE PINEUNG,TPS 1,2019-10-25 05:00:03,47,136,191,185,185,183,2,https://pemilu2019.kpu.go.id/img/c/900/005/900005644/2842-1-C-XXX-X5.jpg,https://pemilu2019.kpu.go.id/img/c/900/005/900005644/2842-1-C-XXX-X6.jpg
1245228152842900005645,ACEH,PIDIE,PEUKAN BARO,BALEE PINEUNG,TPS 2,2019-10-25 05:00:03,31,143,194,182,182,174,8,https://pemilu2019.kpu.go.id/img/c/900/005/900005645/2842-2-C-XXX-X5.jpg,https://pemilu2019.kpu.go.id/img/c/900/005/900005645/2842-2-C-XXX-X6.jpg
1245228152836900005632,ACEH,PIDIE,PEUKAN BARO,BALEE RASTONG,TPS 1,2019-10-25 05:00:03,12,131,186,153,153,143,10,https://pemilu2019.kpu.go.id/img/c/900/005/900005632/1-2836-1-C1-PPWP-X1.jpg,https://pemilu2019.kpu.go.id/img/c/900/005/900005632/1-2836-1-C1-PPWP-X2.jpg
1245228152836900005633,ACEH,PIDIE,PEUKAN BARO,BALEE RASTONG,TPS 2,2019-10-25 05:00:03,8,126,174,137,137,134,3,https://pemilu2019.kpu.go.id/img/c/900/005/900005633/1-2836-2-C1-PPWP-X1.jpg,https://pemilu2019.kpu.go.id/img/c/900/005/900005633/1-2836-2-C1-PPWP-X2.jpg
1245228152858900005664,ACEH,PIDIE,PEUKAN BARO,BLANG KRUENG SEUMIDEUEN,TPS 1,2019-10-25 05:00:03,8,205,281,226,226,213,13,https://pemilu2019.kpu.go.id/img/c/900/005/900005664/2858-1-C-XXX-X5.jpg,https://pemilu2019.kpu.go.id/img/c/900/005/900005664/2858-1-C-XXX-X6.jpg
1245228152841900005642,ACEH,PIDIE,PEUKAN BARO,BLANG RAYA,TPS 1,2019-10-25 05:00:03,12,203,253,216,216,215,1,https://pemilu2019.kpu.go.id/img/c/900/005/900005642/2841-1-C-XXX-X5.jpg,https://pemilu2019.kpu.go.id/img/c/900/005/900005642/2841-1-C-XXX-X6.jpg
1245228152841900005643,ACEH,PIDIE,PEUKAN BARO,BLANG RAYA,TPS 2,2019-10-25 05:00:03,15,178,247,196,196,193,3,https://pemilu2019.kpu.go.id/img/c/900/005/900005643/2841-2-C-XXX-X35.jpg,https://pemilu2019.kpu.go.id/img/c/900/005/900005643/2841-2-C-XXX-X36.jpg
1245228152846900005650,ACEH,PIDIE,PEUKAN BARO,BLUK ARAB,TPS 1,2019-10-25 05:00:03,7,99,120,111,111,106,5,https://pemilu2019.kpu.go.id/img/c/900/005/900005650/2846-1-C-XXX-X5.jpg,https://pemilu2019.kpu.go.id/img/c/900/005/900005650/2846-1-C-XXX-X6.jpg
1245228152823900005614,ACEH,PIDIE,PEUKAN BARO,CEMPALA KUNENG,TPS 1,2019-10-25 05:00:03,12,179,229,193,193,191,2,https://pemilu2019.kpu.go.id/img/c/900/005/900005614/1-2823-1-C1-PPWP-X1.jpg,https://pemilu2019.kpu.go.id/img/c/900/005/900005614/1-2823-1-C1-PPWP-X2.jpg
1245228152823900005615,ACEH,PIDIE,PEUKAN BARO,CEMPALA KUNENG,TPS 2,2019-10-25 05:00:03,11,191,245,207,207,202,5,https://pemilu2019.kpu.go.id/img/c/900/005/900005615/3-2823-2-C-XXX-X5.jpg,https://pemilu2019.kpu.go.id/img/c/900/005/900005615/3-2823-2-C-XXX-X6.jpg
1245228152817900005603,ACEH,PIDIE,PEUKAN BARO,COT MULU,TPS 1,2019-10-25 05:00:03,5,139,199,149,149,144,5,https://pemilu2019.kpu.go.id/img/c/900/005/900005603/2817-1-C-XXX-X5.jpg,https://pemilu2019.kpu.go.id/img/c/900/005/900005603/2817-1-C-XXX-X6.jpg
1245228152817900005604,ACEH,PIDIE,PEUKAN BARO,COT MULU,TPS 2,2019-10-25 05:00:03,7,131,203,141,141,138,3,https://pemilu2019.kpu.go.id/img/c/900/005/900005604/2-2817-2-C-XXX-X35.jpg,https://pemilu2019.kpu.go.id/img/c/900/005/900005604/2-2817-2-C-XXX-X36.jpg
1245228152818900005605,ACEH,PIDIE,PEUKAN BARO,DAYAH BUBUE,TPS 1,2019-10-25 05:00:03,23,165,216,195,195,188,7,https://pemilu2019.kpu.go.id/img/c/900/005/900005605/2818-1-C-XXX-X5.jpg,https://pemilu2019.kpu.go.id/img/c/900/005/900005605/2818-1-C-XXX-X6.jpg
1245228152818900005606,ACEH,PIDIE,PEUKAN BARO,DAYAH BUBUE,TPS 2,2019-10-25 05:00:03,15,147,208,172,172,162,10,https://pemilu2019.kpu.go.id/img/c/900/005/900005606/2818-2-C-XXX-X5.jpg,https://pemilu2019.kpu.go.id/img/c/900/005/900005606/2818-2-C-XXX-X6.jpg
1245228152818900005607,ACEH,PIDIE,PEUKAN BARO,DAYAH BUBUE,TPS 3,2019-10-25 05:00:03,13,161,204,174,176,174,2,https://pemilu2019.kpu.go.id/img/c/900/005/900005607/2818-3-C-XXX-X5.jpg,https://pemilu2019.kpu.go.id/img/c/900/005/900005607/2818-3-C-XXX-X6.jpg
1245228152848900005652,ACEH,PIDIE,PEUKAN BARO,DAYAH MUARA,TPS 1,2019-10-25 05:00:03,11,123,193,148,148,134,14,https://pemilu2019.kpu.go.id/img/c/900/005/900005652/2848-1-C-XXX-X5.jpg,https://pemilu2019.kpu.go.id/img/c/900/005/900005652/2848-1-C-XXX-X6.jpg
1245228152848900005653,ACEH,PIDIE,PEUKAN BARO,DAYAH MUARA,TPS 2,2019-10-25 05:00:03,18,107,172,133,133,125,8,https://pemilu2019.kpu.go.id/img/c/900/005/900005653/1-2848-2-C1-PPWP-X1.jpg,https://pemilu2019.kpu.go.id/img/c/900/005/900005653/1-2848-2-C1-PPWP-X2.jpg
1245228152831900005624,ACEH,PIDIE,PEUKAN BARO,DAYAH SEUMIDEUEN,TPS 1,2019-10-25 05:00:03,19,138,189,161,161,157,4,https://pemilu2019.kpu.go.id/img/c/900/005/900005624/2831-1-C-XXX-X5.jpg,https://pemilu2019.kpu.go.id/img/c/900/005/900005624/2831-1-C-XXX-X6.jpg
1245228152831900005625,ACEH,PIDIE,PEUKAN BARO,DAYAH SEUMIDEUEN,TPS 2,2019-10-25 05:00:03,7,144,178,154,154,151,3,https://pemilu2019.kpu.go.id/img/c/900/005/900005625/3-2831-2-C-XXX-X5.jpg,https://pemilu2019.kpu.go.id/img/c/900/005/900005625/3-2831-2-C-XXX-X6.jpg
1245228152840900005640,ACEH,PIDIE,PEUKAN BARO,DAYAH SUKON,TPS 1,2019-10-25 05:00:03,7,157,199,165,165,164,1,https://pemilu2019.kpu.go.id/img/c/900/005/900005640/2-2840-1-C-XXX-X5.jpg,https://pemilu2019.kpu.go.id/img/c/900/005/900005640/2-2840-1-C-XXX-X6.jpg
1245228152840900005641,ACEH,PIDIE,PEUKAN BARO,DAYAH SUKON,TPS 2,2019-10-25 05:00:03,5,142,186,151,151,147,37,https://pemilu2019.kpu.go.id/img/c/900/005/900005641/1-2840-2-C1-PPWP-X1.jpg,https://pemilu2019.kpu.go.id/img/c/900/005/900005641/1-2840-2-C1-PPWP-X2.jpg
1245228152834900005628,ACEH,PIDIE,PEUKAN BARO,DAYAH TEUNGKU,TPS 1,2019-10-25 05:00:03,13,115,176,135,135,128,7,https://pemilu2019.kpu.go.id/img/c/900/005/900005628/2-2834-1-C1-PPWP-01.jpg,https://pemilu2019.kpu.go.id/img/c/900/005/900005628/2-2834-1-C-XXX-X6.jpg
1245228152834900005629,ACEH,PIDIE,PEUKAN BARO,DAYAH TEUNGKU,TPS 2,2019-10-25 05:00:03,13,112,127,127,1,125,1,https://pemilu2019.kpu.go.id/img/c/900/005/900005629/2-2834-2-C-XXX-X35.jpg,https://pemilu2019.kpu.go.id/img/c/900/005/900005629/2-2834-2-C-XXX-X36.jpg
1245228152816900005600,ACEH,PIDIE,PEUKAN BARO,DUA PAYA,TPS 1,2019-10-25 05:00:03,2,153,206,163,163,8,155,https://pemilu2019.kpu.go.id/img/c/900/005/900005600/2-2816-1-C-XXX-X5.jpg,https://pemilu2019.kpu.go.id/img/c/900/005/900005600/2-2816-1-C-XXX-X6.jpg
1245228152816900005601,ACEH,PIDIE,PEUKAN BARO,DUA PAYA,TPS 2,2019-10-25 05:00:03,5,138,216,146,146,143,3,https://pemilu2019.kpu.go.id/img/c/900/005/900005601/1-2816-2-C-XXX-X5.jpg,https://pemilu2019.kpu.go.id/img/c/900/005/900005601/1-2816-2-C-XXX-X6.jpg
1245228152816900005602,ACEH,PIDIE,PEUKAN BARO,DUA PAYA,TPS 3,2019-10-25 05:00:03,6,138,207,145,145,144,1,https://pemilu2019.kpu.go.id/img/c/900/005/900005602/2-2816-3-C-XXX-X5.jpg,https://pemilu2019.kpu.go.id/img/c/900/005/900005602/2-2816-3-C-XXX-X6.jpg
1245228152862900005668,ACEH,PIDIE,PEUKAN BARO,GAMPONG BLANG SEUPENG,TPS 1,2019-10-25 05:00:03,14,176,230,199,199,190,9,https://pemilu2019.kpu.go.id/img/c/900/005/900005668/3-2862-1-C-XXX-X5.jpg,https://pemilu2019.kpu.go.id/img/c/900/005/900005668/3-2862-1-C-XXX-X6.jpg
124522815931326900810027,ACEH,PIDIE,PEUKAN BARO,GAMPONG KRUENG SEUMIDEUEN,TPS 1,2019-10-25 05:00:03,5,68,85,76,76,73,3,https://pemilu2019.kpu.go.id/img/c/900/810/900810027/1-931326-1-C-XXX-X5.jpg,https://pemilu2019.kpu.go.id/img/c/900/810/900810027/1-931326-1-C-XXX-X6.jpg
1245228152827900005619,ACEH,PIDIE,PEUKAN BARO,GAMPONG WAIDO,TPS 1,2019-10-25 05:00:03,17,174,261,192,192,191,1,https://pemilu2019.kpu.go.id/img/c/900/005/900005619/5-2827-1-C1-PPWP-X1.jpg,https://pemilu2019.kpu.go.id/img/c/900/005/900005619/5-2827-1-C1-PPWP-X2.jpg
1245228152851900005656,ACEH,PIDIE,PEUKAN BARO,JIM,TPS 1,2019-10-25 05:00:03,16,98,139,118,118,114,4,https://pemilu2019.kpu.go.id/img/c/900/005/900005656/2-2851-1-C-XXX-X5.jpg,https://pemilu2019.kpu.go.id/img/c/900/005/900005656/2-2851-1-C-XXX-X6.jpg
1245228152854900005660,ACEH,PIDIE,PEUKAN BARO,JURONG KRUENG SEUMIDEUEN,TPS 1,2019-10-25 05:00:03,31,121,188,168,168,152,16,https://pemilu2019.kpu.go.id/img/c/900/005/900005660/1-2854-1-C-XXX-X5.jpg,https://pemilu2019.kpu.go.id/img/c/900/005/900005660/1-2854-1-C-XXX-X6.jpg
1245228152835900005630,ACEH,PIDIE,PEUKAN BARO,JURONG RAYA,TPS 1,2019-10-25 05:00:03,19,182,263,216,216,201,15,https://pemilu2019.kpu.go.id/img/c/900/005/900005630/2-2835-1-C-XXX-X5.jpg,https://pemilu2019.kpu.go.id/img/c/900/005/900005630/2-2835-1-C-XXX-X6.jpg
1245228152835900005631,ACEH,PIDIE,PEUKAN BARO,JURONG RAYA,TPS 2,2019-10-25 05:00:03,6,207,272,225,225,213,12,https://pemilu2019.kpu.go.id/img/c/900/005/900005631/2-2835-2-C-XXX-X35.jpg,https://pemilu2019.kpu.go.id/img/c/900/005/900005631/2-2835-2-C-XXX-X36.jpg
1245228152861900005667,ACEH,PIDIE,PEUKAN BARO,KABAT,TPS 1,2019-10-25 05:00:03,8,151,183,167,167,159,8,https://pemilu2019.kpu.go.id/img/c/900/005/900005667/3-2861-1-C-XXX-X5.jpg,https://pemilu2019.kpu.go.id/img/c/900/005/900005667/3-2861-1-C-XXX-X6.jpg
1245228152859900005665,ACEH,PIDIE,PEUKAN BARO,KEURUMBOK,TPS 1,2019-10-25 05:00:03,9,185,237,204,204,194,10,https://pemilu2019.kpu.go.id/img/c/900/005/900005665/2-2859-1-C-XXX-X5.jpg,https://pemilu2019.kpu.go.id/img/c/900/005/900005665/2-2859-1-C-XXX-X6.jpg
1245228152852900005657,ACEH,PIDIE,PEUKAN BARO,KEUTAPANG,TPS 1,2019-10-25 05:00:03,37,164,229,219,219,201,18,https://pemilu2019.kpu.go.id/img/c/900/005/900005657/2-2852-1-C-XXX-X5.jpg,https://pemilu2019.kpu.go.id/img/c/900/005/900005657/2-2852-1-C-XXX-X6.jpg
1245228152826900005618,ACEH,PIDIE,PEUKAN BARO,KUMBANG WAIDO,TPS 1,2019-10-25 05:00:03,2,152,187,157,157,154,3,https://pemilu2019.kpu.go.id/img/c/900/005/900005618/2-2826-1-C-XXX-X5.jpg,https://pemilu2019.kpu.go.id/img/c/900/005/900005618/2-2826-1-C-XXX-X6.jpg
1245228152825900005617,ACEH,PIDIE,PEUKAN BARO,LEUHOP,TPS 1,2019-10-25 05:00:03,35,135,211,180,180,170,10,https://pemilu2019.kpu.go.id/img/c/900/005/900005617/2-2825-1-C-XXX-X5.jpg,https://pemilu2019.kpu.go.id/img/c/900/005/900005617/2-2825-1-C-XXX-X6.jpg
1245228152830900005622,ACEH,PIDIE,PEUKAN BARO,LUENG GUCI RUMPONG,TPS 1,2019-10-25 05:00:03,14,147,197,168,168,161,7,https://pemilu2019.kpu.go.id/img/c/900/005/900005622/2-2830-1-C-XXX-X5.jpg,https://pemilu2019.kpu.go.id/img/c/900/005/900005622/2-2830-1-C-XXX-X6.jpg
1245228152830900005623,ACEH,PIDIE,PEUKAN BARO,LUENG GUCI RUMPONG,TPS 2,2019-10-25 05:00:03,13,124,182,141,141,137,4,https://pemilu2019.kpu.go.id/img/c/900/005/900005623/3-2830-2-C-XXX-X5.jpg,https://pemilu2019.kpu.go.id/img/c/900/005/900005623/3-2830-2-C-XXX-X6.jpg
1245228152837900005634,ACEH,PIDIE,PEUKAN BARO,LUENG MESJID,TPS 1,2019-10-25 05:00:03,11,186,257,202,202,197,5,https://pemilu2019.kpu.go.id/img/c/900/005/900005634/1-2837-1-C1-PPWP-X1.jpg,https://pemilu2019.kpu.go.id/img/c/900/005/900005634/1-2837-1-C1-PPWP-X2.jpg
1245228152837900005635,ACEH,PIDIE,PEUKAN BARO,LUENG MESJID,TPS 2,2019-10-25 05:00:03,24,164,245,194,194,188,6,https://pemilu2019.kpu.go.id/img/c/900/005/900005635/1-2837-2-C1-PPWP-X1.jpg,https://pemilu2019.kpu.go.id/img/c/900/005/900005635/1-2837-2-C1-PPWP-X2.jpg
1245228152839900005638,ACEH,PIDIE,PEUKAN BARO,MEE HAGU,TPS 1,2019-10-25 05:00:03,22,162,220,187,187,184,3,https://pemilu2019.kpu.go.id/img/c/900/005/900005638/2-2839-1-C-XXX-X5.jpg,https://pemilu2019.kpu.go.id/img/c/900/005/900005638/2-2839-1-C-XXX-X6.jpg
1245228152839900005639,ACEH,PIDIE,PEUKAN BARO,MEE HAGU,TPS 2,2019-10-25 05:00:03,23,146,211,172,172,169,3,https://pemilu2019.kpu.go.id/img/c/900/005/900005639/2-2839-2-C-XXX-X5.jpg,https://pemilu2019.kpu.go.id/img/c/900/005/900005639/2-2839-2-C-XXX-X6.jpg
1245228152857900005663,ACEH,PIDIE,PEUKAN BARO,MEE KRUENG SEUMIDEUEN,TPS 1,2019-10-25 05:00:03,17,98,148,125,125,115,10,https://pemilu2019.kpu.go.id/img/c/900/005/900005663/2-2857-1-C-XXX-X5.jpg,https://pemilu2019.kpu.go.id/img/c/900/005/900005663/2-2857-1-C-XXX-X6.jpg
1245228152828900005620,ACEH,PIDIE,PEUKAN BARO,MEE KRUKON,TPS 1,2019-10-25 05:00:03,3,56,72,61,61,59,2,https://pemilu2019.kpu.go.id/img/c/900/005/900005620/1-2828-1-C1-PPWP-X1.jpg,https://pemilu2019.kpu.go.id/img/c/900/005/900005620/1-2828-1-C1-PPWP-X2.jpg
1245228152829900005621,ACEH,PIDIE,PEUKAN BARO,MEE LAMPOH SAKA,TPS 1,2019-10-25 05:00:03,7,167,215,175,175,174,1,https://pemilu2019.kpu.go.id/img/c/900/005/900005621/1-2829-1-C1-PPWP-X1.jpg,https://pemilu2019.kpu.go.id/img/c/900/005/900005621/1-2829-1-C1-PPWP-X2.jpg
1245228152844900005648,ACEH,PIDIE,PEUKAN BARO,MEE TANOH,TPS 1,2019-10-25 05:00:03,16,215,271,235,235,231,4,https://pemilu2019.kpu.go.id/img/c/900/005/900005648/2-2844-1-C-XXX-X5.jpg,https://pemilu2019.kpu.go.id/img/c/900/005/900005648/2-2844-1-C-XXX-X6.jpg
1245228152832900005626,ACEH,PIDIE,PEUKAN BARO,MESJID GUCI RUMPONG,TPS 1,2019-10-25 05:00:03,18,172,237,219,195,190,5,https://pemilu2019.kpu.go.id/img/c/900/005/900005626/1-2832-1-C1-PPWP-X1.jpg,https://pemilu2019.kpu.go.id/img/c/900/005/900005626/1-2832-1-C1-PPWP-X2.jpg
1245228152853900005658,ACEH,PIDIE,PEUKAN BARO,MEULEUWEUK,TPS 1,2019-10-25 05:00:03,6,156,194,165,165,162,3,https://pemilu2019.kpu.go.id/img/c/900/005/900005658/1-2853-1-C1-PPWP-X1.jpg,https://pemilu2019.kpu.go.id/img/c/900/005/900005658/1-2853-1-C1-PPWP-X2.jpg
1245228152853900005659,ACEH,PIDIE,PEUKAN BARO,MEULEUWEUK,TPS 2,2019-10-25 05:00:03,13,133,184,149,149,146,3,https://pemilu2019.kpu.go.id/img/c/900/005/900005659/1-2853-2-C1-PPWP-X1.jpg,https://pemilu2019.kpu.go.id/img/c/900/005/900005659/1-2853-2-C1-PPWP-X2.jpg
1245228152843900005646,ACEH,PIDIE,PEUKAN BARO,MEUNJEE MESJID,TPS 1,2019-10-25 05:00:03,15,175,223,198,198,190,8,https://pemilu2019.kpu.go.id/img/c/900/005/900005646/1-2843-1-C1-PPWP-X1.jpg,https://pemilu2019.kpu.go.id/img/c/900/005/900005646/1-2843-1-C1-PPWP-X2.jpg
1245228152843900005647,ACEH,PIDIE,PEUKAN BARO,MEUNJEE MESJID,TPS 2,2019-10-25 05:00:03,14,157,214,174,174,171,3,https://pemilu2019.kpu.go.id/img/c/900/005/900005647/1-2843-2-C1-PPWP-X1.jpg,https://pemilu2019.kpu.go.id/img/c/900/005/900005647/1-2843-2-C1-PPWP-X2.jpg
1245228152824900005616,ACEH,PIDIE,PEUKAN BARO,PEUNAYONG,TPS 1,2019-10-25 05:00:03,10,161,209,176,176,171,5,https://pemilu2019.kpu.go.id/img/c/900/005/900005616/2-2824-1-C-XXX-X5.jpg,https://pemilu2019.kpu.go.id/img/c/900/005/900005616/2-2824-1-C-XXX-X6.jpg
1245228152847900005651,ACEH,PIDIE,PEUKAN BARO,PUUK,TPS 1,2019-10-25 05:00:03,8,108,159,123,123,116,7,https://pemilu2019.kpu.go.id/img/c/900/005/900005651/2-2847-1-C-XXX-X5.jpg,https://pemilu2019.kpu.go.id/img/c/900/005/900005651/2-2847-1-C-XXX-X6.jpg
1245228152821900005610,ACEH,PIDIE,PEUKAN BARO,RAMBAYAN KUPULA,TPS 1,2019-10-25 05:00:03,8,142,186,161,161,150,11,https://pemilu2019.kpu.go.id/img/c/900/005/900005610/2821-1-C-XXX-X5.jpg,https://pemilu2019.kpu.go.id/img/c/900/005/900005610/2821-1-C-XXX-X6.jpg
1245228152821900005611,ACEH,PIDIE,PEUKAN BARO,RAMBAYAN KUPULA,TPS 2,2019-10-25 05:00:03,3,128,175,144,144,131,13,https://pemilu2019.kpu.go.id/img/c/900/005/900005611/2821-2-C-XXX-X5.jpg,https://pemilu2019.kpu.go.id/img/c/900/005/900005611/2821-2-C-XXX-X6.jpg
1245228152822900005612,ACEH,PIDIE,PEUKAN BARO,RAMBAYAN LUENG,TPS 1,2019-10-25 05:00:03,9,206,262,223,223,215,8,https://pemilu2019.kpu.go.id/img/c/900/005/900005612/1-2822-1-C1-PPWP-X1.jpg,https://pemilu2019.kpu.go.id/img/c/900/005/900005612/1-2822-1-C1-PPWP-X2.jpg
1245228152822900005613,ACEH,PIDIE,PEUKAN BARO,RAMBAYAN LUENG,TPS 2,2019-10-25 05:00:03,22,193,273,220,220,215,5,https://pemilu2019.kpu.go.id/img/c/900/005/900005613/1-2822-2-C1-PPWP-X1.jpg,https://pemilu2019.kpu.go.id/img/c/900/005/900005613/1-2822-2-C1-PPWP-X2.jpg
1245228152855900005661,ACEH,PIDIE,PEUKAN BARO,RAYA KRUENG SEUMIDEUEN,TPS 1,2019-10-25 05:00:03,10,78,96,93,93,88,5,https://pemilu2019.kpu.go.id/img/c/900/005/900005661/1-2855-1-C-XXX-X5.jpg,https://pemilu2019.kpu.go.id/img/c/900/005/900005661/1-2855-1-C-XXX-X6.jpg
1245228152833900005627,ACEH,PIDIE,PEUKAN BARO,REUBA WAIDO,TPS 1,2019-10-25 05:00:03,14,178,230,195,195,192,3,https://pemilu2019.kpu.go.id/img/c/900/005/900005627/1-2833-1-C-XXX-X5.jpg,https://pemilu2019.kpu.go.id/img/c/900/005/900005627/1-2833-1-C-XXX-X6.jpg
1245228152849900005654,ACEH,PIDIE,PEUKAN BARO,SAWIET,TPS 1,2019-10-25 05:00:03,3,185,192,192,192,188,4,https://pemilu2019.kpu.go.id/img/c/900/005/900005654/1-2849-1-C-XXX-X5.jpg,https://pemilu2019.kpu.go.id/img/c/900/005/900005654/1-2849-1-C-XXX-X6.jpg
1245228152845900005649,ACEH,PIDIE,PEUKAN BARO,SIALET-ALET,TPS 1,2019-10-25 05:00:03,4,118,146,123,123,122,1,https://pemilu2019.kpu.go.id/img/c/900/005/900005649/1-2845-1-C-XXX-X5.jpg,https://pemilu2019.kpu.go.id/img/c/900/005/900005649/1-2845-1-C-XXX-X6.jpg
1245228152856900005662,ACEH,PIDIE,PEUKAN BARO,SUKON KRUENG SEUMIDEUEN,TPS 1,2019-10-25 05:00:03,25,152,234,196,196,177,19,https://pemilu2019.kpu.go.id/img/c/900/005/900005662/1-2856-1-C-XXX-X5.jpg,https://pemilu2019.kpu.go.id/img/c/900/005/900005662/1-2856-1-C-XXX-X6.jpg
1245228152820900005609,ACEH,PIDIE,PEUKAN BARO,SUMBOE BUGA,TPS 1,2019-10-25 05:00:03,12,188,255,212,212,200,12,https://pemilu2019.kpu.go.id/img/c/900/005/900005609/1-2820-1-C-XXX-X5.jpg,https://pemilu2019.kpu.go.id/img/c/900/005/900005609/1-2820-1-C-XXX-X6.jpg
1245228152819900005608,ACEH,PIDIE,PEUKAN BARO,TANJONG HAGU,TPS 1,2019-10-25 05:00:03,10,148,180,162,162,158,4,https://pemilu2019.kpu.go.id/img/c/900/005/900005608/1-2819-1-C-XXX-X5.jpg,https://pemilu2019.kpu.go.id/img/c/900/005/900005608/1-2819-1-C-XXX-X6.jpg
1245228152838900005636,ACEH,PIDIE,PEUKAN BARO,TEUNGOH BAROH,TPS 1,2019-10-25 05:00:03,25,197,267,224,224,222,2,https://pemilu2019.kpu.go.id/img/c/900/005/900005636/1-2838-1-C-XXX-X5.jpg,https://pemilu2019.kpu.go.id/img/c/900/005/900005636/1-2838-1-C-XXX-X6.jpg
1245228152838900005637,ACEH,PIDIE,PEUKAN BARO,TEUNGOH BAROH,TPS 2,2019-10-25 05:00:03,13,183,264,199,199,196,3,https://pemilu2019.kpu.go.id/img/c/900/005/900005637/2838-2-C-XXX-X35.jpg,https://pemilu2019.kpu.go.id/img/c/900/005/900005637/2838-2-C-XXX-X36.jpg
1245228152860900005666,ACEH,PIDIE,PEUKAN BARO,ULEE COT SEUPENG,TPS 1,2019-10-25 05:00:03,4,189,210,198,198,193,5,https://pemilu2019.kpu.go.id/img/c/900/005/900005666/1-2860-1-C1-PPWP-X1.jpg,https://pemilu2019.kpu.go.id/img/c/900/005/900005666/1-2860-1-C1-PPWP-X2.jpg
1245228152850900005655,ACEH,PIDIE,PEUKAN BARO,ULEE TUTUE,TPS 1,2019-10-25 05:00:03,21,172,233,201,201,193,8,https://pemilu2019.kpu.go.id/img/c/900/005/900005655/1-2850-1-C1-PPWP-X1.jpg,https://pemilu2019.kpu.go.id/img/c/900/005/900005655/1-2850-1-C1-PPWP-X2.jpg
1245228642907900005772,ACEH,PIDIE,PIDIE,ABO TEUBENG,TPS 1,2019-10-25 05:00:03,8,122,172,137,137,130,7,https://pemilu2019.kpu.go.id/img/c/900/005/900005772/2-2907-1-C-XXX-X5.jpg,https://pemilu2019.kpu.go.id/img/c/900/005/900005772/2-2907-1-C-XXX-X6.jpg
1245228642907900005773,ACEH,PIDIE,PIDIE,ABO TEUBENG,TPS 2,2019-10-25 05:00:03,11,125,173,140,140,136,4,https://pemilu2019.kpu.go.id/img/c/900/005/900005773/1-2907-2-C-XXX-X5.jpg,https://pemilu2019.kpu.go.id/img/c/900/005/900005773/1-2907-2-C-XXX-X6.jpg
1245228642925900005807,ACEH,PIDIE,PIDIE,ALUE,TPS 1,2019-10-25 05:00:03,19,126,182,147,147,145,2,https://pemilu2019.kpu.go.id/img/c/900/005/900005807/1-2925-1-C-XXX-X5.jpg,https://pemilu2019.kpu.go.id/img/c/900/005/900005807/1-2925-1-C-XXX-X6.jpg
1245228642872900005688,ACEH,PIDIE,PIDIE,BAROH,TPS 1,2019-10-25 05:00:03,7,186,228,194,194,193,1,https://pemilu2019.kpu.go.id/img/c/900/005/900005688/1-2872-1-C-XXX-X5.jpg,https://pemilu2019.kpu.go.id/img/c/900/005/900005688/1-2872-1-C-XXX-X6.jpg
1245228642872900005689,ACEH,PIDIE,PIDIE,BAROH,TPS 2,2019-10-25 05:00:03,27,164,230,195,195,191,4,https://pemilu2019.kpu.go.id/img/c/900/005/900005689/1-2872-2-C-XXX-X5.jpg,https://pemilu2019.kpu.go.id/img/c/900/005/900005689/1-2872-2-C-XXX-X6.jpg
1245228642872900005690,ACEH,PIDIE,PIDIE,BAROH,TPS 3,2019-10-25 05:00:03,7,196,259,204,205,203,2,https://pemilu2019.kpu.go.id/img/c/900/005/900005690/1-2872-3-C-XXX-X5.jpg,https://pemilu2019.kpu.go.id/img/c/900/005/900005690/1-2872-3-C-XXX-X6.jpg
1245228642920900005798,ACEH,PIDIE,PIDIE,BATEE,TPS 1,2019-10-25 05:00:03,7,83,105,93,93,90,3,https://pemilu2019.kpu.go.id/img/c/900/005/900005798/1-2920-1-C1-PPWP-X1.jpg,https://pemilu2019.kpu.go.id/img/c/900/005/900005798/1-2920-1-C1-PPWP-X2.jpg
1245228642906900005771,ACEH,PIDIE,PIDIE,BAYU TEUBENG,TPS 1,2019-10-25 05:00:03,15,156,199,175,175,171,4,https://pemilu2019.kpu.go.id/img/c/900/005/900005771/2-2906-1-C1-PPWP-X1.jpg,https://pemilu2019.kpu.go.id/img/c/900/005/900005771/2-2906-1-C1-PPWP-X2.jpg
1245228642923900005803,ACEH,PIDIE,PIDIE,BIE,TPS 1,2019-10-25 05:00:03,6,137,189,152,152,143,9,https://pemilu2019.kpu.go.id/img/c/900/005/900005803/1-2923-1-C1-PPWP-X1.jpg,https://pemilu2019.kpu.go.id/img/c/900/005/900005803/1-2923-1-C1-PPWP-X2.jpg
1245228642923900005804,ACEH,PIDIE,PIDIE,BIE,TPS 2,2019-10-25 05:00:03,16,134,185,153,153,150,3,https://pemilu2019.kpu.go.id/img/c/900/005/900005804/1-2923-2-C1-PPWP-X1.jpg,https://pemilu2019.kpu.go.id/img/c/900/005/900005804/1-2923-2-C1-PPWP-X2.jpg
1245228642924900005805,ACEH,PIDIE,PIDIE,BLANG KULA,TPS 1,2019-10-25 05:00:03,17,109,160,135,135,126,9,https://pemilu2019.kpu.go.id/img/c/900/005/900005805/1-2924-1-C-XXX-X5.jpg,https://pemilu2019.kpu.go.id/img/c/900/005/900005805/1-2924-1-C-XXX-X6.jpg
1245228642924900005806,ACEH,PIDIE,PIDIE,BLANG KULA,TPS 2,2019-10-25 05:00:03,15,109,159,133,133,124,9,https://pemilu2019.kpu.go.id/img/c/900/005/900005806/1-2924-2-C1-PPWP-X1.jpg,https://pemilu2019.kpu.go.id/img/c/900/005/900005806/1-2924-2-C1-PPWP-X2.jpg
1245228642874900005692,ACEH,PIDIE,PIDIE,COT GEUNDUEK,TPS 1,2019-10-25 05:00:03,23,167,261,202,202,190,12,https://pemilu2019.kpu.go.id/img/c/900/005/900005692/2-2874-1-C-XXX-X5.jpg,https://pemilu2019.kpu.go.id/img/c/900/005/900005692/2-2874-1-C-XXX-X6.jpg
1245228642874900005693,ACEH,PIDIE,PIDIE,COT GEUNDUEK,TPS 2,2019-10-25 05:00:03,27,130,251,168,168,157,11,https://pemilu2019.kpu.go.id/img/c/900/005/900005693/1-2874-2-C1-PPWP-X1.jpg,https://pemilu2019.kpu.go.id/img/c/900/005/900005693/1-2874-2-C1-PPWP-X2.jpg
1245228642916900005789,ACEH,PIDIE,PIDIE,COT GLUMPANG,TPS 1,2019-10-25 05:00:03,24,133,194,167,167,157,10,https://pemilu2019.kpu.go.id/img/c/900/005/900005789/1-2916-1-C-XXX-X5.jpg,https://pemilu2019.kpu.go.id/img/c/900/005/900005789/1-2916-1-C-XXX-X6.jpg
1245228642916900005790,ACEH,PIDIE,PIDIE,COT GLUMPANG,TPS 2,2019-10-25 05:00:03,35,119,200,161,161,154,7,https://pemilu2019.kpu.go.id/img/c/900/005/900005790/1-2916-2-C1-PPWP-X1.jpg,https://pemilu2019.kpu.go.id/img/c/900/005/900005790/1-2916-2-C1-PPWP-X2.jpg
1245228642884900005714,ACEH,PIDIE,PIDIE,COT RHENG,TPS 1,2019-10-25 05:00:03,18,130,186,154,154,148,5,https://pemilu2019.kpu.go.id/img/c/900/005/900005714/2-2884-1-C1-PPWP-X1.jpg,https://pemilu2019.kpu.go.id/img/c/900/005/900005714/2-2884-1-C1-PPWP-X2.jpg
1245228642884900005715,ACEH,PIDIE,PIDIE,COT RHENG,TPS 2,2019-10-25 05:00:03,25,123,179,155,155,148,7,https://pemilu2019.kpu.go.id/img/c/900/005/900005715/1-2884-2-C1-PPWP-X1.jpg,https://pemilu2019.kpu.go.id/img/c/900/005/900005715/1-2884-2-C1-PPWP-X2.jpg
1245228642883900005710,ACEH,PIDIE,PIDIE,COT TEUNGOH,TPS 1,2019-10-25 05:00:03,15,162,219,180,180,177,3,https://pemilu2019.kpu.go.id/img/c/900/005/900005710/1-2883-1-C1-PPWP-X1.jpg,https://pemilu2019.kpu.go.id/img/c/900/005/900005710/1-2883-1-C1-PPWP-X2.jpg
1245228642883900005711,ACEH,PIDIE,PIDIE,COT TEUNGOH,TPS 2,2019-10-25 05:00:03,14,149,200,166,166,163,3,https://pemilu2019.kpu.go.id/img/c/900/005/900005711/1-2883-2-C-XXX-X5.jpg,https://pemilu2019.kpu.go.id/img/c/900/005/900005711/1-2883-2-C-XXX-X6.jpg
1245228642883900005712,ACEH,PIDIE,PIDIE,COT TEUNGOH,TPS 3,2019-10-25 05:00:03,9,143,200,153,153,152,1,https://pemilu2019.kpu.go.id/img/c/900/005/900005712/1-2883-3-C-XXX-X5.jpg,https://pemilu2019.kpu.go.id/img/c/900/005/900005712/1-2883-3-C-XXX-X6.jpg
1245228642883900005713,ACEH,PIDIE,PIDIE,COT TEUNGOH,TPS 4,2019-10-25 05:00:03,0,16,16,16,16,16,0,https://pemilu2019.kpu.go.id/img/c/900/005/900005713/1-2883-4-C1-PPWP-X1.jpg,https://pemilu2019.kpu.go.id/img/c/900/005/900005713/1-2883-4-C1-PPWP-X2.jpg
1245228642900900005762,ACEH,PIDIE,PIDIE,DALUENG,TPS 1,2019-10-25 05:00:03,11,145,185,162,162,156,6,https://pemilu2019.kpu.go.id/img/c/900/005/900005762/1-2900-1-C-XXX-X5.jpg,https://pemilu2019.kpu.go.id/img/c/900/005/900005762/1-2900-1-C-XXX-X6.jpg
1245228642900900005763,ACEH,PIDIE,PIDIE,DALUENG,TPS 2,2019-10-25 05:00:03,4,152,188,158,158,156,2,https://pemilu2019.kpu.go.id/img/c/900/005/900005763/1-2900-2-C-XXX-X5.jpg,https://pemilu2019.kpu.go.id/img/c/900/005/900005763/1-2900-2-C-XXX-X6.jpg
1245228642914900005786,ACEH,PIDIE,PIDIE,DAYAH JEULEUPE,TPS 1,2019-10-25 05:00:03,9,118,168,132,132,127,5,https://pemilu2019.kpu.go.id/img/c/900/005/900005786/1-2914-1-C-XXX-X5.jpg,https://pemilu2019.kpu.go.id/img/c/900/005/900005786/1-2914-1-C-XXX-X6.jpg
1245228642873900005691,ACEH,PIDIE,PIDIE,DAYAH TANOH,TPS 1,2019-10-25 05:00:03,16,197,296,221,221,213,8,https://pemilu2019.kpu.go.id/img/c/900/005/900005691/1-2873-1-C1-PPWP-X1.jpg,https://pemilu2019.kpu.go.id/img/c/900/005/900005691/1-2873-1-C1-PPWP-X2.jpg
1245228642903900005766,ACEH,PIDIE,PIDIE,DAYAH TEUBENG,TPS 1,2019-10-25 05:00:03,10,207,239,217,217,217,0,https://pemilu2019.kpu.go.id/img/c/900/005/900005766/1-2903-1-C-XXX-X5.jpg,https://pemilu2019.kpu.go.id/img/c/900/005/900005766/1-2903-1-C-XXX-X6.jpg
1245228642903900005767,ACEH,PIDIE,PIDIE,DAYAH TEUBENG,TPS 2,2019-10-25 05:00:03,20,190,233,210,210,210,0,https://pemilu2019.kpu.go.id/img/c/900/005/900005767/1-2903-2-C-XXX-X5.jpg,https://pemilu2019.kpu.go.id/img/c/900/005/900005767/1-2903-2-C-XXX-X6.jpg
1245228642871900005686,ACEH,PIDIE,PIDIE,DAYAH TEUNGOH,TPS 1,2019-10-25 05:00:03,12,203,279,218,218,215,3,https://pemilu2019.kpu.go.id/img/c/900/005/900005686/1-2871-1-C-XXX-X5.jpg,https://pemilu2019.kpu.go.id/img/c/900/005/900005686/1-2871-1-C-XXX-X6.jpg
1245228642871900005687,ACEH,PIDIE,PIDIE,DAYAH TEUNGOH,TPS 2,2019-10-25 05:00:03,12,197,255,214,214,209,5,https://pemilu2019.kpu.go.id/img/c/900/005/900005687/1-2871-2-C-XXX-X5.jpg,https://pemilu2019.kpu.go.id/img/c/900/005/900005687/1-2871-2-C-XXX-X6.jpg
1245228642879900005701,ACEH,PIDIE,PIDIE,DAYAH TUTONG,TPS 1,2019-10-25 05:00:03,3,127,176,135,135,130,5,https://pemilu2019.kpu.go.id/img/c/900/005/900005701/1-2879-1-C1-PPWP-X1.jpg,https://pemilu2019.kpu.go.id/img/c/900/005/900005701/1-2879-1-C1-PPWP-X2.jpg
1245228642879900005702,ACEH,PIDIE,PIDIE,DAYAH TUTONG,TPS 2,2019-10-25 05:00:03,12,108,156,126,126,120,6,https://pemilu2019.kpu.go.id/img/c/900/005/900005702/1-2879-2-C-XXX-X5.jpg,https://pemilu2019.kpu.go.id/img/c/900/005/900005702/1-2879-2-C-XXX-X6.jpg
1245228642898900005751,ACEH,PIDIE,PIDIE,GAJAH AYEE,TPS 1,2019-10-25 05:00:03,10,186,297,206,206,196,10,https://pemilu2019.kpu.go.id/img/c/900/005/900005751/2-2898-1-C-XXX-X5.jpg,https://pemilu2019.kpu.go.id/img/c/900/005/900005751/2-2898-1-C-XXX-X6.jpg
1245228642898900005752,ACEH,PIDIE,PIDIE,GAJAH AYEE,TPS 2,2019-10-25 05:00:03,15,222,297,248,248,237,11,https://pemilu2019.kpu.go.id/img/c/900/005/900005752/2-2898-2-C-XXX-X5.jpg,https://pemilu2019.kpu.go.id/img/c/900/005/900005752/2-2898-2-C-XXX-X6.jpg
1245228642898900005753,ACEH,PIDIE,PIDIE,GAJAH AYEE,TPS 3,2019-10-25 05:00:03,7,215,300,225,225,222,3,https://pemilu2019.kpu.go.id/img/c/900/005/900005753/2-2898-3-C-XXX-X5.jpg,https://pemilu2019.kpu.go.id/img/c/900/005/900005753/2-2898-3-C-XXX-X6.jpg
1245228642898900005754,ACEH,PIDIE,PIDIE,GAJAH AYEE,TPS 4,2019-10-25 05:00:03,17,205,299,228,228,222,6,https://pemilu2019.kpu.go.id/img/c/900/005/900005754/1-2898-4-C-XXX-X5.jpg,https://pemilu2019.kpu.go.id/img/c/900/005/900005754/1-2898-4-C-XXX-X6.jpg
1245228642898900005755,ACEH,PIDIE,PIDIE,GAJAH AYEE,TPS 5,2019-10-25 05:00:03,23,176,306,205,205,199,6,https://pemilu2019.kpu.go.id/img/c/900/005/900005755/1-2898-5-C-XXX-X5.jpg,https://pemilu2019.kpu.go.id/img/c/900/005/900005755/1-2898-5-C-XXX-X6.jpg
1245228642898900005756,ACEH,PIDIE,PIDIE,GAJAH AYEE,TPS 6,2019-10-25 05:00:03,16,194,319,212,212,210,2,https://pemilu2019.kpu.go.id/img/c/900/005/900005756/1-2898-6-C1-PPWP-X1.jpg,https://pemilu2019.kpu.go.id/img/c/900/005/900005756/1-2898-6-C1-PPWP-X2.jpg
1245228642886900005718,ACEH,PIDIE,PIDIE,GAMPONG,TPS 1,2019-10-25 05:00:03,13,190,252,211,211,208,8,https://pemilu2019.kpu.go.id/img/c/900/005/900005718/1-2886-1-C1-PPWP-X1.jpg,https://pemilu2019.kpu.go.id/img/c/900/005/900005718/1-2886-1-C1-PPWP-X2.jpg
1245228642905900005770,ACEH,PIDIE,PIDIE,JAWA TEUBENG,TPS 1,2019-10-25 05:00:03,17,147,201,172,172,164,8,https://pemilu2019.kpu.go.id/img/c/900/005/900005770/1-2905-1-C1-PPWP-X1.jpg,https://pemilu2019.kpu.go.id/img/c/900/005/900005770/1-2905-1-C1-PPWP-X2.jpg
1245228642912900005782,ACEH,PIDIE,PIDIE,JEUMPA,TPS 1,2019-10-25 05:00:03,12,173,267,191,191,185,6,https://pemilu2019.kpu.go.id/img/c/900/005/900005782/2-2912-1-C-XXX-X5.jpg,https://pemilu2019.kpu.go.id/img/c/900/005/900005782/2-2912-1-C-XXX-X6.jpg
1245228642912900005783,ACEH,PIDIE,PIDIE,JEUMPA,TPS 2,2019-10-25 05:00:03,9,169,287,183,183,178,5,https://pemilu2019.kpu.go.id/img/c/900/005/900005783/1-2912-2-C-XXX-X5.jpg,https://pemilu2019.kpu.go.id/img/c/900/005/900005783/1-2912-2-C-XXX-X6.jpg
1245228642890900005725,ACEH,PIDIE,PIDIE,KAMPONG BARAT,TPS 1,2019-10-25 05:00:03,8,145,215,157,157,153,4,https://pemilu2019.kpu.go.id/img/c/900/005/900005725/1-2890-1-C-XXX-X5.jpg,https://pemilu2019.kpu.go.id/img/c/900/005/900005725/1-2890-1-C-XXX-X6.jpg
1245228642890900005726,ACEH,PIDIE,PIDIE,KAMPONG BARAT,TPS 2,2019-10-25 05:00:03,10,140,217,159,159,150,9,https://pemilu2019.kpu.go.id/img/c/900/005/900005726/1-2890-2-C-XXX-X5.jpg,https://pemilu2019.kpu.go.id/img/c/900/005/900005726/1-2890-2-C-XXX-X6.jpg
1245228642892900005731,ACEH,PIDIE,PIDIE,KAMPONG BARO,TPS 1,2019-10-25 05:00:03,16,179,245,201,201,195,6,https://pemilu2019.kpu.go.id/img/c/900/005/900005731/1-2892-1-C-XXX-X5.jpg,https://pemilu2019.kpu.go.id/img/c/900/005/900005731/1-2892-1-C-XXX-X6.jpg
1245228642892900005732,ACEH,PIDIE,PIDIE,KAMPONG BARO,TPS 2,2019-10-25 05:00:03,7,172,229,179,179,179,0,https://pemilu2019.kpu.go.id/img/c/900/005/900005732/1-2892-2-C-XXX-X5.jpg,https://pemilu2019.kpu.go.id/img/c/900/005/900005732/1-2892-2-C-XXX-X6.jpg
1245228642892900005733,ACEH,PIDIE,PIDIE,KAMPONG BARO,TPS 3,2019-10-25 05:00:03,8,160,226,173,173,168,5,https://pemilu2019.kpu.go.id/img/c/900/005/900005733/1-2892-3-C1-PPWP-X1.jpg,https://pemilu2019.kpu.go.id/img/c/900/005/900005733/1-2892-3-C1-PPWP-X2.jpg
1245228642892900005734,ACEH,PIDIE,PIDIE,KAMPONG BARO,TPS 4,2019-10-25 05:00:03,7,168,243,178,178,175,3,https://pemilu2019.kpu.go.id/img/c/900/005/900005734/1-2892-4-C-XXX-X5.jpg,https://pemilu2019.kpu.go.id/img/c/900/005/900005734/1-2892-4-C-XXX-X6.jpg
1245228642892900005735,ACEH,PIDIE,PIDIE,KAMPONG BARO,TPS 5,2019-10-25 05:00:03,10,149,227,164,164,159,5,https://pemilu2019.kpu.go.id/img/c/900/005/900005735/1-2892-5-C-XXX-X5.jpg,https://pemilu2019.kpu.go.id/img/c/900/005/900005735/1-2892-5-C-XXX-X6.jpg
1245228642889900005723,ACEH,PIDIE,PIDIE,KAMPONG PUKAT,TPS 1,2019-10-25 05:00:03,24,179,255,206,206,203,3,https://pemilu2019.kpu.go.id/img/c/900/005/900005723/1-2889-1-C-XXX-X5.jpg,https://pemilu2019.kpu.go.id/img/c/900/005/900005723/1-2889-1-C-XXX-X6.jpg
1245228642889900005724,ACEH,PIDIE,PIDIE,KAMPONG PUKAT,TPS 2,2019-10-25 05:00:03,17,188,243,207,207,205,2,https://pemilu2019.kpu.go.id/img/c/900/005/900005724/1-2889-2-C-XXX-X5.jpg,https://pemilu2019.kpu.go.id/img/c/900/005/900005724/1-2889-2-C-XXX-X6.jpg
1245228642877900005698,ACEH,PIDIE,PIDIE,KEUDE KEULIBEUT,TPS 1,2019-10-25 05:00:03,14,160,217,182,182,174,8,https://pemilu2019.kpu.go.id/img/c/900/005/900005698/1-2877-1-C-XXX-X5.jpg,https://pemilu2019.kpu.go.id/img/c/900/005/900005698/1-2877-1-C-XXX-X6.jpg
1245228642877900005699,ACEH,PIDIE,PIDIE,KEUDE KEULIBEUT,TPS 2,2019-10-25 05:00:03,9,151,218,170,170,160,10,https://pemilu2019.kpu.go.id/img/c/900/005/900005699/1-2877-2-C-XXX-X5.jpg,https://pemilu2019.kpu.go.id/img/c/900/005/900005699/1-2877-2-C-XXX-X6.jpg
1245228642881900005705,ACEH,PIDIE,PIDIE,KEUNIREE,TPS 1,2019-10-25 05:00:03,13,196,267,217,217,209,8,https://pemilu2019.kpu.go.id/img/c/900/005/900005705/1-2881-1-C1-PPWP-X1.jpg,https://pemilu2019.kpu.go.id/img/c/900/005/900005705/1-2881-1-C1-PPWP-X2.jpg
1245228642881900005706,ACEH,PIDIE,PIDIE,KEUNIREE,TPS 2,2019-10-25 05:00:03,17,176,266,193,193,193,0,https://pemilu2019.kpu.go.id/img/c/900/005/900005706/1-2881-2-C-XXX-X5.jpg,https://pemilu2019.kpu.go.id/img/c/900/005/900005706/1-2881-2-C-XXX-X6.jpg
1245228642881900005707,ACEH,PIDIE,PIDIE,KEUNIREE,TPS 3,2019-10-25 05:00:03,17,201,271,219,219,218,1,https://pemilu2019.kpu.go.id/img/c/900/005/900005707/1-2881-3-C1-PPWP-X1.jpg,https://pemilu2019.kpu.go.id/img/c/900/005/900005707/1-2881-3-C1-PPWP-X2.jpg
1245228642908900005774,ACEH,PIDIE,PIDIE,KEUTAPANG SANGGEUE,TPS 1,2019-10-25 05:00:03,3,181,207,190,190,184,6,https://pemilu2019.kpu.go.id/img/c/900/005/900005774/1-2908-1-C1-PPWP-X1.jpg,https://pemilu2019.kpu.go.id/img/c/900/005/900005774/1-2908-1-C1-PPWP-X2.jpg
1245228642908900005775,ACEH,PIDIE,PIDIE,KEUTAPANG SANGGEUE,TPS 2,2019-10-25 05:00:03,8,152,211,166,166,160,6,https://pemilu2019.kpu.go.id/img/c/900/005/900005775/1-2908-2-C-XXX-X5.jpg,https://pemilu2019.kpu.go.id/img/c/900/005/900005775/1-2908-2-C-XXX-X6.jpg
1245228642911900005781,ACEH,PIDIE,PIDIE,KEUTUMBU,TPS 1,2019-10-25 05:00:03,8,208,277,218,218,216,2,https://pemilu2019.kpu.go.id/img/c/900/005/900005781/1-2911-1-C1-PPWP-X1.jpg,https://pemilu2019.kpu.go.id/img/c/900/005/900005781/1-2911-1-C1-PPWP-X2.jpg
1245228642909900005776,ACEH,PIDIE,PIDIE,KRUENG DHOE,TPS 1,2019-10-25 05:00:03,4,159,232,168,168,163,5,https://pemilu2019.kpu.go.id/img/c/900/005/900005776/1-2909-1-C-XXX-X5.jpg,https://pemilu2019.kpu.go.id/img/c/900/005/900005776/1-2909-1-C-XXX-X6.jpg
1245228642909900005777,ACEH,PIDIE,PIDIE,KRUENG DHOE,TPS 2,2019-10-25 05:00:03,9,165,232,177,177,174,3,https://pemilu2019.kpu.go.id/img/c/900/005/900005777/1-2909-2-C-XXX-X5.jpg,https://pemilu2019.kpu.go.id/img/c/900/005/900005777/1-2909-2-C-XXX-X6.jpg
1245228642909900005778,ACEH,PIDIE,PIDIE,KRUENG DHOE,TPS 3,2019-10-25 05:00:03,10,155,233,170,170,165,5,https://pemilu2019.kpu.go.id/img/c/900/005/900005778/1-2909-3-C-XXX-X5.jpg,https://pemilu2019.kpu.go.id/img/c/900/005/900005778/1-2909-3-C-XXX-X6.jpg
1245228642885900005716,ACEH,PIDIE,PIDIE,LABUI,TPS 1,2019-10-25 05:00:03,20,188,215,215,215,208,7,https://pemilu2019.kpu.go.id/img/c/900/005/900005716/1-2885-1-C1-PPWP-X1.jpg,https://pemilu2019.kpu.go.id/img/c/900/005/900005716/1-2885-1-C1-PPWP-X2.jpg
1245228642885900005717,ACEH,PIDIE,PIDIE,LABUI,TPS 2,2019-10-25 05:00:03,7,188,198,198,198,195,3,https://pemilu2019.kpu.go.id/img/c/900/005/900005717/1-2885-2-C1-PPWP-X1.jpg,https://pemilu2019.kpu.go.id/img/c/900/005/900005717/1-2885-2-C1-PPWP-X2.jpg
1245228642888900005722,ACEH,PIDIE,PIDIE,LAMKUTA,TPS 1,2019-10-25 05:00:03,15,190,265,218,218,205,13,https://pemilu2019.kpu.go.id/img/c/900/005/900005722/1-2888-1-C-XXX-X5.jpg,https://pemilu2019.kpu.go.id/img/c/900/005/900005722/1-2888-1-C-XXX-X6.jpg
1245228642868900005678,ACEH,PIDIE,PIDIE,LAMPEUDEU BAROH,TPS 1,2019-10-25 05:00:03,22,190,281,217,217,212,5,https://pemilu2019.kpu.go.id/img/c/900/005/900005678/1-2868-1-C-XXX-X5.jpg,https://pemilu2019.kpu.go.id/img/c/900/005/900005678/1-2868-1-C-XXX-X6.jpg
1245228642868900005679,ACEH,PIDIE,PIDIE,LAMPEUDEU BAROH,TPS 2,2019-10-25 05:00:03,27,175,267,207,207,202,5,https://pemilu2019.kpu.go.id/img/c/900/005/900005679/1-2868-2-C1-PPWP-X1.jpg,https://pemilu2019.kpu.go.id/img/c/900/005/900005679/1-2868-2-C1-PPWP-X2.jpg
1245228642868900005680,ACEH,PIDIE,PIDIE,LAMPEUDEU BAROH,TPS 3,2019-10-25 05:00:03,1,11,12,12,12,12,0,https://pemilu2019.kpu.go.id/img/c/900/005/900005680/1-2868-3-C-XXX-X5.jpg,https://pemilu2019.kpu.go.id/img/c/900/005/900005680/1-2868-3-C-XXX-X6.jpg
1245228642868900005681,ACEH,PIDIE,PIDIE,LAMPEUDEU BAROH,TPS 4,2019-10-25 05:00:03,0,17,19,17,17,17,0,https://pemilu2019.kpu.go.id/img/c/900/005/900005681/3-2868-4-C-XXX-X5.jpg,https://pemilu2019.kpu.go.id/img/c/900/005/900005681/3-2868-4-C-XXX-X6.jpg
1245228642866900005673,ACEH,PIDIE,PIDIE,LAMPEUDUE TUNONG,TPS 1,2019-10-25 05:00:03,16,174,235,196,196,190,6,https://pemilu2019.kpu.go.id/img/c/900/005/900005673/1-2866-1-C-XXX-X5.jpg,https://pemilu2019.kpu.go.id/img/c/900/005/900005673/1-2866-1-C-XXX-X6.jpg
1245228642866900005674,ACEH,PIDIE,PIDIE,LAMPEUDUE TUNONG,TPS 2,2019-10-25 05:00:03,14,186,244,202,202,200,2,https://pemilu2019.kpu.go.id/img/c/900/005/900005674/1-2866-2-C1-PPWP-X1.jpg,https://pemilu2019.kpu.go.id/img/c/900/005/900005674/1-2866-2-C1-PPWP-X2.jpg
1245228642866900005675,ACEH,PIDIE,PIDIE,LAMPEUDUE TUNONG,TPS 3,2019-10-25 05:00:03,5,205,248,213,213,210,3,https://pemilu2019.kpu.go.id/img/c/900/005/900005675/1-2866-3-C1-PPWP-X1.jpg,https://pemilu2019.kpu.go.id/img/c/900/005/900005675/1-2866-3-C1-PPWP-X2.jpg
1245228642880900005703,ACEH,PIDIE,PIDIE,LAMPOH LADA,TPS 1,2019-10-25 05:00:03,21,114,162,136,136,135,1,https://pemilu2019.kpu.go.id/img/c/900/005/900005703/1-2880-1-C-XXX-X5.jpg,https://pemilu2019.kpu.go.id/img/c/900/005/900005703/1-2880-1-C-XXX-X6.jpg
1245228642880900005704,ACEH,PIDIE,PIDIE,LAMPOH LADA,TPS 2,2019-10-25 05:00:03,19,111,161,137,137,130,7,https://pemilu2019.kpu.go.id/img/c/900/005/900005704/1-2880-2-C-XXX-X5.jpg,https://pemilu2019.kpu.go.id/img/c/900/005/900005704/1-2880-2-C-XXX-X6.jpg
1245228642919900005795,ACEH,PIDIE,PIDIE,LEUBUE,TPS 1,2019-10-25 05:00:03,20,133,198,163,163,153,10,https://pemilu2019.kpu.go.id/img/c/900/005/900005795/1-2919-1-C-XXX-X5.jpg,https://pemilu2019.kpu.go.id/img/c/900/005/900005795/1-2919-1-C-XXX-X6.jpg
1245228642919900005796,ACEH,PIDIE,PIDIE,LEUBUE,TPS 2,2019-10-25 05:00:03,18,146,201,172,153,146,7,https://pemilu2019.kpu.go.id/img/c/900/005/900005796/1-2919-2-C-XXX-X5.jpg,https://pemilu2019.kpu.go.id/img/c/900/005/900005796/1-2919-2-C-XXX-X6.jpg
1245228642919900005797,ACEH,PIDIE,PIDIE,LEUBUE,TPS 3,2019-10-25 05:00:03,6,78,85,85,85,84,1,https://pemilu2019.kpu.go.id/img/c/900/005/900005797/1-2919-3-C1-PPWP-X1.jpg,https://pemilu2019.kpu.go.id/img/c/900/005/900005797/1-2919-3-C1-PPWP-X2.jpg
1245228642899900005757,ACEH,PIDIE,PIDIE,LHOK KEUTAPANG,TPS 1,2019-10-25 05:00:03,21,152,244,178,178,173,5,https://pemilu2019.kpu.go.id/img/c/900/005/900005757/1-2899-1-C-XXX-X5.jpg,https://pemilu2019.kpu.go.id/img/c/900/005/900005757/1-2899-1-C-XXX-X6.jpg
1245228642899900005758,ACEH,PIDIE,PIDIE,LHOK KEUTAPANG,TPS 2,2019-10-25 05:00:03,20,167,242,196,196,187,9,https://pemilu2019.kpu.go.id/img/c/900/005/900005758/1-2899-2-C-XXX-X5.jpg,https://pemilu2019.kpu.go.id/img/c/900/005/900005758/1-2899-2-C-XXX-X6.jpg
1245228642899900005759,ACEH,PIDIE,PIDIE,LHOK KEUTAPANG,TPS 3,2019-10-25 05:00:03,21,170,241,193,193,191,2,https://pemilu2019.kpu.go.id/img/c/900/005/900005759/1-2899-3-C1-PPWP-X1.jpg,https://pemilu2019.kpu.go.id/img/c/900/005/900005759/1-2899-3-C1-PPWP-X2.jpg
1245228642899900005760,ACEH,PIDIE,PIDIE,LHOK KEUTAPANG,TPS 4,2019-10-25 05:00:03,11,166,256,178,178,177,1,https://pemilu2019.kpu.go.id/img/c/900/005/900005760/1-2899-4-C-XXX-X5.jpg,https://pemilu2019.kpu.go.id/img/c/900/005/900005760/1-2899-4-C-XXX-X6.jpg
1245228642899900005761,ACEH,PIDIE,PIDIE,LHOK KEUTAPANG,TPS 5,2019-10-25 05:00:03,18,129,247,151,151,147,4,https://pemilu2019.kpu.go.id/img/c/900/005/900005761/2-2899-5-C-XXX-X5.jpg,https://pemilu2019.kpu.go.id/img/c/900/005/900005761/2-2899-5-C-XXX-X6.jpg
1245228642897900005749,ACEH,PIDIE,PIDIE,MANCANG,TPS 1,2019-10-25 05:00:03,7,161,190,175,175,168,7,https://pemilu2019.kpu.go.id/img/c/900/005/900005749/1-2897-1-C-XXX-X5.jpg,https://pemilu2019.kpu.go.id/img/c/900/005/900005749/1-2897-1-C-XXX-X6.jpg
1245228642897900005750,ACEH,PIDIE,PIDIE,MANCANG,TPS 2,2019-10-25 05:00:03,4,160,196,169,169,164,5,https://pemilu2019.kpu.go.id/img/c/900/005/900005750/1-2897-2-C-XXX-X5.jpg,https://pemilu2019.kpu.go.id/img/c/900/005/900005750/1-2897-2-C-XXX-X6.jpg
1245228642870900005684,ACEH,PIDIE,PIDIE,MESJID RUNTOH,TPS 1,2019-10-25 05:00:03,16,211,256,232,232,227,5,https://pemilu2019.kpu.go.id/img/c/900/005/900005684/2-2870-1-C1-PPWP-X1.jpg,https://pemilu2019.kpu.go.id/img/c/900/005/900005684/2-2870-1-C1-PPWP-X2.jpg
1245228642870900005685,ACEH,PIDIE,PIDIE,MESJID RUNTOH,TPS 2,2019-10-25 05:00:03,15,200,260,224,224,215,9,https://pemilu2019.kpu.go.id/img/c/900/005/900005685/2-2870-2-C1-PPWP-X1.jpg,https://pemilu2019.kpu.go.id/img/c/900/005/900005685/2-2870-2-C1-PPWP-X2.jpg
1245228642918900005793,ACEH,PIDIE,PIDIE,MESJID UTUE,TPS 1,2019-10-25 05:00:03,21,121,206,148,148,142,6,https://pemilu2019.kpu.go.id/img/c/900/005/900005793/1-2918-1-C1-PPWP-X1.jpg,https://pemilu2019.kpu.go.id/img/c/900/005/900005793/1-2918-1-C1-PPWP-X2.jpg
1245228642918900005794,ACEH,PIDIE,PIDIE,MESJID UTUE,TPS 2,2019-10-25 05:00:03,28,119,224,153,153,149,4,https://pemilu2019.kpu.go.id/img/c/900/005/900005794/2-2918-2-C-XXX-X5.jpg,https://pemilu2019.kpu.go.id/img/c/900/005/900005794/2-2918-2-C-XXX-X6.jpg
1245228642902900005765,ACEH,PIDIE,PIDIE,MEUCAT TEUBENG,TPS 1,2019-10-25 05:00:03,36,179,265,225,225,215,10,https://pemilu2019.kpu.go.id/img/c/900/005/900005765/2-2902-1-C-XXX-X5.jpg,https://pemilu2019.kpu.go.id/img/c/900/005/900005765/2-2902-1-C-XXX-X6.jpg
1245228642891900005727,ACEH,PIDIE,PIDIE,PALOH,TPS 1,2019-10-25 05:00:03,14,142,231,167,167,156,11,https://pemilu2019.kpu.go.id/img/c/900/005/900005727/1-2891-1-C-XXX-X5.jpg,https://pemilu2019.kpu.go.id/img/c/900/005/900005727/1-2891-1-C-XXX-X6.jpg
1245228642891900005728,ACEH,PIDIE,PIDIE,PALOH,TPS 2,2019-10-25 05:00:03,14,158,252,177,177,172,5,https://pemilu2019.kpu.go.id/img/c/900/005/900005728/1-2891-2-C-XXX-X5.jpg,https://pemilu2019.kpu.go.id/img/c/900/005/900005728/1-2891-2-C-XXX-X6.jpg
1245228642891900005729,ACEH,PIDIE,PIDIE,PALOH,TPS 3,2019-10-25 05:00:03,8,158,243,170,170,166,4,https://pemilu2019.kpu.go.id/img/c/900/005/900005729/1-2891-3-C-XXX-X5.jpg,https://pemilu2019.kpu.go.id/img/c/900/005/900005729/1-2891-3-C-XXX-X6.jpg
1245228642891900005730,ACEH,PIDIE,PIDIE,PALOH,TPS 4,2019-10-25 05:00:03,8,168,240,183,183,176,7,https://pemilu2019.kpu.go.id/img/c/900/005/900005730/1-2891-4-C-XXX-X5.jpg,https://pemilu2019.kpu.go.id/img/c/900/005/900005730/1-2891-4-C-XXX-X6.jpg
1245228642869900005682,ACEH,PIDIE,PIDIE,PAYA,TPS 1,2019-10-25 05:00:03,12,190,241,207,207,202,5,https://pemilu2019.kpu.go.id/img/c/900/005/900005682/1-2869-1-C-XXX-X5.jpg,https://pemilu2019.kpu.go.id/img/c/900/005/900005682/1-2869-1-C-XXX-X6.jpg
1245228642869900005683,ACEH,PIDIE,PIDIE,PAYA,TPS 2,2019-10-25 05:00:03,21,185,235,207,207,206,1,https://pemilu2019.kpu.go.id/img/c/900/005/900005683/1-2869-2-C-XXX-X5.jpg,https://pemilu2019.kpu.go.id/img/c/900/005/900005683/1-2869-2-C-XXX-X6.jpg
1245228642927900005809,ACEH,PIDIE,PIDIE,PAYA LINTEUENG,TPS 1,2019-10-25 05:00:03,3,173,203,178,178,176,2,https://pemilu2019.kpu.go.id/img/c/900/005/900005809/1-2927-1-C-XXX-X5.jpg,https://pemilu2019.kpu.go.id/img/c/900/005/900005809/1-2927-1-C-XXX-X6.jpg
1245228642896900005747,ACEH,PIDIE,PIDIE,PEUKAN BARO,TPS 1,2019-10-25 05:00:03,12,163,246,188,188,175,13,https://pemilu2019.kpu.go.id/img/c/900/005/900005747/1-2896-1-C-XXX-X5.jpg,https://pemilu2019.kpu.go.id/img/c/900/005/900005747/1-2896-1-C-XXX-X6.jpg
1245228642896900005748,ACEH,PIDIE,PIDIE,PEUKAN BARO,TPS 2,2019-10-25 05:00:03,15,187,257,217,217,202,15,https://pemilu2019.kpu.go.id/img/c/900/005/900005748/2-2896-2-C1-PPWP-X1.jpg,https://pemilu2019.kpu.go.id/img/c/900/005/900005748/2-2896-2-C1-PPWP-X2.jpg
1245228642928900005810,ACEH,PIDIE,PIDIE,PULI,TPS 1,2019-10-25 05:00:03,16,116,165,140,140,132,8,https://pemilu2019.kpu.go.id/img/c/900/005/900005810/1-2928-1-C1-PPWP-X1.jpg,https://pemilu2019.kpu.go.id/img/c/900/005/900005810/1-2928-1-C1-PPWP-X2.jpg
1245228642928900005811,ACEH,PIDIE,PIDIE,PULI,TPS 2,2019-10-25 05:00:03,10,118,164,135,135,128,7,https://pemilu2019.kpu.go.id/img/c/900/005/900005811/1-2928-2-C1-PPWP-X1.jpg,https://pemilu2019.kpu.go.id/img/c/900/005/900005811/1-2928-2-C1-PPWP-X2.jpg
1245228642893900005736,ACEH,PIDIE,PIDIE,PULO BUBEE,TPS 1,2019-10-25 05:00:03,13,144,214,166,166,157,9,https://pemilu2019.kpu.go.id/img/c/900/005/900005736/1-2893-1-C-XXX-X5.jpg,https://pemilu2019.kpu.go.id/img/c/900/005/900005736/1-2893-1-C-XXX-X6.jpg
1245228642893900005737,ACEH,PIDIE,PIDIE,PULO BUBEE,TPS 2,2019-10-25 05:00:03,16,155,216,185,185,171,14,https://pemilu2019.kpu.go.id/img/c/900/005/900005737/2-2893-2-C1-PPWP-X1.jpg,https://pemilu2019.kpu.go.id/img/c/900/005/900005737/2-2893-2-C1-PPWP-X2.jpg
1245228642887900005719,ACEH,PIDIE,PIDIE,PULO PISANG,TPS 1,2019-10-25 05:00:03,11,174,210,190,190,185,5,https://pemilu2019.kpu.go.id/img/c/900/005/900005719/1-2887-1-C-XXX-X5.jpg,https://pemilu2019.kpu.go.id/img/c/900/005/900005719/1-2887-1-C-XXX-X6.jpg
1245228642887900005720,ACEH,PIDIE,PIDIE,PULO PISANG,TPS 2,2019-10-25 05:00:03,17,164,206,184,184,181,3,https://pemilu2019.kpu.go.id/img/c/900/005/900005720/2-2887-2-C1-PPWP-X1.jpg,https://pemilu2019.kpu.go.id/img/c/900/005/900005720/2-2887-2-C1-PPWP-X2.jpg
1245228642887900005721,ACEH,PIDIE,PIDIE,PULO PISANG,TPS 3,2019-10-25 05:00:03,12,138,129,152,152,150,2,https://pemilu2019.kpu.go.id/img/c/900/005/900005721/1-2887-3-C-XXX-X5.jpg,https://pemilu2019.kpu.go.id/img/c/900/005/900005721/1-2887-3-C-XXX-X6.jpg
1245228642867900005676,ACEH,PIDIE,PIDIE,PUUK,TPS 1,2019-10-25 05:00:03,7,147,172,156,156,154,2,https://pemilu2019.kpu.go.id/img/c/900/005/900005676/1-2867-1-C-XXX-X5.jpg,https://pemilu2019.kpu.go.id/img/c/900/005/900005676/1-2867-1-C-XXX-X6.jpg
1245228642867900005677,ACEH,PIDIE,PIDIE,PUUK,TPS 2,2019-10-25 05:00:03,1,152,176,155,155,153,2,https://pemilu2019.kpu.go.id/img/c/900/005/900005677/2-2867-2-C-XXX-X5.jpg,https://pemilu2019.kpu.go.id/img/c/900/005/900005677/2-2867-2-C-XXX-X6.jpg
1245228642895900005740,ACEH,PIDIE,PIDIE,RAWA,TPS 1,2019-10-25 05:00:03,5,190,280,208,208,195,13,https://pemilu2019.kpu.go.id/img/c/900/005/900005740/1-2895-1-C-XXX-X5.jpg,https://pemilu2019.kpu.go.id/img/c/900/005/900005740/1-2895-1-C-XXX-X6.jpg
1245228642895900005741,ACEH,PIDIE,PIDIE,RAWA,TPS 2,2019-10-25 05:00:03,12,188,281,205,205,200,5,https://pemilu2019.kpu.go.id/img/c/900/005/900005741/1-2895-2-C-XXX-X5.jpg,https://pemilu2019.kpu.go.id/img/c/900/005/900005741/1-2895-2-C-XXX-X6.jpg
1245228642895900005742,ACEH,PIDIE,PIDIE,RAWA,TPS 3,2019-10-25 05:00:03,6,178,292,198,200,184,16,https://pemilu2019.kpu.go.id/img/c/900/005/900005742/1-2895-3-C-XXX-X5.jpg,https://pemilu2019.kpu.go.id/img/c/900/005/900005742/1-2895-3-C-XXX-X6.jpg
1245228642895900005743,ACEH,PIDIE,PIDIE,RAWA,TPS 4,2019-10-25 05:00:03,10,169,285,188,188,179,9,https://pemilu2019.kpu.go.id/img/c/900/005/900005743/3-2895-4-C1-PPWP-X1.jpg,https://pemilu2019.kpu.go.id/img/c/900/005/900005743/3-2895-4-C1-PPWP-X2.jpg
1245228642895900005744,ACEH,PIDIE,PIDIE,RAWA,TPS 5,2019-10-25 05:00:03,16,166,291,189,189,182,7,https://pemilu2019.kpu.go.id/img/c/900/005/900005744/2-2895-5-C1-PPWP-X1.jpg,https://pemilu2019.kpu.go.id/img/c/900/005/900005744/2-2895-5-C1-PPWP-X2.jpg
1245228642895900005745,ACEH,PIDIE,PIDIE,RAWA,TPS 6,2019-10-25 05:00:03,5,184,283,199,199,189,10,https://pemilu2019.kpu.go.id/img/c/900/005/900005745/1-2895-6-C-XXX-X5.jpg,https://pemilu2019.kpu.go.id/img/c/900/005/900005745/1-2895-6-C-XXX-X6.jpg
1245228642895900005746,ACEH,PIDIE,PIDIE,RAWA,TPS 7,2019-10-25 05:00:03,10,222,302,235,239,232,7,https://pemilu2019.kpu.go.id/img/c/900/005/900005746/1-2895-7-C-XXX-X5.jpg,https://pemilu2019.kpu.go.id/img/c/900/005/900005746/1-2895-7-C-XXX-X6.jpg
1245228642913900005784,ACEH,PIDIE,PIDIE,RAYA SANGGEUE,TPS 1,2019-10-25 05:00:03,8,175,230,184,184,183,1,https://pemilu2019.kpu.go.id/img/c/900/005/900005784/1-2913-1-C-XXX-X5.jpg,https://pemilu2019.kpu.go.id/img/c/900/005/900005784/1-2913-1-C-XXX-X6.jpg
1245228642913900005785,ACEH,PIDIE,PIDIE,RAYA SANGGEUE,TPS 2,2019-10-25 05:00:03,17,166,238,186,186,183,3,https://pemilu2019.kpu.go.id/img/c/900/005/900005785/1-2913-2-C-XXX-X5.jpg,https://pemilu2019.kpu.go.id/img/c/900/005/900005785/1-2913-2-C-XXX-X6.jpg
1245228642921900005799,ACEH,PIDIE,PIDIE,RAYA UTUE,TPS 1,2019-10-25 05:00:03,19,131,205,165,165,150,15,https://pemilu2019.kpu.go.id/img/c/900/005/900005799/1-2921-1-C1-PPWP-X1.jpg,https://pemilu2019.kpu.go.id/img/c/900/005/900005799/1-2921-1-C1-PPWP-X2.jpg
1245228642921900005800,ACEH,PIDIE,PIDIE,RAYA UTUE,TPS 2,2019-10-25 05:00:03,17,139,204,167,167,156,11,https://pemilu2019.kpu.go.id/img/c/900/005/900005800/1-2921-2-C1-PPWP-X1.jpg,https://pemilu2019.kpu.go.id/img/c/900/005/900005800/1-2921-2-C1-PPWP-X2.jpg
1245228642917900005791,ACEH,PIDIE,PIDIE,SERIWEUK,TPS 1,2019-10-25 05:00:03,25,162,265,202,202,187,15,https://pemilu2019.kpu.go.id/img/c/900/005/900005791/1-2917-1-C-XXX-X5.jpg,https://pemilu2019.kpu.go.id/img/c/900/005/900005791/1-2917-1-C-XXX-X6.jpg
1245228642917900005792,ACEH,PIDIE,PIDIE,SERIWEUK,TPS 2,2019-10-25 05:00:03,9,183,268,196,197,192,5,https://pemilu2019.kpu.go.id/img/c/900/005/900005792/2-2917-2-C-XXX-X5.jpg,https://pemilu2019.kpu.go.id/img/c/900/005/900005792/2-2917-2-C-XXX-X6.jpg
1245228642926900005808,ACEH,PIDIE,PIDIE,SEUKEE,TPS 1,2019-10-25 05:00:03,13,147,219,168,168,160,8,https://pemilu2019.kpu.go.id/img/c/900/005/900005808/1-2926-1-C-XXX-X5.jpg,https://pemilu2019.kpu.go.id/img/c/900/005/900005808/1-2926-1-C-XXX-X6.jpg
1245228642922900005801,ACEH,PIDIE,PIDIE,SEUKEUM BROK,TPS 1,2019-10-25 05:00:03,13,131,202,148,148,144,4,https://pemilu2019.kpu.go.id/img/c/900/005/900005801/1-2922-1-C-XXX-X5.jpg,https://pemilu2019.kpu.go.id/img/c/900/005/900005801/1-2922-1-C-XXX-X6.jpg
1245228642922900005802,ACEH,PIDIE,PIDIE,SEUKEUM BROK,TPS 2,2019-10-25 05:00:03,17,130,199,151,151,147,4,https://pemilu2019.kpu.go.id/img/c/900/005/900005802/1-2922-2-C-XXX-X5.jpg,https://pemilu2019.kpu.go.id/img/c/900/005/900005802/1-2922-2-C-XXX-X6.jpg
1245228642910900005779,ACEH,PIDIE,PIDIE,SIRONG,TPS 1,2019-10-25 05:00:03,13,116,183,141,141,129,12,https://pemilu2019.kpu.go.id/img/c/900/005/900005779/1-2910-1-C-XXX-X5.jpg,https://pemilu2019.kpu.go.id/img/c/900/005/900005779/1-2910-1-C-XXX-X6.jpg
1245228642910900005780,ACEH,PIDIE,PIDIE,SIRONG,TPS 2,2019-10-25 05:00:03,19,112,179,136,136,131,5,https://pemilu2019.kpu.go.id/img/c/900/005/900005780/1-2910-2-C-XXX-X5.jpg,https://pemilu2019.kpu.go.id/img/c/900/005/900005780/1-2910-2-C-XXX-X6.jpg
1245228642904900005768,ACEH,PIDIE,PIDIE,TANJONG,TPS 1,2019-10-25 05:00:03,9,176,225,193,193,185,8,https://pemilu2019.kpu.go.id/img/c/900/005/900005768/1-2904-1-C-XXX-X5.jpg,https://pemilu2019.kpu.go.id/img/c/900/005/900005768/1-2904-1-C-XXX-X6.jpg
1245228642904900005769,ACEH,PIDIE,PIDIE,TANJONG,TPS 2,2019-10-25 05:00:03,15,167,213,185,185,182,3,https://pemilu2019.kpu.go.id/img/c/900/005/900005769/1-2904-2-C-XXX-X5.jpg,https://pemilu2019.kpu.go.id/img/c/900/005/900005769/1-2904-2-C-XXX-X6.jpg
1245228642894900005738,ACEH,PIDIE,PIDIE,TIBANG,TPS 1,2019-10-25 05:00:03,15,164,226,188,188,179,9,https://pemilu2019.kpu.go.id/img/c/900/005/900005738/1-2894-1-C-XXX-X5.jpg,https://pemilu2019.kpu.go.id/img/c/900/005/900005738/1-2894-1-C-XXX-X6.jpg
1245228642894900005739,ACEH,PIDIE,PIDIE,TIBANG,TPS 2,2019-10-25 05:00:03,16,169,235,190,190,185,5,https://pemilu2019.kpu.go.id/img/c/900/005/900005739/1-2894-2-C1-PPWP-X1.jpg,https://pemilu2019.kpu.go.id/img/c/900/005/900005739/1-2894-2-C1-PPWP-X2.jpg
1245228642865900005669,ACEH,PIDIE,PIDIE,TIJUE,TPS 1,2019-10-25 05:00:03,11,184,237,196,196,195,1,https://pemilu2019.kpu.go.id/img/c/900/005/900005669/1-2865-1-C1-PPWP-X1.jpg,https://pemilu2019.kpu.go.id/img/c/900/005/900005669/1-2865-1-C1-PPWP-X2.jpg
1245228642865900005670,ACEH,PIDIE,PIDIE,TIJUE,TPS 2,2019-10-25 05:00:03,10,195,242,208,208,205,3,https://pemilu2019.kpu.go.id/img/c/900/005/900005670/1-2865-2-C1-PPWP-X1.jpg,https://pemilu2019.kpu.go.id/img/c/900/005/900005670/1-2865-2-C1-PPWP-X2.jpg
1245228642865900005671,ACEH,PIDIE,PIDIE,TIJUE,TPS 3,2019-10-25 05:00:03,15,178,233,195,195,193,2,https://pemilu2019.kpu.go.id/img/c/900/005/900005671/1-2865-3-C-XXX-X5.jpg,https://pemilu2019.kpu.go.id/img/c/900/005/900005671/1-2865-3-C-XXX-X6.jpg
1245228642865900005672,ACEH,PIDIE,PIDIE,TIJUE,TPS 4,2019-10-25 05:00:03,11,201,269,216,216,212,4,https://pemilu2019.kpu.go.id/img/c/900/005/900005672/2-2865-4-C-XXX-X5.jpg,https://pemilu2019.kpu.go.id/img/c/900/005/900005672/2-2865-4-C-XXX-X6.jpg
1245228642882900005708,ACEH,PIDIE,PIDIE,TUMPOK 40,TPS 1,2019-10-25 05:00:03,15,146,205,168,168,162,6,https://pemilu2019.kpu.go.id/img/c/900/005/900005708/1-2882-1-C-XXX-X5.jpg,https://pemilu2019.kpu.go.id/img/c/900/005/900005708/1-2882-1-C-XXX-X6.jpg
1245228642882900005709,ACEH,PIDIE,PIDIE,TUMPOK 40,TPS 2,2019-10-25 05:00:03,10,165,208,181,181,175,6,https://pemilu2019.kpu.go.id/img/c/900/005/900005709/1-2882-2-C-XXX-X5.jpg,https://pemilu2019.kpu.go.id/img/c/900/005/900005709/1-2882-2-C-XXX-X6.jpg
1245228642875900005694,ACEH,PIDIE,PIDIE,TUMPOK LAWEUNG,TPS 1,2019-10-25 05:00:03,13,184,286,205,210,197,13,https://pemilu2019.kpu.go.id/img/c/900/005/900005694/1-2875-1-C1-PPWP-X1.jpg,https://pemilu2019.kpu.go.id/img/c/900/005/900005694/1-2875-1-C1-PPWP-X2.jpg
1245228642875900005695,ACEH,PIDIE,PIDIE,TUMPOK LAWEUNG,TPS 2,2019-10-25 05:00:03,9,148,290,163,163,157,6,https://pemilu2019.kpu.go.id/img/c/900/005/900005695/1-2875-2-C1-PPWP-X1.jpg,https://pemilu2019.kpu.go.id/img/c/900/005/900005695/1-2875-2-C1-PPWP-X2.jpg
1245228642915900005787,ACEH,PIDIE,PIDIE,UJONG LANGGO,TPS 1,2019-10-25 05:00:03,9,118,155,129,129,127,2,https://pemilu2019.kpu.go.id/img/c/900/005/900005787/1-2915-1-C-XXX-X5.jpg,https://pemilu2019.kpu.go.id/img/c/900/005/900005787/1-2915-1-C-XXX-X6.jpg
1245228642915900005788,ACEH,PIDIE,PIDIE,UJONG LANGGO,TPS 2,2019-10-25 05:00:03,8,111,155,122,122,119,3,https://pemilu2019.kpu.go.id/img/c/900/005/900005788/1-2915-2-C-XXX-X5.jpg,https://pemilu2019.kpu.go.id/img/c/900/005/900005788/1-2915-2-C-XXX-X6.jpg
1245228642901900005764,ACEH,PIDIE,PIDIE,ULEECEUE TEUBENG,TPS 1,2019-10-25 05:00:03,8,155,168,195,163,163,5,https://pemilu2019.kpu.go.id/img/c/900/005/900005764/1-2901-1-C-XXX-X5.jpg,https://pemilu2019.kpu.go.id/img/c/900/005/900005764/1-2901-1-C-XXX-X6.jpg
1245228642876900005696,ACEH,PIDIE,PIDIE,ULEE CEU KEULIBEUT,TPS 1,2019-10-25 05:00:03,6,124,194,141,141,130,11,https://pemilu2019.kpu.go.id/img/c/900/005/900005696/1-2876-1-C-XXX-X5.jpg,https://pemilu2019.kpu.go.id/img/c/900/005/900005696/1-2876-1-C-XXX-X6.jpg
1245228642876900005697,ACEH,PIDIE,PIDIE,ULEE CEU KEULIBEUT,TPS 2,2019-10-25 05:00:03,3,122,189,133,133,125,8,https://pemilu2019.kpu.go.id/img/c/900/005/900005697/1-2876-2-C-XXX-X5.jpg,https://pemilu2019.kpu.go.id/img/c/900/005/900005697/1-2876-2-C-XXX-X6.jpg
1245228642878900005700,ACEH,PIDIE,PIDIE,ULEE TUTUE,TPS 1,2019-10-25 05:00:03,20,226,295,252,252,246,6,https://pemilu2019.kpu.go.id/img/c/900/005/900005700/1-2878-1-C-XXX-X5.jpg,https://pemilu2019.kpu.go.id/img/c/900/005/900005700/1-2878-1-C-XXX-X6.jpg
1245229292931900005814,ACEH,PIDIE,SAKTI,BALUE KULU,TPS 1,2019-10-25 05:00:03,2,144,212,157,157,146,11,https://pemilu2019.kpu.go.id/img/c/900/005/900005814/2-2931-1-C-XXX-X5.jpg,https://pemilu2019.kpu.go.id/img/c/900/005/900005814/2-2931-1-C-XXX-X6.jpg
1245229292930900005812,ACEH,PIDIE,SAKTI,BALUE TANOH,TPS 1,2019-10-25 05:00:03,4,124,178,131,131,128,3,https://pemilu2019.kpu.go.id/img/c/900/005/900005812/1-2930-1-C-XXX-X5.jpg,https://pemilu2019.kpu.go.id/img/c/900/005/900005812/1-2930-1-C-XXX-X6.jpg
1245229292930900005813,ACEH,PIDIE,SAKTI,BALUE TANOH,TPS 2,2019-10-25 05:00:03,9,119,172,130,130,128,2,https://pemilu2019.kpu.go.id/img/c/900/005/900005813/1-2930-2-C-XXX-X5.jpg,https://pemilu2019.kpu.go.id/img/c/900/005/900005813/1-2930-2-C-XXX-X6.jpg
1245229292937900005822,ACEH,PIDIE,SAKTI,BARIEH,TPS 1,2019-10-25 05:00:03,2,187,218,194,194,189,5,https://pemilu2019.kpu.go.id/img/c/900/005/900005822/1-2937-1-C-XXX-X5.jpg,https://pemilu2019.kpu.go.id/img/c/900/005/900005822/1-2937-1-C-XXX-X6.jpg
1245229292956900005848,ACEH,PIDIE,SAKTI,BEUTONG PERLAK,TPS 1,2019-10-25 05:00:03,10,180,237,197,197,190,7,https://pemilu2019.kpu.go.id/img/c/900/005/900005848/1-2956-1-C-XXX-X5.jpg,https://pemilu2019.kpu.go.id/img/c/900/005/900005848/1-2956-1-C-XXX-X6.jpg
1245229292955900005847,ACEH,PIDIE,SAKTI,BEUTONG POCUT,TPS 1,2019-10-25 05:00:03,12,181,252,197,197,193,4,https://pemilu2019.kpu.go.id/img/c/900/005/900005847/1-2955-1-C-XXX-X5.jpg,https://pemilu2019.kpu.go.id/img/c/900/005/900005847/1-2955-1-C-XXX-X6.jpg
1245229292948900005838,ACEH,PIDIE,SAKTI,BLANG COT,TPS 1,2019-10-25 05:00:03,12,57,86,74,74,69,5,https://pemilu2019.kpu.go.id/img/c/900/005/900005838/1-2948-1-C-XXX-X5.jpg,https://pemilu2019.kpu.go.id/img/c/900/005/900005838/1-2948-1-C-XXX-X6.jpg
1245229292950900005840,ACEH,PIDIE,SAKTI,BLANG KUMOT BAROH,TPS 1,2019-10-25 05:00:03,15,113,168,137,137,128,9,https://pemilu2019.kpu.go.id/img/c/900/005/900005840/1-2950-1-C-XXX-X5.jpg,https://pemilu2019.kpu.go.id/img/c/900/005/900005840/1-2950-1-C-XXX-X6.jpg
1245229292951900005841,ACEH,PIDIE,SAKTI,BLANG KUMOT TUNONG,TPS 1,2019-10-25 05:00:03,21,96,148,119,119,117,2,https://pemilu2019.kpu.go.id/img/c/900/005/900005841/1-2951-1-C-XXX-X5.jpg,https://pemilu2019.kpu.go.id/img/c/900/005/900005841/1-2951-1-C-XXX-X6.jpg
1245229292942900005830,ACEH,PIDIE,SAKTI,BUCUE,TPS 1,2019-10-25 05:00:03,5,165,248,174,174,170,4,https://pemilu2019.kpu.go.id/img/c/900/005/900005830/1-2942-1-C-XXX-X5.jpg,https://pemilu2019.kpu.go.id/img/c/900/005/900005830/1-2942-1-C-XXX-X6.jpg
1245229292942900005831,ACEH,PIDIE,SAKTI,BUCUE,TPS 2,2019-10-25 05:00:03,7,158,244,181,181,165,16,https://pemilu2019.kpu.go.id/img/c/900/005/900005831/1-2942-2-C-XXX-X5.jpg,https://pemilu2019.kpu.go.id/img/c/900/005/900005831/1-2942-2-C-XXX-X6.jpg
1245229292949900005839,ACEH,PIDIE,SAKTI,COT CANTEK,TPS 1,2019-10-25 05:00:03,16,61,126,92,92,77,15,https://pemilu2019.kpu.go.id/img/c/900/005/900005839/1-2949-1-C-XXX-X5.jpg,https://pemilu2019.kpu.go.id/img/c/900/005/900005839/1-2949-1-C-XXX-X6.jpg
1245229292933900005816,ACEH,PIDIE,SAKTI,COT SUKON,TPS 1,2019-10-25 05:00:03,12,164,229,183,183,176,7,https://pemilu2019.kpu.go.id/img/c/900/005/900005816/1-2933-1-C-XXX-X5.jpg,https://pemilu2019.kpu.go.id/img/c/900/005/900005816/1-2933-1-C-XXX-X6.jpg
1245229292945900005834,ACEH,PIDIE,SAKTI,CUMBOK LIE,TPS 1,2019-10-25 05:00:03,15,181,247,203,203,196,7,https://pemilu2019.kpu.go.id/img/c/900/005/900005834/1-2945-1-C-XXX-X5.jpg,https://pemilu2019.kpu.go.id/img/c/900/005/900005834/1-2945-1-C-XXX-X6.jpg
1245229292952900005842,ACEH,PIDIE,SAKTI,CUMBOK NIWA,TPS 1,2019-10-25 05:00:03,12,178,246,201,201,190,11,https://pemilu2019.kpu.go.id/img/c/900/005/900005842/2-2952-1-C-XXX-X5.jpg,https://pemilu2019.kpu.go.id/img/c/900/005/900005842/2-2952-1-C-XXX-X6.jpg
1245229292952900005843,ACEH,PIDIE,SAKTI,CUMBOK NIWA,TPS 2,2019-10-25 05:00:03,19,186,252,215,215,205,10,https://pemilu2019.kpu.go.id/img/c/900/005/900005843/1-2952-2-C-XXX-X5.jpg,https://pemilu2019.kpu.go.id/img/c/900/005/900005843/1-2952-2-C-XXX-X6.jpg
1245229292976900005880,ACEH,PIDIE,SAKTI,DAYAH KP. PISANG,TPS 1,2019-10-25 05:00:03,7,127,181,139,139,134,5,https://pemilu2019.kpu.go.id/img/c/900/005/900005880/1-2976-1-C-XXX-X5.jpg,https://pemilu2019.kpu.go.id/img/c/900/005/900005880/1-2976-1-C-XXX-X6.jpg
1245229292976900005881,ACEH,PIDIE,SAKTI,DAYAH KP. PISANG,TPS 2,2019-10-25 05:00:03,6,115,164,125,125,121,4,https://pemilu2019.kpu.go.id/img/c/900/005/900005881/1-2976-2-C-XXX-X5.jpg,https://pemilu2019.kpu.go.id/img/c/900/005/900005881/1-2976-2-C-XXX-X6.jpg
1245229292934900005817,ACEH,PIDIE,SAKTI,DAYAH TUHA,TPS 1,2019-10-25 05:00:03,16,179,283,198,198,195,3,https://pemilu2019.kpu.go.id/img/c/900/005/900005817/1-2934-1-C-XXX-X5.jpg,https://pemilu2019.kpu.go.id/img/c/900/005/900005817/1-2934-1-C-XXX-X6.jpg
1245229292934900005818,ACEH,PIDIE,SAKTI,DAYAH TUHA,TPS 2,2019-10-25 05:00:03,16,185,280,204,204,201,3,https://pemilu2019.kpu.go.id/img/c/900/005/900005818/1-2934-2-C1-PPWP-X1.jpg,https://pemilu2019.kpu.go.id/img/c/900/005/900005818/1-2934-2-C1-PPWP-X2.jpg
1245229292959900005853,ACEH,PIDIE,SAKTI,JURONG PANTE,TPS 1,2019-10-25 05:00:03,8,107,149,123,123,115,8,https://pemilu2019.kpu.go.id/img/c/900/005/900005853/1-2959-1-C-XXX-X5.jpg,https://pemilu2019.kpu.go.id/img/c/900/005/900005853/1-2959-1-C-XXX-X6.jpg
1245229292959900005854,ACEH,PIDIE,SAKTI,JURONG PANTE,TPS 2,2019-10-25 05:00:03,9,112,154,125,125,121,4,https://pemilu2019.kpu.go.id/img/c/900/005/900005854/1-2959-2-C-XXX-X5.jpg,https://pemilu2019.kpu.go.id/img/c/900/005/900005854/1-2959-2-C-XXX-X6.jpg
1245229292975900005879,ACEH,PIDIE,SAKTI,KAMPONG BARO,TPS 1,2019-10-25 05:00:03,12,95,133,112,112,107,5,https://pemilu2019.kpu.go.id/img/c/900/005/900005879/2-2975-1-C-XXX-X5.jpg,https://pemilu2019.kpu.go.id/img/c/900/005/900005879/2-2975-1-C-XXX-X6.jpg
1245229292935900005819,ACEH,PIDIE,SAKTI,KAMPONG COT,TPS 1,2019-10-25 05:00:03,7,160,223,169,169,167,2,https://pemilu2019.kpu.go.id/img/c/900/005/900005819/1-2935-1-C-XXX-X5.jpg,https://pemilu2019.kpu.go.id/img/c/900/005/900005819/1-2935-1-C-XXX-X6.jpg
1245229292957900005849,ACEH,PIDIE,SAKTI,KAMPONG JEUMPA,TPS 1,2019-10-25 05:00:03,9,163,227,177,177,172,5,https://pemilu2019.kpu.go.id/img/c/900/005/900005849/2-2957-1-C-XXX-X5.jpg,https://pemilu2019.kpu.go.id/img/c/900/005/900005849/2-2957-1-C-XXX-X6.jpg
1245229292957900005850,ACEH,PIDIE,SAKTI,KAMPONG JEUMPA,TPS 2,2019-10-25 05:00:03,6,172,235,188,188,178,10,https://pemilu2019.kpu.go.id/img/c/900/005/900005850/2-2957-2-C-XXX-X5.jpg,https://pemilu2019.kpu.go.id/img/c/900/005/900005850/2-2957-2-C-XXX-X6.jpg
1245229292957900005851,ACEH,PIDIE,SAKTI,KAMPONG JEUMPA,TPS 3,2019-10-25 05:00:03,9,165,231,175,175,174,1,https://pemilu2019.kpu.go.id/img/c/900/005/900005851/4-2957-3-C1-PPWP-X1.jpg,https://pemilu2019.kpu.go.id/img/c/900/005/900005851/4-2957-3-C1-PPWP-X2.jpg
1245229292938900005823,ACEH,PIDIE,SAKTI,KANDANG,TPS 1,2019-10-25 05:00:03,6,99,145,107,107,105,2,https://pemilu2019.kpu.go.id/img/c/900/005/900005823/2-2938-1-C-XXX-X5.jpg,https://pemilu2019.kpu.go.id/img/c/900/005/900005823/2-2938-1-C-XXX-X6.jpg
1245229292941900005828,ACEH,PIDIE,SAKTI,KP PISANG BUCUE,TPS 1,2019-10-25 05:00:03,2,164,219,169,169,166,3,https://pemilu2019.kpu.go.id/img/c/900/005/900005828/2-2941-1-C-XXX-X5.jpg,https://pemilu2019.kpu.go.id/img/c/900/005/900005828/2-2941-1-C-XXX-X6.jpg
1245229292941900005829,ACEH,PIDIE,SAKTI,KP PISANG BUCUE,TPS 2,2019-10-25 05:00:03,11,169,253,185,185,180,5,https://pemilu2019.kpu.go.id/img/c/900/005/900005829/2-2941-2-C-XXX-X5.jpg,https://pemilu2019.kpu.go.id/img/c/900/005/900005829/2-2941-2-C-XXX-X6.jpg
1245229292967900005865,ACEH,PIDIE,SAKTI,LAMEUE MNS.BARO,TPS 1,2019-10-25 05:00:03,23,204,297,235,235,227,8,https://pemilu2019.kpu.go.id/img/c/900/005/900005865/1-2967-1-C-XXX-X5.jpg,https://pemilu2019.kpu.go.id/img/c/900/005/900005865/1-2967-1-C-XXX-X6.jpg
1245229292968900005866,ACEH,PIDIE,SAKTI,LAMEUE MNS. LUENG,TPS 1,2019-10-25 05:00:03,23,193,296,228,228,216,12,https://pemilu2019.kpu.go.id/img/c/900/005/900005866/2-2968-1-C-XXX-X5.jpg,https://pemilu2019.kpu.go.id/img/c/900/005/900005866/2-2968-1-C-XXX-X6.jpg
1245229292968900005867,ACEH,PIDIE,SAKTI,LAMEUE MNS. LUENG,TPS 2,2019-10-25 05:00:03,29,193,295,227,227,222,5,https://pemilu2019.kpu.go.id/img/c/900/005/900005867/2-2968-2-C-XXX-X5.jpg,https://pemilu2019.kpu.go.id/img/c/900/005/900005867/2-2968-2-C-XXX-X6.jpg
1245229292966900005863,ACEH,PIDIE,SAKTI,LAMEUE MNS. RAYA,TPS 1,2019-10-25 05:00:03,14,190,256,209,209,204,5,https://pemilu2019.kpu.go.id/img/c/900/005/900005863/1-2966-1-C-XXX-X5.jpg,https://pemilu2019.kpu.go.id/img/c/900/005/900005863/1-2966-1-C-XXX-X6.jpg
1245229292966900005864,ACEH,PIDIE,SAKTI,LAMEUE MNS. RAYA,TPS 2,2019-10-25 05:00:03,9,112,176,126,126,121,5,https://pemilu2019.kpu.go.id/img/c/900/005/900005864/2-2966-2-C1-PPWP-X1.jpg,https://pemilu2019.kpu.go.id/img/c/900/005/900005864/2-2966-2-C1-PPWP-X2.jpg
1245229292946900005835,ACEH,PIDIE,SAKTI,LAM UJONG,TPS 1,2019-10-25 05:00:03,18,146,194,171,171,164,7,https://pemilu2019.kpu.go.id/img/c/900/005/900005835/2-2946-1-C-XXX-X5.jpg,https://pemilu2019.kpu.go.id/img/c/900/005/900005835/2-2946-1-C-XXX-X6.jpg
1245229292946900005836,ACEH,PIDIE,SAKTI,LAM UJONG,TPS 2,2019-10-25 05:00:03,9,158,192,170,170,167,3,https://pemilu2019.kpu.go.id/img/c/900/005/900005836/2-2946-2-C-XXX-X35.jpg,https://pemilu2019.kpu.go.id/img/c/900/005/900005836/2-2946-2-C-XXX-X36.jpg
1245229292953900005844,ACEH,PIDIE,SAKTI,LEUPEUM MESJID,TPS 1,2019-10-25 05:00:03,22,174,246,201,201,196,5,https://pemilu2019.kpu.go.id/img/c/900/005/900005844/1-2953-1-C-XXX-X5.jpg,https://pemilu2019.kpu.go.id/img/c/900/005/900005844/1-2953-1-C-XXX-X6.jpg
1245229292953900005845,ACEH,PIDIE,SAKTI,LEUPEUM MESJID,TPS 2,2019-10-25 05:00:03,20,174,254,203,203,194,9,https://pemilu2019.kpu.go.id/img/c/900/005/900005845/1-2953-2-C-XXX-X5.jpg,https://pemilu2019.kpu.go.id/img/c/900/005/900005845/1-2953-2-C-XXX-X6.jpg
1245229292932900005815,ACEH,PIDIE,SAKTI,LHOK EMPEH,TPS 1,2019-10-25 05:00:03,4,209,261,216,216,213,3,https://pemilu2019.kpu.go.id/img/c/900/005/900005815/1-2932-1-C-XXX-X5.jpg,https://pemilu2019.kpu.go.id/img/c/900/005/900005815/1-2932-1-C-XXX-X6.jpg
1245229292965900005862,ACEH,PIDIE,SAKTI,LHOK ME,TPS 1,2019-10-25 05:00:03,9,160,213,172,172,169,3,https://pemilu2019.kpu.go.id/img/c/900/005/900005862/1-2965-1-C-XXX-X5.jpg,https://pemilu2019.kpu.go.id/img/c/900/005/900005862/1-2965-1-C-XXX-X6.jpg
1245229292943900005832,ACEH,PIDIE,SAKTI,LHOK PANAH,TPS 1,2019-10-25 05:00:03,16,95,156,131,131,111,20,https://pemilu2019.kpu.go.id/img/c/900/005/900005832/2-2943-1-C-XXX-X5.jpg,https://pemilu2019.kpu.go.id/img/c/900/005/900005832/2-2943-1-C-XXX-X6.jpg
1245229292971900005870,ACEH,PIDIE,SAKTI,LINGKOK,TPS 1,2019-10-25 05:00:03,13,132,194,147,149,145,4,https://pemilu2019.kpu.go.id/img/c/900/005/900005870/1-2971-1-C-XXX-X5.jpg,https://pemilu2019.kpu.go.id/img/c/900/005/900005870/1-2971-1-C-XXX-X6.jpg
1245229292971900005871,ACEH,PIDIE,SAKTI,LINGKOK,TPS 2,2019-10-25 05:00:03,8,143,208,157,157,151,6,https://pemilu2019.kpu.go.id/img/c/900/005/900005871/1-2971-2-C-XXX-X5.jpg,https://pemilu2019.kpu.go.id/img/c/900/005/900005871/1-2971-2-C-XXX-X6.jpg
1245229292963900005859,ACEH,PIDIE,SAKTI,MALI COT,TPS 1,2019-10-25 05:00:03,19,197,269,234,234,216,18,https://pemilu2019.kpu.go.id/img/c/900/005/900005859/1-2963-1-C-XXX-X5.jpg,https://pemilu2019.kpu.go.id/img/c/900/005/900005859/1-2963-1-C-XXX-X6.jpg
1245229292960900005855,ACEH,PIDIE,SAKTI,MALI GUYUI,TPS 1,2019-10-25 05:00:03,12,153,210,171,171,165,6,https://pemilu2019.kpu.go.id/img/c/900/005/900005855/1-2960-1-C-XXX-X5.jpg,https://pemilu2019.kpu.go.id/img/c/900/005/900005855/1-2960-1-C-XXX-X6.jpg
1245229292960900005856,ACEH,PIDIE,SAKTI,MALI GUYUI,TPS 2,2019-10-25 05:00:03,9,152,214,170,170,161,9,https://pemilu2019.kpu.go.id/img/c/900/005/900005856/1-2960-2-C-XXX-X5.jpg,https://pemilu2019.kpu.go.id/img/c/900/005/900005856/1-2960-2-C-XXX-X6.jpg
1245229292961900005857,ACEH,PIDIE,SAKTI,MALI LAM KUTA,TPS 1,2019-10-25 05:00:03,62,137,199,168,168,163,5,https://pemilu2019.kpu.go.id/img/c/900/005/900005857/1-2961-1-C-XXX-X5.jpg,https://pemilu2019.kpu.go.id/img/c/900/005/900005857/1-2961-1-C-XXX-X6.jpg
1245229292962900005858,ACEH,PIDIE,SAKTI,MALI MESJID,TPS 1,2019-10-25 05:00:03,24,182,269,216,216,206,10,https://pemilu2019.kpu.go.id/img/c/900/005/900005858/1-2962-1-C-XXX-X5.jpg,https://pemilu2019.kpu.go.id/img/c/900/005/900005858/1-2962-1-C-XXX-X6.jpg
12452292989083900792788,ACEH,PIDIE,SAKTI,MALI UKEE,TPS 1,2019-10-25 05:00:03,13,203,263,221,221,216,5,https://pemilu2019.kpu.go.id/img/c/900/792/900792788/1-89083-1-C-XXX-X5.jpg,https://pemilu2019.kpu.go.id/img/c/900/792/900792788/1-89083-1-C-XXX-X6.jpg
1245229292940900005827,ACEH,PIDIE,SAKTI,MANCANG,TPS 1,2019-10-25 05:00:03,6,62,81,72,72,68,4,https://pemilu2019.kpu.go.id/img/c/900/005/900005827/1-2940-1-C-XXX-X5.jpg,https://pemilu2019.kpu.go.id/img/c/900/005/900005827/1-2940-1-C-XXX-X6.jpg
1245229292973900005875,ACEH,PIDIE,SAKTI,MEUNASAH BALE,TPS 1,2019-10-25 05:00:03,6,115,168,124,124,121,3,https://pemilu2019.kpu.go.id/img/c/900/005/900005875/1-2973-1-C-XXX-X5.jpg,https://pemilu2019.kpu.go.id/img/c/900/005/900005875/1-2973-1-C-XXX-X6.jpg
1245229292973900005876,ACEH,PIDIE,SAKTI,MEUNASAH BALE,TPS 2,2019-10-25 05:00:03,10,102,165,116,116,112,4,https://pemilu2019.kpu.go.id/img/c/900/005/900005876/1-2973-2-C-XXX-X5.jpg,https://pemilu2019.kpu.go.id/img/c/900/005/900005876/1-2973-2-C-XXX-X6.jpg
12452292989085900792789,ACEH,PIDIE,SAKTI,MEUNASAH BLANG,TPS 1,2019-10-25 05:00:03,12,133,193,147,147,145,2,https://pemilu2019.kpu.go.id/img/c/900/792/900792789/1-89085-1-C-XXX-X5.jpg,https://pemilu2019.kpu.go.id/img/c/900/792/900792789/1-89085-1-C-XXX-X6.jpg
12452292989085900792790,ACEH,PIDIE,SAKTI,MEUNASAH BLANG,TPS 2,2019-10-25 05:00:03,27,119,189,147,147,146,1,https://pemilu2019.kpu.go.id/img/c/900/792/900792790/1-89085-2-C-XXX-X5.jpg,https://pemilu2019.kpu.go.id/img/c/900/792/900792790/1-89085-2-C-XXX-X6.jpg
1245229292944900005833,ACEH,PIDIE,SAKTI,MURONG COT,TPS 1,2019-10-25 05:00:03,26,148,264,202,202,174,28,https://pemilu2019.kpu.go.id/img/c/900/005/900005833/1-2944-1-C-XXX-X5.jpg,https://pemilu2019.kpu.go.id/img/c/900/005/900005833/1-2944-1-C-XXX-X6.jpg
1245229292947900005837,ACEH,PIDIE,SAKTI,MURONG LHOK,TPS 1,2019-10-25 05:00:03,6,133,166,146,146,139,7,https://pemilu2019.kpu.go.id/img/c/900/005/900005837/1-2947-1-C-XXX-X5.jpg,https://pemilu2019.kpu.go.id/img/c/900/005/900005837/1-2947-1-C-XXX-X6.jpg
1245229292936900005820,ACEH,PIDIE,SAKTI,PALOH JEUREULA,TPS 1,2019-10-25 05:00:03,24,106,161,131,131,130,1,https://pemilu2019.kpu.go.id/img/c/900/005/900005820/1-2936-1-C-XXX-X5.jpg,https://pemilu2019.kpu.go.id/img/c/900/005/900005820/1-2936-1-C-XXX-X6.jpg
1245229292936900005821,ACEH,PIDIE,SAKTI,PALOH JEUREULA,TPS 2,2019-10-25 05:00:03,15,108,157,126,126,123,3,https://pemilu2019.kpu.go.id/img/c/900/005/900005821/1-2936-2-C-XXX-X5.jpg,https://pemilu2019.kpu.go.id/img/c/900/005/900005821/1-2936-2-C-XXX-X6.jpg
1245229292958900005852,ACEH,PIDIE,SAKTI,PANTE KRUENG,TPS 1,2019-10-25 05:00:03,10,141,174,153,153,151,2,https://pemilu2019.kpu.go.id/img/c/900/005/900005852/1-2958-1-C-XXX-X5.jpg,https://pemilu2019.kpu.go.id/img/c/900/005/900005852/1-2958-1-C-XXX-X6.jpg
1245229292972900005872,ACEH,PIDIE,SAKTI,PASAR KOTA BAKTI,TPS 1,2019-10-25 05:00:03,31,172,260,208,208,203,5,https://pemilu2019.kpu.go.id/img/c/900/005/900005872/1-2972-1-C-XXX-X5.jpg,https://pemilu2019.kpu.go.id/img/c/900/005/900005872/1-2972-1-C-XXX-X6.jpg
1245229292972900005873,ACEH,PIDIE,SAKTI,PASAR KOTA BAKTI,TPS 2,2019-10-25 05:00:03,18,169,258,188,188,187,1,https://pemilu2019.kpu.go.id/img/c/900/005/900005873/1-2972-2-C-XXX-X5.jpg,https://pemilu2019.kpu.go.id/img/c/900/005/900005873/1-2972-2-C-XXX-X6.jpg
1245229292972900005874,ACEH,PIDIE,SAKTI,PASAR KOTA BAKTI,TPS 3,2019-10-25 05:00:03,0,96,116,104,104,96,8,https://pemilu2019.kpu.go.id/img/c/900/005/900005874/1-2972-3-C-XXX-X5.jpg,https://pemilu2019.kpu.go.id/img/c/900/005/900005874/1-2972-3-C-XXX-X6.jpg
1245229292974900005877,ACEH,PIDIE,SAKTI,PERLAK ASAN,TPS 1,2019-10-25 05:00:03,18,119,185,142,142,137,5,https://pemilu2019.kpu.go.id/img/c/900/005/900005877/1-2974-1-C-XXX-X5.jpg,https://pemilu2019.kpu.go.id/img/c/900/005/900005877/1-2974-1-C-XXX-X6.jpg
1245229292974900005878,ACEH,PIDIE,SAKTI,PERLAK ASAN,TPS 2,2019-10-25 05:00:03,14,111,186,128,128,125,3,https://pemilu2019.kpu.go.id/img/c/900/005/900005878/1-2974-2-C-XXX-X5.jpg,https://pemilu2019.kpu.go.id/img/c/900/005/900005878/1-2974-2-C-XXX-X6.jpg
1245229292970900005869,ACEH,PIDIE,SAKTI,PERLAK BAROH,TPS 1,2019-10-25 05:00:03,10,115,172,129,129,125,4,https://pemilu2019.kpu.go.id/img/c/900/005/900005869/1-2970-1-C-XXX-X5.jpg,https://pemilu2019.kpu.go.id/img/c/900/005/900005869/1-2970-1-C-XXX-X6.jpg
1245229292954900005846,ACEH,PIDIE,SAKTI,PULO JEUMPA,TPS 1,2019-10-25 05:00:03,6,85,109,91,91,91,0,https://pemilu2019.kpu.go.id/img/c/900/005/900005846/1-2954-1-C-XXX-X5.jpg,https://pemilu2019.kpu.go.id/img/c/900/005/900005846/1-2954-1-C-XXX-X6.jpg
1245229292969900005868,ACEH,PIDIE,SAKTI,PULO KERUMBOK,TPS 1,2019-10-25 05:00:03,16,184,255,205,205,200,5,https://pemilu2019.kpu.go.id/img/c/900/005/900005868/2-2969-1-C1-PPWP-X1.jpg,https://pemilu2019.kpu.go.id/img/c/900/005/900005868/2-2969-1-C1-PPWP-X2.jpg
1245229292939900005824,ACEH,PIDIE,SAKTI,RIWEUEK,TPS 1,2019-10-25 05:00:03,7,145,203,153,153,152,1,https://pemilu2019.kpu.go.id/img/c/900/005/900005824/2-2939-1-C1-PPWP-X1.jpg,https://pemilu2019.kpu.go.id/img/c/900/005/900005824/2-2939-1-C1-PPWP-X2.jpg
1245229292939900005825,ACEH,PIDIE,SAKTI,RIWEUEK,TPS 2,2019-10-25 05:00:03,3,142,204,158,158,145,13,https://pemilu2019.kpu.go.id/img/c/900/005/900005825/1-2939-2-C1-PPWP-X1.jpg,https://pemilu2019.kpu.go.id/img/c/900/005/900005825/1-2939-2-C1-PPWP-X2.jpg
1245229292939900005826,ACEH,PIDIE,SAKTI,RIWEUEK,TPS 3,2019-10-25 05:00:03,6,144,202,158,158,150,8,https://pemilu2019.kpu.go.id/img/c/900/005/900005826/1-2939-3-C-XXX-X5.jpg,https://pemilu2019.kpu.go.id/img/c/900/005/900005826/1-2939-3-C-XXX-X6.jpg
1245229292964900005860,ACEH,PIDIE,SAKTI,TANGKUENG,TPS 1,2019-10-25 05:00:03,10,98,151,119,119,108,11,https://pemilu2019.kpu.go.id/img/c/900/005/900005860/1-2964-1-C-XXX-X5.jpg,https://pemilu2019.kpu.go.id/img/c/900/005/900005860/1-2964-1-C-XXX-X6.jpg
1245229292964900005861,ACEH,PIDIE,SAKTI,TANGKUENG,TPS 2,2019-10-25 05:00:03,5,117,153,126,126,122,4,https://pemilu2019.kpu.go.id/img/c/900/005/900005861/1-2964-2-C-XXX-X5.jpg,https://pemilu2019.kpu.go.id/img/c/900/005/900005861/1-2964-2-C-XXX-X6.jpg
1245229793027900005951,ACEH,PIDIE,SIMPANG TIGA,BLANG LEUEN,TPS 1,2019-10-25 05:00:03,7,166,194,175,175,173,2,https://pemilu2019.kpu.go.id/img/c/900/005/900005951/3027-1-C-XXX-X5.jpg,https://pemilu2019.kpu.go.id/img/c/900/005/900005951/3027-1-C-XXX-X6.jpg
1245229793024900005947,ACEH,PIDIE,SIMPANG TIGA,BUNIEN,TPS 1,2019-10-25 05:00:03,15,125,180,145,145,140,5,https://pemilu2019.kpu.go.id/img/c/900/005/900005947/3024-1-C-XXX-X5.jpg,https://pemilu2019.kpu.go.id/img/c/900/005/900005947/3024-1-C-XXX-X6.jpg
1245229793024900005948,ACEH,PIDIE,SIMPANG TIGA,BUNIEN,TPS 2,2019-10-25 05:00:03,10,118,173,133,133,128,5,https://pemilu2019.kpu.go.id/img/c/900/005/900005948/3024-2-C-XXX-X5.jpg,https://pemilu2019.kpu.go.id/img/c/900/005/900005948/3024-2-C-XXX-X6.jpg
1245229792990900005896,ACEH,PIDIE,SIMPANG TIGA,CEBREK,TPS 1,2019-10-25 05:00:03,13,184,219,198,198,197,1,https://pemilu2019.kpu.go.id/img/c/900/005/900005896/2990-1-C-XXX-X5.jpg,https://pemilu2019.kpu.go.id/img/c/900/005/900005896/2990-1-C-XXX-X6.jpg
1245229792990900005897,ACEH,PIDIE,SIMPANG TIGA,CEBREK,TPS 2,2019-10-25 05:00:03,5,164,208,177,211,177,34,https://pemilu2019.kpu.go.id/img/c/900/005/900005897/2990-2-C-XXX-X5.jpg,https://pemilu2019.kpu.go.id/img/c/900/005/900005897/2990-2-C-XXX-X6.jpg
1245229793017900005940,ACEH,PIDIE,SIMPANG TIGA,COT ARA,TPS 1,2019-10-25 05:00:03,9,144,195,157,157,153,4,https://pemilu2019.kpu.go.id/img/c/900/005/900005940/1-3017-1-C-XXX-X5.jpg,https://pemilu2019.kpu.go.id/img/c/900/005/900005940/1-3017-1-C-XXX-X6.jpg
1245229793029900005953,ACEH,PIDIE,SIMPANG TIGA,COT JAJA,TPS 1,2019-10-25 05:00:03,15,136,224,169,169,151,18,https://pemilu2019.kpu.go.id/img/c/900/005/900005953/3029-1-C-XXX-X5.jpg,https://pemilu2019.kpu.go.id/img/c/900/005/900005953/3029-1-C-XXX-X6.jpg
1245229793029900005954,ACEH,PIDIE,SIMPANG TIGA,COT JAJA,TPS 2,2019-10-25 05:00:03,15,130,214,162,162,145,17,https://pemilu2019.kpu.go.id/img/c/900/005/900005954/3029-2-C-XXX-X5.jpg,https://pemilu2019.kpu.go.id/img/c/900/005/900005954/3029-2-C-XXX-X6.jpg
1245229793029900005955,ACEH,PIDIE,SIMPANG TIGA,COT JAJA,TPS 3,2019-10-25 05:00:03,16,141,218,165,165,157,8,https://pemilu2019.kpu.go.id/img/c/900/005/900005955/3029-3-C-XXX-X5.jpg,https://pemilu2019.kpu.go.id/img/c/900/005/900005955/3029-3-C-XXX-X6.jpg
1245229792988900005894,ACEH,PIDIE,SIMPANG TIGA,COT PALEUE,TPS 1,2019-10-25 05:00:03,13,139,208,162,162,152,10,https://pemilu2019.kpu.go.id/img/c/900/005/900005894/2988-1-C-XXX-X5.jpg,https://pemilu2019.kpu.go.id/img/c/900/005/900005894/2988-1-C-XXX-X6.jpg
1245229792996900005906,ACEH,PIDIE,SIMPANG TIGA,CURUCOK BARAT,TPS 1,2019-10-25 05:00:03,11,119,132,132,132,130,2,https://pemilu2019.kpu.go.id/img/c/900/005/900005906/2996-1-C-XXX-X5.jpg,https://pemilu2019.kpu.go.id/img/c/900/005/900005906/2996-1-C-XXX-X6.jpg
1245229793023900005946,ACEH,PIDIE,SIMPANG TIGA,CURUCOK SAGOE,TPS 1,2019-10-25 05:00:03,22,208,291,236,236,230,6,https://pemilu2019.kpu.go.id/img/c/900/005/900005946/1-3023-1-C-XXX-X5.jpg,https://pemilu2019.kpu.go.id/img/c/900/005/900005946/1-3023-1-C-XXX-X6.jpg
1245229792995900005905,ACEH,PIDIE,SIMPANG TIGA,CURUCOK TIMUR,TPS 1,2019-10-25 05:00:03,9,168,207,179,180,177,3,https://pemilu2019.kpu.go.id/img/c/900/005/900005905/2995-1-C-XXX-X5.jpg,https://pemilu2019.kpu.go.id/img/c/900/005/900005905/2995-1-C-XXX-X6.jpg
1245229793020900005943,ACEH,PIDIE,SIMPANG TIGA,DAYAH BLANG,TPS 1,2019-10-25 05:00:03,35,220,299,260,260,225,5,https://pemilu2019.kpu.go.id/img/c/900/005/900005943/3020-1-C-XXX-X5.jpg,https://pemilu2019.kpu.go.id/img/c/900/005/900005943/3020-1-C-XXX-X6.jpg
1245229793018900005941,ACEH,PIDIE,SIMPANG TIGA,DAYAH BLANG CUT,TPS 1,2019-10-25 05:00:03,12,101,144,125,125,113,12,https://pemilu2019.kpu.go.id/img/c/900/005/900005941/3018-1-C-XXX-X5.jpg,https://pemilu2019.kpu.go.id/img/c/900/005/900005941/3018-1-C-XXX-X6.jpg
1245229793009900005928,ACEH,PIDIE,SIMPANG TIGA,DAYAH LAMPOH AWE,TPS 1,2019-10-25 05:00:03,20,149,226,174,174,169,5,https://pemilu2019.kpu.go.id/img/c/900/005/900005928/3009-1-C-XXX-X5.jpg,https://pemilu2019.kpu.go.id/img/c/900/005/900005928/3009-1-C-XXX-X6.jpg
1245229792993900005902,ACEH,PIDIE,SIMPANG TIGA,EMPEH,TPS 1,2019-10-25 05:00:03,6,118,160,125,125,124,1,https://pemilu2019.kpu.go.id/img/c/900/005/900005902/1-2993-1-C-XXX-X5.jpg,https://pemilu2019.kpu.go.id/img/c/900/005/900005902/1-2993-1-C-XXX-X6.jpg
1245229793000900005911,ACEH,PIDIE,SIMPANG TIGA,GONG,TPS 1,2019-10-25 05:00:03,9,211,254,224,224,220,4,https://pemilu2019.kpu.go.id/img/c/900/005/900005911/2-3000-1-C-XXX-X5.jpg,https://pemilu2019.kpu.go.id/img/c/900/005/900005911/2-3000-1-C-XXX-X6.jpg
1245229793000900005912,ACEH,PIDIE,SIMPANG TIGA,GONG,TPS 2,2019-10-25 05:00:03,7,184,219,195,195,191,4,https://pemilu2019.kpu.go.id/img/c/900/005/900005912/3000-2-C-XXX-X5.jpg,https://pemilu2019.kpu.go.id/img/c/900/005/900005912/3000-2-C-XXX-X6.jpg
1245229792997900005907,ACEH,PIDIE,SIMPANG TIGA,JAJA BAROH,TPS 1,2019-10-25 05:00:03,7,158,186,172,172,165,7,https://pemilu2019.kpu.go.id/img/c/900/005/900005907/2997-1-C-XXX-X5.jpg,https://pemilu2019.kpu.go.id/img/c/900/005/900005907/2997-1-C-XXX-X6.jpg
1245229792998900005908,ACEH,PIDIE,SIMPANG TIGA,JAJA TUNONG,TPS 1,2019-10-25 05:00:03,6,196,270,212,212,202,10,https://pemilu2019.kpu.go.id/img/c/900/005/900005908/2-2998-1-C-XXX-X5.jpg,https://pemilu2019.kpu.go.id/img/c/900/005/900005908/2-2998-1-C-XXX-X6.jpg
1245229793014900005934,ACEH,PIDIE,SIMPANG TIGA,JURONG,TPS 1,2019-10-25 05:00:03,16,135,167,154,154,151,3,https://pemilu2019.kpu.go.id/img/c/900/005/900005934/3014-1-C-XXX-X5.jpg,https://pemilu2019.kpu.go.id/img/c/900/005/900005934/3014-1-C-XXX-X6.jpg
1245229793015900005935,ACEH,PIDIE,SIMPANG TIGA,KP. BLANG,TPS 1,2019-10-25 05:00:03,16,140,234,166,166,156,10,https://pemilu2019.kpu.go.id/img/c/900/005/900005935/1-3015-1-C1-PPWP-X1.jpg,https://pemilu2019.kpu.go.id/img/c/900/005/900005935/1-3015-1-C1-PPWP-X2.jpg
1245229793015900005936,ACEH,PIDIE,SIMPANG TIGA,KP. BLANG,TPS 2,2019-10-25 05:00:03,11,167,247,190,190,178,12,https://pemilu2019.kpu.go.id/img/c/900/005/900005936/2-3015-2-C1-PPWP-X1.jpg,https://pemilu2019.kpu.go.id/img/c/900/005/900005936/2-3015-2-C1-PPWP-X2.jpg
1245229793015900005937,ACEH,PIDIE,SIMPANG TIGA,KP. BLANG,TPS 3,2019-10-25 05:00:03,14,150,232,165,167,164,3,https://pemilu2019.kpu.go.id/img/c/900/005/900005937/1-3015-3-C1-PPWP-X1.jpg,https://pemilu2019.kpu.go.id/img/c/900/005/900005937/1-3015-3-C1-PPWP-X2.jpg
1245229792992900005900,ACEH,PIDIE,SIMPANG TIGA,KULAM BARO,TPS 1,2019-10-25 05:00:03,1,203,258,258,206,204,2,https://pemilu2019.kpu.go.id/img/c/900/005/900005900/1-2992-1-C-XXX-X5.jpg,https://pemilu2019.kpu.go.id/img/c/900/005/900005900/1-2992-1-C-XXX-X6.jpg
1245229792992900005901,ACEH,PIDIE,SIMPANG TIGA,KULAM BARO,TPS 2,2019-10-25 05:00:03,14,184,251,202,202,198,4,https://pemilu2019.kpu.go.id/img/c/900/005/900005901/2992-2-C-XXX-X5.jpg,https://pemilu2019.kpu.go.id/img/c/900/005/900005901/2992-2-C-XXX-X6.jpg
1245229793006900005923,ACEH,PIDIE,SIMPANG TIGA,KUPULA,TPS 1,2019-10-25 05:00:03,9,200,286,221,221,209,12,https://pemilu2019.kpu.go.id/img/c/900/005/900005923/3006-1-C-XXX-X5.jpg,https://pemilu2019.kpu.go.id/img/c/900/005/900005923/3006-1-C-XXX-X6.jpg
1245229792987900005892,ACEH,PIDIE,SIMPANG TIGA,LAMBIDENG,TPS 1,2019-10-25 05:00:03,5,149,182,159,159,154,5,https://pemilu2019.kpu.go.id/img/c/900/005/900005892/1-2987-1-C-XXX-X5.jpg,https://pemilu2019.kpu.go.id/img/c/900/005/900005892/1-2987-1-C-XXX-X6.jpg
1245229792987900005893,ACEH,PIDIE,SIMPANG TIGA,LAMBIDENG,TPS 2,2019-10-25 05:00:03,8,145,185,162,162,9,153,https://pemilu2019.kpu.go.id/img/c/900/005/900005893/1-2987-2-C-XXX-X5.jpg,https://pemilu2019.kpu.go.id/img/c/900/005/900005893/1-2987-2-C-XXX-X6.jpg
1245229793030900005956,ACEH,PIDIE,SIMPANG TIGA,LHEUE,TPS 1,2019-10-25 05:00:03,6,93,115,107,107,99,8,https://pemilu2019.kpu.go.id/img/c/900/005/900005956/1-3030-1-C-XXX-X5.jpg,https://pemilu2019.kpu.go.id/img/c/900/005/900005956/1-3030-1-C-XXX-X6.jpg
1245229792982900005885,ACEH,PIDIE,SIMPANG TIGA,LILIEP,TPS 1,2019-10-25 05:00:03,10,131,184,147,147,141,6,https://pemilu2019.kpu.go.id/img/c/900/005/900005885/1-2982-1-C-XXX-X5.jpg,https://pemilu2019.kpu.go.id/img/c/900/005/900005885/1-2982-1-C-XXX-X6.jpg
1245229792991900005898,ACEH,PIDIE,SIMPANG TIGA,LINGGONG SAGOE,TPS 1,2019-10-25 05:00:03,11,214,290,240,240,225,15,https://pemilu2019.kpu.go.id/img/c/900/005/900005898/1-2991-1-C-XXX-X5.jpg,https://pemilu2019.kpu.go.id/img/c/900/005/900005898/1-2991-1-C-XXX-X6.jpg
1245229792991900005899,ACEH,PIDIE,SIMPANG TIGA,LINGGONG SAGOE,TPS 2,2019-10-25 05:00:03,10,192,272,211,211,202,9,https://pemilu2019.kpu.go.id/img/c/900/005/900005899/1-2991-2-C-XXX-X5.jpg,https://pemilu2019.kpu.go.id/img/c/900/005/900005899/1-2991-2-C-XXX-X6.jpg
1245229793021900005944,ACEH,PIDIE,SIMPANG TIGA,MADIKA,TPS 1,2019-10-25 05:00:03,19,224,296,246,246,243,3,https://pemilu2019.kpu.go.id/img/c/900/005/900005944/1-3021-1-C-XXX-X5.jpg,https://pemilu2019.kpu.go.id/img/c/900/005/900005944/1-3021-1-C-XXX-X6.jpg
1245229793003900005916,ACEH,PIDIE,SIMPANG TIGA,MAMPLAM,TPS 1,2019-10-25 05:00:03,7,181,243,194,194,188,6,https://pemilu2019.kpu.go.id/img/c/900/005/900005916/1-3003-1-C-XXX-X5.jpg,https://pemilu2019.kpu.go.id/img/c/900/005/900005916/1-3003-1-C-XXX-X6.jpg
1245229793003900005917,ACEH,PIDIE,SIMPANG TIGA,MAMPLAM,TPS 2,2019-10-25 05:00:03,9,174,238,185,185,183,2,https://pemilu2019.kpu.go.id/img/c/900/005/900005917/1-3003-2-C1-PPWP-X1.jpg,https://pemilu2019.kpu.go.id/img/c/900/005/900005917/1-3003-2-C1-PPWP-X2.jpg
1245229793007900005924,ACEH,PIDIE,SIMPANG TIGA,MANTAK RAYA,TPS 1,2019-10-25 05:00:03,10,137,170,152,152,147,5,https://pemilu2019.kpu.go.id/img/c/900/005/900005924/1-3007-1-C-XXX-X5.jpg,https://pemilu2019.kpu.go.id/img/c/900/005/900005924/1-3007-1-C-XXX-X6.jpg
1245229793007900005925,ACEH,PIDIE,SIMPANG TIGA,MANTAK RAYA,TPS 2,2019-10-25 05:00:03,19,109,163,133,133,128,5,https://pemilu2019.kpu.go.id/img/c/900/005/900005925/1-3007-2-C-XXX-X5.jpg,https://pemilu2019.kpu.go.id/img/c/900/005/900005925/1-3007-2-C-XXX-X6.jpg
1245229792981900005884,ACEH,PIDIE,SIMPANG TIGA,MESJID BUNGIE,TPS 1,2019-10-25 05:00:03,9,186,233,197,197,195,2,https://pemilu2019.kpu.go.id/img/c/900/005/900005884/1-2981-1-C-XXX-X5.jpg,https://pemilu2019.kpu.go.id/img/c/900/005/900005884/1-2981-1-C-XXX-X6.jpg
1245229792999900005909,ACEH,PIDIE,SIMPANG TIGA,MESJID GIGIENG,TPS 1,2019-10-25 05:00:03,1,140,171,142,142,141,1,https://pemilu2019.kpu.go.id/img/c/900/005/900005909/1-2999-1-C-XXX-X5.jpg,https://pemilu2019.kpu.go.id/img/c/900/005/900005909/1-2999-1-C-XXX-X6.jpg
1245229792999900005910,ACEH,PIDIE,SIMPANG TIGA,MESJID GIGIENG,TPS 2,2019-10-25 05:00:03,7,113,152,123,123,120,30,https://pemilu2019.kpu.go.id/img/c/900/005/900005910/1-2999-2-C-XXX-X5.jpg,https://pemilu2019.kpu.go.id/img/c/900/005/900005910/1-2999-2-C-XXX-X6.jpg
1245229793026900005950,ACEH,PIDIE,SIMPANG TIGA,MESJID TUNGUE,TPS 1,2019-10-25 05:00:03,17,169,247,203,203,186,17,https://pemilu2019.kpu.go.id/img/c/900/005/900005950/1-3026-1-C-XXX-X5.jpg,https://pemilu2019.kpu.go.id/img/c/900/005/900005950/1-3026-1-C-XXX-X6.jpg
1245229793010900005929,ACEH,PIDIE,SIMPANG TIGA,MEUNASAH BLANG,TPS 1,2019-10-25 05:00:03,8,195,217,208,208,203,5,https://pemilu2019.kpu.go.id/img/c/900/005/900005929/1-3010-1-C-XXX-X5.jpg,https://pemilu2019.kpu.go.id/img/c/900/005/900005929/1-3010-1-C-XXX-X6.jpg
1245229793004900005918,ACEH,PIDIE,SIMPANG TIGA,MEUNASAH LHEE,TPS 1,2019-10-25 05:00:03,6,172,209,183,183,178,5,https://pemilu2019.kpu.go.id/img/c/900/005/900005918/1-3004-1-C-XXX-X5.jpg,https://pemilu2019.kpu.go.id/img/c/900/005/900005918/1-3004-1-C-XXX-X6.jpg
1245229793004900005919,ACEH,PIDIE,SIMPANG TIGA,MEUNASAH LHEE,TPS 2,2019-10-25 05:00:03,13,147,225,167,167,160,7,https://pemilu2019.kpu.go.id/img/c/900/005/900005919/1-3004-2-C-XXX-X5.jpg,https://pemilu2019.kpu.go.id/img/c/900/005/900005919/1-3004-2-C-XXX-X6.jpg
1245229793004900005920,ACEH,PIDIE,SIMPANG TIGA,MEUNASAH LHEE,TPS 3,2019-10-25 05:00:03,11,142,208,156,156,153,3,https://pemilu2019.kpu.go.id/img/c/900/005/900005920/1-3004-3-C-XXX-X5.jpg,https://pemilu2019.kpu.go.id/img/c/900/005/900005920/1-3004-3-C-XXX-X6.jpg
1245229792994900005903,ACEH,PIDIE,SIMPANG TIGA,NIEN,TPS 1,2019-10-25 05:00:03,8,121,155,129,129,129,0,https://pemilu2019.kpu.go.id/img/c/900/005/900005903/1-2994-1-C1-PPWP-X1.jpg,https://pemilu2019.kpu.go.id/img/c/900/005/900005903/1-2994-1-C1-PPWP-X2.jpg
1245229792994900005904,ACEH,PIDIE,SIMPANG TIGA,NIEN,TPS 2,2019-10-25 05:00:03,8,110,154,123,123,118,5,https://pemilu2019.kpu.go.id/img/c/900/005/900005904/1-2994-2-C-XXX-X5.jpg,https://pemilu2019.kpu.go.id/img/c/900/005/900005904/1-2994-2-C-XXX-X6.jpg
1245229793016900005938,ACEH,PIDIE,SIMPANG TIGA,PADANG,TPS 1,2019-10-25 05:00:03,15,139,207,166,166,154,12,https://pemilu2019.kpu.go.id/img/c/900/005/900005938/1-3016-1-C1-PPWP-X1.jpg,https://pemilu2019.kpu.go.id/img/c/900/005/900005938/1-3016-1-C1-PPWP-X2.jpg
1245229793016900005939,ACEH,PIDIE,SIMPANG TIGA,PADANG,TPS 2,2019-10-25 05:00:03,13,136,189,153,153,149,4,https://pemilu2019.kpu.go.id/img/c/900/005/900005939/3016-2-C-XXX-X5.jpg,https://pemilu2019.kpu.go.id/img/c/900/005/900005939/3016-2-C-XXX-X6.jpg
1245229793025900005949,ACEH,PIDIE,SIMPANG TIGA,PALOH TOK DUE,TPS 1,2019-10-25 05:00:03,18,160,268,190,190,178,12,https://pemilu2019.kpu.go.id/img/c/900/005/900005949/1-3025-1-C-XXX-X5.jpg,https://pemilu2019.kpu.go.id/img/c/900/005/900005949/1-3025-1-C-XXX-X6.jpg
1245229793005900005921,ACEH,PIDIE,SIMPANG TIGA,PANTE,TPS 1,2019-10-25 05:00:03,11,208,297,226,226,219,7,https://pemilu2019.kpu.go.id/img/c/900/005/900005921/1-3005-1-C-XXX-X5.jpg,https://pemilu2019.kpu.go.id/img/c/900/005/900005921/1-3005-1-C-XXX-X6.jpg
1245229793005900005922,ACEH,PIDIE,SIMPANG TIGA,PANTE,TPS 2,2019-10-25 05:00:03,16,208,305,235,235,224,11,https://pemilu2019.kpu.go.id/img/c/900/005/900005922/2-3005-2-C-XXX-X5.jpg,https://pemilu2019.kpu.go.id/img/c/900/005/900005922/2-3005-2-C-XXX-X6.jpg
1245229792984900005887,ACEH,PIDIE,SIMPANG TIGA,PEUKAN SOT,TPS 1,2019-10-25 05:00:03,44,151,196,196,196,193,3,https://pemilu2019.kpu.go.id/img/c/900/005/900005887/1-2984-1-C-XXX-X5.jpg,https://pemilu2019.kpu.go.id/img/c/900/005/900005887/1-2984-1-C-XXX-X6.jpg
1245229792984900005888,ACEH,PIDIE,SIMPANG TIGA,PEUKAN SOT,TPS 2,2019-10-25 05:00:03,29,147,183,183,183,176,7,https://pemilu2019.kpu.go.id/img/c/900/005/900005888/1-2984-2-C1-PPWP-X1.jpg,https://pemilu2019.kpu.go.id/img/c/900/005/900005888/1-2984-2-C1-PPWP-X2.jpg
1245229793008900005926,ACEH,PIDIE,SIMPANG TIGA,PEUKAN TUHA,TPS 1,2019-10-25 05:00:03,9,164,200,178,178,173,5,https://pemilu2019.kpu.go.id/img/c/900/005/900005926/1-3008-1-C-XXX-X5.jpg,https://pemilu2019.kpu.go.id/img/c/900/005/900005926/1-3008-1-C-XXX-X6.jpg
1245229793008900005927,ACEH,PIDIE,SIMPANG TIGA,PEUKAN TUHA,TPS 2,2019-10-25 05:00:03,11,152,194,168,168,163,5,https://pemilu2019.kpu.go.id/img/c/900/005/900005927/1-3008-2-C-XXX-X5.jpg,https://pemilu2019.kpu.go.id/img/c/900/005/900005927/1-3008-2-C-XXX-X6.jpg
1245229793002900005915,ACEH,PIDIE,SIMPANG TIGA,PULO BLANG,TPS 1,2019-10-25 05:00:03,12,131,168,144,144,143,1,https://pemilu2019.kpu.go.id/img/c/900/005/900005915/1-3002-1-C-XXX-X5.jpg,https://pemilu2019.kpu.go.id/img/c/900/005/900005915/1-3002-1-C-XXX-X6.jpg
1245229793011900005930,ACEH,PIDIE,SIMPANG TIGA,PULO GAJAH MATE,TPS 1,2019-10-25 05:00:03,4,153,196,172,172,157,15,https://pemilu2019.kpu.go.id/img/c/900/005/900005930/2-3011-1-C-XXX-X5.jpg,https://pemilu2019.kpu.go.id/img/c/900/005/900005930/2-3011-1-C-XXX-X6.jpg
1245229793011900005931,ACEH,PIDIE,SIMPANG TIGA,PULO GAJAH MATE,TPS 2,2019-10-25 05:00:03,8,153,189,165,165,161,4,https://pemilu2019.kpu.go.id/img/c/900/005/900005931/1-3011-2-C-XXX-X5.jpg,https://pemilu2019.kpu.go.id/img/c/900/005/900005931/1-3011-2-C-XXX-X6.jpg
1245229793001900005913,ACEH,PIDIE,SIMPANG TIGA,PULO RAYA,TPS 1,2019-10-25 05:00:03,5,130,174,142,143,135,8,https://pemilu2019.kpu.go.id/img/c/900/005/900005913/1-3001-1-C-XXX-X5.jpg,https://pemilu2019.kpu.go.id/img/c/900/005/900005913/1-3001-1-C-XXX-X6.jpg
1245229793001900005914,ACEH,PIDIE,SIMPANG TIGA,PULO RAYA,TPS 2,2019-10-25 05:00:03,4,125,165,132,132,129,3,https://pemilu2019.kpu.go.id/img/c/900/005/900005914/1-3001-2-C-XXX-X5.jpg,https://pemilu2019.kpu.go.id/img/c/900/005/900005914/1-3001-2-C-XXX-X6.jpg
1245229793013900005933,ACEH,PIDIE,SIMPANG TIGA,PULO TU,TPS 1,2019-10-25 05:00:03,15,122,172,138,138,137,1,https://pemilu2019.kpu.go.id/img/c/900/005/900005933/1-3013-1-C-XXX-X5.jpg,https://pemilu2019.kpu.go.id/img/c/900/005/900005933/1-3013-1-C-XXX-X6.jpg
1245229792986900005891,ACEH,PIDIE,SIMPANG TIGA,RAYA PALEUE,TPS 1,2019-10-25 05:00:03,6,230,300,240,240,236,4,https://pemilu2019.kpu.go.id/img/c/900/005/900005891/1-2986-1-C-XXX-X5.jpg,https://pemilu2019.kpu.go.id/img/c/900/005/900005891/1-2986-1-C-XXX-X6.jpg
1245229792980900005882,ACEH,PIDIE,SIMPANG TIGA,RAYA PAYA,TPS 1,2019-10-25 05:00:03,11,136,191,152,152,147,5,https://pemilu2019.kpu.go.id/img/c/900/005/900005882/1-2980-1-C-XXX-X5.jpg,https://pemilu2019.kpu.go.id/img/c/900/005/900005882/1-2980-1-C-XXX-X6.jpg
1245229792980900005883,ACEH,PIDIE,SIMPANG TIGA,RAYA PAYA,TPS 2,2019-10-25 05:00:03,11,132,178,146,146,143,3,https://pemilu2019.kpu.go.id/img/c/900/005/900005883/1-2980-2-C-XXX-X5.jpg,https://pemilu2019.kpu.go.id/img/c/900/005/900005883/1-2980-2-C-XXX-X6.jpg
1245229793022900005945,ACEH,PIDIE,SIMPANG TIGA,SAGOE,TPS 1,2019-10-25 05:00:03,19,132,181,154,154,151,3,https://pemilu2019.kpu.go.id/img/c/900/005/900005945/1-3022-1-C-XXX-X5.jpg,https://pemilu2019.kpu.go.id/img/c/900/005/900005945/1-3022-1-C-XXX-X6.jpg
1245229793012900005932,ACEH,PIDIE,SIMPANG TIGA,SEUK CUKOK,TPS 1,2019-10-25 05:00:03,19,184,248,209,209,203,6,https://pemilu2019.kpu.go.id/img/c/900/005/900005932/1-3012-1-C-XXX-X5.jpg,https://pemilu2019.kpu.go.id/img/c/900/005/900005932/1-3012-1-C-XXX-X6.jpg
1245229792989900005895,ACEH,PIDIE,SIMPANG TIGA,SEUKEE,TPS 1,2019-10-25 05:00:03,16,171,236,193,193,187,6,https://pemilu2019.kpu.go.id/img/c/900/005/900005895/1-2989-1-C-XXX-X5.jpg,https://pemilu2019.kpu.go.id/img/c/900/005/900005895/1-2989-1-C-XXX-X6.jpg
1245229792985900005889,ACEH,PIDIE,SIMPANG TIGA,SUKON,TPS 1,2019-10-25 05:00:03,5,148,158,153,153,153,0,https://pemilu2019.kpu.go.id/img/c/900/005/900005889/2-2985-1-C1-PPWP-X1.jpg,https://pemilu2019.kpu.go.id/img/c/900/005/900005889/2-2985-1-C1-PPWP-X2.jpg
1245229792985900005890,ACEH,PIDIE,SIMPANG TIGA,SUKON,TPS 2,2019-10-25 05:00:03,5,150,160,155,155,155,0,https://pemilu2019.kpu.go.id/img/c/900/005/900005890/1-2985-2-C-XXX-X5.jpg,https://pemilu2019.kpu.go.id/img/c/900/005/900005890/1-2985-2-C-XXX-X6.jpg
1245229793019900005942,ACEH,PIDIE,SIMPANG TIGA,TEUNGOH MANGKI,TPS 1,2019-10-25 05:00:03,13,83,121,106,106,96,10,https://pemilu2019.kpu.go.id/img/c/900/005/900005942/2-3019-1-C1-PPWP-X1.jpg,https://pemilu2019.kpu.go.id/img/c/900/005/900005942/2-3019-1-C1-PPWP-X2.jpg
1245229792983900005886,ACEH,PIDIE,SIMPANG TIGA,UJONG BAROH,TPS 1,2019-10-25 05:00:03,10,193,244,210,210,203,7,https://pemilu2019.kpu.go.id/img/c/900/005/900005886/1-2983-1-C-XXX-X5.jpg,https://pemilu2019.kpu.go.id/img/c/900/005/900005886/1-2983-1-C-XXX-X6.jpg
1245229793028900005952,ACEH,PIDIE,SIMPANG TIGA,UJONG GAMPONG,TPS 1,2019-10-25 05:00:03,30,144,249,199,199,174,25,https://pemilu2019.kpu.go.id/img/c/900/005/900005952/1-3028-1-C-XXX-X5.jpg,https://pemilu2019.kpu.go.id/img/c/900/005/900005952/1-3028-1-C-XXX-X6.jpg
1245229793031900005957,ACEH,PIDIE,SIMPANG TIGA,ULEE BARAT,TPS 1,2019-10-25 05:00:03,7,121,178,138,10,128,10,https://pemilu2019.kpu.go.id/img/c/900/005/900005957/1-3031-1-C-XXX-X5.jpg,https://pemilu2019.kpu.go.id/img/c/900/005/900005957/1-3031-1-C-XXX-X6.jpg
1245229793031900005958,ACEH,PIDIE,SIMPANG TIGA,ULEE BARAT,TPS 2,2019-10-25 05:00:03,8,134,163,145,145,142,3,https://pemilu2019.kpu.go.id/img/c/900/005/900005958/1-3031-2-C1-PPWP-X1.jpg,https://pemilu2019.kpu.go.id/img/c/900/005/900005958/1-3031-2-C1-PPWP-X2.jpg
1245230323057900006026,ACEH,PIDIE,TANGSE,ALUE CALONG,TPS 1,2019-10-25 05:00:03,21,183,284,211,211,204,7,https://pemilu2019.kpu.go.id/img/c/900/006/900006026/2-3057-1-C-XXX-X5.jpg,https://pemilu2019.kpu.go.id/img/c/900/006/900006026/2-3057-1-C-XXX-X6.jpg
1245230323057900006027,ACEH,PIDIE,TANGSE,ALUE CALONG,TPS 2,2019-10-25 05:00:03,27,186,283,218,218,213,5,https://pemilu2019.kpu.go.id/img/c/900/006/900006027/2-3057-2-C-XXX-X5.jpg,https://pemilu2019.kpu.go.id/img/c/900/006/900006027/2-3057-2-C-XXX-X6.jpg
1245230323056900006021,ACEH,PIDIE,TANGSE,BEUNGGA,TPS 1,2019-10-25 05:00:03,6,192,267,204,204,198,6,https://pemilu2019.kpu.go.id/img/c/900/006/900006021/1-3056-1-C-XXX-X5.jpg,https://pemilu2019.kpu.go.id/img/c/900/006/900006021/1-3056-1-C-XXX-X6.jpg
1245230323056900006022,ACEH,PIDIE,TANGSE,BEUNGGA,TPS 2,2019-10-25 11:00:05,8,182,263,202,202,190,12,https://pemilu2019.kpu.go.id/img/c/900/006/900006022/2-3056-2-C-XXX-X5.jpg,https://pemilu2019.kpu.go.id/img/c/900/006/900006022/2-3056-2-C-XXX-X6.jpg
1245230323056900006023,ACEH,PIDIE,TANGSE,BEUNGGA,TPS 3,2019-10-25 11:00:05,6,168,246,178,178,174,4,https://pemilu2019.kpu.go.id/img/c/900/006/900006023/2-3056-3-C-XXX-X5.jpg,https://pemilu2019.kpu.go.id/img/c/900/006/900006023/2-3056-3-C-XXX-X6.jpg
1245230323056900006024,ACEH,PIDIE,TANGSE,BEUNGGA,TPS 4,2019-10-25 11:00:05,6,154,240,160,160,160,0,https://pemilu2019.kpu.go.id/img/c/900/006/900006024/3056-4-C-XXX-X5.jpg,https://pemilu2019.kpu.go.id/img/c/900/006/900006024/3056-4-C-XXX-X6.jpg
1245230323056900006025,ACEH,PIDIE,TANGSE,BEUNGGA,TPS 5,2019-10-25 11:00:05,1,163,252,164,164,164,0,https://pemilu2019.kpu.go.id/img/c/900/006/900006025/1-3056-5-C-XXX-X5.jpg,https://pemilu2019.kpu.go.id/img/c/900/006/900006025/1-3056-5-C-XXX-X6.jpg
1245230323049900006003,ACEH,PIDIE,TANGSE,BLANG BUNGONG,TPS 1,2019-10-25 11:00:05,16,135,210,162,162,151,11,https://pemilu2019.kpu.go.id/img/c/900/006/900006003/2-3049-1-C-XXX-X5.jpg,https://pemilu2019.kpu.go.id/img/c/900/006/900006003/2-3049-1-C-XXX-X6.jpg
1245230323049900006004,ACEH,PIDIE,TANGSE,BLANG BUNGONG,TPS 2,2019-10-25 11:00:05,21,139,210,164,164,160,4,https://pemilu2019.kpu.go.id/img/c/900/006/900006004/3049-2-C-XXX-X5.jpg,https://pemilu2019.kpu.go.id/img/c/900/006/900006004/3049-2-C-XXX-X6.jpg
1245230323049900006005,ACEH,PIDIE,TANGSE,BLANG BUNGONG,TPS 3,2019-10-25 11:00:05,12,136,210,156,156,148,8,https://pemilu2019.kpu.go.id/img/c/900/006/900006005/3049-3-C-XXX-X5.jpg,https://pemilu2019.kpu.go.id/img/c/900/006/900006005/3049-3-C-XXX-X6.jpg
1245230323043900005984,ACEH,PIDIE,TANGSE,BLANG DALAM,TPS 1,2019-10-25 11:00:05,7,146,196,154,154,153,1,https://pemilu2019.kpu.go.id/img/c/900/005/900005984/2-3043-1-C-XXX-X5.jpg,https://pemilu2019.kpu.go.id/img/c/900/005/900005984/2-3043-1-C-XXX-X6.jpg
1245230323043900005985,ACEH,PIDIE,TANGSE,BLANG DALAM,TPS 2,2019-10-25 11:00:05,7,161,205,174,174,168,6,https://pemilu2019.kpu.go.id/img/c/900/005/900005985/2-3043-2-C-XXX-X5.jpg,https://pemilu2019.kpu.go.id/img/c/900/005/900005985/2-3043-2-C-XXX-X6.jpg
1245230323048900005998,ACEH,PIDIE,TANGSE,BLANG DHOT,TPS 1,2019-10-25 11:00:05,21,146,270,182,182,167,15,https://pemilu2019.kpu.go.id/img/c/900/005/900005998/2-3048-1-C-XXX-X5.jpg,https://pemilu2019.kpu.go.id/img/c/900/005/900005998/2-3048-1-C-XXX-X6.jpg
1245230323048900005999,ACEH,PIDIE,TANGSE,BLANG DHOT,TPS 2,2019-10-25 11:00:05,27,151,265,188,188,178,10,https://pemilu2019.kpu.go.id/img/c/900/005/900005999/2-3048-2-C-XXX-X5.jpg,https://pemilu2019.kpu.go.id/img/c/900/005/900005999/2-3048-2-C-XXX-X6.jpg
1245230323048900006000,ACEH,PIDIE,TANGSE,BLANG DHOT,TPS 3,2019-10-25 11:00:05,22,158,280,200,200,180,20,https://pemilu2019.kpu.go.id/img/c/900/006/900006000/1-3048-3-C-XXX-X5.jpg,https://pemilu2019.kpu.go.id/img/c/900/006/900006000/1-3048-3-C-XXX-X6.jpg
1245230323048900006001,ACEH,PIDIE,TANGSE,BLANG DHOT,TPS 4,2019-10-25 11:00:05,20,149,276,184,184,169,15,https://pemilu2019.kpu.go.id/img/c/900/006/900006001/2-3048-4-C-XXX-X5.jpg,https://pemilu2019.kpu.go.id/img/c/900/006/900006001/2-3048-4-C-XXX-X6.jpg
1245230323048900006002,ACEH,PIDIE,TANGSE,BLANG DHOT,TPS 5,2019-10-25 11:00:05,19,156,282,187,187,175,12,https://pemilu2019.kpu.go.id/img/c/900/006/900006002/2-3048-5-C-XXX-X5.jpg,https://pemilu2019.kpu.go.id/img/c/900/006/900006002/2-3048-5-C-XXX-X6.jpg
1245230323040900005977,ACEH,PIDIE,TANGSE,BLANG JEURAT,TPS 1,2019-10-25 11:00:05,11,212,291,232,232,223,9,https://pemilu2019.kpu.go.id/img/c/900/005/900005977/2-3040-1-C-XXX-X5.jpg,https://pemilu2019.kpu.go.id/img/c/900/005/900005977/2-3040-1-C-XXX-X6.jpg
1245230323040900005978,ACEH,PIDIE,TANGSE,BLANG JEURAT,TPS 2,2019-10-25 11:00:05,15,166,256,189,189,181,8,https://pemilu2019.kpu.go.id/img/c/900/005/900005978/2-3040-2-C-XXX-X5.jpg,https://pemilu2019.kpu.go.id/img/c/900/005/900005978/2-3040-2-C-XXX-X6.jpg
1245230323054900006015,ACEH,PIDIE,TANGSE,BLANG MALO,TPS 1,2019-10-25 11:00:05,25,179,288,213,213,204,9,https://pemilu2019.kpu.go.id/img/c/900/006/900006015/2-3054-1-C-XXX-X5.jpg,https://pemilu2019.kpu.go.id/img/c/900/006/900006015/2-3054-1-C-XXX-X6.jpg
1245230323054900006016,ACEH,PIDIE,TANGSE,BLANG MALO,TPS 2,2019-10-25 11:00:05,29,168,270,207,207,197,10,https://pemilu2019.kpu.go.id/img/c/900/006/900006016/3-3054-2-C1-PPWP-X1.jpg,https://pemilu2019.kpu.go.id/img/c/900/006/900006016/3-3054-2-C1-PPWP-X2.jpg
1245230323054900006017,ACEH,PIDIE,TANGSE,BLANG MALO,TPS 3,2019-10-25 11:00:05,23,169,283,197,197,192,5,https://pemilu2019.kpu.go.id/img/c/900/006/900006017/2-3054-3-C-XXX-X5.jpg,https://pemilu2019.kpu.go.id/img/c/900/006/900006017/2-3054-3-C-XXX-X6.jpg
1245230323060900006034,ACEH,PIDIE,TANGSE,BLANG PANDAK,TPS 1,2019-10-25 11:00:05,10,183,256,202,202,193,9,https://pemilu2019.kpu.go.id/img/c/900/006/900006034/2-3060-1-C-XXX-X5.jpg,https://pemilu2019.kpu.go.id/img/c/900/006/900006034/2-3060-1-C-XXX-X6.jpg
1245230323060900006035,ACEH,PIDIE,TANGSE,BLANG PANDAK,TPS 2,2019-10-25 11:00:05,4,195,254,204,204,199,5,https://pemilu2019.kpu.go.id/img/c/900/006/900006035/2-3060-2-C-XXX-X5.jpg,https://pemilu2019.kpu.go.id/img/c/900/006/900006035/2-3060-2-C-XXX-X6.jpg
1245230323060900006036,ACEH,PIDIE,TANGSE,BLANG PANDAK,TPS 3,2019-10-25 11:00:05,9,161,246,171,171,170,1,https://pemilu2019.kpu.go.id/img/c/900/006/900006036/1-3060-3-C-XXX-X5.jpg,https://pemilu2019.kpu.go.id/img/c/900/006/900006036/1-3060-3-C-XXX-X6.jpg
1245230323060900006037,ACEH,PIDIE,TANGSE,BLANG PANDAK,TPS 4,2019-10-25 11:00:05,6,172,229,179,179,178,1,https://pemilu2019.kpu.go.id/img/c/900/006/900006037/1-3060-4-C-XXX-X5.jpg,https://pemilu2019.kpu.go.id/img/c/900/006/900006037/1-3060-4-C-XXX-X6.jpg
1245230323047900005995,ACEH,PIDIE,TANGSE,BLANG TEUNGOH,TPS 1,2019-10-25 11:00:05,23,133,201,165,165,156,9,https://pemilu2019.kpu.go.id/img/c/900/005/900005995/1-3047-1-C-XXX-X5.jpg,https://pemilu2019.kpu.go.id/img/c/900/005/900005995/1-3047-1-C-XXX-X6.jpg
1245230323047900005996,ACEH,PIDIE,TANGSE,BLANG TEUNGOH,TPS 2,2019-10-25 11:00:05,22,113,198,141,141,135,6,https://pemilu2019.kpu.go.id/img/c/900/005/900005996/2-3047-2-C-XXX-X5.jpg,https://pemilu2019.kpu.go.id/img/c/900/005/900005996/2-3047-2-C-XXX-X6.jpg
1245230323047900005997,ACEH,PIDIE,TANGSE,BLANG TEUNGOH,TPS 3,2019-10-25 11:00:05,18,118,203,145,145,135,9,https://pemilu2019.kpu.go.id/img/c/900/005/900005997/1-3047-3-C-XXX-X5.jpg,https://pemilu2019.kpu.go.id/img/c/900/005/900005997/1-3047-3-C-XXX-X6.jpg
1245230323051900006009,ACEH,PIDIE,TANGSE,KEUBON NILAM,TPS 1,2019-10-25 11:00:05,18,115,203,154,154,133,21,https://pemilu2019.kpu.go.id/img/c/900/006/900006009/3051-1-C-XXX-X5.jpg,https://pemilu2019.kpu.go.id/img/c/900/006/900006009/3051-1-C-XXX-X6.jpg
1245230323033900005959,ACEH,PIDIE,TANGSE,KEUDE TANGSE,TPS 1,2019-10-25 11:00:05,4,179,255,183,183,183,0,https://pemilu2019.kpu.go.id/img/c/900/005/900005959/2-3033-1-C-XXX-X5.jpg,https://pemilu2019.kpu.go.id/img/c/900/005/900005959/2-3033-1-C-XXX-X6.jpg
1245230323033900005960,ACEH,PIDIE,TANGSE,KEUDE TANGSE,TPS 2,2019-10-25 11:00:05,8,154,260,164,164,162,2,https://pemilu2019.kpu.go.id/img/c/900/005/900005960/1-3033-2-C-XXX-X5.jpg,https://pemilu2019.kpu.go.id/img/c/900/005/900005960/1-3033-2-C-XXX-X6.jpg
1245230323046900005992,ACEH,PIDIE,TANGSE,KRUENG MEURIYAM,TPS 1,2019-10-25 11:00:05,16,199,266,218,218,215,3,https://pemilu2019.kpu.go.id/img/c/900/005/900005992/1-3046-1-C-XXX-X5.jpg,https://pemilu2019.kpu.go.id/img/c/900/005/900005992/1-3046-1-C-XXX-X6.jpg
1245230323046900005993,ACEH,PIDIE,TANGSE,KRUENG MEURIYAM,TPS 2,2019-10-25 11:00:05,16,181,258,200,200,197,3,https://pemilu2019.kpu.go.id/img/c/900/005/900005993/3-3046-2-C-XXX-X5.jpg,https://pemilu2019.kpu.go.id/img/c/900/005/900005993/3-3046-2-C-XXX-X6.jpg
1245230323046900005994,ACEH,PIDIE,TANGSE,KRUENG MEURIYAM,TPS 3,2019-10-25 11:00:05,10,127,242,140,140,137,3,https://pemilu2019.kpu.go.id/img/c/900/005/900005994/1-3046-3-C-XXX-X5.jpg,https://pemilu2019.kpu.go.id/img/c/900/005/900005994/1-3046-3-C-XXX-X6.jpg
1245230323055900006018,ACEH,PIDIE,TANGSE,KRUENG SIKEUEK,TPS 1,2019-10-25 11:00:05,16,147,217,170,170,163,7,https://pemilu2019.kpu.go.id/img/c/900/006/900006018/1-3055-1-C-XXX-X5.jpg,https://pemilu2019.kpu.go.id/img/c/900/006/900006018/1-3055-1-C-XXX-X6.jpg
1245230323055900006019,ACEH,PIDIE,TANGSE,KRUENG SIKEUEK,TPS 2,2019-10-25 11:00:05,12,156,224,174,174,168,6,https://pemilu2019.kpu.go.id/img/c/900/006/900006019/1-3055-2-C1-PPWP-X1.jpg,https://pemilu2019.kpu.go.id/img/c/900/006/900006019/1-3055-2-C1-PPWP-X2.jpg
1245230323055900006020,ACEH,PIDIE,TANGSE,KRUENG SIKEUEK,TPS 3,2019-10-25 11:00:05,16,136,263,164,164,152,12,https://pemilu2019.kpu.go.id/img/c/900/006/900006020/1-3055-3-C-XXX-X5.jpg,https://pemilu2019.kpu.go.id/img/c/900/006/900006020/1-3055-3-C-XXX-X6.jpg
1245230323042900005982,ACEH,PIDIE,TANGSE,LAYAN,TPS 1,2019-10-25 11:00:05,17,184,268,202,202,201,1,https://pemilu2019.kpu.go.id/img/c/900/005/900005982/1-3042-1-C-XXX-X5.jpg,https://pemilu2019.kpu.go.id/img/c/900/005/900005982/1-3042-1-C-XXX-X6.jpg
1245230323042900005983,ACEH,PIDIE,TANGSE,LAYAN,TPS 2,2019-10-25 11:00:05,20,134,248,164,164,154,10,https://pemilu2019.kpu.go.id/img/c/900/005/900005983/1-3042-2-C-XXX-X5.jpg,https://pemilu2019.kpu.go.id/img/c/900/005/900005983/1-3042-2-C-XXX-X6.jpg
1245230323059900006030,ACEH,PIDIE,TANGSE,LHOK KEUTAPANG,TPS 1,2019-10-25 11:00:05,16,178,288,202,202,194,8,https://pemilu2019.kpu.go.id/img/c/900/006/900006030/1-3059-1-C-XXX-X5.jpg,https://pemilu2019.kpu.go.id/img/c/900/006/900006030/1-3059-1-C-XXX-X6.jpg
1245230323059900006031,ACEH,PIDIE,TANGSE,LHOK KEUTAPANG,TPS 2,2019-10-25 11:00:05,22,161,282,188,188,183,5,https://pemilu2019.kpu.go.id/img/c/900/006/900006031/1-3059-2-C-XXX-X5.jpg,https://pemilu2019.kpu.go.id/img/c/900/006/900006031/1-3059-2-C-XXX-X6.jpg
1245230323059900006032,ACEH,PIDIE,TANGSE,LHOK KEUTAPANG,TPS 3,2019-10-25 11:00:05,26,134,241,162,162,160,2,https://pemilu2019.kpu.go.id/img/c/900/006/900006032/1-3059-3-C-XXX-X5.jpg,https://pemilu2019.kpu.go.id/img/c/900/006/900006032/1-3059-3-C-XXX-X6.jpg
1245230323059900006033,ACEH,PIDIE,TANGSE,LHOK KEUTAPANG,TPS 4,2019-10-25 11:00:05,24,128,233,156,156,152,4,https://pemilu2019.kpu.go.id/img/c/900/006/900006033/1-3059-4-C-XXX-X5.jpg,https://pemilu2019.kpu.go.id/img/c/900/006/900006033/1-3059-4-C-XXX-X6.jpg
1245230323039900005974,ACEH,PIDIE,TANGSE,NUBOK BADEUK,TPS 1,2019-10-25 11:00:05,15,145,246,172,172,160,12,https://pemilu2019.kpu.go.id/img/c/900/005/900005974/1-3039-1-C-XXX-X5.jpg,https://pemilu2019.kpu.go.id/img/c/900/005/900005974/1-3039-1-C-XXX-X6.jpg
1245230323039900005975,ACEH,PIDIE,TANGSE,NUBOK BADEUK,TPS 2,2019-10-25 11:00:05,13,124,209,148,148,137,11,https://pemilu2019.kpu.go.id/img/c/900/005/900005975/2-3039-2-C-XXX-X5.jpg,https://pemilu2019.kpu.go.id/img/c/900/005/900005975/2-3039-2-C-XXX-X6.jpg
1245230323039900005976,ACEH,PIDIE,TANGSE,NUBOK BADEUK,TPS 3,2019-10-25 11:00:05,17,123,217,154,154,140,14,https://pemilu2019.kpu.go.id/img/c/900/005/900005976/1-3039-3-C-XXX-X5.jpg,https://pemilu2019.kpu.go.id/img/c/900/005/900005976/1-3039-3-C-XXX-X6.jpg
1245230323052900006010,ACEH,PIDIE,TANGSE,PAYA GUCI,TPS 1,2019-10-25 11:00:05,7,177,274,188,188,184,4,https://pemilu2019.kpu.go.id/img/c/900/006/900006010/1-3052-1-C-XXX-X5.jpg,https://pemilu2019.kpu.go.id/img/c/900/006/900006010/1-3052-1-C-XXX-X6.jpg
1245230323052900006011,ACEH,PIDIE,TANGSE,PAYA GUCI,TPS 2,2019-10-25 11:00:05,5,163,266,171,171,168,3,https://pemilu2019.kpu.go.id/img/c/900/006/900006011/1-3052-2-C-XXX-X5.jpg,https://pemilu2019.kpu.go.id/img/c/900/006/900006011/1-3052-2-C-XXX-X6.jpg
1245230323044900005986,ACEH,PIDIE,TANGSE,PEUNALOM I,TPS 1,2019-10-25 11:00:05,39,161,272,209,209,200,9,https://pemilu2019.kpu.go.id/img/c/900/005/900005986/1-3044-1-C-XXX-X5.jpg,https://pemilu2019.kpu.go.id/img/c/900/005/900005986/1-3044-1-C-XXX-X6.jpg
1245230323044900005987,ACEH,PIDIE,TANGSE,PEUNALOM I,TPS 2,2019-10-25 11:00:05,32,177,271,216,216,209,7,https://pemilu2019.kpu.go.id/img/c/900/005/900005987/1-3044-2-C-XXX-X5.jpg,https://pemilu2019.kpu.go.id/img/c/900/005/900005987/1-3044-2-C-XXX-X6.jpg
1245230323044900005988,ACEH,PIDIE,TANGSE,PEUNALOM I,TPS 3,2019-10-25 11:00:05,14,162,237,186,186,176,10,https://pemilu2019.kpu.go.id/img/c/900/005/900005988/1-3044-3-C-XXX-X5.jpg,https://pemilu2019.kpu.go.id/img/c/900/005/900005988/1-3044-3-C-XXX-X6.jpg
1245230323045900005989,ACEH,PIDIE,TANGSE,PEUNALOM II,TPS 1,2019-10-25 11:00:05,5,173,247,186,186,178,8,https://pemilu2019.kpu.go.id/img/c/900/005/900005989/1-3045-1-C-XXX-X5.jpg,https://pemilu2019.kpu.go.id/img/c/900/005/900005989/1-3045-1-C-XXX-X6.jpg
1245230323045900005990,ACEH,PIDIE,TANGSE,PEUNALOM II,TPS 2,2019-10-25 11:00:05,14,165,232,182,182,179,3,https://pemilu2019.kpu.go.id/img/c/900/005/900005990/1-3045-2-C-XXX-X5.jpg,https://pemilu2019.kpu.go.id/img/c/900/005/900005990/1-3045-2-C-XXX-X6.jpg
1245230323045900005991,ACEH,PIDIE,TANGSE,PEUNALOM II,TPS 3,2019-10-25 11:00:05,10,170,224,181,181,180,1,https://pemilu2019.kpu.go.id/img/c/900/005/900005991/2-3045-3-C-XXX-X5.jpg,https://pemilu2019.kpu.go.id/img/c/900/005/900005991/2-3045-3-C-XXX-X6.jpg
1245230323041900005979,ACEH,PIDIE,TANGSE,PULO BARO,TPS 1,2019-10-25 11:00:05,12,181,264,196,196,193,3,https://pemilu2019.kpu.go.id/img/c/900/005/900005979/1-3041-1-C-XXX-X5.jpg,https://pemilu2019.kpu.go.id/img/c/900/005/900005979/1-3041-1-C-XXX-X6.jpg
1245230323041900005980,ACEH,PIDIE,TANGSE,PULO BARO,TPS 2,2019-10-25 11:00:05,4,174,270,182,182,178,4,https://pemilu2019.kpu.go.id/img/c/900/005/900005980/1-3041-2-C-XXX-X5.jpg,https://pemilu2019.kpu.go.id/img/c/900/005/900005980/1-3041-2-C-XXX-X6.jpg
1245230323041900005981,ACEH,PIDIE,TANGSE,PULO BARO,TPS 3,2019-10-25 11:00:05,1,169,260,176,176,170,6,https://pemilu2019.kpu.go.id/img/c/900/005/900005981/1-3041-3-C-XXX-X5.jpg,https://pemilu2019.kpu.go.id/img/c/900/005/900005981/1-3041-3-C-XXX-X6.jpg
1245230323058900006028,ACEH,PIDIE,TANGSE,PULO IE,TPS 1,2019-10-25 11:00:05,10,200,259,214,214,210,4,https://pemilu2019.kpu.go.id/img/c/900/006/900006028/1-3058-1-C-XXX-X5.jpg,https://pemilu2019.kpu.go.id/img/c/900/006/900006028/1-3058-1-C-XXX-X6.jpg
1245230323058900006029,ACEH,PIDIE,TANGSE,PULO IE,TPS 2,2019-10-25 11:00:05,15,195,264,216,216,210,6,https://pemilu2019.kpu.go.id/img/c/900/006/900006029/1-3058-2-C-XXX-X5.jpg,https://pemilu2019.kpu.go.id/img/c/900/006/900006029/1-3058-2-C-XXX-X6.jpg
1245230323037900005968,ACEH,PIDIE,TANGSE,PULO KAWA,TPS 1,2019-10-25 11:00:05,17,158,218,185,185,175,10,https://pemilu2019.kpu.go.id/img/c/900/005/900005968/1-3037-1-C-XXX-X5.jpg,https://pemilu2019.kpu.go.id/img/c/900/005/900005968/1-3037-1-C-XXX-X6.jpg
1245230323037900005969,ACEH,PIDIE,TANGSE,PULO KAWA,TPS 2,2019-10-25 11:00:05,13,147,212,168,168,160,8,https://pemilu2019.kpu.go.id/img/c/900/005/900005969/1-3037-2-C-XXX-X5.jpg,https://pemilu2019.kpu.go.id/img/c/900/005/900005969/1-3037-2-C-XXX-X6.jpg
1245230323037900005970,ACEH,PIDIE,TANGSE,PULO KAWA,TPS 3,2019-10-25 11:00:05,15,154,222,173,173,169,4,https://pemilu2019.kpu.go.id/img/c/900/005/900005970/1-3037-3-C-XXX-X5.jpg,https://pemilu2019.kpu.go.id/img/c/900/005/900005970/1-3037-3-C-XXX-X6.jpg
1245230323034900005961,ACEH,PIDIE,TANGSE,PULO MESJID I,TPS 1,2019-10-25 11:00:05,9,151,212,162,162,160,2,https://pemilu2019.kpu.go.id/img/c/900/005/900005961/3034-1-C-XXX-X5.jpg,https://pemilu2019.kpu.go.id/img/c/900/005/900005961/3034-1-C-XXX-X6.jpg
1245230323034900005962,ACEH,PIDIE,TANGSE,PULO MESJID I,TPS 2,2019-10-25 11:00:05,7,154,212,169,169,161,8,https://pemilu2019.kpu.go.id/img/c/900/005/900005962/1-3034-2-C-XXX-X5.jpg,https://pemilu2019.kpu.go.id/img/c/900/005/900005962/1-3034-2-C-XXX-X6.jpg
1245230323034900005963,ACEH,PIDIE,TANGSE,PULO MESJID I,TPS 3,2019-10-25 11:00:05,9,157,213,174,174,166,8,https://pemilu2019.kpu.go.id/img/c/900/005/900005963/1-3034-3-C-XXX-X5.jpg,https://pemilu2019.kpu.go.id/img/c/900/005/900005963/1-3034-3-C-XXX-X6.jpg
1245230323035900005964,ACEH,PIDIE,TANGSE,PULO MESJID II,TPS 1,2019-10-25 11:00:05,28,199,279,229,229,227,2,https://pemilu2019.kpu.go.id/img/c/900/005/900005964/1-3035-1-C-XXX-X5.jpg,https://pemilu2019.kpu.go.id/img/c/900/005/900005964/1-3035-1-C-XXX-X6.jpg
1245230323035900005965,ACEH,PIDIE,TANGSE,PULO MESJID II,TPS 2,2019-10-25 11:00:05,15,167,257,189,189,182,7,https://pemilu2019.kpu.go.id/img/c/900/005/900005965/1-3035-2-C-XXX-X5.jpg,https://pemilu2019.kpu.go.id/img/c/900/005/900005965/1-3035-2-C-XXX-X6.jpg
1245230323036900005966,ACEH,PIDIE,TANGSE,PULO SEJAHTERA,TPS 1,2019-10-25 11:00:05,16,145,221,164,164,161,3,https://pemilu2019.kpu.go.id/img/c/900/005/900005966/1-3036-1-C-XXX-X5.jpg,https://pemilu2019.kpu.go.id/img/c/900/005/900005966/1-3036-1-C-XXX-X6.jpg
1245230323036900005967,ACEH,PIDIE,TANGSE,PULO SEJAHTERA,TPS 2,2019-10-25 11:00:05,15,155,221,174,174,170,4,https://pemilu2019.kpu.go.id/img/c/900/005/900005967/1-3036-2-C-XXX-X5.jpg,https://pemilu2019.kpu.go.id/img/c/900/005/900005967/1-3036-2-C-XXX-X6.jpg
1245230323038900005971,ACEH,PIDIE,TANGSE,PULO SEUNONG,TPS 1,2019-10-25 11:00:05,4,172,229,178,178,176,2,https://pemilu2019.kpu.go.id/img/c/900/005/900005971/2-3038-1-C-XXX-X5.jpg,https://pemilu2019.kpu.go.id/img/c/900/005/900005971/2-3038-1-C-XXX-X6.jpg
1245230323038900005972,ACEH,PIDIE,TANGSE,PULO SEUNONG,TPS 2,2019-10-25 11:00:05,12,165,225,181,181,177,4,https://pemilu2019.kpu.go.id/img/c/900/005/900005972/1-3038-2-C-XXX-X5.jpg,https://pemilu2019.kpu.go.id/img/c/900/005/900005972/1-3038-2-C-XXX-X6.jpg
1245230323038900005973,ACEH,PIDIE,TANGSE,PULO SEUNONG,TPS 3,2019-10-25 11:00:05,11,158,217,170,170,169,1,https://pemilu2019.kpu.go.id/img/c/900/005/900005973/1-3038-3-C-XXX-X5.jpg,https://pemilu2019.kpu.go.id/img/c/900/005/900005973/1-3038-3-C-XXX-X6.jpg
1245230323053900006012,ACEH,PIDIE,TANGSE,RANTO PANYANG,TPS 1,2019-10-25 11:00:05,19,106,215,131,131,125,6,https://pemilu2019.kpu.go.id/img/c/900/006/900006012/1-3053-1-C1-PPWP-X1.jpg,https://pemilu2019.kpu.go.id/img/c/900/006/900006012/1-3053-1-C1-PPWP-X2.jpg
1245230323053900006013,ACEH,PIDIE,TANGSE,RANTO PANYANG,TPS 2,2019-10-25 11:00:05,13,137,264,157,157,150,7,https://pemilu2019.kpu.go.id/img/c/900/006/900006013/1-3053-2-C-XXX-X5.jpg,https://pemilu2019.kpu.go.id/img/c/900/006/900006013/1-3053-2-C-XXX-X6.jpg
1245230323053900006014,ACEH,PIDIE,TANGSE,RANTO PANYANG,TPS 3,2019-10-25 11:00:05,11,139,225,152,152,150,2,https://pemilu2019.kpu.go.id/img/c/900/006/900006014/1-3053-3-C-XXX-X5.jpg,https://pemilu2019.kpu.go.id/img/c/900/006/900006014/1-3053-3-C-XXX-X6.jpg
1245230323050900006006,ACEH,PIDIE,TANGSE,ULEE GUNONG,TPS 1,2019-10-25 11:00:05,9,151,205,163,163,160,3,https://pemilu2019.kpu.go.id/img/c/900/006/900006006/1-3050-1-C-XXX-X5.jpg,https://pemilu2019.kpu.go.id/img/c/900/006/900006006/1-3050-1-C-XXX-X6.jpg
1245230323050900006007,ACEH,PIDIE,TANGSE,ULEE GUNONG,TPS 2,2019-10-25 11:00:05,9,136,205,152,152,145,7,https://pemilu2019.kpu.go.id/img/c/900/006/900006007/1-3050-2-C-XXX-X5.jpg,https://pemilu2019.kpu.go.id/img/c/900/006/900006007/1-3050-2-C-XXX-X6.jpg
1245230323050900006008,ACEH,PIDIE,TANGSE,ULEE GUNONG,TPS 3,2019-10-25 11:00:05,14,142,205,158,158,156,2,https://pemilu2019.kpu.go.id/img/c/900/006/900006008/1-3050-3-C-XXX-X5.jpg,https://pemilu2019.kpu.go.id/img/c/900/006/900006008/1-3050-3-C-XXX-X6.jpg
1245230613079900006064,ACEH,PIDIE,TIRO/TRUSEB,BLANG RUKUI,TPS 1,2019-10-25 11:00:05,9,112,218,163,163,121,42,https://pemilu2019.kpu.go.id/img/c/900/006/900006064/3079-1-C-XXX-X5.jpg,https://pemilu2019.kpu.go.id/img/c/900/006/900006064/3079-1-C-XXX-X6.jpg
1245230613075900006060,ACEH,PIDIE,TIRO/TRUSEB,DAYA BAROH,TPS 1,2019-10-25 11:00:05,3,106,156,116,116,109,7,https://pemilu2019.kpu.go.id/img/c/900/006/900006060/3075-1-C-XXX-X5.jpg,https://pemilu2019.kpu.go.id/img/c/900/006/900006060/3075-1-C-XXX-X6.jpg
1245230613078900006063,ACEH,PIDIE,TIRO/TRUSEB,DAYA COT,TPS 1,2019-10-25 11:00:05,19,202,304,227,227,221,6,https://pemilu2019.kpu.go.id/img/c/900/006/900006063/3078-1-C-XXX-X5.jpg,https://pemilu2019.kpu.go.id/img/c/900/006/900006063/3078-1-C-XXX-X6.jpg
1245230613077900006062,ACEH,PIDIE,TIRO/TRUSEB,DAYA KAMPONG BARO,TPS 1,2019-10-25 11:00:05,11,176,250,199,199,187,12,https://pemilu2019.kpu.go.id/img/c/900/006/900006062/4-3077-1-C-XXX-X5.jpg,https://pemilu2019.kpu.go.id/img/c/900/006/900006062/4-3077-1-C-XXX-X6.jpg
1245230613076900006061,ACEH,PIDIE,TIRO/TRUSEB,DAYA TEUNGOH,TPS 1,2019-10-25 11:00:05,15,133,205,156,156,148,8,https://pemilu2019.kpu.go.id/img/c/900/006/900006061/3076-1-C-XXX-X5.jpg,https://pemilu2019.kpu.go.id/img/c/900/006/900006061/3076-1-C-XXX-X6.jpg
1245230613064900006041,ACEH,PIDIE,TIRO/TRUSEB,LHOK IGEUH,TPS 1,2019-10-25 11:00:05,18,165,233,186,186,183,3,https://pemilu2019.kpu.go.id/img/c/900/006/900006041/3-3064-1-C-XXX-X5.jpg,https://pemilu2019.kpu.go.id/img/c/900/006/900006041/3-3064-1-C-XXX-X6.jpg
1245230613064900006042,ACEH,PIDIE,TIRO/TRUSEB,LHOK IGEUH,TPS 2,2019-10-25 11:00:05,8,174,233,189,189,182,7,https://pemilu2019.kpu.go.id/img/c/900/006/900006042/1-3064-2-C-XXX-X5.jpg,https://pemilu2019.kpu.go.id/img/c/900/006/900006042/1-3064-2-C-XXX-X6.jpg
1245230613064900006043,ACEH,PIDIE,TIRO/TRUSEB,LHOK IGEUH,TPS 3,2019-10-25 11:00:05,6,171,235,182,182,177,5,https://pemilu2019.kpu.go.id/img/c/900/006/900006043/3064-3-C-XXX-X5.jpg,https://pemilu2019.kpu.go.id/img/c/900/006/900006043/3064-3-C-XXX-X6.jpg
1245230613074900006059,ACEH,PIDIE,TIRO/TRUSEB,MAMPREE,TPS 1,2019-10-25 11:00:05,7,63,89,77,77,70,7,https://pemilu2019.kpu.go.id/img/c/900/006/900006059/3-3074-1-C-XXX-X5.jpg,https://pemilu2019.kpu.go.id/img/c/900/006/900006059/3-3074-1-C-XXX-X6.jpg
1245230613066900006046,ACEH,PIDIE,TIRO/TRUSEB,MANCANG,TPS 1,2019-10-25 11:00:05,13,168,248,190,190,181,9,https://pemilu2019.kpu.go.id/img/c/900/006/900006046/3066-1-C-XXX-X5.jpg,https://pemilu2019.kpu.go.id/img/c/900/006/900006046/3066-1-C-XXX-X6.jpg
1245230613066900006047,ACEH,PIDIE,TIRO/TRUSEB,MANCANG,TPS 2,2019-10-25 11:00:05,13,181,258,199,199,194,5,https://pemilu2019.kpu.go.id/img/c/900/006/900006047/3066-2-C-XXX-X5.jpg,https://pemilu2019.kpu.go.id/img/c/900/006/900006047/3066-2-C-XXX-X6.jpg
1245230613071900006055,ACEH,PIDIE,TIRO/TRUSEB,PANAH,TPS 1,2019-10-25 11:00:05,15,194,277,215,215,209,6,https://pemilu2019.kpu.go.id/img/c/900/006/900006055/3071-1-C-XXX-X5.jpg,https://pemilu2019.kpu.go.id/img/c/900/006/900006055/3071-1-C-XXX-X6.jpg
1245230613080900006065,ACEH,PIDIE,TIRO/TRUSEB,PANTON BEUNOT,TPS 1,2019-10-25 11:00:05,4,95,159,115,115,99,16,https://pemilu2019.kpu.go.id/img/c/900/006/900006065/2-3080-1-C-XXX-X5.jpg,https://pemilu2019.kpu.go.id/img/c/900/006/900006065/2-3080-1-C-XXX-X6.jpg
1245230613069900006051,ACEH,PIDIE,TIRO/TRUSEB,PEUNADOK,TPS 1,2019-10-25 11:00:05,7,121,160,135,135,128,7,https://pemilu2019.kpu.go.id/img/c/900/006/900006051/1-3069-1-C-XXX-X5.jpg,https://pemilu2019.kpu.go.id/img/c/900/006/900006051/1-3069-1-C-XXX-X6.jpg
1245230613069900006052,ACEH,PIDIE,TIRO/TRUSEB,PEUNADOK,TPS 2,2019-10-25 11:00:05,8,107,157,125,125,115,10,https://pemilu2019.kpu.go.id/img/c/900/006/900006052/1-3069-2-C-XXX-X5.jpg,https://pemilu2019.kpu.go.id/img/c/900/006/900006052/1-3069-2-C-XXX-X6.jpg
1245230613065900006044,ACEH,PIDIE,TIRO/TRUSEB,PULO GLUMPANG,TPS 1,2019-10-25 11:00:05,12,165,240,181,181,177,4,https://pemilu2019.kpu.go.id/img/c/900/006/900006044/1-3065-1-C-XXX-X5.jpg,https://pemilu2019.kpu.go.id/img/c/900/006/900006044/1-3065-1-C-XXX-X6.jpg
1245230613065900006045,ACEH,PIDIE,TIRO/TRUSEB,PULO GLUMPANG,TPS 2,2019-10-25 11:00:05,14,160,228,179,179,174,5,https://pemilu2019.kpu.go.id/img/c/900/006/900006045/1-3065-2-C-XXX-X5.jpg,https://pemilu2019.kpu.go.id/img/c/900/006/900006045/1-3065-2-C-XXX-X6.jpg
1245230613068900006049,ACEH,PIDIE,TIRO/TRUSEB,PULO KEUNARI,TPS 1,2019-10-25 11:00:05,12,137,191,153,153,149,4,https://pemilu2019.kpu.go.id/img/c/900/006/900006049/1-3068-1-C-XXX-X5.jpg,https://pemilu2019.kpu.go.id/img/c/900/006/900006049/1-3068-1-C-XXX-X6.jpg
1245230613068900006050,ACEH,PIDIE,TIRO/TRUSEB,PULO KEUNARI,TPS 2,2019-10-25 11:00:05,3,127,181,139,139,130,9,https://pemilu2019.kpu.go.id/img/c/900/006/900006050/2-3068-2-C-XXX-X5.jpg,https://pemilu2019.kpu.go.id/img/c/900/006/900006050/2-3068-2-C-XXX-X6.jpg
1245230613070900006053,ACEH,PIDIE,TIRO/TRUSEB,PULO MESJID,TPS 1,2019-10-25 11:00:05,14,181,253,209,209,195,14,https://pemilu2019.kpu.go.id/img/c/900/006/900006053/1-3070-1-C-XXX-X5.jpg,https://pemilu2019.kpu.go.id/img/c/900/006/900006053/1-3070-1-C-XXX-X6.jpg
1245230613070900006054,ACEH,PIDIE,TIRO/TRUSEB,PULO MESJID,TPS 2,2019-10-25 11:00:05,8,174,235,192,202,192,10,https://pemilu2019.kpu.go.id/img/c/900/006/900006054/1-3070-2-C-XXX-X5.jpg,https://pemilu2019.kpu.go.id/img/c/900/006/900006054/1-3070-2-C-XXX-X6.jpg
1245230613063900006040,ACEH,PIDIE,TIRO/TRUSEB,PULO SIBLAH,TPS 1,2019-10-25 11:00:05,7,162,202,177,177,169,8,https://pemilu2019.kpu.go.id/img/c/900/006/900006040/1-3063-1-C-XXX-X5.jpg,https://pemilu2019.kpu.go.id/img/c/900/006/900006040/1-3063-1-C-XXX-X6.jpg
1245230613067900006048,ACEH,PIDIE,TIRO/TRUSEB,PULO TAMBO,TPS 1,2019-10-25 11:00:05,15,190,295,221,221,205,16,https://pemilu2019.kpu.go.id/img/c/900/006/900006048/1-3067-1-C1-PPWP-X1.jpg,https://pemilu2019.kpu.go.id/img/c/900/006/900006048/1-3067-1-C1-PPWP-X2.jpg
1245230613062900006038,ACEH,PIDIE,TIRO/TRUSEB,RABO,TPS 1,2019-10-25 11:00:05,14,152,241,176,176,166,10,https://pemilu2019.kpu.go.id/img/c/900/006/900006038/1-3062-1-C-XXX-X5.jpg,https://pemilu2019.kpu.go.id/img/c/900/006/900006038/1-3062-1-C-XXX-X6.jpg
1245230613062900006039,ACEH,PIDIE,TIRO/TRUSEB,RABO,TPS 2,2019-10-25 11:00:05,10,140,218,165,165,150,15,https://pemilu2019.kpu.go.id/img/c/900/006/900006039/1-3062-2-C-XXX-X5.jpg,https://pemilu2019.kpu.go.id/img/c/900/006/900006039/1-3062-2-C-XXX-X6.jpg
1245230613072900006056,ACEH,PIDIE,TIRO/TRUSEB,TRIENG CUDO BAROH,TPS 1,2019-10-25 11:00:05,4,25,51,33,33,29,4,https://pemilu2019.kpu.go.id/img/c/900/006/900006056/1-3072-1-C-XXX-X5.jpg,https://pemilu2019.kpu.go.id/img/c/900/006/900006056/1-3072-1-C-XXX-X6.jpg
1245230613073900006057,ACEH,PIDIE,TIRO/TRUSEB,TRIENG CUDO TUNONG,TPS 1,2019-10-25 11:00:05,7,108,149,119,119,115,4,https://pemilu2019.kpu.go.id/img/c/900/006/900006057/1-3073-1-C-XXX-X5.jpg,https://pemilu2019.kpu.go.id/img/c/900/006/900006057/1-3073-1-C-XXX-X6.jpg
1245230613073900006058,ACEH,PIDIE,TIRO/TRUSEB,TRIENG CUDO TUNONG,TPS 2,2019-10-25 11:00:05,4,98,144,113,113,102,11,https://pemilu2019.kpu.go.id/img/c/900/006/900006058/1-3073-2-C-XXX-X5.jpg,https://pemilu2019.kpu.go.id/img/c/900/006/900006058/1-3073-2-C-XXX-X6.jpg
