id,provinsi,kabupaten,kecamatan,kelurahan,tps,timestamp,pemilih-1,pemilih-2,total-pemilih,total-pengguna,suara-total,suara-sah,suara-tidak-sah,c1-1,c1-2
6728949795529559900034439,SUMATERA UTARA,ASAHAN,PULAU RAKYAT,BANGUN,TPS 1,2019-10-25 11:00:05,93,64,213,158,158,157,1,https://pemilu2019.kpu.go.id/img/c/900/034/900034439/1-9559-1-C-XXX-X5.jpg,https://pemilu2019.kpu.go.id/img/c/900/034/900034439/1-9559-1-C-XXX-X6.jpg
6728949795529559900034440,SUMATERA UTARA,ASAHAN,PULAU RAKYAT,BANGUN,TPS 2,2019-10-25 11:00:05,102,94,282,200,200,196,4,https://pemilu2019.kpu.go.id/img/c/900/034/900034440/5-9559-2-C1-PPWP-X1.jpg,https://pemilu2019.kpu.go.id/img/c/900/034/900034440/5-9559-2-C1-PPWP-X2.jpg
6728949795529559900034441,SUMATERA UTARA,ASAHAN,PULAU RAKYAT,BANGUN,TPS 3,2019-10-25 11:00:05,45,80,186,128,128,125,3,https://pemilu2019.kpu.go.id/img/c/900/034/900034441/1-9559-3-C-XXX-X5.jpg,https://pemilu2019.kpu.go.id/img/c/900/034/900034441/1-9559-3-C-XXX-X6.jpg
6728949795529559900034442,SUMATERA UTARA,ASAHAN,PULAU RAKYAT,BANGUN,TPS 4,2019-10-25 11:00:05,85,35,141,120,120,120,0,https://pemilu2019.kpu.go.id/img/c/900/034/900034442/1-9559-4-C-XXX-X5.jpg,https://pemilu2019.kpu.go.id/img/c/900/034/900034442/1-9559-4-C-XXX-X6.jpg
6728949795529559900034443,SUMATERA UTARA,ASAHAN,PULAU RAKYAT,BANGUN,TPS 5,2019-10-25 11:00:05,55,56,145,112,112,111,1,https://pemilu2019.kpu.go.id/img/c/900/034/900034443/1-9559-5-C-XXX-X5.jpg,https://pemilu2019.kpu.go.id/img/c/900/034/900034443/1-9559-5-C-XXX-X6.jpg
6728949795529559900034444,SUMATERA UTARA,ASAHAN,PULAU RAKYAT,BANGUN,TPS 6,2019-10-25 11:00:05,70,50,163,121,121,120,1,https://pemilu2019.kpu.go.id/img/c/900/034/900034444/1-9559-6-C-XXX-X5.jpg,https://pemilu2019.kpu.go.id/img/c/900/034/900034444/1-9559-6-C-XXX-X6.jpg
6728949795529559900034445,SUMATERA UTARA,ASAHAN,PULAU RAKYAT,BANGUN,TPS 7,2019-10-25 11:00:05,48,75,187,125,125,123,2,https://pemilu2019.kpu.go.id/img/c/900/034/900034445/1-9559-7-C-XXX-X5.jpg,https://pemilu2019.kpu.go.id/img/c/900/034/900034445/1-9559-7-C-XXX-X6.jpg
6728949795529563900034488,SUMATERA UTARA,ASAHAN,PULAU RAKYAT,BARU,TPS 1,2019-10-25 11:00:05,84,129,280,217,217,213,4,https://pemilu2019.kpu.go.id/img/c/900/034/900034488/1-9563-1-C-XXX-X5.jpg,https://pemilu2019.kpu.go.id/img/c/900/034/900034488/1-9563-1-C-XXX-X6.jpg
6728949795529563900034489,SUMATERA UTARA,ASAHAN,PULAU RAKYAT,BARU,TPS 2,2019-10-25 11:00:05,87,86,250,181,181,173,8,https://pemilu2019.kpu.go.id/img/c/900/034/900034489/1-9563-2-C-XXX-X5.jpg,https://pemilu2019.kpu.go.id/img/c/900/034/900034489/1-9563-2-C-XXX-X6.jpg
6728949795529563900034490,SUMATERA UTARA,ASAHAN,PULAU RAKYAT,BARU,TPS 3,2019-10-25 11:00:05,62,72,171,135,135,134,1,https://pemilu2019.kpu.go.id/img/c/900/034/900034490/1-9563-3-C-XXX-X5.jpg,https://pemilu2019.kpu.go.id/img/c/900/034/900034490/1-9563-3-C-XXX-X6.jpg
6728949795529563900034491,SUMATERA UTARA,ASAHAN,PULAU RAKYAT,BARU,TPS 4,2019-10-25 11:00:05,60,113,225,175,175,173,2,https://pemilu2019.kpu.go.id/img/c/900/034/900034491/1-9563-4-C-XXX-X5.jpg,https://pemilu2019.kpu.go.id/img/c/900/034/900034491/1-9563-4-C-XXX-X6.jpg
6728949795529563900034492,SUMATERA UTARA,ASAHAN,PULAU RAKYAT,BARU,TPS 5,2019-10-25 11:00:05,52,52,128,105,105,104,1,https://pemilu2019.kpu.go.id/img/c/900/034/900034492/1-9563-5-C1-PPWP-X1.jpg,https://pemilu2019.kpu.go.id/img/c/900/034/900034492/1-9563-5-C1-PPWP-X2.jpg
6728949795529563900034493,SUMATERA UTARA,ASAHAN,PULAU RAKYAT,BARU,TPS 6,2019-10-25 11:00:05,58,62,180,124,124,120,4,https://pemilu2019.kpu.go.id/img/c/900/034/900034493/2-9563-6-C1-PPWP-X1.jpg,https://pemilu2019.kpu.go.id/img/c/900/034/900034493/2-9563-6-C1-PPWP-X2.jpg
6728949795529563900034494,SUMATERA UTARA,ASAHAN,PULAU RAKYAT,BARU,TPS 7,2019-10-25 11:00:05,62,132,258,197,197,194,3,https://pemilu2019.kpu.go.id/img/c/900/034/900034494/1-9563-7-C-XXX-X5.jpg,https://pemilu2019.kpu.go.id/img/c/900/034/900034494/1-9563-7-C-XXX-X6.jpg
6728949795529563900034495,SUMATERA UTARA,ASAHAN,PULAU RAKYAT,BARU,TPS 8,2019-10-25 11:00:05,100,110,283,215,215,210,5,https://pemilu2019.kpu.go.id/img/c/900/034/900034495/1-9563-8-C-XXX-X5.jpg,https://pemilu2019.kpu.go.id/img/c/900/034/900034495/1-9563-8-C-XXX-X6.jpg
6728949795529557900034423,SUMATERA UTARA,ASAHAN,PULAU RAKYAT,MANIS,TPS 01,2019-10-25 11:00:05,18,77,115,95,95,95,0,https://pemilu2019.kpu.go.id/img/c/900/034/900034423/1-9557-01-C-XXX-X5.jpg,https://pemilu2019.kpu.go.id/img/c/900/034/900034423/1-9557-01-C-XXX-X6.jpg
6728949795529557900034424,SUMATERA UTARA,ASAHAN,PULAU RAKYAT,MANIS,TPS 02,2019-10-25 11:00:05,79,117,250,198,198,196,2,https://pemilu2019.kpu.go.id/img/c/900/034/900034424/1-9557-02-C-XXX-X5.jpg,https://pemilu2019.kpu.go.id/img/c/900/034/900034424/1-9557-02-C-XXX-X6.jpg
6728949795529557900034425,SUMATERA UTARA,ASAHAN,PULAU RAKYAT,MANIS,TPS 03,2019-10-25 11:00:05,60,127,232,190,190,187,3,https://pemilu2019.kpu.go.id/img/c/900/034/900034425/1-9557-03-C-XXX-X5.jpg,https://pemilu2019.kpu.go.id/img/c/900/034/900034425/1-9557-03-C-XXX-X6.jpg
6728949795529557900034426,SUMATERA UTARA,ASAHAN,PULAU RAKYAT,MANIS,TPS 04,2019-10-25 11:00:05,92,99,233,194,194,191,3,https://pemilu2019.kpu.go.id/img/c/900/034/900034426/1-9557-04-C-XXX-X5.jpg,https://pemilu2019.kpu.go.id/img/c/900/034/900034426/1-9557-04-C-XXX-X6.jpg
6728949795529557900034427,SUMATERA UTARA,ASAHAN,PULAU RAKYAT,MANIS,TPS 05,2019-10-25 11:00:05,56,124,216,182,182,180,2,https://pemilu2019.kpu.go.id/img/c/900/034/900034427/2-9557-05-C1-PPWP-X1.jpg,https://pemilu2019.kpu.go.id/img/c/900/034/900034427/2-9557-05-C1-PPWP-X2.jpg
6728949795529557900034428,SUMATERA UTARA,ASAHAN,PULAU RAKYAT,MANIS,TPS 06,2019-10-25 11:00:05,62,49,142,111,111,111,0,https://pemilu2019.kpu.go.id/img/c/900/034/900034428/1-9557-06-C-XXX-X5.jpg,https://pemilu2019.kpu.go.id/img/c/900/034/900034428/1-9557-06-C-XXX-X6.jpg
6728949795529557900034429,SUMATERA UTARA,ASAHAN,PULAU RAKYAT,MANIS,TPS 07,2019-10-25 11:00:05,92,104,249,197,197,196,1,https://pemilu2019.kpu.go.id/img/c/900/034/900034429/1-9557-07-C-XXX-X5.jpg,https://pemilu2019.kpu.go.id/img/c/900/034/900034429/1-9557-07-C-XXX-X6.jpg
6728949795529557900034430,SUMATERA UTARA,ASAHAN,PULAU RAKYAT,MANIS,TPS 08,2019-10-25 11:00:05,50,99,170,149,149,149,0,https://pemilu2019.kpu.go.id/img/c/900/034/900034430/1-9557-08-C-XXX-X5.jpg,https://pemilu2019.kpu.go.id/img/c/900/034/900034430/1-9557-08-C-XXX-X6.jpg
6728949795529557900034431,SUMATERA UTARA,ASAHAN,PULAU RAKYAT,MANIS,TPS 09,2019-10-25 11:00:05,67,117,246,186,186,184,2,https://pemilu2019.kpu.go.id/img/c/900/034/900034431/1-9557-09-C-XXX-X5.jpg,https://pemilu2019.kpu.go.id/img/c/900/034/900034431/1-9557-09-C-XXX-X6.jpg
6728949795529557900034432,SUMATERA UTARA,ASAHAN,PULAU RAKYAT,MANIS,TPS 10,2019-10-25 11:00:05,51,131,236,182,182,182,0,https://pemilu2019.kpu.go.id/img/c/900/034/900034432/1-9557-10-C-XXX-X5.jpg,https://pemilu2019.kpu.go.id/img/c/900/034/900034432/1-9557-10-C-XXX-X6.jpg
6728949795529557900034433,SUMATERA UTARA,ASAHAN,PULAU RAKYAT,MANIS,TPS 11,2019-10-25 11:00:05,70,133,0,0,204,203,1,https://pemilu2019.kpu.go.id/img/c/900/034/900034433/1-9557-11-C-XXX-X5.jpg,https://pemilu2019.kpu.go.id/img/c/900/034/900034433/1-9557-11-C-XXX-X6.jpg
6728949795529557900034434,SUMATERA UTARA,ASAHAN,PULAU RAKYAT,MANIS,TPS 12,2019-10-25 11:00:05,68,100,195,168,168,168,0,https://pemilu2019.kpu.go.id/img/c/900/034/900034434/1-9557-12-C-XXX-X5.jpg,https://pemilu2019.kpu.go.id/img/c/900/034/900034434/1-9557-12-C-XXX-X6.jpg
6728949795529557900034435,SUMATERA UTARA,ASAHAN,PULAU RAKYAT,MANIS,TPS 13,2019-10-25 11:00:05,58,120,230,182,182,178,4,https://pemilu2019.kpu.go.id/img/c/900/034/900034435/1-9557-13-C-XXX-X5.jpg,https://pemilu2019.kpu.go.id/img/c/900/034/900034435/1-9557-13-C-XXX-X6.jpg
67289497955291612900799175,SUMATERA UTARA,ASAHAN,PULAU RAKYAT,MEKAR SARI,TPS 01,2019-10-25 11:00:05,58,150,258,213,213,208,0,https://pemilu2019.kpu.go.id/img/c/900/799/900799175/1-91612-01-C1-PPWP-X1.jpg,https://pemilu2019.kpu.go.id/img/c/900/799/900799175/1-91612-01-C1-PPWP-X2.jpg
67289497955291612900799176,SUMATERA UTARA,ASAHAN,PULAU RAKYAT,MEKAR SARI,TPS 02,2019-10-25 11:00:05,75,85,203,163,163,160,3,https://pemilu2019.kpu.go.id/img/c/900/799/900799176/1-91612-02-C1-PPWP-X1.jpg,https://pemilu2019.kpu.go.id/img/c/900/799/900799176/1-91612-02-C1-PPWP-X2.jpg
67289497955291612900799177,SUMATERA UTARA,ASAHAN,PULAU RAKYAT,MEKAR SARI,TPS 03,2019-10-25 11:00:05,77,96,238,178,178,173,5,https://pemilu2019.kpu.go.id/img/c/900/799/900799177/1-91612-03-C-XXX-X5.jpg,https://pemilu2019.kpu.go.id/img/c/900/799/900799177/1-91612-03-C-XXX-X6.jpg
67289497955291612900799178,SUMATERA UTARA,ASAHAN,PULAU RAKYAT,MEKAR SARI,TPS 04,2019-10-25 11:00:05,53,76,179,130,130,129,1,https://pemilu2019.kpu.go.id/img/c/900/799/900799178/1-91612-04-C-XXX-X5.jpg,https://pemilu2019.kpu.go.id/img/c/900/799/900799178/1-91612-04-C-XXX-X6.jpg
67289497955291612900799179,SUMATERA UTARA,ASAHAN,PULAU RAKYAT,MEKAR SARI,TPS 05,2019-10-25 11:00:05,68,166,294,237,237,234,3,https://pemilu2019.kpu.go.id/img/c/900/799/900799179/1-91612-05-C1-PPWP-X1.jpg,https://pemilu2019.kpu.go.id/img/c/900/799/900799179/1-91612-05-C1-PPWP-X2.jpg
67289497955291612900799180,SUMATERA UTARA,ASAHAN,PULAU RAKYAT,MEKAR SARI,TPS 06,2019-10-25 11:00:05,59,134,231,196,196,193,3,https://pemilu2019.kpu.go.id/img/c/900/799/900799180/1-91612-06-C-XXX-X5.jpg,https://pemilu2019.kpu.go.id/img/c/900/799/900799180/1-91612-06-C-XXX-X6.jpg
67289497955291612900799181,SUMATERA UTARA,ASAHAN,PULAU RAKYAT,MEKAR SARI,TPS 07,2019-10-25 11:00:05,68,93,212,165,165,161,4,https://pemilu2019.kpu.go.id/img/c/900/799/900799181/1-91612-07-C-XXX-X5.jpg,https://pemilu2019.kpu.go.id/img/c/900/799/900799181/1-91612-07-C-XXX-X6.jpg
67289497955291612900799182,SUMATERA UTARA,ASAHAN,PULAU RAKYAT,MEKAR SARI,TPS 08,2019-10-25 11:00:05,52,134,242,195,195,186,9,https://pemilu2019.kpu.go.id/img/c/900/799/900799182/1-91612-08-C1-PPWP-X1.jpg,https://pemilu2019.kpu.go.id/img/c/900/799/900799182/1-91612-08-C1-PPWP-X2.jpg
67289497955291612900799183,SUMATERA UTARA,ASAHAN,PULAU RAKYAT,MEKAR SARI,TPS 09,2019-10-25 11:00:05,64,113,279,178,178,177,1,https://pemilu2019.kpu.go.id/img/c/900/799/900799183/1-91612-09-C1-PPWP-X1.jpg,https://pemilu2019.kpu.go.id/img/c/900/799/900799183/1-91612-09-C1-PPWP-X2.jpg
67289497955291612900799184,SUMATERA UTARA,ASAHAN,PULAU RAKYAT,MEKAR SARI,TPS 10,2019-10-25 11:00:05,99,114,264,218,218,213,5,https://pemilu2019.kpu.go.id/img/c/900/799/900799184/2-91612-10-C1-PPWP-X1.jpg,https://pemilu2019.kpu.go.id/img/c/900/799/900799184/2-91612-10-C1-PPWP-X2.jpg
67289497955291612900799185,SUMATERA UTARA,ASAHAN,PULAU RAKYAT,MEKAR SARI,TPS 11,2019-10-25 11:00:05,71,103,233,176,176,174,2,https://pemilu2019.kpu.go.id/img/c/900/799/900799185/1-91612-11-C-XXX-X5.jpg,https://pemilu2019.kpu.go.id/img/c/900/799/900799185/1-91612-11-C-XXX-X6.jpg
67289497955291612900799186,SUMATERA UTARA,ASAHAN,PULAU RAKYAT,MEKAR SARI,TPS 12,2019-10-25 11:00:05,71,112,211,185,185,183,2,https://pemilu2019.kpu.go.id/img/c/900/799/900799186/1-91612-12-C1-PPWP-X1.jpg,https://pemilu2019.kpu.go.id/img/c/900/799/900799186/1-91612-12-C1-PPWP-X2.jpg
67289497955291612900799187,SUMATERA UTARA,ASAHAN,PULAU RAKYAT,MEKAR SARI,TPS 13,2019-10-25 11:00:05,68,58,154,127,127,126,1,https://pemilu2019.kpu.go.id/img/c/900/799/900799187/1-91612-13-C1-PPWP-X1.jpg,https://pemilu2019.kpu.go.id/img/c/900/799/900799187/1-91612-13-C1-PPWP-X2.jpg
6728949795529562900034482,SUMATERA UTARA,ASAHAN,PULAU RAKYAT,OFA PADANG MAHONDANG,TPS 1,2019-10-25 11:00:05,28,92,148,120,120,120,0,https://pemilu2019.kpu.go.id/img/c/900/034/900034482/1-9562-1-C-XXX-X5.jpg,https://pemilu2019.kpu.go.id/img/c/900/034/900034482/1-9562-1-C-XXX-X6.jpg
6728949795529562900034483,SUMATERA UTARA,ASAHAN,PULAU RAKYAT,OFA PADANG MAHONDANG,TPS 2,2019-10-25 11:00:05,58,95,238,154,154,153,1,https://pemilu2019.kpu.go.id/img/c/900/034/900034483/1-9562-2-C-XXX-X5.jpg,https://pemilu2019.kpu.go.id/img/c/900/034/900034483/1-9562-2-C-XXX-X6.jpg
6728949795529562900034484,SUMATERA UTARA,ASAHAN,PULAU RAKYAT,OFA PADANG MAHONDANG,TPS 3,2019-10-25 11:00:05,54,119,251,175,175,173,2,https://pemilu2019.kpu.go.id/img/c/900/034/900034484/1-9562-3-C-XXX-X5.jpg,https://pemilu2019.kpu.go.id/img/c/900/034/900034484/1-9562-3-C-XXX-X6.jpg
6728949795529562900034485,SUMATERA UTARA,ASAHAN,PULAU RAKYAT,OFA PADANG MAHONDANG,TPS 4,2019-10-25 11:00:05,38,51,151,89,89,89,0,https://pemilu2019.kpu.go.id/img/c/900/034/900034485/1-9562-4-C-XXX-X5.jpg,https://pemilu2019.kpu.go.id/img/c/900/034/900034485/1-9562-4-C-XXX-X6.jpg
6728949795529562900034486,SUMATERA UTARA,ASAHAN,PULAU RAKYAT,OFA PADANG MAHONDANG,TPS 5,2019-10-25 11:00:05,34,73,153,108,108,107,1,https://pemilu2019.kpu.go.id/img/c/900/034/900034486/1-9562-5-C-XXX-X5.jpg,https://pemilu2019.kpu.go.id/img/c/900/034/900034486/1-9562-5-C-XXX-X6.jpg
6728949795529562900034487,SUMATERA UTARA,ASAHAN,PULAU RAKYAT,OFA PADANG MAHONDANG,TPS 6,2019-10-25 11:00:05,48,45,149,94,94,93,1,https://pemilu2019.kpu.go.id/img/c/900/034/900034487/1-9562-6-C-XXX-X5.jpg,https://pemilu2019.kpu.go.id/img/c/900/034/900034487/1-9562-6-C-XXX-X6.jpg
6728949795529556900034420,SUMATERA UTARA,ASAHAN,PULAU RAKYAT,ORIKA,TPS 1,2019-10-25 11:00:05,74,75,216,149,149,149,0,https://pemilu2019.kpu.go.id/img/c/900/034/900034420/1-9556-1-C-XXX-X5.jpg,https://pemilu2019.kpu.go.id/img/c/900/034/900034420/1-9556-1-C-XXX-X6.jpg
6728949795529556900034421,SUMATERA UTARA,ASAHAN,PULAU RAKYAT,ORIKA,TPS 2,2019-10-25 11:00:05,56,131,258,188,188,187,1,https://pemilu2019.kpu.go.id/img/c/900/034/900034421/1-9556-2-C-XXX-X5.jpg,https://pemilu2019.kpu.go.id/img/c/900/034/900034421/1-9556-2-C-XXX-X6.jpg
6728949795529556900034422,SUMATERA UTARA,ASAHAN,PULAU RAKYAT,ORIKA,TPS 3,2019-10-25 11:00:05,32,59,154,91,91,91,0,https://pemilu2019.kpu.go.id/img/c/900/034/900034422/1-9556-3-C-XXX-X5.jpg,https://pemilu2019.kpu.go.id/img/c/900/034/900034422/1-9556-3-C-XXX-X6.jpg
6728949795529561900034459,SUMATERA UTARA,ASAHAN,PULAU RAKYAT,PADANG MAHONDANG,TPS 01,2019-10-25 11:00:05,88,67,228,159,159,155,4,https://pemilu2019.kpu.go.id/img/c/900/034/900034459/1-9561-01-C-XXX-X5.jpg,https://pemilu2019.kpu.go.id/img/c/900/034/900034459/1-9561-01-C-XXX-X6.jpg
6728949795529561900034460,SUMATERA UTARA,ASAHAN,PULAU RAKYAT,PADANG MAHONDANG,TPS 02,2019-10-25 11:00:05,166,37,209,153,153,153,0,https://pemilu2019.kpu.go.id/img/c/900/034/900034460/1-9561-02-C-XXX-X5.jpg,https://pemilu2019.kpu.go.id/img/c/900/034/900034460/1-9561-02-C-XXX-X6.jpg
6728949795529561900034461,SUMATERA UTARA,ASAHAN,PULAU RAKYAT,PADANG MAHONDANG,TPS 03,2019-10-25 11:00:05,66,66,191,133,133,132,1,https://pemilu2019.kpu.go.id/img/c/900/034/900034461/1-9561-03-C-XXX-X5.jpg,https://pemilu2019.kpu.go.id/img/c/900/034/900034461/1-9561-03-C-XXX-X6.jpg
6728949795529561900034462,SUMATERA UTARA,ASAHAN,PULAU RAKYAT,PADANG MAHONDANG,TPS 04,2019-10-25 11:00:05,76,103,218,185,185,176,9,https://pemilu2019.kpu.go.id/img/c/900/034/900034462/1-9561-04-C-XXX-X5.jpg,https://pemilu2019.kpu.go.id/img/c/900/034/900034462/1-9561-04-C-XXX-X6.jpg
6728949795529561900034463,SUMATERA UTARA,ASAHAN,PULAU RAKYAT,PADANG MAHONDANG,TPS 05,2019-10-25 11:00:05,65,99,221,166,166,164,2,https://pemilu2019.kpu.go.id/img/c/900/034/900034463/1-9561-05-C-XXX-X5.jpg,https://pemilu2019.kpu.go.id/img/c/900/034/900034463/1-9561-05-C-XXX-X6.jpg
6728949795529561900034464,SUMATERA UTARA,ASAHAN,PULAU RAKYAT,PADANG MAHONDANG,TPS 06,2019-10-25 11:00:05,165,18,259,185,185,183,2,https://pemilu2019.kpu.go.id/img/c/900/034/900034464/1-9561-06-C-XXX-X5.jpg,https://pemilu2019.kpu.go.id/img/c/900/034/900034464/1-9561-06-C-XXX-X6.jpg
6728949795529561900034465,SUMATERA UTARA,ASAHAN,PULAU RAKYAT,PADANG MAHONDANG,TPS 07,2019-10-25 11:00:05,161,7,281,169,169,168,1,https://pemilu2019.kpu.go.id/img/c/900/034/900034465/1-9561-07-C1-PPWP-X1.jpg,https://pemilu2019.kpu.go.id/img/c/900/034/900034465/1-9561-07-C1-PPWP-X2.jpg
6728949795529561900034466,SUMATERA UTARA,ASAHAN,PULAU RAKYAT,PADANG MAHONDANG,TPS 08,2019-10-25 11:00:05,122,7,180,129,129,129,0,https://pemilu2019.kpu.go.id/img/c/900/034/900034466/1-9561-08-C1-PPWP-X1.jpg,https://pemilu2019.kpu.go.id/img/c/900/034/900034466/1-9561-08-C1-PPWP-X2.jpg
6728949795529561900034467,SUMATERA UTARA,ASAHAN,PULAU RAKYAT,PADANG MAHONDANG,TPS 09,2019-10-25 11:00:05,121,5,214,126,126,126,0,https://pemilu2019.kpu.go.id/img/c/900/034/900034467/1-9561-09-C1-PPWP-X1.jpg,https://pemilu2019.kpu.go.id/img/c/900/034/900034467/1-9561-09-C1-PPWP-X2.jpg
6728949795529561900034468,SUMATERA UTARA,ASAHAN,PULAU RAKYAT,PADANG MAHONDANG,TPS 10,2019-10-25 11:00:05,197,5,242,206,204,202,2,https://pemilu2019.kpu.go.id/img/c/900/034/900034468/1-9561-10-C-XXX-X5.jpg,https://pemilu2019.kpu.go.id/img/c/900/034/900034468/1-9561-10-C-XXX-X6.jpg
6728949795529561900034469,SUMATERA UTARA,ASAHAN,PULAU RAKYAT,PADANG MAHONDANG,TPS 11,2019-10-25 11:00:05,158,6,278,166,166,164,2,https://pemilu2019.kpu.go.id/img/c/900/034/900034469/1-9561-11-C-XXX-X5.jpg,https://pemilu2019.kpu.go.id/img/c/900/034/900034469/1-9561-11-C-XXX-X6.jpg
6728949795529561900034470,SUMATERA UTARA,ASAHAN,PULAU RAKYAT,PADANG MAHONDANG,TPS 12,2019-10-25 11:00:05,128,8,176,134,134,131,3,https://pemilu2019.kpu.go.id/img/c/900/034/900034470/1-9561-12-C-XXX-X5.jpg,https://pemilu2019.kpu.go.id/img/c/900/034/900034470/1-9561-12-C-XXX-X6.jpg
6728949795529561900034471,SUMATERA UTARA,ASAHAN,PULAU RAKYAT,PADANG MAHONDANG,TPS 13,2019-10-25 11:00:05,139,1,220,141,141,140,1,https://pemilu2019.kpu.go.id/img/c/900/034/900034471/1-9561-13-C-XXX-X5.jpg,https://pemilu2019.kpu.go.id/img/c/900/034/900034471/1-9561-13-C-XXX-X6.jpg
6728949795529561900034472,SUMATERA UTARA,ASAHAN,PULAU RAKYAT,PADANG MAHONDANG,TPS 14,2019-10-25 11:00:05,168,1,224,169,169,169,0,https://pemilu2019.kpu.go.id/img/c/900/034/900034472/1-9561-14-C-XXX-X5.jpg,https://pemilu2019.kpu.go.id/img/c/900/034/900034472/1-9561-14-C-XXX-X6.jpg
6728949795529561900034473,SUMATERA UTARA,ASAHAN,PULAU RAKYAT,PADANG MAHONDANG,TPS 15,2019-10-25 11:00:05,47,82,146,130,130,129,1,https://pemilu2019.kpu.go.id/img/c/900/034/900034473/1-9561-15-C-XXX-X5.jpg,https://pemilu2019.kpu.go.id/img/c/900/034/900034473/1-9561-15-C-XXX-X6.jpg
6728949795529561900034474,SUMATERA UTARA,ASAHAN,PULAU RAKYAT,PADANG MAHONDANG,TPS 16,2019-10-25 11:00:05,74,2,139,76,76,76,0,https://pemilu2019.kpu.go.id/img/c/900/034/900034474/1-9561-16-C-XXX-X5.jpg,https://pemilu2019.kpu.go.id/img/c/900/034/900034474/1-9561-16-C-XXX-X6.jpg
6728949795529561900034475,SUMATERA UTARA,ASAHAN,PULAU RAKYAT,PADANG MAHONDANG,TPS 17,2019-10-25 11:00:05,114,4,175,118,118,118,0,https://pemilu2019.kpu.go.id/img/c/900/034/900034475/1-9561-17-C-XXX-X5.jpg,https://pemilu2019.kpu.go.id/img/c/900/034/900034475/1-9561-17-C-XXX-X6.jpg
6728949795529561900034476,SUMATERA UTARA,ASAHAN,PULAU RAKYAT,PADANG MAHONDANG,TPS 18,2019-10-25 11:00:05,84,55,191,139,139,139,0,https://pemilu2019.kpu.go.id/img/c/900/034/900034476/1-9561-18-C-XXX-X5.jpg,https://pemilu2019.kpu.go.id/img/c/900/034/900034476/1-9561-18-C-XXX-X6.jpg
6728949795529561900034477,SUMATERA UTARA,ASAHAN,PULAU RAKYAT,PADANG MAHONDANG,TPS 19,2019-10-25 11:00:05,101,7,157,108,108,108,0,https://pemilu2019.kpu.go.id/img/c/900/034/900034477/1-9561-19-C-XXX-X5.jpg,https://pemilu2019.kpu.go.id/img/c/900/034/900034477/1-9561-19-C-XXX-X6.jpg
6728949795529561900034478,SUMATERA UTARA,ASAHAN,PULAU RAKYAT,PADANG MAHONDANG,TPS 20,2019-10-25 11:00:05,101,7,157,108,108,108,0,https://pemilu2019.kpu.go.id/img/c/900/034/900034478/2-9561-20-C1-PPWP-X1.jpg,https://pemilu2019.kpu.go.id/img/c/900/034/900034478/2-9561-20-C1-PPWP-X2.jpg
6728949795529561900034479,SUMATERA UTARA,ASAHAN,PULAU RAKYAT,PADANG MAHONDANG,TPS 21,2019-10-25 11:00:05,108,9,194,118,118,117,1,https://pemilu2019.kpu.go.id/img/c/900/034/900034479/1-9561-21-C-XXX-X5.jpg,https://pemilu2019.kpu.go.id/img/c/900/034/900034479/1-9561-21-C-XXX-X6.jpg
6728949795529561900034480,SUMATERA UTARA,ASAHAN,PULAU RAKYAT,PADANG MAHONDANG,TPS 22,2019-10-25 11:00:05,103,18,164,122,122,121,1,https://pemilu2019.kpu.go.id/img/c/900/034/900034480/1-9561-22-C-XXX-X5.jpg,https://pemilu2019.kpu.go.id/img/c/900/034/900034480/1-9561-22-C-XXX-X6.jpg
6728949795529561900034481,SUMATERA UTARA,ASAHAN,PULAU RAKYAT,PADANG MAHONDANG,TPS 23,2019-10-25 11:00:05,130,9,221,141,141,139,2,https://pemilu2019.kpu.go.id/img/c/900/034/900034481/1-9561-23-C-XXX-X5.jpg,https://pemilu2019.kpu.go.id/img/c/900/034/900034481/1-9561-23-C-XXX-X6.jpg
6728949795529560900034446,SUMATERA UTARA,ASAHAN,PULAU RAKYAT,PERSATUAN,TPS 01,2019-10-25 11:00:05,87,128,291,222,222,215,7,https://pemilu2019.kpu.go.id/img/c/900/034/900034446/1-9560-01-C-XXX-X5.jpg,https://pemilu2019.kpu.go.id/img/c/900/034/900034446/1-9560-01-C-XXX-X6.jpg
6728949795529560900034447,SUMATERA UTARA,ASAHAN,PULAU RAKYAT,PERSATUAN,TPS 02,2019-10-25 11:00:05,54,70,151,125,125,124,1,https://pemilu2019.kpu.go.id/img/c/900/034/900034447/1-9560-02-C-XXX-X5.jpg,https://pemilu2019.kpu.go.id/img/c/900/034/900034447/1-9560-02-C-XXX-X6.jpg
6728949795529560900034448,SUMATERA UTARA,ASAHAN,PULAU RAKYAT,PERSATUAN,TPS 03,2019-10-25 11:00:05,76,96,254,180,180,172,8,https://pemilu2019.kpu.go.id/img/c/900/034/900034448/1-9560-03-C-XXX-X5.jpg,https://pemilu2019.kpu.go.id/img/c/900/034/900034448/1-9560-03-C-XXX-X6.jpg
6728949795529560900034449,SUMATERA UTARA,ASAHAN,PULAU RAKYAT,PERSATUAN,TPS 04,2019-10-25 11:00:05,55,71,159,133,133,126,7,https://pemilu2019.kpu.go.id/img/c/900/034/900034449/1-9560-04-C-XXX-X5.jpg,https://pemilu2019.kpu.go.id/img/c/900/034/900034449/1-9560-04-C-XXX-X6.jpg
6728949795529560900034450,SUMATERA UTARA,ASAHAN,PULAU RAKYAT,PERSATUAN,TPS 05,2019-10-25 11:00:05,31,93,166,130,130,124,6,https://pemilu2019.kpu.go.id/img/c/900/034/900034450/2-9560-05-C-XXX-X5.jpg,https://pemilu2019.kpu.go.id/img/c/900/034/900034450/2-9560-05-C-XXX-X6.jpg
6728949795529560900034451,SUMATERA UTARA,ASAHAN,PULAU RAKYAT,PERSATUAN,TPS 06,2019-10-25 11:00:05,79,78,209,161,161,157,4,https://pemilu2019.kpu.go.id/img/c/900/034/900034451/2-9560-06-C1-PPWP-X1.jpg,https://pemilu2019.kpu.go.id/img/c/900/034/900034451/2-9560-06-C1-PPWP-X2.jpg
6728949795529560900034452,SUMATERA UTARA,ASAHAN,PULAU RAKYAT,PERSATUAN,TPS 07,2019-10-25 11:00:05,71,76,208,153,153,147,6,https://pemilu2019.kpu.go.id/img/c/900/034/900034452/1-9560-07-C-XXX-X5.jpg,https://pemilu2019.kpu.go.id/img/c/900/034/900034452/1-9560-07-C-XXX-X6.jpg
6728949795529560900034453,SUMATERA UTARA,ASAHAN,PULAU RAKYAT,PERSATUAN,TPS 08,2019-10-25 11:00:05,84,61,219,154,154,145,9,https://pemilu2019.kpu.go.id/img/c/900/034/900034453/1-9560-08-C-XXX-X5.jpg,https://pemilu2019.kpu.go.id/img/c/900/034/900034453/1-9560-08-C-XXX-X6.jpg
6728949795529560900034454,SUMATERA UTARA,ASAHAN,PULAU RAKYAT,PERSATUAN,TPS 09,2019-10-25 11:00:05,69,73,220,145,145,142,3,https://pemilu2019.kpu.go.id/img/c/900/034/900034454/1-9560-09-C-XXX-X5.jpg,https://pemilu2019.kpu.go.id/img/c/900/034/900034454/1-9560-09-C-XXX-X6.jpg
6728949795529560900034455,SUMATERA UTARA,ASAHAN,PULAU RAKYAT,PERSATUAN,TPS 10,2019-10-25 11:00:05,71,78,181,149,149,149,0,https://pemilu2019.kpu.go.id/img/c/900/034/900034455/1-9560-10-C-XXX-X5.jpg,https://pemilu2019.kpu.go.id/img/c/900/034/900034455/1-9560-10-C-XXX-X6.jpg
6728949795529560900034456,SUMATERA UTARA,ASAHAN,PULAU RAKYAT,PERSATUAN,TPS 11,2019-10-25 11:00:05,22,65,153,91,91,87,4,https://pemilu2019.kpu.go.id/img/c/900/034/900034456/1-9560-11-C-XXX-X5.jpg,https://pemilu2019.kpu.go.id/img/c/900/034/900034456/1-9560-11-C-XXX-X6.jpg
6728949795529560900034457,SUMATERA UTARA,ASAHAN,PULAU RAKYAT,PERSATUAN,TPS 12,2019-10-25 11:00:05,90,73,196,165,165,163,2,https://pemilu2019.kpu.go.id/img/c/900/034/900034457/1-9560-12-C-XXX-X5.jpg,https://pemilu2019.kpu.go.id/img/c/900/034/900034457/1-9560-12-C-XXX-X6.jpg
6728949795529560900034458,SUMATERA UTARA,ASAHAN,PULAU RAKYAT,PERSATUAN,TPS 13,2019-10-25 11:00:05,49,41,167,92,92,90,2,https://pemilu2019.kpu.go.id/img/c/900/034/900034458/1-9560-13-C-XXX-X5.jpg,https://pemilu2019.kpu.go.id/img/c/900/034/900034458/1-9560-13-C-XXX-X6.jpg
6728949795529555900034412,SUMATERA UTARA,ASAHAN,PULAU RAKYAT,PULAU RAKYAT PEKAN,TPS 1,2019-10-25 11:00:05,72,154,305,226,226,226,0,https://pemilu2019.kpu.go.id/img/c/900/034/900034412/1-9555-1-C-XXX-X5.jpg,https://pemilu2019.kpu.go.id/img/c/900/034/900034412/1-9555-1-C-XXX-X6.jpg
6728949795529555900034413,SUMATERA UTARA,ASAHAN,PULAU RAKYAT,PULAU RAKYAT PEKAN,TPS 2,2019-10-25 11:00:05,39,97,225,140,140,136,4,https://pemilu2019.kpu.go.id/img/c/900/034/900034413/1-9555-2-C1-PPWP-X1.jpg,https://pemilu2019.kpu.go.id/img/c/900/034/900034413/1-9555-2-C1-PPWP-X2.jpg
6728949795529555900034414,SUMATERA UTARA,ASAHAN,PULAU RAKYAT,PULAU RAKYAT PEKAN,TPS 3,2019-10-25 11:00:05,57,109,260,167,167,166,1,https://pemilu2019.kpu.go.id/img/c/900/034/900034414/1-9555-3-C1-PPWP-X1.jpg,https://pemilu2019.kpu.go.id/img/c/900/034/900034414/1-9555-3-C1-PPWP-X2.jpg
6728949795529555900034415,SUMATERA UTARA,ASAHAN,PULAU RAKYAT,PULAU RAKYAT PEKAN,TPS 4,2019-10-25 11:00:05,49,117,234,166,166,166,0,https://pemilu2019.kpu.go.id/img/c/900/034/900034415/2-9555-4-C-XXX-X5.jpg,https://pemilu2019.kpu.go.id/img/c/900/034/900034415/2-9555-4-C-XXX-X6.jpg
6728949795529555900034416,SUMATERA UTARA,ASAHAN,PULAU RAKYAT,PULAU RAKYAT PEKAN,TPS 5,2019-10-25 11:00:05,47,146,296,195,195,193,2,https://pemilu2019.kpu.go.id/img/c/900/034/900034416/2-9555-5-C-XXX-X5.jpg,https://pemilu2019.kpu.go.id/img/c/900/034/900034416/2-9555-5-C-XXX-X6.jpg
6728949795529555900034417,SUMATERA UTARA,ASAHAN,PULAU RAKYAT,PULAU RAKYAT PEKAN,TPS 6,2019-10-25 11:00:05,44,127,257,173,173,171,2,https://pemilu2019.kpu.go.id/img/c/900/034/900034417/2-9555-6-C1-PPWP-X1.jpg,https://pemilu2019.kpu.go.id/img/c/900/034/900034417/2-9555-6-C1-PPWP-X2.jpg
6728949795529555900034418,SUMATERA UTARA,ASAHAN,PULAU RAKYAT,PULAU RAKYAT PEKAN,TPS 7,2019-10-25 11:00:05,60,153,312,215,215,213,2,https://pemilu2019.kpu.go.id/img/c/900/034/900034418/1-9555-7-C1-PPWP-X1.jpg,https://pemilu2019.kpu.go.id/img/c/900/034/900034418/1-9555-7-C1-PPWP-X2.jpg
6728949795529555900034419,SUMATERA UTARA,ASAHAN,PULAU RAKYAT,PULAU RAKYAT PEKAN,TPS 8,2019-10-25 11:00:05,53,131,307,87,187,184,3,https://pemilu2019.kpu.go.id/img/c/900/034/900034419/1-9555-8-C-XXX-X5.jpg,https://pemilu2019.kpu.go.id/img/c/900/034/900034419/1-9555-8-C-XXX-X6.jpg
6728949795529554900034396,SUMATERA UTARA,ASAHAN,PULAU RAKYAT,PULAU RAKYAT TUA,TPS 01,2019-10-25 11:00:05,91,71,232,162,162,162,0,https://pemilu2019.kpu.go.id/img/c/900/034/900034396/1-9554-01-C1-PPWP-X1.jpg,https://pemilu2019.kpu.go.id/img/c/900/034/900034396/1-9554-01-C1-PPWP-X2.jpg
6728949795529554900034397,SUMATERA UTARA,ASAHAN,PULAU RAKYAT,PULAU RAKYAT TUA,TPS 02,2019-10-25 11:00:05,71,99,232,170,170,170,0,https://pemilu2019.kpu.go.id/img/c/900/034/900034397/1-9554-02-C-XXX-X5.jpg,https://pemilu2019.kpu.go.id/img/c/900/034/900034397/1-9554-02-C-XXX-X6.jpg
6728949795529554900034398,SUMATERA UTARA,ASAHAN,PULAU RAKYAT,PULAU RAKYAT TUA,TPS 03,2019-10-25 11:00:05,75,144,260,221,221,219,2,https://pemilu2019.kpu.go.id/img/c/900/034/900034398/1-9554-03-C1-PPWP-X1.jpg,https://pemilu2019.kpu.go.id/img/c/900/034/900034398/1-9554-03-C1-PPWP-X2.jpg
6728949795529554900034399,SUMATERA UTARA,ASAHAN,PULAU RAKYAT,PULAU RAKYAT TUA,TPS 04,2019-10-25 11:00:05,79,117,238,198,198,196,2,https://pemilu2019.kpu.go.id/img/c/900/034/900034399/1-9554-04-C-XXX-X5.jpg,https://pemilu2019.kpu.go.id/img/c/900/034/900034399/1-9554-04-C-XXX-X6.jpg
6728949795529554900034400,SUMATERA UTARA,ASAHAN,PULAU RAKYAT,PULAU RAKYAT TUA,TPS 05,2019-10-25 11:00:05,65,100,264,167,167,165,2,https://pemilu2019.kpu.go.id/img/c/900/034/900034400/1-9554-05-C-XXX-X5.jpg,https://pemilu2019.kpu.go.id/img/c/900/034/900034400/1-9554-05-C-XXX-X6.jpg
6728949795529554900034401,SUMATERA UTARA,ASAHAN,PULAU RAKYAT,PULAU RAKYAT TUA,TPS 06,2019-10-25 11:00:05,50,122,223,173,173,172,1,https://pemilu2019.kpu.go.id/img/c/900/034/900034401/1-9554-06-C-XXX-X5.jpg,https://pemilu2019.kpu.go.id/img/c/900/034/900034401/1-9554-06-C-XXX-X6.jpg
6728949795529554900034402,SUMATERA UTARA,ASAHAN,PULAU RAKYAT,PULAU RAKYAT TUA,TPS 07,2019-10-25 11:00:05,58,125,236,183,183,183,0,https://pemilu2019.kpu.go.id/img/c/900/034/900034402/1-9554-07-C1-PPWP-X1.jpg,https://pemilu2019.kpu.go.id/img/c/900/034/900034402/1-9554-07-C1-PPWP-X2.jpg
6728949795529554900034403,SUMATERA UTARA,ASAHAN,PULAU RAKYAT,PULAU RAKYAT TUA,TPS 08,2019-10-25 11:00:05,70,182,316,254,254,252,2,https://pemilu2019.kpu.go.id/img/c/900/034/900034403/1-9554-08-C-XXX-X5.jpg,https://pemilu2019.kpu.go.id/img/c/900/034/900034403/1-9554-08-C-XXX-X6.jpg
6728949795529554900034404,SUMATERA UTARA,ASAHAN,PULAU RAKYAT,PULAU RAKYAT TUA,TPS 09,2019-10-25 11:00:05,78,145,301,225,225,223,2,https://pemilu2019.kpu.go.id/img/c/900/034/900034404/2-9554-09-C1-PPWP-X1.jpg,https://pemilu2019.kpu.go.id/img/c/900/034/900034404/2-9554-09-C1-PPWP-X2.jpg
6728949795529554900034405,SUMATERA UTARA,ASAHAN,PULAU RAKYAT,PULAU RAKYAT TUA,TPS 10,2019-10-25 11:00:05,63,164,307,229,229,227,2,https://pemilu2019.kpu.go.id/img/c/900/034/900034405/1-9554-10-C-XXX-X5.jpg,https://pemilu2019.kpu.go.id/img/c/900/034/900034405/1-9554-10-C-XXX-X6.jpg
6728949795529554900034406,SUMATERA UTARA,ASAHAN,PULAU RAKYAT,PULAU RAKYAT TUA,TPS 11,2019-10-25 11:00:05,80,131,280,213,213,211,2,https://pemilu2019.kpu.go.id/img/c/900/034/900034406/1-9554-11-C1-PPWP-X1.jpg,https://pemilu2019.kpu.go.id/img/c/900/034/900034406/1-9554-11-C1-PPWP-X2.jpg
6728949795529554900034407,SUMATERA UTARA,ASAHAN,PULAU RAKYAT,PULAU RAKYAT TUA,TPS 12,2019-10-25 11:00:05,83,92,269,179,179,175,4,https://pemilu2019.kpu.go.id/img/c/900/034/900034407/1-9554-12-C1-PPWP-X1.jpg,https://pemilu2019.kpu.go.id/img/c/900/034/900034407/1-9554-12-C1-PPWP-X2.jpg
6728949795529554900034408,SUMATERA UTARA,ASAHAN,PULAU RAKYAT,PULAU RAKYAT TUA,TPS 13,2019-10-25 11:00:05,179,3,262,183,183,182,1,https://pemilu2019.kpu.go.id/img/c/900/034/900034408/1-9554-13-C-XXX-X5.jpg,https://pemilu2019.kpu.go.id/img/c/900/034/900034408/1-9554-13-C-XXX-X6.jpg
6728949795529554900034409,SUMATERA UTARA,ASAHAN,PULAU RAKYAT,PULAU RAKYAT TUA,TPS 14,2019-10-25 11:00:05,68,104,237,172,172,172,0,https://pemilu2019.kpu.go.id/img/c/900/034/900034409/1-9554-14-C1-PPWP-X1.jpg,https://pemilu2019.kpu.go.id/img/c/900/034/900034409/1-9554-14-C1-PPWP-X2.jpg
6728949795529554900034410,SUMATERA UTARA,ASAHAN,PULAU RAKYAT,PULAU RAKYAT TUA,TPS 15,2019-10-25 11:00:05,95,75,265,171,171,170,1,https://pemilu2019.kpu.go.id/img/c/900/034/900034410/1-9554-15-C-XXX-X5.jpg,https://pemilu2019.kpu.go.id/img/c/900/034/900034410/1-9554-15-C-XXX-X6.jpg
6728949795529554900034411,SUMATERA UTARA,ASAHAN,PULAU RAKYAT,PULAU RAKYAT TUA,TPS 16,2019-10-25 11:00:05,65,71,182,137,137,136,1,https://pemilu2019.kpu.go.id/img/c/900/034/900034411/1-9554-16-C1-PPWP-X1.jpg,https://pemilu2019.kpu.go.id/img/c/900/034/900034411/1-9554-16-C1-PPWP-X2.jpg
6728949795529553900034394,SUMATERA UTARA,ASAHAN,PULAU RAKYAT,SEI PIRING,TPS 1,2019-10-25 11:00:05,25,167,226,192,192,192,0,https://pemilu2019.kpu.go.id/img/c/900/034/900034394/1-9553-1-C1-PPWP-X1.jpg,https://pemilu2019.kpu.go.id/img/c/900/034/900034394/1-9553-1-C1-PPWP-X2.jpg
6728949795529553900034395,SUMATERA UTARA,ASAHAN,PULAU RAKYAT,SEI PIRING,TPS 2,2019-10-25 11:00:05,70,166,272,240,240,236,4,https://pemilu2019.kpu.go.id/img/c/900/034/900034395/1-9553-2-C-XXX-X5.jpg,https://pemilu2019.kpu.go.id/img/c/900/034/900034395/1-9553-2-C-XXX-X6.jpg
6728949795529558900034436,SUMATERA UTARA,ASAHAN,PULAU RAKYAT,TUNGGUL 45,TPS 1,2019-10-25 11:00:05,49,129,201,179,179,178,1,https://pemilu2019.kpu.go.id/img/c/900/034/900034436/1-9558-1-C-XXX-X5.jpg,https://pemilu2019.kpu.go.id/img/c/900/034/900034436/1-9558-1-C-XXX-X6.jpg
6728949795529558900034437,SUMATERA UTARA,ASAHAN,PULAU RAKYAT,TUNGGUL 45,TPS 2,2019-10-25 11:00:05,32,111,161,143,143,143,0,https://pemilu2019.kpu.go.id/img/c/900/034/900034437/1-9558-2-C-XXX-X5.jpg,https://pemilu2019.kpu.go.id/img/c/900/034/900034437/1-9558-2-C-XXX-X6.jpg
6728949795529558900034438,SUMATERA UTARA,ASAHAN,PULAU RAKYAT,TUNGGUL 45,TPS 3,2019-10-25 11:00:05,19,155,197,174,174,174,0,https://pemilu2019.kpu.go.id/img/c/900/034/900034438/1-9558-3-C-XXX-X5.jpg,https://pemilu2019.kpu.go.id/img/c/900/034/900034438/1-9558-3-C-XXX-X6.jpg
6728949797019711900035865,SUMATERA UTARA,ASAHAN,PULO BANDRING,BUNUT SEBERANG,TPS 1,2019-10-25 11:00:05,105,122,283,235,235,227,8,https://pemilu2019.kpu.go.id/img/c/900/035/900035865/9711-1-C-XXX-X5.jpg,https://pemilu2019.kpu.go.id/img/c/900/035/900035865/9711-1-C-XXX-X6.jpg
6728949797019711900035866,SUMATERA UTARA,ASAHAN,PULO BANDRING,BUNUT SEBERANG,TPS 2,2019-10-25 11:00:05,127,90,320,222,222,217,5,https://pemilu2019.kpu.go.id/img/c/900/035/900035866/9711-2-C-XXX-X5.jpg,https://pemilu2019.kpu.go.id/img/c/900/035/900035866/9711-2-C-XXX-X6.jpg
6728949797019711900035867,SUMATERA UTARA,ASAHAN,PULO BANDRING,BUNUT SEBERANG,TPS 3,2019-10-25 11:00:05,92,111,266,206,206,203,3,https://pemilu2019.kpu.go.id/img/c/900/035/900035867/9711-3-C-XXX-X5.jpg,https://pemilu2019.kpu.go.id/img/c/900/035/900035867/9711-3-C-XXX-X6.jpg
6728949797019711900035868,SUMATERA UTARA,ASAHAN,PULO BANDRING,BUNUT SEBERANG,TPS 4,2019-10-25 11:00:05,112,110,280,226,226,222,4,https://pemilu2019.kpu.go.id/img/c/900/035/900035868/9711-4-C-XXX-X5.jpg,https://pemilu2019.kpu.go.id/img/c/900/035/900035868/9711-4-C-XXX-X6.jpg
6728949797019711900035869,SUMATERA UTARA,ASAHAN,PULO BANDRING,BUNUT SEBERANG,TPS 5,2019-10-25 11:00:05,93,130,288,226,226,223,3,https://pemilu2019.kpu.go.id/img/c/900/035/900035869/9711-5-C-XXX-X5.jpg,https://pemilu2019.kpu.go.id/img/c/900/035/900035869/9711-5-C-XXX-X6.jpg
6728949797019711900035870,SUMATERA UTARA,ASAHAN,PULO BANDRING,BUNUT SEBERANG,TPS 6,2019-10-25 11:00:05,130,120,304,253,253,250,3,https://pemilu2019.kpu.go.id/img/c/900/035/900035870/9711-6-C-XXX-X5.jpg,https://pemilu2019.kpu.go.id/img/c/900/035/900035870/9711-6-C-XXX-X6.jpg
6728949797019711900035871,SUMATERA UTARA,ASAHAN,PULO BANDRING,BUNUT SEBERANG,TPS 7,2019-10-25 11:00:05,78,144,278,223,223,222,1,https://pemilu2019.kpu.go.id/img/c/900/035/900035871/9711-7-C-XXX-X5.jpg,https://pemilu2019.kpu.go.id/img/c/900/035/900035871/9711-7-C-XXX-X6.jpg
6728949797019711900035872,SUMATERA UTARA,ASAHAN,PULO BANDRING,BUNUT SEBERANG,TPS 8,2019-10-25 11:00:05,85,105,284,194,194,190,4,https://pemilu2019.kpu.go.id/img/c/900/035/900035872/9711-8-C-XXX-X5.jpg,https://pemilu2019.kpu.go.id/img/c/900/035/900035872/9711-8-C-XXX-X6.jpg
6728949797019711900035873,SUMATERA UTARA,ASAHAN,PULO BANDRING,BUNUT SEBERANG,TPS 9,2019-10-25 11:00:05,72,129,281,201,201,201,0,https://pemilu2019.kpu.go.id/img/c/900/035/900035873/9711-9-C-XXX-X5.jpg,https://pemilu2019.kpu.go.id/img/c/900/035/900035873/9711-9-C-XXX-X6.jpg
6728949797019706900035824,SUMATERA UTARA,ASAHAN,PULO BANDRING,GEDANGAN,TPS 01,2019-10-25 11:00:05,66,155,269,223,223,221,2,https://pemilu2019.kpu.go.id/img/c/900/035/900035824/4-9706-01-C-XXX-X5.jpg,https://pemilu2019.kpu.go.id/img/c/900/035/900035824/4-9706-01-C-XXX-X6.jpg
6728949797019706900035825,SUMATERA UTARA,ASAHAN,PULO BANDRING,GEDANGAN,TPS 02,2019-10-25 11:00:05,55,170,264,229,229,225,4,https://pemilu2019.kpu.go.id/img/c/900/035/900035825/9706-02-C-XXX-X5.jpg,https://pemilu2019.kpu.go.id/img/c/900/035/900035825/9706-02-C-XXX-X6.jpg
6728949797019706900035826,SUMATERA UTARA,ASAHAN,PULO BANDRING,GEDANGAN,TPS 03,2019-10-25 11:00:05,62,146,259,213,213,208,5,https://pemilu2019.kpu.go.id/img/c/900/035/900035826/9706-03-C-XXX-X5.jpg,https://pemilu2019.kpu.go.id/img/c/900/035/900035826/9706-03-C-XXX-X6.jpg
6728949797019706900035827,SUMATERA UTARA,ASAHAN,PULO BANDRING,GEDANGAN,TPS 04,2019-10-25 11:00:05,95,154,295,250,250,249,1,https://pemilu2019.kpu.go.id/img/c/900/035/900035827/9706-04-C-XXX-X5.jpg,https://pemilu2019.kpu.go.id/img/c/900/035/900035827/9706-04-C-XXX-X6.jpg
6728949797019706900035828,SUMATERA UTARA,ASAHAN,PULO BANDRING,GEDANGAN,TPS 05,2019-10-25 11:00:05,95,134,276,237,237,229,8,https://pemilu2019.kpu.go.id/img/c/900/035/900035828/9706-05-C-XXX-X5.jpg,https://pemilu2019.kpu.go.id/img/c/900/035/900035828/9706-05-C-XXX-X6.jpg
6728949797019706900035829,SUMATERA UTARA,ASAHAN,PULO BANDRING,GEDANGAN,TPS 06,2019-10-25 11:00:05,54,154,245,211,211,208,3,https://pemilu2019.kpu.go.id/img/c/900/035/900035829/9706-06-C-XXX-X5.jpg,https://pemilu2019.kpu.go.id/img/c/900/035/900035829/9706-06-C-XXX-X6.jpg
6728949797019706900035830,SUMATERA UTARA,ASAHAN,PULO BANDRING,GEDANGAN,TPS 07,2019-10-25 11:00:05,52,131,244,189,189,183,6,https://pemilu2019.kpu.go.id/img/c/900/035/900035830/9706-07-C-XXX-X5.jpg,https://pemilu2019.kpu.go.id/img/c/900/035/900035830/9706-07-C-XXX-X6.jpg
6728949797019706900035831,SUMATERA UTARA,ASAHAN,PULO BANDRING,GEDANGAN,TPS 08,2019-10-25 11:00:05,45,193,286,243,243,238,5,https://pemilu2019.kpu.go.id/img/c/900/035/900035831/9706-08-C-XXX-X5.jpg,https://pemilu2019.kpu.go.id/img/c/900/035/900035831/9706-08-C-XXX-X6.jpg
6728949797019706900035832,SUMATERA UTARA,ASAHAN,PULO BANDRING,GEDANGAN,TPS 09,2019-10-25 11:00:05,78,168,295,252,252,246,6,https://pemilu2019.kpu.go.id/img/c/900/035/900035832/9706-09-C-XXX-X5.jpg,https://pemilu2019.kpu.go.id/img/c/900/035/900035832/9706-09-C-XXX-X6.jpg
6728949797019706900035833,SUMATERA UTARA,ASAHAN,PULO BANDRING,GEDANGAN,TPS 10,2019-10-25 11:00:05,99,155,289,262,262,254,8,https://pemilu2019.kpu.go.id/img/c/900/035/900035833/9706-10-C-XXX-X5.jpg,https://pemilu2019.kpu.go.id/img/c/900/035/900035833/9706-10-C-XXX-X6.jpg
6728949797019706900035834,SUMATERA UTARA,ASAHAN,PULO BANDRING,GEDANGAN,TPS 11,2019-10-25 11:00:05,37,139,253,177,177,176,1,https://pemilu2019.kpu.go.id/img/c/900/035/900035834/9706-11-C-XXX-X5.jpg,https://pemilu2019.kpu.go.id/img/c/900/035/900035834/9706-11-C-XXX-X6.jpg
6728949797019703900035798,SUMATERA UTARA,ASAHAN,PULO BANDRING,PERHUTAAN SILAU,TPS 1,2019-10-25 11:00:05,76,114,239,194,194,190,4,https://pemilu2019.kpu.go.id/img/c/900/035/900035798/9703-1-C1-PPWP-X1.jpg,https://pemilu2019.kpu.go.id/img/c/900/035/900035798/9703-1-C1-PPWP-X2.jpg
6728949797019703900035799,SUMATERA UTARA,ASAHAN,PULO BANDRING,PERHUTAAN SILAU,TPS 2,2019-10-25 11:00:05,74,113,221,195,195,187,8,https://pemilu2019.kpu.go.id/img/c/900/035/900035799/9703-2-C1-PPWP-X1.jpg,https://pemilu2019.kpu.go.id/img/c/900/035/900035799/9703-2-C1-PPWP-X2.jpg
6728949797019703900035800,SUMATERA UTARA,ASAHAN,PULO BANDRING,PERHUTAAN SILAU,TPS 3,2019-10-25 11:00:05,71,114,250,188,188,185,3,https://pemilu2019.kpu.go.id/img/c/900/035/900035800/1-9703-3-C1-PPWP-X1.jpg,https://pemilu2019.kpu.go.id/img/c/900/035/900035800/1-9703-3-C1-PPWP-X2.jpg
6728949797019703900035801,SUMATERA UTARA,ASAHAN,PULO BANDRING,PERHUTAAN SILAU,TPS 4,2019-10-25 11:00:05,130,97,281,229,229,227,2,https://pemilu2019.kpu.go.id/img/c/900/035/900035801/9703-4-C-XXX-X5.jpg,https://pemilu2019.kpu.go.id/img/c/900/035/900035801/9703-4-C-XXX-X6.jpg
6728949797019703900035802,SUMATERA UTARA,ASAHAN,PULO BANDRING,PERHUTAAN SILAU,TPS 5,2019-10-25 11:00:05,122,86,253,214,214,208,6,https://pemilu2019.kpu.go.id/img/c/900/035/900035802/9703-5-C-XXX-X5.jpg,https://pemilu2019.kpu.go.id/img/c/900/035/900035802/9703-5-C-XXX-X6.jpg
6728949797019703900035803,SUMATERA UTARA,ASAHAN,PULO BANDRING,PERHUTAAN SILAU,TPS 6,2019-10-25 11:00:05,137,87,277,230,230,224,6,https://pemilu2019.kpu.go.id/img/c/900/035/900035803/9703-6-C-XXX-X5.jpg,https://pemilu2019.kpu.go.id/img/c/900/035/900035803/9703-6-C-XXX-X6.jpg
6728949797019703900035804,SUMATERA UTARA,ASAHAN,PULO BANDRING,PERHUTAAN SILAU,TPS 7,2019-10-25 11:00:05,162,85,285,254,254,247,7,https://pemilu2019.kpu.go.id/img/c/900/035/900035804/9703-7-C1-PPWP-X1.jpg,https://pemilu2019.kpu.go.id/img/c/900/035/900035804/9703-7-C1-PPWP-X2.jpg
6728949797019703900035805,SUMATERA UTARA,ASAHAN,PULO BANDRING,PERHUTAAN SILAU,TPS 8,2019-10-25 11:00:05,125,106,306,245,245,231,14,https://pemilu2019.kpu.go.id/img/c/900/035/900035805/9703-8-C-XXX-X5.jpg,https://pemilu2019.kpu.go.id/img/c/900/035/900035805/9703-8-C-XXX-X6.jpg
6728949797019703900035806,SUMATERA UTARA,ASAHAN,PULO BANDRING,PERHUTAAN SILAU,TPS 9,2019-10-25 11:00:05,73,106,224,184,184,179,5,https://pemilu2019.kpu.go.id/img/c/900/035/900035806/9703-9-C-XXX-X5.jpg,https://pemilu2019.kpu.go.id/img/c/900/035/900035806/9703-9-C-XXX-X6.jpg
6728949797019708900035840,SUMATERA UTARA,ASAHAN,PULO BANDRING,PULO BANDRING,TPS 1,2019-10-25 11:00:05,104,125,298,233,233,229,4,https://pemilu2019.kpu.go.id/img/c/900/035/900035840/9708-1-C-XXX-X5.jpg,https://pemilu2019.kpu.go.id/img/c/900/035/900035840/9708-1-C-XXX-X6.jpg
6728949797019708900035841,SUMATERA UTARA,ASAHAN,PULO BANDRING,PULO BANDRING,TPS 2,2019-10-25 11:00:05,104,117,288,228,228,221,7,https://pemilu2019.kpu.go.id/img/c/900/035/900035841/9708-2-C1-PPWP-X1.jpg,https://pemilu2019.kpu.go.id/img/c/900/035/900035841/9708-2-C1-PPWP-X2.jpg
6728949797019708900035842,SUMATERA UTARA,ASAHAN,PULO BANDRING,PULO BANDRING,TPS 3,2019-10-25 11:00:05,38,144,201,185,185,182,3,https://pemilu2019.kpu.go.id/img/c/900/035/900035842/9708-3-C-XXX-X5.jpg,https://pemilu2019.kpu.go.id/img/c/900/035/900035842/9708-3-C-XXX-X6.jpg
6728949797019708900035843,SUMATERA UTARA,ASAHAN,PULO BANDRING,PULO BANDRING,TPS 4,2019-10-25 11:00:05,107,120,304,239,239,227,12,https://pemilu2019.kpu.go.id/img/c/900/035/900035843/9708-4-C-XXX-X5.jpg,https://pemilu2019.kpu.go.id/img/c/900/035/900035843/9708-4-C-XXX-X6.jpg
6728949797019708900035844,SUMATERA UTARA,ASAHAN,PULO BANDRING,PULO BANDRING,TPS 5,2019-10-25 11:00:05,102,130,286,237,237,232,5,https://pemilu2019.kpu.go.id/img/c/900/035/900035844/9708-5-C-XXX-X5.jpg,https://pemilu2019.kpu.go.id/img/c/900/035/900035844/9708-5-C-XXX-X6.jpg
6728949797019708900035845,SUMATERA UTARA,ASAHAN,PULO BANDRING,PULO BANDRING,TPS 6,2019-10-25 11:00:05,124,124,297,250,250,248,2,https://pemilu2019.kpu.go.id/img/c/900/035/900035845/9708-6-C-XXX-X5.jpg,https://pemilu2019.kpu.go.id/img/c/900/035/900035845/9708-6-C-XXX-X6.jpg
6728949797019708900035846,SUMATERA UTARA,ASAHAN,PULO BANDRING,PULO BANDRING,TPS 7,2019-10-25 11:00:05,86,140,294,229,229,226,3,https://pemilu2019.kpu.go.id/img/c/900/035/900035846/9708-7-C1-PPWP-X1.jpg,https://pemilu2019.kpu.go.id/img/c/900/035/900035846/9708-7-C1-PPWP-X2.jpg
6728949797019708900035847,SUMATERA UTARA,ASAHAN,PULO BANDRING,PULO BANDRING,TPS 8,2019-10-25 11:00:05,82,131,247,217,217,213,4,https://pemilu2019.kpu.go.id/img/c/900/035/900035847/9708-8-C1-PPWP-X1.jpg,https://pemilu2019.kpu.go.id/img/c/900/035/900035847/9708-8-C1-PPWP-X2.jpg
6728949797019708900035848,SUMATERA UTARA,ASAHAN,PULO BANDRING,PULO BANDRING,TPS 9,2019-10-25 11:00:05,103,110,271,218,218,213,5,https://pemilu2019.kpu.go.id/img/c/900/035/900035848/9708-9-C-XXX-X5.jpg,https://pemilu2019.kpu.go.id/img/c/900/035/900035848/9708-9-C-XXX-X6.jpg
6728949797019709900035849,SUMATERA UTARA,ASAHAN,PULO BANDRING,SIDOMULYO,TPS 1,2019-10-25 11:00:05,137,88,270,230,230,225,5,https://pemilu2019.kpu.go.id/img/c/900/035/900035849/9709-1-C-XXX-X5.jpg,https://pemilu2019.kpu.go.id/img/c/900/035/900035849/9709-1-C-XXX-X6.jpg
6728949797019709900035850,SUMATERA UTARA,ASAHAN,PULO BANDRING,SIDOMULYO,TPS 2,2019-10-25 11:00:05,100,104,294,207,207,204,3,https://pemilu2019.kpu.go.id/img/c/900/035/900035850/9709-2-C1-PPWP-X1.jpg,https://pemilu2019.kpu.go.id/img/c/900/035/900035850/9709-2-C1-PPWP-X2.jpg
6728949797019709900035851,SUMATERA UTARA,ASAHAN,PULO BANDRING,SIDOMULYO,TPS 3,2019-10-25 11:00:05,56,138,268,194,194,194,0,https://pemilu2019.kpu.go.id/img/c/900/035/900035851/9709-3-C-XXX-X5.jpg,https://pemilu2019.kpu.go.id/img/c/900/035/900035851/9709-3-C-XXX-X6.jpg
6728949797019709900035852,SUMATERA UTARA,ASAHAN,PULO BANDRING,SIDOMULYO,TPS 4,2019-10-25 11:00:05,62,123,300,191,191,185,6,https://pemilu2019.kpu.go.id/img/c/900/035/900035852/9709-4-C-XXX-X5.jpg,https://pemilu2019.kpu.go.id/img/c/900/035/900035852/9709-4-C-XXX-X6.jpg
6728949797019709900035853,SUMATERA UTARA,ASAHAN,PULO BANDRING,SIDOMULYO,TPS 5,2019-10-25 11:00:05,69,128,277,198,198,197,1,https://pemilu2019.kpu.go.id/img/c/900/035/900035853/9709-5-C-XXX-X5.jpg,https://pemilu2019.kpu.go.id/img/c/900/035/900035853/9709-5-C-XXX-X6.jpg
6728949797019709900035854,SUMATERA UTARA,ASAHAN,PULO BANDRING,SIDOMULYO,TPS 6,2019-10-25 11:00:05,71,137,295,211,211,208,3,https://pemilu2019.kpu.go.id/img/c/900/035/900035854/9709-6-C-XXX-X5.jpg,https://pemilu2019.kpu.go.id/img/c/900/035/900035854/9709-6-C-XXX-X6.jpg
6728949797019709900035855,SUMATERA UTARA,ASAHAN,PULO BANDRING,SIDOMULYO,TPS 7,2019-10-25 11:00:05,72,120,276,196,196,192,4,https://pemilu2019.kpu.go.id/img/c/900/035/900035855/9709-7-C1-PPWP-X1.jpg,https://pemilu2019.kpu.go.id/img/c/900/035/900035855/9709-7-C1-PPWP-X2.jpg
6728949797019709900035856,SUMATERA UTARA,ASAHAN,PULO BANDRING,SIDOMULYO,TPS 8,2019-10-25 11:00:05,48,89,252,140,140,137,3,https://pemilu2019.kpu.go.id/img/c/900/035/900035856/9709-8-C-XXX-X5.jpg,https://pemilu2019.kpu.go.id/img/c/900/035/900035856/9709-8-C-XXX-X6.jpg
6728949797019702900035789,SUMATERA UTARA,ASAHAN,PULO BANDRING,SUKA DAMAI,TPS 1,2019-10-25 11:00:05,77,121,274,199,199,198,1,https://pemilu2019.kpu.go.id/img/c/900/035/900035789/3-9702-1-C1-PPWP-X1.jpg,https://pemilu2019.kpu.go.id/img/c/900/035/900035789/3-9702-1-C1-PPWP-X2.jpg
6728949797019702900035790,SUMATERA UTARA,ASAHAN,PULO BANDRING,SUKA DAMAI,TPS 2,2019-10-25 11:00:05,65,104,205,169,169,169,0,https://pemilu2019.kpu.go.id/img/c/900/035/900035790/9702-2-C-XXX-X5.jpg,https://pemilu2019.kpu.go.id/img/c/900/035/900035790/9702-2-C-XXX-X6.jpg
6728949797019702900035791,SUMATERA UTARA,ASAHAN,PULO BANDRING,SUKA DAMAI,TPS 3,2019-10-25 11:00:05,80,132,253,216,216,212,4,https://pemilu2019.kpu.go.id/img/c/900/035/900035791/9702-3-C-XXX-X5.jpg,https://pemilu2019.kpu.go.id/img/c/900/035/900035791/9702-3-C-XXX-X6.jpg
6728949797019702900035792,SUMATERA UTARA,ASAHAN,PULO BANDRING,SUKA DAMAI,TPS 4,2019-10-25 11:00:05,52,167,236,220,220,219,1,https://pemilu2019.kpu.go.id/img/c/900/035/900035792/9702-4-C-XXX-X5.jpg,https://pemilu2019.kpu.go.id/img/c/900/035/900035792/9702-4-C-XXX-X6.jpg
6728949797019702900035793,SUMATERA UTARA,ASAHAN,PULO BANDRING,SUKA DAMAI,TPS 5,2019-10-25 11:00:05,115,115,291,241,241,230,11,https://pemilu2019.kpu.go.id/img/c/900/035/900035793/9702-5-C-XXX-X5.jpg,https://pemilu2019.kpu.go.id/img/c/900/035/900035793/9702-5-C-XXX-X6.jpg
6728949797019702900035794,SUMATERA UTARA,ASAHAN,PULO BANDRING,SUKA DAMAI,TPS 6,2019-10-25 11:00:05,100,135,289,239,239,235,4,https://pemilu2019.kpu.go.id/img/c/900/035/900035794/9702-6-C-XXX-X5.jpg,https://pemilu2019.kpu.go.id/img/c/900/035/900035794/9702-6-C-XXX-X6.jpg
6728949797019702900035795,SUMATERA UTARA,ASAHAN,PULO BANDRING,SUKA DAMAI,TPS 7,2019-10-25 11:00:05,92,145,294,241,241,237,4,https://pemilu2019.kpu.go.id/img/c/900/035/900035795/9702-7-C-XXX-X5.jpg,https://pemilu2019.kpu.go.id/img/c/900/035/900035795/9702-7-C-XXX-X6.jpg
6728949797019702900035796,SUMATERA UTARA,ASAHAN,PULO BANDRING,SUKA DAMAI,TPS 8,2019-10-25 11:00:05,115,79,279,219,219,212,7,https://pemilu2019.kpu.go.id/img/c/900/035/900035796/2-9702-8-C1-PPWP-X1.jpg,https://pemilu2019.kpu.go.id/img/c/900/035/900035796/2-9702-8-C1-PPWP-X2.jpg
6728949797019702900035797,SUMATERA UTARA,ASAHAN,PULO BANDRING,SUKA DAMAI,TPS 9,2019-10-25 11:00:05,68,127,251,200,200,195,5,https://pemilu2019.kpu.go.id/img/c/900/035/900035797/9702-9-C-XXX-X5.jpg,https://pemilu2019.kpu.go.id/img/c/900/035/900035797/9702-9-C-XXX-X6.jpg
6728949797019710900035857,SUMATERA UTARA,ASAHAN,PULO BANDRING,SUKA DAMAI BARAT,TPS 1,2019-10-25 11:00:05,56,98,189,164,164,154,10,https://pemilu2019.kpu.go.id/img/c/900/035/900035857/1-9710-1-C1-PPWP-X1.jpg,https://pemilu2019.kpu.go.id/img/c/900/035/900035857/1-9710-1-C1-PPWP-X2.jpg
6728949797019710900035858,SUMATERA UTARA,ASAHAN,PULO BANDRING,SUKA DAMAI BARAT,TPS 2,2019-10-25 11:00:05,58,155,251,221,221,213,8,https://pemilu2019.kpu.go.id/img/c/900/035/900035858/2-9710-2-C1-PPWP-X1.jpg,https://pemilu2019.kpu.go.id/img/c/900/035/900035858/2-9710-2-C1-PPWP-X2.jpg
6728949797019710900035859,SUMATERA UTARA,ASAHAN,PULO BANDRING,SUKA DAMAI BARAT,TPS 3,2019-10-25 11:00:05,52,174,251,229,229,226,3,https://pemilu2019.kpu.go.id/img/c/900/035/900035859/1-9710-3-C-XXX-X5.jpg,https://pemilu2019.kpu.go.id/img/c/900/035/900035859/1-9710-3-C-XXX-X6.jpg
6728949797019710900035860,SUMATERA UTARA,ASAHAN,PULO BANDRING,SUKA DAMAI BARAT,TPS 4,2019-10-25 11:00:05,123,114,288,241,241,237,4,https://pemilu2019.kpu.go.id/img/c/900/035/900035860/1-9710-4-C1-PPWP-X1.jpg,https://pemilu2019.kpu.go.id/img/c/900/035/900035860/1-9710-4-C1-PPWP-X2.jpg
6728949797019710900035861,SUMATERA UTARA,ASAHAN,PULO BANDRING,SUKA DAMAI BARAT,TPS 5,2019-10-25 11:00:05,79,147,272,228,228,226,2,https://pemilu2019.kpu.go.id/img/c/900/035/900035861/1-9710-5-C-XXX-X5.jpg,https://pemilu2019.kpu.go.id/img/c/900/035/900035861/1-9710-5-C-XXX-X6.jpg
6728949797019710900035862,SUMATERA UTARA,ASAHAN,PULO BANDRING,SUKA DAMAI BARAT,TPS 6,2019-10-25 11:00:05,66,155,256,224,224,221,3,https://pemilu2019.kpu.go.id/img/c/900/035/900035862/1-9710-6-C1-PPWP-X1.jpg,https://pemilu2019.kpu.go.id/img/c/900/035/900035862/1-9710-6-C1-PPWP-X2.jpg
6728949797019710900035863,SUMATERA UTARA,ASAHAN,PULO BANDRING,SUKA DAMAI BARAT,TPS 7,2019-10-25 11:00:05,96,141,262,239,239,237,2,https://pemilu2019.kpu.go.id/img/c/900/035/900035863/1-9710-7-C-XXX-X5.jpg,https://pemilu2019.kpu.go.id/img/c/900/035/900035863/1-9710-7-C-XXX-X6.jpg
6728949797019710900035864,SUMATERA UTARA,ASAHAN,PULO BANDRING,SUKA DAMAI BARAT,TPS 8,2019-10-25 11:00:05,76,137,247,218,218,213,5,https://pemilu2019.kpu.go.id/img/c/900/035/900035864/1-9710-8-C-XXX-X5.jpg,https://pemilu2019.kpu.go.id/img/c/900/035/900035864/1-9710-8-C-XXX-X6.jpg
6728949797019707900035835,SUMATERA UTARA,ASAHAN,PULO BANDRING,SUKA MAKMUR,TPS 1,2019-10-25 11:00:05,126,77,270,206,206,203,3,https://pemilu2019.kpu.go.id/img/c/900/035/900035835/1-9707-1-C-XXX-X5.jpg,https://pemilu2019.kpu.go.id/img/c/900/035/900035835/1-9707-1-C-XXX-X6.jpg
6728949797019707900035836,SUMATERA UTARA,ASAHAN,PULO BANDRING,SUKA MAKMUR,TPS 2,2019-10-25 11:00:05,150,83,277,235,235,233,2,https://pemilu2019.kpu.go.id/img/c/900/035/900035836/2-9707-2-C-XXX-X5.jpg,https://pemilu2019.kpu.go.id/img/c/900/035/900035836/2-9707-2-C-XXX-X6.jpg
6728949797019707900035837,SUMATERA UTARA,ASAHAN,PULO BANDRING,SUKA MAKMUR,TPS 3,2019-10-25 11:00:05,100,115,268,220,220,215,5,https://pemilu2019.kpu.go.id/img/c/900/035/900035837/1-9707-3-C-XXX-X5.jpg,https://pemilu2019.kpu.go.id/img/c/900/035/900035837/1-9707-3-C-XXX-X6.jpg
6728949797019707900035838,SUMATERA UTARA,ASAHAN,PULO BANDRING,SUKA MAKMUR,TPS 4,2019-10-25 11:00:05,93,92,264,193,193,185,8,https://pemilu2019.kpu.go.id/img/c/900/035/900035838/1-9707-4-C-XXX-X5.jpg,https://pemilu2019.kpu.go.id/img/c/900/035/900035838/1-9707-4-C-XXX-X6.jpg
6728949797019707900035839,SUMATERA UTARA,ASAHAN,PULO BANDRING,SUKA MAKMUR,TPS 5,2019-10-25 11:00:05,99,69,230,176,176,168,8,https://pemilu2019.kpu.go.id/img/c/900/035/900035839/3-9707-5-C-XXX-X5.jpg,https://pemilu2019.kpu.go.id/img/c/900/035/900035839/3-9707-5-C-XXX-X6.jpg
6728949797019705900035817,SUMATERA UTARA,ASAHAN,PULO BANDRING,TAMAN SARI,TPS 1,2019-10-25 11:00:05,66,161,294,234,234,227,7,https://pemilu2019.kpu.go.id/img/c/900/035/900035817/1-9705-1-C-XXX-X5.jpg,https://pemilu2019.kpu.go.id/img/c/900/035/900035817/1-9705-1-C-XXX-X6.jpg
6728949797019705900035818,SUMATERA UTARA,ASAHAN,PULO BANDRING,TAMAN SARI,TPS 2,2019-10-25 11:00:05,78,117,285,199,199,195,4,https://pemilu2019.kpu.go.id/img/c/900/035/900035818/1-9705-2-C1-PPWP-X1.jpg,https://pemilu2019.kpu.go.id/img/c/900/035/900035818/1-9705-2-C1-PPWP-X2.jpg
6728949797019705900035819,SUMATERA UTARA,ASAHAN,PULO BANDRING,TAMAN SARI,TPS 3,2019-10-25 11:00:05,89,92,218,184,184,181,3,https://pemilu2019.kpu.go.id/img/c/900/035/900035819/1-9705-3-C-XXX-X5.jpg,https://pemilu2019.kpu.go.id/img/c/900/035/900035819/1-9705-3-C-XXX-X6.jpg
6728949797019705900035820,SUMATERA UTARA,ASAHAN,PULO BANDRING,TAMAN SARI,TPS 4,2019-10-25 11:00:05,89,51,170,140,140,140,0,https://pemilu2019.kpu.go.id/img/c/900/035/900035820/1-9705-4-C-XXX-X5.jpg,https://pemilu2019.kpu.go.id/img/c/900/035/900035820/1-9705-4-C-XXX-X6.jpg
6728949797019705900035821,SUMATERA UTARA,ASAHAN,PULO BANDRING,TAMAN SARI,TPS 5,2019-10-25 11:00:05,78,118,261,198,198,196,2,https://pemilu2019.kpu.go.id/img/c/900/035/900035821/1-9705-5-C-XXX-X5.jpg,https://pemilu2019.kpu.go.id/img/c/900/035/900035821/1-9705-5-C-XXX-X6.jpg
6728949797019705900035822,SUMATERA UTARA,ASAHAN,PULO BANDRING,TAMAN SARI,TPS 6,2019-10-25 11:00:05,61,106,252,171,171,167,4,https://pemilu2019.kpu.go.id/img/c/900/035/900035822/1-9705-6-C-XXX-X5.jpg,https://pemilu2019.kpu.go.id/img/c/900/035/900035822/1-9705-6-C-XXX-X6.jpg
6728949797019705900035823,SUMATERA UTARA,ASAHAN,PULO BANDRING,TAMAN SARI,TPS 7,2019-10-25 11:00:05,61,87,224,149,149,148,1,https://pemilu2019.kpu.go.id/img/c/900/035/900035823/1-9705-7-C-XXX-X5.jpg,https://pemilu2019.kpu.go.id/img/c/900/035/900035823/1-9705-7-C-XXX-X6.jpg
6728949797019704900035807,SUMATERA UTARA,ASAHAN,PULO BANDRING,TANAH RAKYAT,TPS 01,2019-10-25 11:00:05,92,106,251,203,203,198,5,https://pemilu2019.kpu.go.id/img/c/900/035/900035807/1-9704-01-C-XXX-X5.jpg,https://pemilu2019.kpu.go.id/img/c/900/035/900035807/1-9704-01-C-XXX-X6.jpg
6728949797019704900035808,SUMATERA UTARA,ASAHAN,PULO BANDRING,TANAH RAKYAT,TPS 02,2019-10-25 11:00:05,104,124,259,232,232,228,4,https://pemilu2019.kpu.go.id/img/c/900/035/900035808/1-9704-02-C1-PPWP-X1.jpg,https://pemilu2019.kpu.go.id/img/c/900/035/900035808/1-9704-02-C1-PPWP-X2.jpg
6728949797019704900035809,SUMATERA UTARA,ASAHAN,PULO BANDRING,TANAH RAKYAT,TPS 03,2019-10-25 11:00:05,62,106,197,175,175,168,7,https://pemilu2019.kpu.go.id/img/c/900/035/900035809/1-9704-03-C-XXX-X5.jpg,https://pemilu2019.kpu.go.id/img/c/900/035/900035809/1-9704-03-C-XXX-X6.jpg
6728949797019704900035810,SUMATERA UTARA,ASAHAN,PULO BANDRING,TANAH RAKYAT,TPS 04,2019-10-25 11:00:05,51,152,240,205,205,203,2,https://pemilu2019.kpu.go.id/img/c/900/035/900035810/1-9704-04-C-XXX-X5.jpg,https://pemilu2019.kpu.go.id/img/c/900/035/900035810/1-9704-04-C-XXX-X6.jpg
6728949797019704900035811,SUMATERA UTARA,ASAHAN,PULO BANDRING,TANAH RAKYAT,TPS 05,2019-10-25 11:00:05,80,137,267,221,221,217,4,https://pemilu2019.kpu.go.id/img/c/900/035/900035811/1-9704-05-C-XXX-X5.jpg,https://pemilu2019.kpu.go.id/img/c/900/035/900035811/1-9704-05-C-XXX-X6.jpg
6728949797019704900035812,SUMATERA UTARA,ASAHAN,PULO BANDRING,TANAH RAKYAT,TPS 06,2019-10-25 11:00:05,78,134,255,221,221,212,9,https://pemilu2019.kpu.go.id/img/c/900/035/900035812/1-9704-06-C-XXX-X5.jpg,https://pemilu2019.kpu.go.id/img/c/900/035/900035812/1-9704-06-C-XXX-X6.jpg
6728949797019704900035813,SUMATERA UTARA,ASAHAN,PULO BANDRING,TANAH RAKYAT,TPS 07,2019-10-25 11:00:05,106,152,307,267,267,258,9,https://pemilu2019.kpu.go.id/img/c/900/035/900035813/1-9704-07-C1-PPWP-X1.jpg,https://pemilu2019.kpu.go.id/img/c/900/035/900035813/1-9704-07-C1-PPWP-X2.jpg
6728949797019704900035814,SUMATERA UTARA,ASAHAN,PULO BANDRING,TANAH RAKYAT,TPS 08,2019-10-25 11:00:05,127,94,301,231,231,221,10,https://pemilu2019.kpu.go.id/img/c/900/035/900035814/1-9704-08-C1-PPWP-X1.jpg,https://pemilu2019.kpu.go.id/img/c/900/035/900035814/1-9704-08-C1-PPWP-X2.jpg
6728949797019704900035815,SUMATERA UTARA,ASAHAN,PULO BANDRING,TANAH RAKYAT,TPS 09,2019-10-25 11:00:05,114,131,296,256,256,245,11,https://pemilu2019.kpu.go.id/img/c/900/035/900035815/1-9704-09-C1-PPWP-X1.jpg,https://pemilu2019.kpu.go.id/img/c/900/035/900035815/1-9704-09-C1-PPWP-X2.jpg
6728949797019704900035816,SUMATERA UTARA,ASAHAN,PULO BANDRING,TANAH RAKYAT,TPS 10,2019-10-25 11:00:05,129,132,289,266,266,261,5,https://pemilu2019.kpu.go.id/img/c/900/035/900035816/1-9704-10-C-XXX-X5.jpg,https://pemilu2019.kpu.go.id/img/c/900/035/900035816/1-9704-10-C-XXX-X6.jpg
6728949796419645900035316,SUMATERA UTARA,ASAHAN,RAHUNING,BATU ANAM,TPS 01,2019-10-25 11:00:05,42,92,166,134,134,134,0,https://pemilu2019.kpu.go.id/img/c/900/035/900035316/1-9645-01-C-XXX-X5.jpg,https://pemilu2019.kpu.go.id/img/c/900/035/900035316/1-9645-01-C-XXX-X6.jpg
6728949796419645900035317,SUMATERA UTARA,ASAHAN,RAHUNING,BATU ANAM,TPS 02,2019-10-25 11:00:05,71,131,233,204,204,202,2,https://pemilu2019.kpu.go.id/img/c/900/035/900035317/1-9645-02-C1-PPWP-X1.jpg,https://pemilu2019.kpu.go.id/img/c/900/035/900035317/1-9645-02-C1-PPWP-X2.jpg
6728949796419645900035318,SUMATERA UTARA,ASAHAN,RAHUNING,BATU ANAM,TPS 03,2019-10-25 11:00:05,49,166,246,215,215,215,0,https://pemilu2019.kpu.go.id/img/c/900/035/900035318/1-9645-03-C-XXX-X5.jpg,https://pemilu2019.kpu.go.id/img/c/900/035/900035318/1-9645-03-C-XXX-X6.jpg
6728949796419645900035319,SUMATERA UTARA,ASAHAN,RAHUNING,BATU ANAM,TPS 04,2019-10-25 11:00:05,85,101,208,188,188,186,2,https://pemilu2019.kpu.go.id/img/c/900/035/900035319/1-9645-04-C-XXX-X5.jpg,https://pemilu2019.kpu.go.id/img/c/900/035/900035319/1-9645-04-C-XXX-X6.jpg
6728949796419645900035320,SUMATERA UTARA,ASAHAN,RAHUNING,BATU ANAM,TPS 05,2019-10-25 11:00:05,45,89,162,135,135,134,1,https://pemilu2019.kpu.go.id/img/c/900/035/900035320/1-9645-05-C-XXX-X5.jpg,https://pemilu2019.kpu.go.id/img/c/900/035/900035320/1-9645-05-C-XXX-X6.jpg
6728949796419645900035321,SUMATERA UTARA,ASAHAN,RAHUNING,BATU ANAM,TPS 06,2019-10-25 11:00:05,108,101,264,214,214,209,5,https://pemilu2019.kpu.go.id/img/c/900/035/900035321/1-9645-06-C1-PPWP-X1.jpg,https://pemilu2019.kpu.go.id/img/c/900/035/900035321/1-9645-06-C1-PPWP-X2.jpg
6728949796419645900035322,SUMATERA UTARA,ASAHAN,RAHUNING,BATU ANAM,TPS 07,2019-10-25 11:00:05,97,79,233,180,180,176,4,https://pemilu2019.kpu.go.id/img/c/900/035/900035322/1-9645-07-C1-PPWP-X1.jpg,https://pemilu2019.kpu.go.id/img/c/900/035/900035322/1-9645-07-C1-PPWP-X2.jpg
6728949796419645900035323,SUMATERA UTARA,ASAHAN,RAHUNING,BATU ANAM,TPS 08,2019-10-25 11:00:05,53,131,240,189,189,184,5,https://pemilu2019.kpu.go.id/img/c/900/035/900035323/1-9645-08-C-XXX-X5.jpg,https://pemilu2019.kpu.go.id/img/c/900/035/900035323/1-9645-08-C-XXX-X6.jpg
6728949796419645900035324,SUMATERA UTARA,ASAHAN,RAHUNING,BATU ANAM,TPS 09,2019-10-25 11:00:05,25,61,113,86,86,86,0,https://pemilu2019.kpu.go.id/img/c/900/035/900035324/1-9645-09-C-XXX-X5.jpg,https://pemilu2019.kpu.go.id/img/c/900/035/900035324/1-9645-09-C-XXX-X6.jpg
6728949796419645900035325,SUMATERA UTARA,ASAHAN,RAHUNING,BATU ANAM,TPS 10,2019-10-25 11:00:05,25,57,107,83,83,82,1,https://pemilu2019.kpu.go.id/img/c/900/035/900035325/1-9645-10-C1-PPWP-X1.jpg,https://pemilu2019.kpu.go.id/img/c/900/035/900035325/1-9645-10-C1-PPWP-X2.jpg
6728949796419645900035326,SUMATERA UTARA,ASAHAN,RAHUNING,BATU ANAM,TPS 11,2019-10-25 11:00:05,34,109,193,144,144,143,1,https://pemilu2019.kpu.go.id/img/c/900/035/900035326/1-9645-11-C-XXX-X5.jpg,https://pemilu2019.kpu.go.id/img/c/900/035/900035326/1-9645-11-C-XXX-X6.jpg
6728949796419645900035327,SUMATERA UTARA,ASAHAN,RAHUNING,BATU ANAM,TPS 12,2019-10-25 11:00:05,102,130,277,232,232,232,0,https://pemilu2019.kpu.go.id/img/c/900/035/900035327/1-9645-12-C-XXX-X5.jpg,https://pemilu2019.kpu.go.id/img/c/900/035/900035327/1-9645-12-C-XXX-X6.jpg
6728949796419645900035328,SUMATERA UTARA,ASAHAN,RAHUNING,BATU ANAM,TPS 13,2019-10-25 11:00:05,48,108,191,157,157,156,1,https://pemilu2019.kpu.go.id/img/c/900/035/900035328/1-9645-13-C-XXX-X5.jpg,https://pemilu2019.kpu.go.id/img/c/900/035/900035328/1-9645-13-C-XXX-X6.jpg
6728949796419645900035329,SUMATERA UTARA,ASAHAN,RAHUNING,BATU ANAM,TPS 14,2019-10-25 11:00:05,34,89,176,124,124,123,1,https://pemilu2019.kpu.go.id/img/c/900/035/900035329/1-9645-14-C-XXX-X5.jpg,https://pemilu2019.kpu.go.id/img/c/900/035/900035329/1-9645-14-C-XXX-X6.jpg
6728949796419645900035330,SUMATERA UTARA,ASAHAN,RAHUNING,BATU ANAM,TPS 15,2019-10-25 11:00:05,32,24,79,56,56,56,0,https://pemilu2019.kpu.go.id/img/c/900/035/900035330/1-9645-15-C-XXX-X5.jpg,https://pemilu2019.kpu.go.id/img/c/900/035/900035330/1-9645-15-C-XXX-X6.jpg
6728949796419645900035331,SUMATERA UTARA,ASAHAN,RAHUNING,BATU ANAM,TPS 16,2019-10-25 11:00:05,45,101,170,146,146,146,0,https://pemilu2019.kpu.go.id/img/c/900/035/900035331/1-9645-16-C-XXX-X5.jpg,https://pemilu2019.kpu.go.id/img/c/900/035/900035331/1-9645-16-C-XXX-X6.jpg
6728949796419644900035309,SUMATERA UTARA,ASAHAN,RAHUNING,GUNUNG MELAYU,TPS 1,2019-10-25 11:00:05,50,120,208,173,173,170,3,https://pemilu2019.kpu.go.id/img/c/900/035/900035309/1-9644-1-C-XXX-X5.jpg,https://pemilu2019.kpu.go.id/img/c/900/035/900035309/1-9644-1-C-XXX-X6.jpg
6728949796419644900035310,SUMATERA UTARA,ASAHAN,RAHUNING,GUNUNG MELAYU,TPS 2,2019-10-25 11:00:05,59,139,233,200,200,198,2,https://pemilu2019.kpu.go.id/img/c/900/035/900035310/1-9644-2-C-XXX-X5.jpg,https://pemilu2019.kpu.go.id/img/c/900/035/900035310/1-9644-2-C-XXX-X6.jpg
6728949796419644900035311,SUMATERA UTARA,ASAHAN,RAHUNING,GUNUNG MELAYU,TPS 3,2019-10-25 11:00:05,38,124,212,162,162,162,0,https://pemilu2019.kpu.go.id/img/c/900/035/900035311/1-9644-3-C-XXX-X5.jpg,https://pemilu2019.kpu.go.id/img/c/900/035/900035311/1-9644-3-C-XXX-X6.jpg
6728949796419644900035312,SUMATERA UTARA,ASAHAN,RAHUNING,GUNUNG MELAYU,TPS 4,2019-10-25 11:00:05,21,99,145,121,121,120,1,https://pemilu2019.kpu.go.id/img/c/900/035/900035312/1-9644-4-C1-PPWP-X1.jpg,https://pemilu2019.kpu.go.id/img/c/900/035/900035312/1-9644-4-C1-PPWP-X2.jpg
6728949796419644900035313,SUMATERA UTARA,ASAHAN,RAHUNING,GUNUNG MELAYU,TPS 5,2019-10-25 11:00:05,86,95,210,182,182,181,1,https://pemilu2019.kpu.go.id/img/c/900/035/900035313/2-9644-5-C-XXX-X5.jpg,https://pemilu2019.kpu.go.id/img/c/900/035/900035313/2-9644-5-C-XXX-X6.jpg
6728949796419644900035314,SUMATERA UTARA,ASAHAN,RAHUNING,GUNUNG MELAYU,TPS 6,2019-10-25 11:00:05,13,59,86,72,72,72,0,https://pemilu2019.kpu.go.id/img/c/900/035/900035314/1-9644-6-C-XXX-X5.jpg,https://pemilu2019.kpu.go.id/img/c/900/035/900035314/1-9644-6-C-XXX-X6.jpg
6728949796419644900035315,SUMATERA UTARA,ASAHAN,RAHUNING,GUNUNG MELAYU,TPS 7,2019-10-25 11:00:05,33,120,188,155,155,153,2,https://pemilu2019.kpu.go.id/img/c/900/035/900035315/1-9644-7-C-XXX-X5.jpg,https://pemilu2019.kpu.go.id/img/c/900/035/900035315/1-9644-7-C-XXX-X6.jpg
6728949796419646900035332,SUMATERA UTARA,ASAHAN,RAHUNING,PERKEBUNAN AEK NAGAGA,TPS 1,2019-10-25 11:00:05,94,110,262,208,208,204,4,https://pemilu2019.kpu.go.id/img/c/900/035/900035332/1-9646-1-C-XXX-X5.jpg,https://pemilu2019.kpu.go.id/img/c/900/035/900035332/1-9646-1-C-XXX-X6.jpg
6728949796419646900035333,SUMATERA UTARA,ASAHAN,RAHUNING,PERKEBUNAN AEK NAGAGA,TPS 2,2019-10-25 11:00:05,74,127,257,206,206,201,5,https://pemilu2019.kpu.go.id/img/c/900/035/900035333/1-9646-2-C-XXX-X5.jpg,https://pemilu2019.kpu.go.id/img/c/900/035/900035333/1-9646-2-C-XXX-X6.jpg
6728949796419646900035334,SUMATERA UTARA,ASAHAN,RAHUNING,PERKEBUNAN AEK NAGAGA,TPS 3,2019-10-25 11:00:05,58,136,264,199,199,194,5,https://pemilu2019.kpu.go.id/img/c/900/035/900035334/1-9646-3-C-XXX-X5.jpg,https://pemilu2019.kpu.go.id/img/c/900/035/900035334/1-9646-3-C-XXX-X6.jpg
6728949796419646900035335,SUMATERA UTARA,ASAHAN,RAHUNING,PERKEBUNAN AEK NAGAGA,TPS 4,2019-10-25 11:00:05,52,117,211,175,175,169,6,https://pemilu2019.kpu.go.id/img/c/900/035/900035335/1-9646-4-C-XXX-X5.jpg,https://pemilu2019.kpu.go.id/img/c/900/035/900035335/1-9646-4-C-XXX-X6.jpg
6728949796419646900035336,SUMATERA UTARA,ASAHAN,RAHUNING,PERKEBUNAN AEK NAGAGA,TPS 5,2019-10-25 11:00:05,69,110,205,183,183,179,4,https://pemilu2019.kpu.go.id/img/c/900/035/900035336/1-9646-5-C-XXX-X5.jpg,https://pemilu2019.kpu.go.id/img/c/900/035/900035336/1-9646-5-C-XXX-X6.jpg
6728949796419646900035337,SUMATERA UTARA,ASAHAN,RAHUNING,PERKEBUNAN AEK NAGAGA,TPS 6,2019-10-25 11:00:05,31,90,136,125,125,121,4,https://pemilu2019.kpu.go.id/img/c/900/035/900035337/2-9646-6-C-XXX-X5.jpg,https://pemilu2019.kpu.go.id/img/c/900/035/900035337/2-9646-6-C-XXX-X6.jpg
6728949796419646900035338,SUMATERA UTARA,ASAHAN,RAHUNING,PERKEBUNAN AEK NAGAGA,TPS 7,2019-10-25 11:00:05,28,76,137,104,104,104,0,https://pemilu2019.kpu.go.id/img/c/900/035/900035338/1-9646-7-C-XXX-X5.jpg,https://pemilu2019.kpu.go.id/img/c/900/035/900035338/1-9646-7-C-XXX-X6.jpg
6728949796419643900035297,SUMATERA UTARA,ASAHAN,RAHUNING,PERKEBUNAN GUNUNG MELAYU,TPS 01,2019-10-25 11:00:05,58,122,222,181,181,180,1,https://pemilu2019.kpu.go.id/img/c/900/035/900035297/1-9643-01-C-XXX-X5.jpg,https://pemilu2019.kpu.go.id/img/c/900/035/900035297/1-9643-01-C-XXX-X6.jpg
6728949796419643900035298,SUMATERA UTARA,ASAHAN,RAHUNING,PERKEBUNAN GUNUNG MELAYU,TPS 02,2019-10-25 11:00:05,45,149,224,197,197,194,3,https://pemilu2019.kpu.go.id/img/c/900/035/900035298/2-9643-02-C-XXX-X5.jpg,https://pemilu2019.kpu.go.id/img/c/900/035/900035298/2-9643-02-C-XXX-X6.jpg
6728949796419643900035299,SUMATERA UTARA,ASAHAN,RAHUNING,PERKEBUNAN GUNUNG MELAYU,TPS 03,2019-10-25 11:00:05,21,61,90,83,83,82,1,https://pemilu2019.kpu.go.id/img/c/900/035/900035299/1-9643-03-C-XXX-X5.jpg,https://pemilu2019.kpu.go.id/img/c/900/035/900035299/1-9643-03-C-XXX-X6.jpg
6728949796419643900035300,SUMATERA UTARA,ASAHAN,RAHUNING,PERKEBUNAN GUNUNG MELAYU,TPS 04,2019-10-25 11:00:05,18,189,230,209,209,207,2,https://pemilu2019.kpu.go.id/img/c/900/035/900035300/1-9643-04-C-XXX-X5.jpg,https://pemilu2019.kpu.go.id/img/c/900/035/900035300/1-9643-04-C-XXX-X6.jpg
6728949796419643900035301,SUMATERA UTARA,ASAHAN,RAHUNING,PERKEBUNAN GUNUNG MELAYU,TPS 05,2019-10-25 11:00:05,36,123,181,160,160,159,1,https://pemilu2019.kpu.go.id/img/c/900/035/900035301/2-9643-05-C-XXX-X5.jpg,https://pemilu2019.kpu.go.id/img/c/900/035/900035301/2-9643-05-C-XXX-X6.jpg
6728949796419643900035302,SUMATERA UTARA,ASAHAN,RAHUNING,PERKEBUNAN GUNUNG MELAYU,TPS 06,2019-10-25 11:00:05,26,109,164,139,139,135,4,https://pemilu2019.kpu.go.id/img/c/900/035/900035302/1-9643-06-C-XXX-X5.jpg,https://pemilu2019.kpu.go.id/img/c/900/035/900035302/1-9643-06-C-XXX-X6.jpg
6728949796419643900035303,SUMATERA UTARA,ASAHAN,RAHUNING,PERKEBUNAN GUNUNG MELAYU,TPS 07,2019-10-25 11:00:05,44,146,211,191,191,190,1,https://pemilu2019.kpu.go.id/img/c/900/035/900035303/1-9643-07-C-XXX-X5.jpg,https://pemilu2019.kpu.go.id/img/c/900/035/900035303/1-9643-07-C-XXX-X6.jpg
6728949796419643900035304,SUMATERA UTARA,ASAHAN,RAHUNING,PERKEBUNAN GUNUNG MELAYU,TPS 08,2019-10-25 11:00:05,40,118,190,162,162,158,4,https://pemilu2019.kpu.go.id/img/c/900/035/900035304/3-9643-08-C-XXX-X5.jpg,https://pemilu2019.kpu.go.id/img/c/900/035/900035304/3-9643-08-C-XXX-X6.jpg
6728949796419643900035305,SUMATERA UTARA,ASAHAN,RAHUNING,PERKEBUNAN GUNUNG MELAYU,TPS 09,2019-10-25 11:00:05,60,110,230,171,171,170,1,https://pemilu2019.kpu.go.id/img/c/900/035/900035305/2-9643-09-C-XXX-X5.jpg,https://pemilu2019.kpu.go.id/img/c/900/035/900035305/2-9643-09-C-XXX-X6.jpg
6728949796419643900035306,SUMATERA UTARA,ASAHAN,RAHUNING,PERKEBUNAN GUNUNG MELAYU,TPS 10,2019-10-25 11:00:05,60,122,246,187,187,182,5,https://pemilu2019.kpu.go.id/img/c/900/035/900035306/2-9643-10-C-XXX-X5.jpg,https://pemilu2019.kpu.go.id/img/c/900/035/900035306/2-9643-10-C-XXX-X6.jpg
6728949796419643900035307,SUMATERA UTARA,ASAHAN,RAHUNING,PERKEBUNAN GUNUNG MELAYU,TPS 11,2019-10-25 11:00:05,15,84,113,101,101,99,2,https://pemilu2019.kpu.go.id/img/c/900/035/900035307/1-9643-11-C-XXX-X5.jpg,https://pemilu2019.kpu.go.id/img/c/900/035/900035307/1-9643-11-C-XXX-X6.jpg
6728949796419643900035308,SUMATERA UTARA,ASAHAN,RAHUNING,PERKEBUNAN GUNUNG MELAYU,TPS 12,2019-10-25 11:00:05,19,81,125,102,102,100,2,https://pemilu2019.kpu.go.id/img/c/900/035/900035308/3-9643-12-C-XXX-X5.jpg,https://pemilu2019.kpu.go.id/img/c/900/035/900035308/3-9643-12-C-XXX-X6.jpg
6728949796419642900035290,SUMATERA UTARA,ASAHAN,RAHUNING,RAHUNING,TPS 1,2019-10-25 11:00:05,81,117,268,199,199,198,1,https://pemilu2019.kpu.go.id/img/c/900/035/900035290/1-9642-1-C-XXX-X5.jpg,https://pemilu2019.kpu.go.id/img/c/900/035/900035290/1-9642-1-C-XXX-X6.jpg
6728949796419642900035291,SUMATERA UTARA,ASAHAN,RAHUNING,RAHUNING,TPS 2,2019-10-25 11:00:05,60,142,257,202,202,202,0,https://pemilu2019.kpu.go.id/img/c/900/035/900035291/1-9642-2-C-XXX-X5.jpg,https://pemilu2019.kpu.go.id/img/c/900/035/900035291/1-9642-2-C-XXX-X6.jpg
6728949796419642900035292,SUMATERA UTARA,ASAHAN,RAHUNING,RAHUNING,TPS 3,2019-10-25 11:00:05,39,119,205,158,158,158,0,https://pemilu2019.kpu.go.id/img/c/900/035/900035292/1-9642-3-C-XXX-X5.jpg,https://pemilu2019.kpu.go.id/img/c/900/035/900035292/1-9642-3-C-XXX-X6.jpg
6728949796419642900035293,SUMATERA UTARA,ASAHAN,RAHUNING,RAHUNING,TPS 4,2019-10-25 11:00:05,83,75,197,159,159,158,1,https://pemilu2019.kpu.go.id/img/c/900/035/900035293/1-9642-4-C-XXX-X5.jpg,https://pemilu2019.kpu.go.id/img/c/900/035/900035293/1-9642-4-C-XXX-X6.jpg
6728949796419642900035294,SUMATERA UTARA,ASAHAN,RAHUNING,RAHUNING,TPS 5,2019-10-25 11:00:05,48,87,195,135,135,135,0,https://pemilu2019.kpu.go.id/img/c/900/035/900035294/1-9642-5-C-XXX-X5.jpg,https://pemilu2019.kpu.go.id/img/c/900/035/900035294/1-9642-5-C-XXX-X6.jpg
6728949796419642900035295,SUMATERA UTARA,ASAHAN,RAHUNING,RAHUNING,TPS 6,2019-10-25 11:00:05,69,80,241,149,149,149,0,https://pemilu2019.kpu.go.id/img/c/900/035/900035295/1-9642-6-C-XXX-X5.jpg,https://pemilu2019.kpu.go.id/img/c/900/035/900035295/1-9642-6-C-XXX-X6.jpg
6728949796419642900035296,SUMATERA UTARA,ASAHAN,RAHUNING,RAHUNING,TPS 7,2019-10-25 11:00:05,30,95,188,125,125,125,0,https://pemilu2019.kpu.go.id/img/c/900/035/900035296/1-9642-7-C-XXX-X5.jpg,https://pemilu2019.kpu.go.id/img/c/900/035/900035296/1-9642-7-C-XXX-X6.jpg
6728949796419647900035339,SUMATERA UTARA,ASAHAN,RAHUNING,RAHUNING I,TPS 01,2019-10-25 11:00:05,40,74,153,116,116,114,2,https://pemilu2019.kpu.go.id/img/c/900/035/900035339/1-9647-01-C1-PPWP-X1.jpg,https://pemilu2019.kpu.go.id/img/c/900/035/900035339/1-9647-01-C1-PPWP-X2.jpg
6728949796419647900035340,SUMATERA UTARA,ASAHAN,RAHUNING,RAHUNING I,TPS 02,2019-10-25 11:00:05,43,90,161,134,134,133,1,https://pemilu2019.kpu.go.id/img/c/900/035/900035340/2-9647-02-C-XXX-X5.jpg,https://pemilu2019.kpu.go.id/img/c/900/035/900035340/2-9647-02-C-XXX-X6.jpg
6728949796419647900035341,SUMATERA UTARA,ASAHAN,RAHUNING,RAHUNING I,TPS 03,2019-10-25 11:00:05,70,93,191,168,168,163,5,https://pemilu2019.kpu.go.id/img/c/900/035/900035341/1-9647-03-C-XXX-X5.jpg,https://pemilu2019.kpu.go.id/img/c/900/035/900035341/1-9647-03-C-XXX-X6.jpg
6728949796419647900035342,SUMATERA UTARA,ASAHAN,RAHUNING,RAHUNING I,TPS 04,2019-10-25 11:00:05,44,106,190,150,150,150,0,https://pemilu2019.kpu.go.id/img/c/900/035/900035342/1-9647-04-C-XXX-X5.jpg,https://pemilu2019.kpu.go.id/img/c/900/035/900035342/1-9647-04-C-XXX-X6.jpg
6728949796419647900035343,SUMATERA UTARA,ASAHAN,RAHUNING,RAHUNING I,TPS 05,2019-10-25 11:00:05,53,147,229,202,202,200,2,https://pemilu2019.kpu.go.id/img/c/900/035/900035343/1-9647-05-C-XXX-X5.jpg,https://pemilu2019.kpu.go.id/img/c/900/035/900035343/1-9647-05-C-XXX-X6.jpg
6728949796419647900035344,SUMATERA UTARA,ASAHAN,RAHUNING,RAHUNING I,TPS 06,2019-10-25 11:00:05,47,94,172,143,143,141,2,https://pemilu2019.kpu.go.id/img/c/900/035/900035344/1-9647-06-C-XXX-X5.jpg,https://pemilu2019.kpu.go.id/img/c/900/035/900035344/1-9647-06-C-XXX-X6.jpg
6728949796419647900035345,SUMATERA UTARA,ASAHAN,RAHUNING,RAHUNING I,TPS 07,2019-10-25 11:00:05,63,69,181,132,132,132,0,https://pemilu2019.kpu.go.id/img/c/900/035/900035345/1-9647-07-C-XXX-X5.jpg,https://pemilu2019.kpu.go.id/img/c/900/035/900035345/1-9647-07-C-XXX-X6.jpg
6728949796419647900035346,SUMATERA UTARA,ASAHAN,RAHUNING,RAHUNING I,TPS 08,2019-10-25 11:00:05,84,122,266,210,210,206,4,https://pemilu2019.kpu.go.id/img/c/900/035/900035346/1-9647-08-C-XXX-X5.jpg,https://pemilu2019.kpu.go.id/img/c/900/035/900035346/1-9647-08-C-XXX-X6.jpg
6728949796419647900035347,SUMATERA UTARA,ASAHAN,RAHUNING,RAHUNING I,TPS 09,2019-10-25 11:00:05,51,134,234,187,187,185,2,https://pemilu2019.kpu.go.id/img/c/900/035/900035347/1-9647-09-C-XXX-X5.jpg,https://pemilu2019.kpu.go.id/img/c/900/035/900035347/1-9647-09-C-XXX-X6.jpg
6728949796419647900035348,SUMATERA UTARA,ASAHAN,RAHUNING,RAHUNING I,TPS 10,2019-10-25 11:00:05,61,116,238,179,179,177,2,https://pemilu2019.kpu.go.id/img/c/900/035/900035348/1-9647-10-C-XXX-X5.jpg,https://pemilu2019.kpu.go.id/img/c/900/035/900035348/1-9647-10-C-XXX-X6.jpg
6728949796419647900035349,SUMATERA UTARA,ASAHAN,RAHUNING,RAHUNING I,TPS 11,2019-10-25 11:00:05,68,70,178,138,138,138,0,https://pemilu2019.kpu.go.id/img/c/900/035/900035349/1-9647-11-C-XXX-X5.jpg,https://pemilu2019.kpu.go.id/img/c/900/035/900035349/1-9647-11-C-XXX-X6.jpg
6728949796419647900035350,SUMATERA UTARA,ASAHAN,RAHUNING,RAHUNING I,TPS 12,2019-10-25 11:00:05,56,92,193,152,152,148,4,https://pemilu2019.kpu.go.id/img/c/900/035/900035350/1-9647-12-C-XXX-X5.jpg,https://pemilu2019.kpu.go.id/img/c/900/035/900035350/1-9647-12-C-XXX-X6.jpg
6728949796419648900035351,SUMATERA UTARA,ASAHAN,RAHUNING,RAHUNING II,TPS 1,2019-10-25 11:00:05,104,111,293,217,217,215,2,https://pemilu2019.kpu.go.id/img/c/900/035/900035351/1-9648-1-C-XXX-X5.jpg,https://pemilu2019.kpu.go.id/img/c/900/035/900035351/1-9648-1-C-XXX-X6.jpg
6728949796419648900035352,SUMATERA UTARA,ASAHAN,RAHUNING,RAHUNING II,TPS 2,2019-10-25 11:00:05,97,121,287,221,221,218,3,https://pemilu2019.kpu.go.id/img/c/900/035/900035352/1-9648-2-C-XXX-X5.jpg,https://pemilu2019.kpu.go.id/img/c/900/035/900035352/1-9648-2-C-XXX-X6.jpg
6728949796419648900035353,SUMATERA UTARA,ASAHAN,RAHUNING,RAHUNING II,TPS 3,2019-10-25 11:00:05,124,103,288,230,230,227,3,https://pemilu2019.kpu.go.id/img/c/900/035/900035353/2-9648-3-C-XXX-X5.jpg,https://pemilu2019.kpu.go.id/img/c/900/035/900035353/2-9648-3-C-XXX-X6.jpg
6728949796419648900035354,SUMATERA UTARA,ASAHAN,RAHUNING,RAHUNING II,TPS 4,2019-10-25 11:00:05,60,160,282,225,225,220,5,https://pemilu2019.kpu.go.id/img/c/900/035/900035354/1-9648-4-C-XXX-X5.jpg,https://pemilu2019.kpu.go.id/img/c/900/035/900035354/1-9648-4-C-XXX-X6.jpg
6728949796419648900035355,SUMATERA UTARA,ASAHAN,RAHUNING,RAHUNING II,TPS 5,2019-10-25 11:00:05,66,108,220,179,179,174,5,https://pemilu2019.kpu.go.id/img/c/900/035/900035355/1-9648-5-C-XXX-X5.jpg,https://pemilu2019.kpu.go.id/img/c/900/035/900035355/1-9648-5-C-XXX-X6.jpg
6728949796419648900035356,SUMATERA UTARA,ASAHAN,RAHUNING,RAHUNING II,TPS 6,2019-10-25 11:00:05,67,124,220,193,193,191,2,https://pemilu2019.kpu.go.id/img/c/900/035/900035356/1-9648-6-C-XXX-X5.jpg,https://pemilu2019.kpu.go.id/img/c/900/035/900035356/1-9648-6-C-XXX-X6.jpg
6728949796939699900035778,SUMATERA UTARA,ASAHAN,RAWANG PANCA ARGA,PANCA ARGA,TPS 1,2019-10-25 11:00:05,175,3,270,180,180,178,2,https://pemilu2019.kpu.go.id/img/c/900/035/900035778/2-9699-1-C1-PPWP-X1.jpg,https://pemilu2019.kpu.go.id/img/c/900/035/900035778/2-9699-1-C1-PPWP-X2.jpg
6728949796939699900035779,SUMATERA UTARA,ASAHAN,RAWANG PANCA ARGA,PANCA ARGA,TPS 2,2019-10-25 11:00:05,149,5,248,155,155,154,1,https://pemilu2019.kpu.go.id/img/c/900/035/900035779/2-9699-2-C-XXX-X5.jpg,https://pemilu2019.kpu.go.id/img/c/900/035/900035779/2-9699-2-C-XXX-X6.jpg
6728949796939699900035780,SUMATERA UTARA,ASAHAN,RAWANG PANCA ARGA,PANCA ARGA,TPS 3,2019-10-25 11:00:05,60,48,153,110,110,108,2,https://pemilu2019.kpu.go.id/img/c/900/035/900035780/1-9699-3-C-XXX-X5.jpg,https://pemilu2019.kpu.go.id/img/c/900/035/900035780/1-9699-3-C-XXX-X6.jpg
6728949796939699900035781,SUMATERA UTARA,ASAHAN,RAWANG PANCA ARGA,PANCA ARGA,TPS 4,2019-10-25 11:00:05,75,93,255,170,170,168,2,https://pemilu2019.kpu.go.id/img/c/900/035/900035781/1-9699-4-C-XXX-X5.jpg,https://pemilu2019.kpu.go.id/img/c/900/035/900035781/1-9699-4-C-XXX-X6.jpg
6728949796939699900035782,SUMATERA UTARA,ASAHAN,RAWANG PANCA ARGA,PANCA ARGA,TPS 5,2019-10-25 11:00:05,64,87,246,154,154,151,3,https://pemilu2019.kpu.go.id/img/c/900/035/900035782/1-9699-5-C1-PPWP-X1.jpg,https://pemilu2019.kpu.go.id/img/c/900/035/900035782/1-9699-5-C1-PPWP-X2.jpg
6728949796939699900035783,SUMATERA UTARA,ASAHAN,RAWANG PANCA ARGA,PANCA ARGA,TPS 6,2019-10-25 11:00:05,86,71,243,161,161,157,4,https://pemilu2019.kpu.go.id/img/c/900/035/900035783/1-9699-6-C-XXX-X5.jpg,https://pemilu2019.kpu.go.id/img/c/900/035/900035783/1-9699-6-C-XXX-X6.jpg
6728949796939699900035784,SUMATERA UTARA,ASAHAN,RAWANG PANCA ARGA,PANCA ARGA,TPS 7,2019-10-25 11:00:05,60,43,180,106,106,103,3,https://pemilu2019.kpu.go.id/img/c/900/035/900035784/1-9699-7-C-XXX-X5.jpg,https://pemilu2019.kpu.go.id/img/c/900/035/900035784/1-9699-7-C-XXX-X6.jpg
6728949796939698900035766,SUMATERA UTARA,ASAHAN,RAWANG PANCA ARGA,PONDOK BUNGUR,TPS 01,2019-10-25 11:00:05,72,170,306,245,245,242,3,https://pemilu2019.kpu.go.id/img/c/900/035/900035766/1-9698-01-C1-PPWP-X1.jpg,https://pemilu2019.kpu.go.id/img/c/900/035/900035766/1-9698-01-C1-PPWP-X2.jpg
6728949796939698900035767,SUMATERA UTARA,ASAHAN,RAWANG PANCA ARGA,PONDOK BUNGUR,TPS 02,2019-10-25 11:00:05,23,89,177,113,113,112,1,https://pemilu2019.kpu.go.id/img/c/900/035/900035767/1-9698-02-C1-PPWP-X1.jpg,https://pemilu2019.kpu.go.id/img/c/900/035/900035767/1-9698-02-C1-PPWP-X2.jpg
6728949796939698900035768,SUMATERA UTARA,ASAHAN,RAWANG PANCA ARGA,PONDOK BUNGUR,TPS 03,2019-10-25 11:00:05,57,128,259,190,190,185,5,https://pemilu2019.kpu.go.id/img/c/900/035/900035768/1-9698-03-C1-PPWP-X1.jpg,https://pemilu2019.kpu.go.id/img/c/900/035/900035768/1-9698-03-C1-PPWP-X2.jpg
6728949796939698900035769,SUMATERA UTARA,ASAHAN,RAWANG PANCA ARGA,PONDOK BUNGUR,TPS 04,2019-10-25 11:00:05,110,67,228,180,180,177,3,https://pemilu2019.kpu.go.id/img/c/900/035/900035769/1-9698-04-C1-PPWP-X1.jpg,https://pemilu2019.kpu.go.id/img/c/900/035/900035769/1-9698-04-C1-PPWP-X2.jpg
6728949796939698900035770,SUMATERA UTARA,ASAHAN,RAWANG PANCA ARGA,PONDOK BUNGUR,TPS 05,2019-10-25 11:00:05,63,118,249,185,185,181,4,https://pemilu2019.kpu.go.id/img/c/900/035/900035770/1-9698-05-C1-PPWP-X1.jpg,https://pemilu2019.kpu.go.id/img/c/900/035/900035770/1-9698-05-C1-PPWP-X2.jpg
6728949796939698900035771,SUMATERA UTARA,ASAHAN,RAWANG PANCA ARGA,PONDOK BUNGUR,TPS 06,2019-10-25 11:00:05,141,86,288,235,235,227,8,https://pemilu2019.kpu.go.id/img/c/900/035/900035771/1-9698-06-C-XXX-X5.jpg,https://pemilu2019.kpu.go.id/img/c/900/035/900035771/1-9698-06-C-XXX-X6.jpg
6728949796939698900035772,SUMATERA UTARA,ASAHAN,RAWANG PANCA ARGA,PONDOK BUNGUR,TPS 07,2019-10-25 11:00:05,219,6,298,225,225,225,0,https://pemilu2019.kpu.go.id/img/c/900/035/900035772/1-9698-07-C-XXX-X5.jpg,https://pemilu2019.kpu.go.id/img/c/900/035/900035772/1-9698-07-C-XXX-X6.jpg
6728949796939698900035773,SUMATERA UTARA,ASAHAN,RAWANG PANCA ARGA,PONDOK BUNGUR,TPS 08,2019-10-25 11:00:05,58,171,299,232,232,229,3,https://pemilu2019.kpu.go.id/img/c/900/035/900035773/1-9698-08-C-XXX-X5.jpg,https://pemilu2019.kpu.go.id/img/c/900/035/900035773/1-9698-08-C-XXX-X6.jpg
6728949796939698900035774,SUMATERA UTARA,ASAHAN,RAWANG PANCA ARGA,PONDOK BUNGUR,TPS 09,2019-10-25 11:00:05,47,122,215,171,171,169,2,https://pemilu2019.kpu.go.id/img/c/900/035/900035774/1-9698-09-C-XXX-X5.jpg,https://pemilu2019.kpu.go.id/img/c/900/035/900035774/1-9698-09-C-XXX-X6.jpg
6728949796939698900035775,SUMATERA UTARA,ASAHAN,RAWANG PANCA ARGA,PONDOK BUNGUR,TPS 10,2019-10-25 11:00:05,20,174,228,197,197,194,3,https://pemilu2019.kpu.go.id/img/c/900/035/900035775/1-9698-10-C-XXX-X5.jpg,https://pemilu2019.kpu.go.id/img/c/900/035/900035775/1-9698-10-C-XXX-X6.jpg
6728949796939698900035776,SUMATERA UTARA,ASAHAN,RAWANG PANCA ARGA,PONDOK BUNGUR,TPS 11,2019-10-25 11:00:05,5,143,175,149,149,148,1,https://pemilu2019.kpu.go.id/img/c/900/035/900035776/1-9698-11-C-XXX-X5.jpg,https://pemilu2019.kpu.go.id/img/c/900/035/900035776/1-9698-11-C-XXX-X6.jpg
6728949796939698900035777,SUMATERA UTARA,ASAHAN,RAWANG PANCA ARGA,PONDOK BUNGUR,TPS 12,2019-10-25 11:00:05,22,92,186,115,115,114,1,https://pemilu2019.kpu.go.id/img/c/900/035/900035777/1-9698-12-C-XXX-X5.jpg,https://pemilu2019.kpu.go.id/img/c/900/035/900035777/1-9698-12-C-XXX-X6.jpg
6728949796939695900035732,SUMATERA UTARA,ASAHAN,RAWANG PANCA ARGA,RAWANG BARU,TPS 1,2019-10-25 11:00:05,132,2,231,138,138,134,4,https://pemilu2019.kpu.go.id/img/c/900/035/900035732/1-9695-1-C1-PPWP-X1.jpg,https://pemilu2019.kpu.go.id/img/c/900/035/900035732/1-9695-1-C1-PPWP-X2.jpg
6728949796939695900035733,SUMATERA UTARA,ASAHAN,RAWANG PANCA ARGA,RAWANG BARU,TPS 2,2019-10-25 11:00:05,128,5,207,133,133,133,0,https://pemilu2019.kpu.go.id/img/c/900/035/900035733/1-9695-2-C1-PPWP-X1.jpg,https://pemilu2019.kpu.go.id/img/c/900/035/900035733/1-9695-2-C1-PPWP-X2.jpg
6728949796939695900035734,SUMATERA UTARA,ASAHAN,RAWANG PANCA ARGA,RAWANG BARU,TPS 3,2019-10-25 11:00:05,21,95,153,118,118,116,2,https://pemilu2019.kpu.go.id/img/c/900/035/900035734/1-9695-3-C-XXX-X5.jpg,https://pemilu2019.kpu.go.id/img/c/900/035/900035734/1-9695-3-C-XXX-X6.jpg
6728949796939695900035735,SUMATERA UTARA,ASAHAN,RAWANG PANCA ARGA,RAWANG BARU,TPS 4,2019-10-25 11:00:05,32,96,169,130,130,128,2,https://pemilu2019.kpu.go.id/img/c/900/035/900035735/1-9695-4-C-XXX-X5.jpg,https://pemilu2019.kpu.go.id/img/c/900/035/900035735/1-9695-4-C-XXX-X6.jpg
6728949796939695900035736,SUMATERA UTARA,ASAHAN,RAWANG PANCA ARGA,RAWANG BARU,TPS 5,2019-10-25 11:00:05,123,12,219,137,137,135,2,https://pemilu2019.kpu.go.id/img/c/900/035/900035736/1-9695-5-C-XXX-X5.jpg,https://pemilu2019.kpu.go.id/img/c/900/035/900035736/1-9695-5-C-XXX-X6.jpg
6728949796939695900035737,SUMATERA UTARA,ASAHAN,RAWANG PANCA ARGA,RAWANG BARU,TPS 6,2019-10-25 11:00:05,122,2,191,125,125,124,1,https://pemilu2019.kpu.go.id/img/c/900/035/900035737/1-9695-6-C-XXX-X5.jpg,https://pemilu2019.kpu.go.id/img/c/900/035/900035737/1-9695-6-C-XXX-X6.jpg
6728949796939695900035738,SUMATERA UTARA,ASAHAN,RAWANG PANCA ARGA,RAWANG BARU,TPS 7,2019-10-25 11:00:05,138,12,256,151,151,150,1,https://pemilu2019.kpu.go.id/img/c/900/035/900035738/1-9695-7-C1-PPWP-X1.jpg,https://pemilu2019.kpu.go.id/img/c/900/035/900035738/1-9695-7-C1-PPWP-X2.jpg
6728949796939695900035739,SUMATERA UTARA,ASAHAN,RAWANG PANCA ARGA,RAWANG BARU,TPS 8,2019-10-25 11:00:05,20,54,91,76,76,74,2,https://pemilu2019.kpu.go.id/img/c/900/035/900035739/1-9695-8-C1-PPWP-X1.jpg,https://pemilu2019.kpu.go.id/img/c/900/035/900035739/1-9695-8-C1-PPWP-X2.jpg
6728949796939695900035740,SUMATERA UTARA,ASAHAN,RAWANG PANCA ARGA,RAWANG BARU,TPS 9,2019-10-25 11:00:05,99,11,195,114,114,110,4,https://pemilu2019.kpu.go.id/img/c/900/035/900035740/1-9695-9-C1-PPWP-X1.jpg,https://pemilu2019.kpu.go.id/img/c/900/035/900035740/1-9695-9-C1-PPWP-X2.jpg
6728949796939694900035721,SUMATERA UTARA,ASAHAN,RAWANG PANCA ARGA,RAWANG LAMA,TPS 01,2019-10-25 11:00:05,168,17,167,186,186,185,1,https://pemilu2019.kpu.go.id/img/c/900/035/900035721/1-9694-01-C-XXX-X5.jpg,https://pemilu2019.kpu.go.id/img/c/900/035/900035721/1-9694-01-C-XXX-X6.jpg
6728949796939694900035722,SUMATERA UTARA,ASAHAN,RAWANG PANCA ARGA,RAWANG LAMA,TPS 02,2019-10-25 11:00:05,66,132,296,204,204,198,6,https://pemilu2019.kpu.go.id/img/c/900/035/900035722/1-9694-02-C-XXX-X5.jpg,https://pemilu2019.kpu.go.id/img/c/900/035/900035722/1-9694-02-C-XXX-X6.jpg
6728949796939694900035723,SUMATERA UTARA,ASAHAN,RAWANG PANCA ARGA,RAWANG LAMA,TPS 03,2019-10-25 11:00:05,25,156,241,184,184,181,3,https://pemilu2019.kpu.go.id/img/c/900/035/900035723/1-9694-03-C1-PPWP-X1.jpg,https://pemilu2019.kpu.go.id/img/c/900/035/900035723/1-9694-03-C1-PPWP-X2.jpg
6728949796939694900035724,SUMATERA UTARA,ASAHAN,RAWANG PANCA ARGA,RAWANG LAMA,TPS 04,2019-10-25 11:00:05,28,154,231,184,184,182,2,https://pemilu2019.kpu.go.id/img/c/900/035/900035724/1-9694-04-C-XXX-X5.jpg,https://pemilu2019.kpu.go.id/img/c/900/035/900035724/1-9694-04-C-XXX-X6.jpg
6728949796939694900035725,SUMATERA UTARA,ASAHAN,RAWANG PANCA ARGA,RAWANG LAMA,TPS 05,2019-10-25 11:00:05,25,81,149,108,108,106,2,https://pemilu2019.kpu.go.id/img/c/900/035/900035725/1-9694-05-C-XXX-X5.jpg,https://pemilu2019.kpu.go.id/img/c/900/035/900035725/1-9694-05-C-XXX-X6.jpg
6728949796939694900035726,SUMATERA UTARA,ASAHAN,RAWANG PANCA ARGA,RAWANG LAMA,TPS 06,2019-10-25 11:00:05,62,158,310,226,226,220,6,https://pemilu2019.kpu.go.id/img/c/900/035/900035726/1-9694-06-C-XXX-X5.jpg,https://pemilu2019.kpu.go.id/img/c/900/035/900035726/1-9694-06-C-XXX-X6.jpg
6728949796939694900035727,SUMATERA UTARA,ASAHAN,RAWANG PANCA ARGA,RAWANG LAMA,TPS 07,2019-10-25 11:00:05,43,141,221,187,187,184,3,https://pemilu2019.kpu.go.id/img/c/900/035/900035727/1-9694-07-C-XXX-X5.jpg,https://pemilu2019.kpu.go.id/img/c/900/035/900035727/1-9694-07-C-XXX-X6.jpg
6728949796939694900035728,SUMATERA UTARA,ASAHAN,RAWANG PANCA ARGA,RAWANG LAMA,TPS 08,2019-10-25 11:00:05,77,73,204,154,154,150,4,https://pemilu2019.kpu.go.id/img/c/900/035/900035728/9694-08-C1-PPWP-X1.jpg,https://pemilu2019.kpu.go.id/img/c/900/035/900035728/9694-08-C1-PPWP-X2.jpg
6728949796939694900035729,SUMATERA UTARA,ASAHAN,RAWANG PANCA ARGA,RAWANG LAMA,TPS 09,2019-10-25 11:00:05,16,113,166,132,132,129,3,https://pemilu2019.kpu.go.id/img/c/900/035/900035729/1-9694-09-C-XXX-X5.jpg,https://pemilu2019.kpu.go.id/img/c/900/035/900035729/1-9694-09-C-XXX-X6.jpg
6728949796939694900035730,SUMATERA UTARA,ASAHAN,RAWANG PANCA ARGA,RAWANG LAMA,TPS 10,2019-10-25 11:00:05,50,135,229,187,187,185,2,https://pemilu2019.kpu.go.id/img/c/900/035/900035730/1-9694-10-C1-PPWP-X1.jpg,https://pemilu2019.kpu.go.id/img/c/900/035/900035730/1-9694-10-C1-PPWP-X2.jpg
6728949796939694900035731,SUMATERA UTARA,ASAHAN,RAWANG PANCA ARGA,RAWANG LAMA,TPS 11,2019-10-25 11:00:05,75,109,268,186,186,184,2,https://pemilu2019.kpu.go.id/img/c/900/035/900035731/1-9694-11-C-XXX-X5.jpg,https://pemilu2019.kpu.go.id/img/c/900/035/900035731/1-9694-11-C-XXX-X6.jpg
6728949796939696900035741,SUMATERA UTARA,ASAHAN,RAWANG PANCA ARGA,RAWANG PASAR IV,TPS 01,2019-10-25 11:00:05,20,95,145,118,118,115,3,https://pemilu2019.kpu.go.id/img/c/900/035/900035741/1-9696-01-C1-PPWP-X1.jpg,https://pemilu2019.kpu.go.id/img/c/900/035/900035741/1-9696-01-C1-PPWP-X2.jpg
6728949796939696900035742,SUMATERA UTARA,ASAHAN,RAWANG PANCA ARGA,RAWANG PASAR IV,TPS 02,2019-10-25 11:00:05,51,146,256,201,201,197,4,https://pemilu2019.kpu.go.id/img/c/900/035/900035742/1-9696-02-C1-PPWP-X1.jpg,https://pemilu2019.kpu.go.id/img/c/900/035/900035742/1-9696-02-C1-PPWP-X2.jpg
6728949796939696900035743,SUMATERA UTARA,ASAHAN,RAWANG PANCA ARGA,RAWANG PASAR IV,TPS 03,2019-10-25 11:00:05,43,112,233,158,158,155,3,https://pemilu2019.kpu.go.id/img/c/900/035/900035743/1-9696-03-C-XXX-X5.jpg,https://pemilu2019.kpu.go.id/img/c/900/035/900035743/1-9696-03-C-XXX-X6.jpg
6728949796939696900035744,SUMATERA UTARA,ASAHAN,RAWANG PANCA ARGA,RAWANG PASAR IV,TPS 04,2019-10-25 11:00:05,57,150,256,210,210,207,3,https://pemilu2019.kpu.go.id/img/c/900/035/900035744/1-9696-04-C-XXX-X5.jpg,https://pemilu2019.kpu.go.id/img/c/900/035/900035744/1-9696-04-C-XXX-X6.jpg
6728949796939696900035745,SUMATERA UTARA,ASAHAN,RAWANG PANCA ARGA,RAWANG PASAR IV,TPS 05,2019-10-25 11:00:05,82,116,238,201,201,198,3,https://pemilu2019.kpu.go.id/img/c/900/035/900035745/2-9696-05-C-XXX-X5.jpg,https://pemilu2019.kpu.go.id/img/c/900/035/900035745/2-9696-05-C-XXX-X6.jpg
6728949796939696900035746,SUMATERA UTARA,ASAHAN,RAWANG PANCA ARGA,RAWANG PASAR IV,TPS 06,2019-10-25 11:00:05,41,70,134,113,113,111,2,https://pemilu2019.kpu.go.id/img/c/900/035/900035746/1-9696-06-C-XXX-X5.jpg,https://pemilu2019.kpu.go.id/img/c/900/035/900035746/1-9696-06-C-XXX-X6.jpg
6728949796939696900035747,SUMATERA UTARA,ASAHAN,RAWANG PANCA ARGA,RAWANG PASAR IV,TPS 07,2019-10-25 11:00:05,45,94,183,141,141,139,2,https://pemilu2019.kpu.go.id/img/c/900/035/900035747/1-9696-07-C-XXX-X5.jpg,https://pemilu2019.kpu.go.id/img/c/900/035/900035747/1-9696-07-C-XXX-X6.jpg
6728949796939696900035748,SUMATERA UTARA,ASAHAN,RAWANG PANCA ARGA,RAWANG PASAR IV,TPS 08,2019-10-25 11:00:05,35,112,176,147,147,147,0,https://pemilu2019.kpu.go.id/img/c/900/035/900035748/1-9696-08-C-XXX-X5.jpg,https://pemilu2019.kpu.go.id/img/c/900/035/900035748/1-9696-08-C-XXX-X6.jpg
6728949796939696900035749,SUMATERA UTARA,ASAHAN,RAWANG PANCA ARGA,RAWANG PASAR IV,TPS 09,2019-10-25 11:00:05,70,144,276,215,215,214,1,https://pemilu2019.kpu.go.id/img/c/900/035/900035749/1-9696-09-C-XXX-X5.jpg,https://pemilu2019.kpu.go.id/img/c/900/035/900035749/1-9696-09-C-XXX-X6.jpg
6728949796939696900035750,SUMATERA UTARA,ASAHAN,RAWANG PANCA ARGA,RAWANG PASAR IV,TPS 10,2019-10-25 11:00:05,38,76,164,115,115,114,1,https://pemilu2019.kpu.go.id/img/c/900/035/900035750/1-9696-10-C-XXX-X5.jpg,https://pemilu2019.kpu.go.id/img/c/900/035/900035750/1-9696-10-C-XXX-X6.jpg
6728949796939696900035751,SUMATERA UTARA,ASAHAN,RAWANG PANCA ARGA,RAWANG PASAR IV,TPS 11,2019-10-25 11:00:05,47,70,155,119,119,117,2,https://pemilu2019.kpu.go.id/img/c/900/035/900035751/1-9696-11-C-XXX-X5.jpg,https://pemilu2019.kpu.go.id/img/c/900/035/900035751/1-9696-11-C-XXX-X6.jpg
6728949796939696900035752,SUMATERA UTARA,ASAHAN,RAWANG PANCA ARGA,RAWANG PASAR IV,TPS 12,2019-10-25 11:00:05,32,98,187,131,131,130,1,https://pemilu2019.kpu.go.id/img/c/900/035/900035752/1-9696-12-C-XXX-X5.jpg,https://pemilu2019.kpu.go.id/img/c/900/035/900035752/1-9696-12-C-XXX-X6.jpg
6728949796939696900035753,SUMATERA UTARA,ASAHAN,RAWANG PANCA ARGA,RAWANG PASAR IV,TPS 13,2019-10-25 11:00:05,30,104,176,139,139,134,5,https://pemilu2019.kpu.go.id/img/c/900/035/900035753/1-9696-13-C-XXX-X5.jpg,https://pemilu2019.kpu.go.id/img/c/900/035/900035753/1-9696-13-C-XXX-X6.jpg
6728949796939697900035754,SUMATERA UTARA,ASAHAN,RAWANG PANCA ARGA,RAWANG PASAR V,TPS 01,2019-10-25 11:00:05,15,98,143,115,115,113,2,https://pemilu2019.kpu.go.id/img/c/900/035/900035754/1-9697-01-C-XXX-X5.jpg,https://pemilu2019.kpu.go.id/img/c/900/035/900035754/1-9697-01-C-XXX-X6.jpg
6728949796939697900035755,SUMATERA UTARA,ASAHAN,RAWANG PANCA ARGA,RAWANG PASAR V,TPS 02,2019-10-25 11:00:05,30,116,175,148,148,146,2,https://pemilu2019.kpu.go.id/img/c/900/035/900035755/1-9697-02-C1-PPWP-X1.jpg,https://pemilu2019.kpu.go.id/img/c/900/035/900035755/1-9697-02-C1-PPWP-X2.jpg
6728949796939697900035756,SUMATERA UTARA,ASAHAN,RAWANG PANCA ARGA,RAWANG PASAR V,TPS 03,2019-10-25 11:00:05,25,148,201,176,176,173,3,https://pemilu2019.kpu.go.id/img/c/900/035/900035756/2-9697-03-C1-PPWP-X1.jpg,https://pemilu2019.kpu.go.id/img/c/900/035/900035756/2-9697-03-C1-PPWP-X2.jpg
6728949796939697900035757,SUMATERA UTARA,ASAHAN,RAWANG PANCA ARGA,RAWANG PASAR V,TPS 04,2019-10-25 11:00:05,17,117,180,134,134,134,0,https://pemilu2019.kpu.go.id/img/c/900/035/900035757/1-9697-04-C1-PPWP-X1.jpg,https://pemilu2019.kpu.go.id/img/c/900/035/900035757/1-9697-04-C1-PPWP-X2.jpg
6728949796939697900035758,SUMATERA UTARA,ASAHAN,RAWANG PANCA ARGA,RAWANG PASAR V,TPS 05,2019-10-25 11:00:05,51,116,229,176,176,167,9,https://pemilu2019.kpu.go.id/img/c/900/035/900035758/1-9697-05-C-XXX-X5.jpg,https://pemilu2019.kpu.go.id/img/c/900/035/900035758/1-9697-05-C-XXX-X6.jpg
6728949796939697900035759,SUMATERA UTARA,ASAHAN,RAWANG PANCA ARGA,RAWANG PASAR V,TPS 06,2019-10-25 11:00:05,66,118,218,187,187,184,3,https://pemilu2019.kpu.go.id/img/c/900/035/900035759/1-9697-06-C-XXX-X5.jpg,https://pemilu2019.kpu.go.id/img/c/900/035/900035759/1-9697-06-C-XXX-X6.jpg
6728949796939697900035760,SUMATERA UTARA,ASAHAN,RAWANG PANCA ARGA,RAWANG PASAR V,TPS 07,2019-10-25 11:00:05,80,138,268,220,220,218,2,https://pemilu2019.kpu.go.id/img/c/900/035/900035760/2-9697-07-C-XXX-X5.jpg,https://pemilu2019.kpu.go.id/img/c/900/035/900035760/2-9697-07-C-XXX-X6.jpg
6728949796939697900035761,SUMATERA UTARA,ASAHAN,RAWANG PANCA ARGA,RAWANG PASAR V,TPS 08,2019-10-25 11:00:05,69,83,201,152,152,152,0,https://pemilu2019.kpu.go.id/img/c/900/035/900035761/1-9697-08-C1-PPWP-X1.jpg,https://pemilu2019.kpu.go.id/img/c/900/035/900035761/1-9697-08-C1-PPWP-X2.jpg
6728949796939697900035762,SUMATERA UTARA,ASAHAN,RAWANG PANCA ARGA,RAWANG PASAR V,TPS 09,2019-10-25 11:00:05,29,105,188,138,138,135,4,https://pemilu2019.kpu.go.id/img/c/900/035/900035762/1-9697-09-C1-PPWP-X1.jpg,https://pemilu2019.kpu.go.id/img/c/900/035/900035762/1-9697-09-C1-PPWP-X2.jpg
6728949796939697900035763,SUMATERA UTARA,ASAHAN,RAWANG PANCA ARGA,RAWANG PASAR V,TPS 10,2019-10-25 11:00:05,83,89,237,175,175,172,3,https://pemilu2019.kpu.go.id/img/c/900/035/900035763/2-9697-10-C1-PPWP-X1.jpg,https://pemilu2019.kpu.go.id/img/c/900/035/900035763/2-9697-10-C1-PPWP-X2.jpg
6728949796939697900035764,SUMATERA UTARA,ASAHAN,RAWANG PANCA ARGA,RAWANG PASAR V,TPS 11,2019-10-25 11:00:05,65,2,121,68,68,67,1,https://pemilu2019.kpu.go.id/img/c/900/035/900035764/1-9697-11-C1-PPWP-X1.jpg,https://pemilu2019.kpu.go.id/img/c/900/035/900035764/1-9697-11-C1-PPWP-X2.jpg
6728949796939697900035765,SUMATERA UTARA,ASAHAN,RAWANG PANCA ARGA,RAWANG PASAR V,TPS 12,2019-10-25 11:00:05,100,19,190,121,121,119,2,https://pemilu2019.kpu.go.id/img/c/900/035/900035765/1-9697-12-C1-PPWP-X1.jpg,https://pemilu2019.kpu.go.id/img/c/900/035/900035765/1-9697-12-C1-PPWP-X2.jpg
6728949796939700900035785,SUMATERA UTARA,ASAHAN,RAWANG PANCA ARGA,RAWANG PASAR VI,TPS 1,2019-10-25 11:00:05,196,3,268,199,199,199,0,https://pemilu2019.kpu.go.id/img/c/900/035/900035785/1-9700-1-C1-PPWP-X1.jpg,https://pemilu2019.kpu.go.id/img/c/900/035/900035785/1-9700-1-C1-PPWP-X2.jpg
6728949796939700900035786,SUMATERA UTARA,ASAHAN,RAWANG PANCA ARGA,RAWANG PASAR VI,TPS 2,2019-10-25 11:00:05,162,1,224,164,164,163,1,https://pemilu2019.kpu.go.id/img/c/900/035/900035786/1-9700-2-C1-PPWP-X1.jpg,https://pemilu2019.kpu.go.id/img/c/900/035/900035786/1-9700-2-C1-PPWP-X2.jpg
6728949796939700900035787,SUMATERA UTARA,ASAHAN,RAWANG PANCA ARGA,RAWANG PASAR VI,TPS 3,2019-10-25 11:00:05,151,3,205,156,156,154,2,https://pemilu2019.kpu.go.id/img/c/900/035/900035787/1-9700-3-C1-PPWP-X1.jpg,https://pemilu2019.kpu.go.id/img/c/900/035/900035787/1-9700-3-C1-PPWP-X2.jpg
6728949796939700900035788,SUMATERA UTARA,ASAHAN,RAWANG PANCA ARGA,RAWANG PASAR VI,TPS 4,2019-10-25 11:00:05,169,0,253,172,172,169,3,https://pemilu2019.kpu.go.id/img/c/900/035/900035788/1-9700-4-C1-PPWP-X1.jpg,https://pemilu2019.kpu.go.id/img/c/900/035/900035788/1-9700-4-C1-PPWP-X2.jpg
6728949796499655900035401,SUMATERA UTARA,ASAHAN,SEI DADAP,BAHUNG SIBATU BATU,TPS 01,2019-10-25 11:00:05,89,93,259,184,184,182,2,https://pemilu2019.kpu.go.id/img/c/900/035/900035401/9655-01-C1-PPWP-X1.jpg,https://pemilu2019.kpu.go.id/img/c/900/035/900035401/9655-01-C1-PPWP-X2.jpg
6728949796499655900035402,SUMATERA UTARA,ASAHAN,SEI DADAP,BAHUNG SIBATU BATU,TPS 02,2019-10-25 11:00:05,82,96,233,181,181,178,3,https://pemilu2019.kpu.go.id/img/c/900/035/900035402/9655-02-C1-PPWP-X1.jpg,https://pemilu2019.kpu.go.id/img/c/900/035/900035402/9655-02-C1-PPWP-X2.jpg
6728949796499655900035403,SUMATERA UTARA,ASAHAN,SEI DADAP,BAHUNG SIBATU BATU,TPS 03,2019-10-25 11:00:05,82,88,254,175,175,170,5,https://pemilu2019.kpu.go.id/img/c/900/035/900035403/9655-03-C1-PPWP-X1.jpg,https://pemilu2019.kpu.go.id/img/c/900/035/900035403/9655-03-C1-PPWP-X2.jpg
6728949796499655900035404,SUMATERA UTARA,ASAHAN,SEI DADAP,BAHUNG SIBATU BATU,TPS 04,2019-10-25 11:00:05,79,133,295,215,215,212,3,https://pemilu2019.kpu.go.id/img/c/900/035/900035404/9655-04-C1-PPWP-X1.jpg,https://pemilu2019.kpu.go.id/img/c/900/035/900035404/9655-04-C1-PPWP-X2.jpg
6728949796499655900035405,SUMATERA UTARA,ASAHAN,SEI DADAP,BAHUNG SIBATU BATU,TPS 05,2019-10-25 11:00:05,71,115,262,192,192,186,6,https://pemilu2019.kpu.go.id/img/c/900/035/900035405/4-9655-05-C1-PPWP-X1.jpg,https://pemilu2019.kpu.go.id/img/c/900/035/900035405/4-9655-05-C1-PPWP-X2.jpg
6728949796499655900035406,SUMATERA UTARA,ASAHAN,SEI DADAP,BAHUNG SIBATU BATU,TPS 06,2019-10-25 11:00:05,81,148,296,235,235,229,6,https://pemilu2019.kpu.go.id/img/c/900/035/900035406/9655-06-C1-PPWP-X1.jpg,https://pemilu2019.kpu.go.id/img/c/900/035/900035406/9655-06-C1-PPWP-X2.jpg
6728949796499655900035407,SUMATERA UTARA,ASAHAN,SEI DADAP,BAHUNG SIBATU BATU,TPS 07,2019-10-25 11:00:05,77,151,282,230,230,228,2,https://pemilu2019.kpu.go.id/img/c/900/035/900035407/9655-07-C1-PPWP-X1.jpg,https://pemilu2019.kpu.go.id/img/c/900/035/900035407/9655-07-C1-PPWP-X2.jpg
6728949796499655900035408,SUMATERA UTARA,ASAHAN,SEI DADAP,BAHUNG SIBATU BATU,TPS 08,2019-10-25 11:00:05,103,83,246,189,189,186,3,https://pemilu2019.kpu.go.id/img/c/900/035/900035408/9655-08-C1-PPWP-X1.jpg,https://pemilu2019.kpu.go.id/img/c/900/035/900035408/9655-08-C1-PPWP-X2.jpg
6728949796499655900035409,SUMATERA UTARA,ASAHAN,SEI DADAP,BAHUNG SIBATU BATU,TPS 09,2019-10-25 11:00:05,111,86,252,202,202,197,5,https://pemilu2019.kpu.go.id/img/c/900/035/900035409/2-9655-09-C1-PPWP-X1.jpg,https://pemilu2019.kpu.go.id/img/c/900/035/900035409/2-9655-09-C1-PPWP-X2.jpg
6728949796499655900035410,SUMATERA UTARA,ASAHAN,SEI DADAP,BAHUNG SIBATU BATU,TPS 10,2019-10-25 11:00:05,63,87,270,150,150,150,0,https://pemilu2019.kpu.go.id/img/c/900/035/900035410/9655-10-C1-PPWP-X1.jpg,https://pemilu2019.kpu.go.id/img/c/900/035/900035410/9655-10-C1-PPWP-X2.jpg
6728949796499659900035445,SUMATERA UTARA,ASAHAN,SEI DADAP,PASIRAN,TPS 1,2019-10-25 11:00:05,99,102,267,208,208,201,7,https://pemilu2019.kpu.go.id/img/c/900/035/900035445/9659-1-C-XXX-X5.jpg,https://pemilu2019.kpu.go.id/img/c/900/035/900035445/9659-1-C-XXX-X6.jpg
6728949796499659900035446,SUMATERA UTARA,ASAHAN,SEI DADAP,PASIRAN,TPS 2,2019-10-25 11:00:05,66,114,251,185,185,180,5,https://pemilu2019.kpu.go.id/img/c/900/035/900035446/9659-2-C-XXX-X5.jpg,https://pemilu2019.kpu.go.id/img/c/900/035/900035446/9659-2-C-XXX-X6.jpg
6728949796499659900035447,SUMATERA UTARA,ASAHAN,SEI DADAP,PASIRAN,TPS 3,2019-10-25 11:00:05,106,101,271,209,209,207,2,https://pemilu2019.kpu.go.id/img/c/900/035/900035447/9659-3-C-XXX-X5.jpg,https://pemilu2019.kpu.go.id/img/c/900/035/900035447/9659-3-C-XXX-X6.jpg
6728949796499659900035448,SUMATERA UTARA,ASAHAN,SEI DADAP,PASIRAN,TPS 4,2019-10-25 11:00:05,58,139,260,197,197,197,0,https://pemilu2019.kpu.go.id/img/c/900/035/900035448/9659-4-C-XXX-X5.jpg,https://pemilu2019.kpu.go.id/img/c/900/035/900035448/9659-4-C-XXX-X6.jpg
6728949796499659900035449,SUMATERA UTARA,ASAHAN,SEI DADAP,PASIRAN,TPS 5,2019-10-25 11:00:05,33,108,189,143,143,141,2,https://pemilu2019.kpu.go.id/img/c/900/035/900035449/9659-5-C-XXX-X5.jpg,https://pemilu2019.kpu.go.id/img/c/900/035/900035449/9659-5-C-XXX-X6.jpg
6728949796499659900035450,SUMATERA UTARA,ASAHAN,SEI DADAP,PASIRAN,TPS 6,2019-10-25 11:00:05,92,99,254,192,192,191,1,https://pemilu2019.kpu.go.id/img/c/900/035/900035450/9659-6-C-XXX-X5.jpg,https://pemilu2019.kpu.go.id/img/c/900/035/900035450/9659-6-C-XXX-X6.jpg
6728949796499659900035451,SUMATERA UTARA,ASAHAN,SEI DADAP,PASIRAN,TPS 7,2019-10-25 11:00:05,43,92,210,138,138,135,3,https://pemilu2019.kpu.go.id/img/c/900/035/900035451/9659-7-C-XXX-X5.jpg,https://pemilu2019.kpu.go.id/img/c/900/035/900035451/9659-7-C-XXX-X6.jpg
6728949796499651900035373,SUMATERA UTARA,ASAHAN,SEI DADAP,PERKEBUNAN SEI DADAP I/II,TPS 1,2019-10-25 11:00:05,50,50,133,100,100,100,0,https://pemilu2019.kpu.go.id/img/c/900/035/900035373/9651-1-C-XXX-X5.jpg,https://pemilu2019.kpu.go.id/img/c/900/035/900035373/9651-1-C-XXX-X6.jpg
6728949796499651900035374,SUMATERA UTARA,ASAHAN,SEI DADAP,PERKEBUNAN SEI DADAP I/II,TPS 2,2019-10-25 11:00:05,27,84,155,112,112,111,1,https://pemilu2019.kpu.go.id/img/c/900/035/900035374/9651-2-C-XXX-X5.jpg,https://pemilu2019.kpu.go.id/img/c/900/035/900035374/9651-2-C-XXX-X6.jpg
6728949796499651900035375,SUMATERA UTARA,ASAHAN,SEI DADAP,PERKEBUNAN SEI DADAP I/II,TPS 3,2019-10-25 11:00:05,61,77,184,140,140,138,2,https://pemilu2019.kpu.go.id/img/c/900/035/900035375/9651-3-C-XXX-X5.jpg,https://pemilu2019.kpu.go.id/img/c/900/035/900035375/9651-3-C-XXX-X6.jpg
6728949796499651900035376,SUMATERA UTARA,ASAHAN,SEI DADAP,PERKEBUNAN SEI DADAP I/II,TPS 4,2019-10-25 11:00:05,37,128,214,167,167,165,2,https://pemilu2019.kpu.go.id/img/c/900/035/900035376/9651-4-C-XXX-X5.jpg,https://pemilu2019.kpu.go.id/img/c/900/035/900035376/9651-4-C-XXX-X6.jpg
6728949796499651900035377,SUMATERA UTARA,ASAHAN,SEI DADAP,PERKEBUNAN SEI DADAP I/II,TPS 5,2019-10-25 11:00:05,85,64,196,149,149,149,0,https://pemilu2019.kpu.go.id/img/c/900/035/900035377/9651-5-C-XXX-X5.jpg,https://pemilu2019.kpu.go.id/img/c/900/035/900035377/9651-5-C-XXX-X6.jpg
6728949796499651900035378,SUMATERA UTARA,ASAHAN,SEI DADAP,PERKEBUNAN SEI DADAP I/II,TPS 6,2019-10-25 11:00:05,68,158,292,232,232,226,6,https://pemilu2019.kpu.go.id/img/c/900/035/900035378/9651-6-C-XXX-X5.jpg,https://pemilu2019.kpu.go.id/img/c/900/035/900035378/9651-6-C-XXX-X6.jpg
6728949796499652900035379,SUMATERA UTARA,ASAHAN,SEI DADAP,PERKEBUNAN SEI DADAP III/IV,TPS 1,2019-10-25 11:00:05,113,103,277,220,220,216,4,https://pemilu2019.kpu.go.id/img/c/900/035/900035379/5-9652-1-C-XXX-X5.jpg,https://pemilu2019.kpu.go.id/img/c/900/035/900035379/5-9652-1-C-XXX-X6.jpg
6728949796499652900035380,SUMATERA UTARA,ASAHAN,SEI DADAP,PERKEBUNAN SEI DADAP III/IV,TPS 2,2019-10-25 11:00:05,116,91,270,212,212,207,5,https://pemilu2019.kpu.go.id/img/c/900/035/900035380/9652-2-C-XXX-X5.jpg,https://pemilu2019.kpu.go.id/img/c/900/035/900035380/9652-2-C-XXX-X6.jpg
6728949796499652900035381,SUMATERA UTARA,ASAHAN,SEI DADAP,PERKEBUNAN SEI DADAP III/IV,TPS 3,2019-10-25 11:00:05,76,134,256,211,211,210,1,https://pemilu2019.kpu.go.id/img/c/900/035/900035381/4-9652-3-C-XXX-X5.jpg,https://pemilu2019.kpu.go.id/img/c/900/035/900035381/4-9652-3-C-XXX-X6.jpg
6728949796499652900035382,SUMATERA UTARA,ASAHAN,SEI DADAP,PERKEBUNAN SEI DADAP III/IV,TPS 4,2019-10-25 11:00:05,95,132,280,234,235,227,8,https://pemilu2019.kpu.go.id/img/c/900/035/900035382/3-9652-4-C-XXX-X5.jpg,https://pemilu2019.kpu.go.id/img/c/900/035/900035382/3-9652-4-C-XXX-X6.jpg
6728949796499652900035383,SUMATERA UTARA,ASAHAN,SEI DADAP,PERKEBUNAN SEI DADAP III/IV,TPS 5,2019-10-25 11:00:05,120,101,287,226,226,221,5,https://pemilu2019.kpu.go.id/img/c/900/035/900035383/3-9652-5-C-XXX-X5.jpg,https://pemilu2019.kpu.go.id/img/c/900/035/900035383/3-9652-5-C-XXX-X6.jpg
6728949796499656900035411,SUMATERA UTARA,ASAHAN,SEI DADAP,SEI ALIM HASAK,TPS 01,2019-10-25 11:00:05,65,159,297,227,227,224,3,https://pemilu2019.kpu.go.id/img/c/900/035/900035411/2-9656-01-C1-PPWP-X1.jpg,https://pemilu2019.kpu.go.id/img/c/900/035/900035411/2-9656-01-C1-PPWP-X2.jpg
6728949796499656900035412,SUMATERA UTARA,ASAHAN,SEI DADAP,SEI ALIM HASAK,TPS 02,2019-10-25 11:00:05,74,152,312,227,227,226,1,https://pemilu2019.kpu.go.id/img/c/900/035/900035412/2-9656-02-C1-PPWP-X1.jpg,https://pemilu2019.kpu.go.id/img/c/900/035/900035412/2-9656-02-C1-PPWP-X2.jpg
6728949796499656900035413,SUMATERA UTARA,ASAHAN,SEI DADAP,SEI ALIM HASAK,TPS 03,2019-10-25 11:00:05,73,154,298,228,228,227,1,https://pemilu2019.kpu.go.id/img/c/900/035/900035413/9656-03-C1-PPWP-X1.jpg,https://pemilu2019.kpu.go.id/img/c/900/035/900035413/9656-03-C1-PPWP-X2.jpg
6728949796499656900035414,SUMATERA UTARA,ASAHAN,SEI DADAP,SEI ALIM HASAK,TPS 04,2019-10-25 11:00:05,53,170,276,231,231,223,8,https://pemilu2019.kpu.go.id/img/c/900/035/900035414/9656-04-C1-PPWP-X1.jpg,https://pemilu2019.kpu.go.id/img/c/900/035/900035414/9656-04-C1-PPWP-X2.jpg
6728949796499656900035415,SUMATERA UTARA,ASAHAN,SEI DADAP,SEI ALIM HASAK,TPS 05,2019-10-25 11:00:05,49,164,256,215,215,213,2,https://pemilu2019.kpu.go.id/img/c/900/035/900035415/9656-05-C1-PPWP-X1.jpg,https://pemilu2019.kpu.go.id/img/c/900/035/900035415/9656-05-C1-PPWP-X2.jpg
6728949796499656900035416,SUMATERA UTARA,ASAHAN,SEI DADAP,SEI ALIM HASAK,TPS 06,2019-10-25 11:00:05,67,119,220,188,188,186,2,https://pemilu2019.kpu.go.id/img/c/900/035/900035416/9656-06-C1-PPWP-X1.jpg,https://pemilu2019.kpu.go.id/img/c/900/035/900035416/9656-06-C1-PPWP-X2.jpg
6728949796499656900035417,SUMATERA UTARA,ASAHAN,SEI DADAP,SEI ALIM HASAK,TPS 07,2019-10-25 11:00:05,66,80,192,150,150,146,4,https://pemilu2019.kpu.go.id/img/c/900/035/900035417/9656-07-C1-PPWP-X1.jpg,https://pemilu2019.kpu.go.id/img/c/900/035/900035417/9656-07-C1-PPWP-X2.jpg
6728949796499656900035418,SUMATERA UTARA,ASAHAN,SEI DADAP,SEI ALIM HASAK,TPS 08,2019-10-25 11:00:05,75,142,281,222,222,217,5,https://pemilu2019.kpu.go.id/img/c/900/035/900035418/9656-08-C1-PPWP-X1.jpg,https://pemilu2019.kpu.go.id/img/c/900/035/900035418/9656-08-C1-PPWP-X2.jpg
6728949796499656900035419,SUMATERA UTARA,ASAHAN,SEI DADAP,SEI ALIM HASAK,TPS 09,2019-10-25 11:00:05,92,117,293,211,211,209,2,https://pemilu2019.kpu.go.id/img/c/900/035/900035419/9656-09-C1-PPWP-X1.jpg,https://pemilu2019.kpu.go.id/img/c/900/035/900035419/9656-09-C1-PPWP-X2.jpg
6728949796499656900035420,SUMATERA UTARA,ASAHAN,SEI DADAP,SEI ALIM HASAK,TPS 10,2019-10-25 11:00:05,93,124,292,220,220,217,3,https://pemilu2019.kpu.go.id/img/c/900/035/900035420/9656-10-C1-PPWP-X1.jpg,https://pemilu2019.kpu.go.id/img/c/900/035/900035420/9656-10-C1-PPWP-X2.jpg
6728949796499656900035421,SUMATERA UTARA,ASAHAN,SEI DADAP,SEI ALIM HASAK,TPS 11,2019-10-25 11:00:05,100,12,160,112,112,112,0,https://pemilu2019.kpu.go.id/img/c/900/035/900035421/4-9656-11-C1-PPWP-X1.jpg,https://pemilu2019.kpu.go.id/img/c/900/035/900035421/4-9656-11-C1-PPWP-X2.jpg
6728949796499656900035422,SUMATERA UTARA,ASAHAN,SEI DADAP,SEI ALIM HASAK,TPS 12,2019-10-25 11:00:05,99,10,171,110,110,109,1,https://pemilu2019.kpu.go.id/img/c/900/035/900035422/1-9656-12-C1-PPWP-X1.jpg,https://pemilu2019.kpu.go.id/img/c/900/035/900035422/1-9656-12-C1-PPWP-X2.jpg
6728949796499656900035423,SUMATERA UTARA,ASAHAN,SEI DADAP,SEI ALIM HASAK,TPS 13,2019-10-25 11:00:05,82,174,302,258,258,256,2,https://pemilu2019.kpu.go.id/img/c/900/035/900035423/9656-13-C1-PPWP-X1.jpg,https://pemilu2019.kpu.go.id/img/c/900/035/900035423/9656-13-C1-PPWP-X2.jpg
6728949796499656900035424,SUMATERA UTARA,ASAHAN,SEI DADAP,SEI ALIM HASAK,TPS 14,2019-10-25 11:00:05,113,119,290,238,238,232,6,https://pemilu2019.kpu.go.id/img/c/900/035/900035424/1-9656-14-C1-PPWP-X1.jpg,https://pemilu2019.kpu.go.id/img/c/900/035/900035424/1-9656-14-C1-PPWP-X2.jpg
6728949796499656900035425,SUMATERA UTARA,ASAHAN,SEI DADAP,SEI ALIM HASAK,TPS 15,2019-10-25 11:00:05,114,131,307,247,247,245,2,https://pemilu2019.kpu.go.id/img/c/900/035/900035425/9656-15-C1-PPWP-X1.jpg,https://pemilu2019.kpu.go.id/img/c/900/035/900035425/9656-15-C1-PPWP-X2.jpg
6728949796499656900035426,SUMATERA UTARA,ASAHAN,SEI DADAP,SEI ALIM HASAK,TPS 16,2019-10-25 11:00:05,148,89,290,245,245,237,8,https://pemilu2019.kpu.go.id/img/c/900/035/900035426/1-9656-16-C1-PPWP-X1.jpg,https://pemilu2019.kpu.go.id/img/c/900/035/900035426/1-9656-16-C1-PPWP-X2.jpg
6728949796499656900035427,SUMATERA UTARA,ASAHAN,SEI DADAP,SEI ALIM HASAK,TPS 17,2019-10-25 11:00:05,57,29,134,0,89,86,3,https://pemilu2019.kpu.go.id/img/c/900/035/900035427/1-9656-17-C1-PPWP-X1.jpg,https://pemilu2019.kpu.go.id/img/c/900/035/900035427/1-9656-17-C1-PPWP-X2.jpg
6728949796499656900035428,SUMATERA UTARA,ASAHAN,SEI DADAP,SEI ALIM HASAK,TPS 18,2019-10-25 11:00:05,31,110,195,145,145,141,4,https://pemilu2019.kpu.go.id/img/c/900/035/900035428/9656-18-C1-PPWP-X1.jpg,https://pemilu2019.kpu.go.id/img/c/900/035/900035428/9656-18-C1-PPWP-X2.jpg
6728949796499656900035429,SUMATERA UTARA,ASAHAN,SEI DADAP,SEI ALIM HASAK,TPS 19,2019-10-25 11:00:05,37,58,119,96,96,95,1,https://pemilu2019.kpu.go.id/img/c/900/035/900035429/9656-19-C1-PPWP-X1.jpg,https://pemilu2019.kpu.go.id/img/c/900/035/900035429/9656-19-C1-PPWP-X2.jpg
6728949796499658900035435,SUMATERA UTARA,ASAHAN,SEI DADAP,SEI KAMAH BARU,TPS 01,2019-10-25 11:00:05,69,140,276,213,213,209,4,https://pemilu2019.kpu.go.id/img/c/900/035/900035435/9658-01-C-XXX-X5.jpg,https://pemilu2019.kpu.go.id/img/c/900/035/900035435/9658-01-C-XXX-X6.jpg
6728949796499658900035436,SUMATERA UTARA,ASAHAN,SEI DADAP,SEI KAMAH BARU,TPS 02,2019-10-25 11:00:05,64,157,280,223,223,221,2,https://pemilu2019.kpu.go.id/img/c/900/035/900035436/9658-02-C-XXX-X5.jpg,https://pemilu2019.kpu.go.id/img/c/900/035/900035436/9658-02-C-XXX-X6.jpg
6728949796499658900035437,SUMATERA UTARA,ASAHAN,SEI DADAP,SEI KAMAH BARU,TPS 03,2019-10-25 11:00:05,62,127,284,197,197,189,8,https://pemilu2019.kpu.go.id/img/c/900/035/900035437/9658-03-C-XXX-X5.jpg,https://pemilu2019.kpu.go.id/img/c/900/035/900035437/9658-03-C-XXX-X6.jpg
6728949796499658900035438,SUMATERA UTARA,ASAHAN,SEI DADAP,SEI KAMAH BARU,TPS 04,2019-10-25 11:00:05,83,135,280,223,225,218,5,https://pemilu2019.kpu.go.id/img/c/900/035/900035438/9658-04-C-XXX-X5.jpg,https://pemilu2019.kpu.go.id/img/c/900/035/900035438/9658-04-C-XXX-X6.jpg
6728949796499658900035439,SUMATERA UTARA,ASAHAN,SEI DADAP,SEI KAMAH BARU,TPS 05,2019-10-25 11:00:05,77,140,272,221,221,217,4,https://pemilu2019.kpu.go.id/img/c/900/035/900035439/1-9658-05-C-XXX-X5.jpg,https://pemilu2019.kpu.go.id/img/c/900/035/900035439/1-9658-05-C-XXX-X6.jpg
6728949796499658900035440,SUMATERA UTARA,ASAHAN,SEI DADAP,SEI KAMAH BARU,TPS 06,2019-10-25 11:00:05,76,125,275,202,202,201,1,https://pemilu2019.kpu.go.id/img/c/900/035/900035440/9658-06-C-XXX-X5.jpg,https://pemilu2019.kpu.go.id/img/c/900/035/900035440/9658-06-C-XXX-X6.jpg
6728949796499658900035441,SUMATERA UTARA,ASAHAN,SEI DADAP,SEI KAMAH BARU,TPS 07,2019-10-25 11:00:05,66,138,289,211,212,204,8,https://pemilu2019.kpu.go.id/img/c/900/035/900035441/3-9658-07-C-XXX-X5.jpg,https://pemilu2019.kpu.go.id/img/c/900/035/900035441/3-9658-07-C-XXX-X6.jpg
6728949796499658900035442,SUMATERA UTARA,ASAHAN,SEI DADAP,SEI KAMAH BARU,TPS 08,2019-10-25 11:00:05,86,101,293,208,208,187,21,https://pemilu2019.kpu.go.id/img/c/900/035/900035442/9658-08-C-XXX-X5.jpg,https://pemilu2019.kpu.go.id/img/c/900/035/900035442/9658-08-C-XXX-X6.jpg
6728949796499658900035443,SUMATERA UTARA,ASAHAN,SEI DADAP,SEI KAMAH BARU,TPS 09,2019-10-25 11:00:05,80,108,272,190,190,188,2,https://pemilu2019.kpu.go.id/img/c/900/035/900035443/5-9658-09-C-XXX-X5.jpg,https://pemilu2019.kpu.go.id/img/c/900/035/900035443/5-9658-09-C-XXX-X6.jpg
6728949796499658900035444,SUMATERA UTARA,ASAHAN,SEI DADAP,SEI KAMAH BARU,TPS 10,2019-10-25 11:00:05,57,148,273,216,216,205,11,https://pemilu2019.kpu.go.id/img/c/900/035/900035444/9658-10-C-XXX-X5.jpg,https://pemilu2019.kpu.go.id/img/c/900/035/900035444/9658-10-C-XXX-X6.jpg
6728949796499653900035384,SUMATERA UTARA,ASAHAN,SEI DADAP,SEI KAMAH I,TPS 1,2019-10-25 11:00:05,56,129,271,190,190,185,5,https://pemilu2019.kpu.go.id/img/c/900/035/900035384/9653-1-C-XXX-X5.jpg,https://pemilu2019.kpu.go.id/img/c/900/035/900035384/9653-1-C-XXX-X6.jpg
6728949796499653900035385,SUMATERA UTARA,ASAHAN,SEI DADAP,SEI KAMAH I,TPS 2,2019-10-25 11:00:05,40,71,176,117,117,111,6,https://pemilu2019.kpu.go.id/img/c/900/035/900035385/3-9653-2-C-XXX-X5.jpg,https://pemilu2019.kpu.go.id/img/c/900/035/900035385/3-9653-2-C-XXX-X6.jpg
6728949796499653900035386,SUMATERA UTARA,ASAHAN,SEI DADAP,SEI KAMAH I,TPS 3,2019-10-25 11:00:05,89,124,275,217,217,213,4,https://pemilu2019.kpu.go.id/img/c/900/035/900035386/2-9653-3-C-XXX-X5.jpg,https://pemilu2019.kpu.go.id/img/c/900/035/900035386/2-9653-3-C-XXX-X6.jpg
6728949796499653900035387,SUMATERA UTARA,ASAHAN,SEI DADAP,SEI KAMAH I,TPS 4,2019-10-25 11:00:05,82,122,276,212,212,204,8,https://pemilu2019.kpu.go.id/img/c/900/035/900035387/1-9653-4-C-XXX-X5.jpg,https://pemilu2019.kpu.go.id/img/c/900/035/900035387/1-9653-4-C-XXX-X6.jpg
6728949796499653900035388,SUMATERA UTARA,ASAHAN,SEI DADAP,SEI KAMAH I,TPS 5,2019-10-25 11:00:05,32,138,242,173,173,170,3,https://pemilu2019.kpu.go.id/img/c/900/035/900035388/4-9653-5-C-XXX-X5.jpg,https://pemilu2019.kpu.go.id/img/c/900/035/900035388/4-9653-5-C-XXX-X6.jpg
6728949796499653900035389,SUMATERA UTARA,ASAHAN,SEI DADAP,SEI KAMAH I,TPS 6,2019-10-25 11:00:05,39,117,223,159,159,156,3,https://pemilu2019.kpu.go.id/img/c/900/035/900035389/3-9653-6-C-XXX-X5.jpg,https://pemilu2019.kpu.go.id/img/c/900/035/900035389/3-9653-6-C-XXX-X6.jpg
6728949796499653900035390,SUMATERA UTARA,ASAHAN,SEI DADAP,SEI KAMAH I,TPS 7,2019-10-25 11:00:05,75,61,198,137,137,136,1,https://pemilu2019.kpu.go.id/img/c/900/035/900035390/2-9653-7-C-XXX-X5.jpg,https://pemilu2019.kpu.go.id/img/c/900/035/900035390/2-9653-7-C-XXX-X6.jpg
6728949796499653900035391,SUMATERA UTARA,ASAHAN,SEI DADAP,SEI KAMAH I,TPS 8,2019-10-25 11:00:05,74,88,226,168,168,162,6,https://pemilu2019.kpu.go.id/img/c/900/035/900035391/1-9653-8-C-XXX-X5.jpg,https://pemilu2019.kpu.go.id/img/c/900/035/900035391/1-9653-8-C-XXX-X6.jpg
6728949796499654900035392,SUMATERA UTARA,ASAHAN,SEI DADAP,SEI KAMAH II,TPS 1,2019-10-25 11:00:05,39,181,290,221,221,220,1,https://pemilu2019.kpu.go.id/img/c/900/035/900035392/1-9654-1-C1-PPWP-X1.jpg,https://pemilu2019.kpu.go.id/img/c/900/035/900035392/1-9654-1-C1-PPWP-X2.jpg
6728949796499654900035393,SUMATERA UTARA,ASAHAN,SEI DADAP,SEI KAMAH II,TPS 2,2019-10-25 11:00:05,40,148,277,187,187,182,5,https://pemilu2019.kpu.go.id/img/c/900/035/900035393/1-9654-2-C1-PPWP-X1.jpg,https://pemilu2019.kpu.go.id/img/c/900/035/900035393/1-9654-2-C1-PPWP-X2.jpg
6728949796499654900035394,SUMATERA UTARA,ASAHAN,SEI DADAP,SEI KAMAH II,TPS 3,2019-10-25 11:00:05,40,146,293,187,187,186,1,https://pemilu2019.kpu.go.id/img/c/900/035/900035394/1-9654-3-C1-PPWP-X1.jpg,https://pemilu2019.kpu.go.id/img/c/900/035/900035394/1-9654-3-C1-PPWP-X2.jpg
6728949796499654900035395,SUMATERA UTARA,ASAHAN,SEI DADAP,SEI KAMAH II,TPS 4,2019-10-25 11:00:05,68,151,297,222,222,219,3,https://pemilu2019.kpu.go.id/img/c/900/035/900035395/2-9654-4-C1-PPWP-X1.jpg,https://pemilu2019.kpu.go.id/img/c/900/035/900035395/2-9654-4-C1-PPWP-X2.jpg
6728949796499654900035396,SUMATERA UTARA,ASAHAN,SEI DADAP,SEI KAMAH II,TPS 5,2019-10-25 11:00:05,61,165,287,229,229,226,3,https://pemilu2019.kpu.go.id/img/c/900/035/900035396/1-9654-5-C1-PPWP-X1.jpg,https://pemilu2019.kpu.go.id/img/c/900/035/900035396/1-9654-5-C1-PPWP-X2.jpg
6728949796499654900035397,SUMATERA UTARA,ASAHAN,SEI DADAP,SEI KAMAH II,TPS 6,2019-10-25 11:00:05,54,184,275,238,238,238,0,https://pemilu2019.kpu.go.id/img/c/900/035/900035397/1-9654-6-C1-PPWP-X1.jpg,https://pemilu2019.kpu.go.id/img/c/900/035/900035397/1-9654-6-C1-PPWP-X2.jpg
6728949796499654900035398,SUMATERA UTARA,ASAHAN,SEI DADAP,SEI KAMAH II,TPS 7,2019-10-25 11:00:05,32,154,265,187,187,186,1,https://pemilu2019.kpu.go.id/img/c/900/035/900035398/1-9654-7-C1-PPWP-X1.jpg,https://pemilu2019.kpu.go.id/img/c/900/035/900035398/1-9654-7-C1-PPWP-X2.jpg
6728949796499654900035399,SUMATERA UTARA,ASAHAN,SEI DADAP,SEI KAMAH II,TPS 8,2019-10-25 11:00:05,39,179,287,225,225,218,7,https://pemilu2019.kpu.go.id/img/c/900/035/900035399/1-9654-8-C1-PPWP-X1.jpg,https://pemilu2019.kpu.go.id/img/c/900/035/900035399/1-9654-8-C1-PPWP-X2.jpg
6728949796499654900035400,SUMATERA UTARA,ASAHAN,SEI DADAP,SEI KAMAH II,TPS 9,2019-10-25 11:00:05,43,163,275,209,209,206,3,https://pemilu2019.kpu.go.id/img/c/900/035/900035400/2-9654-9-C1-PPWP-X1.jpg,https://pemilu2019.kpu.go.id/img/c/900/035/900035400/2-9654-9-C1-PPWP-X2.jpg
6728949796499650900035357,SUMATERA UTARA,ASAHAN,SEI DADAP,TANJUNG ALAM,TPS 01,2019-10-25 11:00:05,78,136,292,217,217,214,3,https://pemilu2019.kpu.go.id/img/c/900/035/900035357/1-9650-01-C1-PPWP-X1.jpg,https://pemilu2019.kpu.go.id/img/c/900/035/900035357/1-9650-01-C1-PPWP-X2.jpg
6728949796499650900035358,SUMATERA UTARA,ASAHAN,SEI DADAP,TANJUNG ALAM,TPS 02,2019-10-25 11:00:05,72,162,273,242,242,234,8,https://pemilu2019.kpu.go.id/img/c/900/035/900035358/2-9650-02-C1-PPWP-X1.jpg,https://pemilu2019.kpu.go.id/img/c/900/035/900035358/2-9650-02-C1-PPWP-X2.jpg
6728949796499650900035359,SUMATERA UTARA,ASAHAN,SEI DADAP,TANJUNG ALAM,TPS 03,2019-10-25 11:00:05,44,129,228,177,177,173,4,https://pemilu2019.kpu.go.id/img/c/900/035/900035359/1-9650-03-C1-PPWP-X1.jpg,https://pemilu2019.kpu.go.id/img/c/900/035/900035359/1-9650-03-C1-PPWP-X2.jpg
6728949796499650900035360,SUMATERA UTARA,ASAHAN,SEI DADAP,TANJUNG ALAM,TPS 04,2019-10-25 11:00:05,43,151,249,196,196,194,2,https://pemilu2019.kpu.go.id/img/c/900/035/900035360/9650-04-C1-PPWP-X1.jpg,https://pemilu2019.kpu.go.id/img/c/900/035/900035360/9650-04-C1-PPWP-X2.jpg
6728949796499650900035361,SUMATERA UTARA,ASAHAN,SEI DADAP,TANJUNG ALAM,TPS 05,2019-10-25 11:00:05,58,149,264,207,207,207,0,https://pemilu2019.kpu.go.id/img/c/900/035/900035361/9650-05-C1-PPWP-X1.jpg,https://pemilu2019.kpu.go.id/img/c/900/035/900035361/9650-05-C1-PPWP-X2.jpg
6728949796499650900035362,SUMATERA UTARA,ASAHAN,SEI DADAP,TANJUNG ALAM,TPS 06,2019-10-25 11:00:05,73,160,286,237,237,233,4,https://pemilu2019.kpu.go.id/img/c/900/035/900035362/9650-06-C1-PPWP-X1.jpg,https://pemilu2019.kpu.go.id/img/c/900/035/900035362/9650-06-C1-PPWP-X2.jpg
6728949796499650900035363,SUMATERA UTARA,ASAHAN,SEI DADAP,TANJUNG ALAM,TPS 07,2019-10-25 11:00:05,90,132,300,223,223,222,1,https://pemilu2019.kpu.go.id/img/c/900/035/900035363/9650-07-C1-PPWP-X1.jpg,https://pemilu2019.kpu.go.id/img/c/900/035/900035363/9650-07-C1-PPWP-X2.jpg
6728949796499650900035364,SUMATERA UTARA,ASAHAN,SEI DADAP,TANJUNG ALAM,TPS 08,2019-10-25 11:00:05,98,106,280,208,208,204,4,https://pemilu2019.kpu.go.id/img/c/900/035/900035364/9650-08-C1-PPWP-X1.jpg,https://pemilu2019.kpu.go.id/img/c/900/035/900035364/9650-08-C1-PPWP-X2.jpg
6728949796499650900035365,SUMATERA UTARA,ASAHAN,SEI DADAP,TANJUNG ALAM,TPS 09,2019-10-25 11:00:05,93,122,278,219,219,215,4,https://pemilu2019.kpu.go.id/img/c/900/035/900035365/3-9650-09-C1-PPWP-X1.jpg,https://pemilu2019.kpu.go.id/img/c/900/035/900035365/3-9650-09-C1-PPWP-X2.jpg
6728949796499650900035366,SUMATERA UTARA,ASAHAN,SEI DADAP,TANJUNG ALAM,TPS 10,2019-10-25 11:00:05,138,99,299,239,239,237,2,https://pemilu2019.kpu.go.id/img/c/900/035/900035366/9650-10-C1-PPWP-X1.jpg,https://pemilu2019.kpu.go.id/img/c/900/035/900035366/9650-10-C1-PPWP-X2.jpg
6728949796499650900035367,SUMATERA UTARA,ASAHAN,SEI DADAP,TANJUNG ALAM,TPS 11,2019-10-25 11:00:05,49,92,184,143,143,141,2,https://pemilu2019.kpu.go.id/img/c/900/035/900035367/9650-11-C1-PPWP-X1.jpg,https://pemilu2019.kpu.go.id/img/c/900/035/900035367/9650-11-C1-PPWP-X2.jpg
6728949796499650900035368,SUMATERA UTARA,ASAHAN,SEI DADAP,TANJUNG ALAM,TPS 12,2019-10-25 11:00:05,67,95,210,167,167,162,5,https://pemilu2019.kpu.go.id/img/c/900/035/900035368/9650-12-C1-PPWP-X1.jpg,https://pemilu2019.kpu.go.id/img/c/900/035/900035368/9650-12-C1-PPWP-X2.jpg
6728949796499650900035369,SUMATERA UTARA,ASAHAN,SEI DADAP,TANJUNG ALAM,TPS 13,2019-10-25 11:00:05,56,154,277,210,210,210,0,https://pemilu2019.kpu.go.id/img/c/900/035/900035369/9650-13-C1-PPWP-X1.jpg,https://pemilu2019.kpu.go.id/img/c/900/035/900035369/9650-13-C1-PPWP-X2.jpg
6728949796499650900035370,SUMATERA UTARA,ASAHAN,SEI DADAP,TANJUNG ALAM,TPS 14,2019-10-25 11:00:05,57,146,240,206,206,203,3,https://pemilu2019.kpu.go.id/img/c/900/035/900035370/9650-14-C1-PPWP-X1.jpg,https://pemilu2019.kpu.go.id/img/c/900/035/900035370/9650-14-C1-PPWP-X2.jpg
6728949796499650900035371,SUMATERA UTARA,ASAHAN,SEI DADAP,TANJUNG ALAM,TPS 15,2019-10-25 11:00:05,91,136,271,231,231,227,4,https://pemilu2019.kpu.go.id/img/c/900/035/900035371/1-9650-15-C1-PPWP-X1.jpg,https://pemilu2019.kpu.go.id/img/c/900/035/900035371/1-9650-15-C1-PPWP-X2.jpg
6728949796499650900035372,SUMATERA UTARA,ASAHAN,SEI DADAP,TANJUNG ALAM,TPS 16,2019-10-25 11:00:05,76,115,230,192,192,191,1,https://pemilu2019.kpu.go.id/img/c/900/035/900035372/9650-16-C1-PPWP-X1.jpg,https://pemilu2019.kpu.go.id/img/c/900/035/900035372/9650-16-C1-PPWP-X2.jpg
6728949796499657900035430,SUMATERA UTARA,ASAHAN,SEI DADAP,TANJUNG ASRI,TPS 1,2019-10-25 11:00:05,78,120,235,199,199,198,1,https://pemilu2019.kpu.go.id/img/c/900/035/900035430/9657-1-C-XXX-X5.jpg,https://pemilu2019.kpu.go.id/img/c/900/035/900035430/9657-1-C-XXX-X6.jpg
6728949796499657900035431,SUMATERA UTARA,ASAHAN,SEI DADAP,TANJUNG ASRI,TPS 2,2019-10-25 11:00:05,74,74,183,149,149,148,1,https://pemilu2019.kpu.go.id/img/c/900/035/900035431/9657-2-C1-PPWP-X1.jpg,https://pemilu2019.kpu.go.id/img/c/900/035/900035431/9657-2-C1-PPWP-X2.jpg
6728949796499657900035432,SUMATERA UTARA,ASAHAN,SEI DADAP,TANJUNG ASRI,TPS 3,2019-10-25 11:00:05,107,54,230,166,166,161,5,https://pemilu2019.kpu.go.id/img/c/900/035/900035432/9657-3-C-XXX-X5.jpg,https://pemilu2019.kpu.go.id/img/c/900/035/900035432/9657-3-C-XXX-X6.jpg
6728949796499657900035433,SUMATERA UTARA,ASAHAN,SEI DADAP,TANJUNG ASRI,TPS 4,2019-10-25 11:00:05,140,69,253,213,213,209,4,https://pemilu2019.kpu.go.id/img/c/900/035/900035433/9657-4-C-XXX-X5.jpg,https://pemilu2019.kpu.go.id/img/c/900/035/900035433/9657-4-C-XXX-X6.jpg
6728949796499657900035434,SUMATERA UTARA,ASAHAN,SEI DADAP,TANJUNG ASRI,TPS 5,2019-10-25 11:00:05,55,98,218,156,156,153,3,https://pemilu2019.kpu.go.id/img/c/900/035/900035434/9657-5-C-XXX-X5.jpg,https://pemilu2019.kpu.go.id/img/c/900/035/900035434/9657-5-C-XXX-X6.jpg
6728949795239529900034129,SUMATERA UTARA,ASAHAN,SEI KEPAYANG,BANGUN BARU,TPS 1,2019-10-25 11:00:05,73,146,269,221,221,219,2,https://pemilu2019.kpu.go.id/img/c/900/034/900034129/1-9529-1-C1-PPWP-X1.jpg,https://pemilu2019.kpu.go.id/img/c/900/034/900034129/1-9529-1-C1-PPWP-X2.jpg
6728949795239529900034130,SUMATERA UTARA,ASAHAN,SEI KEPAYANG,BANGUN BARU,TPS 2,2019-10-25 11:00:05,77,122,260,201,201,199,2,https://pemilu2019.kpu.go.id/img/c/900/034/900034130/2-9529-2-C1-PPWP-X3.jpg,https://pemilu2019.kpu.go.id/img/c/900/034/900034130/2-9529-2-C1-PPWP-X4.jpg
6728949795239529900034131,SUMATERA UTARA,ASAHAN,SEI KEPAYANG,BANGUN BARU,TPS 3,2019-10-25 11:00:05,97,101,275,206,206,198,8,https://pemilu2019.kpu.go.id/img/c/900/034/900034131/2-9529-3-C1-PPWP-X5.jpg,https://pemilu2019.kpu.go.id/img/c/900/034/900034131/2-9529-3-C1-PPWP-X6.jpg
6728949795239529900034132,SUMATERA UTARA,ASAHAN,SEI KEPAYANG,BANGUN BARU,TPS 4,2019-10-25 11:00:05,113,115,272,230,230,228,2,https://pemilu2019.kpu.go.id/img/c/900/034/900034132/2-9529-4-C1-PPWP-X7.jpg,https://pemilu2019.kpu.go.id/img/c/900/034/900034132/2-9529-4-C1-PPWP-X8.jpg
6728949795239529900034133,SUMATERA UTARA,ASAHAN,SEI KEPAYANG,BANGUN BARU,TPS 5,2019-10-25 11:00:05,78,62,140,140,140,140,0,https://pemilu2019.kpu.go.id/img/c/900/034/900034133/1-9529-5-C1-PPWP-X9.jpg,https://pemilu2019.kpu.go.id/img/c/900/034/900034133/1-9529-5-C1-PPWP-X10.jpg
6728949795239528900034118,SUMATERA UTARA,ASAHAN,SEI KEPAYANG,PERBANGUNAN,TPS 01,2019-10-25 11:00:05,0,0,266,193,82,193,0,https://pemilu2019.kpu.go.id/img/c/900/034/900034118/1-9528-01-C1-PPWP-X1.jpg,https://pemilu2019.kpu.go.id/img/c/900/034/900034118/1-9528-01-C1-PPWP-X2.jpg
6728949795239528900034119,SUMATERA UTARA,ASAHAN,SEI KEPAYANG,PERBANGUNAN,TPS 02,2019-10-25 11:00:05,154,10,248,164,164,164,0,https://pemilu2019.kpu.go.id/img/c/900/034/900034119/1-9528-02-C1-PPWP-X3.jpg,https://pemilu2019.kpu.go.id/img/c/900/034/900034119/1-9528-02-C1-PPWP-X4.jpg
6728949795239528900034120,SUMATERA UTARA,ASAHAN,SEI KEPAYANG,PERBANGUNAN,TPS 03,2019-10-25 11:00:05,168,16,268,184,184,184,0,https://pemilu2019.kpu.go.id/img/c/900/034/900034120/1-9528-03-C1-PPWP-X5.jpg,https://pemilu2019.kpu.go.id/img/c/900/034/900034120/1-9528-03-C1-PPWP-X6.jpg
6728949795239528900034121,SUMATERA UTARA,ASAHAN,SEI KEPAYANG,PERBANGUNAN,TPS 04,2019-10-25 11:00:05,234,30,323,268,268,264,4,https://pemilu2019.kpu.go.id/img/c/900/034/900034121/1-9528-04-C1-PPWP-X7.jpg,https://pemilu2019.kpu.go.id/img/c/900/034/900034121/1-9528-04-C1-PPWP-X8.jpg
6728949795239528900034122,SUMATERA UTARA,ASAHAN,SEI KEPAYANG,PERBANGUNAN,TPS 05,2019-10-25 11:00:05,169,3,216,172,173,172,1,https://pemilu2019.kpu.go.id/img/c/900/034/900034122/1-9528-05-C1-PPWP-X9.jpg,https://pemilu2019.kpu.go.id/img/c/900/034/900034122/1-9528-05-C1-PPWP-X10.jpg
6728949795239528900034123,SUMATERA UTARA,ASAHAN,SEI KEPAYANG,PERBANGUNAN,TPS 06,2019-10-25 11:00:05,119,6,0,126,126,125,1,https://pemilu2019.kpu.go.id/img/c/900/034/900034123/1-9528-06-C1-PPWP-X11.jpg,https://pemilu2019.kpu.go.id/img/c/900/034/900034123/1-9528-06-C1-PPWP-X12.jpg
6728949795239528900034124,SUMATERA UTARA,ASAHAN,SEI KEPAYANG,PERBANGUNAN,TPS 07,2019-10-25 11:00:05,187,16,276,204,205,203,2,https://pemilu2019.kpu.go.id/img/c/900/034/900034124/1-9528-07-C1-PPWP-X13.jpg,https://pemilu2019.kpu.go.id/img/c/900/034/900034124/1-9528-07-C1-PPWP-X14.jpg
6728949795239528900034125,SUMATERA UTARA,ASAHAN,SEI KEPAYANG,PERBANGUNAN,TPS 08,2019-10-25 11:00:05,199,1,253,202,202,200,2,https://pemilu2019.kpu.go.id/img/c/900/034/900034125/1-9528-08-C1-PPWP-X15.jpg,https://pemilu2019.kpu.go.id/img/c/900/034/900034125/1-9528-08-C1-PPWP-X16.jpg
6728949795239528900034126,SUMATERA UTARA,ASAHAN,SEI KEPAYANG,PERBANGUNAN,TPS 09,2019-10-25 11:00:05,134,2,181,139,139,136,3,https://pemilu2019.kpu.go.id/img/c/900/034/900034126/1-9528-09-C1-PPWP-X17.jpg,https://pemilu2019.kpu.go.id/img/c/900/034/900034126/1-9528-09-C1-PPWP-X18.jpg
6728949795239528900034127,SUMATERA UTARA,ASAHAN,SEI KEPAYANG,PERBANGUNAN,TPS 10,2019-10-25 11:00:05,154,21,271,175,175,175,0,https://pemilu2019.kpu.go.id/img/c/900/034/900034127/1-9528-10-C1-PPWP-X19.jpg,https://pemilu2019.kpu.go.id/img/c/900/034/900034127/1-9528-10-C1-PPWP-X20.jpg
6728949795239528900034128,SUMATERA UTARA,ASAHAN,SEI KEPAYANG,PERBANGUNAN,TPS 11,2019-10-25 11:00:05,197,39,314,244,244,236,8,https://pemilu2019.kpu.go.id/img/c/900/034/900034128/1-9528-11-C1-PPWP-X1.jpg,https://pemilu2019.kpu.go.id/img/c/900/034/900034128/1-9528-11-C1-PPWP-X2.jpg
6728949795239527900034111,SUMATERA UTARA,ASAHAN,SEI KEPAYANG,PERTAHANAN,TPS 1,2019-10-25 11:00:05,66,149,301,216,216,215,1,https://pemilu2019.kpu.go.id/img/c/900/034/900034111/1-9527-1-C1-PPWP-X1.jpg,https://pemilu2019.kpu.go.id/img/c/900/034/900034111/1-9527-1-C1-PPWP-X2.jpg
6728949795239527900034112,SUMATERA UTARA,ASAHAN,SEI KEPAYANG,PERTAHANAN,TPS 2,2019-10-25 11:00:05,49,171,300,223,223,220,3,https://pemilu2019.kpu.go.id/img/c/900/034/900034112/1-9527-2-C1-PPWP-X3.jpg,https://pemilu2019.kpu.go.id/img/c/900/034/900034112/1-9527-2-C1-PPWP-X4.jpg
6728949795239527900034113,SUMATERA UTARA,ASAHAN,SEI KEPAYANG,PERTAHANAN,TPS 3,2019-10-25 11:00:05,169,5,306,176,176,174,2,https://pemilu2019.kpu.go.id/img/c/900/034/900034113/1-9527-3-C1-PPWP-X5.jpg,https://pemilu2019.kpu.go.id/img/c/900/034/900034113/1-9527-3-C1-PPWP-X6.jpg
6728949795239527900034114,SUMATERA UTARA,ASAHAN,SEI KEPAYANG,PERTAHANAN,TPS 4,2019-10-25 11:00:05,40,168,295,210,210,208,2,https://pemilu2019.kpu.go.id/img/c/900/034/900034114/2-9527-4-C1-PPWP-X7.jpg,https://pemilu2019.kpu.go.id/img/c/900/034/900034114/2-9527-4-C1-PPWP-X8.jpg
6728949795239527900034115,SUMATERA UTARA,ASAHAN,SEI KEPAYANG,PERTAHANAN,TPS 5,2019-10-25 11:00:05,43,130,276,173,173,173,0,https://pemilu2019.kpu.go.id/img/c/900/034/900034115/1-9527-5-C1-PPWP-X1.jpg,https://pemilu2019.kpu.go.id/img/c/900/034/900034115/1-9527-5-C1-PPWP-X2.jpg
6728949795239527900034116,SUMATERA UTARA,ASAHAN,SEI KEPAYANG,PERTAHANAN,TPS 6,2019-10-25 11:00:05,121,74,306,197,197,195,2,https://pemilu2019.kpu.go.id/img/c/900/034/900034116/1-9527-6-C1-PPWP-X11.jpg,https://pemilu2019.kpu.go.id/img/c/900/034/900034116/1-9527-6-C1-PPWP-X12.jpg
6728949795239527900034117,SUMATERA UTARA,ASAHAN,SEI KEPAYANG,PERTAHANAN,TPS 7,2019-10-25 11:00:05,23,53,150,76,76,76,0,https://pemilu2019.kpu.go.id/img/c/900/034/900034117/1-9527-7-C1-PPWP-X13.jpg,https://pemilu2019.kpu.go.id/img/c/900/034/900034117/1-9527-7-C1-PPWP-X14.jpg
6728949795239525900034092,SUMATERA UTARA,ASAHAN,SEI KEPAYANG,SEI KEPAYANG KANAN,TPS 1,2019-10-25 11:00:05,24,189,290,213,213,213,0,https://pemilu2019.kpu.go.id/img/c/900/034/900034092/1-9525-1-C1-PPWP-X1.jpg,https://pemilu2019.kpu.go.id/img/c/900/034/900034092/1-9525-1-C1-PPWP-X2.jpg
6728949795239525900034093,SUMATERA UTARA,ASAHAN,SEI KEPAYANG,SEI KEPAYANG KANAN,TPS 2,2019-10-25 11:00:05,28,131,245,160,160,159,1,https://pemilu2019.kpu.go.id/img/c/900/034/900034093/1-9525-2-C1-PPWP-X3.jpg,https://pemilu2019.kpu.go.id/img/c/900/034/900034093/1-9525-2-C1-PPWP-X4.jpg
6728949795239525900034094,SUMATERA UTARA,ASAHAN,SEI KEPAYANG,SEI KEPAYANG KANAN,TPS 3,2019-10-25 11:00:05,26,214,305,243,243,240,3,https://pemilu2019.kpu.go.id/img/c/900/034/900034094/1-9525-3-C1-PPWP-X5.jpg,https://pemilu2019.kpu.go.id/img/c/900/034/900034094/1-9525-3-C1-PPWP-X6.jpg
6728949795239525900034095,SUMATERA UTARA,ASAHAN,SEI KEPAYANG,SEI KEPAYANG KANAN,TPS 4,2019-10-25 11:00:05,19,70,146,90,90,89,1,https://pemilu2019.kpu.go.id/img/c/900/034/900034095/1-9525-4-C1-PPWP-X7.jpg,https://pemilu2019.kpu.go.id/img/c/900/034/900034095/1-9525-4-C1-PPWP-X8.jpg
6728949795239525900034096,SUMATERA UTARA,ASAHAN,SEI KEPAYANG,SEI KEPAYANG KANAN,TPS 5,2019-10-25 11:00:05,25,205,294,231,231,230,1,https://pemilu2019.kpu.go.id/img/c/900/034/900034096/1-9525-5-C1-PPWP-X9.jpg,https://pemilu2019.kpu.go.id/img/c/900/034/900034096/1-9525-5-C1-PPWP-X10.jpg
6728949795239525900034097,SUMATERA UTARA,ASAHAN,SEI KEPAYANG,SEI KEPAYANG KANAN,TPS 6,2019-10-25 11:00:05,36,118,209,157,157,154,3,https://pemilu2019.kpu.go.id/img/c/900/034/900034097/1-9525-6-C1-PPWP-X11.jpg,https://pemilu2019.kpu.go.id/img/c/900/034/900034097/1-9525-6-C1-PPWP-X12.jpg
6728949795239525900034098,SUMATERA UTARA,ASAHAN,SEI KEPAYANG,SEI KEPAYANG KANAN,TPS 7,2019-10-25 11:00:05,36,104,183,140,140,140,0,https://pemilu2019.kpu.go.id/img/c/900/034/900034098/1-9525-7-C1-PPWP-X13.jpg,https://pemilu2019.kpu.go.id/img/c/900/034/900034098/1-9525-7-C1-PPWP-X14.jpg
6728949795239524900034082,SUMATERA UTARA,ASAHAN,SEI KEPAYANG,SEI KEPAYANG TENGAH,TPS 01,2019-10-25 11:00:05,30,165,269,197,197,195,2,https://pemilu2019.kpu.go.id/img/c/900/034/900034082/1-9524-01-C1-PPWP-X1.jpg,https://pemilu2019.kpu.go.id/img/c/900/034/900034082/1-9524-01-C1-PPWP-X2.jpg
6728949795239524900034083,SUMATERA UTARA,ASAHAN,SEI KEPAYANG,SEI KEPAYANG TENGAH,TPS 02,2019-10-25 11:00:05,21,163,245,185,185,184,1,https://pemilu2019.kpu.go.id/img/c/900/034/900034083/1-9524-02-C1-PPWP-X3.jpg,https://pemilu2019.kpu.go.id/img/c/900/034/900034083/1-9524-02-C1-PPWP-X4.jpg
6728949795239524900034084,SUMATERA UTARA,ASAHAN,SEI KEPAYANG,SEI KEPAYANG TENGAH,TPS 03,2019-10-25 11:00:05,22,166,269,192,192,188,4,https://pemilu2019.kpu.go.id/img/c/900/034/900034084/1-9524-03-C1-PPWP-X5.jpg,https://pemilu2019.kpu.go.id/img/c/900/034/900034084/1-9524-03-C1-PPWP-X6.jpg
6728949795239524900034085,SUMATERA UTARA,ASAHAN,SEI KEPAYANG,SEI KEPAYANG TENGAH,TPS 04,2019-10-25 11:00:05,27,138,221,166,166,165,1,https://pemilu2019.kpu.go.id/img/c/900/034/900034085/1-9524-04-C1-PPWP-X7.jpg,https://pemilu2019.kpu.go.id/img/c/900/034/900034085/1-9524-04-C1-PPWP-X8.jpg
6728949795239524900034086,SUMATERA UTARA,ASAHAN,SEI KEPAYANG,SEI KEPAYANG TENGAH,TPS 05,2019-10-25 11:00:05,24,191,304,215,215,215,0,https://pemilu2019.kpu.go.id/img/c/900/034/900034086/1-9524-05-C1-PPWP-X9.jpg,https://pemilu2019.kpu.go.id/img/c/900/034/900034086/1-9524-05-C1-PPWP-X10.jpg
6728949795239524900034087,SUMATERA UTARA,ASAHAN,SEI KEPAYANG,SEI KEPAYANG TENGAH,TPS 06,2019-10-25 11:00:05,23,157,273,182,182,180,2,https://pemilu2019.kpu.go.id/img/c/900/034/900034087/1-9524-06-C1-PPWP-X1.jpg,https://pemilu2019.kpu.go.id/img/c/900/034/900034087/1-9524-06-C1-PPWP-X2.jpg
6728949795239524900034088,SUMATERA UTARA,ASAHAN,SEI KEPAYANG,SEI KEPAYANG TENGAH,TPS 07,2019-10-25 11:00:05,8,192,269,204,204,200,4,https://pemilu2019.kpu.go.id/img/c/900/034/900034088/1-9524-07-C1-PPWP-X1.jpg,https://pemilu2019.kpu.go.id/img/c/900/034/900034088/1-9524-07-C1-PPWP-X2.jpg
6728949795239524900034089,SUMATERA UTARA,ASAHAN,SEI KEPAYANG,SEI KEPAYANG TENGAH,TPS 08,2019-10-25 11:00:05,54,121,277,180,180,175,5,https://pemilu2019.kpu.go.id/img/c/900/034/900034089/1-9524-08-C1-PPWP-X3.jpg,https://pemilu2019.kpu.go.id/img/c/900/034/900034089/1-9524-08-C1-PPWP-X4.jpg
6728949795239524900034090,SUMATERA UTARA,ASAHAN,SEI KEPAYANG,SEI KEPAYANG TENGAH,TPS 09,2019-10-25 11:00:05,71,117,265,191,191,188,3,https://pemilu2019.kpu.go.id/img/c/900/034/900034090/1-9524-09-C1-PPWP-X5.jpg,https://pemilu2019.kpu.go.id/img/c/900/034/900034090/1-9524-09-C1-PPWP-X6.jpg
6728949795239524900034091,SUMATERA UTARA,ASAHAN,SEI KEPAYANG,SEI KEPAYANG TENGAH,TPS 10,2019-10-25 11:00:05,7,149,216,157,157,156,1,https://pemilu2019.kpu.go.id/img/c/900/034/900034091/1-9524-10-C1-PPWP-X7.jpg,https://pemilu2019.kpu.go.id/img/c/900/034/900034091/1-9524-10-C1-PPWP-X8.jpg
6728949795239526900034099,SUMATERA UTARA,ASAHAN,SEI KEPAYANG,SEI PAHAM,TPS 01,2019-10-25 11:00:05,12,204,307,218,218,216,2,https://pemilu2019.kpu.go.id/img/c/900/034/900034099/1-9526-01-C1-PPWP-X1.jpg,https://pemilu2019.kpu.go.id/img/c/900/034/900034099/1-9526-01-C1-PPWP-X2.jpg
6728949795239526900034100,SUMATERA UTARA,ASAHAN,SEI KEPAYANG,SEI PAHAM,TPS 02,2019-10-25 11:00:05,43,116,257,160,160,159,1,https://pemilu2019.kpu.go.id/img/c/900/034/900034100/1-9526-02-C1-PPWP-X3.jpg,https://pemilu2019.kpu.go.id/img/c/900/034/900034100/1-9526-02-C1-PPWP-X4.jpg
6728949795239526900034101,SUMATERA UTARA,ASAHAN,SEI KEPAYANG,SEI PAHAM,TPS 03,2019-10-25 11:00:05,54,140,255,197,197,194,3,https://pemilu2019.kpu.go.id/img/c/900/034/900034101/1-9526-03-C1-PPWP-X5.jpg,https://pemilu2019.kpu.go.id/img/c/900/034/900034101/1-9526-03-C1-PPWP-X6.jpg
6728949795239526900034102,SUMATERA UTARA,ASAHAN,SEI KEPAYANG,SEI PAHAM,TPS 04,2019-10-25 11:00:05,87,126,301,214,214,213,1,https://pemilu2019.kpu.go.id/img/c/900/034/900034102/1-9526-04-C1-PPWP-X7.jpg,https://pemilu2019.kpu.go.id/img/c/900/034/900034102/1-9526-04-C1-PPWP-X8.jpg
6728949795239526900034103,SUMATERA UTARA,ASAHAN,SEI KEPAYANG,SEI PAHAM,TPS 05,2019-10-25 11:00:05,41,162,294,206,206,203,3,https://pemilu2019.kpu.go.id/img/c/900/034/900034103/1-9526-05-C1-PPWP-X9.jpg,https://pemilu2019.kpu.go.id/img/c/900/034/900034103/1-9526-05-C1-PPWP-X10.jpg
6728949795239526900034104,SUMATERA UTARA,ASAHAN,SEI KEPAYANG,SEI PAHAM,TPS 06,2019-10-25 11:00:05,22,124,182,148,148,146,2,https://pemilu2019.kpu.go.id/img/c/900/034/900034104/1-9526-06-C1-PPWP-X1.jpg,https://pemilu2019.kpu.go.id/img/c/900/034/900034104/1-9526-06-C1-PPWP-X2.jpg
6728949795239526900034105,SUMATERA UTARA,ASAHAN,SEI KEPAYANG,SEI PAHAM,TPS 07,2019-10-25 11:00:05,12,174,302,192,191,186,5,https://pemilu2019.kpu.go.id/img/c/900/034/900034105/2-9526-07-C1-PPWP-X1.jpg,https://pemilu2019.kpu.go.id/img/c/900/034/900034105/2-9526-07-C1-PPWP-X2.jpg
6728949795239526900034106,SUMATERA UTARA,ASAHAN,SEI KEPAYANG,SEI PAHAM,TPS 08,2019-10-25 11:00:05,30,176,298,206,206,206,0,https://pemilu2019.kpu.go.id/img/c/900/034/900034106/1-9526-08-C1-PPWP-X3.jpg,https://pemilu2019.kpu.go.id/img/c/900/034/900034106/1-9526-08-C1-PPWP-X4.jpg
6728949795239526900034107,SUMATERA UTARA,ASAHAN,SEI KEPAYANG,SEI PAHAM,TPS 09,2019-10-25 11:00:05,12,209,288,229,229,221,8,https://pemilu2019.kpu.go.id/img/c/900/034/900034107/1-9526-09-C1-PPWP-X5.jpg,https://pemilu2019.kpu.go.id/img/c/900/034/900034107/1-9526-09-C1-PPWP-X6.jpg
6728949795239526900034108,SUMATERA UTARA,ASAHAN,SEI KEPAYANG,SEI PAHAM,TPS 10,2019-10-25 11:00:05,23,218,314,243,243,241,2,https://pemilu2019.kpu.go.id/img/c/900/034/900034108/1-9526-10-C1-PPWP-X1.jpg,https://pemilu2019.kpu.go.id/img/c/900/034/900034108/1-9526-10-C1-PPWP-X2.jpg
6728949795239526900034109,SUMATERA UTARA,ASAHAN,SEI KEPAYANG,SEI PAHAM,TPS 11,2019-10-25 11:00:05,61,78,216,146,146,139,7,https://pemilu2019.kpu.go.id/img/c/900/034/900034109/1-9526-11-C1-PPWP-X3.jpg,https://pemilu2019.kpu.go.id/img/c/900/034/900034109/1-9526-11-C1-PPWP-X4.jpg
6728949795239526900034110,SUMATERA UTARA,ASAHAN,SEI KEPAYANG,SEI PAHAM,TPS 12,2019-10-25 11:00:05,20,162,258,184,184,182,2,https://pemilu2019.kpu.go.id/img/c/900/034/900034110/1-9526-12-C1-PPWP-X5.jpg,https://pemilu2019.kpu.go.id/img/c/900/034/900034110/1-9526-12-C1-PPWP-X6.jpg
6728949796609662900035462,SUMATERA UTARA,ASAHAN,SEI KEPAYANG BARAT,SEI JAWI JAWI,TPS 01,2019-10-25 11:00:05,18,140,223,161,161,158,3,https://pemilu2019.kpu.go.id/img/c/900/035/900035462/9662-01-C-XXX-X5.jpg,https://pemilu2019.kpu.go.id/img/c/900/035/900035462/9662-01-C-XXX-X6.jpg
6728949796609662900035463,SUMATERA UTARA,ASAHAN,SEI KEPAYANG BARAT,SEI JAWI JAWI,TPS 02,2019-10-25 11:00:05,17,173,276,194,194,190,4,https://pemilu2019.kpu.go.id/img/c/900/035/900035463/1-9662-02-C1-PPWP-X1.jpg,https://pemilu2019.kpu.go.id/img/c/900/035/900035463/1-9662-02-C1-PPWP-X2.jpg
6728949796609662900035464,SUMATERA UTARA,ASAHAN,SEI KEPAYANG BARAT,SEI JAWI JAWI,TPS 03,2019-10-25 11:00:05,34,122,215,164,164,156,8,https://pemilu2019.kpu.go.id/img/c/900/035/900035464/9662-03-C-XXX-X5.jpg,https://pemilu2019.kpu.go.id/img/c/900/035/900035464/9662-03-C-XXX-X6.jpg
6728949796609662900035465,SUMATERA UTARA,ASAHAN,SEI KEPAYANG BARAT,SEI JAWI JAWI,TPS 04,2019-10-25 11:00:05,15,158,283,175,175,173,2,https://pemilu2019.kpu.go.id/img/c/900/035/900035465/9662-04-C-XXX-X5.jpg,https://pemilu2019.kpu.go.id/img/c/900/035/900035465/9662-04-C-XXX-X6.jpg
6728949796609662900035466,SUMATERA UTARA,ASAHAN,SEI KEPAYANG BARAT,SEI JAWI JAWI,TPS 05,2019-10-25 11:00:05,21,154,273,176,176,175,1,https://pemilu2019.kpu.go.id/img/c/900/035/900035466/9662-05-C-XXX-X5.jpg,https://pemilu2019.kpu.go.id/img/c/900/035/900035466/9662-05-C-XXX-X6.jpg
6728949796609662900035467,SUMATERA UTARA,ASAHAN,SEI KEPAYANG BARAT,SEI JAWI JAWI,TPS 06,2019-10-25 11:00:05,12,162,297,177,176,174,2,https://pemilu2019.kpu.go.id/img/c/900/035/900035467/9662-06-C-XXX-X5.jpg,https://pemilu2019.kpu.go.id/img/c/900/035/900035467/9662-06-C-XXX-X6.jpg
6728949796609662900035468,SUMATERA UTARA,ASAHAN,SEI KEPAYANG BARAT,SEI JAWI JAWI,TPS 07,2019-10-25 11:00:05,13,180,279,195,195,193,2,https://pemilu2019.kpu.go.id/img/c/900/035/900035468/9662-07-C-XXX-X5.jpg,https://pemilu2019.kpu.go.id/img/c/900/035/900035468/9662-07-C-XXX-X6.jpg
6728949796609662900035469,SUMATERA UTARA,ASAHAN,SEI KEPAYANG BARAT,SEI JAWI JAWI,TPS 08,2019-10-25 11:00:05,24,183,273,208,208,207,1,https://pemilu2019.kpu.go.id/img/c/900/035/900035469/9662-08-C-XXX-X5.jpg,https://pemilu2019.kpu.go.id/img/c/900/035/900035469/9662-08-C-XXX-X6.jpg
6728949796609662900035470,SUMATERA UTARA,ASAHAN,SEI KEPAYANG BARAT,SEI JAWI JAWI,TPS 09,2019-10-25 11:00:05,23,179,258,208,208,202,6,https://pemilu2019.kpu.go.id/img/c/900/035/900035470/9662-09-C-XXX-X5.jpg,https://pemilu2019.kpu.go.id/img/c/900/035/900035470/9662-09-C-XXX-X6.jpg
6728949796609662900035471,SUMATERA UTARA,ASAHAN,SEI KEPAYANG BARAT,SEI JAWI JAWI,TPS 10,2019-10-25 11:00:05,22,115,252,139,139,137,2,https://pemilu2019.kpu.go.id/img/c/900/035/900035471/9662-10-C-XXX-X5.jpg,https://pemilu2019.kpu.go.id/img/c/900/035/900035471/9662-10-C-XXX-X6.jpg
6728949796609662900035472,SUMATERA UTARA,ASAHAN,SEI KEPAYANG BARAT,SEI JAWI JAWI,TPS 11,2019-10-25 11:00:05,9,78,139,88,88,87,1,https://pemilu2019.kpu.go.id/img/c/900/035/900035472/9662-11-C-XXX-X5.jpg,https://pemilu2019.kpu.go.id/img/c/900/035/900035472/9662-11-C-XXX-X6.jpg
6728949796609662900035473,SUMATERA UTARA,ASAHAN,SEI KEPAYANG BARAT,SEI JAWI JAWI,TPS 12,2019-10-25 11:00:05,15,118,217,133,133,133,0,https://pemilu2019.kpu.go.id/img/c/900/035/900035473/9662-12-C-XXX-X5.jpg,https://pemilu2019.kpu.go.id/img/c/900/035/900035473/9662-12-C-XXX-X6.jpg
6728949796609662900035474,SUMATERA UTARA,ASAHAN,SEI KEPAYANG BARAT,SEI JAWI JAWI,TPS 13,2019-10-25 11:00:05,36,171,260,209,209,207,2,https://pemilu2019.kpu.go.id/img/c/900/035/900035474/9662-13-C-XXX-X5.jpg,https://pemilu2019.kpu.go.id/img/c/900/035/900035474/9662-13-C-XXX-X6.jpg
6728949796609666900035488,SUMATERA UTARA,ASAHAN,SEI KEPAYANG BARAT,SEI KEPAYANG KIRI,TPS 1,2019-10-25 11:00:05,47,115,209,168,168,162,6,https://pemilu2019.kpu.go.id/img/c/900/035/900035488/4-9666-1-C-XXX-X5.jpg,https://pemilu2019.kpu.go.id/img/c/900/035/900035488/4-9666-1-C-XXX-X6.jpg
6728949796609666900035489,SUMATERA UTARA,ASAHAN,SEI KEPAYANG BARAT,SEI KEPAYANG KIRI,TPS 2,2019-10-25 11:00:05,43,115,208,158,158,158,0,https://pemilu2019.kpu.go.id/img/c/900/035/900035489/2-9666-2-C-XXX-X5.jpg,https://pemilu2019.kpu.go.id/img/c/900/035/900035489/2-9666-2-C-XXX-X6.jpg
6728949796609666900035490,SUMATERA UTARA,ASAHAN,SEI KEPAYANG BARAT,SEI KEPAYANG KIRI,TPS 3,2019-10-25 11:00:05,47,116,175,164,164,163,1,https://pemilu2019.kpu.go.id/img/c/900/035/900035490/4-9666-3-C-XXX-X5.jpg,https://pemilu2019.kpu.go.id/img/c/900/035/900035490/4-9666-3-C-XXX-X6.jpg
6728949796609666900035491,SUMATERA UTARA,ASAHAN,SEI KEPAYANG BARAT,SEI KEPAYANG KIRI,TPS 4,2019-10-25 11:00:05,24,92,143,116,116,116,0,https://pemilu2019.kpu.go.id/img/c/900/035/900035491/3-9666-4-C-XXX-X5.jpg,https://pemilu2019.kpu.go.id/img/c/900/035/900035491/3-9666-4-C-XXX-X6.jpg
6728949796609666900035492,SUMATERA UTARA,ASAHAN,SEI KEPAYANG BARAT,SEI KEPAYANG KIRI,TPS 5,2019-10-25 11:00:05,40,104,205,145,145,144,1,https://pemilu2019.kpu.go.id/img/c/900/035/900035492/2-9666-5-C-XXX-X5.jpg,https://pemilu2019.kpu.go.id/img/c/900/035/900035492/2-9666-5-C-XXX-X6.jpg
6728949796609665900035486,SUMATERA UTARA,ASAHAN,SEI KEPAYANG BARAT,SEI LENDIR,TPS 1,2019-10-25 11:00:05,101,112,276,219,219,213,6,https://pemilu2019.kpu.go.id/img/c/900/035/900035486/9665-1-C-XXX-X5.jpg,https://pemilu2019.kpu.go.id/img/c/900/035/900035486/9665-1-C-XXX-X6.jpg
6728949796609665900035487,SUMATERA UTARA,ASAHAN,SEI KEPAYANG BARAT,SEI LENDIR,TPS 2,2019-10-25 11:00:05,79,118,257,205,205,197,8,https://pemilu2019.kpu.go.id/img/c/900/035/900035487/9665-2-C-XXX-X5.jpg,https://pemilu2019.kpu.go.id/img/c/900/035/900035487/9665-2-C-XXX-X6.jpg
6728949796609661900035452,SUMATERA UTARA,ASAHAN,SEI KEPAYANG BARAT,SEI NANGKA,TPS 01,2019-10-25 11:00:05,47,177,236,236,236,224,12,https://pemilu2019.kpu.go.id/img/c/900/035/900035452/2-9661-01-C-XXX-X5.jpg,https://pemilu2019.kpu.go.id/img/c/900/035/900035452/2-9661-01-C-XXX-X6.jpg
6728949796609661900035453,SUMATERA UTARA,ASAHAN,SEI KEPAYANG BARAT,SEI NANGKA,TPS 02,2019-10-25 11:00:05,32,183,295,217,217,215,2,https://pemilu2019.kpu.go.id/img/c/900/035/900035453/3-9661-02-C1-PPWP-X1.jpg,https://pemilu2019.kpu.go.id/img/c/900/035/900035453/3-9661-02-C1-PPWP-X2.jpg
6728949796609661900035454,SUMATERA UTARA,ASAHAN,SEI KEPAYANG BARAT,SEI NANGKA,TPS 03,2019-10-25 11:00:05,38,155,302,197,197,193,4,https://pemilu2019.kpu.go.id/img/c/900/035/900035454/3-9661-03-C-XXX-X5.jpg,https://pemilu2019.kpu.go.id/img/c/900/035/900035454/3-9661-03-C-XXX-X6.jpg
6728949796609661900035455,SUMATERA UTARA,ASAHAN,SEI KEPAYANG BARAT,SEI NANGKA,TPS 04,2019-10-25 11:00:05,46,160,297,210,210,206,4,https://pemilu2019.kpu.go.id/img/c/900/035/900035455/2-9661-04-C-XXX-X5.jpg,https://pemilu2019.kpu.go.id/img/c/900/035/900035455/2-9661-04-C-XXX-X6.jpg
6728949796609661900035456,SUMATERA UTARA,ASAHAN,SEI KEPAYANG BARAT,SEI NANGKA,TPS 05,2019-10-25 11:00:05,28,188,299,218,218,216,2,https://pemilu2019.kpu.go.id/img/c/900/035/900035456/3-9661-05-C-XXX-X5.jpg,https://pemilu2019.kpu.go.id/img/c/900/035/900035456/3-9661-05-C-XXX-X6.jpg
6728949796609661900035457,SUMATERA UTARA,ASAHAN,SEI KEPAYANG BARAT,SEI NANGKA,TPS 06,2019-10-25 11:00:05,52,164,300,223,223,216,7,https://pemilu2019.kpu.go.id/img/c/900/035/900035457/3-9661-06-C-XXX-X5.jpg,https://pemilu2019.kpu.go.id/img/c/900/035/900035457/3-9661-06-C-XXX-X6.jpg
6728949796609661900035458,SUMATERA UTARA,ASAHAN,SEI KEPAYANG BARAT,SEI NANGKA,TPS 07,2019-10-25 11:00:05,45,188,295,233,233,233,0,https://pemilu2019.kpu.go.id/img/c/900/035/900035458/2-9661-07-C-XXX-X5.jpg,https://pemilu2019.kpu.go.id/img/c/900/035/900035458/2-9661-07-C-XXX-X6.jpg
6728949796609661900035459,SUMATERA UTARA,ASAHAN,SEI KEPAYANG BARAT,SEI NANGKA,TPS 08,2019-10-25 11:00:05,46,190,296,239,239,236,3,https://pemilu2019.kpu.go.id/img/c/900/035/900035459/3-9661-08-C1-PPWP-X1.jpg,https://pemilu2019.kpu.go.id/img/c/900/035/900035459/3-9661-08-C1-PPWP-X2.jpg
6728949796609661900035460,SUMATERA UTARA,ASAHAN,SEI KEPAYANG BARAT,SEI NANGKA,TPS 09,2019-10-25 11:00:05,36,215,308,253,253,251,2,https://pemilu2019.kpu.go.id/img/c/900/035/900035460/1-9661-09-C-XXX-X5.jpg,https://pemilu2019.kpu.go.id/img/c/900/035/900035460/1-9661-09-C-XXX-X6.jpg
6728949796609661900035461,SUMATERA UTARA,ASAHAN,SEI KEPAYANG BARAT,SEI NANGKA,TPS 10,2019-10-25 11:00:05,27,145,298,174,174,172,2,https://pemilu2019.kpu.go.id/img/c/900/035/900035461/1-9661-10-C-XXX-X5.jpg,https://pemilu2019.kpu.go.id/img/c/900/035/900035461/1-9661-10-C-XXX-X6.jpg
6728949796609663900035475,SUMATERA UTARA,ASAHAN,SEI KEPAYANG BARAT,SEI SERINDAN,TPS 1,2019-10-25 11:00:05,31,156,292,188,188,187,1,https://pemilu2019.kpu.go.id/img/c/900/035/900035475/9663-1-C1-PPWP-X1.jpg,https://pemilu2019.kpu.go.id/img/c/900/035/900035475/9663-1-C1-PPWP-X2.jpg
6728949796609663900035476,SUMATERA UTARA,ASAHAN,SEI KEPAYANG BARAT,SEI SERINDAN,TPS 2,2019-10-25 11:00:05,32,174,289,211,211,206,5,https://pemilu2019.kpu.go.id/img/c/900/035/900035476/9663-2-C-XXX-X5.jpg,https://pemilu2019.kpu.go.id/img/c/900/035/900035476/9663-2-C-XXX-X6.jpg
6728949796609663900035477,SUMATERA UTARA,ASAHAN,SEI KEPAYANG BARAT,SEI SERINDAN,TPS 3,2019-10-25 11:00:05,16,163,228,181,181,179,2,https://pemilu2019.kpu.go.id/img/c/900/035/900035477/9663-3-C-XXX-X5.jpg,https://pemilu2019.kpu.go.id/img/c/900/035/900035477/9663-3-C-XXX-X6.jpg
6728949796609663900035478,SUMATERA UTARA,ASAHAN,SEI KEPAYANG BARAT,SEI SERINDAN,TPS 4,2019-10-25 11:00:05,48,133,240,184,184,181,3,https://pemilu2019.kpu.go.id/img/c/900/035/900035478/9663-4-C-XXX-X5.jpg,https://pemilu2019.kpu.go.id/img/c/900/035/900035478/9663-4-C-XXX-X6.jpg
6728949796609663900035479,SUMATERA UTARA,ASAHAN,SEI KEPAYANG BARAT,SEI SERINDAN,TPS 5,2019-10-25 11:00:05,54,124,244,182,182,178,4,https://pemilu2019.kpu.go.id/img/c/900/035/900035479/9663-5-C1-PPWP-X1.jpg,https://pemilu2019.kpu.go.id/img/c/900/035/900035479/9663-5-C1-PPWP-X2.jpg
6728949796609663900035480,SUMATERA UTARA,ASAHAN,SEI KEPAYANG BARAT,SEI SERINDAN,TPS 6,2019-10-25 11:00:05,30,126,226,156,156,156,0,https://pemilu2019.kpu.go.id/img/c/900/035/900035480/9663-6-C-XXX-X5.jpg,https://pemilu2019.kpu.go.id/img/c/900/035/900035480/9663-6-C-XXX-X6.jpg
6728949796609663900035481,SUMATERA UTARA,ASAHAN,SEI KEPAYANG BARAT,SEI SERINDAN,TPS 7,2019-10-25 11:00:05,22,105,201,129,129,127,2,https://pemilu2019.kpu.go.id/img/c/900/035/900035481/2-9663-7-C-XXX-X5.jpg,https://pemilu2019.kpu.go.id/img/c/900/035/900035481/2-9663-7-C-XXX-X6.jpg
6728949796609664900035482,SUMATERA UTARA,ASAHAN,SEI KEPAYANG BARAT,SEI TUALANG PANDAU,TPS 1,2019-10-25 11:00:05,38,122,247,163,163,160,3,https://pemilu2019.kpu.go.id/img/c/900/035/900035482/9664-1-C-XXX-X5.jpg,https://pemilu2019.kpu.go.id/img/c/900/035/900035482/9664-1-C-XXX-X6.jpg
6728949796609664900035483,SUMATERA UTARA,ASAHAN,SEI KEPAYANG BARAT,SEI TUALANG PANDAU,TPS 2,2019-10-25 11:00:05,30,138,245,172,172,168,4,https://pemilu2019.kpu.go.id/img/c/900/035/900035483/6-9664-2-C-XXX-X5.jpg,https://pemilu2019.kpu.go.id/img/c/900/035/900035483/6-9664-2-C-XXX-X6.jpg
6728949796609664900035484,SUMATERA UTARA,ASAHAN,SEI KEPAYANG BARAT,SEI TUALANG PANDAU,TPS 3,2019-10-25 11:00:05,44,139,242,184,184,183,1,https://pemilu2019.kpu.go.id/img/c/900/035/900035484/6-9664-3-C-XXX-X5.jpg,https://pemilu2019.kpu.go.id/img/c/900/035/900035484/6-9664-3-C-XXX-X6.jpg
6728949796609664900035485,SUMATERA UTARA,ASAHAN,SEI KEPAYANG BARAT,SEI TUALANG PANDAU,TPS 4,2019-10-25 11:00:05,58,118,228,181,181,176,5,https://pemilu2019.kpu.go.id/img/c/900/035/900035485/6-9664-4-C1-PPWP-X1.jpg,https://pemilu2019.kpu.go.id/img/c/900/035/900035485/6-9664-4-C1-PPWP-X2.jpg
6728949796679671900035507,SUMATERA UTARA,ASAHAN,SEI KEPAYANG TIMUR,SARANG HELANG,TPS 1,2019-10-25 11:00:05,29,145,256,180,180,174,6,https://pemilu2019.kpu.go.id/img/c/900/035/900035507/1-9671-1-C-XXX-X5.jpg,https://pemilu2019.kpu.go.id/img/c/900/035/900035507/1-9671-1-C-XXX-X6.jpg
6728949796679671900035508,SUMATERA UTARA,ASAHAN,SEI KEPAYANG TIMUR,SARANG HELANG,TPS 2,2019-10-25 11:00:05,46,144,243,195,195,190,5,https://pemilu2019.kpu.go.id/img/c/900/035/900035508/1-9671-2-C-XXX-X5.jpg,https://pemilu2019.kpu.go.id/img/c/900/035/900035508/1-9671-2-C-XXX-X6.jpg
6728949796679671900035509,SUMATERA UTARA,ASAHAN,SEI KEPAYANG TIMUR,SARANG HELANG,TPS 3,2019-10-25 11:00:05,25,148,224,179,179,173,6,https://pemilu2019.kpu.go.id/img/c/900/035/900035509/1-9671-3-C-XXX-X5.jpg,https://pemilu2019.kpu.go.id/img/c/900/035/900035509/1-9671-3-C-XXX-X6.jpg
6728949796679671900035510,SUMATERA UTARA,ASAHAN,SEI KEPAYANG TIMUR,SARANG HELANG,TPS 4,2019-10-25 11:00:05,24,112,193,142,142,136,6,https://pemilu2019.kpu.go.id/img/c/900/035/900035510/1-9671-4-C-XXX-X5.jpg,https://pemilu2019.kpu.go.id/img/c/900/035/900035510/1-9671-4-C-XXX-X6.jpg
6728949796679668900035493,SUMATERA UTARA,ASAHAN,SEI KEPAYANG TIMUR,SEI LUNANG,TPS 1,2019-10-25 11:00:05,48,165,276,214,214,213,1,https://pemilu2019.kpu.go.id/img/c/900/035/900035493/1-9668-1-C-XXX-X5.jpg,https://pemilu2019.kpu.go.id/img/c/900/035/900035493/1-9668-1-C-XXX-X6.jpg
6728949796679668900035494,SUMATERA UTARA,ASAHAN,SEI KEPAYANG TIMUR,SEI LUNANG,TPS 2,2019-10-25 11:00:05,42,174,271,223,223,216,7,https://pemilu2019.kpu.go.id/img/c/900/035/900035494/4-9668-2-C-XXX-X5.jpg,https://pemilu2019.kpu.go.id/img/c/900/035/900035494/4-9668-2-C-XXX-X6.jpg
6728949796679668900035495,SUMATERA UTARA,ASAHAN,SEI KEPAYANG TIMUR,SEI LUNANG,TPS 3,2019-10-25 11:00:05,54,149,261,210,210,203,7,https://pemilu2019.kpu.go.id/img/c/900/035/900035495/4-9668-3-C-XXX-X5.jpg,https://pemilu2019.kpu.go.id/img/c/900/035/900035495/4-9668-3-C-XXX-X6.jpg
6728949796679668900035496,SUMATERA UTARA,ASAHAN,SEI KEPAYANG TIMUR,SEI LUNANG,TPS 4,2019-10-25 11:00:05,36,179,264,216,216,215,1,https://pemilu2019.kpu.go.id/img/c/900/035/900035496/1-9668-4-C1-PPWP-X1.jpg,https://pemilu2019.kpu.go.id/img/c/900/035/900035496/1-9668-4-C1-PPWP-X2.jpg
6728949796679668900035497,SUMATERA UTARA,ASAHAN,SEI KEPAYANG TIMUR,SEI LUNANG,TPS 5,2019-10-25 11:00:05,65,179,296,250,250,244,6,https://pemilu2019.kpu.go.id/img/c/900/035/900035497/1-9668-5-C-XXX-X5.jpg,https://pemilu2019.kpu.go.id/img/c/900/035/900035497/1-9668-5-C-XXX-X6.jpg
6728949796679669900035498,SUMATERA UTARA,ASAHAN,SEI KEPAYANG TIMUR,SEI PASIR,TPS 1,2019-10-25 11:00:05,39,186,296,227,227,225,2,https://pemilu2019.kpu.go.id/img/c/900/035/900035498/1-9669-1-C-XXX-X5.jpg,https://pemilu2019.kpu.go.id/img/c/900/035/900035498/1-9669-1-C-XXX-X6.jpg
6728949796679669900035499,SUMATERA UTARA,ASAHAN,SEI KEPAYANG TIMUR,SEI PASIR,TPS 2,2019-10-25 11:00:05,15,171,244,191,191,186,5,https://pemilu2019.kpu.go.id/img/c/900/035/900035499/3-9669-2-C-XXX-X5.jpg,https://pemilu2019.kpu.go.id/img/c/900/035/900035499/3-9669-2-C-XXX-X6.jpg
6728949796679669900035500,SUMATERA UTARA,ASAHAN,SEI KEPAYANG TIMUR,SEI PASIR,TPS 3,2019-10-25 11:00:05,10,141,203,153,153,151,2,https://pemilu2019.kpu.go.id/img/c/900/035/900035500/1-9669-3-C-XXX-X5.jpg,https://pemilu2019.kpu.go.id/img/c/900/035/900035500/1-9669-3-C-XXX-X6.jpg
6728949796679669900035501,SUMATERA UTARA,ASAHAN,SEI KEPAYANG TIMUR,SEI PASIR,TPS 4,2019-10-25 11:00:05,29,163,274,196,196,192,4,https://pemilu2019.kpu.go.id/img/c/900/035/900035501/1-9669-4-C-XXX-X5.jpg,https://pemilu2019.kpu.go.id/img/c/900/035/900035501/1-9669-4-C-XXX-X6.jpg
6728949796679669900035502,SUMATERA UTARA,ASAHAN,SEI KEPAYANG TIMUR,SEI PASIR,TPS 5,2019-10-25 11:00:05,11,156,205,167,167,167,0,https://pemilu2019.kpu.go.id/img/c/900/035/900035502/2-9669-5-C1-PPWP-X1.jpg,https://pemilu2019.kpu.go.id/img/c/900/035/900035502/2-9669-5-C1-PPWP-X2.jpg
6728949796679672900035511,SUMATERA UTARA,ASAHAN,SEI KEPAYANG TIMUR,SEI SEMBILANG,TPS 01,2019-10-25 11:00:05,12,165,244,178,178,177,1,https://pemilu2019.kpu.go.id/img/c/900/035/900035511/1-9672-01-C-XXX-X5.jpg,https://pemilu2019.kpu.go.id/img/c/900/035/900035511/1-9672-01-C-XXX-X6.jpg
6728949796679672900035512,SUMATERA UTARA,ASAHAN,SEI KEPAYANG TIMUR,SEI SEMBILANG,TPS 02,2019-10-25 11:00:05,10,124,191,134,134,134,0,https://pemilu2019.kpu.go.id/img/c/900/035/900035512/1-9672-02-C-XXX-X5.jpg,https://pemilu2019.kpu.go.id/img/c/900/035/900035512/1-9672-02-C-XXX-X6.jpg
6728949796679672900035513,SUMATERA UTARA,ASAHAN,SEI KEPAYANG TIMUR,SEI SEMBILANG,TPS 03,2019-10-25 11:00:05,10,147,208,157,157,157,0,https://pemilu2019.kpu.go.id/img/c/900/035/900035513/1-9672-03-C-XXX-X5.jpg,https://pemilu2019.kpu.go.id/img/c/900/035/900035513/1-9672-03-C-XXX-X6.jpg
6728949796679672900035514,SUMATERA UTARA,ASAHAN,SEI KEPAYANG TIMUR,SEI SEMBILANG,TPS 04,2019-10-25 11:00:05,15,120,188,136,136,135,1,https://pemilu2019.kpu.go.id/img/c/900/035/900035514/1-9672-04-C1-PPWP-X1.jpg,https://pemilu2019.kpu.go.id/img/c/900/035/900035514/1-9672-04-C1-PPWP-X2.jpg
6728949796679672900035515,SUMATERA UTARA,ASAHAN,SEI KEPAYANG TIMUR,SEI SEMBILANG,TPS 05,2019-10-25 11:00:05,26,120,223,146,146,146,0,https://pemilu2019.kpu.go.id/img/c/900/035/900035515/1-9672-05-C-XXX-X5.jpg,https://pemilu2019.kpu.go.id/img/c/900/035/900035515/1-9672-05-C-XXX-X6.jpg
6728949796679672900035516,SUMATERA UTARA,ASAHAN,SEI KEPAYANG TIMUR,SEI SEMBILANG,TPS 06,2019-10-25 11:00:05,32,153,272,186,186,185,1,https://pemilu2019.kpu.go.id/img/c/900/035/900035516/1-9672-06-C-XXX-X5.jpg,https://pemilu2019.kpu.go.id/img/c/900/035/900035516/1-9672-06-C-XXX-X6.jpg
6728949796679672900035517,SUMATERA UTARA,ASAHAN,SEI KEPAYANG TIMUR,SEI SEMBILANG,TPS 07,2019-10-25 11:00:05,67,128,266,199,199,195,4,https://pemilu2019.kpu.go.id/img/c/900/035/900035517/1-9672-07-C-XXX-X5.jpg,https://pemilu2019.kpu.go.id/img/c/900/035/900035517/1-9672-07-C-XXX-X6.jpg
6728949796679672900035518,SUMATERA UTARA,ASAHAN,SEI KEPAYANG TIMUR,SEI SEMBILANG,TPS 08,2019-10-25 11:00:05,41,169,279,211,211,210,1,https://pemilu2019.kpu.go.id/img/c/900/035/900035518/1-9672-08-C-XXX-X5.jpg,https://pemilu2019.kpu.go.id/img/c/900/035/900035518/1-9672-08-C-XXX-X6.jpg
6728949796679672900035519,SUMATERA UTARA,ASAHAN,SEI KEPAYANG TIMUR,SEI SEMBILANG,TPS 09,2019-10-25 11:00:05,20,136,211,157,157,156,1,https://pemilu2019.kpu.go.id/img/c/900/035/900035519/1-9672-09-C-XXX-X5.jpg,https://pemilu2019.kpu.go.id/img/c/900/035/900035519/1-9672-09-C-XXX-X6.jpg
6728949796679672900035520,SUMATERA UTARA,ASAHAN,SEI KEPAYANG TIMUR,SEI SEMBILANG,TPS 10,2019-10-25 11:00:05,9,111,197,121,121,120,1,https://pemilu2019.kpu.go.id/img/c/900/035/900035520/1-9672-10-C-XXX-X5.jpg,https://pemilu2019.kpu.go.id/img/c/900/035/900035520/1-9672-10-C-XXX-X6.jpg
6728949796679670900035503,SUMATERA UTARA,ASAHAN,SEI KEPAYANG TIMUR,SEI TEMPURUNG,TPS 1,2019-10-25 11:00:05,41,148,235,191,191,189,2,https://pemilu2019.kpu.go.id/img/c/900/035/900035503/1-9670-1-C-XXX-X5.jpg,https://pemilu2019.kpu.go.id/img/c/900/035/900035503/1-9670-1-C-XXX-X6.jpg
6728949796679670900035504,SUMATERA UTARA,ASAHAN,SEI KEPAYANG TIMUR,SEI TEMPURUNG,TPS 2,2019-10-25 11:00:05,30,91,162,126,126,121,5,https://pemilu2019.kpu.go.id/img/c/900/035/900035504/1-9670-2-C-XXX-X5.jpg,https://pemilu2019.kpu.go.id/img/c/900/035/900035504/1-9670-2-C-XXX-X6.jpg
6728949796679670900035505,SUMATERA UTARA,ASAHAN,SEI KEPAYANG TIMUR,SEI TEMPURUNG,TPS 3,2019-10-25 11:00:05,38,132,223,173,173,170,3,https://pemilu2019.kpu.go.id/img/c/900/035/900035505/1-9670-3-C-XXX-X5.jpg,https://pemilu2019.kpu.go.id/img/c/900/035/900035505/1-9670-3-C-XXX-X6.jpg
6728949796679670900035506,SUMATERA UTARA,ASAHAN,SEI KEPAYANG TIMUR,SEI TEMPURUNG,TPS 4,2019-10-25 11:00:05,56,131,226,191,191,187,4,https://pemilu2019.kpu.go.id/img/c/900/035/900035506/1-9670-4-C-XXX-X5.jpg,https://pemilu2019.kpu.go.id/img/c/900/035/900035506/1-9670-4-C-XXX-X6.jpg
6728949796819686900035638,SUMATERA UTARA,ASAHAN,SETIA JANJI,BANGUN SARI,TPS 1,2019-10-25 11:00:05,73,81,196,161,161,154,7,https://pemilu2019.kpu.go.id/img/c/900/035/900035638/9686-1-C-XXX-X5.jpg,https://pemilu2019.kpu.go.id/img/c/900/035/900035638/9686-1-C-XXX-X6.jpg
6728949796819686900035639,SUMATERA UTARA,ASAHAN,SETIA JANJI,BANGUN SARI,TPS 2,2019-10-25 11:00:05,59,83,183,147,147,142,5,https://pemilu2019.kpu.go.id/img/c/900/035/900035639/6-9686-2-C-XXX-X5.jpg,https://pemilu2019.kpu.go.id/img/c/900/035/900035639/6-9686-2-C-XXX-X6.jpg
6728949796819686900035640,SUMATERA UTARA,ASAHAN,SETIA JANJI,BANGUN SARI,TPS 3,2019-10-25 11:00:05,102,49,182,159,159,151,8,https://pemilu2019.kpu.go.id/img/c/900/035/900035640/6-9686-3-C-XXX-X5.jpg,https://pemilu2019.kpu.go.id/img/c/900/035/900035640/6-9686-3-C-XXX-X6.jpg
6728949796819686900035641,SUMATERA UTARA,ASAHAN,SETIA JANJI,BANGUN SARI,TPS 4,2019-10-25 11:00:05,43,48,124,93,93,91,2,https://pemilu2019.kpu.go.id/img/c/900/035/900035641/9686-4-C-XXX-X5.jpg,https://pemilu2019.kpu.go.id/img/c/900/035/900035641/9686-4-C-XXX-X6.jpg
6728949796819686900035642,SUMATERA UTARA,ASAHAN,SETIA JANJI,BANGUN SARI,TPS 5,2019-10-25 11:00:05,68,39,129,112,112,107,5,https://pemilu2019.kpu.go.id/img/c/900/035/900035642/5-9686-5-C-XXX-X5.jpg,https://pemilu2019.kpu.go.id/img/c/900/035/900035642/5-9686-5-C-XXX-X6.jpg
6728949796819686900035643,SUMATERA UTARA,ASAHAN,SETIA JANJI,BANGUN SARI,TPS 6,2019-10-25 11:00:05,176,17,266,193,193,193,0,https://pemilu2019.kpu.go.id/img/c/900/035/900035643/9686-6-C-XXX-X5.jpg,https://pemilu2019.kpu.go.id/img/c/900/035/900035643/9686-6-C-XXX-X6.jpg
6728949796819686900035644,SUMATERA UTARA,ASAHAN,SETIA JANJI,BANGUN SARI,TPS 7,2019-10-25 11:00:05,52,61,148,116,116,113,3,https://pemilu2019.kpu.go.id/img/c/900/035/900035644/9686-7-C-XXX-X5.jpg,https://pemilu2019.kpu.go.id/img/c/900/035/900035644/9686-7-C-XXX-X6.jpg
6728949796819686900035645,SUMATERA UTARA,ASAHAN,SETIA JANJI,BANGUN SARI,TPS 8,2019-10-25 11:00:05,73,50,163,128,128,123,5,https://pemilu2019.kpu.go.id/img/c/900/035/900035645/2-9686-8-C-XXX-X5.jpg,https://pemilu2019.kpu.go.id/img/c/900/035/900035645/2-9686-8-C-XXX-X6.jpg
6728949796819684900035615,SUMATERA UTARA,ASAHAN,SETIA JANJI,SEI SILAU BARAT,TPS 01,2019-10-25 11:00:05,54,102,185,158,158,156,2,https://pemilu2019.kpu.go.id/img/c/900/035/900035615/9684-01-C-XXX-X5.jpg,https://pemilu2019.kpu.go.id/img/c/900/035/900035615/9684-01-C-XXX-X6.jpg
6728949796819684900035616,SUMATERA UTARA,ASAHAN,SETIA JANJI,SEI SILAU BARAT,TPS 02,2019-10-25 11:00:05,48,119,194,170,170,167,3,https://pemilu2019.kpu.go.id/img/c/900/035/900035616/9684-02-C-XXX-X5.jpg,https://pemilu2019.kpu.go.id/img/c/900/035/900035616/9684-02-C-XXX-X6.jpg
6728949796819684900035617,SUMATERA UTARA,ASAHAN,SETIA JANJI,SEI SILAU BARAT,TPS 03,2019-10-25 11:00:05,52,90,168,143,143,142,1,https://pemilu2019.kpu.go.id/img/c/900/035/900035617/9684-03-C-XXX-X5.jpg,https://pemilu2019.kpu.go.id/img/c/900/035/900035617/9684-03-C-XXX-X6.jpg
6728949796819684900035618,SUMATERA UTARA,ASAHAN,SETIA JANJI,SEI SILAU BARAT,TPS 04,2019-10-25 11:00:05,81,79,187,162,162,160,2,https://pemilu2019.kpu.go.id/img/c/900/035/900035618/9684-04-C-XXX-X5.jpg,https://pemilu2019.kpu.go.id/img/c/900/035/900035618/9684-04-C-XXX-X6.jpg
6728949796819684900035619,SUMATERA UTARA,ASAHAN,SETIA JANJI,SEI SILAU BARAT,TPS 05,2019-10-25 11:00:05,76,79,175,158,158,155,3,https://pemilu2019.kpu.go.id/img/c/900/035/900035619/9684-05-C-XXX-X5.jpg,https://pemilu2019.kpu.go.id/img/c/900/035/900035619/9684-05-C-XXX-X6.jpg
6728949796819684900035620,SUMATERA UTARA,ASAHAN,SETIA JANJI,SEI SILAU BARAT,TPS 06,2019-10-25 11:00:05,91,49,168,141,141,140,1,https://pemilu2019.kpu.go.id/img/c/900/035/900035620/9684-06-C-XXX-X5.jpg,https://pemilu2019.kpu.go.id/img/c/900/035/900035620/9684-06-C-XXX-X6.jpg
6728949796819684900035621,SUMATERA UTARA,ASAHAN,SETIA JANJI,SEI SILAU BARAT,TPS 07,2019-10-25 11:00:05,56,84,165,141,141,140,1,https://pemilu2019.kpu.go.id/img/c/900/035/900035621/9684-07-C-XXX-X5.jpg,https://pemilu2019.kpu.go.id/img/c/900/035/900035621/9684-07-C-XXX-X6.jpg
6728949796819684900035622,SUMATERA UTARA,ASAHAN,SETIA JANJI,SEI SILAU BARAT,TPS 08,2019-10-25 11:00:05,47,82,153,130,130,129,1,https://pemilu2019.kpu.go.id/img/c/900/035/900035622/9684-08-C-XXX-X5.jpg,https://pemilu2019.kpu.go.id/img/c/900/035/900035622/9684-08-C-XXX-X6.jpg
6728949796819684900035623,SUMATERA UTARA,ASAHAN,SETIA JANJI,SEI SILAU BARAT,TPS 09,2019-10-25 11:00:05,71,90,182,161,161,161,0,https://pemilu2019.kpu.go.id/img/c/900/035/900035623/9684-09-C-XXX-X5.jpg,https://pemilu2019.kpu.go.id/img/c/900/035/900035623/9684-09-C-XXX-X6.jpg
6728949796819684900035624,SUMATERA UTARA,ASAHAN,SETIA JANJI,SEI SILAU BARAT,TPS 10,2019-10-25 11:00:05,74,39,162,113,113,113,0,https://pemilu2019.kpu.go.id/img/c/900/035/900035624/9684-10-C-XXX-X5.jpg,https://pemilu2019.kpu.go.id/img/c/900/035/900035624/9684-10-C-XXX-X6.jpg
6728949796819684900035625,SUMATERA UTARA,ASAHAN,SETIA JANJI,SEI SILAU BARAT,TPS 11,2019-10-25 11:00:05,78,17,144,95,95,95,0,https://pemilu2019.kpu.go.id/img/c/900/035/900035625/9684-11-C-XXX-X5.jpg,https://pemilu2019.kpu.go.id/img/c/900/035/900035625/9684-11-C-XXX-X6.jpg
6728949796819684900035626,SUMATERA UTARA,ASAHAN,SETIA JANJI,SEI SILAU BARAT,TPS 12,2019-10-25 11:00:05,60,51,127,112,112,111,1,https://pemilu2019.kpu.go.id/img/c/900/035/900035626/9684-12-C-XXX-X5.jpg,https://pemilu2019.kpu.go.id/img/c/900/035/900035626/9684-12-C-XXX-X6.jpg
6728949796819684900035627,SUMATERA UTARA,ASAHAN,SETIA JANJI,SEI SILAU BARAT,TPS 13,2019-10-25 11:00:05,61,21,82,82,82,82,0,https://pemilu2019.kpu.go.id/img/c/900/035/900035627/9684-13-C-XXX-X5.jpg,https://pemilu2019.kpu.go.id/img/c/900/035/900035627/9684-13-C-XXX-X6.jpg
6728949796819684900035628,SUMATERA UTARA,ASAHAN,SETIA JANJI,SEI SILAU BARAT,TPS 14,2019-10-25 11:00:05,45,111,178,158,158,156,2,https://pemilu2019.kpu.go.id/img/c/900/035/900035628/9684-14-C-XXX-X5.jpg,https://pemilu2019.kpu.go.id/img/c/900/035/900035628/9684-14-C-XXX-X6.jpg
6728949796819684900035629,SUMATERA UTARA,ASAHAN,SETIA JANJI,SEI SILAU BARAT,TPS 15,2019-10-25 11:00:05,91,57,181,151,151,148,3,https://pemilu2019.kpu.go.id/img/c/900/035/900035629/2-9684-15-C-XXX-X5.jpg,https://pemilu2019.kpu.go.id/img/c/900/035/900035629/2-9684-15-C-XXX-X6.jpg
6728949796819683900035608,SUMATERA UTARA,ASAHAN,SETIA JANJI,SEI SILAU TUA,TPS 1,2019-10-25 11:00:05,72,66,184,139,139,138,1,https://pemilu2019.kpu.go.id/img/c/900/035/900035608/9683-1-C-XXX-X5.jpg,https://pemilu2019.kpu.go.id/img/c/900/035/900035608/9683-1-C-XXX-X6.jpg
6728949796819683900035609,SUMATERA UTARA,ASAHAN,SETIA JANJI,SEI SILAU TUA,TPS 2,2019-10-25 11:00:05,85,77,226,166,166,162,4,https://pemilu2019.kpu.go.id/img/c/900/035/900035609/9683-2-C-XXX-X5.jpg,https://pemilu2019.kpu.go.id/img/c/900/035/900035609/9683-2-C-XXX-X6.jpg
6728949796819683900035610,SUMATERA UTARA,ASAHAN,SETIA JANJI,SEI SILAU TUA,TPS 3,2019-10-25 11:00:05,88,55,208,151,151,143,8,https://pemilu2019.kpu.go.id/img/c/900/035/900035610/9683-3-C-XXX-X5.jpg,https://pemilu2019.kpu.go.id/img/c/900/035/900035610/9683-3-C-XXX-X6.jpg
6728949796819683900035611,SUMATERA UTARA,ASAHAN,SETIA JANJI,SEI SILAU TUA,TPS 4,2019-10-25 11:00:05,56,35,95,91,91,91,0,https://pemilu2019.kpu.go.id/img/c/900/035/900035611/9683-4-C-XXX-X5.jpg,https://pemilu2019.kpu.go.id/img/c/900/035/900035611/9683-4-C-XXX-X6.jpg
6728949796819683900035612,SUMATERA UTARA,ASAHAN,SETIA JANJI,SEI SILAU TUA,TPS 5,2019-10-25 11:00:05,44,69,134,113,113,113,0,https://pemilu2019.kpu.go.id/img/c/900/035/900035612/9683-5-C-XXX-X5.jpg,https://pemilu2019.kpu.go.id/img/c/900/035/900035612/9683-5-C-XXX-X6.jpg
6728949796819683900035613,SUMATERA UTARA,ASAHAN,SETIA JANJI,SEI SILAU TUA,TPS 6,2019-10-25 11:00:05,58,62,170,125,125,120,5,https://pemilu2019.kpu.go.id/img/c/900/035/900035613/9683-6-C-XXX-X5.jpg,https://pemilu2019.kpu.go.id/img/c/900/035/900035613/9683-6-C-XXX-X6.jpg
6728949796819683900035614,SUMATERA UTARA,ASAHAN,SETIA JANJI,SEI SILAU TUA,TPS 7,2019-10-25 11:00:05,78,41,142,120,120,119,1,https://pemilu2019.kpu.go.id/img/c/900/035/900035614/9683-7-C-XXX-X5.jpg,https://pemilu2019.kpu.go.id/img/c/900/035/900035614/9683-7-C-XXX-X6.jpg
6728949796819685900035630,SUMATERA UTARA,ASAHAN,SETIA JANJI,SILAU MARAJA,TPS 1,2019-10-25 11:00:05,61,72,178,137,137,133,4,https://pemilu2019.kpu.go.id/img/c/900/035/900035630/9685-1-C-XXX-X5.jpg,https://pemilu2019.kpu.go.id/img/c/900/035/900035630/9685-1-C-XXX-X6.jpg
6728949796819685900035631,SUMATERA UTARA,ASAHAN,SETIA JANJI,SILAU MARAJA,TPS 2,2019-10-25 11:00:05,78,66,169,148,148,144,4,https://pemilu2019.kpu.go.id/img/c/900/035/900035631/9685-2-C-XXX-X5.jpg,https://pemilu2019.kpu.go.id/img/c/900/035/900035631/9685-2-C-XXX-X6.jpg
6728949796819685900035632,SUMATERA UTARA,ASAHAN,SETIA JANJI,SILAU MARAJA,TPS 3,2019-10-25 11:00:05,92,45,171,140,140,137,3,https://pemilu2019.kpu.go.id/img/c/900/035/900035632/9685-3-C-XXX-X5.jpg,https://pemilu2019.kpu.go.id/img/c/900/035/900035632/9685-3-C-XXX-X6.jpg
6728949796819685900035633,SUMATERA UTARA,ASAHAN,SETIA JANJI,SILAU MARAJA,TPS 4,2019-10-25 11:00:05,106,0,172,106,106,106,0,https://pemilu2019.kpu.go.id/img/c/900/035/900035633/9685-4-C-XXX-X5.jpg,https://pemilu2019.kpu.go.id/img/c/900/035/900035633/9685-4-C-XXX-X6.jpg
6728949796819685900035634,SUMATERA UTARA,ASAHAN,SETIA JANJI,SILAU MARAJA,TPS 5,2019-10-25 11:00:05,94,8,162,102,102,102,0,https://pemilu2019.kpu.go.id/img/c/900/035/900035634/9685-5-C-XXX-X5.jpg,https://pemilu2019.kpu.go.id/img/c/900/035/900035634/9685-5-C-XXX-X6.jpg
6728949796819685900035635,SUMATERA UTARA,ASAHAN,SETIA JANJI,SILAU MARAJA,TPS 6,2019-10-25 11:00:05,123,3,189,127,127,126,1,https://pemilu2019.kpu.go.id/img/c/900/035/900035635/9685-6-C-XXX-X5.jpg,https://pemilu2019.kpu.go.id/img/c/900/035/900035635/9685-6-C-XXX-X6.jpg
6728949796819685900035636,SUMATERA UTARA,ASAHAN,SETIA JANJI,SILAU MARAJA,TPS 7,2019-10-25 11:00:05,82,60,178,144,144,142,2,https://pemilu2019.kpu.go.id/img/c/900/035/900035636/9685-7-C-XXX-X5.jpg,https://pemilu2019.kpu.go.id/img/c/900/035/900035636/9685-7-C-XXX-X6.jpg
6728949796819685900035637,SUMATERA UTARA,ASAHAN,SETIA JANJI,SILAU MARAJA,TPS 8,2019-10-25 11:00:05,115,1,183,116,116,116,0,https://pemilu2019.kpu.go.id/img/c/900/035/900035637/9685-8-C-XXX-X5.jpg,https://pemilu2019.kpu.go.id/img/c/900/035/900035637/9685-8-C-XXX-X6.jpg
6728949796819682900035594,SUMATERA UTARA,ASAHAN,SETIA JANJI,URUNG PANE,TPS 01,2019-10-25 11:00:05,66,99,184,168,168,165,3,https://pemilu2019.kpu.go.id/img/c/900/035/900035594/1-9682-01-C-XXX-X5.jpg,https://pemilu2019.kpu.go.id/img/c/900/035/900035594/1-9682-01-C-XXX-X6.jpg
6728949796819682900035595,SUMATERA UTARA,ASAHAN,SETIA JANJI,URUNG PANE,TPS 02,2019-10-25 11:00:05,69,96,189,167,167,165,2,https://pemilu2019.kpu.go.id/img/c/900/035/900035595/1-9682-02-C1-PPWP-X1.jpg,https://pemilu2019.kpu.go.id/img/c/900/035/900035595/1-9682-02-C1-PPWP-X2.jpg
6728949796819682900035596,SUMATERA UTARA,ASAHAN,SETIA JANJI,URUNG PANE,TPS 03,2019-10-25 11:00:05,81,101,232,186,186,182,4,https://pemilu2019.kpu.go.id/img/c/900/035/900035596/1-9682-03-C-XXX-X5.jpg,https://pemilu2019.kpu.go.id/img/c/900/035/900035596/1-9682-03-C-XXX-X6.jpg
6728949796819682900035597,SUMATERA UTARA,ASAHAN,SETIA JANJI,URUNG PANE,TPS 04,2019-10-25 11:00:05,35,88,158,124,124,123,1,https://pemilu2019.kpu.go.id/img/c/900/035/900035597/1-9682-04-C1-PPWP-X1.jpg,https://pemilu2019.kpu.go.id/img/c/900/035/900035597/1-9682-04-C1-PPWP-X2.jpg
6728949796819682900035598,SUMATERA UTARA,ASAHAN,SETIA JANJI,URUNG PANE,TPS 05,2019-10-25 11:00:05,50,118,206,169,169,168,1,https://pemilu2019.kpu.go.id/img/c/900/035/900035598/1-9682-05-C1-PPWP-X1.jpg,https://pemilu2019.kpu.go.id/img/c/900/035/900035598/1-9682-05-C1-PPWP-X2.jpg
6728949796819682900035599,SUMATERA UTARA,ASAHAN,SETIA JANJI,URUNG PANE,TPS 06,2019-10-25 11:00:05,53,89,163,142,142,142,0,https://pemilu2019.kpu.go.id/img/c/900/035/900035599/4-9682-06-C-XXX-X5.jpg,https://pemilu2019.kpu.go.id/img/c/900/035/900035599/4-9682-06-C-XXX-X6.jpg
6728949796819682900035600,SUMATERA UTARA,ASAHAN,SETIA JANJI,URUNG PANE,TPS 07,2019-10-25 11:00:05,88,75,201,164,164,163,1,https://pemilu2019.kpu.go.id/img/c/900/035/900035600/1-9682-07-C-XXX-X5.jpg,https://pemilu2019.kpu.go.id/img/c/900/035/900035600/1-9682-07-C-XXX-X6.jpg
6728949796819682900035601,SUMATERA UTARA,ASAHAN,SETIA JANJI,URUNG PANE,TPS 08,2019-10-25 11:00:05,71,88,204,162,162,159,3,https://pemilu2019.kpu.go.id/img/c/900/035/900035601/5-9682-08-C-XXX-X5.jpg,https://pemilu2019.kpu.go.id/img/c/900/035/900035601/5-9682-08-C-XXX-X6.jpg
6728949796819682900035602,SUMATERA UTARA,ASAHAN,SETIA JANJI,URUNG PANE,TPS 09,2019-10-25 11:00:05,55,77,165,135,135,132,3,https://pemilu2019.kpu.go.id/img/c/900/035/900035602/1-9682-09-C-XXX-X5.jpg,https://pemilu2019.kpu.go.id/img/c/900/035/900035602/1-9682-09-C-XXX-X6.jpg
6728949796819682900035603,SUMATERA UTARA,ASAHAN,SETIA JANJI,URUNG PANE,TPS 10,2019-10-25 11:00:05,89,69,174,158,158,158,0,https://pemilu2019.kpu.go.id/img/c/900/035/900035603/1-9682-10-C-XXX-X5.jpg,https://pemilu2019.kpu.go.id/img/c/900/035/900035603/1-9682-10-C-XXX-X6.jpg
6728949796819682900035604,SUMATERA UTARA,ASAHAN,SETIA JANJI,URUNG PANE,TPS 11,2019-10-25 11:00:05,83,87,211,171,171,170,1,https://pemilu2019.kpu.go.id/img/c/900/035/900035604/2-9682-11-C1-PPWP-X1.jpg,https://pemilu2019.kpu.go.id/img/c/900/035/900035604/2-9682-11-C1-PPWP-X2.jpg
6728949796819682900035605,SUMATERA UTARA,ASAHAN,SETIA JANJI,URUNG PANE,TPS 12,2019-10-25 11:00:05,63,159,261,225,225,222,3,https://pemilu2019.kpu.go.id/img/c/900/035/900035605/1-9682-12-C-XXX-X5.jpg,https://pemilu2019.kpu.go.id/img/c/900/035/900035605/1-9682-12-C-XXX-X6.jpg
6728949796819682900035606,SUMATERA UTARA,ASAHAN,SETIA JANJI,URUNG PANE,TPS 13,2019-10-25 11:00:05,62,111,209,175,175,173,2,https://pemilu2019.kpu.go.id/img/c/900/035/900035606/1-9682-13-C-XXX-X5.jpg,https://pemilu2019.kpu.go.id/img/c/900/035/900035606/1-9682-13-C-XXX-X6.jpg
6728949796819682900035607,SUMATERA UTARA,ASAHAN,SETIA JANJI,URUNG PANE,TPS 14,2019-10-25 11:00:05,63,32,104,95,95,95,0,https://pemilu2019.kpu.go.id/img/c/900/035/900035607/4-9682-14-C-XXX-X5.jpg,https://pemilu2019.kpu.go.id/img/c/900/035/900035607/4-9682-14-C-XXX-X6.jpg
6728949796879692900035708,SUMATERA UTARA,ASAHAN,SILAU LAUT,BANGUN SARI,TPS 01,2019-10-25 11:00:05,40,145,261,187,187,185,2,https://pemilu2019.kpu.go.id/img/c/900/035/900035708/1-9692-01-C1-PPWP-X1.jpg,https://pemilu2019.kpu.go.id/img/c/900/035/900035708/1-9692-01-C1-PPWP-X2.jpg
6728949796879692900035709,SUMATERA UTARA,ASAHAN,SILAU LAUT,BANGUN SARI,TPS 02,2019-10-25 11:00:05,46,152,284,202,202,198,4,https://pemilu2019.kpu.go.id/img/c/900/035/900035709/1-9692-02-C1-PPWP-X3.jpg,https://pemilu2019.kpu.go.id/img/c/900/035/900035709/1-9692-02-C1-PPWP-X4.jpg
6728949796879692900035710,SUMATERA UTARA,ASAHAN,SILAU LAUT,BANGUN SARI,TPS 03,2019-10-25 11:00:05,62,152,287,219,219,214,5,https://pemilu2019.kpu.go.id/img/c/900/035/900035710/1-9692-03-C1-PPWP-X5.jpg,https://pemilu2019.kpu.go.id/img/c/900/035/900035710/1-9692-03-C1-PPWP-X6.jpg
6728949796879692900035711,SUMATERA UTARA,ASAHAN,SILAU LAUT,BANGUN SARI,TPS 04,2019-10-25 11:00:05,64,107,254,175,175,171,4,https://pemilu2019.kpu.go.id/img/c/900/035/900035711/1-9692-04-C1-PPWP-X7.jpg,https://pemilu2019.kpu.go.id/img/c/900/035/900035711/1-9692-04-C1-PPWP-X8.jpg
6728949796879692900035712,SUMATERA UTARA,ASAHAN,SILAU LAUT,BANGUN SARI,TPS 05,2019-10-25 11:00:05,76,110,242,190,190,186,4,https://pemilu2019.kpu.go.id/img/c/900/035/900035712/1-9692-05-C1-PPWP-X9.jpg,https://pemilu2019.kpu.go.id/img/c/900/035/900035712/1-9692-05-C1-PPWP-X10.jpg
6728949796879692900035713,SUMATERA UTARA,ASAHAN,SILAU LAUT,BANGUN SARI,TPS 06,2019-10-25 11:00:05,79,72,193,152,152,151,1,https://pemilu2019.kpu.go.id/img/c/900/035/900035713/1-9692-06-C1-PPWP-X11.jpg,https://pemilu2019.kpu.go.id/img/c/900/035/900035713/1-9692-06-C1-PPWP-X12.jpg
6728949796879692900035714,SUMATERA UTARA,ASAHAN,SILAU LAUT,BANGUN SARI,TPS 07,2019-10-25 11:00:05,51,126,250,178,178,177,1,https://pemilu2019.kpu.go.id/img/c/900/035/900035714/1-9692-07-C1-PPWP-X13.jpg,https://pemilu2019.kpu.go.id/img/c/900/035/900035714/1-9692-07-C1-PPWP-X14.jpg
6728949796879692900035715,SUMATERA UTARA,ASAHAN,SILAU LAUT,BANGUN SARI,TPS 08,2019-10-25 11:00:05,119,50,277,172,172,169,3,https://pemilu2019.kpu.go.id/img/c/900/035/900035715/1-9692-08-C1-PPWP-X15.jpg,https://pemilu2019.kpu.go.id/img/c/900/035/900035715/1-9692-08-C1-PPWP-X16.jpg
6728949796879692900035716,SUMATERA UTARA,ASAHAN,SILAU LAUT,BANGUN SARI,TPS 09,2019-10-25 11:00:05,100,63,247,163,163,163,0,https://pemilu2019.kpu.go.id/img/c/900/035/900035716/2-9692-09-C1-PPWP-X17.jpg,https://pemilu2019.kpu.go.id/img/c/900/035/900035716/2-9692-09-C1-PPWP-X18.jpg
6728949796879692900035717,SUMATERA UTARA,ASAHAN,SILAU LAUT,BANGUN SARI,TPS 10,2019-10-25 11:00:05,35,103,233,135,139,138,1,https://pemilu2019.kpu.go.id/img/c/900/035/900035717/1-9692-10-C1-PPWP-X19.jpg,https://pemilu2019.kpu.go.id/img/c/900/035/900035717/1-9692-10-C1-PPWP-X20.jpg
6728949796879692900035718,SUMATERA UTARA,ASAHAN,SILAU LAUT,BANGUN SARI,TPS 11,2019-10-25 11:00:05,83,119,267,206,206,202,4,https://pemilu2019.kpu.go.id/img/c/900/035/900035718/1-9692-11-C1-PPWP-X21.jpg,https://pemilu2019.kpu.go.id/img/c/900/035/900035718/1-9692-11-C1-PPWP-X22.jpg
6728949796879692900035719,SUMATERA UTARA,ASAHAN,SILAU LAUT,BANGUN SARI,TPS 12,2019-10-25 11:00:05,34,85,180,119,119,119,0,https://pemilu2019.kpu.go.id/img/c/900/035/900035719/1-9692-12-C1-PPWP-X23.jpg,https://pemilu2019.kpu.go.id/img/c/900/035/900035719/1-9692-12-C1-PPWP-X24.jpg
6728949796879692900035720,SUMATERA UTARA,ASAHAN,SILAU LAUT,BANGUN SARI,TPS 13,2019-10-25 11:00:05,60,39,120,100,100,99,1,https://pemilu2019.kpu.go.id/img/c/900/035/900035720/3-9692-13-C1-PPWP-X25.jpg,https://pemilu2019.kpu.go.id/img/c/900/035/900035720/3-9692-13-C1-PPWP-X26.jpg
6728949796879691900035688,SUMATERA UTARA,ASAHAN,SILAU LAUT,LUBUK PALAS,TPS 01,2019-10-25 11:00:05,51,72,155,125,125,123,2,https://pemilu2019.kpu.go.id/img/c/900/035/900035688/1-9691-01-C1-PPWP-X1.jpg,https://pemilu2019.kpu.go.id/img/c/900/035/900035688/1-9691-01-C1-PPWP-X2.jpg
6728949796879691900035689,SUMATERA UTARA,ASAHAN,SILAU LAUT,LUBUK PALAS,TPS 02,2019-10-25 11:00:05,27,157,234,185,185,184,1,https://pemilu2019.kpu.go.id/img/c/900/035/900035689/1-9691-02-C1-PPWP-X3.jpg,https://pemilu2019.kpu.go.id/img/c/900/035/900035689/1-9691-02-C1-PPWP-X4.jpg
6728949796879691900035690,SUMATERA UTARA,ASAHAN,SILAU LAUT,LUBUK PALAS,TPS 03,2019-10-25 11:00:05,27,109,168,139,139,136,3,https://pemilu2019.kpu.go.id/img/c/900/035/900035690/1-9691-03-C1-PPWP-X5.jpg,https://pemilu2019.kpu.go.id/img/c/900/035/900035690/1-9691-03-C1-PPWP-X6.jpg
6728949796879691900035691,SUMATERA UTARA,ASAHAN,SILAU LAUT,LUBUK PALAS,TPS 04,2019-10-25 11:00:05,27,182,269,212,212,209,3,https://pemilu2019.kpu.go.id/img/c/900/035/900035691/1-9691-04-C1-PPWP-X7.jpg,https://pemilu2019.kpu.go.id/img/c/900/035/900035691/1-9691-04-C1-PPWP-X8.jpg
6728949796879691900035692,SUMATERA UTARA,ASAHAN,SILAU LAUT,LUBUK PALAS,TPS 05,2019-10-25 11:00:05,51,139,264,193,193,190,3,https://pemilu2019.kpu.go.id/img/c/900/035/900035692/1-9691-05-C1-PPWP-X9.jpg,https://pemilu2019.kpu.go.id/img/c/900/035/900035692/1-9691-05-C1-PPWP-X10.jpg
6728949796879691900035693,SUMATERA UTARA,ASAHAN,SILAU LAUT,LUBUK PALAS,TPS 06,2019-10-25 11:00:05,59,29,135,91,91,88,3,https://pemilu2019.kpu.go.id/img/c/900/035/900035693/1-9691-06-C1-PPWP-X11.jpg,https://pemilu2019.kpu.go.id/img/c/900/035/900035693/1-9691-06-C1-PPWP-X12.jpg
6728949796879691900035694,SUMATERA UTARA,ASAHAN,SILAU LAUT,LUBUK PALAS,TPS 07,2019-10-25 11:00:05,67,98,244,169,169,165,4,https://pemilu2019.kpu.go.id/img/c/900/035/900035694/1-9691-07-C1-PPWP-X13.jpg,https://pemilu2019.kpu.go.id/img/c/900/035/900035694/1-9691-07-C1-PPWP-X14.jpg
6728949796879691900035695,SUMATERA UTARA,ASAHAN,SILAU LAUT,LUBUK PALAS,TPS 08,2019-10-25 11:00:05,43,144,243,190,190,187,3,https://pemilu2019.kpu.go.id/img/c/900/035/900035695/1-9691-08-C1-PPWP-X15.jpg,https://pemilu2019.kpu.go.id/img/c/900/035/900035695/1-9691-08-C1-PPWP-X16.jpg
6728949796879691900035696,SUMATERA UTARA,ASAHAN,SILAU LAUT,LUBUK PALAS,TPS 09,2019-10-25 11:00:05,46,126,226,174,174,172,2,https://pemilu2019.kpu.go.id/img/c/900/035/900035696/1-9691-09-C1-PPWP-X17.jpg,https://pemilu2019.kpu.go.id/img/c/900/035/900035696/1-9691-09-C1-PPWP-X18.jpg
6728949796879691900035697,SUMATERA UTARA,ASAHAN,SILAU LAUT,LUBUK PALAS,TPS 10,2019-10-25 11:00:05,19,138,159,208,159,157,2,https://pemilu2019.kpu.go.id/img/c/900/035/900035697/1-9691-10-C1-PPWP-X19.jpg,https://pemilu2019.kpu.go.id/img/c/900/035/900035697/1-9691-10-C1-PPWP-X20.jpg
6728949796879691900035698,SUMATERA UTARA,ASAHAN,SILAU LAUT,LUBUK PALAS,TPS 11,2019-10-25 11:00:05,18,113,174,134,134,131,3,https://pemilu2019.kpu.go.id/img/c/900/035/900035698/1-9691-11-C1-PPWP-X21.jpg,https://pemilu2019.kpu.go.id/img/c/900/035/900035698/1-9691-11-C1-PPWP-X22.jpg
6728949796879691900035699,SUMATERA UTARA,ASAHAN,SILAU LAUT,LUBUK PALAS,TPS 12,2019-10-25 11:00:05,47,152,251,203,203,199,4,https://pemilu2019.kpu.go.id/img/c/900/035/900035699/1-9691-12-C1-PPWP-X23.jpg,https://pemilu2019.kpu.go.id/img/c/900/035/900035699/1-9691-12-C1-PPWP-X24.jpg
6728949796879691900035700,SUMATERA UTARA,ASAHAN,SILAU LAUT,LUBUK PALAS,TPS 13,2019-10-25 11:00:05,57,154,254,213,213,211,2,https://pemilu2019.kpu.go.id/img/c/900/035/900035700/1-9691-13-C1-PPWP-X25.jpg,https://pemilu2019.kpu.go.id/img/c/900/035/900035700/1-9691-13-C1-PPWP-X26.jpg
6728949796879691900035701,SUMATERA UTARA,ASAHAN,SILAU LAUT,LUBUK PALAS,TPS 14,2019-10-25 11:00:05,21,108,158,131,131,129,2,https://pemilu2019.kpu.go.id/img/c/900/035/900035701/1-9691-14-C1-PPWP-X27.jpg,https://pemilu2019.kpu.go.id/img/c/900/035/900035701/1-9691-14-C1-PPWP-X28.jpg
6728949796879691900035702,SUMATERA UTARA,ASAHAN,SILAU LAUT,LUBUK PALAS,TPS 15,2019-10-25 11:00:05,47,126,260,176,176,173,3,https://pemilu2019.kpu.go.id/img/c/900/035/900035702/1-9691-15-C1-PPWP-X29.jpg,https://pemilu2019.kpu.go.id/img/c/900/035/900035702/1-9691-15-C1-PPWP-X30.jpg
6728949796879691900035703,SUMATERA UTARA,ASAHAN,SILAU LAUT,LUBUK PALAS,TPS 16,2019-10-25 11:00:05,50,156,279,210,210,206,4,https://pemilu2019.kpu.go.id/img/c/900/035/900035703/1-9691-16-C1-PPWP-X31.jpg,https://pemilu2019.kpu.go.id/img/c/900/035/900035703/1-9691-16-C1-PPWP-X32.jpg
6728949796879691900035704,SUMATERA UTARA,ASAHAN,SILAU LAUT,LUBUK PALAS,TPS 17,2019-10-25 11:00:05,54,82,174,138,138,136,2,https://pemilu2019.kpu.go.id/img/c/900/035/900035704/1-9691-17-C1-PPWP-X33.jpg,https://pemilu2019.kpu.go.id/img/c/900/035/900035704/1-9691-17-C1-PPWP-X34.jpg
6728949796879691900035705,SUMATERA UTARA,ASAHAN,SILAU LAUT,LUBUK PALAS,TPS 18,2019-10-25 11:00:05,62,98,210,160,160,160,0,https://pemilu2019.kpu.go.id/img/c/900/035/900035705/1-9691-18-C1-PPWP-X35.jpg,https://pemilu2019.kpu.go.id/img/c/900/035/900035705/1-9691-18-C1-PPWP-X36.jpg
6728949796879691900035706,SUMATERA UTARA,ASAHAN,SILAU LAUT,LUBUK PALAS,TPS 19,2019-10-25 11:00:05,23,101,173,124,124,124,0,https://pemilu2019.kpu.go.id/img/c/900/035/900035706/2-9691-19-C1-PPWP-X37.jpg,https://pemilu2019.kpu.go.id/img/c/900/035/900035706/2-9691-19-C1-PPWP-X38.jpg
6728949796879691900035707,SUMATERA UTARA,ASAHAN,SILAU LAUT,LUBUK PALAS,TPS 20,2019-10-25 11:00:05,21,98,166,121,121,119,2,https://pemilu2019.kpu.go.id/img/c/900/035/900035707/1-9691-20-C1-PPWP-X39.jpg,https://pemilu2019.kpu.go.id/img/c/900/035/900035707/1-9691-20-C1-PPWP-X40.jpg
6728949796879688900035646,SUMATERA UTARA,ASAHAN,SILAU LAUT,SILO BARU,TPS 01,2019-10-25 11:00:05,28,88,150,119,119,116,3,https://pemilu2019.kpu.go.id/img/c/900/035/900035646/1-9688-01-C1-PPWP-X1.jpg,https://pemilu2019.kpu.go.id/img/c/900/035/900035646/1-9688-01-C1-PPWP-X2.jpg
6728949796879688900035647,SUMATERA UTARA,ASAHAN,SILAU LAUT,SILO BARU,TPS 02,2019-10-25 11:00:05,29,97,147,127,127,126,1,https://pemilu2019.kpu.go.id/img/c/900/035/900035647/1-9688-02-C1-PPWP-X3.jpg,https://pemilu2019.kpu.go.id/img/c/900/035/900035647/1-9688-02-C1-PPWP-X4.jpg
6728949796879688900035648,SUMATERA UTARA,ASAHAN,SILAU LAUT,SILO BARU,TPS 03,2019-10-25 11:00:05,55,94,203,151,151,149,2,https://pemilu2019.kpu.go.id/img/c/900/035/900035648/2-9688-03-C1-PPWP-X5.jpg,https://pemilu2019.kpu.go.id/img/c/900/035/900035648/2-9688-03-C1-PPWP-X6.jpg
6728949796879688900035649,SUMATERA UTARA,ASAHAN,SILAU LAUT,SILO BARU,TPS 04,2019-10-25 11:00:05,102,62,218,169,169,164,5,https://pemilu2019.kpu.go.id/img/c/900/035/900035649/1-9688-04-C1-PPWP-X7.jpg,https://pemilu2019.kpu.go.id/img/c/900/035/900035649/1-9688-04-C1-PPWP-X8.jpg
6728949796879688900035650,SUMATERA UTARA,ASAHAN,SILAU LAUT,SILO BARU,TPS 05,2019-10-25 11:00:05,114,65,265,183,183,179,4,https://pemilu2019.kpu.go.id/img/c/900/035/900035650/1-9688-05-C1-PPWP-X9.jpg,https://pemilu2019.kpu.go.id/img/c/900/035/900035650/1-9688-05-C1-PPWP-X10.jpg
6728949796879688900035651,SUMATERA UTARA,ASAHAN,SILAU LAUT,SILO BARU,TPS 06,2019-10-25 11:00:05,113,92,271,217,217,205,12,https://pemilu2019.kpu.go.id/img/c/900/035/900035651/1-9688-06-C1-PPWP-X11.jpg,https://pemilu2019.kpu.go.id/img/c/900/035/900035651/1-9688-06-C1-PPWP-X12.jpg
6728949796879688900035652,SUMATERA UTARA,ASAHAN,SILAU LAUT,SILO BARU,TPS 07,2019-10-25 11:00:05,81,89,227,170,170,170,0,https://pemilu2019.kpu.go.id/img/c/900/035/900035652/1-9688-07-C1-PPWP-X13.jpg,https://pemilu2019.kpu.go.id/img/c/900/035/900035652/1-9688-07-C1-PPWP-X14.jpg
6728949796879688900035653,SUMATERA UTARA,ASAHAN,SILAU LAUT,SILO BARU,TPS 08,2019-10-25 11:00:05,52,87,182,139,139,139,0,https://pemilu2019.kpu.go.id/img/c/900/035/900035653/1-9688-08-C1-PPWP-X15.jpg,https://pemilu2019.kpu.go.id/img/c/900/035/900035653/1-9688-08-C1-PPWP-X16.jpg
6728949796879688900035654,SUMATERA UTARA,ASAHAN,SILAU LAUT,SILO BARU,TPS 09,2019-10-25 11:00:05,56,81,202,141,141,137,4,https://pemilu2019.kpu.go.id/img/c/900/035/900035654/1-9688-09-C1-PPWP-X17.jpg,https://pemilu2019.kpu.go.id/img/c/900/035/900035654/1-9688-09-C1-PPWP-X18.jpg
6728949796879688900035655,SUMATERA UTARA,ASAHAN,SILAU LAUT,SILO BARU,TPS 10,2019-10-25 11:00:05,92,92,273,194,194,184,10,https://pemilu2019.kpu.go.id/img/c/900/035/900035655/1-9688-10-C1-PPWP-X19.jpg,https://pemilu2019.kpu.go.id/img/c/900/035/900035655/1-9688-10-C1-PPWP-X20.jpg
6728949796879690900035669,SUMATERA UTARA,ASAHAN,SILAU LAUT,SILO BONTO,TPS 01,2019-10-25 11:00:05,74,87,223,163,163,161,2,https://pemilu2019.kpu.go.id/img/c/900/035/900035669/1-9690-01-C1-PPWP-X1.jpg,https://pemilu2019.kpu.go.id/img/c/900/035/900035669/1-9690-01-C1-PPWP-X2.jpg
6728949796879690900035670,SUMATERA UTARA,ASAHAN,SILAU LAUT,SILO BONTO,TPS 02,2019-10-25 11:00:05,72,66,222,140,140,138,2,https://pemilu2019.kpu.go.id/img/c/900/035/900035670/1-9690-02-C1-PPWP-X3.jpg,https://pemilu2019.kpu.go.id/img/c/900/035/900035670/1-9690-02-C1-PPWP-X4.jpg
6728949796879690900035671,SUMATERA UTARA,ASAHAN,SILAU LAUT,SILO BONTO,TPS 03,2019-10-25 11:00:05,79,102,236,185,185,181,4,https://pemilu2019.kpu.go.id/img/c/900/035/900035671/1-9690-03-C1-PPWP-X5.jpg,https://pemilu2019.kpu.go.id/img/c/900/035/900035671/1-9690-03-C1-PPWP-X6.jpg
6728949796879690900035672,SUMATERA UTARA,ASAHAN,SILAU LAUT,SILO BONTO,TPS 04,2019-10-25 11:00:05,43,141,214,184,184,184,0,https://pemilu2019.kpu.go.id/img/c/900/035/900035672/1-9690-04-C1-PPWP-X7.jpg,https://pemilu2019.kpu.go.id/img/c/900/035/900035672/1-9690-04-C1-PPWP-X8.jpg
6728949796879690900035673,SUMATERA UTARA,ASAHAN,SILAU LAUT,SILO BONTO,TPS 05,2019-10-25 11:00:05,59,111,214,172,172,170,2,https://pemilu2019.kpu.go.id/img/c/900/035/900035673/1-9690-05-C1-PPWP-X9.jpg,https://pemilu2019.kpu.go.id/img/c/900/035/900035673/1-9690-05-C1-PPWP-X10.jpg
6728949796879690900035674,SUMATERA UTARA,ASAHAN,SILAU LAUT,SILO BONTO,TPS 06,2019-10-25 11:00:05,31,109,165,141,141,140,1,https://pemilu2019.kpu.go.id/img/c/900/035/900035674/1-9690-06-C1-PPWP-X11.jpg,https://pemilu2019.kpu.go.id/img/c/900/035/900035674/1-9690-06-C1-PPWP-X12.jpg
6728949796879690900035675,SUMATERA UTARA,ASAHAN,SILAU LAUT,SILO BONTO,TPS 07,2019-10-25 11:00:05,71,103,218,178,178,174,4,https://pemilu2019.kpu.go.id/img/c/900/035/900035675/6-9690-07-C1-PPWP-X1.jpg,https://pemilu2019.kpu.go.id/img/c/900/035/900035675/6-9690-07-C1-PPWP-X2.jpg
6728949796879690900035676,SUMATERA UTARA,ASAHAN,SILAU LAUT,SILO BONTO,TPS 08,2019-10-25 11:00:05,88,75,240,165,165,163,2,https://pemilu2019.kpu.go.id/img/c/900/035/900035676/2-9690-08-C1-PPWP-X3.jpg,https://pemilu2019.kpu.go.id/img/c/900/035/900035676/2-9690-08-C1-PPWP-X4.jpg
6728949796879690900035677,SUMATERA UTARA,ASAHAN,SILAU LAUT,SILO BONTO,TPS 09,2019-10-25 11:00:05,73,124,264,203,203,197,6,https://pemilu2019.kpu.go.id/img/c/900/035/900035677/1-9690-09-C1-PPWP-X17.jpg,https://pemilu2019.kpu.go.id/img/c/900/035/900035677/1-9690-09-C1-PPWP-X18.jpg
6728949796879690900035678,SUMATERA UTARA,ASAHAN,SILAU LAUT,SILO BONTO,TPS 10,2019-10-25 11:00:05,66,94,212,161,161,160,1,https://pemilu2019.kpu.go.id/img/c/900/035/900035678/1-9690-10-C1-PPWP-X19.jpg,https://pemilu2019.kpu.go.id/img/c/900/035/900035678/1-9690-10-C1-PPWP-X20.jpg
6728949796879690900035679,SUMATERA UTARA,ASAHAN,SILAU LAUT,SILO BONTO,TPS 11,2019-10-25 11:00:05,35,66,155,101,101,101,0,https://pemilu2019.kpu.go.id/img/c/900/035/900035679/1-9690-11-C1-PPWP-X21.jpg,https://pemilu2019.kpu.go.id/img/c/900/035/900035679/1-9690-11-C1-PPWP-X22.jpg
6728949796879690900035680,SUMATERA UTARA,ASAHAN,SILAU LAUT,SILO BONTO,TPS 12,2019-10-25 11:00:05,65,58,145,123,123,123,0,https://pemilu2019.kpu.go.id/img/c/900/035/900035680/1-9690-12-C1-PPWP-X1.jpg,https://pemilu2019.kpu.go.id/img/c/900/035/900035680/1-9690-12-C1-PPWP-X2.jpg
6728949796879690900035681,SUMATERA UTARA,ASAHAN,SILAU LAUT,SILO BONTO,TPS 13,2019-10-25 11:00:05,108,55,225,166,166,163,3,https://pemilu2019.kpu.go.id/img/c/900/035/900035681/1-9690-13-C1-PPWP-X3.jpg,https://pemilu2019.kpu.go.id/img/c/900/035/900035681/1-9690-13-C1-PPWP-X4.jpg
6728949796879690900035682,SUMATERA UTARA,ASAHAN,SILAU LAUT,SILO BONTO,TPS 14,2019-10-25 11:00:05,57,87,211,148,148,144,4,https://pemilu2019.kpu.go.id/img/c/900/035/900035682/1-9690-14-C1-PPWP-X1.jpg,https://pemilu2019.kpu.go.id/img/c/900/035/900035682/1-9690-14-C1-PPWP-X2.jpg
6728949796879690900035683,SUMATERA UTARA,ASAHAN,SILAU LAUT,SILO BONTO,TPS 15,2019-10-25 11:00:05,42,122,217,165,165,164,1,https://pemilu2019.kpu.go.id/img/c/900/035/900035683/1-9690-15-C1-PPWP-X5.jpg,https://pemilu2019.kpu.go.id/img/c/900/035/900035683/1-9690-15-C1-PPWP-X6.jpg
6728949796879690900035684,SUMATERA UTARA,ASAHAN,SILAU LAUT,SILO BONTO,TPS 16,2019-10-25 11:00:05,137,45,218,184,184,182,2,https://pemilu2019.kpu.go.id/img/c/900/035/900035684/1-9690-16-C1-PPWP-X7.jpg,https://pemilu2019.kpu.go.id/img/c/900/035/900035684/1-9690-16-C1-PPWP-X8.jpg
6728949796879690900035685,SUMATERA UTARA,ASAHAN,SILAU LAUT,SILO BONTO,TPS 17,2019-10-25 11:00:05,47,132,240,180,180,179,1,https://pemilu2019.kpu.go.id/img/c/900/035/900035685/1-9690-17-C1-PPWP-X9.jpg,https://pemilu2019.kpu.go.id/img/c/900/035/900035685/1-9690-17-C1-PPWP-X10.jpg
6728949796879690900035686,SUMATERA UTARA,ASAHAN,SILAU LAUT,SILO BONTO,TPS 18,2019-10-25 11:00:05,39,141,229,180,180,180,0,https://pemilu2019.kpu.go.id/img/c/900/035/900035686/1-9690-18-C1-PPWP-X11.jpg,https://pemilu2019.kpu.go.id/img/c/900/035/900035686/1-9690-18-C1-PPWP-X12.jpg
6728949796879690900035687,SUMATERA UTARA,ASAHAN,SILAU LAUT,SILO BONTO,TPS 19,2019-10-25 11:00:05,60,49,122,109,109,109,0,https://pemilu2019.kpu.go.id/img/c/900/035/900035687/1-9690-19-C1-PPWP-X13.jpg,https://pemilu2019.kpu.go.id/img/c/900/035/900035687/1-9690-19-C1-PPWP-X14.jpg
6728949796879689900035656,SUMATERA UTARA,ASAHAN,SILAU LAUT,SILO LAMA,TPS 01,2019-10-25 11:00:05,65,98,258,166,166,163,3,https://pemilu2019.kpu.go.id/img/c/900/035/900035656/2-9689-01-C1-PPWP-X1.jpg,https://pemilu2019.kpu.go.id/img/c/900/035/900035656/2-9689-01-C1-PPWP-X2.jpg
6728949796879689900035657,SUMATERA UTARA,ASAHAN,SILAU LAUT,SILO LAMA,TPS 02,2019-10-25 11:00:05,76,102,275,183,183,178,5,https://pemilu2019.kpu.go.id/img/c/900/035/900035657/2-9689-02-C1-PPWP-X3.jpg,https://pemilu2019.kpu.go.id/img/c/900/035/900035657/2-9689-02-C1-PPWP-X4.jpg
6728949796879689900035658,SUMATERA UTARA,ASAHAN,SILAU LAUT,SILO LAMA,TPS 03,2019-10-25 11:00:05,43,135,253,180,180,178,2,https://pemilu2019.kpu.go.id/img/c/900/035/900035658/2-9689-03-C1-PPWP-X5.jpg,https://pemilu2019.kpu.go.id/img/c/900/035/900035658/2-9689-03-C1-PPWP-X6.jpg
6728949796879689900035659,SUMATERA UTARA,ASAHAN,SILAU LAUT,SILO LAMA,TPS 04,2019-10-25 11:00:05,101,111,273,216,216,212,4,https://pemilu2019.kpu.go.id/img/c/900/035/900035659/2-9689-04-C1-PPWP-X7.jpg,https://pemilu2019.kpu.go.id/img/c/900/035/900035659/2-9689-04-C1-PPWP-X8.jpg
6728949796879689900035660,SUMATERA UTARA,ASAHAN,SILAU LAUT,SILO LAMA,TPS 05,2019-10-25 11:00:05,116,88,275,205,205,204,1,https://pemilu2019.kpu.go.id/img/c/900/035/900035660/4-9689-05-C1-PPWP-X9.jpg,https://pemilu2019.kpu.go.id/img/c/900/035/900035660/4-9689-05-C1-PPWP-X10.jpg
6728949796879689900035661,SUMATERA UTARA,ASAHAN,SILAU LAUT,SILO LAMA,TPS 06,2019-10-25 11:00:05,101,101,265,203,203,202,1,https://pemilu2019.kpu.go.id/img/c/900/035/900035661/4-9689-06-C1-PPWP-X11.jpg,https://pemilu2019.kpu.go.id/img/c/900/035/900035661/4-9689-06-C1-PPWP-X12.jpg
6728949796879689900035662,SUMATERA UTARA,ASAHAN,SILAU LAUT,SILO LAMA,TPS 07,2019-10-25 11:00:05,75,118,262,197,197,193,4,https://pemilu2019.kpu.go.id/img/c/900/035/900035662/5-9689-07-C1-PPWP-X13.jpg,https://pemilu2019.kpu.go.id/img/c/900/035/900035662/5-9689-07-C1-PPWP-X14.jpg
6728949796879689900035663,SUMATERA UTARA,ASAHAN,SILAU LAUT,SILO LAMA,TPS 08,2019-10-25 11:00:05,70,117,254,189,189,187,2,https://pemilu2019.kpu.go.id/img/c/900/035/900035663/2-9689-08-C1-PPWP-X15.jpg,https://pemilu2019.kpu.go.id/img/c/900/035/900035663/2-9689-08-C1-PPWP-X16.jpg
6728949796879689900035664,SUMATERA UTARA,ASAHAN,SILAU LAUT,SILO LAMA,TPS 09,2019-10-25 11:00:05,85,69,161,161,161,154,7,https://pemilu2019.kpu.go.id/img/c/900/035/900035664/2-9689-09-C1-PPWP-X17.jpg,https://pemilu2019.kpu.go.id/img/c/900/035/900035664/2-9689-09-C1-PPWP-X18.jpg
6728949796879689900035665,SUMATERA UTARA,ASAHAN,SILAU LAUT,SILO LAMA,TPS 10,2019-10-25 11:00:05,97,5,172,102,102,102,0,https://pemilu2019.kpu.go.id/img/c/900/035/900035665/4-9689-10-C1-PPWP-X19.jpg,https://pemilu2019.kpu.go.id/img/c/900/035/900035665/4-9689-10-C1-PPWP-X20.jpg
6728949796879689900035666,SUMATERA UTARA,ASAHAN,SILAU LAUT,SILO LAMA,TPS 11,2019-10-25 11:00:05,61,139,267,201,201,200,1,https://pemilu2019.kpu.go.id/img/c/900/035/900035666/2-9689-11-C1-PPWP-X21.jpg,https://pemilu2019.kpu.go.id/img/c/900/035/900035666/2-9689-11-C1-PPWP-X22.jpg
6728949796879689900035667,SUMATERA UTARA,ASAHAN,SILAU LAUT,SILO LAMA,TPS 12,2019-10-25 11:00:05,70,88,194,160,160,158,2,https://pemilu2019.kpu.go.id/img/c/900/035/900035667/2-9689-12-C1-PPWP-X23.jpg,https://pemilu2019.kpu.go.id/img/c/900/035/900035667/2-9689-12-C1-PPWP-X24.jpg
6728949796879689900035668,SUMATERA UTARA,ASAHAN,SILAU LAUT,SILO LAMA,TPS 13,2019-10-25 11:00:05,65,100,240,169,169,165,4,https://pemilu2019.kpu.go.id/img/c/900/035/900035668/1-9689-13-C1-PPWP-X1.jpg,https://pemilu2019.kpu.go.id/img/c/900/035/900035668/1-9689-13-C1-PPWP-X2.jpg
