id,provinsi,kabupaten,kecamatan,kelurahan,tps,timestamp,pemilih-1,pemilih-2,total-pemilih,total-pengguna,suara-total,suara-sah,suara-tidak-sah,c1-1,c1-2
67288688890689443900793900,SUMATERA UTARA,DELI SERDANG,GALANG,BANDAR KUALA,TPS 1,2019-10-25 11:00:05,78,80,199,159,159,158,1,https://pemilu2019.kpu.go.id/img/c/900/793/900793900/2-89443-1-C1-PPWP-X1.jpg,https://pemilu2019.kpu.go.id/img/c/900/793/900793900/2-89443-1-C1-PPWP-X2.jpg
67288688890689443900793901,SUMATERA UTARA,DELI SERDANG,GALANG,BANDAR KUALA,TPS 2,2019-10-25 11:00:05,103,158,301,265,265,261,4,https://pemilu2019.kpu.go.id/img/c/900/793/900793901/89443-2-C1-PPWP-X1.jpg,https://pemilu2019.kpu.go.id/img/c/900/793/900793901/89443-2-C1-PPWP-X2.jpg
67288688890689443900793902,SUMATERA UTARA,DELI SERDANG,GALANG,BANDAR KUALA,TPS 3,2019-10-25 11:00:05,90,75,198,165,165,165,0,https://pemilu2019.kpu.go.id/img/c/900/793/900793902/2-89443-3-C1-PPWP-X1.jpg,https://pemilu2019.kpu.go.id/img/c/900/793/900793902/2-89443-3-C1-PPWP-X2.jpg
6728868889068909900027067,SUMATERA UTARA,DELI SERDANG,GALANG,BARU TITI BESI,TPS 1,2019-10-25 11:00:05,62,154,268,218,218,216,2,https://pemilu2019.kpu.go.id/img/c/900/027/900027067/1-8909-1-C1-PPWP-X1.jpg,https://pemilu2019.kpu.go.id/img/c/900/027/900027067/1-8909-1-C1-PPWP-X2.jpg
6728868889068909900027068,SUMATERA UTARA,DELI SERDANG,GALANG,BARU TITI BESI,TPS 2,2019-10-25 11:00:05,100,98,253,203,203,198,5,https://pemilu2019.kpu.go.id/img/c/900/027/900027068/1-8909-2-C1-PPWP-X1.jpg,https://pemilu2019.kpu.go.id/img/c/900/027/900027068/1-8909-2-C1-PPWP-X2.jpg
6728868889068935900027242,SUMATERA UTARA,DELI SERDANG,GALANG,BATU LOKONG,TPS 1,2019-10-25 11:00:05,77,163,298,242,242,240,2,https://pemilu2019.kpu.go.id/img/c/900/027/900027242/8935-1-C1-PPWP-X1.jpg,https://pemilu2019.kpu.go.id/img/c/900/027/900027242/8935-1-C1-PPWP-X2.jpg
6728868889068935900027243,SUMATERA UTARA,DELI SERDANG,GALANG,BATU LOKONG,TPS 2,2019-10-25 11:00:05,49,168,275,221,221,217,4,https://pemilu2019.kpu.go.id/img/c/900/027/900027243/2-8935-2-C1-PPWP-X1.jpg,https://pemilu2019.kpu.go.id/img/c/900/027/900027243/2-8935-2-C1-PPWP-X2.jpg
6728868889068935900027244,SUMATERA UTARA,DELI SERDANG,GALANG,BATU LOKONG,TPS 3,2019-10-25 11:00:05,48,133,217,183,183,181,2,https://pemilu2019.kpu.go.id/img/c/900/027/900027244/8935-3-C1-PPWP-X1.jpg,https://pemilu2019.kpu.go.id/img/c/900/027/900027244/8935-3-C1-PPWP-X2.jpg
6728868889068935900027245,SUMATERA UTARA,DELI SERDANG,GALANG,BATU LOKONG,TPS 4,2019-10-25 11:00:05,38,69,180,108,108,107,1,https://pemilu2019.kpu.go.id/img/c/900/027/900027245/1-8935-4-C1-PPWP-X1.jpg,https://pemilu2019.kpu.go.id/img/c/900/027/900027245/1-8935-4-C1-PPWP-X2.jpg
6728868889068912900027076,SUMATERA UTARA,DELI SERDANG,GALANG,GALANG BARAT,TPS 1,2019-10-25 11:00:05,74,121,287,198,198,195,3,https://pemilu2019.kpu.go.id/img/c/900/027/900027076/8912-1-C1-PPWP-X1.jpg,https://pemilu2019.kpu.go.id/img/c/900/027/900027076/8912-1-C1-PPWP-X2.jpg
6728868889068912900027077,SUMATERA UTARA,DELI SERDANG,GALANG,GALANG BARAT,TPS 2,2019-10-25 11:00:05,79,91,276,170,170,170,0,https://pemilu2019.kpu.go.id/img/c/900/027/900027077/8912-2-C1-PPWP-X1.jpg,https://pemilu2019.kpu.go.id/img/c/900/027/900027077/8912-2-C1-PPWP-X2.jpg
6728868889068912900027078,SUMATERA UTARA,DELI SERDANG,GALANG,GALANG BARAT,TPS 3,2019-10-25 11:00:05,121,45,207,167,167,166,1,https://pemilu2019.kpu.go.id/img/c/900/027/900027078/2-8912-3-C1-PPWP-X1.jpg,https://pemilu2019.kpu.go.id/img/c/900/027/900027078/2-8912-3-C1-PPWP-X2.jpg
6728868889068917900027093,SUMATERA UTARA,DELI SERDANG,GALANG,GALANG KOTA,TPS 01,2019-10-25 11:00:05,193,39,316,232,232,232,0,https://pemilu2019.kpu.go.id/img/c/900/027/900027093/1-8917-01-C-XXX-X5.jpg,https://pemilu2019.kpu.go.id/img/c/900/027/900027093/1-8917-01-C-XXX-X6.jpg
6728868889068917900027094,SUMATERA UTARA,DELI SERDANG,GALANG,GALANG KOTA,TPS 02,2019-10-25 11:00:05,94,88,299,185,185,182,3,https://pemilu2019.kpu.go.id/img/c/900/027/900027094/1-8917-02-C-XXX-X5.jpg,https://pemilu2019.kpu.go.id/img/c/900/027/900027094/1-8917-02-C-XXX-X6.jpg
6728868889068917900027095,SUMATERA UTARA,DELI SERDANG,GALANG,GALANG KOTA,TPS 03,2019-10-25 11:00:05,74,139,311,214,214,213,1,https://pemilu2019.kpu.go.id/img/c/900/027/900027095/1-8917-03-C-XXX-X5.jpg,https://pemilu2019.kpu.go.id/img/c/900/027/900027095/1-8917-03-C-XXX-X6.jpg
6728868889068917900027096,SUMATERA UTARA,DELI SERDANG,GALANG,GALANG KOTA,TPS 04,2019-10-25 11:00:05,71,130,300,203,203,201,2,https://pemilu2019.kpu.go.id/img/c/900/027/900027096/1-8917-04-C-XXX-X5.jpg,https://pemilu2019.kpu.go.id/img/c/900/027/900027096/1-8917-04-C-XXX-X6.jpg
6728868889068917900027097,SUMATERA UTARA,DELI SERDANG,GALANG,GALANG KOTA,TPS 05,2019-10-25 11:00:05,61,167,313,230,230,228,2,https://pemilu2019.kpu.go.id/img/c/900/027/900027097/1-8917-05-C-XXX-X5.jpg,https://pemilu2019.kpu.go.id/img/c/900/027/900027097/1-8917-05-C-XXX-X6.jpg
6728868889068917900027098,SUMATERA UTARA,DELI SERDANG,GALANG,GALANG KOTA,TPS 06,2019-10-25 11:00:05,111,131,308,243,243,242,1,https://pemilu2019.kpu.go.id/img/c/900/027/900027098/1-8917-06-C-XXX-X5.jpg,https://pemilu2019.kpu.go.id/img/c/900/027/900027098/1-8917-06-C-XXX-X6.jpg
6728868889068917900027099,SUMATERA UTARA,DELI SERDANG,GALANG,GALANG KOTA,TPS 07,2019-10-25 11:00:05,98,110,313,210,210,208,2,https://pemilu2019.kpu.go.id/img/c/900/027/900027099/1-8917-07-C-XXX-X5.jpg,https://pemilu2019.kpu.go.id/img/c/900/027/900027099/1-8917-07-C-XXX-X6.jpg
6728868889068917900027100,SUMATERA UTARA,DELI SERDANG,GALANG,GALANG KOTA,TPS 08,2019-10-25 11:00:05,105,122,307,231,231,227,4,https://pemilu2019.kpu.go.id/img/c/900/027/900027100/1-8917-08-C1-PPWP-X1.jpg,https://pemilu2019.kpu.go.id/img/c/900/027/900027100/1-8917-08-C1-PPWP-X2.jpg
6728868889068917900027101,SUMATERA UTARA,DELI SERDANG,GALANG,GALANG KOTA,TPS 09,2019-10-25 11:00:05,96,102,290,201,201,198,3,https://pemilu2019.kpu.go.id/img/c/900/027/900027101/1-8917-09-C-XXX-X5.jpg,https://pemilu2019.kpu.go.id/img/c/900/027/900027101/1-8917-09-C-XXX-X6.jpg
6728868889068917900027102,SUMATERA UTARA,DELI SERDANG,GALANG,GALANG KOTA,TPS 10,2019-10-25 11:00:05,114,104,313,224,224,218,6,https://pemilu2019.kpu.go.id/img/c/900/027/900027102/1-8917-10-C-XXX-X5.jpg,https://pemilu2019.kpu.go.id/img/c/900/027/900027102/1-8917-10-C-XXX-X6.jpg
6728868889068917900027103,SUMATERA UTARA,DELI SERDANG,GALANG,GALANG KOTA,TPS 11,2019-10-25 11:00:05,76,103,286,129,179,179,0,https://pemilu2019.kpu.go.id/img/c/900/027/900027103/1-8917-11-C-XXX-X5.jpg,https://pemilu2019.kpu.go.id/img/c/900/027/900027103/1-8917-11-C-XXX-X6.jpg
6728868889068917900027104,SUMATERA UTARA,DELI SERDANG,GALANG,GALANG KOTA,TPS 12,2019-10-25 11:00:05,97,135,321,233,233,232,1,https://pemilu2019.kpu.go.id/img/c/900/027/900027104/1-8917-12-C-XXX-X5.jpg,https://pemilu2019.kpu.go.id/img/c/900/027/900027104/1-8917-12-C-XXX-X6.jpg
6728868889068917900027105,SUMATERA UTARA,DELI SERDANG,GALANG,GALANG KOTA,TPS 13,2019-10-25 11:00:05,104,133,325,239,239,237,2,https://pemilu2019.kpu.go.id/img/c/900/027/900027105/3-8917-13-C-XXX-X5.jpg,https://pemilu2019.kpu.go.id/img/c/900/027/900027105/3-8917-13-C-XXX-X6.jpg
6728868889068917900027106,SUMATERA UTARA,DELI SERDANG,GALANG,GALANG KOTA,TPS 14,2019-10-25 11:00:05,130,70,305,202,202,200,2,https://pemilu2019.kpu.go.id/img/c/900/027/900027106/1-8917-14-C-XXX-X5.jpg,https://pemilu2019.kpu.go.id/img/c/900/027/900027106/1-8917-14-C-XXX-X6.jpg
6728868889068917900027107,SUMATERA UTARA,DELI SERDANG,GALANG,GALANG KOTA,TPS 15,2019-10-25 11:00:05,153,38,298,193,193,191,2,https://pemilu2019.kpu.go.id/img/c/900/027/900027107/1-8917-15-C-XXX-X5.jpg,https://pemilu2019.kpu.go.id/img/c/900/027/900027107/1-8917-15-C-XXX-X6.jpg
6728868889068917900027108,SUMATERA UTARA,DELI SERDANG,GALANG,GALANG KOTA,TPS 16,2019-10-25 11:00:05,149,52,301,203,203,201,2,https://pemilu2019.kpu.go.id/img/c/900/027/900027108/1-8917-16-C-XXX-X5.jpg,https://pemilu2019.kpu.go.id/img/c/900/027/900027108/1-8917-16-C-XXX-X6.jpg
6728868889068917900027109,SUMATERA UTARA,DELI SERDANG,GALANG,GALANG KOTA,TPS 17,2019-10-25 11:00:05,147,61,288,211,211,208,3,https://pemilu2019.kpu.go.id/img/c/900/027/900027109/1-8917-17-C-XXX-X5.jpg,https://pemilu2019.kpu.go.id/img/c/900/027/900027109/1-8917-17-C-XXX-X6.jpg
6728868889068917900027110,SUMATERA UTARA,DELI SERDANG,GALANG,GALANG KOTA,TPS 18,2019-10-25 11:00:05,163,57,306,221,221,220,1,https://pemilu2019.kpu.go.id/img/c/900/027/900027110/2-8917-18-C-XXX-X5.jpg,https://pemilu2019.kpu.go.id/img/c/900/027/900027110/2-8917-18-C-XXX-X6.jpg
6728868889068917900027111,SUMATERA UTARA,DELI SERDANG,GALANG,GALANG KOTA,TPS 19,2019-10-25 11:00:05,110,113,306,227,227,223,4,https://pemilu2019.kpu.go.id/img/c/900/027/900027111/1-8917-19-C1-PPWP-X1.jpg,https://pemilu2019.kpu.go.id/img/c/900/027/900027111/1-8917-19-C1-PPWP-X2.jpg
6728868889068917900027112,SUMATERA UTARA,DELI SERDANG,GALANG,GALANG KOTA,TPS 20,2019-10-25 11:00:05,112,120,305,235,235,232,3,https://pemilu2019.kpu.go.id/img/c/900/027/900027112/1-8917-20-C1-PPWP-X1.jpg,https://pemilu2019.kpu.go.id/img/c/900/027/900027112/1-8917-20-C1-PPWP-X2.jpg
6728868889068917900027113,SUMATERA UTARA,DELI SERDANG,GALANG,GALANG KOTA,TPS 21,2019-10-25 11:00:05,109,103,297,215,215,212,3,https://pemilu2019.kpu.go.id/img/c/900/027/900027113/1-8917-21-C-XXX-X5.jpg,https://pemilu2019.kpu.go.id/img/c/900/027/900027113/1-8917-21-C-XXX-X6.jpg
6728868889068917900027114,SUMATERA UTARA,DELI SERDANG,GALANG,GALANG KOTA,TPS 22,2019-10-25 11:00:05,104,66,285,170,170,170,0,https://pemilu2019.kpu.go.id/img/c/900/027/900027114/2-8917-22-C1-PPWP-X1.jpg,https://pemilu2019.kpu.go.id/img/c/900/027/900027114/2-8917-22-C1-PPWP-X2.jpg
6728868889068917900027115,SUMATERA UTARA,DELI SERDANG,GALANG,GALANG KOTA,TPS 23,2019-10-25 11:00:05,54,43,310,97,0,97,0,https://pemilu2019.kpu.go.id/img/c/900/027/900027115/1-8917-23-C-XXX-X5.jpg,https://pemilu2019.kpu.go.id/img/c/900/027/900027115/1-8917-23-C-XXX-X6.jpg
6728868889068917900027116,SUMATERA UTARA,DELI SERDANG,GALANG,GALANG KOTA,TPS 24,2019-10-25 11:00:05,83,54,192,138,138,137,1,https://pemilu2019.kpu.go.id/img/c/900/027/900027116/1-8917-24-C-XXX-X5.jpg,https://pemilu2019.kpu.go.id/img/c/900/027/900027116/1-8917-24-C-XXX-X6.jpg
6728868889068924900027173,SUMATERA UTARA,DELI SERDANG,GALANG,GALANG SUKA,TPS 1,2019-10-25 11:00:05,87,126,304,216,216,213,3,https://pemilu2019.kpu.go.id/img/c/900/027/900027173/8924-1-C1-PPWP-X1.jpg,https://pemilu2019.kpu.go.id/img/c/900/027/900027173/8924-1-C1-PPWP-X2.jpg
6728868889068924900027174,SUMATERA UTARA,DELI SERDANG,GALANG,GALANG SUKA,TPS 2,2019-10-25 11:00:05,66,130,273,200,200,196,4,https://pemilu2019.kpu.go.id/img/c/900/027/900027174/1-8924-2-C1-PPWP-X1.jpg,https://pemilu2019.kpu.go.id/img/c/900/027/900027174/1-8924-2-C1-PPWP-X2.jpg
6728868889068924900027175,SUMATERA UTARA,DELI SERDANG,GALANG,GALANG SUKA,TPS 3,2019-10-25 11:00:05,71,168,307,240,240,239,1,https://pemilu2019.kpu.go.id/img/c/900/027/900027175/8924-3-C-XXX-X5.jpg,https://pemilu2019.kpu.go.id/img/c/900/027/900027175/8924-3-C-XXX-X6.jpg
6728868889068924900027176,SUMATERA UTARA,DELI SERDANG,GALANG,GALANG SUKA,TPS 4,2019-10-25 11:00:05,84,155,300,240,240,239,1,https://pemilu2019.kpu.go.id/img/c/900/027/900027176/1-8924-4-C-XXX-X5.jpg,https://pemilu2019.kpu.go.id/img/c/900/027/900027176/1-8924-4-C-XXX-X6.jpg
6728868889068924900027177,SUMATERA UTARA,DELI SERDANG,GALANG,GALANG SUKA,TPS 5,2019-10-25 11:00:05,66,148,291,217,217,214,3,https://pemilu2019.kpu.go.id/img/c/900/027/900027177/8924-5-C-XXX-X5.jpg,https://pemilu2019.kpu.go.id/img/c/900/027/900027177/8924-5-C-XXX-X6.jpg
6728868889068924900027178,SUMATERA UTARA,DELI SERDANG,GALANG,GALANG SUKA,TPS 6,2019-10-25 11:00:05,48,178,273,227,227,226,1,https://pemilu2019.kpu.go.id/img/c/900/027/900027178/8924-6-C-XXX-X5.jpg,https://pemilu2019.kpu.go.id/img/c/900/027/900027178/8924-6-C-XXX-X6.jpg
6728868889068924900027179,SUMATERA UTARA,DELI SERDANG,GALANG,GALANG SUKA,TPS 7,2019-10-25 11:00:05,50,148,265,199,199,198,1,https://pemilu2019.kpu.go.id/img/c/900/027/900027179/3-8924-7-C1-PPWP-X1.jpg,https://pemilu2019.kpu.go.id/img/c/900/027/900027179/3-8924-7-C1-PPWP-X2.jpg
6728868889068924900027180,SUMATERA UTARA,DELI SERDANG,GALANG,GALANG SUKA,TPS 8,2019-10-25 11:00:05,70,131,314,208,208,201,7,https://pemilu2019.kpu.go.id/img/c/900/027/900027180/8924-8-C1-PPWP-X1.jpg,https://pemilu2019.kpu.go.id/img/c/900/027/900027180/8924-8-C1-PPWP-X2.jpg
6728868889068924900027181,SUMATERA UTARA,DELI SERDANG,GALANG,GALANG SUKA,TPS 9,2019-10-25 11:00:05,55,148,304,205,205,203,2,https://pemilu2019.kpu.go.id/img/c/900/027/900027181/8924-9-C1-PPWP-X1.jpg,https://pemilu2019.kpu.go.id/img/c/900/027/900027181/8924-9-C1-PPWP-X2.jpg
6728868889068922900027153,SUMATERA UTARA,DELI SERDANG,GALANG,JAHARUN A,TPS 01,2019-10-25 11:00:05,47,180,326,229,229,227,2,https://pemilu2019.kpu.go.id/img/c/900/027/900027153/8922-01-C1-PPWP-X1.jpg,https://pemilu2019.kpu.go.id/img/c/900/027/900027153/8922-01-C1-PPWP-X2.jpg
6728868889068922900027154,SUMATERA UTARA,DELI SERDANG,GALANG,JAHARUN A,TPS 02,2019-10-25 11:00:05,52,138,301,191,191,190,1,https://pemilu2019.kpu.go.id/img/c/900/027/900027154/2-8922-02-C1-PPWP-X1.jpg,https://pemilu2019.kpu.go.id/img/c/900/027/900027154/2-8922-02-C1-PPWP-X2.jpg
6728868889068922900027155,SUMATERA UTARA,DELI SERDANG,GALANG,JAHARUN A,TPS 03,2019-10-25 11:00:05,50,88,304,140,140,138,2,https://pemilu2019.kpu.go.id/img/c/900/027/900027155/2-8922-03-C1-PPWP-X1.jpg,https://pemilu2019.kpu.go.id/img/c/900/027/900027155/2-8922-03-C1-PPWP-X2.jpg
6728868889068922900027156,SUMATERA UTARA,DELI SERDANG,GALANG,JAHARUN A,TPS 04,2019-10-25 11:00:05,81,92,312,177,177,173,4,https://pemilu2019.kpu.go.id/img/c/900/027/900027156/8922-04-C1-PPWP-X1.jpg,https://pemilu2019.kpu.go.id/img/c/900/027/900027156/8922-04-C1-PPWP-X2.jpg
6728868889068922900027157,SUMATERA UTARA,DELI SERDANG,GALANG,JAHARUN A,TPS 05,2019-10-25 11:00:05,58,109,290,172,172,167,5,https://pemilu2019.kpu.go.id/img/c/900/027/900027157/1-8922-05-C1-PPWP-X1.jpg,https://pemilu2019.kpu.go.id/img/c/900/027/900027157/1-8922-05-C1-PPWP-X2.jpg
6728868889068922900027158,SUMATERA UTARA,DELI SERDANG,GALANG,JAHARUN A,TPS 06,2019-10-25 11:00:05,83,38,293,123,121,83,38,https://pemilu2019.kpu.go.id/img/c/900/027/900027158/8922-06-C1-PPWP-X1.jpg,https://pemilu2019.kpu.go.id/img/c/900/027/900027158/8922-06-C1-PPWP-X2.jpg
6728868889068922900027159,SUMATERA UTARA,DELI SERDANG,GALANG,JAHARUN A,TPS 07,2019-10-25 11:00:05,85,68,159,158,158,153,5,https://pemilu2019.kpu.go.id/img/c/900/027/900027159/8922-07-C1-PPWP-X1.jpg,https://pemilu2019.kpu.go.id/img/c/900/027/900027159/8922-07-C1-PPWP-X2.jpg
6728868889068922900027160,SUMATERA UTARA,DELI SERDANG,GALANG,JAHARUN A,TPS 08,2019-10-25 11:00:05,49,115,297,167,167,164,3,https://pemilu2019.kpu.go.id/img/c/900/027/900027160/2-8922-08-C1-PPWP-X1.jpg,https://pemilu2019.kpu.go.id/img/c/900/027/900027160/2-8922-08-C1-PPWP-X2.jpg
6728868889068922900027161,SUMATERA UTARA,DELI SERDANG,GALANG,JAHARUN A,TPS 09,2019-10-25 11:00:05,50,112,300,164,164,162,2,https://pemilu2019.kpu.go.id/img/c/900/027/900027161/8922-09-C1-PPWP-X1.jpg,https://pemilu2019.kpu.go.id/img/c/900/027/900027161/8922-09-C1-PPWP-X2.jpg
6728868889068922900027162,SUMATERA UTARA,DELI SERDANG,GALANG,JAHARUN A,TPS 10,2019-10-25 11:00:05,57,131,317,190,190,188,2,https://pemilu2019.kpu.go.id/img/c/900/027/900027162/8922-10-C1-PPWP-X1.jpg,https://pemilu2019.kpu.go.id/img/c/900/027/900027162/8922-10-C1-PPWP-X2.jpg
6728868889068922900027163,SUMATERA UTARA,DELI SERDANG,GALANG,JAHARUN A,TPS 11,2019-10-25 11:00:05,62,88,321,152,152,150,2,https://pemilu2019.kpu.go.id/img/c/900/027/900027163/8922-11-C1-PPWP-X1.jpg,https://pemilu2019.kpu.go.id/img/c/900/027/900027163/8922-11-C1-PPWP-X2.jpg
6728868889068922900027164,SUMATERA UTARA,DELI SERDANG,GALANG,JAHARUN A,TPS 12,2019-10-25 11:00:05,85,68,243,153,155,153,2,https://pemilu2019.kpu.go.id/img/c/900/027/900027164/8922-12-C1-PPWP-X1.jpg,https://pemilu2019.kpu.go.id/img/c/900/027/900027164/8922-12-C1-PPWP-X2.jpg
6728868889068922900027165,SUMATERA UTARA,DELI SERDANG,GALANG,JAHARUN A,TPS 13,2019-10-25 11:00:05,77,78,254,158,158,155,3,https://pemilu2019.kpu.go.id/img/c/900/027/900027165/8922-13-C1-PPWP-X1.jpg,https://pemilu2019.kpu.go.id/img/c/900/027/900027165/8922-13-C1-PPWP-X2.jpg
6728868889068922900027166,SUMATERA UTARA,DELI SERDANG,GALANG,JAHARUN A,TPS 14,2019-10-25 11:00:05,66,62,270,133,133,128,5,https://pemilu2019.kpu.go.id/img/c/900/027/900027166/8922-14-C1-PPWP-X1.jpg,https://pemilu2019.kpu.go.id/img/c/900/027/900027166/8922-14-C1-PPWP-X2.jpg
6728868889068920900027127,SUMATERA UTARA,DELI SERDANG,GALANG,JAHARUN B,TPS 01,2019-10-25 11:00:05,41,118,299,164,164,159,5,https://pemilu2019.kpu.go.id/img/c/900/027/900027127/8920-01-C1-PPWP-X1.jpg,https://pemilu2019.kpu.go.id/img/c/900/027/900027127/8920-01-C1-PPWP-X2.jpg
6728868889068920900027128,SUMATERA UTARA,DELI SERDANG,GALANG,JAHARUN B,TPS 02,2019-10-25 11:00:05,51,122,270,173,173,173,0,https://pemilu2019.kpu.go.id/img/c/900/027/900027128/2-8920-02-C-XXX-X5.jpg,https://pemilu2019.kpu.go.id/img/c/900/027/900027128/2-8920-02-C-XXX-X6.jpg
6728868889068920900027129,SUMATERA UTARA,DELI SERDANG,GALANG,JAHARUN B,TPS 03,2019-10-25 11:00:05,63,137,262,201,201,200,1,https://pemilu2019.kpu.go.id/img/c/900/027/900027129/3-8920-03-C-XXX-X5.jpg,https://pemilu2019.kpu.go.id/img/c/900/027/900027129/3-8920-03-C-XXX-X6.jpg
6728868889068920900027130,SUMATERA UTARA,DELI SERDANG,GALANG,JAHARUN B,TPS 04,2019-10-25 11:00:05,47,116,281,164,164,163,1,https://pemilu2019.kpu.go.id/img/c/900/027/900027130/8920-04-C-XXX-X5.jpg,https://pemilu2019.kpu.go.id/img/c/900/027/900027130/8920-04-C-XXX-X6.jpg
6728868889068920900027131,SUMATERA UTARA,DELI SERDANG,GALANG,JAHARUN B,TPS 05,2019-10-25 11:00:05,115,83,263,203,203,198,5,https://pemilu2019.kpu.go.id/img/c/900/027/900027131/8920-05-C-XXX-X5.jpg,https://pemilu2019.kpu.go.id/img/c/900/027/900027131/8920-05-C-XXX-X6.jpg
6728868889068920900027132,SUMATERA UTARA,DELI SERDANG,GALANG,JAHARUN B,TPS 06,2019-10-25 11:00:05,98,83,251,185,185,181,4,https://pemilu2019.kpu.go.id/img/c/900/027/900027132/1-8920-06-C1-PPWP-X1.jpg,https://pemilu2019.kpu.go.id/img/c/900/027/900027132/1-8920-06-C1-PPWP-X2.jpg
6728868889068920900027133,SUMATERA UTARA,DELI SERDANG,GALANG,JAHARUN B,TPS 07,2019-10-25 11:00:05,95,33,279,128,128,128,0,https://pemilu2019.kpu.go.id/img/c/900/027/900027133/8920-07-C1-PPWP-X1.jpg,https://pemilu2019.kpu.go.id/img/c/900/027/900027133/8920-07-C1-PPWP-X2.jpg
6728868889068920900027134,SUMATERA UTARA,DELI SERDANG,GALANG,JAHARUN B,TPS 08,2019-10-25 11:00:05,37,204,321,242,242,241,1,https://pemilu2019.kpu.go.id/img/c/900/027/900027134/8920-08-C1-PPWP-X1.jpg,https://pemilu2019.kpu.go.id/img/c/900/027/900027134/8920-08-C1-PPWP-X2.jpg
6728868889068920900027135,SUMATERA UTARA,DELI SERDANG,GALANG,JAHARUN B,TPS 09,2019-10-25 11:00:05,36,202,301,238,238,238,0,https://pemilu2019.kpu.go.id/img/c/900/027/900027135/8920-09-C1-PPWP-X1.jpg,https://pemilu2019.kpu.go.id/img/c/900/027/900027135/8920-09-C1-PPWP-X2.jpg
6728868889068920900027136,SUMATERA UTARA,DELI SERDANG,GALANG,JAHARUN B,TPS 10,2019-10-25 11:00:05,75,125,270,205,205,200,5,https://pemilu2019.kpu.go.id/img/c/900/027/900027136/8920-10-C-XXX-X5.jpg,https://pemilu2019.kpu.go.id/img/c/900/027/900027136/8920-10-C-XXX-X6.jpg
6728868889068920900027137,SUMATERA UTARA,DELI SERDANG,GALANG,JAHARUN B,TPS 11,2019-10-25 11:00:05,60,119,294,181,181,179,2,https://pemilu2019.kpu.go.id/img/c/900/027/900027137/8920-11-C-XXX-X5.jpg,https://pemilu2019.kpu.go.id/img/c/900/027/900027137/8920-11-C-XXX-X6.jpg
6728868889068920900027138,SUMATERA UTARA,DELI SERDANG,GALANG,JAHARUN B,TPS 12,2019-10-25 11:00:05,90,81,174,174,174,171,3,https://pemilu2019.kpu.go.id/img/c/900/027/900027138/8920-12-C1-PPWP-X1.jpg,https://pemilu2019.kpu.go.id/img/c/900/027/900027138/8920-12-C1-PPWP-X2.jpg
6728868889068920900027139,SUMATERA UTARA,DELI SERDANG,GALANG,JAHARUN B,TPS 13,2019-10-25 11:00:05,47,67,195,117,117,114,3,https://pemilu2019.kpu.go.id/img/c/900/027/900027139/8920-13-C-XXX-X5.jpg,https://pemilu2019.kpu.go.id/img/c/900/027/900027139/8920-13-C-XXX-X6.jpg
6728868889068920900027140,SUMATERA UTARA,DELI SERDANG,GALANG,JAHARUN B,TPS 14,2019-10-25 11:00:05,53,52,276,107,107,105,2,https://pemilu2019.kpu.go.id/img/c/900/027/900027140/8920-14-C-XXX-X5.jpg,https://pemilu2019.kpu.go.id/img/c/900/027/900027140/8920-14-C-XXX-X6.jpg
6728868889068920900027141,SUMATERA UTARA,DELI SERDANG,GALANG,JAHARUN B,TPS 15,2019-10-25 11:00:05,30,198,300,229,229,228,1,https://pemilu2019.kpu.go.id/img/c/900/027/900027141/8920-15-C-XXX-X5.jpg,https://pemilu2019.kpu.go.id/img/c/900/027/900027141/8920-15-C-XXX-X6.jpg
6728868889068920900027142,SUMATERA UTARA,DELI SERDANG,GALANG,JAHARUN B,TPS 16,2019-10-25 11:00:05,76,98,262,177,177,174,3,https://pemilu2019.kpu.go.id/img/c/900/027/900027142/8920-16-C-XXX-X5.jpg,https://pemilu2019.kpu.go.id/img/c/900/027/900027142/8920-16-C-XXX-X6.jpg
6728868889068920900027143,SUMATERA UTARA,DELI SERDANG,GALANG,JAHARUN B,TPS 17,2019-10-25 11:00:05,59,81,205,141,141,140,1,https://pemilu2019.kpu.go.id/img/c/900/027/900027143/2-8920-17-C1-PPWP-X1.jpg,https://pemilu2019.kpu.go.id/img/c/900/027/900027143/2-8920-17-C1-PPWP-X2.jpg
6728868889068930900027210,SUMATERA UTARA,DELI SERDANG,GALANG,JUHAR BARU,TPS 1,2019-10-25 11:00:05,205,25,291,233,233,230,3,https://pemilu2019.kpu.go.id/img/c/900/027/900027210/1-8930-1-C-XXX-X5.jpg,https://pemilu2019.kpu.go.id/img/c/900/027/900027210/1-8930-1-C-XXX-X6.jpg
67288688890684227900775285,SUMATERA UTARA,DELI SERDANG,GALANG,KELAPA SATU,TPS 1,2019-10-25 11:00:05,86,162,301,248,248,248,0,https://pemilu2019.kpu.go.id/img/c/900/775/900775285/2-84227-1-C1-PPWP-X1.jpg,https://pemilu2019.kpu.go.id/img/c/900/775/900775285/2-84227-1-C1-PPWP-X2.jpg
67288688890684227900775286,SUMATERA UTARA,DELI SERDANG,GALANG,KELAPA SATU,TPS 2,2019-10-25 11:00:05,79,152,299,234,234,231,3,https://pemilu2019.kpu.go.id/img/c/900/775/900775286/2-84227-2-C1-PPWP-X1.jpg,https://pemilu2019.kpu.go.id/img/c/900/775/900775286/2-84227-2-C1-PPWP-X2.jpg
67288688890684227900775287,SUMATERA UTARA,DELI SERDANG,GALANG,KELAPA SATU,TPS 3,2019-10-25 11:00:05,73,165,289,240,240,238,2,https://pemilu2019.kpu.go.id/img/c/900/775/900775287/2-84227-3-C1-PPWP-X1.jpg,https://pemilu2019.kpu.go.id/img/c/900/775/900775287/2-84227-3-C1-PPWP-X2.jpg
6728868889068911900027069,SUMATERA UTARA,DELI SERDANG,GALANG,KERAMAT GAJAH,TPS 1,2019-10-25 11:00:05,110,83,232,202,202,193,9,https://pemilu2019.kpu.go.id/img/c/900/027/900027069/8911-1-C-XXX-X5.jpg,https://pemilu2019.kpu.go.id/img/c/900/027/900027069/8911-1-C-XXX-X6.jpg
6728868889068911900027070,SUMATERA UTARA,DELI SERDANG,GALANG,KERAMAT GAJAH,TPS 2,2019-10-25 11:00:05,74,112,242,191,191,186,5,https://pemilu2019.kpu.go.id/img/c/900/027/900027070/8911-2-C-XXX-X5.jpg,https://pemilu2019.kpu.go.id/img/c/900/027/900027070/8911-2-C-XXX-X6.jpg
6728868889068911900027071,SUMATERA UTARA,DELI SERDANG,GALANG,KERAMAT GAJAH,TPS 3,2019-10-25 11:00:05,39,116,210,156,156,155,1,https://pemilu2019.kpu.go.id/img/c/900/027/900027071/2-8911-3-C-XXX-X5.jpg,https://pemilu2019.kpu.go.id/img/c/900/027/900027071/2-8911-3-C-XXX-X6.jpg
6728868889068911900027072,SUMATERA UTARA,DELI SERDANG,GALANG,KERAMAT GAJAH,TPS 4,2019-10-25 11:00:05,55,107,205,164,164,162,2,https://pemilu2019.kpu.go.id/img/c/900/027/900027072/8911-4-C-XXX-X5.jpg,https://pemilu2019.kpu.go.id/img/c/900/027/900027072/8911-4-C-XXX-X6.jpg
6728868889068911900027073,SUMATERA UTARA,DELI SERDANG,GALANG,KERAMAT GAJAH,TPS 5,2019-10-25 11:00:05,60,98,221,160,160,158,2,https://pemilu2019.kpu.go.id/img/c/900/027/900027073/1-8911-5-C-XXX-X5.jpg,https://pemilu2019.kpu.go.id/img/c/900/027/900027073/1-8911-5-C-XXX-X6.jpg
6728868889068911900027074,SUMATERA UTARA,DELI SERDANG,GALANG,KERAMAT GAJAH,TPS 6,2019-10-25 11:00:05,105,92,244,202,202,197,5,https://pemilu2019.kpu.go.id/img/c/900/027/900027074/8911-6-C-XXX-X5.jpg,https://pemilu2019.kpu.go.id/img/c/900/027/900027074/8911-6-C-XXX-X6.jpg
6728868889068911900027075,SUMATERA UTARA,DELI SERDANG,GALANG,KERAMAT GAJAH,TPS 7,2019-10-25 11:00:05,109,95,262,207,207,204,3,https://pemilu2019.kpu.go.id/img/c/900/027/900027075/8911-7-C-XXX-X5.jpg,https://pemilu2019.kpu.go.id/img/c/900/027/900027075/8911-7-C-XXX-X6.jpg
6728868889068915900027087,SUMATERA UTARA,DELI SERDANG,GALANG,KOTANGAN,TPS 1,2019-10-25 11:00:05,102,128,299,238,238,230,8,https://pemilu2019.kpu.go.id/img/c/900/027/900027087/2-8915-1-C1-PPWP-X1.jpg,https://pemilu2019.kpu.go.id/img/c/900/027/900027087/2-8915-1-C1-PPWP-X2.jpg
6728868889068915900027088,SUMATERA UTARA,DELI SERDANG,GALANG,KOTANGAN,TPS 2,2019-10-25 11:00:05,108,142,301,253,253,250,3,https://pemilu2019.kpu.go.id/img/c/900/027/900027088/8915-2-C1-PPWP-X1.jpg,https://pemilu2019.kpu.go.id/img/c/900/027/900027088/8915-2-C1-PPWP-X2.jpg
6728868889068915900027089,SUMATERA UTARA,DELI SERDANG,GALANG,KOTANGAN,TPS 3,2019-10-25 11:00:05,98,122,302,229,229,220,9,https://pemilu2019.kpu.go.id/img/c/900/027/900027089/1-8915-3-C1-PPWP-X1.jpg,https://pemilu2019.kpu.go.id/img/c/900/027/900027089/1-8915-3-C1-PPWP-X2.jpg
6728868889068932900027212,SUMATERA UTARA,DELI SERDANG,GALANG,KOTASAN,TPS 01,2019-10-25 11:00:05,33,122,201,159,159,155,4,https://pemilu2019.kpu.go.id/img/c/900/027/900027212/8932-01-C-XXX-X5.jpg,https://pemilu2019.kpu.go.id/img/c/900/027/900027212/8932-01-C-XXX-X6.jpg
6728868889068932900027213,SUMATERA UTARA,DELI SERDANG,GALANG,KOTASAN,TPS 02,2019-10-25 11:00:05,98,108,285,210,210,206,4,https://pemilu2019.kpu.go.id/img/c/900/027/900027213/8932-02-C1-PPWP-X1.jpg,https://pemilu2019.kpu.go.id/img/c/900/027/900027213/8932-02-C1-PPWP-X2.jpg
6728868889068932900027214,SUMATERA UTARA,DELI SERDANG,GALANG,KOTASAN,TPS 03,2019-10-25 11:00:05,51,98,272,156,156,149,7,https://pemilu2019.kpu.go.id/img/c/900/027/900027214/8932-03-C-XXX-X5.jpg,https://pemilu2019.kpu.go.id/img/c/900/027/900027214/8932-03-C-XXX-X6.jpg
6728868889068932900027215,SUMATERA UTARA,DELI SERDANG,GALANG,KOTASAN,TPS 04,2019-10-25 11:00:05,114,116,302,233,233,230,3,https://pemilu2019.kpu.go.id/img/c/900/027/900027215/1-8932-04-C1-PPWP-X1.jpg,https://pemilu2019.kpu.go.id/img/c/900/027/900027215/1-8932-04-C1-PPWP-X2.jpg
6728868889068932900027216,SUMATERA UTARA,DELI SERDANG,GALANG,KOTASAN,TPS 05,2019-10-25 11:00:05,68,108,252,180,180,176,4,https://pemilu2019.kpu.go.id/img/c/900/027/900027216/1-8932-05-C1-PPWP-X1.jpg,https://pemilu2019.kpu.go.id/img/c/900/027/900027216/1-8932-05-C1-PPWP-X2.jpg
6728868889068932900027217,SUMATERA UTARA,DELI SERDANG,GALANG,KOTASAN,TPS 06,2019-10-25 11:00:05,59,96,245,164,164,155,9,https://pemilu2019.kpu.go.id/img/c/900/027/900027217/2-8932-06-C1-PPWP-X1.jpg,https://pemilu2019.kpu.go.id/img/c/900/027/900027217/2-8932-06-C1-PPWP-X2.jpg
6728868889068932900027218,SUMATERA UTARA,DELI SERDANG,GALANG,KOTASAN,TPS 07,2019-10-25 11:00:05,70,122,254,194,194,192,2,https://pemilu2019.kpu.go.id/img/c/900/027/900027218/8932-07-C-XXX-X5.jpg,https://pemilu2019.kpu.go.id/img/c/900/027/900027218/8932-07-C-XXX-X6.jpg
6728868889068932900027219,SUMATERA UTARA,DELI SERDANG,GALANG,KOTASAN,TPS 08,2019-10-25 11:00:05,59,123,225,185,185,182,3,https://pemilu2019.kpu.go.id/img/c/900/027/900027219/8932-08-C-XXX-X5.jpg,https://pemilu2019.kpu.go.id/img/c/900/027/900027219/8932-08-C-XXX-X6.jpg
6728868889068932900027220,SUMATERA UTARA,DELI SERDANG,GALANG,KOTASAN,TPS 09,2019-10-25 11:00:05,59,79,233,139,139,138,1,https://pemilu2019.kpu.go.id/img/c/900/027/900027220/8932-09-C-XXX-X5.jpg,https://pemilu2019.kpu.go.id/img/c/900/027/900027220/8932-09-C-XXX-X6.jpg
6728868889068932900027221,SUMATERA UTARA,DELI SERDANG,GALANG,KOTASAN,TPS 10,2019-10-25 11:00:05,92,111,295,208,208,203,5,https://pemilu2019.kpu.go.id/img/c/900/027/900027221/8932-10-C1-PPWP-X1.jpg,https://pemilu2019.kpu.go.id/img/c/900/027/900027221/8932-10-C1-PPWP-X2.jpg
6728868889068932900027222,SUMATERA UTARA,DELI SERDANG,GALANG,KOTASAN,TPS 11,2019-10-25 11:00:05,56,84,229,149,149,140,9,https://pemilu2019.kpu.go.id/img/c/900/027/900027222/8932-11-C1-PPWP-X1.jpg,https://pemilu2019.kpu.go.id/img/c/900/027/900027222/8932-11-C1-PPWP-X2.jpg
6728868889068934900027227,SUMATERA UTARA,DELI SERDANG,GALANG,NOGO REJO,TPS 01,2019-10-25 11:00:05,86,147,292,242,242,233,9,https://pemilu2019.kpu.go.id/img/c/900/027/900027227/8934-01-C-XXX-X5.jpg,https://pemilu2019.kpu.go.id/img/c/900/027/900027227/8934-01-C-XXX-X6.jpg
6728868889068934900027228,SUMATERA UTARA,DELI SERDANG,GALANG,NOGO REJO,TPS 02,2019-10-25 11:00:05,55,164,271,222,222,219,3,https://pemilu2019.kpu.go.id/img/c/900/027/900027228/8934-02-C-XXX-X5.jpg,https://pemilu2019.kpu.go.id/img/c/900/027/900027228/8934-02-C-XXX-X6.jpg
6728868889068934900027229,SUMATERA UTARA,DELI SERDANG,GALANG,NOGO REJO,TPS 03,2019-10-25 11:00:05,90,169,314,264,264,259,5,https://pemilu2019.kpu.go.id/img/c/900/027/900027229/8934-03-C-XXX-X5.jpg,https://pemilu2019.kpu.go.id/img/c/900/027/900027229/8934-03-C-XXX-X6.jpg
6728868889068934900027230,SUMATERA UTARA,DELI SERDANG,GALANG,NOGO REJO,TPS 04,2019-10-25 11:00:05,61,182,282,244,244,243,1,https://pemilu2019.kpu.go.id/img/c/900/027/900027230/8934-04-C1-PPWP-X1.jpg,https://pemilu2019.kpu.go.id/img/c/900/027/900027230/8934-04-C1-PPWP-X2.jpg
6728868889068934900027231,SUMATERA UTARA,DELI SERDANG,GALANG,NOGO REJO,TPS 05,2019-10-25 11:00:05,48,136,276,194,194,184,10,https://pemilu2019.kpu.go.id/img/c/900/027/900027231/8934-05-C-XXX-X5.jpg,https://pemilu2019.kpu.go.id/img/c/900/027/900027231/8934-05-C-XXX-X6.jpg
6728868889068934900027232,SUMATERA UTARA,DELI SERDANG,GALANG,NOGO REJO,TPS 06,2019-10-25 11:00:05,57,147,259,210,210,204,6,https://pemilu2019.kpu.go.id/img/c/900/027/900027232/8934-06-C-XXX-X5.jpg,https://pemilu2019.kpu.go.id/img/c/900/027/900027232/8934-06-C-XXX-X6.jpg
6728868889068934900027233,SUMATERA UTARA,DELI SERDANG,GALANG,NOGO REJO,TPS 07,2019-10-25 11:00:05,62,121,262,188,188,183,5,https://pemilu2019.kpu.go.id/img/c/900/027/900027233/8934-07-C-XXX-X5.jpg,https://pemilu2019.kpu.go.id/img/c/900/027/900027233/8934-07-C-XXX-X6.jpg
6728868889068934900027234,SUMATERA UTARA,DELI SERDANG,GALANG,NOGO REJO,TPS 08,2019-10-25 11:00:05,80,120,263,206,206,200,6,https://pemilu2019.kpu.go.id/img/c/900/027/900027234/8934-08-C-XXX-X5.jpg,https://pemilu2019.kpu.go.id/img/c/900/027/900027234/8934-08-C-XXX-X6.jpg
6728868889068934900027235,SUMATERA UTARA,DELI SERDANG,GALANG,NOGO REJO,TPS 09,2019-10-25 11:00:05,58,159,284,220,220,217,3,https://pemilu2019.kpu.go.id/img/c/900/027/900027235/8934-09-C-XXX-X5.jpg,https://pemilu2019.kpu.go.id/img/c/900/027/900027235/8934-09-C-XXX-X6.jpg
6728868889068934900027236,SUMATERA UTARA,DELI SERDANG,GALANG,NOGO REJO,TPS 10,2019-10-25 11:00:05,101,134,272,239,239,235,4,https://pemilu2019.kpu.go.id/img/c/900/027/900027236/8934-10-C-XXX-X5.jpg,https://pemilu2019.kpu.go.id/img/c/900/027/900027236/8934-10-C-XXX-X6.jpg
6728868889068934900027237,SUMATERA UTARA,DELI SERDANG,GALANG,NOGO REJO,TPS 11,2019-10-25 11:00:05,72,150,285,225,225,222,3,https://pemilu2019.kpu.go.id/img/c/900/027/900027237/1-8934-11-C-XXX-X5.jpg,https://pemilu2019.kpu.go.id/img/c/900/027/900027237/1-8934-11-C-XXX-X6.jpg
6728868889068934900027238,SUMATERA UTARA,DELI SERDANG,GALANG,NOGO REJO,TPS 12,2019-10-25 11:00:05,82,137,286,222,222,219,3,https://pemilu2019.kpu.go.id/img/c/900/027/900027238/1-8934-12-C-XXX-X5.jpg,https://pemilu2019.kpu.go.id/img/c/900/027/900027238/1-8934-12-C-XXX-X6.jpg
6728868889068934900027239,SUMATERA UTARA,DELI SERDANG,GALANG,NOGO REJO,TPS 13,2019-10-25 11:00:05,61,118,250,184,184,179,5,https://pemilu2019.kpu.go.id/img/c/900/027/900027239/1-8934-13-C-XXX-X5.jpg,https://pemilu2019.kpu.go.id/img/c/900/027/900027239/1-8934-13-C-XXX-X6.jpg
6728868889068934900027240,SUMATERA UTARA,DELI SERDANG,GALANG,NOGO REJO,TPS 14,2019-10-25 11:00:05,76,106,252,184,184,182,2,https://pemilu2019.kpu.go.id/img/c/900/027/900027240/1-8934-14-C-XXX-X5.jpg,https://pemilu2019.kpu.go.id/img/c/900/027/900027240/1-8934-14-C-XXX-X6.jpg
6728868889068934900027241,SUMATERA UTARA,DELI SERDANG,GALANG,NOGO REJO,TPS 15,2019-10-25 11:00:05,89,109,272,207,207,198,9,https://pemilu2019.kpu.go.id/img/c/900/027/900027241/1-8934-15-C-XXX-X5.jpg,https://pemilu2019.kpu.go.id/img/c/900/027/900027241/1-8934-15-C-XXX-X6.jpg
6728868889068908900027061,SUMATERA UTARA,DELI SERDANG,GALANG,PAKU,TPS 1,2019-10-25 11:00:05,97,93,235,193,193,190,3,https://pemilu2019.kpu.go.id/img/c/900/027/900027061/8908-1-C1-PPWP-X1.jpg,https://pemilu2019.kpu.go.id/img/c/900/027/900027061/8908-1-C1-PPWP-X2.jpg
6728868889068908900027062,SUMATERA UTARA,DELI SERDANG,GALANG,PAKU,TPS 2,2019-10-25 11:00:05,92,99,255,191,191,191,0,https://pemilu2019.kpu.go.id/img/c/900/027/900027062/3-8908-2-C1-PPWP-X1.jpg,https://pemilu2019.kpu.go.id/img/c/900/027/900027062/3-8908-2-C1-PPWP-X2.jpg
6728868889068908900027063,SUMATERA UTARA,DELI SERDANG,GALANG,PAKU,TPS 3,2019-10-25 11:00:05,110,93,260,203,203,203,0,https://pemilu2019.kpu.go.id/img/c/900/027/900027063/8908-3-C1-PPWP-X1.jpg,https://pemilu2019.kpu.go.id/img/c/900/027/900027063/8908-3-C1-PPWP-X2.jpg
6728868889068908900027064,SUMATERA UTARA,DELI SERDANG,GALANG,PAKU,TPS 4,2019-10-25 11:00:05,94,44,188,139,139,138,1,https://pemilu2019.kpu.go.id/img/c/900/027/900027064/8908-4-C1-PPWP-X1.jpg,https://pemilu2019.kpu.go.id/img/c/900/027/900027064/8908-4-C1-PPWP-X2.jpg
6728868889068908900027065,SUMATERA UTARA,DELI SERDANG,GALANG,PAKU,TPS 5,2019-10-25 11:00:05,94,69,218,163,163,163,0,https://pemilu2019.kpu.go.id/img/c/900/027/900027065/8908-5-C1-PPWP-X1.jpg,https://pemilu2019.kpu.go.id/img/c/900/027/900027065/8908-5-C1-PPWP-X2.jpg
6728868889068908900027066,SUMATERA UTARA,DELI SERDANG,GALANG,PAKU,TPS 6,2019-10-25 11:00:05,62,41,135,103,103,103,0,https://pemilu2019.kpu.go.id/img/c/900/027/900027066/8908-6-C1-PPWP-X1.jpg,https://pemilu2019.kpu.go.id/img/c/900/027/900027066/8908-6-C1-PPWP-X2.jpg
6728868889068933900027223,SUMATERA UTARA,DELI SERDANG,GALANG,PAYA ITIK,TPS 1,2019-10-25 11:00:05,97,142,296,0,245,239,6,https://pemilu2019.kpu.go.id/img/c/900/027/900027223/8933-1-C-XXX-X5.jpg,https://pemilu2019.kpu.go.id/img/c/900/027/900027223/8933-1-C-XXX-X6.jpg
6728868889068933900027224,SUMATERA UTARA,DELI SERDANG,GALANG,PAYA ITIK,TPS 2,2019-10-25 11:00:05,158,64,253,224,224,222,2,https://pemilu2019.kpu.go.id/img/c/900/027/900027224/8933-2-C-XXX-X5.jpg,https://pemilu2019.kpu.go.id/img/c/900/027/900027224/8933-2-C-XXX-X6.jpg
6728868889068933900027225,SUMATERA UTARA,DELI SERDANG,GALANG,PAYA ITIK,TPS 3,2019-10-25 11:00:05,65,133,257,199,199,198,1,https://pemilu2019.kpu.go.id/img/c/900/027/900027225/8933-3-C-XXX-X5.jpg,https://pemilu2019.kpu.go.id/img/c/900/027/900027225/8933-3-C-XXX-X6.jpg
6728868889068933900027226,SUMATERA UTARA,DELI SERDANG,GALANG,PAYA ITIK,TPS 4,2019-10-25 11:00:05,97,120,261,221,221,217,4,https://pemilu2019.kpu.go.id/img/c/900/027/900027226/8933-4-C-XXX-X5.jpg,https://pemilu2019.kpu.go.id/img/c/900/027/900027226/8933-4-C-XXX-X6.jpg
6728868889068913900027079,SUMATERA UTARA,DELI SERDANG,GALANG,PAYA KUDA,TPS 1,2019-10-25 11:00:05,33,81,149,114,114,114,0,https://pemilu2019.kpu.go.id/img/c/900/027/900027079/1-8913-1-C1-PPWP-X1.jpg,https://pemilu2019.kpu.go.id/img/c/900/027/900027079/1-8913-1-C1-PPWP-X2.jpg
6728868889068913900027080,SUMATERA UTARA,DELI SERDANG,GALANG,PAYA KUDA,TPS 2,2019-10-25 11:00:05,44,93,162,139,139,137,2,https://pemilu2019.kpu.go.id/img/c/900/027/900027080/1-8913-2-C1-PPWP-X1.jpg,https://pemilu2019.kpu.go.id/img/c/900/027/900027080/1-8913-2-C1-PPWP-X2.jpg
6728868889068931900027211,SUMATERA UTARA,DELI SERDANG,GALANG,PAYA SAMPIR,TPS 1,2019-10-25 11:00:05,48,53,106,101,101,101,0,https://pemilu2019.kpu.go.id/img/c/900/027/900027211/8931-1-C1-PPWP-X1.jpg,https://pemilu2019.kpu.go.id/img/c/900/027/900027211/8931-1-C1-PPWP-X2.jpg
6728868889068928900027197,SUMATERA UTARA,DELI SERDANG,GALANG,PETANGGUHAN,TPS 1,2019-10-25 11:00:05,34,174,277,208,208,208,0,https://pemilu2019.kpu.go.id/img/c/900/027/900027197/1-8928-1-C1-PPWP-X1.jpg,https://pemilu2019.kpu.go.id/img/c/900/027/900027197/1-8928-1-C1-PPWP-X2.jpg
6728868889068928900027198,SUMATERA UTARA,DELI SERDANG,GALANG,PETANGGUHAN,TPS 2,2019-10-25 11:00:05,92,152,321,251,251,244,7,https://pemilu2019.kpu.go.id/img/c/900/027/900027198/1-8928-2-C1-PPWP-X1.jpg,https://pemilu2019.kpu.go.id/img/c/900/027/900027198/1-8928-2-C1-PPWP-X2.jpg
6728868889068928900027199,SUMATERA UTARA,DELI SERDANG,GALANG,PETANGGUHAN,TPS 3,2019-10-25 11:00:05,106,140,331,251,251,246,5,https://pemilu2019.kpu.go.id/img/c/900/027/900027199/1-8928-3-C1-PPWP-X1.jpg,https://pemilu2019.kpu.go.id/img/c/900/027/900027199/1-8928-3-C1-PPWP-X2.jpg
6728868889068928900027200,SUMATERA UTARA,DELI SERDANG,GALANG,PETANGGUHAN,TPS 4,2019-10-25 11:00:05,46,149,244,199,199,195,4,https://pemilu2019.kpu.go.id/img/c/900/027/900027200/1-8928-4-C1-PPWP-X1.jpg,https://pemilu2019.kpu.go.id/img/c/900/027/900027200/1-8928-4-C1-PPWP-X2.jpg
6728868889068928900027201,SUMATERA UTARA,DELI SERDANG,GALANG,PETANGGUHAN,TPS 5,2019-10-25 11:00:05,41,143,302,193,193,184,9,https://pemilu2019.kpu.go.id/img/c/900/027/900027201/1-8928-5-C1-PPWP-X1.jpg,https://pemilu2019.kpu.go.id/img/c/900/027/900027201/1-8928-5-C1-PPWP-X2.jpg
6728868889068928900027202,SUMATERA UTARA,DELI SERDANG,GALANG,PETANGGUHAN,TPS 6,2019-10-25 11:00:05,64,158,304,228,228,222,6,https://pemilu2019.kpu.go.id/img/c/900/027/900027202/1-8928-6-C1-PPWP-X1.jpg,https://pemilu2019.kpu.go.id/img/c/900/027/900027202/1-8928-6-C1-PPWP-X2.jpg
6728868889068928900027203,SUMATERA UTARA,DELI SERDANG,GALANG,PETANGGUHAN,TPS 7,2019-10-25 11:00:05,59,173,319,238,238,232,6,https://pemilu2019.kpu.go.id/img/c/900/027/900027203/1-8928-7-C1-PPWP-X1.jpg,https://pemilu2019.kpu.go.id/img/c/900/027/900027203/1-8928-7-C1-PPWP-X2.jpg
6728868889068928900027204,SUMATERA UTARA,DELI SERDANG,GALANG,PETANGGUHAN,TPS 8,2019-10-25 11:00:05,73,120,293,200,200,193,7,https://pemilu2019.kpu.go.id/img/c/900/027/900027204/1-8928-8-C1-PPWP-X1.jpg,https://pemilu2019.kpu.go.id/img/c/900/027/900027204/1-8928-8-C1-PPWP-X2.jpg
6728868889068928900027205,SUMATERA UTARA,DELI SERDANG,GALANG,PETANGGUHAN,TPS 9,2019-10-25 11:00:05,45,156,308,205,205,201,4,https://pemilu2019.kpu.go.id/img/c/900/027/900027205/1-8928-9-C1-PPWP-X1.jpg,https://pemilu2019.kpu.go.id/img/c/900/027/900027205/1-8928-9-C1-PPWP-X2.jpg
6728868889068925900027182,SUMATERA UTARA,DELI SERDANG,GALANG,PETUMBUKAN,TPS 1,2019-10-25 11:00:05,49,163,274,213,213,212,1,https://pemilu2019.kpu.go.id/img/c/900/027/900027182/8925-1-C1-PPWP-X1.jpg,https://pemilu2019.kpu.go.id/img/c/900/027/900027182/8925-1-C1-PPWP-X2.jpg
6728868889068925900027183,SUMATERA UTARA,DELI SERDANG,GALANG,PETUMBUKAN,TPS 2,2019-10-25 11:00:05,96,80,283,178,178,176,2,https://pemilu2019.kpu.go.id/img/c/900/027/900027183/8925-2-C1-PPWP-X1.jpg,https://pemilu2019.kpu.go.id/img/c/900/027/900027183/8925-2-C1-PPWP-X2.jpg
6728868889068925900027184,SUMATERA UTARA,DELI SERDANG,GALANG,PETUMBUKAN,TPS 3,2019-10-25 11:00:05,67,123,280,192,192,190,2,https://pemilu2019.kpu.go.id/img/c/900/027/900027184/3-8925-3-C1-PPWP-X1.jpg,https://pemilu2019.kpu.go.id/img/c/900/027/900027184/3-8925-3-C1-PPWP-X2.jpg
6728868889068925900027185,SUMATERA UTARA,DELI SERDANG,GALANG,PETUMBUKAN,TPS 4,2019-10-25 11:00:05,53,125,272,180,180,178,2,https://pemilu2019.kpu.go.id/img/c/900/027/900027185/2-8925-4-C1-PPWP-X1.jpg,https://pemilu2019.kpu.go.id/img/c/900/027/900027185/2-8925-4-C1-PPWP-X2.jpg
6728868889068925900027186,SUMATERA UTARA,DELI SERDANG,GALANG,PETUMBUKAN,TPS 5,2019-10-25 11:00:05,62,140,284,207,207,202,5,https://pemilu2019.kpu.go.id/img/c/900/027/900027186/1-8925-5-C1-PPWP-X1.jpg,https://pemilu2019.kpu.go.id/img/c/900/027/900027186/1-8925-5-C1-PPWP-X2.jpg
6728868889068925900027187,SUMATERA UTARA,DELI SERDANG,GALANG,PETUMBUKAN,TPS 6,2019-10-25 11:00:05,38,101,229,139,139,139,0,https://pemilu2019.kpu.go.id/img/c/900/027/900027187/1-8925-6-C1-PPWP-X1.jpg,https://pemilu2019.kpu.go.id/img/c/900/027/900027187/1-8925-6-C1-PPWP-X2.jpg
6728868889068925900027188,SUMATERA UTARA,DELI SERDANG,GALANG,PETUMBUKAN,TPS 7,2019-10-25 11:00:05,59,115,264,174,174,174,0,https://pemilu2019.kpu.go.id/img/c/900/027/900027188/2-8925-7-C1-PPWP-X1.jpg,https://pemilu2019.kpu.go.id/img/c/900/027/900027188/2-8925-7-C1-PPWP-X2.jpg
6728868889068925900027189,SUMATERA UTARA,DELI SERDANG,GALANG,PETUMBUKAN,TPS 8,2019-10-25 11:00:05,36,141,272,178,178,177,1,https://pemilu2019.kpu.go.id/img/c/900/027/900027189/1-8925-8-C1-PPWP-X1.jpg,https://pemilu2019.kpu.go.id/img/c/900/027/900027189/1-8925-8-C1-PPWP-X2.jpg
6728868889068927900027190,SUMATERA UTARA,DELI SERDANG,GALANG,PISANG PALA,TPS 1,2019-10-25 11:00:05,55,113,203,170,170,168,2,https://pemilu2019.kpu.go.id/img/c/900/027/900027190/8927-1-C1-PPWP-X1.jpg,https://pemilu2019.kpu.go.id/img/c/900/027/900027190/8927-1-C1-PPWP-X2.jpg
6728868889068927900027191,SUMATERA UTARA,DELI SERDANG,GALANG,PISANG PALA,TPS 2,2019-10-25 11:00:05,21,151,200,172,172,172,0,https://pemilu2019.kpu.go.id/img/c/900/027/900027191/8927-2-C-XXX-X5.jpg,https://pemilu2019.kpu.go.id/img/c/900/027/900027191/8927-2-C-XXX-X6.jpg
6728868889068927900027192,SUMATERA UTARA,DELI SERDANG,GALANG,PISANG PALA,TPS 3,2019-10-25 11:00:05,39,137,233,179,179,176,3,https://pemilu2019.kpu.go.id/img/c/900/027/900027192/8927-3-C1-PPWP-X1.jpg,https://pemilu2019.kpu.go.id/img/c/900/027/900027192/8927-3-C1-PPWP-X2.jpg
6728868889068927900027193,SUMATERA UTARA,DELI SERDANG,GALANG,PISANG PALA,TPS 4,2019-10-25 11:00:05,34,131,201,167,167,165,2,https://pemilu2019.kpu.go.id/img/c/900/027/900027193/8927-4-C1-PPWP-X1.jpg,https://pemilu2019.kpu.go.id/img/c/900/027/900027193/8927-4-C1-PPWP-X2.jpg
6728868889068927900027194,SUMATERA UTARA,DELI SERDANG,GALANG,PISANG PALA,TPS 5,2019-10-25 11:00:05,57,136,232,195,195,193,2,https://pemilu2019.kpu.go.id/img/c/900/027/900027194/8927-5-C-XXX-X5.jpg,https://pemilu2019.kpu.go.id/img/c/900/027/900027194/8927-5-C-XXX-X6.jpg
6728868889068927900027195,SUMATERA UTARA,DELI SERDANG,GALANG,PISANG PALA,TPS 6,2019-10-25 11:00:05,53,122,274,179,179,175,4,https://pemilu2019.kpu.go.id/img/c/900/027/900027195/8927-6-C-XXX-X5.jpg,https://pemilu2019.kpu.go.id/img/c/900/027/900027195/8927-6-C-XXX-X6.jpg
6728868889068927900027196,SUMATERA UTARA,DELI SERDANG,GALANG,PISANG PALA,TPS 7,2019-10-25 11:00:05,50,124,272,179,179,174,5,https://pemilu2019.kpu.go.id/img/c/900/027/900027196/8927-7-C-XXX-X5.jpg,https://pemilu2019.kpu.go.id/img/c/900/027/900027196/8927-7-C-XXX-X6.jpg
67288688890689457900793905,SUMATERA UTARA,DELI SERDANG,GALANG,PULAU TAGOR BARU,TPS 1,2019-10-25 11:00:05,84,88,212,178,178,172,6,https://pemilu2019.kpu.go.id/img/c/900/793/900793905/89457-1-C1-PPWP-X1.jpg,https://pemilu2019.kpu.go.id/img/c/900/793/900793905/89457-1-C1-PPWP-X2.jpg
67288688890689457900793906,SUMATERA UTARA,DELI SERDANG,GALANG,PULAU TAGOR BARU,TPS 2,2019-10-25 11:00:05,134,56,233,194,194,190,4,https://pemilu2019.kpu.go.id/img/c/900/793/900793906/89457-2-C1-PPWP-X1.jpg,https://pemilu2019.kpu.go.id/img/c/900/793/900793906/89457-2-C1-PPWP-X2.jpg
67288688890689457900793907,SUMATERA UTARA,DELI SERDANG,GALANG,PULAU TAGOR BARU,TPS 3,2019-10-25 11:00:05,76,87,206,167,167,163,4,https://pemilu2019.kpu.go.id/img/c/900/793/900793907/89457-3-C1-PPWP-X1.jpg,https://pemilu2019.kpu.go.id/img/c/900/793/900793907/89457-3-C1-PPWP-X2.jpg
6728868889068916900027090,SUMATERA UTARA,DELI SERDANG,GALANG,SEI KARANG,TPS 1,2019-10-25 11:00:05,82,158,296,241,241,240,1,https://pemilu2019.kpu.go.id/img/c/900/027/900027090/8916-1-C1-PPWP-X1.jpg,https://pemilu2019.kpu.go.id/img/c/900/027/900027090/8916-1-C1-PPWP-X2.jpg
6728868889068916900027091,SUMATERA UTARA,DELI SERDANG,GALANG,SEI KARANG,TPS 2,2019-10-25 11:00:05,102,138,303,244,244,240,4,https://pemilu2019.kpu.go.id/img/c/900/027/900027091/8916-2-C1-PPWP-X1.jpg,https://pemilu2019.kpu.go.id/img/c/900/027/900027091/8916-2-C1-PPWP-X2.jpg
6728868889068916900027092,SUMATERA UTARA,DELI SERDANG,GALANG,SEI KARANG,TPS 3,2019-10-25 11:00:05,55,158,268,214,214,213,1,https://pemilu2019.kpu.go.id/img/c/900/027/900027092/1-8916-3-C1-PPWP-X1.jpg,https://pemilu2019.kpu.go.id/img/c/900/027/900027092/1-8916-3-C1-PPWP-X2.jpg
6728868889068914900027081,SUMATERA UTARA,DELI SERDANG,GALANG,SEI PUTIH,TPS 1,2019-10-25 11:00:05,57,172,273,230,230,229,1,https://pemilu2019.kpu.go.id/img/c/900/027/900027081/8914-1-C-XXX-X5.jpg,https://pemilu2019.kpu.go.id/img/c/900/027/900027081/8914-1-C-XXX-X6.jpg
6728868889068914900027082,SUMATERA UTARA,DELI SERDANG,GALANG,SEI PUTIH,TPS 2,2019-10-25 11:00:05,114,74,233,189,189,188,1,https://pemilu2019.kpu.go.id/img/c/900/027/900027082/8914-2-C-XXX-X5.jpg,https://pemilu2019.kpu.go.id/img/c/900/027/900027082/8914-2-C-XXX-X6.jpg
6728868889068914900027083,SUMATERA UTARA,DELI SERDANG,GALANG,SEI PUTIH,TPS 3,2019-10-25 11:00:05,89,97,229,188,188,186,2,https://pemilu2019.kpu.go.id/img/c/900/027/900027083/2-8914-3-C1-PPWP-X1.jpg,https://pemilu2019.kpu.go.id/img/c/900/027/900027083/2-8914-3-C1-PPWP-X2.jpg
6728868889068914900027084,SUMATERA UTARA,DELI SERDANG,GALANG,SEI PUTIH,TPS 4,2019-10-25 11:00:05,100,73,216,174,174,173,1,https://pemilu2019.kpu.go.id/img/c/900/027/900027084/8914-4-C-XXX-X5.jpg,https://pemilu2019.kpu.go.id/img/c/900/027/900027084/8914-4-C-XXX-X6.jpg
6728868889068914900027085,SUMATERA UTARA,DELI SERDANG,GALANG,SEI PUTIH,TPS 5,2019-10-25 11:00:05,131,70,232,201,0,201,0,https://pemilu2019.kpu.go.id/img/c/900/027/900027085/8914-5-C-XXX-X5.jpg,https://pemilu2019.kpu.go.id/img/c/900/027/900027085/8914-5-C-XXX-X6.jpg
6728868889068914900027086,SUMATERA UTARA,DELI SERDANG,GALANG,SEI PUTIH,TPS 6,2019-10-25 11:00:05,115,52,220,169,169,167,2,https://pemilu2019.kpu.go.id/img/c/900/027/900027086/8914-6-C-XXX-X5.jpg,https://pemilu2019.kpu.go.id/img/c/900/027/900027086/8914-6-C-XXX-X6.jpg
67288688890684228900775288,SUMATERA UTARA,DELI SERDANG,GALANG,TANAH  ABANG,TPS 1,2019-10-25 11:00:05,135,93,277,231,231,228,3,https://pemilu2019.kpu.go.id/img/c/900/775/900775288/84228-1-C1-PPWP-X1.jpg,https://pemilu2019.kpu.go.id/img/c/900/775/900775288/84228-1-C1-PPWP-X2.jpg
6728868889068921900027144,SUMATERA UTARA,DELI SERDANG,GALANG,TANAH MERAH,TPS 1,2019-10-25 11:00:05,83,46,131,131,131,129,2,https://pemilu2019.kpu.go.id/img/c/900/027/900027144/1-8921-1-C-XXX-X5.jpg,https://pemilu2019.kpu.go.id/img/c/900/027/900027144/1-8921-1-C-XXX-X6.jpg
6728868889068921900027145,SUMATERA UTARA,DELI SERDANG,GALANG,TANAH MERAH,TPS 2,2019-10-25 11:00:05,34,31,112,66,66,65,1,https://pemilu2019.kpu.go.id/img/c/900/027/900027145/3-8921-2-C-XXX-X5.jpg,https://pemilu2019.kpu.go.id/img/c/900/027/900027145/3-8921-2-C-XXX-X6.jpg
6728868889068921900027146,SUMATERA UTARA,DELI SERDANG,GALANG,TANAH MERAH,TPS 3,2019-10-25 11:00:05,24,115,182,141,141,139,2,https://pemilu2019.kpu.go.id/img/c/900/027/900027146/1-8921-3-C-XXX-X5.jpg,https://pemilu2019.kpu.go.id/img/c/900/027/900027146/1-8921-3-C-XXX-X6.jpg
6728868889068921900027147,SUMATERA UTARA,DELI SERDANG,GALANG,TANAH MERAH,TPS 4,2019-10-25 11:00:05,33,77,151,110,110,110,0,https://pemilu2019.kpu.go.id/img/c/900/027/900027147/1-8921-4-C-XXX-X5.jpg,https://pemilu2019.kpu.go.id/img/c/900/027/900027147/1-8921-4-C-XXX-X6.jpg
6728868889068921900027148,SUMATERA UTARA,DELI SERDANG,GALANG,TANAH MERAH,TPS 5,2019-10-25 11:00:05,29,114,222,143,143,143,0,https://pemilu2019.kpu.go.id/img/c/900/027/900027148/1-8921-5-C-XXX-X5.jpg,https://pemilu2019.kpu.go.id/img/c/900/027/900027148/1-8921-5-C-XXX-X6.jpg
6728868889068921900027149,SUMATERA UTARA,DELI SERDANG,GALANG,TANAH MERAH,TPS 6,2019-10-25 11:00:05,44,189,304,238,233,238,5,https://pemilu2019.kpu.go.id/img/c/900/027/900027149/1-8921-6-C-XXX-X5.jpg,https://pemilu2019.kpu.go.id/img/c/900/027/900027149/1-8921-6-C-XXX-X6.jpg
6728868889068921900027150,SUMATERA UTARA,DELI SERDANG,GALANG,TANAH MERAH,TPS 7,2019-10-25 11:00:05,38,111,228,150,150,149,1,https://pemilu2019.kpu.go.id/img/c/900/027/900027150/1-8921-7-C-XXX-X5.jpg,https://pemilu2019.kpu.go.id/img/c/900/027/900027150/1-8921-7-C-XXX-X6.jpg
6728868889068921900027151,SUMATERA UTARA,DELI SERDANG,GALANG,TANAH MERAH,TPS 8,2019-10-25 11:00:05,42,110,223,157,157,152,5,https://pemilu2019.kpu.go.id/img/c/900/027/900027151/1-8921-8-C-XXX-X5.jpg,https://pemilu2019.kpu.go.id/img/c/900/027/900027151/1-8921-8-C-XXX-X6.jpg
6728868889068921900027152,SUMATERA UTARA,DELI SERDANG,GALANG,TANAH MERAH,TPS 9,2019-10-25 11:00:05,18,93,194,112,113,112,1,https://pemilu2019.kpu.go.id/img/c/900/027/900027152/1-8921-9-C-XXX-X5.jpg,https://pemilu2019.kpu.go.id/img/c/900/027/900027152/1-8921-9-C-XXX-X6.jpg
6728868889068923900027167,SUMATERA UTARA,DELI SERDANG,GALANG,TANJUNG GUSTI,TPS 1,2019-10-25 11:00:05,66,144,248,212,212,210,2,https://pemilu2019.kpu.go.id/img/c/900/027/900027167/8923-1-C-XXX-X5.jpg,https://pemilu2019.kpu.go.id/img/c/900/027/900027167/8923-1-C-XXX-X6.jpg
6728868889068923900027168,SUMATERA UTARA,DELI SERDANG,GALANG,TANJUNG GUSTI,TPS 2,2019-10-25 11:00:05,49,139,233,189,189,188,1,https://pemilu2019.kpu.go.id/img/c/900/027/900027168/8923-2-C-XXX-X5.jpg,https://pemilu2019.kpu.go.id/img/c/900/027/900027168/8923-2-C-XXX-X6.jpg
6728868889068923900027169,SUMATERA UTARA,DELI SERDANG,GALANG,TANJUNG GUSTI,TPS 3,2019-10-25 11:00:05,40,162,235,204,204,202,2,https://pemilu2019.kpu.go.id/img/c/900/027/900027169/8923-3-C-XXX-X5.jpg,https://pemilu2019.kpu.go.id/img/c/900/027/900027169/8923-3-C-XXX-X6.jpg
6728868889068923900027170,SUMATERA UTARA,DELI SERDANG,GALANG,TANJUNG GUSTI,TPS 4,2019-10-25 11:00:05,38,124,213,162,162,162,0,https://pemilu2019.kpu.go.id/img/c/900/027/900027170/8923-4-C-XXX-X5.jpg,https://pemilu2019.kpu.go.id/img/c/900/027/900027170/8923-4-C-XXX-X6.jpg
6728868889068923900027171,SUMATERA UTARA,DELI SERDANG,GALANG,TANJUNG GUSTI,TPS 5,2019-10-25 11:00:05,81,161,280,247,247,242,5,https://pemilu2019.kpu.go.id/img/c/900/027/900027171/8923-5-C-XXX-X5.jpg,https://pemilu2019.kpu.go.id/img/c/900/027/900027171/8923-5-C-XXX-X6.jpg
6728868889068923900027172,SUMATERA UTARA,DELI SERDANG,GALANG,TANJUNG GUSTI,TPS 6,2019-10-25 11:00:05,76,137,283,214,214,213,1,https://pemilu2019.kpu.go.id/img/c/900/027/900027172/8923-6-C-XXX-X5.jpg,https://pemilu2019.kpu.go.id/img/c/900/027/900027172/8923-6-C-XXX-X6.jpg
6728868889068929900027206,SUMATERA UTARA,DELI SERDANG,GALANG,TANJUNG SIPORKIS,TPS 1,2019-10-25 11:00:05,66,121,243,193,193,187,6,https://pemilu2019.kpu.go.id/img/c/900/027/900027206/1-8929-1-C1-PPWP-X1.jpg,https://pemilu2019.kpu.go.id/img/c/900/027/900027206/1-8929-1-C1-PPWP-X2.jpg
6728868889068929900027207,SUMATERA UTARA,DELI SERDANG,GALANG,TANJUNG SIPORKIS,TPS 2,2019-10-25 11:00:05,55,139,225,199,199,194,5,https://pemilu2019.kpu.go.id/img/c/900/027/900027207/1-8929-2-C1-PPWP-X1.jpg,https://pemilu2019.kpu.go.id/img/c/900/027/900027207/1-8929-2-C1-PPWP-X2.jpg
6728868889068929900027208,SUMATERA UTARA,DELI SERDANG,GALANG,TANJUNG SIPORKIS,TPS 3,2019-10-25 11:00:05,53,124,229,186,186,177,9,https://pemilu2019.kpu.go.id/img/c/900/027/900027208/1-8929-3-C1-PPWP-X1.jpg,https://pemilu2019.kpu.go.id/img/c/900/027/900027208/1-8929-3-C1-PPWP-X2.jpg
6728868889068929900027209,SUMATERA UTARA,DELI SERDANG,GALANG,TANJUNG SIPORKIS,TPS 4,2019-10-25 11:00:05,62,134,234,196,196,196,0,https://pemilu2019.kpu.go.id/img/c/900/027/900027209/1-8929-4-C1-PPWP-X1.jpg,https://pemilu2019.kpu.go.id/img/c/900/027/900027209/1-8929-4-C1-PPWP-X2.jpg
6728868889068919900027117,SUMATERA UTARA,DELI SERDANG,GALANG,TIMBANG DELI,TPS 01,2019-10-25 11:00:05,113,76,306,191,191,189,2,https://pemilu2019.kpu.go.id/img/c/900/027/900027117/8919-01-C1-PPWP-X1.jpg,https://pemilu2019.kpu.go.id/img/c/900/027/900027117/8919-01-C1-PPWP-X2.jpg
6728868889068919900027118,SUMATERA UTARA,DELI SERDANG,GALANG,TIMBANG DELI,TPS 02,2019-10-25 11:00:05,44,171,283,221,221,215,6,https://pemilu2019.kpu.go.id/img/c/900/027/900027118/8919-02-C1-PPWP-X1.jpg,https://pemilu2019.kpu.go.id/img/c/900/027/900027118/8919-02-C1-PPWP-X2.jpg
6728868889068919900027119,SUMATERA UTARA,DELI SERDANG,GALANG,TIMBANG DELI,TPS 03,2019-10-25 11:00:05,61,96,216,166,166,157,9,https://pemilu2019.kpu.go.id/img/c/900/027/900027119/8919-03-C1-PPWP-X1.jpg,https://pemilu2019.kpu.go.id/img/c/900/027/900027119/8919-03-C1-PPWP-X2.jpg
6728868889068919900027120,SUMATERA UTARA,DELI SERDANG,GALANG,TIMBANG DELI,TPS 04,2019-10-25 11:00:05,41,132,235,175,175,173,2,https://pemilu2019.kpu.go.id/img/c/900/027/900027120/8919-04-C1-PPWP-X1.jpg,https://pemilu2019.kpu.go.id/img/c/900/027/900027120/8919-04-C1-PPWP-X2.jpg
6728868889068919900027121,SUMATERA UTARA,DELI SERDANG,GALANG,TIMBANG DELI,TPS 05,2019-10-25 11:00:05,60,157,273,217,217,217,0,https://pemilu2019.kpu.go.id/img/c/900/027/900027121/8919-05-C1-PPWP-X1.jpg,https://pemilu2019.kpu.go.id/img/c/900/027/900027121/8919-05-C1-PPWP-X2.jpg
6728868889068919900027122,SUMATERA UTARA,DELI SERDANG,GALANG,TIMBANG DELI,TPS 06,2019-10-25 11:00:05,59,118,225,173,178,177,1,https://pemilu2019.kpu.go.id/img/c/900/027/900027122/8919-06-C1-PPWP-X1.jpg,https://pemilu2019.kpu.go.id/img/c/900/027/900027122/8919-06-C1-PPWP-X2.jpg
6728868889068919900027123,SUMATERA UTARA,DELI SERDANG,GALANG,TIMBANG DELI,TPS 07,2019-10-25 11:00:05,112,89,283,205,205,201,4,https://pemilu2019.kpu.go.id/img/c/900/027/900027123/8919-07-C1-PPWP-X1.jpg,https://pemilu2019.kpu.go.id/img/c/900/027/900027123/8919-07-C1-PPWP-X2.jpg
6728868889068919900027124,SUMATERA UTARA,DELI SERDANG,GALANG,TIMBANG DELI,TPS 08,2019-10-25 11:00:05,44,154,283,200,200,198,2,https://pemilu2019.kpu.go.id/img/c/900/027/900027124/8919-08-C1-PPWP-X1.jpg,https://pemilu2019.kpu.go.id/img/c/900/027/900027124/8919-08-C1-PPWP-X2.jpg
6728868889068919900027125,SUMATERA UTARA,DELI SERDANG,GALANG,TIMBANG DELI,TPS 09,2019-10-25 11:00:05,57,91,217,142,152,148,4,https://pemilu2019.kpu.go.id/img/c/900/027/900027125/8919-09-C1-PPWP-X1.jpg,https://pemilu2019.kpu.go.id/img/c/900/027/900027125/8919-09-C1-PPWP-X2.jpg
6728868889068919900027126,SUMATERA UTARA,DELI SERDANG,GALANG,TIMBANG DELI,TPS 10,2019-10-25 11:00:05,53,126,280,180,180,179,1,https://pemilu2019.kpu.go.id/img/c/900/027/900027126/8919-10-C1-PPWP-X1.jpg,https://pemilu2019.kpu.go.id/img/c/900/027/900027126/8919-10-C1-PPWP-X2.jpg
6728868886898695900025519,SUMATERA UTARA,DELI SERDANG,GUNUNG MERIAH,BINTANG MERIAH,TPS 1,2019-10-25 11:00:05,77,7,102,84,84,84,0,https://pemilu2019.kpu.go.id/img/c/900/025/900025519/8695-1-C1-PPWP-X1.jpg,https://pemilu2019.kpu.go.id/img/c/900/025/900025519/8695-1-C1-PPWP-X2.jpg
6728868886898698900025522,SUMATERA UTARA,DELI SERDANG,GUNUNG MERIAH,GUNUNG MERIAH,TPS 1,2019-10-25 11:00:05,212,13,266,226,226,225,1,https://pemilu2019.kpu.go.id/img/c/900/025/900025522/8698-1-C1-PPWP-X1.jpg,https://pemilu2019.kpu.go.id/img/c/900/025/900025522/8698-1-C1-PPWP-X2.jpg
6728868886898691900025515,SUMATERA UTARA,DELI SERDANG,GUNUNG MERIAH,GUNUNG PARIBUAN,TPS 1,2019-10-25 11:00:05,139,7,168,148,148,146,2,https://pemilu2019.kpu.go.id/img/c/900/025/900025515/2-8691-1-C1-PPWP-X1.jpg,https://pemilu2019.kpu.go.id/img/c/900/025/900025515/2-8691-1-C1-PPWP-X2.jpg
6728868886898693900025517,SUMATERA UTARA,DELI SERDANG,GUNUNG MERIAH,GUNUNG SERIBU,TPS 1,2019-10-25 11:00:05,131,5,158,139,139,136,3,https://pemilu2019.kpu.go.id/img/c/900/025/900025517/8693-1-C1-PPWP-X1.jpg,https://pemilu2019.kpu.go.id/img/c/900/025/900025517/8693-1-C1-PPWP-X2.jpg
6728868886898694900025518,SUMATERA UTARA,DELI SERDANG,GUNUNG MERIAH,GUNUNG SINEMBAH,TPS 1,2019-10-25 11:00:05,148,30,203,178,178,178,0,https://pemilu2019.kpu.go.id/img/c/900/025/900025518/2-8694-1-C1-PPWP-X1.jpg,https://pemilu2019.kpu.go.id/img/c/900/025/900025518/2-8694-1-C1-PPWP-X2.jpg
6728868886898690900025514,SUMATERA UTARA,DELI SERDANG,GUNUNG MERIAH,KUTA BAYU,TPS 1,2019-10-25 11:00:05,129,1,160,130,130,130,0,https://pemilu2019.kpu.go.id/img/c/900/025/900025514/8690-1-C1-PPWP-X1.jpg,https://pemilu2019.kpu.go.id/img/c/900/025/900025514/8690-1-C1-PPWP-X2.jpg
6728868886898696900025520,SUMATERA UTARA,DELI SERDANG,GUNUNG MERIAH,KUTA TENGAH,TPS 1,2019-10-25 11:00:05,90,5,124,96,96,95,1,https://pemilu2019.kpu.go.id/img/c/900/025/900025520/8696-1-C1-PPWP-X1.jpg,https://pemilu2019.kpu.go.id/img/c/900/025/900025520/8696-1-C1-PPWP-X2.jpg
6728868886898700900025524,SUMATERA UTARA,DELI SERDANG,GUNUNG MERIAH,MARJANDI PEMATANG,TPS 1,2019-10-25 11:00:05,165,15,222,183,183,180,3,https://pemilu2019.kpu.go.id/img/c/900/025/900025524/8700-1-C1-PPWP-X1.jpg,https://pemilu2019.kpu.go.id/img/c/900/025/900025524/8700-1-C1-PPWP-X2.jpg
6728868886898701900025525,SUMATERA UTARA,DELI SERDANG,GUNUNG MERIAH,MARJANDI TONGAH,TPS 1,2019-10-25 11:00:05,130,11,180,142,142,141,1,https://pemilu2019.kpu.go.id/img/c/900/025/900025525/1-8701-1-C1-PPWP-X1.jpg,https://pemilu2019.kpu.go.id/img/c/900/025/900025525/1-8701-1-C1-PPWP-X2.jpg
6728868886898697900025521,SUMATERA UTARA,DELI SERDANG,GUNUNG MERIAH,PEKAN GUNUNG MERIAH,TPS 1,2019-10-25 11:00:05,125,24,180,150,150,149,1,https://pemilu2019.kpu.go.id/img/c/900/025/900025521/8697-1-C1-PPWP-X1.jpg,https://pemilu2019.kpu.go.id/img/c/900/025/900025521/8697-1-C1-PPWP-X2.jpg
6728868886898692900025516,SUMATERA UTARA,DELI SERDANG,GUNUNG MERIAH,SIMEMPAR,TPS 1,2019-10-25 11:00:05,80,0,92,80,80,80,0,https://pemilu2019.kpu.go.id/img/c/900/025/900025516/8692-1-C1-PPWP-X1.jpg,https://pemilu2019.kpu.go.id/img/c/900/025/900025516/8692-1-C1-PPWP-X2.jpg
6728868886898699900025523,SUMATERA UTARA,DELI SERDANG,GUNUNG MERIAH,UJUNG MERIAH,TPS 1,2019-10-25 11:00:05,116,29,164,145,145,145,0,https://pemilu2019.kpu.go.id/img/c/900/025/900025523/8699-1-C1-PPWP-X1.jpg,https://pemilu2019.kpu.go.id/img/c/900/025/900025523/8699-1-C1-PPWP-X2.jpg
6728868889919007900028923,SUMATERA UTARA,DELI SERDANG,HAMPARAN PERAK,BULU CINA,TPS 01,2019-10-25 11:00:05,58,138,257,197,197,196,1,https://pemilu2019.kpu.go.id/img/c/900/028/900028923/2-9007-01-C-XXX-X5.jpg,https://pemilu2019.kpu.go.id/img/c/900/028/900028923/2-9007-01-C-XXX-X6.jpg
6728868889919007900028924,SUMATERA UTARA,DELI SERDANG,HAMPARAN PERAK,BULU CINA,TPS 02,2019-10-25 11:00:05,48,145,266,199,199,193,6,https://pemilu2019.kpu.go.id/img/c/900/028/900028924/1-9007-02-C-XXX-X5.jpg,https://pemilu2019.kpu.go.id/img/c/900/028/900028924/1-9007-02-C-XXX-X6.jpg
6728868889919007900028925,SUMATERA UTARA,DELI SERDANG,HAMPARAN PERAK,BULU CINA,TPS 03,2019-10-25 11:00:05,76,141,273,224,224,217,7,https://pemilu2019.kpu.go.id/img/c/900/028/900028925/1-9007-03-C1-PPWP-X1.jpg,https://pemilu2019.kpu.go.id/img/c/900/028/900028925/1-9007-03-C1-PPWP-X2.jpg
6728868889919007900028926,SUMATERA UTARA,DELI SERDANG,HAMPARAN PERAK,BULU CINA,TPS 04,2019-10-25 11:00:05,65,157,251,227,227,222,5,https://pemilu2019.kpu.go.id/img/c/900/028/900028926/1-9007-04-C-XXX-X5.jpg,https://pemilu2019.kpu.go.id/img/c/900/028/900028926/1-9007-04-C-XXX-X6.jpg
6728868889919007900028927,SUMATERA UTARA,DELI SERDANG,HAMPARAN PERAK,BULU CINA,TPS 05,2019-10-25 11:00:05,76,160,278,238,238,236,2,https://pemilu2019.kpu.go.id/img/c/900/028/900028927/1-9007-05-C1-PPWP-X1.jpg,https://pemilu2019.kpu.go.id/img/c/900/028/900028927/1-9007-05-C1-PPWP-X2.jpg
6728868889919007900028928,SUMATERA UTARA,DELI SERDANG,HAMPARAN PERAK,BULU CINA,TPS 06,2019-10-25 11:00:05,55,159,279,215,215,214,1,https://pemilu2019.kpu.go.id/img/c/900/028/900028928/1-9007-06-C-XXX-X5.jpg,https://pemilu2019.kpu.go.id/img/c/900/028/900028928/1-9007-06-C-XXX-X6.jpg
6728868889919007900028929,SUMATERA UTARA,DELI SERDANG,HAMPARAN PERAK,BULU CINA,TPS 07,2019-10-25 11:00:05,38,177,257,217,217,215,2,https://pemilu2019.kpu.go.id/img/c/900/028/900028929/1-9007-07-C-XXX-X5.jpg,https://pemilu2019.kpu.go.id/img/c/900/028/900028929/1-9007-07-C-XXX-X6.jpg
6728868889919007900028930,SUMATERA UTARA,DELI SERDANG,HAMPARAN PERAK,BULU CINA,TPS 08,2019-10-25 11:00:05,36,110,177,151,151,146,5,https://pemilu2019.kpu.go.id/img/c/900/028/900028930/2-9007-08-C1-PPWP-X1.jpg,https://pemilu2019.kpu.go.id/img/c/900/028/900028930/2-9007-08-C1-PPWP-X2.jpg
6728868889919007900028931,SUMATERA UTARA,DELI SERDANG,HAMPARAN PERAK,BULU CINA,TPS 09,2019-10-25 11:00:05,46,176,251,223,223,222,1,https://pemilu2019.kpu.go.id/img/c/900/028/900028931/1-9007-09-C-XXX-X5.jpg,https://pemilu2019.kpu.go.id/img/c/900/028/900028931/1-9007-09-C-XXX-X6.jpg
6728868889919007900028932,SUMATERA UTARA,DELI SERDANG,HAMPARAN PERAK,BULU CINA,TPS 10,2019-10-25 11:00:05,53,124,258,183,183,177,6,https://pemilu2019.kpu.go.id/img/c/900/028/900028932/1-9007-10-C-XXX-X5.jpg,https://pemilu2019.kpu.go.id/img/c/900/028/900028932/1-9007-10-C-XXX-X6.jpg
6728868889919007900028933,SUMATERA UTARA,DELI SERDANG,HAMPARAN PERAK,BULU CINA,TPS 11,2019-10-25 11:00:05,46,108,228,157,157,154,3,https://pemilu2019.kpu.go.id/img/c/900/028/900028933/1-9007-11-C-XXX-X5.jpg,https://pemilu2019.kpu.go.id/img/c/900/028/900028933/1-9007-11-C-XXX-X6.jpg
6728868889919007900028934,SUMATERA UTARA,DELI SERDANG,HAMPARAN PERAK,BULU CINA,TPS 12,2019-10-25 11:00:05,59,162,261,223,223,221,2,https://pemilu2019.kpu.go.id/img/c/900/028/900028934/1-9007-12-C-XXX-X5.jpg,https://pemilu2019.kpu.go.id/img/c/900/028/900028934/1-9007-12-C-XXX-X6.jpg
6728868889919007900028935,SUMATERA UTARA,DELI SERDANG,HAMPARAN PERAK,BULU CINA,TPS 13,2019-10-25 11:00:05,70,140,263,212,212,212,0,https://pemilu2019.kpu.go.id/img/c/900/028/900028935/1-9007-13-C-XXX-X5.jpg,https://pemilu2019.kpu.go.id/img/c/900/028/900028935/1-9007-13-C-XXX-X6.jpg
6728868889919007900028936,SUMATERA UTARA,DELI SERDANG,HAMPARAN PERAK,BULU CINA,TPS 14,2019-10-25 11:00:05,40,95,166,135,135,135,0,https://pemilu2019.kpu.go.id/img/c/900/028/900028936/1-9007-14-C-XXX-X5.jpg,https://pemilu2019.kpu.go.id/img/c/900/028/900028936/1-9007-14-C-XXX-X6.jpg
6728868889919007900028937,SUMATERA UTARA,DELI SERDANG,HAMPARAN PERAK,BULU CINA,TPS 15,2019-10-25 11:00:05,23,173,258,197,197,196,1,https://pemilu2019.kpu.go.id/img/c/900/028/900028937/1-9007-15-C1-PPWP-X1.jpg,https://pemilu2019.kpu.go.id/img/c/900/028/900028937/1-9007-15-C1-PPWP-X2.jpg
6728868889919007900028938,SUMATERA UTARA,DELI SERDANG,HAMPARAN PERAK,BULU CINA,TPS 16,2019-10-25 11:00:05,25,101,166,129,129,126,3,https://pemilu2019.kpu.go.id/img/c/900/028/900028938/1-9007-16-C-XXX-X5.jpg,https://pemilu2019.kpu.go.id/img/c/900/028/900028938/1-9007-16-C-XXX-X6.jpg
6728868889919007900028939,SUMATERA UTARA,DELI SERDANG,HAMPARAN PERAK,BULU CINA,TPS 17,2019-10-25 11:00:05,38,180,254,219,219,218,1,https://pemilu2019.kpu.go.id/img/c/900/028/900028939/1-9007-17-C-XXX-X5.jpg,https://pemilu2019.kpu.go.id/img/c/900/028/900028939/1-9007-17-C-XXX-X6.jpg
6728868889919007900028940,SUMATERA UTARA,DELI SERDANG,HAMPARAN PERAK,BULU CINA,TPS 18,2019-10-25 11:00:05,50,167,289,218,218,217,1,https://pemilu2019.kpu.go.id/img/c/900/028/900028940/1-9007-18-C-XXX-X5.jpg,https://pemilu2019.kpu.go.id/img/c/900/028/900028940/1-9007-18-C-XXX-X6.jpg
6728868889919007900028941,SUMATERA UTARA,DELI SERDANG,HAMPARAN PERAK,BULU CINA,TPS 19,2019-10-25 11:00:05,45,168,0,216,216,213,3,https://pemilu2019.kpu.go.id/img/c/900/028/900028941/1-9007-19-C1-PPWP-X1.jpg,https://pemilu2019.kpu.go.id/img/c/900/028/900028941/1-9007-19-C1-PPWP-X2.jpg
6728868889919007900028942,SUMATERA UTARA,DELI SERDANG,HAMPARAN PERAK,BULU CINA,TPS 20,2019-10-25 11:00:05,46,152,271,203,203,198,5,https://pemilu2019.kpu.go.id/img/c/900/028/900028942/2-9007-20-C-XXX-X5.jpg,https://pemilu2019.kpu.go.id/img/c/900/028/900028942/2-9007-20-C-XXX-X6.jpg
6728868889919007900028943,SUMATERA UTARA,DELI SERDANG,HAMPARAN PERAK,BULU CINA,TPS 21,2019-10-25 11:00:05,49,149,251,204,204,198,6,https://pemilu2019.kpu.go.id/img/c/900/028/900028943/1-9007-21-C1-PPWP-X1.jpg,https://pemilu2019.kpu.go.id/img/c/900/028/900028943/1-9007-21-C1-PPWP-X2.jpg
6728868889919007900028944,SUMATERA UTARA,DELI SERDANG,HAMPARAN PERAK,BULU CINA,TPS 22,2019-10-25 11:00:05,53,139,230,194,194,192,2,https://pemilu2019.kpu.go.id/img/c/900/028/900028944/1-9007-22-C-XXX-X5.jpg,https://pemilu2019.kpu.go.id/img/c/900/028/900028944/1-9007-22-C-XXX-X6.jpg
6728868889919007900028945,SUMATERA UTARA,DELI SERDANG,HAMPARAN PERAK,BULU CINA,TPS 23,2019-10-25 11:00:05,45,177,253,225,225,222,3,https://pemilu2019.kpu.go.id/img/c/900/028/900028945/1-9007-23-C-XXX-X5.jpg,https://pemilu2019.kpu.go.id/img/c/900/028/900028945/1-9007-23-C-XXX-X6.jpg
6728868889919007900028946,SUMATERA UTARA,DELI SERDANG,HAMPARAN PERAK,BULU CINA,TPS 24,2019-10-25 11:00:05,31,166,233,199,199,197,2,https://pemilu2019.kpu.go.id/img/c/900/028/900028946/2-9007-24-C-XXX-X5.jpg,https://pemilu2019.kpu.go.id/img/c/900/028/900028946/2-9007-24-C-XXX-X6.jpg
6728868889919007900028947,SUMATERA UTARA,DELI SERDANG,HAMPARAN PERAK,BULU CINA,TPS 25,2019-10-25 11:00:05,51,150,224,204,204,201,3,https://pemilu2019.kpu.go.id/img/c/900/028/900028947/1-9007-25-C-XXX-X5.jpg,https://pemilu2019.kpu.go.id/img/c/900/028/900028947/1-9007-25-C-XXX-X6.jpg
6728868889919007900028948,SUMATERA UTARA,DELI SERDANG,HAMPARAN PERAK,BULU CINA,TPS 26,2019-10-25 11:00:05,49,126,0,178,178,175,3,https://pemilu2019.kpu.go.id/img/c/900/028/900028948/1-9007-26-C-XXX-X5.jpg,https://pemilu2019.kpu.go.id/img/c/900/028/900028948/1-9007-26-C-XXX-X6.jpg
6728868889919007900028949,SUMATERA UTARA,DELI SERDANG,HAMPARAN PERAK,BULU CINA,TPS 27,2019-10-25 11:00:05,47,159,268,211,211,206,5,https://pemilu2019.kpu.go.id/img/c/900/028/900028949/1-9007-27-C-XXX-X5.jpg,https://pemilu2019.kpu.go.id/img/c/900/028/900028949/1-9007-27-C-XXX-X6.jpg
6728868889919007900028950,SUMATERA UTARA,DELI SERDANG,HAMPARAN PERAK,BULU CINA,TPS 28,2019-10-25 11:00:05,81,128,251,212,212,209,3,https://pemilu2019.kpu.go.id/img/c/900/028/900028950/1-9007-28-C-XXX-X5.jpg,https://pemilu2019.kpu.go.id/img/c/900/028/900028950/1-9007-28-C-XXX-X6.jpg
6728868889919007900028951,SUMATERA UTARA,DELI SERDANG,HAMPARAN PERAK,BULU CINA,TPS 29,2019-10-25 11:00:05,52,182,286,237,237,234,3,https://pemilu2019.kpu.go.id/img/c/900/028/900028951/1-9007-29-C-XXX-X5.jpg,https://pemilu2019.kpu.go.id/img/c/900/028/900028951/1-9007-29-C-XXX-X6.jpg
6728868889919007900028952,SUMATERA UTARA,DELI SERDANG,HAMPARAN PERAK,BULU CINA,TPS 30,2019-10-25 11:00:05,48,158,284,211,211,206,5,https://pemilu2019.kpu.go.id/img/c/900/028/900028952/1-9007-30-C-XXX-X5.jpg,https://pemilu2019.kpu.go.id/img/c/900/028/900028952/1-9007-30-C-XXX-X6.jpg
6728868889919007900028953,SUMATERA UTARA,DELI SERDANG,HAMPARAN PERAK,BULU CINA,TPS 31,2019-10-25 11:00:05,122,154,320,283,283,276,7,https://pemilu2019.kpu.go.id/img/c/900/028/900028953/1-9007-31-C-XXX-X5.jpg,https://pemilu2019.kpu.go.id/img/c/900/028/900028953/1-9007-31-C-XXX-X6.jpg
6728868889919007900028954,SUMATERA UTARA,DELI SERDANG,HAMPARAN PERAK,BULU CINA,TPS 32,2019-10-25 11:00:05,61,154,248,218,218,215,3,https://pemilu2019.kpu.go.id/img/c/900/028/900028954/1-9007-32-C-XXX-X5.jpg,https://pemilu2019.kpu.go.id/img/c/900/028/900028954/1-9007-32-C-XXX-X6.jpg
6728868889919007900028955,SUMATERA UTARA,DELI SERDANG,HAMPARAN PERAK,BULU CINA,TPS 33,2019-10-25 11:00:05,83,138,280,226,226,221,5,https://pemilu2019.kpu.go.id/img/c/900/028/900028955/1-9007-33-C-XXX-X5.jpg,https://pemilu2019.kpu.go.id/img/c/900/028/900028955/1-9007-33-C-XXX-X6.jpg
6728868889919007900028956,SUMATERA UTARA,DELI SERDANG,HAMPARAN PERAK,BULU CINA,TPS 34,2019-10-25 11:00:05,60,161,337,225,225,221,4,https://pemilu2019.kpu.go.id/img/c/900/028/900028956/1-9007-34-C-XXX-X5.jpg,https://pemilu2019.kpu.go.id/img/c/900/028/900028956/1-9007-34-C-XXX-X6.jpg
6728868889919007900028957,SUMATERA UTARA,DELI SERDANG,HAMPARAN PERAK,BULU CINA,TPS 35,2019-10-25 11:00:05,67,182,285,254,254,249,5,https://pemilu2019.kpu.go.id/img/c/900/028/900028957/1-9007-35-C-XXX-X5.jpg,https://pemilu2019.kpu.go.id/img/c/900/028/900028957/1-9007-35-C-XXX-X6.jpg
6728868889919007900028958,SUMATERA UTARA,DELI SERDANG,HAMPARAN PERAK,BULU CINA,TPS 36,2019-10-25 11:00:05,128,82,223,210,228,210,18,https://pemilu2019.kpu.go.id/img/c/900/028/900028958/1-9007-36-C-XXX-X5.jpg,https://pemilu2019.kpu.go.id/img/c/900/028/900028958/1-9007-36-C-XXX-X6.jpg
6728868889919007900028959,SUMATERA UTARA,DELI SERDANG,HAMPARAN PERAK,BULU CINA,TPS 37,2019-10-25 11:00:05,122,76,236,204,204,198,6,https://pemilu2019.kpu.go.id/img/c/900/028/900028959/1-9007-37-C-XXX-X5.jpg,https://pemilu2019.kpu.go.id/img/c/900/028/900028959/1-9007-37-C-XXX-X6.jpg
6728868889919007900028960,SUMATERA UTARA,DELI SERDANG,HAMPARAN PERAK,BULU CINA,TPS 38,2019-10-25 11:00:05,222,3,278,228,228,225,3,https://pemilu2019.kpu.go.id/img/c/900/028/900028960/1-9007-38-C-XXX-X5.jpg,https://pemilu2019.kpu.go.id/img/c/900/028/900028960/1-9007-38-C-XXX-X6.jpg
6728868889919007900028961,SUMATERA UTARA,DELI SERDANG,HAMPARAN PERAK,BULU CINA,TPS 39,2019-10-25 11:00:05,106,48,204,154,154,154,0,https://pemilu2019.kpu.go.id/img/c/900/028/900028961/2-9007-39-C1-PPWP-X1.jpg,https://pemilu2019.kpu.go.id/img/c/900/028/900028961/2-9007-39-C1-PPWP-X2.jpg
6728868889918992900028592,SUMATERA UTARA,DELI SERDANG,HAMPARAN PERAK,HAMPARAN PERAK,TPS 01,2019-10-25 11:00:05,43,239,278,284,284,282,2,https://pemilu2019.kpu.go.id/img/c/900/028/900028592/1-8992-01-C1-PPWP-X1.jpg,https://pemilu2019.kpu.go.id/img/c/900/028/900028592/1-8992-01-C1-PPWP-X2.jpg
6728868889918992900028593,SUMATERA UTARA,DELI SERDANG,HAMPARAN PERAK,HAMPARAN PERAK,TPS 02,2019-10-25 11:00:05,35,162,287,201,201,197,4,https://pemilu2019.kpu.go.id/img/c/900/028/900028593/1-8992-02-C1-PPWP-X1.jpg,https://pemilu2019.kpu.go.id/img/c/900/028/900028593/1-8992-02-C1-PPWP-X2.jpg
6728868889918992900028594,SUMATERA UTARA,DELI SERDANG,HAMPARAN PERAK,HAMPARAN PERAK,TPS 03,2019-10-25 11:00:05,50,206,356,260,260,256,4,https://pemilu2019.kpu.go.id/img/c/900/028/900028594/1-8992-03-C1-PPWP-X1.jpg,https://pemilu2019.kpu.go.id/img/c/900/028/900028594/1-8992-03-C1-PPWP-X2.jpg
6728868889918992900028595,SUMATERA UTARA,DELI SERDANG,HAMPARAN PERAK,HAMPARAN PERAK,TPS 04,2019-10-25 11:00:05,60,203,0,263,263,263,0,https://pemilu2019.kpu.go.id/img/c/900/028/900028595/1-8992-04-C1-PPWP-X1.jpg,https://pemilu2019.kpu.go.id/img/c/900/028/900028595/1-8992-04-C1-PPWP-X2.jpg
6728868889918992900028596,SUMATERA UTARA,DELI SERDANG,HAMPARAN PERAK,HAMPARAN PERAK,TPS 05,2019-10-25 11:00:05,25,233,361,259,259,258,1,https://pemilu2019.kpu.go.id/img/c/900/028/900028596/1-8992-05-C1-PPWP-X1.jpg,https://pemilu2019.kpu.go.id/img/c/900/028/900028596/1-8992-05-C1-PPWP-X2.jpg
6728868889918992900028597,SUMATERA UTARA,DELI SERDANG,HAMPARAN PERAK,HAMPARAN PERAK,TPS 06,2019-10-25 11:00:05,45,230,347,280,280,275,5,https://pemilu2019.kpu.go.id/img/c/900/028/900028597/1-8992-06-C1-PPWP-X1.jpg,https://pemilu2019.kpu.go.id/img/c/900/028/900028597/1-8992-06-C1-PPWP-X2.jpg
6728868889918992900028598,SUMATERA UTARA,DELI SERDANG,HAMPARAN PERAK,HAMPARAN PERAK,TPS 07,2019-10-25 11:00:05,52,210,293,262,262,262,0,https://pemilu2019.kpu.go.id/img/c/900/028/900028598/1-8992-07-C1-PPWP-X1.jpg,https://pemilu2019.kpu.go.id/img/c/900/028/900028598/1-8992-07-C1-PPWP-X2.jpg
6728868889918992900028599,SUMATERA UTARA,DELI SERDANG,HAMPARAN PERAK,HAMPARAN PERAK,TPS 08,2019-10-25 11:00:05,25,198,325,231,231,223,8,https://pemilu2019.kpu.go.id/img/c/900/028/900028599/2-8992-08-C1-PPWP-X1.jpg,https://pemilu2019.kpu.go.id/img/c/900/028/900028599/2-8992-08-C1-PPWP-X2.jpg
6728868889918992900028600,SUMATERA UTARA,DELI SERDANG,HAMPARAN PERAK,HAMPARAN PERAK,TPS 09,2019-10-25 11:00:05,40,210,347,250,250,210,0,https://pemilu2019.kpu.go.id/img/c/900/028/900028600/1-8992-09-C1-PPWP-X1.jpg,https://pemilu2019.kpu.go.id/img/c/900/028/900028600/1-8992-09-C1-PPWP-X2.jpg
6728868889918992900028601,SUMATERA UTARA,DELI SERDANG,HAMPARAN PERAK,HAMPARAN PERAK,TPS 10,2019-10-25 11:00:05,62,164,275,186,257,226,31,https://pemilu2019.kpu.go.id/img/c/900/028/900028601/1-8992-10-C1-PPWP-X1.jpg,https://pemilu2019.kpu.go.id/img/c/900/028/900028601/1-8992-10-C1-PPWP-X2.jpg
6728868889918992900028602,SUMATERA UTARA,DELI SERDANG,HAMPARAN PERAK,HAMPARAN PERAK,TPS 11,2019-10-25 11:00:05,53,192,286,245,245,245,0,https://pemilu2019.kpu.go.id/img/c/900/028/900028602/1-8992-11-C1-PPWP-X1.jpg,https://pemilu2019.kpu.go.id/img/c/900/028/900028602/1-8992-11-C1-PPWP-X2.jpg
6728868889918992900028603,SUMATERA UTARA,DELI SERDANG,HAMPARAN PERAK,HAMPARAN PERAK,TPS 12,2019-10-25 11:00:05,21,201,286,225,225,222,3,https://pemilu2019.kpu.go.id/img/c/900/028/900028603/1-8992-12-C1-PPWP-X1.jpg,https://pemilu2019.kpu.go.id/img/c/900/028/900028603/1-8992-12-C1-PPWP-X2.jpg
6728868889918992900028604,SUMATERA UTARA,DELI SERDANG,HAMPARAN PERAK,HAMPARAN PERAK,TPS 13,2019-10-25 11:00:05,47,165,215,298,215,212,3,https://pemilu2019.kpu.go.id/img/c/900/028/900028604/1-8992-13-C1-PPWP-X1.jpg,https://pemilu2019.kpu.go.id/img/c/900/028/900028604/1-8992-13-C1-PPWP-X2.jpg
6728868889918992900028605,SUMATERA UTARA,DELI SERDANG,HAMPARAN PERAK,HAMPARAN PERAK,TPS 14,2019-10-25 11:00:05,58,163,299,223,223,221,2,https://pemilu2019.kpu.go.id/img/c/900/028/900028605/1-8992-14-C1-PPWP-X1.jpg,https://pemilu2019.kpu.go.id/img/c/900/028/900028605/1-8992-14-C1-PPWP-X2.jpg
6728868889918992900028606,SUMATERA UTARA,DELI SERDANG,HAMPARAN PERAK,HAMPARAN PERAK,TPS 15,2019-10-25 11:00:05,60,158,300,231,231,218,13,https://pemilu2019.kpu.go.id/img/c/900/028/900028606/1-8992-15-C1-PPWP-X1.jpg,https://pemilu2019.kpu.go.id/img/c/900/028/900028606/1-8992-15-C1-PPWP-X2.jpg
6728868889918992900028607,SUMATERA UTARA,DELI SERDANG,HAMPARAN PERAK,HAMPARAN PERAK,TPS 16,2019-10-25 11:00:05,28,187,316,216,216,215,1,https://pemilu2019.kpu.go.id/img/c/900/028/900028607/1-8992-16-C1-PPWP-X1.jpg,https://pemilu2019.kpu.go.id/img/c/900/028/900028607/1-8992-16-C1-PPWP-X2.jpg
6728868889918992900028608,SUMATERA UTARA,DELI SERDANG,HAMPARAN PERAK,HAMPARAN PERAK,TPS 17,2019-10-25 11:00:05,19,145,278,165,165,164,1,https://pemilu2019.kpu.go.id/img/c/900/028/900028608/1-8992-17-C1-PPWP-X1.jpg,https://pemilu2019.kpu.go.id/img/c/900/028/900028608/1-8992-17-C1-PPWP-X2.jpg
6728868889918992900028609,SUMATERA UTARA,DELI SERDANG,HAMPARAN PERAK,HAMPARAN PERAK,TPS 18,2019-10-25 11:00:05,15,204,318,224,224,219,5,https://pemilu2019.kpu.go.id/img/c/900/028/900028609/1-8992-18-C1-PPWP-X1.jpg,https://pemilu2019.kpu.go.id/img/c/900/028/900028609/1-8992-18-C1-PPWP-X2.jpg
6728868889918992900028610,SUMATERA UTARA,DELI SERDANG,HAMPARAN PERAK,HAMPARAN PERAK,TPS 19,2019-10-25 11:00:05,47,181,318,231,231,228,3,https://pemilu2019.kpu.go.id/img/c/900/028/900028610/1-8992-19-C1-PPWP-X1.jpg,https://pemilu2019.kpu.go.id/img/c/900/028/900028610/1-8992-19-C1-PPWP-X2.jpg
6728868889918992900028611,SUMATERA UTARA,DELI SERDANG,HAMPARAN PERAK,HAMPARAN PERAK,TPS 20,2019-10-25 11:00:05,127,76,250,206,206,203,3,https://pemilu2019.kpu.go.id/img/c/900/028/900028611/1-8992-20-C1-PPWP-X1.jpg,https://pemilu2019.kpu.go.id/img/c/900/028/900028611/1-8992-20-C1-PPWP-X2.jpg
6728868889918992900028612,SUMATERA UTARA,DELI SERDANG,HAMPARAN PERAK,HAMPARAN PERAK,TPS 21,2019-10-25 11:00:05,57,170,296,230,230,227,3,https://pemilu2019.kpu.go.id/img/c/900/028/900028612/1-8992-21-C1-PPWP-X1.jpg,https://pemilu2019.kpu.go.id/img/c/900/028/900028612/1-8992-21-C1-PPWP-X2.jpg
6728868889918992900028613,SUMATERA UTARA,DELI SERDANG,HAMPARAN PERAK,HAMPARAN PERAK,TPS 22,2019-10-25 11:00:05,42,141,266,83,183,183,0,https://pemilu2019.kpu.go.id/img/c/900/028/900028613/1-8992-22-C1-PPWP-X1.jpg,https://pemilu2019.kpu.go.id/img/c/900/028/900028613/1-8992-22-C1-PPWP-X2.jpg
6728868889918992900028614,SUMATERA UTARA,DELI SERDANG,HAMPARAN PERAK,HAMPARAN PERAK,TPS 23,2019-10-25 11:00:05,23,220,286,248,248,243,5,https://pemilu2019.kpu.go.id/img/c/900/028/900028614/1-8992-23-C1-PPWP-X1.jpg,https://pemilu2019.kpu.go.id/img/c/900/028/900028614/1-8992-23-C1-PPWP-X2.jpg
6728868889918992900028615,SUMATERA UTARA,DELI SERDANG,HAMPARAN PERAK,HAMPARAN PERAK,TPS 24,2019-10-25 11:00:05,48,169,273,220,220,217,3,https://pemilu2019.kpu.go.id/img/c/900/028/900028615/1-8992-24-C1-PPWP-X1.jpg,https://pemilu2019.kpu.go.id/img/c/900/028/900028615/1-8992-24-C1-PPWP-X2.jpg
6728868889918992900028616,SUMATERA UTARA,DELI SERDANG,HAMPARAN PERAK,HAMPARAN PERAK,TPS 25,2019-10-25 11:00:05,53,144,276,202,202,197,5,https://pemilu2019.kpu.go.id/img/c/900/028/900028616/1-8992-25-C1-PPWP-X1.jpg,https://pemilu2019.kpu.go.id/img/c/900/028/900028616/1-8992-25-C1-PPWP-X2.jpg
6728868889918992900028617,SUMATERA UTARA,DELI SERDANG,HAMPARAN PERAK,HAMPARAN PERAK,TPS 26,2019-10-25 11:00:05,55,163,326,222,222,218,4,https://pemilu2019.kpu.go.id/img/c/900/028/900028617/1-8992-26-C1-PPWP-X1.jpg,https://pemilu2019.kpu.go.id/img/c/900/028/900028617/1-8992-26-C1-PPWP-X2.jpg
6728868889918992900028618,SUMATERA UTARA,DELI SERDANG,HAMPARAN PERAK,HAMPARAN PERAK,TPS 27,2019-10-25 11:00:05,19,99,163,118,118,118,0,https://pemilu2019.kpu.go.id/img/c/900/028/900028618/1-8992-27-C1-PPWP-X1.jpg,https://pemilu2019.kpu.go.id/img/c/900/028/900028618/1-8992-27-C1-PPWP-X2.jpg
6728868889918992900028619,SUMATERA UTARA,DELI SERDANG,HAMPARAN PERAK,HAMPARAN PERAK,TPS 28,2019-10-25 11:00:05,48,158,286,208,208,206,2,https://pemilu2019.kpu.go.id/img/c/900/028/900028619/1-8992-28-C1-PPWP-X1.jpg,https://pemilu2019.kpu.go.id/img/c/900/028/900028619/1-8992-28-C1-PPWP-X2.jpg
6728868889918992900028620,SUMATERA UTARA,DELI SERDANG,HAMPARAN PERAK,HAMPARAN PERAK,TPS 29,2019-10-25 11:00:05,39,106,217,148,148,145,3,https://pemilu2019.kpu.go.id/img/c/900/028/900028620/1-8992-29-C1-PPWP-X1.jpg,https://pemilu2019.kpu.go.id/img/c/900/028/900028620/1-8992-29-C1-PPWP-X2.jpg
6728868889918992900028621,SUMATERA UTARA,DELI SERDANG,HAMPARAN PERAK,HAMPARAN PERAK,TPS 30,2019-10-25 11:00:05,81,65,202,146,146,146,0,https://pemilu2019.kpu.go.id/img/c/900/028/900028621/1-8992-30-C1-PPWP-X1.jpg,https://pemilu2019.kpu.go.id/img/c/900/028/900028621/1-8992-30-C1-PPWP-X2.jpg
6728868889918992900028622,SUMATERA UTARA,DELI SERDANG,HAMPARAN PERAK,HAMPARAN PERAK,TPS 31,2019-10-25 11:00:05,35,140,288,180,180,175,5,https://pemilu2019.kpu.go.id/img/c/900/028/900028622/1-8992-31-C1-PPWP-X1.jpg,https://pemilu2019.kpu.go.id/img/c/900/028/900028622/1-8992-31-C1-PPWP-X2.jpg
6728868889918992900028623,SUMATERA UTARA,DELI SERDANG,HAMPARAN PERAK,HAMPARAN PERAK,TPS 32,2019-10-25 11:00:05,41,176,306,218,218,217,1,https://pemilu2019.kpu.go.id/img/c/900/028/900028623/1-8992-32-C1-PPWP-X1.jpg,https://pemilu2019.kpu.go.id/img/c/900/028/900028623/1-8992-32-C1-PPWP-X2.jpg
6728868889919000900028747,SUMATERA UTARA,DELI SERDANG,HAMPARAN PERAK,KELAMBIR V KEBUN,TPS 01,2019-10-25 11:00:05,41,166,275,209,209,207,2,https://pemilu2019.kpu.go.id/img/c/900/028/900028747/3-9000-01-C-XXX-X5.jpg,https://pemilu2019.kpu.go.id/img/c/900/028/900028747/3-9000-01-C-XXX-X6.jpg
6728868889919000900028748,SUMATERA UTARA,DELI SERDANG,HAMPARAN PERAK,KELAMBIR V KEBUN,TPS 02,2019-10-25 11:00:05,52,172,224,224,224,224,0,https://pemilu2019.kpu.go.id/img/c/900/028/900028748/4-9000-02-C1-PPWP-X1.jpg,https://pemilu2019.kpu.go.id/img/c/900/028/900028748/4-9000-02-C1-PPWP-X2.jpg
6728868889919000900028749,SUMATERA UTARA,DELI SERDANG,HAMPARAN PERAK,KELAMBIR V KEBUN,TPS 03,2019-10-25 11:00:05,64,146,288,215,215,210,5,https://pemilu2019.kpu.go.id/img/c/900/028/900028749/2-9000-03-C1-PPWP-X1.jpg,https://pemilu2019.kpu.go.id/img/c/900/028/900028749/2-9000-03-C1-PPWP-X2.jpg
6728868889919000900028750,SUMATERA UTARA,DELI SERDANG,HAMPARAN PERAK,KELAMBIR V KEBUN,TPS 04,2019-10-25 11:00:05,51,197,321,250,250,248,2,https://pemilu2019.kpu.go.id/img/c/900/028/900028750/3-9000-04-C1-PPWP-X1.jpg,https://pemilu2019.kpu.go.id/img/c/900/028/900028750/3-9000-04-C1-PPWP-X2.jpg
6728868889919000900028751,SUMATERA UTARA,DELI SERDANG,HAMPARAN PERAK,KELAMBIR V KEBUN,TPS 05,2019-10-25 11:00:05,40,161,291,206,206,201,5,https://pemilu2019.kpu.go.id/img/c/900/028/900028751/4-9000-05-C1-PPWP-X1.jpg,https://pemilu2019.kpu.go.id/img/c/900/028/900028751/4-9000-05-C1-PPWP-X2.jpg
6728868889919000900028752,SUMATERA UTARA,DELI SERDANG,HAMPARAN PERAK,KELAMBIR V KEBUN,TPS 06,2019-10-25 11:00:05,72,167,309,240,240,239,1,https://pemilu2019.kpu.go.id/img/c/900/028/900028752/4-9000-06-C-XXX-X5.jpg,https://pemilu2019.kpu.go.id/img/c/900/028/900028752/4-9000-06-C-XXX-X6.jpg
6728868889919000900028753,SUMATERA UTARA,DELI SERDANG,HAMPARAN PERAK,KELAMBIR V KEBUN,TPS 07,2019-10-25 11:00:05,64,169,312,233,233,233,0,https://pemilu2019.kpu.go.id/img/c/900/028/900028753/4-9000-07-C-XXX-X5.jpg,https://pemilu2019.kpu.go.id/img/c/900/028/900028753/4-9000-07-C-XXX-X6.jpg
6728868889919000900028754,SUMATERA UTARA,DELI SERDANG,HAMPARAN PERAK,KELAMBIR V KEBUN,TPS 08,2019-10-25 11:00:05,81,188,320,271,271,269,2,https://pemilu2019.kpu.go.id/img/c/900/028/900028754/4-9000-08-C-XXX-X5.jpg,https://pemilu2019.kpu.go.id/img/c/900/028/900028754/4-9000-08-C-XXX-X6.jpg
6728868889919000900028755,SUMATERA UTARA,DELI SERDANG,HAMPARAN PERAK,KELAMBIR V KEBUN,TPS 09,2019-10-25 11:00:05,63,91,279,159,159,154,5,https://pemilu2019.kpu.go.id/img/c/900/028/900028755/2-9000-09-C-XXX-X5.jpg,https://pemilu2019.kpu.go.id/img/c/900/028/900028755/2-9000-09-C-XXX-X6.jpg
6728868889919000900028756,SUMATERA UTARA,DELI SERDANG,HAMPARAN PERAK,KELAMBIR V KEBUN,TPS 10,2019-10-25 11:00:05,71,159,297,236,236,230,6,https://pemilu2019.kpu.go.id/img/c/900/028/900028756/2-9000-10-C-XXX-X5.jpg,https://pemilu2019.kpu.go.id/img/c/900/028/900028756/2-9000-10-C-XXX-X6.jpg
6728868889919000900028757,SUMATERA UTARA,DELI SERDANG,HAMPARAN PERAK,KELAMBIR V KEBUN,TPS 11,2019-10-25 11:00:05,54,161,303,218,218,215,3,https://pemilu2019.kpu.go.id/img/c/900/028/900028757/4-9000-11-C-XXX-X5.jpg,https://pemilu2019.kpu.go.id/img/c/900/028/900028757/4-9000-11-C-XXX-X6.jpg
6728868889919000900028758,SUMATERA UTARA,DELI SERDANG,HAMPARAN PERAK,KELAMBIR V KEBUN,TPS 12,2019-10-25 11:00:05,69,197,312,268,268,266,2,https://pemilu2019.kpu.go.id/img/c/900/028/900028758/5-9000-12-C1-PPWP-X1.jpg,https://pemilu2019.kpu.go.id/img/c/900/028/900028758/5-9000-12-C1-PPWP-X2.jpg
6728868889919000900028759,SUMATERA UTARA,DELI SERDANG,HAMPARAN PERAK,KELAMBIR V KEBUN,TPS 13,2019-10-25 11:00:05,70,161,315,233,233,231,2,https://pemilu2019.kpu.go.id/img/c/900/028/900028759/5-9000-13-C1-PPWP-X1.jpg,https://pemilu2019.kpu.go.id/img/c/900/028/900028759/5-9000-13-C1-PPWP-X2.jpg
6728868889919000900028760,SUMATERA UTARA,DELI SERDANG,HAMPARAN PERAK,KELAMBIR V KEBUN,TPS 14,2019-10-25 11:00:05,83,173,317,257,257,256,1,https://pemilu2019.kpu.go.id/img/c/900/028/900028760/5-9000-14-C-XXX-X5.jpg,https://pemilu2019.kpu.go.id/img/c/900/028/900028760/5-9000-14-C-XXX-X6.jpg
6728868889919000900028761,SUMATERA UTARA,DELI SERDANG,HAMPARAN PERAK,KELAMBIR V KEBUN,TPS 15,2019-10-25 11:00:05,70,181,306,256,256,251,5,https://pemilu2019.kpu.go.id/img/c/900/028/900028761/2-9000-15-C-XXX-X5.jpg,https://pemilu2019.kpu.go.id/img/c/900/028/900028761/2-9000-15-C-XXX-X6.jpg
6728868889919000900028762,SUMATERA UTARA,DELI SERDANG,HAMPARAN PERAK,KELAMBIR V KEBUN,TPS 16,2019-10-25 11:00:05,49,128,243,177,177,177,0,https://pemilu2019.kpu.go.id/img/c/900/028/900028762/2-9000-16-C1-PPWP-X1.jpg,https://pemilu2019.kpu.go.id/img/c/900/028/900028762/2-9000-16-C1-PPWP-X2.jpg
6728868889919000900028763,SUMATERA UTARA,DELI SERDANG,HAMPARAN PERAK,KELAMBIR V KEBUN,TPS 17,2019-10-25 11:00:05,58,179,269,241,241,237,4,https://pemilu2019.kpu.go.id/img/c/900/028/900028763/2-9000-17-C-XXX-X5.jpg,https://pemilu2019.kpu.go.id/img/c/900/028/900028763/2-9000-17-C-XXX-X6.jpg
6728868889919000900028764,SUMATERA UTARA,DELI SERDANG,HAMPARAN PERAK,KELAMBIR V KEBUN,TPS 18,2019-10-25 11:00:05,72,174,294,249,249,246,0,https://pemilu2019.kpu.go.id/img/c/900/028/900028764/5-9000-18-C-XXX-X5.jpg,https://pemilu2019.kpu.go.id/img/c/900/028/900028764/5-9000-18-C-XXX-X6.jpg
6728868889919000900028765,SUMATERA UTARA,DELI SERDANG,HAMPARAN PERAK,KELAMBIR V KEBUN,TPS 19,2019-10-25 11:00:05,0,0,321,238,0,0,0,https://pemilu2019.kpu.go.id/img/c/900/028/900028765/5-9000-19-C-XXX-X5.jpg,https://pemilu2019.kpu.go.id/img/c/900/028/900028765/5-9000-19-C-XXX-X6.jpg
6728868889919000900028766,SUMATERA UTARA,DELI SERDANG,HAMPARAN PERAK,KELAMBIR V KEBUN,TPS 20,2019-10-25 11:00:05,56,167,284,225,225,223,2,https://pemilu2019.kpu.go.id/img/c/900/028/900028766/4-9000-20-C-XXX-X5.jpg,https://pemilu2019.kpu.go.id/img/c/900/028/900028766/4-9000-20-C-XXX-X6.jpg
6728868889919000900028767,SUMATERA UTARA,DELI SERDANG,HAMPARAN PERAK,KELAMBIR V KEBUN,TPS 21,2019-10-25 11:00:05,51,191,307,246,246,242,4,https://pemilu2019.kpu.go.id/img/c/900/028/900028767/2-9000-21-C-XXX-X5.jpg,https://pemilu2019.kpu.go.id/img/c/900/028/900028767/2-9000-21-C-XXX-X6.jpg
6728868889919000900028768,SUMATERA UTARA,DELI SERDANG,HAMPARAN PERAK,KELAMBIR V KEBUN,TPS 22,2019-10-25 11:00:05,54,180,311,236,236,234,2,https://pemilu2019.kpu.go.id/img/c/900/028/900028768/1-9000-22-C1-PPWP-X1.jpg,https://pemilu2019.kpu.go.id/img/c/900/028/900028768/1-9000-22-C1-PPWP-X2.jpg
6728868889919000900028769,SUMATERA UTARA,DELI SERDANG,HAMPARAN PERAK,KELAMBIR V KEBUN,TPS 23,2019-10-25 11:00:05,70,175,294,246,246,245,1,https://pemilu2019.kpu.go.id/img/c/900/028/900028769/1-9000-23-C-XXX-X5.jpg,https://pemilu2019.kpu.go.id/img/c/900/028/900028769/1-9000-23-C-XXX-X6.jpg
6728868889919000900028770,SUMATERA UTARA,DELI SERDANG,HAMPARAN PERAK,KELAMBIR V KEBUN,TPS 24,2019-10-25 11:00:05,67,173,313,245,245,240,5,https://pemilu2019.kpu.go.id/img/c/900/028/900028770/1-9000-24-C1-PPWP-X1.jpg,https://pemilu2019.kpu.go.id/img/c/900/028/900028770/1-9000-24-C1-PPWP-X2.jpg
6728868889919000900028771,SUMATERA UTARA,DELI SERDANG,HAMPARAN PERAK,KELAMBIR V KEBUN,TPS 25,2019-10-25 11:00:05,51,234,330,288,288,285,3,https://pemilu2019.kpu.go.id/img/c/900/028/900028771/1-9000-25-C1-PPWP-X1.jpg,https://pemilu2019.kpu.go.id/img/c/900/028/900028771/1-9000-25-C1-PPWP-X2.jpg
6728868889919000900028772,SUMATERA UTARA,DELI SERDANG,HAMPARAN PERAK,KELAMBIR V KEBUN,TPS 26,2019-10-25 11:00:05,66,159,300,228,228,225,3,https://pemilu2019.kpu.go.id/img/c/900/028/900028772/2-9000-26-C-XXX-X5.jpg,https://pemilu2019.kpu.go.id/img/c/900/028/900028772/2-9000-26-C-XXX-X6.jpg
6728868889919000900028773,SUMATERA UTARA,DELI SERDANG,HAMPARAN PERAK,KELAMBIR V KEBUN,TPS 27,2019-10-25 11:00:05,86,124,287,218,218,210,8,https://pemilu2019.kpu.go.id/img/c/900/028/900028773/2-9000-27-C-XXX-X5.jpg,https://pemilu2019.kpu.go.id/img/c/900/028/900028773/2-9000-27-C-XXX-X6.jpg
6728868889919000900028774,SUMATERA UTARA,DELI SERDANG,HAMPARAN PERAK,KELAMBIR V KEBUN,TPS 28,2019-10-25 11:00:05,146,121,328,270,270,267,3,https://pemilu2019.kpu.go.id/img/c/900/028/900028774/2-9000-28-C1-PPWP-X1.jpg,https://pemilu2019.kpu.go.id/img/c/900/028/900028774/2-9000-28-C1-PPWP-X2.jpg
6728868889919000900028775,SUMATERA UTARA,DELI SERDANG,HAMPARAN PERAK,KELAMBIR V KEBUN,TPS 29,2019-10-25 11:00:05,93,110,304,208,208,203,5,https://pemilu2019.kpu.go.id/img/c/900/028/900028775/1-9000-29-C-XXX-X5.jpg,https://pemilu2019.kpu.go.id/img/c/900/028/900028775/1-9000-29-C-XXX-X6.jpg
6728868889919000900028776,SUMATERA UTARA,DELI SERDANG,HAMPARAN PERAK,KELAMBIR V KEBUN,TPS 30,2019-10-25 11:00:05,77,188,317,270,270,265,5,https://pemilu2019.kpu.go.id/img/c/900/028/900028776/2-9000-30-C-XXX-X5.jpg,https://pemilu2019.kpu.go.id/img/c/900/028/900028776/2-9000-30-C-XXX-X6.jpg
6728868889919000900028777,SUMATERA UTARA,DELI SERDANG,HAMPARAN PERAK,KELAMBIR V KEBUN,TPS 31,2019-10-25 11:00:05,103,105,297,212,212,208,4,https://pemilu2019.kpu.go.id/img/c/900/028/900028777/1-9000-31-C1-PPWP-X1.jpg,https://pemilu2019.kpu.go.id/img/c/900/028/900028777/1-9000-31-C1-PPWP-X2.jpg
6728868889919000900028778,SUMATERA UTARA,DELI SERDANG,HAMPARAN PERAK,KELAMBIR V KEBUN,TPS 32,2019-10-25 11:00:05,82,121,288,205,205,203,2,https://pemilu2019.kpu.go.id/img/c/900/028/900028778/1-9000-32-C-XXX-X5.jpg,https://pemilu2019.kpu.go.id/img/c/900/028/900028778/1-9000-32-C-XXX-X6.jpg
6728868889919000900028779,SUMATERA UTARA,DELI SERDANG,HAMPARAN PERAK,KELAMBIR V KEBUN,TPS 33,2019-10-25 11:00:05,69,179,353,251,251,248,3,https://pemilu2019.kpu.go.id/img/c/900/028/900028779/1-9000-33-C-XXX-X5.jpg,https://pemilu2019.kpu.go.id/img/c/900/028/900028779/1-9000-33-C-XXX-X6.jpg
6728868889919000900028780,SUMATERA UTARA,DELI SERDANG,HAMPARAN PERAK,KELAMBIR V KEBUN,TPS 34,2019-10-25 11:00:05,63,142,286,207,207,205,2,https://pemilu2019.kpu.go.id/img/c/900/028/900028780/1-9000-34-C-XXX-X5.jpg,https://pemilu2019.kpu.go.id/img/c/900/028/900028780/1-9000-34-C-XXX-X6.jpg
6728868889919000900028781,SUMATERA UTARA,DELI SERDANG,HAMPARAN PERAK,KELAMBIR V KEBUN,TPS 35,2019-10-25 11:00:05,67,141,312,212,212,208,4,https://pemilu2019.kpu.go.id/img/c/900/028/900028781/1-9000-35-C-XXX-X5.jpg,https://pemilu2019.kpu.go.id/img/c/900/028/900028781/1-9000-35-C-XXX-X6.jpg
6728868889919000900028782,SUMATERA UTARA,DELI SERDANG,HAMPARAN PERAK,KELAMBIR V KEBUN,TPS 36,2019-10-25 11:00:05,68,130,306,199,199,198,1,https://pemilu2019.kpu.go.id/img/c/900/028/900028782/1-9000-36-C-XXX-X5.jpg,https://pemilu2019.kpu.go.id/img/c/900/028/900028782/1-9000-36-C-XXX-X6.jpg
6728868889919000900028783,SUMATERA UTARA,DELI SERDANG,HAMPARAN PERAK,KELAMBIR V KEBUN,TPS 37,2019-10-25 11:00:05,109,119,294,228,228,228,0,https://pemilu2019.kpu.go.id/img/c/900/028/900028783/1-9000-37-C-XXX-X5.jpg,https://pemilu2019.kpu.go.id/img/c/900/028/900028783/1-9000-37-C-XXX-X6.jpg
6728868889919000900028784,SUMATERA UTARA,DELI SERDANG,HAMPARAN PERAK,KELAMBIR V KEBUN,TPS 38,2019-10-25 11:00:05,99,65,309,165,165,164,1,https://pemilu2019.kpu.go.id/img/c/900/028/900028784/1-9000-38-C-XXX-X5.jpg,https://pemilu2019.kpu.go.id/img/c/900/028/900028784/1-9000-38-C-XXX-X6.jpg
6728868889919000900028785,SUMATERA UTARA,DELI SERDANG,HAMPARAN PERAK,KELAMBIR V KEBUN,TPS 39,2019-10-25 11:00:05,103,116,288,221,221,219,2,https://pemilu2019.kpu.go.id/img/c/900/028/900028785/1-9000-39-C-XXX-X5.jpg,https://pemilu2019.kpu.go.id/img/c/900/028/900028785/1-9000-39-C-XXX-X6.jpg
6728868889919000900028786,SUMATERA UTARA,DELI SERDANG,HAMPARAN PERAK,KELAMBIR V KEBUN,TPS 40,2019-10-25 11:00:05,127,93,292,220,220,220,0,https://pemilu2019.kpu.go.id/img/c/900/028/900028786/1-9000-40-C-XXX-X5.jpg,https://pemilu2019.kpu.go.id/img/c/900/028/900028786/1-9000-40-C-XXX-X6.jpg
6728868889919000900028787,SUMATERA UTARA,DELI SERDANG,HAMPARAN PERAK,KELAMBIR V KEBUN,TPS 41,2019-10-25 11:00:05,56,116,277,173,173,172,1,https://pemilu2019.kpu.go.id/img/c/900/028/900028787/1-9000-41-C1-PPWP-X1.jpg,https://pemilu2019.kpu.go.id/img/c/900/028/900028787/1-9000-41-C1-PPWP-X2.jpg
6728868889919000900028788,SUMATERA UTARA,DELI SERDANG,HAMPARAN PERAK,KELAMBIR V KEBUN,TPS 42,2019-10-25 11:00:05,122,93,317,215,215,215,0,https://pemilu2019.kpu.go.id/img/c/900/028/900028788/1-9000-42-C-XXX-X5.jpg,https://pemilu2019.kpu.go.id/img/c/900/028/900028788/1-9000-42-C-XXX-X6.jpg
6728868889919000900028789,SUMATERA UTARA,DELI SERDANG,HAMPARAN PERAK,KELAMBIR V KEBUN,TPS 43,2019-10-25 11:00:05,81,151,314,234,234,232,2,https://pemilu2019.kpu.go.id/img/c/900/028/900028789/1-9000-43-C-XXX-X5.jpg,https://pemilu2019.kpu.go.id/img/c/900/028/900028789/1-9000-43-C-XXX-X6.jpg
6728868889919000900028790,SUMATERA UTARA,DELI SERDANG,HAMPARAN PERAK,KELAMBIR V KEBUN,TPS 44,2019-10-25 11:00:05,113,104,315,217,217,217,0,https://pemilu2019.kpu.go.id/img/c/900/028/900028790/1-9000-44-C-XXX-X5.jpg,https://pemilu2019.kpu.go.id/img/c/900/028/900028790/1-9000-44-C-XXX-X6.jpg
6728868889919000900028791,SUMATERA UTARA,DELI SERDANG,HAMPARAN PERAK,KELAMBIR V KEBUN,TPS 45,2019-10-25 11:00:05,75,181,303,257,257,256,1,https://pemilu2019.kpu.go.id/img/c/900/028/900028791/1-9000-45-C1-PPWP-X3.jpg,https://pemilu2019.kpu.go.id/img/c/900/028/900028791/1-9000-45-C1-PPWP-X4.jpg
6728868889919000900028792,SUMATERA UTARA,DELI SERDANG,HAMPARAN PERAK,KELAMBIR V KEBUN,TPS 46,2019-10-25 11:00:05,21,75,163,97,97,96,1,https://pemilu2019.kpu.go.id/img/c/900/028/900028792/1-9000-46-C-XXX-X5.jpg,https://pemilu2019.kpu.go.id/img/c/900/028/900028792/1-9000-46-C-XXX-X6.jpg
6728868889919000900028793,SUMATERA UTARA,DELI SERDANG,HAMPARAN PERAK,KELAMBIR V KEBUN,TPS 47,2019-10-25 11:00:05,84,63,289,148,148,147,1,https://pemilu2019.kpu.go.id/img/c/900/028/900028793/1-9000-47-C-XXX-X5.jpg,https://pemilu2019.kpu.go.id/img/c/900/028/900028793/1-9000-47-C-XXX-X6.jpg
6728868889919000900028794,SUMATERA UTARA,DELI SERDANG,HAMPARAN PERAK,KELAMBIR V KEBUN,TPS 48,2019-10-25 11:00:05,81,61,224,143,143,142,1,https://pemilu2019.kpu.go.id/img/c/900/028/900028794/1-9000-48-C1-PPWP-X1.jpg,https://pemilu2019.kpu.go.id/img/c/900/028/900028794/1-9000-48-C1-PPWP-X2.jpg
6728868889918998900028721,SUMATERA UTARA,DELI SERDANG,HAMPARAN PERAK,KLAMBIR,TPS 01,2019-10-25 11:00:05,55,175,279,238,238,230,8,https://pemilu2019.kpu.go.id/img/c/900/028/900028721/1-8998-01-C-XXX-X5.jpg,https://pemilu2019.kpu.go.id/img/c/900/028/900028721/1-8998-01-C-XXX-X6.jpg
6728868889918998900028722,SUMATERA UTARA,DELI SERDANG,HAMPARAN PERAK,KLAMBIR,TPS 02,2019-10-25 11:00:05,35,177,265,214,214,212,2,https://pemilu2019.kpu.go.id/img/c/900/028/900028722/2-8998-02-C-XXX-X5.jpg,https://pemilu2019.kpu.go.id/img/c/900/028/900028722/2-8998-02-C-XXX-X6.jpg
6728868889918998900028723,SUMATERA UTARA,DELI SERDANG,HAMPARAN PERAK,KLAMBIR,TPS 03,2019-10-25 11:00:05,19,195,267,216,216,214,2,https://pemilu2019.kpu.go.id/img/c/900/028/900028723/1-8998-03-C-XXX-X5.jpg,https://pemilu2019.kpu.go.id/img/c/900/028/900028723/1-8998-03-C-XXX-X6.jpg
6728868889918998900028724,SUMATERA UTARA,DELI SERDANG,HAMPARAN PERAK,KLAMBIR,TPS 04,2019-10-25 11:00:05,29,165,276,198,198,194,4,https://pemilu2019.kpu.go.id/img/c/900/028/900028724/1-8998-04-C1-PPWP-X1.jpg,https://pemilu2019.kpu.go.id/img/c/900/028/900028724/1-8998-04-C1-PPWP-X2.jpg
6728868889918998900028725,SUMATERA UTARA,DELI SERDANG,HAMPARAN PERAK,KLAMBIR,TPS 05,2019-10-25 11:00:05,24,178,202,202,202,202,0,https://pemilu2019.kpu.go.id/img/c/900/028/900028725/1-8998-05-C-XXX-X5.jpg,https://pemilu2019.kpu.go.id/img/c/900/028/900028725/1-8998-05-C-XXX-X6.jpg
6728868889918998900028726,SUMATERA UTARA,DELI SERDANG,HAMPARAN PERAK,KLAMBIR,TPS 06,2019-10-25 11:00:05,32,163,250,197,185,195,2,https://pemilu2019.kpu.go.id/img/c/900/028/900028726/2-8998-06-C1-PPWP-X1.jpg,https://pemilu2019.kpu.go.id/img/c/900/028/900028726/2-8998-06-C1-PPWP-X2.jpg
6728868889918998900028727,SUMATERA UTARA,DELI SERDANG,HAMPARAN PERAK,KLAMBIR,TPS 07,2019-10-25 11:00:05,31,152,269,185,185,183,2,https://pemilu2019.kpu.go.id/img/c/900/028/900028727/1-8998-07-C1-PPWP-X1.jpg,https://pemilu2019.kpu.go.id/img/c/900/028/900028727/1-8998-07-C1-PPWP-X2.jpg
6728868889918998900028728,SUMATERA UTARA,DELI SERDANG,HAMPARAN PERAK,KLAMBIR,TPS 08,2019-10-25 11:00:05,37,156,264,195,195,193,2,https://pemilu2019.kpu.go.id/img/c/900/028/900028728/1-8998-08-C1-PPWP-X1.jpg,https://pemilu2019.kpu.go.id/img/c/900/028/900028728/1-8998-08-C1-PPWP-X2.jpg
6728868889918998900028729,SUMATERA UTARA,DELI SERDANG,HAMPARAN PERAK,KLAMBIR,TPS 09,2019-10-25 11:00:05,37,171,250,210,210,208,2,https://pemilu2019.kpu.go.id/img/c/900/028/900028729/1-8998-09-C-XXX-X5.jpg,https://pemilu2019.kpu.go.id/img/c/900/028/900028729/1-8998-09-C-XXX-X6.jpg
6728868889918998900028730,SUMATERA UTARA,DELI SERDANG,HAMPARAN PERAK,KLAMBIR,TPS 10,2019-10-25 11:00:05,27,180,250,208,208,207,1,https://pemilu2019.kpu.go.id/img/c/900/028/900028730/1-8998-10-C1-PPWP-X1.jpg,https://pemilu2019.kpu.go.id/img/c/900/028/900028730/1-8998-10-C1-PPWP-X2.jpg
6728868889918998900028731,SUMATERA UTARA,DELI SERDANG,HAMPARAN PERAK,KLAMBIR,TPS 11,2019-10-25 11:00:05,34,155,241,189,189,189,0,https://pemilu2019.kpu.go.id/img/c/900/028/900028731/1-8998-11-C-XXX-X5.jpg,https://pemilu2019.kpu.go.id/img/c/900/028/900028731/1-8998-11-C-XXX-X6.jpg
6728868889918998900028732,SUMATERA UTARA,DELI SERDANG,HAMPARAN PERAK,KLAMBIR,TPS 12,2019-10-25 11:00:05,28,141,281,170,171,169,2,https://pemilu2019.kpu.go.id/img/c/900/028/900028732/1-8998-12-C1-PPWP-X1.jpg,https://pemilu2019.kpu.go.id/img/c/900/028/900028732/1-8998-12-C1-PPWP-X2.jpg
6728868889918998900028733,SUMATERA UTARA,DELI SERDANG,HAMPARAN PERAK,KLAMBIR,TPS 13,2019-10-25 11:00:05,28,151,274,181,181,179,2,https://pemilu2019.kpu.go.id/img/c/900/028/900028733/1-8998-13-C1-PPWP-X1.jpg,https://pemilu2019.kpu.go.id/img/c/900/028/900028733/1-8998-13-C1-PPWP-X2.jpg
6728868889918998900028734,SUMATERA UTARA,DELI SERDANG,HAMPARAN PERAK,KLAMBIR,TPS 14,2019-10-25 11:00:05,23,82,237,107,107,105,2,https://pemilu2019.kpu.go.id/img/c/900/028/900028734/1-8998-14-C-XXX-X5.jpg,https://pemilu2019.kpu.go.id/img/c/900/028/900028734/1-8998-14-C-XXX-X6.jpg
6728868889918998900028735,SUMATERA UTARA,DELI SERDANG,HAMPARAN PERAK,KLAMBIR,TPS 15,2019-10-25 11:00:05,24,84,249,110,110,108,2,https://pemilu2019.kpu.go.id/img/c/900/028/900028735/1-8998-15-C-XXX-X5.jpg,https://pemilu2019.kpu.go.id/img/c/900/028/900028735/1-8998-15-C-XXX-X6.jpg
6728868889918998900028736,SUMATERA UTARA,DELI SERDANG,HAMPARAN PERAK,KLAMBIR,TPS 16,2019-10-25 11:00:05,25,62,172,88,88,87,1,https://pemilu2019.kpu.go.id/img/c/900/028/900028736/1-8998-16-C1-PPWP-X1.jpg,https://pemilu2019.kpu.go.id/img/c/900/028/900028736/1-8998-16-C1-PPWP-X2.jpg
6728868889918996900028687,SUMATERA UTARA,DELI SERDANG,HAMPARAN PERAK,KLAMBIR V KAMPUNG,TPS 01,2019-10-25 11:00:05,54,150,264,205,205,204,1,https://pemilu2019.kpu.go.id/img/c/900/028/900028687/1-8996-01-C1-PPWP-X1.jpg,https://pemilu2019.kpu.go.id/img/c/900/028/900028687/1-8996-01-C1-PPWP-X2.jpg
6728868889918996900028688,SUMATERA UTARA,DELI SERDANG,HAMPARAN PERAK,KLAMBIR V KAMPUNG,TPS 02,2019-10-25 11:00:05,33,170,257,207,207,203,4,https://pemilu2019.kpu.go.id/img/c/900/028/900028688/1-8996-02-C1-PPWP-X1.jpg,https://pemilu2019.kpu.go.id/img/c/900/028/900028688/1-8996-02-C1-PPWP-X2.jpg
6728868889918996900028689,SUMATERA UTARA,DELI SERDANG,HAMPARAN PERAK,KLAMBIR V KAMPUNG,TPS 03,2019-10-25 11:00:05,61,142,261,203,203,203,0,https://pemilu2019.kpu.go.id/img/c/900/028/900028689/1-8996-03-C1-PPWP-X1.jpg,https://pemilu2019.kpu.go.id/img/c/900/028/900028689/1-8996-03-C1-PPWP-X2.jpg
6728868889918996900028690,SUMATERA UTARA,DELI SERDANG,HAMPARAN PERAK,KLAMBIR V KAMPUNG,TPS 04,2019-10-25 11:00:05,64,154,276,221,221,218,3,https://pemilu2019.kpu.go.id/img/c/900/028/900028690/1-8996-04-C1-PPWP-X1.jpg,https://pemilu2019.kpu.go.id/img/c/900/028/900028690/1-8996-04-C1-PPWP-X2.jpg
6728868889918996900028691,SUMATERA UTARA,DELI SERDANG,HAMPARAN PERAK,KLAMBIR V KAMPUNG,TPS 05,2019-10-25 11:00:05,45,163,262,214,214,208,6,https://pemilu2019.kpu.go.id/img/c/900/028/900028691/1-8996-05-C1-PPWP-X1.jpg,https://pemilu2019.kpu.go.id/img/c/900/028/900028691/1-8996-05-C1-PPWP-X2.jpg
6728868889918996900028692,SUMATERA UTARA,DELI SERDANG,HAMPARAN PERAK,KLAMBIR V KAMPUNG,TPS 06,2019-10-25 11:00:05,39,160,247,202,202,199,3,https://pemilu2019.kpu.go.id/img/c/900/028/900028692/1-8996-06-C1-PPWP-X1.jpg,https://pemilu2019.kpu.go.id/img/c/900/028/900028692/1-8996-06-C1-PPWP-X2.jpg
6728868889918996900028693,SUMATERA UTARA,DELI SERDANG,HAMPARAN PERAK,KLAMBIR V KAMPUNG,TPS 07,2019-10-25 11:00:05,57,130,251,187,187,187,0,https://pemilu2019.kpu.go.id/img/c/900/028/900028693/1-8996-07-C1-PPWP-X1.jpg,https://pemilu2019.kpu.go.id/img/c/900/028/900028693/1-8996-07-C1-PPWP-X2.jpg
6728868889918996900028694,SUMATERA UTARA,DELI SERDANG,HAMPARAN PERAK,KLAMBIR V KAMPUNG,TPS 08,2019-10-25 11:00:05,40,153,255,196,196,193,3,https://pemilu2019.kpu.go.id/img/c/900/028/900028694/2-8996-08-C1-PPWP-X1.jpg,https://pemilu2019.kpu.go.id/img/c/900/028/900028694/2-8996-08-C1-PPWP-X2.jpg
6728868889918996900028695,SUMATERA UTARA,DELI SERDANG,HAMPARAN PERAK,KLAMBIR V KAMPUNG,TPS 09,2019-10-25 11:00:05,32,184,261,218,218,216,2,https://pemilu2019.kpu.go.id/img/c/900/028/900028695/1-8996-09-C1-PPWP-X1.jpg,https://pemilu2019.kpu.go.id/img/c/900/028/900028695/1-8996-09-C1-PPWP-X2.jpg
6728868889918996900028696,SUMATERA UTARA,DELI SERDANG,HAMPARAN PERAK,KLAMBIR V KAMPUNG,TPS 10,2019-10-25 11:00:05,46,183,274,234,234,229,5,https://pemilu2019.kpu.go.id/img/c/900/028/900028696/1-8996-10-C1-PPWP-X1.jpg,https://pemilu2019.kpu.go.id/img/c/900/028/900028696/1-8996-10-C1-PPWP-X2.jpg
6728868889918996900028697,SUMATERA UTARA,DELI SERDANG,HAMPARAN PERAK,KLAMBIR V KAMPUNG,TPS 11,2019-10-25 11:00:05,52,185,285,239,239,237,2,https://pemilu2019.kpu.go.id/img/c/900/028/900028697/4-8996-11-C-XXX-X5.jpg,https://pemilu2019.kpu.go.id/img/c/900/028/900028697/4-8996-11-C-XXX-X6.jpg
6728868889918996900028698,SUMATERA UTARA,DELI SERDANG,HAMPARAN PERAK,KLAMBIR V KAMPUNG,TPS 12,2019-10-25 11:00:05,51,193,300,247,247,244,3,https://pemilu2019.kpu.go.id/img/c/900/028/900028698/1-8996-12-C-XXX-X5.jpg,https://pemilu2019.kpu.go.id/img/c/900/028/900028698/1-8996-12-C-XXX-X6.jpg
6728868889918996900028699,SUMATERA UTARA,DELI SERDANG,HAMPARAN PERAK,KLAMBIR V KAMPUNG,TPS 13,2019-10-25 11:00:05,12,84,244,97,97,96,1,https://pemilu2019.kpu.go.id/img/c/900/028/900028699/1-8996-13-C1-PPWP-X1.jpg,https://pemilu2019.kpu.go.id/img/c/900/028/900028699/1-8996-13-C1-PPWP-X2.jpg
6728868889918996900028700,SUMATERA UTARA,DELI SERDANG,HAMPARAN PERAK,KLAMBIR V KAMPUNG,TPS 14,2019-10-25 11:00:05,26,97,251,124,124,123,1,https://pemilu2019.kpu.go.id/img/c/900/028/900028700/1-8996-14-C1-PPWP-X1.jpg,https://pemilu2019.kpu.go.id/img/c/900/028/900028700/1-8996-14-C1-PPWP-X2.jpg
6728868889918995900028671,SUMATERA UTARA,DELI SERDANG,HAMPARAN PERAK,KLUMPANG KAMPUNG,TPS 01,2019-10-25 11:00:05,66,122,275,189,189,188,1,https://pemilu2019.kpu.go.id/img/c/900/028/900028671/3-8995-01-C1-PPWP-X1.jpg,https://pemilu2019.kpu.go.id/img/c/900/028/900028671/3-8995-01-C1-PPWP-X2.jpg
6728868889918995900028672,SUMATERA UTARA,DELI SERDANG,HAMPARAN PERAK,KLUMPANG KAMPUNG,TPS 02,2019-10-25 11:00:05,67,159,276,228,228,226,2,https://pemilu2019.kpu.go.id/img/c/900/028/900028672/3-8995-02-C1-PPWP-X1.jpg,https://pemilu2019.kpu.go.id/img/c/900/028/900028672/3-8995-02-C1-PPWP-X2.jpg
6728868889918995900028673,SUMATERA UTARA,DELI SERDANG,HAMPARAN PERAK,KLUMPANG KAMPUNG,TPS 03,2019-10-25 11:00:05,42,171,275,213,213,213,0,https://pemilu2019.kpu.go.id/img/c/900/028/900028673/2-8995-03-C1-PPWP-X1.jpg,https://pemilu2019.kpu.go.id/img/c/900/028/900028673/2-8995-03-C1-PPWP-X2.jpg
6728868889918995900028674,SUMATERA UTARA,DELI SERDANG,HAMPARAN PERAK,KLUMPANG KAMPUNG,TPS 04,2019-10-25 11:00:05,47,146,240,196,196,193,3,https://pemilu2019.kpu.go.id/img/c/900/028/900028674/1-8995-04-C1-PPWP-X1.jpg,https://pemilu2019.kpu.go.id/img/c/900/028/900028674/1-8995-04-C1-PPWP-X2.jpg
6728868889918995900028675,SUMATERA UTARA,DELI SERDANG,HAMPARAN PERAK,KLUMPANG KAMPUNG,TPS 05,2019-10-25 11:00:05,47,166,271,213,213,213,0,https://pemilu2019.kpu.go.id/img/c/900/028/900028675/2-8995-05-C1-PPWP-X1.jpg,https://pemilu2019.kpu.go.id/img/c/900/028/900028675/2-8995-05-C1-PPWP-X2.jpg
6728868889918995900028676,SUMATERA UTARA,DELI SERDANG,HAMPARAN PERAK,KLUMPANG KAMPUNG,TPS 06,2019-10-25 11:00:05,66,172,316,239,239,238,1,https://pemilu2019.kpu.go.id/img/c/900/028/900028676/1-8995-06-C1-PPWP-X1.jpg,https://pemilu2019.kpu.go.id/img/c/900/028/900028676/1-8995-06-C1-PPWP-X2.jpg
6728868889918995900028677,SUMATERA UTARA,DELI SERDANG,HAMPARAN PERAK,KLUMPANG KAMPUNG,TPS 07,2019-10-25 11:00:05,35,166,266,224,204,201,3,https://pemilu2019.kpu.go.id/img/c/900/028/900028677/1-8995-07-C1-PPWP-X1.jpg,https://pemilu2019.kpu.go.id/img/c/900/028/900028677/1-8995-07-C1-PPWP-X2.jpg
6728868889918995900028678,SUMATERA UTARA,DELI SERDANG,HAMPARAN PERAK,KLUMPANG KAMPUNG,TPS 08,2019-10-25 11:00:05,20,116,265,138,138,136,2,https://pemilu2019.kpu.go.id/img/c/900/028/900028678/1-8995-08-C1-PPWP-X1.jpg,https://pemilu2019.kpu.go.id/img/c/900/028/900028678/1-8995-08-C1-PPWP-X2.jpg
6728868889918995900028679,SUMATERA UTARA,DELI SERDANG,HAMPARAN PERAK,KLUMPANG KAMPUNG,TPS 09,2019-10-25 11:00:05,60,159,287,220,220,219,1,https://pemilu2019.kpu.go.id/img/c/900/028/900028679/2-8995-09-C1-PPWP-X1.jpg,https://pemilu2019.kpu.go.id/img/c/900/028/900028679/2-8995-09-C1-PPWP-X2.jpg
6728868889918995900028680,SUMATERA UTARA,DELI SERDANG,HAMPARAN PERAK,KLUMPANG KAMPUNG,TPS 10,2019-10-25 11:00:05,35,128,264,163,163,163,0,https://pemilu2019.kpu.go.id/img/c/900/028/900028680/1-8995-10-C1-PPWP-X1.jpg,https://pemilu2019.kpu.go.id/img/c/900/028/900028680/1-8995-10-C1-PPWP-X2.jpg
6728868889918995900028681,SUMATERA UTARA,DELI SERDANG,HAMPARAN PERAK,KLUMPANG KAMPUNG,TPS 11,2019-10-25 11:00:05,35,184,281,222,222,219,3,https://pemilu2019.kpu.go.id/img/c/900/028/900028681/1-8995-11-C1-PPWP-X1.jpg,https://pemilu2019.kpu.go.id/img/c/900/028/900028681/1-8995-11-C1-PPWP-X2.jpg
6728868889918995900028682,SUMATERA UTARA,DELI SERDANG,HAMPARAN PERAK,KLUMPANG KAMPUNG,TPS 12,2019-10-25 11:00:05,39,104,226,145,145,143,2,https://pemilu2019.kpu.go.id/img/c/900/028/900028682/1-8995-12-C1-PPWP-X1.jpg,https://pemilu2019.kpu.go.id/img/c/900/028/900028682/1-8995-12-C1-PPWP-X2.jpg
6728868889918995900028683,SUMATERA UTARA,DELI SERDANG,HAMPARAN PERAK,KLUMPANG KAMPUNG,TPS 13,2019-10-25 11:00:05,39,148,278,189,189,187,2,https://pemilu2019.kpu.go.id/img/c/900/028/900028683/2-8995-13-C-XXX-X5.jpg,https://pemilu2019.kpu.go.id/img/c/900/028/900028683/2-8995-13-C-XXX-X6.jpg
6728868889918995900028684,SUMATERA UTARA,DELI SERDANG,HAMPARAN PERAK,KLUMPANG KAMPUNG,TPS 14,2019-10-25 11:00:05,41,148,245,189,189,189,0,https://pemilu2019.kpu.go.id/img/c/900/028/900028684/1-8995-14-C-XXX-X5.jpg,https://pemilu2019.kpu.go.id/img/c/900/028/900028684/1-8995-14-C-XXX-X6.jpg
6728868889918995900028685,SUMATERA UTARA,DELI SERDANG,HAMPARAN PERAK,KLUMPANG KAMPUNG,TPS 15,2019-10-25 11:00:05,32,118,304,154,154,150,4,https://pemilu2019.kpu.go.id/img/c/900/028/900028685/1-8995-15-C1-PPWP-X1.jpg,https://pemilu2019.kpu.go.id/img/c/900/028/900028685/1-8995-15-C1-PPWP-X2.jpg
6728868889918995900028686,SUMATERA UTARA,DELI SERDANG,HAMPARAN PERAK,KLUMPANG KAMPUNG,TPS 16,2019-10-25 11:00:05,45,149,284,197,197,194,3,https://pemilu2019.kpu.go.id/img/c/900/028/900028686/1-8995-16-C1-PPWP-X1.jpg,https://pemilu2019.kpu.go.id/img/c/900/028/900028686/1-8995-16-C1-PPWP-X2.jpg
6728868889918994900028635,SUMATERA UTARA,DELI SERDANG,HAMPARAN PERAK,KLUMPANG KEBUN,TPS 01,2019-10-25 11:00:05,60,122,215,183,183,182,1,https://pemilu2019.kpu.go.id/img/c/900/028/900028635/1-8994-01-C1-PPWP-X1.jpg,https://pemilu2019.kpu.go.id/img/c/900/028/900028635/1-8994-01-C1-PPWP-X2.jpg
6728868889918994900028636,SUMATERA UTARA,DELI SERDANG,HAMPARAN PERAK,KLUMPANG KEBUN,TPS 02,2019-10-25 11:00:05,77,141,244,219,219,218,1,https://pemilu2019.kpu.go.id/img/c/900/028/900028636/1-8994-02-C1-PPWP-X1.jpg,https://pemilu2019.kpu.go.id/img/c/900/028/900028636/1-8994-02-C1-PPWP-X2.jpg
6728868889918994900028637,SUMATERA UTARA,DELI SERDANG,HAMPARAN PERAK,KLUMPANG KEBUN,TPS 03,2019-10-25 11:00:05,42,144,218,186,186,186,0,https://pemilu2019.kpu.go.id/img/c/900/028/900028637/1-8994-03-C1-PPWP-X1.jpg,https://pemilu2019.kpu.go.id/img/c/900/028/900028637/1-8994-03-C1-PPWP-X2.jpg
6728868889918994900028638,SUMATERA UTARA,DELI SERDANG,HAMPARAN PERAK,KLUMPANG KEBUN,TPS 04,2019-10-25 11:00:05,27,141,0,168,0,168,0,https://pemilu2019.kpu.go.id/img/c/900/028/900028638/1-8994-04-C-XXX-X5.jpg,https://pemilu2019.kpu.go.id/img/c/900/028/900028638/1-8994-04-C-XXX-X6.jpg
6728868889918994900028639,SUMATERA UTARA,DELI SERDANG,HAMPARAN PERAK,KLUMPANG KEBUN,TPS 05,2019-10-25 11:00:05,63,163,256,230,230,226,4,https://pemilu2019.kpu.go.id/img/c/900/028/900028639/1-8994-05-C1-PPWP-X1.jpg,https://pemilu2019.kpu.go.id/img/c/900/028/900028639/1-8994-05-C1-PPWP-X2.jpg
6728868889918994900028640,SUMATERA UTARA,DELI SERDANG,HAMPARAN PERAK,KLUMPANG KEBUN,TPS 06,2019-10-25 11:00:05,51,170,258,225,225,221,4,https://pemilu2019.kpu.go.id/img/c/900/028/900028640/1-8994-06-C1-PPWP-X1.jpg,https://pemilu2019.kpu.go.id/img/c/900/028/900028640/1-8994-06-C1-PPWP-X2.jpg
6728868889918994900028641,SUMATERA UTARA,DELI SERDANG,HAMPARAN PERAK,KLUMPANG KEBUN,TPS 07,2019-10-25 11:00:05,25,165,242,192,192,190,2,https://pemilu2019.kpu.go.id/img/c/900/028/900028641/1-8994-07-C-XXX-X5.jpg,https://pemilu2019.kpu.go.id/img/c/900/028/900028641/1-8994-07-C-XXX-X6.jpg
6728868889918994900028642,SUMATERA UTARA,DELI SERDANG,HAMPARAN PERAK,KLUMPANG KEBUN,TPS 08,2019-10-25 11:00:05,34,154,253,190,190,188,2,https://pemilu2019.kpu.go.id/img/c/900/028/900028642/1-8994-08-C-XXX-X5.jpg,https://pemilu2019.kpu.go.id/img/c/900/028/900028642/1-8994-08-C-XXX-X6.jpg
6728868889918994900028643,SUMATERA UTARA,DELI SERDANG,HAMPARAN PERAK,KLUMPANG KEBUN,TPS 09,2019-10-25 11:00:05,38,138,245,178,178,176,2,https://pemilu2019.kpu.go.id/img/c/900/028/900028643/1-8994-09-C-XXX-X5.jpg,https://pemilu2019.kpu.go.id/img/c/900/028/900028643/1-8994-09-C-XXX-X6.jpg
6728868889918994900028644,SUMATERA UTARA,DELI SERDANG,HAMPARAN PERAK,KLUMPANG KEBUN,TPS 10,2019-10-25 11:00:05,51,129,199,183,183,180,3,https://pemilu2019.kpu.go.id/img/c/900/028/900028644/1-8994-10-C-XXX-X5.jpg,https://pemilu2019.kpu.go.id/img/c/900/028/900028644/1-8994-10-C-XXX-X6.jpg
6728868889918994900028645,SUMATERA UTARA,DELI SERDANG,HAMPARAN PERAK,KLUMPANG KEBUN,TPS 11,2019-10-25 11:00:05,61,172,280,237,237,233,4,https://pemilu2019.kpu.go.id/img/c/900/028/900028645/1-8994-11-C1-PPWP-X1.jpg,https://pemilu2019.kpu.go.id/img/c/900/028/900028645/1-8994-11-C1-PPWP-X2.jpg
6728868889918994900028646,SUMATERA UTARA,DELI SERDANG,HAMPARAN PERAK,KLUMPANG KEBUN,TPS 12,2019-10-25 11:00:05,72,142,282,215,215,214,1,https://pemilu2019.kpu.go.id/img/c/900/028/900028646/1-8994-12-C1-PPWP-X1.jpg,https://pemilu2019.kpu.go.id/img/c/900/028/900028646/1-8994-12-C1-PPWP-X2.jpg
6728868889918994900028647,SUMATERA UTARA,DELI SERDANG,HAMPARAN PERAK,KLUMPANG KEBUN,TPS 13,2019-10-25 11:00:05,39,181,292,222,222,220,2,https://pemilu2019.kpu.go.id/img/c/900/028/900028647/1-8994-13-C1-PPWP-X1.jpg,https://pemilu2019.kpu.go.id/img/c/900/028/900028647/1-8994-13-C1-PPWP-X2.jpg
6728868889918994900028648,SUMATERA UTARA,DELI SERDANG,HAMPARAN PERAK,KLUMPANG KEBUN,TPS 14,2019-10-25 11:00:05,43,193,301,237,237,236,1,https://pemilu2019.kpu.go.id/img/c/900/028/900028648/1-8994-14-C-XXX-X5.jpg,https://pemilu2019.kpu.go.id/img/c/900/028/900028648/1-8994-14-C-XXX-X6.jpg
6728868889918994900028649,SUMATERA UTARA,DELI SERDANG,HAMPARAN PERAK,KLUMPANG KEBUN,TPS 15,2019-10-25 11:00:05,35,213,282,151,251,248,3,https://pemilu2019.kpu.go.id/img/c/900/028/900028649/1-8994-15-C1-PPWP-X1.jpg,https://pemilu2019.kpu.go.id/img/c/900/028/900028649/1-8994-15-C1-PPWP-X2.jpg
6728868889918994900028650,SUMATERA UTARA,DELI SERDANG,HAMPARAN PERAK,KLUMPANG KEBUN,TPS 16,2019-10-25 11:00:05,28,182,234,212,212,210,2,https://pemilu2019.kpu.go.id/img/c/900/028/900028650/1-8994-16-C-XXX-X5.jpg,https://pemilu2019.kpu.go.id/img/c/900/028/900028650/1-8994-16-C-XXX-X6.jpg
6728868889918994900028651,SUMATERA UTARA,DELI SERDANG,HAMPARAN PERAK,KLUMPANG KEBUN,TPS 17,2019-10-25 11:00:05,52,166,264,221,221,218,3,https://pemilu2019.kpu.go.id/img/c/900/028/900028651/1-8994-17-C1-PPWP-X1.jpg,https://pemilu2019.kpu.go.id/img/c/900/028/900028651/1-8994-17-C1-PPWP-X2.jpg
6728868889918994900028652,SUMATERA UTARA,DELI SERDANG,HAMPARAN PERAK,KLUMPANG KEBUN,TPS 18,2019-10-25 11:00:05,55,179,277,237,237,234,3,https://pemilu2019.kpu.go.id/img/c/900/028/900028652/1-8994-18-C1-PPWP-X1.jpg,https://pemilu2019.kpu.go.id/img/c/900/028/900028652/1-8994-18-C1-PPWP-X2.jpg
6728868889918994900028653,SUMATERA UTARA,DELI SERDANG,HAMPARAN PERAK,KLUMPANG KEBUN,TPS 19,2019-10-25 11:00:05,51,119,236,171,171,170,1,https://pemilu2019.kpu.go.id/img/c/900/028/900028653/1-8994-19-C1-PPWP-X1.jpg,https://pemilu2019.kpu.go.id/img/c/900/028/900028653/1-8994-19-C1-PPWP-X2.jpg
6728868889918994900028654,SUMATERA UTARA,DELI SERDANG,HAMPARAN PERAK,KLUMPANG KEBUN,TPS 20,2019-10-25 11:00:05,42,135,203,179,179,177,2,https://pemilu2019.kpu.go.id/img/c/900/028/900028654/1-8994-20-C1-PPWP-X1.jpg,https://pemilu2019.kpu.go.id/img/c/900/028/900028654/1-8994-20-C1-PPWP-X2.jpg
6728868889918994900028655,SUMATERA UTARA,DELI SERDANG,HAMPARAN PERAK,KLUMPANG KEBUN,TPS 21,2019-10-25 11:00:05,32,119,181,153,153,151,2,https://pemilu2019.kpu.go.id/img/c/900/028/900028655/1-8994-21-C1-PPWP-X1.jpg,https://pemilu2019.kpu.go.id/img/c/900/028/900028655/1-8994-21-C1-PPWP-X2.jpg
6728868889918994900028656,SUMATERA UTARA,DELI SERDANG,HAMPARAN PERAK,KLUMPANG KEBUN,TPS 22,2019-10-25 11:00:05,68,167,304,235,236,235,1,https://pemilu2019.kpu.go.id/img/c/900/028/900028656/1-8994-22-C1-PPWP-X1.jpg,https://pemilu2019.kpu.go.id/img/c/900/028/900028656/1-8994-22-C1-PPWP-X2.jpg
6728868889918994900028657,SUMATERA UTARA,DELI SERDANG,HAMPARAN PERAK,KLUMPANG KEBUN,TPS 23,2019-10-25 11:00:05,68,166,283,237,237,234,3,https://pemilu2019.kpu.go.id/img/c/900/028/900028657/1-8994-23-C1-PPWP-X1.jpg,https://pemilu2019.kpu.go.id/img/c/900/028/900028657/1-8994-23-C1-PPWP-X2.jpg
6728868889918994900028658,SUMATERA UTARA,DELI SERDANG,HAMPARAN PERAK,KLUMPANG KEBUN,TPS 24,2019-10-25 11:00:05,48,149,272,198,198,197,1,https://pemilu2019.kpu.go.id/img/c/900/028/900028658/1-8994-24-C1-PPWP-X1.jpg,https://pemilu2019.kpu.go.id/img/c/900/028/900028658/1-8994-24-C1-PPWP-X2.jpg
6728868889918994900028659,SUMATERA UTARA,DELI SERDANG,HAMPARAN PERAK,KLUMPANG KEBUN,TPS 25,2019-10-25 11:00:05,58,195,263,254,254,253,1,https://pemilu2019.kpu.go.id/img/c/900/028/900028659/1-8994-25-C1-PPWP-X1.jpg,https://pemilu2019.kpu.go.id/img/c/900/028/900028659/1-8994-25-C1-PPWP-X2.jpg
6728868889918994900028660,SUMATERA UTARA,DELI SERDANG,HAMPARAN PERAK,KLUMPANG KEBUN,TPS 26,2019-10-25 11:00:05,102,136,278,244,244,238,6,https://pemilu2019.kpu.go.id/img/c/900/028/900028660/4-8994-26-C-XXX-X5.jpg,https://pemilu2019.kpu.go.id/img/c/900/028/900028660/4-8994-26-C-XXX-X6.jpg
6728868889918994900028661,SUMATERA UTARA,DELI SERDANG,HAMPARAN PERAK,KLUMPANG KEBUN,TPS 27,2019-10-25 11:00:05,92,105,241,201,201,197,4,https://pemilu2019.kpu.go.id/img/c/900/028/900028661/4-8994-27-C1-PPWP-X1.jpg,https://pemilu2019.kpu.go.id/img/c/900/028/900028661/4-8994-27-C1-PPWP-X2.jpg
6728868889918994900028662,SUMATERA UTARA,DELI SERDANG,HAMPARAN PERAK,KLUMPANG KEBUN,TPS 28,2019-10-25 11:00:05,116,144,286,262,262,260,2,https://pemilu2019.kpu.go.id/img/c/900/028/900028662/4-8994-28-C-XXX-X5.jpg,https://pemilu2019.kpu.go.id/img/c/900/028/900028662/4-8994-28-C-XXX-X6.jpg
6728868889918994900028663,SUMATERA UTARA,DELI SERDANG,HAMPARAN PERAK,KLUMPANG KEBUN,TPS 29,2019-10-25 11:00:05,39,212,292,252,252,251,1,https://pemilu2019.kpu.go.id/img/c/900/028/900028663/1-8994-29-C1-PPWP-X1.jpg,https://pemilu2019.kpu.go.id/img/c/900/028/900028663/1-8994-29-C1-PPWP-X2.jpg
6728868889918994900028664,SUMATERA UTARA,DELI SERDANG,HAMPARAN PERAK,KLUMPANG KEBUN,TPS 30,2019-10-25 11:00:05,38,138,248,179,179,176,3,https://pemilu2019.kpu.go.id/img/c/900/028/900028664/4-8994-30-C1-PPWP-X1.jpg,https://pemilu2019.kpu.go.id/img/c/900/028/900028664/4-8994-30-C1-PPWP-X2.jpg
6728868889918994900028665,SUMATERA UTARA,DELI SERDANG,HAMPARAN PERAK,KLUMPANG KEBUN,TPS 31,2019-10-25 11:00:05,43,185,300,229,229,228,1,https://pemilu2019.kpu.go.id/img/c/900/028/900028665/4-8994-31-C-XXX-X5.jpg,https://pemilu2019.kpu.go.id/img/c/900/028/900028665/4-8994-31-C-XXX-X6.jpg
6728868889918994900028666,SUMATERA UTARA,DELI SERDANG,HAMPARAN PERAK,KLUMPANG KEBUN,TPS 32,2019-10-25 11:00:05,8,150,298,252,252,248,4,https://pemilu2019.kpu.go.id/img/c/900/028/900028666/1-8994-32-C1-PPWP-X1.jpg,https://pemilu2019.kpu.go.id/img/c/900/028/900028666/1-8994-32-C1-PPWP-X2.jpg
6728868889918994900028667,SUMATERA UTARA,DELI SERDANG,HAMPARAN PERAK,KLUMPANG KEBUN,TPS 33,2019-10-25 11:00:05,46,171,279,218,218,217,1,https://pemilu2019.kpu.go.id/img/c/900/028/900028667/4-8994-33-C1-PPWP-X1.jpg,https://pemilu2019.kpu.go.id/img/c/900/028/900028667/4-8994-33-C1-PPWP-X2.jpg
6728868889918994900028668,SUMATERA UTARA,DELI SERDANG,HAMPARAN PERAK,KLUMPANG KEBUN,TPS 34,2019-10-25 11:00:05,28,123,219,152,152,151,1,https://pemilu2019.kpu.go.id/img/c/900/028/900028668/4-8994-34-C1-PPWP-X1.jpg,https://pemilu2019.kpu.go.id/img/c/900/028/900028668/4-8994-34-C1-PPWP-X2.jpg
6728868889918994900028669,SUMATERA UTARA,DELI SERDANG,HAMPARAN PERAK,KLUMPANG KEBUN,TPS 35,2019-10-25 11:00:05,36,126,225,162,162,162,0,https://pemilu2019.kpu.go.id/img/c/900/028/900028669/4-8994-35-C1-PPWP-X1.jpg,https://pemilu2019.kpu.go.id/img/c/900/028/900028669/4-8994-35-C1-PPWP-X2.jpg
6728868889918994900028670,SUMATERA UTARA,DELI SERDANG,HAMPARAN PERAK,KLUMPANG KEBUN,TPS 36,2019-10-25 11:00:05,40,37,124,80,80,77,3,https://pemilu2019.kpu.go.id/img/c/900/028/900028670/4-8994-36-C1-PPWP-X1.jpg,https://pemilu2019.kpu.go.id/img/c/900/028/900028670/4-8994-36-C1-PPWP-X2.jpg
6728868889919006900028905,SUMATERA UTARA,DELI SERDANG,HAMPARAN PERAK,KOTA DATAR,TPS 01,2019-10-25 11:00:05,110,96,245,208,208,206,2,https://pemilu2019.kpu.go.id/img/c/900/028/900028905/1-9006-01-C-XXX-X5.jpg,https://pemilu2019.kpu.go.id/img/c/900/028/900028905/1-9006-01-C-XXX-X6.jpg
6728868889919006900028906,SUMATERA UTARA,DELI SERDANG,HAMPARAN PERAK,KOTA DATAR,TPS 02,2019-10-25 11:00:05,125,97,272,224,224,222,2,https://pemilu2019.kpu.go.id/img/c/900/028/900028906/2-9006-02-C-XXX-X5.jpg,https://pemilu2019.kpu.go.id/img/c/900/028/900028906/2-9006-02-C-XXX-X6.jpg
6728868889919006900028907,SUMATERA UTARA,DELI SERDANG,HAMPARAN PERAK,KOTA DATAR,TPS 03,2019-10-25 11:00:05,150,89,251,242,242,239,3,https://pemilu2019.kpu.go.id/img/c/900/028/900028907/1-9006-03-C-XXX-X5.jpg,https://pemilu2019.kpu.go.id/img/c/900/028/900028907/1-9006-03-C-XXX-X6.jpg
6728868889919006900028908,SUMATERA UTARA,DELI SERDANG,HAMPARAN PERAK,KOTA DATAR,TPS 04,2019-10-25 11:00:05,85,123,240,213,213,208,5,https://pemilu2019.kpu.go.id/img/c/900/028/900028908/1-9006-04-C1-PPWP-X1.jpg,https://pemilu2019.kpu.go.id/img/c/900/028/900028908/1-9006-04-C1-PPWP-X2.jpg
6728868889919006900028909,SUMATERA UTARA,DELI SERDANG,HAMPARAN PERAK,KOTA DATAR,TPS 05,2019-10-25 11:00:05,105,109,227,217,217,214,3,https://pemilu2019.kpu.go.id/img/c/900/028/900028909/2-9006-05-C-XXX-X5.jpg,https://pemilu2019.kpu.go.id/img/c/900/028/900028909/2-9006-05-C-XXX-X6.jpg
6728868889919006900028910,SUMATERA UTARA,DELI SERDANG,HAMPARAN PERAK,KOTA DATAR,TPS 06,2019-10-25 11:00:05,54,168,243,227,227,222,5,https://pemilu2019.kpu.go.id/img/c/900/028/900028910/1-9006-06-C-XXX-X5.jpg,https://pemilu2019.kpu.go.id/img/c/900/028/900028910/1-9006-06-C-XXX-X6.jpg
6728868889919006900028911,SUMATERA UTARA,DELI SERDANG,HAMPARAN PERAK,KOTA DATAR,TPS 07,2019-10-25 11:00:05,47,148,243,200,200,195,5,https://pemilu2019.kpu.go.id/img/c/900/028/900028911/1-9006-07-C-XXX-X5.jpg,https://pemilu2019.kpu.go.id/img/c/900/028/900028911/1-9006-07-C-XXX-X6.jpg
6728868889919006900028912,SUMATERA UTARA,DELI SERDANG,HAMPARAN PERAK,KOTA DATAR,TPS 08,2019-10-25 11:00:05,43,146,239,189,189,189,0,https://pemilu2019.kpu.go.id/img/c/900/028/900028912/1-9006-08-C-XXX-X5.jpg,https://pemilu2019.kpu.go.id/img/c/900/028/900028912/1-9006-08-C-XXX-X6.jpg
6728868889919006900028913,SUMATERA UTARA,DELI SERDANG,HAMPARAN PERAK,KOTA DATAR,TPS 09,2019-10-25 11:00:05,65,125,237,192,192,190,2,https://pemilu2019.kpu.go.id/img/c/900/028/900028913/1-9006-09-C-XXX-X5.jpg,https://pemilu2019.kpu.go.id/img/c/900/028/900028913/1-9006-09-C-XXX-X6.jpg
6728868889919006900028914,SUMATERA UTARA,DELI SERDANG,HAMPARAN PERAK,KOTA DATAR,TPS 10,2019-10-25 11:00:05,36,144,227,185,185,180,5,https://pemilu2019.kpu.go.id/img/c/900/028/900028914/1-9006-10-C-XXX-X5.jpg,https://pemilu2019.kpu.go.id/img/c/900/028/900028914/1-9006-10-C-XXX-X6.jpg
6728868889919006900028915,SUMATERA UTARA,DELI SERDANG,HAMPARAN PERAK,KOTA DATAR,TPS 11,2019-10-25 11:00:05,60,113,231,176,176,173,3,https://pemilu2019.kpu.go.id/img/c/900/028/900028915/1-9006-11-C-XXX-X5.jpg,https://pemilu2019.kpu.go.id/img/c/900/028/900028915/1-9006-11-C-XXX-X6.jpg
6728868889919006900028916,SUMATERA UTARA,DELI SERDANG,HAMPARAN PERAK,KOTA DATAR,TPS 12,2019-10-25 11:00:05,20,188,281,208,208,208,0,https://pemilu2019.kpu.go.id/img/c/900/028/900028916/1-9006-12-C-XXX-X5.jpg,https://pemilu2019.kpu.go.id/img/c/900/028/900028916/1-9006-12-C-XXX-X6.jpg
6728868889919006900028917,SUMATERA UTARA,DELI SERDANG,HAMPARAN PERAK,KOTA DATAR,TPS 13,2019-10-25 11:00:05,27,137,238,166,166,164,2,https://pemilu2019.kpu.go.id/img/c/900/028/900028917/1-9006-13-C-XXX-X5.jpg,https://pemilu2019.kpu.go.id/img/c/900/028/900028917/1-9006-13-C-XXX-X6.jpg
6728868889919006900028918,SUMATERA UTARA,DELI SERDANG,HAMPARAN PERAK,KOTA DATAR,TPS 14,2019-10-25 11:00:05,61,126,244,189,0,187,2,https://pemilu2019.kpu.go.id/img/c/900/028/900028918/1-9006-14-C-XXX-X5.jpg,https://pemilu2019.kpu.go.id/img/c/900/028/900028918/1-9006-14-C-XXX-X6.jpg
6728868889919006900028919,SUMATERA UTARA,DELI SERDANG,HAMPARAN PERAK,KOTA DATAR,TPS 15,2019-10-25 11:00:05,67,140,246,209,209,207,2,https://pemilu2019.kpu.go.id/img/c/900/028/900028919/1-9006-15-C-XXX-X5.jpg,https://pemilu2019.kpu.go.id/img/c/900/028/900028919/1-9006-15-C-XXX-X6.jpg
6728868889919006900028920,SUMATERA UTARA,DELI SERDANG,HAMPARAN PERAK,KOTA DATAR,TPS 16,2019-10-25 11:00:05,65,112,232,178,178,177,1,https://pemilu2019.kpu.go.id/img/c/900/028/900028920/1-9006-16-C-XXX-X5.jpg,https://pemilu2019.kpu.go.id/img/c/900/028/900028920/1-9006-16-C-XXX-X6.jpg
6728868889919006900028921,SUMATERA UTARA,DELI SERDANG,HAMPARAN PERAK,KOTA DATAR,TPS 17,2019-10-25 11:00:05,104,77,250,188,188,181,7,https://pemilu2019.kpu.go.id/img/c/900/028/900028921/1-9006-17-C-XXX-X5.jpg,https://pemilu2019.kpu.go.id/img/c/900/028/900028921/1-9006-17-C-XXX-X6.jpg
6728868889919006900028922,SUMATERA UTARA,DELI SERDANG,HAMPARAN PERAK,KOTA DATAR,TPS 18,2019-10-25 11:00:05,171,1,190,172,172,172,0,https://pemilu2019.kpu.go.id/img/c/900/028/900028922/1-9006-18-C-XXX-X5.jpg,https://pemilu2019.kpu.go.id/img/c/900/028/900028922/1-9006-18-C-XXX-X6.jpg
6728868889919008900028962,SUMATERA UTARA,DELI SERDANG,HAMPARAN PERAK,KOTA RANTANG,TPS 01,2019-10-25 11:00:05,36,155,239,192,192,191,1,https://pemilu2019.kpu.go.id/img/c/900/028/900028962/1-9008-01-C-XXX-X5.jpg,https://pemilu2019.kpu.go.id/img/c/900/028/900028962/1-9008-01-C-XXX-X6.jpg
6728868889919008900028963,SUMATERA UTARA,DELI SERDANG,HAMPARAN PERAK,KOTA RANTANG,TPS 02,2019-10-25 11:00:05,42,164,237,206,206,206,0,https://pemilu2019.kpu.go.id/img/c/900/028/900028963/1-9008-02-C1-PPWP-X1.jpg,https://pemilu2019.kpu.go.id/img/c/900/028/900028963/1-9008-02-C1-PPWP-X2.jpg
6728868889919008900028964,SUMATERA UTARA,DELI SERDANG,HAMPARAN PERAK,KOTA RANTANG,TPS 03,2019-10-25 11:00:05,35,139,225,178,178,174,4,https://pemilu2019.kpu.go.id/img/c/900/028/900028964/1-9008-03-C1-PPWP-X1.jpg,https://pemilu2019.kpu.go.id/img/c/900/028/900028964/1-9008-03-C1-PPWP-X2.jpg
6728868889919008900028965,SUMATERA UTARA,DELI SERDANG,HAMPARAN PERAK,KOTA RANTANG,TPS 04,2019-10-25 11:00:05,42,143,203,189,189,185,4,https://pemilu2019.kpu.go.id/img/c/900/028/900028965/1-9008-04-C1-PPWP-X1.jpg,https://pemilu2019.kpu.go.id/img/c/900/028/900028965/1-9008-04-C1-PPWP-X2.jpg
6728868889919008900028966,SUMATERA UTARA,DELI SERDANG,HAMPARAN PERAK,KOTA RANTANG,TPS 05,2019-10-25 11:00:05,34,121,201,157,157,155,2,https://pemilu2019.kpu.go.id/img/c/900/028/900028966/1-9008-05-C-XXX-X5.jpg,https://pemilu2019.kpu.go.id/img/c/900/028/900028966/1-9008-05-C-XXX-X6.jpg
6728868889919008900028967,SUMATERA UTARA,DELI SERDANG,HAMPARAN PERAK,KOTA RANTANG,TPS 06,2019-10-25 11:00:05,40,121,213,165,165,161,4,https://pemilu2019.kpu.go.id/img/c/900/028/900028967/1-9008-06-C-XXX-X5.jpg,https://pemilu2019.kpu.go.id/img/c/900/028/900028967/1-9008-06-C-XXX-X6.jpg
6728868889919008900028968,SUMATERA UTARA,DELI SERDANG,HAMPARAN PERAK,KOTA RANTANG,TPS 07,2019-10-25 11:00:05,32,119,204,152,152,151,1,https://pemilu2019.kpu.go.id/img/c/900/028/900028968/1-9008-07-C1-PPWP-X1.jpg,https://pemilu2019.kpu.go.id/img/c/900/028/900028968/1-9008-07-C1-PPWP-X2.jpg
6728868889919008900028969,SUMATERA UTARA,DELI SERDANG,HAMPARAN PERAK,KOTA RANTANG,TPS 08,2019-10-25 11:00:05,36,84,225,120,120,120,0,https://pemilu2019.kpu.go.id/img/c/900/028/900028969/1-9008-08-C1-PPWP-X1.jpg,https://pemilu2019.kpu.go.id/img/c/900/028/900028969/1-9008-08-C1-PPWP-X2.jpg
6728868889919008900028970,SUMATERA UTARA,DELI SERDANG,HAMPARAN PERAK,KOTA RANTANG,TPS 09,2019-10-25 11:00:05,66,134,279,204,204,200,4,https://pemilu2019.kpu.go.id/img/c/900/028/900028970/1-9008-09-C-XXX-X5.jpg,https://pemilu2019.kpu.go.id/img/c/900/028/900028970/1-9008-09-C-XXX-X6.jpg
6728868889919008900028971,SUMATERA UTARA,DELI SERDANG,HAMPARAN PERAK,KOTA RANTANG,TPS 10,2019-10-25 11:00:05,66,110,250,181,181,176,5,https://pemilu2019.kpu.go.id/img/c/900/028/900028971/1-9008-10-C1-PPWP-X1.jpg,https://pemilu2019.kpu.go.id/img/c/900/028/900028971/1-9008-10-C1-PPWP-X2.jpg
6728868889919008900028972,SUMATERA UTARA,DELI SERDANG,HAMPARAN PERAK,KOTA RANTANG,TPS 11,2019-10-25 11:00:05,66,118,239,191,191,184,7,https://pemilu2019.kpu.go.id/img/c/900/028/900028972/1-9008-11-C1-PPWP-X1.jpg,https://pemilu2019.kpu.go.id/img/c/900/028/900028972/1-9008-11-C1-PPWP-X2.jpg
6728868889919008900028973,SUMATERA UTARA,DELI SERDANG,HAMPARAN PERAK,KOTA RANTANG,TPS 12,2019-10-25 11:00:05,66,158,253,228,228,224,4,https://pemilu2019.kpu.go.id/img/c/900/028/900028973/1-9008-12-C1-PPWP-X1.jpg,https://pemilu2019.kpu.go.id/img/c/900/028/900028973/1-9008-12-C1-PPWP-X2.jpg
6728868889919008900028974,SUMATERA UTARA,DELI SERDANG,HAMPARAN PERAK,KOTA RANTANG,TPS 13,2019-10-25 11:00:05,68,117,258,191,191,185,6,https://pemilu2019.kpu.go.id/img/c/900/028/900028974/1-9008-13-C-XXX-X5.jpg,https://pemilu2019.kpu.go.id/img/c/900/028/900028974/1-9008-13-C-XXX-X6.jpg
6728868889919008900028975,SUMATERA UTARA,DELI SERDANG,HAMPARAN PERAK,KOTA RANTANG,TPS 14,2019-10-25 11:00:05,80,110,248,191,191,190,1,https://pemilu2019.kpu.go.id/img/c/900/028/900028975/1-9008-14-C1-PPWP-X1.jpg,https://pemilu2019.kpu.go.id/img/c/900/028/900028975/1-9008-14-C1-PPWP-X2.jpg
6728868889919008900028976,SUMATERA UTARA,DELI SERDANG,HAMPARAN PERAK,KOTA RANTANG,TPS 15,2019-10-25 11:00:05,71,95,219,168,168,166,2,https://pemilu2019.kpu.go.id/img/c/900/028/900028976/1-9008-15-C1-PPWP-X1.jpg,https://pemilu2019.kpu.go.id/img/c/900/028/900028976/1-9008-15-C1-PPWP-X2.jpg
6728868889919008900028977,SUMATERA UTARA,DELI SERDANG,HAMPARAN PERAK,KOTA RANTANG,TPS 16,2019-10-25 11:00:05,99,126,260,226,226,225,1,https://pemilu2019.kpu.go.id/img/c/900/028/900028977/1-9008-16-C1-PPWP-X1.jpg,https://pemilu2019.kpu.go.id/img/c/900/028/900028977/1-9008-16-C1-PPWP-X2.jpg
6728868889919008900028978,SUMATERA UTARA,DELI SERDANG,HAMPARAN PERAK,KOTA RANTANG,TPS 17,2019-10-25 11:00:05,100,123,259,229,229,223,6,https://pemilu2019.kpu.go.id/img/c/900/028/900028978/1-9008-17-C1-PPWP-X1.jpg,https://pemilu2019.kpu.go.id/img/c/900/028/900028978/1-9008-17-C1-PPWP-X2.jpg
6728868889919008900028979,SUMATERA UTARA,DELI SERDANG,HAMPARAN PERAK,KOTA RANTANG,TPS 18,2019-10-25 11:00:05,96,121,268,222,222,217,5,https://pemilu2019.kpu.go.id/img/c/900/028/900028979/1-9008-18-C-XXX-X5.jpg,https://pemilu2019.kpu.go.id/img/c/900/028/900028979/1-9008-18-C-XXX-X6.jpg
6728868889919010900028992,SUMATERA UTARA,DELI SERDANG,HAMPARAN PERAK,LAMA,TPS 01,2019-10-25 11:00:05,39,177,217,217,217,216,1,https://pemilu2019.kpu.go.id/img/c/900/028/900028992/9010-01-C-XXX-X5.jpg,https://pemilu2019.kpu.go.id/img/c/900/028/900028992/9010-01-C-XXX-X6.jpg
6728868889919010900028993,SUMATERA UTARA,DELI SERDANG,HAMPARAN PERAK,LAMA,TPS 02,2019-10-25 11:00:05,29,166,260,200,200,195,5,https://pemilu2019.kpu.go.id/img/c/900/028/900028993/9010-02-C1-PPWP-X1.jpg,https://pemilu2019.kpu.go.id/img/c/900/028/900028993/9010-02-C1-PPWP-X2.jpg
6728868889919010900028994,SUMATERA UTARA,DELI SERDANG,HAMPARAN PERAK,LAMA,TPS 03,2019-10-25 11:00:05,26,169,244,196,196,195,1,https://pemilu2019.kpu.go.id/img/c/900/028/900028994/9010-03-C-XXX-X5.jpg,https://pemilu2019.kpu.go.id/img/c/900/028/900028994/9010-03-C-XXX-X6.jpg
6728868889919010900028995,SUMATERA UTARA,DELI SERDANG,HAMPARAN PERAK,LAMA,TPS 04,2019-10-25 11:00:05,38,152,248,192,192,190,2,https://pemilu2019.kpu.go.id/img/c/900/028/900028995/2-9010-04-C1-PPWP-X1.jpg,https://pemilu2019.kpu.go.id/img/c/900/028/900028995/2-9010-04-C1-PPWP-X2.jpg
6728868889919010900028996,SUMATERA UTARA,DELI SERDANG,HAMPARAN PERAK,LAMA,TPS 05,2019-10-25 11:00:05,22,159,241,182,182,181,1,https://pemilu2019.kpu.go.id/img/c/900/028/900028996/9010-05-C1-PPWP-X1.jpg,https://pemilu2019.kpu.go.id/img/c/900/028/900028996/9010-05-C1-PPWP-X2.jpg
6728868889919010900028997,SUMATERA UTARA,DELI SERDANG,HAMPARAN PERAK,LAMA,TPS 06,2019-10-25 11:00:05,19,138,234,159,159,157,2,https://pemilu2019.kpu.go.id/img/c/900/028/900028997/9010-06-C1-PPWP-X1.jpg,https://pemilu2019.kpu.go.id/img/c/900/028/900028997/9010-06-C1-PPWP-X2.jpg
6728868889919010900028998,SUMATERA UTARA,DELI SERDANG,HAMPARAN PERAK,LAMA,TPS 07,2019-10-25 11:00:05,29,148,242,178,178,177,1,https://pemilu2019.kpu.go.id/img/c/900/028/900028998/9010-07-C1-PPWP-X1.jpg,https://pemilu2019.kpu.go.id/img/c/900/028/900028998/9010-07-C1-PPWP-X2.jpg
6728868889919010900028999,SUMATERA UTARA,DELI SERDANG,HAMPARAN PERAK,LAMA,TPS 08,2019-10-25 11:00:05,31,167,269,200,200,198,2,https://pemilu2019.kpu.go.id/img/c/900/028/900028999/9010-08-C1-PPWP-X1.jpg,https://pemilu2019.kpu.go.id/img/c/900/028/900028999/9010-08-C1-PPWP-X2.jpg
6728868889919010900029000,SUMATERA UTARA,DELI SERDANG,HAMPARAN PERAK,LAMA,TPS 09,2019-10-25 11:00:05,46,124,262,174,174,170,4,https://pemilu2019.kpu.go.id/img/c/900/029/900029000/2-9010-09-C1-PPWP-X1.jpg,https://pemilu2019.kpu.go.id/img/c/900/029/900029000/2-9010-09-C1-PPWP-X2.jpg
6728868889919010900029001,SUMATERA UTARA,DELI SERDANG,HAMPARAN PERAK,LAMA,TPS 10,2019-10-25 11:00:05,29,122,182,152,152,151,1,https://pemilu2019.kpu.go.id/img/c/900/029/900029001/2-9010-10-C1-PPWP-X1.jpg,https://pemilu2019.kpu.go.id/img/c/900/029/900029001/2-9010-10-C1-PPWP-X2.jpg
6728868889919010900029002,SUMATERA UTARA,DELI SERDANG,HAMPARAN PERAK,LAMA,TPS 11,2019-10-25 11:00:05,36,160,262,200,200,196,4,https://pemilu2019.kpu.go.id/img/c/900/029/900029002/9010-11-C1-PPWP-X1.jpg,https://pemilu2019.kpu.go.id/img/c/900/029/900029002/9010-11-C1-PPWP-X2.jpg
6728868889919010900029003,SUMATERA UTARA,DELI SERDANG,HAMPARAN PERAK,LAMA,TPS 12,2019-10-25 11:00:05,69,159,275,231,231,228,3,https://pemilu2019.kpu.go.id/img/c/900/029/900029003/2-9010-12-C1-PPWP-X1.jpg,https://pemilu2019.kpu.go.id/img/c/900/029/900029003/2-9010-12-C1-PPWP-X2.jpg
6728868889919010900029004,SUMATERA UTARA,DELI SERDANG,HAMPARAN PERAK,LAMA,TPS 13,2019-10-25 11:00:05,42,104,186,148,148,146,2,https://pemilu2019.kpu.go.id/img/c/900/029/900029004/9010-13-C1-PPWP-X1.jpg,https://pemilu2019.kpu.go.id/img/c/900/029/900029004/9010-13-C1-PPWP-X2.jpg
6728868889919010900029005,SUMATERA UTARA,DELI SERDANG,HAMPARAN PERAK,LAMA,TPS 14,2019-10-25 11:00:05,45,143,235,190,190,188,2,https://pemilu2019.kpu.go.id/img/c/900/029/900029005/9010-14-C1-PPWP-X1.jpg,https://pemilu2019.kpu.go.id/img/c/900/029/900029005/9010-14-C1-PPWP-X2.jpg
6728868889919010900029006,SUMATERA UTARA,DELI SERDANG,HAMPARAN PERAK,LAMA,TPS 15,2019-10-25 11:00:05,26,110,218,137,137,136,1,https://pemilu2019.kpu.go.id/img/c/900/029/900029006/9010-15-C-XXX-X5.jpg,https://pemilu2019.kpu.go.id/img/c/900/029/900029006/9010-15-C-XXX-X6.jpg
6728868889919010900029007,SUMATERA UTARA,DELI SERDANG,HAMPARAN PERAK,LAMA,TPS 16,2019-10-25 11:00:05,35,132,258,169,169,167,2,https://pemilu2019.kpu.go.id/img/c/900/029/900029007/2-9010-16-C1-PPWP-X1.jpg,https://pemilu2019.kpu.go.id/img/c/900/029/900029007/2-9010-16-C1-PPWP-X2.jpg
6728868889919010900029008,SUMATERA UTARA,DELI SERDANG,HAMPARAN PERAK,LAMA,TPS 17,2019-10-25 11:00:05,23,107,224,132,132,130,2,https://pemilu2019.kpu.go.id/img/c/900/029/900029008/2-9010-17-C1-PPWP-X1.jpg,https://pemilu2019.kpu.go.id/img/c/900/029/900029008/2-9010-17-C1-PPWP-X2.jpg
6728868889919009900028980,SUMATERA UTARA,DELI SERDANG,HAMPARAN PERAK,PALUH MANAN,TPS 01,2019-10-25 11:00:05,56,133,241,194,194,189,5,https://pemilu2019.kpu.go.id/img/c/900/028/900028980/9009-01-C1-PPWP-X1.jpg,https://pemilu2019.kpu.go.id/img/c/900/028/900028980/9009-01-C1-PPWP-X2.jpg
6728868889919009900028981,SUMATERA UTARA,DELI SERDANG,HAMPARAN PERAK,PALUH MANAN,TPS 02,2019-10-25 11:00:05,69,121,255,191,191,190,1,https://pemilu2019.kpu.go.id/img/c/900/028/900028981/9009-02-C1-PPWP-X1.jpg,https://pemilu2019.kpu.go.id/img/c/900/028/900028981/9009-02-C1-PPWP-X2.jpg
6728868889919009900028982,SUMATERA UTARA,DELI SERDANG,HAMPARAN PERAK,PALUH MANAN,TPS 03,2019-10-25 11:00:05,82,88,237,171,171,170,1,https://pemilu2019.kpu.go.id/img/c/900/028/900028982/2-9009-03-C1-PPWP-X1.jpg,https://pemilu2019.kpu.go.id/img/c/900/028/900028982/2-9009-03-C1-PPWP-X2.jpg
6728868889919009900028983,SUMATERA UTARA,DELI SERDANG,HAMPARAN PERAK,PALUH MANAN,TPS 04,2019-10-25 11:00:05,82,118,238,200,200,200,0,https://pemilu2019.kpu.go.id/img/c/900/028/900028983/9009-04-C-XXX-X5.jpg,https://pemilu2019.kpu.go.id/img/c/900/028/900028983/9009-04-C-XXX-X6.jpg
6728868889919009900028984,SUMATERA UTARA,DELI SERDANG,HAMPARAN PERAK,PALUH MANAN,TPS 05,2019-10-25 11:00:05,50,86,197,140,140,136,4,https://pemilu2019.kpu.go.id/img/c/900/028/900028984/2-9009-05-C1-PPWP-X1.jpg,https://pemilu2019.kpu.go.id/img/c/900/028/900028984/2-9009-05-C1-PPWP-X2.jpg
6728868889919009900028985,SUMATERA UTARA,DELI SERDANG,HAMPARAN PERAK,PALUH MANAN,TPS 06,2019-10-25 11:00:05,67,112,224,179,179,179,0,https://pemilu2019.kpu.go.id/img/c/900/028/900028985/9009-06-C1-PPWP-X1.jpg,https://pemilu2019.kpu.go.id/img/c/900/028/900028985/9009-06-C1-PPWP-X2.jpg
6728868889919009900028986,SUMATERA UTARA,DELI SERDANG,HAMPARAN PERAK,PALUH MANAN,TPS 07,2019-10-25 11:00:05,86,74,226,161,161,160,1,https://pemilu2019.kpu.go.id/img/c/900/028/900028986/9009-07-C1-PPWP-X1.jpg,https://pemilu2019.kpu.go.id/img/c/900/028/900028986/9009-07-C1-PPWP-X2.jpg
6728868889919009900028987,SUMATERA UTARA,DELI SERDANG,HAMPARAN PERAK,PALUH MANAN,TPS 08,2019-10-25 11:00:05,60,109,243,171,171,169,2,https://pemilu2019.kpu.go.id/img/c/900/028/900028987/9009-08-C1-PPWP-X1.jpg,https://pemilu2019.kpu.go.id/img/c/900/028/900028987/9009-08-C1-PPWP-X2.jpg
6728868889919009900028988,SUMATERA UTARA,DELI SERDANG,HAMPARAN PERAK,PALUH MANAN,TPS 09,2019-10-25 11:00:05,69,94,232,167,167,163,4,https://pemilu2019.kpu.go.id/img/c/900/028/900028988/2-9009-09-C1-PPWP-X1.jpg,https://pemilu2019.kpu.go.id/img/c/900/028/900028988/2-9009-09-C1-PPWP-X2.jpg
6728868889919009900028989,SUMATERA UTARA,DELI SERDANG,HAMPARAN PERAK,PALUH MANAN,TPS 10,2019-10-25 11:00:05,64,74,166,138,138,136,2,https://pemilu2019.kpu.go.id/img/c/900/028/900028989/9009-10-C1-PPWP-X1.jpg,https://pemilu2019.kpu.go.id/img/c/900/028/900028989/9009-10-C1-PPWP-X2.jpg
6728868889919009900028990,SUMATERA UTARA,DELI SERDANG,HAMPARAN PERAK,PALUH MANAN,TPS 11,2019-10-25 11:00:05,88,32,165,120,120,120,0,https://pemilu2019.kpu.go.id/img/c/900/028/900028990/1-9009-11-C1-PPWP-X1.jpg,https://pemilu2019.kpu.go.id/img/c/900/028/900028990/1-9009-11-C1-PPWP-X2.jpg
6728868889919009900028991,SUMATERA UTARA,DELI SERDANG,HAMPARAN PERAK,PALUH MANAN,TPS 12,2019-10-25 11:00:05,74,74,211,151,151,148,3,https://pemilu2019.kpu.go.id/img/c/900/028/900028991/1-9009-12-C1-PPWP-X1.jpg,https://pemilu2019.kpu.go.id/img/c/900/028/900028991/1-9009-12-C1-PPWP-X2.jpg
6728868889919011900029009,SUMATERA UTARA,DELI SERDANG,HAMPARAN PERAK,PALU KURAU,TPS 01,2019-10-25 11:00:05,55,46,120,101,101,101,0,https://pemilu2019.kpu.go.id/img/c/900/029/900029009/3-9011-01-C-XXX-X5.jpg,https://pemilu2019.kpu.go.id/img/c/900/029/900029009/3-9011-01-C-XXX-X6.jpg
6728868889919011900029010,SUMATERA UTARA,DELI SERDANG,HAMPARAN PERAK,PALU KURAU,TPS 02,2019-10-25 11:00:05,178,21,280,199,199,199,0,https://pemilu2019.kpu.go.id/img/c/900/029/900029010/1-9011-02-C-XXX-X5.jpg,https://pemilu2019.kpu.go.id/img/c/900/029/900029010/1-9011-02-C-XXX-X6.jpg
6728868889919011900029011,SUMATERA UTARA,DELI SERDANG,HAMPARAN PERAK,PALU KURAU,TPS 03,2019-10-25 11:00:05,106,73,286,190,190,179,11,https://pemilu2019.kpu.go.id/img/c/900/029/900029011/1-9011-03-C-XXX-X5.jpg,https://pemilu2019.kpu.go.id/img/c/900/029/900029011/1-9011-03-C-XXX-X6.jpg
6728868889919011900029012,SUMATERA UTARA,DELI SERDANG,HAMPARAN PERAK,PALU KURAU,TPS 04,2019-10-25 11:00:05,79,47,186,129,129,126,3,https://pemilu2019.kpu.go.id/img/c/900/029/900029012/1-9011-04-C-XXX-X5.jpg,https://pemilu2019.kpu.go.id/img/c/900/029/900029012/1-9011-04-C-XXX-X6.jpg
6728868889919011900029013,SUMATERA UTARA,DELI SERDANG,HAMPARAN PERAK,PALU KURAU,TPS 05,2019-10-25 11:00:05,59,62,173,123,123,121,2,https://pemilu2019.kpu.go.id/img/c/900/029/900029013/1-9011-05-C1-PPWP-X1.jpg,https://pemilu2019.kpu.go.id/img/c/900/029/900029013/1-9011-05-C1-PPWP-X2.jpg
6728868889919011900029014,SUMATERA UTARA,DELI SERDANG,HAMPARAN PERAK,PALU KURAU,TPS 06,2019-10-25 11:00:05,101,61,214,163,163,162,1,https://pemilu2019.kpu.go.id/img/c/900/029/900029014/1-9011-06-C-XXX-X5.jpg,https://pemilu2019.kpu.go.id/img/c/900/029/900029014/1-9011-06-C-XXX-X6.jpg
6728868889919011900029015,SUMATERA UTARA,DELI SERDANG,HAMPARAN PERAK,PALU KURAU,TPS 07,2019-10-25 11:00:05,47,135,243,182,182,182,0,https://pemilu2019.kpu.go.id/img/c/900/029/900029015/1-9011-07-C-XXX-X5.jpg,https://pemilu2019.kpu.go.id/img/c/900/029/900029015/1-9011-07-C-XXX-X6.jpg
6728868889919011900029016,SUMATERA UTARA,DELI SERDANG,HAMPARAN PERAK,PALU KURAU,TPS 08,2019-10-25 11:00:05,41,190,290,238,238,231,7,https://pemilu2019.kpu.go.id/img/c/900/029/900029016/1-9011-08-C-XXX-X5.jpg,https://pemilu2019.kpu.go.id/img/c/900/029/900029016/1-9011-08-C-XXX-X6.jpg
6728868889919011900029017,SUMATERA UTARA,DELI SERDANG,HAMPARAN PERAK,PALU KURAU,TPS 09,2019-10-25 11:00:05,92,114,254,209,209,206,3,https://pemilu2019.kpu.go.id/img/c/900/029/900029017/1-9011-09-C-XXX-X5.jpg,https://pemilu2019.kpu.go.id/img/c/900/029/900029017/1-9011-09-C-XXX-X6.jpg
6728868889919011900029018,SUMATERA UTARA,DELI SERDANG,HAMPARAN PERAK,PALU KURAU,TPS 10,2019-10-25 11:00:05,10,127,174,139,139,137,2,https://pemilu2019.kpu.go.id/img/c/900/029/900029018/1-9011-10-C-XXX-X5.jpg,https://pemilu2019.kpu.go.id/img/c/900/029/900029018/1-9011-10-C-XXX-X6.jpg
6728868889919011900029019,SUMATERA UTARA,DELI SERDANG,HAMPARAN PERAK,PALU KURAU,TPS 11,2019-10-25 11:00:05,50,147,257,197,197,197,0,https://pemilu2019.kpu.go.id/img/c/900/029/900029019/2-9011-11-C-XXX-X5.jpg,https://pemilu2019.kpu.go.id/img/c/900/029/900029019/2-9011-11-C-XXX-X6.jpg
6728868889919011900029020,SUMATERA UTARA,DELI SERDANG,HAMPARAN PERAK,PALU KURAU,TPS 12,2019-10-25 11:00:05,56,146,296,206,206,202,4,https://pemilu2019.kpu.go.id/img/c/900/029/900029020/2-9011-12-C-XXX-X5.jpg,https://pemilu2019.kpu.go.id/img/c/900/029/900029020/2-9011-12-C-XXX-X6.jpg
6728868889919011900029021,SUMATERA UTARA,DELI SERDANG,HAMPARAN PERAK,PALU KURAU,TPS 13,2019-10-25 11:00:05,106,57,261,163,163,163,0,https://pemilu2019.kpu.go.id/img/c/900/029/900029021/2-9011-13-C-XXX-X5.jpg,https://pemilu2019.kpu.go.id/img/c/900/029/900029021/2-9011-13-C-XXX-X6.jpg
6728868889919011900029022,SUMATERA UTARA,DELI SERDANG,HAMPARAN PERAK,PALU KURAU,TPS 14,2019-10-25 11:00:05,56,126,260,0,225,218,7,https://pemilu2019.kpu.go.id/img/c/900/029/900029022/2-9011-14-C-XXX-X5.jpg,https://pemilu2019.kpu.go.id/img/c/900/029/900029022/2-9011-14-C-XXX-X6.jpg
6728868889919011900029023,SUMATERA UTARA,DELI SERDANG,HAMPARAN PERAK,PALU KURAU,TPS 15,2019-10-25 11:00:05,39,199,294,243,243,238,5,https://pemilu2019.kpu.go.id/img/c/900/029/900029023/2-9011-15-C-XXX-X5.jpg,https://pemilu2019.kpu.go.id/img/c/900/029/900029023/2-9011-15-C-XXX-X6.jpg
6728868889919011900029024,SUMATERA UTARA,DELI SERDANG,HAMPARAN PERAK,PALU KURAU,TPS 16,2019-10-25 11:00:05,101,138,296,241,241,239,2,https://pemilu2019.kpu.go.id/img/c/900/029/900029024/2-9011-16-C-XXX-X5.jpg,https://pemilu2019.kpu.go.id/img/c/900/029/900029024/2-9011-16-C-XXX-X6.jpg
6728868889919011900029025,SUMATERA UTARA,DELI SERDANG,HAMPARAN PERAK,PALU KURAU,TPS 17,2019-10-25 11:00:05,99,22,171,123,123,121,2,https://pemilu2019.kpu.go.id/img/c/900/029/900029025/1-9011-17-C-XXX-X5.jpg,https://pemilu2019.kpu.go.id/img/c/900/029/900029025/1-9011-17-C-XXX-X6.jpg
6728868889919002900028800,SUMATERA UTARA,DELI SERDANG,HAMPARAN PERAK,PAYA BAKUNG,TPS 01,2019-10-25 11:00:05,78,121,271,201,201,199,2,https://pemilu2019.kpu.go.id/img/c/900/028/900028800/2-9002-01-C1-PPWP-X1.jpg,https://pemilu2019.kpu.go.id/img/c/900/028/900028800/2-9002-01-C1-PPWP-X2.jpg
6728868889919002900028801,SUMATERA UTARA,DELI SERDANG,HAMPARAN PERAK,PAYA BAKUNG,TPS 02,2019-10-25 11:00:05,76,131,268,208,208,207,1,https://pemilu2019.kpu.go.id/img/c/900/028/900028801/2-9002-02-C1-PPWP-X1.jpg,https://pemilu2019.kpu.go.id/img/c/900/028/900028801/2-9002-02-C1-PPWP-X2.jpg
6728868889919002900028802,SUMATERA UTARA,DELI SERDANG,HAMPARAN PERAK,PAYA BAKUNG,TPS 03,2019-10-25 11:00:05,49,150,288,203,203,199,4,https://pemilu2019.kpu.go.id/img/c/900/028/900028802/2-9002-03-C1-PPWP-X1.jpg,https://pemilu2019.kpu.go.id/img/c/900/028/900028802/2-9002-03-C1-PPWP-X2.jpg
6728868889919002900028803,SUMATERA UTARA,DELI SERDANG,HAMPARAN PERAK,PAYA BAKUNG,TPS 04,2019-10-25 11:00:05,49,138,265,190,190,187,3,https://pemilu2019.kpu.go.id/img/c/900/028/900028803/2-9002-04-C1-PPWP-X1.jpg,https://pemilu2019.kpu.go.id/img/c/900/028/900028803/2-9002-04-C1-PPWP-X2.jpg
6728868889919002900028804,SUMATERA UTARA,DELI SERDANG,HAMPARAN PERAK,PAYA BAKUNG,TPS 05,2019-10-25 11:00:05,24,178,264,223,202,202,0,https://pemilu2019.kpu.go.id/img/c/900/028/900028804/1-9002-05-C1-PPWP-X1.jpg,https://pemilu2019.kpu.go.id/img/c/900/028/900028804/1-9002-05-C1-PPWP-X2.jpg
6728868889919002900028805,SUMATERA UTARA,DELI SERDANG,HAMPARAN PERAK,PAYA BAKUNG,TPS 06,2019-10-25 11:00:05,67,114,256,188,188,181,7,https://pemilu2019.kpu.go.id/img/c/900/028/900028805/2-9002-06-C1-PPWP-X1.jpg,https://pemilu2019.kpu.go.id/img/c/900/028/900028805/2-9002-06-C1-PPWP-X2.jpg
6728868889919002900028806,SUMATERA UTARA,DELI SERDANG,HAMPARAN PERAK,PAYA BAKUNG,TPS 07,2019-10-25 11:00:05,88,119,261,208,208,207,1,https://pemilu2019.kpu.go.id/img/c/900/028/900028806/2-9002-07-C1-PPWP-X1.jpg,https://pemilu2019.kpu.go.id/img/c/900/028/900028806/2-9002-07-C1-PPWP-X2.jpg
6728868889919002900028807,SUMATERA UTARA,DELI SERDANG,HAMPARAN PERAK,PAYA BAKUNG,TPS 08,2019-10-25 11:00:05,104,147,293,251,251,251,0,https://pemilu2019.kpu.go.id/img/c/900/028/900028807/2-9002-08-C1-PPWP-X1.jpg,https://pemilu2019.kpu.go.id/img/c/900/028/900028807/2-9002-08-C1-PPWP-X2.jpg
6728868889919002900028808,SUMATERA UTARA,DELI SERDANG,HAMPARAN PERAK,PAYA BAKUNG,TPS 09,2019-10-25 11:00:05,66,103,223,170,170,169,1,https://pemilu2019.kpu.go.id/img/c/900/028/900028808/1-9002-09-C1-PPWP-X1.jpg,https://pemilu2019.kpu.go.id/img/c/900/028/900028808/1-9002-09-C1-PPWP-X2.jpg
6728868889919002900028809,SUMATERA UTARA,DELI SERDANG,HAMPARAN PERAK,PAYA BAKUNG,TPS 10,2019-10-25 11:00:05,59,137,242,198,198,196,2,https://pemilu2019.kpu.go.id/img/c/900/028/900028809/1-9002-10-C1-PPWP-X1.jpg,https://pemilu2019.kpu.go.id/img/c/900/028/900028809/1-9002-10-C1-PPWP-X2.jpg
6728868889919002900028810,SUMATERA UTARA,DELI SERDANG,HAMPARAN PERAK,PAYA BAKUNG,TPS 11,2019-10-25 11:00:05,84,109,224,198,198,193,5,https://pemilu2019.kpu.go.id/img/c/900/028/900028810/2-9002-11-C1-PPWP-X1.jpg,https://pemilu2019.kpu.go.id/img/c/900/028/900028810/2-9002-11-C1-PPWP-X2.jpg
6728868889919002900028811,SUMATERA UTARA,DELI SERDANG,HAMPARAN PERAK,PAYA BAKUNG,TPS 12,2019-10-25 11:00:05,64,61,158,127,127,125,2,https://pemilu2019.kpu.go.id/img/c/900/028/900028811/2-9002-12-C1-PPWP-X1.jpg,https://pemilu2019.kpu.go.id/img/c/900/028/900028811/2-9002-12-C1-PPWP-X2.jpg
6728868889919002900028812,SUMATERA UTARA,DELI SERDANG,HAMPARAN PERAK,PAYA BAKUNG,TPS 13,2019-10-25 11:00:05,95,98,235,196,196,193,3,https://pemilu2019.kpu.go.id/img/c/900/028/900028812/1-9002-13-C1-PPWP-X1.jpg,https://pemilu2019.kpu.go.id/img/c/900/028/900028812/1-9002-13-C1-PPWP-X2.jpg
6728868889919002900028813,SUMATERA UTARA,DELI SERDANG,HAMPARAN PERAK,PAYA BAKUNG,TPS 14,2019-10-25 11:00:05,81,102,240,186,186,183,3,https://pemilu2019.kpu.go.id/img/c/900/028/900028813/2-9002-14-C1-PPWP-X1.jpg,https://pemilu2019.kpu.go.id/img/c/900/028/900028813/2-9002-14-C1-PPWP-X2.jpg
6728868889919002900028814,SUMATERA UTARA,DELI SERDANG,HAMPARAN PERAK,PAYA BAKUNG,TPS 15,2019-10-25 11:00:05,55,183,264,240,240,238,2,https://pemilu2019.kpu.go.id/img/c/900/028/900028814/2-9002-15-C1-PPWP-X1.jpg,https://pemilu2019.kpu.go.id/img/c/900/028/900028814/2-9002-15-C1-PPWP-X2.jpg
6728868889919002900028815,SUMATERA UTARA,DELI SERDANG,HAMPARAN PERAK,PAYA BAKUNG,TPS 16,2019-10-25 11:00:05,60,149,263,211,211,209,2,https://pemilu2019.kpu.go.id/img/c/900/028/900028815/2-9002-16-C1-PPWP-X1.jpg,https://pemilu2019.kpu.go.id/img/c/900/028/900028815/2-9002-16-C1-PPWP-X2.jpg
6728868889919002900028816,SUMATERA UTARA,DELI SERDANG,HAMPARAN PERAK,PAYA BAKUNG,TPS 17,2019-10-25 11:00:05,55,120,240,177,177,175,2,https://pemilu2019.kpu.go.id/img/c/900/028/900028816/2-9002-17-C1-PPWP-X1.jpg,https://pemilu2019.kpu.go.id/img/c/900/028/900028816/2-9002-17-C1-PPWP-X2.jpg
6728868889919002900028817,SUMATERA UTARA,DELI SERDANG,HAMPARAN PERAK,PAYA BAKUNG,TPS 18,2019-10-25 11:00:05,54,162,275,217,217,216,1,https://pemilu2019.kpu.go.id/img/c/900/028/900028817/2-9002-18-C1-PPWP-X1.jpg,https://pemilu2019.kpu.go.id/img/c/900/028/900028817/2-9002-18-C1-PPWP-X2.jpg
6728868889919002900028818,SUMATERA UTARA,DELI SERDANG,HAMPARAN PERAK,PAYA BAKUNG,TPS 19,2019-10-25 11:00:05,34,117,195,152,152,151,1,https://pemilu2019.kpu.go.id/img/c/900/028/900028818/2-9002-19-C1-PPWP-X1.jpg,https://pemilu2019.kpu.go.id/img/c/900/028/900028818/2-9002-19-C1-PPWP-X2.jpg
6728868889919002900028819,SUMATERA UTARA,DELI SERDANG,HAMPARAN PERAK,PAYA BAKUNG,TPS 20,2019-10-25 11:00:05,27,202,288,229,229,229,0,https://pemilu2019.kpu.go.id/img/c/900/028/900028819/2-9002-20-C1-PPWP-X1.jpg,https://pemilu2019.kpu.go.id/img/c/900/028/900028819/2-9002-20-C1-PPWP-X2.jpg
6728868889919002900028820,SUMATERA UTARA,DELI SERDANG,HAMPARAN PERAK,PAYA BAKUNG,TPS 21,2019-10-25 11:00:05,35,128,205,164,164,163,1,https://pemilu2019.kpu.go.id/img/c/900/028/900028820/1-9002-21-C1-PPWP-X1.jpg,https://pemilu2019.kpu.go.id/img/c/900/028/900028820/1-9002-21-C1-PPWP-X2.jpg
6728868889919002900028821,SUMATERA UTARA,DELI SERDANG,HAMPARAN PERAK,PAYA BAKUNG,TPS 22,2019-10-25 11:00:05,50,141,258,192,192,191,1,https://pemilu2019.kpu.go.id/img/c/900/028/900028821/1-9002-22-C-XXX-X5.jpg,https://pemilu2019.kpu.go.id/img/c/900/028/900028821/1-9002-22-C-XXX-X6.jpg
6728868889919002900028822,SUMATERA UTARA,DELI SERDANG,HAMPARAN PERAK,PAYA BAKUNG,TPS 23,2019-10-25 11:00:05,72,145,292,217,217,217,0,https://pemilu2019.kpu.go.id/img/c/900/028/900028822/1-9002-23-C1-PPWP-X1.jpg,https://pemilu2019.kpu.go.id/img/c/900/028/900028822/1-9002-23-C1-PPWP-X2.jpg
6728868889919002900028823,SUMATERA UTARA,DELI SERDANG,HAMPARAN PERAK,PAYA BAKUNG,TPS 24,2019-10-25 11:00:05,80,149,269,230,230,229,1,https://pemilu2019.kpu.go.id/img/c/900/028/900028823/1-9002-24-C1-PPWP-X1.jpg,https://pemilu2019.kpu.go.id/img/c/900/028/900028823/1-9002-24-C1-PPWP-X2.jpg
6728868889919002900028824,SUMATERA UTARA,DELI SERDANG,HAMPARAN PERAK,PAYA BAKUNG,TPS 25,2019-10-25 11:00:05,77,159,271,240,240,236,4,https://pemilu2019.kpu.go.id/img/c/900/028/900028824/1-9002-25-C1-PPWP-X1.jpg,https://pemilu2019.kpu.go.id/img/c/900/028/900028824/1-9002-25-C1-PPWP-X2.jpg
6728868889919002900028825,SUMATERA UTARA,DELI SERDANG,HAMPARAN PERAK,PAYA BAKUNG,TPS 26,2019-10-25 11:00:05,88,146,268,238,238,234,4,https://pemilu2019.kpu.go.id/img/c/900/028/900028825/1-9002-26-C1-PPWP-X1.jpg,https://pemilu2019.kpu.go.id/img/c/900/028/900028825/1-9002-26-C1-PPWP-X2.jpg
6728868889919002900028826,SUMATERA UTARA,DELI SERDANG,HAMPARAN PERAK,PAYA BAKUNG,TPS 27,2019-10-25 11:00:05,112,100,275,212,212,212,0,https://pemilu2019.kpu.go.id/img/c/900/028/900028826/1-9002-27-C1-PPWP-X1.jpg,https://pemilu2019.kpu.go.id/img/c/900/028/900028826/1-9002-27-C1-PPWP-X2.jpg
6728868889919002900028827,SUMATERA UTARA,DELI SERDANG,HAMPARAN PERAK,PAYA BAKUNG,TPS 28,2019-10-25 11:00:05,75,106,231,183,183,181,2,https://pemilu2019.kpu.go.id/img/c/900/028/900028827/1-9002-28-C1-PPWP-X1.jpg,https://pemilu2019.kpu.go.id/img/c/900/028/900028827/1-9002-28-C1-PPWP-X2.jpg
6728868889919002900028828,SUMATERA UTARA,DELI SERDANG,HAMPARAN PERAK,PAYA BAKUNG,TPS 29,2019-10-25 11:00:05,77,119,223,196,196,196,0,https://pemilu2019.kpu.go.id/img/c/900/028/900028828/1-9002-29-C1-PPWP-X1.jpg,https://pemilu2019.kpu.go.id/img/c/900/028/900028828/1-9002-29-C1-PPWP-X2.jpg
6728868889919002900028829,SUMATERA UTARA,DELI SERDANG,HAMPARAN PERAK,PAYA BAKUNG,TPS 30,2019-10-25 11:00:05,96,133,275,233,233,229,4,https://pemilu2019.kpu.go.id/img/c/900/028/900028829/1-9002-30-C1-PPWP-X1.jpg,https://pemilu2019.kpu.go.id/img/c/900/028/900028829/1-9002-30-C1-PPWP-X2.jpg
6728868889919002900028830,SUMATERA UTARA,DELI SERDANG,HAMPARAN PERAK,PAYA BAKUNG,TPS 31,2019-10-25 11:00:05,80,138,273,220,220,218,2,https://pemilu2019.kpu.go.id/img/c/900/028/900028830/1-9002-31-C1-PPWP-X1.jpg,https://pemilu2019.kpu.go.id/img/c/900/028/900028830/1-9002-31-C1-PPWP-X2.jpg
6728868889919002900028831,SUMATERA UTARA,DELI SERDANG,HAMPARAN PERAK,PAYA BAKUNG,TPS 32,2019-10-25 11:00:05,21,20,55,42,42,41,1,https://pemilu2019.kpu.go.id/img/c/900/028/900028831/1-9002-32-C1-PPWP-X1.jpg,https://pemilu2019.kpu.go.id/img/c/900/028/900028831/1-9002-32-C1-PPWP-X2.jpg
6728868889919002900028832,SUMATERA UTARA,DELI SERDANG,HAMPARAN PERAK,PAYA BAKUNG,TPS 33,2019-10-25 11:00:05,73,102,265,176,176,175,1,https://pemilu2019.kpu.go.id/img/c/900/028/900028832/1-9002-33-C1-PPWP-X1.jpg,https://pemilu2019.kpu.go.id/img/c/900/028/900028832/1-9002-33-C1-PPWP-X2.jpg
6728868889919002900028833,SUMATERA UTARA,DELI SERDANG,HAMPARAN PERAK,PAYA BAKUNG,TPS 34,2019-10-25 11:00:05,15,30,79,47,47,45,2,https://pemilu2019.kpu.go.id/img/c/900/028/900028833/1-9002-34-C1-PPWP-X1.jpg,https://pemilu2019.kpu.go.id/img/c/900/028/900028833/1-9002-34-C1-PPWP-X2.jpg
6728868889919002900028834,SUMATERA UTARA,DELI SERDANG,HAMPARAN PERAK,PAYA BAKUNG,TPS 35,2019-10-25 11:00:05,11,19,42,31,31,30,1,https://pemilu2019.kpu.go.id/img/c/900/028/900028834/2-9002-35-C1-PPWP-X1.jpg,https://pemilu2019.kpu.go.id/img/c/900/028/900028834/2-9002-35-C1-PPWP-X2.jpg
6728868889918993900028624,SUMATERA UTARA,DELI SERDANG,HAMPARAN PERAK,SEI BAHARU,TPS 01,2019-10-25 11:00:05,25,208,284,236,236,233,3,https://pemilu2019.kpu.go.id/img/c/900/028/900028624/1-8993-01-C1-PPWP-X1.jpg,https://pemilu2019.kpu.go.id/img/c/900/028/900028624/1-8993-01-C1-PPWP-X2.jpg
6728868889918993900028625,SUMATERA UTARA,DELI SERDANG,HAMPARAN PERAK,SEI BAHARU,TPS 02,2019-10-25 11:00:05,38,206,303,246,246,244,2,https://pemilu2019.kpu.go.id/img/c/900/028/900028625/1-8993-02-C1-PPWP-X1.jpg,https://pemilu2019.kpu.go.id/img/c/900/028/900028625/1-8993-02-C1-PPWP-X2.jpg
6728868889918993900028626,SUMATERA UTARA,DELI SERDANG,HAMPARAN PERAK,SEI BAHARU,TPS 03,2019-10-25 11:00:05,12,183,270,196,196,195,1,https://pemilu2019.kpu.go.id/img/c/900/028/900028626/1-8993-03-C-XXX-X5.jpg,https://pemilu2019.kpu.go.id/img/c/900/028/900028626/1-8993-03-C-XXX-X6.jpg
6728868889918993900028627,SUMATERA UTARA,DELI SERDANG,HAMPARAN PERAK,SEI BAHARU,TPS 04,2019-10-25 11:00:05,41,195,308,237,237,236,1,https://pemilu2019.kpu.go.id/img/c/900/028/900028627/1-8993-04-C-XXX-X5.jpg,https://pemilu2019.kpu.go.id/img/c/900/028/900028627/1-8993-04-C-XXX-X6.jpg
6728868889918993900028628,SUMATERA UTARA,DELI SERDANG,HAMPARAN PERAK,SEI BAHARU,TPS 05,2019-10-25 11:00:05,34,189,293,227,227,223,4,https://pemilu2019.kpu.go.id/img/c/900/028/900028628/1-8993-05-C-XXX-X5.jpg,https://pemilu2019.kpu.go.id/img/c/900/028/900028628/1-8993-05-C-XXX-X6.jpg
6728868889918993900028629,SUMATERA UTARA,DELI SERDANG,HAMPARAN PERAK,SEI BAHARU,TPS 06,2019-10-25 11:00:05,35,171,309,209,209,206,3,https://pemilu2019.kpu.go.id/img/c/900/028/900028629/1-8993-06-C-XXX-X5.jpg,https://pemilu2019.kpu.go.id/img/c/900/028/900028629/1-8993-06-C-XXX-X6.jpg
6728868889918993900028630,SUMATERA UTARA,DELI SERDANG,HAMPARAN PERAK,SEI BAHARU,TPS 07,2019-10-25 11:00:05,37,143,227,180,180,180,0,https://pemilu2019.kpu.go.id/img/c/900/028/900028630/1-8993-07-C1-PPWP-X1.jpg,https://pemilu2019.kpu.go.id/img/c/900/028/900028630/1-8993-07-C1-PPWP-X2.jpg
6728868889918993900028631,SUMATERA UTARA,DELI SERDANG,HAMPARAN PERAK,SEI BAHARU,TPS 08,2019-10-25 11:00:05,14,191,268,208,208,205,3,https://pemilu2019.kpu.go.id/img/c/900/028/900028631/1-8993-08-C1-PPWP-X1.jpg,https://pemilu2019.kpu.go.id/img/c/900/028/900028631/1-8993-08-C1-PPWP-X2.jpg
6728868889918993900028632,SUMATERA UTARA,DELI SERDANG,HAMPARAN PERAK,SEI BAHARU,TPS 09,2019-10-25 11:00:05,16,211,285,230,230,227,3,https://pemilu2019.kpu.go.id/img/c/900/028/900028632/1-8993-09-C1-PPWP-X1.jpg,https://pemilu2019.kpu.go.id/img/c/900/028/900028632/1-8993-09-C1-PPWP-X2.jpg
6728868889918993900028633,SUMATERA UTARA,DELI SERDANG,HAMPARAN PERAK,SEI BAHARU,TPS 10,2019-10-25 11:00:05,19,177,219,197,197,196,1,https://pemilu2019.kpu.go.id/img/c/900/028/900028633/1-8993-10-C1-PPWP-X1.jpg,https://pemilu2019.kpu.go.id/img/c/900/028/900028633/1-8993-10-C1-PPWP-X2.jpg
6728868889918993900028634,SUMATERA UTARA,DELI SERDANG,HAMPARAN PERAK,SEI BAHARU,TPS 11,2019-10-25 11:00:05,8,40,110,49,49,48,1,https://pemilu2019.kpu.go.id/img/c/900/028/900028634/1-8993-11-C1-PPWP-X1.jpg,https://pemilu2019.kpu.go.id/img/c/900/028/900028634/1-8993-11-C1-PPWP-X2.jpg
6728868889918999900028737,SUMATERA UTARA,DELI SERDANG,HAMPARAN PERAK,SELEMAK,TPS 01,2019-10-25 11:00:05,33,192,270,228,228,225,3,https://pemilu2019.kpu.go.id/img/c/900/028/900028737/1-8999-01-C1-PPWP-X1.jpg,https://pemilu2019.kpu.go.id/img/c/900/028/900028737/1-8999-01-C1-PPWP-X2.jpg
6728868889918999900028738,SUMATERA UTARA,DELI SERDANG,HAMPARAN PERAK,SELEMAK,TPS 02,2019-10-25 11:00:05,47,170,264,223,223,217,6,https://pemilu2019.kpu.go.id/img/c/900/028/900028738/1-8999-02-C1-PPWP-X1.jpg,https://pemilu2019.kpu.go.id/img/c/900/028/900028738/1-8999-02-C1-PPWP-X2.jpg
6728868889918999900028739,SUMATERA UTARA,DELI SERDANG,HAMPARAN PERAK,SELEMAK,TPS 03,2019-10-25 11:00:05,44,164,261,211,211,208,3,https://pemilu2019.kpu.go.id/img/c/900/028/900028739/1-8999-03-C-XXX-X5.jpg,https://pemilu2019.kpu.go.id/img/c/900/028/900028739/1-8999-03-C-XXX-X6.jpg
6728868889918999900028740,SUMATERA UTARA,DELI SERDANG,HAMPARAN PERAK,SELEMAK,TPS 04,2019-10-25 11:00:05,35,145,240,180,180,180,0,https://pemilu2019.kpu.go.id/img/c/900/028/900028740/1-8999-04-C1-PPWP-X1.jpg,https://pemilu2019.kpu.go.id/img/c/900/028/900028740/1-8999-04-C1-PPWP-X2.jpg
6728868889918999900028741,SUMATERA UTARA,DELI SERDANG,HAMPARAN PERAK,SELEMAK,TPS 05,2019-10-25 11:00:05,32,154,257,189,189,186,3,https://pemilu2019.kpu.go.id/img/c/900/028/900028741/1-8999-05-C1-PPWP-X1.jpg,https://pemilu2019.kpu.go.id/img/c/900/028/900028741/1-8999-05-C1-PPWP-X2.jpg
6728868889918999900028742,SUMATERA UTARA,DELI SERDANG,HAMPARAN PERAK,SELEMAK,TPS 06,2019-10-25 11:00:05,38,123,257,161,161,161,0,https://pemilu2019.kpu.go.id/img/c/900/028/900028742/1-8999-06-C-XXX-X5.jpg,https://pemilu2019.kpu.go.id/img/c/900/028/900028742/1-8999-06-C-XXX-X6.jpg
6728868889918999900028743,SUMATERA UTARA,DELI SERDANG,HAMPARAN PERAK,SELEMAK,TPS 07,2019-10-25 11:00:05,45,151,259,199,199,196,3,https://pemilu2019.kpu.go.id/img/c/900/028/900028743/1-8999-07-C1-PPWP-X1.jpg,https://pemilu2019.kpu.go.id/img/c/900/028/900028743/1-8999-07-C1-PPWP-X2.jpg
6728868889918999900028744,SUMATERA UTARA,DELI SERDANG,HAMPARAN PERAK,SELEMAK,TPS 08,2019-10-25 11:00:05,49,142,250,194,194,191,3,https://pemilu2019.kpu.go.id/img/c/900/028/900028744/1-8999-08-C-XXX-X5.jpg,https://pemilu2019.kpu.go.id/img/c/900/028/900028744/1-8999-08-C-XXX-X6.jpg
6728868889918999900028745,SUMATERA UTARA,DELI SERDANG,HAMPARAN PERAK,SELEMAK,TPS 09,2019-10-25 11:00:05,151,65,280,217,217,216,1,https://pemilu2019.kpu.go.id/img/c/900/028/900028745/1-8999-09-C-XXX-X5.jpg,https://pemilu2019.kpu.go.id/img/c/900/028/900028745/1-8999-09-C-XXX-X6.jpg
6728868889918999900028746,SUMATERA UTARA,DELI SERDANG,HAMPARAN PERAK,SELEMAK,TPS 10,2019-10-25 11:00:05,24,97,254,123,123,121,2,https://pemilu2019.kpu.go.id/img/c/900/028/900028746/1-8999-10-C-XXX-X5.jpg,https://pemilu2019.kpu.go.id/img/c/900/028/900028746/1-8999-10-C-XXX-X6.jpg
6728868889919001900028795,SUMATERA UTARA,DELI SERDANG,HAMPARAN PERAK,SIALANG MUDA,TPS 1,2019-10-25 11:00:05,53,171,289,229,229,224,5,https://pemilu2019.kpu.go.id/img/c/900/028/900028795/2-9001-1-C-XXX-X5.jpg,https://pemilu2019.kpu.go.id/img/c/900/028/900028795/2-9001-1-C-XXX-X6.jpg
6728868889919001900028796,SUMATERA UTARA,DELI SERDANG,HAMPARAN PERAK,SIALANG MUDA,TPS 2,2019-10-25 11:00:05,27,178,247,207,207,205,2,https://pemilu2019.kpu.go.id/img/c/900/028/900028796/2-9001-2-C-XXX-X5.jpg,https://pemilu2019.kpu.go.id/img/c/900/028/900028796/2-9001-2-C-XXX-X6.jpg
6728868889919001900028797,SUMATERA UTARA,DELI SERDANG,HAMPARAN PERAK,SIALANG MUDA,TPS 3,2019-10-25 11:00:05,42,186,259,231,231,228,3,https://pemilu2019.kpu.go.id/img/c/900/028/900028797/2-9001-3-C-XXX-X5.jpg,https://pemilu2019.kpu.go.id/img/c/900/028/900028797/2-9001-3-C-XXX-X6.jpg
6728868889919001900028798,SUMATERA UTARA,DELI SERDANG,HAMPARAN PERAK,SIALANG MUDA,TPS 4,2019-10-25 11:00:05,19,173,221,194,194,192,2,https://pemilu2019.kpu.go.id/img/c/900/028/900028798/3-9001-4-C-XXX-X5.jpg,https://pemilu2019.kpu.go.id/img/c/900/028/900028798/3-9001-4-C-XXX-X6.jpg
6728868889919001900028799,SUMATERA UTARA,DELI SERDANG,HAMPARAN PERAK,SIALANG MUDA,TPS 5,2019-10-25 11:00:05,15,80,161,95,95,95,0,https://pemilu2019.kpu.go.id/img/c/900/028/900028799/2-9001-5-C-XXX-X5.jpg,https://pemilu2019.kpu.go.id/img/c/900/028/900028799/2-9001-5-C-XXX-X6.jpg
6728868889919004900028843,SUMATERA UTARA,DELI SERDANG,HAMPARAN PERAK,TANDEM HILIR I,TPS 01,2019-10-25 11:00:05,58,104,256,163,163,162,1,https://pemilu2019.kpu.go.id/img/c/900/028/900028843/1-9004-01-C1-PPWP-X1.jpg,https://pemilu2019.kpu.go.id/img/c/900/028/900028843/1-9004-01-C1-PPWP-X2.jpg
6728868889919004900028844,SUMATERA UTARA,DELI SERDANG,HAMPARAN PERAK,TANDEM HILIR I,TPS 02,2019-10-25 11:00:05,53,102,236,156,156,155,1,https://pemilu2019.kpu.go.id/img/c/900/028/900028844/1-9004-02-C1-PPWP-X3.jpg,https://pemilu2019.kpu.go.id/img/c/900/028/900028844/1-9004-02-C1-PPWP-X4.jpg
6728868889919004900028845,SUMATERA UTARA,DELI SERDANG,HAMPARAN PERAK,TANDEM HILIR I,TPS 03,2019-10-25 11:00:05,50,73,248,123,123,123,0,https://pemilu2019.kpu.go.id/img/c/900/028/900028845/9004-03-C1-PPWP-X1.jpg,https://pemilu2019.kpu.go.id/img/c/900/028/900028845/9004-03-C1-PPWP-X2.jpg
6728868889919004900028846,SUMATERA UTARA,DELI SERDANG,HAMPARAN PERAK,TANDEM HILIR I,TPS 04,2019-10-25 11:00:05,63,86,243,149,149,149,0,https://pemilu2019.kpu.go.id/img/c/900/028/900028846/9004-04-C1-PPWP-X1.jpg,https://pemilu2019.kpu.go.id/img/c/900/028/900028846/9004-04-C1-PPWP-X2.jpg
6728868889919004900028847,SUMATERA UTARA,DELI SERDANG,HAMPARAN PERAK,TANDEM HILIR I,TPS 05,2019-10-25 11:00:05,66,50,243,117,117,116,1,https://pemilu2019.kpu.go.id/img/c/900/028/900028847/9004-05-C1-PPWP-X1.jpg,https://pemilu2019.kpu.go.id/img/c/900/028/900028847/9004-05-C1-PPWP-X2.jpg
6728868889919004900028848,SUMATERA UTARA,DELI SERDANG,HAMPARAN PERAK,TANDEM HILIR I,TPS 06,2019-10-25 11:00:05,113,23,245,137,137,136,1,https://pemilu2019.kpu.go.id/img/c/900/028/900028848/9004-06-C1-PPWP-X1.jpg,https://pemilu2019.kpu.go.id/img/c/900/028/900028848/9004-06-C1-PPWP-X2.jpg
6728868889919004900028849,SUMATERA UTARA,DELI SERDANG,HAMPARAN PERAK,TANDEM HILIR I,TPS 07,2019-10-25 11:00:05,128,10,250,138,138,138,0,https://pemilu2019.kpu.go.id/img/c/900/028/900028849/9004-07-C1-PPWP-X1.jpg,https://pemilu2019.kpu.go.id/img/c/900/028/900028849/9004-07-C1-PPWP-X2.jpg
6728868889919004900028850,SUMATERA UTARA,DELI SERDANG,HAMPARAN PERAK,TANDEM HILIR I,TPS 08,2019-10-25 11:00:05,128,20,229,149,149,148,1,https://pemilu2019.kpu.go.id/img/c/900/028/900028850/9004-08-C1-PPWP-X1.jpg,https://pemilu2019.kpu.go.id/img/c/900/028/900028850/9004-08-C1-PPWP-X2.jpg
6728868889919004900028851,SUMATERA UTARA,DELI SERDANG,HAMPARAN PERAK,TANDEM HILIR I,TPS 09,2019-10-25 11:00:05,92,33,234,125,125,125,0,https://pemilu2019.kpu.go.id/img/c/900/028/900028851/1-9004-09-C1-PPWP-X1.jpg,https://pemilu2019.kpu.go.id/img/c/900/028/900028851/1-9004-09-C1-PPWP-X2.jpg
6728868889919004900028852,SUMATERA UTARA,DELI SERDANG,HAMPARAN PERAK,TANDEM HILIR I,TPS 10,2019-10-25 11:00:05,67,88,253,157,157,155,2,https://pemilu2019.kpu.go.id/img/c/900/028/900028852/9004-10-C1-PPWP-X1.jpg,https://pemilu2019.kpu.go.id/img/c/900/028/900028852/9004-10-C1-PPWP-X2.jpg
6728868889919004900028853,SUMATERA UTARA,DELI SERDANG,HAMPARAN PERAK,TANDEM HILIR I,TPS 11,2019-10-25 11:00:05,55,107,249,163,163,162,1,https://pemilu2019.kpu.go.id/img/c/900/028/900028853/9004-11-C1-PPWP-X1.jpg,https://pemilu2019.kpu.go.id/img/c/900/028/900028853/9004-11-C1-PPWP-X2.jpg
6728868889919004900028854,SUMATERA UTARA,DELI SERDANG,HAMPARAN PERAK,TANDEM HILIR I,TPS 12,2019-10-25 11:00:05,60,101,251,161,161,161,0,https://pemilu2019.kpu.go.id/img/c/900/028/900028854/9004-12-C1-PPWP-X1.jpg,https://pemilu2019.kpu.go.id/img/c/900/028/900028854/9004-12-C1-PPWP-X2.jpg
6728868889919004900028855,SUMATERA UTARA,DELI SERDANG,HAMPARAN PERAK,TANDEM HILIR I,TPS 13,2019-10-25 11:00:05,45,100,239,150,150,145,5,https://pemilu2019.kpu.go.id/img/c/900/028/900028855/2-9004-13-C-XXX-X5.jpg,https://pemilu2019.kpu.go.id/img/c/900/028/900028855/2-9004-13-C-XXX-X6.jpg
6728868889919004900028856,SUMATERA UTARA,DELI SERDANG,HAMPARAN PERAK,TANDEM HILIR I,TPS 14,2019-10-25 11:00:05,63,107,246,170,170,170,0,https://pemilu2019.kpu.go.id/img/c/900/028/900028856/9004-14-C1-PPWP-X1.jpg,https://pemilu2019.kpu.go.id/img/c/900/028/900028856/9004-14-C1-PPWP-X2.jpg
6728868889919004900028857,SUMATERA UTARA,DELI SERDANG,HAMPARAN PERAK,TANDEM HILIR I,TPS 15,2019-10-25 11:00:05,51,83,236,135,135,134,1,https://pemilu2019.kpu.go.id/img/c/900/028/900028857/9004-15-C1-PPWP-X1.jpg,https://pemilu2019.kpu.go.id/img/c/900/028/900028857/9004-15-C1-PPWP-X2.jpg
6728868889919004900028858,SUMATERA UTARA,DELI SERDANG,HAMPARAN PERAK,TANDEM HILIR I,TPS 16,2019-10-25 11:00:05,38,103,233,141,141,141,0,https://pemilu2019.kpu.go.id/img/c/900/028/900028858/9004-16-C1-PPWP-X1.jpg,https://pemilu2019.kpu.go.id/img/c/900/028/900028858/9004-16-C1-PPWP-X2.jpg
6728868889919004900028859,SUMATERA UTARA,DELI SERDANG,HAMPARAN PERAK,TANDEM HILIR I,TPS 17,2019-10-25 11:00:05,45,116,257,163,163,161,2,https://pemilu2019.kpu.go.id/img/c/900/028/900028859/2-9004-17-C1-PPWP-X1.jpg,https://pemilu2019.kpu.go.id/img/c/900/028/900028859/2-9004-17-C1-PPWP-X2.jpg
6728868889919004900028860,SUMATERA UTARA,DELI SERDANG,HAMPARAN PERAK,TANDEM HILIR I,TPS 18,2019-10-25 11:00:05,38,89,244,127,127,127,0,https://pemilu2019.kpu.go.id/img/c/900/028/900028860/9004-18-C1-PPWP-X1.jpg,https://pemilu2019.kpu.go.id/img/c/900/028/900028860/9004-18-C1-PPWP-X2.jpg
6728868889919004900028861,SUMATERA UTARA,DELI SERDANG,HAMPARAN PERAK,TANDEM HILIR I,TPS 19,2019-10-25 11:00:05,48,113,247,162,162,161,1,https://pemilu2019.kpu.go.id/img/c/900/028/900028861/1-9004-19-C1-PPWP-X1.jpg,https://pemilu2019.kpu.go.id/img/c/900/028/900028861/1-9004-19-C1-PPWP-X2.jpg
6728868889919004900028862,SUMATERA UTARA,DELI SERDANG,HAMPARAN PERAK,TANDEM HILIR I,TPS 20,2019-10-25 11:00:05,43,86,233,129,129,129,0,https://pemilu2019.kpu.go.id/img/c/900/028/900028862/9004-20-C1-PPWP-X1.jpg,https://pemilu2019.kpu.go.id/img/c/900/028/900028862/9004-20-C1-PPWP-X2.jpg
6728868889919004900028863,SUMATERA UTARA,DELI SERDANG,HAMPARAN PERAK,TANDEM HILIR I,TPS 21,2019-10-25 11:00:05,38,128,247,169,169,166,3,https://pemilu2019.kpu.go.id/img/c/900/028/900028863/1-9004-21-C1-PPWP-X1.jpg,https://pemilu2019.kpu.go.id/img/c/900/028/900028863/1-9004-21-C1-PPWP-X2.jpg
6728868889919004900028864,SUMATERA UTARA,DELI SERDANG,HAMPARAN PERAK,TANDEM HILIR I,TPS 22,2019-10-25 11:00:05,37,111,236,148,148,148,0,https://pemilu2019.kpu.go.id/img/c/900/028/900028864/9004-22-C1-PPWP-X1.jpg,https://pemilu2019.kpu.go.id/img/c/900/028/900028864/9004-22-C1-PPWP-X2.jpg
6728868889919004900028865,SUMATERA UTARA,DELI SERDANG,HAMPARAN PERAK,TANDEM HILIR I,TPS 23,2019-10-25 11:00:05,45,97,241,142,142,142,0,https://pemilu2019.kpu.go.id/img/c/900/028/900028865/2-9004-23-C1-PPWP-X1.jpg,https://pemilu2019.kpu.go.id/img/c/900/028/900028865/2-9004-23-C1-PPWP-X2.jpg
6728868889919004900028866,SUMATERA UTARA,DELI SERDANG,HAMPARAN PERAK,TANDEM HILIR I,TPS 24,2019-10-25 11:00:05,62,155,288,221,221,217,4,https://pemilu2019.kpu.go.id/img/c/900/028/900028866/1-9004-24-C1-PPWP-X1.jpg,https://pemilu2019.kpu.go.id/img/c/900/028/900028866/1-9004-24-C1-PPWP-X2.jpg
6728868889919004900028867,SUMATERA UTARA,DELI SERDANG,HAMPARAN PERAK,TANDEM HILIR I,TPS 25,2019-10-25 11:00:05,74,125,270,200,200,199,1,https://pemilu2019.kpu.go.id/img/c/900/028/900028867/9004-25-C1-PPWP-X1.jpg,https://pemilu2019.kpu.go.id/img/c/900/028/900028867/9004-25-C1-PPWP-X2.jpg
6728868889919004900028868,SUMATERA UTARA,DELI SERDANG,HAMPARAN PERAK,TANDEM HILIR I,TPS 26,2019-10-25 11:00:05,86,139,308,230,230,225,5,https://pemilu2019.kpu.go.id/img/c/900/028/900028868/9004-26-C1-PPWP-X1.jpg,https://pemilu2019.kpu.go.id/img/c/900/028/900028868/9004-26-C1-PPWP-X2.jpg
6728868889919004900028869,SUMATERA UTARA,DELI SERDANG,HAMPARAN PERAK,TANDEM HILIR I,TPS 27,2019-10-25 11:00:05,68,146,283,219,219,214,5,https://pemilu2019.kpu.go.id/img/c/900/028/900028869/9004-27-C1-PPWP-X1.jpg,https://pemilu2019.kpu.go.id/img/c/900/028/900028869/9004-27-C1-PPWP-X2.jpg
6728868889919004900028870,SUMATERA UTARA,DELI SERDANG,HAMPARAN PERAK,TANDEM HILIR I,TPS 28,2019-10-25 11:00:05,71,122,268,197,197,193,4,https://pemilu2019.kpu.go.id/img/c/900/028/900028870/9004-28-C1-PPWP-X1.jpg,https://pemilu2019.kpu.go.id/img/c/900/028/900028870/9004-28-C1-PPWP-X2.jpg
6728868889919004900028871,SUMATERA UTARA,DELI SERDANG,HAMPARAN PERAK,TANDEM HILIR I,TPS 29,2019-10-25 11:00:05,74,118,306,195,195,192,3,https://pemilu2019.kpu.go.id/img/c/900/028/900028871/9004-29-C1-PPWP-X1.jpg,https://pemilu2019.kpu.go.id/img/c/900/028/900028871/9004-29-C1-PPWP-X2.jpg
6728868889919004900028872,SUMATERA UTARA,DELI SERDANG,HAMPARAN PERAK,TANDEM HILIR I,TPS 30,2019-10-25 11:00:05,73,139,274,213,213,212,1,https://pemilu2019.kpu.go.id/img/c/900/028/900028872/9004-30-C1-PPWP-X1.jpg,https://pemilu2019.kpu.go.id/img/c/900/028/900028872/9004-30-C1-PPWP-X2.jpg
6728868889919004900028873,SUMATERA UTARA,DELI SERDANG,HAMPARAN PERAK,TANDEM HILIR I,TPS 31,2019-10-25 11:00:05,35,111,226,150,150,146,4,https://pemilu2019.kpu.go.id/img/c/900/028/900028873/9004-31-C1-PPWP-X1.jpg,https://pemilu2019.kpu.go.id/img/c/900/028/900028873/9004-31-C1-PPWP-X2.jpg
6728868889919004900028874,SUMATERA UTARA,DELI SERDANG,HAMPARAN PERAK,TANDEM HILIR I,TPS 32,2019-10-25 11:00:05,67,137,256,209,209,204,5,https://pemilu2019.kpu.go.id/img/c/900/028/900028874/9004-32-C1-PPWP-X1.jpg,https://pemilu2019.kpu.go.id/img/c/900/028/900028874/9004-32-C1-PPWP-X2.jpg
6728868889919005900028875,SUMATERA UTARA,DELI SERDANG,HAMPARAN PERAK,TANDEM HILIR II,TPS 01,2019-10-25 11:00:05,39,159,233,198,198,198,0,https://pemilu2019.kpu.go.id/img/c/900/028/900028875/1-9005-01-C1-PPWP-X1.jpg,https://pemilu2019.kpu.go.id/img/c/900/028/900028875/1-9005-01-C1-PPWP-X2.jpg
6728868889919005900028876,SUMATERA UTARA,DELI SERDANG,HAMPARAN PERAK,TANDEM HILIR II,TPS 02,2019-10-25 11:00:05,42,135,218,179,179,177,2,https://pemilu2019.kpu.go.id/img/c/900/028/900028876/1-9005-02-C1-PPWP-X1.jpg,https://pemilu2019.kpu.go.id/img/c/900/028/900028876/1-9005-02-C1-PPWP-X2.jpg
6728868889919005900028877,SUMATERA UTARA,DELI SERDANG,HAMPARAN PERAK,TANDEM HILIR II,TPS 03,2019-10-25 11:00:05,41,146,212,188,188,187,1,https://pemilu2019.kpu.go.id/img/c/900/028/900028877/2-9005-03-C1-PPWP-X1.jpg,https://pemilu2019.kpu.go.id/img/c/900/028/900028877/2-9005-03-C1-PPWP-X2.jpg
6728868889919005900028878,SUMATERA UTARA,DELI SERDANG,HAMPARAN PERAK,TANDEM HILIR II,TPS 04,2019-10-25 11:00:05,30,136,200,168,168,166,2,https://pemilu2019.kpu.go.id/img/c/900/028/900028878/1-9005-04-C1-PPWP-X1.jpg,https://pemilu2019.kpu.go.id/img/c/900/028/900028878/1-9005-04-C1-PPWP-X2.jpg
6728868889919005900028879,SUMATERA UTARA,DELI SERDANG,HAMPARAN PERAK,TANDEM HILIR II,TPS 05,2019-10-25 11:00:05,51,112,232,166,166,163,3,https://pemilu2019.kpu.go.id/img/c/900/028/900028879/1-9005-05-C1-PPWP-X1.jpg,https://pemilu2019.kpu.go.id/img/c/900/028/900028879/1-9005-05-C1-PPWP-X2.jpg
6728868889919005900028880,SUMATERA UTARA,DELI SERDANG,HAMPARAN PERAK,TANDEM HILIR II,TPS 06,2019-10-25 11:00:05,48,91,173,141,141,139,2,https://pemilu2019.kpu.go.id/img/c/900/028/900028880/1-9005-06-C1-PPWP-X1.jpg,https://pemilu2019.kpu.go.id/img/c/900/028/900028880/1-9005-06-C1-PPWP-X2.jpg
6728868889919005900028881,SUMATERA UTARA,DELI SERDANG,HAMPARAN PERAK,TANDEM HILIR II,TPS 07,2019-10-25 11:00:05,112,76,209,193,193,188,5,https://pemilu2019.kpu.go.id/img/c/900/028/900028881/2-9005-07-C1-PPWP-X1.jpg,https://pemilu2019.kpu.go.id/img/c/900/028/900028881/2-9005-07-C1-PPWP-X2.jpg
6728868889919005900028882,SUMATERA UTARA,DELI SERDANG,HAMPARAN PERAK,TANDEM HILIR II,TPS 08,2019-10-25 11:00:05,92,82,205,178,178,174,4,https://pemilu2019.kpu.go.id/img/c/900/028/900028882/1-9005-08-C1-PPWP-X1.jpg,https://pemilu2019.kpu.go.id/img/c/900/028/900028882/1-9005-08-C1-PPWP-X2.jpg
6728868889919005900028883,SUMATERA UTARA,DELI SERDANG,HAMPARAN PERAK,TANDEM HILIR II,TPS 09,2019-10-25 11:00:05,115,110,259,226,226,225,1,https://pemilu2019.kpu.go.id/img/c/900/028/900028883/2-9005-09-C1-PPWP-X1.jpg,https://pemilu2019.kpu.go.id/img/c/900/028/900028883/2-9005-09-C1-PPWP-X2.jpg
6728868889919005900028884,SUMATERA UTARA,DELI SERDANG,HAMPARAN PERAK,TANDEM HILIR II,TPS 10,2019-10-25 11:00:05,75,109,234,185,185,184,1,https://pemilu2019.kpu.go.id/img/c/900/028/900028884/1-9005-10-C1-PPWP-X1.jpg,https://pemilu2019.kpu.go.id/img/c/900/028/900028884/1-9005-10-C1-PPWP-X2.jpg
6728868889919005900028885,SUMATERA UTARA,DELI SERDANG,HAMPARAN PERAK,TANDEM HILIR II,TPS 11,2019-10-25 11:00:05,89,104,244,197,197,193,4,https://pemilu2019.kpu.go.id/img/c/900/028/900028885/1-9005-11-C1-PPWP-X1.jpg,https://pemilu2019.kpu.go.id/img/c/900/028/900028885/1-9005-11-C1-PPWP-X2.jpg
6728868889919005900028886,SUMATERA UTARA,DELI SERDANG,HAMPARAN PERAK,TANDEM HILIR II,TPS 12,2019-10-25 11:00:05,53,98,182,153,153,151,2,https://pemilu2019.kpu.go.id/img/c/900/028/900028886/1-9005-12-C1-PPWP-X1.jpg,https://pemilu2019.kpu.go.id/img/c/900/028/900028886/1-9005-12-C1-PPWP-X2.jpg
6728868889919005900028887,SUMATERA UTARA,DELI SERDANG,HAMPARAN PERAK,TANDEM HILIR II,TPS 13,2019-10-25 11:00:05,58,78,170,138,138,136,2,https://pemilu2019.kpu.go.id/img/c/900/028/900028887/1-9005-13-C1-PPWP-X1.jpg,https://pemilu2019.kpu.go.id/img/c/900/028/900028887/1-9005-13-C1-PPWP-X2.jpg
6728868889919005900028888,SUMATERA UTARA,DELI SERDANG,HAMPARAN PERAK,TANDEM HILIR II,TPS 14,2019-10-25 11:00:05,146,66,260,218,218,212,6,https://pemilu2019.kpu.go.id/img/c/900/028/900028888/1-9005-14-C1-PPWP-X1.jpg,https://pemilu2019.kpu.go.id/img/c/900/028/900028888/1-9005-14-C1-PPWP-X2.jpg
6728868889919005900028889,SUMATERA UTARA,DELI SERDANG,HAMPARAN PERAK,TANDEM HILIR II,TPS 15,2019-10-25 11:00:05,101,126,257,227,227,227,0,https://pemilu2019.kpu.go.id/img/c/900/028/900028889/1-9005-15-C1-PPWP-X1.jpg,https://pemilu2019.kpu.go.id/img/c/900/028/900028889/1-9005-15-C1-PPWP-X2.jpg
6728868889919005900028890,SUMATERA UTARA,DELI SERDANG,HAMPARAN PERAK,TANDEM HILIR II,TPS 16,2019-10-25 11:00:05,40,102,161,145,145,142,3,https://pemilu2019.kpu.go.id/img/c/900/028/900028890/1-9005-16-C1-PPWP-X1.jpg,https://pemilu2019.kpu.go.id/img/c/900/028/900028890/1-9005-16-C1-PPWP-X2.jpg
6728868889919005900028891,SUMATERA UTARA,DELI SERDANG,HAMPARAN PERAK,TANDEM HILIR II,TPS 17,2019-10-25 11:00:05,53,81,157,138,138,134,4,https://pemilu2019.kpu.go.id/img/c/900/028/900028891/1-9005-17-C-XXX-X5.jpg,https://pemilu2019.kpu.go.id/img/c/900/028/900028891/1-9005-17-C-XXX-X6.jpg
6728868889919005900028892,SUMATERA UTARA,DELI SERDANG,HAMPARAN PERAK,TANDEM HILIR II,TPS 18,2019-10-25 11:00:05,40,86,160,128,128,126,2,https://pemilu2019.kpu.go.id/img/c/900/028/900028892/1-9005-18-C1-PPWP-X1.jpg,https://pemilu2019.kpu.go.id/img/c/900/028/900028892/1-9005-18-C1-PPWP-X2.jpg
6728868889919005900028893,SUMATERA UTARA,DELI SERDANG,HAMPARAN PERAK,TANDEM HILIR II,TPS 19,2019-10-25 11:00:05,45,75,158,124,124,120,4,https://pemilu2019.kpu.go.id/img/c/900/028/900028893/2-9005-19-C1-PPWP-X1.jpg,https://pemilu2019.kpu.go.id/img/c/900/028/900028893/2-9005-19-C1-PPWP-X2.jpg
6728868889919005900028894,SUMATERA UTARA,DELI SERDANG,HAMPARAN PERAK,TANDEM HILIR II,TPS 20,2019-10-25 11:00:05,45,166,235,211,211,211,0,https://pemilu2019.kpu.go.id/img/c/900/028/900028894/2-9005-20-C1-PPWP-X1.jpg,https://pemilu2019.kpu.go.id/img/c/900/028/900028894/2-9005-20-C1-PPWP-X2.jpg
6728868889919005900028895,SUMATERA UTARA,DELI SERDANG,HAMPARAN PERAK,TANDEM HILIR II,TPS 21,2019-10-25 11:00:05,37,59,148,97,97,96,1,https://pemilu2019.kpu.go.id/img/c/900/028/900028895/1-9005-21-C1-PPWP-X1.jpg,https://pemilu2019.kpu.go.id/img/c/900/028/900028895/1-9005-21-C1-PPWP-X2.jpg
6728868889919005900028896,SUMATERA UTARA,DELI SERDANG,HAMPARAN PERAK,TANDEM HILIR II,TPS 22,2019-10-25 11:00:05,83,84,217,169,169,167,2,https://pemilu2019.kpu.go.id/img/c/900/028/900028896/1-9005-22-C1-PPWP-X1.jpg,https://pemilu2019.kpu.go.id/img/c/900/028/900028896/1-9005-22-C1-PPWP-X2.jpg
6728868889919005900028897,SUMATERA UTARA,DELI SERDANG,HAMPARAN PERAK,TANDEM HILIR II,TPS 23,2019-10-25 11:00:05,103,75,236,179,179,178,1,https://pemilu2019.kpu.go.id/img/c/900/028/900028897/1-9005-23-C1-PPWP-X1.jpg,https://pemilu2019.kpu.go.id/img/c/900/028/900028897/1-9005-23-C1-PPWP-X2.jpg
6728868889919005900028898,SUMATERA UTARA,DELI SERDANG,HAMPARAN PERAK,TANDEM HILIR II,TPS 24,2019-10-25 11:00:05,88,92,212,181,181,180,1,https://pemilu2019.kpu.go.id/img/c/900/028/900028898/1-9005-24-C1-PPWP-X1.jpg,https://pemilu2019.kpu.go.id/img/c/900/028/900028898/1-9005-24-C1-PPWP-X2.jpg
6728868889919005900028899,SUMATERA UTARA,DELI SERDANG,HAMPARAN PERAK,TANDEM HILIR II,TPS 25,2019-10-25 11:00:05,111,107,237,0,221,218,3,https://pemilu2019.kpu.go.id/img/c/900/028/900028899/1-9005-25-C1-PPWP-X1.jpg,https://pemilu2019.kpu.go.id/img/c/900/028/900028899/1-9005-25-C1-PPWP-X2.jpg
6728868889919005900028900,SUMATERA UTARA,DELI SERDANG,HAMPARAN PERAK,TANDEM HILIR II,TPS 26,2019-10-25 11:00:05,121,86,254,211,211,207,4,https://pemilu2019.kpu.go.id/img/c/900/028/900028900/1-9005-26-C1-PPWP-X1.jpg,https://pemilu2019.kpu.go.id/img/c/900/028/900028900/1-9005-26-C1-PPWP-X2.jpg
6728868889919005900028901,SUMATERA UTARA,DELI SERDANG,HAMPARAN PERAK,TANDEM HILIR II,TPS 27,2019-10-25 11:00:05,112,57,196,172,172,169,3,https://pemilu2019.kpu.go.id/img/c/900/028/900028901/2-9005-27-C1-PPWP-X1.jpg,https://pemilu2019.kpu.go.id/img/c/900/028/900028901/2-9005-27-C1-PPWP-X2.jpg
6728868889919005900028902,SUMATERA UTARA,DELI SERDANG,HAMPARAN PERAK,TANDEM HILIR II,TPS 28,2019-10-25 11:00:05,97,48,171,147,147,145,2,https://pemilu2019.kpu.go.id/img/c/900/028/900028902/1-9005-28-C1-PPWP-X1.jpg,https://pemilu2019.kpu.go.id/img/c/900/028/900028902/1-9005-28-C1-PPWP-X2.jpg
6728868889919005900028903,SUMATERA UTARA,DELI SERDANG,HAMPARAN PERAK,TANDEM HILIR II,TPS 29,2019-10-25 11:00:05,86,115,0,202,202,201,1,https://pemilu2019.kpu.go.id/img/c/900/028/900028903/1-9005-29-C1-PPWP-X1.jpg,https://pemilu2019.kpu.go.id/img/c/900/028/900028903/1-9005-29-C1-PPWP-X2.jpg
6728868889919005900028904,SUMATERA UTARA,DELI SERDANG,HAMPARAN PERAK,TANDEM HILIR II,TPS 30,2019-10-25 11:00:05,74,111,214,188,188,185,3,https://pemilu2019.kpu.go.id/img/c/900/028/900028904/1-9005-30-C1-PPWP-X1.jpg,https://pemilu2019.kpu.go.id/img/c/900/028/900028904/1-9005-30-C1-PPWP-X2.jpg
6728868889919003900028835,SUMATERA UTARA,DELI SERDANG,HAMPARAN PERAK,TANDEM HULU I,TPS 1,2019-10-25 11:00:05,96,98,259,205,205,194,11,https://pemilu2019.kpu.go.id/img/c/900/028/900028835/1-9003-1-C1-PPWP-X1.jpg,https://pemilu2019.kpu.go.id/img/c/900/028/900028835/1-9003-1-C1-PPWP-X2.jpg
6728868889919003900028836,SUMATERA UTARA,DELI SERDANG,HAMPARAN PERAK,TANDEM HULU I,TPS 2,2019-10-25 11:00:05,66,132,282,201,201,198,3,https://pemilu2019.kpu.go.id/img/c/900/028/900028836/2-9003-2-C1-PPWP-X1.jpg,https://pemilu2019.kpu.go.id/img/c/900/028/900028836/2-9003-2-C1-PPWP-X2.jpg
6728868889919003900028837,SUMATERA UTARA,DELI SERDANG,HAMPARAN PERAK,TANDEM HULU I,TPS 3,2019-10-25 11:00:05,64,125,274,193,193,189,4,https://pemilu2019.kpu.go.id/img/c/900/028/900028837/1-9003-3-C1-PPWP-X1.jpg,https://pemilu2019.kpu.go.id/img/c/900/028/900028837/1-9003-3-C1-PPWP-X2.jpg
6728868889919003900028838,SUMATERA UTARA,DELI SERDANG,HAMPARAN PERAK,TANDEM HULU I,TPS 4,2019-10-25 11:00:05,79,135,271,217,217,214,3,https://pemilu2019.kpu.go.id/img/c/900/028/900028838/1-9003-4-C1-PPWP-X1.jpg,https://pemilu2019.kpu.go.id/img/c/900/028/900028838/1-9003-4-C1-PPWP-X2.jpg
6728868889919003900028839,SUMATERA UTARA,DELI SERDANG,HAMPARAN PERAK,TANDEM HULU I,TPS 5,2019-10-25 11:00:05,32,180,256,214,214,212,2,https://pemilu2019.kpu.go.id/img/c/900/028/900028839/1-9003-5-C1-PPWP-X1.jpg,https://pemilu2019.kpu.go.id/img/c/900/028/900028839/1-9003-5-C1-PPWP-X2.jpg
6728868889919003900028840,SUMATERA UTARA,DELI SERDANG,HAMPARAN PERAK,TANDEM HULU I,TPS 6,2019-10-25 11:00:05,32,186,257,220,220,218,2,https://pemilu2019.kpu.go.id/img/c/900/028/900028840/1-9003-6-C1-PPWP-X1.jpg,https://pemilu2019.kpu.go.id/img/c/900/028/900028840/1-9003-6-C1-PPWP-X2.jpg
6728868889919003900028841,SUMATERA UTARA,DELI SERDANG,HAMPARAN PERAK,TANDEM HULU I,TPS 7,2019-10-25 11:00:05,32,178,284,211,211,210,1,https://pemilu2019.kpu.go.id/img/c/900/028/900028841/1-9003-7-C1-PPWP-X1.jpg,https://pemilu2019.kpu.go.id/img/c/900/028/900028841/1-9003-7-C1-PPWP-X2.jpg
6728868889919003900028842,SUMATERA UTARA,DELI SERDANG,HAMPARAN PERAK,TANDEM HULU I,TPS 8,2019-10-25 11:00:05,36,153,272,190,190,189,1,https://pemilu2019.kpu.go.id/img/c/900/028/900028842/1-9003-8-C1-PPWP-X1.jpg,https://pemilu2019.kpu.go.id/img/c/900/028/900028842/1-9003-8-C1-PPWP-X2.jpg
6728868889918997900028701,SUMATERA UTARA,DELI SERDANG,HAMPARAN PERAK,TANDEM HULU II,TPS 01,2019-10-25 11:00:05,95,14,189,110,110,109,1,https://pemilu2019.kpu.go.id/img/c/900/028/900028701/1-8997-01-C1-PPWP-X1.jpg,https://pemilu2019.kpu.go.id/img/c/900/028/900028701/1-8997-01-C1-PPWP-X2.jpg
6728868889918997900028702,SUMATERA UTARA,DELI SERDANG,HAMPARAN PERAK,TANDEM HULU II,TPS 02,2019-10-25 11:00:05,91,91,249,183,183,182,1,https://pemilu2019.kpu.go.id/img/c/900/028/900028702/1-8997-02-C-XXX-X5.jpg,https://pemilu2019.kpu.go.id/img/c/900/028/900028702/1-8997-02-C-XXX-X6.jpg
6728868889918997900028703,SUMATERA UTARA,DELI SERDANG,HAMPARAN PERAK,TANDEM HULU II,TPS 03,2019-10-25 11:00:05,83,137,289,221,221,220,1,https://pemilu2019.kpu.go.id/img/c/900/028/900028703/1-8997-03-C-XXX-X5.jpg,https://pemilu2019.kpu.go.id/img/c/900/028/900028703/1-8997-03-C-XXX-X6.jpg
6728868889918997900028704,SUMATERA UTARA,DELI SERDANG,HAMPARAN PERAK,TANDEM HULU II,TPS 04,2019-10-25 11:00:05,97,112,270,213,213,209,4,https://pemilu2019.kpu.go.id/img/c/900/028/900028704/1-8997-04-C-XXX-X5.jpg,https://pemilu2019.kpu.go.id/img/c/900/028/900028704/1-8997-04-C-XXX-X6.jpg
6728868889918997900028705,SUMATERA UTARA,DELI SERDANG,HAMPARAN PERAK,TANDEM HULU II,TPS 05,2019-10-25 11:00:05,73,93,227,168,168,166,2,https://pemilu2019.kpu.go.id/img/c/900/028/900028705/1-8997-05-C-XXX-X5.jpg,https://pemilu2019.kpu.go.id/img/c/900/028/900028705/1-8997-05-C-XXX-X6.jpg
6728868889918997900028706,SUMATERA UTARA,DELI SERDANG,HAMPARAN PERAK,TANDEM HULU II,TPS 06,2019-10-25 11:00:05,59,133,240,193,193,192,1,https://pemilu2019.kpu.go.id/img/c/900/028/900028706/1-8997-06-C-XXX-X5.jpg,https://pemilu2019.kpu.go.id/img/c/900/028/900028706/1-8997-06-C-XXX-X6.jpg
6728868889918997900028707,SUMATERA UTARA,DELI SERDANG,HAMPARAN PERAK,TANDEM HULU II,TPS 07,2019-10-25 11:00:05,64,134,269,198,198,197,1,https://pemilu2019.kpu.go.id/img/c/900/028/900028707/1-8997-07-C-XXX-X5.jpg,https://pemilu2019.kpu.go.id/img/c/900/028/900028707/1-8997-07-C-XXX-X6.jpg
6728868889918997900028708,SUMATERA UTARA,DELI SERDANG,HAMPARAN PERAK,TANDEM HULU II,TPS 08,2019-10-25 11:00:05,195,6,280,205,207,201,6,https://pemilu2019.kpu.go.id/img/c/900/028/900028708/1-8997-08-C-XXX-X5.jpg,https://pemilu2019.kpu.go.id/img/c/900/028/900028708/1-8997-08-C-XXX-X6.jpg
6728868889918997900028709,SUMATERA UTARA,DELI SERDANG,HAMPARAN PERAK,TANDEM HULU II,TPS 09,2019-10-25 11:00:05,93,102,252,195,195,195,0,https://pemilu2019.kpu.go.id/img/c/900/028/900028709/2-8997-09-C-XXX-X5.jpg,https://pemilu2019.kpu.go.id/img/c/900/028/900028709/2-8997-09-C-XXX-X6.jpg
6728868889918997900028710,SUMATERA UTARA,DELI SERDANG,HAMPARAN PERAK,TANDEM HULU II,TPS 10,2019-10-25 11:00:05,70,15,275,188,188,185,3,https://pemilu2019.kpu.go.id/img/c/900/028/900028710/2-8997-10-C1-PPWP-X1.jpg,https://pemilu2019.kpu.go.id/img/c/900/028/900028710/2-8997-10-C1-PPWP-X2.jpg
6728868889918997900028711,SUMATERA UTARA,DELI SERDANG,HAMPARAN PERAK,TANDEM HULU II,TPS 11,2019-10-25 11:00:05,74,79,287,156,156,153,3,https://pemilu2019.kpu.go.id/img/c/900/028/900028711/1-8997-11-C-XXX-X5.jpg,https://pemilu2019.kpu.go.id/img/c/900/028/900028711/1-8997-11-C-XXX-X6.jpg
6728868889918997900028712,SUMATERA UTARA,DELI SERDANG,HAMPARAN PERAK,TANDEM HULU II,TPS 12,2019-10-25 11:00:05,106,66,266,172,172,172,0,https://pemilu2019.kpu.go.id/img/c/900/028/900028712/1-8997-12-C-XXX-X5.jpg,https://pemilu2019.kpu.go.id/img/c/900/028/900028712/1-8997-12-C-XXX-X6.jpg
6728868889918997900028713,SUMATERA UTARA,DELI SERDANG,HAMPARAN PERAK,TANDEM HULU II,TPS 13,2019-10-25 11:00:05,115,68,304,185,185,183,2,https://pemilu2019.kpu.go.id/img/c/900/028/900028713/1-8997-13-C-XXX-X5.jpg,https://pemilu2019.kpu.go.id/img/c/900/028/900028713/1-8997-13-C-XXX-X6.jpg
6728868889918997900028714,SUMATERA UTARA,DELI SERDANG,HAMPARAN PERAK,TANDEM HULU II,TPS 14,2019-10-25 11:00:05,165,13,325,188,182,178,4,https://pemilu2019.kpu.go.id/img/c/900/028/900028714/1-8997-14-C1-PPWP-X1.jpg,https://pemilu2019.kpu.go.id/img/c/900/028/900028714/1-8997-14-C1-PPWP-X2.jpg
6728868889918997900028715,SUMATERA UTARA,DELI SERDANG,HAMPARAN PERAK,TANDEM HULU II,TPS 15,2019-10-25 11:00:05,123,67,251,192,192,190,2,https://pemilu2019.kpu.go.id/img/c/900/028/900028715/1-8997-15-C-XXX-X5.jpg,https://pemilu2019.kpu.go.id/img/c/900/028/900028715/1-8997-15-C-XXX-X6.jpg
6728868889918997900028716,SUMATERA UTARA,DELI SERDANG,HAMPARAN PERAK,TANDEM HULU II,TPS 16,2019-10-25 11:00:05,120,0,214,120,120,120,0,https://pemilu2019.kpu.go.id/img/c/900/028/900028716/2-8997-16-C-XXX-X5.jpg,https://pemilu2019.kpu.go.id/img/c/900/028/900028716/2-8997-16-C-XXX-X6.jpg
6728868889918997900028717,SUMATERA UTARA,DELI SERDANG,HAMPARAN PERAK,TANDEM HULU II,TPS 17,2019-10-25 11:00:05,99,91,304,195,195,190,5,https://pemilu2019.kpu.go.id/img/c/900/028/900028717/1-8997-17-C-XXX-X5.jpg,https://pemilu2019.kpu.go.id/img/c/900/028/900028717/1-8997-17-C-XXX-X6.jpg
6728868889918997900028718,SUMATERA UTARA,DELI SERDANG,HAMPARAN PERAK,TANDEM HULU II,TPS 18,2019-10-25 11:00:05,44,46,280,91,91,90,1,https://pemilu2019.kpu.go.id/img/c/900/028/900028718/1-8997-18-C-XXX-X5.jpg,https://pemilu2019.kpu.go.id/img/c/900/028/900028718/1-8997-18-C-XXX-X6.jpg
6728868889918997900028719,SUMATERA UTARA,DELI SERDANG,HAMPARAN PERAK,TANDEM HULU II,TPS 19,2019-10-25 11:00:05,96,101,279,201,201,197,4,https://pemilu2019.kpu.go.id/img/c/900/028/900028719/2-8997-19-C-XXX-X5.jpg,https://pemilu2019.kpu.go.id/img/c/900/028/900028719/2-8997-19-C-XXX-X6.jpg
6728868889918997900028720,SUMATERA UTARA,DELI SERDANG,HAMPARAN PERAK,TANDEM HULU II,TPS 20,2019-10-25 11:00:05,48,77,203,129,129,125,4,https://pemilu2019.kpu.go.id/img/c/900/028/900028720/1-8997-20-C1-PPWP-X1.jpg,https://pemilu2019.kpu.go.id/img/c/900/028/900028720/1-8997-20-C1-PPWP-X2.jpg
6728868887608769900026305,SUMATERA UTARA,DELI SERDANG,KUTALIMBARU,KUALA LAU BICIK,TPS 1,2019-10-25 11:00:05,168,23,215,192,192,191,1,https://pemilu2019.kpu.go.id/img/c/900/026/900026305/1-8769-1-C-XXX-X5.jpg,https://pemilu2019.kpu.go.id/img/c/900/026/900026305/1-8769-1-C-XXX-X6.jpg
6728868887608769900026306,SUMATERA UTARA,DELI SERDANG,KUTALIMBARU,KUALA LAU BICIK,TPS 2,2019-10-25 11:00:05,165,24,231,190,190,189,1,https://pemilu2019.kpu.go.id/img/c/900/026/900026306/2-8769-2-C-XXX-X5.jpg,https://pemilu2019.kpu.go.id/img/c/900/026/900026306/2-8769-2-C-XXX-X6.jpg
6728868887608769900026307,SUMATERA UTARA,DELI SERDANG,KUTALIMBARU,KUALA LAU BICIK,TPS 3,2019-10-25 11:00:05,93,10,140,103,103,103,0,https://pemilu2019.kpu.go.id/img/c/900/026/900026307/1-8769-3-C-XXX-X5.jpg,https://pemilu2019.kpu.go.id/img/c/900/026/900026307/1-8769-3-C-XXX-X6.jpg
6728868887608769900026308,SUMATERA UTARA,DELI SERDANG,KUTALIMBARU,KUALA LAU BICIK,TPS 4,2019-10-25 11:00:05,176,12,224,191,191,188,3,https://pemilu2019.kpu.go.id/img/c/900/026/900026308/1-8769-4-C-XXX-X5.jpg,https://pemilu2019.kpu.go.id/img/c/900/026/900026308/1-8769-4-C-XXX-X6.jpg
6728868887608769900026309,SUMATERA UTARA,DELI SERDANG,KUTALIMBARU,KUALA LAU BICIK,TPS 5,2019-10-25 11:00:05,91,7,118,98,98,98,0,https://pemilu2019.kpu.go.id/img/c/900/026/900026309/1-8769-5-C-XXX-X5.jpg,https://pemilu2019.kpu.go.id/img/c/900/026/900026309/1-8769-5-C-XXX-X6.jpg
6728868887608766900026279,SUMATERA UTARA,DELI SERDANG,KUTALIMBARU,KUTALIMBARU,TPS 1,2019-10-25 11:00:05,126,15,196,142,142,141,1,https://pemilu2019.kpu.go.id/img/c/900/026/900026279/1-8766-1-C1-PPWP-X1.jpg,https://pemilu2019.kpu.go.id/img/c/900/026/900026279/1-8766-1-C1-PPWP-X2.jpg
6728868887608766900026280,SUMATERA UTARA,DELI SERDANG,KUTALIMBARU,KUTALIMBARU,TPS 2,2019-10-25 11:00:05,169,9,257,181,181,178,3,https://pemilu2019.kpu.go.id/img/c/900/026/900026280/1-8766-2-C1-PPWP-X1.jpg,https://pemilu2019.kpu.go.id/img/c/900/026/900026280/1-8766-2-C1-PPWP-X2.jpg
6728868887608766900026281,SUMATERA UTARA,DELI SERDANG,KUTALIMBARU,KUTALIMBARU,TPS 3,2019-10-25 11:00:05,136,24,262,162,162,160,2,https://pemilu2019.kpu.go.id/img/c/900/026/900026281/1-8766-3-C1-PPWP-X1.jpg,https://pemilu2019.kpu.go.id/img/c/900/026/900026281/1-8766-3-C1-PPWP-X2.jpg
6728868887608766900026282,SUMATERA UTARA,DELI SERDANG,KUTALIMBARU,KUTALIMBARU,TPS 4,2019-10-25 11:00:05,146,45,277,192,192,191,1,https://pemilu2019.kpu.go.id/img/c/900/026/900026282/1-8766-4-C1-PPWP-X1.jpg,https://pemilu2019.kpu.go.id/img/c/900/026/900026282/1-8766-4-C1-PPWP-X2.jpg
6728868887608766900026283,SUMATERA UTARA,DELI SERDANG,KUTALIMBARU,KUTALIMBARU,TPS 5,2019-10-25 11:00:05,129,26,216,155,155,155,0,https://pemilu2019.kpu.go.id/img/c/900/026/900026283/1-8766-5-C1-PPWP-X1.jpg,https://pemilu2019.kpu.go.id/img/c/900/026/900026283/1-8766-5-C1-PPWP-X2.jpg
6728868887608766900026284,SUMATERA UTARA,DELI SERDANG,KUTALIMBARU,KUTALIMBARU,TPS 6,2019-10-25 11:00:05,125,6,178,131,131,131,0,https://pemilu2019.kpu.go.id/img/c/900/026/900026284/1-8766-6-C1-PPWP-X1.jpg,https://pemilu2019.kpu.go.id/img/c/900/026/900026284/1-8766-6-C1-PPWP-X2.jpg
6728868887608766900026285,SUMATERA UTARA,DELI SERDANG,KUTALIMBARU,KUTALIMBARU,TPS 7,2019-10-25 11:00:05,113,6,119,119,119,119,0,https://pemilu2019.kpu.go.id/img/c/900/026/900026285/1-8766-7-C1-PPWP-X1.jpg,https://pemilu2019.kpu.go.id/img/c/900/026/900026285/1-8766-7-C1-PPWP-X2.jpg
6728868887608770900026310,SUMATERA UTARA,DELI SERDANG,KUTALIMBARU,LAU BAKERI,TPS 01,2019-10-25 11:00:05,143,58,313,211,202,201,1,https://pemilu2019.kpu.go.id/img/c/900/026/900026310/1-8770-01-C1-PPWP-X1.jpg,https://pemilu2019.kpu.go.id/img/c/900/026/900026310/1-8770-01-C1-PPWP-X2.jpg
6728868887608770900026311,SUMATERA UTARA,DELI SERDANG,KUTALIMBARU,LAU BAKERI,TPS 02,2019-10-25 11:00:05,119,125,316,247,247,244,3,https://pemilu2019.kpu.go.id/img/c/900/026/900026311/1-8770-02-C1-PPWP-X1.jpg,https://pemilu2019.kpu.go.id/img/c/900/026/900026311/1-8770-02-C1-PPWP-X2.jpg
6728868887608770900026312,SUMATERA UTARA,DELI SERDANG,KUTALIMBARU,LAU BAKERI,TPS 03,2019-10-25 11:00:05,149,88,306,238,238,237,1,https://pemilu2019.kpu.go.id/img/c/900/026/900026312/1-8770-03-C1-PPWP-X1.jpg,https://pemilu2019.kpu.go.id/img/c/900/026/900026312/1-8770-03-C1-PPWP-X2.jpg
6728868887608770900026313,SUMATERA UTARA,DELI SERDANG,KUTALIMBARU,LAU BAKERI,TPS 04,2019-10-25 11:00:05,168,17,293,218,185,185,0,https://pemilu2019.kpu.go.id/img/c/900/026/900026313/1-8770-04-C1-PPWP-X1.jpg,https://pemilu2019.kpu.go.id/img/c/900/026/900026313/1-8770-04-C1-PPWP-X2.jpg
6728868887608770900026314,SUMATERA UTARA,DELI SERDANG,KUTALIMBARU,LAU BAKERI,TPS 05,2019-10-25 11:00:05,186,70,575,256,256,256,0,https://pemilu2019.kpu.go.id/img/c/900/026/900026314/1-8770-05-C1-PPWP-X1.jpg,https://pemilu2019.kpu.go.id/img/c/900/026/900026314/1-8770-05-C1-PPWP-X2.jpg
6728868887608770900026315,SUMATERA UTARA,DELI SERDANG,KUTALIMBARU,LAU BAKERI,TPS 06,2019-10-25 11:00:05,151,87,309,243,243,238,5,https://pemilu2019.kpu.go.id/img/c/900/026/900026315/1-8770-06-C1-PPWP-X1.jpg,https://pemilu2019.kpu.go.id/img/c/900/026/900026315/1-8770-06-C1-PPWP-X2.jpg
6728868887608770900026316,SUMATERA UTARA,DELI SERDANG,KUTALIMBARU,LAU BAKERI,TPS 07,2019-10-25 11:00:05,192,51,388,245,245,243,2,https://pemilu2019.kpu.go.id/img/c/900/026/900026316/1-8770-07-C1-PPWP-X1.jpg,https://pemilu2019.kpu.go.id/img/c/900/026/900026316/1-8770-07-C1-PPWP-X2.jpg
6728868887608770900026317,SUMATERA UTARA,DELI SERDANG,KUTALIMBARU,LAU BAKERI,TPS 08,2019-10-25 11:00:05,183,93,370,277,277,276,1,https://pemilu2019.kpu.go.id/img/c/900/026/900026317/1-8770-08-C1-PPWP-X1.jpg,https://pemilu2019.kpu.go.id/img/c/900/026/900026317/1-8770-08-C1-PPWP-X2.jpg
6728868887608770900026318,SUMATERA UTARA,DELI SERDANG,KUTALIMBARU,LAU BAKERI,TPS 09,2019-10-25 11:00:05,38,129,163,0,167,167,0,https://pemilu2019.kpu.go.id/img/c/900/026/900026318/1-8770-09-C1-PPWP-X1.jpg,https://pemilu2019.kpu.go.id/img/c/900/026/900026318/1-8770-09-C1-PPWP-X2.jpg
6728868887608770900026319,SUMATERA UTARA,DELI SERDANG,KUTALIMBARU,LAU BAKERI,TPS 10,2019-10-25 11:00:05,128,31,261,160,160,159,1,https://pemilu2019.kpu.go.id/img/c/900/026/900026319/1-8770-10-C1-PPWP-X1.jpg,https://pemilu2019.kpu.go.id/img/c/900/026/900026319/1-8770-10-C1-PPWP-X2.jpg
6728868887608770900026320,SUMATERA UTARA,DELI SERDANG,KUTALIMBARU,LAU BAKERI,TPS 11,2019-10-25 11:00:05,134,83,291,217,215,217,2,https://pemilu2019.kpu.go.id/img/c/900/026/900026320/1-8770-11-C1-PPWP-X1.jpg,https://pemilu2019.kpu.go.id/img/c/900/026/900026320/1-8770-11-C1-PPWP-X2.jpg
6728868887608762900026246,SUMATERA UTARA,DELI SERDANG,KUTALIMBARU,NAMO MIRIK,TPS 1,2019-10-25 11:00:05,121,21,181,145,142,142,0,https://pemilu2019.kpu.go.id/img/c/900/026/900026246/1-8762-1-C-XXX-X5.jpg,https://pemilu2019.kpu.go.id/img/c/900/026/900026246/1-8762-1-C-XXX-X6.jpg
6728868887608762900026247,SUMATERA UTARA,DELI SERDANG,KUTALIMBARU,NAMO MIRIK,TPS 2,2019-10-25 11:00:05,147,12,179,160,160,159,1,https://pemilu2019.kpu.go.id/img/c/900/026/900026247/1-8762-2-C-XXX-X5.jpg,https://pemilu2019.kpu.go.id/img/c/900/026/900026247/1-8762-2-C-XXX-X6.jpg
6728868887608762900026248,SUMATERA UTARA,DELI SERDANG,KUTALIMBARU,NAMO MIRIK,TPS 3,2019-10-25 11:00:05,153,7,187,160,160,160,0,https://pemilu2019.kpu.go.id/img/c/900/026/900026248/1-8762-3-C1-PPWP-X1.jpg,https://pemilu2019.kpu.go.id/img/c/900/026/900026248/1-8762-3-C1-PPWP-X2.jpg
6728868887608762900026249,SUMATERA UTARA,DELI SERDANG,KUTALIMBARU,NAMO MIRIK,TPS 4,2019-10-25 11:00:05,137,12,195,149,182,149,33,https://pemilu2019.kpu.go.id/img/c/900/026/900026249/1-8762-4-C-XXX-X5.jpg,https://pemilu2019.kpu.go.id/img/c/900/026/900026249/1-8762-4-C-XXX-X6.jpg
6728868887608762900026250,SUMATERA UTARA,DELI SERDANG,KUTALIMBARU,NAMO MIRIK,TPS 5,2019-10-25 11:00:05,123,8,161,132,132,131,1,https://pemilu2019.kpu.go.id/img/c/900/026/900026250/2-8762-5-C-XXX-X5.jpg,https://pemilu2019.kpu.go.id/img/c/900/026/900026250/2-8762-5-C-XXX-X6.jpg
6728868887608762900026251,SUMATERA UTARA,DELI SERDANG,KUTALIMBARU,NAMO MIRIK,TPS 6,2019-10-25 11:00:05,112,9,160,121,121,121,0,https://pemilu2019.kpu.go.id/img/c/900/026/900026251/1-8762-6-C-XXX-X5.jpg,https://pemilu2019.kpu.go.id/img/c/900/026/900026251/1-8762-6-C-XXX-X6.jpg
6728868887608773900026338,SUMATERA UTARA,DELI SERDANG,KUTALIMBARU,NAMO RUBE JULU,TPS 1,2019-10-25 11:00:05,109,36,161,146,146,145,1,https://pemilu2019.kpu.go.id/img/c/900/026/900026338/1-8773-1-C1-PPWP-X1.jpg,https://pemilu2019.kpu.go.id/img/c/900/026/900026338/1-8773-1-C1-PPWP-X2.jpg
6728868887608773900026339,SUMATERA UTARA,DELI SERDANG,KUTALIMBARU,NAMO RUBE JULU,TPS 2,2019-10-25 11:00:05,116,33,154,150,150,149,1,https://pemilu2019.kpu.go.id/img/c/900/026/900026339/1-8773-2-C-XXX-X5.jpg,https://pemilu2019.kpu.go.id/img/c/900/026/900026339/1-8773-2-C-XXX-X6.jpg
6728868887608773900026340,SUMATERA UTARA,DELI SERDANG,KUTALIMBARU,NAMO RUBE JULU,TPS 3,2019-10-25 11:00:05,101,44,185,146,146,145,1,https://pemilu2019.kpu.go.id/img/c/900/026/900026340/1-8773-3-C-XXX-X5.jpg,https://pemilu2019.kpu.go.id/img/c/900/026/900026340/1-8773-3-C-XXX-X6.jpg
6728868887608773900026341,SUMATERA UTARA,DELI SERDANG,KUTALIMBARU,NAMO RUBE JULU,TPS 4,2019-10-25 11:00:05,112,32,192,145,145,144,1,https://pemilu2019.kpu.go.id/img/c/900/026/900026341/1-8773-4-C-XXX-X5.jpg,https://pemilu2019.kpu.go.id/img/c/900/026/900026341/1-8773-4-C-XXX-X6.jpg
6728868887608773900026342,SUMATERA UTARA,DELI SERDANG,KUTALIMBARU,NAMO RUBE JULU,TPS 5,2019-10-25 11:00:05,53,110,175,164,164,163,1,https://pemilu2019.kpu.go.id/img/c/900/026/900026342/1-8773-5-C-XXX-X5.jpg,https://pemilu2019.kpu.go.id/img/c/900/026/900026342/1-8773-5-C-XXX-X6.jpg
6728868887608773900026343,SUMATERA UTARA,DELI SERDANG,KUTALIMBARU,NAMO RUBE JULU,TPS 6,2019-10-25 11:00:05,52,109,175,162,162,161,1,https://pemilu2019.kpu.go.id/img/c/900/026/900026343/1-8773-6-C-XXX-X5.jpg,https://pemilu2019.kpu.go.id/img/c/900/026/900026343/1-8773-6-C-XXX-X6.jpg
6728868887608773900026344,SUMATERA UTARA,DELI SERDANG,KUTALIMBARU,NAMO RUBE JULU,TPS 7,2019-10-25 11:00:05,78,15,95,93,93,93,0,https://pemilu2019.kpu.go.id/img/c/900/026/900026344/1-8773-7-C-XXX-X5.jpg,https://pemilu2019.kpu.go.id/img/c/900/026/900026344/1-8773-7-C-XXX-X6.jpg
6728868887608764900026263,SUMATERA UTARA,DELI SERDANG,KUTALIMBARU,PASAR X,TPS 1,2019-10-25 11:00:05,117,18,185,135,135,135,0,https://pemilu2019.kpu.go.id/img/c/900/026/900026263/1-8764-1-C-XXX-X5.jpg,https://pemilu2019.kpu.go.id/img/c/900/026/900026263/1-8764-1-C-XXX-X6.jpg
6728868887608764900026264,SUMATERA UTARA,DELI SERDANG,KUTALIMBARU,PASAR X,TPS 2,2019-10-25 11:00:05,151,9,188,160,160,160,0,https://pemilu2019.kpu.go.id/img/c/900/026/900026264/1-8764-2-C-XXX-X5.jpg,https://pemilu2019.kpu.go.id/img/c/900/026/900026264/1-8764-2-C-XXX-X6.jpg
6728868887608764900026265,SUMATERA UTARA,DELI SERDANG,KUTALIMBARU,PASAR X,TPS 3,2019-10-25 11:00:05,184,18,257,207,207,202,5,https://pemilu2019.kpu.go.id/img/c/900/026/900026265/1-8764-3-C-XXX-X5.jpg,https://pemilu2019.kpu.go.id/img/c/900/026/900026265/1-8764-3-C-XXX-X6.jpg
6728868887608764900026266,SUMATERA UTARA,DELI SERDANG,KUTALIMBARU,PASAR X,TPS 4,2019-10-25 11:00:05,207,16,275,225,225,223,2,https://pemilu2019.kpu.go.id/img/c/900/026/900026266/1-8764-4-C-XXX-X5.jpg,https://pemilu2019.kpu.go.id/img/c/900/026/900026266/1-8764-4-C-XXX-X6.jpg
6728868887608764900026267,SUMATERA UTARA,DELI SERDANG,KUTALIMBARU,PASAR X,TPS 5,2019-10-25 11:00:05,124,5,149,130,130,129,1,https://pemilu2019.kpu.go.id/img/c/900/026/900026267/1-8764-5-C-XXX-X5.jpg,https://pemilu2019.kpu.go.id/img/c/900/026/900026267/1-8764-5-C-XXX-X6.jpg
6728868887608764900026268,SUMATERA UTARA,DELI SERDANG,KUTALIMBARU,PASAR X,TPS 6,2019-10-25 11:00:05,129,34,193,163,163,163,0,https://pemilu2019.kpu.go.id/img/c/900/026/900026268/1-8764-6-C-XXX-X5.jpg,https://pemilu2019.kpu.go.id/img/c/900/026/900026268/1-8764-6-C-XXX-X6.jpg
6728868887608764900026269,SUMATERA UTARA,DELI SERDANG,KUTALIMBARU,PASAR X,TPS 7,2019-10-25 11:00:05,132,16,177,148,148,148,0,https://pemilu2019.kpu.go.id/img/c/900/026/900026269/1-8764-7-C-XXX-X5.jpg,https://pemilu2019.kpu.go.id/img/c/900/026/900026269/1-8764-7-C-XXX-X6.jpg
6728868887608764900026270,SUMATERA UTARA,DELI SERDANG,KUTALIMBARU,PASAR X,TPS 8,2019-10-25 11:00:05,156,8,196,166,166,164,2,https://pemilu2019.kpu.go.id/img/c/900/026/900026270/1-8764-8-C-XXX-X5.jpg,https://pemilu2019.kpu.go.id/img/c/900/026/900026270/1-8764-8-C-XXX-X6.jpg
6728868887608765900026271,SUMATERA UTARA,DELI SERDANG,KUTALIMBARU,PERPANDEN,TPS 1,2019-10-25 11:00:05,145,107,254,254,254,152,2,https://pemilu2019.kpu.go.id/img/c/900/026/900026271/1-8765-1-C-XXX-X5.jpg,https://pemilu2019.kpu.go.id/img/c/900/026/900026271/1-8765-1-C-XXX-X6.jpg
6728868887608765900026272,SUMATERA UTARA,DELI SERDANG,KUTALIMBARU,PERPANDEN,TPS 2,2019-10-25 11:00:05,96,31,129,129,129,127,2,https://pemilu2019.kpu.go.id/img/c/900/026/900026272/1-8765-2-C-XXX-X5.jpg,https://pemilu2019.kpu.go.id/img/c/900/026/900026272/1-8765-2-C-XXX-X6.jpg
6728868887608765900026273,SUMATERA UTARA,DELI SERDANG,KUTALIMBARU,PERPANDEN,TPS 3,2019-10-25 11:00:05,212,58,284,271,271,270,1,https://pemilu2019.kpu.go.id/img/c/900/026/900026273/1-8765-3-C-XXX-X5.jpg,https://pemilu2019.kpu.go.id/img/c/900/026/900026273/1-8765-3-C-XXX-X6.jpg
6728868887608765900026274,SUMATERA UTARA,DELI SERDANG,KUTALIMBARU,PERPANDEN,TPS 4,2019-10-25 11:00:05,153,31,234,204,204,184,20,https://pemilu2019.kpu.go.id/img/c/900/026/900026274/1-8765-4-C1-PPWP-X1.jpg,https://pemilu2019.kpu.go.id/img/c/900/026/900026274/1-8765-4-C1-PPWP-X2.jpg
6728868887608765900026275,SUMATERA UTARA,DELI SERDANG,KUTALIMBARU,PERPANDEN,TPS 5,2019-10-25 11:00:05,74,46,239,223,223,120,103,https://pemilu2019.kpu.go.id/img/c/900/026/900026275/1-8765-5-C-XXX-X5.jpg,https://pemilu2019.kpu.go.id/img/c/900/026/900026275/1-8765-5-C-XXX-X6.jpg
6728868887608765900026276,SUMATERA UTARA,DELI SERDANG,KUTALIMBARU,PERPANDEN,TPS 6,2019-10-25 11:00:05,158,39,248,198,198,197,1,https://pemilu2019.kpu.go.id/img/c/900/026/900026276/1-8765-6-C-XXX-X5.jpg,https://pemilu2019.kpu.go.id/img/c/900/026/900026276/1-8765-6-C-XXX-X6.jpg
6728868887608765900026277,SUMATERA UTARA,DELI SERDANG,KUTALIMBARU,PERPANDEN,TPS 7,2019-10-25 11:00:05,72,110,209,182,182,182,0,https://pemilu2019.kpu.go.id/img/c/900/026/900026277/1-8765-7-C-XXX-X5.jpg,https://pemilu2019.kpu.go.id/img/c/900/026/900026277/1-8765-7-C-XXX-X6.jpg
6728868887608765900026278,SUMATERA UTARA,DELI SERDANG,KUTALIMBARU,PERPANDEN,TPS 8,2019-10-25 11:00:05,61,73,138,136,136,134,2,https://pemilu2019.kpu.go.id/img/c/900/026/900026278/1-8765-8-C-XXX-X5.jpg,https://pemilu2019.kpu.go.id/img/c/900/026/900026278/1-8765-8-C-XXX-X6.jpg
6728868887608767900026286,SUMATERA UTARA,DELI SERDANG,KUTALIMBARU,SAMPE CITA,TPS 1,2019-10-25 11:00:05,200,30,266,231,231,230,1,https://pemilu2019.kpu.go.id/img/c/900/026/900026286/1-8767-1-C-XXX-X5.jpg,https://pemilu2019.kpu.go.id/img/c/900/026/900026286/1-8767-1-C-XXX-X6.jpg
6728868887608767900026287,SUMATERA UTARA,DELI SERDANG,KUTALIMBARU,SAMPE CITA,TPS 2,2019-10-25 11:00:05,165,31,250,196,196,196,0,https://pemilu2019.kpu.go.id/img/c/900/026/900026287/1-8767-2-C1-PPWP-X1.jpg,https://pemilu2019.kpu.go.id/img/c/900/026/900026287/1-8767-2-C1-PPWP-X2.jpg
6728868887608767900026288,SUMATERA UTARA,DELI SERDANG,KUTALIMBARU,SAMPE CITA,TPS 3,2019-10-25 11:00:05,173,25,260,199,199,198,1,https://pemilu2019.kpu.go.id/img/c/900/026/900026288/1-8767-3-C-XXX-X5.jpg,https://pemilu2019.kpu.go.id/img/c/900/026/900026288/1-8767-3-C-XXX-X6.jpg
6728868887608767900026289,SUMATERA UTARA,DELI SERDANG,KUTALIMBARU,SAMPE CITA,TPS 4,2019-10-25 11:00:05,150,12,219,162,162,162,0,https://pemilu2019.kpu.go.id/img/c/900/026/900026289/1-8767-4-C1-PPWP-X1.jpg,https://pemilu2019.kpu.go.id/img/c/900/026/900026289/1-8767-4-C1-PPWP-X2.jpg
6728868887608767900026290,SUMATERA UTARA,DELI SERDANG,KUTALIMBARU,SAMPE CITA,TPS 5,2019-10-25 11:00:05,116,48,246,164,164,164,0,https://pemilu2019.kpu.go.id/img/c/900/026/900026290/1-8767-5-C-XXX-X5.jpg,https://pemilu2019.kpu.go.id/img/c/900/026/900026290/1-8767-5-C-XXX-X6.jpg
6728868887608767900026291,SUMATERA UTARA,DELI SERDANG,KUTALIMBARU,SAMPE CITA,TPS 6,2019-10-25 11:00:05,164,59,281,248,248,223,25,https://pemilu2019.kpu.go.id/img/c/900/026/900026291/1-8767-6-C-XXX-X5.jpg,https://pemilu2019.kpu.go.id/img/c/900/026/900026291/1-8767-6-C-XXX-X6.jpg
6728868887608767900026292,SUMATERA UTARA,DELI SERDANG,KUTALIMBARU,SAMPE CITA,TPS 7,2019-10-25 11:00:05,159,23,227,182,182,182,0,https://pemilu2019.kpu.go.id/img/c/900/026/900026292/1-8767-7-C-XXX-X5.jpg,https://pemilu2019.kpu.go.id/img/c/900/026/900026292/1-8767-7-C-XXX-X6.jpg
6728868887608767900026293,SUMATERA UTARA,DELI SERDANG,KUTALIMBARU,SAMPE CITA,TPS 8,2019-10-25 11:00:05,97,70,207,167,167,167,0,https://pemilu2019.kpu.go.id/img/c/900/026/900026293/1-8767-8-C-XXX-X5.jpg,https://pemilu2019.kpu.go.id/img/c/900/026/900026293/1-8767-8-C-XXX-X6.jpg
6728868887608767900026294,SUMATERA UTARA,DELI SERDANG,KUTALIMBARU,SAMPE CITA,TPS 9,2019-10-25 11:00:05,100,56,204,156,156,156,0,https://pemilu2019.kpu.go.id/img/c/900/026/900026294/1-8767-9-C1-PPWP-X1.jpg,https://pemilu2019.kpu.go.id/img/c/900/026/900026294/1-8767-9-C1-PPWP-X2.jpg
6728868887608772900026329,SUMATERA UTARA,DELI SERDANG,KUTALIMBARU,SAWIT REJO,TPS 1,2019-10-25 11:00:05,133,32,195,190,190,168,22,https://pemilu2019.kpu.go.id/img/c/900/026/900026329/1-8772-1-C-XXX-X5.jpg,https://pemilu2019.kpu.go.id/img/c/900/026/900026329/1-8772-1-C-XXX-X6.jpg
6728868887608772900026330,SUMATERA UTARA,DELI SERDANG,KUTALIMBARU,SAWIT REJO,TPS 2,2019-10-25 11:00:05,153,25,218,216,216,178,38,https://pemilu2019.kpu.go.id/img/c/900/026/900026330/1-8772-2-C-XXX-X5.jpg,https://pemilu2019.kpu.go.id/img/c/900/026/900026330/1-8772-2-C-XXX-X6.jpg
6728868887608772900026331,SUMATERA UTARA,DELI SERDANG,KUTALIMBARU,SAWIT REJO,TPS 3,2019-10-25 11:00:05,91,80,231,172,172,171,1,https://pemilu2019.kpu.go.id/img/c/900/026/900026331/1-8772-3-C-XXX-X5.jpg,https://pemilu2019.kpu.go.id/img/c/900/026/900026331/1-8772-3-C-XXX-X6.jpg
6728868887608772900026332,SUMATERA UTARA,DELI SERDANG,KUTALIMBARU,SAWIT REJO,TPS 4,2019-10-25 11:00:05,95,98,260,255,255,193,62,https://pemilu2019.kpu.go.id/img/c/900/026/900026332/1-8772-4-C1-PPWP-X1.jpg,https://pemilu2019.kpu.go.id/img/c/900/026/900026332/1-8772-4-C1-PPWP-X2.jpg
6728868887608772900026333,SUMATERA UTARA,DELI SERDANG,KUTALIMBARU,SAWIT REJO,TPS 5,2019-10-25 11:00:05,107,109,251,247,247,216,31,https://pemilu2019.kpu.go.id/img/c/900/026/900026333/1-8772-5-C-XXX-X5.jpg,https://pemilu2019.kpu.go.id/img/c/900/026/900026333/1-8772-5-C-XXX-X6.jpg
6728868887608772900026334,SUMATERA UTARA,DELI SERDANG,KUTALIMBARU,SAWIT REJO,TPS 6,2019-10-25 11:00:05,112,94,231,226,226,206,20,https://pemilu2019.kpu.go.id/img/c/900/026/900026334/1-8772-6-C-XXX-X5.jpg,https://pemilu2019.kpu.go.id/img/c/900/026/900026334/1-8772-6-C-XXX-X6.jpg
6728868887608772900026335,SUMATERA UTARA,DELI SERDANG,KUTALIMBARU,SAWIT REJO,TPS 7,2019-10-25 11:00:05,141,76,284,219,219,217,2,https://pemilu2019.kpu.go.id/img/c/900/026/900026335/1-8772-7-C-XXX-X5.jpg,https://pemilu2019.kpu.go.id/img/c/900/026/900026335/1-8772-7-C-XXX-X6.jpg
6728868887608772900026336,SUMATERA UTARA,DELI SERDANG,KUTALIMBARU,SAWIT REJO,TPS 8,2019-10-25 11:00:05,126,30,206,159,159,156,3,https://pemilu2019.kpu.go.id/img/c/900/026/900026336/1-8772-8-C-XXX-X5.jpg,https://pemilu2019.kpu.go.id/img/c/900/026/900026336/1-8772-8-C-XXX-X6.jpg
6728868887608772900026337,SUMATERA UTARA,DELI SERDANG,KUTALIMBARU,SAWIT REJO,TPS 9,2019-10-25 11:00:05,192,4,269,196,196,196,0,https://pemilu2019.kpu.go.id/img/c/900/026/900026337/1-8772-9-C-XXX-X5.jpg,https://pemilu2019.kpu.go.id/img/c/900/026/900026337/1-8772-9-C-XXX-X6.jpg
6728868887608774900026345,SUMATERA UTARA,DELI SERDANG,KUTALIMBARU,SEI MENCIRIM,TPS 01,2019-10-25 11:00:05,58,90,221,168,150,148,2,https://pemilu2019.kpu.go.id/img/c/900/026/900026345/1-8774-01-C-XXX-X5.jpg,https://pemilu2019.kpu.go.id/img/c/900/026/900026345/1-8774-01-C-XXX-X6.jpg
6728868887608774900026346,SUMATERA UTARA,DELI SERDANG,KUTALIMBARU,SEI MENCIRIM,TPS 02,2019-10-25 11:00:05,63,57,200,120,120,120,0,https://pemilu2019.kpu.go.id/img/c/900/026/900026346/1-8774-02-C1-PPWP-X1.jpg,https://pemilu2019.kpu.go.id/img/c/900/026/900026346/1-8774-02-C1-PPWP-X2.jpg
6728868887608774900026347,SUMATERA UTARA,DELI SERDANG,KUTALIMBARU,SEI MENCIRIM,TPS 03,2019-10-25 11:00:05,65,83,202,151,151,148,3,https://pemilu2019.kpu.go.id/img/c/900/026/900026347/1-8774-03-C-XXX-X5.jpg,https://pemilu2019.kpu.go.id/img/c/900/026/900026347/1-8774-03-C-XXX-X6.jpg
6728868887608774900026348,SUMATERA UTARA,DELI SERDANG,KUTALIMBARU,SEI MENCIRIM,TPS 04,2019-10-25 11:00:05,57,120,279,182,182,177,5,https://pemilu2019.kpu.go.id/img/c/900/026/900026348/1-8774-04-C-XXX-X5.jpg,https://pemilu2019.kpu.go.id/img/c/900/026/900026348/1-8774-04-C-XXX-X6.jpg
6728868887608774900026349,SUMATERA UTARA,DELI SERDANG,KUTALIMBARU,SEI MENCIRIM,TPS 05,2019-10-25 11:00:05,52,125,247,178,178,177,1,https://pemilu2019.kpu.go.id/img/c/900/026/900026349/1-8774-05-C-XXX-X5.jpg,https://pemilu2019.kpu.go.id/img/c/900/026/900026349/1-8774-05-C-XXX-X6.jpg
6728868887608774900026350,SUMATERA UTARA,DELI SERDANG,KUTALIMBARU,SEI MENCIRIM,TPS 06,2019-10-25 11:00:05,50,176,277,228,228,226,2,https://pemilu2019.kpu.go.id/img/c/900/026/900026350/1-8774-06-C-XXX-X5.jpg,https://pemilu2019.kpu.go.id/img/c/900/026/900026350/1-8774-06-C-XXX-X6.jpg
6728868887608774900026351,SUMATERA UTARA,DELI SERDANG,KUTALIMBARU,SEI MENCIRIM,TPS 07,2019-10-25 11:00:05,40,158,253,201,201,198,3,https://pemilu2019.kpu.go.id/img/c/900/026/900026351/1-8774-07-C1-PPWP-X1.jpg,https://pemilu2019.kpu.go.id/img/c/900/026/900026351/1-8774-07-C1-PPWP-X2.jpg
6728868887608774900026352,SUMATERA UTARA,DELI SERDANG,KUTALIMBARU,SEI MENCIRIM,TPS 08,2019-10-25 11:00:05,39,130,220,170,170,169,1,https://pemilu2019.kpu.go.id/img/c/900/026/900026352/1-8774-08-C-XXX-X5.jpg,https://pemilu2019.kpu.go.id/img/c/900/026/900026352/1-8774-08-C-XXX-X6.jpg
6728868887608774900026353,SUMATERA UTARA,DELI SERDANG,KUTALIMBARU,SEI MENCIRIM,TPS 09,2019-10-25 11:00:05,57,122,226,180,180,179,1,https://pemilu2019.kpu.go.id/img/c/900/026/900026353/1-8774-09-C-XXX-X5.jpg,https://pemilu2019.kpu.go.id/img/c/900/026/900026353/1-8774-09-C-XXX-X6.jpg
6728868887608774900026354,SUMATERA UTARA,DELI SERDANG,KUTALIMBARU,SEI MENCIRIM,TPS 10,2019-10-25 11:00:05,56,113,206,171,171,169,2,https://pemilu2019.kpu.go.id/img/c/900/026/900026354/1-8774-10-C-XXX-X5.jpg,https://pemilu2019.kpu.go.id/img/c/900/026/900026354/1-8774-10-C-XXX-X6.jpg
6728868887608774900026355,SUMATERA UTARA,DELI SERDANG,KUTALIMBARU,SEI MENCIRIM,TPS 11,2019-10-25 11:00:05,67,113,269,185,185,180,5,https://pemilu2019.kpu.go.id/img/c/900/026/900026355/1-8774-11-C-XXX-X5.jpg,https://pemilu2019.kpu.go.id/img/c/900/026/900026355/1-8774-11-C-XXX-X6.jpg
6728868887608774900026356,SUMATERA UTARA,DELI SERDANG,KUTALIMBARU,SEI MENCIRIM,TPS 12,2019-10-25 11:00:05,55,111,261,166,166,166,0,https://pemilu2019.kpu.go.id/img/c/900/026/900026356/1-8774-12-C-XXX-X5.jpg,https://pemilu2019.kpu.go.id/img/c/900/026/900026356/1-8774-12-C-XXX-X6.jpg
6728868887608774900026357,SUMATERA UTARA,DELI SERDANG,KUTALIMBARU,SEI MENCIRIM,TPS 13,2019-10-25 11:00:05,62,136,260,202,202,198,4,https://pemilu2019.kpu.go.id/img/c/900/026/900026357/1-8774-13-C-XXX-X5.jpg,https://pemilu2019.kpu.go.id/img/c/900/026/900026357/1-8774-13-C-XXX-X6.jpg
6728868887608774900026358,SUMATERA UTARA,DELI SERDANG,KUTALIMBARU,SEI MENCIRIM,TPS 14,2019-10-25 11:00:05,88,65,221,155,155,153,2,https://pemilu2019.kpu.go.id/img/c/900/026/900026358/1-8774-14-C-XXX-X5.jpg,https://pemilu2019.kpu.go.id/img/c/900/026/900026358/1-8774-14-C-XXX-X6.jpg
6728868887608774900026359,SUMATERA UTARA,DELI SERDANG,KUTALIMBARU,SEI MENCIRIM,TPS 15,2019-10-25 11:00:05,84,81,206,166,166,165,1,https://pemilu2019.kpu.go.id/img/c/900/026/900026359/1-8774-15-C-XXX-X5.jpg,https://pemilu2019.kpu.go.id/img/c/900/026/900026359/1-8774-15-C-XXX-X6.jpg
6728868887608774900026360,SUMATERA UTARA,DELI SERDANG,KUTALIMBARU,SEI MENCIRIM,TPS 16,2019-10-25 11:00:05,31,146,212,177,177,177,0,https://pemilu2019.kpu.go.id/img/c/900/026/900026360/1-8774-16-C-XXX-X5.jpg,https://pemilu2019.kpu.go.id/img/c/900/026/900026360/1-8774-16-C-XXX-X6.jpg
6728868887608774900026361,SUMATERA UTARA,DELI SERDANG,KUTALIMBARU,SEI MENCIRIM,TPS 17,2019-10-25 11:00:05,41,121,191,162,162,162,0,https://pemilu2019.kpu.go.id/img/c/900/026/900026361/1-8774-17-C-XXX-X5.jpg,https://pemilu2019.kpu.go.id/img/c/900/026/900026361/1-8774-17-C-XXX-X6.jpg
6728868887608774900026362,SUMATERA UTARA,DELI SERDANG,KUTALIMBARU,SEI MENCIRIM,TPS 18,2019-10-25 11:00:05,68,60,161,130,129,128,1,https://pemilu2019.kpu.go.id/img/c/900/026/900026362/1-8774-18-C-XXX-X5.jpg,https://pemilu2019.kpu.go.id/img/c/900/026/900026362/1-8774-18-C-XXX-X6.jpg
6728868887608774900026363,SUMATERA UTARA,DELI SERDANG,KUTALIMBARU,SEI MENCIRIM,TPS 19,2019-10-25 11:00:05,62,54,183,120,120,116,4,https://pemilu2019.kpu.go.id/img/c/900/026/900026363/1-8774-19-C-XXX-X5.jpg,https://pemilu2019.kpu.go.id/img/c/900/026/900026363/1-8774-19-C-XXX-X6.jpg
6728868887608771900026321,SUMATERA UTARA,DELI SERDANG,KUTALIMBARU,SILEBO-LEBO,TPS 1,2019-10-25 11:00:05,197,40,257,237,237,237,0,https://pemilu2019.kpu.go.id/img/c/900/026/900026321/1-8771-1-C1-PPWP-X1.jpg,https://pemilu2019.kpu.go.id/img/c/900/026/900026321/1-8771-1-C1-PPWP-X2.jpg
6728868887608771900026322,SUMATERA UTARA,DELI SERDANG,KUTALIMBARU,SILEBO-LEBO,TPS 2,2019-10-25 11:00:05,158,28,260,187,187,186,1,https://pemilu2019.kpu.go.id/img/c/900/026/900026322/1-8771-2-C1-PPWP-X1.jpg,https://pemilu2019.kpu.go.id/img/c/900/026/900026322/1-8771-2-C1-PPWP-X2.jpg
6728868887608771900026323,SUMATERA UTARA,DELI SERDANG,KUTALIMBARU,SILEBO-LEBO,TPS 3,2019-10-25 11:00:05,132,21,188,153,153,153,0,https://pemilu2019.kpu.go.id/img/c/900/026/900026323/1-8771-3-C-XXX-X5.jpg,https://pemilu2019.kpu.go.id/img/c/900/026/900026323/1-8771-3-C-XXX-X6.jpg
6728868887608771900026324,SUMATERA UTARA,DELI SERDANG,KUTALIMBARU,SILEBO-LEBO,TPS 4,2019-10-25 11:00:05,146,29,178,178,178,175,3,https://pemilu2019.kpu.go.id/img/c/900/026/900026324/1-8771-4-C1-PPWP-X1.jpg,https://pemilu2019.kpu.go.id/img/c/900/026/900026324/1-8771-4-C1-PPWP-X2.jpg
6728868887608771900026325,SUMATERA UTARA,DELI SERDANG,KUTALIMBARU,SILEBO-LEBO,TPS 5,2019-10-25 11:00:05,164,14,209,179,179,178,1,https://pemilu2019.kpu.go.id/img/c/900/026/900026325/1-8771-5-C-XXX-X5.jpg,https://pemilu2019.kpu.go.id/img/c/900/026/900026325/1-8771-5-C-XXX-X6.jpg
6728868887608771900026326,SUMATERA UTARA,DELI SERDANG,KUTALIMBARU,SILEBO-LEBO,TPS 6,2019-10-25 11:00:05,182,1,211,184,184,183,1,https://pemilu2019.kpu.go.id/img/c/900/026/900026326/1-8771-6-C1-PPWP-X1.jpg,https://pemilu2019.kpu.go.id/img/c/900/026/900026326/1-8771-6-C1-PPWP-X2.jpg
6728868887608771900026327,SUMATERA UTARA,DELI SERDANG,KUTALIMBARU,SILEBO-LEBO,TPS 7,2019-10-25 11:00:05,223,23,255,247,247,246,1,https://pemilu2019.kpu.go.id/img/c/900/026/900026327/1-8771-7-C1-PPWP-X1.jpg,https://pemilu2019.kpu.go.id/img/c/900/026/900026327/1-8771-7-C1-PPWP-X2.jpg
6728868887608771900026328,SUMATERA UTARA,DELI SERDANG,KUTALIMBARU,SILEBO-LEBO,TPS 8,2019-10-25 11:00:05,105,8,114,113,113,113,0,https://pemilu2019.kpu.go.id/img/c/900/026/900026328/1-8771-8-C-XXX-X5.jpg,https://pemilu2019.kpu.go.id/img/c/900/026/900026328/1-8771-8-C-XXX-X6.jpg
6728868887608763900026252,SUMATERA UTARA,DELI SERDANG,KUTALIMBARU,SUKA DAME,TPS 01,2019-10-25 11:00:05,157,24,204,181,181,181,0,https://pemilu2019.kpu.go.id/img/c/900/026/900026252/1-8763-01-C1-PPWP-X1.jpg,https://pemilu2019.kpu.go.id/img/c/900/026/900026252/1-8763-01-C1-PPWP-X2.jpg
6728868887608763900026253,SUMATERA UTARA,DELI SERDANG,KUTALIMBARU,SUKA DAME,TPS 02,2019-10-25 11:00:05,169,5,202,174,174,174,0,https://pemilu2019.kpu.go.id/img/c/900/026/900026253/1-8763-02-C1-PPWP-X1.jpg,https://pemilu2019.kpu.go.id/img/c/900/026/900026253/1-8763-02-C1-PPWP-X2.jpg
6728868887608763900026254,SUMATERA UTARA,DELI SERDANG,KUTALIMBARU,SUKA DAME,TPS 03,2019-10-25 11:00:05,113,37,213,152,152,150,2,https://pemilu2019.kpu.go.id/img/c/900/026/900026254/1-8763-03-C1-PPWP-X1.jpg,https://pemilu2019.kpu.go.id/img/c/900/026/900026254/1-8763-03-C1-PPWP-X2.jpg
6728868887608763900026255,SUMATERA UTARA,DELI SERDANG,KUTALIMBARU,SUKA DAME,TPS 04,2019-10-25 11:00:05,174,17,249,191,191,191,0,https://pemilu2019.kpu.go.id/img/c/900/026/900026255/1-8763-04-C1-PPWP-X1.jpg,https://pemilu2019.kpu.go.id/img/c/900/026/900026255/1-8763-04-C1-PPWP-X2.jpg
6728868887608763900026256,SUMATERA UTARA,DELI SERDANG,KUTALIMBARU,SUKA DAME,TPS 05,2019-10-25 11:00:05,137,46,232,184,184,183,1,https://pemilu2019.kpu.go.id/img/c/900/026/900026256/1-8763-05-C1-PPWP-X1.jpg,https://pemilu2019.kpu.go.id/img/c/900/026/900026256/1-8763-05-C1-PPWP-X2.jpg
6728868887608763900026257,SUMATERA UTARA,DELI SERDANG,KUTALIMBARU,SUKA DAME,TPS 06,2019-10-25 11:00:05,185,12,255,199,199,197,2,https://pemilu2019.kpu.go.id/img/c/900/026/900026257/2-8763-06-C1-PPWP-X1.jpg,https://pemilu2019.kpu.go.id/img/c/900/026/900026257/2-8763-06-C1-PPWP-X2.jpg
6728868887608763900026258,SUMATERA UTARA,DELI SERDANG,KUTALIMBARU,SUKA DAME,TPS 07,2019-10-25 11:00:05,71,5,98,77,77,76,1,https://pemilu2019.kpu.go.id/img/c/900/026/900026258/2-8763-07-C1-PPWP-X1.jpg,https://pemilu2019.kpu.go.id/img/c/900/026/900026258/2-8763-07-C1-PPWP-X2.jpg
6728868887608763900026259,SUMATERA UTARA,DELI SERDANG,KUTALIMBARU,SUKA DAME,TPS 08,2019-10-25 11:00:05,105,2,111,107,107,107,0,https://pemilu2019.kpu.go.id/img/c/900/026/900026259/1-8763-08-C1-PPWP-X1.jpg,https://pemilu2019.kpu.go.id/img/c/900/026/900026259/1-8763-08-C1-PPWP-X2.jpg
6728868887608763900026260,SUMATERA UTARA,DELI SERDANG,KUTALIMBARU,SUKA DAME,TPS 09,2019-10-25 11:00:05,78,24,129,102,102,102,0,https://pemilu2019.kpu.go.id/img/c/900/026/900026260/1-8763-09-C1-PPWP-X1.jpg,https://pemilu2019.kpu.go.id/img/c/900/026/900026260/1-8763-09-C1-PPWP-X2.jpg
6728868887608763900026261,SUMATERA UTARA,DELI SERDANG,KUTALIMBARU,SUKA DAME,TPS 10,2019-10-25 11:00:05,122,16,194,138,138,138,0,https://pemilu2019.kpu.go.id/img/c/900/026/900026261/1-8763-10-C1-PPWP-X1.jpg,https://pemilu2019.kpu.go.id/img/c/900/026/900026261/1-8763-10-C1-PPWP-X2.jpg
6728868887608763900026262,SUMATERA UTARA,DELI SERDANG,KUTALIMBARU,SUKA DAME,TPS 11,2019-10-25 11:00:05,168,6,214,174,174,174,0,https://pemilu2019.kpu.go.id/img/c/900/026/900026262/1-8763-11-C1-PPWP-X1.jpg,https://pemilu2019.kpu.go.id/img/c/900/026/900026262/1-8763-11-C1-PPWP-X2.jpg
6728868887608761900026239,SUMATERA UTARA,DELI SERDANG,KUTALIMBARU,SUKA MAKMUR,TPS 1,2019-10-25 11:00:05,240,1,270,242,242,241,1,https://pemilu2019.kpu.go.id/img/c/900/026/900026239/1-8761-1-C1-PPWP-X1.jpg,https://pemilu2019.kpu.go.id/img/c/900/026/900026239/1-8761-1-C1-PPWP-X2.jpg
6728868887608761900026240,SUMATERA UTARA,DELI SERDANG,KUTALIMBARU,SUKA MAKMUR,TPS 2,2019-10-25 11:00:05,209,15,262,228,230,224,6,https://pemilu2019.kpu.go.id/img/c/900/026/900026240/1-8761-2-C1-PPWP-X1.jpg,https://pemilu2019.kpu.go.id/img/c/900/026/900026240/1-8761-2-C1-PPWP-X2.jpg
6728868887608761900026241,SUMATERA UTARA,DELI SERDANG,KUTALIMBARU,SUKA MAKMUR,TPS 3,2019-10-25 11:00:05,183,12,225,196,196,195,1,https://pemilu2019.kpu.go.id/img/c/900/026/900026241/1-8761-3-C1-PPWP-X1.jpg,https://pemilu2019.kpu.go.id/img/c/900/026/900026241/1-8761-3-C1-PPWP-X2.jpg
6728868887608761900026242,SUMATERA UTARA,DELI SERDANG,KUTALIMBARU,SUKA MAKMUR,TPS 4,2019-10-25 11:00:05,156,16,217,173,173,172,1,https://pemilu2019.kpu.go.id/img/c/900/026/900026242/1-8761-4-C1-PPWP-X1.jpg,https://pemilu2019.kpu.go.id/img/c/900/026/900026242/1-8761-4-C1-PPWP-X2.jpg
6728868887608761900026243,SUMATERA UTARA,DELI SERDANG,KUTALIMBARU,SUKA MAKMUR,TPS 5,2019-10-25 11:00:05,134,9,162,143,143,143,0,https://pemilu2019.kpu.go.id/img/c/900/026/900026243/1-8761-5-C1-PPWP-X1.jpg,https://pemilu2019.kpu.go.id/img/c/900/026/900026243/1-8761-5-C1-PPWP-X2.jpg
6728868887608761900026244,SUMATERA UTARA,DELI SERDANG,KUTALIMBARU,SUKA MAKMUR,TPS 6,2019-10-25 11:00:05,201,6,257,208,208,207,1,https://pemilu2019.kpu.go.id/img/c/900/026/900026244/1-8761-6-C1-PPWP-X1.jpg,https://pemilu2019.kpu.go.id/img/c/900/026/900026244/1-8761-6-C1-PPWP-X2.jpg
6728868887608761900026245,SUMATERA UTARA,DELI SERDANG,KUTALIMBARU,SUKA MAKMUR,TPS 7,2019-10-25 11:00:05,82,14,101,96,96,96,0,https://pemilu2019.kpu.go.id/img/c/900/026/900026245/1-8761-7-C1-PPWP-X1.jpg,https://pemilu2019.kpu.go.id/img/c/900/026/900026245/1-8761-7-C1-PPWP-X2.jpg
6728868887608768900026295,SUMATERA UTARA,DELI SERDANG,KUTALIMBARU,SUKA RENDE,TPS 01,2019-10-25 11:00:05,146,16,197,162,162,162,0,https://pemilu2019.kpu.go.id/img/c/900/026/900026295/2-8768-01-C-XXX-X5.jpg,https://pemilu2019.kpu.go.id/img/c/900/026/900026295/2-8768-01-C-XXX-X6.jpg
6728868887608768900026296,SUMATERA UTARA,DELI SERDANG,KUTALIMBARU,SUKA RENDE,TPS 02,2019-10-25 11:00:05,146,15,197,162,162,161,1,https://pemilu2019.kpu.go.id/img/c/900/026/900026296/1-8768-02-C-XXX-X5.jpg,https://pemilu2019.kpu.go.id/img/c/900/026/900026296/1-8768-02-C-XXX-X6.jpg
6728868887608768900026297,SUMATERA UTARA,DELI SERDANG,KUTALIMBARU,SUKA RENDE,TPS 03,2019-10-25 11:00:05,123,32,170,156,156,155,1,https://pemilu2019.kpu.go.id/img/c/900/026/900026297/1-8768-03-C-XXX-X5.jpg,https://pemilu2019.kpu.go.id/img/c/900/026/900026297/1-8768-03-C-XXX-X6.jpg
6728868887608768900026298,SUMATERA UTARA,DELI SERDANG,KUTALIMBARU,SUKA RENDE,TPS 04,2019-10-25 11:00:05,160,8,199,169,169,168,1,https://pemilu2019.kpu.go.id/img/c/900/026/900026298/1-8768-04-C-XXX-X5.jpg,https://pemilu2019.kpu.go.id/img/c/900/026/900026298/1-8768-04-C-XXX-X6.jpg
6728868887608768900026299,SUMATERA UTARA,DELI SERDANG,KUTALIMBARU,SUKA RENDE,TPS 05,2019-10-25 11:00:05,152,12,182,164,164,164,0,https://pemilu2019.kpu.go.id/img/c/900/026/900026299/1-8768-05-C-XXX-X5.jpg,https://pemilu2019.kpu.go.id/img/c/900/026/900026299/1-8768-05-C-XXX-X6.jpg
6728868887608768900026300,SUMATERA UTARA,DELI SERDANG,KUTALIMBARU,SUKA RENDE,TPS 06,2019-10-25 11:00:05,185,7,279,193,193,192,1,https://pemilu2019.kpu.go.id/img/c/900/026/900026300/1-8768-06-C-XXX-X5.jpg,https://pemilu2019.kpu.go.id/img/c/900/026/900026300/1-8768-06-C-XXX-X6.jpg
6728868887608768900026301,SUMATERA UTARA,DELI SERDANG,KUTALIMBARU,SUKA RENDE,TPS 07,2019-10-25 11:00:05,91,10,163,102,102,101,1,https://pemilu2019.kpu.go.id/img/c/900/026/900026301/2-8768-07-C-XXX-X5.jpg,https://pemilu2019.kpu.go.id/img/c/900/026/900026301/2-8768-07-C-XXX-X6.jpg
6728868887608768900026302,SUMATERA UTARA,DELI SERDANG,KUTALIMBARU,SUKA RENDE,TPS 08,2019-10-25 11:00:05,172,41,274,214,214,213,1,https://pemilu2019.kpu.go.id/img/c/900/026/900026302/1-8768-08-C-XXX-X5.jpg,https://pemilu2019.kpu.go.id/img/c/900/026/900026302/1-8768-08-C-XXX-X6.jpg
6728868887608768900026303,SUMATERA UTARA,DELI SERDANG,KUTALIMBARU,SUKA RENDE,TPS 09,2019-10-25 11:00:05,169,3,193,173,173,172,1,https://pemilu2019.kpu.go.id/img/c/900/026/900026303/2-8768-09-C1-PPWP-X1.jpg,https://pemilu2019.kpu.go.id/img/c/900/026/900026303/2-8768-09-C1-PPWP-X2.jpg
6728868887608768900026304,SUMATERA UTARA,DELI SERDANG,KUTALIMBARU,SUKA RENDE,TPS 10,2019-10-25 11:00:05,176,8,184,186,186,184,2,https://pemilu2019.kpu.go.id/img/c/900/026/900026304/1-8768-10-C-XXX-X5.jpg,https://pemilu2019.kpu.go.id/img/c/900/026/900026304/1-8768-10-C-XXX-X6.jpg
6728868890129013900029026,SUMATERA UTARA,DELI SERDANG,LABUHAN DELI,HELVETIA,TPS 01,2019-10-25 11:00:05,46,86,185,133,133,132,1,https://pemilu2019.kpu.go.id/img/c/900/029/900029026/1-9013-01-C1-PPWP-X1.jpg,https://pemilu2019.kpu.go.id/img/c/900/029/900029026/1-9013-01-C1-PPWP-X2.jpg
6728868890129013900029027,SUMATERA UTARA,DELI SERDANG,LABUHAN DELI,HELVETIA,TPS 02,2019-10-25 11:00:05,40,73,175,116,116,113,3,https://pemilu2019.kpu.go.id/img/c/900/029/900029027/1-9013-02-C1-PPWP-X1.jpg,https://pemilu2019.kpu.go.id/img/c/900/029/900029027/1-9013-02-C1-PPWP-X2.jpg
6728868890129013900029028,SUMATERA UTARA,DELI SERDANG,LABUHAN DELI,HELVETIA,TPS 03,2019-10-25 11:00:05,38,96,184,136,136,134,2,https://pemilu2019.kpu.go.id/img/c/900/029/900029028/2-9013-03-C1-PPWP-X1.jpg,https://pemilu2019.kpu.go.id/img/c/900/029/900029028/2-9013-03-C1-PPWP-X2.jpg
6728868890129013900029029,SUMATERA UTARA,DELI SERDANG,LABUHAN DELI,HELVETIA,TPS 04,2019-10-25 11:00:05,72,71,240,143,143,143,0,https://pemilu2019.kpu.go.id/img/c/900/029/900029029/2-9013-04-C1-PPWP-X1.jpg,https://pemilu2019.kpu.go.id/img/c/900/029/900029029/2-9013-04-C1-PPWP-X2.jpg
6728868890129013900029030,SUMATERA UTARA,DELI SERDANG,LABUHAN DELI,HELVETIA,TPS 05,2019-10-25 11:00:05,78,97,238,176,176,175,1,https://pemilu2019.kpu.go.id/img/c/900/029/900029030/1-9013-05-C1-PPWP-X1.jpg,https://pemilu2019.kpu.go.id/img/c/900/029/900029030/1-9013-05-C1-PPWP-X2.jpg
6728868890129013900029031,SUMATERA UTARA,DELI SERDANG,LABUHAN DELI,HELVETIA,TPS 06,2019-10-25 11:00:05,84,59,226,144,144,143,1,https://pemilu2019.kpu.go.id/img/c/900/029/900029031/4-9013-06-C1-PPWP-X1.jpg,https://pemilu2019.kpu.go.id/img/c/900/029/900029031/4-9013-06-C1-PPWP-X2.jpg
6728868890129013900029032,SUMATERA UTARA,DELI SERDANG,LABUHAN DELI,HELVETIA,TPS 07,2019-10-25 11:00:05,60,63,190,124,124,123,1,https://pemilu2019.kpu.go.id/img/c/900/029/900029032/1-9013-07-C1-PPWP-X1.jpg,https://pemilu2019.kpu.go.id/img/c/900/029/900029032/1-9013-07-C1-PPWP-X2.jpg
6728868890129013900029033,SUMATERA UTARA,DELI SERDANG,LABUHAN DELI,HELVETIA,TPS 08,2019-10-25 11:00:05,101,46,232,151,151,147,4,https://pemilu2019.kpu.go.id/img/c/900/029/900029033/3-9013-08-C1-PPWP-X1.jpg,https://pemilu2019.kpu.go.id/img/c/900/029/900029033/3-9013-08-C1-PPWP-X2.jpg
6728868890129013900029034,SUMATERA UTARA,DELI SERDANG,LABUHAN DELI,HELVETIA,TPS 09,2019-10-25 11:00:05,63,58,229,123,123,121,2,https://pemilu2019.kpu.go.id/img/c/900/029/900029034/1-9013-09-C1-PPWP-X1.jpg,https://pemilu2019.kpu.go.id/img/c/900/029/900029034/1-9013-09-C1-PPWP-X2.jpg
6728868890129013900029035,SUMATERA UTARA,DELI SERDANG,LABUHAN DELI,HELVETIA,TPS 10,2019-10-25 11:00:05,89,30,196,121,121,119,2,https://pemilu2019.kpu.go.id/img/c/900/029/900029035/2-9013-10-C1-PPWP-X1.jpg,https://pemilu2019.kpu.go.id/img/c/900/029/900029035/2-9013-10-C1-PPWP-X2.jpg
6728868890129013900029036,SUMATERA UTARA,DELI SERDANG,LABUHAN DELI,HELVETIA,TPS 11,2019-10-25 11:00:05,102,9,209,111,111,111,0,https://pemilu2019.kpu.go.id/img/c/900/029/900029036/2-9013-11-C1-PPWP-X1.jpg,https://pemilu2019.kpu.go.id/img/c/900/029/900029036/2-9013-11-C1-PPWP-X2.jpg
6728868890129013900029037,SUMATERA UTARA,DELI SERDANG,LABUHAN DELI,HELVETIA,TPS 12,2019-10-25 11:00:05,97,17,177,115,115,114,1,https://pemilu2019.kpu.go.id/img/c/900/029/900029037/1-9013-12-C1-PPWP-X1.jpg,https://pemilu2019.kpu.go.id/img/c/900/029/900029037/1-9013-12-C1-PPWP-X2.jpg
6728868890129013900029038,SUMATERA UTARA,DELI SERDANG,LABUHAN DELI,HELVETIA,TPS 13,2019-10-25 11:00:05,96,28,234,124,124,124,0,https://pemilu2019.kpu.go.id/img/c/900/029/900029038/1-9013-13-C1-PPWP-X1.jpg,https://pemilu2019.kpu.go.id/img/c/900/029/900029038/1-9013-13-C1-PPWP-X2.jpg
6728868890129013900029039,SUMATERA UTARA,DELI SERDANG,LABUHAN DELI,HELVETIA,TPS 14,2019-10-25 11:00:05,107,16,190,125,125,123,2,https://pemilu2019.kpu.go.id/img/c/900/029/900029039/2-9013-14-C1-PPWP-X1.jpg,https://pemilu2019.kpu.go.id/img/c/900/029/900029039/2-9013-14-C1-PPWP-X2.jpg
6728868890129013900029040,SUMATERA UTARA,DELI SERDANG,LABUHAN DELI,HELVETIA,TPS 15,2019-10-25 11:00:05,89,11,196,100,100,100,0,https://pemilu2019.kpu.go.id/img/c/900/029/900029040/2-9013-15-C1-PPWP-X1.jpg,https://pemilu2019.kpu.go.id/img/c/900/029/900029040/2-9013-15-C1-PPWP-X2.jpg
6728868890129013900029041,SUMATERA UTARA,DELI SERDANG,LABUHAN DELI,HELVETIA,TPS 16,2019-10-25 11:00:05,96,20,170,117,117,116,1,https://pemilu2019.kpu.go.id/img/c/900/029/900029041/2-9013-16-C1-PPWP-X1.jpg,https://pemilu2019.kpu.go.id/img/c/900/029/900029041/2-9013-16-C1-PPWP-X2.jpg
6728868890129013900029042,SUMATERA UTARA,DELI SERDANG,LABUHAN DELI,HELVETIA,TPS 17,2019-10-25 11:00:05,75,26,174,102,102,101,1,https://pemilu2019.kpu.go.id/img/c/900/029/900029042/9013-17-C1-PPWP-X1.jpg,https://pemilu2019.kpu.go.id/img/c/900/029/900029042/9013-17-C1-PPWP-X2.jpg
6728868890129013900029043,SUMATERA UTARA,DELI SERDANG,LABUHAN DELI,HELVETIA,TPS 18,2019-10-25 11:00:05,85,48,250,133,133,133,0,https://pemilu2019.kpu.go.id/img/c/900/029/900029043/2-9013-18-C1-PPWP-X1.jpg,https://pemilu2019.kpu.go.id/img/c/900/029/900029043/2-9013-18-C1-PPWP-X2.jpg
6728868890129013900029044,SUMATERA UTARA,DELI SERDANG,LABUHAN DELI,HELVETIA,TPS 19,2019-10-25 11:00:05,85,48,133,133,133,133,0,https://pemilu2019.kpu.go.id/img/c/900/029/900029044/1-9013-19-C1-PPWP-X1.jpg,https://pemilu2019.kpu.go.id/img/c/900/029/900029044/1-9013-19-C1-PPWP-X2.jpg
6728868890129013900029045,SUMATERA UTARA,DELI SERDANG,LABUHAN DELI,HELVETIA,TPS 20,2019-10-25 11:00:05,126,37,247,162,165,163,2,https://pemilu2019.kpu.go.id/img/c/900/029/900029045/2-9013-20-C1-PPWP-X1.jpg,https://pemilu2019.kpu.go.id/img/c/900/029/900029045/2-9013-20-C1-PPWP-X2.jpg
6728868890129013900029046,SUMATERA UTARA,DELI SERDANG,LABUHAN DELI,HELVETIA,TPS 21,2019-10-25 11:00:05,89,32,175,121,121,121,0,https://pemilu2019.kpu.go.id/img/c/900/029/900029046/1-9013-21-C1-PPWP-X1.jpg,https://pemilu2019.kpu.go.id/img/c/900/029/900029046/1-9013-21-C1-PPWP-X2.jpg
6728868890129013900029047,SUMATERA UTARA,DELI SERDANG,LABUHAN DELI,HELVETIA,TPS 22,2019-10-25 11:00:05,102,28,187,132,132,130,2,https://pemilu2019.kpu.go.id/img/c/900/029/900029047/1-9013-22-C1-PPWP-X1.jpg,https://pemilu2019.kpu.go.id/img/c/900/029/900029047/1-9013-22-C1-PPWP-X2.jpg
6728868890129013900029048,SUMATERA UTARA,DELI SERDANG,LABUHAN DELI,HELVETIA,TPS 23,2019-10-25 11:00:05,89,11,180,100,100,100,0,https://pemilu2019.kpu.go.id/img/c/900/029/900029048/1-9013-23-C1-PPWP-X1.jpg,https://pemilu2019.kpu.go.id/img/c/900/029/900029048/1-9013-23-C1-PPWP-X2.jpg
6728868890129013900029049,SUMATERA UTARA,DELI SERDANG,LABUHAN DELI,HELVETIA,TPS 24,2019-10-25 11:00:05,108,22,208,131,131,130,1,https://pemilu2019.kpu.go.id/img/c/900/029/900029049/1-9013-24-C1-PPWP-X1.jpg,https://pemilu2019.kpu.go.id/img/c/900/029/900029049/1-9013-24-C1-PPWP-X2.jpg
6728868890129013900029050,SUMATERA UTARA,DELI SERDANG,LABUHAN DELI,HELVETIA,TPS 25,2019-10-25 11:00:05,90,28,180,118,118,118,0,https://pemilu2019.kpu.go.id/img/c/900/029/900029050/1-9013-25-C1-PPWP-X1.jpg,https://pemilu2019.kpu.go.id/img/c/900/029/900029050/1-9013-25-C1-PPWP-X2.jpg
6728868890129013900029051,SUMATERA UTARA,DELI SERDANG,LABUHAN DELI,HELVETIA,TPS 26,2019-10-25 11:00:05,79,62,186,142,142,141,1,https://pemilu2019.kpu.go.id/img/c/900/029/900029051/2-9013-26-C1-PPWP-X1.jpg,https://pemilu2019.kpu.go.id/img/c/900/029/900029051/2-9013-26-C1-PPWP-X2.jpg
6728868890129013900029052,SUMATERA UTARA,DELI SERDANG,LABUHAN DELI,HELVETIA,TPS 27,2019-10-25 11:00:05,61,51,151,114,114,112,2,https://pemilu2019.kpu.go.id/img/c/900/029/900029052/1-9013-27-C1-PPWP-X1.jpg,https://pemilu2019.kpu.go.id/img/c/900/029/900029052/1-9013-27-C1-PPWP-X2.jpg
6728868890129013900029053,SUMATERA UTARA,DELI SERDANG,LABUHAN DELI,HELVETIA,TPS 28,2019-10-25 11:00:05,67,67,195,135,135,134,1,https://pemilu2019.kpu.go.id/img/c/900/029/900029053/2-9013-28-C1-PPWP-X1.jpg,https://pemilu2019.kpu.go.id/img/c/900/029/900029053/2-9013-28-C1-PPWP-X2.jpg
6728868890129013900029054,SUMATERA UTARA,DELI SERDANG,LABUHAN DELI,HELVETIA,TPS 29,2019-10-25 11:00:05,50,43,160,93,93,93,0,https://pemilu2019.kpu.go.id/img/c/900/029/900029054/2-9013-29-C1-PPWP-X1.jpg,https://pemilu2019.kpu.go.id/img/c/900/029/900029054/2-9013-29-C1-PPWP-X2.jpg
6728868890129013900029055,SUMATERA UTARA,DELI SERDANG,LABUHAN DELI,HELVETIA,TPS 30,2019-10-25 11:00:05,92,44,213,138,138,136,2,https://pemilu2019.kpu.go.id/img/c/900/029/900029055/1-9013-30-C1-PPWP-X1.jpg,https://pemilu2019.kpu.go.id/img/c/900/029/900029055/1-9013-30-C1-PPWP-X2.jpg
6728868890129013900029056,SUMATERA UTARA,DELI SERDANG,LABUHAN DELI,HELVETIA,TPS 31,2019-10-25 11:00:05,77,57,203,135,135,134,1,https://pemilu2019.kpu.go.id/img/c/900/029/900029056/1-9013-31-C1-PPWP-X1.jpg,https://pemilu2019.kpu.go.id/img/c/900/029/900029056/1-9013-31-C1-PPWP-X2.jpg
6728868890129013900029057,SUMATERA UTARA,DELI SERDANG,LABUHAN DELI,HELVETIA,TPS 32,2019-10-25 11:00:05,107,39,233,151,151,146,5,https://pemilu2019.kpu.go.id/img/c/900/029/900029057/1-9013-32-C1-PPWP-X1.jpg,https://pemilu2019.kpu.go.id/img/c/900/029/900029057/1-9013-32-C1-PPWP-X2.jpg
6728868890129013900029058,SUMATERA UTARA,DELI SERDANG,LABUHAN DELI,HELVETIA,TPS 33,2019-10-25 11:00:05,52,99,213,151,151,151,0,https://pemilu2019.kpu.go.id/img/c/900/029/900029058/2-9013-33-C1-PPWP-X1.jpg,https://pemilu2019.kpu.go.id/img/c/900/029/900029058/2-9013-33-C1-PPWP-X2.jpg
6728868890129013900029059,SUMATERA UTARA,DELI SERDANG,LABUHAN DELI,HELVETIA,TPS 34,2019-10-25 11:00:05,52,77,187,131,133,129,4,https://pemilu2019.kpu.go.id/img/c/900/029/900029059/2-9013-34-C1-PPWP-X1.jpg,https://pemilu2019.kpu.go.id/img/c/900/029/900029059/2-9013-34-C1-PPWP-X2.jpg
6728868890129013900029060,SUMATERA UTARA,DELI SERDANG,LABUHAN DELI,HELVETIA,TPS 35,2019-10-25 11:00:05,54,84,196,138,138,138,0,https://pemilu2019.kpu.go.id/img/c/900/029/900029060/1-9013-35-C1-PPWP-X1.jpg,https://pemilu2019.kpu.go.id/img/c/900/029/900029060/1-9013-35-C1-PPWP-X2.jpg
6728868890129013900029061,SUMATERA UTARA,DELI SERDANG,LABUHAN DELI,HELVETIA,TPS 36,2019-10-25 11:00:05,48,86,188,134,134,134,0,https://pemilu2019.kpu.go.id/img/c/900/029/900029061/2-9013-36-C1-PPWP-X1.jpg,https://pemilu2019.kpu.go.id/img/c/900/029/900029061/2-9013-36-C1-PPWP-X2.jpg
6728868890129013900029062,SUMATERA UTARA,DELI SERDANG,LABUHAN DELI,HELVETIA,TPS 37,2019-10-25 11:00:05,55,114,0,171,171,169,2,https://pemilu2019.kpu.go.id/img/c/900/029/900029062/1-9013-37-C1-PPWP-X1.jpg,https://pemilu2019.kpu.go.id/img/c/900/029/900029062/1-9013-37-C1-PPWP-X2.jpg
6728868890129013900029063,SUMATERA UTARA,DELI SERDANG,LABUHAN DELI,HELVETIA,TPS 38,2019-10-25 11:00:05,40,122,233,162,162,162,0,https://pemilu2019.kpu.go.id/img/c/900/029/900029063/2-9013-38-C1-PPWP-X1.jpg,https://pemilu2019.kpu.go.id/img/c/900/029/900029063/2-9013-38-C1-PPWP-X2.jpg
6728868890129013900029064,SUMATERA UTARA,DELI SERDANG,LABUHAN DELI,HELVETIA,TPS 39,2019-10-25 11:00:05,41,91,198,132,132,132,0,https://pemilu2019.kpu.go.id/img/c/900/029/900029064/2-9013-39-C1-PPWP-X1.jpg,https://pemilu2019.kpu.go.id/img/c/900/029/900029064/2-9013-39-C1-PPWP-X2.jpg
6728868890129013900029065,SUMATERA UTARA,DELI SERDANG,LABUHAN DELI,HELVETIA,TPS 40,2019-10-25 11:00:05,31,155,210,188,188,186,2,https://pemilu2019.kpu.go.id/img/c/900/029/900029065/2-9013-40-C1-PPWP-X1.jpg,https://pemilu2019.kpu.go.id/img/c/900/029/900029065/2-9013-40-C1-PPWP-X2.jpg
6728868890129013900029066,SUMATERA UTARA,DELI SERDANG,LABUHAN DELI,HELVETIA,TPS 41,2019-10-25 11:00:05,33,115,208,150,150,148,2,https://pemilu2019.kpu.go.id/img/c/900/029/900029066/1-9013-41-C1-PPWP-X1.jpg,https://pemilu2019.kpu.go.id/img/c/900/029/900029066/1-9013-41-C1-PPWP-X2.jpg
6728868890129013900029067,SUMATERA UTARA,DELI SERDANG,LABUHAN DELI,HELVETIA,TPS 42,2019-10-25 11:00:05,44,125,253,170,170,169,1,https://pemilu2019.kpu.go.id/img/c/900/029/900029067/1-9013-42-C1-PPWP-X1.jpg,https://pemilu2019.kpu.go.id/img/c/900/029/900029067/1-9013-42-C1-PPWP-X2.jpg
6728868890129013900029068,SUMATERA UTARA,DELI SERDANG,LABUHAN DELI,HELVETIA,TPS 43,2019-10-25 11:00:05,44,124,244,169,169,168,1,https://pemilu2019.kpu.go.id/img/c/900/029/900029068/1-9013-43-C1-PPWP-X1.jpg,https://pemilu2019.kpu.go.id/img/c/900/029/900029068/1-9013-43-C1-PPWP-X2.jpg
6728868890129013900029069,SUMATERA UTARA,DELI SERDANG,LABUHAN DELI,HELVETIA,TPS 44,2019-10-25 11:00:05,84,132,234,217,217,216,1,https://pemilu2019.kpu.go.id/img/c/900/029/900029069/3-9013-44-C1-PPWP-X1.jpg,https://pemilu2019.kpu.go.id/img/c/900/029/900029069/3-9013-44-C1-PPWP-X2.jpg
6728868890129013900029070,SUMATERA UTARA,DELI SERDANG,LABUHAN DELI,HELVETIA,TPS 45,2019-10-25 11:00:05,43,177,217,221,221,220,1,https://pemilu2019.kpu.go.id/img/c/900/029/900029070/1-9013-45-C1-PPWP-X1.jpg,https://pemilu2019.kpu.go.id/img/c/900/029/900029070/1-9013-45-C1-PPWP-X2.jpg
6728868890129013900029071,SUMATERA UTARA,DELI SERDANG,LABUHAN DELI,HELVETIA,TPS 46,2019-10-25 11:00:05,50,167,217,217,221,217,4,https://pemilu2019.kpu.go.id/img/c/900/029/900029071/1-9013-46-C1-PPWP-X1.jpg,https://pemilu2019.kpu.go.id/img/c/900/029/900029071/1-9013-46-C1-PPWP-X2.jpg
6728868890129013900029072,SUMATERA UTARA,DELI SERDANG,LABUHAN DELI,HELVETIA,TPS 47,2019-10-25 11:00:05,44,148,213,193,193,192,1,https://pemilu2019.kpu.go.id/img/c/900/029/900029072/1-9013-47-C1-PPWP-X1.jpg,https://pemilu2019.kpu.go.id/img/c/900/029/900029072/1-9013-47-C1-PPWP-X2.jpg
6728868890129013900029073,SUMATERA UTARA,DELI SERDANG,LABUHAN DELI,HELVETIA,TPS 48,2019-10-25 11:00:05,32,143,242,182,182,175,7,https://pemilu2019.kpu.go.id/img/c/900/029/900029073/2-9013-48-C1-PPWP-X1.jpg,https://pemilu2019.kpu.go.id/img/c/900/029/900029073/2-9013-48-C1-PPWP-X2.jpg
6728868890129013900029074,SUMATERA UTARA,DELI SERDANG,LABUHAN DELI,HELVETIA,TPS 49,2019-10-25 11:00:05,58,152,300,210,210,210,0,https://pemilu2019.kpu.go.id/img/c/900/029/900029074/1-9013-49-C1-PPWP-X1.jpg,https://pemilu2019.kpu.go.id/img/c/900/029/900029074/1-9013-49-C1-PPWP-X2.jpg
6728868890129013900029075,SUMATERA UTARA,DELI SERDANG,LABUHAN DELI,HELVETIA,TPS 50,2019-10-25 11:00:05,36,104,201,141,141,140,1,https://pemilu2019.kpu.go.id/img/c/900/029/900029075/2-9013-50-C1-PPWP-X1.jpg,https://pemilu2019.kpu.go.id/img/c/900/029/900029075/2-9013-50-C1-PPWP-X2.jpg
6728868890129013900029076,SUMATERA UTARA,DELI SERDANG,LABUHAN DELI,HELVETIA,TPS 51,2019-10-25 11:00:05,55,131,248,192,192,186,6,https://pemilu2019.kpu.go.id/img/c/900/029/900029076/3-9013-51-C1-PPWP-X1.jpg,https://pemilu2019.kpu.go.id/img/c/900/029/900029076/3-9013-51-C1-PPWP-X2.jpg
6728868890129013900029077,SUMATERA UTARA,DELI SERDANG,LABUHAN DELI,HELVETIA,TPS 52,2019-10-25 11:00:05,48,163,256,213,213,211,2,https://pemilu2019.kpu.go.id/img/c/900/029/900029077/1-9013-52-C1-PPWP-X1.jpg,https://pemilu2019.kpu.go.id/img/c/900/029/900029077/1-9013-52-C1-PPWP-X2.jpg
6728868890129013900029078,SUMATERA UTARA,DELI SERDANG,LABUHAN DELI,HELVETIA,TPS 53,2019-10-25 11:00:05,37,146,252,183,183,183,0,https://pemilu2019.kpu.go.id/img/c/900/029/900029078/1-9013-53-C1-PPWP-X1.jpg,https://pemilu2019.kpu.go.id/img/c/900/029/900029078/1-9013-53-C1-PPWP-X2.jpg
6728868890129013900029079,SUMATERA UTARA,DELI SERDANG,LABUHAN DELI,HELVETIA,TPS 54,2019-10-25 11:00:05,61,133,216,197,197,194,3,https://pemilu2019.kpu.go.id/img/c/900/029/900029079/1-9013-54-C1-PPWP-X1.jpg,https://pemilu2019.kpu.go.id/img/c/900/029/900029079/1-9013-54-C1-PPWP-X2.jpg
6728868890129013900029080,SUMATERA UTARA,DELI SERDANG,LABUHAN DELI,HELVETIA,TPS 55,2019-10-25 11:00:05,61,159,258,222,222,220,2,https://pemilu2019.kpu.go.id/img/c/900/029/900029080/2-9013-55-C1-PPWP-X1.jpg,https://pemilu2019.kpu.go.id/img/c/900/029/900029080/2-9013-55-C1-PPWP-X2.jpg
6728868890129013900029081,SUMATERA UTARA,DELI SERDANG,LABUHAN DELI,HELVETIA,TPS 56,2019-10-25 11:00:05,53,161,235,220,220,214,6,https://pemilu2019.kpu.go.id/img/c/900/029/900029081/2-9013-56-C1-PPWP-X1.jpg,https://pemilu2019.kpu.go.id/img/c/900/029/900029081/2-9013-56-C1-PPWP-X2.jpg
6728868890129013900029082,SUMATERA UTARA,DELI SERDANG,LABUHAN DELI,HELVETIA,TPS 57,2019-10-25 11:00:05,64,137,227,205,205,201,4,https://pemilu2019.kpu.go.id/img/c/900/029/900029082/3-9013-57-C1-PPWP-X1.jpg,https://pemilu2019.kpu.go.id/img/c/900/029/900029082/3-9013-57-C1-PPWP-X2.jpg
6728868890129013900029083,SUMATERA UTARA,DELI SERDANG,LABUHAN DELI,HELVETIA,TPS 58,2019-10-25 11:00:05,67,76,203,144,144,143,1,https://pemilu2019.kpu.go.id/img/c/900/029/900029083/1-9013-58-C1-PPWP-X1.jpg,https://pemilu2019.kpu.go.id/img/c/900/029/900029083/1-9013-58-C1-PPWP-X2.jpg
6728868890129013900029084,SUMATERA UTARA,DELI SERDANG,LABUHAN DELI,HELVETIA,TPS 59,2019-10-25 11:00:05,90,94,254,185,185,184,1,https://pemilu2019.kpu.go.id/img/c/900/029/900029084/1-9013-59-C1-PPWP-X1.jpg,https://pemilu2019.kpu.go.id/img/c/900/029/900029084/1-9013-59-C1-PPWP-X2.jpg
6728868890129016900029202,SUMATERA UTARA,DELI SERDANG,LABUHAN DELI,KARANG GADING,TPS 01,2019-10-25 11:00:05,91,143,327,241,241,234,7,https://pemilu2019.kpu.go.id/img/c/900/029/900029202/9016-01-C1-PPWP-X1.jpg,https://pemilu2019.kpu.go.id/img/c/900/029/900029202/9016-01-C1-PPWP-X2.jpg
6728868890129016900029203,SUMATERA UTARA,DELI SERDANG,LABUHAN DELI,KARANG GADING,TPS 02,2019-10-25 11:00:05,87,123,272,213,213,210,3,https://pemilu2019.kpu.go.id/img/c/900/029/900029203/9016-02-C1-PPWP-X1.jpg,https://pemilu2019.kpu.go.id/img/c/900/029/900029203/9016-02-C1-PPWP-X2.jpg
6728868890129016900029204,SUMATERA UTARA,DELI SERDANG,LABUHAN DELI,KARANG GADING,TPS 03,2019-10-25 11:00:05,87,85,209,173,173,172,1,https://pemilu2019.kpu.go.id/img/c/900/029/900029204/9016-03-C1-PPWP-X1.jpg,https://pemilu2019.kpu.go.id/img/c/900/029/900029204/9016-03-C1-PPWP-X2.jpg
6728868890129016900029205,SUMATERA UTARA,DELI SERDANG,LABUHAN DELI,KARANG GADING,TPS 04,2019-10-25 11:00:05,63,131,244,195,195,194,1,https://pemilu2019.kpu.go.id/img/c/900/029/900029205/9016-04-C1-PPWP-X1.jpg,https://pemilu2019.kpu.go.id/img/c/900/029/900029205/9016-04-C1-PPWP-X2.jpg
6728868890129016900029206,SUMATERA UTARA,DELI SERDANG,LABUHAN DELI,KARANG GADING,TPS 05,2019-10-25 11:00:05,54,113,224,169,169,167,2,https://pemilu2019.kpu.go.id/img/c/900/029/900029206/9016-05-C1-PPWP-X1.jpg,https://pemilu2019.kpu.go.id/img/c/900/029/900029206/9016-05-C1-PPWP-X2.jpg
6728868890129016900029207,SUMATERA UTARA,DELI SERDANG,LABUHAN DELI,KARANG GADING,TPS 06,2019-10-25 11:00:05,36,139,198,176,176,175,1,https://pemilu2019.kpu.go.id/img/c/900/029/900029207/9016-06-C1-PPWP-X1.jpg,https://pemilu2019.kpu.go.id/img/c/900/029/900029207/9016-06-C1-PPWP-X2.jpg
6728868890129016900029208,SUMATERA UTARA,DELI SERDANG,LABUHAN DELI,KARANG GADING,TPS 07,2019-10-25 11:00:05,63,86,172,151,151,149,2,https://pemilu2019.kpu.go.id/img/c/900/029/900029208/9016-07-C1-PPWP-X1.jpg,https://pemilu2019.kpu.go.id/img/c/900/029/900029208/9016-07-C1-PPWP-X2.jpg
6728868890129016900029209,SUMATERA UTARA,DELI SERDANG,LABUHAN DELI,KARANG GADING,TPS 08,2019-10-25 11:00:05,69,79,173,149,149,148,1,https://pemilu2019.kpu.go.id/img/c/900/029/900029209/9016-08-C1-PPWP-X1.jpg,https://pemilu2019.kpu.go.id/img/c/900/029/900029209/9016-08-C1-PPWP-X2.jpg
6728868890129016900029210,SUMATERA UTARA,DELI SERDANG,LABUHAN DELI,KARANG GADING,TPS 09,2019-10-25 11:00:05,41,92,173,133,133,133,0,https://pemilu2019.kpu.go.id/img/c/900/029/900029210/9016-09-C1-PPWP-X1.jpg,https://pemilu2019.kpu.go.id/img/c/900/029/900029210/9016-09-C1-PPWP-X2.jpg
6728868890129016900029211,SUMATERA UTARA,DELI SERDANG,LABUHAN DELI,KARANG GADING,TPS 10,2019-10-25 11:00:05,62,117,232,180,180,179,1,https://pemilu2019.kpu.go.id/img/c/900/029/900029211/9016-10-C1-PPWP-X1.jpg,https://pemilu2019.kpu.go.id/img/c/900/029/900029211/9016-10-C1-PPWP-X2.jpg
6728868890129016900029212,SUMATERA UTARA,DELI SERDANG,LABUHAN DELI,KARANG GADING,TPS 11,2019-10-25 11:00:05,95,80,205,182,182,175,7,https://pemilu2019.kpu.go.id/img/c/900/029/900029212/9016-11-C1-PPWP-X1.jpg,https://pemilu2019.kpu.go.id/img/c/900/029/900029212/9016-11-C1-PPWP-X2.jpg
6728868890129016900029213,SUMATERA UTARA,DELI SERDANG,LABUHAN DELI,KARANG GADING,TPS 12,2019-10-25 11:00:05,93,91,210,189,189,184,5,https://pemilu2019.kpu.go.id/img/c/900/029/900029213/9016-12-C1-PPWP-X1.jpg,https://pemilu2019.kpu.go.id/img/c/900/029/900029213/9016-12-C1-PPWP-X2.jpg
6728868890129016900029214,SUMATERA UTARA,DELI SERDANG,LABUHAN DELI,KARANG GADING,TPS 13,2019-10-25 11:00:05,82,67,206,155,155,149,6,https://pemilu2019.kpu.go.id/img/c/900/029/900029214/9016-13-C1-PPWP-X1.jpg,https://pemilu2019.kpu.go.id/img/c/900/029/900029214/9016-13-C1-PPWP-X2.jpg
6728868890129016900029215,SUMATERA UTARA,DELI SERDANG,LABUHAN DELI,KARANG GADING,TPS 14,2019-10-25 11:00:05,78,76,213,157,157,154,3,https://pemilu2019.kpu.go.id/img/c/900/029/900029215/1-9016-14-C1-PPWP-X1.jpg,https://pemilu2019.kpu.go.id/img/c/900/029/900029215/1-9016-14-C1-PPWP-X2.jpg
6728868890129016900029216,SUMATERA UTARA,DELI SERDANG,LABUHAN DELI,KARANG GADING,TPS 15,2019-10-25 11:00:05,68,109,220,182,182,177,5,https://pemilu2019.kpu.go.id/img/c/900/029/900029216/1-9016-15-C1-PPWP-X1.jpg,https://pemilu2019.kpu.go.id/img/c/900/029/900029216/1-9016-15-C1-PPWP-X2.jpg
6728868890129016900029217,SUMATERA UTARA,DELI SERDANG,LABUHAN DELI,KARANG GADING,TPS 16,2019-10-25 11:00:05,72,76,193,149,149,148,1,https://pemilu2019.kpu.go.id/img/c/900/029/900029217/9016-16-C1-PPWP-X1.jpg,https://pemilu2019.kpu.go.id/img/c/900/029/900029217/9016-16-C1-PPWP-X2.jpg
6728868890129016900029218,SUMATERA UTARA,DELI SERDANG,LABUHAN DELI,KARANG GADING,TPS 17,2019-10-25 11:00:05,79,71,239,151,151,150,1,https://pemilu2019.kpu.go.id/img/c/900/029/900029218/9016-17-C1-PPWP-X1.jpg,https://pemilu2019.kpu.go.id/img/c/900/029/900029218/9016-17-C1-PPWP-X2.jpg
6728868890129016900029219,SUMATERA UTARA,DELI SERDANG,LABUHAN DELI,KARANG GADING,TPS 18,2019-10-25 11:00:05,33,38,91,71,71,71,0,https://pemilu2019.kpu.go.id/img/c/900/029/900029219/1-9016-18-C1-PPWP-X1.jpg,https://pemilu2019.kpu.go.id/img/c/900/029/900029219/1-9016-18-C1-PPWP-X2.jpg
6728868890129016900029220,SUMATERA UTARA,DELI SERDANG,LABUHAN DELI,KARANG GADING,TPS 19,2019-10-25 11:00:05,36,54,134,91,91,90,1,https://pemilu2019.kpu.go.id/img/c/900/029/900029220/1-9016-19-C1-PPWP-X1.jpg,https://pemilu2019.kpu.go.id/img/c/900/029/900029220/1-9016-19-C1-PPWP-X2.jpg
6728868890129014900029085,SUMATERA UTARA,DELI SERDANG,LABUHAN DELI,MANUNGGAL,TPS 01,2019-10-25 11:00:05,52,113,200,164,165,165,0,https://pemilu2019.kpu.go.id/img/c/900/029/900029085/3-9014-01-C1-PPWP-X1.jpg,https://pemilu2019.kpu.go.id/img/c/900/029/900029085/3-9014-01-C1-PPWP-X2.jpg
6728868890129014900029086,SUMATERA UTARA,DELI SERDANG,LABUHAN DELI,MANUNGGAL,TPS 02,2019-10-25 11:00:05,41,109,204,151,151,150,1,https://pemilu2019.kpu.go.id/img/c/900/029/900029086/2-9014-02-C1-PPWP-X1.jpg,https://pemilu2019.kpu.go.id/img/c/900/029/900029086/2-9014-02-C1-PPWP-X2.jpg
6728868890129014900029087,SUMATERA UTARA,DELI SERDANG,LABUHAN DELI,MANUNGGAL,TPS 03,2019-10-25 11:00:05,37,103,177,140,0,140,0,https://pemilu2019.kpu.go.id/img/c/900/029/900029087/2-9014-03-C1-PPWP-X1.jpg,https://pemilu2019.kpu.go.id/img/c/900/029/900029087/2-9014-03-C1-PPWP-X2.jpg
6728868890129014900029088,SUMATERA UTARA,DELI SERDANG,LABUHAN DELI,MANUNGGAL,TPS 04,2019-10-25 11:00:05,29,120,190,149,149,149,0,https://pemilu2019.kpu.go.id/img/c/900/029/900029088/2-9014-04-C1-PPWP-X1.jpg,https://pemilu2019.kpu.go.id/img/c/900/029/900029088/2-9014-04-C1-PPWP-X2.jpg
6728868890129014900029089,SUMATERA UTARA,DELI SERDANG,LABUHAN DELI,MANUNGGAL,TPS 05,2019-10-25 11:00:05,50,79,181,129,129,129,0,https://pemilu2019.kpu.go.id/img/c/900/029/900029089/2-9014-05-C1-PPWP-X1.jpg,https://pemilu2019.kpu.go.id/img/c/900/029/900029089/2-9014-05-C1-PPWP-X2.jpg
6728868890129014900029090,SUMATERA UTARA,DELI SERDANG,LABUHAN DELI,MANUNGGAL,TPS 06,2019-10-25 11:00:05,65,91,191,158,158,156,2,https://pemilu2019.kpu.go.id/img/c/900/029/900029090/2-9014-06-C1-PPWP-X1.jpg,https://pemilu2019.kpu.go.id/img/c/900/029/900029090/2-9014-06-C1-PPWP-X2.jpg
6728868890129014900029091,SUMATERA UTARA,DELI SERDANG,LABUHAN DELI,MANUNGGAL,TPS 07,2019-10-25 11:00:05,79,89,228,168,168,167,1,https://pemilu2019.kpu.go.id/img/c/900/029/900029091/2-9014-07-C1-PPWP-X1.jpg,https://pemilu2019.kpu.go.id/img/c/900/029/900029091/2-9014-07-C1-PPWP-X2.jpg
6728868890129014900029092,SUMATERA UTARA,DELI SERDANG,LABUHAN DELI,MANUNGGAL,TPS 08,2019-10-25 11:00:05,47,72,185,120,120,119,1,https://pemilu2019.kpu.go.id/img/c/900/029/900029092/2-9014-08-C1-PPWP-X1.jpg,https://pemilu2019.kpu.go.id/img/c/900/029/900029092/2-9014-08-C1-PPWP-X2.jpg
6728868890129014900029093,SUMATERA UTARA,DELI SERDANG,LABUHAN DELI,MANUNGGAL,TPS 09,2019-10-25 11:00:05,67,76,213,143,143,143,0,https://pemilu2019.kpu.go.id/img/c/900/029/900029093/2-9014-09-C1-PPWP-X1.jpg,https://pemilu2019.kpu.go.id/img/c/900/029/900029093/2-9014-09-C1-PPWP-X2.jpg
6728868890129014900029094,SUMATERA UTARA,DELI SERDANG,LABUHAN DELI,MANUNGGAL,TPS 10,2019-10-25 11:00:05,50,89,205,139,139,139,0,https://pemilu2019.kpu.go.id/img/c/900/029/900029094/2-9014-10-C1-PPWP-X1.jpg,https://pemilu2019.kpu.go.id/img/c/900/029/900029094/2-9014-10-C1-PPWP-X2.jpg
6728868890129014900029095,SUMATERA UTARA,DELI SERDANG,LABUHAN DELI,MANUNGGAL,TPS 11,2019-10-25 11:00:05,61,75,192,137,137,136,1,https://pemilu2019.kpu.go.id/img/c/900/029/900029095/2-9014-11-C1-PPWP-X1.jpg,https://pemilu2019.kpu.go.id/img/c/900/029/900029095/2-9014-11-C1-PPWP-X2.jpg
6728868890129014900029096,SUMATERA UTARA,DELI SERDANG,LABUHAN DELI,MANUNGGAL,TPS 12,2019-10-25 11:00:05,51,75,210,126,126,126,0,https://pemilu2019.kpu.go.id/img/c/900/029/900029096/2-9014-12-C1-PPWP-X1.jpg,https://pemilu2019.kpu.go.id/img/c/900/029/900029096/2-9014-12-C1-PPWP-X2.jpg
6728868890129014900029097,SUMATERA UTARA,DELI SERDANG,LABUHAN DELI,MANUNGGAL,TPS 13,2019-10-25 11:00:05,67,72,196,139,139,139,0,https://pemilu2019.kpu.go.id/img/c/900/029/900029097/2-9014-13-C1-PPWP-X1.jpg,https://pemilu2019.kpu.go.id/img/c/900/029/900029097/2-9014-13-C1-PPWP-X2.jpg
6728868890129014900029098,SUMATERA UTARA,DELI SERDANG,LABUHAN DELI,MANUNGGAL,TPS 14,2019-10-25 11:00:05,67,65,210,133,133,132,1,https://pemilu2019.kpu.go.id/img/c/900/029/900029098/1-9014-14-C1-PPWP-X1.jpg,https://pemilu2019.kpu.go.id/img/c/900/029/900029098/1-9014-14-C1-PPWP-X2.jpg
6728868890129014900029099,SUMATERA UTARA,DELI SERDANG,LABUHAN DELI,MANUNGGAL,TPS 15,2019-10-25 11:00:05,51,79,193,130,130,130,0,https://pemilu2019.kpu.go.id/img/c/900/029/900029099/2-9014-15-C1-PPWP-X1.jpg,https://pemilu2019.kpu.go.id/img/c/900/029/900029099/2-9014-15-C1-PPWP-X2.jpg
6728868890129014900029100,SUMATERA UTARA,DELI SERDANG,LABUHAN DELI,MANUNGGAL,TPS 16,2019-10-25 11:00:05,35,100,187,135,135,135,0,https://pemilu2019.kpu.go.id/img/c/900/029/900029100/2-9014-16-C1-PPWP-X1.jpg,https://pemilu2019.kpu.go.id/img/c/900/029/900029100/2-9014-16-C1-PPWP-X2.jpg
6728868890129014900029101,SUMATERA UTARA,DELI SERDANG,LABUHAN DELI,MANUNGGAL,TPS 17,2019-10-25 11:00:05,42,111,201,153,153,153,0,https://pemilu2019.kpu.go.id/img/c/900/029/900029101/2-9014-17-C1-PPWP-X1.jpg,https://pemilu2019.kpu.go.id/img/c/900/029/900029101/2-9014-17-C1-PPWP-X2.jpg
6728868890129014900029102,SUMATERA UTARA,DELI SERDANG,LABUHAN DELI,MANUNGGAL,TPS 18,2019-10-25 11:00:05,36,71,191,107,107,107,0,https://pemilu2019.kpu.go.id/img/c/900/029/900029102/2-9014-18-C1-PPWP-X1.jpg,https://pemilu2019.kpu.go.id/img/c/900/029/900029102/2-9014-18-C1-PPWP-X2.jpg
6728868890129014900029103,SUMATERA UTARA,DELI SERDANG,LABUHAN DELI,MANUNGGAL,TPS 19,2019-10-25 11:00:05,47,81,217,128,128,128,0,https://pemilu2019.kpu.go.id/img/c/900/029/900029103/2-9014-19-C1-PPWP-X1.jpg,https://pemilu2019.kpu.go.id/img/c/900/029/900029103/2-9014-19-C1-PPWP-X2.jpg
6728868890129014900029104,SUMATERA UTARA,DELI SERDANG,LABUHAN DELI,MANUNGGAL,TPS 20,2019-10-25 11:00:05,65,89,234,157,157,154,3,https://pemilu2019.kpu.go.id/img/c/900/029/900029104/2-9014-20-C1-PPWP-X1.jpg,https://pemilu2019.kpu.go.id/img/c/900/029/900029104/2-9014-20-C1-PPWP-X2.jpg
6728868890129014900029105,SUMATERA UTARA,DELI SERDANG,LABUHAN DELI,MANUNGGAL,TPS 21,2019-10-25 11:00:05,55,139,236,192,194,194,0,https://pemilu2019.kpu.go.id/img/c/900/029/900029105/2-9014-21-C1-PPWP-X1.jpg,https://pemilu2019.kpu.go.id/img/c/900/029/900029105/2-9014-21-C1-PPWP-X2.jpg
6728868890129014900029106,SUMATERA UTARA,DELI SERDANG,LABUHAN DELI,MANUNGGAL,TPS 22,2019-10-25 11:00:05,44,108,208,154,154,152,2,https://pemilu2019.kpu.go.id/img/c/900/029/900029106/2-9014-22-C1-PPWP-X1.jpg,https://pemilu2019.kpu.go.id/img/c/900/029/900029106/2-9014-22-C1-PPWP-X2.jpg
6728868890129014900029107,SUMATERA UTARA,DELI SERDANG,LABUHAN DELI,MANUNGGAL,TPS 23,2019-10-25 11:00:05,60,102,207,167,167,162,5,https://pemilu2019.kpu.go.id/img/c/900/029/900029107/2-9014-23-C1-PPWP-X1.jpg,https://pemilu2019.kpu.go.id/img/c/900/029/900029107/2-9014-23-C1-PPWP-X2.jpg
6728868890129014900029108,SUMATERA UTARA,DELI SERDANG,LABUHAN DELI,MANUNGGAL,TPS 24,2019-10-25 11:00:05,43,90,196,135,135,133,2,https://pemilu2019.kpu.go.id/img/c/900/029/900029108/2-9014-24-C1-PPWP-X1.jpg,https://pemilu2019.kpu.go.id/img/c/900/029/900029108/2-9014-24-C1-PPWP-X2.jpg
6728868890129014900029109,SUMATERA UTARA,DELI SERDANG,LABUHAN DELI,MANUNGGAL,TPS 25,2019-10-25 11:00:05,50,141,233,191,191,191,0,https://pemilu2019.kpu.go.id/img/c/900/029/900029109/2-9014-25-C1-PPWP-X1.jpg,https://pemilu2019.kpu.go.id/img/c/900/029/900029109/2-9014-25-C1-PPWP-X2.jpg
6728868890129014900029110,SUMATERA UTARA,DELI SERDANG,LABUHAN DELI,MANUNGGAL,TPS 26,2019-10-25 11:00:05,56,127,238,185,185,183,2,https://pemilu2019.kpu.go.id/img/c/900/029/900029110/2-9014-26-C1-PPWP-X1.jpg,https://pemilu2019.kpu.go.id/img/c/900/029/900029110/2-9014-26-C1-PPWP-X2.jpg
6728868890129014900029111,SUMATERA UTARA,DELI SERDANG,LABUHAN DELI,MANUNGGAL,TPS 27,2019-10-25 11:00:05,35,95,251,131,131,130,1,https://pemilu2019.kpu.go.id/img/c/900/029/900029111/2-9014-27-C1-PPWP-X1.jpg,https://pemilu2019.kpu.go.id/img/c/900/029/900029111/2-9014-27-C1-PPWP-X2.jpg
6728868890129014900029112,SUMATERA UTARA,DELI SERDANG,LABUHAN DELI,MANUNGGAL,TPS 28,2019-10-25 11:00:05,32,76,203,110,110,108,2,https://pemilu2019.kpu.go.id/img/c/900/029/900029112/2-9014-28-C1-PPWP-X1.jpg,https://pemilu2019.kpu.go.id/img/c/900/029/900029112/2-9014-28-C1-PPWP-X2.jpg
6728868890129014900029113,SUMATERA UTARA,DELI SERDANG,LABUHAN DELI,MANUNGGAL,TPS 29,2019-10-25 11:00:05,48,82,214,132,132,130,2,https://pemilu2019.kpu.go.id/img/c/900/029/900029113/2-9014-29-C1-PPWP-X1.jpg,https://pemilu2019.kpu.go.id/img/c/900/029/900029113/2-9014-29-C1-PPWP-02.jpg
6728868890129014900029114,SUMATERA UTARA,DELI SERDANG,LABUHAN DELI,MANUNGGAL,TPS 30,2019-10-25 11:00:05,24,99,186,126,126,123,3,https://pemilu2019.kpu.go.id/img/c/900/029/900029114/2-9014-30-C1-PPWP-X1.jpg,https://pemilu2019.kpu.go.id/img/c/900/029/900029114/2-9014-30-C1-PPWP-X2.jpg
6728868890129014900029115,SUMATERA UTARA,DELI SERDANG,LABUHAN DELI,MANUNGGAL,TPS 31,2019-10-25 11:00:05,22,67,163,89,0,89,0,https://pemilu2019.kpu.go.id/img/c/900/029/900029115/2-9014-31-C1-PPWP-X1.jpg,https://pemilu2019.kpu.go.id/img/c/900/029/900029115/2-9014-31-C1-PPWP-X2.jpg
6728868890129014900029116,SUMATERA UTARA,DELI SERDANG,LABUHAN DELI,MANUNGGAL,TPS 32,2019-10-25 11:00:05,30,77,183,108,108,107,1,https://pemilu2019.kpu.go.id/img/c/900/029/900029116/2-9014-32-C1-PPWP-X1.jpg,https://pemilu2019.kpu.go.id/img/c/900/029/900029116/2-9014-32-C1-PPWP-X2.jpg
6728868890129014900029117,SUMATERA UTARA,DELI SERDANG,LABUHAN DELI,MANUNGGAL,TPS 33,2019-10-25 11:00:05,38,86,183,124,124,124,0,https://pemilu2019.kpu.go.id/img/c/900/029/900029117/2-9014-33-C1-PPWP-X1.jpg,https://pemilu2019.kpu.go.id/img/c/900/029/900029117/2-9014-33-C1-PPWP-X2.jpg
6728868890129014900029118,SUMATERA UTARA,DELI SERDANG,LABUHAN DELI,MANUNGGAL,TPS 34,2019-10-25 11:00:05,44,88,183,133,133,132,1,https://pemilu2019.kpu.go.id/img/c/900/029/900029118/2-9014-34-C1-PPWP-X1.jpg,https://pemilu2019.kpu.go.id/img/c/900/029/900029118/2-9014-34-C1-PPWP-X2.jpg
6728868890129014900029119,SUMATERA UTARA,DELI SERDANG,LABUHAN DELI,MANUNGGAL,TPS 35,2019-10-25 11:00:05,80,105,247,185,185,185,0,https://pemilu2019.kpu.go.id/img/c/900/029/900029119/2-9014-35-C1-PPWP-X1.jpg,https://pemilu2019.kpu.go.id/img/c/900/029/900029119/2-9014-35-C1-PPWP-X2.jpg
6728868890129014900029120,SUMATERA UTARA,DELI SERDANG,LABUHAN DELI,MANUNGGAL,TPS 36,2019-10-25 11:00:05,51,84,276,136,136,135,1,https://pemilu2019.kpu.go.id/img/c/900/029/900029120/2-9014-36-C1-PPWP-X1.jpg,https://pemilu2019.kpu.go.id/img/c/900/029/900029120/2-9014-36-C1-PPWP-X2.jpg
6728868890129014900029121,SUMATERA UTARA,DELI SERDANG,LABUHAN DELI,MANUNGGAL,TPS 37,2019-10-25 11:00:05,49,122,278,171,171,171,0,https://pemilu2019.kpu.go.id/img/c/900/029/900029121/2-9014-37-C1-PPWP-X1.jpg,https://pemilu2019.kpu.go.id/img/c/900/029/900029121/2-9014-37-C1-PPWP-X2.jpg
6728868890129014900029122,SUMATERA UTARA,DELI SERDANG,LABUHAN DELI,MANUNGGAL,TPS 38,2019-10-25 11:00:05,68,108,290,177,177,176,1,https://pemilu2019.kpu.go.id/img/c/900/029/900029122/2-9014-38-C1-PPWP-X1.jpg,https://pemilu2019.kpu.go.id/img/c/900/029/900029122/2-9014-38-C1-PPWP-X2.jpg
6728868890129014900029123,SUMATERA UTARA,DELI SERDANG,LABUHAN DELI,MANUNGGAL,TPS 39,2019-10-25 11:00:05,72,110,296,183,183,182,1,https://pemilu2019.kpu.go.id/img/c/900/029/900029123/2-9014-39-C1-PPWP-X1.jpg,https://pemilu2019.kpu.go.id/img/c/900/029/900029123/2-9014-39-C1-PPWP-X2.jpg
6728868890129014900029124,SUMATERA UTARA,DELI SERDANG,LABUHAN DELI,MANUNGGAL,TPS 40,2019-10-25 11:00:05,60,84,210,147,147,144,3,https://pemilu2019.kpu.go.id/img/c/900/029/900029124/1-9014-40-C1-PPWP-X1.jpg,https://pemilu2019.kpu.go.id/img/c/900/029/900029124/1-9014-40-C1-PPWP-X2.jpg
6728868890129014900029125,SUMATERA UTARA,DELI SERDANG,LABUHAN DELI,MANUNGGAL,TPS 41,2019-10-25 11:00:05,41,93,207,135,135,134,1,https://pemilu2019.kpu.go.id/img/c/900/029/900029125/1-9014-41-C1-PPWP-X1.jpg,https://pemilu2019.kpu.go.id/img/c/900/029/900029125/1-9014-41-C1-PPWP-X2.jpg
6728868890129014900029126,SUMATERA UTARA,DELI SERDANG,LABUHAN DELI,MANUNGGAL,TPS 42,2019-10-25 11:00:05,38,71,189,109,109,109,0,https://pemilu2019.kpu.go.id/img/c/900/029/900029126/1-9014-42-C1-PPWP-X1.jpg,https://pemilu2019.kpu.go.id/img/c/900/029/900029126/1-9014-42-C1-PPWP-X2.jpg
6728868890129014900029127,SUMATERA UTARA,DELI SERDANG,LABUHAN DELI,MANUNGGAL,TPS 43,2019-10-25 11:00:05,35,65,196,100,100,100,0,https://pemilu2019.kpu.go.id/img/c/900/029/900029127/1-9014-43-C1-PPWP-X1.jpg,https://pemilu2019.kpu.go.id/img/c/900/029/900029127/1-9014-43-C1-PPWP-X2.jpg
6728868890129014900029128,SUMATERA UTARA,DELI SERDANG,LABUHAN DELI,MANUNGGAL,TPS 44,2019-10-25 11:00:05,52,72,202,124,124,124,0,https://pemilu2019.kpu.go.id/img/c/900/029/900029128/1-9014-44-C1-PPWP-X1.jpg,https://pemilu2019.kpu.go.id/img/c/900/029/900029128/1-9014-44-C1-PPWP-X2.jpg
6728868890129014900029129,SUMATERA UTARA,DELI SERDANG,LABUHAN DELI,MANUNGGAL,TPS 45,2019-10-25 11:00:05,41,95,190,136,136,136,0,https://pemilu2019.kpu.go.id/img/c/900/029/900029129/1-9014-45-C1-PPWP-X1.jpg,https://pemilu2019.kpu.go.id/img/c/900/029/900029129/1-9014-45-C1-PPWP-X2.jpg
6728868890129014900029130,SUMATERA UTARA,DELI SERDANG,LABUHAN DELI,MANUNGGAL,TPS 46,2019-10-25 11:00:05,40,107,183,149,149,147,2,https://pemilu2019.kpu.go.id/img/c/900/029/900029130/1-9014-46-C1-PPWP-X1.jpg,https://pemilu2019.kpu.go.id/img/c/900/029/900029130/1-9014-46-C1-PPWP-X2.jpg
6728868890129014900029131,SUMATERA UTARA,DELI SERDANG,LABUHAN DELI,MANUNGGAL,TPS 47,2019-10-25 11:00:05,44,99,184,143,143,143,0,https://pemilu2019.kpu.go.id/img/c/900/029/900029131/1-9014-47-C1-PPWP-X1.jpg,https://pemilu2019.kpu.go.id/img/c/900/029/900029131/1-9014-47-C1-PPWP-X2.jpg
6728868890129014900029132,SUMATERA UTARA,DELI SERDANG,LABUHAN DELI,MANUNGGAL,TPS 48,2019-10-25 11:00:05,58,83,187,142,142,141,1,https://pemilu2019.kpu.go.id/img/c/900/029/900029132/1-9014-48-C1-PPWP-X1.jpg,https://pemilu2019.kpu.go.id/img/c/900/029/900029132/1-9014-48-C1-PPWP-X2.jpg
6728868890129014900029133,SUMATERA UTARA,DELI SERDANG,LABUHAN DELI,MANUNGGAL,TPS 49,2019-10-25 11:00:05,44,99,177,143,143,143,0,https://pemilu2019.kpu.go.id/img/c/900/029/900029133/1-9014-49-C1-PPWP-X1.jpg,https://pemilu2019.kpu.go.id/img/c/900/029/900029133/1-9014-49-C1-PPWP-X2.jpg
6728868890129014900029134,SUMATERA UTARA,DELI SERDANG,LABUHAN DELI,MANUNGGAL,TPS 50,2019-10-25 11:00:05,44,111,193,155,155,155,0,https://pemilu2019.kpu.go.id/img/c/900/029/900029134/1-9014-50-C1-PPWP-X1.jpg,https://pemilu2019.kpu.go.id/img/c/900/029/900029134/1-9014-50-C1-PPWP-X2.jpg
6728868890129014900029135,SUMATERA UTARA,DELI SERDANG,LABUHAN DELI,MANUNGGAL,TPS 51,2019-10-25 11:00:05,36,91,167,127,127,127,0,https://pemilu2019.kpu.go.id/img/c/900/029/900029135/1-9014-51-C1-PPWP-X1.jpg,https://pemilu2019.kpu.go.id/img/c/900/029/900029135/1-9014-51-C1-PPWP-X2.jpg
6728868890129014900029136,SUMATERA UTARA,DELI SERDANG,LABUHAN DELI,MANUNGGAL,TPS 52,2019-10-25 11:00:05,58,125,251,184,184,183,1,https://pemilu2019.kpu.go.id/img/c/900/029/900029136/1-9014-52-C1-PPWP-X1.jpg,https://pemilu2019.kpu.go.id/img/c/900/029/900029136/1-9014-52-C1-PPWP-X2.jpg
6728868890129014900029137,SUMATERA UTARA,DELI SERDANG,LABUHAN DELI,MANUNGGAL,TPS 53,2019-10-25 11:00:05,46,150,241,197,197,196,1,https://pemilu2019.kpu.go.id/img/c/900/029/900029137/1-9014-53-C1-PPWP-X1.jpg,https://pemilu2019.kpu.go.id/img/c/900/029/900029137/1-9014-53-C1-PPWP-X2.jpg
6728868890129014900029138,SUMATERA UTARA,DELI SERDANG,LABUHAN DELI,MANUNGGAL,TPS 54,2019-10-25 11:00:05,47,128,221,177,177,175,2,https://pemilu2019.kpu.go.id/img/c/900/029/900029138/1-9014-54-C1-PPWP-X1.jpg,https://pemilu2019.kpu.go.id/img/c/900/029/900029138/1-9014-54-C1-PPWP-X2.jpg
6728868890129014900029139,SUMATERA UTARA,DELI SERDANG,LABUHAN DELI,MANUNGGAL,TPS 55,2019-10-25 11:00:05,30,141,234,174,174,171,3,https://pemilu2019.kpu.go.id/img/c/900/029/900029139/1-9014-55-C1-PPWP-X1.jpg,https://pemilu2019.kpu.go.id/img/c/900/029/900029139/1-9014-55-C1-PPWP-X2.jpg
6728868890129014900029140,SUMATERA UTARA,DELI SERDANG,LABUHAN DELI,MANUNGGAL,TPS 56,2019-10-25 11:00:05,52,115,212,167,167,167,0,https://pemilu2019.kpu.go.id/img/c/900/029/900029140/1-9014-56-C1-PPWP-X1.jpg,https://pemilu2019.kpu.go.id/img/c/900/029/900029140/1-9014-56-C1-PPWP-X2.jpg
6728868890129014900029141,SUMATERA UTARA,DELI SERDANG,LABUHAN DELI,MANUNGGAL,TPS 57,2019-10-25 11:00:05,45,101,213,147,147,146,1,https://pemilu2019.kpu.go.id/img/c/900/029/900029141/1-9014-57-C1-PPWP-X1.jpg,https://pemilu2019.kpu.go.id/img/c/900/029/900029141/1-9014-57-C1-PPWP-X2.jpg
6728868890129014900029142,SUMATERA UTARA,DELI SERDANG,LABUHAN DELI,MANUNGGAL,TPS 58,2019-10-25 11:00:05,18,114,163,133,133,132,1,https://pemilu2019.kpu.go.id/img/c/900/029/900029142/1-9014-58-C1-PPWP-X1.jpg,https://pemilu2019.kpu.go.id/img/c/900/029/900029142/1-9014-58-C1-PPWP-X2.jpg
6728868890129014900029143,SUMATERA UTARA,DELI SERDANG,LABUHAN DELI,MANUNGGAL,TPS 59,2019-10-25 11:00:05,36,104,180,140,140,140,0,https://pemilu2019.kpu.go.id/img/c/900/029/900029143/1-9014-59-C1-PPWP-X1.jpg,https://pemilu2019.kpu.go.id/img/c/900/029/900029143/1-9014-59-C1-PPWP-X2.jpg
6728868890129014900029144,SUMATERA UTARA,DELI SERDANG,LABUHAN DELI,MANUNGGAL,TPS 60,2019-10-25 11:00:05,30,110,172,141,141,140,1,https://pemilu2019.kpu.go.id/img/c/900/029/900029144/1-9014-60-C1-PPWP-X1.jpg,https://pemilu2019.kpu.go.id/img/c/900/029/900029144/1-9014-60-C1-PPWP-X2.jpg
6728868890129014900029145,SUMATERA UTARA,DELI SERDANG,LABUHAN DELI,MANUNGGAL,TPS 61,2019-10-25 11:00:05,35,131,248,168,168,166,2,https://pemilu2019.kpu.go.id/img/c/900/029/900029145/1-9014-61-C1-PPWP-X1.jpg,https://pemilu2019.kpu.go.id/img/c/900/029/900029145/1-9014-61-C1-PPWP-X2.jpg
6728868890129014900029146,SUMATERA UTARA,DELI SERDANG,LABUHAN DELI,MANUNGGAL,TPS 62,2019-10-25 11:00:05,23,137,203,163,163,160,3,https://pemilu2019.kpu.go.id/img/c/900/029/900029146/1-9014-62-C1-PPWP-X1.jpg,https://pemilu2019.kpu.go.id/img/c/900/029/900029146/1-9014-62-C1-PPWP-X2.jpg
6728868890129014900029147,SUMATERA UTARA,DELI SERDANG,LABUHAN DELI,MANUNGGAL,TPS 63,2019-10-25 11:00:05,38,108,195,146,146,146,0,https://pemilu2019.kpu.go.id/img/c/900/029/900029147/1-9014-63-C1-PPWP-X1.jpg,https://pemilu2019.kpu.go.id/img/c/900/029/900029147/1-9014-63-C1-PPWP-X2.jpg
6728868890129014900029148,SUMATERA UTARA,DELI SERDANG,LABUHAN DELI,MANUNGGAL,TPS 64,2019-10-25 11:00:05,46,119,210,166,166,165,1,https://pemilu2019.kpu.go.id/img/c/900/029/900029148/1-9014-64-C1-PPWP-X1.jpg,https://pemilu2019.kpu.go.id/img/c/900/029/900029148/1-9014-64-C1-PPWP-X2.jpg
6728868890129014900029149,SUMATERA UTARA,DELI SERDANG,LABUHAN DELI,MANUNGGAL,TPS 65,2019-10-25 11:00:05,43,110,191,152,153,153,0,https://pemilu2019.kpu.go.id/img/c/900/029/900029149/1-9014-65-C1-PPWP-X1.jpg,https://pemilu2019.kpu.go.id/img/c/900/029/900029149/1-9014-65-C1-PPWP-X2.jpg
6728868890129014900029150,SUMATERA UTARA,DELI SERDANG,LABUHAN DELI,MANUNGGAL,TPS 66,2019-10-25 11:00:05,51,101,222,157,157,152,5,https://pemilu2019.kpu.go.id/img/c/900/029/900029150/1-9014-66-C1-PPWP-X1.jpg,https://pemilu2019.kpu.go.id/img/c/900/029/900029150/1-9014-66-C1-PPWP-X2.jpg
6728868890129014900029151,SUMATERA UTARA,DELI SERDANG,LABUHAN DELI,MANUNGGAL,TPS 67,2019-10-25 11:00:05,56,130,236,187,187,186,1,https://pemilu2019.kpu.go.id/img/c/900/029/900029151/1-9014-67-C1-PPWP-X1.jpg,https://pemilu2019.kpu.go.id/img/c/900/029/900029151/1-9014-67-C1-PPWP-X2.jpg
6728868890129014900029152,SUMATERA UTARA,DELI SERDANG,LABUHAN DELI,MANUNGGAL,TPS 68,2019-10-25 11:00:05,46,55,182,102,102,101,1,https://pemilu2019.kpu.go.id/img/c/900/029/900029152/1-9014-68-C1-PPWP-X1.jpg,https://pemilu2019.kpu.go.id/img/c/900/029/900029152/1-9014-68-C1-PPWP-X2.jpg
6728868890129014900029153,SUMATERA UTARA,DELI SERDANG,LABUHAN DELI,MANUNGGAL,TPS 69,2019-10-25 11:00:05,36,88,203,124,124,124,0,https://pemilu2019.kpu.go.id/img/c/900/029/900029153/1-9014-69-C1-PPWP-X1.jpg,https://pemilu2019.kpu.go.id/img/c/900/029/900029153/1-9014-69-C1-PPWP-X2.jpg
6728868890129014900029154,SUMATERA UTARA,DELI SERDANG,LABUHAN DELI,MANUNGGAL,TPS 70,2019-10-25 11:00:05,44,80,194,125,125,124,1,https://pemilu2019.kpu.go.id/img/c/900/029/900029154/1-9014-70-C1-PPWP-X1.jpg,https://pemilu2019.kpu.go.id/img/c/900/029/900029154/1-9014-70-C1-PPWP-X2.jpg
6728868890129014900029155,SUMATERA UTARA,DELI SERDANG,LABUHAN DELI,MANUNGGAL,TPS 71,2019-10-25 11:00:05,38,86,191,125,125,124,1,https://pemilu2019.kpu.go.id/img/c/900/029/900029155/1-9014-71-C1-PPWP-X1.jpg,https://pemilu2019.kpu.go.id/img/c/900/029/900029155/1-9014-71-C1-PPWP-X2.jpg
6728868890129014900029156,SUMATERA UTARA,DELI SERDANG,LABUHAN DELI,MANUNGGAL,TPS 72,2019-10-25 11:00:05,23,76,177,101,101,99,2,https://pemilu2019.kpu.go.id/img/c/900/029/900029156/1-9014-72-C1-PPWP-X1.jpg,https://pemilu2019.kpu.go.id/img/c/900/029/900029156/1-9014-72-C1-PPWP-X2.jpg
6728868890129014900029157,SUMATERA UTARA,DELI SERDANG,LABUHAN DELI,MANUNGGAL,TPS 73,2019-10-25 11:00:05,51,68,171,120,120,119,1,https://pemilu2019.kpu.go.id/img/c/900/029/900029157/1-9014-73-C1-PPWP-X1.jpg,https://pemilu2019.kpu.go.id/img/c/900/029/900029157/1-9014-73-C1-PPWP-X2.jpg
6728868890129015900029158,SUMATERA UTARA,DELI SERDANG,LABUHAN DELI,PEMATANG JOHAR,TPS 01,2019-10-25 11:00:05,52,101,208,155,155,153,2,https://pemilu2019.kpu.go.id/img/c/900/029/900029158/1-9015-01-C1-PPWP-X1.jpg,https://pemilu2019.kpu.go.id/img/c/900/029/900029158/1-9015-01-C1-PPWP-X2.jpg
6728868890129015900029159,SUMATERA UTARA,DELI SERDANG,LABUHAN DELI,PEMATANG JOHAR,TPS 02,2019-10-25 11:00:05,39,150,216,189,189,189,0,https://pemilu2019.kpu.go.id/img/c/900/029/900029159/1-9015-02-C1-PPWP-X1.jpg,https://pemilu2019.kpu.go.id/img/c/900/029/900029159/1-9015-02-C1-PPWP-X2.jpg
6728868890129015900029160,SUMATERA UTARA,DELI SERDANG,LABUHAN DELI,PEMATANG JOHAR,TPS 03,2019-10-25 11:00:05,40,125,217,166,166,165,1,https://pemilu2019.kpu.go.id/img/c/900/029/900029160/1-9015-03-C1-PPWP-X1.jpg,https://pemilu2019.kpu.go.id/img/c/900/029/900029160/1-9015-03-C1-PPWP-X2.jpg
6728868890129015900029161,SUMATERA UTARA,DELI SERDANG,LABUHAN DELI,PEMATANG JOHAR,TPS 04,2019-10-25 11:00:05,41,87,191,129,129,128,1,https://pemilu2019.kpu.go.id/img/c/900/029/900029161/1-9015-04-C1-PPWP-X7.jpg,https://pemilu2019.kpu.go.id/img/c/900/029/900029161/1-9015-04-C1-PPWP-X8.jpg
6728868890129015900029162,SUMATERA UTARA,DELI SERDANG,LABUHAN DELI,PEMATANG JOHAR,TPS 05,2019-10-25 11:00:05,49,127,222,179,179,176,3,https://pemilu2019.kpu.go.id/img/c/900/029/900029162/1-9015-05-C1-PPWP-X1.jpg,https://pemilu2019.kpu.go.id/img/c/900/029/900029162/1-9015-05-C1-PPWP-X2.jpg
6728868890129015900029163,SUMATERA UTARA,DELI SERDANG,LABUHAN DELI,PEMATANG JOHAR,TPS 06,2019-10-25 11:00:05,41,103,146,146,146,144,2,https://pemilu2019.kpu.go.id/img/c/900/029/900029163/1-9015-06-C1-PPWP-X11.jpg,https://pemilu2019.kpu.go.id/img/c/900/029/900029163/1-9015-06-C1-PPWP-X12.jpg
6728868890129015900029164,SUMATERA UTARA,DELI SERDANG,LABUHAN DELI,PEMATANG JOHAR,TPS 07,2019-10-25 11:00:05,41,168,242,212,212,209,3,https://pemilu2019.kpu.go.id/img/c/900/029/900029164/1-9015-07-C1-PPWP-X13.jpg,https://pemilu2019.kpu.go.id/img/c/900/029/900029164/1-9015-07-C1-PPWP-X14.jpg
6728868890129015900029165,SUMATERA UTARA,DELI SERDANG,LABUHAN DELI,PEMATANG JOHAR,TPS 08,2019-10-25 11:00:05,48,139,192,192,192,187,5,https://pemilu2019.kpu.go.id/img/c/900/029/900029165/1-9015-08-C1-PPWP-X1.jpg,https://pemilu2019.kpu.go.id/img/c/900/029/900029165/1-9015-08-C1-PPWP-X2.jpg
6728868890129015900029166,SUMATERA UTARA,DELI SERDANG,LABUHAN DELI,PEMATANG JOHAR,TPS 09,2019-10-25 11:00:05,48,161,257,213,213,209,4,https://pemilu2019.kpu.go.id/img/c/900/029/900029166/1-9015-09-C1-PPWP-X17.jpg,https://pemilu2019.kpu.go.id/img/c/900/029/900029166/1-9015-09-C1-PPWP-X18.jpg
6728868890129015900029167,SUMATERA UTARA,DELI SERDANG,LABUHAN DELI,PEMATANG JOHAR,TPS 10,2019-10-25 11:00:05,23,147,213,172,172,170,2,https://pemilu2019.kpu.go.id/img/c/900/029/900029167/2-9015-10-C1-PPWP-X19.jpg,https://pemilu2019.kpu.go.id/img/c/900/029/900029167/2-9015-10-C1-PPWP-X20.jpg
6728868890129015900029168,SUMATERA UTARA,DELI SERDANG,LABUHAN DELI,PEMATANG JOHAR,TPS 11,2019-10-25 11:00:05,30,146,207,178,178,176,2,https://pemilu2019.kpu.go.id/img/c/900/029/900029168/1-9015-11-C1-PPWP-X1.jpg,https://pemilu2019.kpu.go.id/img/c/900/029/900029168/1-9015-11-C1-PPWP-X2.jpg
6728868890129015900029169,SUMATERA UTARA,DELI SERDANG,LABUHAN DELI,PEMATANG JOHAR,TPS 12,2019-10-25 11:00:05,80,143,277,227,227,223,4,https://pemilu2019.kpu.go.id/img/c/900/029/900029169/1-9015-12-C1-PPWP-X1.jpg,https://pemilu2019.kpu.go.id/img/c/900/029/900029169/1-9015-12-C1-PPWP-X2.jpg
6728868890129015900029170,SUMATERA UTARA,DELI SERDANG,LABUHAN DELI,PEMATANG JOHAR,TPS 13,2019-10-25 11:00:05,143,125,222,170,170,168,2,https://pemilu2019.kpu.go.id/img/c/900/029/900029170/1-9015-13-C1-PPWP-X1.jpg,https://pemilu2019.kpu.go.id/img/c/900/029/900029170/1-9015-13-C1-PPWP-X2.jpg
6728868890129015900029171,SUMATERA UTARA,DELI SERDANG,LABUHAN DELI,PEMATANG JOHAR,TPS 14,2019-10-25 11:00:05,58,110,218,172,172,168,4,https://pemilu2019.kpu.go.id/img/c/900/029/900029171/1-9015-14-C1-PPWP-X7.jpg,https://pemilu2019.kpu.go.id/img/c/900/029/900029171/1-9015-14-C1-PPWP-X8.jpg
6728868890129015900029172,SUMATERA UTARA,DELI SERDANG,LABUHAN DELI,PEMATANG JOHAR,TPS 15,2019-10-25 11:00:05,46,123,211,170,170,169,1,https://pemilu2019.kpu.go.id/img/c/900/029/900029172/1-9015-15-C1-PPWP-X1.jpg,https://pemilu2019.kpu.go.id/img/c/900/029/900029172/1-9015-15-C1-PPWP-X2.jpg
6728868890129015900029173,SUMATERA UTARA,DELI SERDANG,LABUHAN DELI,PEMATANG JOHAR,TPS 16,2019-10-25 11:00:05,60,130,227,193,193,190,3,https://pemilu2019.kpu.go.id/img/c/900/029/900029173/1-9015-16-C1-PPWP-X11.jpg,https://pemilu2019.kpu.go.id/img/c/900/029/900029173/1-9015-16-C1-PPWP-X12.jpg
6728868890129015900029174,SUMATERA UTARA,DELI SERDANG,LABUHAN DELI,PEMATANG JOHAR,TPS 17,2019-10-25 11:00:05,58,133,280,193,193,191,2,https://pemilu2019.kpu.go.id/img/c/900/029/900029174/1-9015-17-C1-PPWP-X13.jpg,https://pemilu2019.kpu.go.id/img/c/900/029/900029174/1-9015-17-C1-PPWP-X14.jpg
6728868890129015900029175,SUMATERA UTARA,DELI SERDANG,LABUHAN DELI,PEMATANG JOHAR,TPS 18,2019-10-25 11:00:05,55,131,268,192,192,190,2,https://pemilu2019.kpu.go.id/img/c/900/029/900029175/1-9015-18-C1-PPWP-X1.jpg,https://pemilu2019.kpu.go.id/img/c/900/029/900029175/1-9015-18-C1-PPWP-X2.jpg
6728868890129015900029176,SUMATERA UTARA,DELI SERDANG,LABUHAN DELI,PEMATANG JOHAR,TPS 19,2019-10-25 11:00:05,29,172,260,205,205,201,4,https://pemilu2019.kpu.go.id/img/c/900/029/900029176/1-9015-19-C1-PPWP-X1.jpg,https://pemilu2019.kpu.go.id/img/c/900/029/900029176/1-9015-19-C1-PPWP-X2.jpg
6728868890129015900029177,SUMATERA UTARA,DELI SERDANG,LABUHAN DELI,PEMATANG JOHAR,TPS 20,2019-10-25 11:00:05,31,143,259,174,174,174,0,https://pemilu2019.kpu.go.id/img/c/900/029/900029177/1-9015-20-C1-PPWP-X19.jpg,https://pemilu2019.kpu.go.id/img/c/900/029/900029177/1-9015-20-C1-PPWP-X20.jpg
6728868890129015900029178,SUMATERA UTARA,DELI SERDANG,LABUHAN DELI,PEMATANG JOHAR,TPS 21,2019-10-25 11:00:05,24,152,227,188,188,176,12,https://pemilu2019.kpu.go.id/img/c/900/029/900029178/1-9015-21-C1-PPWP-X1.jpg,https://pemilu2019.kpu.go.id/img/c/900/029/900029178/1-9015-21-C1-PPWP-X2.jpg
6728868890129015900029179,SUMATERA UTARA,DELI SERDANG,LABUHAN DELI,PEMATANG JOHAR,TPS 22,2019-10-25 11:00:05,36,147,232,183,183,183,0,https://pemilu2019.kpu.go.id/img/c/900/029/900029179/1-9015-22-C1-PPWP-X1.jpg,https://pemilu2019.kpu.go.id/img/c/900/029/900029179/1-9015-22-C1-PPWP-X2.jpg
6728868890129015900029180,SUMATERA UTARA,DELI SERDANG,LABUHAN DELI,PEMATANG JOHAR,TPS 23,2019-10-25 11:00:05,25,139,204,164,164,164,0,https://pemilu2019.kpu.go.id/img/c/900/029/900029180/1-9015-23-C1-PPWP-X1.jpg,https://pemilu2019.kpu.go.id/img/c/900/029/900029180/1-9015-23-C1-PPWP-X2.jpg
6728868890129015900029181,SUMATERA UTARA,DELI SERDANG,LABUHAN DELI,PEMATANG JOHAR,TPS 24,2019-10-25 11:00:05,38,138,232,178,178,176,2,https://pemilu2019.kpu.go.id/img/c/900/029/900029181/1-9015-24-C1-PPWP-X1.jpg,https://pemilu2019.kpu.go.id/img/c/900/029/900029181/1-9015-24-C1-PPWP-X2.jpg
6728868890129015900029182,SUMATERA UTARA,DELI SERDANG,LABUHAN DELI,PEMATANG JOHAR,TPS 25,2019-10-25 11:00:05,38,145,231,183,183,183,0,https://pemilu2019.kpu.go.id/img/c/900/029/900029182/1-9015-25-C1-PPWP-X9.jpg,https://pemilu2019.kpu.go.id/img/c/900/029/900029182/1-9015-25-C1-PPWP-X10.jpg
6728868890129015900029183,SUMATERA UTARA,DELI SERDANG,LABUHAN DELI,PEMATANG JOHAR,TPS 26,2019-10-25 11:00:05,51,126,259,178,178,177,1,https://pemilu2019.kpu.go.id/img/c/900/029/900029183/1-9015-26-C1-PPWP-X11.jpg,https://pemilu2019.kpu.go.id/img/c/900/029/900029183/1-9015-26-C1-PPWP-X12.jpg
6728868890129015900029184,SUMATERA UTARA,DELI SERDANG,LABUHAN DELI,PEMATANG JOHAR,TPS 27,2019-10-25 11:00:05,54,117,272,174,174,171,3,https://pemilu2019.kpu.go.id/img/c/900/029/900029184/1-9015-27-C1-PPWP-X1.jpg,https://pemilu2019.kpu.go.id/img/c/900/029/900029184/1-9015-27-C1-PPWP-X2.jpg
6728868890129015900029185,SUMATERA UTARA,DELI SERDANG,LABUHAN DELI,PEMATANG JOHAR,TPS 28,2019-10-25 11:00:05,58,127,246,186,186,185,1,https://pemilu2019.kpu.go.id/img/c/900/029/900029185/1-9015-28-C1-PPWP-X1.jpg,https://pemilu2019.kpu.go.id/img/c/900/029/900029185/1-9015-28-C1-PPWP-X2.jpg
6728868890129015900029186,SUMATERA UTARA,DELI SERDANG,LABUHAN DELI,PEMATANG JOHAR,TPS 29,2019-10-25 11:00:05,59,118,239,178,178,177,1,https://pemilu2019.kpu.go.id/img/c/900/029/900029186/1-9015-29-C1-PPWP-X17.jpg,https://pemilu2019.kpu.go.id/img/c/900/029/900029186/1-9015-29-C1-PPWP-X18.jpg
6728868890129015900029187,SUMATERA UTARA,DELI SERDANG,LABUHAN DELI,PEMATANG JOHAR,TPS 30,2019-10-25 11:00:05,55,134,160,190,190,189,1,https://pemilu2019.kpu.go.id/img/c/900/029/900029187/1-9015-30-C1-PPWP-X19.jpg,https://pemilu2019.kpu.go.id/img/c/900/029/900029187/1-9015-30-C1-PPWP-X20.jpg
6728868890129015900029188,SUMATERA UTARA,DELI SERDANG,LABUHAN DELI,PEMATANG JOHAR,TPS 31,2019-10-25 11:00:05,45,110,228,158,158,155,3,https://pemilu2019.kpu.go.id/img/c/900/029/900029188/1-9015-31-C1-PPWP-X1.jpg,https://pemilu2019.kpu.go.id/img/c/900/029/900029188/1-9015-31-C1-PPWP-X2.jpg
6728868890129015900029189,SUMATERA UTARA,DELI SERDANG,LABUHAN DELI,PEMATANG JOHAR,TPS 32,2019-10-25 11:00:05,68,131,248,200,200,199,1,https://pemilu2019.kpu.go.id/img/c/900/029/900029189/1-9015-32-C1-PPWP-X1.jpg,https://pemilu2019.kpu.go.id/img/c/900/029/900029189/1-9015-32-C1-PPWP-X2.jpg
6728868890129015900029190,SUMATERA UTARA,DELI SERDANG,LABUHAN DELI,PEMATANG JOHAR,TPS 33,2019-10-25 11:00:05,51,143,269,194,194,194,0,https://pemilu2019.kpu.go.id/img/c/900/029/900029190/1-9015-33-C1-PPWP-X1.jpg,https://pemilu2019.kpu.go.id/img/c/900/029/900029190/1-9015-33-C1-PPWP-X2.jpg
6728868890129015900029191,SUMATERA UTARA,DELI SERDANG,LABUHAN DELI,PEMATANG JOHAR,TPS 34,2019-10-25 11:00:05,87,109,263,200,200,196,4,https://pemilu2019.kpu.go.id/img/c/900/029/900029191/1-9015-34-C1-PPWP-X7.jpg,https://pemilu2019.kpu.go.id/img/c/900/029/900029191/1-9015-34-C1-PPWP-X8.jpg
6728868890129015900029192,SUMATERA UTARA,DELI SERDANG,LABUHAN DELI,PEMATANG JOHAR,TPS 35,2019-10-25 11:00:05,65,128,230,193,193,193,0,https://pemilu2019.kpu.go.id/img/c/900/029/900029192/1-9015-35-C1-PPWP-X9.jpg,https://pemilu2019.kpu.go.id/img/c/900/029/900029192/1-9015-35-C1-PPWP-X10.jpg
6728868890129015900029193,SUMATERA UTARA,DELI SERDANG,LABUHAN DELI,PEMATANG JOHAR,TPS 36,2019-10-25 11:00:05,53,119,205,175,175,172,3,https://pemilu2019.kpu.go.id/img/c/900/029/900029193/1-9015-36-C1-PPWP-X11.jpg,https://pemilu2019.kpu.go.id/img/c/900/029/900029193/1-9015-36-C1-PPWP-X12.jpg
6728868890129015900029194,SUMATERA UTARA,DELI SERDANG,LABUHAN DELI,PEMATANG JOHAR,TPS 37,2019-10-25 11:00:05,43,155,236,198,198,198,0,https://pemilu2019.kpu.go.id/img/c/900/029/900029194/1-9015-37-C1-PPWP-X1.jpg,https://pemilu2019.kpu.go.id/img/c/900/029/900029194/1-9015-37-C1-PPWP-X2.jpg
6728868890129015900029195,SUMATERA UTARA,DELI SERDANG,LABUHAN DELI,PEMATANG JOHAR,TPS 38,2019-10-25 11:00:05,139,110,189,152,152,149,3,https://pemilu2019.kpu.go.id/img/c/900/029/900029195/1-9015-38-C1-PPWP-X1.jpg,https://pemilu2019.kpu.go.id/img/c/900/029/900029195/1-9015-38-C1-PPWP-X2.jpg
6728868890129015900029196,SUMATERA UTARA,DELI SERDANG,LABUHAN DELI,PEMATANG JOHAR,TPS 39,2019-10-25 11:00:05,39,118,198,158,158,157,1,https://pemilu2019.kpu.go.id/img/c/900/029/900029196/1-9015-39-C1-PPWP-X17.jpg,https://pemilu2019.kpu.go.id/img/c/900/029/900029196/1-9015-39-C1-PPWP-X18.jpg
6728868890129015900029197,SUMATERA UTARA,DELI SERDANG,LABUHAN DELI,PEMATANG JOHAR,TPS 40,2019-10-25 11:00:05,160,13,230,177,177,173,4,https://pemilu2019.kpu.go.id/img/c/900/029/900029197/1-9015-40-C1-PPWP-X1.jpg,https://pemilu2019.kpu.go.id/img/c/900/029/900029197/1-9015-40-C1-PPWP-X2.jpg
6728868890129015900029198,SUMATERA UTARA,DELI SERDANG,LABUHAN DELI,PEMATANG JOHAR,TPS 41,2019-10-25 11:00:05,122,8,168,130,130,130,0,https://pemilu2019.kpu.go.id/img/c/900/029/900029198/1-9015-41-C1-PPWP-X1.jpg,https://pemilu2019.kpu.go.id/img/c/900/029/900029198/1-9015-41-C1-PPWP-X2.jpg
6728868890129015900029199,SUMATERA UTARA,DELI SERDANG,LABUHAN DELI,PEMATANG JOHAR,TPS 42,2019-10-25 11:00:05,175,9,231,184,184,184,0,https://pemilu2019.kpu.go.id/img/c/900/029/900029199/1-9015-42-C1-PPWP-X3.jpg,https://pemilu2019.kpu.go.id/img/c/900/029/900029199/1-9015-42-C1-PPWP-X4.jpg
6728868890129015900029200,SUMATERA UTARA,DELI SERDANG,LABUHAN DELI,PEMATANG JOHAR,TPS 43,2019-10-25 11:00:05,108,114,293,226,226,222,4,https://pemilu2019.kpu.go.id/img/c/900/029/900029200/1-9015-43-C1-PPWP-X1.jpg,https://pemilu2019.kpu.go.id/img/c/900/029/900029200/1-9015-43-C1-PPWP-X2.jpg
6728868890129015900029201,SUMATERA UTARA,DELI SERDANG,LABUHAN DELI,PEMATANG JOHAR,TPS 44,2019-10-25 11:00:05,130,115,305,252,252,245,7,https://pemilu2019.kpu.go.id/img/c/900/029/900029201/1-9015-44-C1-PPWP-X1.jpg,https://pemilu2019.kpu.go.id/img/c/900/029/900029201/1-9015-44-C1-PPWP-X2.jpg
6728868890129017900029221,SUMATERA UTARA,DELI SERDANG,LABUHAN DELI,TELAGA TUJUH,TPS 1,2019-10-25 11:00:05,77,93,206,176,176,170,6,https://pemilu2019.kpu.go.id/img/c/900/029/900029221/9017-1-C1-PPWP-X1.jpg,https://pemilu2019.kpu.go.id/img/c/900/029/900029221/9017-1-C1-PPWP-X2.jpg
6728868890129017900029222,SUMATERA UTARA,DELI SERDANG,LABUHAN DELI,TELAGA TUJUH,TPS 2,2019-10-25 11:00:05,49,134,218,188,188,183,5,https://pemilu2019.kpu.go.id/img/c/900/029/900029222/9017-2-C1-PPWP-X1.jpg,https://pemilu2019.kpu.go.id/img/c/900/029/900029222/9017-2-C1-PPWP-X2.jpg
6728868890129017900029223,SUMATERA UTARA,DELI SERDANG,LABUHAN DELI,TELAGA TUJUH,TPS 3,2019-10-25 11:00:05,34,127,218,168,168,161,7,https://pemilu2019.kpu.go.id/img/c/900/029/900029223/9017-3-C1-PPWP-X1.jpg,https://pemilu2019.kpu.go.id/img/c/900/029/900029223/9017-3-C1-PPWP-X2.jpg
6728868890129017900029224,SUMATERA UTARA,DELI SERDANG,LABUHAN DELI,TELAGA TUJUH,TPS 4,2019-10-25 11:00:05,73,107,214,181,181,180,1,https://pemilu2019.kpu.go.id/img/c/900/029/900029224/9017-4-C-XXX-X5.jpg,https://pemilu2019.kpu.go.id/img/c/900/029/900029224/9017-4-C-XXX-X6.jpg
6728868890129017900029225,SUMATERA UTARA,DELI SERDANG,LABUHAN DELI,TELAGA TUJUH,TPS 5,2019-10-25 11:00:05,77,65,175,146,146,142,4,https://pemilu2019.kpu.go.id/img/c/900/029/900029225/9017-5-C-XXX-X5.jpg,https://pemilu2019.kpu.go.id/img/c/900/029/900029225/9017-5-C-XXX-X6.jpg
6728868890129017900029226,SUMATERA UTARA,DELI SERDANG,LABUHAN DELI,TELAGA TUJUH,TPS 6,2019-10-25 11:00:05,87,63,153,153,153,150,3,https://pemilu2019.kpu.go.id/img/c/900/029/900029226/9017-6-C1-PPWP-X1.jpg,https://pemilu2019.kpu.go.id/img/c/900/029/900029226/9017-6-C1-PPWP-X2.jpg
6728868890129017900029227,SUMATERA UTARA,DELI SERDANG,LABUHAN DELI,TELAGA TUJUH,TPS 7,2019-10-25 11:00:05,63,100,164,164,164,163,1,https://pemilu2019.kpu.go.id/img/c/900/029/900029227/1-9017-7-C1-PPWP-X1.jpg,https://pemilu2019.kpu.go.id/img/c/900/029/900029227/1-9017-7-C1-PPWP-X2.jpg
6728868890129017900029228,SUMATERA UTARA,DELI SERDANG,LABUHAN DELI,TELAGA TUJUH,TPS 8,2019-10-25 11:00:05,46,86,183,133,133,132,1,https://pemilu2019.kpu.go.id/img/c/900/029/900029228/2-9017-8-C1-PPWP-X1.jpg,https://pemilu2019.kpu.go.id/img/c/900/029/900029228/2-9017-8-C1-PPWP-X2.jpg
6728868890519064900030880,SUMATERA UTARA,DELI SERDANG,LUBUK PAKAM,BAKARAN BATU,TPS 01,2019-10-25 11:00:05,57,122,237,183,183,179,4,https://pemilu2019.kpu.go.id/img/c/900/030/900030880/9064-01-C1-PPWP-X1.jpg,https://pemilu2019.kpu.go.id/img/c/900/030/900030880/9064-01-C1-PPWP-X2.jpg
6728868890519064900030881,SUMATERA UTARA,DELI SERDANG,LUBUK PAKAM,BAKARAN BATU,TPS 02,2019-10-25 11:00:05,68,125,262,195,195,193,2,https://pemilu2019.kpu.go.id/img/c/900/030/900030881/9064-02-C1-PPWP-X1.jpg,https://pemilu2019.kpu.go.id/img/c/900/030/900030881/9064-02-C1-PPWP-X2.jpg
6728868890519064900030882,SUMATERA UTARA,DELI SERDANG,LUBUK PAKAM,BAKARAN BATU,TPS 03,2019-10-25 11:00:05,60,115,234,176,176,175,1,https://pemilu2019.kpu.go.id/img/c/900/030/900030882/9064-03-C1-PPWP-X1.jpg,https://pemilu2019.kpu.go.id/img/c/900/030/900030882/9064-03-C1-PPWP-X2.jpg
6728868890519064900030883,SUMATERA UTARA,DELI SERDANG,LUBUK PAKAM,BAKARAN BATU,TPS 04,2019-10-25 11:00:05,65,137,266,207,207,202,5,https://pemilu2019.kpu.go.id/img/c/900/030/900030883/9064-04-C1-PPWP-X1.jpg,https://pemilu2019.kpu.go.id/img/c/900/030/900030883/9064-04-C1-PPWP-X2.jpg
6728868890519064900030884,SUMATERA UTARA,DELI SERDANG,LUBUK PAKAM,BAKARAN BATU,TPS 05,2019-10-25 11:00:05,120,33,239,155,155,153,2,https://pemilu2019.kpu.go.id/img/c/900/030/900030884/9064-05-C1-PPWP-X1.jpg,https://pemilu2019.kpu.go.id/img/c/900/030/900030884/9064-05-C1-PPWP-X2.jpg
6728868890519064900030885,SUMATERA UTARA,DELI SERDANG,LUBUK PAKAM,BAKARAN BATU,TPS 06,2019-10-25 11:00:05,78,54,271,133,133,132,1,https://pemilu2019.kpu.go.id/img/c/900/030/900030885/9064-06-C1-PPWP-X1.jpg,https://pemilu2019.kpu.go.id/img/c/900/030/900030885/9064-06-C1-PPWP-X2.jpg
6728868890519064900030886,SUMATERA UTARA,DELI SERDANG,LUBUK PAKAM,BAKARAN BATU,TPS 07,2019-10-25 11:00:05,129,28,234,159,159,157,2,https://pemilu2019.kpu.go.id/img/c/900/030/900030886/9064-07-C1-PPWP-X1.jpg,https://pemilu2019.kpu.go.id/img/c/900/030/900030886/9064-07-C1-PPWP-X2.jpg
6728868890519064900030887,SUMATERA UTARA,DELI SERDANG,LUBUK PAKAM,BAKARAN BATU,TPS 08,2019-10-25 11:00:05,74,47,259,124,124,121,3,https://pemilu2019.kpu.go.id/img/c/900/030/900030887/5-9064-08-C1-PPWP-X1.jpg,https://pemilu2019.kpu.go.id/img/c/900/030/900030887/5-9064-08-C1-PPWP-X2.jpg
6728868890519064900030888,SUMATERA UTARA,DELI SERDANG,LUBUK PAKAM,BAKARAN BATU,TPS 09,2019-10-25 11:00:05,74,47,259,124,124,121,3,https://pemilu2019.kpu.go.id/img/c/900/030/900030888/9064-09-C1-PPWP-X1.jpg,https://pemilu2019.kpu.go.id/img/c/900/030/900030888/9064-09-C1-PPWP-X2.jpg
6728868890519064900030889,SUMATERA UTARA,DELI SERDANG,LUBUK PAKAM,BAKARAN BATU,TPS 10,2019-10-25 11:00:05,41,88,263,130,130,129,1,https://pemilu2019.kpu.go.id/img/c/900/030/900030889/9064-10-C1-PPWP-X1.jpg,https://pemilu2019.kpu.go.id/img/c/900/030/900030889/9064-10-C1-PPWP-X2.jpg
6728868890519064900030890,SUMATERA UTARA,DELI SERDANG,LUBUK PAKAM,BAKARAN BATU,TPS 11,2019-10-25 11:00:05,62,84,257,151,151,146,5,https://pemilu2019.kpu.go.id/img/c/900/030/900030890/9064-11-C1-PPWP-X1.jpg,https://pemilu2019.kpu.go.id/img/c/900/030/900030890/9064-11-C1-PPWP-X2.jpg
6728868890519064900030891,SUMATERA UTARA,DELI SERDANG,LUBUK PAKAM,BAKARAN BATU,TPS 12,2019-10-25 11:00:05,39,121,231,162,162,160,2,https://pemilu2019.kpu.go.id/img/c/900/030/900030891/9064-12-C1-PPWP-X1.jpg,https://pemilu2019.kpu.go.id/img/c/900/030/900030891/9064-12-C1-PPWP-X2.jpg
6728868890519064900030892,SUMATERA UTARA,DELI SERDANG,LUBUK PAKAM,BAKARAN BATU,TPS 13,2019-10-25 11:00:05,37,101,241,139,139,138,1,https://pemilu2019.kpu.go.id/img/c/900/030/900030892/2-9064-13-C1-PPWP-X1.jpg,https://pemilu2019.kpu.go.id/img/c/900/030/900030892/2-9064-13-C1-PPWP-X2.jpg
6728868890519064900030893,SUMATERA UTARA,DELI SERDANG,LUBUK PAKAM,BAKARAN BATU,TPS 14,2019-10-25 11:00:05,30,118,270,149,149,148,1,https://pemilu2019.kpu.go.id/img/c/900/030/900030893/9064-14-C1-PPWP-X1.jpg,https://pemilu2019.kpu.go.id/img/c/900/030/900030893/9064-14-C1-PPWP-X2.jpg
6728868890519064900030894,SUMATERA UTARA,DELI SERDANG,LUBUK PAKAM,BAKARAN BATU,TPS 15,2019-10-25 11:00:05,92,101,265,195,195,193,2,https://pemilu2019.kpu.go.id/img/c/900/030/900030894/9064-15-C1-PPWP-X1.jpg,https://pemilu2019.kpu.go.id/img/c/900/030/900030894/9064-15-C1-PPWP-X2.jpg
6728868890519064900030895,SUMATERA UTARA,DELI SERDANG,LUBUK PAKAM,BAKARAN BATU,TPS 16,2019-10-25 11:00:05,45,67,235,112,112,112,0,https://pemilu2019.kpu.go.id/img/c/900/030/900030895/9064-16-C1-PPWP-X1.jpg,https://pemilu2019.kpu.go.id/img/c/900/030/900030895/9064-16-C1-PPWP-X2.jpg
6728868890519064900030896,SUMATERA UTARA,DELI SERDANG,LUBUK PAKAM,BAKARAN BATU,TPS 17,2019-10-25 11:00:05,47,86,261,134,134,133,1,https://pemilu2019.kpu.go.id/img/c/900/030/900030896/9064-17-C1-PPWP-X1.jpg,https://pemilu2019.kpu.go.id/img/c/900/030/900030896/9064-17-C1-PPWP-X2.jpg
6728868890519064900030897,SUMATERA UTARA,DELI SERDANG,LUBUK PAKAM,BAKARAN BATU,TPS 18,2019-10-25 11:00:05,55,114,287,170,170,169,1,https://pemilu2019.kpu.go.id/img/c/900/030/900030897/9064-18-C1-PPWP-X1.jpg,https://pemilu2019.kpu.go.id/img/c/900/030/900030897/9064-18-C1-PPWP-X2.jpg
6728868890519064900030898,SUMATERA UTARA,DELI SERDANG,LUBUK PAKAM,BAKARAN BATU,TPS 19,2019-10-25 11:00:05,50,136,261,187,187,186,1,https://pemilu2019.kpu.go.id/img/c/900/030/900030898/9064-19-C1-PPWP-X1.jpg,https://pemilu2019.kpu.go.id/img/c/900/030/900030898/9064-19-C1-PPWP-X2.jpg
6728868890519064900030899,SUMATERA UTARA,DELI SERDANG,LUBUK PAKAM,BAKARAN BATU,TPS 20,2019-10-25 11:00:05,23,126,250,151,151,149,2,https://pemilu2019.kpu.go.id/img/c/900/030/900030899/9064-20-C1-PPWP-X1.jpg,https://pemilu2019.kpu.go.id/img/c/900/030/900030899/9064-20-C1-PPWP-X2.jpg
6728868890519064900030900,SUMATERA UTARA,DELI SERDANG,LUBUK PAKAM,BAKARAN BATU,TPS 21,2019-10-25 11:00:05,25,131,159,159,159,156,3,https://pemilu2019.kpu.go.id/img/c/900/030/900030900/9064-21-C1-PPWP-X1.jpg,https://pemilu2019.kpu.go.id/img/c/900/030/900030900/9064-21-C1-PPWP-X2.jpg
6728868890519064900030901,SUMATERA UTARA,DELI SERDANG,LUBUK PAKAM,BAKARAN BATU,TPS 22,2019-10-25 11:00:05,28,101,230,130,130,129,1,https://pemilu2019.kpu.go.id/img/c/900/030/900030901/9064-22-C1-PPWP-X1.jpg,https://pemilu2019.kpu.go.id/img/c/900/030/900030901/9064-22-C1-PPWP-X2.jpg
6728868890519064900030902,SUMATERA UTARA,DELI SERDANG,LUBUK PAKAM,BAKARAN BATU,TPS 23,2019-10-25 11:00:05,43,125,230,169,169,168,1,https://pemilu2019.kpu.go.id/img/c/900/030/900030902/9064-23-C1-PPWP-X1.jpg,https://pemilu2019.kpu.go.id/img/c/900/030/900030902/9064-23-C1-PPWP-X2.jpg
6728868890519064900030903,SUMATERA UTARA,DELI SERDANG,LUBUK PAKAM,BAKARAN BATU,TPS 24,2019-10-25 11:00:05,50,118,214,168,168,168,0,https://pemilu2019.kpu.go.id/img/c/900/030/900030903/9064-24-C1-PPWP-X1.jpg,https://pemilu2019.kpu.go.id/img/c/900/030/900030903/9064-24-C1-PPWP-X2.jpg
6728868890519064900030904,SUMATERA UTARA,DELI SERDANG,LUBUK PAKAM,BAKARAN BATU,TPS 25,2019-10-25 11:00:05,38,133,255,171,171,171,0,https://pemilu2019.kpu.go.id/img/c/900/030/900030904/1-9064-25-C1-PPWP-X1.jpg,https://pemilu2019.kpu.go.id/img/c/900/030/900030904/1-9064-25-C1-PPWP-X2.jpg
6728868890519064900030905,SUMATERA UTARA,DELI SERDANG,LUBUK PAKAM,BAKARAN BATU,TPS 26,2019-10-25 11:00:05,54,120,244,175,175,174,1,https://pemilu2019.kpu.go.id/img/c/900/030/900030905/9064-26-C1-PPWP-X1.jpg,https://pemilu2019.kpu.go.id/img/c/900/030/900030905/9064-26-C1-PPWP-X2.jpg
6728868890519064900030906,SUMATERA UTARA,DELI SERDANG,LUBUK PAKAM,BAKARAN BATU,TPS 27,2019-10-25 11:00:05,28,152,238,181,181,180,1,https://pemilu2019.kpu.go.id/img/c/900/030/900030906/9064-27-C1-PPWP-X1.jpg,https://pemilu2019.kpu.go.id/img/c/900/030/900030906/9064-27-C1-PPWP-X2.jpg
6728868890519064900030907,SUMATERA UTARA,DELI SERDANG,LUBUK PAKAM,BAKARAN BATU,TPS 28,2019-10-25 11:00:05,50,122,262,174,174,169,5,https://pemilu2019.kpu.go.id/img/c/900/030/900030907/9064-28-C1-PPWP-X1.jpg,https://pemilu2019.kpu.go.id/img/c/900/030/900030907/9064-28-C1-PPWP-X2.jpg
6728868890519064900030908,SUMATERA UTARA,DELI SERDANG,LUBUK PAKAM,BAKARAN BATU,TPS 29,2019-10-25 11:00:05,46,157,279,209,206,203,3,https://pemilu2019.kpu.go.id/img/c/900/030/900030908/3-9064-29-C1-PPWP-X1.jpg,https://pemilu2019.kpu.go.id/img/c/900/030/900030908/3-9064-29-C1-PPWP-X2.jpg
6728868890519064900030909,SUMATERA UTARA,DELI SERDANG,LUBUK PAKAM,BAKARAN BATU,TPS 30,2019-10-25 11:00:05,31,100,241,133,133,131,2,https://pemilu2019.kpu.go.id/img/c/900/030/900030909/3-9064-30-C1-PPWP-X1.jpg,https://pemilu2019.kpu.go.id/img/c/900/030/900030909/3-9064-30-C1-PPWP-X2.jpg
6728868890519064900030910,SUMATERA UTARA,DELI SERDANG,LUBUK PAKAM,BAKARAN BATU,TPS 31,2019-10-25 11:00:05,50,141,264,195,195,191,4,https://pemilu2019.kpu.go.id/img/c/900/030/900030910/2-9064-31-C1-PPWP-X1.jpg,https://pemilu2019.kpu.go.id/img/c/900/030/900030910/2-9064-31-C1-PPWP-X2.jpg
6728868890519064900030911,SUMATERA UTARA,DELI SERDANG,LUBUK PAKAM,BAKARAN BATU,TPS 32,2019-10-25 11:00:05,51,115,255,172,172,166,6,https://pemilu2019.kpu.go.id/img/c/900/030/900030911/3-9064-32-C1-PPWP-X1.jpg,https://pemilu2019.kpu.go.id/img/c/900/030/900030911/3-9064-32-C1-PPWP-X2.jpg
6728868890519064900030912,SUMATERA UTARA,DELI SERDANG,LUBUK PAKAM,BAKARAN BATU,TPS 33,2019-10-25 11:00:05,32,132,244,164,164,164,0,https://pemilu2019.kpu.go.id/img/c/900/030/900030912/2-9064-33-C1-PPWP-X1.jpg,https://pemilu2019.kpu.go.id/img/c/900/030/900030912/2-9064-33-C1-PPWP-X2.jpg
6728868890519055900030685,SUMATERA UTARA,DELI SERDANG,LUBUK PAKAM,CEMARA,TPS 01,2019-10-25 11:00:05,159,97,323,258,258,256,2,https://pemilu2019.kpu.go.id/img/c/900/030/900030685/9055-01-C1-PPWP-X1.jpg,https://pemilu2019.kpu.go.id/img/c/900/030/900030685/9055-01-C1-PPWP-X2.jpg
6728868890519055900030686,SUMATERA UTARA,DELI SERDANG,LUBUK PAKAM,CEMARA,TPS 02,2019-10-25 11:00:05,131,31,226,162,162,162,0,https://pemilu2019.kpu.go.id/img/c/900/030/900030686/9055-02-C1-PPWP-X1.jpg,https://pemilu2019.kpu.go.id/img/c/900/030/900030686/9055-02-C1-PPWP-X2.jpg
6728868890519055900030687,SUMATERA UTARA,DELI SERDANG,LUBUK PAKAM,CEMARA,TPS 03,2019-10-25 11:00:05,192,21,258,213,213,213,0,https://pemilu2019.kpu.go.id/img/c/900/030/900030687/9055-03-C1-PPWP-X1.jpg,https://pemilu2019.kpu.go.id/img/c/900/030/900030687/9055-03-C1-PPWP-X2.jpg
6728868890519055900030688,SUMATERA UTARA,DELI SERDANG,LUBUK PAKAM,CEMARA,TPS 04,2019-10-25 11:00:05,127,1,0,131,131,128,3,https://pemilu2019.kpu.go.id/img/c/900/030/900030688/9055-04-C1-PPWP-X1.jpg,https://pemilu2019.kpu.go.id/img/c/900/030/900030688/9055-04-C1-PPWP-X2.jpg
6728868890519055900030689,SUMATERA UTARA,DELI SERDANG,LUBUK PAKAM,CEMARA,TPS 05,2019-10-25 11:00:05,121,35,202,156,156,156,0,https://pemilu2019.kpu.go.id/img/c/900/030/900030689/9055-05-C1-PPWP-X1.jpg,https://pemilu2019.kpu.go.id/img/c/900/030/900030689/9055-05-C1-PPWP-X2.jpg
6728868890519055900030690,SUMATERA UTARA,DELI SERDANG,LUBUK PAKAM,CEMARA,TPS 06,2019-10-25 11:00:05,125,79,254,205,205,204,1,https://pemilu2019.kpu.go.id/img/c/900/030/900030690/5-9055-06-C1-PPWP-X1.jpg,https://pemilu2019.kpu.go.id/img/c/900/030/900030690/5-9055-06-C1-PPWP-X2.jpg
6728868890519055900030691,SUMATERA UTARA,DELI SERDANG,LUBUK PAKAM,CEMARA,TPS 07,2019-10-25 11:00:05,193,12,263,206,206,205,1,https://pemilu2019.kpu.go.id/img/c/900/030/900030691/1-9055-07-C1-PPWP-X1.jpg,https://pemilu2019.kpu.go.id/img/c/900/030/900030691/1-9055-07-C1-PPWP-X2.jpg
6728868890519055900030692,SUMATERA UTARA,DELI SERDANG,LUBUK PAKAM,CEMARA,TPS 08,2019-10-25 11:00:05,187,33,221,221,222,221,1,https://pemilu2019.kpu.go.id/img/c/900/030/900030692/2-9055-08-C1-PPWP-X1.jpg,https://pemilu2019.kpu.go.id/img/c/900/030/900030692/2-9055-08-C1-PPWP-X2.jpg
6728868890519055900030693,SUMATERA UTARA,DELI SERDANG,LUBUK PAKAM,CEMARA,TPS 09,2019-10-25 11:00:05,187,82,352,271,271,269,2,https://pemilu2019.kpu.go.id/img/c/900/030/900030693/9055-09-C1-PPWP-X1.jpg,https://pemilu2019.kpu.go.id/img/c/900/030/900030693/9055-09-C1-PPWP-X2.jpg
6728868890519055900030694,SUMATERA UTARA,DELI SERDANG,LUBUK PAKAM,CEMARA,TPS 10,2019-10-25 11:00:05,91,134,312,228,228,225,3,https://pemilu2019.kpu.go.id/img/c/900/030/900030694/1-9055-10-C1-PPWP-X1.jpg,https://pemilu2019.kpu.go.id/img/c/900/030/900030694/1-9055-10-C1-PPWP-X2.jpg
6728868890519055900030695,SUMATERA UTARA,DELI SERDANG,LUBUK PAKAM,CEMARA,TPS 11,2019-10-25 11:00:05,212,47,319,259,259,259,0,https://pemilu2019.kpu.go.id/img/c/900/030/900030695/9055-11-C1-PPWP-X1.jpg,https://pemilu2019.kpu.go.id/img/c/900/030/900030695/9055-11-C1-PPWP-X2.jpg
6728868890519055900030696,SUMATERA UTARA,DELI SERDANG,LUBUK PAKAM,CEMARA,TPS 12,2019-10-25 11:00:05,158,96,295,249,255,254,1,https://pemilu2019.kpu.go.id/img/c/900/030/900030696/2-9055-12-C1-PPWP-X1.jpg,https://pemilu2019.kpu.go.id/img/c/900/030/900030696/2-9055-12-C1-PPWP-X2.jpg
6728868890519055900030697,SUMATERA UTARA,DELI SERDANG,LUBUK PAKAM,CEMARA,TPS 13,2019-10-25 11:00:05,133,112,328,247,247,245,2,https://pemilu2019.kpu.go.id/img/c/900/030/900030697/9055-13-C1-PPWP-X1.jpg,https://pemilu2019.kpu.go.id/img/c/900/030/900030697/9055-13-C1-PPWP-X2.jpg
6728868890519055900030698,SUMATERA UTARA,DELI SERDANG,LUBUK PAKAM,CEMARA,TPS 14,2019-10-25 11:00:05,92,101,255,193,193,193,0,https://pemilu2019.kpu.go.id/img/c/900/030/900030698/9055-14-C1-PPWP-X1.jpg,https://pemilu2019.kpu.go.id/img/c/900/030/900030698/9055-14-C1-PPWP-X2.jpg
6728868890519055900030699,SUMATERA UTARA,DELI SERDANG,LUBUK PAKAM,CEMARA,TPS 15,2019-10-25 11:00:05,234,2,315,237,237,236,1,https://pemilu2019.kpu.go.id/img/c/900/030/900030699/2-9055-15-C1-PPWP-X1.jpg,https://pemilu2019.kpu.go.id/img/c/900/030/900030699/2-9055-15-C1-PPWP-X2.jpg
6728868890519055900030700,SUMATERA UTARA,DELI SERDANG,LUBUK PAKAM,CEMARA,TPS 16,2019-10-25 11:00:05,222,4,274,227,227,226,1,https://pemilu2019.kpu.go.id/img/c/900/030/900030700/9055-16-C1-PPWP-X1.jpg,https://pemilu2019.kpu.go.id/img/c/900/030/900030700/9055-16-C1-PPWP-X2.jpg
6728868890519055900030701,SUMATERA UTARA,DELI SERDANG,LUBUK PAKAM,CEMARA,TPS 17,2019-10-25 11:00:05,131,89,220,220,220,220,0,https://pemilu2019.kpu.go.id/img/c/900/030/900030701/9055-17-C1-PPWP-X1.jpg,https://pemilu2019.kpu.go.id/img/c/900/030/900030701/9055-17-C1-PPWP-X2.jpg
6728868890519055900030702,SUMATERA UTARA,DELI SERDANG,LUBUK PAKAM,CEMARA,TPS 18,2019-10-25 11:00:05,138,32,215,170,170,170,0,https://pemilu2019.kpu.go.id/img/c/900/030/900030702/2-9055-18-C1-PPWP-X1.jpg,https://pemilu2019.kpu.go.id/img/c/900/030/900030702/2-9055-18-C1-PPWP-X2.jpg
6728868890519055900030703,SUMATERA UTARA,DELI SERDANG,LUBUK PAKAM,CEMARA,TPS 19,2019-10-25 11:00:05,84,61,146,146,146,145,1,https://pemilu2019.kpu.go.id/img/c/900/030/900030703/1-9055-19-C1-PPWP-X1.jpg,https://pemilu2019.kpu.go.id/img/c/900/030/900030703/1-9055-19-C1-PPWP-X2.jpg
6728868890519053900030661,SUMATERA UTARA,DELI SERDANG,LUBUK PAKAM,LUBUK PAKAM III,TPS 01,2019-10-25 11:00:05,116,63,256,180,180,179,1,https://pemilu2019.kpu.go.id/img/c/900/030/900030661/9053-01-C-XXX-X5.jpg,https://pemilu2019.kpu.go.id/img/c/900/030/900030661/9053-01-C-XXX-X6.jpg
6728868890519053900030662,SUMATERA UTARA,DELI SERDANG,LUBUK PAKAM,LUBUK PAKAM III,TPS 02,2019-10-25 11:00:05,202,34,274,240,240,236,4,https://pemilu2019.kpu.go.id/img/c/900/030/900030662/9053-02-C1-PPWP-X1.jpg,https://pemilu2019.kpu.go.id/img/c/900/030/900030662/9053-02-C1-PPWP-X2.jpg
6728868890519053900030663,SUMATERA UTARA,DELI SERDANG,LUBUK PAKAM,LUBUK PAKAM III,TPS 03,2019-10-25 11:00:05,142,61,309,203,203,203,0,https://pemilu2019.kpu.go.id/img/c/900/030/900030663/9053-03-C-XXX-X5.jpg,https://pemilu2019.kpu.go.id/img/c/900/030/900030663/9053-03-C-XXX-X6.jpg
6728868890519053900030664,SUMATERA UTARA,DELI SERDANG,LUBUK PAKAM,LUBUK PAKAM III,TPS 04,2019-10-25 11:00:05,158,84,0,242,242,242,0,https://pemilu2019.kpu.go.id/img/c/900/030/900030664/9053-04-C-XXX-X5.jpg,https://pemilu2019.kpu.go.id/img/c/900/030/900030664/9053-04-C-XXX-X6.jpg
6728868890519053900030665,SUMATERA UTARA,DELI SERDANG,LUBUK PAKAM,LUBUK PAKAM III,TPS 05,2019-10-25 11:00:05,148,73,317,221,221,221,0,https://pemilu2019.kpu.go.id/img/c/900/030/900030665/9053-05-C-XXX-X5.jpg,https://pemilu2019.kpu.go.id/img/c/900/030/900030665/9053-05-C-XXX-X6.jpg
6728868890519053900030666,SUMATERA UTARA,DELI SERDANG,LUBUK PAKAM,LUBUK PAKAM III,TPS 06,2019-10-25 11:00:05,157,44,290,203,203,201,2,https://pemilu2019.kpu.go.id/img/c/900/030/900030666/9053-06-C-XXX-X5.jpg,https://pemilu2019.kpu.go.id/img/c/900/030/900030666/9053-06-C-XXX-X6.jpg
6728868890519053900030667,SUMATERA UTARA,DELI SERDANG,LUBUK PAKAM,LUBUK PAKAM III,TPS 07,2019-10-25 11:00:05,73,145,283,219,219,218,1,https://pemilu2019.kpu.go.id/img/c/900/030/900030667/9053-07-C-XXX-X5.jpg,https://pemilu2019.kpu.go.id/img/c/900/030/900030667/9053-07-C-XXX-X6.jpg
6728868890519053900030668,SUMATERA UTARA,DELI SERDANG,LUBUK PAKAM,LUBUK PAKAM III,TPS 08,2019-10-25 11:00:05,76,143,294,220,220,219,1,https://pemilu2019.kpu.go.id/img/c/900/030/900030668/9053-08-C-XXX-X5.jpg,https://pemilu2019.kpu.go.id/img/c/900/030/900030668/9053-08-C-XXX-X6.jpg
6728868890519053900030669,SUMATERA UTARA,DELI SERDANG,LUBUK PAKAM,LUBUK PAKAM III,TPS 09,2019-10-25 11:00:05,59,173,308,233,233,232,1,https://pemilu2019.kpu.go.id/img/c/900/030/900030669/9053-09-C-XXX-X5.jpg,https://pemilu2019.kpu.go.id/img/c/900/030/900030669/9053-09-C-XXX-X6.jpg
6728868890519053900030670,SUMATERA UTARA,DELI SERDANG,LUBUK PAKAM,LUBUK PAKAM III,TPS 10,2019-10-25 11:00:05,155,38,294,194,194,193,1,https://pemilu2019.kpu.go.id/img/c/900/030/900030670/9053-10-C-XXX-X5.jpg,https://pemilu2019.kpu.go.id/img/c/900/030/900030670/9053-10-C-XXX-X6.jpg
6728868890519053900030671,SUMATERA UTARA,DELI SERDANG,LUBUK PAKAM,LUBUK PAKAM III,TPS 11,2019-10-25 11:00:05,80,103,285,185,185,183,2,https://pemilu2019.kpu.go.id/img/c/900/030/900030671/9053-11-C-XXX-X5.jpg,https://pemilu2019.kpu.go.id/img/c/900/030/900030671/9053-11-C-XXX-X6.jpg
6728868890519052900030636,SUMATERA UTARA,DELI SERDANG,LUBUK PAKAM,LUBUK PAKAM I.II,TPS 01,2019-10-25 11:00:05,34,175,275,210,210,209,1,https://pemilu2019.kpu.go.id/img/c/900/030/900030636/9052-01-C1-PPWP-X1.jpg,https://pemilu2019.kpu.go.id/img/c/900/030/900030636/9052-01-C1-PPWP-X2.jpg
6728868890519052900030637,SUMATERA UTARA,DELI SERDANG,LUBUK PAKAM,LUBUK PAKAM I.II,TPS 02,2019-10-25 11:00:05,41,140,261,182,182,181,1,https://pemilu2019.kpu.go.id/img/c/900/030/900030637/1-9052-02-C1-PPWP-X1.jpg,https://pemilu2019.kpu.go.id/img/c/900/030/900030637/1-9052-02-C1-PPWP-X2.jpg
6728868890519052900030638,SUMATERA UTARA,DELI SERDANG,LUBUK PAKAM,LUBUK PAKAM I.II,TPS 03,2019-10-25 11:00:05,37,104,252,127,145,141,4,https://pemilu2019.kpu.go.id/img/c/900/030/900030638/9052-03-C1-PPWP-X1.jpg,https://pemilu2019.kpu.go.id/img/c/900/030/900030638/9052-03-C1-PPWP-X2.jpg
6728868890519052900030639,SUMATERA UTARA,DELI SERDANG,LUBUK PAKAM,LUBUK PAKAM I.II,TPS 04,2019-10-25 11:00:05,29,122,284,155,155,151,4,https://pemilu2019.kpu.go.id/img/c/900/030/900030639/1-9052-04-C1-PPWP-X1.jpg,https://pemilu2019.kpu.go.id/img/c/900/030/900030639/1-9052-04-C1-PPWP-X2.jpg
6728868890519052900030640,SUMATERA UTARA,DELI SERDANG,LUBUK PAKAM,LUBUK PAKAM I.II,TPS 05,2019-10-25 11:00:05,32,157,284,190,190,189,1,https://pemilu2019.kpu.go.id/img/c/900/030/900030640/9052-05-C1-PPWP-X1.jpg,https://pemilu2019.kpu.go.id/img/c/900/030/900030640/9052-05-C1-PPWP-X2.jpg
6728868890519052900030641,SUMATERA UTARA,DELI SERDANG,LUBUK PAKAM,LUBUK PAKAM I.II,TPS 06,2019-10-25 11:00:05,40,173,286,213,213,213,0,https://pemilu2019.kpu.go.id/img/c/900/030/900030641/9052-06-C1-PPWP-X1.jpg,https://pemilu2019.kpu.go.id/img/c/900/030/900030641/9052-06-C1-PPWP-X2.jpg
6728868890519052900030642,SUMATERA UTARA,DELI SERDANG,LUBUK PAKAM,LUBUK PAKAM I.II,TPS 07,2019-10-25 11:00:05,24,161,261,187,187,185,2,https://pemilu2019.kpu.go.id/img/c/900/030/900030642/9052-07-C1-PPWP-X1.jpg,https://pemilu2019.kpu.go.id/img/c/900/030/900030642/9052-07-C1-PPWP-X2.jpg
6728868890519052900030643,SUMATERA UTARA,DELI SERDANG,LUBUK PAKAM,LUBUK PAKAM I.II,TPS 08,2019-10-25 11:00:05,38,125,303,163,163,163,0,https://pemilu2019.kpu.go.id/img/c/900/030/900030643/9052-08-C1-PPWP-X1.jpg,https://pemilu2019.kpu.go.id/img/c/900/030/900030643/9052-08-C1-PPWP-X2.jpg
6728868890519052900030644,SUMATERA UTARA,DELI SERDANG,LUBUK PAKAM,LUBUK PAKAM I.II,TPS 09,2019-10-25 11:00:05,55,58,237,114,114,113,1,https://pemilu2019.kpu.go.id/img/c/900/030/900030644/9052-09-C1-PPWP-X1.jpg,https://pemilu2019.kpu.go.id/img/c/900/030/900030644/9052-09-C1-PPWP-X2.jpg
6728868890519052900030645,SUMATERA UTARA,DELI SERDANG,LUBUK PAKAM,LUBUK PAKAM I.II,TPS 10,2019-10-25 11:00:05,113,139,330,253,253,252,1,https://pemilu2019.kpu.go.id/img/c/900/030/900030645/2-9052-10-C1-PPWP-X1.jpg,https://pemilu2019.kpu.go.id/img/c/900/030/900030645/2-9052-10-C1-PPWP-X2.jpg
6728868890519052900030646,SUMATERA UTARA,DELI SERDANG,LUBUK PAKAM,LUBUK PAKAM I.II,TPS 11,2019-10-25 11:00:05,106,73,270,181,181,179,2,https://pemilu2019.kpu.go.id/img/c/900/030/900030646/9052-11-C1-PPWP-X1.jpg,https://pemilu2019.kpu.go.id/img/c/900/030/900030646/9052-11-C1-PPWP-X2.jpg
6728868890519052900030647,SUMATERA UTARA,DELI SERDANG,LUBUK PAKAM,LUBUK PAKAM I.II,TPS 12,2019-10-25 11:00:05,78,58,259,138,136,136,0,https://pemilu2019.kpu.go.id/img/c/900/030/900030647/9052-12-C1-PPWP-X1.jpg,https://pemilu2019.kpu.go.id/img/c/900/030/900030647/9052-12-C1-PPWP-X2.jpg
6728868890519052900030648,SUMATERA UTARA,DELI SERDANG,LUBUK PAKAM,LUBUK PAKAM I.II,TPS 13,2019-10-25 11:00:05,49,39,88,88,88,88,0,https://pemilu2019.kpu.go.id/img/c/900/030/900030648/1-9052-13-C1-PPWP-X1.jpg,https://pemilu2019.kpu.go.id/img/c/900/030/900030648/1-9052-13-C1-PPWP-X2.jpg
6728868890519052900030649,SUMATERA UTARA,DELI SERDANG,LUBUK PAKAM,LUBUK PAKAM I.II,TPS 14,2019-10-25 11:00:05,47,73,266,122,122,120,2,https://pemilu2019.kpu.go.id/img/c/900/030/900030649/9052-14-C1-PPWP-X1.jpg,https://pemilu2019.kpu.go.id/img/c/900/030/900030649/9052-14-C1-PPWP-X2.jpg
6728868890519052900030650,SUMATERA UTARA,DELI SERDANG,LUBUK PAKAM,LUBUK PAKAM I.II,TPS 15,2019-10-25 11:00:05,30,80,209,111,111,110,1,https://pemilu2019.kpu.go.id/img/c/900/030/900030650/9052-15-C1-PPWP-X1.jpg,https://pemilu2019.kpu.go.id/img/c/900/030/900030650/9052-15-C1-PPWP-X2.jpg
6728868890519052900030651,SUMATERA UTARA,DELI SERDANG,LUBUK PAKAM,LUBUK PAKAM I.II,TPS 16,2019-10-25 11:00:05,39,89,216,128,128,128,0,https://pemilu2019.kpu.go.id/img/c/900/030/900030651/9052-16-C1-PPWP-X1.jpg,https://pemilu2019.kpu.go.id/img/c/900/030/900030651/9052-16-C1-PPWP-X2.jpg
6728868890519052900030652,SUMATERA UTARA,DELI SERDANG,LUBUK PAKAM,LUBUK PAKAM I.II,TPS 17,2019-10-25 11:00:05,76,68,196,144,144,144,0,https://pemilu2019.kpu.go.id/img/c/900/030/900030652/9052-17-C1-PPWP-X1.jpg,https://pemilu2019.kpu.go.id/img/c/900/030/900030652/9052-17-C1-PPWP-X2.jpg
6728868890519052900030653,SUMATERA UTARA,DELI SERDANG,LUBUK PAKAM,LUBUK PAKAM I.II,TPS 18,2019-10-25 11:00:05,58,73,233,131,131,131,0,https://pemilu2019.kpu.go.id/img/c/900/030/900030653/1-9052-18-C1-PPWP-X1.jpg,https://pemilu2019.kpu.go.id/img/c/900/030/900030653/1-9052-18-C1-PPWP-X2.jpg
6728868890519052900030654,SUMATERA UTARA,DELI SERDANG,LUBUK PAKAM,LUBUK PAKAM I.II,TPS 19,2019-10-25 11:00:05,48,49,176,98,98,97,1,https://pemilu2019.kpu.go.id/img/c/900/030/900030654/9052-19-C1-PPWP-X1.jpg,https://pemilu2019.kpu.go.id/img/c/900/030/900030654/9052-19-C1-PPWP-X2.jpg
6728868890519052900030655,SUMATERA UTARA,DELI SERDANG,LUBUK PAKAM,LUBUK PAKAM I.II,TPS 20,2019-10-25 11:00:05,38,71,248,112,112,109,3,https://pemilu2019.kpu.go.id/img/c/900/030/900030655/1-9052-20-C1-PPWP-X1.jpg,https://pemilu2019.kpu.go.id/img/c/900/030/900030655/1-9052-20-C1-PPWP-X2.jpg
6728868890519052900030656,SUMATERA UTARA,DELI SERDANG,LUBUK PAKAM,LUBUK PAKAM I.II,TPS 21,2019-10-25 11:00:05,129,19,251,150,150,148,2,https://pemilu2019.kpu.go.id/img/c/900/030/900030656/9052-21-C1-PPWP-X1.jpg,https://pemilu2019.kpu.go.id/img/c/900/030/900030656/9052-21-C1-PPWP-X2.jpg
6728868890519052900030657,SUMATERA UTARA,DELI SERDANG,LUBUK PAKAM,LUBUK PAKAM I.II,TPS 22,2019-10-25 11:00:05,80,92,306,174,174,172,2,https://pemilu2019.kpu.go.id/img/c/900/030/900030657/1-9052-22-C1-PPWP-X1.jpg,https://pemilu2019.kpu.go.id/img/c/900/030/900030657/1-9052-22-C1-PPWP-X2.jpg
6728868890519052900030658,SUMATERA UTARA,DELI SERDANG,LUBUK PAKAM,LUBUK PAKAM I.II,TPS 23,2019-10-25 11:00:05,59,79,265,139,139,138,1,https://pemilu2019.kpu.go.id/img/c/900/030/900030658/9052-23-C1-PPWP-X1.jpg,https://pemilu2019.kpu.go.id/img/c/900/030/900030658/9052-23-C1-PPWP-X2.jpg
6728868890519052900030659,SUMATERA UTARA,DELI SERDANG,LUBUK PAKAM,LUBUK PAKAM I.II,TPS 24,2019-10-25 11:00:05,83,74,277,157,157,157,0,https://pemilu2019.kpu.go.id/img/c/900/030/900030659/1-9052-24-C1-PPWP-X1.jpg,https://pemilu2019.kpu.go.id/img/c/900/030/900030659/1-9052-24-C1-PPWP-X2.jpg
6728868890519052900030660,SUMATERA UTARA,DELI SERDANG,LUBUK PAKAM,LUBUK PAKAM I.II,TPS 25,2019-10-25 11:00:05,91,101,252,195,195,192,3,https://pemilu2019.kpu.go.id/img/c/900/030/900030660/1-9052-25-C1-PPWP-X1.jpg,https://pemilu2019.kpu.go.id/img/c/900/030/900030660/1-9052-25-C1-PPWP-X2.jpg
6728868890519058900030725,SUMATERA UTARA,DELI SERDANG,LUBUK PAKAM,LUBUK PAKAM PEKAN,TPS 01,2019-10-25 11:00:05,51,94,245,146,146,145,1,https://pemilu2019.kpu.go.id/img/c/900/030/900030725/9058-01-C1-PPWP-X1.jpg,https://pemilu2019.kpu.go.id/img/c/900/030/900030725/9058-01-C1-PPWP-X2.jpg
6728868890519058900030726,SUMATERA UTARA,DELI SERDANG,LUBUK PAKAM,LUBUK PAKAM PEKAN,TPS 02,2019-10-25 11:00:05,31,96,219,128,128,127,1,https://pemilu2019.kpu.go.id/img/c/900/030/900030726/9058-02-C-XXX-X5.jpg,https://pemilu2019.kpu.go.id/img/c/900/030/900030726/9058-02-C-XXX-X6.jpg
6728868890519058900030727,SUMATERA UTARA,DELI SERDANG,LUBUK PAKAM,LUBUK PAKAM PEKAN,TPS 03,2019-10-25 11:00:05,32,77,164,110,110,109,1,https://pemilu2019.kpu.go.id/img/c/900/030/900030727/9058-03-C1-PPWP-X1.jpg,https://pemilu2019.kpu.go.id/img/c/900/030/900030727/9058-03-C1-PPWP-X2.jpg
6728868890519058900030728,SUMATERA UTARA,DELI SERDANG,LUBUK PAKAM,LUBUK PAKAM PEKAN,TPS 04,2019-10-25 11:00:05,52,134,285,186,186,186,0,https://pemilu2019.kpu.go.id/img/c/900/030/900030728/9058-04-C-XXX-X5.jpg,https://pemilu2019.kpu.go.id/img/c/900/030/900030728/9058-04-C-XXX-X6.jpg
6728868890519058900030729,SUMATERA UTARA,DELI SERDANG,LUBUK PAKAM,LUBUK PAKAM PEKAN,TPS 05,2019-10-25 11:00:05,45,175,318,222,222,220,2,https://pemilu2019.kpu.go.id/img/c/900/030/900030729/9058-05-C-XXX-X5.jpg,https://pemilu2019.kpu.go.id/img/c/900/030/900030729/9058-05-C-XXX-X6.jpg
6728868890519058900030730,SUMATERA UTARA,DELI SERDANG,LUBUK PAKAM,LUBUK PAKAM PEKAN,TPS 06,2019-10-25 11:00:05,163,22,264,185,185,185,0,https://pemilu2019.kpu.go.id/img/c/900/030/900030730/9058-06-C1-PPWP-X1.jpg,https://pemilu2019.kpu.go.id/img/c/900/030/900030730/9058-06-C1-PPWP-X2.jpg
6728868890519058900030731,SUMATERA UTARA,DELI SERDANG,LUBUK PAKAM,LUBUK PAKAM PEKAN,TPS 07,2019-10-25 11:00:05,50,21,289,71,71,71,0,https://pemilu2019.kpu.go.id/img/c/900/030/900030731/9058-07-C-XXX-X5.jpg,https://pemilu2019.kpu.go.id/img/c/900/030/900030731/9058-07-C-XXX-X6.jpg
6728868890519058900030732,SUMATERA UTARA,DELI SERDANG,LUBUK PAKAM,LUBUK PAKAM PEKAN,TPS 08,2019-10-25 11:00:05,72,57,297,130,130,129,1,https://pemilu2019.kpu.go.id/img/c/900/030/900030732/9058-08-C1-PPWP-X1.jpg,https://pemilu2019.kpu.go.id/img/c/900/030/900030732/9058-08-C1-PPWP-X2.jpg
6728868890519058900030733,SUMATERA UTARA,DELI SERDANG,LUBUK PAKAM,LUBUK PAKAM PEKAN,TPS 09,2019-10-25 11:00:05,43,91,297,134,134,134,0,https://pemilu2019.kpu.go.id/img/c/900/030/900030733/9058-09-C-XXX-X5.jpg,https://pemilu2019.kpu.go.id/img/c/900/030/900030733/9058-09-C-XXX-X6.jpg
6728868890519058900030734,SUMATERA UTARA,DELI SERDANG,LUBUK PAKAM,LUBUK PAKAM PEKAN,TPS 10,2019-10-25 11:00:05,60,25,278,86,86,85,1,https://pemilu2019.kpu.go.id/img/c/900/030/900030734/9058-10-C1-PPWP-X1.jpg,https://pemilu2019.kpu.go.id/img/c/900/030/900030734/9058-10-C1-PPWP-X2.jpg
6728868890519058900030735,SUMATERA UTARA,DELI SERDANG,LUBUK PAKAM,LUBUK PAKAM PEKAN,TPS 11,2019-10-25 11:00:05,48,24,267,73,73,72,1,https://pemilu2019.kpu.go.id/img/c/900/030/900030735/9058-11-C1-PPWP-X1.jpg,https://pemilu2019.kpu.go.id/img/c/900/030/900030735/9058-11-C1-PPWP-X2.jpg
6728868890519058900030736,SUMATERA UTARA,DELI SERDANG,LUBUK PAKAM,LUBUK PAKAM PEKAN,TPS 12,2019-10-25 11:00:05,100,7,246,108,108,107,1,https://pemilu2019.kpu.go.id/img/c/900/030/900030736/9058-12-C1-PPWP-X1.jpg,https://pemilu2019.kpu.go.id/img/c/900/030/900030736/9058-12-C1-PPWP-X2.jpg
6728868890519058900030737,SUMATERA UTARA,DELI SERDANG,LUBUK PAKAM,LUBUK PAKAM PEKAN,TPS 13,2019-10-25 11:00:05,38,29,243,67,67,67,0,https://pemilu2019.kpu.go.id/img/c/900/030/900030737/9058-13-C1-PPWP-X1.jpg,https://pemilu2019.kpu.go.id/img/c/900/030/900030737/9058-13-C1-PPWP-X2.jpg
6728868890519058900030738,SUMATERA UTARA,DELI SERDANG,LUBUK PAKAM,LUBUK PAKAM PEKAN,TPS 14,2019-10-25 11:00:05,37,10,242,49,49,47,2,https://pemilu2019.kpu.go.id/img/c/900/030/900030738/9058-14-C-XXX-X5.jpg,https://pemilu2019.kpu.go.id/img/c/900/030/900030738/9058-14-C-XXX-X6.jpg
6728868890519058900030739,SUMATERA UTARA,DELI SERDANG,LUBUK PAKAM,LUBUK PAKAM PEKAN,TPS 15,2019-10-25 11:00:05,76,33,281,109,109,109,0,https://pemilu2019.kpu.go.id/img/c/900/030/900030739/9058-15-C1-PPWP-X1.jpg,https://pemilu2019.kpu.go.id/img/c/900/030/900030739/9058-15-C1-PPWP-X2.jpg
6728868890519058900030740,SUMATERA UTARA,DELI SERDANG,LUBUK PAKAM,LUBUK PAKAM PEKAN,TPS 16,2019-10-25 11:00:05,54,12,247,66,66,66,0,https://pemilu2019.kpu.go.id/img/c/900/030/900030740/9058-16-C-XXX-X5.jpg,https://pemilu2019.kpu.go.id/img/c/900/030/900030740/9058-16-C-XXX-X6.jpg
6728868890519058900030741,SUMATERA UTARA,DELI SERDANG,LUBUK PAKAM,LUBUK PAKAM PEKAN,TPS 17,2019-10-25 11:00:05,44,4,261,48,48,48,0,https://pemilu2019.kpu.go.id/img/c/900/030/900030741/2-9058-17-C1-PPWP-X1.jpg,https://pemilu2019.kpu.go.id/img/c/900/030/900030741/2-9058-17-C1-PPWP-X2.jpg
6728868890519058900030742,SUMATERA UTARA,DELI SERDANG,LUBUK PAKAM,LUBUK PAKAM PEKAN,TPS 18,2019-10-25 11:00:05,138,2,250,147,147,145,2,https://pemilu2019.kpu.go.id/img/c/900/030/900030742/9058-18-C1-PPWP-X1.jpg,https://pemilu2019.kpu.go.id/img/c/900/030/900030742/9058-18-C1-PPWP-X2.jpg
6728868890519058900030743,SUMATERA UTARA,DELI SERDANG,LUBUK PAKAM,LUBUK PAKAM PEKAN,TPS 19,2019-10-25 11:00:05,14,7,250,21,21,21,0,https://pemilu2019.kpu.go.id/img/c/900/030/900030743/9058-19-C-XXX-X5.jpg,https://pemilu2019.kpu.go.id/img/c/900/030/900030743/9058-19-C-XXX-X6.jpg
6728868890519058900030744,SUMATERA UTARA,DELI SERDANG,LUBUK PAKAM,LUBUK PAKAM PEKAN,TPS 20,2019-10-25 11:00:05,57,2,244,59,59,59,0,https://pemilu2019.kpu.go.id/img/c/900/030/900030744/9058-20-C-XXX-X5.jpg,https://pemilu2019.kpu.go.id/img/c/900/030/900030744/9058-20-C-XXX-X6.jpg
6728868890519058900030745,SUMATERA UTARA,DELI SERDANG,LUBUK PAKAM,LUBUK PAKAM PEKAN,TPS 21,2019-10-25 11:00:05,51,45,211,96,96,96,0,https://pemilu2019.kpu.go.id/img/c/900/030/900030745/9058-21-C1-PPWP-X1.jpg,https://pemilu2019.kpu.go.id/img/c/900/030/900030745/9058-21-C1-PPWP-X2.jpg
6728868890519058900030746,SUMATERA UTARA,DELI SERDANG,LUBUK PAKAM,LUBUK PAKAM PEKAN,TPS 22,2019-10-25 11:00:05,66,23,236,91,91,89,2,https://pemilu2019.kpu.go.id/img/c/900/030/900030746/9058-22-C1-PPWP-X1.jpg,https://pemilu2019.kpu.go.id/img/c/900/030/900030746/9058-22-C1-PPWP-X2.jpg
6728868890519058900030747,SUMATERA UTARA,DELI SERDANG,LUBUK PAKAM,LUBUK PAKAM PEKAN,TPS 23,2019-10-25 11:00:05,35,59,149,95,95,94,1,https://pemilu2019.kpu.go.id/img/c/900/030/900030747/9058-23-C1-PPWP-X1.jpg,https://pemilu2019.kpu.go.id/img/c/900/030/900030747/9058-23-C1-PPWP-X2.jpg
6728868890519058900030748,SUMATERA UTARA,DELI SERDANG,LUBUK PAKAM,LUBUK PAKAM PEKAN,TPS 24,2019-10-25 11:00:05,52,87,233,142,142,139,3,https://pemilu2019.kpu.go.id/img/c/900/030/900030748/2-9058-24-C1-PPWP-X1.jpg,https://pemilu2019.kpu.go.id/img/c/900/030/900030748/2-9058-24-C1-PPWP-X2.jpg
6728868890519058900030749,SUMATERA UTARA,DELI SERDANG,LUBUK PAKAM,LUBUK PAKAM PEKAN,TPS 25,2019-10-25 11:00:05,96,35,218,131,131,131,0,https://pemilu2019.kpu.go.id/img/c/900/030/900030749/9058-25-C1-PPWP-X1.jpg,https://pemilu2019.kpu.go.id/img/c/900/030/900030749/9058-25-C1-PPWP-X2.jpg
6728868890519058900030750,SUMATERA UTARA,DELI SERDANG,LUBUK PAKAM,LUBUK PAKAM PEKAN,TPS 26,2019-10-25 11:00:05,157,5,247,162,162,162,0,https://pemilu2019.kpu.go.id/img/c/900/030/900030750/9058-26-C1-PPWP-X1.jpg,https://pemilu2019.kpu.go.id/img/c/900/030/900030750/9058-26-C1-PPWP-X2.jpg
6728868890519058900030751,SUMATERA UTARA,DELI SERDANG,LUBUK PAKAM,LUBUK PAKAM PEKAN,TPS 27,2019-10-25 11:00:05,125,18,237,144,144,143,1,https://pemilu2019.kpu.go.id/img/c/900/030/900030751/9058-27-C1-PPWP-X1.jpg,https://pemilu2019.kpu.go.id/img/c/900/030/900030751/9058-27-C1-PPWP-X2.jpg
6728868890519058900030752,SUMATERA UTARA,DELI SERDANG,LUBUK PAKAM,LUBUK PAKAM PEKAN,TPS 28,2019-10-25 11:00:05,127,3,240,130,0,0,0,https://pemilu2019.kpu.go.id/img/c/900/030/900030752/9058-28-C1-PPWP-X1.jpg,https://pemilu2019.kpu.go.id/img/c/900/030/900030752/9058-28-C1-PPWP-X2.jpg
6728868890519058900030753,SUMATERA UTARA,DELI SERDANG,LUBUK PAKAM,LUBUK PAKAM PEKAN,TPS 29,2019-10-25 11:00:05,115,48,270,163,163,163,0,https://pemilu2019.kpu.go.id/img/c/900/030/900030753/9058-29-C1-PPWP-X1.jpg,https://pemilu2019.kpu.go.id/img/c/900/030/900030753/9058-29-C1-PPWP-X2.jpg
6728868890519058900030754,SUMATERA UTARA,DELI SERDANG,LUBUK PAKAM,LUBUK PAKAM PEKAN,TPS 30,2019-10-25 11:00:05,81,15,237,99,99,96,3,https://pemilu2019.kpu.go.id/img/c/900/030/900030754/9058-30-C1-PPWP-X1.jpg,https://pemilu2019.kpu.go.id/img/c/900/030/900030754/9058-30-C1-PPWP-X2.jpg
6728868890519058900030755,SUMATERA UTARA,DELI SERDANG,LUBUK PAKAM,LUBUK PAKAM PEKAN,TPS 31,2019-10-25 11:00:05,111,8,228,121,121,119,2,https://pemilu2019.kpu.go.id/img/c/900/030/900030755/9058-31-C1-PPWP-X1.jpg,https://pemilu2019.kpu.go.id/img/c/900/030/900030755/9058-31-C1-PPWP-X2.jpg
6728868890519058900030756,SUMATERA UTARA,DELI SERDANG,LUBUK PAKAM,LUBUK PAKAM PEKAN,TPS 32,2019-10-25 11:00:05,71,17,241,88,88,88,0,https://pemilu2019.kpu.go.id/img/c/900/030/900030756/9058-32-C1-PPWP-X1.jpg,https://pemilu2019.kpu.go.id/img/c/900/030/900030756/9058-32-C1-PPWP-X2.jpg
6728868890519058900030757,SUMATERA UTARA,DELI SERDANG,LUBUK PAKAM,LUBUK PAKAM PEKAN,TPS 33,2019-10-25 11:00:05,75,21,218,96,96,96,0,https://pemilu2019.kpu.go.id/img/c/900/030/900030757/9058-33-C1-PPWP-X1.jpg,https://pemilu2019.kpu.go.id/img/c/900/030/900030757/9058-33-C1-PPWP-X2.jpg
6728868890519058901630612,SUMATERA UTARA,DELI SERDANG,LUBUK PAKAM,LUBUK PAKAM PEKAN,TPS 34,2019-10-25 11:00:05,126,137,293,264,264,263,1,https://pemilu2019.kpu.go.id/img/c/901/630/901630612/1-9058-34-C1-PPWP-X1.jpg,https://pemilu2019.kpu.go.id/img/c/901/630/901630612/1-9058-34-C1-PPWP-X2.jpg
6728868890519060900030813,SUMATERA UTARA,DELI SERDANG,LUBUK PAKAM,PAGAR JATI,TPS 01,2019-10-25 11:00:05,151,5,245,158,158,156,2,https://pemilu2019.kpu.go.id/img/c/900/030/900030813/1-9060-01-C1-PPWP-X1.jpg,https://pemilu2019.kpu.go.id/img/c/900/030/900030813/1-9060-01-C1-PPWP-X2.jpg
6728868890519060900030814,SUMATERA UTARA,DELI SERDANG,LUBUK PAKAM,PAGAR JATI,TPS 02,2019-10-25 11:00:05,161,9,297,171,1,170,1,https://pemilu2019.kpu.go.id/img/c/900/030/900030814/1-9060-02-C1-PPWP-X1.jpg,https://pemilu2019.kpu.go.id/img/c/900/030/900030814/1-9060-02-C1-PPWP-X2.jpg
6728868890519060900030815,SUMATERA UTARA,DELI SERDANG,LUBUK PAKAM,PAGAR JATI,TPS 03,2019-10-25 11:00:05,175,12,267,0,187,187,0,https://pemilu2019.kpu.go.id/img/c/900/030/900030815/1-9060-03-C1-PPWP-X1.jpg,https://pemilu2019.kpu.go.id/img/c/900/030/900030815/1-9060-03-C1-PPWP-X2.jpg
6728868890519060900030816,SUMATERA UTARA,DELI SERDANG,LUBUK PAKAM,PAGAR JATI,TPS 04,2019-10-25 11:00:05,153,5,296,158,158,158,0,https://pemilu2019.kpu.go.id/img/c/900/030/900030816/1-9060-04-C1-PPWP-X1.jpg,https://pemilu2019.kpu.go.id/img/c/900/030/900030816/1-9060-04-C1-PPWP-X2.jpg
6728868890519060900030817,SUMATERA UTARA,DELI SERDANG,LUBUK PAKAM,PAGAR JATI,TPS 05,2019-10-25 11:00:05,102,6,293,109,109,108,1,https://pemilu2019.kpu.go.id/img/c/900/030/900030817/1-9060-05-C1-PPWP-X1.jpg,https://pemilu2019.kpu.go.id/img/c/900/030/900030817/1-9060-05-C1-PPWP-X2.jpg
6728868890519060900030818,SUMATERA UTARA,DELI SERDANG,LUBUK PAKAM,PAGAR JATI,TPS 06,2019-10-25 11:00:05,114,25,272,142,142,139,3,https://pemilu2019.kpu.go.id/img/c/900/030/900030818/1-9060-06-C1-PPWP-X1.jpg,https://pemilu2019.kpu.go.id/img/c/900/030/900030818/1-9060-06-C1-PPWP-X2.jpg
6728868890519060900030819,SUMATERA UTARA,DELI SERDANG,LUBUK PAKAM,PAGAR JATI,TPS 07,2019-10-25 11:00:05,133,14,290,147,147,147,0,https://pemilu2019.kpu.go.id/img/c/900/030/900030819/1-9060-07-C-XXX-X5.jpg,https://pemilu2019.kpu.go.id/img/c/900/030/900030819/1-9060-07-C-XXX-X6.jpg
6728868890519060900030820,SUMATERA UTARA,DELI SERDANG,LUBUK PAKAM,PAGAR JATI,TPS 08,2019-10-25 11:00:05,110,36,283,147,147,146,1,https://pemilu2019.kpu.go.id/img/c/900/030/900030820/9060-08-C-XXX-X5.jpg,https://pemilu2019.kpu.go.id/img/c/900/030/900030820/9060-08-C-XXX-X6.jpg
6728868890519060900030821,SUMATERA UTARA,DELI SERDANG,LUBUK PAKAM,PAGAR JATI,TPS 09,2019-10-25 11:00:05,145,19,167,167,167,164,3,https://pemilu2019.kpu.go.id/img/c/900/030/900030821/1-9060-09-C-XXX-X5.jpg,https://pemilu2019.kpu.go.id/img/c/900/030/900030821/1-9060-09-C-XXX-X6.jpg
6728868890519060900030822,SUMATERA UTARA,DELI SERDANG,LUBUK PAKAM,PAGAR JATI,TPS 10,2019-10-25 11:00:05,103,17,289,121,121,120,1,https://pemilu2019.kpu.go.id/img/c/900/030/900030822/9060-10-C1-PPWP-X1.jpg,https://pemilu2019.kpu.go.id/img/c/900/030/900030822/9060-10-C1-PPWP-X2.jpg
6728868890519060900030823,SUMATERA UTARA,DELI SERDANG,LUBUK PAKAM,PAGAR JATI,TPS 11,2019-10-25 11:00:05,131,10,259,141,237,141,96,https://pemilu2019.kpu.go.id/img/c/900/030/900030823/9060-11-C1-PPWP-X1.jpg,https://pemilu2019.kpu.go.id/img/c/900/030/900030823/9060-11-C1-PPWP-X2.jpg
6728868890519060900030824,SUMATERA UTARA,DELI SERDANG,LUBUK PAKAM,PAGAR JATI,TPS 12,2019-10-25 11:00:05,138,9,290,149,149,147,2,https://pemilu2019.kpu.go.id/img/c/900/030/900030824/2-9060-12-C-XXX-X5.jpg,https://pemilu2019.kpu.go.id/img/c/900/030/900030824/2-9060-12-C-XXX-X6.jpg
6728868890519060900030825,SUMATERA UTARA,DELI SERDANG,LUBUK PAKAM,PAGAR JATI,TPS 13,2019-10-25 11:00:05,106,5,112,0,112,111,1,https://pemilu2019.kpu.go.id/img/c/900/030/900030825/1-9060-13-C-XXX-X5.jpg,https://pemilu2019.kpu.go.id/img/c/900/030/900030825/1-9060-13-C-XXX-X6.jpg
6728868890519060900030826,SUMATERA UTARA,DELI SERDANG,LUBUK PAKAM,PAGAR JATI,TPS 14,2019-10-25 11:00:05,109,6,305,118,118,115,3,https://pemilu2019.kpu.go.id/img/c/900/030/900030826/9060-14-C1-PPWP-X1.jpg,https://pemilu2019.kpu.go.id/img/c/900/030/900030826/9060-14-C1-PPWP-X2.jpg
6728868890519060900030827,SUMATERA UTARA,DELI SERDANG,LUBUK PAKAM,PAGAR JATI,TPS 15,2019-10-25 11:00:05,184,6,260,190,190,190,0,https://pemilu2019.kpu.go.id/img/c/900/030/900030827/9060-15-C-XXX-X5.jpg,https://pemilu2019.kpu.go.id/img/c/900/030/900030827/9060-15-C-XXX-X6.jpg
6728868890519060900030828,SUMATERA UTARA,DELI SERDANG,LUBUK PAKAM,PAGAR JATI,TPS 16,2019-10-25 11:00:05,119,4,259,125,125,123,2,https://pemilu2019.kpu.go.id/img/c/900/030/900030828/1-9060-16-C1-PPWP-X1.jpg,https://pemilu2019.kpu.go.id/img/c/900/030/900030828/1-9060-16-C1-PPWP-X2.jpg
6728868890519060900030829,SUMATERA UTARA,DELI SERDANG,LUBUK PAKAM,PAGAR JATI,TPS 17,2019-10-25 11:00:05,99,15,288,115,115,114,1,https://pemilu2019.kpu.go.id/img/c/900/030/900030829/9060-17-C1-PPWP-X1.jpg,https://pemilu2019.kpu.go.id/img/c/900/030/900030829/9060-17-C1-PPWP-X2.jpg
6728868890519060900030830,SUMATERA UTARA,DELI SERDANG,LUBUK PAKAM,PAGAR JATI,TPS 18,2019-10-25 11:00:05,131,19,151,151,151,150,1,https://pemilu2019.kpu.go.id/img/c/900/030/900030830/9060-18-C-XXX-X5.jpg,https://pemilu2019.kpu.go.id/img/c/900/030/900030830/9060-18-C-XXX-X6.jpg
6728868890519060900030831,SUMATERA UTARA,DELI SERDANG,LUBUK PAKAM,PAGAR JATI,TPS 19,2019-10-25 11:00:05,150,14,256,165,165,164,1,https://pemilu2019.kpu.go.id/img/c/900/030/900030831/1-9060-19-C1-PPWP-X1.jpg,https://pemilu2019.kpu.go.id/img/c/900/030/900030831/1-9060-19-C1-PPWP-X2.jpg
6728868890519060900030832,SUMATERA UTARA,DELI SERDANG,LUBUK PAKAM,PAGAR JATI,TPS 20,2019-10-25 11:00:05,85,20,0,0,105,105,0,https://pemilu2019.kpu.go.id/img/c/900/030/900030832/9060-20-C-XXX-X5.jpg,https://pemilu2019.kpu.go.id/img/c/900/030/900030832/9060-20-C-XXX-X6.jpg
6728868890519060900030833,SUMATERA UTARA,DELI SERDANG,LUBUK PAKAM,PAGAR JATI,TPS 21,2019-10-25 11:00:05,122,19,259,142,142,141,1,https://pemilu2019.kpu.go.id/img/c/900/030/900030833/9060-21-C1-PPWP-X1.jpg,https://pemilu2019.kpu.go.id/img/c/900/030/900030833/9060-21-C1-PPWP-X2.jpg
6728868890519060900030834,SUMATERA UTARA,DELI SERDANG,LUBUK PAKAM,PAGAR JATI,TPS 22,2019-10-25 11:00:05,121,56,264,179,179,177,2,https://pemilu2019.kpu.go.id/img/c/900/030/900030834/9060-22-C1-PPWP-X1.jpg,https://pemilu2019.kpu.go.id/img/c/900/030/900030834/9060-22-C1-PPWP-X2.jpg
6728868890519060900030835,SUMATERA UTARA,DELI SERDANG,LUBUK PAKAM,PAGAR JATI,TPS 23,2019-10-25 11:00:05,85,25,268,111,111,110,1,https://pemilu2019.kpu.go.id/img/c/900/030/900030835/1-9060-23-C1-PPWP-X1.jpg,https://pemilu2019.kpu.go.id/img/c/900/030/900030835/1-9060-23-C1-PPWP-X2.jpg
6728868890519060900030836,SUMATERA UTARA,DELI SERDANG,LUBUK PAKAM,PAGAR JATI,TPS 24,2019-10-25 11:00:05,80,43,256,123,123,123,0,https://pemilu2019.kpu.go.id/img/c/900/030/900030836/9060-24-C1-PPWP-X1.jpg,https://pemilu2019.kpu.go.id/img/c/900/030/900030836/9060-24-C1-PPWP-X2.jpg
6728868890519063900030867,SUMATERA UTARA,DELI SERDANG,LUBUK PAKAM,PAGAR MERBAU III,TPS 01,2019-10-25 11:00:05,87,105,251,194,194,192,2,https://pemilu2019.kpu.go.id/img/c/900/030/900030867/9063-01-C1-PPWP-X1.jpg,https://pemilu2019.kpu.go.id/img/c/900/030/900030867/9063-01-C1-PPWP-X2.jpg
6728868890519063900030868,SUMATERA UTARA,DELI SERDANG,LUBUK PAKAM,PAGAR MERBAU III,TPS 02,2019-10-25 11:00:05,85,157,285,245,245,242,3,https://pemilu2019.kpu.go.id/img/c/900/030/900030868/9063-02-C1-PPWP-X1.jpg,https://pemilu2019.kpu.go.id/img/c/900/030/900030868/9063-02-C1-PPWP-X2.jpg
6728868890519063900030869,SUMATERA UTARA,DELI SERDANG,LUBUK PAKAM,PAGAR MERBAU III,TPS 03,2019-10-25 11:00:05,66,97,203,164,164,163,1,https://pemilu2019.kpu.go.id/img/c/900/030/900030869/9063-03-C1-PPWP-X1.jpg,https://pemilu2019.kpu.go.id/img/c/900/030/900030869/9063-03-C1-PPWP-X2.jpg
6728868890519063900030870,SUMATERA UTARA,DELI SERDANG,LUBUK PAKAM,PAGAR MERBAU III,TPS 04,2019-10-25 11:00:05,126,100,226,226,226,226,0,https://pemilu2019.kpu.go.id/img/c/900/030/900030870/9063-04-C1-PPWP-X1.jpg,https://pemilu2019.kpu.go.id/img/c/900/030/900030870/9063-04-C1-PPWP-X2.jpg
6728868890519063900030871,SUMATERA UTARA,DELI SERDANG,LUBUK PAKAM,PAGAR MERBAU III,TPS 05,2019-10-25 11:00:05,26,22,62,48,48,48,0,https://pemilu2019.kpu.go.id/img/c/900/030/900030871/9063-05-C1-PPWP-X1.jpg,https://pemilu2019.kpu.go.id/img/c/900/030/900030871/9063-05-C1-PPWP-X2.jpg
6728868890519063900030872,SUMATERA UTARA,DELI SERDANG,LUBUK PAKAM,PAGAR MERBAU III,TPS 06,2019-10-25 11:00:05,101,70,211,171,171,171,0,https://pemilu2019.kpu.go.id/img/c/900/030/900030872/9063-06-C1-PPWP-X1.jpg,https://pemilu2019.kpu.go.id/img/c/900/030/900030872/9063-06-C1-PPWP-X2.jpg
6728868890519063900030873,SUMATERA UTARA,DELI SERDANG,LUBUK PAKAM,PAGAR MERBAU III,TPS 07,2019-10-25 11:00:05,114,110,310,224,224,224,0,https://pemilu2019.kpu.go.id/img/c/900/030/900030873/9063-07-C1-PPWP-X1.jpg,https://pemilu2019.kpu.go.id/img/c/900/030/900030873/9063-07-C1-PPWP-X2.jpg
6728868890519063900030874,SUMATERA UTARA,DELI SERDANG,LUBUK PAKAM,PAGAR MERBAU III,TPS 08,2019-10-25 11:00:05,187,95,337,285,285,282,3,https://pemilu2019.kpu.go.id/img/c/900/030/900030874/9063-08-C1-PPWP-X1.jpg,https://pemilu2019.kpu.go.id/img/c/900/030/900030874/9063-08-C1-PPWP-X2.jpg
6728868890519063900030875,SUMATERA UTARA,DELI SERDANG,LUBUK PAKAM,PAGAR MERBAU III,TPS 09,2019-10-25 11:00:05,67,141,211,211,211,208,3,https://pemilu2019.kpu.go.id/img/c/900/030/900030875/9063-09-C1-PPWP-X1.jpg,https://pemilu2019.kpu.go.id/img/c/900/030/900030875/9063-09-C1-PPWP-X2.jpg
6728868890519063900030876,SUMATERA UTARA,DELI SERDANG,LUBUK PAKAM,PAGAR MERBAU III,TPS 10,2019-10-25 11:00:05,113,96,278,212,212,209,3,https://pemilu2019.kpu.go.id/img/c/900/030/900030876/9063-10-C1-PPWP-X1.jpg,https://pemilu2019.kpu.go.id/img/c/900/030/900030876/9063-10-C1-PPWP-X2.jpg
6728868890519063900030877,SUMATERA UTARA,DELI SERDANG,LUBUK PAKAM,PAGAR MERBAU III,TPS 11,2019-10-25 11:00:05,136,72,290,209,209,208,1,https://pemilu2019.kpu.go.id/img/c/900/030/900030877/9063-11-C1-PPWP-X1.jpg,https://pemilu2019.kpu.go.id/img/c/900/030/900030877/9063-11-C1-PPWP-X2.jpg
6728868890519063900030878,SUMATERA UTARA,DELI SERDANG,LUBUK PAKAM,PAGAR MERBAU III,TPS 12,2019-10-25 11:00:05,89,124,285,213,213,213,0,https://pemilu2019.kpu.go.id/img/c/900/030/900030878/9063-12-C1-PPWP-X1.jpg,https://pemilu2019.kpu.go.id/img/c/900/030/900030878/9063-12-C1-PPWP-X2.jpg
6728868890519063900030879,SUMATERA UTARA,DELI SERDANG,LUBUK PAKAM,PAGAR MERBAU III,TPS 13,2019-10-25 11:00:05,53,142,234,195,195,195,0,https://pemilu2019.kpu.go.id/img/c/900/030/900030879/9063-13-C1-PPWP-X1.jpg,https://pemilu2019.kpu.go.id/img/c/900/030/900030879/9063-13-C1-PPWP-X2.jpg
6728868890519054900030672,SUMATERA UTARA,DELI SERDANG,LUBUK PAKAM,PALUH KEMIRI,TPS 01,2019-10-25 11:00:05,58,80,180,142,142,138,4,https://pemilu2019.kpu.go.id/img/c/900/030/900030672/3-9054-01-C1-PPWP-X1.jpg,https://pemilu2019.kpu.go.id/img/c/900/030/900030672/3-9054-01-C1-PPWP-X2.jpg
6728868890519054900030673,SUMATERA UTARA,DELI SERDANG,LUBUK PAKAM,PALUH KEMIRI,TPS 02,2019-10-25 11:00:05,25,97,173,123,123,122,1,https://pemilu2019.kpu.go.id/img/c/900/030/900030673/9054-02-C1-PPWP-X1.jpg,https://pemilu2019.kpu.go.id/img/c/900/030/900030673/9054-02-C1-PPWP-X2.jpg
6728868890519054900030674,SUMATERA UTARA,DELI SERDANG,LUBUK PAKAM,PALUH KEMIRI,TPS 03,2019-10-25 11:00:05,46,90,189,138,138,136,2,https://pemilu2019.kpu.go.id/img/c/900/030/900030674/9054-03-C1-PPWP-X1.jpg,https://pemilu2019.kpu.go.id/img/c/900/030/900030674/9054-03-C1-PPWP-X2.jpg
6728868890519054900030675,SUMATERA UTARA,DELI SERDANG,LUBUK PAKAM,PALUH KEMIRI,TPS 04,2019-10-25 11:00:05,38,121,160,160,160,159,1,https://pemilu2019.kpu.go.id/img/c/900/030/900030675/9054-04-C1-PPWP-X1.jpg,https://pemilu2019.kpu.go.id/img/c/900/030/900030675/9054-04-C1-PPWP-X2.jpg
6728868890519054900030676,SUMATERA UTARA,DELI SERDANG,LUBUK PAKAM,PALUH KEMIRI,TPS 05,2019-10-25 11:00:05,98,57,189,157,157,155,2,https://pemilu2019.kpu.go.id/img/c/900/030/900030676/1-9054-05-C1-PPWP-X1.jpg,https://pemilu2019.kpu.go.id/img/c/900/030/900030676/1-9054-05-C1-PPWP-X2.jpg
6728868890519054900030677,SUMATERA UTARA,DELI SERDANG,LUBUK PAKAM,PALUH KEMIRI,TPS 06,2019-10-25 11:00:05,78,79,193,161,161,157,4,https://pemilu2019.kpu.go.id/img/c/900/030/900030677/2-9054-06-C1-PPWP-X1.jpg,https://pemilu2019.kpu.go.id/img/c/900/030/900030677/2-9054-06-C1-PPWP-X2.jpg
6728868890519054900030678,SUMATERA UTARA,DELI SERDANG,LUBUK PAKAM,PALUH KEMIRI,TPS 07,2019-10-25 11:00:05,59,97,198,156,156,156,0,https://pemilu2019.kpu.go.id/img/c/900/030/900030678/9054-07-C1-PPWP-X1.jpg,https://pemilu2019.kpu.go.id/img/c/900/030/900030678/9054-07-C1-PPWP-X2.jpg
6728868890519054900030679,SUMATERA UTARA,DELI SERDANG,LUBUK PAKAM,PALUH KEMIRI,TPS 08,2019-10-25 11:00:05,32,102,175,138,138,134,4,https://pemilu2019.kpu.go.id/img/c/900/030/900030679/9054-08-C1-PPWP-X1.jpg,https://pemilu2019.kpu.go.id/img/c/900/030/900030679/9054-08-C1-PPWP-X2.jpg
6728868890519054900030680,SUMATERA UTARA,DELI SERDANG,LUBUK PAKAM,PALUH KEMIRI,TPS 09,2019-10-25 11:00:05,48,106,176,155,155,154,1,https://pemilu2019.kpu.go.id/img/c/900/030/900030680/9054-09-C1-PPWP-X1.jpg,https://pemilu2019.kpu.go.id/img/c/900/030/900030680/9054-09-C1-PPWP-X2.jpg
6728868890519054900030681,SUMATERA UTARA,DELI SERDANG,LUBUK PAKAM,PALUH KEMIRI,TPS 10,2019-10-25 11:00:05,54,102,202,156,156,156,0,https://pemilu2019.kpu.go.id/img/c/900/030/900030681/1-9054-10-C1-PPWP-X1.jpg,https://pemilu2019.kpu.go.id/img/c/900/030/900030681/1-9054-10-C1-PPWP-X2.jpg
6728868890519054900030682,SUMATERA UTARA,DELI SERDANG,LUBUK PAKAM,PALUH KEMIRI,TPS 11,2019-10-25 11:00:05,47,117,193,166,165,164,1,https://pemilu2019.kpu.go.id/img/c/900/030/900030682/2-9054-11-C1-PPWP-X1.jpg,https://pemilu2019.kpu.go.id/img/c/900/030/900030682/2-9054-11-C1-PPWP-X2.jpg
6728868890519054900030683,SUMATERA UTARA,DELI SERDANG,LUBUK PAKAM,PALUH KEMIRI,TPS 12,2019-10-25 11:00:05,46,116,206,168,168,162,6,https://pemilu2019.kpu.go.id/img/c/900/030/900030683/2-9054-12-C1-PPWP-X1.jpg,https://pemilu2019.kpu.go.id/img/c/900/030/900030683/2-9054-12-C1-PPWP-X2.jpg
6728868890519054900030684,SUMATERA UTARA,DELI SERDANG,LUBUK PAKAM,PALUH KEMIRI,TPS 13,2019-10-25 11:00:05,37,114,196,154,154,151,3,https://pemilu2019.kpu.go.id/img/c/900/030/900030684/1-9054-13-C1-PPWP-X1.jpg,https://pemilu2019.kpu.go.id/img/c/900/030/900030684/1-9054-13-C1-PPWP-X2.jpg
6728868890519062900030847,SUMATERA UTARA,DELI SERDANG,LUBUK PAKAM,PASAR MELINTANG,TPS 01,2019-10-25 11:00:05,215,0,237,216,216,215,1,https://pemilu2019.kpu.go.id/img/c/900/030/900030847/2-9062-01-C1-PPWP-X1.jpg,https://pemilu2019.kpu.go.id/img/c/900/030/900030847/2-9062-01-C1-PPWP-X2.jpg
6728868890519062900030848,SUMATERA UTARA,DELI SERDANG,LUBUK PAKAM,PASAR MELINTANG,TPS 02,2019-10-25 11:00:05,211,2,261,213,213,213,0,https://pemilu2019.kpu.go.id/img/c/900/030/900030848/9062-02-C1-PPWP-X1.jpg,https://pemilu2019.kpu.go.id/img/c/900/030/900030848/9062-02-C1-PPWP-X2.jpg
6728868890519062900030849,SUMATERA UTARA,DELI SERDANG,LUBUK PAKAM,PASAR MELINTANG,TPS 03,2019-10-25 11:00:05,177,2,231,180,180,179,1,https://pemilu2019.kpu.go.id/img/c/900/030/900030849/9-9062-03-C1-PPWP-X1.jpg,https://pemilu2019.kpu.go.id/img/c/900/030/900030849/9-9062-03-C1-PPWP-X2.jpg
6728868890519062900030850,SUMATERA UTARA,DELI SERDANG,LUBUK PAKAM,PASAR MELINTANG,TPS 04,2019-10-25 11:00:05,186,9,255,198,198,195,3,https://pemilu2019.kpu.go.id/img/c/900/030/900030850/9062-04-C1-PPWP-X1.jpg,https://pemilu2019.kpu.go.id/img/c/900/030/900030850/9062-04-C1-PPWP-X2.jpg
6728868890519062900030851,SUMATERA UTARA,DELI SERDANG,LUBUK PAKAM,PASAR MELINTANG,TPS 05,2019-10-25 11:00:05,149,8,226,157,157,157,0,https://pemilu2019.kpu.go.id/img/c/900/030/900030851/9062-05-C1-PPWP-X1.jpg,https://pemilu2019.kpu.go.id/img/c/900/030/900030851/9062-05-C1-PPWP-X2.jpg
6728868890519062900030852,SUMATERA UTARA,DELI SERDANG,LUBUK PAKAM,PASAR MELINTANG,TPS 06,2019-10-25 11:00:05,221,7,265,229,229,228,1,https://pemilu2019.kpu.go.id/img/c/900/030/900030852/2-9062-06-C1-PPWP-X1.jpg,https://pemilu2019.kpu.go.id/img/c/900/030/900030852/2-9062-06-C1-PPWP-X2.jpg
6728868890519062900030853,SUMATERA UTARA,DELI SERDANG,LUBUK PAKAM,PASAR MELINTANG,TPS 07,2019-10-25 11:00:05,183,2,258,187,187,185,2,https://pemilu2019.kpu.go.id/img/c/900/030/900030853/9062-07-C1-PPWP-X1.jpg,https://pemilu2019.kpu.go.id/img/c/900/030/900030853/9062-07-C1-PPWP-X2.jpg
6728868890519062900030854,SUMATERA UTARA,DELI SERDANG,LUBUK PAKAM,PASAR MELINTANG,TPS 08,2019-10-25 11:00:05,205,8,248,213,213,213,0,https://pemilu2019.kpu.go.id/img/c/900/030/900030854/3-9062-08-C1-PPWP-X1.jpg,https://pemilu2019.kpu.go.id/img/c/900/030/900030854/3-9062-08-C1-PPWP-X2.jpg
6728868890519062900030855,SUMATERA UTARA,DELI SERDANG,LUBUK PAKAM,PASAR MELINTANG,TPS 09,2019-10-25 11:00:05,148,2,213,151,151,150,1,https://pemilu2019.kpu.go.id/img/c/900/030/900030855/9062-09-C1-PPWP-X1.jpg,https://pemilu2019.kpu.go.id/img/c/900/030/900030855/9062-09-C1-PPWP-X2.jpg
6728868890519062900030856,SUMATERA UTARA,DELI SERDANG,LUBUK PAKAM,PASAR MELINTANG,TPS 10,2019-10-25 11:00:05,179,3,239,183,183,182,1,https://pemilu2019.kpu.go.id/img/c/900/030/900030856/2-9062-10-C1-PPWP-X1.jpg,https://pemilu2019.kpu.go.id/img/c/900/030/900030856/2-9062-10-C1-PPWP-X2.jpg
6728868890519062900030857,SUMATERA UTARA,DELI SERDANG,LUBUK PAKAM,PASAR MELINTANG,TPS 11,2019-10-25 11:00:05,190,0,243,192,192,190,2,https://pemilu2019.kpu.go.id/img/c/900/030/900030857/9062-11-C1-PPWP-X1.jpg,https://pemilu2019.kpu.go.id/img/c/900/030/900030857/9062-11-C1-PPWP-X2.jpg
6728868890519062900030858,SUMATERA UTARA,DELI SERDANG,LUBUK PAKAM,PASAR MELINTANG,TPS 12,2019-10-25 11:00:05,180,3,220,183,183,183,0,https://pemilu2019.kpu.go.id/img/c/900/030/900030858/9062-12-C1-PPWP-X1.jpg,https://pemilu2019.kpu.go.id/img/c/900/030/900030858/9062-12-C1-PPWP-X2.jpg
6728868890519062900030859,SUMATERA UTARA,DELI SERDANG,LUBUK PAKAM,PASAR MELINTANG,TPS 13,2019-10-25 11:00:05,211,2,260,213,213,213,0,https://pemilu2019.kpu.go.id/img/c/900/030/900030859/9062-13-C1-PPWP-X1.jpg,https://pemilu2019.kpu.go.id/img/c/900/030/900030859/9062-13-C1-PPWP-X2.jpg
6728868890519062900030860,SUMATERA UTARA,DELI SERDANG,LUBUK PAKAM,PASAR MELINTANG,TPS 14,2019-10-25 11:00:05,180,5,240,185,185,185,0,https://pemilu2019.kpu.go.id/img/c/900/030/900030860/3-9062-14-C1-PPWP-X1.jpg,https://pemilu2019.kpu.go.id/img/c/900/030/900030860/3-9062-14-C1-PPWP-X2.jpg
6728868890519062900030861,SUMATERA UTARA,DELI SERDANG,LUBUK PAKAM,PASAR MELINTANG,TPS 15,2019-10-25 11:00:05,192,34,288,228,228,226,2,https://pemilu2019.kpu.go.id/img/c/900/030/900030861/9062-15-C1-PPWP-X1.jpg,https://pemilu2019.kpu.go.id/img/c/900/030/900030861/9062-15-C1-PPWP-X2.jpg
6728868890519062900030862,SUMATERA UTARA,DELI SERDANG,LUBUK PAKAM,PASAR MELINTANG,TPS 16,2019-10-25 11:00:05,145,22,203,168,168,167,1,https://pemilu2019.kpu.go.id/img/c/900/030/900030862/9062-16-C1-PPWP-X1.jpg,https://pemilu2019.kpu.go.id/img/c/900/030/900030862/9062-16-C1-PPWP-X2.jpg
6728868890519062900030863,SUMATERA UTARA,DELI SERDANG,LUBUK PAKAM,PASAR MELINTANG,TPS 17,2019-10-25 11:00:05,119,54,252,173,173,173,0,https://pemilu2019.kpu.go.id/img/c/900/030/900030863/9062-17-C1-PPWP-X1.jpg,https://pemilu2019.kpu.go.id/img/c/900/030/900030863/9062-17-C1-PPWP-X2.jpg
6728868890519062900030864,SUMATERA UTARA,DELI SERDANG,LUBUK PAKAM,PASAR MELINTANG,TPS 18,2019-10-25 11:00:05,99,91,241,190,190,190,0,https://pemilu2019.kpu.go.id/img/c/900/030/900030864/9062-18-C1-PPWP-X1.jpg,https://pemilu2019.kpu.go.id/img/c/900/030/900030864/9062-18-C1-PPWP-X2.jpg
6728868890519062900030865,SUMATERA UTARA,DELI SERDANG,LUBUK PAKAM,PASAR MELINTANG,TPS 19,2019-10-25 11:00:05,139,35,215,175,175,174,1,https://pemilu2019.kpu.go.id/img/c/900/030/900030865/9062-19-C1-PPWP-X1.jpg,https://pemilu2019.kpu.go.id/img/c/900/030/900030865/9062-19-C1-PPWP-X2.jpg
6728868890519062900030866,SUMATERA UTARA,DELI SERDANG,LUBUK PAKAM,PASAR MELINTANG,TPS 20,2019-10-25 11:00:05,87,19,227,106,106,106,0,https://pemilu2019.kpu.go.id/img/c/900/030/900030866/9062-20-C1-PPWP-X1.jpg,https://pemilu2019.kpu.go.id/img/c/900/030/900030866/9062-20-C1-PPWP-X2.jpg
6728868890519057900030718,SUMATERA UTARA,DELI SERDANG,LUBUK PAKAM,PETAPAHAN,TPS 1,2019-10-25 11:00:05,172,6,228,178,178,178,0,https://pemilu2019.kpu.go.id/img/c/900/030/900030718/9057-1-C-XXX-X5.jpg,https://pemilu2019.kpu.go.id/img/c/900/030/900030718/9057-1-C-XXX-X6.jpg
6728868890519057900030719,SUMATERA UTARA,DELI SERDANG,LUBUK PAKAM,PETAPAHAN,TPS 2,2019-10-25 11:00:05,164,6,208,170,213,170,43,https://pemilu2019.kpu.go.id/img/c/900/030/900030719/9057-2-C-XXX-X5.jpg,https://pemilu2019.kpu.go.id/img/c/900/030/900030719/9057-2-C-XXX-X6.jpg
6728868890519057900030720,SUMATERA UTARA,DELI SERDANG,LUBUK PAKAM,PETAPAHAN,TPS 3,2019-10-25 11:00:05,154,15,195,170,170,169,1,https://pemilu2019.kpu.go.id/img/c/900/030/900030720/9057-3-C-XXX-X5.jpg,https://pemilu2019.kpu.go.id/img/c/900/030/900030720/9057-3-C-XXX-X6.jpg
6728868890519057900030721,SUMATERA UTARA,DELI SERDANG,LUBUK PAKAM,PETAPAHAN,TPS 4,2019-10-25 11:00:05,136,30,212,168,168,166,2,https://pemilu2019.kpu.go.id/img/c/900/030/900030721/9057-4-C-XXX-X5.jpg,https://pemilu2019.kpu.go.id/img/c/900/030/900030721/9057-4-C-XXX-X6.jpg
6728868890519057900030722,SUMATERA UTARA,DELI SERDANG,LUBUK PAKAM,PETAPAHAN,TPS 5,2019-10-25 11:00:05,111,62,222,176,176,173,3,https://pemilu2019.kpu.go.id/img/c/900/030/900030722/9057-5-C-XXX-X5.jpg,https://pemilu2019.kpu.go.id/img/c/900/030/900030722/9057-5-C-XXX-X6.jpg
6728868890519057900030723,SUMATERA UTARA,DELI SERDANG,LUBUK PAKAM,PETAPAHAN,TPS 6,2019-10-25 11:00:05,168,27,214,195,195,195,0,https://pemilu2019.kpu.go.id/img/c/900/030/900030723/9057-6-C-XXX-X5.jpg,https://pemilu2019.kpu.go.id/img/c/900/030/900030723/9057-6-C-XXX-X6.jpg
6728868890519057900030724,SUMATERA UTARA,DELI SERDANG,LUBUK PAKAM,PETAPAHAN,TPS 7,2019-10-25 11:00:05,92,62,241,155,155,154,1,https://pemilu2019.kpu.go.id/img/c/900/030/900030724/9057-7-C-XXX-X5.jpg,https://pemilu2019.kpu.go.id/img/c/900/030/900030724/9057-7-C-XXX-X6.jpg
6728868890519059900030758,SUMATERA UTARA,DELI SERDANG,LUBUK PAKAM,SEKIP,TPS 01,2019-10-25 11:00:05,43,94,173,140,140,137,3,https://pemilu2019.kpu.go.id/img/c/900/030/900030758/3-9059-01-C1-PPWP-X1.jpg,https://pemilu2019.kpu.go.id/img/c/900/030/900030758/3-9059-01-C1-PPWP-X2.jpg
6728868890519059900030759,SUMATERA UTARA,DELI SERDANG,LUBUK PAKAM,SEKIP,TPS 02,2019-10-25 11:00:05,57,91,192,152,152,148,4,https://pemilu2019.kpu.go.id/img/c/900/030/900030759/2-9059-02-C1-PPWP-X1.jpg,https://pemilu2019.kpu.go.id/img/c/900/030/900030759/2-9059-02-C1-PPWP-X2.jpg
6728868890519059900030760,SUMATERA UTARA,DELI SERDANG,LUBUK PAKAM,SEKIP,TPS 03,2019-10-25 11:00:05,57,85,185,143,143,142,1,https://pemilu2019.kpu.go.id/img/c/900/030/900030760/4-9059-03-C1-PPWP-X1.jpg,https://pemilu2019.kpu.go.id/img/c/900/030/900030760/4-9059-03-C1-PPWP-X2.jpg
6728868890519059900030761,SUMATERA UTARA,DELI SERDANG,LUBUK PAKAM,SEKIP,TPS 04,2019-10-25 11:00:05,24,116,202,142,142,140,2,https://pemilu2019.kpu.go.id/img/c/900/030/900030761/2-9059-04-C1-PPWP-X1.jpg,https://pemilu2019.kpu.go.id/img/c/900/030/900030761/2-9059-04-C1-PPWP-X2.jpg
6728868890519059900030762,SUMATERA UTARA,DELI SERDANG,LUBUK PAKAM,SEKIP,TPS 05,2019-10-25 11:00:05,26,172,262,201,201,198,3,https://pemilu2019.kpu.go.id/img/c/900/030/900030762/3-9059-05-C1-PPWP-X1.jpg,https://pemilu2019.kpu.go.id/img/c/900/030/900030762/3-9059-05-C1-PPWP-X2.jpg
6728868890519059900030763,SUMATERA UTARA,DELI SERDANG,LUBUK PAKAM,SEKIP,TPS 06,2019-10-25 11:00:05,27,100,188,129,129,127,2,https://pemilu2019.kpu.go.id/img/c/900/030/900030763/1-9059-06-C1-PPWP-X1.jpg,https://pemilu2019.kpu.go.id/img/c/900/030/900030763/1-9059-06-C1-PPWP-X2.jpg
6728868890519059900030764,SUMATERA UTARA,DELI SERDANG,LUBUK PAKAM,SEKIP,TPS 07,2019-10-25 11:00:05,28,106,208,136,136,134,2,https://pemilu2019.kpu.go.id/img/c/900/030/900030764/3-9059-07-C1-PPWP-X1.jpg,https://pemilu2019.kpu.go.id/img/c/900/030/900030764/3-9059-07-C1-PPWP-X2.jpg
6728868890519059900030765,SUMATERA UTARA,DELI SERDANG,LUBUK PAKAM,SEKIP,TPS 08,2019-10-25 11:00:05,42,98,179,146,146,140,6,https://pemilu2019.kpu.go.id/img/c/900/030/900030765/2-9059-08-C1-PPWP-X1.jpg,https://pemilu2019.kpu.go.id/img/c/900/030/900030765/2-9059-08-C1-PPWP-X2.jpg
6728868890519059900030766,SUMATERA UTARA,DELI SERDANG,LUBUK PAKAM,SEKIP,TPS 09,2019-10-25 11:00:05,36,156,0,196,196,192,4,https://pemilu2019.kpu.go.id/img/c/900/030/900030766/1-9059-09-C1-PPWP-X1.jpg,https://pemilu2019.kpu.go.id/img/c/900/030/900030766/1-9059-09-C1-PPWP-X2.jpg
6728868890519059900030767,SUMATERA UTARA,DELI SERDANG,LUBUK PAKAM,SEKIP,TPS 10,2019-10-25 11:00:05,28,140,198,170,170,168,2,https://pemilu2019.kpu.go.id/img/c/900/030/900030767/1-9059-10-C1-PPWP-X1.jpg,https://pemilu2019.kpu.go.id/img/c/900/030/900030767/1-9059-10-C1-PPWP-X2.jpg
6728868890519059900030768,SUMATERA UTARA,DELI SERDANG,LUBUK PAKAM,SEKIP,TPS 11,2019-10-25 11:00:05,25,127,200,153,153,152,1,https://pemilu2019.kpu.go.id/img/c/900/030/900030768/1-9059-11-C1-PPWP-X1.jpg,https://pemilu2019.kpu.go.id/img/c/900/030/900030768/1-9059-11-C1-PPWP-X2.jpg
6728868890519059900030769,SUMATERA UTARA,DELI SERDANG,LUBUK PAKAM,SEKIP,TPS 12,2019-10-25 11:00:05,25,101,165,130,130,126,4,https://pemilu2019.kpu.go.id/img/c/900/030/900030769/1-9059-12-C1-PPWP-X1.jpg,https://pemilu2019.kpu.go.id/img/c/900/030/900030769/1-9059-12-C1-PPWP-X2.jpg
6728868890519059900030770,SUMATERA UTARA,DELI SERDANG,LUBUK PAKAM,SEKIP,TPS 13,2019-10-25 11:00:05,24,93,135,119,119,117,2,https://pemilu2019.kpu.go.id/img/c/900/030/900030770/1-9059-13-C1-PPWP-X1.jpg,https://pemilu2019.kpu.go.id/img/c/900/030/900030770/1-9059-13-C1-PPWP-X2.jpg
6728868890519059900030771,SUMATERA UTARA,DELI SERDANG,LUBUK PAKAM,SEKIP,TPS 14,2019-10-25 11:00:05,28,117,153,145,145,145,0,https://pemilu2019.kpu.go.id/img/c/900/030/900030771/1-9059-14-C1-PPWP-X1.jpg,https://pemilu2019.kpu.go.id/img/c/900/030/900030771/1-9059-14-C1-PPWP-X2.jpg
6728868890519059900030772,SUMATERA UTARA,DELI SERDANG,LUBUK PAKAM,SEKIP,TPS 15,2019-10-25 11:00:05,48,86,158,135,135,134,1,https://pemilu2019.kpu.go.id/img/c/900/030/900030772/1-9059-15-C1-PPWP-X1.jpg,https://pemilu2019.kpu.go.id/img/c/900/030/900030772/1-9059-15-C1-PPWP-X2.jpg
6728868890519059900030773,SUMATERA UTARA,DELI SERDANG,LUBUK PAKAM,SEKIP,TPS 16,2019-10-25 11:00:05,43,132,233,175,175,175,0,https://pemilu2019.kpu.go.id/img/c/900/030/900030773/1-9059-16-C1-PPWP-X1.jpg,https://pemilu2019.kpu.go.id/img/c/900/030/900030773/1-9059-16-C1-PPWP-X2.jpg
6728868890519059900030774,SUMATERA UTARA,DELI SERDANG,LUBUK PAKAM,SEKIP,TPS 17,2019-10-25 11:00:05,46,113,217,163,163,159,4,https://pemilu2019.kpu.go.id/img/c/900/030/900030774/1-9059-17-C1-PPWP-X1.jpg,https://pemilu2019.kpu.go.id/img/c/900/030/900030774/1-9059-17-C1-PPWP-X2.jpg
6728868890519059900030775,SUMATERA UTARA,DELI SERDANG,LUBUK PAKAM,SEKIP,TPS 18,2019-10-25 11:00:05,39,84,190,123,123,123,0,https://pemilu2019.kpu.go.id/img/c/900/030/900030775/1-9059-18-C1-PPWP-X1.jpg,https://pemilu2019.kpu.go.id/img/c/900/030/900030775/1-9059-18-C1-PPWP-X2.jpg
6728868890519059900030776,SUMATERA UTARA,DELI SERDANG,LUBUK PAKAM,SEKIP,TPS 19,2019-10-25 11:00:05,53,107,227,161,161,160,1,https://pemilu2019.kpu.go.id/img/c/900/030/900030776/1-9059-19-C1-PPWP-X1.jpg,https://pemilu2019.kpu.go.id/img/c/900/030/900030776/1-9059-19-C1-PPWP-X2.jpg
6728868890519059900030777,SUMATERA UTARA,DELI SERDANG,LUBUK PAKAM,SEKIP,TPS 20,2019-10-25 11:00:05,80,106,248,186,186,186,0,https://pemilu2019.kpu.go.id/img/c/900/030/900030777/1-9059-20-C1-PPWP-X1.jpg,https://pemilu2019.kpu.go.id/img/c/900/030/900030777/1-9059-20-C1-PPWP-X2.jpg
6728868890519059900030778,SUMATERA UTARA,DELI SERDANG,LUBUK PAKAM,SEKIP,TPS 21,2019-10-25 11:00:05,48,125,262,175,175,173,2,https://pemilu2019.kpu.go.id/img/c/900/030/900030778/1-9059-21-C1-PPWP-X1.jpg,https://pemilu2019.kpu.go.id/img/c/900/030/900030778/1-9059-21-C1-PPWP-X2.jpg
6728868890519059900030779,SUMATERA UTARA,DELI SERDANG,LUBUK PAKAM,SEKIP,TPS 22,2019-10-25 11:00:05,94,167,331,265,265,261,4,https://pemilu2019.kpu.go.id/img/c/900/030/900030779/1-9059-22-C1-PPWP-X1.jpg,https://pemilu2019.kpu.go.id/img/c/900/030/900030779/1-9059-22-C1-PPWP-X2.jpg
6728868890519059900030780,SUMATERA UTARA,DELI SERDANG,LUBUK PAKAM,SEKIP,TPS 23,2019-10-25 11:00:05,66,136,283,205,205,202,3,https://pemilu2019.kpu.go.id/img/c/900/030/900030780/1-9059-23-C1-PPWP-X1.jpg,https://pemilu2019.kpu.go.id/img/c/900/030/900030780/1-9059-23-C1-PPWP-X2.jpg
6728868890519059900030781,SUMATERA UTARA,DELI SERDANG,LUBUK PAKAM,SEKIP,TPS 24,2019-10-25 11:00:05,65,103,265,169,169,168,1,https://pemilu2019.kpu.go.id/img/c/900/030/900030781/1-9059-24-C1-PPWP-X1.jpg,https://pemilu2019.kpu.go.id/img/c/900/030/900030781/1-9059-24-C1-PPWP-X2.jpg
6728868890519059900030782,SUMATERA UTARA,DELI SERDANG,LUBUK PAKAM,SEKIP,TPS 25,2019-10-25 11:00:05,70,152,305,223,223,222,1,https://pemilu2019.kpu.go.id/img/c/900/030/900030782/2-9059-25-C1-PPWP-X3.jpg,https://pemilu2019.kpu.go.id/img/c/900/030/900030782/2-9059-25-C1-PPWP-X4.jpg
6728868890519059900030783,SUMATERA UTARA,DELI SERDANG,LUBUK PAKAM,SEKIP,TPS 26,2019-10-25 11:00:05,58,132,231,191,191,190,1,https://pemilu2019.kpu.go.id/img/c/900/030/900030783/1-9059-26-C1-PPWP-X1.jpg,https://pemilu2019.kpu.go.id/img/c/900/030/900030783/1-9059-26-C1-PPWP-X2.jpg
6728868890519059900030784,SUMATERA UTARA,DELI SERDANG,LUBUK PAKAM,SEKIP,TPS 27,2019-10-25 11:00:05,61,145,297,210,210,206,4,https://pemilu2019.kpu.go.id/img/c/900/030/900030784/1-9059-27-C1-PPWP-X1.jpg,https://pemilu2019.kpu.go.id/img/c/900/030/900030784/1-9059-27-C1-PPWP-X2.jpg
6728868890519059900030785,SUMATERA UTARA,DELI SERDANG,LUBUK PAKAM,SEKIP,TPS 28,2019-10-25 11:00:05,41,195,284,239,239,236,3,https://pemilu2019.kpu.go.id/img/c/900/030/900030785/1-9059-28-C1-PPWP-X1.jpg,https://pemilu2019.kpu.go.id/img/c/900/030/900030785/1-9059-28-C1-PPWP-X2.jpg
6728868890519059900030786,SUMATERA UTARA,DELI SERDANG,LUBUK PAKAM,SEKIP,TPS 29,2019-10-25 11:00:05,51,135,266,188,188,186,2,https://pemilu2019.kpu.go.id/img/c/900/030/900030786/1-9059-29-C1-PPWP-X1.jpg,https://pemilu2019.kpu.go.id/img/c/900/030/900030786/1-9059-29-C1-PPWP-X2.jpg
6728868890519059900030787,SUMATERA UTARA,DELI SERDANG,LUBUK PAKAM,SEKIP,TPS 30,2019-10-25 11:00:05,0,0,286,226,226,223,3,https://pemilu2019.kpu.go.id/img/c/900/030/900030787/1-9059-30-C1-PPWP-X1.jpg,https://pemilu2019.kpu.go.id/img/c/900/030/900030787/1-9059-30-C1-PPWP-X2.jpg
6728868890519059900030788,SUMATERA UTARA,DELI SERDANG,LUBUK PAKAM,SEKIP,TPS 31,2019-10-25 11:00:05,70,157,286,233,233,227,6,https://pemilu2019.kpu.go.id/img/c/900/030/900030788/1-9059-31-C1-PPWP-X1.jpg,https://pemilu2019.kpu.go.id/img/c/900/030/900030788/1-9059-31-C1-PPWP-X2.jpg
6728868890519059900030789,SUMATERA UTARA,DELI SERDANG,LUBUK PAKAM,SEKIP,TPS 32,2019-10-25 11:00:05,69,118,266,189,189,187,2,https://pemilu2019.kpu.go.id/img/c/900/030/900030789/1-9059-32-C1-PPWP-X1.jpg,https://pemilu2019.kpu.go.id/img/c/900/030/900030789/1-9059-32-C1-PPWP-X2.jpg
6728868890519059900030790,SUMATERA UTARA,DELI SERDANG,LUBUK PAKAM,SEKIP,TPS 33,2019-10-25 11:00:05,76,134,225,212,212,210,2,https://pemilu2019.kpu.go.id/img/c/900/030/900030790/1-9059-33-C1-PPWP-X1.jpg,https://pemilu2019.kpu.go.id/img/c/900/030/900030790/1-9059-33-C1-PPWP-X2.jpg
6728868890519059900030791,SUMATERA UTARA,DELI SERDANG,LUBUK PAKAM,SEKIP,TPS 34,2019-10-25 11:00:05,47,123,199,168,171,170,1,https://pemilu2019.kpu.go.id/img/c/900/030/900030791/1-9059-34-C1-PPWP-X1.jpg,https://pemilu2019.kpu.go.id/img/c/900/030/900030791/1-9059-34-C1-PPWP-X2.jpg
6728868890519059900030792,SUMATERA UTARA,DELI SERDANG,LUBUK PAKAM,SEKIP,TPS 35,2019-10-25 11:00:05,50,114,219,168,168,164,4,https://pemilu2019.kpu.go.id/img/c/900/030/900030792/1-9059-35-C1-PPWP-X1.jpg,https://pemilu2019.kpu.go.id/img/c/900/030/900030792/1-9059-35-C1-PPWP-X2.jpg
6728868890519059900030793,SUMATERA UTARA,DELI SERDANG,LUBUK PAKAM,SEKIP,TPS 36,2019-10-25 11:00:05,60,132,245,193,193,192,1,https://pemilu2019.kpu.go.id/img/c/900/030/900030793/1-9059-36-C1-PPWP-X1.jpg,https://pemilu2019.kpu.go.id/img/c/900/030/900030793/1-9059-36-C1-PPWP-X2.jpg
6728868890519059900030794,SUMATERA UTARA,DELI SERDANG,LUBUK PAKAM,SEKIP,TPS 37,2019-10-25 11:00:05,37,127,187,165,165,164,1,https://pemilu2019.kpu.go.id/img/c/900/030/900030794/1-9059-37-C1-PPWP-X1.jpg,https://pemilu2019.kpu.go.id/img/c/900/030/900030794/1-9059-37-C1-PPWP-X2.jpg
6728868890519059900030795,SUMATERA UTARA,DELI SERDANG,LUBUK PAKAM,SEKIP,TPS 38,2019-10-25 11:00:05,55,128,276,186,186,183,3,https://pemilu2019.kpu.go.id/img/c/900/030/900030795/2-9059-38-C1-PPWP-X1.jpg,https://pemilu2019.kpu.go.id/img/c/900/030/900030795/2-9059-38-C1-PPWP-X2.jpg
6728868890519059900030796,SUMATERA UTARA,DELI SERDANG,LUBUK PAKAM,SEKIP,TPS 39,2019-10-25 11:00:05,90,131,294,224,224,221,3,https://pemilu2019.kpu.go.id/img/c/900/030/900030796/1-9059-39-C1-PPWP-X1.jpg,https://pemilu2019.kpu.go.id/img/c/900/030/900030796/1-9059-39-C1-PPWP-X2.jpg
6728868890519059900030797,SUMATERA UTARA,DELI SERDANG,LUBUK PAKAM,SEKIP,TPS 40,2019-10-25 11:00:05,65,115,250,180,180,180,0,https://pemilu2019.kpu.go.id/img/c/900/030/900030797/1-9059-40-C1-PPWP-X1.jpg,https://pemilu2019.kpu.go.id/img/c/900/030/900030797/1-9059-40-C1-PPWP-X2.jpg
6728868890519059900030798,SUMATERA UTARA,DELI SERDANG,LUBUK PAKAM,SEKIP,TPS 41,2019-10-25 11:00:05,45,121,238,167,167,166,1,https://pemilu2019.kpu.go.id/img/c/900/030/900030798/1-9059-41-C1-PPWP-X1.jpg,https://pemilu2019.kpu.go.id/img/c/900/030/900030798/1-9059-41-C1-PPWP-X2.jpg
6728868890519059900030799,SUMATERA UTARA,DELI SERDANG,LUBUK PAKAM,SEKIP,TPS 42,2019-10-25 11:00:05,50,91,143,143,143,141,2,https://pemilu2019.kpu.go.id/img/c/900/030/900030799/1-9059-42-C1-PPWP-X1.jpg,https://pemilu2019.kpu.go.id/img/c/900/030/900030799/1-9059-42-C1-PPWP-X2.jpg
6728868890519059900030800,SUMATERA UTARA,DELI SERDANG,LUBUK PAKAM,SEKIP,TPS 43,2019-10-25 11:00:05,50,82,191,134,134,132,2,https://pemilu2019.kpu.go.id/img/c/900/030/900030800/1-9059-43-C1-PPWP-X1.jpg,https://pemilu2019.kpu.go.id/img/c/900/030/900030800/1-9059-43-C1-PPWP-X2.jpg
6728868890519059900030801,SUMATERA UTARA,DELI SERDANG,LUBUK PAKAM,SEKIP,TPS 44,2019-10-25 11:00:05,39,143,227,183,183,182,1,https://pemilu2019.kpu.go.id/img/c/900/030/900030801/2-9059-44-C1-PPWP-X1.jpg,https://pemilu2019.kpu.go.id/img/c/900/030/900030801/2-9059-44-C1-PPWP-X2.jpg
6728868890519059900030802,SUMATERA UTARA,DELI SERDANG,LUBUK PAKAM,SEKIP,TPS 45,2019-10-25 11:00:05,30,112,197,146,146,142,4,https://pemilu2019.kpu.go.id/img/c/900/030/900030802/1-9059-45-C1-PPWP-X1.jpg,https://pemilu2019.kpu.go.id/img/c/900/030/900030802/1-9059-45-C1-PPWP-X2.jpg
6728868890519059900030803,SUMATERA UTARA,DELI SERDANG,LUBUK PAKAM,SEKIP,TPS 46,2019-10-25 11:00:05,35,116,207,153,153,151,2,https://pemilu2019.kpu.go.id/img/c/900/030/900030803/1-9059-46-C1-PPWP-X1.jpg,https://pemilu2019.kpu.go.id/img/c/900/030/900030803/1-9059-46-C1-PPWP-X2.jpg
6728868890519059900030804,SUMATERA UTARA,DELI SERDANG,LUBUK PAKAM,SEKIP,TPS 47,2019-10-25 11:00:05,43,92,184,139,139,135,4,https://pemilu2019.kpu.go.id/img/c/900/030/900030804/1-9059-47-C1-PPWP-X1.jpg,https://pemilu2019.kpu.go.id/img/c/900/030/900030804/1-9059-47-C1-PPWP-X2.jpg
6728868890519059900030805,SUMATERA UTARA,DELI SERDANG,LUBUK PAKAM,SEKIP,TPS 48,2019-10-25 11:00:05,31,77,144,108,108,108,0,https://pemilu2019.kpu.go.id/img/c/900/030/900030805/1-9059-48-C1-PPWP-X1.jpg,https://pemilu2019.kpu.go.id/img/c/900/030/900030805/1-9059-48-C1-PPWP-X2.jpg
6728868890519059900030806,SUMATERA UTARA,DELI SERDANG,LUBUK PAKAM,SEKIP,TPS 49,2019-10-25 11:00:05,60,107,223,167,167,167,0,https://pemilu2019.kpu.go.id/img/c/900/030/900030806/1-9059-49-C1-PPWP-X1.jpg,https://pemilu2019.kpu.go.id/img/c/900/030/900030806/1-9059-49-C1-PPWP-X2.jpg
6728868890519059900030807,SUMATERA UTARA,DELI SERDANG,LUBUK PAKAM,SEKIP,TPS 50,2019-10-25 11:00:05,42,114,199,160,160,156,4,https://pemilu2019.kpu.go.id/img/c/900/030/900030807/1-9059-50-C1-PPWP-X1.jpg,https://pemilu2019.kpu.go.id/img/c/900/030/900030807/1-9059-50-C1-PPWP-X2.jpg
6728868890519059900030808,SUMATERA UTARA,DELI SERDANG,LUBUK PAKAM,SEKIP,TPS 51,2019-10-25 11:00:05,44,112,189,158,158,156,2,https://pemilu2019.kpu.go.id/img/c/900/030/900030808/1-9059-51-C1-PPWP-X1.jpg,https://pemilu2019.kpu.go.id/img/c/900/030/900030808/1-9059-51-C1-PPWP-X2.jpg
6728868890519059900030809,SUMATERA UTARA,DELI SERDANG,LUBUK PAKAM,SEKIP,TPS 52,2019-10-25 11:00:05,39,105,161,144,144,144,0,https://pemilu2019.kpu.go.id/img/c/900/030/900030809/1-9059-52-C1-PPWP-X1.jpg,https://pemilu2019.kpu.go.id/img/c/900/030/900030809/1-9059-52-C1-PPWP-X2.jpg
6728868890519059900030810,SUMATERA UTARA,DELI SERDANG,LUBUK PAKAM,SEKIP,TPS 53,2019-10-25 11:00:05,45,118,217,165,165,163,2,https://pemilu2019.kpu.go.id/img/c/900/030/900030810/1-9059-53-C1-PPWP-X1.jpg,https://pemilu2019.kpu.go.id/img/c/900/030/900030810/1-9059-53-C1-PPWP-X2.jpg
6728868890519059900030811,SUMATERA UTARA,DELI SERDANG,LUBUK PAKAM,SEKIP,TPS 54,2019-10-25 11:00:05,39,104,167,147,147,143,4,https://pemilu2019.kpu.go.id/img/c/900/030/900030811/2-9059-54-C1-PPWP-X5.jpg,https://pemilu2019.kpu.go.id/img/c/900/030/900030811/2-9059-54-C1-PPWP-X6.jpg
6728868890519059900030812,SUMATERA UTARA,DELI SERDANG,LUBUK PAKAM,SEKIP,TPS 55,2019-10-25 11:00:05,48,112,211,163,163,160,3,https://pemilu2019.kpu.go.id/img/c/900/030/900030812/1-9059-55-C1-PPWP-X1.jpg,https://pemilu2019.kpu.go.id/img/c/900/030/900030812/1-9059-55-C1-PPWP-X2.jpg
6728868890519056900030704,SUMATERA UTARA,DELI SERDANG,LUBUK PAKAM,SYAHMAD,TPS 01,2019-10-25 11:00:05,20,67,217,89,89,87,2,https://pemilu2019.kpu.go.id/img/c/900/030/900030704/1-9056-01-C1-PPWP-X1.jpg,https://pemilu2019.kpu.go.id/img/c/900/030/900030704/1-9056-01-C1-PPWP-X2.jpg
6728868890519056900030705,SUMATERA UTARA,DELI SERDANG,LUBUK PAKAM,SYAHMAD,TPS 02,2019-10-25 11:00:05,27,138,248,168,168,165,3,https://pemilu2019.kpu.go.id/img/c/900/030/900030705/1-9056-02-C1-PPWP-X1.jpg,https://pemilu2019.kpu.go.id/img/c/900/030/900030705/1-9056-02-C1-PPWP-X2.jpg
6728868890519056900030706,SUMATERA UTARA,DELI SERDANG,LUBUK PAKAM,SYAHMAD,TPS 03,2019-10-25 11:00:05,27,85,186,113,113,112,1,https://pemilu2019.kpu.go.id/img/c/900/030/900030706/9056-03-C1-PPWP-X1.jpg,https://pemilu2019.kpu.go.id/img/c/900/030/900030706/9056-03-C1-PPWP-X2.jpg
6728868890519056900030707,SUMATERA UTARA,DELI SERDANG,LUBUK PAKAM,SYAHMAD,TPS 04,2019-10-25 11:00:05,116,28,194,144,144,144,0,https://pemilu2019.kpu.go.id/img/c/900/030/900030707/9056-04-C1-PPWP-X1.jpg,https://pemilu2019.kpu.go.id/img/c/900/030/900030707/9056-04-C1-PPWP-X2.jpg
6728868890519056900030708,SUMATERA UTARA,DELI SERDANG,LUBUK PAKAM,SYAHMAD,TPS 05,2019-10-25 11:00:05,39,63,173,104,104,102,2,https://pemilu2019.kpu.go.id/img/c/900/030/900030708/9056-05-C1-PPWP-X1.jpg,https://pemilu2019.kpu.go.id/img/c/900/030/900030708/9056-05-C1-PPWP-X2.jpg
6728868890519056900030709,SUMATERA UTARA,DELI SERDANG,LUBUK PAKAM,SYAHMAD,TPS 06,2019-10-25 11:00:05,53,141,284,199,199,194,5,https://pemilu2019.kpu.go.id/img/c/900/030/900030709/9056-06-C1-PPWP-X1.jpg,https://pemilu2019.kpu.go.id/img/c/900/030/900030709/9056-06-C1-PPWP-X2.jpg
6728868890519056900030710,SUMATERA UTARA,DELI SERDANG,LUBUK PAKAM,SYAHMAD,TPS 07,2019-10-25 11:00:05,64,123,264,187,187,187,0,https://pemilu2019.kpu.go.id/img/c/900/030/900030710/9056-07-C1-PPWP-X1.jpg,https://pemilu2019.kpu.go.id/img/c/900/030/900030710/9056-07-C1-PPWP-X2.jpg
6728868890519056900030711,SUMATERA UTARA,DELI SERDANG,LUBUK PAKAM,SYAHMAD,TPS 08,2019-10-25 11:00:05,30,106,272,137,137,136,1,https://pemilu2019.kpu.go.id/img/c/900/030/900030711/9056-08-C1-PPWP-X1.jpg,https://pemilu2019.kpu.go.id/img/c/900/030/900030711/9056-08-C1-PPWP-X2.jpg
6728868890519056900030712,SUMATERA UTARA,DELI SERDANG,LUBUK PAKAM,SYAHMAD,TPS 09,2019-10-25 11:00:05,66,131,284,198,198,197,1,https://pemilu2019.kpu.go.id/img/c/900/030/900030712/9056-09-C1-PPWP-X1.jpg,https://pemilu2019.kpu.go.id/img/c/900/030/900030712/9056-09-C1-PPWP-X2.jpg
6728868890519056900030713,SUMATERA UTARA,DELI SERDANG,LUBUK PAKAM,SYAHMAD,TPS 10,2019-10-25 11:00:05,34,164,288,198,198,198,0,https://pemilu2019.kpu.go.id/img/c/900/030/900030713/9056-10-C1-PPWP-X1.jpg,https://pemilu2019.kpu.go.id/img/c/900/030/900030713/9056-10-C1-PPWP-X2.jpg
6728868890519056900030714,SUMATERA UTARA,DELI SERDANG,LUBUK PAKAM,SYAHMAD,TPS 11,2019-10-25 11:00:05,46,144,412,192,192,190,2,https://pemilu2019.kpu.go.id/img/c/900/030/900030714/9056-11-C1-PPWP-X1.jpg,https://pemilu2019.kpu.go.id/img/c/900/030/900030714/9056-11-C1-PPWP-X2.jpg
6728868890519056900030715,SUMATERA UTARA,DELI SERDANG,LUBUK PAKAM,SYAHMAD,TPS 12,2019-10-25 11:00:05,43,142,260,186,186,185,1,https://pemilu2019.kpu.go.id/img/c/900/030/900030715/1-9056-12-C1-PPWP-X1.jpg,https://pemilu2019.kpu.go.id/img/c/900/030/900030715/1-9056-12-C1-PPWP-X2.jpg
6728868890519056900030716,SUMATERA UTARA,DELI SERDANG,LUBUK PAKAM,SYAHMAD,TPS 13,2019-10-25 11:00:05,79,96,261,177,177,175,2,https://pemilu2019.kpu.go.id/img/c/900/030/900030716/9056-13-C1-PPWP-X1.jpg,https://pemilu2019.kpu.go.id/img/c/900/030/900030716/9056-13-C1-PPWP-X2.jpg
6728868890519056900030717,SUMATERA UTARA,DELI SERDANG,LUBUK PAKAM,SYAHMAD,TPS 14,2019-10-25 11:00:05,60,134,278,197,197,194,3,https://pemilu2019.kpu.go.id/img/c/900/030/900030717/9056-14-C1-PPWP-X1.jpg,https://pemilu2019.kpu.go.id/img/c/900/030/900030717/9056-14-C1-PPWP-X2.jpg
6728868890519061900030837,SUMATERA UTARA,DELI SERDANG,LUBUK PAKAM,TANJUNG GARBUS I,TPS 01,2019-10-25 11:00:05,86,143,261,231,231,229,2,https://pemilu2019.kpu.go.id/img/c/900/030/900030837/1-9061-01-C1-PPWP-X1.jpg,https://pemilu2019.kpu.go.id/img/c/900/030/900030837/1-9061-01-C1-PPWP-X2.jpg
6728868890519061900030838,SUMATERA UTARA,DELI SERDANG,LUBUK PAKAM,TANJUNG GARBUS I,TPS 02,2019-10-25 11:00:05,70,157,295,227,227,227,0,https://pemilu2019.kpu.go.id/img/c/900/030/900030838/1-9061-02-C1-PPWP-X1.jpg,https://pemilu2019.kpu.go.id/img/c/900/030/900030838/1-9061-02-C1-PPWP-X2.jpg
6728868890519061900030839,SUMATERA UTARA,DELI SERDANG,LUBUK PAKAM,TANJUNG GARBUS I,TPS 03,2019-10-25 11:00:05,91,135,300,229,229,226,3,https://pemilu2019.kpu.go.id/img/c/900/030/900030839/1-9061-03-C1-PPWP-X1.jpg,https://pemilu2019.kpu.go.id/img/c/900/030/900030839/1-9061-03-C1-PPWP-X2.jpg
6728868890519061900030840,SUMATERA UTARA,DELI SERDANG,LUBUK PAKAM,TANJUNG GARBUS I,TPS 04,2019-10-25 11:00:05,81,130,266,212,212,211,1,https://pemilu2019.kpu.go.id/img/c/900/030/900030840/3-9061-04-C1-PPWP-X1.jpg,https://pemilu2019.kpu.go.id/img/c/900/030/900030840/3-9061-04-C1-PPWP-X2.jpg
6728868890519061900030841,SUMATERA UTARA,DELI SERDANG,LUBUK PAKAM,TANJUNG GARBUS I,TPS 05,2019-10-25 11:00:05,68,137,262,205,205,205,0,https://pemilu2019.kpu.go.id/img/c/900/030/900030841/3-9061-05-C1-PPWP-X1.jpg,https://pemilu2019.kpu.go.id/img/c/900/030/900030841/3-9061-05-C1-PPWP-X2.jpg
6728868890519061900030842,SUMATERA UTARA,DELI SERDANG,LUBUK PAKAM,TANJUNG GARBUS I,TPS 06,2019-10-25 11:00:05,65,143,256,211,211,208,3,https://pemilu2019.kpu.go.id/img/c/900/030/900030842/3-9061-06-C1-PPWP-X1.jpg,https://pemilu2019.kpu.go.id/img/c/900/030/900030842/3-9061-06-C1-PPWP-X2.jpg
6728868890519061900030843,SUMATERA UTARA,DELI SERDANG,LUBUK PAKAM,TANJUNG GARBUS I,TPS 07,2019-10-25 11:00:05,68,153,270,222,221,221,1,https://pemilu2019.kpu.go.id/img/c/900/030/900030843/9061-07-C1-PPWP-X1.jpg,https://pemilu2019.kpu.go.id/img/c/900/030/900030843/9061-07-C1-PPWP-X2.jpg
6728868890519061900030844,SUMATERA UTARA,DELI SERDANG,LUBUK PAKAM,TANJUNG GARBUS I,TPS 08,2019-10-25 11:00:05,40,154,243,194,194,194,0,https://pemilu2019.kpu.go.id/img/c/900/030/900030844/3-9061-08-C1-PPWP-X1.jpg,https://pemilu2019.kpu.go.id/img/c/900/030/900030844/3-9061-08-C1-PPWP-X2.jpg
6728868890519061900030845,SUMATERA UTARA,DELI SERDANG,LUBUK PAKAM,TANJUNG GARBUS I,TPS 09,2019-10-25 11:00:05,24,107,172,131,131,131,0,https://pemilu2019.kpu.go.id/img/c/900/030/900030845/9061-09-C1-PPWP-X1.jpg,https://pemilu2019.kpu.go.id/img/c/900/030/900030845/9061-09-C1-PPWP-X2.jpg
6728868890519061900030846,SUMATERA UTARA,DELI SERDANG,LUBUK PAKAM,TANJUNG GARBUS I,TPS 10,2019-10-25 11:00:05,39,137,215,178,178,176,2,https://pemilu2019.kpu.go.id/img/c/900/030/900030846/9061-10-C1-PPWP-X1.jpg,https://pemilu2019.kpu.go.id/img/c/900/030/900030846/9061-10-C1-PPWP-X2.jpg
6728868888018831900026735,SUMATERA UTARA,DELI SERDANG,NAMORAMBE,BATU GEMUK,TPS 1,2019-10-25 11:00:05,89,47,183,142,142,136,6,https://pemilu2019.kpu.go.id/img/c/900/026/900026735/8831-1-C1-PPWP-X1.jpg,https://pemilu2019.kpu.go.id/img/c/900/026/900026735/8831-1-C1-PPWP-X2.jpg
6728868888018831900026736,SUMATERA UTARA,DELI SERDANG,NAMORAMBE,BATU GEMUK,TPS 2,2019-10-25 11:00:05,97,27,175,127,127,124,3,https://pemilu2019.kpu.go.id/img/c/900/026/900026736/8831-2-C1-PPWP-X1.jpg,https://pemilu2019.kpu.go.id/img/c/900/026/900026736/8831-2-C1-PPWP-X2.jpg
6728868888018810900026691,SUMATERA UTARA,DELI SERDANG,NAMORAMBE,BATU MBELIN,TPS 1,2019-10-25 11:00:05,132,11,175,144,144,143,1,https://pemilu2019.kpu.go.id/img/c/900/026/900026691/1-8810-1-C1-PPWP-X1.jpg,https://pemilu2019.kpu.go.id/img/c/900/026/900026691/1-8810-1-C1-PPWP-X2.jpg
6728868888018819900026700,SUMATERA UTARA,DELI SERDANG,NAMORAMBE,BATU PENJEMURAN,TPS 1,2019-10-25 11:00:05,155,28,261,187,187,183,4,https://pemilu2019.kpu.go.id/img/c/900/026/900026700/2-8819-1-C1-PPWP-X1.jpg,https://pemilu2019.kpu.go.id/img/c/900/026/900026700/2-8819-1-C1-PPWP-X2.jpg
6728868888018819900026701,SUMATERA UTARA,DELI SERDANG,NAMORAMBE,BATU PENJEMURAN,TPS 2,2019-10-25 11:00:05,128,42,248,170,170,170,0,https://pemilu2019.kpu.go.id/img/c/900/026/900026701/8819-2-C-XXX-X5.jpg,https://pemilu2019.kpu.go.id/img/c/900/026/900026701/8819-2-C-XXX-X6.jpg
6728868888018819900026702,SUMATERA UTARA,DELI SERDANG,NAMORAMBE,BATU PENJEMURAN,TPS 3,2019-10-25 11:00:05,69,126,264,197,197,195,2,https://pemilu2019.kpu.go.id/img/c/900/026/900026702/8819-3-C-XXX-X5.jpg,https://pemilu2019.kpu.go.id/img/c/900/026/900026702/8819-3-C-XXX-X6.jpg
6728868888018819900026703,SUMATERA UTARA,DELI SERDANG,NAMORAMBE,BATU PENJEMURAN,TPS 4,2019-10-25 11:00:05,71,125,260,198,198,196,2,https://pemilu2019.kpu.go.id/img/c/900/026/900026703/8819-4-C-XXX-X5.jpg,https://pemilu2019.kpu.go.id/img/c/900/026/900026703/8819-4-C-XXX-X6.jpg
6728868888018819900026704,SUMATERA UTARA,DELI SERDANG,NAMORAMBE,BATU PENJEMURAN,TPS 5,2019-10-25 11:00:05,105,34,183,140,140,139,1,https://pemilu2019.kpu.go.id/img/c/900/026/900026704/8819-5-C-XXX-X5.jpg,https://pemilu2019.kpu.go.id/img/c/900/026/900026704/8819-5-C-XXX-X6.jpg
6728868888018819900026705,SUMATERA UTARA,DELI SERDANG,NAMORAMBE,BATU PENJEMURAN,TPS 6,2019-10-25 11:00:05,91,49,187,140,140,140,0,https://pemilu2019.kpu.go.id/img/c/900/026/900026705/8819-6-C-XXX-X5.jpg,https://pemilu2019.kpu.go.id/img/c/900/026/900026705/8819-6-C-XXX-X6.jpg
6728868888018833900026738,SUMATERA UTARA,DELI SERDANG,NAMORAMBE,BATU REJO,TPS 1,2019-10-25 11:00:05,117,22,169,141,141,139,2,https://pemilu2019.kpu.go.id/img/c/900/026/900026738/8833-1-C-XXX-X5.jpg,https://pemilu2019.kpu.go.id/img/c/900/026/900026738/8833-1-C-XXX-X6.jpg
6728868888018833900026739,SUMATERA UTARA,DELI SERDANG,NAMORAMBE,BATU REJO,TPS 2,2019-10-25 11:00:05,106,36,169,145,145,142,3,https://pemilu2019.kpu.go.id/img/c/900/026/900026739/8833-2-C1-PPWP-X1.jpg,https://pemilu2019.kpu.go.id/img/c/900/026/900026739/8833-2-C1-PPWP-X2.jpg
6728868888018813900026694,SUMATERA UTARA,DELI SERDANG,NAMORAMBE,BEKUKUL,TPS 1,2019-10-25 11:00:05,139,5,188,148,148,144,4,https://pemilu2019.kpu.go.id/img/c/900/026/900026694/1-8813-1-C1-PPWP-X1.jpg,https://pemilu2019.kpu.go.id/img/c/900/026/900026694/1-8813-1-C1-PPWP-X2.jpg
6728868888018818900026699,SUMATERA UTARA,DELI SERDANG,NAMORAMBE,CINTA RAKYAT,TPS 1,2019-10-25 11:00:05,89,11,173,101,101,100,1,https://pemilu2019.kpu.go.id/img/c/900/026/900026699/1-8818-1-C1-PPWP-X1.jpg,https://pemilu2019.kpu.go.id/img/c/900/026/900026699/1-8818-1-C1-PPWP-X2.jpg
6728868888018802900026616,SUMATERA UTARA,DELI SERDANG,NAMORAMBE,DELI TUA,TPS 01,2019-10-25 11:00:05,162,22,247,191,191,184,7,https://pemilu2019.kpu.go.id/img/c/900/026/900026616/8802-01-C-XXX-X5.jpg,https://pemilu2019.kpu.go.id/img/c/900/026/900026616/8802-01-C-XXX-X6.jpg
6728868888018802900026617,SUMATERA UTARA,DELI SERDANG,NAMORAMBE,DELI TUA,TPS 02,2019-10-25 11:00:05,117,48,194,166,166,165,1,https://pemilu2019.kpu.go.id/img/c/900/026/900026617/1-8802-02-C-XXX-X5.jpg,https://pemilu2019.kpu.go.id/img/c/900/026/900026617/1-8802-02-C-XXX-X6.jpg
6728868888018802900026618,SUMATERA UTARA,DELI SERDANG,NAMORAMBE,DELI TUA,TPS 03,2019-10-25 11:00:05,147,24,245,173,173,171,2,https://pemilu2019.kpu.go.id/img/c/900/026/900026618/2-8802-03-C-XXX-X5.jpg,https://pemilu2019.kpu.go.id/img/c/900/026/900026618/2-8802-03-C-XXX-X6.jpg
6728868888018802900026619,SUMATERA UTARA,DELI SERDANG,NAMORAMBE,DELI TUA,TPS 04,2019-10-25 11:00:05,113,29,249,142,142,142,0,https://pemilu2019.kpu.go.id/img/c/900/026/900026619/8802-04-C-XXX-X5.jpg,https://pemilu2019.kpu.go.id/img/c/900/026/900026619/8802-04-C-XXX-X6.jpg
6728868888018802900026620,SUMATERA UTARA,DELI SERDANG,NAMORAMBE,DELI TUA,TPS 05,2019-10-25 11:00:05,138,26,244,168,168,164,4,https://pemilu2019.kpu.go.id/img/c/900/026/900026620/8802-05-C-XXX-X5.jpg,https://pemilu2019.kpu.go.id/img/c/900/026/900026620/8802-05-C-XXX-X6.jpg
6728868888018802900026621,SUMATERA UTARA,DELI SERDANG,NAMORAMBE,DELI TUA,TPS 06,2019-10-25 11:00:05,74,38,166,113,113,112,1,https://pemilu2019.kpu.go.id/img/c/900/026/900026621/8802-06-C-XXX-X5.jpg,https://pemilu2019.kpu.go.id/img/c/900/026/900026621/8802-06-C-XXX-X6.jpg
6728868888018802900026622,SUMATERA UTARA,DELI SERDANG,NAMORAMBE,DELI TUA,TPS 07,2019-10-25 11:00:05,59,112,247,173,173,171,2,https://pemilu2019.kpu.go.id/img/c/900/026/900026622/8802-07-C-XXX-X5.jpg,https://pemilu2019.kpu.go.id/img/c/900/026/900026622/8802-07-C-XXX-X6.jpg
6728868888018802900026623,SUMATERA UTARA,DELI SERDANG,NAMORAMBE,DELI TUA,TPS 08,2019-10-25 11:00:05,49,132,272,182,182,181,1,https://pemilu2019.kpu.go.id/img/c/900/026/900026623/8802-08-C1-PPWP-X1.jpg,https://pemilu2019.kpu.go.id/img/c/900/026/900026623/8802-08-C1-PPWP-X2.jpg
6728868888018802900026624,SUMATERA UTARA,DELI SERDANG,NAMORAMBE,DELI TUA,TPS 09,2019-10-25 11:00:05,41,72,183,115,115,113,2,https://pemilu2019.kpu.go.id/img/c/900/026/900026624/8802-09-C1-PPWP-X1.jpg,https://pemilu2019.kpu.go.id/img/c/900/026/900026624/8802-09-C1-PPWP-X2.jpg
6728868888018802900026625,SUMATERA UTARA,DELI SERDANG,NAMORAMBE,DELI TUA,TPS 10,2019-10-25 11:00:05,79,56,250,136,136,135,1,https://pemilu2019.kpu.go.id/img/c/900/026/900026625/3-8802-10-C1-PPWP-X1.jpg,https://pemilu2019.kpu.go.id/img/c/900/026/900026625/3-8802-10-C1-PPWP-X2.jpg
6728868888018802900026626,SUMATERA UTARA,DELI SERDANG,NAMORAMBE,DELI TUA,TPS 11,2019-10-25 11:00:05,91,39,273,130,130,130,0,https://pemilu2019.kpu.go.id/img/c/900/026/900026626/2-8802-11-C-XXX-X5.jpg,https://pemilu2019.kpu.go.id/img/c/900/026/900026626/2-8802-11-C-XXX-X6.jpg
6728868888018802900026627,SUMATERA UTARA,DELI SERDANG,NAMORAMBE,DELI TUA,TPS 12,2019-10-25 11:00:05,142,47,191,191,192,189,3,https://pemilu2019.kpu.go.id/img/c/900/026/900026627/1-8802-12-C1-PPWP-X1.jpg,https://pemilu2019.kpu.go.id/img/c/900/026/900026627/1-8802-12-C1-PPWP-X2.jpg
6728868888018802900026628,SUMATERA UTARA,DELI SERDANG,NAMORAMBE,DELI TUA,TPS 13,2019-10-25 11:00:05,78,40,153,118,118,118,0,https://pemilu2019.kpu.go.id/img/c/900/026/900026628/2-8802-13-C-XXX-X5.jpg,https://pemilu2019.kpu.go.id/img/c/900/026/900026628/2-8802-13-C-XXX-X6.jpg
6728868888018802900026629,SUMATERA UTARA,DELI SERDANG,NAMORAMBE,DELI TUA,TPS 14,2019-10-25 11:00:05,99,42,286,142,142,141,1,https://pemilu2019.kpu.go.id/img/c/900/026/900026629/1-8802-14-C1-PPWP-X1.jpg,https://pemilu2019.kpu.go.id/img/c/900/026/900026629/1-8802-14-C1-PPWP-X2.jpg
6728868888018802900026630,SUMATERA UTARA,DELI SERDANG,NAMORAMBE,DELI TUA,TPS 15,2019-10-25 11:00:05,71,96,246,168,168,167,1,https://pemilu2019.kpu.go.id/img/c/900/026/900026630/2-8802-15-C-XXX-X5.jpg,https://pemilu2019.kpu.go.id/img/c/900/026/900026630/2-8802-15-C-XXX-X6.jpg
6728868888018802900026631,SUMATERA UTARA,DELI SERDANG,NAMORAMBE,DELI TUA,TPS 16,2019-10-25 11:00:05,102,78,289,181,181,180,1,https://pemilu2019.kpu.go.id/img/c/900/026/900026631/1-8802-16-C-XXX-X5.jpg,https://pemilu2019.kpu.go.id/img/c/900/026/900026631/1-8802-16-C-XXX-X6.jpg
6728868888018802900026632,SUMATERA UTARA,DELI SERDANG,NAMORAMBE,DELI TUA,TPS 17,2019-10-25 11:00:05,55,57,200,112,112,112,0,https://pemilu2019.kpu.go.id/img/c/900/026/900026632/1-8802-17-C-XXX-X5.jpg,https://pemilu2019.kpu.go.id/img/c/900/026/900026632/1-8802-17-C-XXX-X6.jpg
6728868888018802900026633,SUMATERA UTARA,DELI SERDANG,NAMORAMBE,DELI TUA,TPS 18,2019-10-25 11:00:05,106,59,253,168,168,165,3,https://pemilu2019.kpu.go.id/img/c/900/026/900026633/1-8802-18-C-XXX-X5.jpg,https://pemilu2019.kpu.go.id/img/c/900/026/900026633/1-8802-18-C-XXX-X6.jpg
6728868888018802900026634,SUMATERA UTARA,DELI SERDANG,NAMORAMBE,DELI TUA,TPS 19,2019-10-25 11:00:05,106,51,207,159,159,157,2,https://pemilu2019.kpu.go.id/img/c/900/026/900026634/1-8802-19-C-XXX-X5.jpg,https://pemilu2019.kpu.go.id/img/c/900/026/900026634/1-8802-19-C-XXX-X6.jpg
6728868888018802900026635,SUMATERA UTARA,DELI SERDANG,NAMORAMBE,DELI TUA,TPS 20,2019-10-25 11:00:05,129,40,251,169,169,169,0,https://pemilu2019.kpu.go.id/img/c/900/026/900026635/2-8802-20-C-XXX-X5.jpg,https://pemilu2019.kpu.go.id/img/c/900/026/900026635/2-8802-20-C-XXX-X6.jpg
6728868888018802900026636,SUMATERA UTARA,DELI SERDANG,NAMORAMBE,DELI TUA,TPS 21,2019-10-25 11:00:05,92,52,249,145,145,144,1,https://pemilu2019.kpu.go.id/img/c/900/026/900026636/1-8802-21-C-XXX-X5.jpg,https://pemilu2019.kpu.go.id/img/c/900/026/900026636/1-8802-21-C-XXX-X6.jpg
6728868888018802900026637,SUMATERA UTARA,DELI SERDANG,NAMORAMBE,DELI TUA,TPS 22,2019-10-25 11:00:05,86,41,268,128,128,127,1,https://pemilu2019.kpu.go.id/img/c/900/026/900026637/2-8802-22-C-XXX-X5.jpg,https://pemilu2019.kpu.go.id/img/c/900/026/900026637/2-8802-22-C-XXX-X6.jpg
6728868888018802900026638,SUMATERA UTARA,DELI SERDANG,NAMORAMBE,DELI TUA,TPS 23,2019-10-25 11:00:05,106,31,267,139,139,137,2,https://pemilu2019.kpu.go.id/img/c/900/026/900026638/1-8802-23-C-XXX-X5.jpg,https://pemilu2019.kpu.go.id/img/c/900/026/900026638/1-8802-23-C-XXX-X6.jpg
6728868888018802900026639,SUMATERA UTARA,DELI SERDANG,NAMORAMBE,DELI TUA,TPS 24,2019-10-25 11:00:05,102,39,261,142,142,141,1,https://pemilu2019.kpu.go.id/img/c/900/026/900026639/1-8802-24-C-XXX-X5.jpg,https://pemilu2019.kpu.go.id/img/c/900/026/900026639/1-8802-24-C-XXX-X6.jpg
6728868888018802900026640,SUMATERA UTARA,DELI SERDANG,NAMORAMBE,DELI TUA,TPS 25,2019-10-25 11:00:05,132,41,251,173,173,173,0,https://pemilu2019.kpu.go.id/img/c/900/026/900026640/1-8802-25-C-XXX-X5.jpg,https://pemilu2019.kpu.go.id/img/c/900/026/900026640/1-8802-25-C-XXX-X6.jpg
6728868888018802900026641,SUMATERA UTARA,DELI SERDANG,NAMORAMBE,DELI TUA,TPS 26,2019-10-25 11:00:05,105,46,278,152,152,151,1,https://pemilu2019.kpu.go.id/img/c/900/026/900026641/1-8802-26-C1-PPWP-X1.jpg,https://pemilu2019.kpu.go.id/img/c/900/026/900026641/1-8802-26-C1-PPWP-X2.jpg
6728868888018802900026642,SUMATERA UTARA,DELI SERDANG,NAMORAMBE,DELI TUA,TPS 27,2019-10-25 11:00:05,106,29,296,138,138,135,3,https://pemilu2019.kpu.go.id/img/c/900/026/900026642/1-8802-27-C-XXX-X5.jpg,https://pemilu2019.kpu.go.id/img/c/900/026/900026642/1-8802-27-C-XXX-X6.jpg
6728868888018802900026643,SUMATERA UTARA,DELI SERDANG,NAMORAMBE,DELI TUA,TPS 28,2019-10-25 11:00:05,115,42,258,157,157,157,0,https://pemilu2019.kpu.go.id/img/c/900/026/900026643/1-8802-28-C-XXX-X5.jpg,https://pemilu2019.kpu.go.id/img/c/900/026/900026643/1-8802-28-C-XXX-X6.jpg
6728868888018802900026644,SUMATERA UTARA,DELI SERDANG,NAMORAMBE,DELI TUA,TPS 29,2019-10-25 11:00:05,91,53,145,145,145,144,1,https://pemilu2019.kpu.go.id/img/c/900/026/900026644/1-8802-29-C-XXX-X5.jpg,https://pemilu2019.kpu.go.id/img/c/900/026/900026644/1-8802-29-C-XXX-X6.jpg
6728868888018802900026645,SUMATERA UTARA,DELI SERDANG,NAMORAMBE,DELI TUA,TPS 30,2019-10-25 11:00:05,80,33,248,115,115,113,2,https://pemilu2019.kpu.go.id/img/c/900/026/900026645/1-8802-30-C-XXX-X5.jpg,https://pemilu2019.kpu.go.id/img/c/900/026/900026645/1-8802-30-C-XXX-X6.jpg
6728868888018802900026646,SUMATERA UTARA,DELI SERDANG,NAMORAMBE,DELI TUA,TPS 31,2019-10-25 11:00:05,86,64,269,151,151,150,1,https://pemilu2019.kpu.go.id/img/c/900/026/900026646/2-8802-31-C1-PPWP-X1.jpg,https://pemilu2019.kpu.go.id/img/c/900/026/900026646/2-8802-31-C1-PPWP-X2.jpg
6728868888018802900026647,SUMATERA UTARA,DELI SERDANG,NAMORAMBE,DELI TUA,TPS 32,2019-10-25 11:00:05,53,109,274,162,162,162,0,https://pemilu2019.kpu.go.id/img/c/900/026/900026647/1-8802-32-C-XXX-X5.jpg,https://pemilu2019.kpu.go.id/img/c/900/026/900026647/1-8802-32-C-XXX-X6.jpg
6728868888018802900026648,SUMATERA UTARA,DELI SERDANG,NAMORAMBE,DELI TUA,TPS 33,2019-10-25 11:00:05,50,82,260,134,134,132,2,https://pemilu2019.kpu.go.id/img/c/900/026/900026648/1-8802-33-C1-PPWP-X1.jpg,https://pemilu2019.kpu.go.id/img/c/900/026/900026648/1-8802-33-C1-PPWP-X2.jpg
6728868888018802900026649,SUMATERA UTARA,DELI SERDANG,NAMORAMBE,DELI TUA,TPS 34,2019-10-25 11:00:05,66,114,291,180,180,180,0,https://pemilu2019.kpu.go.id/img/c/900/026/900026649/1-8802-34-C-XXX-X5.jpg,https://pemilu2019.kpu.go.id/img/c/900/026/900026649/1-8802-34-C-XXX-X6.jpg
6728868888018802900026650,SUMATERA UTARA,DELI SERDANG,NAMORAMBE,DELI TUA,TPS 35,2019-10-25 11:00:05,82,80,249,163,163,162,1,https://pemilu2019.kpu.go.id/img/c/900/026/900026650/1-8802-35-C-XXX-X5.jpg,https://pemilu2019.kpu.go.id/img/c/900/026/900026650/1-8802-35-C-XXX-X6.jpg
6728868888018802900026651,SUMATERA UTARA,DELI SERDANG,NAMORAMBE,DELI TUA,TPS 36,2019-10-25 11:00:05,29,57,167,86,86,86,0,https://pemilu2019.kpu.go.id/img/c/900/026/900026651/2-8802-36-C-XXX-X5.jpg,https://pemilu2019.kpu.go.id/img/c/900/026/900026651/2-8802-36-C-XXX-X6.jpg
6728868888018802900026652,SUMATERA UTARA,DELI SERDANG,NAMORAMBE,DELI TUA,TPS 37,2019-10-25 11:00:05,42,50,197,92,0,0,0,https://pemilu2019.kpu.go.id/img/c/900/026/900026652/1-8802-37-C-XXX-X5.jpg,https://pemilu2019.kpu.go.id/img/c/900/026/900026652/1-8802-37-C-XXX-X6.jpg
6728868888018822900026711,SUMATERA UTARA,DELI SERDANG,NAMORAMBE,GUNUNG BERITA,TPS 1,2019-10-25 11:00:05,182,25,236,208,208,207,1,https://pemilu2019.kpu.go.id/img/c/900/026/900026711/2-8822-1-C1-PPWP-X1.jpg,https://pemilu2019.kpu.go.id/img/c/900/026/900026711/2-8822-1-C1-PPWP-X2.jpg
6728868888018805900026674,SUMATERA UTARA,DELI SERDANG,NAMORAMBE,GUNUNG KELAWAS,TPS 1,2019-10-25 11:00:05,154,14,221,168,168,168,0,https://pemilu2019.kpu.go.id/img/c/900/026/900026674/1-8805-1-C-XXX-X5.jpg,https://pemilu2019.kpu.go.id/img/c/900/026/900026674/1-8805-1-C-XXX-X6.jpg
6728868888018805900026675,SUMATERA UTARA,DELI SERDANG,NAMORAMBE,GUNUNG KELAWAS,TPS 2,2019-10-25 11:00:05,170,6,226,176,176,176,0,https://pemilu2019.kpu.go.id/img/c/900/026/900026675/1-8805-2-C-XXX-X5.jpg,https://pemilu2019.kpu.go.id/img/c/900/026/900026675/1-8805-2-C-XXX-X6.jpg
6728868888018805900026676,SUMATERA UTARA,DELI SERDANG,NAMORAMBE,GUNUNG KELAWAS,TPS 3,2019-10-25 11:00:05,122,13,178,138,138,135,3,https://pemilu2019.kpu.go.id/img/c/900/026/900026676/1-8805-3-C-XXX-X5.jpg,https://pemilu2019.kpu.go.id/img/c/900/026/900026676/1-8805-3-C-XXX-X6.jpg
6728868888018805900026677,SUMATERA UTARA,DELI SERDANG,NAMORAMBE,GUNUNG KELAWAS,TPS 4,2019-10-25 11:00:05,135,9,171,145,145,144,1,https://pemilu2019.kpu.go.id/img/c/900/026/900026677/2-8805-4-C1-PPWP-X1.jpg,https://pemilu2019.kpu.go.id/img/c/900/026/900026677/2-8805-4-C1-PPWP-X2.jpg
6728868888018805900026678,SUMATERA UTARA,DELI SERDANG,NAMORAMBE,GUNUNG KELAWAS,TPS 5,2019-10-25 11:00:05,153,13,205,166,166,166,0,https://pemilu2019.kpu.go.id/img/c/900/026/900026678/1-8805-5-C-XXX-X5.jpg,https://pemilu2019.kpu.go.id/img/c/900/026/900026678/1-8805-5-C-XXX-X6.jpg
6728868888018828900026729,SUMATERA UTARA,DELI SERDANG,NAMORAMBE,JABA,TPS 1,2019-10-25 11:00:05,178,14,265,193,193,192,1,https://pemilu2019.kpu.go.id/img/c/900/026/900026729/3-8828-1-C-XXX-X5.jpg,https://pemilu2019.kpu.go.id/img/c/900/026/900026729/3-8828-1-C-XXX-X6.jpg
6728868888018828900026730,SUMATERA UTARA,DELI SERDANG,NAMORAMBE,JABA,TPS 2,2019-10-25 11:00:05,192,25,263,217,217,217,0,https://pemilu2019.kpu.go.id/img/c/900/026/900026730/1-8828-2-C-XXX-X5.jpg,https://pemilu2019.kpu.go.id/img/c/900/026/900026730/1-8828-2-C-XXX-X6.jpg
6728868888018828900026731,SUMATERA UTARA,DELI SERDANG,NAMORAMBE,JABA,TPS 3,2019-10-25 11:00:05,96,95,236,192,192,191,1,https://pemilu2019.kpu.go.id/img/c/900/026/900026731/1-8828-3-C1-PPWP-X1.jpg,https://pemilu2019.kpu.go.id/img/c/900/026/900026731/1-8828-3-C1-PPWP-X2.jpg
6728868888018803900026653,SUMATERA UTARA,DELI SERDANG,NAMORAMBE,JATI KESUMA,TPS 01,2019-10-25 11:00:05,87,90,212,179,179,177,2,https://pemilu2019.kpu.go.id/img/c/900/026/900026653/8803-01-C1-PPWP-X1.jpg,https://pemilu2019.kpu.go.id/img/c/900/026/900026653/8803-01-C1-PPWP-X2.jpg
6728868888018803900026654,SUMATERA UTARA,DELI SERDANG,NAMORAMBE,JATI KESUMA,TPS 02,2019-10-25 11:00:05,75,84,211,161,161,159,2,https://pemilu2019.kpu.go.id/img/c/900/026/900026654/8803-02-C1-PPWP-X1.jpg,https://pemilu2019.kpu.go.id/img/c/900/026/900026654/8803-02-C1-PPWP-X2.jpg
6728868888018803900026655,SUMATERA UTARA,DELI SERDANG,NAMORAMBE,JATI KESUMA,TPS 03,2019-10-25 11:00:05,76,110,218,189,189,186,3,https://pemilu2019.kpu.go.id/img/c/900/026/900026655/8803-03-C1-PPWP-X1.jpg,https://pemilu2019.kpu.go.id/img/c/900/026/900026655/8803-03-C1-PPWP-X2.jpg
6728868888018803900026656,SUMATERA UTARA,DELI SERDANG,NAMORAMBE,JATI KESUMA,TPS 04,2019-10-25 11:00:05,36,148,215,185,185,184,1,https://pemilu2019.kpu.go.id/img/c/900/026/900026656/8803-04-C1-PPWP-X1.jpg,https://pemilu2019.kpu.go.id/img/c/900/026/900026656/8803-04-C1-PPWP-X2.jpg
6728868888018803900026657,SUMATERA UTARA,DELI SERDANG,NAMORAMBE,JATI KESUMA,TPS 05,2019-10-25 11:00:05,71,101,216,175,175,172,3,https://pemilu2019.kpu.go.id/img/c/900/026/900026657/8803-05-C1-PPWP-X1.jpg,https://pemilu2019.kpu.go.id/img/c/900/026/900026657/8803-05-C1-PPWP-X2.jpg
6728868888018803900026658,SUMATERA UTARA,DELI SERDANG,NAMORAMBE,JATI KESUMA,TPS 06,2019-10-25 11:00:05,49,124,208,175,175,173,2,https://pemilu2019.kpu.go.id/img/c/900/026/900026658/8803-06-C1-PPWP-X1.jpg,https://pemilu2019.kpu.go.id/img/c/900/026/900026658/8803-06-C1-PPWP-X2.jpg
6728868888018803900026659,SUMATERA UTARA,DELI SERDANG,NAMORAMBE,JATI KESUMA,TPS 07,2019-10-25 11:00:05,60,102,206,163,163,162,1,https://pemilu2019.kpu.go.id/img/c/900/026/900026659/8803-07-C1-PPWP-X1.jpg,https://pemilu2019.kpu.go.id/img/c/900/026/900026659/8803-07-C1-PPWP-X2.jpg
6728868888018803900026660,SUMATERA UTARA,DELI SERDANG,NAMORAMBE,JATI KESUMA,TPS 08,2019-10-25 11:00:05,74,107,209,181,181,181,0,https://pemilu2019.kpu.go.id/img/c/900/026/900026660/8803-08-C1-PPWP-X1.jpg,https://pemilu2019.kpu.go.id/img/c/900/026/900026660/8803-08-C1-PPWP-X2.jpg
6728868888018803900026661,SUMATERA UTARA,DELI SERDANG,NAMORAMBE,JATI KESUMA,TPS 09,2019-10-25 11:00:05,70,95,205,166,166,165,1,https://pemilu2019.kpu.go.id/img/c/900/026/900026661/8803-09-C1-PPWP-X1.jpg,https://pemilu2019.kpu.go.id/img/c/900/026/900026661/8803-09-C1-PPWP-X2.jpg
6728868888018803900026662,SUMATERA UTARA,DELI SERDANG,NAMORAMBE,JATI KESUMA,TPS 10,2019-10-25 11:00:05,70,92,203,163,163,162,1,https://pemilu2019.kpu.go.id/img/c/900/026/900026662/8803-10-C1-PPWP-X1.jpg,https://pemilu2019.kpu.go.id/img/c/900/026/900026662/8803-10-C1-PPWP-X2.jpg
6728868888018803900026663,SUMATERA UTARA,DELI SERDANG,NAMORAMBE,JATI KESUMA,TPS 11,2019-10-25 11:00:05,86,87,203,175,175,173,2,https://pemilu2019.kpu.go.id/img/c/900/026/900026663/8803-11-C1-PPWP-X1.jpg,https://pemilu2019.kpu.go.id/img/c/900/026/900026663/8803-11-C1-PPWP-X2.jpg
6728868888018803900026664,SUMATERA UTARA,DELI SERDANG,NAMORAMBE,JATI KESUMA,TPS 12,2019-10-25 11:00:05,66,90,201,159,159,156,3,https://pemilu2019.kpu.go.id/img/c/900/026/900026664/8803-12-C1-PPWP-X1.jpg,https://pemilu2019.kpu.go.id/img/c/900/026/900026664/8803-12-C1-PPWP-X2.jpg
6728868888018803900026665,SUMATERA UTARA,DELI SERDANG,NAMORAMBE,JATI KESUMA,TPS 13,2019-10-25 11:00:05,78,89,204,168,168,167,1,https://pemilu2019.kpu.go.id/img/c/900/026/900026665/8803-13-C1-PPWP-X1.jpg,https://pemilu2019.kpu.go.id/img/c/900/026/900026665/8803-13-C1-PPWP-X2.jpg
6728868888018803900026666,SUMATERA UTARA,DELI SERDANG,NAMORAMBE,JATI KESUMA,TPS 14,2019-10-25 11:00:05,52,93,178,146,146,145,1,https://pemilu2019.kpu.go.id/img/c/900/026/900026666/8803-14-C1-PPWP-X1.jpg,https://pemilu2019.kpu.go.id/img/c/900/026/900026666/8803-14-C1-PPWP-X2.jpg
6728868888018803900026667,SUMATERA UTARA,DELI SERDANG,NAMORAMBE,JATI KESUMA,TPS 15,2019-10-25 11:00:05,70,71,194,145,145,141,4,https://pemilu2019.kpu.go.id/img/c/900/026/900026667/8803-15-C1-PPWP-X1.jpg,https://pemilu2019.kpu.go.id/img/c/900/026/900026667/8803-15-C1-PPWP-X2.jpg
6728868888018830900026734,SUMATERA UTARA,DELI SERDANG,NAMORAMBE,KUALA SIMEME,TPS 1,2019-10-25 11:00:05,176,20,231,197,197,196,1,https://pemilu2019.kpu.go.id/img/c/900/026/900026734/1-8830-1-C1-PPWP-X1.jpg,https://pemilu2019.kpu.go.id/img/c/900/026/900026734/1-8830-1-C1-PPWP-X2.jpg
6728868888018820900026706,SUMATERA UTARA,DELI SERDANG,NAMORAMBE,KUTA TENGAH,TPS 1,2019-10-25 11:00:05,149,5,248,155,155,154,1,https://pemilu2019.kpu.go.id/img/c/900/026/900026706/1-8820-1-C-XXX-X5.jpg,https://pemilu2019.kpu.go.id/img/c/900/026/900026706/1-8820-1-C-XXX-X6.jpg
6728868888018820900026707,SUMATERA UTARA,DELI SERDANG,NAMORAMBE,KUTA TENGAH,TPS 2,2019-10-25 11:00:05,99,85,273,184,184,184,0,https://pemilu2019.kpu.go.id/img/c/900/026/900026707/1-8820-2-C-XXX-X5.jpg,https://pemilu2019.kpu.go.id/img/c/900/026/900026707/1-8820-2-C-XXX-X6.jpg
6728868888018820900026708,SUMATERA UTARA,DELI SERDANG,NAMORAMBE,KUTA TENGAH,TPS 3,2019-10-25 11:00:05,132,9,231,141,141,141,0,https://pemilu2019.kpu.go.id/img/c/900/026/900026708/1-8820-3-C-XXX-X5.jpg,https://pemilu2019.kpu.go.id/img/c/900/026/900026708/1-8820-3-C-XXX-X6.jpg
6728868888018829900026732,SUMATERA UTARA,DELI SERDANG,NAMORAMBE,KUTA TUALAH,TPS 1,2019-10-25 11:00:05,167,24,252,196,196,191,5,https://pemilu2019.kpu.go.id/img/c/900/026/900026732/1-8829-1-C-XXX-X5.jpg,https://pemilu2019.kpu.go.id/img/c/900/026/900026732/1-8829-1-C-XXX-X6.jpg
6728868888018829900026733,SUMATERA UTARA,DELI SERDANG,NAMORAMBE,KUTA TUALAH,TPS 2,2019-10-25 11:00:05,185,15,256,203,203,200,3,https://pemilu2019.kpu.go.id/img/c/900/026/900026733/2-8829-2-C1-PPWP-X1.jpg,https://pemilu2019.kpu.go.id/img/c/900/026/900026733/2-8829-2-C1-PPWP-X2.jpg
6728868888018832900026737,SUMATERA UTARA,DELI SERDANG,NAMORAMBE,LAU MULGAP,TPS 1,2019-10-25 11:00:05,102,9,149,113,113,111,0,https://pemilu2019.kpu.go.id/img/c/900/026/900026737/2-8832-1-C1-PPWP-X1.jpg,https://pemilu2019.kpu.go.id/img/c/900/026/900026737/2-8832-1-C1-PPWP-X2.jpg
6728868888018807900026688,SUMATERA UTARA,DELI SERDANG,NAMORAMBE,LUBANG IDO,TPS 1,2019-10-25 11:00:05,157,18,217,175,175,175,0,https://pemilu2019.kpu.go.id/img/c/900/026/900026688/1-8807-1-C1-PPWP-X1.jpg,https://pemilu2019.kpu.go.id/img/c/900/026/900026688/1-8807-1-C1-PPWP-X2.jpg
6728868888018811900026692,SUMATERA UTARA,DELI SERDANG,NAMORAMBE,NAMO BATANG,TPS 1,2019-10-25 11:00:05,85,20,129,105,105,105,0,https://pemilu2019.kpu.go.id/img/c/900/026/900026692/3-8811-1-C1-PPWP-X1.jpg,https://pemilu2019.kpu.go.id/img/c/900/026/900026692/3-8811-1-C1-PPWP-X2.jpg
6728868888018821900026709,SUMATERA UTARA,DELI SERDANG,NAMORAMBE,NAMO LANDUR,TPS 1,2019-10-25 11:00:05,144,32,238,179,179,176,3,https://pemilu2019.kpu.go.id/img/c/900/026/900026709/2-8821-1-C1-PPWP-X1.jpg,https://pemilu2019.kpu.go.id/img/c/900/026/900026709/2-8821-1-C1-PPWP-X2.jpg
6728868888018821900026710,SUMATERA UTARA,DELI SERDANG,NAMORAMBE,NAMO LANDUR,TPS 2,2019-10-25 11:00:05,119,35,211,157,157,154,3,https://pemilu2019.kpu.go.id/img/c/900/026/900026710/1-8821-2-C1-PPWP-X1.jpg,https://pemilu2019.kpu.go.id/img/c/900/026/900026710/1-8821-2-C1-PPWP-X2.jpg
6728868888018835900026741,SUMATERA UTARA,DELI SERDANG,NAMORAMBE,NAMO MBARU,TPS 1,2019-10-25 11:00:05,134,9,165,148,148,143,5,https://pemilu2019.kpu.go.id/img/c/900/026/900026741/1-8835-1-C1-PPWP-X1.jpg,https://pemilu2019.kpu.go.id/img/c/900/026/900026741/1-8835-1-C1-PPWP-X2.jpg
6728868888018837900026743,SUMATERA UTARA,DELI SERDANG,NAMORAMBE,NAMO MBELIN,TPS 1,2019-10-25 11:00:05,131,18,208,151,151,149,2,https://pemilu2019.kpu.go.id/img/c/900/026/900026743/8837-1-C-XXX-X5.jpg,https://pemilu2019.kpu.go.id/img/c/900/026/900026743/8837-1-C-XXX-X6.jpg
6728868888018837900026744,SUMATERA UTARA,DELI SERDANG,NAMORAMBE,NAMO MBELIN,TPS 2,2019-10-25 11:00:05,118,18,198,138,138,136,2,https://pemilu2019.kpu.go.id/img/c/900/026/900026744/8837-2-C-XXX-X5.jpg,https://pemilu2019.kpu.go.id/img/c/900/026/900026744/8837-2-C-XXX-X6.jpg
6728868888018837900026745,SUMATERA UTARA,DELI SERDANG,NAMORAMBE,NAMO MBELIN,TPS 3,2019-10-25 11:00:05,106,41,194,148,148,147,1,https://pemilu2019.kpu.go.id/img/c/900/026/900026745/8837-3-C-XXX-X5.jpg,https://pemilu2019.kpu.go.id/img/c/900/026/900026745/8837-3-C-XXX-X6.jpg
6728868888018814900026695,SUMATERA UTARA,DELI SERDANG,NAMORAMBE,NAMO PAKAM,TPS 1,2019-10-25 11:00:05,115,11,179,128,128,126,2,https://pemilu2019.kpu.go.id/img/c/900/026/900026695/1-8814-1-C1-PPWP-X1.jpg,https://pemilu2019.kpu.go.id/img/c/900/026/900026695/1-8814-1-C1-PPWP-X2.jpg
6728868888018826900026718,SUMATERA UTARA,DELI SERDANG,NAMORAMBE,NAMO PINANG,TPS 1,2019-10-25 11:00:05,132,16,177,148,148,148,0,https://pemilu2019.kpu.go.id/img/c/900/026/900026718/3-8826-1-C-XXX-X5.jpg,https://pemilu2019.kpu.go.id/img/c/900/026/900026718/3-8826-1-C-XXX-X6.jpg
6728868888018826900026719,SUMATERA UTARA,DELI SERDANG,NAMORAMBE,NAMO PINANG,TPS 2,2019-10-25 11:00:05,145,8,210,155,155,153,2,https://pemilu2019.kpu.go.id/img/c/900/026/900026719/8826-2-C-XXX-X5.jpg,https://pemilu2019.kpu.go.id/img/c/900/026/900026719/8826-2-C-XXX-X6.jpg
6728868888018804900026668,SUMATERA UTARA,DELI SERDANG,NAMORAMBE,NAMO RAMBE,TPS 1,2019-10-25 11:00:05,146,34,237,182,182,180,2,https://pemilu2019.kpu.go.id/img/c/900/026/900026668/7-8804-1-C1-PPWP-X1.jpg,https://pemilu2019.kpu.go.id/img/c/900/026/900026668/7-8804-1-C1-PPWP-X2.jpg
6728868888018804900026669,SUMATERA UTARA,DELI SERDANG,NAMORAMBE,NAMO RAMBE,TPS 2,2019-10-25 11:00:05,164,17,224,182,182,181,1,https://pemilu2019.kpu.go.id/img/c/900/026/900026669/1-8804-2-C1-PPWP-X1.jpg,https://pemilu2019.kpu.go.id/img/c/900/026/900026669/1-8804-2-C1-PPWP-X2.jpg
6728868888018804900026670,SUMATERA UTARA,DELI SERDANG,NAMORAMBE,NAMO RAMBE,TPS 3,2019-10-25 11:00:05,172,22,255,196,196,194,2,https://pemilu2019.kpu.go.id/img/c/900/026/900026670/1-8804-3-C1-PPWP-X1.jpg,https://pemilu2019.kpu.go.id/img/c/900/026/900026670/1-8804-3-C1-PPWP-X2.jpg
6728868888018804900026671,SUMATERA UTARA,DELI SERDANG,NAMORAMBE,NAMO RAMBE,TPS 4,2019-10-25 11:00:05,165,6,226,171,171,171,0,https://pemilu2019.kpu.go.id/img/c/900/026/900026671/8804-4-C-XXX-X5.jpg,https://pemilu2019.kpu.go.id/img/c/900/026/900026671/8804-4-C-XXX-X6.jpg
6728868888018804900026672,SUMATERA UTARA,DELI SERDANG,NAMORAMBE,NAMO RAMBE,TPS 5,2019-10-25 11:00:05,157,16,235,173,173,173,0,https://pemilu2019.kpu.go.id/img/c/900/026/900026672/8804-5-C1-PPWP-X1.jpg,https://pemilu2019.kpu.go.id/img/c/900/026/900026672/8804-5-C1-PPWP-X2.jpg
6728868888018804900026673,SUMATERA UTARA,DELI SERDANG,NAMORAMBE,NAMO RAMBE,TPS 6,2019-10-25 11:00:05,161,32,258,195,195,193,3,https://pemilu2019.kpu.go.id/img/c/900/026/900026673/1-8804-6-C1-PPWP-X1.jpg,https://pemilu2019.kpu.go.id/img/c/900/026/900026673/1-8804-6-C1-PPWP-X2.jpg
6728868888018836900026742,SUMATERA UTARA,DELI SERDANG,NAMORAMBE,RIMO MUNGKUR,TPS 1,2019-10-25 11:00:05,147,14,184,162,162,161,1,https://pemilu2019.kpu.go.id/img/c/900/026/900026742/1-8836-1-C1-PPWP-X1.jpg,https://pemilu2019.kpu.go.id/img/c/900/026/900026742/1-8836-1-C1-PPWP-X2.jpg
6728868888018825900026716,SUMATERA UTARA,DELI SERDANG,NAMORAMBE,RUMAH KEBEN,TPS 1,2019-10-25 11:00:05,139,8,190,150,150,147,3,https://pemilu2019.kpu.go.id/img/c/900/026/900026716/1-8825-1-C1-PPWP-X1.jpg,https://pemilu2019.kpu.go.id/img/c/900/026/900026716/1-8825-1-C1-PPWP-X2.jpg
6728868888018825900026717,SUMATERA UTARA,DELI SERDANG,NAMORAMBE,RUMAH KEBEN,TPS 2,2019-10-25 11:00:05,134,18,192,154,154,152,2,https://pemilu2019.kpu.go.id/img/c/900/026/900026717/1-8825-2-C1-PPWP-X1.jpg,https://pemilu2019.kpu.go.id/img/c/900/026/900026717/1-8825-2-C1-PPWP-X2.jpg
6728868888018817900026698,SUMATERA UTARA,DELI SERDANG,NAMORAMBE,RUMAH MBACANG,TPS 1,2019-10-25 11:00:05,96,8,139,104,104,104,0,https://pemilu2019.kpu.go.id/img/c/900/026/900026698/8817-1-C-XXX-X5.jpg,https://pemilu2019.kpu.go.id/img/c/900/026/900026698/8817-1-C-XXX-X6.jpg
6728868888018834900026740,SUMATERA UTARA,DELI SERDANG,NAMORAMBE,SALANG TUNGIR,TPS 1,2019-10-25 11:00:05,167,5,215,176,176,172,4,https://pemilu2019.kpu.go.id/img/c/900/026/900026740/1-8834-1-C1-PPWP-X1.jpg,https://pemilu2019.kpu.go.id/img/c/900/026/900026740/1-8834-1-C1-PPWP-X2.jpg
6728868888018808900026689,SUMATERA UTARA,DELI SERDANG,NAMORAMBE,SILUE-LUE,TPS 1,2019-10-25 11:00:05,45,9,72,55,55,54,1,https://pemilu2019.kpu.go.id/img/c/900/026/900026689/1-8808-1-C1-PPWP-X1.jpg,https://pemilu2019.kpu.go.id/img/c/900/026/900026689/1-8808-1-C1-PPWP-X2.jpg
6728868888018827900026720,SUMATERA UTARA,DELI SERDANG,NAMORAMBE,SUDI REJO,TPS 1,2019-10-25 11:00:05,66,94,219,160,160,160,0,https://pemilu2019.kpu.go.id/img/c/900/026/900026720/6-8827-1-C-XXX-X5.jpg,https://pemilu2019.kpu.go.id/img/c/900/026/900026720/6-8827-1-C-XXX-X6.jpg
6728868888018827900026721,SUMATERA UTARA,DELI SERDANG,NAMORAMBE,SUDI REJO,TPS 2,2019-10-25 11:00:05,79,86,213,167,167,165,2,https://pemilu2019.kpu.go.id/img/c/900/026/900026721/1-8827-2-C1-PPWP-X1.jpg,https://pemilu2019.kpu.go.id/img/c/900/026/900026721/1-8827-2-C1-PPWP-X2.jpg
6728868888018827900026722,SUMATERA UTARA,DELI SERDANG,NAMORAMBE,SUDI REJO,TPS 3,2019-10-25 11:00:05,71,90,206,163,163,161,2,https://pemilu2019.kpu.go.id/img/c/900/026/900026722/8827-3-C-XXX-X5.jpg,https://pemilu2019.kpu.go.id/img/c/900/026/900026722/8827-3-C-XXX-X6.jpg
6728868888018827900026723,SUMATERA UTARA,DELI SERDANG,NAMORAMBE,SUDI REJO,TPS 4,2019-10-25 11:00:05,70,82,199,154,154,152,2,https://pemilu2019.kpu.go.id/img/c/900/026/900026723/8827-4-C-XXX-X5.jpg,https://pemilu2019.kpu.go.id/img/c/900/026/900026723/8827-4-C-XXX-X6.jpg
6728868888018827900026724,SUMATERA UTARA,DELI SERDANG,NAMORAMBE,SUDI REJO,TPS 5,2019-10-25 11:00:05,72,70,196,142,142,142,0,https://pemilu2019.kpu.go.id/img/c/900/026/900026724/8827-5-C1-PPWP-X1.jpg,https://pemilu2019.kpu.go.id/img/c/900/026/900026724/8827-5-C1-PPWP-X2.jpg
6728868888018827900026725,SUMATERA UTARA,DELI SERDANG,NAMORAMBE,SUDI REJO,TPS 6,2019-10-25 11:00:05,68,74,200,142,142,142,0,https://pemilu2019.kpu.go.id/img/c/900/026/900026725/8827-6-C1-PPWP-X1.jpg,https://pemilu2019.kpu.go.id/img/c/900/026/900026725/8827-6-C1-PPWP-X2.jpg
6728868888018827900026726,SUMATERA UTARA,DELI SERDANG,NAMORAMBE,SUDI REJO,TPS 7,2019-10-25 11:00:05,61,84,200,146,146,145,1,https://pemilu2019.kpu.go.id/img/c/900/026/900026726/8827-7-C1-PPWP-X1.jpg,https://pemilu2019.kpu.go.id/img/c/900/026/900026726/8827-7-C1-PPWP-X2.jpg
6728868888018827900026727,SUMATERA UTARA,DELI SERDANG,NAMORAMBE,SUDI REJO,TPS 8,2019-10-25 11:00:05,70,77,198,150,150,147,3,https://pemilu2019.kpu.go.id/img/c/900/026/900026727/8827-8-C1-PPWP-X1.jpg,https://pemilu2019.kpu.go.id/img/c/900/026/900026727/8827-8-C1-PPWP-X2.jpg
6728868888018827900026728,SUMATERA UTARA,DELI SERDANG,NAMORAMBE,SUDI REJO,TPS 9,2019-10-25 11:00:05,49,78,197,128,128,127,1,https://pemilu2019.kpu.go.id/img/c/900/026/900026728/8827-9-C-XXX-X5.jpg,https://pemilu2019.kpu.go.id/img/c/900/026/900026728/8827-9-C-XXX-X6.jpg
6728868888018815900026696,SUMATERA UTARA,DELI SERDANG,NAMORAMBE,SUKAMULIA HILIR,TPS 1,2019-10-25 11:00:05,179,8,232,187,187,187,0,https://pemilu2019.kpu.go.id/img/c/900/026/900026696/1-8815-1-C1-PPWP-X1.jpg,https://pemilu2019.kpu.go.id/img/c/900/026/900026696/1-8815-1-C1-PPWP-X2.jpg
6728868888018816900026697,SUMATERA UTARA,DELI SERDANG,NAMORAMBE,SUKAMULIA HULU,TPS 1,2019-10-25 11:00:05,170,12,258,188,188,182,6,https://pemilu2019.kpu.go.id/img/c/900/026/900026697/8816-1-C1-PPWP-X1.jpg,https://pemilu2019.kpu.go.id/img/c/900/026/900026697/8816-1-C1-PPWP-X2.jpg
6728868888018823900026712,SUMATERA UTARA,DELI SERDANG,NAMORAMBE,TANGKAHAN,TPS 1,2019-10-25 11:00:05,152,3,182,157,157,155,2,https://pemilu2019.kpu.go.id/img/c/900/026/900026712/8823-1-C-XXX-X5.jpg,https://pemilu2019.kpu.go.id/img/c/900/026/900026712/8823-1-C-XXX-X6.jpg
6728868888018823900026713,SUMATERA UTARA,DELI SERDANG,NAMORAMBE,TANGKAHAN,TPS 2,2019-10-25 11:00:05,125,5,169,132,132,130,2,https://pemilu2019.kpu.go.id/img/c/900/026/900026713/8823-2-C1-PPWP-X1.jpg,https://pemilu2019.kpu.go.id/img/c/900/026/900026713/8823-2-C1-PPWP-X2.jpg
6728868888018823900026714,SUMATERA UTARA,DELI SERDANG,NAMORAMBE,TANGKAHAN,TPS 3,2019-10-25 11:00:05,168,11,227,179,179,179,0,https://pemilu2019.kpu.go.id/img/c/900/026/900026714/8823-3-C1-PPWP-X1.jpg,https://pemilu2019.kpu.go.id/img/c/900/026/900026714/8823-3-C1-PPWP-X2.jpg
6728868888018812900026693,SUMATERA UTARA,DELI SERDANG,NAMORAMBE,TANJUNG SELAMAT,TPS 1,2019-10-25 11:00:05,87,2,0,0,90,89,1,https://pemilu2019.kpu.go.id/img/c/900/026/900026693/7-8812-1-C1-PPWP-X1.jpg,https://pemilu2019.kpu.go.id/img/c/900/026/900026693/7-8812-1-C1-PPWP-X2.jpg
6728868888018809900026690,SUMATERA UTARA,DELI SERDANG,NAMORAMBE,TIMBANG LAWAN,TPS 1,2019-10-25 11:00:05,122,24,173,147,147,146,1,https://pemilu2019.kpu.go.id/img/c/900/026/900026690/1-8809-1-C1-PPWP-X1.jpg,https://pemilu2019.kpu.go.id/img/c/900/026/900026690/1-8809-1-C1-PPWP-X2.jpg
6728868888018806900026679,SUMATERA UTARA,DELI SERDANG,NAMORAMBE,UJUNG LABUHAN,TPS 1,2019-10-25 11:00:05,141,14,228,156,156,155,1,https://pemilu2019.kpu.go.id/img/c/900/026/900026679/1-8806-1-C-XXX-X5.jpg,https://pemilu2019.kpu.go.id/img/c/900/026/900026679/1-8806-1-C-XXX-X6.jpg
6728868888018806900026680,SUMATERA UTARA,DELI SERDANG,NAMORAMBE,UJUNG LABUHAN,TPS 2,2019-10-25 11:00:05,141,11,218,156,156,152,4,https://pemilu2019.kpu.go.id/img/c/900/026/900026680/1-8806-2-C-XXX-X5.jpg,https://pemilu2019.kpu.go.id/img/c/900/026/900026680/1-8806-2-C-XXX-X6.jpg
6728868888018806900026681,SUMATERA UTARA,DELI SERDANG,NAMORAMBE,UJUNG LABUHAN,TPS 3,2019-10-25 11:00:05,129,30,216,159,159,159,0,https://pemilu2019.kpu.go.id/img/c/900/026/900026681/1-8806-3-C-XXX-X5.jpg,https://pemilu2019.kpu.go.id/img/c/900/026/900026681/1-8806-3-C-XXX-X6.jpg
6728868888018806900026682,SUMATERA UTARA,DELI SERDANG,NAMORAMBE,UJUNG LABUHAN,TPS 4,2019-10-25 11:00:05,97,25,204,123,123,122,1,https://pemilu2019.kpu.go.id/img/c/900/026/900026682/1-8806-4-C-XXX-X5.jpg,https://pemilu2019.kpu.go.id/img/c/900/026/900026682/1-8806-4-C-XXX-X6.jpg
6728868888018806900026683,SUMATERA UTARA,DELI SERDANG,NAMORAMBE,UJUNG LABUHAN,TPS 5,2019-10-25 11:00:05,134,14,218,151,151,148,3,https://pemilu2019.kpu.go.id/img/c/900/026/900026683/1-8806-5-C-XXX-X5.jpg,https://pemilu2019.kpu.go.id/img/c/900/026/900026683/1-8806-5-C-XXX-X6.jpg
6728868888018806900026684,SUMATERA UTARA,DELI SERDANG,NAMORAMBE,UJUNG LABUHAN,TPS 6,2019-10-25 11:00:05,138,9,225,148,148,147,1,https://pemilu2019.kpu.go.id/img/c/900/026/900026684/1-8806-6-C-XXX-X5.jpg,https://pemilu2019.kpu.go.id/img/c/900/026/900026684/1-8806-6-C-XXX-X6.jpg
6728868888018806900026685,SUMATERA UTARA,DELI SERDANG,NAMORAMBE,UJUNG LABUHAN,TPS 7,2019-10-25 11:00:05,58,66,209,125,125,124,1,https://pemilu2019.kpu.go.id/img/c/900/026/900026685/1-8806-7-C-XXX-X5.jpg,https://pemilu2019.kpu.go.id/img/c/900/026/900026685/1-8806-7-C-XXX-X6.jpg
6728868888018806900026686,SUMATERA UTARA,DELI SERDANG,NAMORAMBE,UJUNG LABUHAN,TPS 8,2019-10-25 11:00:05,98,56,209,155,155,154,1,https://pemilu2019.kpu.go.id/img/c/900/026/900026686/1-8806-8-C-XXX-X5.jpg,https://pemilu2019.kpu.go.id/img/c/900/026/900026686/1-8806-8-C-XXX-X6.jpg
6728868888018806900026687,SUMATERA UTARA,DELI SERDANG,NAMORAMBE,UJUNG LABUHAN,TPS 9,2019-10-25 11:00:05,119,20,191,141,141,139,2,https://pemilu2019.kpu.go.id/img/c/900/026/900026687/1-8806-9-C-XXX-X5.jpg,https://pemilu2019.kpu.go.id/img/c/900/026/900026687/1-8806-9-C-XXX-X6.jpg
6728868888018824900026715,SUMATERA UTARA,DELI SERDANG,NAMORAMBE,URUK GEDANG,TPS 1,2019-10-25 11:00:05,151,21,225,173,173,172,1,https://pemilu2019.kpu.go.id/img/c/900/026/900026715/8824-1-C-XXX-X5.jpg,https://pemilu2019.kpu.go.id/img/c/900/026/900026715/8824-1-C-XXX-X6.jpg
6728868890659075900030978,SUMATERA UTARA,DELI SERDANG,PAGAR MERBAU,BANDAR DOLOK,TPS 1,2019-10-25 11:00:05,59,145,251,207,207,204,3,https://pemilu2019.kpu.go.id/img/c/900/030/900030978/9075-1-C1-PPWP-X1.jpg,https://pemilu2019.kpu.go.id/img/c/900/030/900030978/9075-1-C1-PPWP-X2.jpg
6728868890659075900030979,SUMATERA UTARA,DELI SERDANG,PAGAR MERBAU,BANDAR DOLOK,TPS 2,2019-10-25 11:00:05,66,152,255,221,221,218,3,https://pemilu2019.kpu.go.id/img/c/900/030/900030979/9075-2-C-XXX-X5.jpg,https://pemilu2019.kpu.go.id/img/c/900/030/900030979/9075-2-C-XXX-X6.jpg
6728868890659075900030980,SUMATERA UTARA,DELI SERDANG,PAGAR MERBAU,BANDAR DOLOK,TPS 3,2019-10-25 11:00:05,94,109,271,207,207,203,4,https://pemilu2019.kpu.go.id/img/c/900/030/900030980/9075-3-C-XXX-X5.jpg,https://pemilu2019.kpu.go.id/img/c/900/030/900030980/9075-3-C-XXX-X6.jpg
6728868890659074900030973,SUMATERA UTARA,DELI SERDANG,PAGAR MERBAU,JATI BARU,TPS 1,2019-10-25 11:00:05,202,56,299,264,264,258,6,https://pemilu2019.kpu.go.id/img/c/900/030/900030973/9074-1-C1-PPWP-X1.jpg,https://pemilu2019.kpu.go.id/img/c/900/030/900030973/9074-1-C1-PPWP-X2.jpg
6728868890659074900030974,SUMATERA UTARA,DELI SERDANG,PAGAR MERBAU,JATI BARU,TPS 2,2019-10-25 11:00:05,82,176,294,260,260,258,2,https://pemilu2019.kpu.go.id/img/c/900/030/900030974/9074-2-C1-PPWP-X1.jpg,https://pemilu2019.kpu.go.id/img/c/900/030/900030974/9074-2-C1-PPWP-X2.jpg
6728868890659074900030975,SUMATERA UTARA,DELI SERDANG,PAGAR MERBAU,JATI BARU,TPS 3,2019-10-25 11:00:05,101,109,262,212,212,210,2,https://pemilu2019.kpu.go.id/img/c/900/030/900030975/9074-3-C1-PPWP-X1.jpg,https://pemilu2019.kpu.go.id/img/c/900/030/900030975/9074-3-C1-PPWP-X2.jpg
6728868890659074900030976,SUMATERA UTARA,DELI SERDANG,PAGAR MERBAU,JATI BARU,TPS 4,2019-10-25 11:00:05,159,27,259,190,190,186,4,https://pemilu2019.kpu.go.id/img/c/900/030/900030976/9074-4-C1-PPWP-X1.jpg,https://pemilu2019.kpu.go.id/img/c/900/030/900030976/9074-4-C1-PPWP-X2.jpg
6728868890659074900030977,SUMATERA UTARA,DELI SERDANG,PAGAR MERBAU,JATI BARU,TPS 5,2019-10-25 11:00:05,101,26,201,117,127,127,0,https://pemilu2019.kpu.go.id/img/c/900/030/900030977/9074-5-C-XXX-X5.jpg,https://pemilu2019.kpu.go.id/img/c/900/030/900030977/9074-5-C-XXX-X6.jpg
6728868890659070900030944,SUMATERA UTARA,DELI SERDANG,PAGAR MERBAU,JATI REJO,TPS 1,2019-10-25 11:00:05,69,141,278,211,211,210,1,https://pemilu2019.kpu.go.id/img/c/900/030/900030944/9070-1-C-XXX-X5.jpg,https://pemilu2019.kpu.go.id/img/c/900/030/900030944/9070-1-C-XXX-X6.jpg
6728868890659070900030945,SUMATERA UTARA,DELI SERDANG,PAGAR MERBAU,JATI REJO,TPS 2,2019-10-25 11:00:05,68,157,300,227,227,225,2,https://pemilu2019.kpu.go.id/img/c/900/030/900030945/9070-2-C-XXX-X5.jpg,https://pemilu2019.kpu.go.id/img/c/900/030/900030945/9070-2-C-XXX-X6.jpg
6728868890659070900030946,SUMATERA UTARA,DELI SERDANG,PAGAR MERBAU,JATI REJO,TPS 3,2019-10-25 11:00:05,78,133,272,215,215,211,4,https://pemilu2019.kpu.go.id/img/c/900/030/900030946/9070-3-C-XXX-X5.jpg,https://pemilu2019.kpu.go.id/img/c/900/030/900030946/9070-3-C-XXX-X6.jpg
6728868890659070900030947,SUMATERA UTARA,DELI SERDANG,PAGAR MERBAU,JATI REJO,TPS 4,2019-10-25 11:00:05,83,131,272,219,219,214,5,https://pemilu2019.kpu.go.id/img/c/900/030/900030947/9070-4-C-XXX-X5.jpg,https://pemilu2019.kpu.go.id/img/c/900/030/900030947/9070-4-C-XXX-X6.jpg
6728868890659070900030948,SUMATERA UTARA,DELI SERDANG,PAGAR MERBAU,JATI REJO,TPS 5,2019-10-25 11:00:05,95,112,273,209,209,207,2,https://pemilu2019.kpu.go.id/img/c/900/030/900030948/9070-5-C-XXX-X5.jpg,https://pemilu2019.kpu.go.id/img/c/900/030/900030948/9070-5-C-XXX-X6.jpg
6728868890659071900030949,SUMATERA UTARA,DELI SERDANG,PAGAR MERBAU,PAGAR MERBAU I,TPS 1,2019-10-25 11:00:05,75,126,246,201,201,201,0,https://pemilu2019.kpu.go.id/img/c/900/030/900030949/9071-1-C-XXX-X5.jpg,https://pemilu2019.kpu.go.id/img/c/900/030/900030949/9071-1-C-XXX-X6.jpg
6728868890659071900030950,SUMATERA UTARA,DELI SERDANG,PAGAR MERBAU,PAGAR MERBAU I,TPS 2,2019-10-25 11:00:05,95,103,250,204,204,198,6,https://pemilu2019.kpu.go.id/img/c/900/030/900030950/9071-2-C-XXX-X5.jpg,https://pemilu2019.kpu.go.id/img/c/900/030/900030950/9071-2-C-XXX-X6.jpg
6728868890659071900030951,SUMATERA UTARA,DELI SERDANG,PAGAR MERBAU,PAGAR MERBAU I,TPS 3,2019-10-25 11:00:05,124,73,260,199,199,197,2,https://pemilu2019.kpu.go.id/img/c/900/030/900030951/9071-3-C-XXX-X5.jpg,https://pemilu2019.kpu.go.id/img/c/900/030/900030951/9071-3-C-XXX-X6.jpg
6728868890659071900030952,SUMATERA UTARA,DELI SERDANG,PAGAR MERBAU,PAGAR MERBAU I,TPS 4,2019-10-25 11:00:05,62,164,289,228,228,226,2,https://pemilu2019.kpu.go.id/img/c/900/030/900030952/9071-4-C-XXX-X5.jpg,https://pemilu2019.kpu.go.id/img/c/900/030/900030952/9071-4-C-XXX-X6.jpg
6728868890659072900030953,SUMATERA UTARA,DELI SERDANG,PAGAR MERBAU,PAGAR MERBAU II,TPS 1,2019-10-25 11:00:05,82,99,224,181,181,181,0,https://pemilu2019.kpu.go.id/img/c/900/030/900030953/1-9072-1-C1-PPWP-X1.jpg,https://pemilu2019.kpu.go.id/img/c/900/030/900030953/1-9072-1-C1-PPWP-X2.jpg
6728868890659072900030954,SUMATERA UTARA,DELI SERDANG,PAGAR MERBAU,PAGAR MERBAU II,TPS 2,2019-10-25 11:00:05,90,64,199,158,158,154,4,https://pemilu2019.kpu.go.id/img/c/900/030/900030954/1-9072-2-C1-PPWP-X1.jpg,https://pemilu2019.kpu.go.id/img/c/900/030/900030954/1-9072-2-C1-PPWP-X2.jpg
6728868890659072900030955,SUMATERA UTARA,DELI SERDANG,PAGAR MERBAU,PAGAR MERBAU II,TPS 3,2019-10-25 11:00:05,119,66,227,192,192,185,7,https://pemilu2019.kpu.go.id/img/c/900/030/900030955/9072-3-C1-PPWP-X1.jpg,https://pemilu2019.kpu.go.id/img/c/900/030/900030955/9072-3-C1-PPWP-X2.jpg
6728868890659072900030956,SUMATERA UTARA,DELI SERDANG,PAGAR MERBAU,PAGAR MERBAU II,TPS 4,2019-10-25 11:00:05,89,135,260,129,229,224,5,https://pemilu2019.kpu.go.id/img/c/900/030/900030956/1-9072-4-C1-PPWP-X1.jpg,https://pemilu2019.kpu.go.id/img/c/900/030/900030956/1-9072-4-C1-PPWP-X2.jpg
6728868890659072900030957,SUMATERA UTARA,DELI SERDANG,PAGAR MERBAU,PAGAR MERBAU II,TPS 5,2019-10-25 11:00:05,82,132,265,215,215,214,1,https://pemilu2019.kpu.go.id/img/c/900/030/900030957/1-9072-5-C1-PPWP-X1.jpg,https://pemilu2019.kpu.go.id/img/c/900/030/900030957/1-9072-5-C1-PPWP-X2.jpg
6728868890659072900030958,SUMATERA UTARA,DELI SERDANG,PAGAR MERBAU,PAGAR MERBAU II,TPS 6,2019-10-25 11:00:05,64,59,193,128,128,123,5,https://pemilu2019.kpu.go.id/img/c/900/030/900030958/1-9072-6-C1-PPWP-X1.jpg,https://pemilu2019.kpu.go.id/img/c/900/030/900030958/1-9072-6-C1-PPWP-X2.jpg
6728868890659072900030959,SUMATERA UTARA,DELI SERDANG,PAGAR MERBAU,PAGAR MERBAU II,TPS 7,2019-10-25 11:00:05,22,20,55,45,45,42,3,https://pemilu2019.kpu.go.id/img/c/900/030/900030959/1-9072-7-C1-PPWP-X1.jpg,https://pemilu2019.kpu.go.id/img/c/900/030/900030959/1-9072-7-C1-PPWP-X2.jpg
6728868890659073900030960,SUMATERA UTARA,DELI SERDANG,PAGAR MERBAU,PASAR MIRING,TPS 01,2019-10-25 11:00:05,47,179,261,226,226,226,0,https://pemilu2019.kpu.go.id/img/c/900/030/900030960/9073-01-C-XXX-X5.jpg,https://pemilu2019.kpu.go.id/img/c/900/030/900030960/9073-01-C-XXX-X6.jpg
6728868890659073900030961,SUMATERA UTARA,DELI SERDANG,PAGAR MERBAU,PASAR MIRING,TPS 02,2019-10-25 11:00:05,67,146,262,217,217,213,4,https://pemilu2019.kpu.go.id/img/c/900/030/900030961/9073-02-C-XXX-X5.jpg,https://pemilu2019.kpu.go.id/img/c/900/030/900030961/9073-02-C-XXX-X6.jpg
6728868890659073900030962,SUMATERA UTARA,DELI SERDANG,PAGAR MERBAU,PASAR MIRING,TPS 03,2019-10-25 11:00:05,99,134,283,238,238,233,5,https://pemilu2019.kpu.go.id/img/c/900/030/900030962/9073-03-C-XXX-X5.jpg,https://pemilu2019.kpu.go.id/img/c/900/030/900030962/9073-03-C-XXX-X6.jpg
6728868890659073900030963,SUMATERA UTARA,DELI SERDANG,PAGAR MERBAU,PASAR MIRING,TPS 04,2019-10-25 11:00:05,89,126,259,216,216,215,1,https://pemilu2019.kpu.go.id/img/c/900/030/900030963/9073-04-C-XXX-X5.jpg,https://pemilu2019.kpu.go.id/img/c/900/030/900030963/9073-04-C-XXX-X6.jpg
6728868890659073900030964,SUMATERA UTARA,DELI SERDANG,PAGAR MERBAU,PASAR MIRING,TPS 05,2019-10-25 11:00:05,110,119,272,230,230,229,1,https://pemilu2019.kpu.go.id/img/c/900/030/900030964/9073-05-C-XXX-X5.jpg,https://pemilu2019.kpu.go.id/img/c/900/030/900030964/9073-05-C-XXX-X6.jpg
6728868890659073900030965,SUMATERA UTARA,DELI SERDANG,PAGAR MERBAU,PASAR MIRING,TPS 06,2019-10-25 11:00:05,125,87,257,214,214,212,2,https://pemilu2019.kpu.go.id/img/c/900/030/900030965/9073-06-C-XXX-X5.jpg,https://pemilu2019.kpu.go.id/img/c/900/030/900030965/9073-06-C-XXX-X6.jpg
6728868890659073900030966,SUMATERA UTARA,DELI SERDANG,PAGAR MERBAU,PASAR MIRING,TPS 07,2019-10-25 11:00:05,83,127,289,212,0,210,2,https://pemilu2019.kpu.go.id/img/c/900/030/900030966/9073-07-C1-PPWP-X1.jpg,https://pemilu2019.kpu.go.id/img/c/900/030/900030966/9073-07-C1-PPWP-X2.jpg
6728868890659073900030967,SUMATERA UTARA,DELI SERDANG,PAGAR MERBAU,PASAR MIRING,TPS 08,2019-10-25 11:00:05,112,91,288,212,212,203,9,https://pemilu2019.kpu.go.id/img/c/900/030/900030967/9073-08-C-XXX-X5.jpg,https://pemilu2019.kpu.go.id/img/c/900/030/900030967/9073-08-C-XXX-X6.jpg
6728868890659073900030968,SUMATERA UTARA,DELI SERDANG,PAGAR MERBAU,PASAR MIRING,TPS 09,2019-10-25 11:00:05,123,90,268,218,218,213,5,https://pemilu2019.kpu.go.id/img/c/900/030/900030968/9073-09-C-XXX-X5.jpg,https://pemilu2019.kpu.go.id/img/c/900/030/900030968/9073-09-C-XXX-X6.jpg
6728868890659073900030969,SUMATERA UTARA,DELI SERDANG,PAGAR MERBAU,PASAR MIRING,TPS 10,2019-10-25 11:00:05,142,73,261,223,223,215,8,https://pemilu2019.kpu.go.id/img/c/900/030/900030969/9073-10-C-XXX-X5.jpg,https://pemilu2019.kpu.go.id/img/c/900/030/900030969/9073-10-C-XXX-X6.jpg
6728868890659073900030970,SUMATERA UTARA,DELI SERDANG,PAGAR MERBAU,PASAR MIRING,TPS 11,2019-10-25 11:00:05,140,76,273,216,217,216,1,https://pemilu2019.kpu.go.id/img/c/900/030/900030970/9073-11-C-XXX-X5.jpg,https://pemilu2019.kpu.go.id/img/c/900/030/900030970/9073-11-C-XXX-X6.jpg
6728868890659073900030971,SUMATERA UTARA,DELI SERDANG,PAGAR MERBAU,PASAR MIRING,TPS 12,2019-10-25 11:00:05,124,74,266,202,202,198,4,https://pemilu2019.kpu.go.id/img/c/900/030/900030971/9073-12-C-XXX-X5.jpg,https://pemilu2019.kpu.go.id/img/c/900/030/900030971/9073-12-C-XXX-X6.jpg
6728868890659073900030972,SUMATERA UTARA,DELI SERDANG,PAGAR MERBAU,PASAR MIRING,TPS 13,2019-10-25 11:00:05,133,59,266,197,197,192,5,https://pemilu2019.kpu.go.id/img/c/900/030/900030972/9073-13-C-XXX-X5.jpg,https://pemilu2019.kpu.go.id/img/c/900/030/900030972/9073-13-C-XXX-X6.jpg
6728868890659078900030986,SUMATERA UTARA,DELI SERDANG,PAGAR MERBAU,PERBARAKAN,TPS 1,2019-10-25 11:00:05,38,177,258,215,215,215,0,https://pemilu2019.kpu.go.id/img/c/900/030/900030986/9078-1-C-XXX-X5.jpg,https://pemilu2019.kpu.go.id/img/c/900/030/900030986/9078-1-C-XXX-X6.jpg
6728868890659078900030987,SUMATERA UTARA,DELI SERDANG,PAGAR MERBAU,PERBARAKAN,TPS 2,2019-10-25 11:00:05,54,167,252,223,223,221,2,https://pemilu2019.kpu.go.id/img/c/900/030/900030987/9078-2-C1-PPWP-X1.jpg,https://pemilu2019.kpu.go.id/img/c/900/030/900030987/9078-2-C1-PPWP-X2.jpg
6728868890659078900030988,SUMATERA UTARA,DELI SERDANG,PAGAR MERBAU,PERBARAKAN,TPS 3,2019-10-25 11:00:05,41,152,247,196,196,193,3,https://pemilu2019.kpu.go.id/img/c/900/030/900030988/2-9078-3-C1-PPWP-X1.jpg,https://pemilu2019.kpu.go.id/img/c/900/030/900030988/2-9078-3-C1-PPWP-X2.jpg
6728868890659078900030989,SUMATERA UTARA,DELI SERDANG,PAGAR MERBAU,PERBARAKAN,TPS 4,2019-10-25 11:00:05,47,177,261,226,226,224,2,https://pemilu2019.kpu.go.id/img/c/900/030/900030989/9078-4-C-XXX-X5.jpg,https://pemilu2019.kpu.go.id/img/c/900/030/900030989/9078-4-C-XXX-X6.jpg
6728868890659078900030990,SUMATERA UTARA,DELI SERDANG,PAGAR MERBAU,PERBARAKAN,TPS 5,2019-10-25 11:00:05,55,157,259,212,212,212,0,https://pemilu2019.kpu.go.id/img/c/900/030/900030990/2-9078-5-C-XXX-X5.jpg,https://pemilu2019.kpu.go.id/img/c/900/030/900030990/2-9078-5-C-XXX-X6.jpg
6728868890659078900030991,SUMATERA UTARA,DELI SERDANG,PAGAR MERBAU,PERBARAKAN,TPS 6,2019-10-25 11:00:05,54,181,269,238,238,235,3,https://pemilu2019.kpu.go.id/img/c/900/030/900030991/1-9078-6-C1-PPWP-X1.jpg,https://pemilu2019.kpu.go.id/img/c/900/030/900030991/1-9078-6-C1-PPWP-X2.jpg
6728868890659078900030992,SUMATERA UTARA,DELI SERDANG,PAGAR MERBAU,PERBARAKAN,TPS 7,2019-10-25 11:00:05,85,144,267,233,233,229,4,https://pemilu2019.kpu.go.id/img/c/900/030/900030992/1-9078-7-C-XXX-X5.jpg,https://pemilu2019.kpu.go.id/img/c/900/030/900030992/1-9078-7-C-XXX-X6.jpg
6728868890659067900030927,SUMATERA UTARA,DELI SERDANG,PAGAR MERBAU,PURWODADI,TPS 1,2019-10-25 11:00:05,137,97,301,241,241,234,7,https://pemilu2019.kpu.go.id/img/c/900/030/900030927/9067-1-C-XXX-X5.jpg,https://pemilu2019.kpu.go.id/img/c/900/030/900030927/9067-1-C-XXX-X6.jpg
6728868890659067900030928,SUMATERA UTARA,DELI SERDANG,PAGAR MERBAU,PURWODADI,TPS 2,2019-10-25 11:00:05,99,121,276,223,223,220,3,https://pemilu2019.kpu.go.id/img/c/900/030/900030928/9067-2-C-XXX-X5.jpg,https://pemilu2019.kpu.go.id/img/c/900/030/900030928/9067-2-C-XXX-X6.jpg
6728868890659067900030929,SUMATERA UTARA,DELI SERDANG,PAGAR MERBAU,PURWODADI,TPS 3,2019-10-25 11:00:05,134,104,293,239,239,238,1,https://pemilu2019.kpu.go.id/img/c/900/030/900030929/9067-3-C-XXX-X5.jpg,https://pemilu2019.kpu.go.id/img/c/900/030/900030929/9067-3-C-XXX-X6.jpg
6728868890659067900030930,SUMATERA UTARA,DELI SERDANG,PAGAR MERBAU,PURWODADI,TPS 4,2019-10-25 11:00:05,139,84,291,246,246,243,3,https://pemilu2019.kpu.go.id/img/c/900/030/900030930/9067-4-C-XXX-X5.jpg,https://pemilu2019.kpu.go.id/img/c/900/030/900030930/9067-4-C-XXX-X6.jpg
6728868890659067900030931,SUMATERA UTARA,DELI SERDANG,PAGAR MERBAU,PURWODADI,TPS 5,2019-10-25 11:00:05,53,40,117,95,95,93,2,https://pemilu2019.kpu.go.id/img/c/900/030/900030931/9067-5-C-XXX-X5.jpg,https://pemilu2019.kpu.go.id/img/c/900/030/900030931/9067-5-C-XXX-X6.jpg
6728868890659067900030932,SUMATERA UTARA,DELI SERDANG,PAGAR MERBAU,PURWODADI,TPS 6,2019-10-25 11:00:05,122,110,266,234,234,232,2,https://pemilu2019.kpu.go.id/img/c/900/030/900030932/9067-6-C-XXX-X5.jpg,https://pemilu2019.kpu.go.id/img/c/900/030/900030932/9067-6-C-XXX-X6.jpg
6728868890659067900030933,SUMATERA UTARA,DELI SERDANG,PAGAR MERBAU,PURWODADI,TPS 7,2019-10-25 11:00:05,91,103,267,196,196,194,2,https://pemilu2019.kpu.go.id/img/c/900/030/900030933/9067-7-C1-PPWP-X1.jpg,https://pemilu2019.kpu.go.id/img/c/900/030/900030933/9067-7-C1-PPWP-X2.jpg
6728868890659067900030934,SUMATERA UTARA,DELI SERDANG,PAGAR MERBAU,PURWODADI,TPS 8,2019-10-25 11:00:05,67,72,176,140,140,139,1,https://pemilu2019.kpu.go.id/img/c/900/030/900030934/9067-8-C-XXX-X5.jpg,https://pemilu2019.kpu.go.id/img/c/900/030/900030934/9067-8-C-XXX-X6.jpg
6728868890659068900030935,SUMATERA UTARA,DELI SERDANG,PAGAR MERBAU,SIDODADI BATU 8,TPS 1,2019-10-25 11:00:05,111,139,290,252,252,250,2,https://pemilu2019.kpu.go.id/img/c/900/030/900030935/9068-1-C1-PPWP-X1.jpg,https://pemilu2019.kpu.go.id/img/c/900/030/900030935/9068-1-C1-PPWP-X2.jpg
6728868890659068900030936,SUMATERA UTARA,DELI SERDANG,PAGAR MERBAU,SIDODADI BATU 8,TPS 2,2019-10-25 11:00:05,82,122,293,207,207,204,3,https://pemilu2019.kpu.go.id/img/c/900/030/900030936/9068-2-C1-PPWP-X1.jpg,https://pemilu2019.kpu.go.id/img/c/900/030/900030936/9068-2-C1-PPWP-X2.jpg
6728868890659068900030937,SUMATERA UTARA,DELI SERDANG,PAGAR MERBAU,SIDODADI BATU 8,TPS 3,2019-10-25 11:00:05,120,124,288,250,250,244,6,https://pemilu2019.kpu.go.id/img/c/900/030/900030937/9068-3-C1-PPWP-X1.jpg,https://pemilu2019.kpu.go.id/img/c/900/030/900030937/9068-3-C1-PPWP-X2.jpg
6728868890659068900030938,SUMATERA UTARA,DELI SERDANG,PAGAR MERBAU,SIDODADI BATU 8,TPS 4,2019-10-25 11:00:05,122,118,288,248,248,240,8,https://pemilu2019.kpu.go.id/img/c/900/030/900030938/9068-4-C1-PPWP-X1.jpg,https://pemilu2019.kpu.go.id/img/c/900/030/900030938/9068-4-C1-PPWP-X2.jpg
6728868890659079900030993,SUMATERA UTARA,DELI SERDANG,PAGAR MERBAU,SUKA MANDI HILIR,TPS 01,2019-10-25 11:00:05,77,123,255,201,201,200,1,https://pemilu2019.kpu.go.id/img/c/900/030/900030993/9079-01-C1-PPWP-X1.jpg,https://pemilu2019.kpu.go.id/img/c/900/030/900030993/9079-01-C1-PPWP-X2.jpg
6728868890659079900030994,SUMATERA UTARA,DELI SERDANG,PAGAR MERBAU,SUKA MANDI HILIR,TPS 02,2019-10-25 11:00:05,61,96,237,162,162,157,5,https://pemilu2019.kpu.go.id/img/c/900/030/900030994/9079-02-C-XXX-X5.jpg,https://pemilu2019.kpu.go.id/img/c/900/030/900030994/9079-02-C-XXX-X6.jpg
6728868890659079900030995,SUMATERA UTARA,DELI SERDANG,PAGAR MERBAU,SUKA MANDI HILIR,TPS 03,2019-10-25 11:00:05,77,124,240,201,201,201,0,https://pemilu2019.kpu.go.id/img/c/900/030/900030995/2-9079-03-C1-PPWP-X1.jpg,https://pemilu2019.kpu.go.id/img/c/900/030/900030995/2-9079-03-C1-PPWP-X2.jpg
6728868890659079900030996,SUMATERA UTARA,DELI SERDANG,PAGAR MERBAU,SUKA MANDI HILIR,TPS 04,2019-10-25 11:00:05,55,100,249,157,157,155,2,https://pemilu2019.kpu.go.id/img/c/900/030/900030996/2-9079-04-C1-PPWP-X1.jpg,https://pemilu2019.kpu.go.id/img/c/900/030/900030996/2-9079-04-C1-PPWP-X2.jpg
6728868890659079900030997,SUMATERA UTARA,DELI SERDANG,PAGAR MERBAU,SUKA MANDI HILIR,TPS 05,2019-10-25 11:00:05,52,134,256,186,186,186,0,https://pemilu2019.kpu.go.id/img/c/900/030/900030997/1-9079-05-C1-PPWP-X1.jpg,https://pemilu2019.kpu.go.id/img/c/900/030/900030997/1-9079-05-C1-PPWP-X2.jpg
6728868890659079900030998,SUMATERA UTARA,DELI SERDANG,PAGAR MERBAU,SUKA MANDI HILIR,TPS 06,2019-10-25 11:00:05,58,117,259,177,177,175,2,https://pemilu2019.kpu.go.id/img/c/900/030/900030998/2-9079-06-C-XXX-X5.jpg,https://pemilu2019.kpu.go.id/img/c/900/030/900030998/2-9079-06-C-XXX-X6.jpg
6728868890659079900030999,SUMATERA UTARA,DELI SERDANG,PAGAR MERBAU,SUKA MANDI HILIR,TPS 07,2019-10-25 11:00:05,99,127,268,228,228,226,2,https://pemilu2019.kpu.go.id/img/c/900/030/900030999/1-9079-07-C-XXX-X5.jpg,https://pemilu2019.kpu.go.id/img/c/900/030/900030999/1-9079-07-C-XXX-X6.jpg
6728868890659079900031000,SUMATERA UTARA,DELI SERDANG,PAGAR MERBAU,SUKA MANDI HILIR,TPS 08,2019-10-25 11:00:05,101,117,263,218,218,218,0,https://pemilu2019.kpu.go.id/img/c/900/031/900031000/9079-08-C1-PPWP-X1.jpg,https://pemilu2019.kpu.go.id/img/c/900/031/900031000/9079-08-C1-PPWP-X2.jpg
6728868890659079900031001,SUMATERA UTARA,DELI SERDANG,PAGAR MERBAU,SUKA MANDI HILIR,TPS 09,2019-10-25 11:00:05,95,47,283,143,143,142,1,https://pemilu2019.kpu.go.id/img/c/900/031/900031001/1-9079-09-C1-PPWP-X1.jpg,https://pemilu2019.kpu.go.id/img/c/900/031/900031001/1-9079-09-C1-PPWP-X2.jpg
6728868890659079900031002,SUMATERA UTARA,DELI SERDANG,PAGAR MERBAU,SUKA MANDI HILIR,TPS 10,2019-10-25 11:00:05,111,56,277,167,167,167,0,https://pemilu2019.kpu.go.id/img/c/900/031/900031002/3-9079-10-C1-PPWP-X1.jpg,https://pemilu2019.kpu.go.id/img/c/900/031/900031002/3-9079-10-C1-PPWP-X2.jpg
6728868890659080900031003,SUMATERA UTARA,DELI SERDANG,PAGAR MERBAU,SUKA MANDI HULU,TPS 1,2019-10-25 11:00:05,127,91,259,220,220,218,2,https://pemilu2019.kpu.go.id/img/c/900/031/900031003/2-9080-1-C1-PPWP-X1.jpg,https://pemilu2019.kpu.go.id/img/c/900/031/900031003/2-9080-1-C1-PPWP-X2.jpg
6728868890659080900031004,SUMATERA UTARA,DELI SERDANG,PAGAR MERBAU,SUKA MANDI HULU,TPS 2,2019-10-25 11:00:05,208,2,293,211,211,210,1,https://pemilu2019.kpu.go.id/img/c/900/031/900031004/2-9080-2-C1-PPWP-X1.jpg,https://pemilu2019.kpu.go.id/img/c/900/031/900031004/2-9080-2-C1-PPWP-X2.jpg
6728868890659080900031005,SUMATERA UTARA,DELI SERDANG,PAGAR MERBAU,SUKA MANDI HULU,TPS 3,2019-10-25 11:00:05,242,9,312,253,253,251,2,https://pemilu2019.kpu.go.id/img/c/900/031/900031005/1-9080-3-C1-PPWP-X1.jpg,https://pemilu2019.kpu.go.id/img/c/900/031/900031005/1-9080-3-C1-PPWP-X2.jpg
6728868890659080900031006,SUMATERA UTARA,DELI SERDANG,PAGAR MERBAU,SUKA MANDI HULU,TPS 4,2019-10-25 11:00:05,68,109,204,178,178,177,1,https://pemilu2019.kpu.go.id/img/c/900/031/900031006/1-9080-4-C1-PPWP-X1.jpg,https://pemilu2019.kpu.go.id/img/c/900/031/900031006/1-9080-4-C1-PPWP-X2.jpg
6728868890659069900030939,SUMATERA UTARA,DELI SERDANG,PAGAR MERBAU,SUKA MULIA,TPS 1,2019-10-25 11:00:05,139,95,276,242,242,234,8,https://pemilu2019.kpu.go.id/img/c/900/030/900030939/9069-1-C1-PPWP-X1.jpg,https://pemilu2019.kpu.go.id/img/c/900/030/900030939/9069-1-C1-PPWP-X2.jpg
6728868890659069900030940,SUMATERA UTARA,DELI SERDANG,PAGAR MERBAU,SUKA MULIA,TPS 2,2019-10-25 11:00:05,136,81,262,223,223,217,6,https://pemilu2019.kpu.go.id/img/c/900/030/900030940/9069-2-C1-PPWP-X1.jpg,https://pemilu2019.kpu.go.id/img/c/900/030/900030940/9069-2-C1-PPWP-X2.jpg
6728868890659069900030941,SUMATERA UTARA,DELI SERDANG,PAGAR MERBAU,SUKA MULIA,TPS 3,2019-10-25 11:00:05,172,63,266,236,236,235,1,https://pemilu2019.kpu.go.id/img/c/900/030/900030941/9069-3-C1-PPWP-X1.jpg,https://pemilu2019.kpu.go.id/img/c/900/030/900030941/9069-3-C1-PPWP-X2.jpg
6728868890659069900030942,SUMATERA UTARA,DELI SERDANG,PAGAR MERBAU,SUKA MULIA,TPS 4,2019-10-25 11:00:05,133,91,265,231,231,224,7,https://pemilu2019.kpu.go.id/img/c/900/030/900030942/9069-4-C1-PPWP-X1.jpg,https://pemilu2019.kpu.go.id/img/c/900/030/900030942/9069-4-C1-PPWP-X2.jpg
6728868890659069900030943,SUMATERA UTARA,DELI SERDANG,PAGAR MERBAU,SUKA MULIA,TPS 5,2019-10-25 11:00:05,138,88,265,233,233,226,7,https://pemilu2019.kpu.go.id/img/c/900/030/900030943/9069-5-C1-PPWP-X1.jpg,https://pemilu2019.kpu.go.id/img/c/900/030/900030943/9069-5-C1-PPWP-X2.jpg
6728868890659081900031007,SUMATERA UTARA,DELI SERDANG,PAGAR MERBAU,SUMBEREJO,TPS 01,2019-10-25 11:00:05,176,44,273,222,222,220,2,https://pemilu2019.kpu.go.id/img/c/900/031/900031007/9081-01-C-XXX-X5.jpg,https://pemilu2019.kpu.go.id/img/c/900/031/900031007/9081-01-C-XXX-X6.jpg
6728868890659081900031008,SUMATERA UTARA,DELI SERDANG,PAGAR MERBAU,SUMBEREJO,TPS 02,2019-10-25 11:00:05,133,94,299,233,233,227,6,https://pemilu2019.kpu.go.id/img/c/900/031/900031008/9081-02-C-XXX-X5.jpg,https://pemilu2019.kpu.go.id/img/c/900/031/900031008/9081-02-C-XXX-X6.jpg
6728868890659081900031009,SUMATERA UTARA,DELI SERDANG,PAGAR MERBAU,SUMBEREJO,TPS 03,2019-10-25 11:00:05,88,108,253,201,201,196,5,https://pemilu2019.kpu.go.id/img/c/900/031/900031009/9081-03-C-XXX-X5.jpg,https://pemilu2019.kpu.go.id/img/c/900/031/900031009/9081-03-C-XXX-X6.jpg
6728868890659081900031010,SUMATERA UTARA,DELI SERDANG,PAGAR MERBAU,SUMBEREJO,TPS 04,2019-10-25 11:00:05,100,130,268,232,232,230,2,https://pemilu2019.kpu.go.id/img/c/900/031/900031010/9081-04-C-XXX-X5.jpg,https://pemilu2019.kpu.go.id/img/c/900/031/900031010/9081-04-C-XXX-X6.jpg
6728868890659081900031011,SUMATERA UTARA,DELI SERDANG,PAGAR MERBAU,SUMBEREJO,TPS 05,2019-10-25 11:00:05,83,142,288,230,230,225,5,https://pemilu2019.kpu.go.id/img/c/900/031/900031011/9081-05-C-XXX-X5.jpg,https://pemilu2019.kpu.go.id/img/c/900/031/900031011/9081-05-C-XXX-X6.jpg
6728868890659081900031012,SUMATERA UTARA,DELI SERDANG,PAGAR MERBAU,SUMBEREJO,TPS 06,2019-10-25 11:00:05,76,121,274,202,202,197,5,https://pemilu2019.kpu.go.id/img/c/900/031/900031012/9081-06-C-XXX-X5.jpg,https://pemilu2019.kpu.go.id/img/c/900/031/900031012/9081-06-C-XXX-X6.jpg
6728868890659081900031013,SUMATERA UTARA,DELI SERDANG,PAGAR MERBAU,SUMBEREJO,TPS 07,2019-10-25 11:00:05,95,98,265,193,193,193,0,https://pemilu2019.kpu.go.id/img/c/900/031/900031013/9081-07-C-XXX-X5.jpg,https://pemilu2019.kpu.go.id/img/c/900/031/900031013/9081-07-C-XXX-X6.jpg
6728868890659081900031014,SUMATERA UTARA,DELI SERDANG,PAGAR MERBAU,SUMBEREJO,TPS 08,2019-10-25 11:00:05,83,135,287,220,220,218,2,https://pemilu2019.kpu.go.id/img/c/900/031/900031014/9081-08-C-XXX-X5.jpg,https://pemilu2019.kpu.go.id/img/c/900/031/900031014/9081-08-C-XXX-X6.jpg
6728868890659081900031015,SUMATERA UTARA,DELI SERDANG,PAGAR MERBAU,SUMBEREJO,TPS 09,2019-10-25 11:00:05,101,109,275,215,215,210,5,https://pemilu2019.kpu.go.id/img/c/900/031/900031015/9081-09-C1-PPWP-X1.jpg,https://pemilu2019.kpu.go.id/img/c/900/031/900031015/9081-09-C1-PPWP-X2.jpg
6728868890659081900031016,SUMATERA UTARA,DELI SERDANG,PAGAR MERBAU,SUMBEREJO,TPS 10,2019-10-25 11:00:05,199,5,262,206,206,204,2,https://pemilu2019.kpu.go.id/img/c/900/031/900031016/9081-10-C-XXX-X5.jpg,https://pemilu2019.kpu.go.id/img/c/900/031/900031016/9081-10-C-XXX-X6.jpg
6728868890659076900030981,SUMATERA UTARA,DELI SERDANG,PAGAR MERBAU,TANJUNG GARBUS II,TPS 1,2019-10-25 11:00:05,38,93,156,131,131,131,0,https://pemilu2019.kpu.go.id/img/c/900/030/900030981/9076-1-C-XXX-X5.jpg,https://pemilu2019.kpu.go.id/img/c/900/030/900030981/9076-1-C-XXX-X6.jpg
6728868890659077900030982,SUMATERA UTARA,DELI SERDANG,PAGAR MERBAU,TANJUNG GARBUS KP,TPS 1,2019-10-25 11:00:05,135,102,288,242,242,237,5,https://pemilu2019.kpu.go.id/img/c/900/030/900030982/9077-1-C-XXX-X5.jpg,https://pemilu2019.kpu.go.id/img/c/900/030/900030982/9077-1-C-XXX-X6.jpg
6728868890659077900030983,SUMATERA UTARA,DELI SERDANG,PAGAR MERBAU,TANJUNG GARBUS KP,TPS 2,2019-10-25 11:00:05,115,119,287,238,238,234,4,https://pemilu2019.kpu.go.id/img/c/900/030/900030983/9077-2-C-XXX-X5.jpg,https://pemilu2019.kpu.go.id/img/c/900/030/900030983/9077-2-C-XXX-X6.jpg
6728868890659077900030984,SUMATERA UTARA,DELI SERDANG,PAGAR MERBAU,TANJUNG GARBUS KP,TPS 3,2019-10-25 11:00:05,224,36,309,266,266,260,6,https://pemilu2019.kpu.go.id/img/c/900/030/900030984/9077-3-C-XXX-X5.jpg,https://pemilu2019.kpu.go.id/img/c/900/030/900030984/9077-3-C-XXX-X6.jpg
6728868890659077900030985,SUMATERA UTARA,DELI SERDANG,PAGAR MERBAU,TANJUNG GARBUS KP,TPS 4,2019-10-25 11:00:05,110,124,284,236,236,234,2,https://pemilu2019.kpu.go.id/img/c/900/030/900030985/9077-4-C-XXX-X5.jpg,https://pemilu2019.kpu.go.id/img/c/900/030/900030985/9077-4-C-XXX-X6.jpg
6728868890659066900030913,SUMATERA UTARA,DELI SERDANG,PAGAR MERBAU,TANJUNG MULIA,TPS 01,2019-10-25 11:00:05,105,125,304,233,233,230,3,https://pemilu2019.kpu.go.id/img/c/900/030/900030913/3-9066-01-C1-PPWP-X1.jpg,https://pemilu2019.kpu.go.id/img/c/900/030/900030913/3-9066-01-C1-PPWP-X2.jpg
6728868890659066900030914,SUMATERA UTARA,DELI SERDANG,PAGAR MERBAU,TANJUNG MULIA,TPS 02,2019-10-25 11:00:05,92,128,292,224,224,220,4,https://pemilu2019.kpu.go.id/img/c/900/030/900030914/1-9066-02-C1-PPWP-X1.jpg,https://pemilu2019.kpu.go.id/img/c/900/030/900030914/1-9066-02-C1-PPWP-X2.jpg
6728868890659066900030915,SUMATERA UTARA,DELI SERDANG,PAGAR MERBAU,TANJUNG MULIA,TPS 03,2019-10-25 11:00:05,87,152,299,243,243,239,4,https://pemilu2019.kpu.go.id/img/c/900/030/900030915/1-9066-03-C1-PPWP-X1.jpg,https://pemilu2019.kpu.go.id/img/c/900/030/900030915/1-9066-03-C1-PPWP-X2.jpg
6728868890659066900030916,SUMATERA UTARA,DELI SERDANG,PAGAR MERBAU,TANJUNG MULIA,TPS 04,2019-10-25 11:00:05,92,129,301,221,221,221,0,https://pemilu2019.kpu.go.id/img/c/900/030/900030916/2-9066-04-C1-PPWP-X1.jpg,https://pemilu2019.kpu.go.id/img/c/900/030/900030916/2-9066-04-C1-PPWP-X2.jpg
6728868890659066900030917,SUMATERA UTARA,DELI SERDANG,PAGAR MERBAU,TANJUNG MULIA,TPS 05,2019-10-25 11:00:05,85,155,306,241,241,240,1,https://pemilu2019.kpu.go.id/img/c/900/030/900030917/2-9066-05-C1-PPWP-X1.jpg,https://pemilu2019.kpu.go.id/img/c/900/030/900030917/2-9066-05-C1-PPWP-X2.jpg
6728868890659066900030918,SUMATERA UTARA,DELI SERDANG,PAGAR MERBAU,TANJUNG MULIA,TPS 06,2019-10-25 11:00:05,95,129,285,229,229,224,5,https://pemilu2019.kpu.go.id/img/c/900/030/900030918/9066-06-C1-PPWP-X1.jpg,https://pemilu2019.kpu.go.id/img/c/900/030/900030918/9066-06-C1-PPWP-X2.jpg
6728868890659066900030919,SUMATERA UTARA,DELI SERDANG,PAGAR MERBAU,TANJUNG MULIA,TPS 07,2019-10-25 11:00:05,110,126,305,243,243,236,7,https://pemilu2019.kpu.go.id/img/c/900/030/900030919/2-9066-07-C1-PPWP-X1.jpg,https://pemilu2019.kpu.go.id/img/c/900/030/900030919/2-9066-07-C1-PPWP-X2.jpg
6728868890659066900030920,SUMATERA UTARA,DELI SERDANG,PAGAR MERBAU,TANJUNG MULIA,TPS 08,2019-10-25 11:00:05,124,90,294,219,219,214,5,https://pemilu2019.kpu.go.id/img/c/900/030/900030920/3-9066-08-C1-PPWP-X1.jpg,https://pemilu2019.kpu.go.id/img/c/900/030/900030920/3-9066-08-C1-PPWP-X2.jpg
6728868890659066900030921,SUMATERA UTARA,DELI SERDANG,PAGAR MERBAU,TANJUNG MULIA,TPS 09,2019-10-25 11:00:05,136,101,291,250,250,237,13,https://pemilu2019.kpu.go.id/img/c/900/030/900030921/1-9066-09-C1-PPWP-X1.jpg,https://pemilu2019.kpu.go.id/img/c/900/030/900030921/1-9066-09-C1-PPWP-X2.jpg
6728868890659066900030922,SUMATERA UTARA,DELI SERDANG,PAGAR MERBAU,TANJUNG MULIA,TPS 10,2019-10-25 11:00:05,131,71,299,205,205,202,3,https://pemilu2019.kpu.go.id/img/c/900/030/900030922/1-9066-10-C1-PPWP-X1.jpg,https://pemilu2019.kpu.go.id/img/c/900/030/900030922/1-9066-10-C1-PPWP-X2.jpg
6728868890659066900030923,SUMATERA UTARA,DELI SERDANG,PAGAR MERBAU,TANJUNG MULIA,TPS 11,2019-10-25 11:00:05,126,54,252,185,185,180,5,https://pemilu2019.kpu.go.id/img/c/900/030/900030923/1-9066-11-C1-PPWP-X1.jpg,https://pemilu2019.kpu.go.id/img/c/900/030/900030923/1-9066-11-C1-PPWP-X2.jpg
6728868890659066900030924,SUMATERA UTARA,DELI SERDANG,PAGAR MERBAU,TANJUNG MULIA,TPS 12,2019-10-25 11:00:05,99,70,254,177,177,169,8,https://pemilu2019.kpu.go.id/img/c/900/030/900030924/1-9066-12-C1-PPWP-X1.jpg,https://pemilu2019.kpu.go.id/img/c/900/030/900030924/1-9066-12-C1-PPWP-X2.jpg
6728868890659066900030925,SUMATERA UTARA,DELI SERDANG,PAGAR MERBAU,TANJUNG MULIA,TPS 13,2019-10-25 11:00:05,73,89,186,166,166,162,4,https://pemilu2019.kpu.go.id/img/c/900/030/900030925/9066-13-C1-PPWP-X1.jpg,https://pemilu2019.kpu.go.id/img/c/900/030/900030925/9066-13-C1-PPWP-X2.jpg
6728868890659066900030926,SUMATERA UTARA,DELI SERDANG,PAGAR MERBAU,TANJUNG MULIA,TPS 14,2019-10-25 11:00:05,94,63,182,158,158,157,1,https://pemilu2019.kpu.go.id/img/c/900/030/900030926/9066-14-C1-PPWP-X1.jpg,https://pemilu2019.kpu.go.id/img/c/900/030/900030926/9066-14-C1-PPWP-X2.jpg
6728868887758799900026573,SUMATERA UTARA,DELI SERDANG,PANCUR BATU,BARU,TPS 01,2019-10-25 11:00:05,111,107,289,218,218,218,0,https://pemilu2019.kpu.go.id/img/c/900/026/900026573/1-8799-01-C1-PPWP-X1.jpg,https://pemilu2019.kpu.go.id/img/c/900/026/900026573/1-8799-01-C1-PPWP-X2.jpg
6728868887758799900026574,SUMATERA UTARA,DELI SERDANG,PANCUR BATU,BARU,TPS 02,2019-10-25 11:00:05,149,81,281,232,232,230,2,https://pemilu2019.kpu.go.id/img/c/900/026/900026574/1-8799-02-C1-PPWP-X1.jpg,https://pemilu2019.kpu.go.id/img/c/900/026/900026574/1-8799-02-C1-PPWP-X2.jpg
6728868887758799900026575,SUMATERA UTARA,DELI SERDANG,PANCUR BATU,BARU,TPS 03,2019-10-25 11:00:05,98,80,270,178,178,178,0,https://pemilu2019.kpu.go.id/img/c/900/026/900026575/1-8799-03-C1-PPWP-X1.jpg,https://pemilu2019.kpu.go.id/img/c/900/026/900026575/1-8799-03-C1-PPWP-X2.jpg
6728868887758799900026576,SUMATERA UTARA,DELI SERDANG,PANCUR BATU,BARU,TPS 04,2019-10-25 11:00:05,132,33,246,168,168,165,3,https://pemilu2019.kpu.go.id/img/c/900/026/900026576/1-8799-04-C1-PPWP-X1.jpg,https://pemilu2019.kpu.go.id/img/c/900/026/900026576/1-8799-04-C1-PPWP-X2.jpg
6728868887758799900026577,SUMATERA UTARA,DELI SERDANG,PANCUR BATU,BARU,TPS 05,2019-10-25 11:00:05,155,33,241,191,191,188,3,https://pemilu2019.kpu.go.id/img/c/900/026/900026577/1-8799-05-C1-PPWP-X1.jpg,https://pemilu2019.kpu.go.id/img/c/900/026/900026577/1-8799-05-C1-PPWP-X2.jpg
6728868887758799900026578,SUMATERA UTARA,DELI SERDANG,PANCUR BATU,BARU,TPS 06,2019-10-25 11:00:05,139,28,258,170,170,167,3,https://pemilu2019.kpu.go.id/img/c/900/026/900026578/1-8799-06-C1-PPWP-X1.jpg,https://pemilu2019.kpu.go.id/img/c/900/026/900026578/1-8799-06-C1-PPWP-X2.jpg
6728868887758799900026579,SUMATERA UTARA,DELI SERDANG,PANCUR BATU,BARU,TPS 07,2019-10-25 11:00:05,102,55,258,158,158,157,1,https://pemilu2019.kpu.go.id/img/c/900/026/900026579/1-8799-07-C1-PPWP-X1.jpg,https://pemilu2019.kpu.go.id/img/c/900/026/900026579/1-8799-07-C1-PPWP-X2.jpg
6728868887758799900026580,SUMATERA UTARA,DELI SERDANG,PANCUR BATU,BARU,TPS 08,2019-10-25 11:00:05,125,51,263,185,185,176,9,https://pemilu2019.kpu.go.id/img/c/900/026/900026580/1-8799-08-C1-PPWP-X1.jpg,https://pemilu2019.kpu.go.id/img/c/900/026/900026580/1-8799-08-C1-PPWP-X2.jpg
6728868887758799900026581,SUMATERA UTARA,DELI SERDANG,PANCUR BATU,BARU,TPS 09,2019-10-25 11:00:05,103,65,261,169,169,168,1,https://pemilu2019.kpu.go.id/img/c/900/026/900026581/1-8799-09-C1-PPWP-X1.jpg,https://pemilu2019.kpu.go.id/img/c/900/026/900026581/1-8799-09-C1-PPWP-X2.jpg
6728868887758799900026582,SUMATERA UTARA,DELI SERDANG,PANCUR BATU,BARU,TPS 10,2019-10-25 11:00:05,107,62,268,171,171,169,2,https://pemilu2019.kpu.go.id/img/c/900/026/900026582/2-8799-10-C1-PPWP-X1.jpg,https://pemilu2019.kpu.go.id/img/c/900/026/900026582/2-8799-10-C1-PPWP-X2.jpg
6728868887758799900026583,SUMATERA UTARA,DELI SERDANG,PANCUR BATU,BARU,TPS 11,2019-10-25 11:00:05,89,41,248,131,131,130,1,https://pemilu2019.kpu.go.id/img/c/900/026/900026583/1-8799-11-C1-PPWP-X1.jpg,https://pemilu2019.kpu.go.id/img/c/900/026/900026583/1-8799-11-C1-PPWP-X2.jpg
6728868887758799900026584,SUMATERA UTARA,DELI SERDANG,PANCUR BATU,BARU,TPS 12,2019-10-25 11:00:05,86,47,272,133,133,133,0,https://pemilu2019.kpu.go.id/img/c/900/026/900026584/1-8799-12-C1-PPWP-X1.jpg,https://pemilu2019.kpu.go.id/img/c/900/026/900026584/1-8799-12-C1-PPWP-X2.jpg
6728868887758799900026585,SUMATERA UTARA,DELI SERDANG,PANCUR BATU,BARU,TPS 13,2019-10-25 11:00:05,117,71,273,189,189,188,1,https://pemilu2019.kpu.go.id/img/c/900/026/900026585/1-8799-13-C1-PPWP-X1.jpg,https://pemilu2019.kpu.go.id/img/c/900/026/900026585/1-8799-13-C1-PPWP-X2.jpg
6728868887758799900026586,SUMATERA UTARA,DELI SERDANG,PANCUR BATU,BARU,TPS 14,2019-10-25 11:00:05,122,35,292,157,157,157,0,https://pemilu2019.kpu.go.id/img/c/900/026/900026586/1-8799-14-C1-PPWP-X1.jpg,https://pemilu2019.kpu.go.id/img/c/900/026/900026586/1-8799-14-C1-PPWP-X2.jpg
6728868887758799900026587,SUMATERA UTARA,DELI SERDANG,PANCUR BATU,BARU,TPS 15,2019-10-25 11:00:05,140,47,290,190,190,187,3,https://pemilu2019.kpu.go.id/img/c/900/026/900026587/1-8799-15-C1-PPWP-X1.jpg,https://pemilu2019.kpu.go.id/img/c/900/026/900026587/1-8799-15-C1-PPWP-X2.jpg
6728868887758799900026588,SUMATERA UTARA,DELI SERDANG,PANCUR BATU,BARU,TPS 16,2019-10-25 11:00:05,128,32,275,160,160,160,0,https://pemilu2019.kpu.go.id/img/c/900/026/900026588/1-8799-16-C1-PPWP-X1.jpg,https://pemilu2019.kpu.go.id/img/c/900/026/900026588/1-8799-16-C1-PPWP-X2.jpg
6728868887758799900026589,SUMATERA UTARA,DELI SERDANG,PANCUR BATU,BARU,TPS 17,2019-10-25 11:00:05,139,55,278,196,196,194,2,https://pemilu2019.kpu.go.id/img/c/900/026/900026589/1-8799-17-C1-PPWP-X1.jpg,https://pemilu2019.kpu.go.id/img/c/900/026/900026589/1-8799-17-C1-PPWP-X2.jpg
6728868887758799900026590,SUMATERA UTARA,DELI SERDANG,PANCUR BATU,BARU,TPS 18,2019-10-25 11:00:05,170,23,297,196,196,193,3,https://pemilu2019.kpu.go.id/img/c/900/026/900026590/1-8799-18-C1-PPWP-X1.jpg,https://pemilu2019.kpu.go.id/img/c/900/026/900026590/1-8799-18-C1-PPWP-X2.jpg
6728868887758799900026591,SUMATERA UTARA,DELI SERDANG,PANCUR BATU,BARU,TPS 19,2019-10-25 11:00:05,164,27,302,191,191,191,0,https://pemilu2019.kpu.go.id/img/c/900/026/900026591/1-8799-19-C1-PPWP-X1.jpg,https://pemilu2019.kpu.go.id/img/c/900/026/900026591/1-8799-19-C1-PPWP-X2.jpg
6728868887758799900026592,SUMATERA UTARA,DELI SERDANG,PANCUR BATU,BARU,TPS 20,2019-10-25 11:00:05,176,16,312,192,192,192,0,https://pemilu2019.kpu.go.id/img/c/900/026/900026592/1-8799-20-C1-PPWP-X1.jpg,https://pemilu2019.kpu.go.id/img/c/900/026/900026592/1-8799-20-C1-PPWP-X2.jpg
6728868887758776900026364,SUMATERA UTARA,DELI SERDANG,PANCUR BATU,BINTANG MERIAH,TPS 1,2019-10-25 11:00:05,221,22,301,247,247,243,4,https://pemilu2019.kpu.go.id/img/c/900/026/900026364/1-8776-1-C1-PPWP-X1.jpg,https://pemilu2019.kpu.go.id/img/c/900/026/900026364/1-8776-1-C1-PPWP-X2.jpg
6728868887758776900026365,SUMATERA UTARA,DELI SERDANG,PANCUR BATU,BINTANG MERIAH,TPS 2,2019-10-25 11:00:05,210,6,270,216,216,216,0,https://pemilu2019.kpu.go.id/img/c/900/026/900026365/1-8776-2-C1-PPWP-X1.jpg,https://pemilu2019.kpu.go.id/img/c/900/026/900026365/1-8776-2-C1-PPWP-X2.jpg
6728868887758776900026366,SUMATERA UTARA,DELI SERDANG,PANCUR BATU,BINTANG MERIAH,TPS 3,2019-10-25 11:00:05,214,3,277,217,217,217,0,https://pemilu2019.kpu.go.id/img/c/900/026/900026366/1-8776-3-C1-PPWP-X1.jpg,https://pemilu2019.kpu.go.id/img/c/900/026/900026366/1-8776-3-C1-PPWP-X2.jpg
6728868887758776900026367,SUMATERA UTARA,DELI SERDANG,PANCUR BATU,BINTANG MERIAH,TPS 4,2019-10-25 11:00:05,135,11,175,147,147,146,1,https://pemilu2019.kpu.go.id/img/c/900/026/900026367/1-8776-4-C1-PPWP-X1.jpg,https://pemilu2019.kpu.go.id/img/c/900/026/900026367/1-8776-4-C1-PPWP-X2.jpg
6728868887758779900026376,SUMATERA UTARA,DELI SERDANG,PANCUR BATU,DURIAN SIMBELANG,TPS 1,2019-10-25 11:00:05,193,9,248,205,205,202,3,https://pemilu2019.kpu.go.id/img/c/900/026/900026376/1-8779-1-C1-PPWP-X1.jpg,https://pemilu2019.kpu.go.id/img/c/900/026/900026376/1-8779-1-C1-PPWP-X2.jpg
6728868887758779900026377,SUMATERA UTARA,DELI SERDANG,PANCUR BATU,DURIAN SIMBELANG,TPS 2,2019-10-25 11:00:05,184,6,234,197,197,190,7,https://pemilu2019.kpu.go.id/img/c/900/026/900026377/1-8779-2-C1-PPWP-X1.jpg,https://pemilu2019.kpu.go.id/img/c/900/026/900026377/1-8779-2-C1-PPWP-X2.jpg
6728868887758779900026378,SUMATERA UTARA,DELI SERDANG,PANCUR BATU,DURIAN SIMBELANG,TPS 3,2019-10-25 11:00:05,193,3,247,199,199,196,3,https://pemilu2019.kpu.go.id/img/c/900/026/900026378/2-8779-3-C1-PPWP-X1.jpg,https://pemilu2019.kpu.go.id/img/c/900/026/900026378/2-8779-3-C1-PPWP-X2.jpg
6728868887758779900026379,SUMATERA UTARA,DELI SERDANG,PANCUR BATU,DURIAN SIMBELANG,TPS 4,2019-10-25 11:00:05,107,90,253,201,201,197,4,https://pemilu2019.kpu.go.id/img/c/900/026/900026379/2-8779-4-C1-PPWP-X1.jpg,https://pemilu2019.kpu.go.id/img/c/900/026/900026379/2-8779-4-C1-PPWP-X2.jpg
6728868887758779900026380,SUMATERA UTARA,DELI SERDANG,PANCUR BATU,DURIAN SIMBELANG,TPS 5,2019-10-25 11:00:05,121,120,312,245,245,241,4,https://pemilu2019.kpu.go.id/img/c/900/026/900026380/1-8779-5-C1-PPWP-X1.jpg,https://pemilu2019.kpu.go.id/img/c/900/026/900026380/1-8779-5-C1-PPWP-X2.jpg
6728868887758779900026381,SUMATERA UTARA,DELI SERDANG,PANCUR BATU,DURIAN SIMBELANG,TPS 6,2019-10-25 11:00:05,108,83,243,192,192,191,1,https://pemilu2019.kpu.go.id/img/c/900/026/900026381/1-8779-6-C1-PPWP-X1.jpg,https://pemilu2019.kpu.go.id/img/c/900/026/900026381/1-8779-6-C1-PPWP-X2.jpg
6728868887758779900026382,SUMATERA UTARA,DELI SERDANG,PANCUR BATU,DURIAN SIMBELANG,TPS 7,2019-10-25 11:00:05,124,88,259,214,214,212,2,https://pemilu2019.kpu.go.id/img/c/900/026/900026382/1-8779-7-C1-PPWP-X1.jpg,https://pemilu2019.kpu.go.id/img/c/900/026/900026382/1-8779-7-C1-PPWP-X2.jpg
6728868887758779900026383,SUMATERA UTARA,DELI SERDANG,PANCUR BATU,DURIAN SIMBELANG,TPS 8,2019-10-25 11:00:05,177,48,266,228,228,225,3,https://pemilu2019.kpu.go.id/img/c/900/026/900026383/2-8779-8-C1-PPWP-X1.jpg,https://pemilu2019.kpu.go.id/img/c/900/026/900026383/2-8779-8-C1-PPWP-X2.jpg
6728868887758794900026511,SUMATERA UTARA,DELI SERDANG,PANCUR BATU,DURIN JANGAK,TPS 1,2019-10-25 11:00:05,185,13,259,199,199,198,1,https://pemilu2019.kpu.go.id/img/c/900/026/900026511/1-8794-1-C1-PPWP-X1.jpg,https://pemilu2019.kpu.go.id/img/c/900/026/900026511/1-8794-1-C1-PPWP-X2.jpg
6728868887758794900026512,SUMATERA UTARA,DELI SERDANG,PANCUR BATU,DURIN JANGAK,TPS 2,2019-10-25 11:00:05,174,11,267,186,186,185,1,https://pemilu2019.kpu.go.id/img/c/900/026/900026512/1-8794-2-C1-PPWP-X1.jpg,https://pemilu2019.kpu.go.id/img/c/900/026/900026512/1-8794-2-C1-PPWP-X2.jpg
6728868887758794900026513,SUMATERA UTARA,DELI SERDANG,PANCUR BATU,DURIN JANGAK,TPS 3,2019-10-25 11:00:05,112,12,231,124,124,124,0,https://pemilu2019.kpu.go.id/img/c/900/026/900026513/1-8794-3-C1-PPWP-X1.jpg,https://pemilu2019.kpu.go.id/img/c/900/026/900026513/1-8794-3-C1-PPWP-X2.jpg
6728868887758794900026514,SUMATERA UTARA,DELI SERDANG,PANCUR BATU,DURIN JANGAK,TPS 4,2019-10-25 11:00:05,150,12,261,162,162,162,0,https://pemilu2019.kpu.go.id/img/c/900/026/900026514/1-8794-4-C1-PPWP-X1.jpg,https://pemilu2019.kpu.go.id/img/c/900/026/900026514/1-8794-4-C1-PPWP-X2.jpg
6728868887758794900026515,SUMATERA UTARA,DELI SERDANG,PANCUR BATU,DURIN JANGAK,TPS 5,2019-10-25 11:00:05,115,8,224,123,123,123,0,https://pemilu2019.kpu.go.id/img/c/900/026/900026515/1-8794-5-C1-PPWP-X1.jpg,https://pemilu2019.kpu.go.id/img/c/900/026/900026515/1-8794-5-C1-PPWP-X2.jpg
6728868887758781900026390,SUMATERA UTARA,DELI SERDANG,PANCUR BATU,DURIN TONGGAL,TPS 1,2019-10-25 11:00:05,174,33,315,213,213,207,6,https://pemilu2019.kpu.go.id/img/c/900/026/900026390/1-8781-1-C1-PPWP-X1.jpg,https://pemilu2019.kpu.go.id/img/c/900/026/900026390/1-8781-1-C1-PPWP-X2.jpg
6728868887758781900026391,SUMATERA UTARA,DELI SERDANG,PANCUR BATU,DURIN TONGGAL,TPS 2,2019-10-25 11:00:05,119,23,255,144,144,142,2,https://pemilu2019.kpu.go.id/img/c/900/026/900026391/1-8781-2-C1-PPWP-X1.jpg,https://pemilu2019.kpu.go.id/img/c/900/026/900026391/1-8781-2-C1-PPWP-X2.jpg
6728868887758781900026392,SUMATERA UTARA,DELI SERDANG,PANCUR BATU,DURIN TONGGAL,TPS 3,2019-10-25 11:00:05,208,11,303,221,221,219,2,https://pemilu2019.kpu.go.id/img/c/900/026/900026392/1-8781-3-C1-PPWP-X1.jpg,https://pemilu2019.kpu.go.id/img/c/900/026/900026392/1-8781-3-C1-PPWP-X2.jpg
6728868887758781900026393,SUMATERA UTARA,DELI SERDANG,PANCUR BATU,DURIN TONGGAL,TPS 4,2019-10-25 11:00:05,191,37,292,229,229,228,1,https://pemilu2019.kpu.go.id/img/c/900/026/900026393/1-8781-4-C1-PPWP-X1.jpg,https://pemilu2019.kpu.go.id/img/c/900/026/900026393/1-8781-4-C1-PPWP-X2.jpg
6728868887758781900026394,SUMATERA UTARA,DELI SERDANG,PANCUR BATU,DURIN TONGGAL,TPS 5,2019-10-25 11:00:05,143,32,242,177,177,175,2,https://pemilu2019.kpu.go.id/img/c/900/026/900026394/1-8781-5-C1-PPWP-X1.jpg,https://pemilu2019.kpu.go.id/img/c/900/026/900026394/1-8781-5-C1-PPWP-X2.jpg
6728868887758781900026395,SUMATERA UTARA,DELI SERDANG,PANCUR BATU,DURIN TONGGAL,TPS 6,2019-10-25 11:00:05,209,30,317,242,242,239,3,https://pemilu2019.kpu.go.id/img/c/900/026/900026395/1-8781-6-C1-PPWP-X1.jpg,https://pemilu2019.kpu.go.id/img/c/900/026/900026395/1-8781-6-C1-PPWP-X2.jpg
6728868887758781900026396,SUMATERA UTARA,DELI SERDANG,PANCUR BATU,DURIN TONGGAL,TPS 7,2019-10-25 11:00:05,179,38,307,217,217,217,0,https://pemilu2019.kpu.go.id/img/c/900/026/900026396/1-8781-7-C1-PPWP-X1.jpg,https://pemilu2019.kpu.go.id/img/c/900/026/900026396/1-8781-7-C1-PPWP-X2.jpg
6728868887758781900026397,SUMATERA UTARA,DELI SERDANG,PANCUR BATU,DURIN TONGGAL,TPS 8,2019-10-25 11:00:05,200,28,230,230,230,228,2,https://pemilu2019.kpu.go.id/img/c/900/026/900026397/1-8781-8-C1-PPWP-X1.jpg,https://pemilu2019.kpu.go.id/img/c/900/026/900026397/1-8781-8-C1-PPWP-X2.jpg
6728868887758781900026398,SUMATERA UTARA,DELI SERDANG,PANCUR BATU,DURIN TONGGAL,TPS 9,2019-10-25 11:00:05,175,24,306,200,200,199,1,https://pemilu2019.kpu.go.id/img/c/900/026/900026398/1-8781-9-C1-PPWP-X1.jpg,https://pemilu2019.kpu.go.id/img/c/900/026/900026398/1-8781-9-C1-PPWP-X2.jpg
6728868887758792900026490,SUMATERA UTARA,DELI SERDANG,PANCUR BATU,GUNUNG TINGGI,TPS 1,2019-10-25 11:00:05,174,28,236,203,203,202,1,https://pemilu2019.kpu.go.id/img/c/900/026/900026490/1-8792-1-C1-PPWP-X1.jpg,https://pemilu2019.kpu.go.id/img/c/900/026/900026490/1-8792-1-C1-PPWP-X2.jpg
6728868887758792900026491,SUMATERA UTARA,DELI SERDANG,PANCUR BATU,GUNUNG TINGGI,TPS 2,2019-10-25 11:00:05,182,12,262,200,200,194,6,https://pemilu2019.kpu.go.id/img/c/900/026/900026491/1-8792-2-C1-PPWP-X1.jpg,https://pemilu2019.kpu.go.id/img/c/900/026/900026491/1-8792-2-C1-PPWP-X2.jpg
6728868887758792900026492,SUMATERA UTARA,DELI SERDANG,PANCUR BATU,GUNUNG TINGGI,TPS 3,2019-10-25 11:00:05,161,43,265,204,204,204,0,https://pemilu2019.kpu.go.id/img/c/900/026/900026492/1-8792-3-C1-PPWP-X1.jpg,https://pemilu2019.kpu.go.id/img/c/900/026/900026492/1-8792-3-C1-PPWP-X2.jpg
6728868887758792900026493,SUMATERA UTARA,DELI SERDANG,PANCUR BATU,GUNUNG TINGGI,TPS 4,2019-10-25 11:00:05,127,32,220,161,161,159,12,https://pemilu2019.kpu.go.id/img/c/900/026/900026493/2-8792-4-C-XXX-X5.jpg,https://pemilu2019.kpu.go.id/img/c/900/026/900026493/2-8792-4-C-XXX-X6.jpg
6728868887758792900026494,SUMATERA UTARA,DELI SERDANG,PANCUR BATU,GUNUNG TINGGI,TPS 5,2019-10-25 11:00:05,152,13,215,173,173,165,8,https://pemilu2019.kpu.go.id/img/c/900/026/900026494/1-8792-5-C1-PPWP-X1.jpg,https://pemilu2019.kpu.go.id/img/c/900/026/900026494/1-8792-5-C1-PPWP-X2.jpg
6728868887758792900026495,SUMATERA UTARA,DELI SERDANG,PANCUR BATU,GUNUNG TINGGI,TPS 6,2019-10-25 11:00:05,150,35,266,185,185,185,0,https://pemilu2019.kpu.go.id/img/c/900/026/900026495/1-8792-6-C1-PPWP-X1.jpg,https://pemilu2019.kpu.go.id/img/c/900/026/900026495/1-8792-6-C1-PPWP-X2.jpg
6728868887758782900026399,SUMATERA UTARA,DELI SERDANG,PANCUR BATU,HULU,TPS 01,2019-10-25 11:00:05,121,106,297,227,227,227,0,https://pemilu2019.kpu.go.id/img/c/900/026/900026399/1-8782-01-C-XXX-X5.jpg,https://pemilu2019.kpu.go.id/img/c/900/026/900026399/1-8782-01-C-XXX-X6.jpg
6728868887758782900026400,SUMATERA UTARA,DELI SERDANG,PANCUR BATU,HULU,TPS 02,2019-10-25 11:00:05,118,94,294,218,218,212,6,https://pemilu2019.kpu.go.id/img/c/900/026/900026400/1-8782-02-C-XXX-X5.jpg,https://pemilu2019.kpu.go.id/img/c/900/026/900026400/1-8782-02-C-XXX-X6.jpg
6728868887758782900026401,SUMATERA UTARA,DELI SERDANG,PANCUR BATU,HULU,TPS 03,2019-10-25 11:00:05,123,104,290,227,227,227,0,https://pemilu2019.kpu.go.id/img/c/900/026/900026401/1-8782-03-C-XXX-X5.jpg,https://pemilu2019.kpu.go.id/img/c/900/026/900026401/1-8782-03-C-XXX-X6.jpg
6728868887758782900026402,SUMATERA UTARA,DELI SERDANG,PANCUR BATU,HULU,TPS 04,2019-10-25 11:00:05,109,122,281,234,234,231,3,https://pemilu2019.kpu.go.id/img/c/900/026/900026402/1-8782-04-C-XXX-X5.jpg,https://pemilu2019.kpu.go.id/img/c/900/026/900026402/1-8782-04-C-XXX-X6.jpg
6728868887758782900026403,SUMATERA UTARA,DELI SERDANG,PANCUR BATU,HULU,TPS 05,2019-10-25 11:00:05,179,62,293,242,242,241,1,https://pemilu2019.kpu.go.id/img/c/900/026/900026403/1-8782-05-C-XXX-X5.jpg,https://pemilu2019.kpu.go.id/img/c/900/026/900026403/1-8782-05-C-XXX-X6.jpg
6728868887758782900026404,SUMATERA UTARA,DELI SERDANG,PANCUR BATU,HULU,TPS 06,2019-10-25 11:00:05,146,56,0,204,204,202,2,https://pemilu2019.kpu.go.id/img/c/900/026/900026404/1-8782-06-C-XXX-X5.jpg,https://pemilu2019.kpu.go.id/img/c/900/026/900026404/1-8782-06-C-XXX-X6.jpg
6728868887758782900026405,SUMATERA UTARA,DELI SERDANG,PANCUR BATU,HULU,TPS 07,2019-10-25 11:00:05,149,64,292,217,217,213,4,https://pemilu2019.kpu.go.id/img/c/900/026/900026405/1-8782-07-C-XXX-X5.jpg,https://pemilu2019.kpu.go.id/img/c/900/026/900026405/1-8782-07-C-XXX-X6.jpg
6728868887758782900026406,SUMATERA UTARA,DELI SERDANG,PANCUR BATU,HULU,TPS 08,2019-10-25 11:00:05,196,15,263,211,211,211,0,https://pemilu2019.kpu.go.id/img/c/900/026/900026406/1-8782-08-C-XXX-X5.jpg,https://pemilu2019.kpu.go.id/img/c/900/026/900026406/1-8782-08-C-XXX-X6.jpg
6728868887758782900026407,SUMATERA UTARA,DELI SERDANG,PANCUR BATU,HULU,TPS 09,2019-10-25 11:00:05,207,18,297,226,226,225,1,https://pemilu2019.kpu.go.id/img/c/900/026/900026407/1-8782-09-C-XXX-X5.jpg,https://pemilu2019.kpu.go.id/img/c/900/026/900026407/1-8782-09-C-XXX-X6.jpg
6728868887758782900026408,SUMATERA UTARA,DELI SERDANG,PANCUR BATU,HULU,TPS 10,2019-10-25 11:00:05,65,37,217,104,104,102,2,https://pemilu2019.kpu.go.id/img/c/900/026/900026408/1-8782-10-C-XXX-X5.jpg,https://pemilu2019.kpu.go.id/img/c/900/026/900026408/1-8782-10-C-XXX-X6.jpg
6728868887758782900026409,SUMATERA UTARA,DELI SERDANG,PANCUR BATU,HULU,TPS 11,2019-10-25 11:00:05,65,48,203,113,113,113,0,https://pemilu2019.kpu.go.id/img/c/900/026/900026409/1-8782-11-C-XXX-X5.jpg,https://pemilu2019.kpu.go.id/img/c/900/026/900026409/1-8782-11-C-XXX-X6.jpg
6728868887758785900026417,SUMATERA UTARA,DELI SERDANG,PANCUR BATU,KAMPUNG TENGAH,TPS 1,2019-10-25 11:00:05,149,78,294,232,232,227,5,https://pemilu2019.kpu.go.id/img/c/900/026/900026417/2-8785-1-C1-PPWP-X1.jpg,https://pemilu2019.kpu.go.id/img/c/900/026/900026417/2-8785-1-C1-PPWP-X2.jpg
6728868887758785900026418,SUMATERA UTARA,DELI SERDANG,PANCUR BATU,KAMPUNG TENGAH,TPS 2,2019-10-25 11:00:05,140,67,284,208,208,207,1,https://pemilu2019.kpu.go.id/img/c/900/026/900026418/2-8785-2-C1-PPWP-X1.jpg,https://pemilu2019.kpu.go.id/img/c/900/026/900026418/2-8785-2-C1-PPWP-X2.jpg
6728868887758785900026419,SUMATERA UTARA,DELI SERDANG,PANCUR BATU,KAMPUNG TENGAH,TPS 3,2019-10-25 11:00:05,141,45,280,280,188,186,2,https://pemilu2019.kpu.go.id/img/c/900/026/900026419/3-8785-3-C1-PPWP-X1.jpg,https://pemilu2019.kpu.go.id/img/c/900/026/900026419/3-8785-3-C1-PPWP-X2.jpg
6728868887758785900026420,SUMATERA UTARA,DELI SERDANG,PANCUR BATU,KAMPUNG TENGAH,TPS 4,2019-10-25 11:00:05,167,26,286,205,205,193,12,https://pemilu2019.kpu.go.id/img/c/900/026/900026420/2-8785-4-C1-PPWP-X1.jpg,https://pemilu2019.kpu.go.id/img/c/900/026/900026420/2-8785-4-C1-PPWP-X2.jpg
6728868887758785900026421,SUMATERA UTARA,DELI SERDANG,PANCUR BATU,KAMPUNG TENGAH,TPS 5,2019-10-25 11:00:05,118,74,265,194,194,192,2,https://pemilu2019.kpu.go.id/img/c/900/026/900026421/1-8785-5-C1-PPWP-X1.jpg,https://pemilu2019.kpu.go.id/img/c/900/026/900026421/1-8785-5-C1-PPWP-X2.jpg
6728868887758785900026422,SUMATERA UTARA,DELI SERDANG,PANCUR BATU,KAMPUNG TENGAH,TPS 6,2019-10-25 11:00:05,132,61,280,193,193,193,0,https://pemilu2019.kpu.go.id/img/c/900/026/900026422/2-8785-6-C1-PPWP-X1.jpg,https://pemilu2019.kpu.go.id/img/c/900/026/900026422/2-8785-6-C1-PPWP-X2.jpg
6728868887758785900026423,SUMATERA UTARA,DELI SERDANG,PANCUR BATU,KAMPUNG TENGAH,TPS 7,2019-10-25 11:00:05,75,21,109,100,100,96,4,https://pemilu2019.kpu.go.id/img/c/900/026/900026423/2-8785-7-C1-PPWP-X1.jpg,https://pemilu2019.kpu.go.id/img/c/900/026/900026423/2-8785-7-C1-PPWP-X2.jpg
6728868887758789900026459,SUMATERA UTARA,DELI SERDANG,PANCUR BATU,LAMA,TPS 01,2019-10-25 11:00:05,91,91,263,183,183,182,1,https://pemilu2019.kpu.go.id/img/c/900/026/900026459/1-8789-01-C1-PPWP-X1.jpg,https://pemilu2019.kpu.go.id/img/c/900/026/900026459/1-8789-01-C1-PPWP-X2.jpg
6728868887758789900026460,SUMATERA UTARA,DELI SERDANG,PANCUR BATU,LAMA,TPS 02,2019-10-25 11:00:05,133,34,261,172,172,167,5,https://pemilu2019.kpu.go.id/img/c/900/026/900026460/1-8789-02-C1-PPWP-X1.jpg,https://pemilu2019.kpu.go.id/img/c/900/026/900026460/1-8789-02-C1-PPWP-X2.jpg
6728868887758789900026461,SUMATERA UTARA,DELI SERDANG,PANCUR BATU,LAMA,TPS 03,2019-10-25 11:00:05,91,94,266,185,185,185,0,https://pemilu2019.kpu.go.id/img/c/900/026/900026461/1-8789-03-C1-PPWP-X1.jpg,https://pemilu2019.kpu.go.id/img/c/900/026/900026461/1-8789-03-C1-PPWP-X2.jpg
6728868887758789900026462,SUMATERA UTARA,DELI SERDANG,PANCUR BATU,LAMA,TPS 04,2019-10-25 11:00:05,142,47,269,194,194,189,5,https://pemilu2019.kpu.go.id/img/c/900/026/900026462/1-8789-04-C1-PPWP-X1.jpg,https://pemilu2019.kpu.go.id/img/c/900/026/900026462/1-8789-04-C1-PPWP-X2.jpg
6728868887758789900026463,SUMATERA UTARA,DELI SERDANG,PANCUR BATU,LAMA,TPS 05,2019-10-25 11:00:05,145,41,272,187,187,186,1,https://pemilu2019.kpu.go.id/img/c/900/026/900026463/1-8789-05-C1-PPWP-X1.jpg,https://pemilu2019.kpu.go.id/img/c/900/026/900026463/1-8789-05-C1-PPWP-X2.jpg
6728868887758789900026464,SUMATERA UTARA,DELI SERDANG,PANCUR BATU,LAMA,TPS 06,2019-10-25 11:00:05,133,52,253,186,186,185,1,https://pemilu2019.kpu.go.id/img/c/900/026/900026464/2-8789-06-C1-PPWP-X1.jpg,https://pemilu2019.kpu.go.id/img/c/900/026/900026464/2-8789-06-C1-PPWP-X2.jpg
6728868887758789900026465,SUMATERA UTARA,DELI SERDANG,PANCUR BATU,LAMA,TPS 07,2019-10-25 11:00:05,168,48,277,218,218,216,2,https://pemilu2019.kpu.go.id/img/c/900/026/900026465/1-8789-07-C1-PPWP-X1.jpg,https://pemilu2019.kpu.go.id/img/c/900/026/900026465/1-8789-07-C1-PPWP-X2.jpg
6728868887758789900026466,SUMATERA UTARA,DELI SERDANG,PANCUR BATU,LAMA,TPS 08,2019-10-25 11:00:05,115,57,264,172,172,172,0,https://pemilu2019.kpu.go.id/img/c/900/026/900026466/1-8789-08-C1-PPWP-X1.jpg,https://pemilu2019.kpu.go.id/img/c/900/026/900026466/1-8789-08-C1-PPWP-X2.jpg
6728868887758789900026467,SUMATERA UTARA,DELI SERDANG,PANCUR BATU,LAMA,TPS 09,2019-10-25 11:00:05,150,16,266,169,169,166,3,https://pemilu2019.kpu.go.id/img/c/900/026/900026467/1-8789-09-C1-PPWP-X1.jpg,https://pemilu2019.kpu.go.id/img/c/900/026/900026467/1-8789-09-C1-PPWP-X2.jpg
6728868887758789900026468,SUMATERA UTARA,DELI SERDANG,PANCUR BATU,LAMA,TPS 10,2019-10-25 11:00:05,107,51,264,161,161,158,3,https://pemilu2019.kpu.go.id/img/c/900/026/900026468/1-8789-10-C1-PPWP-X1.jpg,https://pemilu2019.kpu.go.id/img/c/900/026/900026468/1-8789-10-C1-PPWP-X2.jpg
6728868887758789900026469,SUMATERA UTARA,DELI SERDANG,PANCUR BATU,LAMA,TPS 11,2019-10-25 11:00:05,101,46,255,149,149,147,2,https://pemilu2019.kpu.go.id/img/c/900/026/900026469/1-8789-11-C1-PPWP-X1.jpg,https://pemilu2019.kpu.go.id/img/c/900/026/900026469/1-8789-11-C1-PPWP-X2.jpg
6728868887758789900026470,SUMATERA UTARA,DELI SERDANG,PANCUR BATU,LAMA,TPS 12,2019-10-25 11:00:05,94,48,246,143,143,142,1,https://pemilu2019.kpu.go.id/img/c/900/026/900026470/1-8789-12-C1-PPWP-X1.jpg,https://pemilu2019.kpu.go.id/img/c/900/026/900026470/1-8789-12-C1-PPWP-X2.jpg
6728868887758789900026471,SUMATERA UTARA,DELI SERDANG,PANCUR BATU,LAMA,TPS 13,2019-10-25 11:00:05,99,44,251,145,145,143,2,https://pemilu2019.kpu.go.id/img/c/900/026/900026471/1-8789-13-C1-PPWP-X1.jpg,https://pemilu2019.kpu.go.id/img/c/900/026/900026471/1-8789-13-C1-PPWP-X2.jpg
6728868887758789900026472,SUMATERA UTARA,DELI SERDANG,PANCUR BATU,LAMA,TPS 14,2019-10-25 11:00:05,154,41,269,199,199,195,4,https://pemilu2019.kpu.go.id/img/c/900/026/900026472/3-8789-14-C1-PPWP-X1.jpg,https://pemilu2019.kpu.go.id/img/c/900/026/900026472/3-8789-14-C1-PPWP-X2.jpg
6728868887758789900026473,SUMATERA UTARA,DELI SERDANG,PANCUR BATU,LAMA,TPS 15,2019-10-25 11:00:05,108,57,259,166,166,165,1,https://pemilu2019.kpu.go.id/img/c/900/026/900026473/2-8789-15-C1-PPWP-X1.jpg,https://pemilu2019.kpu.go.id/img/c/900/026/900026473/2-8789-15-C1-PPWP-X2.jpg
6728868887758789900026474,SUMATERA UTARA,DELI SERDANG,PANCUR BATU,LAMA,TPS 16,2019-10-25 11:00:05,128,43,259,171,172,171,1,https://pemilu2019.kpu.go.id/img/c/900/026/900026474/1-8789-16-C1-PPWP-X1.jpg,https://pemilu2019.kpu.go.id/img/c/900/026/900026474/1-8789-16-C1-PPWP-X2.jpg
6728868887758789900026475,SUMATERA UTARA,DELI SERDANG,PANCUR BATU,LAMA,TPS 17,2019-10-25 11:00:05,110,34,263,148,148,144,4,https://pemilu2019.kpu.go.id/img/c/900/026/900026475/2-8789-17-C1-PPWP-X1.jpg,https://pemilu2019.kpu.go.id/img/c/900/026/900026475/2-8789-17-C1-PPWP-X2.jpg
6728868887758789900026476,SUMATERA UTARA,DELI SERDANG,PANCUR BATU,LAMA,TPS 18,2019-10-25 11:00:05,76,53,261,129,129,127,2,https://pemilu2019.kpu.go.id/img/c/900/026/900026476/1-8789-18-C1-PPWP-X1.jpg,https://pemilu2019.kpu.go.id/img/c/900/026/900026476/1-8789-18-C1-PPWP-X2.jpg
6728868887758789901630613,SUMATERA UTARA,DELI SERDANG,PANCUR BATU,LAMA,TPS 19,2019-10-25 11:00:05,211,16,272,231,231,227,4,https://pemilu2019.kpu.go.id/img/c/901/630/901630613/1-8789-19-C1-PPWP-X1.jpg,https://pemilu2019.kpu.go.id/img/c/901/630/901630613/1-8789-19-C1-PPWP-X2.jpg
6728868887758788900026439,SUMATERA UTARA,DELI SERDANG,PANCUR BATU,NAMO BINTANG,TPS 01,2019-10-25 11:00:05,238,14,310,253,253,252,1,https://pemilu2019.kpu.go.id/img/c/900/026/900026439/2-8788-01-C1-PPWP-X1.jpg,https://pemilu2019.kpu.go.id/img/c/900/026/900026439/2-8788-01-C1-PPWP-X2.jpg
6728868887758788900026440,SUMATERA UTARA,DELI SERDANG,PANCUR BATU,NAMO BINTANG,TPS 02,2019-10-25 11:00:05,159,46,274,207,207,205,2,https://pemilu2019.kpu.go.id/img/c/900/026/900026440/2-8788-02-C1-PPWP-X1.jpg,https://pemilu2019.kpu.go.id/img/c/900/026/900026440/2-8788-02-C1-PPWP-X2.jpg
6728868887758788900026441,SUMATERA UTARA,DELI SERDANG,PANCUR BATU,NAMO BINTANG,TPS 03,2019-10-25 11:00:05,153,95,310,253,253,248,5,https://pemilu2019.kpu.go.id/img/c/900/026/900026441/3-8788-03-C1-PPWP-X1.jpg,https://pemilu2019.kpu.go.id/img/c/900/026/900026441/3-8788-03-C1-PPWP-X2.jpg
6728868887758788900026442,SUMATERA UTARA,DELI SERDANG,PANCUR BATU,NAMO BINTANG,TPS 04,2019-10-25 11:00:05,122,94,289,221,221,216,5,https://pemilu2019.kpu.go.id/img/c/900/026/900026442/1-8788-04-C1-PPWP-X1.jpg,https://pemilu2019.kpu.go.id/img/c/900/026/900026442/1-8788-04-C1-PPWP-X2.jpg
6728868887758788900026443,SUMATERA UTARA,DELI SERDANG,PANCUR BATU,NAMO BINTANG,TPS 05,2019-10-25 11:00:05,135,17,292,152,152,152,0,https://pemilu2019.kpu.go.id/img/c/900/026/900026443/1-8788-05-C1-PPWP-X1.jpg,https://pemilu2019.kpu.go.id/img/c/900/026/900026443/1-8788-05-C1-PPWP-X2.jpg
6728868887758788900026444,SUMATERA UTARA,DELI SERDANG,PANCUR BATU,NAMO BINTANG,TPS 06,2019-10-25 11:00:05,92,91,283,186,186,183,3,https://pemilu2019.kpu.go.id/img/c/900/026/900026444/2-8788-06-C1-PPWP-X1.jpg,https://pemilu2019.kpu.go.id/img/c/900/026/900026444/2-8788-06-C1-PPWP-X2.jpg
6728868887758788900026445,SUMATERA UTARA,DELI SERDANG,PANCUR BATU,NAMO BINTANG,TPS 07,2019-10-25 11:00:05,195,11,299,206,206,206,0,https://pemilu2019.kpu.go.id/img/c/900/026/900026445/1-8788-07-C1-PPWP-X1.jpg,https://pemilu2019.kpu.go.id/img/c/900/026/900026445/1-8788-07-C1-PPWP-X2.jpg
6728868887758788900026446,SUMATERA UTARA,DELI SERDANG,PANCUR BATU,NAMO BINTANG,TPS 08,2019-10-25 11:00:05,102,59,272,162,162,161,1,https://pemilu2019.kpu.go.id/img/c/900/026/900026446/1-8788-08-C1-PPWP-X1.jpg,https://pemilu2019.kpu.go.id/img/c/900/026/900026446/1-8788-08-C1-PPWP-X2.jpg
6728868887758788900026447,SUMATERA UTARA,DELI SERDANG,PANCUR BATU,NAMO BINTANG,TPS 09,2019-10-25 11:00:05,84,20,209,104,104,104,0,https://pemilu2019.kpu.go.id/img/c/900/026/900026447/1-8788-09-C1-PPWP-X1.jpg,https://pemilu2019.kpu.go.id/img/c/900/026/900026447/1-8788-09-C1-PPWP-X2.jpg
6728868887758788900026448,SUMATERA UTARA,DELI SERDANG,PANCUR BATU,NAMO BINTANG,TPS 10,2019-10-25 11:00:05,114,12,231,126,126,126,0,https://pemilu2019.kpu.go.id/img/c/900/026/900026448/1-8788-10-C1-PPWP-X1.jpg,https://pemilu2019.kpu.go.id/img/c/900/026/900026448/1-8788-10-C1-PPWP-X2.jpg
6728868887758788900026449,SUMATERA UTARA,DELI SERDANG,PANCUR BATU,NAMO BINTANG,TPS 11,2019-10-25 11:00:05,146,12,272,161,161,158,3,https://pemilu2019.kpu.go.id/img/c/900/026/900026449/1-8788-11-C1-PPWP-X1.jpg,https://pemilu2019.kpu.go.id/img/c/900/026/900026449/1-8788-11-C1-PPWP-X2.jpg
6728868887758788900026450,SUMATERA UTARA,DELI SERDANG,PANCUR BATU,NAMO BINTANG,TPS 12,2019-10-25 11:00:05,100,10,220,111,111,110,1,https://pemilu2019.kpu.go.id/img/c/900/026/900026450/1-8788-12-C1-PPWP-X1.jpg,https://pemilu2019.kpu.go.id/img/c/900/026/900026450/1-8788-12-C1-PPWP-X2.jpg
6728868887758788900026451,SUMATERA UTARA,DELI SERDANG,PANCUR BATU,NAMO BINTANG,TPS 13,2019-10-25 11:00:05,88,13,282,101,101,101,0,https://pemilu2019.kpu.go.id/img/c/900/026/900026451/1-8788-13-C1-PPWP-X1.jpg,https://pemilu2019.kpu.go.id/img/c/900/026/900026451/1-8788-13-C1-PPWP-X2.jpg
6728868887758788900026452,SUMATERA UTARA,DELI SERDANG,PANCUR BATU,NAMO BINTANG,TPS 14,2019-10-25 11:00:05,105,22,281,128,128,128,0,https://pemilu2019.kpu.go.id/img/c/900/026/900026452/1-8788-14-C1-PPWP-X1.jpg,https://pemilu2019.kpu.go.id/img/c/900/026/900026452/1-8788-14-C1-PPWP-X2.jpg
6728868887758788900026453,SUMATERA UTARA,DELI SERDANG,PANCUR BATU,NAMO BINTANG,TPS 15,2019-10-25 11:00:05,121,9,268,130,130,130,0,https://pemilu2019.kpu.go.id/img/c/900/026/900026453/2-8788-15-C1-PPWP-X1.jpg,https://pemilu2019.kpu.go.id/img/c/900/026/900026453/2-8788-15-C1-PPWP-X2.jpg
6728868887758788900026454,SUMATERA UTARA,DELI SERDANG,PANCUR BATU,NAMO BINTANG,TPS 16,2019-10-25 11:00:05,127,38,286,167,167,165,2,https://pemilu2019.kpu.go.id/img/c/900/026/900026454/3-8788-16-C1-PPWP-X1.jpg,https://pemilu2019.kpu.go.id/img/c/900/026/900026454/3-8788-16-C1-PPWP-X2.jpg
6728868887758788900026455,SUMATERA UTARA,DELI SERDANG,PANCUR BATU,NAMO BINTANG,TPS 17,2019-10-25 11:00:05,64,48,184,116,116,112,4,https://pemilu2019.kpu.go.id/img/c/900/026/900026455/1-8788-17-C1-PPWP-X1.jpg,https://pemilu2019.kpu.go.id/img/c/900/026/900026455/1-8788-17-C1-PPWP-X2.jpg
6728868887758788900026456,SUMATERA UTARA,DELI SERDANG,PANCUR BATU,NAMO BINTANG,TPS 18,2019-10-25 11:00:05,95,16,284,111,111,111,0,https://pemilu2019.kpu.go.id/img/c/900/026/900026456/1-8788-18-C1-PPWP-X1.jpg,https://pemilu2019.kpu.go.id/img/c/900/026/900026456/1-8788-18-C1-PPWP-X2.jpg
6728868887758788900026457,SUMATERA UTARA,DELI SERDANG,PANCUR BATU,NAMO BINTANG,TPS 19,2019-10-25 11:00:05,102,7,239,111,111,109,2,https://pemilu2019.kpu.go.id/img/c/900/026/900026457/1-8788-19-C1-PPWP-X1.jpg,https://pemilu2019.kpu.go.id/img/c/900/026/900026457/1-8788-19-C1-PPWP-X2.jpg
6728868887758788900026458,SUMATERA UTARA,DELI SERDANG,PANCUR BATU,NAMO BINTANG,TPS 20,2019-10-25 11:00:05,123,9,232,134,134,132,2,https://pemilu2019.kpu.go.id/img/c/900/026/900026458/1-8788-20-C1-PPWP-X1.jpg,https://pemilu2019.kpu.go.id/img/c/900/026/900026458/1-8788-20-C1-PPWP-X2.jpg
6728868887758780900026384,SUMATERA UTARA,DELI SERDANG,PANCUR BATU,NAMO RIAM,TPS 1,2019-10-25 11:00:05,137,11,192,150,150,148,2,https://pemilu2019.kpu.go.id/img/c/900/026/900026384/3-8780-1-C1-PPWP-X1.jpg,https://pemilu2019.kpu.go.id/img/c/900/026/900026384/3-8780-1-C1-PPWP-X2.jpg
6728868887758780900026385,SUMATERA UTARA,DELI SERDANG,PANCUR BATU,NAMO RIAM,TPS 2,2019-10-25 11:00:05,172,7,232,181,181,179,2,https://pemilu2019.kpu.go.id/img/c/900/026/900026385/1-8780-2-C1-PPWP-X1.jpg,https://pemilu2019.kpu.go.id/img/c/900/026/900026385/1-8780-2-C1-PPWP-X2.jpg
6728868887758780900026386,SUMATERA UTARA,DELI SERDANG,PANCUR BATU,NAMO RIAM,TPS 3,2019-10-25 11:00:05,164,15,242,182,182,179,3,https://pemilu2019.kpu.go.id/img/c/900/026/900026386/3-8780-3-C1-PPWP-X1.jpg,https://pemilu2019.kpu.go.id/img/c/900/026/900026386/3-8780-3-C1-PPWP-X2.jpg
6728868887758780900026387,SUMATERA UTARA,DELI SERDANG,PANCUR BATU,NAMO RIAM,TPS 4,2019-10-25 11:00:05,179,12,236,192,192,191,1,https://pemilu2019.kpu.go.id/img/c/900/026/900026387/2-8780-4-C1-PPWP-X1.jpg,https://pemilu2019.kpu.go.id/img/c/900/026/900026387/2-8780-4-C1-PPWP-X2.jpg
6728868887758780900026388,SUMATERA UTARA,DELI SERDANG,PANCUR BATU,NAMO RIAM,TPS 5,2019-10-25 11:00:05,208,14,261,222,222,222,0,https://pemilu2019.kpu.go.id/img/c/900/026/900026388/1-8780-5-C1-PPWP-X1.jpg,https://pemilu2019.kpu.go.id/img/c/900/026/900026388/1-8780-5-C1-PPWP-X2.jpg
6728868887758780900026389,SUMATERA UTARA,DELI SERDANG,PANCUR BATU,NAMO RIAM,TPS 6,2019-10-25 11:00:05,0,0,258,198,0,0,0,https://pemilu2019.kpu.go.id/img/c/900/026/900026389/1-8780-6-C1-PPWP-X1.jpg,https://pemilu2019.kpu.go.id/img/c/900/026/900026389/1-8780-6-C1-PPWP-X2.jpg
6728868887758790900026477,SUMATERA UTARA,DELI SERDANG,PANCUR BATU,NAMO RIH,TPS 1,2019-10-25 11:00:05,215,24,294,239,294,239,55,https://pemilu2019.kpu.go.id/img/c/900/026/900026477/1-8790-1-C-XXX-X5.jpg,https://pemilu2019.kpu.go.id/img/c/900/026/900026477/1-8790-1-C-XXX-X6.jpg
6728868887758790900026478,SUMATERA UTARA,DELI SERDANG,PANCUR BATU,NAMO RIH,TPS 2,2019-10-25 11:00:05,222,18,285,240,240,240,0,https://pemilu2019.kpu.go.id/img/c/900/026/900026478/1-8790-2-C-XXX-X5.jpg,https://pemilu2019.kpu.go.id/img/c/900/026/900026478/1-8790-2-C-XXX-X6.jpg
6728868887758790900026479,SUMATERA UTARA,DELI SERDANG,PANCUR BATU,NAMO RIH,TPS 3,2019-10-25 11:00:05,231,15,310,246,246,246,0,https://pemilu2019.kpu.go.id/img/c/900/026/900026479/1-8790-3-C-XXX-X5.jpg,https://pemilu2019.kpu.go.id/img/c/900/026/900026479/1-8790-3-C-XXX-X6.jpg
6728868887758790900026480,SUMATERA UTARA,DELI SERDANG,PANCUR BATU,NAMO RIH,TPS 4,2019-10-25 11:00:05,189,12,259,204,204,201,3,https://pemilu2019.kpu.go.id/img/c/900/026/900026480/1-8790-4-C-XXX-X5.jpg,https://pemilu2019.kpu.go.id/img/c/900/026/900026480/1-8790-4-C-XXX-X6.jpg
6728868887758786900026424,SUMATERA UTARA,DELI SERDANG,PANCUR BATU,NAMO SIMPUR,TPS 1,2019-10-25 11:00:05,183,14,271,198,198,197,1,https://pemilu2019.kpu.go.id/img/c/900/026/900026424/1-8786-1-C1-PPWP-X1.jpg,https://pemilu2019.kpu.go.id/img/c/900/026/900026424/1-8786-1-C1-PPWP-X2.jpg
6728868887758786900026425,SUMATERA UTARA,DELI SERDANG,PANCUR BATU,NAMO SIMPUR,TPS 2,2019-10-25 11:00:05,187,19,269,208,208,206,2,https://pemilu2019.kpu.go.id/img/c/900/026/900026425/1-8786-2-C1-PPWP-X1.jpg,https://pemilu2019.kpu.go.id/img/c/900/026/900026425/1-8786-2-C1-PPWP-X2.jpg
6728868887758786900026426,SUMATERA UTARA,DELI SERDANG,PANCUR BATU,NAMO SIMPUR,TPS 3,2019-10-25 11:00:05,149,12,267,162,162,161,1,https://pemilu2019.kpu.go.id/img/c/900/026/900026426/1-8786-3-C1-PPWP-X1.jpg,https://pemilu2019.kpu.go.id/img/c/900/026/900026426/1-8786-3-C1-PPWP-X2.jpg
6728868887758786900026427,SUMATERA UTARA,DELI SERDANG,PANCUR BATU,NAMO SIMPUR,TPS 4,2019-10-25 11:00:05,139,12,229,153,153,151,2,https://pemilu2019.kpu.go.id/img/c/900/026/900026427/1-8786-4-C1-PPWP-X1.jpg,https://pemilu2019.kpu.go.id/img/c/900/026/900026427/1-8786-4-C1-PPWP-X2.jpg
6728868887758786900026428,SUMATERA UTARA,DELI SERDANG,PANCUR BATU,NAMO SIMPUR,TPS 5,2019-10-25 11:00:05,140,12,277,153,153,152,1,https://pemilu2019.kpu.go.id/img/c/900/026/900026428/1-8786-5-C1-PPWP-X1.jpg,https://pemilu2019.kpu.go.id/img/c/900/026/900026428/1-8786-5-C1-PPWP-X2.jpg
6728868887758783900026410,SUMATERA UTARA,DELI SERDANG,PANCUR BATU,PERTAMPILEN,TPS 1,2019-10-25 11:00:05,203,22,307,227,227,225,2,https://pemilu2019.kpu.go.id/img/c/900/026/900026410/1-8783-1-C1-PPWP-X1.jpg,https://pemilu2019.kpu.go.id/img/c/900/026/900026410/1-8783-1-C1-PPWP-X2.jpg
6728868887758783900026411,SUMATERA UTARA,DELI SERDANG,PANCUR BATU,PERTAMPILEN,TPS 2,2019-10-25 11:00:05,205,23,290,231,231,228,3,https://pemilu2019.kpu.go.id/img/c/900/026/900026411/1-8783-2-C1-PPWP-X1.jpg,https://pemilu2019.kpu.go.id/img/c/900/026/900026411/1-8783-2-C1-PPWP-X2.jpg
6728868887758783900026412,SUMATERA UTARA,DELI SERDANG,PANCUR BATU,PERTAMPILEN,TPS 3,2019-10-25 11:00:05,188,47,141,235,235,235,0,https://pemilu2019.kpu.go.id/img/c/900/026/900026412/1-8783-3-C1-PPWP-X1.jpg,https://pemilu2019.kpu.go.id/img/c/900/026/900026412/1-8783-3-C1-PPWP-X2.jpg
6728868887758783900026413,SUMATERA UTARA,DELI SERDANG,PANCUR BATU,PERTAMPILEN,TPS 4,2019-10-25 11:00:05,204,28,304,232,232,232,0,https://pemilu2019.kpu.go.id/img/c/900/026/900026413/2-8783-4-C1-PPWP-X1.jpg,https://pemilu2019.kpu.go.id/img/c/900/026/900026413/2-8783-4-C1-PPWP-X2.jpg
6728868887758800900026593,SUMATERA UTARA,DELI SERDANG,PANCUR BATU,PERUMNAS SIMALINGKAR,TPS 01,2019-10-25 11:00:05,145,16,276,162,162,161,1,https://pemilu2019.kpu.go.id/img/c/900/026/900026593/1-8800-01-C1-PPWP-X1.jpg,https://pemilu2019.kpu.go.id/img/c/900/026/900026593/1-8800-01-C1-PPWP-X2.jpg
6728868887758800900026594,SUMATERA UTARA,DELI SERDANG,PANCUR BATU,PERUMNAS SIMALINGKAR,TPS 02,2019-10-25 11:00:05,114,52,261,167,167,166,1,https://pemilu2019.kpu.go.id/img/c/900/026/900026594/1-8800-02-C1-PPWP-X1.jpg,https://pemilu2019.kpu.go.id/img/c/900/026/900026594/1-8800-02-C1-PPWP-X2.jpg
6728868887758800900026595,SUMATERA UTARA,DELI SERDANG,PANCUR BATU,PERUMNAS SIMALINGKAR,TPS 03,2019-10-25 11:00:05,125,43,303,169,169,168,1,https://pemilu2019.kpu.go.id/img/c/900/026/900026595/1-8800-03-C1-PPWP-X1.jpg,https://pemilu2019.kpu.go.id/img/c/900/026/900026595/1-8800-03-C1-PPWP-X2.jpg
6728868887758800900026596,SUMATERA UTARA,DELI SERDANG,PANCUR BATU,PERUMNAS SIMALINGKAR,TPS 04,2019-10-25 11:00:05,107,50,269,158,158,157,1,https://pemilu2019.kpu.go.id/img/c/900/026/900026596/1-8800-04-C1-PPWP-X1.jpg,https://pemilu2019.kpu.go.id/img/c/900/026/900026596/1-8800-04-C1-PPWP-X2.jpg
6728868887758800900026597,SUMATERA UTARA,DELI SERDANG,PANCUR BATU,PERUMNAS SIMALINGKAR,TPS 05,2019-10-25 11:00:05,128,82,286,213,213,210,3,https://pemilu2019.kpu.go.id/img/c/900/026/900026597/1-8800-05-C1-PPWP-X1.jpg,https://pemilu2019.kpu.go.id/img/c/900/026/900026597/1-8800-05-C1-PPWP-X2.jpg
6728868887758800900026598,SUMATERA UTARA,DELI SERDANG,PANCUR BATU,PERUMNAS SIMALINGKAR,TPS 06,2019-10-25 11:00:05,103,54,266,157,157,157,0,https://pemilu2019.kpu.go.id/img/c/900/026/900026598/1-8800-06-C1-PPWP-X1.jpg,https://pemilu2019.kpu.go.id/img/c/900/026/900026598/1-8800-06-C1-PPWP-X2.jpg
6728868887758800900026599,SUMATERA UTARA,DELI SERDANG,PANCUR BATU,PERUMNAS SIMALINGKAR,TPS 07,2019-10-25 11:00:05,99,79,289,181,178,178,0,https://pemilu2019.kpu.go.id/img/c/900/026/900026599/1-8800-07-C1-PPWP-X1.jpg,https://pemilu2019.kpu.go.id/img/c/900/026/900026599/1-8800-07-C1-PPWP-X2.jpg
6728868887758800900026600,SUMATERA UTARA,DELI SERDANG,PANCUR BATU,PERUMNAS SIMALINGKAR,TPS 08,2019-10-25 11:00:05,103,49,249,154,154,152,2,https://pemilu2019.kpu.go.id/img/c/900/026/900026600/1-8800-08-C1-PPWP-X1.jpg,https://pemilu2019.kpu.go.id/img/c/900/026/900026600/1-8800-08-C1-PPWP-X2.jpg
6728868887758800900026601,SUMATERA UTARA,DELI SERDANG,PANCUR BATU,PERUMNAS SIMALINGKAR,TPS 09,2019-10-25 11:00:05,78,62,248,141,141,140,1,https://pemilu2019.kpu.go.id/img/c/900/026/900026601/1-8800-09-C1-PPWP-X1.jpg,https://pemilu2019.kpu.go.id/img/c/900/026/900026601/1-8800-09-C1-PPWP-X2.jpg
6728868887758800900026602,SUMATERA UTARA,DELI SERDANG,PANCUR BATU,PERUMNAS SIMALINGKAR,TPS 10,2019-10-25 11:00:05,137,49,264,188,188,186,2,https://pemilu2019.kpu.go.id/img/c/900/026/900026602/1-8800-10-C1-PPWP-X1.jpg,https://pemilu2019.kpu.go.id/img/c/900/026/900026602/1-8800-10-C1-PPWP-X2.jpg
6728868887758800900026603,SUMATERA UTARA,DELI SERDANG,PANCUR BATU,PERUMNAS SIMALINGKAR,TPS 11,2019-10-25 11:00:05,108,69,271,180,180,177,3,https://pemilu2019.kpu.go.id/img/c/900/026/900026603/1-8800-11-C1-PPWP-X1.jpg,https://pemilu2019.kpu.go.id/img/c/900/026/900026603/1-8800-11-C1-PPWP-X2.jpg
6728868887758800900026604,SUMATERA UTARA,DELI SERDANG,PANCUR BATU,PERUMNAS SIMALINGKAR,TPS 12,2019-10-25 11:00:05,85,64,256,151,151,149,2,https://pemilu2019.kpu.go.id/img/c/900/026/900026604/1-8800-12-C1-PPWP-X1.jpg,https://pemilu2019.kpu.go.id/img/c/900/026/900026604/1-8800-12-C1-PPWP-X2.jpg
6728868887758800900026605,SUMATERA UTARA,DELI SERDANG,PANCUR BATU,PERUMNAS SIMALINGKAR,TPS 13,2019-10-25 11:00:05,99,59,247,159,159,158,1,https://pemilu2019.kpu.go.id/img/c/900/026/900026605/1-8800-13-C1-PPWP-X1.jpg,https://pemilu2019.kpu.go.id/img/c/900/026/900026605/1-8800-13-C1-PPWP-X2.jpg
6728868887758800900026606,SUMATERA UTARA,DELI SERDANG,PANCUR BATU,PERUMNAS SIMALINGKAR,TPS 14,2019-10-25 11:00:05,109,84,260,195,195,193,2,https://pemilu2019.kpu.go.id/img/c/900/026/900026606/1-8800-14-C1-PPWP-X1.jpg,https://pemilu2019.kpu.go.id/img/c/900/026/900026606/1-8800-14-C1-PPWP-X2.jpg
6728868887758800900026607,SUMATERA UTARA,DELI SERDANG,PANCUR BATU,PERUMNAS SIMALINGKAR,TPS 15,2019-10-25 11:00:05,138,54,298,192,192,192,0,https://pemilu2019.kpu.go.id/img/c/900/026/900026607/1-8800-15-C1-PPWP-X1.jpg,https://pemilu2019.kpu.go.id/img/c/900/026/900026607/1-8800-15-C1-PPWP-X2.jpg
6728868887758800900026608,SUMATERA UTARA,DELI SERDANG,PANCUR BATU,PERUMNAS SIMALINGKAR,TPS 16,2019-10-25 11:00:05,86,75,254,162,162,161,1,https://pemilu2019.kpu.go.id/img/c/900/026/900026608/1-8800-16-C1-PPWP-X1.jpg,https://pemilu2019.kpu.go.id/img/c/900/026/900026608/1-8800-16-C1-PPWP-X2.jpg
6728868887758800900026609,SUMATERA UTARA,DELI SERDANG,PANCUR BATU,PERUMNAS SIMALINGKAR,TPS 17,2019-10-25 11:00:05,88,90,281,178,178,178,0,https://pemilu2019.kpu.go.id/img/c/900/026/900026609/1-8800-17-C1-PPWP-X1.jpg,https://pemilu2019.kpu.go.id/img/c/900/026/900026609/1-8800-17-C1-PPWP-X2.jpg
6728868887758800900026610,SUMATERA UTARA,DELI SERDANG,PANCUR BATU,PERUMNAS SIMALINGKAR,TPS 18,2019-10-25 11:00:05,103,83,304,189,189,186,3,https://pemilu2019.kpu.go.id/img/c/900/026/900026610/1-8800-18-C1-PPWP-X1.jpg,https://pemilu2019.kpu.go.id/img/c/900/026/900026610/1-8800-18-C1-PPWP-X2.jpg
6728868887758800900026611,SUMATERA UTARA,DELI SERDANG,PANCUR BATU,PERUMNAS SIMALINGKAR,TPS 19,2019-10-25 11:00:05,133,72,314,204,206,205,1,https://pemilu2019.kpu.go.id/img/c/900/026/900026611/1-8800-19-C1-PPWP-X1.jpg,https://pemilu2019.kpu.go.id/img/c/900/026/900026611/1-8800-19-C1-PPWP-X2.jpg
6728868887758800900026612,SUMATERA UTARA,DELI SERDANG,PANCUR BATU,PERUMNAS SIMALINGKAR,TPS 20,2019-10-25 11:00:05,99,109,309,209,209,208,1,https://pemilu2019.kpu.go.id/img/c/900/026/900026612/1-8800-20-C1-PPWP-X1.jpg,https://pemilu2019.kpu.go.id/img/c/900/026/900026612/1-8800-20-C1-PPWP-X2.jpg
6728868887758800900026613,SUMATERA UTARA,DELI SERDANG,PANCUR BATU,PERUMNAS SIMALINGKAR,TPS 21,2019-10-25 11:00:05,114,181,262,197,197,195,2,https://pemilu2019.kpu.go.id/img/c/900/026/900026613/2-8800-21-C1-PPWP-X1.jpg,https://pemilu2019.kpu.go.id/img/c/900/026/900026613/2-8800-21-C1-PPWP-X2.jpg
6728868887758800900026614,SUMATERA UTARA,DELI SERDANG,PANCUR BATU,PERUMNAS SIMALINGKAR,TPS 22,2019-10-25 11:00:05,117,75,277,193,193,192,1,https://pemilu2019.kpu.go.id/img/c/900/026/900026614/1-8800-22-C1-PPWP-X1.jpg,https://pemilu2019.kpu.go.id/img/c/900/026/900026614/1-8800-22-C1-PPWP-X2.jpg
6728868887758800900026615,SUMATERA UTARA,DELI SERDANG,PANCUR BATU,PERUMNAS SIMALINGKAR,TPS 23,2019-10-25 11:00:05,0,0,0,0,0,0,0,https://pemilu2019.kpu.go.id/img/c/900/026/900026615/1-8800-23-C1-PPWP-X1.jpg,https://pemilu2019.kpu.go.id/img/c/900/026/900026615/1-8800-23-C1-PPWP-X2.jpg
6728868887758784900026414,SUMATERA UTARA,DELI SERDANG,PANCUR BATU,SALAM TANI,TPS 1,2019-10-25 11:00:05,214,33,309,251,251,247,4,https://pemilu2019.kpu.go.id/img/c/900/026/900026414/2-8784-1-C1-PPWP-X1.jpg,https://pemilu2019.kpu.go.id/img/c/900/026/900026414/2-8784-1-C1-PPWP-X2.jpg
6728868887758784900026415,SUMATERA UTARA,DELI SERDANG,PANCUR BATU,SALAM TANI,TPS 2,2019-10-25 11:00:05,208,24,285,234,234,232,2,https://pemilu2019.kpu.go.id/img/c/900/026/900026415/1-8784-2-C1-PPWP-X1.jpg,https://pemilu2019.kpu.go.id/img/c/900/026/900026415/1-8784-2-C1-PPWP-X2.jpg
6728868887758784900026416,SUMATERA UTARA,DELI SERDANG,PANCUR BATU,SALAM TANI,TPS 3,2019-10-25 11:00:05,168,18,266,0,188,186,2,https://pemilu2019.kpu.go.id/img/c/900/026/900026416/2-8784-3-C1-PPWP-X1.jpg,https://pemilu2019.kpu.go.id/img/c/900/026/900026416/2-8784-3-C1-PPWP-X2.jpg
6728868887758797900026547,SUMATERA UTARA,DELI SERDANG,PANCUR BATU,SEI GLUGUR,TPS 01,2019-10-25 11:00:05,78,150,286,236,236,228,8,https://pemilu2019.kpu.go.id/img/c/900/026/900026547/1-8797-01-C1-PPWP-X1.jpg,https://pemilu2019.kpu.go.id/img/c/900/026/900026547/1-8797-01-C1-PPWP-X2.jpg
6728868887758797900026548,SUMATERA UTARA,DELI SERDANG,PANCUR BATU,SEI GLUGUR,TPS 02,2019-10-25 11:00:05,113,116,297,230,230,229,1,https://pemilu2019.kpu.go.id/img/c/900/026/900026548/1-8797-02-C-XXX-X5.jpg,https://pemilu2019.kpu.go.id/img/c/900/026/900026548/1-8797-02-C-XXX-X6.jpg
6728868887758797900026549,SUMATERA UTARA,DELI SERDANG,PANCUR BATU,SEI GLUGUR,TPS 03,2019-10-25 11:00:05,99,122,225,225,225,221,4,https://pemilu2019.kpu.go.id/img/c/900/026/900026549/1-8797-03-C1-PPWP-X1.jpg,https://pemilu2019.kpu.go.id/img/c/900/026/900026549/1-8797-03-C1-PPWP-X2.jpg
6728868887758797900026550,SUMATERA UTARA,DELI SERDANG,PANCUR BATU,SEI GLUGUR,TPS 04,2019-10-25 11:00:05,100,142,305,249,249,242,7,https://pemilu2019.kpu.go.id/img/c/900/026/900026550/1-8797-04-C1-PPWP-X1.jpg,https://pemilu2019.kpu.go.id/img/c/900/026/900026550/1-8797-04-C1-PPWP-X2.jpg
6728868887758797900026551,SUMATERA UTARA,DELI SERDANG,PANCUR BATU,SEI GLUGUR,TPS 05,2019-10-25 11:00:05,87,148,308,241,241,235,6,https://pemilu2019.kpu.go.id/img/c/900/026/900026551/1-8797-05-C-XXX-X5.jpg,https://pemilu2019.kpu.go.id/img/c/900/026/900026551/1-8797-05-C-XXX-X6.jpg
6728868887758797900026552,SUMATERA UTARA,DELI SERDANG,PANCUR BATU,SEI GLUGUR,TPS 06,2019-10-25 11:00:05,87,133,299,221,221,220,1,https://pemilu2019.kpu.go.id/img/c/900/026/900026552/3-8797-06-C1-PPWP-X1.jpg,https://pemilu2019.kpu.go.id/img/c/900/026/900026552/3-8797-06-C1-PPWP-X2.jpg
6728868887758797900026553,SUMATERA UTARA,DELI SERDANG,PANCUR BATU,SEI GLUGUR,TPS 07,2019-10-25 11:00:05,93,135,295,233,233,228,5,https://pemilu2019.kpu.go.id/img/c/900/026/900026553/1-8797-07-C1-PPWP-X1.jpg,https://pemilu2019.kpu.go.id/img/c/900/026/900026553/1-8797-07-C1-PPWP-X2.jpg
6728868887758797900026554,SUMATERA UTARA,DELI SERDANG,PANCUR BATU,SEI GLUGUR,TPS 08,2019-10-25 11:00:05,113,132,293,245,245,245,0,https://pemilu2019.kpu.go.id/img/c/900/026/900026554/1-8797-08-C1-PPWP-X1.jpg,https://pemilu2019.kpu.go.id/img/c/900/026/900026554/1-8797-08-C1-PPWP-X2.jpg
6728868887758797900026555,SUMATERA UTARA,DELI SERDANG,PANCUR BATU,SEI GLUGUR,TPS 09,2019-10-25 11:00:05,103,135,306,239,239,238,1,https://pemilu2019.kpu.go.id/img/c/900/026/900026555/1-8797-09-C1-PPWP-X1.jpg,https://pemilu2019.kpu.go.id/img/c/900/026/900026555/1-8797-09-C1-PPWP-X2.jpg
6728868887758797900026556,SUMATERA UTARA,DELI SERDANG,PANCUR BATU,SEI GLUGUR,TPS 10,2019-10-25 11:00:05,114,114,293,231,231,228,3,https://pemilu2019.kpu.go.id/img/c/900/026/900026556/1-8797-10-C1-PPWP-X1.jpg,https://pemilu2019.kpu.go.id/img/c/900/026/900026556/1-8797-10-C1-PPWP-X2.jpg
6728868887758797900026557,SUMATERA UTARA,DELI SERDANG,PANCUR BATU,SEI GLUGUR,TPS 11,2019-10-25 11:00:05,139,94,317,236,236,233,3,https://pemilu2019.kpu.go.id/img/c/900/026/900026557/1-8797-11-C1-PPWP-X1.jpg,https://pemilu2019.kpu.go.id/img/c/900/026/900026557/1-8797-11-C1-PPWP-X2.jpg
6728868887758797900026558,SUMATERA UTARA,DELI SERDANG,PANCUR BATU,SEI GLUGUR,TPS 12,2019-10-25 11:00:05,143,93,304,236,236,236,0,https://pemilu2019.kpu.go.id/img/c/900/026/900026558/1-8797-12-C1-PPWP-X1.jpg,https://pemilu2019.kpu.go.id/img/c/900/026/900026558/1-8797-12-C1-PPWP-X2.jpg
6728868887758797900026559,SUMATERA UTARA,DELI SERDANG,PANCUR BATU,SEI GLUGUR,TPS 13,2019-10-25 11:00:05,127,117,302,245,245,244,1,https://pemilu2019.kpu.go.id/img/c/900/026/900026559/1-8797-13-C1-PPWP-X1.jpg,https://pemilu2019.kpu.go.id/img/c/900/026/900026559/1-8797-13-C1-PPWP-X2.jpg
6728868887758797900026560,SUMATERA UTARA,DELI SERDANG,PANCUR BATU,SEI GLUGUR,TPS 14,2019-10-25 11:00:05,129,126,315,257,257,255,2,https://pemilu2019.kpu.go.id/img/c/900/026/900026560/1-8797-14-C1-PPWP-X1.jpg,https://pemilu2019.kpu.go.id/img/c/900/026/900026560/1-8797-14-C1-PPWP-X2.jpg
6728868887758795900026516,SUMATERA UTARA,DELI SERDANG,PANCUR BATU,SEMBAHE BARU,TPS 1,2019-10-25 11:00:05,181,23,271,204,204,204,0,https://pemilu2019.kpu.go.id/img/c/900/026/900026516/1-8795-1-C1-PPWP-X1.jpg,https://pemilu2019.kpu.go.id/img/c/900/026/900026516/1-8795-1-C1-PPWP-X2.jpg
6728868887758795900026517,SUMATERA UTARA,DELI SERDANG,PANCUR BATU,SEMBAHE BARU,TPS 2,2019-10-25 11:00:05,187,9,261,196,196,196,0,https://pemilu2019.kpu.go.id/img/c/900/026/900026517/1-8795-2-C1-PPWP-X1.jpg,https://pemilu2019.kpu.go.id/img/c/900/026/900026517/1-8795-2-C1-PPWP-X2.jpg
6728868887758795900026518,SUMATERA UTARA,DELI SERDANG,PANCUR BATU,SEMBAHE BARU,TPS 3,2019-10-25 11:00:05,167,16,248,185,185,183,2,https://pemilu2019.kpu.go.id/img/c/900/026/900026518/1-8795-3-C1-PPWP-X1.jpg,https://pemilu2019.kpu.go.id/img/c/900/026/900026518/1-8795-3-C1-PPWP-X2.jpg
6728868887758795900026519,SUMATERA UTARA,DELI SERDANG,PANCUR BATU,SEMBAHE BARU,TPS 4,2019-10-25 11:00:05,184,22,275,207,207,206,1,https://pemilu2019.kpu.go.id/img/c/900/026/900026519/1-8795-4-C1-PPWP-X1.jpg,https://pemilu2019.kpu.go.id/img/c/900/026/900026519/1-8795-4-C1-PPWP-X2.jpg
6728868887758795900026520,SUMATERA UTARA,DELI SERDANG,PANCUR BATU,SEMBAHE BARU,TPS 5,2019-10-25 11:00:05,173,22,255,200,200,195,5,https://pemilu2019.kpu.go.id/img/c/900/026/900026520/1-8795-5-C1-PPWP-X1.jpg,https://pemilu2019.kpu.go.id/img/c/900/026/900026520/1-8795-5-C1-PPWP-X2.jpg
6728868887758795900026521,SUMATERA UTARA,DELI SERDANG,PANCUR BATU,SEMBAHE BARU,TPS 6,2019-10-25 11:00:05,160,33,246,193,193,193,0,https://pemilu2019.kpu.go.id/img/c/900/026/900026521/1-8795-6-C1-PPWP-X1.jpg,https://pemilu2019.kpu.go.id/img/c/900/026/900026521/1-8795-6-C1-PPWP-X2.jpg
6728868887758795900026522,SUMATERA UTARA,DELI SERDANG,PANCUR BATU,SEMBAHE BARU,TPS 7,2019-10-25 11:00:05,144,29,230,173,173,173,0,https://pemilu2019.kpu.go.id/img/c/900/026/900026522/1-8795-7-C1-PPWP-X1.jpg,https://pemilu2019.kpu.go.id/img/c/900/026/900026522/1-8795-7-C1-PPWP-X2.jpg
6728868887758795900026523,SUMATERA UTARA,DELI SERDANG,PANCUR BATU,SEMBAHE BARU,TPS 8,2019-10-25 11:00:05,142,16,233,160,160,158,2,https://pemilu2019.kpu.go.id/img/c/900/026/900026523/1-8795-8-C1-PPWP-X1.jpg,https://pemilu2019.kpu.go.id/img/c/900/026/900026523/1-8795-8-C1-PPWP-X2.jpg
6728868887758787900026429,SUMATERA UTARA,DELI SERDANG,PANCUR BATU,SIMALINGKAR A,TPS 01,2019-10-25 11:00:05,174,33,259,209,209,207,2,https://pemilu2019.kpu.go.id/img/c/900/026/900026429/1-8787-01-C1-PPWP-X1.jpg,https://pemilu2019.kpu.go.id/img/c/900/026/900026429/1-8787-01-C1-PPWP-X2.jpg
6728868887758787900026430,SUMATERA UTARA,DELI SERDANG,PANCUR BATU,SIMALINGKAR A,TPS 02,2019-10-25 11:00:05,197,34,270,233,233,231,2,https://pemilu2019.kpu.go.id/img/c/900/026/900026430/1-8787-02-C1-PPWP-X1.jpg,https://pemilu2019.kpu.go.id/img/c/900/026/900026430/1-8787-02-C1-PPWP-X2.jpg
6728868887758787900026431,SUMATERA UTARA,DELI SERDANG,PANCUR BATU,SIMALINGKAR A,TPS 03,2019-10-25 11:00:05,183,18,253,202,202,201,1,https://pemilu2019.kpu.go.id/img/c/900/026/900026431/1-8787-03-C1-PPWP-X1.jpg,https://pemilu2019.kpu.go.id/img/c/900/026/900026431/1-8787-03-C1-PPWP-X2.jpg
6728868887758787900026432,SUMATERA UTARA,DELI SERDANG,PANCUR BATU,SIMALINGKAR A,TPS 04,2019-10-25 11:00:05,136,87,253,222,223,223,0,https://pemilu2019.kpu.go.id/img/c/900/026/900026432/1-8787-04-C1-PPWP-X1.jpg,https://pemilu2019.kpu.go.id/img/c/900/026/900026432/1-8787-04-C1-PPWP-X2.jpg
6728868887758787900026433,SUMATERA UTARA,DELI SERDANG,PANCUR BATU,SIMALINGKAR A,TPS 05,2019-10-25 11:00:05,154,39,246,193,193,193,0,https://pemilu2019.kpu.go.id/img/c/900/026/900026433/1-8787-05-C1-PPWP-X1.jpg,https://pemilu2019.kpu.go.id/img/c/900/026/900026433/1-8787-05-C1-PPWP-X2.jpg
6728868887758787900026434,SUMATERA UTARA,DELI SERDANG,PANCUR BATU,SIMALINGKAR A,TPS 06,2019-10-25 11:00:05,178,19,260,199,199,197,2,https://pemilu2019.kpu.go.id/img/c/900/026/900026434/1-8787-06-C1-PPWP-X1.jpg,https://pemilu2019.kpu.go.id/img/c/900/026/900026434/1-8787-06-C1-PPWP-X2.jpg
6728868887758787900026435,SUMATERA UTARA,DELI SERDANG,PANCUR BATU,SIMALINGKAR A,TPS 07,2019-10-25 11:00:05,188,26,249,217,217,214,3,https://pemilu2019.kpu.go.id/img/c/900/026/900026435/1-8787-07-C1-PPWP-X1.jpg,https://pemilu2019.kpu.go.id/img/c/900/026/900026435/1-8787-07-C1-PPWP-X2.jpg
6728868887758787900026436,SUMATERA UTARA,DELI SERDANG,PANCUR BATU,SIMALINGKAR A,TPS 08,2019-10-25 11:00:05,147,52,247,200,200,199,1,https://pemilu2019.kpu.go.id/img/c/900/026/900026436/1-8787-08-C1-PPWP-X1.jpg,https://pemilu2019.kpu.go.id/img/c/900/026/900026436/1-8787-08-C1-PPWP-X2.jpg
6728868887758787900026437,SUMATERA UTARA,DELI SERDANG,PANCUR BATU,SIMALINGKAR A,TPS 09,2019-10-25 11:00:05,53,21,211,74,74,74,0,https://pemilu2019.kpu.go.id/img/c/900/026/900026437/1-8787-09-C1-PPWP-X1.jpg,https://pemilu2019.kpu.go.id/img/c/900/026/900026437/1-8787-09-C1-PPWP-X2.jpg
6728868887758787900026438,SUMATERA UTARA,DELI SERDANG,PANCUR BATU,SIMALINGKAR A,TPS 10,2019-10-25 11:00:05,58,16,175,74,74,74,0,https://pemilu2019.kpu.go.id/img/c/900/026/900026438/1-8787-10-C1-PPWP-X1.jpg,https://pemilu2019.kpu.go.id/img/c/900/026/900026438/1-8787-10-C1-PPWP-X2.jpg
6728868887758777900026368,SUMATERA UTARA,DELI SERDANG,PANCUR BATU,SUGAU,TPS 1,2019-10-25 11:00:05,155,8,231,163,163,163,0,https://pemilu2019.kpu.go.id/img/c/900/026/900026368/2-8777-1-C1-PPWP-X1.jpg,https://pemilu2019.kpu.go.id/img/c/900/026/900026368/2-8777-1-C1-PPWP-X2.jpg
6728868887758777900026369,SUMATERA UTARA,DELI SERDANG,PANCUR BATU,SUGAU,TPS 2,2019-10-25 11:00:05,188,15,239,204,204,203,1,https://pemilu2019.kpu.go.id/img/c/900/026/900026369/2-8777-2-C1-PPWP-X1.jpg,https://pemilu2019.kpu.go.id/img/c/900/026/900026369/2-8777-2-C1-PPWP-X2.jpg
6728868887758777900026370,SUMATERA UTARA,DELI SERDANG,PANCUR BATU,SUGAU,TPS 3,2019-10-25 11:00:05,189,8,225,198,198,197,1,https://pemilu2019.kpu.go.id/img/c/900/026/900026370/1-8777-3-C1-PPWP-X1.jpg,https://pemilu2019.kpu.go.id/img/c/900/026/900026370/1-8777-3-C1-PPWP-X2.jpg
6728868887758777900026371,SUMATERA UTARA,DELI SERDANG,PANCUR BATU,SUGAU,TPS 4,2019-10-25 11:00:05,168,6,257,177,177,174,3,https://pemilu2019.kpu.go.id/img/c/900/026/900026371/1-8777-4-C1-PPWP-X1.jpg,https://pemilu2019.kpu.go.id/img/c/900/026/900026371/1-8777-4-C1-PPWP-X2.jpg
6728868887758798900026561,SUMATERA UTARA,DELI SERDANG,PANCUR BATU,SUKA RAYA,TPS 01,2019-10-25 11:00:05,92,112,298,207,207,204,3,https://pemilu2019.kpu.go.id/img/c/900/026/900026561/3-8798-01-C1-PPWP-X1.jpg,https://pemilu2019.kpu.go.id/img/c/900/026/900026561/3-8798-01-C1-PPWP-X2.jpg
6728868887758798900026562,SUMATERA UTARA,DELI SERDANG,PANCUR BATU,SUKA RAYA,TPS 02,2019-10-25 11:00:05,84,109,283,197,197,193,4,https://pemilu2019.kpu.go.id/img/c/900/026/900026562/1-8798-02-C1-PPWP-X1.jpg,https://pemilu2019.kpu.go.id/img/c/900/026/900026562/1-8798-02-C1-PPWP-X2.jpg
6728868887758798900026563,SUMATERA UTARA,DELI SERDANG,PANCUR BATU,SUKA RAYA,TPS 03,2019-10-25 11:00:05,115,116,298,235,235,231,4,https://pemilu2019.kpu.go.id/img/c/900/026/900026563/1-8798-03-C1-PPWP-X1.jpg,https://pemilu2019.kpu.go.id/img/c/900/026/900026563/1-8798-03-C1-PPWP-X2.jpg
6728868887758798900026564,SUMATERA UTARA,DELI SERDANG,PANCUR BATU,SUKA RAYA,TPS 04,2019-10-25 11:00:05,71,126,299,200,200,197,3,https://pemilu2019.kpu.go.id/img/c/900/026/900026564/2-8798-04-C1-PPWP-X1.jpg,https://pemilu2019.kpu.go.id/img/c/900/026/900026564/2-8798-04-C1-PPWP-X2.jpg
6728868887758798900026565,SUMATERA UTARA,DELI SERDANG,PANCUR BATU,SUKA RAYA,TPS 05,2019-10-25 11:00:05,104,76,294,182,182,180,2,https://pemilu2019.kpu.go.id/img/c/900/026/900026565/2-8798-05-C1-PPWP-X1.jpg,https://pemilu2019.kpu.go.id/img/c/900/026/900026565/2-8798-05-C1-PPWP-X2.jpg
6728868887758798900026566,SUMATERA UTARA,DELI SERDANG,PANCUR BATU,SUKA RAYA,TPS 06,2019-10-25 11:00:05,93,104,275,199,199,197,2,https://pemilu2019.kpu.go.id/img/c/900/026/900026566/4-8798-06-C1-PPWP-X1.jpg,https://pemilu2019.kpu.go.id/img/c/900/026/900026566/4-8798-06-C1-PPWP-X2.jpg
6728868887758798900026567,SUMATERA UTARA,DELI SERDANG,PANCUR BATU,SUKA RAYA,TPS 07,2019-10-25 11:00:05,98,84,267,185,185,182,3,https://pemilu2019.kpu.go.id/img/c/900/026/900026567/2-8798-07-C1-PPWP-X1.jpg,https://pemilu2019.kpu.go.id/img/c/900/026/900026567/2-8798-07-C1-PPWP-X2.jpg
6728868887758798900026568,SUMATERA UTARA,DELI SERDANG,PANCUR BATU,SUKA RAYA,TPS 08,2019-10-25 11:00:05,85,97,262,185,185,182,3,https://pemilu2019.kpu.go.id/img/c/900/026/900026568/1-8798-08-C1-PPWP-X1.jpg,https://pemilu2019.kpu.go.id/img/c/900/026/900026568/1-8798-08-C1-PPWP-X2.jpg
6728868887758798900026569,SUMATERA UTARA,DELI SERDANG,PANCUR BATU,SUKA RAYA,TPS 09,2019-10-25 11:00:05,107,89,292,199,199,196,3,https://pemilu2019.kpu.go.id/img/c/900/026/900026569/1-8798-09-C1-PPWP-X1.jpg,https://pemilu2019.kpu.go.id/img/c/900/026/900026569/1-8798-09-C1-PPWP-X2.jpg
6728868887758798900026570,SUMATERA UTARA,DELI SERDANG,PANCUR BATU,SUKA RAYA,TPS 10,2019-10-25 11:00:05,94,85,275,181,181,179,2,https://pemilu2019.kpu.go.id/img/c/900/026/900026570/2-8798-10-C1-PPWP-X1.jpg,https://pemilu2019.kpu.go.id/img/c/900/026/900026570/2-8798-10-C1-PPWP-X2.jpg
6728868887758798900026571,SUMATERA UTARA,DELI SERDANG,PANCUR BATU,SUKA RAYA,TPS 11,2019-10-25 11:00:05,93,76,269,172,172,169,3,https://pemilu2019.kpu.go.id/img/c/900/026/900026571/2-8798-11-C1-PPWP-X1.jpg,https://pemilu2019.kpu.go.id/img/c/900/026/900026571/2-8798-11-C1-PPWP-X2.jpg
6728868887758798900026572,SUMATERA UTARA,DELI SERDANG,PANCUR BATU,SUKA RAYA,TPS 12,2019-10-25 11:00:05,85,74,250,163,163,159,4,https://pemilu2019.kpu.go.id/img/c/900/026/900026572/1-8798-12-C1-PPWP-X1.jpg,https://pemilu2019.kpu.go.id/img/c/900/026/900026572/1-8798-12-C1-PPWP-X2.jpg
6728868887758796900026524,SUMATERA UTARA,DELI SERDANG,PANCUR BATU,TANJUNG ANOM,TPS 01,2019-10-25 11:00:05,120,150,330,270,270,270,0,https://pemilu2019.kpu.go.id/img/c/900/026/900026524/1-8796-01-C1-PPWP-X1.jpg,https://pemilu2019.kpu.go.id/img/c/900/026/900026524/1-8796-01-C1-PPWP-X2.jpg
6728868887758796900026525,SUMATERA UTARA,DELI SERDANG,PANCUR BATU,TANJUNG ANOM,TPS 02,2019-10-25 11:00:05,104,137,301,244,244,241,3,https://pemilu2019.kpu.go.id/img/c/900/026/900026525/1-8796-02-C1-PPWP-X1.jpg,https://pemilu2019.kpu.go.id/img/c/900/026/900026525/1-8796-02-C1-PPWP-X2.jpg
6728868887758796900026526,SUMATERA UTARA,DELI SERDANG,PANCUR BATU,TANJUNG ANOM,TPS 03,2019-10-25 11:00:05,98,127,294,230,230,225,5,https://pemilu2019.kpu.go.id/img/c/900/026/900026526/1-8796-03-C1-PPWP-X1.jpg,https://pemilu2019.kpu.go.id/img/c/900/026/900026526/1-8796-03-C1-PPWP-X2.jpg
6728868887758796900026527,SUMATERA UTARA,DELI SERDANG,PANCUR BATU,TANJUNG ANOM,TPS 04,2019-10-25 11:00:05,125,85,305,211,211,210,1,https://pemilu2019.kpu.go.id/img/c/900/026/900026527/1-8796-04-C1-PPWP-X1.jpg,https://pemilu2019.kpu.go.id/img/c/900/026/900026527/1-8796-04-C1-PPWP-X2.jpg
6728868887758796900026528,SUMATERA UTARA,DELI SERDANG,PANCUR BATU,TANJUNG ANOM,TPS 05,2019-10-25 11:00:05,76,142,271,219,219,218,1,https://pemilu2019.kpu.go.id/img/c/900/026/900026528/1-8796-05-C1-PPWP-X1.jpg,https://pemilu2019.kpu.go.id/img/c/900/026/900026528/1-8796-05-C1-PPWP-X2.jpg
6728868887758796900026529,SUMATERA UTARA,DELI SERDANG,PANCUR BATU,TANJUNG ANOM,TPS 06,2019-10-25 11:00:05,93,123,287,218,218,216,2,https://pemilu2019.kpu.go.id/img/c/900/026/900026529/1-8796-06-C1-PPWP-X1.jpg,https://pemilu2019.kpu.go.id/img/c/900/026/900026529/1-8796-06-C1-PPWP-X2.jpg
6728868887758796900026530,SUMATERA UTARA,DELI SERDANG,PANCUR BATU,TANJUNG ANOM,TPS 07,2019-10-25 11:00:05,103,100,282,218,207,203,4,https://pemilu2019.kpu.go.id/img/c/900/026/900026530/1-8796-07-C1-PPWP-X1.jpg,https://pemilu2019.kpu.go.id/img/c/900/026/900026530/1-8796-07-C1-PPWP-X2.jpg
6728868887758796900026531,SUMATERA UTARA,DELI SERDANG,PANCUR BATU,TANJUNG ANOM,TPS 08,2019-10-25 11:00:05,107,135,313,243,243,242,1,https://pemilu2019.kpu.go.id/img/c/900/026/900026531/1-8796-08-C1-PPWP-X1.jpg,https://pemilu2019.kpu.go.id/img/c/900/026/900026531/1-8796-08-C1-PPWP-X2.jpg
6728868887758796900026532,SUMATERA UTARA,DELI SERDANG,PANCUR BATU,TANJUNG ANOM,TPS 09,2019-10-25 11:00:05,133,117,306,253,253,250,3,https://pemilu2019.kpu.go.id/img/c/900/026/900026532/1-8796-09-C1-PPWP-X1.jpg,https://pemilu2019.kpu.go.id/img/c/900/026/900026532/1-8796-09-C1-PPWP-X2.jpg
6728868887758796900026533,SUMATERA UTARA,DELI SERDANG,PANCUR BATU,TANJUNG ANOM,TPS 10,2019-10-25 11:00:05,214,34,298,255,255,248,7,https://pemilu2019.kpu.go.id/img/c/900/026/900026533/1-8796-10-C1-PPWP-X1.jpg,https://pemilu2019.kpu.go.id/img/c/900/026/900026533/1-8796-10-C1-PPWP-X2.jpg
6728868887758796900026534,SUMATERA UTARA,DELI SERDANG,PANCUR BATU,TANJUNG ANOM,TPS 11,2019-10-25 11:00:05,172,69,274,241,241,241,0,https://pemilu2019.kpu.go.id/img/c/900/026/900026534/1-8796-11-C1-PPWP-X1.jpg,https://pemilu2019.kpu.go.id/img/c/900/026/900026534/1-8796-11-C1-PPWP-X2.jpg
6728868887758796900026535,SUMATERA UTARA,DELI SERDANG,PANCUR BATU,TANJUNG ANOM,TPS 12,2019-10-25 11:00:05,206,45,351,252,252,251,1,https://pemilu2019.kpu.go.id/img/c/900/026/900026535/1-8796-12-C1-PPWP-X1.jpg,https://pemilu2019.kpu.go.id/img/c/900/026/900026535/1-8796-12-C1-PPWP-X2.jpg
6728868887758796900026536,SUMATERA UTARA,DELI SERDANG,PANCUR BATU,TANJUNG ANOM,TPS 13,2019-10-25 11:00:05,205,46,336,255,255,251,4,https://pemilu2019.kpu.go.id/img/c/900/026/900026536/1-8796-13-C1-PPWP-X1.jpg,https://pemilu2019.kpu.go.id/img/c/900/026/900026536/1-8796-13-C1-PPWP-X2.jpg
6728868887758796900026537,SUMATERA UTARA,DELI SERDANG,PANCUR BATU,TANJUNG ANOM,TPS 14,2019-10-25 11:00:05,180,53,306,234,234,233,1,https://pemilu2019.kpu.go.id/img/c/900/026/900026537/1-8796-14-C1-PPWP-X1.jpg,https://pemilu2019.kpu.go.id/img/c/900/026/900026537/1-8796-14-C1-PPWP-X2.jpg
6728868887758796900026538,SUMATERA UTARA,DELI SERDANG,PANCUR BATU,TANJUNG ANOM,TPS 15,2019-10-25 11:00:05,157,51,296,212,212,208,4,https://pemilu2019.kpu.go.id/img/c/900/026/900026538/1-8796-15-C1-PPWP-X1.jpg,https://pemilu2019.kpu.go.id/img/c/900/026/900026538/1-8796-15-C1-PPWP-X2.jpg
6728868887758796900026539,SUMATERA UTARA,DELI SERDANG,PANCUR BATU,TANJUNG ANOM,TPS 16,2019-10-25 11:00:05,75,139,293,214,214,214,0,https://pemilu2019.kpu.go.id/img/c/900/026/900026539/2-8796-16-C1-PPWP-X1.jpg,https://pemilu2019.kpu.go.id/img/c/900/026/900026539/2-8796-16-C1-PPWP-X2.jpg
6728868887758796900026540,SUMATERA UTARA,DELI SERDANG,PANCUR BATU,TANJUNG ANOM,TPS 17,2019-10-25 11:00:05,121,99,300,222,222,220,2,https://pemilu2019.kpu.go.id/img/c/900/026/900026540/1-8796-17-C1-PPWP-X1.jpg,https://pemilu2019.kpu.go.id/img/c/900/026/900026540/1-8796-17-C1-PPWP-X2.jpg
6728868887758796900026541,SUMATERA UTARA,DELI SERDANG,PANCUR BATU,TANJUNG ANOM,TPS 18,2019-10-25 11:00:05,92,115,271,208,208,207,1,https://pemilu2019.kpu.go.id/img/c/900/026/900026541/1-8796-18-C1-PPWP-X1.jpg,https://pemilu2019.kpu.go.id/img/c/900/026/900026541/1-8796-18-C1-PPWP-X2.jpg
6728868887758796900026542,SUMATERA UTARA,DELI SERDANG,PANCUR BATU,TANJUNG ANOM,TPS 19,2019-10-25 11:00:05,163,39,283,202,202,202,0,https://pemilu2019.kpu.go.id/img/c/900/026/900026542/1-8796-19-C1-PPWP-X1.jpg,https://pemilu2019.kpu.go.id/img/c/900/026/900026542/1-8796-19-C1-PPWP-X2.jpg
6728868887758796900026543,SUMATERA UTARA,DELI SERDANG,PANCUR BATU,TANJUNG ANOM,TPS 20,2019-10-25 11:00:05,131,86,288,222,222,217,5,https://pemilu2019.kpu.go.id/img/c/900/026/900026543/1-8796-20-C1-PPWP-X1.jpg,https://pemilu2019.kpu.go.id/img/c/900/026/900026543/1-8796-20-C1-PPWP-X2.jpg
6728868887758796900026544,SUMATERA UTARA,DELI SERDANG,PANCUR BATU,TANJUNG ANOM,TPS 21,2019-10-25 11:00:05,208,36,318,245,245,244,1,https://pemilu2019.kpu.go.id/img/c/900/026/900026544/1-8796-21-C1-PPWP-X1.jpg,https://pemilu2019.kpu.go.id/img/c/900/026/900026544/1-8796-21-C1-PPWP-X2.jpg
6728868887758796900026545,SUMATERA UTARA,DELI SERDANG,PANCUR BATU,TANJUNG ANOM,TPS 22,2019-10-25 11:00:05,53,73,254,128,128,126,2,https://pemilu2019.kpu.go.id/img/c/900/026/900026545/1-8796-22-C1-PPWP-X1.jpg,https://pemilu2019.kpu.go.id/img/c/900/026/900026545/1-8796-22-C1-PPWP-X2.jpg
6728868887758796900026546,SUMATERA UTARA,DELI SERDANG,PANCUR BATU,TANJUNG ANOM,TPS 23,2019-10-25 11:00:05,89,37,211,126,126,126,0,https://pemilu2019.kpu.go.id/img/c/900/026/900026546/1-8796-23-C1-PPWP-X1.jpg,https://pemilu2019.kpu.go.id/img/c/900/026/900026546/1-8796-23-C1-PPWP-X2.jpg
6728868887758778900026372,SUMATERA UTARA,DELI SERDANG,PANCUR BATU,TIANG LAYAR,TPS 1,2019-10-25 11:00:05,199,19,249,218,218,218,0,https://pemilu2019.kpu.go.id/img/c/900/026/900026372/2-8778-1-C1-PPWP-X1.jpg,https://pemilu2019.kpu.go.id/img/c/900/026/900026372/2-8778-1-C1-PPWP-X2.jpg
6728868887758778900026373,SUMATERA UTARA,DELI SERDANG,PANCUR BATU,TIANG LAYAR,TPS 2,2019-10-25 11:00:05,189,19,254,209,209,208,1,https://pemilu2019.kpu.go.id/img/c/900/026/900026373/1-8778-2-C1-PPWP-X1.jpg,https://pemilu2019.kpu.go.id/img/c/900/026/900026373/1-8778-2-C1-PPWP-X2.jpg
6728868887758778900026374,SUMATERA UTARA,DELI SERDANG,PANCUR BATU,TIANG LAYAR,TPS 3,2019-10-25 11:00:05,147,41,249,191,191,188,3,https://pemilu2019.kpu.go.id/img/c/900/026/900026374/1-8778-3-C1-PPWP-X1.jpg,https://pemilu2019.kpu.go.id/img/c/900/026/900026374/1-8778-3-C1-PPWP-X2.jpg
6728868887758778900026375,SUMATERA UTARA,DELI SERDANG,PANCUR BATU,TIANG LAYAR,TPS 4,2019-10-25 11:00:05,165,32,255,197,197,197,0,https://pemilu2019.kpu.go.id/img/c/900/026/900026375/3-8778-4-C1-PPWP-X1.jpg,https://pemilu2019.kpu.go.id/img/c/900/026/900026375/3-8778-4-C1-PPWP-X2.jpg
6728868887758791900026481,SUMATERA UTARA,DELI SERDANG,PANCUR BATU,TUNTUNGAN I,TPS 1,2019-10-25 11:00:05,133,102,302,236,236,235,1,https://pemilu2019.kpu.go.id/img/c/900/026/900026481/1-8791-1-C1-PPWP-X1.jpg,https://pemilu2019.kpu.go.id/img/c/900/026/900026481/1-8791-1-C1-PPWP-X2.jpg
6728868887758791900026482,SUMATERA UTARA,DELI SERDANG,PANCUR BATU,TUNTUNGAN I,TPS 2,2019-10-25 11:00:05,116,119,300,238,238,235,3,https://pemilu2019.kpu.go.id/img/c/900/026/900026482/1-8791-2-C1-PPWP-X1.jpg,https://pemilu2019.kpu.go.id/img/c/900/026/900026482/1-8791-2-C1-PPWP-X2.jpg
6728868887758791900026483,SUMATERA UTARA,DELI SERDANG,PANCUR BATU,TUNTUNGAN I,TPS 3,2019-10-25 11:00:05,92,131,297,226,226,223,3,https://pemilu2019.kpu.go.id/img/c/900/026/900026483/1-8791-3-C1-PPWP-X1.jpg,https://pemilu2019.kpu.go.id/img/c/900/026/900026483/1-8791-3-C1-PPWP-X2.jpg
6728868887758791900026484,SUMATERA UTARA,DELI SERDANG,PANCUR BATU,TUNTUNGAN I,TPS 4,2019-10-25 11:00:05,90,117,295,210,210,207,3,https://pemilu2019.kpu.go.id/img/c/900/026/900026484/1-8791-4-C1-PPWP-X1.jpg,https://pemilu2019.kpu.go.id/img/c/900/026/900026484/1-8791-4-C1-PPWP-X2.jpg
6728868887758791900026485,SUMATERA UTARA,DELI SERDANG,PANCUR BATU,TUNTUNGAN I,TPS 5,2019-10-25 11:00:05,106,124,311,234,234,230,4,https://pemilu2019.kpu.go.id/img/c/900/026/900026485/1-8791-5-C1-PPWP-X1.jpg,https://pemilu2019.kpu.go.id/img/c/900/026/900026485/1-8791-5-C1-PPWP-X2.jpg
6728868887758791900026486,SUMATERA UTARA,DELI SERDANG,PANCUR BATU,TUNTUNGAN I,TPS 6,2019-10-25 11:00:05,141,77,306,223,223,218,5,https://pemilu2019.kpu.go.id/img/c/900/026/900026486/1-8791-6-C1-PPWP-X1.jpg,https://pemilu2019.kpu.go.id/img/c/900/026/900026486/1-8791-6-C1-PPWP-X2.jpg
6728868887758791900026487,SUMATERA UTARA,DELI SERDANG,PANCUR BATU,TUNTUNGAN I,TPS 7,2019-10-25 11:00:05,88,141,299,230,230,229,1,https://pemilu2019.kpu.go.id/img/c/900/026/900026487/1-8791-7-C1-PPWP-X1.jpg,https://pemilu2019.kpu.go.id/img/c/900/026/900026487/1-8791-7-C1-PPWP-X2.jpg
6728868887758791900026488,SUMATERA UTARA,DELI SERDANG,PANCUR BATU,TUNTUNGAN I,TPS 8,2019-10-25 11:00:05,135,103,297,238,238,238,0,https://pemilu2019.kpu.go.id/img/c/900/026/900026488/1-8791-8-C1-PPWP-X1.jpg,https://pemilu2019.kpu.go.id/img/c/900/026/900026488/1-8791-8-C1-PPWP-X2.jpg
6728868887758791900026489,SUMATERA UTARA,DELI SERDANG,PANCUR BATU,TUNTUNGAN I,TPS 9,2019-10-25 11:00:05,119,121,301,240,240,240,0,https://pemilu2019.kpu.go.id/img/c/900/026/900026489/1-8791-9-C1-PPWP-X1.jpg,https://pemilu2019.kpu.go.id/img/c/900/026/900026489/1-8791-9-C1-PPWP-X2.jpg
6728868887758793900026496,SUMATERA UTARA,DELI SERDANG,PANCUR BATU,TUNTUNGAN II,TPS 01,2019-10-25 11:00:05,90,105,276,198,198,195,3,https://pemilu2019.kpu.go.id/img/c/900/026/900026496/2-8793-01-C1-PPWP-X1.jpg,https://pemilu2019.kpu.go.id/img/c/900/026/900026496/2-8793-01-C1-PPWP-X2.jpg
6728868887758793900026497,SUMATERA UTARA,DELI SERDANG,PANCUR BATU,TUNTUNGAN II,TPS 02,2019-10-25 11:00:05,97,106,260,206,206,203,3,https://pemilu2019.kpu.go.id/img/c/900/026/900026497/3-8793-02-C1-PPWP-X1.jpg,https://pemilu2019.kpu.go.id/img/c/900/026/900026497/3-8793-02-C1-PPWP-X2.jpg
6728868887758793900026498,SUMATERA UTARA,DELI SERDANG,PANCUR BATU,TUNTUNGAN II,TPS 03,2019-10-25 11:00:05,93,101,248,194,194,194,0,https://pemilu2019.kpu.go.id/img/c/900/026/900026498/2-8793-03-C1-PPWP-X1.jpg,https://pemilu2019.kpu.go.id/img/c/900/026/900026498/2-8793-03-C1-PPWP-X2.jpg
6728868887758793900026499,SUMATERA UTARA,DELI SERDANG,PANCUR BATU,TUNTUNGAN II,TPS 04,2019-10-25 11:00:05,83,112,249,196,196,195,1,https://pemilu2019.kpu.go.id/img/c/900/026/900026499/1-8793-04-C1-PPWP-X1.jpg,https://pemilu2019.kpu.go.id/img/c/900/026/900026499/1-8793-04-C1-PPWP-X2.jpg
6728868887758793900026500,SUMATERA UTARA,DELI SERDANG,PANCUR BATU,TUNTUNGAN II,TPS 05,2019-10-25 11:00:05,97,106,259,204,204,203,1,https://pemilu2019.kpu.go.id/img/c/900/026/900026500/1-8793-05-C1-PPWP-X1.jpg,https://pemilu2019.kpu.go.id/img/c/900/026/900026500/1-8793-05-C1-PPWP-X2.jpg
6728868887758793900026501,SUMATERA UTARA,DELI SERDANG,PANCUR BATU,TUNTUNGAN II,TPS 06,2019-10-25 11:00:05,105,113,280,223,223,218,5,https://pemilu2019.kpu.go.id/img/c/900/026/900026501/1-8793-06-C1-PPWP-X1.jpg,https://pemilu2019.kpu.go.id/img/c/900/026/900026501/1-8793-06-C1-PPWP-X2.jpg
6728868887758793900026502,SUMATERA UTARA,DELI SERDANG,PANCUR BATU,TUNTUNGAN II,TPS 07,2019-10-25 11:00:05,86,118,277,206,206,204,2,https://pemilu2019.kpu.go.id/img/c/900/026/900026502/3-8793-07-C1-PPWP-X1.jpg,https://pemilu2019.kpu.go.id/img/c/900/026/900026502/3-8793-07-C1-PPWP-X2.jpg
6728868887758793900026503,SUMATERA UTARA,DELI SERDANG,PANCUR BATU,TUNTUNGAN II,TPS 08,2019-10-25 11:00:05,91,98,289,189,189,189,0,https://pemilu2019.kpu.go.id/img/c/900/026/900026503/4-8793-08-C1-PPWP-X1.jpg,https://pemilu2019.kpu.go.id/img/c/900/026/900026503/4-8793-08-C1-PPWP-X2.jpg
6728868887758793900026504,SUMATERA UTARA,DELI SERDANG,PANCUR BATU,TUNTUNGAN II,TPS 09,2019-10-25 11:00:05,130,78,277,111,211,208,3,https://pemilu2019.kpu.go.id/img/c/900/026/900026504/1-8793-09-C1-PPWP-X1.jpg,https://pemilu2019.kpu.go.id/img/c/900/026/900026504/1-8793-09-C1-PPWP-X2.jpg
6728868887758793900026505,SUMATERA UTARA,DELI SERDANG,PANCUR BATU,TUNTUNGAN II,TPS 10,2019-10-25 11:00:05,200,15,258,215,215,215,0,https://pemilu2019.kpu.go.id/img/c/900/026/900026505/1-8793-10-C1-PPWP-X1.jpg,https://pemilu2019.kpu.go.id/img/c/900/026/900026505/1-8793-10-C1-PPWP-X2.jpg
6728868887758793900026506,SUMATERA UTARA,DELI SERDANG,PANCUR BATU,TUNTUNGAN II,TPS 11,2019-10-25 11:00:05,106,70,256,256,177,176,1,https://pemilu2019.kpu.go.id/img/c/900/026/900026506/4-8793-11-C1-PPWP-X1.jpg,https://pemilu2019.kpu.go.id/img/c/900/026/900026506/4-8793-11-C1-PPWP-X2.jpg
6728868887758793900026507,SUMATERA UTARA,DELI SERDANG,PANCUR BATU,TUNTUNGAN II,TPS 12,2019-10-25 11:00:05,95,77,258,172,172,172,0,https://pemilu2019.kpu.go.id/img/c/900/026/900026507/1-8793-12-C1-PPWP-X1.jpg,https://pemilu2019.kpu.go.id/img/c/900/026/900026507/1-8793-12-C1-PPWP-X2.jpg
6728868887758793900026508,SUMATERA UTARA,DELI SERDANG,PANCUR BATU,TUNTUNGAN II,TPS 13,2019-10-25 11:00:05,133,49,251,185,185,182,3,https://pemilu2019.kpu.go.id/img/c/900/026/900026508/3-8793-13-C1-PPWP-X1.jpg,https://pemilu2019.kpu.go.id/img/c/900/026/900026508/3-8793-13-C1-PPWP-X2.jpg
6728868887758793900026509,SUMATERA UTARA,DELI SERDANG,PANCUR BATU,TUNTUNGAN II,TPS 14,2019-10-25 11:00:05,99,85,269,185,185,184,1,https://pemilu2019.kpu.go.id/img/c/900/026/900026509/2-8793-14-C1-PPWP-X1.jpg,https://pemilu2019.kpu.go.id/img/c/900/026/900026509/2-8793-14-C1-PPWP-X2.jpg
6728868887758793900026510,SUMATERA UTARA,DELI SERDANG,PANCUR BATU,TUNTUNGAN II,TPS 15,2019-10-25 11:00:05,118,55,268,175,175,173,2,https://pemilu2019.kpu.go.id/img/c/900/026/900026510/1-8793-15-C1-PPWP-X1.jpg,https://pemilu2019.kpu.go.id/img/c/900/026/900026510/1-8793-15-C1-PPWP-X2.jpg
6728868890829085900031024,SUMATERA UTARA,DELI SERDANG,PANTAI LABU,BAGAN SERDANG,TPS 1,2019-10-25 11:00:05,58,149,292,211,211,207,4,https://pemilu2019.kpu.go.id/img/c/900/031/900031024/2-9085-1-C-XXX-X5.jpg,https://pemilu2019.kpu.go.id/img/c/900/031/900031024/2-9085-1-C-XXX-X6.jpg
6728868890829085900031025,SUMATERA UTARA,DELI SERDANG,PANTAI LABU,BAGAN SERDANG,TPS 2,2019-10-25 11:00:05,36,159,267,198,198,195,3,https://pemilu2019.kpu.go.id/img/c/900/031/900031025/1-9085-2-C-XXX-X5.jpg,https://pemilu2019.kpu.go.id/img/c/900/031/900031025/1-9085-2-C-XXX-X6.jpg
6728868890829085900031026,SUMATERA UTARA,DELI SERDANG,PANTAI LABU,BAGAN SERDANG,TPS 3,2019-10-25 11:00:05,68,73,249,151,151,141,10,https://pemilu2019.kpu.go.id/img/c/900/031/900031026/1-9085-3-C-XXX-X5.jpg,https://pemilu2019.kpu.go.id/img/c/900/031/900031026/1-9085-3-C-XXX-X6.jpg
6728868890829085900031027,SUMATERA UTARA,DELI SERDANG,PANTAI LABU,BAGAN SERDANG,TPS 4,2019-10-25 11:00:05,56,113,247,175,175,169,6,https://pemilu2019.kpu.go.id/img/c/900/031/900031027/1-9085-4-C-XXX-X5.jpg,https://pemilu2019.kpu.go.id/img/c/900/031/900031027/1-9085-4-C-XXX-X6.jpg
6728868890829097900031108,SUMATERA UTARA,DELI SERDANG,PANTAI LABU,BINJAI BAKUNG,TPS 1,2019-10-25 11:00:05,87,130,289,218,218,217,1,https://pemilu2019.kpu.go.id/img/c/900/031/900031108/3-9097-1-C-XXX-X5.jpg,https://pemilu2019.kpu.go.id/img/c/900/031/900031108/3-9097-1-C-XXX-X6.jpg
6728868890829097900031109,SUMATERA UTARA,DELI SERDANG,PANTAI LABU,BINJAI BAKUNG,TPS 2,2019-10-25 11:00:05,76,134,292,212,212,210,2,https://pemilu2019.kpu.go.id/img/c/900/031/900031109/3-9097-2-C-XXX-X5.jpg,https://pemilu2019.kpu.go.id/img/c/900/031/900031109/3-9097-2-C-XXX-X6.jpg
6728868890829097900031110,SUMATERA UTARA,DELI SERDANG,PANTAI LABU,BINJAI BAKUNG,TPS 3,2019-10-25 11:00:05,79,104,272,188,188,183,5,https://pemilu2019.kpu.go.id/img/c/900/031/900031110/2-9097-3-C-XXX-X5.jpg,https://pemilu2019.kpu.go.id/img/c/900/031/900031110/2-9097-3-C-XXX-X6.jpg
6728868890829097900031111,SUMATERA UTARA,DELI SERDANG,PANTAI LABU,BINJAI BAKUNG,TPS 4,2019-10-25 11:00:05,69,94,205,166,166,163,3,https://pemilu2019.kpu.go.id/img/c/900/031/900031111/2-9097-4-C-XXX-X5.jpg,https://pemilu2019.kpu.go.id/img/c/900/031/900031111/2-9097-4-C-XXX-X6.jpg
6728868890829097900031112,SUMATERA UTARA,DELI SERDANG,PANTAI LABU,BINJAI BAKUNG,TPS 5,2019-10-25 11:00:05,77,87,212,172,172,164,8,https://pemilu2019.kpu.go.id/img/c/900/031/900031112/2-9097-5-C-XXX-X5.jpg,https://pemilu2019.kpu.go.id/img/c/900/031/900031112/2-9097-5-C-XXX-X6.jpg
6728868890829095900031092,SUMATERA UTARA,DELI SERDANG,PANTAI LABU,DENAI KUALA,TPS 1,2019-10-25 11:00:05,40,126,208,171,171,166,5,https://pemilu2019.kpu.go.id/img/c/900/031/900031092/2-9095-1-C-XXX-X5.jpg,https://pemilu2019.kpu.go.id/img/c/900/031/900031092/2-9095-1-C-XXX-X6.jpg
6728868890829095900031093,SUMATERA UTARA,DELI SERDANG,PANTAI LABU,DENAI KUALA,TPS 2,2019-10-25 11:00:05,27,123,227,154,154,150,4,https://pemilu2019.kpu.go.id/img/c/900/031/900031093/2-9095-2-C-XXX-X5.jpg,https://pemilu2019.kpu.go.id/img/c/900/031/900031093/2-9095-2-C-XXX-X6.jpg
6728868890829095900031094,SUMATERA UTARA,DELI SERDANG,PANTAI LABU,DENAI KUALA,TPS 3,2019-10-25 11:00:05,29,152,255,187,187,181,6,https://pemilu2019.kpu.go.id/img/c/900/031/900031094/2-9095-3-C-XXX-X5.jpg,https://pemilu2019.kpu.go.id/img/c/900/031/900031094/2-9095-3-C-XXX-X6.jpg
6728868890829095900031095,SUMATERA UTARA,DELI SERDANG,PANTAI LABU,DENAI KUALA,TPS 4,2019-10-25 11:00:05,74,123,253,203,203,197,6,https://pemilu2019.kpu.go.id/img/c/900/031/900031095/2-9095-4-C-XXX-X5.jpg,https://pemilu2019.kpu.go.id/img/c/900/031/900031095/2-9095-4-C-XXX-X6.jpg
6728868890829095900031096,SUMATERA UTARA,DELI SERDANG,PANTAI LABU,DENAI KUALA,TPS 5,2019-10-25 11:00:05,41,151,252,196,196,192,4,https://pemilu2019.kpu.go.id/img/c/900/031/900031096/1-9095-5-C-XXX-X5.jpg,https://pemilu2019.kpu.go.id/img/c/900/031/900031096/1-9095-5-C-XXX-X6.jpg
6728868890829095900031097,SUMATERA UTARA,DELI SERDANG,PANTAI LABU,DENAI KUALA,TPS 6,2019-10-25 11:00:05,93,133,262,233,233,226,7,https://pemilu2019.kpu.go.id/img/c/900/031/900031097/2-9095-6-C1-PPWP-X1.jpg,https://pemilu2019.kpu.go.id/img/c/900/031/900031097/2-9095-6-C1-PPWP-X2.jpg
6728868890829095900031098,SUMATERA UTARA,DELI SERDANG,PANTAI LABU,DENAI KUALA,TPS 7,2019-10-25 11:00:05,155,25,237,184,184,180,4,https://pemilu2019.kpu.go.id/img/c/900/031/900031098/1-9095-7-C-XXX-X5.jpg,https://pemilu2019.kpu.go.id/img/c/900/031/900031098/1-9095-7-C-XXX-X6.jpg
6728868890829095900031099,SUMATERA UTARA,DELI SERDANG,PANTAI LABU,DENAI KUALA,TPS 8,2019-10-25 11:00:05,87,50,241,144,144,137,7,https://pemilu2019.kpu.go.id/img/c/900/031/900031099/3-9095-8-C-XXX-X5.jpg,https://pemilu2019.kpu.go.id/img/c/900/031/900031099/3-9095-8-C-XXX-X6.jpg
6728868890829094900031083,SUMATERA UTARA,DELI SERDANG,PANTAI LABU,DENAI LAMA,TPS 1,2019-10-25 11:00:05,36,117,201,164,164,153,11,https://pemilu2019.kpu.go.id/img/c/900/031/900031083/1-9094-1-C-XXX-X5.jpg,https://pemilu2019.kpu.go.id/img/c/900/031/900031083/1-9094-1-C-XXX-X6.jpg
6728868890829094900031084,SUMATERA UTARA,DELI SERDANG,PANTAI LABU,DENAI LAMA,TPS 2,2019-10-25 11:00:05,22,138,209,161,161,160,1,https://pemilu2019.kpu.go.id/img/c/900/031/900031084/1-9094-2-C-XXX-X5.jpg,https://pemilu2019.kpu.go.id/img/c/900/031/900031084/1-9094-2-C-XXX-X6.jpg
6728868890829094900031085,SUMATERA UTARA,DELI SERDANG,PANTAI LABU,DENAI LAMA,TPS 3,2019-10-25 11:00:05,21,129,213,154,154,150,4,https://pemilu2019.kpu.go.id/img/c/900/031/900031085/1-9094-3-C-XXX-X5.jpg,https://pemilu2019.kpu.go.id/img/c/900/031/900031085/1-9094-3-C-XXX-X6.jpg
6728868890829094900031086,SUMATERA UTARA,DELI SERDANG,PANTAI LABU,DENAI LAMA,TPS 4,2019-10-25 11:00:05,48,110,216,164,164,158,6,https://pemilu2019.kpu.go.id/img/c/900/031/900031086/1-9094-4-C-XXX-X5.jpg,https://pemilu2019.kpu.go.id/img/c/900/031/900031086/1-9094-4-C-XXX-X6.jpg
6728868890829094900031087,SUMATERA UTARA,DELI SERDANG,PANTAI LABU,DENAI LAMA,TPS 5,2019-10-25 11:00:05,74,99,225,175,175,173,2,https://pemilu2019.kpu.go.id/img/c/900/031/900031087/1-9094-5-C-XXX-X5.jpg,https://pemilu2019.kpu.go.id/img/c/900/031/900031087/1-9094-5-C-XXX-X6.jpg
6728868890829094900031088,SUMATERA UTARA,DELI SERDANG,PANTAI LABU,DENAI LAMA,TPS 6,2019-10-25 11:00:05,74,123,255,199,199,197,2,https://pemilu2019.kpu.go.id/img/c/900/031/900031088/1-9094-6-C-XXX-X5.jpg,https://pemilu2019.kpu.go.id/img/c/900/031/900031088/1-9094-6-C-XXX-X6.jpg
6728868890829094900031089,SUMATERA UTARA,DELI SERDANG,PANTAI LABU,DENAI LAMA,TPS 7,2019-10-25 11:00:05,76,109,236,197,197,185,12,https://pemilu2019.kpu.go.id/img/c/900/031/900031089/1-9094-7-C-XXX-X5.jpg,https://pemilu2019.kpu.go.id/img/c/900/031/900031089/1-9094-7-C-XXX-X6.jpg
6728868890829094900031090,SUMATERA UTARA,DELI SERDANG,PANTAI LABU,DENAI LAMA,TPS 8,2019-10-25 11:00:05,71,65,182,139,139,136,3,https://pemilu2019.kpu.go.id/img/c/900/031/900031090/1-9094-8-C-XXX-X5.jpg,https://pemilu2019.kpu.go.id/img/c/900/031/900031090/1-9094-8-C-XXX-X6.jpg
6728868890829094900031091,SUMATERA UTARA,DELI SERDANG,PANTAI LABU,DENAI LAMA,TPS 9,2019-10-25 11:00:05,99,121,254,224,224,220,4,https://pemilu2019.kpu.go.id/img/c/900/031/900031091/1-9094-9-C-XXX-X5.jpg,https://pemilu2019.kpu.go.id/img/c/900/031/900031091/1-9094-9-C-XXX-X6.jpg
6728868890829096900031100,SUMATERA UTARA,DELI SERDANG,PANTAI LABU,DENAI SARANG BURUNG,TPS 1,2019-10-25 11:00:05,65,128,279,208,208,193,15,https://pemilu2019.kpu.go.id/img/c/900/031/900031100/1-9096-1-C-XXX-X5.jpg,https://pemilu2019.kpu.go.id/img/c/900/031/900031100/1-9096-1-C-XXX-X6.jpg
6728868890829096900031101,SUMATERA UTARA,DELI SERDANG,PANTAI LABU,DENAI SARANG BURUNG,TPS 2,2019-10-25 11:00:05,115,76,254,199,199,191,8,https://pemilu2019.kpu.go.id/img/c/900/031/900031101/2-9096-2-C1-PPWP-X1.jpg,https://pemilu2019.kpu.go.id/img/c/900/031/900031101/2-9096-2-C1-PPWP-X2.jpg
6728868890829096900031102,SUMATERA UTARA,DELI SERDANG,PANTAI LABU,DENAI SARANG BURUNG,TPS 3,2019-10-25 11:00:05,79,121,269,211,211,200,11,https://pemilu2019.kpu.go.id/img/c/900/031/900031102/1-9096-3-C1-PPWP-X1.jpg,https://pemilu2019.kpu.go.id/img/c/900/031/900031102/1-9096-3-C1-PPWP-X2.jpg
6728868890829096900031103,SUMATERA UTARA,DELI SERDANG,PANTAI LABU,DENAI SARANG BURUNG,TPS 4,2019-10-25 11:00:05,157,72,297,239,239,229,10,https://pemilu2019.kpu.go.id/img/c/900/031/900031103/3-9096-4-C1-PPWP-X1.jpg,https://pemilu2019.kpu.go.id/img/c/900/031/900031103/3-9096-4-C1-PPWP-X2.jpg
6728868890829096900031104,SUMATERA UTARA,DELI SERDANG,PANTAI LABU,DENAI SARANG BURUNG,TPS 5,2019-10-25 11:00:05,58,112,222,172,172,170,2,https://pemilu2019.kpu.go.id/img/c/900/031/900031104/1-9096-5-C-XXX-X5.jpg,https://pemilu2019.kpu.go.id/img/c/900/031/900031104/1-9096-5-C-XXX-X6.jpg
6728868890829096900031105,SUMATERA UTARA,DELI SERDANG,PANTAI LABU,DENAI SARANG BURUNG,TPS 6,2019-10-25 11:00:05,115,76,223,172,199,191,8,https://pemilu2019.kpu.go.id/img/c/900/031/900031105/1-9096-6-C-XXX-X5.jpg,https://pemilu2019.kpu.go.id/img/c/900/031/900031105/1-9096-6-C-XXX-X6.jpg
6728868890829096900031106,SUMATERA UTARA,DELI SERDANG,PANTAI LABU,DENAI SARANG BURUNG,TPS 7,2019-10-25 11:00:05,71,105,276,184,184,176,8,https://pemilu2019.kpu.go.id/img/c/900/031/900031106/1-9096-7-C1-PPWP-X1.jpg,https://pemilu2019.kpu.go.id/img/c/900/031/900031106/1-9096-7-C1-PPWP-X2.jpg
6728868890829096900031107,SUMATERA UTARA,DELI SERDANG,PANTAI LABU,DENAI SARANG BURUNG,TPS 8,2019-10-25 11:00:05,119,74,285,197,197,193,4,https://pemilu2019.kpu.go.id/img/c/900/031/900031107/1-9096-8-C-XXX-X5.jpg,https://pemilu2019.kpu.go.id/img/c/900/031/900031107/1-9096-8-C-XXX-X6.jpg
6728868890829084900031021,SUMATERA UTARA,DELI SERDANG,PANTAI LABU,DESA TENGAH,TPS 1,2019-10-25 11:00:05,38,171,252,212,212,209,3,https://pemilu2019.kpu.go.id/img/c/900/031/900031021/1-9084-1-C-XXX-X5.jpg,https://pemilu2019.kpu.go.id/img/c/900/031/900031021/1-9084-1-C-XXX-X6.jpg
6728868890829084900031022,SUMATERA UTARA,DELI SERDANG,PANTAI LABU,DESA TENGAH,TPS 2,2019-10-25 11:00:05,51,137,238,190,190,188,2,https://pemilu2019.kpu.go.id/img/c/900/031/900031022/1-9084-2-C-XXX-X5.jpg,https://pemilu2019.kpu.go.id/img/c/900/031/900031022/1-9084-2-C-XXX-X6.jpg
6728868890829084900031023,SUMATERA UTARA,DELI SERDANG,PANTAI LABU,DESA TENGAH,TPS 3,2019-10-25 11:00:05,74,116,241,195,195,190,5,https://pemilu2019.kpu.go.id/img/c/900/031/900031023/1-9084-3-C-XXX-X5.jpg,https://pemilu2019.kpu.go.id/img/c/900/031/900031023/1-9084-3-C-XXX-X6.jpg
6728868890829100900031134,SUMATERA UTARA,DELI SERDANG,PANTAI LABU,DURIAN,TPS 01,2019-10-25 11:00:05,15,189,266,204,204,204,0,https://pemilu2019.kpu.go.id/img/c/900/031/900031134/2-9100-01-C-XXX-X5.jpg,https://pemilu2019.kpu.go.id/img/c/900/031/900031134/2-9100-01-C-XXX-X6.jpg
6728868890829100900031135,SUMATERA UTARA,DELI SERDANG,PANTAI LABU,DURIAN,TPS 02,2019-10-25 11:00:05,24,140,166,166,165,164,1,https://pemilu2019.kpu.go.id/img/c/900/031/900031135/3-9100-02-C-XXX-X5.jpg,https://pemilu2019.kpu.go.id/img/c/900/031/900031135/3-9100-02-C-XXX-X6.jpg
6728868890829100900031136,SUMATERA UTARA,DELI SERDANG,PANTAI LABU,DURIAN,TPS 03,2019-10-25 11:00:05,23,185,268,209,209,208,1,https://pemilu2019.kpu.go.id/img/c/900/031/900031136/1-9100-03-C-XXX-X5.jpg,https://pemilu2019.kpu.go.id/img/c/900/031/900031136/1-9100-03-C-XXX-X6.jpg
6728868890829100900031137,SUMATERA UTARA,DELI SERDANG,PANTAI LABU,DURIAN,TPS 04,2019-10-25 11:00:05,27,152,259,179,179,179,0,https://pemilu2019.kpu.go.id/img/c/900/031/900031137/4-9100-04-C-XXX-X5.jpg,https://pemilu2019.kpu.go.id/img/c/900/031/900031137/4-9100-04-C-XXX-X6.jpg
6728868890829100900031138,SUMATERA UTARA,DELI SERDANG,PANTAI LABU,DURIAN,TPS 05,2019-10-25 11:00:05,51,174,280,229,229,225,4,https://pemilu2019.kpu.go.id/img/c/900/031/900031138/1-9100-05-C-XXX-X5.jpg,https://pemilu2019.kpu.go.id/img/c/900/031/900031138/1-9100-05-C-XXX-X6.jpg
6728868890829100900031139,SUMATERA UTARA,DELI SERDANG,PANTAI LABU,DURIAN,TPS 06,2019-10-25 11:00:05,159,2,264,161,161,161,0,https://pemilu2019.kpu.go.id/img/c/900/031/900031139/1-9100-06-C-XXX-X5.jpg,https://pemilu2019.kpu.go.id/img/c/900/031/900031139/1-9100-06-C-XXX-X6.jpg
6728868890829100900031140,SUMATERA UTARA,DELI SERDANG,PANTAI LABU,DURIAN,TPS 07,2019-10-25 11:00:05,178,2,293,180,180,180,0,https://pemilu2019.kpu.go.id/img/c/900/031/900031140/1-9100-07-C-XXX-X5.jpg,https://pemilu2019.kpu.go.id/img/c/900/031/900031140/1-9100-07-C-XXX-X6.jpg
6728868890829100900031141,SUMATERA UTARA,DELI SERDANG,PANTAI LABU,DURIAN,TPS 08,2019-10-25 11:00:05,42,134,240,179,179,176,3,https://pemilu2019.kpu.go.id/img/c/900/031/900031141/1-9100-08-C-XXX-X5.jpg,https://pemilu2019.kpu.go.id/img/c/900/031/900031141/1-9100-08-C-XXX-X6.jpg
6728868890829100900031142,SUMATERA UTARA,DELI SERDANG,PANTAI LABU,DURIAN,TPS 09,2019-10-25 11:00:05,40,137,234,178,178,177,1,https://pemilu2019.kpu.go.id/img/c/900/031/900031142/1-9100-09-C-XXX-X5.jpg,https://pemilu2019.kpu.go.id/img/c/900/031/900031142/1-9100-09-C-XXX-X6.jpg
6728868890829100900031143,SUMATERA UTARA,DELI SERDANG,PANTAI LABU,DURIAN,TPS 10,2019-10-25 11:00:05,50,141,239,194,194,191,3,https://pemilu2019.kpu.go.id/img/c/900/031/900031143/1-9100-10-C-XXX-X5.jpg,https://pemilu2019.kpu.go.id/img/c/900/031/900031143/1-9100-10-C-XXX-X6.jpg
6728868890829100900031144,SUMATERA UTARA,DELI SERDANG,PANTAI LABU,DURIAN,TPS 11,2019-10-25 11:00:05,55,173,276,228,228,228,0,https://pemilu2019.kpu.go.id/img/c/900/031/900031144/2-9100-11-C1-PPWP-X1.jpg,https://pemilu2019.kpu.go.id/img/c/900/031/900031144/2-9100-11-C1-PPWP-X2.jpg
6728868890829100900031145,SUMATERA UTARA,DELI SERDANG,PANTAI LABU,DURIAN,TPS 12,2019-10-25 11:00:05,46,110,214,158,158,156,2,https://pemilu2019.kpu.go.id/img/c/900/031/900031145/1-9100-12-C-XXX-X5.jpg,https://pemilu2019.kpu.go.id/img/c/900/031/900031145/1-9100-12-C-XXX-X6.jpg
6728868890829100900031146,SUMATERA UTARA,DELI SERDANG,PANTAI LABU,DURIAN,TPS 13,2019-10-25 11:00:05,199,9,291,208,208,208,0,https://pemilu2019.kpu.go.id/img/c/900/031/900031146/1-9100-13-C-XXX-X5.jpg,https://pemilu2019.kpu.go.id/img/c/900/031/900031146/1-9100-13-C-XXX-X6.jpg
6728868890829100900031147,SUMATERA UTARA,DELI SERDANG,PANTAI LABU,DURIAN,TPS 14,2019-10-25 11:00:05,107,1,178,108,108,108,0,https://pemilu2019.kpu.go.id/img/c/900/031/900031147/1-9100-14-C-XXX-X5.jpg,https://pemilu2019.kpu.go.id/img/c/900/031/900031147/1-9100-14-C-XXX-X6.jpg
6728868890829100900031148,SUMATERA UTARA,DELI SERDANG,PANTAI LABU,DURIAN,TPS 15,2019-10-25 11:00:05,171,2,290,174,174,173,1,https://pemilu2019.kpu.go.id/img/c/900/031/900031148/1-9100-15-C-XXX-X5.jpg,https://pemilu2019.kpu.go.id/img/c/900/031/900031148/1-9100-15-C-XXX-X6.jpg
6728868890829100900031149,SUMATERA UTARA,DELI SERDANG,PANTAI LABU,DURIAN,TPS 16,2019-10-25 11:00:05,82,2,82,82,84,84,0,https://pemilu2019.kpu.go.id/img/c/900/031/900031149/1-9100-16-C-XXX-X5.jpg,https://pemilu2019.kpu.go.id/img/c/900/031/900031149/1-9100-16-C-XXX-X6.jpg
6728868890829099900031126,SUMATERA UTARA,DELI SERDANG,PANTAI LABU,KELAMBIR,TPS 1,2019-10-25 11:00:05,42,136,255,185,185,178,7,https://pemilu2019.kpu.go.id/img/c/900/031/900031126/1-9099-1-C-XXX-X5.jpg,https://pemilu2019.kpu.go.id/img/c/900/031/900031126/1-9099-1-C-XXX-X6.jpg
6728868890829099900031127,SUMATERA UTARA,DELI SERDANG,PANTAI LABU,KELAMBIR,TPS 2,2019-10-25 11:00:05,58,122,268,193,193,180,13,https://pemilu2019.kpu.go.id/img/c/900/031/900031127/3-9099-2-C-XXX-X5.jpg,https://pemilu2019.kpu.go.id/img/c/900/031/900031127/3-9099-2-C-XXX-X6.jpg
6728868890829099900031128,SUMATERA UTARA,DELI SERDANG,PANTAI LABU,KELAMBIR,TPS 3,2019-10-25 11:00:05,35,146,245,189,189,181,8,https://pemilu2019.kpu.go.id/img/c/900/031/900031128/1-9099-3-C-XXX-X5.jpg,https://pemilu2019.kpu.go.id/img/c/900/031/900031128/1-9099-3-C-XXX-X6.jpg
6728868890829099900031129,SUMATERA UTARA,DELI SERDANG,PANTAI LABU,KELAMBIR,TPS 4,2019-10-25 11:00:05,25,144,210,174,174,169,5,https://pemilu2019.kpu.go.id/img/c/900/031/900031129/1-9099-4-C-XXX-X5.jpg,https://pemilu2019.kpu.go.id/img/c/900/031/900031129/1-9099-4-C-XXX-X6.jpg
6728868890829099900031130,SUMATERA UTARA,DELI SERDANG,PANTAI LABU,KELAMBIR,TPS 5,2019-10-25 11:00:05,80,0,153,81,81,80,1,https://pemilu2019.kpu.go.id/img/c/900/031/900031130/3-9099-5-C-XXX-X5.jpg,https://pemilu2019.kpu.go.id/img/c/900/031/900031130/3-9099-5-C-XXX-X6.jpg
6728868890829099900031131,SUMATERA UTARA,DELI SERDANG,PANTAI LABU,KELAMBIR,TPS 6,2019-10-25 11:00:05,86,0,141,86,86,86,0,https://pemilu2019.kpu.go.id/img/c/900/031/900031131/1-9099-6-C-XXX-X5.jpg,https://pemilu2019.kpu.go.id/img/c/900/031/900031131/1-9099-6-C-XXX-X6.jpg
6728868890829099900031132,SUMATERA UTARA,DELI SERDANG,PANTAI LABU,KELAMBIR,TPS 7,2019-10-25 11:00:05,39,125,237,167,167,164,3,https://pemilu2019.kpu.go.id/img/c/900/031/900031132/1-9099-7-C-XXX-X5.jpg,https://pemilu2019.kpu.go.id/img/c/900/031/900031132/1-9099-7-C-XXX-X6.jpg
6728868890829099900031133,SUMATERA UTARA,DELI SERDANG,PANTAI LABU,KELAMBIR,TPS 8,2019-10-25 11:00:05,41,136,246,179,179,177,2,https://pemilu2019.kpu.go.id/img/c/900/031/900031133/2-9099-8-C-XXX-X5.jpg,https://pemilu2019.kpu.go.id/img/c/900/031/900031133/2-9099-8-C-XXX-X6.jpg
6728868890829088900031045,SUMATERA UTARA,DELI SERDANG,PANTAI LABU,KUBAH SENTANG,TPS 1,2019-10-25 11:00:05,57,141,270,208,208,198,10,https://pemilu2019.kpu.go.id/img/c/900/031/900031045/1-9088-1-C-XXX-X5.jpg,https://pemilu2019.kpu.go.id/img/c/900/031/900031045/1-9088-1-C-XXX-X6.jpg
6728868890829088900031046,SUMATERA UTARA,DELI SERDANG,PANTAI LABU,KUBAH SENTANG,TPS 2,2019-10-25 11:00:05,56,123,244,186,186,179,7,https://pemilu2019.kpu.go.id/img/c/900/031/900031046/1-9088-2-C-XXX-X5.jpg,https://pemilu2019.kpu.go.id/img/c/900/031/900031046/1-9088-2-C-XXX-X6.jpg
6728868890829088900031047,SUMATERA UTARA,DELI SERDANG,PANTAI LABU,KUBAH SENTANG,TPS 3,2019-10-25 11:00:05,45,167,257,213,213,212,1,https://pemilu2019.kpu.go.id/img/c/900/031/900031047/1-9088-3-C-XXX-X5.jpg,https://pemilu2019.kpu.go.id/img/c/900/031/900031047/1-9088-3-C-XXX-X6.jpg
6728868890829088900031048,SUMATERA UTARA,DELI SERDANG,PANTAI LABU,KUBAH SENTANG,TPS 4,2019-10-25 11:00:05,30,163,224,194,194,193,1,https://pemilu2019.kpu.go.id/img/c/900/031/900031048/1-9088-4-C1-PPWP-X1.jpg,https://pemilu2019.kpu.go.id/img/c/900/031/900031048/1-9088-4-C1-PPWP-X2.jpg
6728868890829098900031113,SUMATERA UTARA,DELI SERDANG,PANTAI LABU,PALUH SIBAJI,TPS 01,2019-10-25 11:00:05,40,153,266,198,198,193,5,https://pemilu2019.kpu.go.id/img/c/900/031/900031113/1-9098-01-C1-PPWP-X1.jpg,https://pemilu2019.kpu.go.id/img/c/900/031/900031113/1-9098-01-C1-PPWP-X2.jpg
6728868890829098900031114,SUMATERA UTARA,DELI SERDANG,PANTAI LABU,PALUH SIBAJI,TPS 02,2019-10-25 11:00:05,29,129,240,161,161,158,3,https://pemilu2019.kpu.go.id/img/c/900/031/900031114/1-9098-02-C1-PPWP-X1.jpg,https://pemilu2019.kpu.go.id/img/c/900/031/900031114/1-9098-02-C1-PPWP-X2.jpg
6728868890829098900031115,SUMATERA UTARA,DELI SERDANG,PANTAI LABU,PALUH SIBAJI,TPS 03,2019-10-25 11:00:05,14,81,146,99,99,95,4,https://pemilu2019.kpu.go.id/img/c/900/031/900031115/1-9098-03-C1-PPWP-X1.jpg,https://pemilu2019.kpu.go.id/img/c/900/031/900031115/1-9098-03-C1-PPWP-X2.jpg
6728868890829098900031116,SUMATERA UTARA,DELI SERDANG,PANTAI LABU,PALUH SIBAJI,TPS 04,2019-10-25 11:00:05,29,114,228,146,146,143,3,https://pemilu2019.kpu.go.id/img/c/900/031/900031116/1-9098-04-C1-PPWP-X1.jpg,https://pemilu2019.kpu.go.id/img/c/900/031/900031116/1-9098-04-C1-PPWP-X2.jpg
6728868890829098900031117,SUMATERA UTARA,DELI SERDANG,PANTAI LABU,PALUH SIBAJI,TPS 05,2019-10-25 11:00:05,36,93,230,132,132,129,3,https://pemilu2019.kpu.go.id/img/c/900/031/900031117/1-9098-05-C1-PPWP-X1.jpg,https://pemilu2019.kpu.go.id/img/c/900/031/900031117/1-9098-05-C1-PPWP-X2.jpg
6728868890829098900031118,SUMATERA UTARA,DELI SERDANG,PANTAI LABU,PALUH SIBAJI,TPS 06,2019-10-25 11:00:05,38,119,255,160,160,157,3,https://pemilu2019.kpu.go.id/img/c/900/031/900031118/1-9098-06-C1-PPWP-X1.jpg,https://pemilu2019.kpu.go.id/img/c/900/031/900031118/1-9098-06-C1-PPWP-X2.jpg
6728868890829098900031119,SUMATERA UTARA,DELI SERDANG,PANTAI LABU,PALUH SIBAJI,TPS 07,2019-10-25 11:00:05,26,117,239,143,143,143,0,https://pemilu2019.kpu.go.id/img/c/900/031/900031119/1-9098-07-C1-PPWP-X1.jpg,https://pemilu2019.kpu.go.id/img/c/900/031/900031119/1-9098-07-C1-PPWP-X2.jpg
6728868890829098900031120,SUMATERA UTARA,DELI SERDANG,PANTAI LABU,PALUH SIBAJI,TPS 08,2019-10-25 11:00:05,40,109,245,150,150,149,1,https://pemilu2019.kpu.go.id/img/c/900/031/900031120/1-9098-08-C1-PPWP-X1.jpg,https://pemilu2019.kpu.go.id/img/c/900/031/900031120/1-9098-08-C1-PPWP-X2.jpg
6728868890829098900031121,SUMATERA UTARA,DELI SERDANG,PANTAI LABU,PALUH SIBAJI,TPS 09,2019-10-25 11:00:05,20,124,262,145,145,144,1,https://pemilu2019.kpu.go.id/img/c/900/031/900031121/1-9098-09-C1-PPWP-X1.jpg,https://pemilu2019.kpu.go.id/img/c/900/031/900031121/1-9098-09-C1-PPWP-X2.jpg
6728868890829098900031122,SUMATERA UTARA,DELI SERDANG,PANTAI LABU,PALUH SIBAJI,TPS 10,2019-10-25 11:00:05,18,111,212,134,134,129,5,https://pemilu2019.kpu.go.id/img/c/900/031/900031122/1-9098-10-C1-PPWP-X1.jpg,https://pemilu2019.kpu.go.id/img/c/900/031/900031122/1-9098-10-C1-PPWP-X2.jpg
6728868890829098900031123,SUMATERA UTARA,DELI SERDANG,PANTAI LABU,PALUH SIBAJI,TPS 11,2019-10-25 11:00:05,29,97,225,130,130,126,4,https://pemilu2019.kpu.go.id/img/c/900/031/900031123/1-9098-11-C1-PPWP-X1.jpg,https://pemilu2019.kpu.go.id/img/c/900/031/900031123/1-9098-11-C1-PPWP-X2.jpg
6728868890829098900031124,SUMATERA UTARA,DELI SERDANG,PANTAI LABU,PALUH SIBAJI,TPS 12,2019-10-25 11:00:05,30,37,181,68,68,67,1,https://pemilu2019.kpu.go.id/img/c/900/031/900031124/1-9098-12-C1-PPWP-X1.jpg,https://pemilu2019.kpu.go.id/img/c/900/031/900031124/1-9098-12-C1-PPWP-X2.jpg
6728868890829098900031125,SUMATERA UTARA,DELI SERDANG,PANTAI LABU,PALUH SIBAJI,TPS 13,2019-10-25 11:00:05,50,91,259,142,142,141,1,https://pemilu2019.kpu.go.id/img/c/900/031/900031125/1-9098-13-C1-PPWP-X1.jpg,https://pemilu2019.kpu.go.id/img/c/900/031/900031125/1-9098-13-C1-PPWP-X2.jpg
6728868890829090900031061,SUMATERA UTARA,DELI SERDANG,PANTAI LABU,PANTAI LABU BARU,TPS 1,2019-10-25 11:00:05,42,114,204,159,159,156,3,https://pemilu2019.kpu.go.id/img/c/900/031/900031061/1-9090-1-C1-PPWP-X1.jpg,https://pemilu2019.kpu.go.id/img/c/900/031/900031061/1-9090-1-C1-PPWP-X2.jpg
6728868890829090900031062,SUMATERA UTARA,DELI SERDANG,PANTAI LABU,PANTAI LABU BARU,TPS 2,2019-10-25 11:00:05,79,96,220,177,177,175,2,https://pemilu2019.kpu.go.id/img/c/900/031/900031062/1-9090-2-C-XXX-X5.jpg,https://pemilu2019.kpu.go.id/img/c/900/031/900031062/1-9090-2-C-XXX-X6.jpg
6728868890829090900031063,SUMATERA UTARA,DELI SERDANG,PANTAI LABU,PANTAI LABU BARU,TPS 3,2019-10-25 11:00:05,61,96,210,160,160,157,3,https://pemilu2019.kpu.go.id/img/c/900/031/900031063/1-9090-3-C-XXX-X5.jpg,https://pemilu2019.kpu.go.id/img/c/900/031/900031063/1-9090-3-C-XXX-X6.jpg
6728868890829089900031049,SUMATERA UTARA,DELI SERDANG,PANTAI LABU,PANTAI LABU PEKAN,TPS 01,2019-10-25 11:00:05,52,88,245,142,142,140,2,https://pemilu2019.kpu.go.id/img/c/900/031/900031049/2-9089-01-C-XXX-X5.jpg,https://pemilu2019.kpu.go.id/img/c/900/031/900031049/2-9089-01-C-XXX-X6.jpg
6728868890829089900031050,SUMATERA UTARA,DELI SERDANG,PANTAI LABU,PANTAI LABU PEKAN,TPS 02,2019-10-25 11:00:05,70,98,284,172,172,168,4,https://pemilu2019.kpu.go.id/img/c/900/031/900031050/1-9089-02-C1-PPWP-X1.jpg,https://pemilu2019.kpu.go.id/img/c/900/031/900031050/1-9089-02-C1-PPWP-X2.jpg
6728868890829089900031051,SUMATERA UTARA,DELI SERDANG,PANTAI LABU,PANTAI LABU PEKAN,TPS 03,2019-10-25 11:00:05,70,84,246,158,158,154,4,https://pemilu2019.kpu.go.id/img/c/900/031/900031051/1-9089-03-C-XXX-X5.jpg,https://pemilu2019.kpu.go.id/img/c/900/031/900031051/1-9089-03-C-XXX-X6.jpg
6728868890829089900031052,SUMATERA UTARA,DELI SERDANG,PANTAI LABU,PANTAI LABU PEKAN,TPS 04,2019-10-25 11:00:05,75,69,285,148,148,144,4,https://pemilu2019.kpu.go.id/img/c/900/031/900031052/1-9089-04-C1-PPWP-X1.jpg,https://pemilu2019.kpu.go.id/img/c/900/031/900031052/1-9089-04-C1-PPWP-X2.jpg
6728868890829089900031053,SUMATERA UTARA,DELI SERDANG,PANTAI LABU,PANTAI LABU PEKAN,TPS 05,2019-10-25 11:00:05,71,74,268,147,147,145,2,https://pemilu2019.kpu.go.id/img/c/900/031/900031053/1-9089-05-C-XXX-X5.jpg,https://pemilu2019.kpu.go.id/img/c/900/031/900031053/1-9089-05-C-XXX-X6.jpg
6728868890829089900031054,SUMATERA UTARA,DELI SERDANG,PANTAI LABU,PANTAI LABU PEKAN,TPS 06,2019-10-25 11:00:05,69,110,287,184,184,179,5,https://pemilu2019.kpu.go.id/img/c/900/031/900031054/1-9089-06-C-XXX-X5.jpg,https://pemilu2019.kpu.go.id/img/c/900/031/900031054/1-9089-06-C-XXX-X6.jpg
6728868890829089900031055,SUMATERA UTARA,DELI SERDANG,PANTAI LABU,PANTAI LABU PEKAN,TPS 07,2019-10-25 11:00:05,76,98,285,174,174,174,0,https://pemilu2019.kpu.go.id/img/c/900/031/900031055/1-9089-07-C1-PPWP-X1.jpg,https://pemilu2019.kpu.go.id/img/c/900/031/900031055/1-9089-07-C1-PPWP-X2.jpg
6728868890829089900031056,SUMATERA UTARA,DELI SERDANG,PANTAI LABU,PANTAI LABU PEKAN,TPS 08,2019-10-25 11:00:05,88,88,282,180,180,176,4,https://pemilu2019.kpu.go.id/img/c/900/031/900031056/1-9089-08-C-XXX-X5.jpg,https://pemilu2019.kpu.go.id/img/c/900/031/900031056/1-9089-08-C-XXX-X6.jpg
6728868890829089900031057,SUMATERA UTARA,DELI SERDANG,PANTAI LABU,PANTAI LABU PEKAN,TPS 09,2019-10-25 11:00:05,40,154,285,197,197,194,3,https://pemilu2019.kpu.go.id/img/c/900/031/900031057/1-9089-09-C1-PPWP-X1.jpg,https://pemilu2019.kpu.go.id/img/c/900/031/900031057/1-9089-09-C1-PPWP-X2.jpg
6728868890829089900031058,SUMATERA UTARA,DELI SERDANG,PANTAI LABU,PANTAI LABU PEKAN,TPS 10,2019-10-25 11:00:05,103,59,248,166,166,162,4,https://pemilu2019.kpu.go.id/img/c/900/031/900031058/1-9089-10-C-XXX-X5.jpg,https://pemilu2019.kpu.go.id/img/c/900/031/900031058/1-9089-10-C-XXX-X6.jpg
6728868890829089900031059,SUMATERA UTARA,DELI SERDANG,PANTAI LABU,PANTAI LABU PEKAN,TPS 11,2019-10-25 11:00:05,68,105,294,178,178,173,5,https://pemilu2019.kpu.go.id/img/c/900/031/900031059/1-9089-11-C-XXX-X5.jpg,https://pemilu2019.kpu.go.id/img/c/900/031/900031059/1-9089-11-C-XXX-X6.jpg
6728868890829089900031060,SUMATERA UTARA,DELI SERDANG,PANTAI LABU,PANTAI LABU PEKAN,TPS 12,2019-10-25 11:00:05,52,69,272,127,127,121,6,https://pemilu2019.kpu.go.id/img/c/900/031/900031060/1-9089-12-C1-PPWP-X1.jpg,https://pemilu2019.kpu.go.id/img/c/900/031/900031060/1-9089-12-C1-PPWP-X2.jpg
6728868890829101900031150,SUMATERA UTARA,DELI SERDANG,PANTAI LABU,PEMATANG BIARA,TPS 01,2019-10-25 11:00:05,49,175,279,225,225,224,1,https://pemilu2019.kpu.go.id/img/c/900/031/900031150/1-9101-01-C-XXX-X5.jpg,https://pemilu2019.kpu.go.id/img/c/900/031/900031150/1-9101-01-C-XXX-X6.jpg
6728868890829101900031151,SUMATERA UTARA,DELI SERDANG,PANTAI LABU,PEMATANG BIARA,TPS 02,2019-10-25 11:00:05,53,169,266,227,227,222,5,https://pemilu2019.kpu.go.id/img/c/900/031/900031151/1-9101-02-C-XXX-X5.jpg,https://pemilu2019.kpu.go.id/img/c/900/031/900031151/1-9101-02-C-XXX-X6.jpg
6728868890829101900031152,SUMATERA UTARA,DELI SERDANG,PANTAI LABU,PEMATANG BIARA,TPS 03,2019-10-25 11:00:05,73,140,282,217,217,213,4,https://pemilu2019.kpu.go.id/img/c/900/031/900031152/1-9101-03-C-XXX-X5.jpg,https://pemilu2019.kpu.go.id/img/c/900/031/900031152/1-9101-03-C-XXX-X6.jpg
6728868890829101900031153,SUMATERA UTARA,DELI SERDANG,PANTAI LABU,PEMATANG BIARA,TPS 04,2019-10-25 11:00:05,119,91,297,216,216,210,6,https://pemilu2019.kpu.go.id/img/c/900/031/900031153/1-9101-04-C-XXX-X5.jpg,https://pemilu2019.kpu.go.id/img/c/900/031/900031153/1-9101-04-C-XXX-X6.jpg
6728868890829101900031154,SUMATERA UTARA,DELI SERDANG,PANTAI LABU,PEMATANG BIARA,TPS 05,2019-10-25 11:00:05,80,147,305,228,228,227,1,https://pemilu2019.kpu.go.id/img/c/900/031/900031154/1-9101-05-C-XXX-X5.jpg,https://pemilu2019.kpu.go.id/img/c/900/031/900031154/1-9101-05-C-XXX-X6.jpg
6728868890829101900031155,SUMATERA UTARA,DELI SERDANG,PANTAI LABU,PEMATANG BIARA,TPS 06,2019-10-25 11:00:05,112,95,298,212,212,207,5,https://pemilu2019.kpu.go.id/img/c/900/031/900031155/2-9101-06-C1-PPWP-X1.jpg,https://pemilu2019.kpu.go.id/img/c/900/031/900031155/2-9101-06-C1-PPWP-X2.jpg
6728868890829101900031156,SUMATERA UTARA,DELI SERDANG,PANTAI LABU,PEMATANG BIARA,TPS 07,2019-10-25 11:00:05,121,98,310,223,223,219,4,https://pemilu2019.kpu.go.id/img/c/900/031/900031156/1-9101-07-C-XXX-X5.jpg,https://pemilu2019.kpu.go.id/img/c/900/031/900031156/1-9101-07-C-XXX-X6.jpg
6728868890829101900031157,SUMATERA UTARA,DELI SERDANG,PANTAI LABU,PEMATANG BIARA,TPS 08,2019-10-25 11:00:05,99,105,282,206,206,204,2,https://pemilu2019.kpu.go.id/img/c/900/031/900031157/2-9101-08-C1-PPWP-X1.jpg,https://pemilu2019.kpu.go.id/img/c/900/031/900031157/2-9101-08-C1-PPWP-X2.jpg
6728868890829101900031158,SUMATERA UTARA,DELI SERDANG,PANTAI LABU,PEMATANG BIARA,TPS 09,2019-10-25 11:00:05,94,120,286,216,216,214,2,https://pemilu2019.kpu.go.id/img/c/900/031/900031158/1-9101-09-C-XXX-X5.jpg,https://pemilu2019.kpu.go.id/img/c/900/031/900031158/1-9101-09-C-XXX-X6.jpg
6728868890829101900031159,SUMATERA UTARA,DELI SERDANG,PANTAI LABU,PEMATANG BIARA,TPS 10,2019-10-25 11:00:05,98,100,277,205,205,198,7,https://pemilu2019.kpu.go.id/img/c/900/031/900031159/1-9101-10-C-XXX-X5.jpg,https://pemilu2019.kpu.go.id/img/c/900/031/900031159/1-9101-10-C-XXX-X6.jpg
6728868890829093900031074,SUMATERA UTARA,DELI SERDANG,PANTAI LABU,PERKEBUNAN RAMUNIA,TPS 1,2019-10-25 11:00:05,79,118,283,201,201,197,4,https://pemilu2019.kpu.go.id/img/c/900/031/900031074/3-9093-1-C-XXX-X5.jpg,https://pemilu2019.kpu.go.id/img/c/900/031/900031074/3-9093-1-C-XXX-X6.jpg
6728868890829093900031075,SUMATERA UTARA,DELI SERDANG,PANTAI LABU,PERKEBUNAN RAMUNIA,TPS 2,2019-10-25 11:00:05,75,83,209,164,164,158,6,https://pemilu2019.kpu.go.id/img/c/900/031/900031075/1-9093-2-C-XXX-X5.jpg,https://pemilu2019.kpu.go.id/img/c/900/031/900031075/1-9093-2-C-XXX-X6.jpg
6728868890829093900031076,SUMATERA UTARA,DELI SERDANG,PANTAI LABU,PERKEBUNAN RAMUNIA,TPS 3,2019-10-25 11:00:05,77,79,201,160,160,156,4,https://pemilu2019.kpu.go.id/img/c/900/031/900031076/1-9093-3-C-XXX-X5.jpg,https://pemilu2019.kpu.go.id/img/c/900/031/900031076/1-9093-3-C-XXX-X6.jpg
6728868890829093900031077,SUMATERA UTARA,DELI SERDANG,PANTAI LABU,PERKEBUNAN RAMUNIA,TPS 4,2019-10-25 11:00:05,71,79,264,152,152,150,2,https://pemilu2019.kpu.go.id/img/c/900/031/900031077/2-9093-4-C-XXX-X5.jpg,https://pemilu2019.kpu.go.id/img/c/900/031/900031077/2-9093-4-C-XXX-X6.jpg
6728868890829093900031078,SUMATERA UTARA,DELI SERDANG,PANTAI LABU,PERKEBUNAN RAMUNIA,TPS 5,2019-10-25 11:00:05,74,39,158,114,114,113,1,https://pemilu2019.kpu.go.id/img/c/900/031/900031078/3-9093-5-C1-PPWP-X1.jpg,https://pemilu2019.kpu.go.id/img/c/900/031/900031078/3-9093-5-C1-PPWP-X2.jpg
6728868890829093900031079,SUMATERA UTARA,DELI SERDANG,PANTAI LABU,PERKEBUNAN RAMUNIA,TPS 6,2019-10-25 11:00:05,60,87,202,150,150,147,3,https://pemilu2019.kpu.go.id/img/c/900/031/900031079/3-9093-6-C-XXX-X5.jpg,https://pemilu2019.kpu.go.id/img/c/900/031/900031079/3-9093-6-C-XXX-X6.jpg
6728868890829093900031080,SUMATERA UTARA,DELI SERDANG,PANTAI LABU,PERKEBUNAN RAMUNIA,TPS 7,2019-10-25 11:00:05,102,96,258,201,201,198,3,https://pemilu2019.kpu.go.id/img/c/900/031/900031080/1-9093-7-C-XXX-X5.jpg,https://pemilu2019.kpu.go.id/img/c/900/031/900031080/1-9093-7-C-XXX-X6.jpg
6728868890829093900031081,SUMATERA UTARA,DELI SERDANG,PANTAI LABU,PERKEBUNAN RAMUNIA,TPS 8,2019-10-25 11:00:05,55,51,168,106,106,106,0,https://pemilu2019.kpu.go.id/img/c/900/031/900031081/1-9093-8-C-XXX-X5.jpg,https://pemilu2019.kpu.go.id/img/c/900/031/900031081/1-9093-8-C-XXX-X6.jpg
6728868890829093900031082,SUMATERA UTARA,DELI SERDANG,PANTAI LABU,PERKEBUNAN RAMUNIA,TPS 9,2019-10-25 11:00:05,53,59,160,114,114,112,2,https://pemilu2019.kpu.go.id/img/c/900/031/900031082/3-9093-9-C-XXX-X5.jpg,https://pemilu2019.kpu.go.id/img/c/900/031/900031082/3-9093-9-C-XXX-X6.jpg
6728868890829091900031064,SUMATERA UTARA,DELI SERDANG,PANTAI LABU,RAMUNIA I,TPS 1,2019-10-25 11:00:05,112,86,268,199,199,198,1,https://pemilu2019.kpu.go.id/img/c/900/031/900031064/3-9091-1-C-XXX-X5.jpg,https://pemilu2019.kpu.go.id/img/c/900/031/900031064/3-9091-1-C-XXX-X6.jpg
6728868890829091900031065,SUMATERA UTARA,DELI SERDANG,PANTAI LABU,RAMUNIA I,TPS 2,2019-10-25 11:00:05,50,113,236,164,164,163,1,https://pemilu2019.kpu.go.id/img/c/900/031/900031065/1-9091-2-C-XXX-X5.jpg,https://pemilu2019.kpu.go.id/img/c/900/031/900031065/1-9091-2-C-XXX-X6.jpg
6728868890829091900031066,SUMATERA UTARA,DELI SERDANG,PANTAI LABU,RAMUNIA I,TPS 3,2019-10-25 11:00:05,63,120,236,186,186,183,3,https://pemilu2019.kpu.go.id/img/c/900/031/900031066/4-9091-3-C-XXX-X5.jpg,https://pemilu2019.kpu.go.id/img/c/900/031/900031066/4-9091-3-C-XXX-X6.jpg
6728868890829092900031067,SUMATERA UTARA,DELI SERDANG,PANTAI LABU,RAMUNIA II,TPS 1,2019-10-25 11:00:05,94,77,224,171,171,171,0,https://pemilu2019.kpu.go.id/img/c/900/031/900031067/2-9092-1-C-XXX-X5.jpg,https://pemilu2019.kpu.go.id/img/c/900/031/900031067/2-9092-1-C-XXX-X6.jpg
6728868890829092900031068,SUMATERA UTARA,DELI SERDANG,PANTAI LABU,RAMUNIA II,TPS 2,2019-10-25 11:00:05,102,73,258,180,180,175,5,https://pemilu2019.kpu.go.id/img/c/900/031/900031068/2-9092-2-C-XXX-X5.jpg,https://pemilu2019.kpu.go.id/img/c/900/031/900031068/2-9092-2-C-XXX-X6.jpg
6728868890829092900031069,SUMATERA UTARA,DELI SERDANG,PANTAI LABU,RAMUNIA II,TPS 3,2019-10-25 11:00:05,66,98,209,169,169,164,5,https://pemilu2019.kpu.go.id/img/c/900/031/900031069/2-9092-3-C-XXX-X5.jpg,https://pemilu2019.kpu.go.id/img/c/900/031/900031069/2-9092-3-C-XXX-X6.jpg
6728868890829092900031070,SUMATERA UTARA,DELI SERDANG,PANTAI LABU,RAMUNIA II,TPS 4,2019-10-25 11:00:05,88,88,224,179,179,176,3,https://pemilu2019.kpu.go.id/img/c/900/031/900031070/1-9092-4-C-XXX-X5.jpg,https://pemilu2019.kpu.go.id/img/c/900/031/900031070/1-9092-4-C-XXX-X6.jpg
6728868890829092900031071,SUMATERA UTARA,DELI SERDANG,PANTAI LABU,RAMUNIA II,TPS 5,2019-10-25 11:00:05,108,96,272,212,212,204,8,https://pemilu2019.kpu.go.id/img/c/900/031/900031071/1-9092-5-C-XXX-X5.jpg,https://pemilu2019.kpu.go.id/img/c/900/031/900031071/1-9092-5-C-XXX-X6.jpg
6728868890829092900031072,SUMATERA UTARA,DELI SERDANG,PANTAI LABU,RAMUNIA II,TPS 6,2019-10-25 11:00:05,135,70,262,207,207,205,2,https://pemilu2019.kpu.go.id/img/c/900/031/900031072/1-9092-6-C-XXX-X5.jpg,https://pemilu2019.kpu.go.id/img/c/900/031/900031072/1-9092-6-C-XXX-X6.jpg
6728868890829092900031073,SUMATERA UTARA,DELI SERDANG,PANTAI LABU,RAMUNIA II,TPS 7,2019-10-25 11:00:05,137,85,266,225,225,222,3,https://pemilu2019.kpu.go.id/img/c/900/031/900031073/1-9092-7-C-XXX-X5.jpg,https://pemilu2019.kpu.go.id/img/c/900/031/900031073/1-9092-7-C-XXX-X6.jpg
6728868890829086900031028,SUMATERA UTARA,DELI SERDANG,PANTAI LABU,RANTAU PANJANG,TPS 1,2019-10-25 11:00:05,55,130,299,192,192,185,7,https://pemilu2019.kpu.go.id/img/c/900/031/900031028/1-9086-1-C-XXX-X5.jpg,https://pemilu2019.kpu.go.id/img/c/900/031/900031028/1-9086-1-C-XXX-X6.jpg
6728868890829086900031029,SUMATERA UTARA,DELI SERDANG,PANTAI LABU,RANTAU PANJANG,TPS 2,2019-10-25 11:00:05,50,120,278,183,183,170,13,https://pemilu2019.kpu.go.id/img/c/900/031/900031029/1-9086-2-C-XXX-X5.jpg,https://pemilu2019.kpu.go.id/img/c/900/031/900031029/1-9086-2-C-XXX-X6.jpg
6728868890829086900031030,SUMATERA UTARA,DELI SERDANG,PANTAI LABU,RANTAU PANJANG,TPS 3,2019-10-25 11:00:05,48,88,236,144,144,136,8,https://pemilu2019.kpu.go.id/img/c/900/031/900031030/1-9086-3-C-XXX-X5.jpg,https://pemilu2019.kpu.go.id/img/c/900/031/900031030/1-9086-3-C-XXX-X6.jpg
6728868890829086900031031,SUMATERA UTARA,DELI SERDANG,PANTAI LABU,RANTAU PANJANG,TPS 4,2019-10-25 11:00:05,63,96,289,163,163,159,4,https://pemilu2019.kpu.go.id/img/c/900/031/900031031/1-9086-4-C-XXX-X5.jpg,https://pemilu2019.kpu.go.id/img/c/900/031/900031031/1-9086-4-C-XXX-X6.jpg
6728868890829086900031032,SUMATERA UTARA,DELI SERDANG,PANTAI LABU,RANTAU PANJANG,TPS 5,2019-10-25 11:00:05,59,92,285,157,157,151,6,https://pemilu2019.kpu.go.id/img/c/900/031/900031032/1-9086-5-C-XXX-X5.jpg,https://pemilu2019.kpu.go.id/img/c/900/031/900031032/1-9086-5-C-XXX-X6.jpg
6728868890829086900031033,SUMATERA UTARA,DELI SERDANG,PANTAI LABU,RANTAU PANJANG,TPS 6,2019-10-25 11:00:05,60,80,222,144,144,140,4,https://pemilu2019.kpu.go.id/img/c/900/031/900031033/1-9086-6-C-XXX-X5.jpg,https://pemilu2019.kpu.go.id/img/c/900/031/900031033/1-9086-6-C-XXX-X6.jpg
6728868890829086900031034,SUMATERA UTARA,DELI SERDANG,PANTAI LABU,RANTAU PANJANG,TPS 7,2019-10-25 11:00:05,63,94,250,161,161,157,4,https://pemilu2019.kpu.go.id/img/c/900/031/900031034/2-9086-7-C-XXX-X5.jpg,https://pemilu2019.kpu.go.id/img/c/900/031/900031034/2-9086-7-C-XXX-X6.jpg
6728868890829086900031035,SUMATERA UTARA,DELI SERDANG,PANTAI LABU,RANTAU PANJANG,TPS 8,2019-10-25 11:00:05,45,88,199,136,136,133,3,https://pemilu2019.kpu.go.id/img/c/900/031/900031035/1-9086-8-C-XXX-X5.jpg,https://pemilu2019.kpu.go.id/img/c/900/031/900031035/1-9086-8-C-XXX-X6.jpg
6728868890829086900031036,SUMATERA UTARA,DELI SERDANG,PANTAI LABU,RANTAU PANJANG,TPS 9,2019-10-25 11:00:05,57,75,195,133,133,132,1,https://pemilu2019.kpu.go.id/img/c/900/031/900031036/2-9086-9-C-XXX-X5.jpg,https://pemilu2019.kpu.go.id/img/c/900/031/900031036/2-9086-9-C-XXX-X6.jpg
6728868890829087900031037,SUMATERA UTARA,DELI SERDANG,PANTAI LABU,RUGEMUK,TPS 1,2019-10-25 11:00:05,30,138,218,170,170,168,2,https://pemilu2019.kpu.go.id/img/c/900/031/900031037/1-9087-1-C-XXX-X5.jpg,https://pemilu2019.kpu.go.id/img/c/900/031/900031037/1-9087-1-C-XXX-X6.jpg
6728868890829087900031038,SUMATERA UTARA,DELI SERDANG,PANTAI LABU,RUGEMUK,TPS 2,2019-10-25 11:00:05,40,148,262,192,192,188,4,https://pemilu2019.kpu.go.id/img/c/900/031/900031038/1-9087-2-C-XXX-X5.jpg,https://pemilu2019.kpu.go.id/img/c/900/031/900031038/1-9087-2-C-XXX-X6.jpg
6728868890829087900031039,SUMATERA UTARA,DELI SERDANG,PANTAI LABU,RUGEMUK,TPS 3,2019-10-25 11:00:05,99,112,279,217,217,211,6,https://pemilu2019.kpu.go.id/img/c/900/031/900031039/1-9087-3-C-XXX-X5.jpg,https://pemilu2019.kpu.go.id/img/c/900/031/900031039/1-9087-3-C-XXX-X6.jpg
6728868890829087900031040,SUMATERA UTARA,DELI SERDANG,PANTAI LABU,RUGEMUK,TPS 4,2019-10-25 11:00:05,85,113,267,201,201,198,3,https://pemilu2019.kpu.go.id/img/c/900/031/900031040/1-9087-4-C-XXX-X5.jpg,https://pemilu2019.kpu.go.id/img/c/900/031/900031040/1-9087-4-C-XXX-X6.jpg
6728868890829087900031041,SUMATERA UTARA,DELI SERDANG,PANTAI LABU,RUGEMUK,TPS 5,2019-10-25 11:00:05,101,43,224,146,146,144,2,https://pemilu2019.kpu.go.id/img/c/900/031/900031041/1-9087-5-C-XXX-X5.jpg,https://pemilu2019.kpu.go.id/img/c/900/031/900031041/1-9087-5-C-XXX-X6.jpg
6728868890829087900031042,SUMATERA UTARA,DELI SERDANG,PANTAI LABU,RUGEMUK,TPS 6,2019-10-25 11:00:05,38,148,262,189,189,186,3,https://pemilu2019.kpu.go.id/img/c/900/031/900031042/1-9087-6-C-XXX-X5.jpg,https://pemilu2019.kpu.go.id/img/c/900/031/900031042/1-9087-6-C-XXX-X6.jpg
6728868890829087900031043,SUMATERA UTARA,DELI SERDANG,PANTAI LABU,RUGEMUK,TPS 7,2019-10-25 11:00:05,36,162,273,199,199,198,1,https://pemilu2019.kpu.go.id/img/c/900/031/900031043/1-9087-7-C-XXX-X5.jpg,https://pemilu2019.kpu.go.id/img/c/900/031/900031043/1-9087-7-C-XXX-X6.jpg
6728868890829087900031044,SUMATERA UTARA,DELI SERDANG,PANTAI LABU,RUGEMUK,TPS 8,2019-10-25 11:00:05,98,49,230,152,152,147,5,https://pemilu2019.kpu.go.id/img/c/900/031/900031044/1-9087-8-C-XXX-X5.jpg,https://pemilu2019.kpu.go.id/img/c/900/031/900031044/1-9087-8-C-XXX-X6.jpg
6728868890829083900031017,SUMATERA UTARA,DELI SERDANG,PANTAI LABU,SEI TUAN,TPS 1,2019-10-25 11:00:05,64,102,213,169,169,166,3,https://pemilu2019.kpu.go.id/img/c/900/031/900031017/1-9083-1-C-XXX-X5.jpg,https://pemilu2019.kpu.go.id/img/c/900/031/900031017/1-9083-1-C-XXX-X6.jpg
6728868890829083900031018,SUMATERA UTARA,DELI SERDANG,PANTAI LABU,SEI TUAN,TPS 2,2019-10-25 11:00:05,201,11,256,213,213,212,1,https://pemilu2019.kpu.go.id/img/c/900/031/900031018/2-9083-2-C-XXX-X5.jpg,https://pemilu2019.kpu.go.id/img/c/900/031/900031018/2-9083-2-C-XXX-X6.jpg
6728868890829083900031019,SUMATERA UTARA,DELI SERDANG,PANTAI LABU,SEI TUAN,TPS 3,2019-10-25 11:00:05,216,7,267,226,226,223,3,https://pemilu2019.kpu.go.id/img/c/900/031/900031019/2-9083-3-C-XXX-X5.jpg,https://pemilu2019.kpu.go.id/img/c/900/031/900031019/2-9083-3-C-XXX-X6.jpg
6728868890829083900031020,SUMATERA UTARA,DELI SERDANG,PANTAI LABU,SEI TUAN,TPS 4,2019-10-25 11:00:05,79,62,179,145,145,141,4,https://pemilu2019.kpu.go.id/img/c/900/031/900031020/2-9083-4-C-XXX-X5.jpg,https://pemilu2019.kpu.go.id/img/c/900/031/900031020/2-9083-4-C-XXX-X6.jpg
