id,provinsi,kabupaten,kecamatan,kelurahan,tps,timestamp,pemilih-1,pemilih-2,total-pemilih,total-pengguna,suara-total,suara-sah,suara-tidak-sah,c1-1,c1-2
6728840885938598900025235,SUMATERA UTARA,KARO,PAYUNG,BATU KARANG,TPS 01,2019-10-25 17:00:05,210,8,279,222,222,218,4,https://pemilu2019.kpu.go.id/img/c/900/025/900025235/1-8598-01-C1-PPWP-X1.jpg,https://pemilu2019.kpu.go.id/img/c/900/025/900025235/1-8598-01-C1-PPWP-X2.jpg
6728840885938598900025236,SUMATERA UTARA,KARO,PAYUNG,BATU KARANG,TPS 02,2019-10-25 17:00:05,163,9,261,174,174,172,2,https://pemilu2019.kpu.go.id/img/c/900/025/900025236/1-8598-02-C1-PPWP-X1.jpg,https://pemilu2019.kpu.go.id/img/c/900/025/900025236/1-8598-02-C1-PPWP-X2.jpg
6728840885938598900025237,SUMATERA UTARA,KARO,PAYUNG,BATU KARANG,TPS 03,2019-10-25 17:00:05,193,4,292,199,199,197,2,https://pemilu2019.kpu.go.id/img/c/900/025/900025237/1-8598-03-C1-PPWP-X1.jpg,https://pemilu2019.kpu.go.id/img/c/900/025/900025237/1-8598-03-C1-PPWP-X2.jpg
6728840885938598900025238,SUMATERA UTARA,KARO,PAYUNG,BATU KARANG,TPS 04,2019-10-25 17:00:05,179,15,281,198,198,194,4,https://pemilu2019.kpu.go.id/img/c/900/025/900025238/1-8598-04-C-XXX-X5.jpg,https://pemilu2019.kpu.go.id/img/c/900/025/900025238/1-8598-04-C-XXX-X6.jpg
6728840885938598900025239,SUMATERA UTARA,KARO,PAYUNG,BATU KARANG,TPS 05,2019-10-25 17:00:05,203,7,290,213,213,210,3,https://pemilu2019.kpu.go.id/img/c/900/025/900025239/1-8598-05-C-XXX-X5.jpg,https://pemilu2019.kpu.go.id/img/c/900/025/900025239/1-8598-05-C-XXX-X6.jpg
6728840885938598900025240,SUMATERA UTARA,KARO,PAYUNG,BATU KARANG,TPS 06,2019-10-25 17:00:05,177,9,291,190,190,186,4,https://pemilu2019.kpu.go.id/img/c/900/025/900025240/1-8598-06-C1-PPWP-X1.jpg,https://pemilu2019.kpu.go.id/img/c/900/025/900025240/1-8598-06-C1-PPWP-X2.jpg
6728840885938598900025241,SUMATERA UTARA,KARO,PAYUNG,BATU KARANG,TPS 07,2019-10-25 17:00:05,193,16,296,210,210,209,1,https://pemilu2019.kpu.go.id/img/c/900/025/900025241/1-8598-07-C1-PPWP-X1.jpg,https://pemilu2019.kpu.go.id/img/c/900/025/900025241/1-8598-07-C1-PPWP-X2.jpg
6728840885938598900025242,SUMATERA UTARA,KARO,PAYUNG,BATU KARANG,TPS 08,2019-10-25 17:00:05,178,9,284,190,190,187,3,https://pemilu2019.kpu.go.id/img/c/900/025/900025242/1-8598-08-C-XXX-X5.jpg,https://pemilu2019.kpu.go.id/img/c/900/025/900025242/1-8598-08-C-XXX-X6.jpg
6728840885938598900025243,SUMATERA UTARA,KARO,PAYUNG,BATU KARANG,TPS 09,2019-10-25 17:00:05,204,2,282,208,208,206,2,https://pemilu2019.kpu.go.id/img/c/900/025/900025243/1-8598-09-C-XXX-X5.jpg,https://pemilu2019.kpu.go.id/img/c/900/025/900025243/1-8598-09-C-XXX-X6.jpg
6728840885938598900025244,SUMATERA UTARA,KARO,PAYUNG,BATU KARANG,TPS 10,2019-10-25 17:00:05,194,6,292,201,201,200,1,https://pemilu2019.kpu.go.id/img/c/900/025/900025244/1-8598-10-C1-PPWP-X1.jpg,https://pemilu2019.kpu.go.id/img/c/900/025/900025244/1-8598-10-C1-PPWP-X2.jpg
6728840885938598900025245,SUMATERA UTARA,KARO,PAYUNG,BATU KARANG,TPS 11,2019-10-25 17:00:05,208,9,293,217,217,217,0,https://pemilu2019.kpu.go.id/img/c/900/025/900025245/2-8598-11-C-XXX-X5.jpg,https://pemilu2019.kpu.go.id/img/c/900/025/900025245/2-8598-11-C-XXX-X6.jpg
6728840885938598900025246,SUMATERA UTARA,KARO,PAYUNG,BATU KARANG,TPS 12,2019-10-25 17:00:05,171,8,292,179,179,179,0,https://pemilu2019.kpu.go.id/img/c/900/025/900025246/1-8598-12-C-XXX-X5.jpg,https://pemilu2019.kpu.go.id/img/c/900/025/900025246/1-8598-12-C-XXX-X6.jpg
6728840885938598900025247,SUMATERA UTARA,KARO,PAYUNG,BATU KARANG,TPS 13,2019-10-25 17:00:05,200,11,274,213,213,211,2,https://pemilu2019.kpu.go.id/img/c/900/025/900025247/1-8598-13-C1-PPWP-X1.jpg,https://pemilu2019.kpu.go.id/img/c/900/025/900025247/1-8598-13-C1-PPWP-X2.jpg
6728840885938598900025248,SUMATERA UTARA,KARO,PAYUNG,BATU KARANG,TPS 14,2019-10-25 17:00:05,160,7,276,168,168,167,1,https://pemilu2019.kpu.go.id/img/c/900/025/900025248/1-8598-14-C1-PPWP-X1.jpg,https://pemilu2019.kpu.go.id/img/c/900/025/900025248/1-8598-14-C1-PPWP-X2.jpg
6728840885938598900025249,SUMATERA UTARA,KARO,PAYUNG,BATU KARANG,TPS 15,2019-10-25 17:00:05,178,7,290,185,185,185,0,https://pemilu2019.kpu.go.id/img/c/900/025/900025249/1-8598-15-C-XXX-X5.jpg,https://pemilu2019.kpu.go.id/img/c/900/025/900025249/1-8598-15-C-XXX-X6.jpg
6728840885938600900025257,SUMATERA UTARA,KARO,PAYUNG,CIMBANG,TPS 1,2019-10-25 17:00:05,177,12,218,193,193,189,4,https://pemilu2019.kpu.go.id/img/c/900/025/900025257/1-8600-1-C-XXX-X5.jpg,https://pemilu2019.kpu.go.id/img/c/900/025/900025257/1-8600-1-C-XXX-X6.jpg
6728840885938599900025250,SUMATERA UTARA,KARO,PAYUNG,GURUKINAYAN,TPS 1,2019-10-25 17:00:05,234,15,288,254,254,249,5,https://pemilu2019.kpu.go.id/img/c/900/025/900025250/1-8599-1-C-XXX-X5.jpg,https://pemilu2019.kpu.go.id/img/c/900/025/900025250/1-8599-1-C-XXX-X6.jpg
6728840885938599900025251,SUMATERA UTARA,KARO,PAYUNG,GURUKINAYAN,TPS 2,2019-10-25 17:00:05,148,6,201,158,158,154,4,https://pemilu2019.kpu.go.id/img/c/900/025/900025251/1-8599-2-C-XXX-X5.jpg,https://pemilu2019.kpu.go.id/img/c/900/025/900025251/1-8599-2-C-XXX-X6.jpg
6728840885938599900025252,SUMATERA UTARA,KARO,PAYUNG,GURUKINAYAN,TPS 3,2019-10-25 17:00:05,215,9,266,224,224,224,0,https://pemilu2019.kpu.go.id/img/c/900/025/900025252/1-8599-3-C1-PPWP-X1.jpg,https://pemilu2019.kpu.go.id/img/c/900/025/900025252/1-8599-3-C1-PPWP-X2.jpg
6728840885938599900025253,SUMATERA UTARA,KARO,PAYUNG,GURUKINAYAN,TPS 4,2019-10-25 17:00:05,200,5,280,208,208,205,3,https://pemilu2019.kpu.go.id/img/c/900/025/900025253/1-8599-4-C1-PPWP-X1.jpg,https://pemilu2019.kpu.go.id/img/c/900/025/900025253/1-8599-4-C1-PPWP-X2.jpg
6728840885938599900025254,SUMATERA UTARA,KARO,PAYUNG,GURUKINAYAN,TPS 5,2019-10-25 17:00:05,194,6,293,206,206,200,6,https://pemilu2019.kpu.go.id/img/c/900/025/900025254/1-8599-5-C1-PPWP-X1.jpg,https://pemilu2019.kpu.go.id/img/c/900/025/900025254/1-8599-5-C1-PPWP-X2.jpg
6728840885938599900025255,SUMATERA UTARA,KARO,PAYUNG,GURUKINAYAN,TPS 6,2019-10-25 17:00:05,190,4,280,194,194,194,0,https://pemilu2019.kpu.go.id/img/c/900/025/900025255/1-8599-6-C1-PPWP-X1.jpg,https://pemilu2019.kpu.go.id/img/c/900/025/900025255/1-8599-6-C1-PPWP-X2.jpg
6728840885938599900025256,SUMATERA UTARA,KARO,PAYUNG,GURUKINAYAN,TPS 7,2019-10-25 17:00:05,190,6,278,198,198,196,2,https://pemilu2019.kpu.go.id/img/c/900/025/900025256/1-8599-7-C1-PPWP-X1.jpg,https://pemilu2019.kpu.go.id/img/c/900/025/900025256/1-8599-7-C1-PPWP-X2.jpg
6728840885938594900025222,SUMATERA UTARA,KARO,PAYUNG,PAYUNG,TPS 1,2019-10-25 17:00:05,194,3,252,198,198,197,1,https://pemilu2019.kpu.go.id/img/c/900/025/900025222/1-8594-1-C1-PPWP-X1.jpg,https://pemilu2019.kpu.go.id/img/c/900/025/900025222/1-8594-1-C1-PPWP-X2.jpg
6728840885938594900025223,SUMATERA UTARA,KARO,PAYUNG,PAYUNG,TPS 2,2019-10-25 17:00:05,181,8,250,0,194,189,5,https://pemilu2019.kpu.go.id/img/c/900/025/900025223/1-8594-2-C1-PPWP-X1.jpg,https://pemilu2019.kpu.go.id/img/c/900/025/900025223/1-8594-2-C1-PPWP-X2.jpg
6728840885938594900025224,SUMATERA UTARA,KARO,PAYUNG,PAYUNG,TPS 3,2019-10-25 17:00:05,183,15,260,202,202,198,4,https://pemilu2019.kpu.go.id/img/c/900/025/900025224/1-8594-3-C1-PPWP-X1.jpg,https://pemilu2019.kpu.go.id/img/c/900/025/900025224/1-8594-3-C1-PPWP-X2.jpg
6728840885938594900025225,SUMATERA UTARA,KARO,PAYUNG,PAYUNG,TPS 4,2019-10-25 17:00:05,177,9,270,191,191,186,5,https://pemilu2019.kpu.go.id/img/c/900/025/900025225/1-8594-4-C1-PPWP-X1.jpg,https://pemilu2019.kpu.go.id/img/c/900/025/900025225/1-8594-4-C1-PPWP-X2.jpg
6728840885938594900025226,SUMATERA UTARA,KARO,PAYUNG,PAYUNG,TPS 5,2019-10-25 17:00:05,174,9,256,184,184,183,1,https://pemilu2019.kpu.go.id/img/c/900/025/900025226/1-8594-5-C-XXX-X5.jpg,https://pemilu2019.kpu.go.id/img/c/900/025/900025226/1-8594-5-C-XXX-X6.jpg
6728840885938594900025227,SUMATERA UTARA,KARO,PAYUNG,PAYUNG,TPS 6,2019-10-25 17:00:05,189,9,253,199,199,198,1,https://pemilu2019.kpu.go.id/img/c/900/025/900025227/1-8594-6-C1-PPWP-X1.jpg,https://pemilu2019.kpu.go.id/img/c/900/025/900025227/1-8594-6-C1-PPWP-X2.jpg
6728840885938595900025228,SUMATERA UTARA,KARO,PAYUNG,RIMO KAYU,TPS 1,2019-10-25 17:00:05,190,38,303,234,234,228,6,https://pemilu2019.kpu.go.id/img/c/900/025/900025228/1-8595-1-C1-PPWP-X1.jpg,https://pemilu2019.kpu.go.id/img/c/900/025/900025228/1-8595-1-C1-PPWP-X2.jpg
6728840885938595900025229,SUMATERA UTARA,KARO,PAYUNG,RIMO KAYU,TPS 2,2019-10-25 17:00:05,192,15,291,209,209,207,2,https://pemilu2019.kpu.go.id/img/c/900/025/900025229/1-8595-2-C1-PPWP-X1.jpg,https://pemilu2019.kpu.go.id/img/c/900/025/900025229/1-8595-2-C1-PPWP-X2.jpg
6728840885938597900025232,SUMATERA UTARA,KARO,PAYUNG,SELANDI,TPS 1,2019-10-25 17:00:05,195,7,255,204,204,202,2,https://pemilu2019.kpu.go.id/img/c/900/025/900025232/2-8597-1-C1-PPWP-X1.jpg,https://pemilu2019.kpu.go.id/img/c/900/025/900025232/2-8597-1-C1-PPWP-X2.jpg
6728840885938597900025233,SUMATERA UTARA,KARO,PAYUNG,SELANDI,TPS 2,2019-10-25 17:00:05,142,4,184,146,146,146,0,https://pemilu2019.kpu.go.id/img/c/900/025/900025233/1-8597-2-C1-PPWP-X1.jpg,https://pemilu2019.kpu.go.id/img/c/900/025/900025233/1-8597-2-C1-PPWP-X2.jpg
6728840885938597900025234,SUMATERA UTARA,KARO,PAYUNG,SELANDI,TPS 3,2019-10-25 17:00:05,132,8,172,140,140,140,0,https://pemilu2019.kpu.go.id/img/c/900/025/900025234/1-8597-3-C1-PPWP-X1.jpg,https://pemilu2019.kpu.go.id/img/c/900/025/900025234/1-8597-3-C1-PPWP-X2.jpg
6728840885938596900025230,SUMATERA UTARA,KARO,PAYUNG,SUKAMERIAH,TPS 1,2019-10-25 17:00:05,143,4,179,147,147,147,0,https://pemilu2019.kpu.go.id/img/c/900/025/900025230/1-8596-1-C-XXX-X5.jpg,https://pemilu2019.kpu.go.id/img/c/900/025/900025230/1-8596-1-C-XXX-X6.jpg
6728840885938596900025231,SUMATERA UTARA,KARO,PAYUNG,SUKAMERIAH,TPS 2,2019-10-25 17:00:05,133,7,171,140,140,140,0,https://pemilu2019.kpu.go.id/img/c/900/025/900025231/1-8596-2-C1-PPWP-X1.jpg,https://pemilu2019.kpu.go.id/img/c/900/025/900025231/1-8596-2-C1-PPWP-X2.jpg
6728840885938601900025258,SUMATERA UTARA,KARO,PAYUNG,UJUNG PAYUNG,TPS 1,2019-10-25 17:00:05,188,20,242,209,209,208,1,https://pemilu2019.kpu.go.id/img/c/900/025/900025258/1-8601-1-C-XXX-X5.jpg,https://pemilu2019.kpu.go.id/img/c/900/025/900025258/1-8601-1-C-XXX-X6.jpg
6728840886028613900025298,SUMATERA UTARA,KARO,SIMPANG EMPAT,BEGANDING,TPS 1,2019-10-25 17:00:05,215,15,253,231,231,230,1,https://pemilu2019.kpu.go.id/img/c/900/025/900025298/1-8613-1-C1-PPWP-X1.jpg,https://pemilu2019.kpu.go.id/img/c/900/025/900025298/1-8613-1-C1-PPWP-X2.jpg
6728840886028613900025299,SUMATERA UTARA,KARO,SIMPANG EMPAT,BEGANDING,TPS 2,2019-10-25 17:00:05,228,23,288,252,252,251,1,https://pemilu2019.kpu.go.id/img/c/900/025/900025299/3-8613-2-C1-PPWP-X1.jpg,https://pemilu2019.kpu.go.id/img/c/900/025/900025299/3-8613-2-C1-PPWP-X2.jpg
6728840886028613900025300,SUMATERA UTARA,KARO,SIMPANG EMPAT,BEGANDING,TPS 3,2019-10-25 17:00:05,196,13,295,209,209,209,0,https://pemilu2019.kpu.go.id/img/c/900/025/900025300/2-8613-3-C1-PPWP-X1.jpg,https://pemilu2019.kpu.go.id/img/c/900/025/900025300/2-8613-3-C1-PPWP-X2.jpg
6728840886028613900025301,SUMATERA UTARA,KARO,SIMPANG EMPAT,BEGANDING,TPS 4,2019-10-25 17:00:05,166,18,264,187,187,184,3,https://pemilu2019.kpu.go.id/img/c/900/025/900025301/1-8613-4-C1-PPWP-X1.jpg,https://pemilu2019.kpu.go.id/img/c/900/025/900025301/1-8613-4-C1-PPWP-X2.jpg
6728840886028613900025302,SUMATERA UTARA,KARO,SIMPANG EMPAT,BEGANDING,TPS 5,2019-10-25 17:00:05,181,21,259,204,204,202,2,https://pemilu2019.kpu.go.id/img/c/900/025/900025302/1-8613-5-C1-PPWP-X1.jpg,https://pemilu2019.kpu.go.id/img/c/900/025/900025302/1-8613-5-C1-PPWP-X2.jpg
6728840886028615900025304,SUMATERA UTARA,KARO,SIMPANG EMPAT,BERAS TEPU,TPS 1,2019-10-25 17:00:05,206,15,271,223,223,221,2,https://pemilu2019.kpu.go.id/img/c/900/025/900025304/1-8615-1-C1-PPWP-X1.jpg,https://pemilu2019.kpu.go.id/img/c/900/025/900025304/1-8615-1-C1-PPWP-X2.jpg
6728840886028615900025305,SUMATERA UTARA,KARO,SIMPANG EMPAT,BERAS TEPU,TPS 2,2019-10-25 17:00:05,193,23,276,217,217,216,1,https://pemilu2019.kpu.go.id/img/c/900/025/900025305/1-8615-2-C1-PPWP-X1.jpg,https://pemilu2019.kpu.go.id/img/c/900/025/900025305/1-8615-2-C1-PPWP-X2.jpg
6728840886028615900025306,SUMATERA UTARA,KARO,SIMPANG EMPAT,BERAS TEPU,TPS 3,2019-10-25 17:00:05,254,9,285,267,267,263,4,https://pemilu2019.kpu.go.id/img/c/900/025/900025306/1-8615-3-C1-PPWP-X1.jpg,https://pemilu2019.kpu.go.id/img/c/900/025/900025306/1-8615-3-C1-PPWP-X2.jpg
6728840886028615900025307,SUMATERA UTARA,KARO,SIMPANG EMPAT,BERAS TEPU,TPS 4,2019-10-25 17:00:05,101,4,120,105,105,105,0,https://pemilu2019.kpu.go.id/img/c/900/025/900025307/1-8615-4-C1-PPWP-X1.jpg,https://pemilu2019.kpu.go.id/img/c/900/025/900025307/1-8615-4-C1-PPWP-X2.jpg
6728840886028615900025308,SUMATERA UTARA,KARO,SIMPANG EMPAT,BERAS TEPU,TPS 5,2019-10-25 17:00:05,151,6,157,158,158,157,1,https://pemilu2019.kpu.go.id/img/c/900/025/900025308/3-8615-5-C1-PPWP-X1.jpg,https://pemilu2019.kpu.go.id/img/c/900/025/900025308/3-8615-5-C1-PPWP-X2.jpg
6728840886028615900025309,SUMATERA UTARA,KARO,SIMPANG EMPAT,BERAS TEPU,TPS 6,2019-10-25 17:00:05,234,16,314,252,252,250,2,https://pemilu2019.kpu.go.id/img/c/900/025/900025309/1-8615-6-C1-PPWP-X1.jpg,https://pemilu2019.kpu.go.id/img/c/900/025/900025309/1-8615-6-C1-PPWP-X2.jpg
6728840886028615900025310,SUMATERA UTARA,KARO,SIMPANG EMPAT,BERAS TEPU,TPS 7,2019-10-25 17:00:05,222,12,295,234,234,234,0,https://pemilu2019.kpu.go.id/img/c/900/025/900025310/1-8615-7-C1-PPWP-X1.jpg,https://pemilu2019.kpu.go.id/img/c/900/025/900025310/1-8615-7-C1-PPWP-X2.jpg
6728840886028619900025323,SUMATERA UTARA,KARO,SIMPANG EMPAT,BULANBARU,TPS 1,2019-10-25 17:00:05,172,2,235,174,174,174,0,https://pemilu2019.kpu.go.id/img/c/900/025/900025323/1-8619-1-C1-PPWP-X1.jpg,https://pemilu2019.kpu.go.id/img/c/900/025/900025323/1-8619-1-C1-PPWP-X2.jpg
6728840886028619900025324,SUMATERA UTARA,KARO,SIMPANG EMPAT,BULANBARU,TPS 2,2019-10-25 17:00:05,169,4,195,174,174,173,1,https://pemilu2019.kpu.go.id/img/c/900/025/900025324/1-8619-2-C1-PPWP-X1.jpg,https://pemilu2019.kpu.go.id/img/c/900/025/900025324/1-8619-2-C1-PPWP-X2.jpg
6728840886028610900025281,SUMATERA UTARA,KARO,SIMPANG EMPAT,GAJAH,TPS 1,2019-10-25 17:00:05,196,10,301,207,207,206,1,https://pemilu2019.kpu.go.id/img/c/900/025/900025281/1-8610-1-C1-PPWP-X1.jpg,https://pemilu2019.kpu.go.id/img/c/900/025/900025281/1-8610-1-C1-PPWP-X2.jpg
6728840886028610900025282,SUMATERA UTARA,KARO,SIMPANG EMPAT,GAJAH,TPS 2,2019-10-25 17:00:05,203,10,296,215,215,213,2,https://pemilu2019.kpu.go.id/img/c/900/025/900025282/1-8610-2-C1-PPWP-X1.jpg,https://pemilu2019.kpu.go.id/img/c/900/025/900025282/1-8610-2-C1-PPWP-X2.jpg
6728840886028610900025283,SUMATERA UTARA,KARO,SIMPANG EMPAT,GAJAH,TPS 3,2019-10-25 17:00:05,215,7,300,226,226,222,4,https://pemilu2019.kpu.go.id/img/c/900/025/900025283/1-8610-3-C1-PPWP-X1.jpg,https://pemilu2019.kpu.go.id/img/c/900/025/900025283/1-8610-3-C1-PPWP-X2.jpg
6728840886028610900025284,SUMATERA UTARA,KARO,SIMPANG EMPAT,GAJAH,TPS 4,2019-10-25 17:00:05,208,11,297,222,222,219,3,https://pemilu2019.kpu.go.id/img/c/900/025/900025284/1-8610-4-C1-PPWP-X1.jpg,https://pemilu2019.kpu.go.id/img/c/900/025/900025284/1-8610-4-C1-PPWP-X2.jpg
6728840886028610900025285,SUMATERA UTARA,KARO,SIMPANG EMPAT,GAJAH,TPS 5,2019-10-25 17:00:05,72,3,173,76,76,75,1,https://pemilu2019.kpu.go.id/img/c/900/025/900025285/1-8610-5-C1-PPWP-X1.jpg,https://pemilu2019.kpu.go.id/img/c/900/025/900025285/1-8610-5-C1-PPWP-X2.jpg
6728840886028606900025265,SUMATERA UTARA,KARO,SIMPANG EMPAT,GAMBER,TPS 1,2019-10-25 17:00:05,161,17,214,179,179,178,1,https://pemilu2019.kpu.go.id/img/c/900/025/900025265/1-8606-1-C1-PPWP-X1.jpg,https://pemilu2019.kpu.go.id/img/c/900/025/900025265/1-8606-1-C1-PPWP-X2.jpg
6728840886028606900025266,SUMATERA UTARA,KARO,SIMPANG EMPAT,GAMBER,TPS 2,2019-10-25 17:00:05,154,25,198,179,179,179,0,https://pemilu2019.kpu.go.id/img/c/900/025/900025266/1-8606-2-C1-PPWP-X1.jpg,https://pemilu2019.kpu.go.id/img/c/900/025/900025266/1-8606-2-C1-PPWP-X2.jpg
6728840886028617900025318,SUMATERA UTARA,KARO,SIMPANG EMPAT,JERAYA,TPS 1,2019-10-25 17:00:05,172,18,245,193,193,190,3,https://pemilu2019.kpu.go.id/img/c/900/025/900025318/1-8617-1-C1-PPWP-X1.jpg,https://pemilu2019.kpu.go.id/img/c/900/025/900025318/1-8617-1-C1-PPWP-X2.jpg
6728840886028617900025319,SUMATERA UTARA,KARO,SIMPANG EMPAT,JERAYA,TPS 2,2019-10-25 17:00:05,199,16,257,217,217,215,2,https://pemilu2019.kpu.go.id/img/c/900/025/900025319/1-8617-2-C1-PPWP-X1.jpg,https://pemilu2019.kpu.go.id/img/c/900/025/900025319/1-8617-2-C1-PPWP-X2.jpg
6728840886028603900025259,SUMATERA UTARA,KARO,SIMPANG EMPAT,KUTATENGAH,TPS 1,2019-10-25 17:00:05,219,23,245,246,246,242,4,https://pemilu2019.kpu.go.id/img/c/900/025/900025259/1-8603-1-C1-PPWP-X1.jpg,https://pemilu2019.kpu.go.id/img/c/900/025/900025259/1-8603-1-C1-PPWP-X2.jpg
6728840886028603900025260,SUMATERA UTARA,KARO,SIMPANG EMPAT,KUTATENGAH,TPS 2,2019-10-25 17:00:05,132,15,169,148,148,147,1,https://pemilu2019.kpu.go.id/img/c/900/025/900025260/1-8603-2-C1-PPWP-X1.jpg,https://pemilu2019.kpu.go.id/img/c/900/025/900025260/1-8603-2-C1-PPWP-X2.jpg
6728840886028611900025286,SUMATERA UTARA,KARO,SIMPANG EMPAT,LINGGA,TPS 1,2019-10-25 17:00:05,217,12,305,231,231,229,2,https://pemilu2019.kpu.go.id/img/c/900/025/900025286/1-8611-1-C1-PPWP-X1.jpg,https://pemilu2019.kpu.go.id/img/c/900/025/900025286/1-8611-1-C1-PPWP-X2.jpg
6728840886028611900025287,SUMATERA UTARA,KARO,SIMPANG EMPAT,LINGGA,TPS 2,2019-10-25 17:00:05,179,17,213,197,197,196,1,https://pemilu2019.kpu.go.id/img/c/900/025/900025287/1-8611-2-C1-PPWP-X1.jpg,https://pemilu2019.kpu.go.id/img/c/900/025/900025287/1-8611-2-C1-PPWP-X2.jpg
6728840886028611900025288,SUMATERA UTARA,KARO,SIMPANG EMPAT,LINGGA,TPS 3,2019-10-25 17:00:05,222,11,317,234,234,233,1,https://pemilu2019.kpu.go.id/img/c/900/025/900025288/1-8611-3-C1-PPWP-X1.jpg,https://pemilu2019.kpu.go.id/img/c/900/025/900025288/1-8611-3-C1-PPWP-X2.jpg
6728840886028611900025289,SUMATERA UTARA,KARO,SIMPANG EMPAT,LINGGA,TPS 4,2019-10-25 17:00:05,225,10,310,230,236,235,1,https://pemilu2019.kpu.go.id/img/c/900/025/900025289/1-8611-4-C1-PPWP-X1.jpg,https://pemilu2019.kpu.go.id/img/c/900/025/900025289/1-8611-4-C1-PPWP-X2.jpg
6728840886028611900025290,SUMATERA UTARA,KARO,SIMPANG EMPAT,LINGGA,TPS 5,2019-10-25 17:00:05,222,11,293,237,237,233,4,https://pemilu2019.kpu.go.id/img/c/900/025/900025290/1-8611-5-C1-PPWP-X1.jpg,https://pemilu2019.kpu.go.id/img/c/900/025/900025290/1-8611-5-C1-PPWP-X2.jpg
6728840886028611900025291,SUMATERA UTARA,KARO,SIMPANG EMPAT,LINGGA,TPS 6,2019-10-25 17:00:05,217,13,306,232,232,230,2,https://pemilu2019.kpu.go.id/img/c/900/025/900025291/1-8611-6-C1-PPWP-X1.jpg,https://pemilu2019.kpu.go.id/img/c/900/025/900025291/1-8611-6-C1-PPWP-X2.jpg
6728840886028611900025292,SUMATERA UTARA,KARO,SIMPANG EMPAT,LINGGA,TPS 7,2019-10-25 17:00:05,223,8,316,232,232,231,1,https://pemilu2019.kpu.go.id/img/c/900/025/900025292/1-8611-7-C1-PPWP-X1.jpg,https://pemilu2019.kpu.go.id/img/c/900/025/900025292/1-8611-7-C1-PPWP-X2.jpg
6728840886028611900025293,SUMATERA UTARA,KARO,SIMPANG EMPAT,LINGGA,TPS 8,2019-10-25 17:00:05,202,13,287,216,216,215,1,https://pemilu2019.kpu.go.id/img/c/900/025/900025293/1-8611-8-C1-PPWP-X1.jpg,https://pemilu2019.kpu.go.id/img/c/900/025/900025293/1-8611-8-C1-PPWP-X2.jpg
6728840886028611900025294,SUMATERA UTARA,KARO,SIMPANG EMPAT,LINGGA,TPS 9,2019-10-25 17:00:05,187,13,274,202,202,200,2,https://pemilu2019.kpu.go.id/img/c/900/025/900025294/1-8611-9-C1-PPWP-X1.jpg,https://pemilu2019.kpu.go.id/img/c/900/025/900025294/1-8611-9-C1-PPWP-X2.jpg
6728840886028609900025276,SUMATERA UTARA,KARO,SIMPANG EMPAT,LINGGA JULU,TPS 1,2019-10-25 17:00:05,224,20,293,246,246,244,2,https://pemilu2019.kpu.go.id/img/c/900/025/900025276/1-8609-1-C1-PPWP-X1.jpg,https://pemilu2019.kpu.go.id/img/c/900/025/900025276/1-8609-1-C1-PPWP-X2.jpg
6728840886028609900025277,SUMATERA UTARA,KARO,SIMPANG EMPAT,LINGGA JULU,TPS 2,2019-10-25 17:00:05,230,14,274,248,248,244,4,https://pemilu2019.kpu.go.id/img/c/900/025/900025277/1-8609-2-C1-PPWP-X1.jpg,https://pemilu2019.kpu.go.id/img/c/900/025/900025277/1-8609-2-C1-PPWP-X2.jpg
6728840886028609900025278,SUMATERA UTARA,KARO,SIMPANG EMPAT,LINGGA JULU,TPS 3,2019-10-25 17:00:05,195,8,240,205,205,203,2,https://pemilu2019.kpu.go.id/img/c/900/025/900025278/1-8609-3-C1-PPWP-X1.jpg,https://pemilu2019.kpu.go.id/img/c/900/025/900025278/1-8609-3-C1-PPWP-X2.jpg
6728840886028609900025279,SUMATERA UTARA,KARO,SIMPANG EMPAT,LINGGA JULU,TPS 4,2019-10-25 17:00:05,201,10,262,211,211,211,0,https://pemilu2019.kpu.go.id/img/c/900/025/900025279/1-8609-4-C1-PPWP-X1.jpg,https://pemilu2019.kpu.go.id/img/c/900/025/900025279/1-8609-4-C1-PPWP-X2.jpg
6728840886028609900025280,SUMATERA UTARA,KARO,SIMPANG EMPAT,LINGGA JULU,TPS 5,2019-10-25 17:00:05,117,6,171,125,125,123,2,https://pemilu2019.kpu.go.id/img/c/900/025/900025280/1-8609-5-C1-PPWP-X1.jpg,https://pemilu2019.kpu.go.id/img/c/900/025/900025280/1-8609-5-C1-PPWP-X2.jpg
6728840886028612900025295,SUMATERA UTARA,KARO,SIMPANG EMPAT,NANGBELAWAN,TPS 1,2019-10-25 17:00:05,224,3,266,227,227,227,0,https://pemilu2019.kpu.go.id/img/c/900/025/900025295/8612-1-C1-PPWP-X1.jpg,https://pemilu2019.kpu.go.id/img/c/900/025/900025295/8612-1-C1-PPWP-X2.jpg
6728840886028612900025296,SUMATERA UTARA,KARO,SIMPANG EMPAT,NANGBELAWAN,TPS 2,2019-10-25 17:00:05,216,7,261,223,223,223,0,https://pemilu2019.kpu.go.id/img/c/900/025/900025296/8612-2-C1-PPWP-X1.jpg,https://pemilu2019.kpu.go.id/img/c/900/025/900025296/8612-2-C1-PPWP-X2.jpg
6728840886028612900025297,SUMATERA UTARA,KARO,SIMPANG EMPAT,NANGBELAWAN,TPS 3,2019-10-25 17:00:05,191,6,261,197,197,197,0,https://pemilu2019.kpu.go.id/img/c/900/025/900025297/1-8612-3-C1-PPWP-X1.jpg,https://pemilu2019.kpu.go.id/img/c/900/025/900025297/1-8612-3-C1-PPWP-X2.jpg
6728840886028608900025269,SUMATERA UTARA,KARO,SIMPANG EMPAT,NDOKUM SIROGA,TPS 1,2019-10-25 17:00:05,157,11,288,169,169,168,1,https://pemilu2019.kpu.go.id/img/c/900/025/900025269/1-8608-1-C1-PPWP-X1.jpg,https://pemilu2019.kpu.go.id/img/c/900/025/900025269/1-8608-1-C1-PPWP-X2.jpg
6728840886028608900025270,SUMATERA UTARA,KARO,SIMPANG EMPAT,NDOKUM SIROGA,TPS 2,2019-10-25 17:00:05,160,20,312,180,180,180,0,https://pemilu2019.kpu.go.id/img/c/900/025/900025270/1-8608-2-C1-PPWP-X1.jpg,https://pemilu2019.kpu.go.id/img/c/900/025/900025270/1-8608-2-C1-PPWP-X2.jpg
6728840886028608900025271,SUMATERA UTARA,KARO,SIMPANG EMPAT,NDOKUM SIROGA,TPS 3,2019-10-25 17:00:05,161,14,313,175,175,175,0,https://pemilu2019.kpu.go.id/img/c/900/025/900025271/1-8608-3-C1-PPWP-X1.jpg,https://pemilu2019.kpu.go.id/img/c/900/025/900025271/1-8608-3-C1-PPWP-X2.jpg
6728840886028608900025272,SUMATERA UTARA,KARO,SIMPANG EMPAT,NDOKUM SIROGA,TPS 4,2019-10-25 17:00:05,158,13,305,174,174,171,3,https://pemilu2019.kpu.go.id/img/c/900/025/900025272/1-8608-4-C1-PPWP-X1.jpg,https://pemilu2019.kpu.go.id/img/c/900/025/900025272/1-8608-4-C1-PPWP-X2.jpg
6728840886028608900025273,SUMATERA UTARA,KARO,SIMPANG EMPAT,NDOKUM SIROGA,TPS 5,2019-10-25 17:00:05,165,8,146,28,174,173,1,https://pemilu2019.kpu.go.id/img/c/900/025/900025273/1-8608-5-C1-PPWP-X1.jpg,https://pemilu2019.kpu.go.id/img/c/900/025/900025273/1-8608-5-C1-PPWP-X2.jpg
6728840886028608900025274,SUMATERA UTARA,KARO,SIMPANG EMPAT,NDOKUM SIROGA,TPS 6,2019-10-25 17:00:05,158,13,300,171,171,171,0,https://pemilu2019.kpu.go.id/img/c/900/025/900025274/1-8608-6-C1-PPWP-X1.jpg,https://pemilu2019.kpu.go.id/img/c/900/025/900025274/1-8608-6-C1-PPWP-X2.jpg
6728840886028608900025275,SUMATERA UTARA,KARO,SIMPANG EMPAT,NDOKUM SIROGA,TPS 7,2019-10-25 17:00:05,154,8,307,164,164,162,2,https://pemilu2019.kpu.go.id/img/c/900/025/900025275/1-8608-7-C1-PPWP-X1.jpg,https://pemilu2019.kpu.go.id/img/c/900/025/900025275/1-8608-7-C1-PPWP-X2.jpg
6728840886028618900025320,SUMATERA UTARA,KARO,SIMPANG EMPAT,PERTEGUHEN,TPS 1,2019-10-25 17:00:05,225,6,284,233,233,231,2,https://pemilu2019.kpu.go.id/img/c/900/025/900025320/1-8618-1-C1-PPWP-X1.jpg,https://pemilu2019.kpu.go.id/img/c/900/025/900025320/1-8618-1-C1-PPWP-X2.jpg
6728840886028618900025321,SUMATERA UTARA,KARO,SIMPANG EMPAT,PERTEGUHEN,TPS 2,2019-10-25 17:00:05,167,7,218,174,174,174,0,https://pemilu2019.kpu.go.id/img/c/900/025/900025321/1-8618-2-C1-PPWP-X1.jpg,https://pemilu2019.kpu.go.id/img/c/900/025/900025321/1-8618-2-C1-PPWP-X2.jpg
6728840886028618900025322,SUMATERA UTARA,KARO,SIMPANG EMPAT,PERTEGUHEN,TPS 3,2019-10-25 17:00:05,86,7,136,93,93,93,0,https://pemilu2019.kpu.go.id/img/c/900/025/900025322/1-8618-3-C1-PPWP-X1.jpg,https://pemilu2019.kpu.go.id/img/c/900/025/900025322/1-8618-3-C1-PPWP-X2.jpg
6728840886028605900025264,SUMATERA UTARA,KARO,SIMPANG EMPAT,PINTUBESI,TPS 1,2019-10-25 17:00:05,163,8,199,174,174,171,3,https://pemilu2019.kpu.go.id/img/c/900/025/900025264/1-8605-1-C1-PPWP-X1.jpg,https://pemilu2019.kpu.go.id/img/c/900/025/900025264/1-8605-1-C1-PPWP-X2.jpg
6728840886028607900025267,SUMATERA UTARA,KARO,SIMPANG EMPAT,SIRUMBIA,TPS 1,2019-10-25 17:00:05,183,5,216,197,188,188,0,https://pemilu2019.kpu.go.id/img/c/900/025/900025267/1-8607-1-C1-PPWP-X1.jpg,https://pemilu2019.kpu.go.id/img/c/900/025/900025267/1-8607-1-C1-PPWP-X2.jpg
6728840886028607900025268,SUMATERA UTARA,KARO,SIMPANG EMPAT,SIRUMBIA,TPS 2,2019-10-25 17:00:05,153,23,212,176,176,176,0,https://pemilu2019.kpu.go.id/img/c/900/025/900025268/1-8607-2-C1-PPWP-X1.jpg,https://pemilu2019.kpu.go.id/img/c/900/025/900025268/1-8607-2-C1-PPWP-X2.jpg
6728840886028616900025311,SUMATERA UTARA,KARO,SIMPANG EMPAT,SURBAKTI,TPS 1,2019-10-25 17:00:05,210,7,304,217,217,217,0,https://pemilu2019.kpu.go.id/img/c/900/025/900025311/8616-1-C1-PPWP-X1.jpg,https://pemilu2019.kpu.go.id/img/c/900/025/900025311/8616-1-C1-PPWP-X2.jpg
6728840886028616900025312,SUMATERA UTARA,KARO,SIMPANG EMPAT,SURBAKTI,TPS 2,2019-10-25 17:00:05,180,8,297,188,188,188,0,https://pemilu2019.kpu.go.id/img/c/900/025/900025312/8616-2-C1-PPWP-X1.jpg,https://pemilu2019.kpu.go.id/img/c/900/025/900025312/8616-2-C1-PPWP-X2.jpg
6728840886028616900025313,SUMATERA UTARA,KARO,SIMPANG EMPAT,SURBAKTI,TPS 3,2019-10-25 17:00:05,188,9,293,199,199,197,2,https://pemilu2019.kpu.go.id/img/c/900/025/900025313/1-8616-3-C1-PPWP-X1.jpg,https://pemilu2019.kpu.go.id/img/c/900/025/900025313/1-8616-3-C1-PPWP-X2.jpg
6728840886028616900025314,SUMATERA UTARA,KARO,SIMPANG EMPAT,SURBAKTI,TPS 4,2019-10-25 17:00:05,190,13,291,203,203,203,0,https://pemilu2019.kpu.go.id/img/c/900/025/900025314/1-8616-4-C1-PPWP-X1.jpg,https://pemilu2019.kpu.go.id/img/c/900/025/900025314/1-8616-4-C1-PPWP-X2.jpg
6728840886028616900025315,SUMATERA UTARA,KARO,SIMPANG EMPAT,SURBAKTI,TPS 5,2019-10-25 17:00:05,189,12,284,203,203,201,2,https://pemilu2019.kpu.go.id/img/c/900/025/900025315/1-8616-5-C1-PPWP-X1.jpg,https://pemilu2019.kpu.go.id/img/c/900/025/900025315/1-8616-5-C1-PPWP-X2.jpg
6728840886028616900025316,SUMATERA UTARA,KARO,SIMPANG EMPAT,SURBAKTI,TPS 6,2019-10-25 17:00:05,157,10,277,168,168,167,1,https://pemilu2019.kpu.go.id/img/c/900/025/900025316/8616-6-C1-PPWP-X1.jpg,https://pemilu2019.kpu.go.id/img/c/900/025/900025316/8616-6-C1-PPWP-X2.jpg
6728840886028616900025317,SUMATERA UTARA,KARO,SIMPANG EMPAT,SURBAKTI,TPS 7,2019-10-25 17:00:05,144,6,294,151,151,150,1,https://pemilu2019.kpu.go.id/img/c/900/025/900025317/2-8616-7-C1-PPWP-X1.jpg,https://pemilu2019.kpu.go.id/img/c/900/025/900025317/2-8616-7-C1-PPWP-X2.jpg
6728840886028604900025261,SUMATERA UTARA,KARO,SIMPANG EMPAT,TIGA PANCUR,TPS 1,2019-10-25 17:00:05,212,14,281,227,227,226,1,https://pemilu2019.kpu.go.id/img/c/900/025/900025261/1-8604-1-C1-PPWP-X1.jpg,https://pemilu2019.kpu.go.id/img/c/900/025/900025261/1-8604-1-C1-PPWP-X2.jpg
6728840886028604900025262,SUMATERA UTARA,KARO,SIMPANG EMPAT,TIGA PANCUR,TPS 2,2019-10-25 17:00:05,177,17,275,195,195,194,1,https://pemilu2019.kpu.go.id/img/c/900/025/900025262/1-8604-2-C1-PPWP-X1.jpg,https://pemilu2019.kpu.go.id/img/c/900/025/900025262/1-8604-2-C1-PPWP-X2.jpg
6728840886028604900025263,SUMATERA UTARA,KARO,SIMPANG EMPAT,TIGA PANCUR,TPS 3,2019-10-25 17:00:05,190,21,271,211,211,211,0,https://pemilu2019.kpu.go.id/img/c/900/025/900025263/1-8604-3-C1-PPWP-X1.jpg,https://pemilu2019.kpu.go.id/img/c/900/025/900025263/1-8604-3-C1-PPWP-X2.jpg
6728840886028614900025303,SUMATERA UTARA,KARO,SIMPANG EMPAT,TORONG,TPS 1,2019-10-25 17:00:05,79,4,95,84,84,83,1,https://pemilu2019.kpu.go.id/img/c/900/025/900025303/1-8614-1-C1-PPWP-X1.jpg,https://pemilu2019.kpu.go.id/img/c/900/025/900025303/1-8614-1-C1-PPWP-X2.jpg
67288408854489450900793903,SUMATERA UTARA,KARO,TIGABINANGA,BATUMAMAK,TPS 1,2019-10-25 17:00:05,136,5,157,142,142,141,1,https://pemilu2019.kpu.go.id/img/c/900/793/900793903/1-89450-1-C1-PPWP-X1.jpg,https://pemilu2019.kpu.go.id/img/c/900/793/900793903/1-89450-1-C1-PPWP-X2.jpg
67288408854489450900793904,SUMATERA UTARA,KARO,TIGABINANGA,BATUMAMAK,TPS 2,2019-10-25 17:00:05,103,4,147,109,109,107,2,https://pemilu2019.kpu.go.id/img/c/900/793/900793904/1-89450-2-C1-PPWP-X1.jpg,https://pemilu2019.kpu.go.id/img/c/900/793/900793904/1-89450-2-C1-PPWP-X2.jpg
6728840885448561900025098,SUMATERA UTARA,KARO,TIGABINANGA,BUNGA BARU,TPS 1,2019-10-25 17:00:05,174,10,220,186,186,184,2,https://pemilu2019.kpu.go.id/img/c/900/025/900025098/1-8561-1-C1-PPWP-X1.jpg,https://pemilu2019.kpu.go.id/img/c/900/025/900025098/1-8561-1-C1-PPWP-X2.jpg
6728840885448561900025099,SUMATERA UTARA,KARO,TIGABINANGA,BUNGA BARU,TPS 2,2019-10-25 17:00:05,163,6,219,173,173,169,4,https://pemilu2019.kpu.go.id/img/c/900/025/900025099/1-8561-2-C1-PPWP-X1.jpg,https://pemilu2019.kpu.go.id/img/c/900/025/900025099/1-8561-2-C1-PPWP-X2.jpg
6728840885448561900025100,SUMATERA UTARA,KARO,TIGABINANGA,BUNGA BARU,TPS 3,2019-10-25 17:00:05,166,13,220,179,179,179,0,https://pemilu2019.kpu.go.id/img/c/900/025/900025100/1-8561-3-C1-PPWP-X1.jpg,https://pemilu2019.kpu.go.id/img/c/900/025/900025100/1-8561-3-C1-PPWP-X2.jpg
6728840885448546900025052,SUMATERA UTARA,KARO,TIGABINANGA,GUNUNG,TPS 1,2019-10-25 17:00:05,167,13,233,182,182,180,2,https://pemilu2019.kpu.go.id/img/c/900/025/900025052/1-8546-1-C1-PPWP-X1.jpg,https://pemilu2019.kpu.go.id/img/c/900/025/900025052/1-8546-1-C1-PPWP-X2.jpg
6728840885448546900025053,SUMATERA UTARA,KARO,TIGABINANGA,GUNUNG,TPS 2,2019-10-25 17:00:05,181,9,234,191,191,190,1,https://pemilu2019.kpu.go.id/img/c/900/025/900025053/1-8546-2-C1-PPWP-X1.jpg,https://pemilu2019.kpu.go.id/img/c/900/025/900025053/1-8546-2-C1-PPWP-X2.jpg
6728840885448546900025054,SUMATERA UTARA,KARO,TIGABINANGA,GUNUNG,TPS 3,2019-10-25 17:00:05,190,4,244,194,194,194,0,https://pemilu2019.kpu.go.id/img/c/900/025/900025054/1-8546-3-C1-PPWP-X1.jpg,https://pemilu2019.kpu.go.id/img/c/900/025/900025054/1-8546-3-C1-PPWP-X2.jpg
6728840885448547900025055,SUMATERA UTARA,KARO,TIGABINANGA,KEMKEM,TPS 1,2019-10-25 17:00:05,209,5,244,214,214,214,0,https://pemilu2019.kpu.go.id/img/c/900/025/900025055/1-8547-1-C1-PPWP-X1.jpg,https://pemilu2019.kpu.go.id/img/c/900/025/900025055/1-8547-1-C1-PPWP-X2.jpg
6728840885448547900025056,SUMATERA UTARA,KARO,TIGABINANGA,KEMKEM,TPS 2,2019-10-25 17:00:05,201,4,234,205,205,205,0,https://pemilu2019.kpu.go.id/img/c/900/025/900025056/2-8547-2-C1-PPWP-X1.jpg,https://pemilu2019.kpu.go.id/img/c/900/025/900025056/2-8547-2-C1-PPWP-X2.jpg
6728840885448549900025059,SUMATERA UTARA,KARO,TIGABINANGA,KUALA,TPS 1,2019-10-25 17:00:05,173,5,218,178,178,178,0,https://pemilu2019.kpu.go.id/img/c/900/025/900025059/1-8549-1-C1-PPWP-X1.jpg,https://pemilu2019.kpu.go.id/img/c/900/025/900025059/1-8549-1-C1-PPWP-X2.jpg
6728840885448549900025060,SUMATERA UTARA,KARO,TIGABINANGA,KUALA,TPS 2,2019-10-25 17:00:05,170,6,216,176,176,176,0,https://pemilu2019.kpu.go.id/img/c/900/025/900025060/1-8549-2-C1-PPWP-X1.jpg,https://pemilu2019.kpu.go.id/img/c/900/025/900025060/1-8549-2-C1-PPWP-X2.jpg
6728840885448549900025061,SUMATERA UTARA,KARO,TIGABINANGA,KUALA,TPS 3,2019-10-25 17:00:05,152,4,212,158,158,156,2,https://pemilu2019.kpu.go.id/img/c/900/025/900025061/1-8549-3-C1-PPWP-X1.jpg,https://pemilu2019.kpu.go.id/img/c/900/025/900025061/1-8549-3-C1-PPWP-X2.jpg
6728840885448549900025062,SUMATERA UTARA,KARO,TIGABINANGA,KUALA,TPS 4,2019-10-25 17:00:05,231,3,308,238,238,234,4,https://pemilu2019.kpu.go.id/img/c/900/025/900025062/3-8549-4-C1-PPWP-X1.jpg,https://pemilu2019.kpu.go.id/img/c/900/025/900025062/3-8549-4-C1-PPWP-X2.jpg
6728840885448553900025077,SUMATERA UTARA,KARO,TIGABINANGA,KUTABANGUN,TPS 1,2019-10-25 17:00:05,210,22,269,232,232,232,0,https://pemilu2019.kpu.go.id/img/c/900/025/900025077/1-8553-1-C1-PPWP-X1.jpg,https://pemilu2019.kpu.go.id/img/c/900/025/900025077/1-8553-1-C1-PPWP-X2.jpg
6728840885448553900025078,SUMATERA UTARA,KARO,TIGABINANGA,KUTABANGUN,TPS 2,2019-10-25 17:00:05,211,15,266,228,228,226,2,https://pemilu2019.kpu.go.id/img/c/900/025/900025078/1-8553-2-C1-PPWP-X1.jpg,https://pemilu2019.kpu.go.id/img/c/900/025/900025078/1-8553-2-C1-PPWP-X2.jpg
6728840885448553900025079,SUMATERA UTARA,KARO,TIGABINANGA,KUTABANGUN,TPS 3,2019-10-25 17:00:05,204,8,271,214,214,212,2,https://pemilu2019.kpu.go.id/img/c/900/025/900025079/1-8553-3-C1-PPWP-X1.jpg,https://pemilu2019.kpu.go.id/img/c/900/025/900025079/1-8553-3-C1-PPWP-X2.jpg
6728840885448553900025080,SUMATERA UTARA,KARO,TIGABINANGA,KUTABANGUN,TPS 4,2019-10-25 17:00:05,209,12,301,223,223,221,2,https://pemilu2019.kpu.go.id/img/c/900/025/900025080/1-8553-4-C1-PPWP-X1.jpg,https://pemilu2019.kpu.go.id/img/c/900/025/900025080/1-8553-4-C1-PPWP-X2.jpg
6728840885448553900025081,SUMATERA UTARA,KARO,TIGABINANGA,KUTABANGUN,TPS 5,2019-10-25 17:00:05,99,6,122,106,106,105,1,https://pemilu2019.kpu.go.id/img/c/900/025/900025081/1-8553-5-C1-PPWP-X1.jpg,https://pemilu2019.kpu.go.id/img/c/900/025/900025081/1-8553-5-C1-PPWP-X2.jpg
6728840885448563900025103,SUMATERA UTARA,KARO,TIGABINANGA,KUTABUARA,TPS 1,2019-10-25 17:00:05,199,3,253,203,203,202,1,https://pemilu2019.kpu.go.id/img/c/900/025/900025103/1-8563-1-C1-PPWP-X1.jpg,https://pemilu2019.kpu.go.id/img/c/900/025/900025103/1-8563-1-C1-PPWP-X2.jpg
6728840885448560900025096,SUMATERA UTARA,KARO,TIGABINANGA,KUTAGALUH,TPS 1,2019-10-25 17:00:05,176,3,225,181,181,179,2,https://pemilu2019.kpu.go.id/img/c/900/025/900025096/2-8560-1-C1-PPWP-X1.jpg,https://pemilu2019.kpu.go.id/img/c/900/025/900025096/2-8560-1-C1-PPWP-X2.jpg
6728840885448560900025097,SUMATERA UTARA,KARO,TIGABINANGA,KUTAGALUH,TPS 2,2019-10-25 17:00:05,168,6,223,174,174,174,0,https://pemilu2019.kpu.go.id/img/c/900/025/900025097/1-8560-2-C1-PPWP-X1.jpg,https://pemilu2019.kpu.go.id/img/c/900/025/900025097/1-8560-2-C1-PPWP-X2.jpg
6728840885448558900025092,SUMATERA UTARA,KARO,TIGABINANGA,KUTAGERAT,TPS 1,2019-10-25 17:00:05,138,2,159,141,141,140,1,https://pemilu2019.kpu.go.id/img/c/900/025/900025092/1-8558-1-C1-PPWP-X1.jpg,https://pemilu2019.kpu.go.id/img/c/900/025/900025092/1-8558-1-C1-PPWP-X2.jpg
6728840885448558900025093,SUMATERA UTARA,KARO,TIGABINANGA,KUTAGERAT,TPS 2,2019-10-25 17:00:05,121,2,165,123,123,123,0,https://pemilu2019.kpu.go.id/img/c/900/025/900025093/1-8558-2-C1-PPWP-X1.jpg,https://pemilu2019.kpu.go.id/img/c/900/025/900025093/1-8558-2-C1-PPWP-X2.jpg
6728840885448562900025101,SUMATERA UTARA,KARO,TIGABINANGA,KUTAMBARU PUNTI,TPS 1,2019-10-25 17:00:05,134,6,159,144,144,140,4,https://pemilu2019.kpu.go.id/img/c/900/025/900025101/1-8562-1-C1-PPWP-X1.jpg,https://pemilu2019.kpu.go.id/img/c/900/025/900025101/1-8562-1-C1-PPWP-X2.jpg
6728840885448562900025102,SUMATERA UTARA,KARO,TIGABINANGA,KUTAMBARU PUNTI,TPS 2,2019-10-25 17:00:05,129,5,159,135,135,134,1,https://pemilu2019.kpu.go.id/img/c/900/025/900025102/1-8562-2-C1-PPWP-X1.jpg,https://pemilu2019.kpu.go.id/img/c/900/025/900025102/1-8562-2-C1-PPWP-X2.jpg
6728840885448554900025082,SUMATERA UTARA,KARO,TIGABINANGA,KUTA RAYA,TPS 1,2019-10-25 17:00:05,161,2,206,167,167,163,4,https://pemilu2019.kpu.go.id/img/c/900/025/900025082/1-8554-1-C1-PPWP-X1.jpg,https://pemilu2019.kpu.go.id/img/c/900/025/900025082/1-8554-1-C1-PPWP-X2.jpg
6728840885448554900025083,SUMATERA UTARA,KARO,TIGABINANGA,KUTA RAYA,TPS 2,2019-10-25 17:00:05,162,6,208,168,168,168,0,https://pemilu2019.kpu.go.id/img/c/900/025/900025083/1-8554-2-C1-PPWP-X1.jpg,https://pemilu2019.kpu.go.id/img/c/900/025/900025083/1-8554-2-C1-PPWP-X2.jpg
6728840885448552900025075,SUMATERA UTARA,KARO,TIGABINANGA,LAU KAPUR,TPS 1,2019-10-25 17:00:05,158,19,217,177,177,177,0,https://pemilu2019.kpu.go.id/img/c/900/025/900025075/1-8552-1-C1-PPWP-X1.jpg,https://pemilu2019.kpu.go.id/img/c/900/025/900025075/1-8552-1-C1-PPWP-X2.jpg
6728840885448552900025076,SUMATERA UTARA,KARO,TIGABINANGA,LAU KAPUR,TPS 2,2019-10-25 17:00:05,190,4,211,194,194,194,0,https://pemilu2019.kpu.go.id/img/c/900/025/900025076/1-8552-2-C1-PPWP-X1.jpg,https://pemilu2019.kpu.go.id/img/c/900/025/900025076/1-8552-2-C1-PPWP-X2.jpg
6728840885448550900025063,SUMATERA UTARA,KARO,TIGABINANGA,LIMANG,TPS 1,2019-10-25 17:00:05,175,10,231,188,188,185,3,https://pemilu2019.kpu.go.id/img/c/900/025/900025063/2-8550-1-C1-PPWP-X1.jpg,https://pemilu2019.kpu.go.id/img/c/900/025/900025063/2-8550-1-C1-PPWP-X2.jpg
6728840885448550900025064,SUMATERA UTARA,KARO,TIGABINANGA,LIMANG,TPS 2,2019-10-25 17:00:05,172,10,226,183,183,182,1,https://pemilu2019.kpu.go.id/img/c/900/025/900025064/2-8550-2-C1-PPWP-X1.jpg,https://pemilu2019.kpu.go.id/img/c/900/025/900025064/2-8550-2-C1-PPWP-X2.jpg
6728840885448550900025065,SUMATERA UTARA,KARO,TIGABINANGA,LIMANG,TPS 3,2019-10-25 17:00:05,194,7,246,205,205,201,4,https://pemilu2019.kpu.go.id/img/c/900/025/900025065/1-8550-3-C1-PPWP-X1.jpg,https://pemilu2019.kpu.go.id/img/c/900/025/900025065/1-8550-3-C1-PPWP-X2.jpg
6728840885448550900025066,SUMATERA UTARA,KARO,TIGABINANGA,LIMANG,TPS 4,2019-10-25 17:00:05,169,5,231,176,176,174,2,https://pemilu2019.kpu.go.id/img/c/900/025/900025066/2-8550-4-C1-PPWP-X1.jpg,https://pemilu2019.kpu.go.id/img/c/900/025/900025066/2-8550-4-C1-PPWP-X2.jpg
6728840885448551900025067,SUMATERA UTARA,KARO,TIGABINANGA,PERBESI,TPS 1,2019-10-25 17:00:05,208,3,261,212,212,211,1,https://pemilu2019.kpu.go.id/img/c/900/025/900025067/1-8551-1-C1-PPWP-X1.jpg,https://pemilu2019.kpu.go.id/img/c/900/025/900025067/1-8551-1-C1-PPWP-X2.jpg
6728840885448551900025068,SUMATERA UTARA,KARO,TIGABINANGA,PERBESI,TPS 2,2019-10-25 17:00:05,212,5,264,218,218,217,1,https://pemilu2019.kpu.go.id/img/c/900/025/900025068/1-8551-2-C1-PPWP-X1.jpg,https://pemilu2019.kpu.go.id/img/c/900/025/900025068/1-8551-2-C1-PPWP-X2.jpg
6728840885448551900025069,SUMATERA UTARA,KARO,TIGABINANGA,PERBESI,TPS 3,2019-10-25 17:00:05,229,5,271,234,234,234,0,https://pemilu2019.kpu.go.id/img/c/900/025/900025069/1-8551-3-C1-PPWP-X1.jpg,https://pemilu2019.kpu.go.id/img/c/900/025/900025069/1-8551-3-C1-PPWP-X2.jpg
6728840885448551900025070,SUMATERA UTARA,KARO,TIGABINANGA,PERBESI,TPS 4,2019-10-25 17:00:05,211,5,260,219,219,216,3,https://pemilu2019.kpu.go.id/img/c/900/025/900025070/1-8551-4-C1-PPWP-X1.jpg,https://pemilu2019.kpu.go.id/img/c/900/025/900025070/1-8551-4-C1-PPWP-X2.jpg
6728840885448551900025071,SUMATERA UTARA,KARO,TIGABINANGA,PERBESI,TPS 5,2019-10-25 17:00:05,213,7,267,221,221,220,1,https://pemilu2019.kpu.go.id/img/c/900/025/900025071/1-8551-5-C1-PPWP-X1.jpg,https://pemilu2019.kpu.go.id/img/c/900/025/900025071/1-8551-5-C1-PPWP-X2.jpg
6728840885448551900025072,SUMATERA UTARA,KARO,TIGABINANGA,PERBESI,TPS 6,2019-10-25 17:00:05,194,4,266,200,200,198,2,https://pemilu2019.kpu.go.id/img/c/900/025/900025072/1-8551-6-C1-PPWP-X1.jpg,https://pemilu2019.kpu.go.id/img/c/900/025/900025072/1-8551-6-C1-PPWP-X2.jpg
6728840885448551900025073,SUMATERA UTARA,KARO,TIGABINANGA,PERBESI,TPS 7,2019-10-25 17:00:05,170,5,246,182,182,175,7,https://pemilu2019.kpu.go.id/img/c/900/025/900025073/1-8551-7-C1-PPWP-X1.jpg,https://pemilu2019.kpu.go.id/img/c/900/025/900025073/1-8551-7-C1-PPWP-X2.jpg
6728840885448551900025074,SUMATERA UTARA,KARO,TIGABINANGA,PERBESI,TPS 8,2019-10-25 17:00:05,204,22,284,232,232,226,6,https://pemilu2019.kpu.go.id/img/c/900/025/900025074/1-8551-8-C1-PPWP-X1.jpg,https://pemilu2019.kpu.go.id/img/c/900/025/900025074/1-8551-8-C1-PPWP-X2.jpg
6728840885448555900025084,SUMATERA UTARA,KARO,TIGABINANGA,PERGENDANGEN,TPS 1,2019-10-25 17:00:05,213,3,257,216,216,216,0,https://pemilu2019.kpu.go.id/img/c/900/025/900025084/1-8555-1-C1-PPWP-X1.jpg,https://pemilu2019.kpu.go.id/img/c/900/025/900025084/1-8555-1-C1-PPWP-X2.jpg
6728840885448555900025085,SUMATERA UTARA,KARO,TIGABINANGA,PERGENDANGEN,TPS 2,2019-10-25 17:00:05,202,5,262,208,208,207,1,https://pemilu2019.kpu.go.id/img/c/900/025/900025085/1-8555-2-C1-PPWP-X1.jpg,https://pemilu2019.kpu.go.id/img/c/900/025/900025085/1-8555-2-C1-PPWP-X2.jpg
6728840885448555900025086,SUMATERA UTARA,KARO,TIGABINANGA,PERGENDANGEN,TPS 3,2019-10-25 17:00:05,207,21,285,232,232,228,4,https://pemilu2019.kpu.go.id/img/c/900/025/900025086/1-8555-3-C1-PPWP-X1.jpg,https://pemilu2019.kpu.go.id/img/c/900/025/900025086/1-8555-3-C1-PPWP-X2.jpg
6728840885448555900025087,SUMATERA UTARA,KARO,TIGABINANGA,PERGENDANGEN,TPS 4,2019-10-25 17:00:05,218,17,297,236,236,235,1,https://pemilu2019.kpu.go.id/img/c/900/025/900025087/1-8555-4-C1-PPWP-X1.jpg,https://pemilu2019.kpu.go.id/img/c/900/025/900025087/1-8555-4-C1-PPWP-X2.jpg
6728840885448548900025057,SUMATERA UTARA,KARO,TIGABINANGA,PERTUMBUKEN,TPS 1,2019-10-25 17:00:05,154,1,181,155,155,155,0,https://pemilu2019.kpu.go.id/img/c/900/025/900025057/1-8548-1-C1-PPWP-X1.jpg,https://pemilu2019.kpu.go.id/img/c/900/025/900025057/1-8548-1-C1-PPWP-X2.jpg
6728840885448548900025058,SUMATERA UTARA,KARO,TIGABINANGA,PERTUMBUKEN,TPS 2,2019-10-25 17:00:05,231,12,290,244,244,243,1,https://pemilu2019.kpu.go.id/img/c/900/025/900025058/1-8548-2-C1-PPWP-X1.jpg,https://pemilu2019.kpu.go.id/img/c/900/025/900025058/1-8548-2-C1-PPWP-X2.jpg
6728840885448556900025088,SUMATERA UTARA,KARO,TIGABINANGA,SIMOLAP,TPS 1,2019-10-25 17:00:05,125,3,150,129,129,128,1,https://pemilu2019.kpu.go.id/img/c/900/025/900025088/1-8556-1-C1-PPWP-X1.jpg,https://pemilu2019.kpu.go.id/img/c/900/025/900025088/1-8556-1-C1-PPWP-X2.jpg
6728840885448556900025089,SUMATERA UTARA,KARO,TIGABINANGA,SIMOLAP,TPS 2,2019-10-25 17:00:05,120,7,152,128,128,127,1,https://pemilu2019.kpu.go.id/img/c/900/025/900025089/1-8556-2-C1-PPWP-X1.jpg,https://pemilu2019.kpu.go.id/img/c/900/025/900025089/1-8556-2-C1-PPWP-X2.jpg
6728840885448557900025090,SUMATERA UTARA,KARO,TIGABINANGA,SIMPANG PERGENDANGEN,TPS 1,2019-10-25 17:00:05,168,46,251,218,218,214,4,https://pemilu2019.kpu.go.id/img/c/900/025/900025090/2-8557-1-C1-PPWP-X1.jpg,https://pemilu2019.kpu.go.id/img/c/900/025/900025090/2-8557-1-C1-PPWP-X2.jpg
6728840885448557900025091,SUMATERA UTARA,KARO,TIGABINANGA,SIMPANG PERGENDANGEN,TPS 2,2019-10-25 17:00:05,145,33,230,179,179,178,1,https://pemilu2019.kpu.go.id/img/c/900/025/900025091/1-8557-2-C1-PPWP-X1.jpg,https://pemilu2019.kpu.go.id/img/c/900/025/900025091/1-8557-2-C1-PPWP-X2.jpg
6728840885448559900025094,SUMATERA UTARA,KARO,TIGABINANGA,SUKAJULU,TPS 1,2019-10-25 17:00:05,187,4,218,193,193,191,2,https://pemilu2019.kpu.go.id/img/c/900/025/900025094/1-8559-1-C1-PPWP-X1.jpg,https://pemilu2019.kpu.go.id/img/c/900/025/900025094/1-8559-1-C1-PPWP-X2.jpg
6728840885448559900025095,SUMATERA UTARA,KARO,TIGABINANGA,SUKAJULU,TPS 2,2019-10-25 17:00:05,168,0,214,168,168,168,0,https://pemilu2019.kpu.go.id/img/c/900/025/900025095/2-8559-2-C1-PPWP-X1.jpg,https://pemilu2019.kpu.go.id/img/c/900/025/900025095/2-8559-2-C1-PPWP-X2.jpg
6728840885448545900025038,SUMATERA UTARA,KARO,TIGABINANGA,TIGABINANGA,TPS 01,2019-10-25 17:00:05,198,23,293,223,223,221,2,https://pemilu2019.kpu.go.id/img/c/900/025/900025038/1-8545-01-C1-PPWP-X1.jpg,https://pemilu2019.kpu.go.id/img/c/900/025/900025038/1-8545-01-C1-PPWP-X2.jpg
6728840885448545900025039,SUMATERA UTARA,KARO,TIGABINANGA,TIGABINANGA,TPS 02,2019-10-25 17:00:05,191,14,287,208,208,205,3,https://pemilu2019.kpu.go.id/img/c/900/025/900025039/1-8545-02-C1-PPWP-X1.jpg,https://pemilu2019.kpu.go.id/img/c/900/025/900025039/1-8545-02-C1-PPWP-X2.jpg
6728840885448545900025040,SUMATERA UTARA,KARO,TIGABINANGA,TIGABINANGA,TPS 03,2019-10-25 17:00:05,128,16,182,146,146,144,2,https://pemilu2019.kpu.go.id/img/c/900/025/900025040/1-8545-03-C1-PPWP-X1.jpg,https://pemilu2019.kpu.go.id/img/c/900/025/900025040/1-8545-03-C1-PPWP-X2.jpg
6728840885448545900025041,SUMATERA UTARA,KARO,TIGABINANGA,TIGABINANGA,TPS 04,2019-10-25 17:00:05,139,10,253,150,150,149,1,https://pemilu2019.kpu.go.id/img/c/900/025/900025041/1-8545-04-C1-PPWP-X1.jpg,https://pemilu2019.kpu.go.id/img/c/900/025/900025041/1-8545-04-C1-PPWP-X2.jpg
6728840885448545900025042,SUMATERA UTARA,KARO,TIGABINANGA,TIGABINANGA,TPS 05,2019-10-25 17:00:05,196,15,294,212,212,211,1,https://pemilu2019.kpu.go.id/img/c/900/025/900025042/1-8545-05-C1-PPWP-X1.jpg,https://pemilu2019.kpu.go.id/img/c/900/025/900025042/1-8545-05-C1-PPWP-X2.jpg
6728840885448545900025043,SUMATERA UTARA,KARO,TIGABINANGA,TIGABINANGA,TPS 06,2019-10-25 17:00:05,190,9,278,199,199,199,0,https://pemilu2019.kpu.go.id/img/c/900/025/900025043/1-8545-06-C1-PPWP-X1.jpg,https://pemilu2019.kpu.go.id/img/c/900/025/900025043/1-8545-06-C1-PPWP-X2.jpg
6728840885448545900025044,SUMATERA UTARA,KARO,TIGABINANGA,TIGABINANGA,TPS 07,2019-10-25 17:00:05,170,15,283,185,185,185,0,https://pemilu2019.kpu.go.id/img/c/900/025/900025044/1-8545-07-C1-PPWP-X1.jpg,https://pemilu2019.kpu.go.id/img/c/900/025/900025044/1-8545-07-C1-PPWP-X2.jpg
6728840885448545900025045,SUMATERA UTARA,KARO,TIGABINANGA,TIGABINANGA,TPS 08,2019-10-25 17:00:05,199,15,298,214,214,214,0,https://pemilu2019.kpu.go.id/img/c/900/025/900025045/1-8545-08-C1-PPWP-X1.jpg,https://pemilu2019.kpu.go.id/img/c/900/025/900025045/1-8545-08-C1-PPWP-X2.jpg
6728840885448545900025046,SUMATERA UTARA,KARO,TIGABINANGA,TIGABINANGA,TPS 09,2019-10-25 17:00:05,186,13,295,201,201,199,2,https://pemilu2019.kpu.go.id/img/c/900/025/900025046/2-8545-09-C1-PPWP-X1.jpg,https://pemilu2019.kpu.go.id/img/c/900/025/900025046/2-8545-09-C1-PPWP-X2.jpg
6728840885448545900025047,SUMATERA UTARA,KARO,TIGABINANGA,TIGABINANGA,TPS 10,2019-10-25 17:00:05,153,59,297,222,222,212,10,https://pemilu2019.kpu.go.id/img/c/900/025/900025047/1-8545-10-C1-PPWP-X1.jpg,https://pemilu2019.kpu.go.id/img/c/900/025/900025047/1-8545-10-C1-PPWP-X2.jpg
6728840885448545900025048,SUMATERA UTARA,KARO,TIGABINANGA,TIGABINANGA,TPS 11,2019-10-25 17:00:05,72,38,158,111,111,110,1,https://pemilu2019.kpu.go.id/img/c/900/025/900025048/1-8545-11-C1-PPWP-X1.jpg,https://pemilu2019.kpu.go.id/img/c/900/025/900025048/1-8545-11-C1-PPWP-X2.jpg
6728840885448545900025049,SUMATERA UTARA,KARO,TIGABINANGA,TIGABINANGA,TPS 12,2019-10-25 17:00:05,175,30,300,206,206,205,1,https://pemilu2019.kpu.go.id/img/c/900/025/900025049/1-8545-12-C1-PPWP-X1.jpg,https://pemilu2019.kpu.go.id/img/c/900/025/900025049/1-8545-12-C1-PPWP-X2.jpg
6728840885448545900025050,SUMATERA UTARA,KARO,TIGABINANGA,TIGABINANGA,TPS 13,2019-10-25 17:00:05,126,8,206,138,138,134,4,https://pemilu2019.kpu.go.id/img/c/900/025/900025050/1-8545-13-C1-PPWP-X1.jpg,https://pemilu2019.kpu.go.id/img/c/900/025/900025050/1-8545-13-C1-PPWP-X2.jpg
6728840885448545900025051,SUMATERA UTARA,KARO,TIGABINANGA,TIGABINANGA,TPS 14,2019-10-25 17:00:05,148,10,238,158,158,158,0,https://pemilu2019.kpu.go.id/img/c/900/025/900025051/1-8545-14-C1-PPWP-X1.jpg,https://pemilu2019.kpu.go.id/img/c/900/025/900025051/1-8545-14-C1-PPWP-X2.jpg
6728840886708686900025509,SUMATERA UTARA,KARO,TIGANDERKET,GUNUNG MERLAWAN,TPS 1,2019-10-25 17:00:05,126,3,149,129,129,129,0,https://pemilu2019.kpu.go.id/img/c/900/025/900025509/1-8686-1-C1-PPWP-X1.jpg,https://pemilu2019.kpu.go.id/img/c/900/025/900025509/1-8686-1-C1-PPWP-X2.jpg
6728840886708675900025483,SUMATERA UTARA,KARO,TIGANDERKET,JANDI MERIAH,TPS 1,2019-10-25 17:00:05,190,13,225,204,204,203,1,https://pemilu2019.kpu.go.id/img/c/900/025/900025483/1-8675-1-C1-PPWP-X1.jpg,https://pemilu2019.kpu.go.id/img/c/900/025/900025483/1-8675-1-C1-PPWP-X2.jpg
6728840886708675900025484,SUMATERA UTARA,KARO,TIGANDERKET,JANDI MERIAH,TPS 2,2019-10-25 17:00:05,185,13,234,200,200,198,2,https://pemilu2019.kpu.go.id/img/c/900/025/900025484/1-8675-2-C1-PPWP-X1.jpg,https://pemilu2019.kpu.go.id/img/c/900/025/900025484/1-8675-2-C1-PPWP-X2.jpg
6728840886708675900025485,SUMATERA UTARA,KARO,TIGANDERKET,JANDI MERIAH,TPS 3,2019-10-25 17:00:05,184,16,222,201,201,200,1,https://pemilu2019.kpu.go.id/img/c/900/025/900025485/1-8675-3-C1-PPWP-X1.jpg,https://pemilu2019.kpu.go.id/img/c/900/025/900025485/1-8675-3-C1-PPWP-X2.jpg
6728840886708675900025486,SUMATERA UTARA,KARO,TIGANDERKET,JANDI MERIAH,TPS 4,2019-10-25 17:00:05,178,15,221,194,194,193,1,https://pemilu2019.kpu.go.id/img/c/900/025/900025486/1-8675-4-C1-PPWP-X1.jpg,https://pemilu2019.kpu.go.id/img/c/900/025/900025486/1-8675-4-C1-PPWP-X2.jpg
6728840886708673900025479,SUMATERA UTARA,KARO,TIGANDERKET,KUTAGALUH,TPS 1,2019-10-25 17:00:05,238,10,285,249,249,248,1,https://pemilu2019.kpu.go.id/img/c/900/025/900025479/1-8673-1-C-XXX-X5.jpg,https://pemilu2019.kpu.go.id/img/c/900/025/900025479/1-8673-1-C-XXX-X6.jpg
6728840886708673900025480,SUMATERA UTARA,KARO,TIGANDERKET,KUTAGALUH,TPS 2,2019-10-25 17:00:05,247,14,299,261,261,261,0,https://pemilu2019.kpu.go.id/img/c/900/025/900025480/1-8673-2-C1-PPWP-X1.jpg,https://pemilu2019.kpu.go.id/img/c/900/025/900025480/1-8673-2-C1-PPWP-X2.jpg
6728840886708681900025499,SUMATERA UTARA,KARO,TIGANDERKET,KUTA KEPAR,TPS 1,2019-10-25 17:00:05,136,1,153,137,137,137,0,https://pemilu2019.kpu.go.id/img/c/900/025/900025499/1-8681-1-C-XXX-X5.jpg,https://pemilu2019.kpu.go.id/img/c/900/025/900025499/1-8681-1-C-XXX-X6.jpg
6728840886708674900025481,SUMATERA UTARA,KARO,TIGANDERKET,KUTAMBARU,TPS 1,2019-10-25 17:00:05,197,32,292,231,231,229,2,https://pemilu2019.kpu.go.id/img/c/900/025/900025481/1-8674-1-C1-PPWP-X1.jpg,https://pemilu2019.kpu.go.id/img/c/900/025/900025481/1-8674-1-C1-PPWP-X2.jpg
6728840886708674900025482,SUMATERA UTARA,KARO,TIGANDERKET,KUTAMBARU,TPS 2,2019-10-25 17:00:05,206,16,285,222,222,222,0,https://pemilu2019.kpu.go.id/img/c/900/025/900025482/1-8674-2-C1-PPWP-X1.jpg,https://pemilu2019.kpu.go.id/img/c/900/025/900025482/1-8674-2-C1-PPWP-X2.jpg
6728840886708672900025476,SUMATERA UTARA,KARO,TIGANDERKET,MARDINDING,TPS 1,2019-10-25 17:00:05,191,2,233,196,196,193,3,https://pemilu2019.kpu.go.id/img/c/900/025/900025476/1-8672-1-C-XXX-X5.jpg,https://pemilu2019.kpu.go.id/img/c/900/025/900025476/1-8672-1-C-XXX-X6.jpg
6728840886708672900025477,SUMATERA UTARA,KARO,TIGANDERKET,MARDINDING,TPS 2,2019-10-25 17:00:05,184,4,218,188,188,188,0,https://pemilu2019.kpu.go.id/img/c/900/025/900025477/1-8672-2-C-XXX-X5.jpg,https://pemilu2019.kpu.go.id/img/c/900/025/900025477/1-8672-2-C-XXX-X6.jpg
6728840886708672900025478,SUMATERA UTARA,KARO,TIGANDERKET,MARDINDING,TPS 3,2019-10-25 17:00:05,178,1,226,182,182,179,3,https://pemilu2019.kpu.go.id/img/c/900/025/900025478/1-8672-3-C-XXX-X5.jpg,https://pemilu2019.kpu.go.id/img/c/900/025/900025478/1-8672-3-C-XXX-X6.jpg
6728840886708684900025505,SUMATERA UTARA,KARO,TIGANDERKET,NARI GUNUNG I,TPS 1,2019-10-25 17:00:05,147,20,195,170,170,167,3,https://pemilu2019.kpu.go.id/img/c/900/025/900025505/1-8684-1-C1-PPWP-X1.jpg,https://pemilu2019.kpu.go.id/img/c/900/025/900025505/1-8684-1-C1-PPWP-X2.jpg
6728840886708684900025506,SUMATERA UTARA,KARO,TIGANDERKET,NARI GUNUNG I,TPS 2,2019-10-25 17:00:05,118,29,198,150,150,147,3,https://pemilu2019.kpu.go.id/img/c/900/025/900025506/1-8684-2-C1-PPWP-X1.jpg,https://pemilu2019.kpu.go.id/img/c/900/025/900025506/1-8684-2-C1-PPWP-X2.jpg
6728840886708685900025507,SUMATERA UTARA,KARO,TIGANDERKET,NARI GUNUNG II,TPS 1,2019-10-25 17:00:05,207,35,279,245,245,242,3,https://pemilu2019.kpu.go.id/img/c/900/025/900025507/1-8685-1-C-XXX-X5.jpg,https://pemilu2019.kpu.go.id/img/c/900/025/900025507/1-8685-1-C-XXX-X6.jpg
6728840886708685900025508,SUMATERA UTARA,KARO,TIGANDERKET,NARI GUNUNG II,TPS 2,2019-10-25 17:00:05,195,37,282,234,234,232,2,https://pemilu2019.kpu.go.id/img/c/900/025/900025508/1-8685-2-C-XXX-X5.jpg,https://pemilu2019.kpu.go.id/img/c/900/025/900025508/1-8685-2-C-XXX-X6.jpg
6728840886708682900025500,SUMATERA UTARA,KARO,TIGANDERKET,PENAMPEN,TPS 1,2019-10-25 17:00:05,203,53,289,256,256,256,0,https://pemilu2019.kpu.go.id/img/c/900/025/900025500/1-8682-1-C1-PPWP-X1.jpg,https://pemilu2019.kpu.go.id/img/c/900/025/900025500/1-8682-1-C1-PPWP-X2.jpg
6728840886708682900025501,SUMATERA UTARA,KARO,TIGANDERKET,PENAMPEN,TPS 2,2019-10-25 17:00:05,172,52,285,225,225,224,1,https://pemilu2019.kpu.go.id/img/c/900/025/900025501/1-8682-2-C-XXX-X5.jpg,https://pemilu2019.kpu.go.id/img/c/900/025/900025501/1-8682-2-C-XXX-X6.jpg
6728840886708679900025496,SUMATERA UTARA,KARO,TIGANDERKET,PERBAJI,TPS 1,2019-10-25 17:00:05,155,11,211,167,167,166,1,https://pemilu2019.kpu.go.id/img/c/900/025/900025496/1-8679-1-C-XXX-X5.jpg,https://pemilu2019.kpu.go.id/img/c/900/025/900025496/1-8679-1-C-XXX-X6.jpg
6728840886708679900025497,SUMATERA UTARA,KARO,TIGANDERKET,PERBAJI,TPS 2,2019-10-25 17:00:05,158,5,217,164,164,163,1,https://pemilu2019.kpu.go.id/img/c/900/025/900025497/1-8679-2-C-XXX-X5.jpg,https://pemilu2019.kpu.go.id/img/c/900/025/900025497/1-8679-2-C-XXX-X6.jpg
6728840886708671900025473,SUMATERA UTARA,KARO,TIGANDERKET,SUKA TENDEL,TPS 1,2019-10-25 17:00:05,233,13,299,249,249,246,3,https://pemilu2019.kpu.go.id/img/c/900/025/900025473/1-8671-1-C1-PPWP-X1.jpg,https://pemilu2019.kpu.go.id/img/c/900/025/900025473/1-8671-1-C1-PPWP-X2.jpg
6728840886708671900025474,SUMATERA UTARA,KARO,TIGANDERKET,SUKA TENDEL,TPS 2,2019-10-25 17:00:05,224,16,292,241,241,240,1,https://pemilu2019.kpu.go.id/img/c/900/025/900025474/1-8671-2-C1-PPWP-X1.jpg,https://pemilu2019.kpu.go.id/img/c/900/025/900025474/1-8671-2-C1-PPWP-X2.jpg
6728840886708671900025475,SUMATERA UTARA,KARO,TIGANDERKET,SUKA TENDEL,TPS 3,2019-10-25 17:00:05,188,31,285,221,221,219,2,https://pemilu2019.kpu.go.id/img/c/900/025/900025475/1-8671-3-C1-PPWP-X1.jpg,https://pemilu2019.kpu.go.id/img/c/900/025/900025475/1-8671-3-C1-PPWP-X2.jpg
6728840886708687900025510,SUMATERA UTARA,KARO,TIGANDERKET,SUSUK,TPS 1,2019-10-25 17:00:05,205,21,262,231,231,226,5,https://pemilu2019.kpu.go.id/img/c/900/025/900025510/1-8687-1-C1-PPWP-X1.jpg,https://pemilu2019.kpu.go.id/img/c/900/025/900025510/1-8687-1-C1-PPWP-X2.jpg
6728840886708687900025511,SUMATERA UTARA,KARO,TIGANDERKET,SUSUK,TPS 2,2019-10-25 17:00:05,214,7,265,223,223,221,2,https://pemilu2019.kpu.go.id/img/c/900/025/900025511/1-8687-2-C-XXX-X5.jpg,https://pemilu2019.kpu.go.id/img/c/900/025/900025511/1-8687-2-C-XXX-X6.jpg
6728840886708687900025512,SUMATERA UTARA,KARO,TIGANDERKET,SUSUK,TPS 3,2019-10-25 17:00:05,212,12,268,226,226,224,2,https://pemilu2019.kpu.go.id/img/c/900/025/900025512/1-8687-3-C-XXX-X5.jpg,https://pemilu2019.kpu.go.id/img/c/900/025/900025512/1-8687-3-C-XXX-X6.jpg
6728840886708687900025513,SUMATERA UTARA,KARO,TIGANDERKET,SUSUK,TPS 4,2019-10-25 17:00:05,210,8,277,222,222,118,4,https://pemilu2019.kpu.go.id/img/c/900/025/900025513/1-8687-4-C-XXX-X5.jpg,https://pemilu2019.kpu.go.id/img/c/900/025/900025513/1-8687-4-C-XXX-X6.jpg
6728840886708683900025502,SUMATERA UTARA,KARO,TIGANDERKET,TANJUNG MBELANG,TPS 1,2019-10-25 17:00:05,174,20,229,195,195,194,1,https://pemilu2019.kpu.go.id/img/c/900/025/900025502/1-8683-1-C1-PPWP-X1.jpg,https://pemilu2019.kpu.go.id/img/c/900/025/900025502/1-8683-1-C1-PPWP-X2.jpg
6728840886708683900025503,SUMATERA UTARA,KARO,TIGANDERKET,TANJUNG MBELANG,TPS 2,2019-10-25 17:00:05,174,13,225,188,188,187,1,https://pemilu2019.kpu.go.id/img/c/900/025/900025503/1-8683-2-C-XXX-X5.jpg,https://pemilu2019.kpu.go.id/img/c/900/025/900025503/1-8683-2-C-XXX-X6.jpg
6728840886708683900025504,SUMATERA UTARA,KARO,TIGANDERKET,TANJUNG MBELANG,TPS 3,2019-10-25 17:00:05,189,11,241,201,201,200,1,https://pemilu2019.kpu.go.id/img/c/900/025/900025504/3-8683-3-C1-PPWP-01.jpg,https://pemilu2019.kpu.go.id/img/c/900/025/900025504/3-8683-3-C1-PPWP-02.jpg
6728840886708678900025493,SUMATERA UTARA,KARO,TIGANDERKET,TANJUNG MERAWA,TPS 1,2019-10-25 17:00:05,248,9,299,260,260,257,3,https://pemilu2019.kpu.go.id/img/c/900/025/900025493/1-8678-1-C-XXX-X5.jpg,https://pemilu2019.kpu.go.id/img/c/900/025/900025493/1-8678-1-C-XXX-X6.jpg
6728840886708678900025494,SUMATERA UTARA,KARO,TIGANDERKET,TANJUNG MERAWA,TPS 2,2019-10-25 17:00:05,211,30,294,242,242,241,1,https://pemilu2019.kpu.go.id/img/c/900/025/900025494/1-8678-2-C-XXX-X5.jpg,https://pemilu2019.kpu.go.id/img/c/900/025/900025494/1-8678-2-C-XXX-X6.jpg
6728840886708678900025495,SUMATERA UTARA,KARO,TIGANDERKET,TANJUNG MERAWA,TPS 3,2019-10-25 17:00:05,191,7,282,215,215,198,17,https://pemilu2019.kpu.go.id/img/c/900/025/900025495/1-8678-3-C-XXX-X5.jpg,https://pemilu2019.kpu.go.id/img/c/900/025/900025495/1-8678-3-C-XXX-X6.jpg
6728840886708677900025492,SUMATERA UTARA,KARO,TIGANDERKET,TANJUNG PULO,TPS 1,2019-10-25 17:00:05,197,10,251,210,210,207,3,https://pemilu2019.kpu.go.id/img/c/900/025/900025492/1-8677-1-C-XXX-X5.jpg,https://pemilu2019.kpu.go.id/img/c/900/025/900025492/1-8677-1-C-XXX-X6.jpg
6728840886708680900025498,SUMATERA UTARA,KARO,TIGANDERKET,TEMBURUN,TPS 1,2019-10-25 17:00:05,199,12,264,213,213,211,2,https://pemilu2019.kpu.go.id/img/c/900/025/900025498/1-8680-1-C-XXX-X5.jpg,https://pemilu2019.kpu.go.id/img/c/900/025/900025498/1-8680-1-C-XXX-X6.jpg
6728840886708676900025487,SUMATERA UTARA,KARO,TIGANDERKET,TIGA NDERKET,TPS 1,2019-10-25 17:00:05,217,31,295,250,250,248,2,https://pemilu2019.kpu.go.id/img/c/900/025/900025487/1-8676-1-C-XXX-X5.jpg,https://pemilu2019.kpu.go.id/img/c/900/025/900025487/1-8676-1-C-XXX-X6.jpg
6728840886708676900025488,SUMATERA UTARA,KARO,TIGANDERKET,TIGA NDERKET,TPS 2,2019-10-25 17:00:05,187,26,293,214,214,213,1,https://pemilu2019.kpu.go.id/img/c/900/025/900025488/1-8676-2-C1-PPWP-X1.jpg,https://pemilu2019.kpu.go.id/img/c/900/025/900025488/1-8676-2-C1-PPWP-X2.jpg
6728840886708676900025489,SUMATERA UTARA,KARO,TIGANDERKET,TIGA NDERKET,TPS 3,2019-10-25 17:00:05,200,25,289,227,227,225,2,https://pemilu2019.kpu.go.id/img/c/900/025/900025489/1-8676-3-C1-PPWP-X1.jpg,https://pemilu2019.kpu.go.id/img/c/900/025/900025489/1-8676-3-C1-PPWP-X2.jpg
6728840886708676900025490,SUMATERA UTARA,KARO,TIGANDERKET,TIGA NDERKET,TPS 4,2019-10-25 17:00:05,198,32,289,232,232,230,2,https://pemilu2019.kpu.go.id/img/c/900/025/900025490/1-8676-4-C1-PPWP-X1.jpg,https://pemilu2019.kpu.go.id/img/c/900/025/900025490/1-8676-4-C1-PPWP-X2.jpg
6728840886708676900025491,SUMATERA UTARA,KARO,TIGANDERKET,TIGA NDERKET,TPS 5,2019-10-25 17:00:05,206,16,296,223,223,222,1,https://pemilu2019.kpu.go.id/img/c/900/025/900025491/1-8676-5-C1-PPWP-X1.jpg,https://pemilu2019.kpu.go.id/img/c/900/025/900025491/1-8676-5-C1-PPWP-X2.jpg
6728840884538475900024864,SUMATERA UTARA,KARO,TIGAPANAH,AJI BUHARA,TPS 1,2019-10-25 17:00:05,244,9,294,258,258,253,5,https://pemilu2019.kpu.go.id/img/c/900/024/900024864/8475-1-C1-PPWP-X1.jpg,https://pemilu2019.kpu.go.id/img/c/900/024/900024864/8475-1-C1-PPWP-X2.jpg
6728840884538475900024865,SUMATERA UTARA,KARO,TIGAPANAH,AJI BUHARA,TPS 2,2019-10-25 17:00:05,244,12,287,258,258,256,2,https://pemilu2019.kpu.go.id/img/c/900/024/900024865/8475-2-C1-PPWP-X1.jpg,https://pemilu2019.kpu.go.id/img/c/900/024/900024865/8475-2-C1-PPWP-X2.jpg
6728840884538457900024801,SUMATERA UTARA,KARO,TIGAPANAH,AJIJAHE,TPS 1,2019-10-25 17:00:05,211,6,282,218,218,217,1,https://pemilu2019.kpu.go.id/img/c/900/024/900024801/1-8457-1-C1-PPWP-X1.jpg,https://pemilu2019.kpu.go.id/img/c/900/024/900024801/1-8457-1-C1-PPWP-X2.jpg
6728840884538457900024802,SUMATERA UTARA,KARO,TIGAPANAH,AJIJAHE,TPS 2,2019-10-25 17:00:05,205,6,277,211,211,211,0,https://pemilu2019.kpu.go.id/img/c/900/024/900024802/8457-2-C1-PPWP-X1.jpg,https://pemilu2019.kpu.go.id/img/c/900/024/900024802/8457-2-C1-PPWP-X2.jpg
6728840884538457900024803,SUMATERA UTARA,KARO,TIGAPANAH,AJIJAHE,TPS 3,2019-10-25 17:00:05,232,4,293,236,236,236,0,https://pemilu2019.kpu.go.id/img/c/900/024/900024803/8457-3-C1-PPWP-X1.jpg,https://pemilu2019.kpu.go.id/img/c/900/024/900024803/8457-3-C1-PPWP-X2.jpg
6728840884538457900024804,SUMATERA UTARA,KARO,TIGAPANAH,AJIJAHE,TPS 4,2019-10-25 17:00:05,230,7,287,237,237,237,0,https://pemilu2019.kpu.go.id/img/c/900/024/900024804/1-8457-4-C1-PPWP-X1.jpg,https://pemilu2019.kpu.go.id/img/c/900/024/900024804/1-8457-4-C1-PPWP-X2.jpg
6728840884538455900024790,SUMATERA UTARA,KARO,TIGAPANAH,AJIJULU,TPS 1,2019-10-25 17:00:05,211,15,288,229,229,226,3,https://pemilu2019.kpu.go.id/img/c/900/024/900024790/8455-1-C1-PPWP-X1.jpg,https://pemilu2019.kpu.go.id/img/c/900/024/900024790/8455-1-C1-PPWP-X2.jpg
6728840884538455900024791,SUMATERA UTARA,KARO,TIGAPANAH,AJIJULU,TPS 2,2019-10-25 17:00:05,201,12,283,213,213,213,0,https://pemilu2019.kpu.go.id/img/c/900/024/900024791/8455-2-C1-PPWP-X1.jpg,https://pemilu2019.kpu.go.id/img/c/900/024/900024791/8455-2-C1-PPWP-X2.jpg
6728840884538455900024792,SUMATERA UTARA,KARO,TIGAPANAH,AJIJULU,TPS 3,2019-10-25 17:00:05,189,19,288,212,212,208,4,https://pemilu2019.kpu.go.id/img/c/900/024/900024792/8455-3-C1-PPWP-X1.jpg,https://pemilu2019.kpu.go.id/img/c/900/024/900024792/8455-3-C1-PPWP-X2.jpg
6728840884538455900024793,SUMATERA UTARA,KARO,TIGAPANAH,AJIJULU,TPS 4,2019-10-25 17:00:05,195,8,279,203,203,203,0,https://pemilu2019.kpu.go.id/img/c/900/024/900024793/8455-4-C1-PPWP-X1.jpg,https://pemilu2019.kpu.go.id/img/c/900/024/900024793/8455-4-C1-PPWP-X2.jpg
6728840884538474900024861,SUMATERA UTARA,KARO,TIGAPANAH,AJIMBELANG,TPS 1,2019-10-25 17:00:05,193,21,253,215,215,214,1,https://pemilu2019.kpu.go.id/img/c/900/024/900024861/8474-1-C1-PPWP-X1.jpg,https://pemilu2019.kpu.go.id/img/c/900/024/900024861/8474-1-C1-PPWP-X2.jpg
6728840884538474900024862,SUMATERA UTARA,KARO,TIGAPANAH,AJIMBELANG,TPS 2,2019-10-25 17:00:05,206,7,258,216,216,213,3,https://pemilu2019.kpu.go.id/img/c/900/024/900024862/8474-2-C1-PPWP-X1.jpg,https://pemilu2019.kpu.go.id/img/c/900/024/900024862/8474-2-C1-PPWP-X2.jpg
6728840884538474900024863,SUMATERA UTARA,KARO,TIGAPANAH,AJIMBELANG,TPS 3,2019-10-25 17:00:05,170,16,253,186,186,186,0,https://pemilu2019.kpu.go.id/img/c/900/024/900024863/1-8474-3-C1-PPWP-X1.jpg,https://pemilu2019.kpu.go.id/img/c/900/024/900024863/1-8474-3-C1-PPWP-X2.jpg
6728840884538464900024836,SUMATERA UTARA,KARO,TIGAPANAH,BERTAH,TPS 1,2019-10-25 17:00:05,208,6,251,218,218,214,4,https://pemilu2019.kpu.go.id/img/c/900/024/900024836/1-8464-1-C1-PPWP-X1.jpg,https://pemilu2019.kpu.go.id/img/c/900/024/900024836/1-8464-1-C1-PPWP-X2.jpg
6728840884538458900024805,SUMATERA UTARA,KARO,TIGAPANAH,BUNURAYA,TPS 1,2019-10-25 17:00:05,190,1,299,194,194,191,3,https://pemilu2019.kpu.go.id/img/c/900/024/900024805/1-8458-1-C1-PPWP-X1.jpg,https://pemilu2019.kpu.go.id/img/c/900/024/900024805/1-8458-1-C1-PPWP-X2.jpg
6728840884538458900024806,SUMATERA UTARA,KARO,TIGAPANAH,BUNURAYA,TPS 2,2019-10-25 17:00:05,192,4,295,197,197,196,1,https://pemilu2019.kpu.go.id/img/c/900/024/900024806/8458-2-C1-PPWP-X1.jpg,https://pemilu2019.kpu.go.id/img/c/900/024/900024806/8458-2-C1-PPWP-X2.jpg
6728840884538458900024807,SUMATERA UTARA,KARO,TIGAPANAH,BUNURAYA,TPS 3,2019-10-25 17:00:05,199,3,302,205,205,202,3,https://pemilu2019.kpu.go.id/img/c/900/024/900024807/2-8458-3-C1-PPWP-X1.jpg,https://pemilu2019.kpu.go.id/img/c/900/024/900024807/2-8458-3-C1-PPWP-X2.jpg
6728840884538458900024808,SUMATERA UTARA,KARO,TIGAPANAH,BUNURAYA,TPS 4,2019-10-25 17:00:05,192,2,287,199,199,194,5,https://pemilu2019.kpu.go.id/img/c/900/024/900024808/8458-4-C1-PPWP-X1.jpg,https://pemilu2019.kpu.go.id/img/c/900/024/900024808/8458-4-C1-PPWP-X2.jpg
6728840884538458900024809,SUMATERA UTARA,KARO,TIGAPANAH,BUNURAYA,TPS 5,2019-10-25 17:00:05,212,8,285,223,223,220,3,https://pemilu2019.kpu.go.id/img/c/900/024/900024809/8458-5-C1-PPWP-X1.jpg,https://pemilu2019.kpu.go.id/img/c/900/024/900024809/8458-5-C1-PPWP-X2.jpg
6728840884538458900024810,SUMATERA UTARA,KARO,TIGAPANAH,BUNURAYA,TPS 6,2019-10-25 17:00:05,198,0,286,203,203,198,5,https://pemilu2019.kpu.go.id/img/c/900/024/900024810/8458-6-C1-PPWP-X1.jpg,https://pemilu2019.kpu.go.id/img/c/900/024/900024810/8458-6-C1-PPWP-X2.jpg
6728840884538458900024811,SUMATERA UTARA,KARO,TIGAPANAH,BUNURAYA,TPS 7,2019-10-25 17:00:05,211,5,217,217,217,217,1,https://pemilu2019.kpu.go.id/img/c/900/024/900024811/1-8458-7-C1-PPWP-X1.jpg,https://pemilu2019.kpu.go.id/img/c/900/024/900024811/1-8458-7-C1-PPWP-X2.jpg
6728840884538458900024812,SUMATERA UTARA,KARO,TIGAPANAH,BUNURAYA,TPS 8,2019-10-25 17:00:05,194,5,291,200,200,199,1,https://pemilu2019.kpu.go.id/img/c/900/024/900024812/1-8458-8-C1-PPWP-X1.jpg,https://pemilu2019.kpu.go.id/img/c/900/024/900024812/1-8458-8-C1-PPWP-X2.jpg
6728840884538458900024813,SUMATERA UTARA,KARO,TIGAPANAH,BUNURAYA,TPS 9,2019-10-25 17:00:05,151,5,260,158,158,156,2,https://pemilu2019.kpu.go.id/img/c/900/024/900024813/1-8458-9-C1-PPWP-X1.jpg,https://pemilu2019.kpu.go.id/img/c/900/024/900024813/1-8458-9-C1-PPWP-X2.jpg
6728840884538462900024832,SUMATERA UTARA,KARO,TIGAPANAH,KACINAMBUN,TPS 1,2019-10-25 17:00:05,219,7,245,227,227,226,1,https://pemilu2019.kpu.go.id/img/c/900/024/900024832/8462-1-C1-PPWP-X1.jpg,https://pemilu2019.kpu.go.id/img/c/900/024/900024832/8462-1-C1-PPWP-X2.jpg
6728840884538462900024833,SUMATERA UTARA,KARO,TIGAPANAH,KACINAMBUN,TPS 2,2019-10-25 17:00:05,198,4,243,203,203,202,1,https://pemilu2019.kpu.go.id/img/c/900/024/900024833/8462-2-C1-PPWP-X1.jpg,https://pemilu2019.kpu.go.id/img/c/900/024/900024833/8462-2-C1-PPWP-X2.jpg
6728840884538462900024834,SUMATERA UTARA,KARO,TIGAPANAH,KACINAMBUN,TPS 3,2019-10-25 17:00:05,204,6,229,210,210,210,0,https://pemilu2019.kpu.go.id/img/c/900/024/900024834/2-8462-3-C1-PPWP-X1.jpg,https://pemilu2019.kpu.go.id/img/c/900/024/900024834/2-8462-3-C1-PPWP-X2.jpg
6728840884538459900024814,SUMATERA UTARA,KARO,TIGAPANAH,KUBUSIMBELANG,TPS 1,2019-10-25 17:00:05,221,15,285,239,239,236,3,https://pemilu2019.kpu.go.id/img/c/900/024/900024814/1-8459-1-C1-PPWP-X1.jpg,https://pemilu2019.kpu.go.id/img/c/900/024/900024814/1-8459-1-C1-PPWP-X2.jpg
6728840884538459900024815,SUMATERA UTARA,KARO,TIGAPANAH,KUBUSIMBELANG,TPS 2,2019-10-25 17:00:05,213,10,298,225,225,223,2,https://pemilu2019.kpu.go.id/img/c/900/024/900024815/8459-2-C1-PPWP-X1.jpg,https://pemilu2019.kpu.go.id/img/c/900/024/900024815/8459-2-C1-PPWP-X2.jpg
6728840884538459900024816,SUMATERA UTARA,KARO,TIGAPANAH,KUBUSIMBELANG,TPS 3,2019-10-25 17:00:05,235,14,310,254,254,249,5,https://pemilu2019.kpu.go.id/img/c/900/024/900024816/8459-3-C1-PPWP-X1.jpg,https://pemilu2019.kpu.go.id/img/c/900/024/900024816/8459-3-C1-PPWP-X2.jpg
6728840884538459900024817,SUMATERA UTARA,KARO,TIGAPANAH,KUBUSIMBELANG,TPS 4,2019-10-25 17:00:05,205,19,303,225,225,224,1,https://pemilu2019.kpu.go.id/img/c/900/024/900024817/3-8459-4-C1-PPWP-X1.jpg,https://pemilu2019.kpu.go.id/img/c/900/024/900024817/3-8459-4-C1-PPWP-X2.jpg
6728840884538471900024850,SUMATERA UTARA,KARO,TIGAPANAH,KUTA BALE,TPS 1,2019-10-25 17:00:05,140,4,168,146,146,144,2,https://pemilu2019.kpu.go.id/img/c/900/024/900024850/2-8471-1-C1-PPWP-X1.jpg,https://pemilu2019.kpu.go.id/img/c/900/024/900024850/2-8471-1-C1-PPWP-X2.jpg
6728840884538463900024835,SUMATERA UTARA,KARO,TIGAPANAH,KUTAJULU,TPS 1,2019-10-25 17:00:05,76,2,85,78,78,78,0,https://pemilu2019.kpu.go.id/img/c/900/024/900024835/4-8463-1-C1-PPWP-X1.jpg,https://pemilu2019.kpu.go.id/img/c/900/024/900024835/4-8463-1-C1-PPWP-X2.jpg
6728840884538454900024788,SUMATERA UTARA,KARO,TIGAPANAH,KUTAKEPAR,TPS 1,2019-10-25 17:00:05,0,0,202,185,0,0,0,https://pemilu2019.kpu.go.id/img/c/900/024/900024788/4-8454-1-C1-PPWP-X1.jpg,https://pemilu2019.kpu.go.id/img/c/900/024/900024788/4-8454-1-C1-PPWP-X2.jpg
6728840884538454900024789,SUMATERA UTARA,KARO,TIGAPANAH,KUTAKEPAR,TPS 2,2019-10-25 17:00:05,158,2,187,161,161,160,1,https://pemilu2019.kpu.go.id/img/c/900/024/900024789/3-8454-2-C1-PPWP-X1.jpg,https://pemilu2019.kpu.go.id/img/c/900/024/900024789/3-8454-2-C1-PPWP-X2.jpg
6728840884538470900024848,SUMATERA UTARA,KARO,TIGAPANAH,KUTAMBELIN,TPS 1,2019-10-25 17:00:05,251,7,311,261,261,258,3,https://pemilu2019.kpu.go.id/img/c/900/024/900024848/4-8470-1-C1-PPWP-X1.jpg,https://pemilu2019.kpu.go.id/img/c/900/024/900024848/4-8470-1-C1-PPWP-X2.jpg
6728840884538470900024849,SUMATERA UTARA,KARO,TIGAPANAH,KUTAMBELIN,TPS 2,2019-10-25 17:00:05,246,2,305,253,253,248,5,https://pemilu2019.kpu.go.id/img/c/900/024/900024849/4-8470-2-C1-PPWP-X1.jpg,https://pemilu2019.kpu.go.id/img/c/900/024/900024849/4-8470-2-C1-PPWP-X2.jpg
67288408845389793900795203,SUMATERA UTARA,KARO,TIGAPANAH,LAMBAR,TPS 1,2019-10-25 17:00:05,202,11,245,215,215,213,2,https://pemilu2019.kpu.go.id/img/c/900/795/900795203/2-89793-1-C1-PPWP-X1.jpg,https://pemilu2019.kpu.go.id/img/c/900/795/900795203/2-89793-1-C1-PPWP-X2.jpg
67288408845389793900795204,SUMATERA UTARA,KARO,TIGAPANAH,LAMBAR,TPS 2,2019-10-25 17:00:05,188,9,231,198,198,197,1,https://pemilu2019.kpu.go.id/img/c/900/795/900795204/89793-2-C1-PPWP-X1.jpg,https://pemilu2019.kpu.go.id/img/c/900/795/900795204/89793-2-C1-PPWP-X2.jpg
67288408845389793900795205,SUMATERA UTARA,KARO,TIGAPANAH,LAMBAR,TPS 3,2019-10-25 17:00:05,198,9,235,207,207,207,0,https://pemilu2019.kpu.go.id/img/c/900/795/900795205/89793-3-C1-PPWP-X1.jpg,https://pemilu2019.kpu.go.id/img/c/900/795/900795205/89793-3-C1-PPWP-X2.jpg
67288408845389793900795206,SUMATERA UTARA,KARO,TIGAPANAH,LAMBAR,TPS 4,2019-10-25 17:00:05,189,6,292,196,196,195,1,https://pemilu2019.kpu.go.id/img/c/900/795/900795206/3-89793-4-C1-PPWP-X1.jpg,https://pemilu2019.kpu.go.id/img/c/900/795/900795206/3-89793-4-C1-PPWP-X2.jpg
6728840884538466900024839,SUMATERA UTARA,KARO,TIGAPANAH,LAU RIMAN,TPS 1,2019-10-25 17:00:05,195,6,249,204,204,201,3,https://pemilu2019.kpu.go.id/img/c/900/024/900024839/1-8466-1-C1-PPWP-X1.jpg,https://pemilu2019.kpu.go.id/img/c/900/024/900024839/1-8466-1-C1-PPWP-X2.jpg
6728840884538472900024851,SUMATERA UTARA,KARO,TIGAPANAH,LEPAR SAMURA,TPS 1,2019-10-25 17:00:05,222,13,265,237,237,235,2,https://pemilu2019.kpu.go.id/img/c/900/024/900024851/3-8472-1-C1-PPWP-X1.jpg,https://pemilu2019.kpu.go.id/img/c/900/024/900024851/3-8472-1-C1-PPWP-X2.jpg
6728840884538465900024837,SUMATERA UTARA,KARO,TIGAPANAH,MANUKMULIA,TPS 1,2019-10-25 17:00:05,172,4,195,176,176,176,0,https://pemilu2019.kpu.go.id/img/c/900/024/900024837/4-8465-1-C1-PPWP-X1.jpg,https://pemilu2019.kpu.go.id/img/c/900/024/900024837/4-8465-1-C1-PPWP-X2.jpg
6728840884538465900024838,SUMATERA UTARA,KARO,TIGAPANAH,MANUKMULIA,TPS 2,2019-10-25 17:00:05,176,6,194,183,183,182,1,https://pemilu2019.kpu.go.id/img/c/900/024/900024838/2-8465-2-C1-PPWP-X1.jpg,https://pemilu2019.kpu.go.id/img/c/900/024/900024838/2-8465-2-C1-PPWP-X2.jpg
6728840884538468900024844,SUMATERA UTARA,KARO,TIGAPANAH,MULAWARI,TPS 1,2019-10-25 17:00:05,210,2,246,213,213,212,1,https://pemilu2019.kpu.go.id/img/c/900/024/900024844/2-8468-1-C1-PPWP-X1.jpg,https://pemilu2019.kpu.go.id/img/c/900/024/900024844/2-8468-1-C1-PPWP-X2.jpg
6728840884538468900024845,SUMATERA UTARA,KARO,TIGAPANAH,MULAWARI,TPS 2,2019-10-25 17:00:05,214,3,260,218,218,217,1,https://pemilu2019.kpu.go.id/img/c/900/024/900024845/8468-2-C1-PPWP-X1.jpg,https://pemilu2019.kpu.go.id/img/c/900/024/900024845/8468-2-C1-PPWP-X2.jpg
67288408845389794900795207,SUMATERA UTARA,KARO,TIGAPANAH,SALIT,TPS 1,2019-10-25 17:00:05,234,6,301,244,244,240,4,https://pemilu2019.kpu.go.id/img/c/900/795/900795207/1-89794-1-C1-PPWP-X1.jpg,https://pemilu2019.kpu.go.id/img/c/900/795/900795207/1-89794-1-C1-PPWP-X2.jpg
67288408845389794900795208,SUMATERA UTARA,KARO,TIGAPANAH,SALIT,TPS 2,2019-10-25 17:00:05,207,9,267,216,216,216,0,https://pemilu2019.kpu.go.id/img/c/900/795/900795208/1-89794-2-C1-PPWP-X1.jpg,https://pemilu2019.kpu.go.id/img/c/900/795/900795208/1-89794-2-C1-PPWP-X2.jpg
6728840884538473900024852,SUMATERA UTARA,KARO,TIGAPANAH,SEBERAYA,TPS 1,2019-10-25 17:00:05,219,1,301,221,221,220,1,https://pemilu2019.kpu.go.id/img/c/900/024/900024852/1-8473-1-C1-PPWP-X1.jpg,https://pemilu2019.kpu.go.id/img/c/900/024/900024852/1-8473-1-C1-PPWP-X2.jpg
6728840884538473900024853,SUMATERA UTARA,KARO,TIGAPANAH,SEBERAYA,TPS 2,2019-10-25 17:00:05,199,5,296,204,204,204,0,https://pemilu2019.kpu.go.id/img/c/900/024/900024853/1-8473-2-C1-PPWP-X1.jpg,https://pemilu2019.kpu.go.id/img/c/900/024/900024853/1-8473-2-C1-PPWP-X2.jpg
6728840884538473900024854,SUMATERA UTARA,KARO,TIGAPANAH,SEBERAYA,TPS 3,2019-10-25 17:00:05,229,2,297,233,233,231,2,https://pemilu2019.kpu.go.id/img/c/900/024/900024854/2-8473-3-C1-PPWP-X1.jpg,https://pemilu2019.kpu.go.id/img/c/900/024/900024854/2-8473-3-C1-PPWP-X2.jpg
6728840884538473900024855,SUMATERA UTARA,KARO,TIGAPANAH,SEBERAYA,TPS 4,2019-10-25 17:00:05,212,1,302,214,214,213,1,https://pemilu2019.kpu.go.id/img/c/900/024/900024855/1-8473-4-C1-PPWP-X1.jpg,https://pemilu2019.kpu.go.id/img/c/900/024/900024855/1-8473-4-C1-PPWP-X2.jpg
6728840884538473900024856,SUMATERA UTARA,KARO,TIGAPANAH,SEBERAYA,TPS 5,2019-10-25 17:00:05,234,3,298,239,239,237,2,https://pemilu2019.kpu.go.id/img/c/900/024/900024856/1-8473-5-C1-PPWP-X1.jpg,https://pemilu2019.kpu.go.id/img/c/900/024/900024856/1-8473-5-C1-PPWP-X2.jpg
6728840884538473900024857,SUMATERA UTARA,KARO,TIGAPANAH,SEBERAYA,TPS 6,2019-10-25 17:00:05,189,14,286,203,203,203,0,https://pemilu2019.kpu.go.id/img/c/900/024/900024857/2-8473-6-C1-PPWP-X1.jpg,https://pemilu2019.kpu.go.id/img/c/900/024/900024857/2-8473-6-C1-PPWP-X2.jpg
6728840884538473900024858,SUMATERA UTARA,KARO,TIGAPANAH,SEBERAYA,TPS 7,2019-10-25 17:00:05,179,13,292,192,192,192,0,https://pemilu2019.kpu.go.id/img/c/900/024/900024858/1-8473-7-C1-PPWP-X1.jpg,https://pemilu2019.kpu.go.id/img/c/900/024/900024858/1-8473-7-C1-PPWP-X2.jpg
6728840884538473900024859,SUMATERA UTARA,KARO,TIGAPANAH,SEBERAYA,TPS 8,2019-10-25 17:00:05,211,10,302,224,224,221,3,https://pemilu2019.kpu.go.id/img/c/900/024/900024859/2-8473-8-C1-PPWP-X1.jpg,https://pemilu2019.kpu.go.id/img/c/900/024/900024859/2-8473-8-C1-PPWP-X2.jpg
6728840884538473900024860,SUMATERA UTARA,KARO,TIGAPANAH,SEBERAYA,TPS 9,2019-10-25 17:00:05,188,12,291,203,203,200,3,https://pemilu2019.kpu.go.id/img/c/900/024/900024860/2-8473-9-C1-PPWP-X1.jpg,https://pemilu2019.kpu.go.id/img/c/900/024/900024860/2-8473-9-C1-PPWP-X2.jpg
6728840884538456900024794,SUMATERA UTARA,KARO,TIGAPANAH,SINGA,TPS 1,2019-10-25 17:00:05,248,2,288,254,254,250,4,https://pemilu2019.kpu.go.id/img/c/900/024/900024794/1-8456-1-C1-PPWP-X1.jpg,https://pemilu2019.kpu.go.id/img/c/900/024/900024794/1-8456-1-C1-PPWP-X2.jpg
6728840884538456900024795,SUMATERA UTARA,KARO,TIGAPANAH,SINGA,TPS 2,2019-10-25 17:00:05,225,5,277,230,230,230,0,https://pemilu2019.kpu.go.id/img/c/900/024/900024795/3-8456-2-C1-PPWP-X1.jpg,https://pemilu2019.kpu.go.id/img/c/900/024/900024795/3-8456-2-C1-PPWP-X2.jpg
6728840884538456900024796,SUMATERA UTARA,KARO,TIGAPANAH,SINGA,TPS 3,2019-10-25 17:00:05,232,10,290,242,242,242,0,https://pemilu2019.kpu.go.id/img/c/900/024/900024796/1-8456-3-C1-PPWP-X1.jpg,https://pemilu2019.kpu.go.id/img/c/900/024/900024796/1-8456-3-C1-PPWP-X2.jpg
6728840884538456900024797,SUMATERA UTARA,KARO,TIGAPANAH,SINGA,TPS 4,2019-10-25 17:00:05,209,5,265,217,217,214,3,https://pemilu2019.kpu.go.id/img/c/900/024/900024797/2-8456-4-C1-PPWP-X1.jpg,https://pemilu2019.kpu.go.id/img/c/900/024/900024797/2-8456-4-C1-PPWP-X2.jpg
6728840884538456900024798,SUMATERA UTARA,KARO,TIGAPANAH,SINGA,TPS 5,2019-10-25 17:00:05,245,4,294,250,250,249,1,https://pemilu2019.kpu.go.id/img/c/900/024/900024798/3-8456-5-C1-PPWP-X1.jpg,https://pemilu2019.kpu.go.id/img/c/900/024/900024798/3-8456-5-C1-PPWP-X2.jpg
6728840884538456900024799,SUMATERA UTARA,KARO,TIGAPANAH,SINGA,TPS 6,2019-10-25 17:00:05,218,7,292,225,225,225,0,https://pemilu2019.kpu.go.id/img/c/900/024/900024799/2-8456-6-C1-PPWP-X1.jpg,https://pemilu2019.kpu.go.id/img/c/900/024/900024799/2-8456-6-C1-PPWP-X2.jpg
6728840884538456900024800,SUMATERA UTARA,KARO,TIGAPANAH,SINGA,TPS 7,2019-10-25 17:00:05,90,4,154,95,95,94,1,https://pemilu2019.kpu.go.id/img/c/900/024/900024800/2-8456-7-C1-PPWP-X1.jpg,https://pemilu2019.kpu.go.id/img/c/900/024/900024800/2-8456-7-C1-PPWP-X2.jpg
6728840884538461900024826,SUMATERA UTARA,KARO,TIGAPANAH,SUKA,TPS 1,2019-10-25 17:00:05,199,11,245,213,213,210,3,https://pemilu2019.kpu.go.id/img/c/900/024/900024826/3-8461-1-C1-PPWP-X1.jpg,https://pemilu2019.kpu.go.id/img/c/900/024/900024826/3-8461-1-C1-PPWP-X2.jpg
6728840884538461900024827,SUMATERA UTARA,KARO,TIGAPANAH,SUKA,TPS 2,2019-10-25 17:00:05,183,3,251,189,189,186,3,https://pemilu2019.kpu.go.id/img/c/900/024/900024827/1-8461-2-C1-PPWP-X1.jpg,https://pemilu2019.kpu.go.id/img/c/900/024/900024827/1-8461-2-C1-PPWP-X2.jpg
6728840884538461900024828,SUMATERA UTARA,KARO,TIGAPANAH,SUKA,TPS 3,2019-10-25 17:00:05,232,6,279,239,239,238,1,https://pemilu2019.kpu.go.id/img/c/900/024/900024828/2-8461-3-C1-PPWP-X1.jpg,https://pemilu2019.kpu.go.id/img/c/900/024/900024828/2-8461-3-C1-PPWP-X2.jpg
6728840884538461900024829,SUMATERA UTARA,KARO,TIGAPANAH,SUKA,TPS 4,2019-10-25 17:00:05,222,5,280,227,227,227,0,https://pemilu2019.kpu.go.id/img/c/900/024/900024829/1-8461-4-C1-PPWP-X1.jpg,https://pemilu2019.kpu.go.id/img/c/900/024/900024829/1-8461-4-C1-PPWP-X2.jpg
6728840884538461900024830,SUMATERA UTARA,KARO,TIGAPANAH,SUKA,TPS 5,2019-10-25 17:00:05,184,11,242,196,196,195,1,https://pemilu2019.kpu.go.id/img/c/900/024/900024830/1-8461-5-C1-PPWP-X1.jpg,https://pemilu2019.kpu.go.id/img/c/900/024/900024830/1-8461-5-C1-PPWP-X2.jpg
6728840884538461900024831,SUMATERA UTARA,KARO,TIGAPANAH,SUKA,TPS 6,2019-10-25 17:00:05,190,6,265,200,200,196,4,https://pemilu2019.kpu.go.id/img/c/900/024/900024831/1-8461-6-C1-PPWP-X1.jpg,https://pemilu2019.kpu.go.id/img/c/900/024/900024831/1-8461-6-C1-PPWP-X2.jpg
6728840884538467900024840,SUMATERA UTARA,KARO,TIGAPANAH,SUKADAME,TPS 1,2019-10-25 17:00:05,232,25,317,261,261,257,4,https://pemilu2019.kpu.go.id/img/c/900/024/900024840/1-8467-1-C1-PPWP-X1.jpg,https://pemilu2019.kpu.go.id/img/c/900/024/900024840/1-8467-1-C1-PPWP-X2.jpg
6728840884538467900024841,SUMATERA UTARA,KARO,TIGAPANAH,SUKADAME,TPS 2,2019-10-25 17:00:05,253,14,318,267,267,267,0,https://pemilu2019.kpu.go.id/img/c/900/024/900024841/2-8467-2-C1-PPWP-X1.jpg,https://pemilu2019.kpu.go.id/img/c/900/024/900024841/2-8467-2-C1-PPWP-X2.jpg
6728840884538467900024842,SUMATERA UTARA,KARO,TIGAPANAH,SUKADAME,TPS 3,2019-10-25 17:00:05,224,17,307,242,242,241,1,https://pemilu2019.kpu.go.id/img/c/900/024/900024842/1-8467-3-C1-PPWP-X1.jpg,https://pemilu2019.kpu.go.id/img/c/900/024/900024842/1-8467-3-C1-PPWP-X2.jpg
6728840884538467900024843,SUMATERA UTARA,KARO,TIGAPANAH,SUKADAME,TPS 4,2019-10-25 17:00:05,224,4,293,234,230,228,2,https://pemilu2019.kpu.go.id/img/c/900/024/900024843/1-8467-4-C1-PPWP-X1.jpg,https://pemilu2019.kpu.go.id/img/c/900/024/900024843/1-8467-4-C1-PPWP-X2.jpg
6728840884538469900024846,SUMATERA UTARA,KARO,TIGAPANAH,SUKAMAJU,TPS 1,2019-10-25 17:00:05,197,3,249,205,205,200,5,https://pemilu2019.kpu.go.id/img/c/900/024/900024846/1-8469-1-C1-PPWP-X1.jpg,https://pemilu2019.kpu.go.id/img/c/900/024/900024846/1-8469-1-C1-PPWP-X2.jpg
6728840884538469900024847,SUMATERA UTARA,KARO,TIGAPANAH,SUKAMAJU,TPS 2,2019-10-25 17:00:05,184,8,232,192,192,192,0,https://pemilu2019.kpu.go.id/img/c/900/024/900024847/1-8469-2-C1-PPWP-X1.jpg,https://pemilu2019.kpu.go.id/img/c/900/024/900024847/1-8469-2-C1-PPWP-X2.jpg
67288408845389795900795209,SUMATERA UTARA,KARO,TIGAPANAH,SUKA MBAYAK,TPS 1,2019-10-25 17:00:05,184,22,245,207,207,206,1,https://pemilu2019.kpu.go.id/img/c/900/795/900795209/3-89795-1-C1-PPWP-X1.jpg,https://pemilu2019.kpu.go.id/img/c/900/795/900795209/3-89795-1-C1-PPWP-X2.jpg
67288408845389795900795210,SUMATERA UTARA,KARO,TIGAPANAH,SUKA MBAYAK,TPS 2,2019-10-25 17:00:05,168,9,219,178,178,177,1,https://pemilu2019.kpu.go.id/img/c/900/795/900795210/1-89795-2-C1-PPWP-X1.jpg,https://pemilu2019.kpu.go.id/img/c/900/795/900795210/1-89795-2-C1-PPWP-X2.jpg
67288408845389795900795211,SUMATERA UTARA,KARO,TIGAPANAH,SUKA MBAYAK,TPS 3,2019-10-25 17:00:05,215,9,276,225,225,224,1,https://pemilu2019.kpu.go.id/img/c/900/795/900795211/2-89795-3-C1-PPWP-X1.jpg,https://pemilu2019.kpu.go.id/img/c/900/795/900795211/2-89795-3-C1-PPWP-X2.jpg
67288408845389795900795212,SUMATERA UTARA,KARO,TIGAPANAH,SUKA MBAYAK,TPS 4,2019-10-25 17:00:05,173,10,219,185,185,183,2,https://pemilu2019.kpu.go.id/img/c/900/795/900795212/1-89795-4-C1-PPWP-X1.jpg,https://pemilu2019.kpu.go.id/img/c/900/795/900795212/1-89795-4-C1-PPWP-X2.jpg
67288408845389796900795213,SUMATERA UTARA,KARO,TIGAPANAH,SUKAPILIHEN,TPS 1,2019-10-25 17:00:05,209,18,261,228,228,227,1,https://pemilu2019.kpu.go.id/img/c/900/795/900795213/2-89796-1-C1-PPWP-X1.jpg,https://pemilu2019.kpu.go.id/img/c/900/795/900795213/2-89796-1-C1-PPWP-X2.jpg
67288408845389796900795214,SUMATERA UTARA,KARO,TIGAPANAH,SUKAPILIHEN,TPS 2,2019-10-25 17:00:05,211,7,275,218,218,218,0,https://pemilu2019.kpu.go.id/img/c/900/795/900795214/1-89796-2-C1-PPWP-X1.jpg,https://pemilu2019.kpu.go.id/img/c/900/795/900795214/1-89796-2-C1-PPWP-X2.jpg
67288408845389796900795215,SUMATERA UTARA,KARO,TIGAPANAH,SUKAPILIHEN,TPS 3,2019-10-25 17:00:05,203,9,256,212,212,212,0,https://pemilu2019.kpu.go.id/img/c/900/795/900795215/1-89796-3-C1-PPWP-X1.jpg,https://pemilu2019.kpu.go.id/img/c/900/795/900795215/1-89796-3-C1-PPWP-X2.jpg
67288408845389796900795216,SUMATERA UTARA,KARO,TIGAPANAH,SUKAPILIHEN,TPS 4,2019-10-25 17:00:05,221,3,254,225,225,224,1,https://pemilu2019.kpu.go.id/img/c/900/795/900795216/2-89796-4-C1-PPWP-X1.jpg,https://pemilu2019.kpu.go.id/img/c/900/795/900795216/2-89796-4-C1-PPWP-X2.jpg
67288408845389796900795217,SUMATERA UTARA,KARO,TIGAPANAH,SUKAPILIHEN,TPS 5,2019-10-25 17:00:05,183,7,259,194,194,190,4,https://pemilu2019.kpu.go.id/img/c/900/795/900795217/1-89796-5-C1-PPWP-X1.jpg,https://pemilu2019.kpu.go.id/img/c/900/795/900795217/1-89796-5-C1-PPWP-X2.jpg
6728840884538460900024818,SUMATERA UTARA,KARO,TIGAPANAH,TIGAPANAH,TPS 1,2019-10-25 17:00:05,202,19,310,222,222,221,1,https://pemilu2019.kpu.go.id/img/c/900/024/900024818/2-8460-1-C1-PPWP-X1.jpg,https://pemilu2019.kpu.go.id/img/c/900/024/900024818/2-8460-1-C1-PPWP-X2.jpg
6728840884538460900024819,SUMATERA UTARA,KARO,TIGAPANAH,TIGAPANAH,TPS 2,2019-10-25 17:00:05,0,0,303,211,0,0,0,https://pemilu2019.kpu.go.id/img/c/900/024/900024819/2-8460-2-C1-PPWP-X1.jpg,https://pemilu2019.kpu.go.id/img/c/900/024/900024819/2-8460-2-C1-PPWP-X2.jpg
6728840884538460900024820,SUMATERA UTARA,KARO,TIGAPANAH,TIGAPANAH,TPS 3,2019-10-25 17:00:05,194,9,327,205,205,203,3,https://pemilu2019.kpu.go.id/img/c/900/024/900024820/1-8460-3-C1-PPWP-X1.jpg,https://pemilu2019.kpu.go.id/img/c/900/024/900024820/1-8460-3-C1-PPWP-X2.jpg
6728840884538460900024821,SUMATERA UTARA,KARO,TIGAPANAH,TIGAPANAH,TPS 4,2019-10-25 17:00:05,192,12,311,205,205,204,1,https://pemilu2019.kpu.go.id/img/c/900/024/900024821/1-8460-4-C1-PPWP-X1.jpg,https://pemilu2019.kpu.go.id/img/c/900/024/900024821/1-8460-4-C1-PPWP-X2.jpg
6728840884538460900024822,SUMATERA UTARA,KARO,TIGAPANAH,TIGAPANAH,TPS 5,2019-10-25 17:00:05,206,25,315,232,232,231,1,https://pemilu2019.kpu.go.id/img/c/900/024/900024822/8460-5-C1-PPWP-X1.jpg,https://pemilu2019.kpu.go.id/img/c/900/024/900024822/8460-5-C1-PPWP-X2.jpg
6728840884538460900024823,SUMATERA UTARA,KARO,TIGAPANAH,TIGAPANAH,TPS 6,2019-10-25 17:00:05,209,12,326,221,221,221,0,https://pemilu2019.kpu.go.id/img/c/900/024/900024823/2-8460-6-C1-PPWP-X1.jpg,https://pemilu2019.kpu.go.id/img/c/900/024/900024823/2-8460-6-C1-PPWP-X2.jpg
6728840884538460900024824,SUMATERA UTARA,KARO,TIGAPANAH,TIGAPANAH,TPS 7,2019-10-25 17:00:05,198,16,299,214,214,214,0,https://pemilu2019.kpu.go.id/img/c/900/024/900024824/2-8460-7-C1-PPWP-X1.jpg,https://pemilu2019.kpu.go.id/img/c/900/024/900024824/2-8460-7-C1-PPWP-X2.jpg
6728840884538460900024825,SUMATERA UTARA,KARO,TIGAPANAH,TIGAPANAH,TPS 8,2019-10-25 17:00:05,181,13,306,194,194,194,0,https://pemilu2019.kpu.go.id/img/c/900/024/900024825/2-8460-8-C1-PPWP-X1.jpg,https://pemilu2019.kpu.go.id/img/c/900/024/900024825/2-8460-8-C1-PPWP-X2.jpg
6728120381205712058900053300,SUMATERA UTARA,KOTA BINJAI,BINJAI BARAT,BANDAR SENEMBAH,TPS 01,2019-10-25 17:00:05,43,204,298,247,247,247,0,https://pemilu2019.kpu.go.id/img/c/900/053/900053300/12058-01-C-XXX-X5.jpg,https://pemilu2019.kpu.go.id/img/c/900/053/900053300/12058-01-C-XXX-X6.jpg
6728120381205712058900053301,SUMATERA UTARA,KOTA BINJAI,BINJAI BARAT,BANDAR SENEMBAH,TPS 02,2019-10-25 17:00:05,48,190,299,242,242,238,4,https://pemilu2019.kpu.go.id/img/c/900/053/900053301/12058-02-C-XXX-X5.jpg,https://pemilu2019.kpu.go.id/img/c/900/053/900053301/12058-02-C-XXX-X6.jpg
6728120381205712058900053302,SUMATERA UTARA,KOTA BINJAI,BINJAI BARAT,BANDAR SENEMBAH,TPS 03,2019-10-25 17:00:05,65,171,304,245,245,236,9,https://pemilu2019.kpu.go.id/img/c/900/053/900053302/12058-03-C-XXX-X5.jpg,https://pemilu2019.kpu.go.id/img/c/900/053/900053302/12058-03-C-XXX-X6.jpg
6728120381205712058900053303,SUMATERA UTARA,KOTA BINJAI,BINJAI BARAT,BANDAR SENEMBAH,TPS 04,2019-10-25 17:00:05,51,171,301,227,227,222,5,https://pemilu2019.kpu.go.id/img/c/900/053/900053303/12058-04-C-XXX-X5.jpg,https://pemilu2019.kpu.go.id/img/c/900/053/900053303/12058-04-C-XXX-X6.jpg
6728120381205712058900053304,SUMATERA UTARA,KOTA BINJAI,BINJAI BARAT,BANDAR SENEMBAH,TPS 05,2019-10-25 17:00:05,63,177,305,242,242,240,2,https://pemilu2019.kpu.go.id/img/c/900/053/900053304/12058-05-C-XXX-X5.jpg,https://pemilu2019.kpu.go.id/img/c/900/053/900053304/12058-05-C-XXX-X6.jpg
6728120381205712058900053305,SUMATERA UTARA,KOTA BINJAI,BINJAI BARAT,BANDAR SENEMBAH,TPS 06,2019-10-25 17:00:05,48,171,289,223,223,219,4,https://pemilu2019.kpu.go.id/img/c/900/053/900053305/12058-06-C-XXX-X5.jpg,https://pemilu2019.kpu.go.id/img/c/900/053/900053305/12058-06-C-XXX-X6.jpg
6728120381205712058900053306,SUMATERA UTARA,KOTA BINJAI,BINJAI BARAT,BANDAR SENEMBAH,TPS 07,2019-10-25 17:00:05,175,38,305,217,217,213,4,https://pemilu2019.kpu.go.id/img/c/900/053/900053306/12058-07-C-XXX-X5.jpg,https://pemilu2019.kpu.go.id/img/c/900/053/900053306/12058-07-C-XXX-X6.jpg
6728120381205712058900053307,SUMATERA UTARA,KOTA BINJAI,BINJAI BARAT,BANDAR SENEMBAH,TPS 08,2019-10-25 17:00:05,168,9,296,196,196,177,19,https://pemilu2019.kpu.go.id/img/c/900/053/900053307/12058-08-C-XXX-X5.jpg,https://pemilu2019.kpu.go.id/img/c/900/053/900053307/12058-08-C-XXX-X6.jpg
6728120381205712058900053308,SUMATERA UTARA,KOTA BINJAI,BINJAI BARAT,BANDAR SENEMBAH,TPS 09,2019-10-25 17:00:05,186,13,296,202,202,199,3,https://pemilu2019.kpu.go.id/img/c/900/053/900053308/12058-09-C-XXX-X5.jpg,https://pemilu2019.kpu.go.id/img/c/900/053/900053308/12058-09-C-XXX-X6.jpg
6728120381205712058900053309,SUMATERA UTARA,KOTA BINJAI,BINJAI BARAT,BANDAR SENEMBAH,TPS 10,2019-10-25 17:00:05,196,7,295,206,206,203,3,https://pemilu2019.kpu.go.id/img/c/900/053/900053309/12058-10-C-XXX-X5.jpg,https://pemilu2019.kpu.go.id/img/c/900/053/900053309/12058-10-C-XXX-X6.jpg
6728120381205712058900053310,SUMATERA UTARA,KOTA BINJAI,BINJAI BARAT,BANDAR SENEMBAH,TPS 11,2019-10-25 17:00:05,185,4,300,190,190,189,1,https://pemilu2019.kpu.go.id/img/c/900/053/900053310/12058-11-C-XXX-X5.jpg,https://pemilu2019.kpu.go.id/img/c/900/053/900053310/12058-11-C-XXX-X6.jpg
6728120381205712058900053311,SUMATERA UTARA,KOTA BINJAI,BINJAI BARAT,BANDAR SENEMBAH,TPS 12,2019-10-25 17:00:05,207,2,307,213,213,209,4,https://pemilu2019.kpu.go.id/img/c/900/053/900053311/12058-12-C-XXX-X5.jpg,https://pemilu2019.kpu.go.id/img/c/900/053/900053311/12058-12-C-XXX-X6.jpg
6728120381205712058900053312,SUMATERA UTARA,KOTA BINJAI,BINJAI BARAT,BANDAR SENEMBAH,TPS 13,2019-10-25 17:00:05,197,7,311,208,208,204,4,https://pemilu2019.kpu.go.id/img/c/900/053/900053312/12058-13-C-XXX-X5.jpg,https://pemilu2019.kpu.go.id/img/c/900/053/900053312/12058-13-C-XXX-X6.jpg
6728120381205712058900053313,SUMATERA UTARA,KOTA BINJAI,BINJAI BARAT,BANDAR SENEMBAH,TPS 14,2019-10-25 17:00:05,199,1,303,200,200,200,0,https://pemilu2019.kpu.go.id/img/c/900/053/900053313/12058-14-C-XXX-X5.jpg,https://pemilu2019.kpu.go.id/img/c/900/053/900053313/12058-14-C-XXX-X6.jpg
6728120381205712058900053314,SUMATERA UTARA,KOTA BINJAI,BINJAI BARAT,BANDAR SENEMBAH,TPS 15,2019-10-25 17:00:05,50,62,225,116,116,112,4,https://pemilu2019.kpu.go.id/img/c/900/053/900053314/12058-15-C-XXX-X5.jpg,https://pemilu2019.kpu.go.id/img/c/900/053/900053314/12058-15-C-XXX-X6.jpg
6728120381205712058900053315,SUMATERA UTARA,KOTA BINJAI,BINJAI BARAT,BANDAR SENEMBAH,TPS 16,2019-10-25 17:00:05,81,6,291,88,88,87,1,https://pemilu2019.kpu.go.id/img/c/900/053/900053315/12058-16-C-XXX-X5.jpg,https://pemilu2019.kpu.go.id/img/c/900/053/900053315/12058-16-C-XXX-X6.jpg
6728120381205712058900053316,SUMATERA UTARA,KOTA BINJAI,BINJAI BARAT,BANDAR SENEMBAH,TPS 17,2019-10-25 17:00:05,95,3,280,99,99,98,1,https://pemilu2019.kpu.go.id/img/c/900/053/900053316/12058-17-C-XXX-X5.jpg,https://pemilu2019.kpu.go.id/img/c/900/053/900053316/12058-17-C-XXX-X6.jpg
6728120381205712059900053317,SUMATERA UTARA,KOTA BINJAI,BINJAI BARAT,LIMAU MUNGKUR,TPS 01,2019-10-25 17:00:05,19,252,319,273,273,271,2,https://pemilu2019.kpu.go.id/img/c/900/053/900053317/2-12059-01-C-XXX-X5.jpg,https://pemilu2019.kpu.go.id/img/c/900/053/900053317/2-12059-01-C-XXX-X6.jpg
6728120381205712059900053318,SUMATERA UTARA,KOTA BINJAI,BINJAI BARAT,LIMAU MUNGKUR,TPS 02,2019-10-25 17:00:05,70,167,300,240,240,237,3,https://pemilu2019.kpu.go.id/img/c/900/053/900053318/12059-02-C-XXX-X5.jpg,https://pemilu2019.kpu.go.id/img/c/900/053/900053318/12059-02-C-XXX-X6.jpg
6728120381205712059900053319,SUMATERA UTARA,KOTA BINJAI,BINJAI BARAT,LIMAU MUNGKUR,TPS 03,2019-10-25 17:00:05,65,176,319,246,246,241,5,https://pemilu2019.kpu.go.id/img/c/900/053/900053319/12059-03-C-XXX-X5.jpg,https://pemilu2019.kpu.go.id/img/c/900/053/900053319/12059-03-C-XXX-X6.jpg
6728120381205712059900053320,SUMATERA UTARA,KOTA BINJAI,BINJAI BARAT,LIMAU MUNGKUR,TPS 04,2019-10-25 17:00:05,59,155,276,215,215,214,1,https://pemilu2019.kpu.go.id/img/c/900/053/900053320/12059-04-C-XXX-X5.jpg,https://pemilu2019.kpu.go.id/img/c/900/053/900053320/12059-04-C-XXX-X6.jpg
6728120381205712059900053321,SUMATERA UTARA,KOTA BINJAI,BINJAI BARAT,LIMAU MUNGKUR,TPS 05,2019-10-25 17:00:05,45,159,277,207,207,204,3,https://pemilu2019.kpu.go.id/img/c/900/053/900053321/12059-05-C-XXX-X5.jpg,https://pemilu2019.kpu.go.id/img/c/900/053/900053321/12059-05-C-XXX-X6.jpg
6728120381205712059900053322,SUMATERA UTARA,KOTA BINJAI,BINJAI BARAT,LIMAU MUNGKUR,TPS 06,2019-10-25 17:00:05,122,121,299,245,245,243,2,https://pemilu2019.kpu.go.id/img/c/900/053/900053322/12059-06-C-XXX-X5.jpg,https://pemilu2019.kpu.go.id/img/c/900/053/900053322/12059-06-C-XXX-X6.jpg
6728120381205712059900053323,SUMATERA UTARA,KOTA BINJAI,BINJAI BARAT,LIMAU MUNGKUR,TPS 07,2019-10-25 17:00:05,108,92,309,202,202,200,2,https://pemilu2019.kpu.go.id/img/c/900/053/900053323/2-12059-07-C-XXX-X5.jpg,https://pemilu2019.kpu.go.id/img/c/900/053/900053323/2-12059-07-C-XXX-X6.jpg
6728120381205712059900053324,SUMATERA UTARA,KOTA BINJAI,BINJAI BARAT,LIMAU MUNGKUR,TPS 08,2019-10-25 17:00:05,99,148,317,251,251,247,4,https://pemilu2019.kpu.go.id/img/c/900/053/900053324/1-12059-08-C-XXX-X5.jpg,https://pemilu2019.kpu.go.id/img/c/900/053/900053324/1-12059-08-C-XXX-X6.jpg
6728120381205712059900053325,SUMATERA UTARA,KOTA BINJAI,BINJAI BARAT,LIMAU MUNGKUR,TPS 09,2019-10-25 17:00:05,68,110,250,181,181,178,3,https://pemilu2019.kpu.go.id/img/c/900/053/900053325/1-12059-09-C-XXX-X5.jpg,https://pemilu2019.kpu.go.id/img/c/900/053/900053325/1-12059-09-C-XXX-X6.jpg
6728120381205712059900053326,SUMATERA UTARA,KOTA BINJAI,BINJAI BARAT,LIMAU MUNGKUR,TPS 10,2019-10-25 17:00:05,87,144,318,234,234,231,3,https://pemilu2019.kpu.go.id/img/c/900/053/900053326/2-12059-10-C-XXX-X5.jpg,https://pemilu2019.kpu.go.id/img/c/900/053/900053326/2-12059-10-C-XXX-X6.jpg
6728120381205712059900053327,SUMATERA UTARA,KOTA BINJAI,BINJAI BARAT,LIMAU MUNGKUR,TPS 11,2019-10-25 17:00:05,83,130,303,218,218,213,5,https://pemilu2019.kpu.go.id/img/c/900/053/900053327/2-12059-11-C-XXX-X5.jpg,https://pemilu2019.kpu.go.id/img/c/900/053/900053327/2-12059-11-C-XXX-X6.jpg
6728120381205712059900053328,SUMATERA UTARA,KOTA BINJAI,BINJAI BARAT,LIMAU MUNGKUR,TPS 12,2019-10-25 17:00:05,72,159,294,233,233,231,2,https://pemilu2019.kpu.go.id/img/c/900/053/900053328/12059-12-C-XXX-X5.jpg,https://pemilu2019.kpu.go.id/img/c/900/053/900053328/12059-12-C-XXX-X6.jpg
6728120381205712059900053329,SUMATERA UTARA,KOTA BINJAI,BINJAI BARAT,LIMAU MUNGKUR,TPS 13,2019-10-25 17:00:05,68,157,297,226,226,225,1,https://pemilu2019.kpu.go.id/img/c/900/053/900053329/12059-13-C-XXX-X5.jpg,https://pemilu2019.kpu.go.id/img/c/900/053/900053329/12059-13-C-XXX-X6.jpg
6728120381205712059900053330,SUMATERA UTARA,KOTA BINJAI,BINJAI BARAT,LIMAU MUNGKUR,TPS 14,2019-10-25 17:00:05,58,100,282,160,160,158,2,https://pemilu2019.kpu.go.id/img/c/900/053/900053330/12059-14-C-XXX-X5.jpg,https://pemilu2019.kpu.go.id/img/c/900/053/900053330/12059-14-C-XXX-X6.jpg
6728120381205712059900053331,SUMATERA UTARA,KOTA BINJAI,BINJAI BARAT,LIMAU MUNGKUR,TPS 15,2019-10-25 17:00:05,55,103,281,161,161,158,3,https://pemilu2019.kpu.go.id/img/c/900/053/900053331/12059-15-C-XXX-X5.jpg,https://pemilu2019.kpu.go.id/img/c/900/053/900053331/12059-15-C-XXX-X6.jpg
6728120381205712059900053332,SUMATERA UTARA,KOTA BINJAI,BINJAI BARAT,LIMAU MUNGKUR,TPS 16,2019-10-25 17:00:05,67,125,279,194,194,192,2,https://pemilu2019.kpu.go.id/img/c/900/053/900053332/1-12059-16-C-XXX-X5.jpg,https://pemilu2019.kpu.go.id/img/c/900/053/900053332/1-12059-16-C-XXX-X6.jpg
6728120381205712059900053333,SUMATERA UTARA,KOTA BINJAI,BINJAI BARAT,LIMAU MUNGKUR,TPS 17,2019-10-25 17:00:05,68,121,305,196,196,189,7,https://pemilu2019.kpu.go.id/img/c/900/053/900053333/12059-17-C-XXX-X5.jpg,https://pemilu2019.kpu.go.id/img/c/900/053/900053333/12059-17-C-XXX-X6.jpg
6728120381205712059900053334,SUMATERA UTARA,KOTA BINJAI,BINJAI BARAT,LIMAU MUNGKUR,TPS 18,2019-10-25 17:00:05,63,133,0,0,196,196,0,https://pemilu2019.kpu.go.id/img/c/900/053/900053334/12059-18-C1-PPWP-X1.jpg,https://pemilu2019.kpu.go.id/img/c/900/053/900053334/12059-18-C1-PPWP-X2.jpg
6728120381205712059900053335,SUMATERA UTARA,KOTA BINJAI,BINJAI BARAT,LIMAU MUNGKUR,TPS 19,2019-10-25 17:00:05,66,129,214,197,197,195,2,https://pemilu2019.kpu.go.id/img/c/900/053/900053335/1-12059-19-C-XXX-X5.jpg,https://pemilu2019.kpu.go.id/img/c/900/053/900053335/1-12059-19-C-XXX-X6.jpg
6728120381205712060900053336,SUMATERA UTARA,KOTA BINJAI,BINJAI BARAT,LIMAU SUNDAI,TPS 01,2019-10-25 17:00:05,36,224,298,266,266,260,6,https://pemilu2019.kpu.go.id/img/c/900/053/900053336/12060-01-C-XXX-X5.jpg,https://pemilu2019.kpu.go.id/img/c/900/053/900053336/12060-01-C-XXX-X6.jpg
6728120381205712060900053337,SUMATERA UTARA,KOTA BINJAI,BINJAI BARAT,LIMAU SUNDAI,TPS 02,2019-10-25 17:00:05,51,187,291,247,245,238,7,https://pemilu2019.kpu.go.id/img/c/900/053/900053337/12060-02-C-XXX-X5.jpg,https://pemilu2019.kpu.go.id/img/c/900/053/900053337/12060-02-C-XXX-X6.jpg
6728120381205712060900053338,SUMATERA UTARA,KOTA BINJAI,BINJAI BARAT,LIMAU SUNDAI,TPS 03,2019-10-25 17:00:05,62,181,291,243,243,243,0,https://pemilu2019.kpu.go.id/img/c/900/053/900053338/12060-03-C-XXX-X5.jpg,https://pemilu2019.kpu.go.id/img/c/900/053/900053338/12060-03-C-XXX-X6.jpg
6728120381205712060900053339,SUMATERA UTARA,KOTA BINJAI,BINJAI BARAT,LIMAU SUNDAI,TPS 04,2019-10-25 17:00:05,66,185,323,254,254,251,3,https://pemilu2019.kpu.go.id/img/c/900/053/900053339/12060-04-C-XXX-X5.jpg,https://pemilu2019.kpu.go.id/img/c/900/053/900053339/12060-04-C-XXX-X6.jpg
6728120381205712060900053340,SUMATERA UTARA,KOTA BINJAI,BINJAI BARAT,LIMAU SUNDAI,TPS 05,2019-10-25 17:00:05,43,167,270,213,213,210,3,https://pemilu2019.kpu.go.id/img/c/900/053/900053340/12060-05-C-XXX-X5.jpg,https://pemilu2019.kpu.go.id/img/c/900/053/900053340/12060-05-C-XXX-X6.jpg
6728120381205712060900053341,SUMATERA UTARA,KOTA BINJAI,BINJAI BARAT,LIMAU SUNDAI,TPS 06,2019-10-25 17:00:05,40,197,297,240,240,237,3,https://pemilu2019.kpu.go.id/img/c/900/053/900053341/12060-06-C-XXX-X5.jpg,https://pemilu2019.kpu.go.id/img/c/900/053/900053341/12060-06-C-XXX-X6.jpg
6728120381205712060900053342,SUMATERA UTARA,KOTA BINJAI,BINJAI BARAT,LIMAU SUNDAI,TPS 07,2019-10-25 17:00:05,22,226,304,250,250,248,2,https://pemilu2019.kpu.go.id/img/c/900/053/900053342/12060-07-C-XXX-X5.jpg,https://pemilu2019.kpu.go.id/img/c/900/053/900053342/12060-07-C-XXX-X6.jpg
6728120381205712060900053343,SUMATERA UTARA,KOTA BINJAI,BINJAI BARAT,LIMAU SUNDAI,TPS 08,2019-10-25 17:00:05,18,205,272,225,225,223,2,https://pemilu2019.kpu.go.id/img/c/900/053/900053343/12060-08-C-XXX-X5.jpg,https://pemilu2019.kpu.go.id/img/c/900/053/900053343/12060-08-C-XXX-X6.jpg
6728120381205712060900053344,SUMATERA UTARA,KOTA BINJAI,BINJAI BARAT,LIMAU SUNDAI,TPS 09,2019-10-25 17:00:05,49,179,271,229,229,228,1,https://pemilu2019.kpu.go.id/img/c/900/053/900053344/12060-09-C-XXX-X5.jpg,https://pemilu2019.kpu.go.id/img/c/900/053/900053344/12060-09-C-XXX-X6.jpg
6728120381205712060900053345,SUMATERA UTARA,KOTA BINJAI,BINJAI BARAT,LIMAU SUNDAI,TPS 10,2019-10-25 17:00:05,53,182,263,237,237,235,2,https://pemilu2019.kpu.go.id/img/c/900/053/900053345/12060-10-C-XXX-X5.jpg,https://pemilu2019.kpu.go.id/img/c/900/053/900053345/12060-10-C-XXX-X6.jpg
6728120381205712060900053346,SUMATERA UTARA,KOTA BINJAI,BINJAI BARAT,LIMAU SUNDAI,TPS 11,2019-10-25 17:00:05,48,152,273,202,202,200,2,https://pemilu2019.kpu.go.id/img/c/900/053/900053346/12060-11-C-XXX-X5.jpg,https://pemilu2019.kpu.go.id/img/c/900/053/900053346/12060-11-C-XXX-X6.jpg
6728120381205712060900053347,SUMATERA UTARA,KOTA BINJAI,BINJAI BARAT,LIMAU SUNDAI,TPS 12,2019-10-25 17:00:05,92,149,273,248,248,241,7,https://pemilu2019.kpu.go.id/img/c/900/053/900053347/12060-12-C-XXX-X5.jpg,https://pemilu2019.kpu.go.id/img/c/900/053/900053347/12060-12-C-XXX-X6.jpg
6728120381205712060900053348,SUMATERA UTARA,KOTA BINJAI,BINJAI BARAT,LIMAU SUNDAI,TPS 13,2019-10-25 17:00:05,43,201,286,245,245,244,1,https://pemilu2019.kpu.go.id/img/c/900/053/900053348/12060-13-C-XXX-X5.jpg,https://pemilu2019.kpu.go.id/img/c/900/053/900053348/12060-13-C-XXX-X6.jpg
6728120381205712060900053349,SUMATERA UTARA,KOTA BINJAI,BINJAI BARAT,LIMAU SUNDAI,TPS 14,2019-10-25 17:00:05,80,140,281,226,226,220,6,https://pemilu2019.kpu.go.id/img/c/900/053/900053349/12060-14-C-XXX-X5.jpg,https://pemilu2019.kpu.go.id/img/c/900/053/900053349/12060-14-C-XXX-X6.jpg
6728120381205712060900053350,SUMATERA UTARA,KOTA BINJAI,BINJAI BARAT,LIMAU SUNDAI,TPS 15,2019-10-25 17:00:05,66,119,266,218,218,215,3,https://pemilu2019.kpu.go.id/img/c/900/053/900053350/12060-15-C-XXX-X5.jpg,https://pemilu2019.kpu.go.id/img/c/900/053/900053350/12060-15-C-XXX-X6.jpg
6728120381205712060900053351,SUMATERA UTARA,KOTA BINJAI,BINJAI BARAT,LIMAU SUNDAI,TPS 16,2019-10-25 17:00:05,42,166,319,213,213,208,5,https://pemilu2019.kpu.go.id/img/c/900/053/900053351/12060-16-C-XXX-X5.jpg,https://pemilu2019.kpu.go.id/img/c/900/053/900053351/12060-16-C-XXX-X6.jpg
6728120381205712060900053352,SUMATERA UTARA,KOTA BINJAI,BINJAI BARAT,LIMAU SUNDAI,TPS 17,2019-10-25 17:00:05,48,145,290,195,195,193,2,https://pemilu2019.kpu.go.id/img/c/900/053/900053352/12060-17-C-XXX-X5.jpg,https://pemilu2019.kpu.go.id/img/c/900/053/900053352/12060-17-C-XXX-X6.jpg
6728120381205712060900053353,SUMATERA UTARA,KOTA BINJAI,BINJAI BARAT,LIMAU SUNDAI,TPS 18,2019-10-25 17:00:05,63,146,311,216,216,209,7,https://pemilu2019.kpu.go.id/img/c/900/053/900053353/12060-18-C-XXX-X5.jpg,https://pemilu2019.kpu.go.id/img/c/900/053/900053353/12060-18-C-XXX-X6.jpg
6728120381205712061900053354,SUMATERA UTARA,KOTA BINJAI,BINJAI BARAT,PAYA ROBA,TPS 01,2019-10-25 17:00:05,92,162,338,259,259,254,5,https://pemilu2019.kpu.go.id/img/c/900/053/900053354/12061-01-C-XXX-X5.jpg,https://pemilu2019.kpu.go.id/img/c/900/053/900053354/12061-01-C-XXX-X6.jpg
6728120381205712061900053355,SUMATERA UTARA,KOTA BINJAI,BINJAI BARAT,PAYA ROBA,TPS 02,2019-10-25 17:00:05,59,157,312,222,222,216,6,https://pemilu2019.kpu.go.id/img/c/900/053/900053355/12061-02-C-XXX-X5.jpg,https://pemilu2019.kpu.go.id/img/c/900/053/900053355/12061-02-C-XXX-X6.jpg
6728120381205712061900053356,SUMATERA UTARA,KOTA BINJAI,BINJAI BARAT,PAYA ROBA,TPS 03,2019-10-25 17:00:05,112,152,286,270,270,264,6,https://pemilu2019.kpu.go.id/img/c/900/053/900053356/12061-03-C-XXX-X5.jpg,https://pemilu2019.kpu.go.id/img/c/900/053/900053356/12061-03-C-XXX-X6.jpg
6728120381205712061900053357,SUMATERA UTARA,KOTA BINJAI,BINJAI BARAT,PAYA ROBA,TPS 04,2019-10-25 17:00:05,76,129,304,211,211,205,6,https://pemilu2019.kpu.go.id/img/c/900/053/900053357/12061-04-C-XXX-X5.jpg,https://pemilu2019.kpu.go.id/img/c/900/053/900053357/12061-04-C-XXX-X6.jpg
6728120381205712061900053358,SUMATERA UTARA,KOTA BINJAI,BINJAI BARAT,PAYA ROBA,TPS 05,2019-10-25 17:00:05,76,150,284,230,230,226,4,https://pemilu2019.kpu.go.id/img/c/900/053/900053358/12061-05-C-XXX-X5.jpg,https://pemilu2019.kpu.go.id/img/c/900/053/900053358/12061-05-C-XXX-X6.jpg
6728120381205712061900053359,SUMATERA UTARA,KOTA BINJAI,BINJAI BARAT,PAYA ROBA,TPS 06,2019-10-25 17:00:05,50,171,294,225,226,221,5,https://pemilu2019.kpu.go.id/img/c/900/053/900053359/12061-06-C-XXX-X5.jpg,https://pemilu2019.kpu.go.id/img/c/900/053/900053359/12061-06-C-XXX-X6.jpg
6728120381205712061900053360,SUMATERA UTARA,KOTA BINJAI,BINJAI BARAT,PAYA ROBA,TPS 07,2019-10-25 17:00:05,47,153,289,203,203,200,3,https://pemilu2019.kpu.go.id/img/c/900/053/900053360/12061-07-C-XXX-X5.jpg,https://pemilu2019.kpu.go.id/img/c/900/053/900053360/12061-07-C-XXX-X6.jpg
6728120381205712061900053361,SUMATERA UTARA,KOTA BINJAI,BINJAI BARAT,PAYA ROBA,TPS 08,2019-10-25 17:00:05,49,153,294,206,206,202,4,https://pemilu2019.kpu.go.id/img/c/900/053/900053361/12061-08-C-XXX-X5.jpg,https://pemilu2019.kpu.go.id/img/c/900/053/900053361/12061-08-C-XXX-X6.jpg
6728120381205712061900053362,SUMATERA UTARA,KOTA BINJAI,BINJAI BARAT,PAYA ROBA,TPS 09,2019-10-25 17:00:05,35,131,246,168,168,166,2,https://pemilu2019.kpu.go.id/img/c/900/053/900053362/12061-09-C-XXX-X5.jpg,https://pemilu2019.kpu.go.id/img/c/900/053/900053362/12061-09-C-XXX-X6.jpg
6728120381205712061900053363,SUMATERA UTARA,KOTA BINJAI,BINJAI BARAT,PAYA ROBA,TPS 10,2019-10-25 17:00:05,28,118,186,149,149,146,3,https://pemilu2019.kpu.go.id/img/c/900/053/900053363/12061-10-C-XXX-X5.jpg,https://pemilu2019.kpu.go.id/img/c/900/053/900053363/12061-10-C-XXX-X6.jpg
6728120381205712061900053364,SUMATERA UTARA,KOTA BINJAI,BINJAI BARAT,PAYA ROBA,TPS 11,2019-10-25 17:00:05,61,176,288,238,238,237,1,https://pemilu2019.kpu.go.id/img/c/900/053/900053364/12061-11-C-XXX-X5.jpg,https://pemilu2019.kpu.go.id/img/c/900/053/900053364/12061-11-C-XXX-X6.jpg
6728120381205712061900053365,SUMATERA UTARA,KOTA BINJAI,BINJAI BARAT,PAYA ROBA,TPS 12,2019-10-25 17:00:05,63,156,305,219,294,219,75,https://pemilu2019.kpu.go.id/img/c/900/053/900053365/12061-12-C-XXX-X5.jpg,https://pemilu2019.kpu.go.id/img/c/900/053/900053365/12061-12-C-XXX-X6.jpg
6728120381205712061900053366,SUMATERA UTARA,KOTA BINJAI,BINJAI BARAT,PAYA ROBA,TPS 13,2019-10-25 17:00:05,59,181,306,244,244,240,4,https://pemilu2019.kpu.go.id/img/c/900/053/900053366/12061-13-C-XXX-X5.jpg,https://pemilu2019.kpu.go.id/img/c/900/053/900053366/12061-13-C-XXX-X6.jpg
6728120381205712061900053367,SUMATERA UTARA,KOTA BINJAI,BINJAI BARAT,PAYA ROBA,TPS 14,2019-10-25 17:00:05,45,205,301,253,253,250,3,https://pemilu2019.kpu.go.id/img/c/900/053/900053367/12061-14-C-XXX-X5.jpg,https://pemilu2019.kpu.go.id/img/c/900/053/900053367/12061-14-C-XXX-X6.jpg
6728120381205712061900053368,SUMATERA UTARA,KOTA BINJAI,BINJAI BARAT,PAYA ROBA,TPS 15,2019-10-25 17:00:05,53,151,304,207,207,204,3,https://pemilu2019.kpu.go.id/img/c/900/053/900053368/12061-15-C-XXX-X5.jpg,https://pemilu2019.kpu.go.id/img/c/900/053/900053368/12061-15-C-XXX-X6.jpg
6728120381205712061900053369,SUMATERA UTARA,KOTA BINJAI,BINJAI BARAT,PAYA ROBA,TPS 16,2019-10-25 17:00:05,48,171,283,229,229,219,10,https://pemilu2019.kpu.go.id/img/c/900/053/900053369/12061-16-C-XXX-X5.jpg,https://pemilu2019.kpu.go.id/img/c/900/053/900053369/12061-16-C-XXX-X6.jpg
6728120381205712061900053370,SUMATERA UTARA,KOTA BINJAI,BINJAI BARAT,PAYA ROBA,TPS 17,2019-10-25 17:00:05,35,142,315,180,180,177,3,https://pemilu2019.kpu.go.id/img/c/900/053/900053370/12061-17-C-XXX-X5.jpg,https://pemilu2019.kpu.go.id/img/c/900/053/900053370/12061-17-C-XXX-X6.jpg
6728120381205712061900053371,SUMATERA UTARA,KOTA BINJAI,BINJAI BARAT,PAYA ROBA,TPS 18,2019-10-25 17:00:05,36,169,300,210,210,205,5,https://pemilu2019.kpu.go.id/img/c/900/053/900053371/12061-18-C-XXX-X5.jpg,https://pemilu2019.kpu.go.id/img/c/900/053/900053371/12061-18-C-XXX-X6.jpg
6728120381205712061900053372,SUMATERA UTARA,KOTA BINJAI,BINJAI BARAT,PAYA ROBA,TPS 19,2019-10-25 17:00:05,70,159,306,230,230,229,1,https://pemilu2019.kpu.go.id/img/c/900/053/900053372/12061-19-C-XXX-X5.jpg,https://pemilu2019.kpu.go.id/img/c/900/053/900053372/12061-19-C-XXX-X6.jpg
6728120381205712061900053373,SUMATERA UTARA,KOTA BINJAI,BINJAI BARAT,PAYA ROBA,TPS 20,2019-10-25 17:00:05,67,153,305,225,225,220,5,https://pemilu2019.kpu.go.id/img/c/900/053/900053373/12061-20-C-XXX-X5.jpg,https://pemilu2019.kpu.go.id/img/c/900/053/900053373/12061-20-C-XXX-X6.jpg
6728120381205712061900053374,SUMATERA UTARA,KOTA BINJAI,BINJAI BARAT,PAYA ROBA,TPS 21,2019-10-25 17:00:05,71,119,289,195,195,190,5,https://pemilu2019.kpu.go.id/img/c/900/053/900053374/12061-21-C-XXX-X5.jpg,https://pemilu2019.kpu.go.id/img/c/900/053/900053374/12061-21-C-XXX-X6.jpg
6728120381205712061900053375,SUMATERA UTARA,KOTA BINJAI,BINJAI BARAT,PAYA ROBA,TPS 22,2019-10-25 17:00:05,79,169,292,252,252,248,4,https://pemilu2019.kpu.go.id/img/c/900/053/900053375/12061-22-C-XXX-X5.jpg,https://pemilu2019.kpu.go.id/img/c/900/053/900053375/12061-22-C-XXX-X6.jpg
6728120381205712061900053376,SUMATERA UTARA,KOTA BINJAI,BINJAI BARAT,PAYA ROBA,TPS 23,2019-10-25 17:00:05,56,179,317,235,237,235,2,https://pemilu2019.kpu.go.id/img/c/900/053/900053376/12061-23-C-XXX-X5.jpg,https://pemilu2019.kpu.go.id/img/c/900/053/900053376/12061-23-C-XXX-X6.jpg
6728120381205712061900053377,SUMATERA UTARA,KOTA BINJAI,BINJAI BARAT,PAYA ROBA,TPS 24,2019-10-25 17:00:05,73,178,309,253,253,251,2,https://pemilu2019.kpu.go.id/img/c/900/053/900053377/12061-24-C-XXX-X5.jpg,https://pemilu2019.kpu.go.id/img/c/900/053/900053377/12061-24-C-XXX-X6.jpg
6728120381205712061900053378,SUMATERA UTARA,KOTA BINJAI,BINJAI BARAT,PAYA ROBA,TPS 25,2019-10-25 17:00:05,77,144,277,225,225,221,4,https://pemilu2019.kpu.go.id/img/c/900/053/900053378/12061-25-C-XXX-X5.jpg,https://pemilu2019.kpu.go.id/img/c/900/053/900053378/12061-25-C-XXX-X6.jpg
6728120381205712061900053379,SUMATERA UTARA,KOTA BINJAI,BINJAI BARAT,PAYA ROBA,TPS 26,2019-10-25 17:00:05,80,142,279,227,227,222,5,https://pemilu2019.kpu.go.id/img/c/900/053/900053379/12061-26-C-XXX-X5.jpg,https://pemilu2019.kpu.go.id/img/c/900/053/900053379/12061-26-C-XXX-X6.jpg
6728120381205712062900053380,SUMATERA UTARA,KOTA BINJAI,BINJAI BARAT,SUKA MAJU,TPS 01,2019-10-25 17:00:05,79,134,289,221,221,213,8,https://pemilu2019.kpu.go.id/img/c/900/053/900053380/12062-01-C-XXX-X5.jpg,https://pemilu2019.kpu.go.id/img/c/900/053/900053380/12062-01-C-XXX-X6.jpg
6728120381205712062900053381,SUMATERA UTARA,KOTA BINJAI,BINJAI BARAT,SUKA MAJU,TPS 02,2019-10-25 17:00:05,56,129,277,187,187,185,2,https://pemilu2019.kpu.go.id/img/c/900/053/900053381/12062-02-C-XXX-X5.jpg,https://pemilu2019.kpu.go.id/img/c/900/053/900053381/12062-02-C-XXX-X6.jpg
6728120381205712062900053382,SUMATERA UTARA,KOTA BINJAI,BINJAI BARAT,SUKA MAJU,TPS 03,2019-10-25 17:00:05,52,168,280,221,221,220,1,https://pemilu2019.kpu.go.id/img/c/900/053/900053382/12062-03-C-XXX-X5.jpg,https://pemilu2019.kpu.go.id/img/c/900/053/900053382/12062-03-C-XXX-X6.jpg
6728120381205712062900053383,SUMATERA UTARA,KOTA BINJAI,BINJAI BARAT,SUKA MAJU,TPS 04,2019-10-25 17:00:05,70,143,283,215,215,213,2,https://pemilu2019.kpu.go.id/img/c/900/053/900053383/12062-04-C-XXX-X5.jpg,https://pemilu2019.kpu.go.id/img/c/900/053/900053383/12062-04-C-XXX-X6.jpg
6728120381205712062900053384,SUMATERA UTARA,KOTA BINJAI,BINJAI BARAT,SUKA MAJU,TPS 05,2019-10-25 17:00:05,62,152,278,217,217,214,3,https://pemilu2019.kpu.go.id/img/c/900/053/900053384/12062-05-C-XXX-X5.jpg,https://pemilu2019.kpu.go.id/img/c/900/053/900053384/12062-05-C-XXX-X6.jpg
6728120381205712062900053385,SUMATERA UTARA,KOTA BINJAI,BINJAI BARAT,SUKA MAJU,TPS 06,2019-10-25 17:00:05,55,155,260,210,210,210,0,https://pemilu2019.kpu.go.id/img/c/900/053/900053385/12062-06-C-XXX-X5.jpg,https://pemilu2019.kpu.go.id/img/c/900/053/900053385/12062-06-C-XXX-X6.jpg
6728120381205712062900053386,SUMATERA UTARA,KOTA BINJAI,BINJAI BARAT,SUKA MAJU,TPS 07,2019-10-25 17:00:05,75,128,272,211,211,203,8,https://pemilu2019.kpu.go.id/img/c/900/053/900053386/12062-07-C-XXX-X5.jpg,https://pemilu2019.kpu.go.id/img/c/900/053/900053386/12062-07-C-XXX-X6.jpg
6728120381205712062900053387,SUMATERA UTARA,KOTA BINJAI,BINJAI BARAT,SUKA MAJU,TPS 08,2019-10-25 17:00:05,71,140,270,214,214,211,3,https://pemilu2019.kpu.go.id/img/c/900/053/900053387/12062-08-C-XXX-X5.jpg,https://pemilu2019.kpu.go.id/img/c/900/053/900053387/12062-08-C-XXX-X6.jpg
6728120381205712062900053388,SUMATERA UTARA,KOTA BINJAI,BINJAI BARAT,SUKA MAJU,TPS 09,2019-10-25 17:00:05,89,137,233,233,233,226,7,https://pemilu2019.kpu.go.id/img/c/900/053/900053388/12062-09-C-XXX-X5.jpg,https://pemilu2019.kpu.go.id/img/c/900/053/900053388/12062-09-C-XXX-X6.jpg
6728120381205712062900053389,SUMATERA UTARA,KOTA BINJAI,BINJAI BARAT,SUKA MAJU,TPS 10,2019-10-25 17:00:05,71,123,257,198,198,194,4,https://pemilu2019.kpu.go.id/img/c/900/053/900053389/12062-10-C-XXX-X5.jpg,https://pemilu2019.kpu.go.id/img/c/900/053/900053389/12062-10-C-XXX-X6.jpg
6728120381205712062900053390,SUMATERA UTARA,KOTA BINJAI,BINJAI BARAT,SUKA MAJU,TPS 11,2019-10-25 17:00:05,111,107,311,220,220,218,2,https://pemilu2019.kpu.go.id/img/c/900/053/900053390/12062-11-C-XXX-X5.jpg,https://pemilu2019.kpu.go.id/img/c/900/053/900053390/12062-11-C-XXX-X6.jpg
6728120381205712062900053391,SUMATERA UTARA,KOTA BINJAI,BINJAI BARAT,SUKA MAJU,TPS 12,2019-10-25 17:00:05,172,16,296,189,189,188,1,https://pemilu2019.kpu.go.id/img/c/900/053/900053391/12062-12-C-XXX-X5.jpg,https://pemilu2019.kpu.go.id/img/c/900/053/900053391/12062-12-C-XXX-X6.jpg
6728120381205712062900053392,SUMATERA UTARA,KOTA BINJAI,BINJAI BARAT,SUKA MAJU,TPS 13,2019-10-25 17:00:05,189,3,291,194,194,192,2,https://pemilu2019.kpu.go.id/img/c/900/053/900053392/12062-13-C-XXX-X5.jpg,https://pemilu2019.kpu.go.id/img/c/900/053/900053392/12062-13-C-XXX-X6.jpg
6728120381205712062900053393,SUMATERA UTARA,KOTA BINJAI,BINJAI BARAT,SUKA MAJU,TPS 14,2019-10-25 17:00:05,160,5,286,166,166,165,1,https://pemilu2019.kpu.go.id/img/c/900/053/900053393/12062-14-C-XXX-X5.jpg,https://pemilu2019.kpu.go.id/img/c/900/053/900053393/12062-14-C-XXX-X6.jpg
6728120381205712062900053394,SUMATERA UTARA,KOTA BINJAI,BINJAI BARAT,SUKA MAJU,TPS 15,2019-10-25 17:00:05,202,5,315,208,208,207,1,https://pemilu2019.kpu.go.id/img/c/900/053/900053394/12062-15-C-XXX-X5.jpg,https://pemilu2019.kpu.go.id/img/c/900/053/900053394/12062-15-C-XXX-X6.jpg
6728120381205712062900053395,SUMATERA UTARA,KOTA BINJAI,BINJAI BARAT,SUKA MAJU,TPS 16,2019-10-25 17:00:05,185,6,308,193,193,191,2,https://pemilu2019.kpu.go.id/img/c/900/053/900053395/12062-16-C-XXX-X5.jpg,https://pemilu2019.kpu.go.id/img/c/900/053/900053395/12062-16-C-XXX-X6.jpg
6728120381205712062900053396,SUMATERA UTARA,KOTA BINJAI,BINJAI BARAT,SUKA MAJU,TPS 17,2019-10-25 17:00:05,80,78,302,162,162,158,4,https://pemilu2019.kpu.go.id/img/c/900/053/900053396/12062-17-C-XXX-X5.jpg,https://pemilu2019.kpu.go.id/img/c/900/053/900053396/12062-17-C-XXX-X6.jpg
6728120381205712062900053397,SUMATERA UTARA,KOTA BINJAI,BINJAI BARAT,SUKA MAJU,TPS 18,2019-10-25 17:00:05,103,101,307,205,205,204,1,https://pemilu2019.kpu.go.id/img/c/900/053/900053397/12062-18-C-XXX-X5.jpg,https://pemilu2019.kpu.go.id/img/c/900/053/900053397/12062-18-C-XXX-X6.jpg
6728120381205712062900053398,SUMATERA UTARA,KOTA BINJAI,BINJAI BARAT,SUKA MAJU,TPS 19,2019-10-25 17:00:05,86,124,296,216,216,210,6,https://pemilu2019.kpu.go.id/img/c/900/053/900053398/12062-19-C-XXX-X5.jpg,https://pemilu2019.kpu.go.id/img/c/900/053/900053398/12062-19-C-XXX-X6.jpg
6728120381205712062900053399,SUMATERA UTARA,KOTA BINJAI,BINJAI BARAT,SUKA MAJU,TPS 20,2019-10-25 17:00:05,121,92,319,216,216,213,3,https://pemilu2019.kpu.go.id/img/c/900/053/900053399/12062-20-C-XXX-X5.jpg,https://pemilu2019.kpu.go.id/img/c/900/053/900053399/12062-20-C-XXX-X6.jpg
6728120381205712062900053400,SUMATERA UTARA,KOTA BINJAI,BINJAI BARAT,SUKA MAJU,TPS 21,2019-10-25 17:00:05,127,106,315,234,234,233,1,https://pemilu2019.kpu.go.id/img/c/900/053/900053400/12062-21-C-XXX-X5.jpg,https://pemilu2019.kpu.go.id/img/c/900/053/900053400/12062-21-C-XXX-X6.jpg
6728120381205712062900053401,SUMATERA UTARA,KOTA BINJAI,BINJAI BARAT,SUKA MAJU,TPS 22,2019-10-25 17:00:05,112,126,305,239,239,239,1,https://pemilu2019.kpu.go.id/img/c/900/053/900053401/12062-22-C-XXX-X5.jpg,https://pemilu2019.kpu.go.id/img/c/900/053/900053401/12062-22-C-XXX-X6.jpg
6728120381205712063900053402,SUMATERA UTARA,KOTA BINJAI,BINJAI BARAT,SUKA RAMAI,TPS 01,2019-10-25 17:00:05,103,129,317,235,235,232,3,https://pemilu2019.kpu.go.id/img/c/900/053/900053402/12063-01-C-XXX-X5.jpg,https://pemilu2019.kpu.go.id/img/c/900/053/900053402/12063-01-C-XXX-X6.jpg
6728120381205712063900053403,SUMATERA UTARA,KOTA BINJAI,BINJAI BARAT,SUKA RAMAI,TPS 02,2019-10-25 17:00:05,78,141,308,221,221,219,2,https://pemilu2019.kpu.go.id/img/c/900/053/900053403/12063-02-C-XXX-X5.jpg,https://pemilu2019.kpu.go.id/img/c/900/053/900053403/12063-02-C-XXX-X6.jpg
6728120381205712063900053404,SUMATERA UTARA,KOTA BINJAI,BINJAI BARAT,SUKA RAMAI,TPS 03,2019-10-25 17:00:05,55,132,313,189,189,187,2,https://pemilu2019.kpu.go.id/img/c/900/053/900053404/3-12063-03-C-XXX-X5.jpg,https://pemilu2019.kpu.go.id/img/c/900/053/900053404/3-12063-03-C-XXX-X6.jpg
6728120381205712063900053405,SUMATERA UTARA,KOTA BINJAI,BINJAI BARAT,SUKA RAMAI,TPS 04,2019-10-25 17:00:05,49,143,290,194,194,192,2,https://pemilu2019.kpu.go.id/img/c/900/053/900053405/12063-04-C-XXX-X5.jpg,https://pemilu2019.kpu.go.id/img/c/900/053/900053405/12063-04-C-XXX-X6.jpg
6728120381205712063900053406,SUMATERA UTARA,KOTA BINJAI,BINJAI BARAT,SUKA RAMAI,TPS 05,2019-10-25 17:00:05,41,144,293,186,186,185,1,https://pemilu2019.kpu.go.id/img/c/900/053/900053406/12063-05-C-XXX-X5.jpg,https://pemilu2019.kpu.go.id/img/c/900/053/900053406/12063-05-C-XXX-X6.jpg
6728120381205712063900053407,SUMATERA UTARA,KOTA BINJAI,BINJAI BARAT,SUKA RAMAI,TPS 06,2019-10-25 17:00:05,37,150,284,191,191,187,4,https://pemilu2019.kpu.go.id/img/c/900/053/900053407/12063-06-C-XXX-X5.jpg,https://pemilu2019.kpu.go.id/img/c/900/053/900053407/12063-06-C-XXX-X6.jpg
6728120381205712063900053408,SUMATERA UTARA,KOTA BINJAI,BINJAI BARAT,SUKA RAMAI,TPS 07,2019-10-25 17:00:05,49,155,316,204,204,204,0,https://pemilu2019.kpu.go.id/img/c/900/053/900053408/12063-07-C-XXX-X5.jpg,https://pemilu2019.kpu.go.id/img/c/900/053/900053408/12063-07-C-XXX-X6.jpg
6728120381205712063900053409,SUMATERA UTARA,KOTA BINJAI,BINJAI BARAT,SUKA RAMAI,TPS 08,2019-10-25 17:00:05,66,165,300,235,235,231,4,https://pemilu2019.kpu.go.id/img/c/900/053/900053409/12063-08-C-XXX-X5.jpg,https://pemilu2019.kpu.go.id/img/c/900/053/900053409/12063-08-C-XXX-X6.jpg
6728120381205712063900053410,SUMATERA UTARA,KOTA BINJAI,BINJAI BARAT,SUKA RAMAI,TPS 09,2019-10-25 17:00:05,64,145,309,209,209,209,0,https://pemilu2019.kpu.go.id/img/c/900/053/900053410/12063-09-C-XXX-X5.jpg,https://pemilu2019.kpu.go.id/img/c/900/053/900053410/12063-09-C-XXX-X6.jpg
6728120381205712063900053411,SUMATERA UTARA,KOTA BINJAI,BINJAI BARAT,SUKA RAMAI,TPS 10,2019-10-25 17:00:05,65,173,310,240,240,238,2,https://pemilu2019.kpu.go.id/img/c/900/053/900053411/12063-10-C-XXX-X5.jpg,https://pemilu2019.kpu.go.id/img/c/900/053/900053411/12063-10-C-XXX-X6.jpg
6728120381205712063900053412,SUMATERA UTARA,KOTA BINJAI,BINJAI BARAT,SUKA RAMAI,TPS 11,2019-10-25 17:00:05,51,157,309,211,211,208,3,https://pemilu2019.kpu.go.id/img/c/900/053/900053412/4-12063-11-C-XXX-X5.jpg,https://pemilu2019.kpu.go.id/img/c/900/053/900053412/4-12063-11-C-XXX-X6.jpg
6728120381205712063900053413,SUMATERA UTARA,KOTA BINJAI,BINJAI BARAT,SUKA RAMAI,TPS 12,2019-10-25 17:00:05,57,176,293,236,236,233,3,https://pemilu2019.kpu.go.id/img/c/900/053/900053413/12063-12-C-XXX-X5.jpg,https://pemilu2019.kpu.go.id/img/c/900/053/900053413/12063-12-C-XXX-X6.jpg
6728120381205712063900053414,SUMATERA UTARA,KOTA BINJAI,BINJAI BARAT,SUKA RAMAI,TPS 13,2019-10-25 17:00:05,75,149,281,225,225,224,1,https://pemilu2019.kpu.go.id/img/c/900/053/900053414/12063-13-C-XXX-X5.jpg,https://pemilu2019.kpu.go.id/img/c/900/053/900053414/12063-13-C-XXX-X6.jpg
6728120381205712063900053415,SUMATERA UTARA,KOTA BINJAI,BINJAI BARAT,SUKA RAMAI,TPS 14,2019-10-25 17:00:05,48,136,283,184,184,184,0,https://pemilu2019.kpu.go.id/img/c/900/053/900053415/12063-14-C-XXX-X5.jpg,https://pemilu2019.kpu.go.id/img/c/900/053/900053415/12063-14-C-XXX-X6.jpg
6728120381205712063900053416,SUMATERA UTARA,KOTA BINJAI,BINJAI BARAT,SUKA RAMAI,TPS 15,2019-10-25 17:00:05,54,143,291,198,198,197,1,https://pemilu2019.kpu.go.id/img/c/900/053/900053416/12063-15-C-XXX-X5.jpg,https://pemilu2019.kpu.go.id/img/c/900/053/900053416/12063-15-C-XXX-X6.jpg
6728120381205712063900053417,SUMATERA UTARA,KOTA BINJAI,BINJAI BARAT,SUKA RAMAI,TPS 16,2019-10-25 17:00:05,92,154,302,249,249,246,3,https://pemilu2019.kpu.go.id/img/c/900/053/900053417/12063-16-C-XXX-X5.jpg,https://pemilu2019.kpu.go.id/img/c/900/053/900053417/12063-16-C-XXX-X6.jpg
6728120381205712063900053418,SUMATERA UTARA,KOTA BINJAI,BINJAI BARAT,SUKA RAMAI,TPS 17,2019-10-25 17:00:05,53,191,304,246,246,2,244,https://pemilu2019.kpu.go.id/img/c/900/053/900053418/12063-17-C-XXX-X5.jpg,https://pemilu2019.kpu.go.id/img/c/900/053/900053418/12063-17-C-XXX-X6.jpg
6728120381205712063900053419,SUMATERA UTARA,KOTA BINJAI,BINJAI BARAT,SUKA RAMAI,TPS 18,2019-10-25 17:00:05,68,183,315,256,256,251,5,https://pemilu2019.kpu.go.id/img/c/900/053/900053419/12063-18-C-XXX-X5.jpg,https://pemilu2019.kpu.go.id/img/c/900/053/900053419/12063-18-C-XXX-X6.jpg
6728120381205712063900053420,SUMATERA UTARA,KOTA BINJAI,BINJAI BARAT,SUKA RAMAI,TPS 19,2019-10-25 17:00:05,45,187,292,232,232,232,0,https://pemilu2019.kpu.go.id/img/c/900/053/900053420/12063-19-C-XXX-X5.jpg,https://pemilu2019.kpu.go.id/img/c/900/053/900053420/12063-19-C-XXX-X6.jpg
6728120381205712063900053421,SUMATERA UTARA,KOTA BINJAI,BINJAI BARAT,SUKA RAMAI,TPS 20,2019-10-25 17:00:05,56,166,304,226,226,222,4,https://pemilu2019.kpu.go.id/img/c/900/053/900053421/12063-20-C-XXX-X5.jpg,https://pemilu2019.kpu.go.id/img/c/900/053/900053421/12063-20-C-XXX-X6.jpg
6728120381205712063900053422,SUMATERA UTARA,KOTA BINJAI,BINJAI BARAT,SUKA RAMAI,TPS 21,2019-10-25 17:00:05,48,187,313,242,242,235,7,https://pemilu2019.kpu.go.id/img/c/900/053/900053422/12063-21-C-XXX-X5.jpg,https://pemilu2019.kpu.go.id/img/c/900/053/900053422/12063-21-C-XXX-X6.jpg
6728120381205712063900053423,SUMATERA UTARA,KOTA BINJAI,BINJAI BARAT,SUKA RAMAI,TPS 22,2019-10-25 17:00:05,85,131,276,219,219,216,3,https://pemilu2019.kpu.go.id/img/c/900/053/900053423/12063-22-C-XXX-X5.jpg,https://pemilu2019.kpu.go.id/img/c/900/053/900053423/12063-22-C-XXX-X6.jpg
6728120381205712063900053424,SUMATERA UTARA,KOTA BINJAI,BINJAI BARAT,SUKA RAMAI,TPS 23,2019-10-25 17:00:05,89,100,288,189,189,189,0,https://pemilu2019.kpu.go.id/img/c/900/053/900053424/12063-23-C-XXX-X5.jpg,https://pemilu2019.kpu.go.id/img/c/900/053/900053424/12063-23-C-XXX-X6.jpg
6728120381205712063900053425,SUMATERA UTARA,KOTA BINJAI,BINJAI BARAT,SUKA RAMAI,TPS 24,2019-10-25 17:00:05,67,124,293,193,193,191,2,https://pemilu2019.kpu.go.id/img/c/900/053/900053425/12063-24-C-XXX-X5.jpg,https://pemilu2019.kpu.go.id/img/c/900/053/900053425/12063-24-C-XXX-X6.jpg
6728120381204912050900053208,SUMATERA UTARA,KOTA BINJAI,BINJAI KOTA,BERNGAM,TPS 01,2019-10-25 17:00:05,46,165,236,212,212,211,1,https://pemilu2019.kpu.go.id/img/c/900/053/900053208/12050-01-C-XXX-X5.jpg,https://pemilu2019.kpu.go.id/img/c/900/053/900053208/12050-01-C-XXX-X6.jpg
6728120381204912050900053209,SUMATERA UTARA,KOTA BINJAI,BINJAI KOTA,BERNGAM,TPS 02,2019-10-25 17:00:05,50,171,276,223,223,221,2,https://pemilu2019.kpu.go.id/img/c/900/053/900053209/12050-02-C-XXX-X5.jpg,https://pemilu2019.kpu.go.id/img/c/900/053/900053209/12050-02-C-XXX-X6.jpg
6728120381204912050900053210,SUMATERA UTARA,KOTA BINJAI,BINJAI KOTA,BERNGAM,TPS 03,2019-10-25 17:00:05,62,197,301,260,260,1,259,https://pemilu2019.kpu.go.id/img/c/900/053/900053210/12050-03-C-XXX-X5.jpg,https://pemilu2019.kpu.go.id/img/c/900/053/900053210/12050-03-C-XXX-X6.jpg
6728120381204912050900053211,SUMATERA UTARA,KOTA BINJAI,BINJAI KOTA,BERNGAM,TPS 04,2019-10-25 17:00:05,61,147,261,211,211,208,3,https://pemilu2019.kpu.go.id/img/c/900/053/900053211/12050-04-C-XXX-X5.jpg,https://pemilu2019.kpu.go.id/img/c/900/053/900053211/12050-04-C-XXX-X6.jpg
6728120381204912050900053212,SUMATERA UTARA,KOTA BINJAI,BINJAI KOTA,BERNGAM,TPS 05,2019-10-25 17:00:05,83,134,278,222,219,217,2,https://pemilu2019.kpu.go.id/img/c/900/053/900053212/12050-05-C-XXX-X5.jpg,https://pemilu2019.kpu.go.id/img/c/900/053/900053212/12050-05-C-XXX-X6.jpg
6728120381204912050900053213,SUMATERA UTARA,KOTA BINJAI,BINJAI KOTA,BERNGAM,TPS 06,2019-10-25 17:00:05,70,133,270,203,203,0,203,https://pemilu2019.kpu.go.id/img/c/900/053/900053213/14-12050-06-C-XXX-X5.jpg,https://pemilu2019.kpu.go.id/img/c/900/053/900053213/14-12050-06-C-XXX-X6.jpg
6728120381204912050900053214,SUMATERA UTARA,KOTA BINJAI,BINJAI KOTA,BERNGAM,TPS 07,2019-10-25 17:00:05,58,152,259,211,211,210,1,https://pemilu2019.kpu.go.id/img/c/900/053/900053214/12050-07-C-XXX-X5.jpg,https://pemilu2019.kpu.go.id/img/c/900/053/900053214/12050-07-C-XXX-X6.jpg
6728120381204912050900053215,SUMATERA UTARA,KOTA BINJAI,BINJAI KOTA,BERNGAM,TPS 08,2019-10-25 17:00:05,64,129,259,193,193,193,0,https://pemilu2019.kpu.go.id/img/c/900/053/900053215/12050-08-C-XXX-X33.jpg,https://pemilu2019.kpu.go.id/img/c/900/053/900053215/12050-08-C-XXX-X34.jpg
6728120381204912050900053216,SUMATERA UTARA,KOTA BINJAI,BINJAI KOTA,BERNGAM,TPS 09,2019-10-25 17:00:05,75,138,267,215,215,213,2,https://pemilu2019.kpu.go.id/img/c/900/053/900053216/12050-09-C-XXX-X33.jpg,https://pemilu2019.kpu.go.id/img/c/900/053/900053216/12050-09-C-XXX-X34.jpg
6728120381204912050900053217,SUMATERA UTARA,KOTA BINJAI,BINJAI KOTA,BERNGAM,TPS 10,2019-10-25 17:00:05,43,178,223,0,223,221,2,https://pemilu2019.kpu.go.id/img/c/900/053/900053217/12050-10-C-XXX-X5.jpg,https://pemilu2019.kpu.go.id/img/c/900/053/900053217/12050-10-C-XXX-X6.jpg
6728120381204912050900053218,SUMATERA UTARA,KOTA BINJAI,BINJAI KOTA,BERNGAM,TPS 11,2019-10-25 17:00:05,62,155,277,221,221,217,4,https://pemilu2019.kpu.go.id/img/c/900/053/900053218/12050-11-C-XXX-X5.jpg,https://pemilu2019.kpu.go.id/img/c/900/053/900053218/12050-11-C-XXX-X6.jpg
6728120381204912050900053219,SUMATERA UTARA,KOTA BINJAI,BINJAI KOTA,BERNGAM,TPS 12,2019-10-25 17:00:05,87,105,262,194,194,192,2,https://pemilu2019.kpu.go.id/img/c/900/053/900053219/12050-12-C-XXX-X5.jpg,https://pemilu2019.kpu.go.id/img/c/900/053/900053219/12050-12-C-XXX-X6.jpg
6728120381204912050900053220,SUMATERA UTARA,KOTA BINJAI,BINJAI KOTA,BERNGAM,TPS 13,2019-10-25 17:00:05,97,108,266,209,209,205,4,https://pemilu2019.kpu.go.id/img/c/900/053/900053220/12050-13-C-XXX-X5.jpg,https://pemilu2019.kpu.go.id/img/c/900/053/900053220/12050-13-C-XXX-X6.jpg
6728120381204912050900053221,SUMATERA UTARA,KOTA BINJAI,BINJAI KOTA,BERNGAM,TPS 14,2019-10-25 17:00:05,79,149,304,228,228,228,0,https://pemilu2019.kpu.go.id/img/c/900/053/900053221/12050-14-C-XXX-X33.jpg,https://pemilu2019.kpu.go.id/img/c/900/053/900053221/12050-14-C-XXX-X34.jpg
6728120381204912050900053222,SUMATERA UTARA,KOTA BINJAI,BINJAI KOTA,BERNGAM,TPS 15,2019-10-25 17:00:05,71,123,196,194,199,194,5,https://pemilu2019.kpu.go.id/img/c/900/053/900053222/1-12050-15-C-XXX-X5.jpg,https://pemilu2019.kpu.go.id/img/c/900/053/900053222/1-12050-15-C-XXX-X6.jpg
6728120381204912050900053223,SUMATERA UTARA,KOTA BINJAI,BINJAI KOTA,BERNGAM,TPS 16,2019-10-25 17:00:05,53,150,239,204,204,203,1,https://pemilu2019.kpu.go.id/img/c/900/053/900053223/12050-16-C-XXX-X33.jpg,https://pemilu2019.kpu.go.id/img/c/900/053/900053223/12050-16-C-XXX-X34.jpg
6728120381204912050900053224,SUMATERA UTARA,KOTA BINJAI,BINJAI KOTA,BERNGAM,TPS 17,2019-10-25 17:00:05,42,138,214,181,181,180,1,https://pemilu2019.kpu.go.id/img/c/900/053/900053224/12050-17-C-XXX-X5.jpg,https://pemilu2019.kpu.go.id/img/c/900/053/900053224/12050-17-C-XXX-X6.jpg
6728120381204912050900053225,SUMATERA UTARA,KOTA BINJAI,BINJAI KOTA,BERNGAM,TPS 18,2019-10-25 17:00:05,51,189,287,243,243,240,3,https://pemilu2019.kpu.go.id/img/c/900/053/900053225/12050-18-C-XXX-X5.jpg,https://pemilu2019.kpu.go.id/img/c/900/053/900053225/12050-18-C-XXX-X6.jpg
6728120381204912050900053226,SUMATERA UTARA,KOTA BINJAI,BINJAI KOTA,BERNGAM,TPS 19,2019-10-25 17:00:05,64,130,248,194,194,194,0,https://pemilu2019.kpu.go.id/img/c/900/053/900053226/12050-19-C-XXX-X5.jpg,https://pemilu2019.kpu.go.id/img/c/900/053/900053226/12050-19-C-XXX-X6.jpg
6728120381204912050900053227,SUMATERA UTARA,KOTA BINJAI,BINJAI KOTA,BERNGAM,TPS 20,2019-10-25 17:00:05,73,125,257,202,202,198,4,https://pemilu2019.kpu.go.id/img/c/900/053/900053227/12050-20-C-XXX-X5.jpg,https://pemilu2019.kpu.go.id/img/c/900/053/900053227/12050-20-C-XXX-X6.jpg
6728120381204912050900053228,SUMATERA UTARA,KOTA BINJAI,BINJAI KOTA,BERNGAM,TPS 21,2019-10-25 17:00:05,76,137,290,214,214,213,1,https://pemilu2019.kpu.go.id/img/c/900/053/900053228/12050-21-C-XXX-X5.jpg,https://pemilu2019.kpu.go.id/img/c/900/053/900053228/12050-21-C-XXX-X6.jpg
6728120381204912050900053229,SUMATERA UTARA,KOTA BINJAI,BINJAI KOTA,BERNGAM,TPS 22,2019-10-25 17:00:05,110,120,0,0,233,230,3,https://pemilu2019.kpu.go.id/img/c/900/053/900053229/12050-22-C-XXX-X33.jpg,https://pemilu2019.kpu.go.id/img/c/900/053/900053229/12050-22-C-XXX-X34.jpg
6728120381204912050900053230,SUMATERA UTARA,KOTA BINJAI,BINJAI KOTA,BERNGAM,TPS 23,2019-10-25 17:00:05,95,128,301,224,287,223,64,https://pemilu2019.kpu.go.id/img/c/900/053/900053230/2-12050-23-C1-PPWP-X1.jpg,https://pemilu2019.kpu.go.id/img/c/900/053/900053230/2-12050-23-C1-PPWP-X2.jpg
6728120381204912050900053231,SUMATERA UTARA,KOTA BINJAI,BINJAI KOTA,BERNGAM,TPS 24,2019-10-25 17:00:05,64,173,302,239,239,237,2,https://pemilu2019.kpu.go.id/img/c/900/053/900053231/12050-24-C-XXX-X5.jpg,https://pemilu2019.kpu.go.id/img/c/900/053/900053231/12050-24-C-XXX-X6.jpg
6728120381204912050900053232,SUMATERA UTARA,KOTA BINJAI,BINJAI KOTA,BERNGAM,TPS 25,2019-10-25 17:00:05,37,138,227,178,178,175,3,https://pemilu2019.kpu.go.id/img/c/900/053/900053232/12050-25-C-XXX-X33.jpg,https://pemilu2019.kpu.go.id/img/c/900/053/900053232/12050-25-C-XXX-X34.jpg
6728120381204912050900053233,SUMATERA UTARA,KOTA BINJAI,BINJAI KOTA,BERNGAM,TPS 26,2019-10-25 17:00:05,36,156,261,192,265,192,73,https://pemilu2019.kpu.go.id/img/c/900/053/900053233/12050-26-C-XXX-X61.jpg,https://pemilu2019.kpu.go.id/img/c/900/053/900053233/12050-26-C-XXX-X62.jpg
6728120381204912050900053234,SUMATERA UTARA,KOTA BINJAI,BINJAI KOTA,BERNGAM,TPS 27,2019-10-25 17:00:05,100,135,305,237,237,235,2,https://pemilu2019.kpu.go.id/img/c/900/053/900053234/1-12050-27-C-XXX-X5.jpg,https://pemilu2019.kpu.go.id/img/c/900/053/900053234/1-12050-27-C-XXX-X6.jpg
6728120381204912055900053274,SUMATERA UTARA,KOTA BINJAI,BINJAI KOTA,BINJAI,TPS 1,2019-10-25 17:00:05,65,146,262,212,212,204,8,https://pemilu2019.kpu.go.id/img/c/900/053/900053274/12055-1-C-XXX-X5.jpg,https://pemilu2019.kpu.go.id/img/c/900/053/900053274/12055-1-C-XXX-X6.jpg
6728120381204912055900053275,SUMATERA UTARA,KOTA BINJAI,BINJAI KOTA,BINJAI,TPS 2,2019-10-25 17:00:05,68,123,244,192,192,191,1,https://pemilu2019.kpu.go.id/img/c/900/053/900053275/12055-2-C-XXX-X5.jpg,https://pemilu2019.kpu.go.id/img/c/900/053/900053275/12055-2-C-XXX-X6.jpg
6728120381204912055900053276,SUMATERA UTARA,KOTA BINJAI,BINJAI KOTA,BINJAI,TPS 3,2019-10-25 17:00:05,70,117,263,187,187,187,0,https://pemilu2019.kpu.go.id/img/c/900/053/900053276/12055-3-C-XXX-X33.jpg,https://pemilu2019.kpu.go.id/img/c/900/053/900053276/12055-3-C-XXX-X34.jpg
6728120381204912055900053277,SUMATERA UTARA,KOTA BINJAI,BINJAI KOTA,BINJAI,TPS 4,2019-10-25 17:00:05,37,175,266,239,216,212,4,https://pemilu2019.kpu.go.id/img/c/900/053/900053277/12055-4-C-XXX-X5.jpg,https://pemilu2019.kpu.go.id/img/c/900/053/900053277/12055-4-C-XXX-X6.jpg
6728120381204912055900053278,SUMATERA UTARA,KOTA BINJAI,BINJAI KOTA,BINJAI,TPS 5,2019-10-25 17:00:05,55,125,259,182,182,180,2,https://pemilu2019.kpu.go.id/img/c/900/053/900053278/12055-5-C-XXX-X5.jpg,https://pemilu2019.kpu.go.id/img/c/900/053/900053278/12055-5-C-XXX-X6.jpg
6728120381204912055900053279,SUMATERA UTARA,KOTA BINJAI,BINJAI KOTA,BINJAI,TPS 6,2019-10-25 17:00:05,81,93,238,175,175,174,1,https://pemilu2019.kpu.go.id/img/c/900/053/900053279/12055-6-C-XXX-X5.jpg,https://pemilu2019.kpu.go.id/img/c/900/053/900053279/12055-6-C-XXX-X6.jpg
6728120381204912055900053280,SUMATERA UTARA,KOTA BINJAI,BINJAI KOTA,BINJAI,TPS 7,2019-10-25 17:00:05,126,31,251,159,159,157,2,https://pemilu2019.kpu.go.id/img/c/900/053/900053280/12055-7-C-XXX-X5.jpg,https://pemilu2019.kpu.go.id/img/c/900/053/900053280/12055-7-C-XXX-X6.jpg
6728120381204912055900053281,SUMATERA UTARA,KOTA BINJAI,BINJAI KOTA,BINJAI,TPS 8,2019-10-25 17:00:05,124,24,232,148,149,148,1,https://pemilu2019.kpu.go.id/img/c/900/053/900053281/12055-8-C-XXX-X5.jpg,https://pemilu2019.kpu.go.id/img/c/900/053/900053281/12055-8-C-XXX-X6.jpg
6728120381204912055900053282,SUMATERA UTARA,KOTA BINJAI,BINJAI KOTA,BINJAI,TPS 9,2019-10-25 17:00:05,150,32,232,184,184,182,2,https://pemilu2019.kpu.go.id/img/c/900/053/900053282/12055-9-C-XXX-X33.jpg,https://pemilu2019.kpu.go.id/img/c/900/053/900053282/12055-9-C-XXX-X34.jpg
6728120381204912053900053256,SUMATERA UTARA,KOTA BINJAI,BINJAI KOTA,KARTINI,TPS 1,2019-10-25 17:00:05,88,122,273,211,211,210,1,https://pemilu2019.kpu.go.id/img/c/900/053/900053256/12053-1-C-XXX-X5.jpg,https://pemilu2019.kpu.go.id/img/c/900/053/900053256/12053-1-C-XXX-X6.jpg
6728120381204912053900053257,SUMATERA UTARA,KOTA BINJAI,BINJAI KOTA,KARTINI,TPS 2,2019-10-25 17:00:05,191,66,317,258,258,257,1,https://pemilu2019.kpu.go.id/img/c/900/053/900053257/12053-2-C-XXX-X5.jpg,https://pemilu2019.kpu.go.id/img/c/900/053/900053257/12053-2-C-XXX-X6.jpg
6728120381204912053900053258,SUMATERA UTARA,KOTA BINJAI,BINJAI KOTA,KARTINI,TPS 3,2019-10-25 17:00:05,134,86,276,220,220,220,0,https://pemilu2019.kpu.go.id/img/c/900/053/900053258/12053-3-C-XXX-X5.jpg,https://pemilu2019.kpu.go.id/img/c/900/053/900053258/12053-3-C-XXX-X6.jpg
6728120381204912053900053259,SUMATERA UTARA,KOTA BINJAI,BINJAI KOTA,KARTINI,TPS 4,2019-10-25 17:00:05,109,87,254,197,197,196,1,https://pemilu2019.kpu.go.id/img/c/900/053/900053259/12053-4-C-XXX-X5.jpg,https://pemilu2019.kpu.go.id/img/c/900/053/900053259/12053-4-C-XXX-X6.jpg
6728120381204912053900053260,SUMATERA UTARA,KOTA BINJAI,BINJAI KOTA,KARTINI,TPS 5,2019-10-25 17:00:05,76,141,256,217,217,217,0,https://pemilu2019.kpu.go.id/img/c/900/053/900053260/12053-5-C-XXX-X33.jpg,https://pemilu2019.kpu.go.id/img/c/900/053/900053260/12053-5-C-XXX-X34.jpg
6728120381204912053900053261,SUMATERA UTARA,KOTA BINJAI,BINJAI KOTA,KARTINI,TPS 6,2019-10-25 17:00:05,117,80,266,198,198,197,1,https://pemilu2019.kpu.go.id/img/c/900/053/900053261/12053-6-C-XXX-X5.jpg,https://pemilu2019.kpu.go.id/img/c/900/053/900053261/12053-6-C-XXX-X6.jpg
6728120381204912053900053262,SUMATERA UTARA,KOTA BINJAI,BINJAI KOTA,KARTINI,TPS 7,2019-10-25 17:00:05,107,63,220,170,170,170,0,https://pemilu2019.kpu.go.id/img/c/900/053/900053262/12053-7-C-XXX-X5.jpg,https://pemilu2019.kpu.go.id/img/c/900/053/900053262/12053-7-C-XXX-X6.jpg
6728120381204912053900053263,SUMATERA UTARA,KOTA BINJAI,BINJAI KOTA,KARTINI,TPS 8,2019-10-25 17:00:05,63,100,217,165,165,163,2,https://pemilu2019.kpu.go.id/img/c/900/053/900053263/12053-8-C-XXX-X33.jpg,https://pemilu2019.kpu.go.id/img/c/900/053/900053263/12053-8-C-XXX-X34.jpg
6728120381204912053900053264,SUMATERA UTARA,KOTA BINJAI,BINJAI KOTA,KARTINI,TPS 9,2019-10-25 17:00:05,87,112,244,201,201,199,2,https://pemilu2019.kpu.go.id/img/c/900/053/900053264/12053-9-C-XXX-X33.jpg,https://pemilu2019.kpu.go.id/img/c/900/053/900053264/12053-9-C-XXX-X34.jpg
6728120381204912056900053283,SUMATERA UTARA,KOTA BINJAI,BINJAI KOTA,PEKAN BINJAI,TPS 01,2019-10-25 17:00:05,154,28,282,191,191,182,9,https://pemilu2019.kpu.go.id/img/c/900/053/900053283/12056-01-C-XXX-X5.jpg,https://pemilu2019.kpu.go.id/img/c/900/053/900053283/12056-01-C-XXX-X6.jpg
6728120381204912056900053284,SUMATERA UTARA,KOTA BINJAI,BINJAI KOTA,PEKAN BINJAI,TPS 02,2019-10-25 17:00:05,150,33,187,187,187,183,4,https://pemilu2019.kpu.go.id/img/c/900/053/900053284/12056-02-C-XXX-X33.jpg,https://pemilu2019.kpu.go.id/img/c/900/053/900053284/12056-02-C-XXX-X34.jpg
6728120381204912056900053285,SUMATERA UTARA,KOTA BINJAI,BINJAI KOTA,PEKAN BINJAI,TPS 03,2019-10-25 17:00:05,125,35,254,164,164,160,4,https://pemilu2019.kpu.go.id/img/c/900/053/900053285/12056-03-C-XXX-X5.jpg,https://pemilu2019.kpu.go.id/img/c/900/053/900053285/12056-03-C-XXX-X6.jpg
6728120381204912056900053286,SUMATERA UTARA,KOTA BINJAI,BINJAI KOTA,PEKAN BINJAI,TPS 04,2019-10-25 17:00:05,148,40,232,192,192,4,188,https://pemilu2019.kpu.go.id/img/c/900/053/900053286/12056-04-C-XXX-X33.jpg,https://pemilu2019.kpu.go.id/img/c/900/053/900053286/12056-04-C-XXX-X34.jpg
6728120381204912056900053287,SUMATERA UTARA,KOTA BINJAI,BINJAI KOTA,PEKAN BINJAI,TPS 05,2019-10-25 17:00:05,111,60,272,172,172,171,1,https://pemilu2019.kpu.go.id/img/c/900/053/900053287/1-12056-05-C-XXX-X5.jpg,https://pemilu2019.kpu.go.id/img/c/900/053/900053287/1-12056-05-C-XXX-X6.jpg
6728120381204912056900053288,SUMATERA UTARA,KOTA BINJAI,BINJAI KOTA,PEKAN BINJAI,TPS 06,2019-10-25 17:00:05,103,43,251,152,152,146,6,https://pemilu2019.kpu.go.id/img/c/900/053/900053288/1-12056-06-C-XXX-X5.jpg,https://pemilu2019.kpu.go.id/img/c/900/053/900053288/1-12056-06-C-XXX-X6.jpg
6728120381204912056900053289,SUMATERA UTARA,KOTA BINJAI,BINJAI KOTA,PEKAN BINJAI,TPS 07,2019-10-25 17:00:05,148,9,252,160,160,157,3,https://pemilu2019.kpu.go.id/img/c/900/053/900053289/12056-07-C-XXX-X5.jpg,https://pemilu2019.kpu.go.id/img/c/900/053/900053289/12056-07-C-XXX-X6.jpg
6728120381204912056900053290,SUMATERA UTARA,KOTA BINJAI,BINJAI KOTA,PEKAN BINJAI,TPS 08,2019-10-25 17:00:05,130,8,250,139,139,138,1,https://pemilu2019.kpu.go.id/img/c/900/053/900053290/1-12056-08-C-XXX-X5.jpg,https://pemilu2019.kpu.go.id/img/c/900/053/900053290/1-12056-08-C-XXX-X6.jpg
6728120381204912056900053291,SUMATERA UTARA,KOTA BINJAI,BINJAI KOTA,PEKAN BINJAI,TPS 09,2019-10-25 17:00:05,137,4,239,142,142,141,1,https://pemilu2019.kpu.go.id/img/c/900/053/900053291/2-12056-09-C-XXX-X5.jpg,https://pemilu2019.kpu.go.id/img/c/900/053/900053291/2-12056-09-C-XXX-X6.jpg
6728120381204912056900053292,SUMATERA UTARA,KOTA BINJAI,BINJAI KOTA,PEKAN BINJAI,TPS 10,2019-10-25 17:00:05,135,2,238,141,141,137,4,https://pemilu2019.kpu.go.id/img/c/900/053/900053292/12056-10-C-XXX-X5.jpg,https://pemilu2019.kpu.go.id/img/c/900/053/900053292/12056-10-C-XXX-X6.jpg
6728120381204912056900053293,SUMATERA UTARA,KOTA BINJAI,BINJAI KOTA,PEKAN BINJAI,TPS 11,2019-10-25 17:00:05,174,7,281,182,182,181,1,https://pemilu2019.kpu.go.id/img/c/900/053/900053293/12056-11-C-XXX-X5.jpg,https://pemilu2019.kpu.go.id/img/c/900/053/900053293/12056-11-C-XXX-X6.jpg
6728120381204912056900053294,SUMATERA UTARA,KOTA BINJAI,BINJAI KOTA,PEKAN BINJAI,TPS 12,2019-10-25 17:00:05,165,9,275,176,176,174,2,https://pemilu2019.kpu.go.id/img/c/900/053/900053294/12056-12-C-XXX-X5.jpg,https://pemilu2019.kpu.go.id/img/c/900/053/900053294/12056-12-C-XXX-X6.jpg
6728120381204912056900053295,SUMATERA UTARA,KOTA BINJAI,BINJAI KOTA,PEKAN BINJAI,TPS 13,2019-10-25 17:00:05,211,9,298,216,220,220,0,https://pemilu2019.kpu.go.id/img/c/900/053/900053295/12056-13-C-XXX-X33.jpg,https://pemilu2019.kpu.go.id/img/c/900/053/900053295/12056-13-C-XXX-X34.jpg
6728120381204912056900053296,SUMATERA UTARA,KOTA BINJAI,BINJAI KOTA,PEKAN BINJAI,TPS 14,2019-10-25 17:00:05,137,9,245,146,146,146,0,https://pemilu2019.kpu.go.id/img/c/900/053/900053296/12056-14-C-XXX-X5.jpg,https://pemilu2019.kpu.go.id/img/c/900/053/900053296/12056-14-C-XXX-X6.jpg
6728120381204912056900053297,SUMATERA UTARA,KOTA BINJAI,BINJAI KOTA,PEKAN BINJAI,TPS 15,2019-10-25 17:00:05,161,16,236,178,178,177,1,https://pemilu2019.kpu.go.id/img/c/900/053/900053297/12056-15-C-XXX-X33.jpg,https://pemilu2019.kpu.go.id/img/c/900/053/900053297/12056-15-C-XXX-X34.jpg
6728120381204912056900053298,SUMATERA UTARA,KOTA BINJAI,BINJAI KOTA,PEKAN BINJAI,TPS 16,2019-10-25 17:00:05,136,19,230,155,155,155,0,https://pemilu2019.kpu.go.id/img/c/900/053/900053298/12056-16-C-XXX-X5.jpg,https://pemilu2019.kpu.go.id/img/c/900/053/900053298/12056-16-C-XXX-X6.jpg
6728120381204912056900053299,SUMATERA UTARA,KOTA BINJAI,BINJAI KOTA,PEKAN BINJAI,TPS 17,2019-10-25 17:00:05,164,19,222,184,184,183,1,https://pemilu2019.kpu.go.id/img/c/900/053/900053299/12056-17-C-XXX-X5.jpg,https://pemilu2019.kpu.go.id/img/c/900/053/900053299/12056-17-C-XXX-X6.jpg
6728120381204912051900053235,SUMATERA UTARA,KOTA BINJAI,BINJAI KOTA,SATRIA,TPS 1,2019-10-25 17:00:05,61,176,272,237,237,237,0,https://pemilu2019.kpu.go.id/img/c/900/053/900053235/12051-1-C-XXX-X5.jpg,https://pemilu2019.kpu.go.id/img/c/900/053/900053235/12051-1-C-XXX-X6.jpg
6728120381204912051900053236,SUMATERA UTARA,KOTA BINJAI,BINJAI KOTA,SATRIA,TPS 2,2019-10-25 17:00:05,71,159,272,234,234,230,4,https://pemilu2019.kpu.go.id/img/c/900/053/900053236/12051-2-C-XXX-X33.jpg,https://pemilu2019.kpu.go.id/img/c/900/053/900053236/12051-2-C-XXX-X34.jpg
6728120381204912051900053237,SUMATERA UTARA,KOTA BINJAI,BINJAI KOTA,SATRIA,TPS 3,2019-10-25 17:00:05,109,162,310,273,273,271,2,https://pemilu2019.kpu.go.id/img/c/900/053/900053237/12051-3-C-XXX-X5.jpg,https://pemilu2019.kpu.go.id/img/c/900/053/900053237/12051-3-C-XXX-X6.jpg
6728120381204912051900053238,SUMATERA UTARA,KOTA BINJAI,BINJAI KOTA,SATRIA,TPS 4,2019-10-25 17:00:05,76,177,282,259,259,253,6,https://pemilu2019.kpu.go.id/img/c/900/053/900053238/12051-4-C-XXX-X33.jpg,https://pemilu2019.kpu.go.id/img/c/900/053/900053238/12051-4-C-XXX-X34.jpg
6728120381204912051900053239,SUMATERA UTARA,KOTA BINJAI,BINJAI KOTA,SATRIA,TPS 5,2019-10-25 17:00:05,127,93,278,221,221,220,1,https://pemilu2019.kpu.go.id/img/c/900/053/900053239/12051-5-C-XXX-X5.jpg,https://pemilu2019.kpu.go.id/img/c/900/053/900053239/12051-5-C-XXX-X6.jpg
6728120381204912051900053240,SUMATERA UTARA,KOTA BINJAI,BINJAI KOTA,SATRIA,TPS 6,2019-10-25 17:00:05,70,143,262,214,214,213,1,https://pemilu2019.kpu.go.id/img/c/900/053/900053240/12051-6-C-XXX-X5.jpg,https://pemilu2019.kpu.go.id/img/c/900/053/900053240/12051-6-C-XXX-X6.jpg
6728120381204912051900053241,SUMATERA UTARA,KOTA BINJAI,BINJAI KOTA,SATRIA,TPS 7,2019-10-25 17:00:05,74,146,262,221,221,220,1,https://pemilu2019.kpu.go.id/img/c/900/053/900053241/12051-7-C-XXX-X5.jpg,https://pemilu2019.kpu.go.id/img/c/900/053/900053241/12051-7-C-XXX-X6.jpg
6728120381204912051900053242,SUMATERA UTARA,KOTA BINJAI,BINJAI KOTA,SATRIA,TPS 8,2019-10-25 17:00:05,107,142,299,250,250,249,1,https://pemilu2019.kpu.go.id/img/c/900/053/900053242/12051-8-C-XXX-X33.jpg,https://pemilu2019.kpu.go.id/img/c/900/053/900053242/12051-8-C-XXX-X34.jpg
6728120381204912051900053243,SUMATERA UTARA,KOTA BINJAI,BINJAI KOTA,SATRIA,TPS 9,2019-10-25 17:00:05,106,107,253,214,214,213,1,https://pemilu2019.kpu.go.id/img/c/900/053/900053243/12051-9-C-XXX-X61.jpg,https://pemilu2019.kpu.go.id/img/c/900/053/900053243/12051-9-C-XXX-X62.jpg
6728120381204912052900053244,SUMATERA UTARA,KOTA BINJAI,BINJAI KOTA,SETIA,TPS 01,2019-10-25 17:00:05,69,152,280,224,224,221,3,https://pemilu2019.kpu.go.id/img/c/900/053/900053244/12052-01-C-XXX-X5.jpg,https://pemilu2019.kpu.go.id/img/c/900/053/900053244/12052-01-C-XXX-X6.jpg
6728120381204912052900053245,SUMATERA UTARA,KOTA BINJAI,BINJAI KOTA,SETIA,TPS 02,2019-10-25 17:00:05,33,192,294,227,227,225,2,https://pemilu2019.kpu.go.id/img/c/900/053/900053245/12052-02-C-XXX-X5.jpg,https://pemilu2019.kpu.go.id/img/c/900/053/900053245/12052-02-C-XXX-X6.jpg
6728120381204912052900053246,SUMATERA UTARA,KOTA BINJAI,BINJAI KOTA,SETIA,TPS 03,2019-10-25 17:00:05,58,161,276,220,220,219,1,https://pemilu2019.kpu.go.id/img/c/900/053/900053246/12052-03-C-XXX-X5.jpg,https://pemilu2019.kpu.go.id/img/c/900/053/900053246/12052-03-C-XXX-X6.jpg
6728120381204912052900053247,SUMATERA UTARA,KOTA BINJAI,BINJAI KOTA,SETIA,TPS 04,2019-10-25 17:00:05,42,210,289,253,253,252,1,https://pemilu2019.kpu.go.id/img/c/900/053/900053247/12052-04-C-XXX-X33.jpg,https://pemilu2019.kpu.go.id/img/c/900/053/900053247/12052-04-C-XXX-X34.jpg
6728120381204912052900053248,SUMATERA UTARA,KOTA BINJAI,BINJAI KOTA,SETIA,TPS 05,2019-10-25 17:00:05,24,197,283,224,224,221,3,https://pemilu2019.kpu.go.id/img/c/900/053/900053248/12052-05-C-XXX-X5.jpg,https://pemilu2019.kpu.go.id/img/c/900/053/900053248/12052-05-C-XXX-X6.jpg
6728120381204912052900053249,SUMATERA UTARA,KOTA BINJAI,BINJAI KOTA,SETIA,TPS 06,2019-10-25 17:00:05,28,207,274,239,239,235,4,https://pemilu2019.kpu.go.id/img/c/900/053/900053249/12052-06-C-XXX-X5.jpg,https://pemilu2019.kpu.go.id/img/c/900/053/900053249/12052-06-C-XXX-X6.jpg
6728120381204912052900053250,SUMATERA UTARA,KOTA BINJAI,BINJAI KOTA,SETIA,TPS 07,2019-10-25 17:00:05,27,171,248,201,201,198,3,https://pemilu2019.kpu.go.id/img/c/900/053/900053250/12052-07-C-XXX-X5.jpg,https://pemilu2019.kpu.go.id/img/c/900/053/900053250/12052-07-C-XXX-X6.jpg
6728120381204912052900053251,SUMATERA UTARA,KOTA BINJAI,BINJAI KOTA,SETIA,TPS 08,2019-10-25 17:00:05,25,201,278,227,227,226,1,https://pemilu2019.kpu.go.id/img/c/900/053/900053251/1-12052-08-C-XXX-X5.jpg,https://pemilu2019.kpu.go.id/img/c/900/053/900053251/1-12052-08-C-XXX-X6.jpg
6728120381204912052900053252,SUMATERA UTARA,KOTA BINJAI,BINJAI KOTA,SETIA,TPS 09,2019-10-25 17:00:05,24,220,274,246,246,244,2,https://pemilu2019.kpu.go.id/img/c/900/053/900053252/12052-09-C-XXX-X5.jpg,https://pemilu2019.kpu.go.id/img/c/900/053/900053252/12052-09-C-XXX-X6.jpg
6728120381204912052900053253,SUMATERA UTARA,KOTA BINJAI,BINJAI KOTA,SETIA,TPS 10,2019-10-25 17:00:05,34,183,275,217,217,217,0,https://pemilu2019.kpu.go.id/img/c/900/053/900053253/3-12052-10-C-XXX-X5.jpg,https://pemilu2019.kpu.go.id/img/c/900/053/900053253/3-12052-10-C-XXX-X6.jpg
6728120381204912052900053254,SUMATERA UTARA,KOTA BINJAI,BINJAI KOTA,SETIA,TPS 11,2019-10-25 17:00:05,144,79,294,228,228,223,5,https://pemilu2019.kpu.go.id/img/c/900/053/900053254/12052-11-C-XXX-X33.jpg,https://pemilu2019.kpu.go.id/img/c/900/053/900053254/12052-11-C-XXX-X34.jpg
6728120381204912052900053255,SUMATERA UTARA,KOTA BINJAI,BINJAI KOTA,SETIA,TPS 12,2019-10-25 17:00:05,129,80,276,211,211,209,2,https://pemilu2019.kpu.go.id/img/c/900/053/900053255/12052-12-C-XXX-X5.jpg,https://pemilu2019.kpu.go.id/img/c/900/053/900053255/12052-12-C-XXX-X6.jpg
6728120381204912054900053265,SUMATERA UTARA,KOTA BINJAI,BINJAI KOTA,TANGSI,TPS 1,2019-10-25 17:00:05,50,128,240,179,179,178,1,https://pemilu2019.kpu.go.id/img/c/900/053/900053265/12054-1-C-XXX-X5.jpg,https://pemilu2019.kpu.go.id/img/c/900/053/900053265/12054-1-C-XXX-X6.jpg
6728120381204912054900053266,SUMATERA UTARA,KOTA BINJAI,BINJAI KOTA,TANGSI,TPS 2,2019-10-25 17:00:05,38,155,243,194,194,193,1,https://pemilu2019.kpu.go.id/img/c/900/053/900053266/12054-2-C-XXX-X5.jpg,https://pemilu2019.kpu.go.id/img/c/900/053/900053266/12054-2-C-XXX-X6.jpg
6728120381204912054900053267,SUMATERA UTARA,KOTA BINJAI,BINJAI KOTA,TANGSI,TPS 3,2019-10-25 17:00:05,49,121,230,171,171,170,1,https://pemilu2019.kpu.go.id/img/c/900/053/900053267/12054-3-C-XXX-X5.jpg,https://pemilu2019.kpu.go.id/img/c/900/053/900053267/12054-3-C-XXX-X6.jpg
6728120381204912054900053268,SUMATERA UTARA,KOTA BINJAI,BINJAI KOTA,TANGSI,TPS 4,2019-10-25 17:00:05,28,143,174,174,174,171,3,https://pemilu2019.kpu.go.id/img/c/900/053/900053268/12054-4-C-XXX-X5.jpg,https://pemilu2019.kpu.go.id/img/c/900/053/900053268/12054-4-C-XXX-X6.jpg
6728120381204912054900053269,SUMATERA UTARA,KOTA BINJAI,BINJAI KOTA,TANGSI,TPS 5,2019-10-25 17:00:05,51,146,242,197,197,197,0,https://pemilu2019.kpu.go.id/img/c/900/053/900053269/12054-5-C-XXX-X33.jpg,https://pemilu2019.kpu.go.id/img/c/900/053/900053269/12054-5-C-XXX-X34.jpg
6728120381204912054900053270,SUMATERA UTARA,KOTA BINJAI,BINJAI KOTA,TANGSI,TPS 6,2019-10-25 17:00:05,48,152,247,202,202,200,2,https://pemilu2019.kpu.go.id/img/c/900/053/900053270/1-12054-6-C-XXX-X5.jpg,https://pemilu2019.kpu.go.id/img/c/900/053/900053270/1-12054-6-C-XXX-X6.jpg
6728120381204912054900053271,SUMATERA UTARA,KOTA BINJAI,BINJAI KOTA,TANGSI,TPS 7,2019-10-25 17:00:05,165,52,291,219,219,217,2,https://pemilu2019.kpu.go.id/img/c/900/053/900053271/12054-7-C-XXX-X5.jpg,https://pemilu2019.kpu.go.id/img/c/900/053/900053271/12054-7-C-XXX-X6.jpg
6728120381204912054900053272,SUMATERA UTARA,KOTA BINJAI,BINJAI KOTA,TANGSI,TPS 8,2019-10-25 17:00:05,132,78,297,211,211,210,1,https://pemilu2019.kpu.go.id/img/c/900/053/900053272/12054-8-C-XXX-X33.jpg,https://pemilu2019.kpu.go.id/img/c/900/053/900053272/12054-8-C-XXX-X34.jpg
6728120381204912054900053273,SUMATERA UTARA,KOTA BINJAI,BINJAI KOTA,TANGSI,TPS 9,2019-10-25 17:00:05,78,103,250,183,183,181,2,https://pemilu2019.kpu.go.id/img/c/900/053/900053273/12054-9-C-XXX-X33.jpg,https://pemilu2019.kpu.go.id/img/c/900/053/900053273/12054-9-C-XXX-X34.jpg
6728120381207212075900053621,SUMATERA UTARA,KOTA BINJAI,BINJAI SELATAN,BHAKTI KARYA,TPS 01,2019-10-25 17:00:05,116,94,263,215,215,210,5,https://pemilu2019.kpu.go.id/img/c/900/053/900053621/12075-01-C-XXX-X5.jpg,https://pemilu2019.kpu.go.id/img/c/900/053/900053621/12075-01-C-XXX-X6.jpg
6728120381207212075900053622,SUMATERA UTARA,KOTA BINJAI,BINJAI SELATAN,BHAKTI KARYA,TPS 02,2019-10-25 17:00:05,85,107,256,256,199,192,7,https://pemilu2019.kpu.go.id/img/c/900/053/900053622/12075-02-C-XXX-X5.jpg,https://pemilu2019.kpu.go.id/img/c/900/053/900053622/12075-02-C-XXX-X6.jpg
6728120381207212075900053623,SUMATERA UTARA,KOTA BINJAI,BINJAI SELATAN,BHAKTI KARYA,TPS 03,2019-10-25 17:00:05,74,131,251,210,210,205,5,https://pemilu2019.kpu.go.id/img/c/900/053/900053623/12075-03-C-XXX-X5.jpg,https://pemilu2019.kpu.go.id/img/c/900/053/900053623/12075-03-C-XXX-X6.jpg
6728120381207212075900053624,SUMATERA UTARA,KOTA BINJAI,BINJAI SELATAN,BHAKTI KARYA,TPS 04,2019-10-25 17:00:05,64,147,259,212,212,211,1,https://pemilu2019.kpu.go.id/img/c/900/053/900053624/12075-04-C-XXX-X5.jpg,https://pemilu2019.kpu.go.id/img/c/900/053/900053624/12075-04-C-XXX-X6.jpg
6728120381207212075900053625,SUMATERA UTARA,KOTA BINJAI,BINJAI SELATAN,BHAKTI KARYA,TPS 05,2019-10-25 17:00:05,72,123,267,200,200,195,5,https://pemilu2019.kpu.go.id/img/c/900/053/900053625/12075-05-C-XXX-X5.jpg,https://pemilu2019.kpu.go.id/img/c/900/053/900053625/12075-05-C-XXX-X6.jpg
6728120381207212075900053626,SUMATERA UTARA,KOTA BINJAI,BINJAI SELATAN,BHAKTI KARYA,TPS 06,2019-10-25 17:00:05,74,120,260,196,196,194,2,https://pemilu2019.kpu.go.id/img/c/900/053/900053626/12075-06-C-XXX-X5.jpg,https://pemilu2019.kpu.go.id/img/c/900/053/900053626/12075-06-C-XXX-X6.jpg
6728120381207212075900053627,SUMATERA UTARA,KOTA BINJAI,BINJAI SELATAN,BHAKTI KARYA,TPS 07,2019-10-25 17:00:05,78,130,267,211,211,208,3,https://pemilu2019.kpu.go.id/img/c/900/053/900053627/12075-07-C-XXX-X5.jpg,https://pemilu2019.kpu.go.id/img/c/900/053/900053627/12075-07-C-XXX-X6.jpg
6728120381207212075900053628,SUMATERA UTARA,KOTA BINJAI,BINJAI SELATAN,BHAKTI KARYA,TPS 08,2019-10-25 17:00:05,99,119,266,222,222,218,4,https://pemilu2019.kpu.go.id/img/c/900/053/900053628/12075-08-C-XXX-X5.jpg,https://pemilu2019.kpu.go.id/img/c/900/053/900053628/12075-08-C-XXX-X6.jpg
6728120381207212075900053629,SUMATERA UTARA,KOTA BINJAI,BINJAI SELATAN,BHAKTI KARYA,TPS 09,2019-10-25 17:00:05,93,123,267,221,221,216,5,https://pemilu2019.kpu.go.id/img/c/900/053/900053629/12075-09-C-XXX-X5.jpg,https://pemilu2019.kpu.go.id/img/c/900/053/900053629/12075-09-C-XXX-X6.jpg
6728120381207212075900053630,SUMATERA UTARA,KOTA BINJAI,BINJAI SELATAN,BHAKTI KARYA,TPS 10,2019-10-25 17:00:05,98,126,268,228,228,224,4,https://pemilu2019.kpu.go.id/img/c/900/053/900053630/12075-10-C-XXX-X5.jpg,https://pemilu2019.kpu.go.id/img/c/900/053/900053630/12075-10-C-XXX-X6.jpg
6728120381207212075900053631,SUMATERA UTARA,KOTA BINJAI,BINJAI SELATAN,BHAKTI KARYA,TPS 11,2019-10-25 17:00:05,84,127,261,216,216,211,5,https://pemilu2019.kpu.go.id/img/c/900/053/900053631/12075-11-C-XXX-X5.jpg,https://pemilu2019.kpu.go.id/img/c/900/053/900053631/12075-11-C-XXX-X6.jpg
6728120381207212075900053632,SUMATERA UTARA,KOTA BINJAI,BINJAI SELATAN,BHAKTI KARYA,TPS 12,2019-10-25 17:00:05,148,51,262,201,201,199,2,https://pemilu2019.kpu.go.id/img/c/900/053/900053632/12075-12-C-XXX-X5.jpg,https://pemilu2019.kpu.go.id/img/c/900/053/900053632/12075-12-C-XXX-X6.jpg
6728120381207212075900053633,SUMATERA UTARA,KOTA BINJAI,BINJAI SELATAN,BHAKTI KARYA,TPS 13,2019-10-25 17:00:05,175,56,284,234,234,231,3,https://pemilu2019.kpu.go.id/img/c/900/053/900053633/12075-13-C-XXX-X5.jpg,https://pemilu2019.kpu.go.id/img/c/900/053/900053633/12075-13-C-XXX-X6.jpg
6728120381207212075900053634,SUMATERA UTARA,KOTA BINJAI,BINJAI SELATAN,BHAKTI KARYA,TPS 14,2019-10-25 17:00:05,136,108,288,247,247,244,3,https://pemilu2019.kpu.go.id/img/c/900/053/900053634/12075-14-C-XXX-X5.jpg,https://pemilu2019.kpu.go.id/img/c/900/053/900053634/12075-14-C-XXX-X6.jpg
6728120381207212075900053635,SUMATERA UTARA,KOTA BINJAI,BINJAI SELATAN,BHAKTI KARYA,TPS 15,2019-10-25 17:00:05,76,136,264,215,215,212,3,https://pemilu2019.kpu.go.id/img/c/900/053/900053635/12075-15-C-XXX-X5.jpg,https://pemilu2019.kpu.go.id/img/c/900/053/900053635/12075-15-C-XXX-X6.jpg
6728120381207212075900053636,SUMATERA UTARA,KOTA BINJAI,BINJAI SELATAN,BHAKTI KARYA,TPS 16,2019-10-25 17:00:05,126,90,267,221,221,216,5,https://pemilu2019.kpu.go.id/img/c/900/053/900053636/12075-16-C-XXX-X5.jpg,https://pemilu2019.kpu.go.id/img/c/900/053/900053636/12075-16-C-XXX-X6.jpg
6728120381207212074900053583,SUMATERA UTARA,KOTA BINJAI,BINJAI SELATAN,BINJAI ESTATE,TPS 01,2019-10-25 17:00:05,116,52,235,168,168,168,0,https://pemilu2019.kpu.go.id/img/c/900/053/900053583/12074-01-C-XXX-X5.jpg,https://pemilu2019.kpu.go.id/img/c/900/053/900053583/12074-01-C-XXX-X6.jpg
6728120381207212074900053584,SUMATERA UTARA,KOTA BINJAI,BINJAI SELATAN,BINJAI ESTATE,TPS 02,2019-10-25 17:00:05,68,186,264,255,255,254,1,https://pemilu2019.kpu.go.id/img/c/900/053/900053584/12074-02-C-XXX-X5.jpg,https://pemilu2019.kpu.go.id/img/c/900/053/900053584/12074-02-C-XXX-X6.jpg
6728120381207212074900053585,SUMATERA UTARA,KOTA BINJAI,BINJAI SELATAN,BINJAI ESTATE,TPS 03,2019-10-25 17:00:05,74,170,278,245,245,244,1,https://pemilu2019.kpu.go.id/img/c/900/053/900053585/12074-03-C-XXX-X5.jpg,https://pemilu2019.kpu.go.id/img/c/900/053/900053585/12074-03-C-XXX-X6.jpg
6728120381207212074900053586,SUMATERA UTARA,KOTA BINJAI,BINJAI SELATAN,BINJAI ESTATE,TPS 04,2019-10-25 17:00:05,43,198,273,244,244,241,3,https://pemilu2019.kpu.go.id/img/c/900/053/900053586/12074-04-C-XXX-X5.jpg,https://pemilu2019.kpu.go.id/img/c/900/053/900053586/12074-04-C-XXX-X6.jpg
6728120381207212074900053587,SUMATERA UTARA,KOTA BINJAI,BINJAI SELATAN,BINJAI ESTATE,TPS 05,2019-10-25 17:00:05,54,164,267,219,219,218,1,https://pemilu2019.kpu.go.id/img/c/900/053/900053587/12074-05-C-XXX-X5.jpg,https://pemilu2019.kpu.go.id/img/c/900/053/900053587/12074-05-C-XXX-X6.jpg
6728120381207212074900053588,SUMATERA UTARA,KOTA BINJAI,BINJAI SELATAN,BINJAI ESTATE,TPS 06,2019-10-25 17:00:05,58,158,270,220,220,216,4,https://pemilu2019.kpu.go.id/img/c/900/053/900053588/12074-06-C-XXX-X5.jpg,https://pemilu2019.kpu.go.id/img/c/900/053/900053588/12074-06-C-XXX-X6.jpg
6728120381207212074900053589,SUMATERA UTARA,KOTA BINJAI,BINJAI SELATAN,BINJAI ESTATE,TPS 07,2019-10-25 17:00:05,59,177,267,239,239,236,3,https://pemilu2019.kpu.go.id/img/c/900/053/900053589/12074-07-C-XXX-X5.jpg,https://pemilu2019.kpu.go.id/img/c/900/053/900053589/12074-07-C-XXX-X6.jpg
6728120381207212074900053590,SUMATERA UTARA,KOTA BINJAI,BINJAI SELATAN,BINJAI ESTATE,TPS 08,2019-10-25 17:00:05,55,170,282,230,230,225,5,https://pemilu2019.kpu.go.id/img/c/900/053/900053590/12074-08-C-XXX-X5.jpg,https://pemilu2019.kpu.go.id/img/c/900/053/900053590/12074-08-C1-PPWP-02.jpg
6728120381207212074900053591,SUMATERA UTARA,KOTA BINJAI,BINJAI SELATAN,BINJAI ESTATE,TPS 09,2019-10-25 17:00:05,70,149,288,221,221,219,2,https://pemilu2019.kpu.go.id/img/c/900/053/900053591/12074-09-C-XXX-X5.jpg,https://pemilu2019.kpu.go.id/img/c/900/053/900053591/12074-09-C-XXX-X6.jpg
6728120381207212074900053592,SUMATERA UTARA,KOTA BINJAI,BINJAI SELATAN,BINJAI ESTATE,TPS 10,2019-10-25 17:00:05,75,173,286,248,253,248,5,https://pemilu2019.kpu.go.id/img/c/900/053/900053592/12074-10-C-XXX-X5.jpg,https://pemilu2019.kpu.go.id/img/c/900/053/900053592/12074-10-C-XXX-X6.jpg
6728120381207212074900053593,SUMATERA UTARA,KOTA BINJAI,BINJAI SELATAN,BINJAI ESTATE,TPS 11,2019-10-25 17:00:05,70,138,247,211,211,208,3,https://pemilu2019.kpu.go.id/img/c/900/053/900053593/12074-11-C-XXX-X5.jpg,https://pemilu2019.kpu.go.id/img/c/900/053/900053593/12074-11-C-XXX-X6.jpg
6728120381207212074900053594,SUMATERA UTARA,KOTA BINJAI,BINJAI SELATAN,BINJAI ESTATE,TPS 12,2019-10-25 17:00:05,57,159,275,219,219,216,3,https://pemilu2019.kpu.go.id/img/c/900/053/900053594/12074-12-C-XXX-X5.jpg,https://pemilu2019.kpu.go.id/img/c/900/053/900053594/12074-12-C-XXX-X6.jpg
6728120381207212074900053595,SUMATERA UTARA,KOTA BINJAI,BINJAI SELATAN,BINJAI ESTATE,TPS 13,2019-10-25 17:00:05,53,152,272,206,206,206,1,https://pemilu2019.kpu.go.id/img/c/900/053/900053595/12074-13-C-XXX-X5.jpg,https://pemilu2019.kpu.go.id/img/c/900/053/900053595/12074-13-C-XXX-X6.jpg
6728120381207212074900053596,SUMATERA UTARA,KOTA BINJAI,BINJAI SELATAN,BINJAI ESTATE,TPS 14,2019-10-25 17:00:05,65,160,257,228,228,225,3,https://pemilu2019.kpu.go.id/img/c/900/053/900053596/12074-14-C-XXX-X5.jpg,https://pemilu2019.kpu.go.id/img/c/900/053/900053596/12074-14-C-XXX-X6.jpg
6728120381207212074900053597,SUMATERA UTARA,KOTA BINJAI,BINJAI SELATAN,BINJAI ESTATE,TPS 15,2019-10-25 17:00:05,53,176,262,236,236,229,7,https://pemilu2019.kpu.go.id/img/c/900/053/900053597/12074-15-C-XXX-X5.jpg,https://pemilu2019.kpu.go.id/img/c/900/053/900053597/12074-15-C-XXX-X6.jpg
6728120381207212074900053598,SUMATERA UTARA,KOTA BINJAI,BINJAI SELATAN,BINJAI ESTATE,TPS 16,2019-10-25 17:00:05,48,159,278,210,210,207,3,https://pemilu2019.kpu.go.id/img/c/900/053/900053598/12074-16-C-XXX-X5.jpg,https://pemilu2019.kpu.go.id/img/c/900/053/900053598/12074-16-C-XXX-X6.jpg
6728120381207212074900053599,SUMATERA UTARA,KOTA BINJAI,BINJAI SELATAN,BINJAI ESTATE,TPS 17,2019-10-25 17:00:05,66,138,264,207,207,204,3,https://pemilu2019.kpu.go.id/img/c/900/053/900053599/12074-17-C-XXX-X5.jpg,https://pemilu2019.kpu.go.id/img/c/900/053/900053599/12074-17-C-XXX-X6.jpg
6728120381207212074900053600,SUMATERA UTARA,KOTA BINJAI,BINJAI SELATAN,BINJAI ESTATE,TPS 18,2019-10-25 17:00:05,71,143,280,220,220,214,6,https://pemilu2019.kpu.go.id/img/c/900/053/900053600/12074-18-C-XXX-X5.jpg,https://pemilu2019.kpu.go.id/img/c/900/053/900053600/12074-18-C-XXX-X6.jpg
6728120381207212074900053601,SUMATERA UTARA,KOTA BINJAI,BINJAI SELATAN,BINJAI ESTATE,TPS 19,2019-10-25 17:00:05,79,172,289,251,251,251,0,https://pemilu2019.kpu.go.id/img/c/900/053/900053601/12074-19-C-XXX-X5.jpg,https://pemilu2019.kpu.go.id/img/c/900/053/900053601/12074-19-C-XXX-X6.jpg
6728120381207212074900053602,SUMATERA UTARA,KOTA BINJAI,BINJAI SELATAN,BINJAI ESTATE,TPS 20,2019-10-25 17:00:05,72,165,301,240,240,237,3,https://pemilu2019.kpu.go.id/img/c/900/053/900053602/12074-20-C-XXX-X5.jpg,https://pemilu2019.kpu.go.id/img/c/900/053/900053602/12074-20-C-XXX-X6.jpg
6728120381207212074900053603,SUMATERA UTARA,KOTA BINJAI,BINJAI SELATAN,BINJAI ESTATE,TPS 21,2019-10-25 17:00:05,87,155,0,247,248,242,6,https://pemilu2019.kpu.go.id/img/c/900/053/900053603/12074-21-C-XXX-X5.jpg,https://pemilu2019.kpu.go.id/img/c/900/053/900053603/12074-21-C-XXX-X6.jpg
6728120381207212074900053604,SUMATERA UTARA,KOTA BINJAI,BINJAI SELATAN,BINJAI ESTATE,TPS 22,2019-10-25 17:00:05,78,111,241,191,191,189,2,https://pemilu2019.kpu.go.id/img/c/900/053/900053604/12074-22-C-XXX-X5.jpg,https://pemilu2019.kpu.go.id/img/c/900/053/900053604/12074-22-C-XXX-X6.jpg
6728120381207212074900053605,SUMATERA UTARA,KOTA BINJAI,BINJAI SELATAN,BINJAI ESTATE,TPS 23,2019-10-25 17:00:05,90,135,277,231,231,225,6,https://pemilu2019.kpu.go.id/img/c/900/053/900053605/12074-23-C-XXX-X5.jpg,https://pemilu2019.kpu.go.id/img/c/900/053/900053605/12074-23-C-XXX-X6.jpg
6728120381207212074900053606,SUMATERA UTARA,KOTA BINJAI,BINJAI SELATAN,BINJAI ESTATE,TPS 24,2019-10-25 17:00:05,76,124,277,205,205,200,5,https://pemilu2019.kpu.go.id/img/c/900/053/900053606/12074-24-C-XXX-X5.jpg,https://pemilu2019.kpu.go.id/img/c/900/053/900053606/12074-24-C-XXX-X6.jpg
6728120381207212074900053607,SUMATERA UTARA,KOTA BINJAI,BINJAI SELATAN,BINJAI ESTATE,TPS 25,2019-10-25 17:00:05,90,142,267,232,0,232,0,https://pemilu2019.kpu.go.id/img/c/900/053/900053607/12074-25-C-XXX-X5.jpg,https://pemilu2019.kpu.go.id/img/c/900/053/900053607/12074-25-C-XXX-X6.jpg
6728120381207212074900053608,SUMATERA UTARA,KOTA BINJAI,BINJAI SELATAN,BINJAI ESTATE,TPS 26,2019-10-25 17:00:05,97,102,264,206,206,199,7,https://pemilu2019.kpu.go.id/img/c/900/053/900053608/3-12074-26-C1-PPWP-X1.jpg,https://pemilu2019.kpu.go.id/img/c/900/053/900053608/3-12074-26-C1-PPWP-X2.jpg
6728120381207212074900053609,SUMATERA UTARA,KOTA BINJAI,BINJAI SELATAN,BINJAI ESTATE,TPS 27,2019-10-25 17:00:05,96,99,293,199,199,195,4,https://pemilu2019.kpu.go.id/img/c/900/053/900053609/12074-27-C-XXX-X5.jpg,https://pemilu2019.kpu.go.id/img/c/900/053/900053609/12074-27-C-XXX-X6.jpg
6728120381207212074900053610,SUMATERA UTARA,KOTA BINJAI,BINJAI SELATAN,BINJAI ESTATE,TPS 28,2019-10-25 17:00:05,97,127,338,228,228,224,4,https://pemilu2019.kpu.go.id/img/c/900/053/900053610/12074-28-C-XXX-X5.jpg,https://pemilu2019.kpu.go.id/img/c/900/053/900053610/12074-28-C-XXX-X6.jpg
6728120381207212074900053611,SUMATERA UTARA,KOTA BINJAI,BINJAI SELATAN,BINJAI ESTATE,TPS 29,2019-10-25 17:00:05,88,145,339,236,236,233,3,https://pemilu2019.kpu.go.id/img/c/900/053/900053611/12074-29-C-XXX-X5.jpg,https://pemilu2019.kpu.go.id/img/c/900/053/900053611/12074-29-C-XXX-X6.jpg
6728120381207212074900053612,SUMATERA UTARA,KOTA BINJAI,BINJAI SELATAN,BINJAI ESTATE,TPS 30,2019-10-25 17:00:05,106,139,354,249,245,245,0,https://pemilu2019.kpu.go.id/img/c/900/053/900053612/12074-30-C-XXX-X5.jpg,https://pemilu2019.kpu.go.id/img/c/900/053/900053612/12074-30-C-XXX-X6.jpg
6728120381207212074900053613,SUMATERA UTARA,KOTA BINJAI,BINJAI SELATAN,BINJAI ESTATE,TPS 31,2019-10-25 17:00:05,145,112,325,261,261,256,5,https://pemilu2019.kpu.go.id/img/c/900/053/900053613/12074-31-C-XXX-X5.jpg,https://pemilu2019.kpu.go.id/img/c/900/053/900053613/12074-31-C-XXX-X6.jpg
6728120381207212074900053614,SUMATERA UTARA,KOTA BINJAI,BINJAI SELATAN,BINJAI ESTATE,TPS 32,2019-10-25 17:00:05,108,107,262,221,221,215,6,https://pemilu2019.kpu.go.id/img/c/900/053/900053614/12074-32-C-XXX-X5.jpg,https://pemilu2019.kpu.go.id/img/c/900/053/900053614/12074-32-C-XXX-X6.jpg
6728120381207212074900053615,SUMATERA UTARA,KOTA BINJAI,BINJAI SELATAN,BINJAI ESTATE,TPS 33,2019-10-25 17:00:05,85,149,275,237,237,234,3,https://pemilu2019.kpu.go.id/img/c/900/053/900053615/12074-33-C-XXX-X5.jpg,https://pemilu2019.kpu.go.id/img/c/900/053/900053615/12074-33-C-XXX-X6.jpg
6728120381207212074900053616,SUMATERA UTARA,KOTA BINJAI,BINJAI SELATAN,BINJAI ESTATE,TPS 34,2019-10-25 17:00:05,104,113,260,219,219,217,2,https://pemilu2019.kpu.go.id/img/c/900/053/900053616/5-12074-34-C-XXX-X5.jpg,https://pemilu2019.kpu.go.id/img/c/900/053/900053616/5-12074-34-C-XXX-X6.jpg
6728120381207212074900053617,SUMATERA UTARA,KOTA BINJAI,BINJAI SELATAN,BINJAI ESTATE,TPS 35,2019-10-25 17:00:05,71,98,252,171,171,169,2,https://pemilu2019.kpu.go.id/img/c/900/053/900053617/12074-35-C-XXX-X5.jpg,https://pemilu2019.kpu.go.id/img/c/900/053/900053617/12074-35-C-XXX-X6.jpg
6728120381207212074900053618,SUMATERA UTARA,KOTA BINJAI,BINJAI SELATAN,BINJAI ESTATE,TPS 36,2019-10-25 17:00:05,34,118,261,153,153,152,1,https://pemilu2019.kpu.go.id/img/c/900/053/900053618/12074-36-C-XXX-X5.jpg,https://pemilu2019.kpu.go.id/img/c/900/053/900053618/12074-36-C-XXX-X6.jpg
6728120381207212074900053619,SUMATERA UTARA,KOTA BINJAI,BINJAI SELATAN,BINJAI ESTATE,TPS 37,2019-10-25 17:00:05,35,111,262,148,148,146,2,https://pemilu2019.kpu.go.id/img/c/900/053/900053619/12074-37-C-XXX-X5.jpg,https://pemilu2019.kpu.go.id/img/c/900/053/900053619/12074-37-C-XXX-X6.jpg
6728120381207212074900053620,SUMATERA UTARA,KOTA BINJAI,BINJAI SELATAN,BINJAI ESTATE,TPS 38,2019-10-25 17:00:05,73,103,254,177,177,176,1,https://pemilu2019.kpu.go.id/img/c/900/053/900053620/12074-38-C-XXX-X5.jpg,https://pemilu2019.kpu.go.id/img/c/900/053/900053620/12074-38-C-XXX-X6.jpg
6728120381207212077900053651,SUMATERA UTARA,KOTA BINJAI,BINJAI SELATAN,PUJIDADI,TPS 01,2019-10-25 17:00:05,79,173,285,257,257,252,2,https://pemilu2019.kpu.go.id/img/c/900/053/900053651/12077-01-C-XXX-X5.jpg,https://pemilu2019.kpu.go.id/img/c/900/053/900053651/12077-01-C-XXX-X6.jpg
6728120381207212077900053652,SUMATERA UTARA,KOTA BINJAI,BINJAI SELATAN,PUJIDADI,TPS 02,2019-10-25 17:00:05,60,187,297,249,248,247,1,https://pemilu2019.kpu.go.id/img/c/900/053/900053652/12077-02-C1-PPWP-X1.jpg,https://pemilu2019.kpu.go.id/img/c/900/053/900053652/12077-02-C1-PPWP-X2.jpg
6728120381207212077900053653,SUMATERA UTARA,KOTA BINJAI,BINJAI SELATAN,PUJIDADI,TPS 03,2019-10-25 17:00:05,56,148,0,206,206,204,2,https://pemilu2019.kpu.go.id/img/c/900/053/900053653/12077-03-C-XXX-X5.jpg,https://pemilu2019.kpu.go.id/img/c/900/053/900053653/12077-03-C-XXX-X6.jpg
6728120381207212077900053654,SUMATERA UTARA,KOTA BINJAI,BINJAI SELATAN,PUJIDADI,TPS 04,2019-10-25 17:00:05,65,127,262,194,194,192,2,https://pemilu2019.kpu.go.id/img/c/900/053/900053654/12077-04-C-XXX-X5.jpg,https://pemilu2019.kpu.go.id/img/c/900/053/900053654/12077-04-C-XXX-X6.jpg
6728120381207212077900053655,SUMATERA UTARA,KOTA BINJAI,BINJAI SELATAN,PUJIDADI,TPS 05,2019-10-25 17:00:05,93,140,266,238,238,233,5,https://pemilu2019.kpu.go.id/img/c/900/053/900053655/12077-05-C-XXX-X5.jpg,https://pemilu2019.kpu.go.id/img/c/900/053/900053655/12077-05-C-XXX-X6.jpg
6728120381207212077900053656,SUMATERA UTARA,KOTA BINJAI,BINJAI SELATAN,PUJIDADI,TPS 06,2019-10-25 17:00:05,54,177,278,234,234,231,3,https://pemilu2019.kpu.go.id/img/c/900/053/900053656/12077-06-C-XXX-X5.jpg,https://pemilu2019.kpu.go.id/img/c/900/053/900053656/12077-06-C-XXX-X6.jpg
6728120381207212077900053657,SUMATERA UTARA,KOTA BINJAI,BINJAI SELATAN,PUJIDADI,TPS 07,2019-10-25 17:00:05,74,178,281,253,253,252,1,https://pemilu2019.kpu.go.id/img/c/900/053/900053657/12077-07-C-XXX-X5.jpg,https://pemilu2019.kpu.go.id/img/c/900/053/900053657/12077-07-C-XXX-X6.jpg
6728120381207212077900053658,SUMATERA UTARA,KOTA BINJAI,BINJAI SELATAN,PUJIDADI,TPS 08,2019-10-25 17:00:05,129,124,284,255,255,253,2,https://pemilu2019.kpu.go.id/img/c/900/053/900053658/12077-08-C-XXX-X5.jpg,https://pemilu2019.kpu.go.id/img/c/900/053/900053658/12077-08-C-XXX-X6.jpg
6728120381207212077900053659,SUMATERA UTARA,KOTA BINJAI,BINJAI SELATAN,PUJIDADI,TPS 09,2019-10-25 17:00:05,129,80,271,211,211,209,2,https://pemilu2019.kpu.go.id/img/c/900/053/900053659/12077-09-C-XXX-X5.jpg,https://pemilu2019.kpu.go.id/img/c/900/053/900053659/12077-09-C-XXX-X6.jpg
6728120381207212077900053660,SUMATERA UTARA,KOTA BINJAI,BINJAI SELATAN,PUJIDADI,TPS 10,2019-10-25 17:00:05,144,82,257,226,226,226,0,https://pemilu2019.kpu.go.id/img/c/900/053/900053660/12077-10-C-XXX-X5.jpg,https://pemilu2019.kpu.go.id/img/c/900/053/900053660/12077-10-C-XXX-X6.jpg
6728120381207212077900053661,SUMATERA UTARA,KOTA BINJAI,BINJAI SELATAN,PUJIDADI,TPS 11,2019-10-25 17:00:05,113,99,257,213,213,212,1,https://pemilu2019.kpu.go.id/img/c/900/053/900053661/12077-11-C-XXX-X5.jpg,https://pemilu2019.kpu.go.id/img/c/900/053/900053661/12077-11-C-XXX-X6.jpg
6728120381207212077900053662,SUMATERA UTARA,KOTA BINJAI,BINJAI SELATAN,PUJIDADI,TPS 12,2019-10-25 17:00:05,64,138,258,203,203,202,1,https://pemilu2019.kpu.go.id/img/c/900/053/900053662/12077-12-C-XXX-X5.jpg,https://pemilu2019.kpu.go.id/img/c/900/053/900053662/12077-12-C-XXX-X6.jpg
6728120381207212077900053663,SUMATERA UTARA,KOTA BINJAI,BINJAI SELATAN,PUJIDADI,TPS 13,2019-10-25 17:00:05,94,122,272,224,224,216,8,https://pemilu2019.kpu.go.id/img/c/900/053/900053663/12077-13-C-XXX-X5.jpg,https://pemilu2019.kpu.go.id/img/c/900/053/900053663/12077-13-C-XXX-X6.jpg
6728120381207212077900053664,SUMATERA UTARA,KOTA BINJAI,BINJAI SELATAN,PUJIDADI,TPS 14,2019-10-25 17:00:05,93,144,310,243,243,237,6,https://pemilu2019.kpu.go.id/img/c/900/053/900053664/12077-14-C-XXX-X5.jpg,https://pemilu2019.kpu.go.id/img/c/900/053/900053664/12077-14-C-XXX-X6.jpg
6728120381207212077900053665,SUMATERA UTARA,KOTA BINJAI,BINJAI SELATAN,PUJIDADI,TPS 15,2019-10-25 17:00:05,86,168,303,257,257,254,3,https://pemilu2019.kpu.go.id/img/c/900/053/900053665/12077-15-C-XXX-X5.jpg,https://pemilu2019.kpu.go.id/img/c/900/053/900053665/12077-15-C-XXX-X6.jpg
6728120381207212077900053666,SUMATERA UTARA,KOTA BINJAI,BINJAI SELATAN,PUJIDADI,TPS 16,2019-10-25 17:00:05,74,161,293,240,240,235,5,https://pemilu2019.kpu.go.id/img/c/900/053/900053666/12077-16-C-XXX-X5.jpg,https://pemilu2019.kpu.go.id/img/c/900/053/900053666/12077-16-C-XXX-X6.jpg
6728120381207212077900053667,SUMATERA UTARA,KOTA BINJAI,BINJAI SELATAN,PUJIDADI,TPS 17,2019-10-25 17:00:05,82,154,280,240,240,236,4,https://pemilu2019.kpu.go.id/img/c/900/053/900053667/12077-17-C-XXX-X5.jpg,https://pemilu2019.kpu.go.id/img/c/900/053/900053667/12077-17-C-XXX-X6.jpg
6728120381207212077900053668,SUMATERA UTARA,KOTA BINJAI,BINJAI SELATAN,PUJIDADI,TPS 18,2019-10-25 17:00:05,57,124,264,183,183,181,2,https://pemilu2019.kpu.go.id/img/c/900/053/900053668/12077-18-C-XXX-X5.jpg,https://pemilu2019.kpu.go.id/img/c/900/053/900053668/12077-18-C-XXX-X6.jpg
6728120381207212077900053669,SUMATERA UTARA,KOTA BINJAI,BINJAI SELATAN,PUJIDADI,TPS 19,2019-10-25 17:00:05,62,103,224,167,167,165,2,https://pemilu2019.kpu.go.id/img/c/900/053/900053669/12077-19-C-XXX-X5.jpg,https://pemilu2019.kpu.go.id/img/c/900/053/900053669/12077-19-C-XXX-X6.jpg
6728120381207212079900053694,SUMATERA UTARA,KOTA BINJAI,BINJAI SELATAN,RAMBUNG BARAT,TPS 01,2019-10-25 17:00:05,65,168,278,238,238,233,5,https://pemilu2019.kpu.go.id/img/c/900/053/900053694/12079-01-C-XXX-X5.jpg,https://pemilu2019.kpu.go.id/img/c/900/053/900053694/12079-01-C-XXX-X6.jpg
6728120381207212079900053695,SUMATERA UTARA,KOTA BINJAI,BINJAI SELATAN,RAMBUNG BARAT,TPS 02,2019-10-25 17:00:05,67,155,271,228,228,222,6,https://pemilu2019.kpu.go.id/img/c/900/053/900053695/12079-02-C-XXX-X5.jpg,https://pemilu2019.kpu.go.id/img/c/900/053/900053695/12079-02-C-XXX-X6.jpg
6728120381207212079900053696,SUMATERA UTARA,KOTA BINJAI,BINJAI SELATAN,RAMBUNG BARAT,TPS 03,2019-10-25 17:00:05,60,156,273,216,216,216,0,https://pemilu2019.kpu.go.id/img/c/900/053/900053696/12079-03-C-XXX-X5.jpg,https://pemilu2019.kpu.go.id/img/c/900/053/900053696/12079-03-C-XXX-X6.jpg
6728120381207212079900053697,SUMATERA UTARA,KOTA BINJAI,BINJAI SELATAN,RAMBUNG BARAT,TPS 04,2019-10-25 17:00:05,39,173,260,214,214,212,2,https://pemilu2019.kpu.go.id/img/c/900/053/900053697/12079-04-C-XXX-X5.jpg,https://pemilu2019.kpu.go.id/img/c/900/053/900053697/12079-04-C-XXX-X6.jpg
6728120381207212079900053698,SUMATERA UTARA,KOTA BINJAI,BINJAI SELATAN,RAMBUNG BARAT,TPS 05,2019-10-25 17:00:05,38,146,264,187,187,184,3,https://pemilu2019.kpu.go.id/img/c/900/053/900053698/12079-05-C-XXX-X5.jpg,https://pemilu2019.kpu.go.id/img/c/900/053/900053698/12079-05-C-XXX-X6.jpg
6728120381207212079900053699,SUMATERA UTARA,KOTA BINJAI,BINJAI SELATAN,RAMBUNG BARAT,TPS 06,2019-10-25 17:00:05,60,187,277,249,249,247,2,https://pemilu2019.kpu.go.id/img/c/900/053/900053699/12079-06-C-XXX-X5.jpg,https://pemilu2019.kpu.go.id/img/c/900/053/900053699/12079-06-C-XXX-X6.jpg
6728120381207212079900053700,SUMATERA UTARA,KOTA BINJAI,BINJAI SELATAN,RAMBUNG BARAT,TPS 07,2019-10-25 17:00:05,60,214,326,278,278,274,4,https://pemilu2019.kpu.go.id/img/c/900/053/900053700/12079-07-C-XXX-X5.jpg,https://pemilu2019.kpu.go.id/img/c/900/053/900053700/12079-07-C-XXX-X6.jpg
6728120381207212079900053701,SUMATERA UTARA,KOTA BINJAI,BINJAI SELATAN,RAMBUNG BARAT,TPS 08,2019-10-25 17:00:05,56,182,307,241,241,238,3,https://pemilu2019.kpu.go.id/img/c/900/053/900053701/12079-08-C-XXX-X5.jpg,https://pemilu2019.kpu.go.id/img/c/900/053/900053701/12079-08-C-XXX-X6.jpg
6728120381207212079900053702,SUMATERA UTARA,KOTA BINJAI,BINJAI SELATAN,RAMBUNG BARAT,TPS 09,2019-10-25 17:00:05,64,190,313,259,259,254,5,https://pemilu2019.kpu.go.id/img/c/900/053/900053702/12079-09-C-XXX-X5.jpg,https://pemilu2019.kpu.go.id/img/c/900/053/900053702/12079-09-C-XXX-X6.jpg
6728120381207212079900053703,SUMATERA UTARA,KOTA BINJAI,BINJAI SELATAN,RAMBUNG BARAT,TPS 10,2019-10-25 17:00:05,49,96,240,147,147,145,2,https://pemilu2019.kpu.go.id/img/c/900/053/900053703/12079-10-C-XXX-X5.jpg,https://pemilu2019.kpu.go.id/img/c/900/053/900053703/12079-10-C-XXX-X6.jpg
6728120381207212076900053637,SUMATERA UTARA,KOTA BINJAI,BINJAI SELATAN,RAMBUNG DALAM,TPS 01,2019-10-25 17:00:05,102,144,296,247,247,246,1,https://pemilu2019.kpu.go.id/img/c/900/053/900053637/12076-01-C-XXX-X5.jpg,https://pemilu2019.kpu.go.id/img/c/900/053/900053637/12076-01-C-XXX-X6.jpg
6728120381207212076900053638,SUMATERA UTARA,KOTA BINJAI,BINJAI SELATAN,RAMBUNG DALAM,TPS 02,2019-10-25 17:00:05,60,165,289,229,229,225,4,https://pemilu2019.kpu.go.id/img/c/900/053/900053638/12076-02-C-XXX-X5.jpg,https://pemilu2019.kpu.go.id/img/c/900/053/900053638/12076-02-C-XXX-X6.jpg
6728120381207212076900053639,SUMATERA UTARA,KOTA BINJAI,BINJAI SELATAN,RAMBUNG DALAM,TPS 03,2019-10-25 17:00:05,67,180,294,249,249,247,2,https://pemilu2019.kpu.go.id/img/c/900/053/900053639/12076-03-C-XXX-X5.jpg,https://pemilu2019.kpu.go.id/img/c/900/053/900053639/12076-03-C-XXX-X6.jpg
6728120381207212076900053640,SUMATERA UTARA,KOTA BINJAI,BINJAI SELATAN,RAMBUNG DALAM,TPS 04,2019-10-25 17:00:05,81,138,322,221,221,219,2,https://pemilu2019.kpu.go.id/img/c/900/053/900053640/12076-04-C-XXX-X5.jpg,https://pemilu2019.kpu.go.id/img/c/900/053/900053640/12076-04-C-XXX-X6.jpg
6728120381207212076900053641,SUMATERA UTARA,KOTA BINJAI,BINJAI SELATAN,RAMBUNG DALAM,TPS 05,2019-10-25 17:00:05,100,161,301,261,261,261,0,https://pemilu2019.kpu.go.id/img/c/900/053/900053641/12076-05-C-XXX-X5.jpg,https://pemilu2019.kpu.go.id/img/c/900/053/900053641/12076-05-C-XXX-X6.jpg
6728120381207212076900053642,SUMATERA UTARA,KOTA BINJAI,BINJAI SELATAN,RAMBUNG DALAM,TPS 06,2019-10-25 17:00:05,52,191,307,243,243,243,0,https://pemilu2019.kpu.go.id/img/c/900/053/900053642/12076-06-C-XXX-X5.jpg,https://pemilu2019.kpu.go.id/img/c/900/053/900053642/12076-06-C-XXX-X6.jpg
6728120381207212076900053643,SUMATERA UTARA,KOTA BINJAI,BINJAI SELATAN,RAMBUNG DALAM,TPS 07,2019-10-25 17:00:05,67,169,287,237,237,236,1,https://pemilu2019.kpu.go.id/img/c/900/053/900053643/12076-07-C-XXX-X5.jpg,https://pemilu2019.kpu.go.id/img/c/900/053/900053643/12076-07-C-XXX-X6.jpg
6728120381207212076900053644,SUMATERA UTARA,KOTA BINJAI,BINJAI SELATAN,RAMBUNG DALAM,TPS 08,2019-10-25 17:00:05,50,179,277,235,235,229,6,https://pemilu2019.kpu.go.id/img/c/900/053/900053644/12076-08-C-XXX-X5.jpg,https://pemilu2019.kpu.go.id/img/c/900/053/900053644/12076-08-C-XXX-X6.jpg
6728120381207212076900053645,SUMATERA UTARA,KOTA BINJAI,BINJAI SELATAN,RAMBUNG DALAM,TPS 09,2019-10-25 17:00:05,75,141,268,219,219,216,3,https://pemilu2019.kpu.go.id/img/c/900/053/900053645/12076-09-C-XXX-X5.jpg,https://pemilu2019.kpu.go.id/img/c/900/053/900053645/12076-09-C-XXX-X6.jpg
6728120381207212076900053646,SUMATERA UTARA,KOTA BINJAI,BINJAI SELATAN,RAMBUNG DALAM,TPS 10,2019-10-25 17:00:05,71,112,233,184,184,183,1,https://pemilu2019.kpu.go.id/img/c/900/053/900053646/12076-10-C-XXX-X5.jpg,https://pemilu2019.kpu.go.id/img/c/900/053/900053646/12076-10-C-XXX-X6.jpg
6728120381207212076900053647,SUMATERA UTARA,KOTA BINJAI,BINJAI SELATAN,RAMBUNG DALAM,TPS 11,2019-10-25 17:00:05,50,218,300,270,270,268,2,https://pemilu2019.kpu.go.id/img/c/900/053/900053647/1-12076-11-C-XXX-X5.jpg,https://pemilu2019.kpu.go.id/img/c/900/053/900053647/1-12076-11-C-XXX-X6.jpg
6728120381207212076900053648,SUMATERA UTARA,KOTA BINJAI,BINJAI SELATAN,RAMBUNG DALAM,TPS 12,2019-10-25 17:00:05,64,180,292,247,247,244,3,https://pemilu2019.kpu.go.id/img/c/900/053/900053648/12076-12-C-XXX-X5.jpg,https://pemilu2019.kpu.go.id/img/c/900/053/900053648/12076-12-C-XXX-X6.jpg
6728120381207212076900053649,SUMATERA UTARA,KOTA BINJAI,BINJAI SELATAN,RAMBUNG DALAM,TPS 13,2019-10-25 17:00:05,70,153,285,226,226,223,3,https://pemilu2019.kpu.go.id/img/c/900/053/900053649/2-12076-13-C1-PPWP-X1.jpg,https://pemilu2019.kpu.go.id/img/c/900/053/900053649/2-12076-13-C1-PPWP-X2.jpg
6728120381207212076900053650,SUMATERA UTARA,KOTA BINJAI,BINJAI SELATAN,RAMBUNG DALAM,TPS 14,2019-10-25 17:00:05,65,118,224,184,184,183,1,https://pemilu2019.kpu.go.id/img/c/900/053/900053650/12076-14-C-XXX-X5.jpg,https://pemilu2019.kpu.go.id/img/c/900/053/900053650/12076-14-C-XXX-X6.jpg
6728120381207212080900053704,SUMATERA UTARA,KOTA BINJAI,BINJAI SELATAN,RAMBUNG TIMUR,TPS 1,2019-10-25 17:00:05,46,204,304,257,257,250,7,https://pemilu2019.kpu.go.id/img/c/900/053/900053704/12080-1-C-XXX-X5.jpg,https://pemilu2019.kpu.go.id/img/c/900/053/900053704/12080-1-C-XXX-X6.jpg
6728120381207212080900053705,SUMATERA UTARA,KOTA BINJAI,BINJAI SELATAN,RAMBUNG TIMUR,TPS 2,2019-10-25 17:00:05,50,217,325,271,271,267,4,https://pemilu2019.kpu.go.id/img/c/900/053/900053705/12080-2-C-XXX-X5.jpg,https://pemilu2019.kpu.go.id/img/c/900/053/900053705/12080-2-C-XXX-X6.jpg
6728120381207212080900053706,SUMATERA UTARA,KOTA BINJAI,BINJAI SELATAN,RAMBUNG TIMUR,TPS 3,2019-10-25 17:00:05,58,190,308,249,249,248,1,https://pemilu2019.kpu.go.id/img/c/900/053/900053706/12080-3-C-XXX-X5.jpg,https://pemilu2019.kpu.go.id/img/c/900/053/900053706/12080-3-C-XXX-X6.jpg
6728120381207212080900053707,SUMATERA UTARA,KOTA BINJAI,BINJAI SELATAN,RAMBUNG TIMUR,TPS 4,2019-10-25 17:00:05,57,198,305,260,260,255,5,https://pemilu2019.kpu.go.id/img/c/900/053/900053707/12080-4-C-XXX-X5.jpg,https://pemilu2019.kpu.go.id/img/c/900/053/900053707/12080-4-C-XXX-X6.jpg
6728120381207212080900053708,SUMATERA UTARA,KOTA BINJAI,BINJAI SELATAN,RAMBUNG TIMUR,TPS 5,2019-10-25 17:00:05,46,189,282,236,236,235,1,https://pemilu2019.kpu.go.id/img/c/900/053/900053708/12080-5-C-XXX-X5.jpg,https://pemilu2019.kpu.go.id/img/c/900/053/900053708/12080-5-C-XXX-X6.jpg
6728120381207212080900053709,SUMATERA UTARA,KOTA BINJAI,BINJAI SELATAN,RAMBUNG TIMUR,TPS 6,2019-10-25 17:00:05,39,195,302,238,238,234,4,https://pemilu2019.kpu.go.id/img/c/900/053/900053709/12080-6-C-XXX-X5.jpg,https://pemilu2019.kpu.go.id/img/c/900/053/900053709/12080-6-C-XXX-X6.jpg
6728120381207212080900053710,SUMATERA UTARA,KOTA BINJAI,BINJAI SELATAN,RAMBUNG TIMUR,TPS 7,2019-10-25 17:00:05,66,180,306,250,250,246,4,https://pemilu2019.kpu.go.id/img/c/900/053/900053710/12080-7-C-XXX-X5.jpg,https://pemilu2019.kpu.go.id/img/c/900/053/900053710/12080-7-C-XXX-X6.jpg
6728120381207212073900053564,SUMATERA UTARA,KOTA BINJAI,BINJAI SELATAN,TANAH MERAH,TPS 01,2019-10-25 17:00:05,115,93,283,211,211,208,3,https://pemilu2019.kpu.go.id/img/c/900/053/900053564/12073-01-C-XXX-X5.jpg,https://pemilu2019.kpu.go.id/img/c/900/053/900053564/12073-01-C-XXX-X6.jpg
6728120381207212073900053565,SUMATERA UTARA,KOTA BINJAI,BINJAI SELATAN,TANAH MERAH,TPS 02,2019-10-25 17:00:05,96,126,288,225,225,222,3,https://pemilu2019.kpu.go.id/img/c/900/053/900053565/12073-02-C-XXX-X5.jpg,https://pemilu2019.kpu.go.id/img/c/900/053/900053565/12073-02-C-XXX-X6.jpg
6728120381207212073900053566,SUMATERA UTARA,KOTA BINJAI,BINJAI SELATAN,TANAH MERAH,TPS 03,2019-10-25 17:00:05,97,101,267,202,202,198,4,https://pemilu2019.kpu.go.id/img/c/900/053/900053566/12073-03-C-XXX-X5.jpg,https://pemilu2019.kpu.go.id/img/c/900/053/900053566/12073-03-C-XXX-X6.jpg
6728120381207212073900053567,SUMATERA UTARA,KOTA BINJAI,BINJAI SELATAN,TANAH MERAH,TPS 04,2019-10-25 17:00:05,103,94,289,199,199,197,2,https://pemilu2019.kpu.go.id/img/c/900/053/900053567/12073-04-C-XXX-X5.jpg,https://pemilu2019.kpu.go.id/img/c/900/053/900053567/12073-04-C-XXX-X6.jpg
6728120381207212073900053568,SUMATERA UTARA,KOTA BINJAI,BINJAI SELATAN,TANAH MERAH,TPS 05,2019-10-25 17:00:05,87,168,296,258,258,255,3,https://pemilu2019.kpu.go.id/img/c/900/053/900053568/12073-05-C-XXX-X5.jpg,https://pemilu2019.kpu.go.id/img/c/900/053/900053568/12073-05-C-XXX-X6.jpg
6728120381207212073900053569,SUMATERA UTARA,KOTA BINJAI,BINJAI SELATAN,TANAH MERAH,TPS 06,2019-10-25 17:00:05,81,163,257,248,248,244,4,https://pemilu2019.kpu.go.id/img/c/900/053/900053569/12073-06-C-XXX-X5.jpg,https://pemilu2019.kpu.go.id/img/c/900/053/900053569/12073-06-C-XXX-X6.jpg
6728120381207212073900053570,SUMATERA UTARA,KOTA BINJAI,BINJAI SELATAN,TANAH MERAH,TPS 07,2019-10-25 17:00:05,101,135,302,244,244,236,8,https://pemilu2019.kpu.go.id/img/c/900/053/900053570/12073-07-C-XXX-X5.jpg,https://pemilu2019.kpu.go.id/img/c/900/053/900053570/12073-07-C-XXX-X6.jpg
6728120381207212073900053571,SUMATERA UTARA,KOTA BINJAI,BINJAI SELATAN,TANAH MERAH,TPS 08,2019-10-25 17:00:05,98,113,291,214,214,211,3,https://pemilu2019.kpu.go.id/img/c/900/053/900053571/12073-08-C-XXX-X5.jpg,https://pemilu2019.kpu.go.id/img/c/900/053/900053571/12073-08-C-XXX-X6.jpg
6728120381207212073900053572,SUMATERA UTARA,KOTA BINJAI,BINJAI SELATAN,TANAH MERAH,TPS 09,2019-10-25 17:00:05,153,67,276,221,221,220,1,https://pemilu2019.kpu.go.id/img/c/900/053/900053572/12073-09-C-XXX-X5.jpg,https://pemilu2019.kpu.go.id/img/c/900/053/900053572/12073-09-C-XXX-X6.jpg
6728120381207212073900053573,SUMATERA UTARA,KOTA BINJAI,BINJAI SELATAN,TANAH MERAH,TPS 10,2019-10-25 17:00:05,84,131,294,218,218,215,3,https://pemilu2019.kpu.go.id/img/c/900/053/900053573/12073-10-C-XXX-X5.jpg,https://pemilu2019.kpu.go.id/img/c/900/053/900053573/12073-10-C-XXX-X6.jpg
6728120381207212073900053574,SUMATERA UTARA,KOTA BINJAI,BINJAI SELATAN,TANAH MERAH,TPS 11,2019-10-25 17:00:05,106,144,281,255,255,250,5,https://pemilu2019.kpu.go.id/img/c/900/053/900053574/2-12073-11-C-XXX-X5.jpg,https://pemilu2019.kpu.go.id/img/c/900/053/900053574/2-12073-11-C-XXX-X6.jpg
6728120381207212073900053575,SUMATERA UTARA,KOTA BINJAI,BINJAI SELATAN,TANAH MERAH,TPS 12,2019-10-25 17:00:05,176,46,246,224,224,222,2,https://pemilu2019.kpu.go.id/img/c/900/053/900053575/12073-12-C-XXX-X5.jpg,https://pemilu2019.kpu.go.id/img/c/900/053/900053575/12073-12-C-XXX-X6.jpg
6728120381207212073900053576,SUMATERA UTARA,KOTA BINJAI,BINJAI SELATAN,TANAH MERAH,TPS 13,2019-10-25 17:00:05,154,32,243,189,189,154,3,https://pemilu2019.kpu.go.id/img/c/900/053/900053576/12073-13-C-XXX-X5.jpg,https://pemilu2019.kpu.go.id/img/c/900/053/900053576/12073-13-C-XXX-X6.jpg
6728120381207212073900053577,SUMATERA UTARA,KOTA BINJAI,BINJAI SELATAN,TANAH MERAH,TPS 14,2019-10-25 17:00:05,136,67,247,208,208,203,5,https://pemilu2019.kpu.go.id/img/c/900/053/900053577/12073-14-C-XXX-X5.jpg,https://pemilu2019.kpu.go.id/img/c/900/053/900053577/12073-14-C-XXX-X6.jpg
6728120381207212073900053578,SUMATERA UTARA,KOTA BINJAI,BINJAI SELATAN,TANAH MERAH,TPS 15,2019-10-25 17:00:05,169,19,223,195,195,188,7,https://pemilu2019.kpu.go.id/img/c/900/053/900053578/12073-15-C-XXX-X5.jpg,https://pemilu2019.kpu.go.id/img/c/900/053/900053578/12073-15-C-XXX-X6.jpg
6728120381207212073900053579,SUMATERA UTARA,KOTA BINJAI,BINJAI SELATAN,TANAH MERAH,TPS 16,2019-10-25 17:00:05,166,25,225,191,191,191,0,https://pemilu2019.kpu.go.id/img/c/900/053/900053579/12073-16-C-XXX-X5.jpg,https://pemilu2019.kpu.go.id/img/c/900/053/900053579/12073-16-C-XXX-X6.jpg
6728120381207212073900053580,SUMATERA UTARA,KOTA BINJAI,BINJAI SELATAN,TANAH MERAH,TPS 17,2019-10-25 17:00:05,164,57,262,221,221,221,0,https://pemilu2019.kpu.go.id/img/c/900/053/900053580/2-12073-17-C-XXX-X5.jpg,https://pemilu2019.kpu.go.id/img/c/900/053/900053580/2-12073-17-C-XXX-X6.jpg
6728120381207212073900053581,SUMATERA UTARA,KOTA BINJAI,BINJAI SELATAN,TANAH MERAH,TPS 18,2019-10-25 17:00:05,38,70,183,111,111,108,3,https://pemilu2019.kpu.go.id/img/c/900/053/900053581/12073-18-C-XXX-X5.jpg,https://pemilu2019.kpu.go.id/img/c/900/053/900053581/12073-18-C-XXX-X6.jpg
6728120381207212073900053582,SUMATERA UTARA,KOTA BINJAI,BINJAI SELATAN,TANAH MERAH,TPS 19,2019-10-25 17:00:05,75,31,178,110,110,106,4,https://pemilu2019.kpu.go.id/img/c/900/053/900053582/3-12073-19-C-XXX-X5.jpg,https://pemilu2019.kpu.go.id/img/c/900/053/900053582/3-12073-19-C-XXX-X6.jpg
6728120381207212078900053670,SUMATERA UTARA,KOTA BINJAI,BINJAI SELATAN,TANAH SERIBU,TPS 01,2019-10-25 17:00:05,157,71,277,232,232,228,4,https://pemilu2019.kpu.go.id/img/c/900/053/900053670/12078-01-C-XXX-X5.jpg,https://pemilu2019.kpu.go.id/img/c/900/053/900053670/12078-01-C-XXX-X6.jpg
6728120381207212078900053671,SUMATERA UTARA,KOTA BINJAI,BINJAI SELATAN,TANAH SERIBU,TPS 02,2019-10-25 17:00:05,116,90,281,204,210,206,4,https://pemilu2019.kpu.go.id/img/c/900/053/900053671/12078-02-C-XXX-X5.jpg,https://pemilu2019.kpu.go.id/img/c/900/053/900053671/12078-02-C-XXX-X6.jpg
6728120381207212078900053672,SUMATERA UTARA,KOTA BINJAI,BINJAI SELATAN,TANAH SERIBU,TPS 03,2019-10-25 17:00:05,114,130,289,253,253,244,9,https://pemilu2019.kpu.go.id/img/c/900/053/900053672/12078-03-C-XXX-X5.jpg,https://pemilu2019.kpu.go.id/img/c/900/053/900053672/12078-03-C-XXX-X6.jpg
6728120381207212078900053673,SUMATERA UTARA,KOTA BINJAI,BINJAI SELATAN,TANAH SERIBU,TPS 04,2019-10-25 17:00:05,66,104,266,171,171,170,1,https://pemilu2019.kpu.go.id/img/c/900/053/900053673/12078-04-C-XXX-X5.jpg,https://pemilu2019.kpu.go.id/img/c/900/053/900053673/12078-04-C-XXX-X6.jpg
6728120381207212078900053674,SUMATERA UTARA,KOTA BINJAI,BINJAI SELATAN,TANAH SERIBU,TPS 05,2019-10-25 17:00:05,89,149,291,242,242,238,4,https://pemilu2019.kpu.go.id/img/c/900/053/900053674/12078-05-C-XXX-X5.jpg,https://pemilu2019.kpu.go.id/img/c/900/053/900053674/12078-05-C-XXX-X6.jpg
6728120381207212078900053675,SUMATERA UTARA,KOTA BINJAI,BINJAI SELATAN,TANAH SERIBU,TPS 06,2019-10-25 17:00:05,87,137,274,224,224,224,0,https://pemilu2019.kpu.go.id/img/c/900/053/900053675/12078-06-C-XXX-X5.jpg,https://pemilu2019.kpu.go.id/img/c/900/053/900053675/12078-06-C-XXX-X6.jpg
6728120381207212078900053676,SUMATERA UTARA,KOTA BINJAI,BINJAI SELATAN,TANAH SERIBU,TPS 07,2019-10-25 17:00:05,85,129,218,260,218,214,4,https://pemilu2019.kpu.go.id/img/c/900/053/900053676/1-12078-07-C-XXX-X5.jpg,https://pemilu2019.kpu.go.id/img/c/900/053/900053676/1-12078-07-C-XXX-X6.jpg
6728120381207212078900053677,SUMATERA UTARA,KOTA BINJAI,BINJAI SELATAN,TANAH SERIBU,TPS 08,2019-10-25 17:00:05,61,173,269,239,239,234,5,https://pemilu2019.kpu.go.id/img/c/900/053/900053677/12078-08-C-XXX-X5.jpg,https://pemilu2019.kpu.go.id/img/c/900/053/900053677/12078-08-C-XXX-X6.jpg
6728120381207212078900053678,SUMATERA UTARA,KOTA BINJAI,BINJAI SELATAN,TANAH SERIBU,TPS 09,2019-10-25 17:00:05,101,116,261,219,219,217,2,https://pemilu2019.kpu.go.id/img/c/900/053/900053678/12078-09-C-XXX-X5.jpg,https://pemilu2019.kpu.go.id/img/c/900/053/900053678/12078-09-C-XXX-X6.jpg
6728120381207212078900053679,SUMATERA UTARA,KOTA BINJAI,BINJAI SELATAN,TANAH SERIBU,TPS 10,2019-10-25 17:00:05,89,116,240,207,208,205,3,https://pemilu2019.kpu.go.id/img/c/900/053/900053679/12078-10-C-XXX-X5.jpg,https://pemilu2019.kpu.go.id/img/c/900/053/900053679/12078-10-C-XXX-X6.jpg
6728120381207212078900053680,SUMATERA UTARA,KOTA BINJAI,BINJAI SELATAN,TANAH SERIBU,TPS 11,2019-10-25 17:00:05,123,110,256,237,237,233,4,https://pemilu2019.kpu.go.id/img/c/900/053/900053680/12078-11-C-XXX-X5.jpg,https://pemilu2019.kpu.go.id/img/c/900/053/900053680/12078-11-C-XXX-X6.jpg
6728120381207212078900053681,SUMATERA UTARA,KOTA BINJAI,BINJAI SELATAN,TANAH SERIBU,TPS 12,2019-10-25 17:00:05,96,117,271,215,215,213,2,https://pemilu2019.kpu.go.id/img/c/900/053/900053681/12078-12-C-XXX-X5.jpg,https://pemilu2019.kpu.go.id/img/c/900/053/900053681/12078-12-C-XXX-X6.jpg
6728120381207212078900053682,SUMATERA UTARA,KOTA BINJAI,BINJAI SELATAN,TANAH SERIBU,TPS 13,2019-10-25 17:00:05,103,133,277,238,238,236,2,https://pemilu2019.kpu.go.id/img/c/900/053/900053682/12078-13-C-XXX-X5.jpg,https://pemilu2019.kpu.go.id/img/c/900/053/900053682/12078-13-C-XXX-X6.jpg
6728120381207212078900053683,SUMATERA UTARA,KOTA BINJAI,BINJAI SELATAN,TANAH SERIBU,TPS 14,2019-10-25 17:00:05,83,121,278,210,210,204,6,https://pemilu2019.kpu.go.id/img/c/900/053/900053683/12078-14-C-XXX-X5.jpg,https://pemilu2019.kpu.go.id/img/c/900/053/900053683/12078-14-C-XXX-X6.jpg
6728120381207212078900053684,SUMATERA UTARA,KOTA BINJAI,BINJAI SELATAN,TANAH SERIBU,TPS 15,2019-10-25 17:00:05,73,119,265,196,196,192,4,https://pemilu2019.kpu.go.id/img/c/900/053/900053684/12078-15-C-XXX-X5.jpg,https://pemilu2019.kpu.go.id/img/c/900/053/900053684/12078-15-C-XXX-X6.jpg
6728120381207212078900053685,SUMATERA UTARA,KOTA BINJAI,BINJAI SELATAN,TANAH SERIBU,TPS 16,2019-10-25 17:00:05,83,95,262,179,179,178,1,https://pemilu2019.kpu.go.id/img/c/900/053/900053685/12078-16-C-XXX-X5.jpg,https://pemilu2019.kpu.go.id/img/c/900/053/900053685/12078-16-C-XXX-X6.jpg
6728120381207212078900053686,SUMATERA UTARA,KOTA BINJAI,BINJAI SELATAN,TANAH SERIBU,TPS 17,2019-10-25 17:00:05,92,111,267,207,207,203,4,https://pemilu2019.kpu.go.id/img/c/900/053/900053686/12078-17-C-XXX-X5.jpg,https://pemilu2019.kpu.go.id/img/c/900/053/900053686/12078-17-C-XXX-X6.jpg
6728120381207212078900053687,SUMATERA UTARA,KOTA BINJAI,BINJAI SELATAN,TANAH SERIBU,TPS 18,2019-10-25 17:00:05,100,119,249,223,223,219,4,https://pemilu2019.kpu.go.id/img/c/900/053/900053687/12078-18-C-XXX-X5.jpg,https://pemilu2019.kpu.go.id/img/c/900/053/900053687/12078-18-C-XXX-X6.jpg
6728120381207212078900053688,SUMATERA UTARA,KOTA BINJAI,BINJAI SELATAN,TANAH SERIBU,TPS 19,2019-10-25 17:00:05,107,130,315,239,239,237,2,https://pemilu2019.kpu.go.id/img/c/900/053/900053688/12078-19-C-XXX-X5.jpg,https://pemilu2019.kpu.go.id/img/c/900/053/900053688/12078-19-C-XXX-X6.jpg
6728120381207212078900053689,SUMATERA UTARA,KOTA BINJAI,BINJAI SELATAN,TANAH SERIBU,TPS 20,2019-10-25 17:00:05,102,44,284,148,148,146,2,https://pemilu2019.kpu.go.id/img/c/900/053/900053689/12078-20-C-XXX-X5.jpg,https://pemilu2019.kpu.go.id/img/c/900/053/900053689/12078-20-C-XXX-X6.jpg
6728120381207212078900053690,SUMATERA UTARA,KOTA BINJAI,BINJAI SELATAN,TANAH SERIBU,TPS 21,2019-10-25 17:00:05,78,89,250,169,169,167,2,https://pemilu2019.kpu.go.id/img/c/900/053/900053690/12078-21-C-XXX-X5.jpg,https://pemilu2019.kpu.go.id/img/c/900/053/900053690/12078-21-C-XXX-X6.jpg
6728120381207212078900053691,SUMATERA UTARA,KOTA BINJAI,BINJAI SELATAN,TANAH SERIBU,TPS 22,2019-10-25 17:00:05,62,60,158,125,125,122,3,https://pemilu2019.kpu.go.id/img/c/900/053/900053691/12078-22-C-XXX-X5.jpg,https://pemilu2019.kpu.go.id/img/c/900/053/900053691/12078-22-C-XXX-X6.jpg
6728120381207212078900053692,SUMATERA UTARA,KOTA BINJAI,BINJAI SELATAN,TANAH SERIBU,TPS 23,2019-10-25 17:00:05,47,75,248,123,123,122,1,https://pemilu2019.kpu.go.id/img/c/900/053/900053692/12078-23-C-XXX-X5.jpg,https://pemilu2019.kpu.go.id/img/c/900/053/900053692/12078-23-C-XXX-X6.jpg
6728120381207212078900053693,SUMATERA UTARA,KOTA BINJAI,BINJAI SELATAN,TANAH SERIBU,TPS 24,2019-10-25 17:00:05,41,65,192,108,108,106,2,https://pemilu2019.kpu.go.id/img/c/900/053/900053693/12078-24-C-XXX-X5.jpg,https://pemilu2019.kpu.go.id/img/c/900/053/900053693/12078-24-C-XXX-X6.jpg
6728120381206412066900053441,SUMATERA UTARA,KOTA BINJAI,BINJAI TIMUR,DATARAN TINGGI,TPS 01,2019-10-25 17:00:05,128,148,304,277,277,276,1,https://pemilu2019.kpu.go.id/img/c/900/053/900053441/12066-01-C-XXX-X5.jpg,https://pemilu2019.kpu.go.id/img/c/900/053/900053441/12066-01-C-XXX-X6.jpg
6728120381206412066900053442,SUMATERA UTARA,KOTA BINJAI,BINJAI TIMUR,DATARAN TINGGI,TPS 02,2019-10-25 17:00:05,178,83,299,0,267,261,6,https://pemilu2019.kpu.go.id/img/c/900/053/900053442/12066-02-C-XXX-X5.jpg,https://pemilu2019.kpu.go.id/img/c/900/053/900053442/12066-02-C-XXX-X6.jpg
6728120381206412066900053443,SUMATERA UTARA,KOTA BINJAI,BINJAI TIMUR,DATARAN TINGGI,TPS 03,2019-10-25 17:00:05,140,66,208,208,208,206,2,https://pemilu2019.kpu.go.id/img/c/900/053/900053443/12066-03-C-XXX-X5.jpg,https://pemilu2019.kpu.go.id/img/c/900/053/900053443/12066-03-C-XXX-X6.jpg
6728120381206412066900053444,SUMATERA UTARA,KOTA BINJAI,BINJAI TIMUR,DATARAN TINGGI,TPS 04,2019-10-25 17:00:05,272,13,341,289,289,285,4,https://pemilu2019.kpu.go.id/img/c/900/053/900053444/12066-04-C-XXX-X5.jpg,https://pemilu2019.kpu.go.id/img/c/900/053/900053444/12066-04-C-XXX-X6.jpg
6728120381206412066900053445,SUMATERA UTARA,KOTA BINJAI,BINJAI TIMUR,DATARAN TINGGI,TPS 05,2019-10-25 17:00:05,224,25,283,251,251,249,2,https://pemilu2019.kpu.go.id/img/c/900/053/900053445/12066-05-C-XXX-X5.jpg,https://pemilu2019.kpu.go.id/img/c/900/053/900053445/12066-05-C-XXX-X6.jpg
6728120381206412066900053446,SUMATERA UTARA,KOTA BINJAI,BINJAI TIMUR,DATARAN TINGGI,TPS 06,2019-10-25 17:00:05,135,155,326,291,291,290,1,https://pemilu2019.kpu.go.id/img/c/900/053/900053446/12066-06-C-XXX-X5.jpg,https://pemilu2019.kpu.go.id/img/c/900/053/900053446/12066-06-C-XXX-X6.jpg
6728120381206412066900053447,SUMATERA UTARA,KOTA BINJAI,BINJAI TIMUR,DATARAN TINGGI,TPS 07,2019-10-25 17:00:05,99,141,305,246,246,240,6,https://pemilu2019.kpu.go.id/img/c/900/053/900053447/12066-07-C-XXX-X5.jpg,https://pemilu2019.kpu.go.id/img/c/900/053/900053447/12066-07-C-XXX-X6.jpg
6728120381206412066900053448,SUMATERA UTARA,KOTA BINJAI,BINJAI TIMUR,DATARAN TINGGI,TPS 08,2019-10-25 17:00:05,113,151,308,269,269,264,5,https://pemilu2019.kpu.go.id/img/c/900/053/900053448/12066-08-C-XXX-X5.jpg,https://pemilu2019.kpu.go.id/img/c/900/053/900053448/12066-08-C-XXX-X6.jpg
6728120381206412066900053449,SUMATERA UTARA,KOTA BINJAI,BINJAI TIMUR,DATARAN TINGGI,TPS 09,2019-10-25 17:00:05,94,134,297,230,230,228,2,https://pemilu2019.kpu.go.id/img/c/900/053/900053449/12066-09-C-XXX-X5.jpg,https://pemilu2019.kpu.go.id/img/c/900/053/900053449/12066-09-C-XXX-X6.jpg
6728120381206412066900053450,SUMATERA UTARA,KOTA BINJAI,BINJAI TIMUR,DATARAN TINGGI,TPS 10,2019-10-25 17:00:05,91,172,294,264,264,263,1,https://pemilu2019.kpu.go.id/img/c/900/053/900053450/12066-10-C-XXX-X5.jpg,https://pemilu2019.kpu.go.id/img/c/900/053/900053450/12066-10-C-XXX-X6.jpg
6728120381206412066900053451,SUMATERA UTARA,KOTA BINJAI,BINJAI TIMUR,DATARAN TINGGI,TPS 11,2019-10-25 17:00:05,72,194,310,266,266,266,0,https://pemilu2019.kpu.go.id/img/c/900/053/900053451/12066-11-C-XXX-X5.jpg,https://pemilu2019.kpu.go.id/img/c/900/053/900053451/12066-11-C-XXX-X6.jpg
6728120381206412066900053452,SUMATERA UTARA,KOTA BINJAI,BINJAI TIMUR,DATARAN TINGGI,TPS 12,2019-10-25 17:00:05,109,113,253,226,225,222,3,https://pemilu2019.kpu.go.id/img/c/900/053/900053452/12066-12-C-XXX-X5.jpg,https://pemilu2019.kpu.go.id/img/c/900/053/900053452/12066-12-C-XXX-X6.jpg
6728120381206412068900053465,SUMATERA UTARA,KOTA BINJAI,BINJAI TIMUR,MENCIRIM,TPS 01,2019-10-25 17:00:05,46,212,268,264,264,258,6,https://pemilu2019.kpu.go.id/img/c/900/053/900053465/12068-01-C-XXX-X5.jpg,https://pemilu2019.kpu.go.id/img/c/900/053/900053465/12068-01-C-XXX-X6.jpg
6728120381206412068900053466,SUMATERA UTARA,KOTA BINJAI,BINJAI TIMUR,MENCIRIM,TPS 02,2019-10-25 17:00:05,33,170,299,205,205,203,2,https://pemilu2019.kpu.go.id/img/c/900/053/900053466/12068-02-C-XXX-X5.jpg,https://pemilu2019.kpu.go.id/img/c/900/053/900053466/12068-02-C-XXX-X6.jpg
6728120381206412068900053467,SUMATERA UTARA,KOTA BINJAI,BINJAI TIMUR,MENCIRIM,TPS 03,2019-10-25 17:00:05,31,211,299,245,245,242,3,https://pemilu2019.kpu.go.id/img/c/900/053/900053467/12068-03-C-XXX-X5.jpg,https://pemilu2019.kpu.go.id/img/c/900/053/900053467/12068-03-C-XXX-X6.jpg
6728120381206412068900053468,SUMATERA UTARA,KOTA BINJAI,BINJAI TIMUR,MENCIRIM,TPS 04,2019-10-25 17:00:05,53,155,292,210,290,208,82,https://pemilu2019.kpu.go.id/img/c/900/053/900053468/12068-04-C-XXX-X5.jpg,https://pemilu2019.kpu.go.id/img/c/900/053/900053468/12068-04-C-XXX-X6.jpg
6728120381206412068900053469,SUMATERA UTARA,KOTA BINJAI,BINJAI TIMUR,MENCIRIM,TPS 05,2019-10-25 17:00:05,99,141,296,242,242,240,2,https://pemilu2019.kpu.go.id/img/c/900/053/900053469/12068-05-C-XXX-X5.jpg,https://pemilu2019.kpu.go.id/img/c/900/053/900053469/12068-05-C-XXX-X6.jpg
6728120381206412068900053470,SUMATERA UTARA,KOTA BINJAI,BINJAI TIMUR,MENCIRIM,TPS 06,2019-10-25 17:00:05,92,135,310,230,230,227,3,https://pemilu2019.kpu.go.id/img/c/900/053/900053470/12068-06-C-XXX-X5.jpg,https://pemilu2019.kpu.go.id/img/c/900/053/900053470/12068-06-C-XXX-X6.jpg
6728120381206412068900053471,SUMATERA UTARA,KOTA BINJAI,BINJAI TIMUR,MENCIRIM,TPS 07,2019-10-25 17:00:05,117,124,292,249,249,241,8,https://pemilu2019.kpu.go.id/img/c/900/053/900053471/12068-07-C-XXX-X5.jpg,https://pemilu2019.kpu.go.id/img/c/900/053/900053471/12068-07-C-XXX-X6.jpg
6728120381206412068900053472,SUMATERA UTARA,KOTA BINJAI,BINJAI TIMUR,MENCIRIM,TPS 08,2019-10-25 17:00:05,119,103,281,226,226,222,4,https://pemilu2019.kpu.go.id/img/c/900/053/900053472/12068-08-C-XXX-X5.jpg,https://pemilu2019.kpu.go.id/img/c/900/053/900053472/12068-08-C-XXX-X6.jpg
6728120381206412068900053473,SUMATERA UTARA,KOTA BINJAI,BINJAI TIMUR,MENCIRIM,TPS 09,2019-10-25 17:00:05,86,166,321,257,257,252,5,https://pemilu2019.kpu.go.id/img/c/900/053/900053473/12068-09-C-XXX-X5.jpg,https://pemilu2019.kpu.go.id/img/c/900/053/900053473/12068-09-C-XXX-X6.jpg
6728120381206412068900053474,SUMATERA UTARA,KOTA BINJAI,BINJAI TIMUR,MENCIRIM,TPS 10,2019-10-25 17:00:05,90,149,289,241,241,239,2,https://pemilu2019.kpu.go.id/img/c/900/053/900053474/12068-10-C-XXX-X5.jpg,https://pemilu2019.kpu.go.id/img/c/900/053/900053474/12068-10-C-XXX-X6.jpg
6728120381206412068900053475,SUMATERA UTARA,KOTA BINJAI,BINJAI TIMUR,MENCIRIM,TPS 11,2019-10-25 17:00:05,59,163,295,225,225,222,3,https://pemilu2019.kpu.go.id/img/c/900/053/900053475/12068-11-C-XXX-X5.jpg,https://pemilu2019.kpu.go.id/img/c/900/053/900053475/12068-11-C-XXX-X6.jpg
6728120381206412068900053476,SUMATERA UTARA,KOTA BINJAI,BINJAI TIMUR,MENCIRIM,TPS 12,2019-10-25 17:00:05,65,172,315,242,242,237,5,https://pemilu2019.kpu.go.id/img/c/900/053/900053476/12068-12-C-XXX-X5.jpg,https://pemilu2019.kpu.go.id/img/c/900/053/900053476/12068-12-C-XXX-X6.jpg
6728120381206412068900053477,SUMATERA UTARA,KOTA BINJAI,BINJAI TIMUR,MENCIRIM,TPS 13,2019-10-25 17:00:05,58,198,323,260,260,256,4,https://pemilu2019.kpu.go.id/img/c/900/053/900053477/12068-13-C-XXX-X5.jpg,https://pemilu2019.kpu.go.id/img/c/900/053/900053477/12068-13-C-XXX-X6.jpg
6728120381206412068900053478,SUMATERA UTARA,KOTA BINJAI,BINJAI TIMUR,MENCIRIM,TPS 14,2019-10-25 17:00:05,121,158,327,280,280,279,1,https://pemilu2019.kpu.go.id/img/c/900/053/900053478/12068-14-C-XXX-X5.jpg,https://pemilu2019.kpu.go.id/img/c/900/053/900053478/12068-14-C-XXX-X6.jpg
6728120381206412068900053479,SUMATERA UTARA,KOTA BINJAI,BINJAI TIMUR,MENCIRIM,TPS 15,2019-10-25 17:00:05,93,158,297,253,253,251,2,https://pemilu2019.kpu.go.id/img/c/900/053/900053479/12068-15-C-XXX-X5.jpg,https://pemilu2019.kpu.go.id/img/c/900/053/900053479/12068-15-C-XXX-X6.jpg
6728120381206412068900053480,SUMATERA UTARA,KOTA BINJAI,BINJAI TIMUR,MENCIRIM,TPS 16,2019-10-25 17:00:05,110,171,335,282,282,281,1,https://pemilu2019.kpu.go.id/img/c/900/053/900053480/12068-16-C-XXX-X5.jpg,https://pemilu2019.kpu.go.id/img/c/900/053/900053480/12068-16-C-XXX-X6.jpg
6728120381206412068900053481,SUMATERA UTARA,KOTA BINJAI,BINJAI TIMUR,MENCIRIM,TPS 17,2019-10-25 17:00:05,87,208,344,298,298,295,3,https://pemilu2019.kpu.go.id/img/c/900/053/900053481/12068-17-C-XXX-X5.jpg,https://pemilu2019.kpu.go.id/img/c/900/053/900053481/12068-17-C-XXX-X6.jpg
6728120381206412068900053482,SUMATERA UTARA,KOTA BINJAI,BINJAI TIMUR,MENCIRIM,TPS 18,2019-10-25 17:00:05,81,175,321,259,259,256,3,https://pemilu2019.kpu.go.id/img/c/900/053/900053482/12068-18-C-XXX-X5.jpg,https://pemilu2019.kpu.go.id/img/c/900/053/900053482/12068-18-C-XXX-X6.jpg
6728120381206412068900053483,SUMATERA UTARA,KOTA BINJAI,BINJAI TIMUR,MENCIRIM,TPS 19,2019-10-25 17:00:05,87,165,301,258,258,252,6,https://pemilu2019.kpu.go.id/img/c/900/053/900053483/12068-19-C-XXX-X5.jpg,https://pemilu2019.kpu.go.id/img/c/900/053/900053483/12068-19-C-XXX-X6.jpg
6728120381206412068900053484,SUMATERA UTARA,KOTA BINJAI,BINJAI TIMUR,MENCIRIM,TPS 20,2019-10-25 17:00:05,107,129,320,238,241,238,3,https://pemilu2019.kpu.go.id/img/c/900/053/900053484/12068-20-C-XXX-X5.jpg,https://pemilu2019.kpu.go.id/img/c/900/053/900053484/12068-20-C-XXX-X6.jpg
6728120381206412068900053485,SUMATERA UTARA,KOTA BINJAI,BINJAI TIMUR,MENCIRIM,TPS 21,2019-10-25 17:00:05,94,81,277,177,177,175,2,https://pemilu2019.kpu.go.id/img/c/900/053/900053485/12068-21-C-XXX-X5.jpg,https://pemilu2019.kpu.go.id/img/c/900/053/900053485/12068-21-C-XXX-X6.jpg
6728120381206412068900053486,SUMATERA UTARA,KOTA BINJAI,BINJAI TIMUR,MENCIRIM,TPS 22,2019-10-25 17:00:05,34,80,254,120,120,114,6,https://pemilu2019.kpu.go.id/img/c/900/053/900053486/12068-22-C-XXX-X5.jpg,https://pemilu2019.kpu.go.id/img/c/900/053/900053486/12068-22-C-XXX-X6.jpg
6728120381206412071900053536,SUMATERA UTARA,KOTA BINJAI,BINJAI TIMUR,SUMBER KARYA,TPS 01,2019-10-25 17:00:05,72,164,273,237,237,236,1,https://pemilu2019.kpu.go.id/img/c/900/053/900053536/12071-01-C-XXX-X5.jpg,https://pemilu2019.kpu.go.id/img/c/900/053/900053536/12071-01-C-XXX-X6.jpg
6728120381206412071900053537,SUMATERA UTARA,KOTA BINJAI,BINJAI TIMUR,SUMBER KARYA,TPS 02,2019-10-25 17:00:05,88,154,302,245,245,242,3,https://pemilu2019.kpu.go.id/img/c/900/053/900053537/12071-02-C-XXX-X5.jpg,https://pemilu2019.kpu.go.id/img/c/900/053/900053537/12071-02-C-XXX-X6.jpg
6728120381206412071900053538,SUMATERA UTARA,KOTA BINJAI,BINJAI TIMUR,SUMBER KARYA,TPS 03,2019-10-25 17:00:05,127,152,329,283,283,279,4,https://pemilu2019.kpu.go.id/img/c/900/053/900053538/12071-03-C-XXX-X5.jpg,https://pemilu2019.kpu.go.id/img/c/900/053/900053538/12071-03-C-XXX-X6.jpg
6728120381206412071900053539,SUMATERA UTARA,KOTA BINJAI,BINJAI TIMUR,SUMBER KARYA,TPS 04,2019-10-25 17:00:05,93,163,262,0,262,6,256,https://pemilu2019.kpu.go.id/img/c/900/053/900053539/12071-04-C-XXX-X5.jpg,https://pemilu2019.kpu.go.id/img/c/900/053/900053539/12071-04-C-XXX-X6.jpg
6728120381206412071900053540,SUMATERA UTARA,KOTA BINJAI,BINJAI TIMUR,SUMBER KARYA,TPS 05,2019-10-25 17:00:05,81,168,308,250,250,249,1,https://pemilu2019.kpu.go.id/img/c/900/053/900053540/12071-05-C-XXX-X5.jpg,https://pemilu2019.kpu.go.id/img/c/900/053/900053540/12071-05-C-XXX-X6.jpg
6728120381206412071900053541,SUMATERA UTARA,KOTA BINJAI,BINJAI TIMUR,SUMBER KARYA,TPS 06,2019-10-25 17:00:05,67,171,299,241,241,238,3,https://pemilu2019.kpu.go.id/img/c/900/053/900053541/12071-06-C-XXX-X5.jpg,https://pemilu2019.kpu.go.id/img/c/900/053/900053541/12071-06-C-XXX-X6.jpg
6728120381206412071900053542,SUMATERA UTARA,KOTA BINJAI,BINJAI TIMUR,SUMBER KARYA,TPS 07,2019-10-25 17:00:05,86,145,280,233,233,231,2,https://pemilu2019.kpu.go.id/img/c/900/053/900053542/12071-07-C-XXX-X5.jpg,https://pemilu2019.kpu.go.id/img/c/900/053/900053542/12071-07-C-XXX-X6.jpg
6728120381206412071900053543,SUMATERA UTARA,KOTA BINJAI,BINJAI TIMUR,SUMBER KARYA,TPS 08,2019-10-25 17:00:05,58,184,293,243,243,242,1,https://pemilu2019.kpu.go.id/img/c/900/053/900053543/12071-08-C-XXX-X5.jpg,https://pemilu2019.kpu.go.id/img/c/900/053/900053543/12071-08-C-XXX-X6.jpg
6728120381206412071900053544,SUMATERA UTARA,KOTA BINJAI,BINJAI TIMUR,SUMBER KARYA,TPS 09,2019-10-25 17:00:05,67,168,293,235,235,235,0,https://pemilu2019.kpu.go.id/img/c/900/053/900053544/12071-09-C-XXX-X5.jpg,https://pemilu2019.kpu.go.id/img/c/900/053/900053544/12071-09-C-XXX-X6.jpg
6728120381206412071900053545,SUMATERA UTARA,KOTA BINJAI,BINJAI TIMUR,SUMBER KARYA,TPS 10,2019-10-25 17:00:05,77,154,274,233,233,231,2,https://pemilu2019.kpu.go.id/img/c/900/053/900053545/12071-10-C-XXX-X5.jpg,https://pemilu2019.kpu.go.id/img/c/900/053/900053545/12071-10-C-XXX-X6.jpg
6728120381206412071900053546,SUMATERA UTARA,KOTA BINJAI,BINJAI TIMUR,SUMBER KARYA,TPS 11,2019-10-25 17:00:05,67,176,288,244,244,243,1,https://pemilu2019.kpu.go.id/img/c/900/053/900053546/12071-11-C-XXX-X5.jpg,https://pemilu2019.kpu.go.id/img/c/900/053/900053546/12071-11-C-XXX-X6.jpg
6728120381206412071900053547,SUMATERA UTARA,KOTA BINJAI,BINJAI TIMUR,SUMBER KARYA,TPS 12,2019-10-25 17:00:05,72,156,272,232,232,228,4,https://pemilu2019.kpu.go.id/img/c/900/053/900053547/12071-12-C-XXX-X5.jpg,https://pemilu2019.kpu.go.id/img/c/900/053/900053547/12071-12-C-XXX-X6.jpg
6728120381206412071900053548,SUMATERA UTARA,KOTA BINJAI,BINJAI TIMUR,SUMBER KARYA,TPS 13,2019-10-25 17:00:05,68,184,288,255,255,252,3,https://pemilu2019.kpu.go.id/img/c/900/053/900053548/12071-13-C-XXX-X5.jpg,https://pemilu2019.kpu.go.id/img/c/900/053/900053548/12071-13-C-XXX-X6.jpg
6728120381206412071900053549,SUMATERA UTARA,KOTA BINJAI,BINJAI TIMUR,SUMBER KARYA,TPS 14,2019-10-25 17:00:05,65,162,289,227,227,227,0,https://pemilu2019.kpu.go.id/img/c/900/053/900053549/12071-14-C-XXX-X5.jpg,https://pemilu2019.kpu.go.id/img/c/900/053/900053549/12071-14-C-XXX-X6.jpg
6728120381206412071900053550,SUMATERA UTARA,KOTA BINJAI,BINJAI TIMUR,SUMBER KARYA,TPS 15,2019-10-25 17:00:05,52,201,295,258,258,253,5,https://pemilu2019.kpu.go.id/img/c/900/053/900053550/12071-15-C-XXX-X5.jpg,https://pemilu2019.kpu.go.id/img/c/900/053/900053550/12071-15-C-XXX-X6.jpg
6728120381206412071900053551,SUMATERA UTARA,KOTA BINJAI,BINJAI TIMUR,SUMBER KARYA,TPS 16,2019-10-25 17:00:05,47,216,313,266,266,263,3,https://pemilu2019.kpu.go.id/img/c/900/053/900053551/12071-16-C-XXX-X5.jpg,https://pemilu2019.kpu.go.id/img/c/900/053/900053551/12071-16-C-XXX-X6.jpg
6728120381206412071900053552,SUMATERA UTARA,KOTA BINJAI,BINJAI TIMUR,SUMBER KARYA,TPS 17,2019-10-25 17:00:05,74,202,319,282,282,276,6,https://pemilu2019.kpu.go.id/img/c/900/053/900053552/12071-17-C-XXX-X5.jpg,https://pemilu2019.kpu.go.id/img/c/900/053/900053552/12071-17-C-XXX-X6.jpg
6728120381206412071900053553,SUMATERA UTARA,KOTA BINJAI,BINJAI TIMUR,SUMBER KARYA,TPS 18,2019-10-25 17:00:05,66,177,272,248,248,243,5,https://pemilu2019.kpu.go.id/img/c/900/053/900053553/1-12071-18-C-XXX-X5.jpg,https://pemilu2019.kpu.go.id/img/c/900/053/900053553/1-12071-18-C-XXX-X6.jpg
6728120381206412071900053554,SUMATERA UTARA,KOTA BINJAI,BINJAI TIMUR,SUMBER KARYA,TPS 19,2019-10-25 17:00:05,76,180,329,261,261,256,5,https://pemilu2019.kpu.go.id/img/c/900/053/900053554/1-12071-19-C-XXX-X5.jpg,https://pemilu2019.kpu.go.id/img/c/900/053/900053554/1-12071-19-C-XXX-X6.jpg
6728120381206412071900053555,SUMATERA UTARA,KOTA BINJAI,BINJAI TIMUR,SUMBER KARYA,TPS 20,2019-10-25 17:00:05,82,196,292,285,285,278,7,https://pemilu2019.kpu.go.id/img/c/900/053/900053555/2-12071-20-C-XXX-X5.jpg,https://pemilu2019.kpu.go.id/img/c/900/053/900053555/2-12071-20-C-XXX-X6.jpg
6728120381206412071900053556,SUMATERA UTARA,KOTA BINJAI,BINJAI TIMUR,SUMBER KARYA,TPS 21,2019-10-25 17:00:05,80,168,300,251,251,248,3,https://pemilu2019.kpu.go.id/img/c/900/053/900053556/1-12071-21-C-XXX-X5.jpg,https://pemilu2019.kpu.go.id/img/c/900/053/900053556/1-12071-21-C-XXX-X6.jpg
6728120381206412071900053557,SUMATERA UTARA,KOTA BINJAI,BINJAI TIMUR,SUMBER KARYA,TPS 22,2019-10-25 17:00:05,80,166,291,251,251,246,5,https://pemilu2019.kpu.go.id/img/c/900/053/900053557/1-12071-22-C-XXX-X5.jpg,https://pemilu2019.kpu.go.id/img/c/900/053/900053557/1-12071-22-C-XXX-X6.jpg
6728120381206412071900053558,SUMATERA UTARA,KOTA BINJAI,BINJAI TIMUR,SUMBER KARYA,TPS 23,2019-10-25 17:00:05,110,119,286,234,234,229,5,https://pemilu2019.kpu.go.id/img/c/900/053/900053558/1-12071-23-C-XXX-X5.jpg,https://pemilu2019.kpu.go.id/img/c/900/053/900053558/1-12071-23-C-XXX-X6.jpg
6728120381206412071900053559,SUMATERA UTARA,KOTA BINJAI,BINJAI TIMUR,SUMBER KARYA,TPS 24,2019-10-25 17:00:05,84,175,319,266,266,259,7,https://pemilu2019.kpu.go.id/img/c/900/053/900053559/1-12071-24-C-XXX-X5.jpg,https://pemilu2019.kpu.go.id/img/c/900/053/900053559/1-12071-24-C-XXX-X6.jpg
6728120381206412071900053560,SUMATERA UTARA,KOTA BINJAI,BINJAI TIMUR,SUMBER KARYA,TPS 25,2019-10-25 17:00:05,69,138,269,212,212,207,5,https://pemilu2019.kpu.go.id/img/c/900/053/900053560/1-12071-25-C-XXX-X5.jpg,https://pemilu2019.kpu.go.id/img/c/900/053/900053560/1-12071-25-C-XXX-X6.jpg
6728120381206412071900053561,SUMATERA UTARA,KOTA BINJAI,BINJAI TIMUR,SUMBER KARYA,TPS 26,2019-10-25 17:00:05,87,128,267,220,220,215,5,https://pemilu2019.kpu.go.id/img/c/900/053/900053561/1-12071-26-C-XXX-X5.jpg,https://pemilu2019.kpu.go.id/img/c/900/053/900053561/1-12071-26-C-XXX-X6.jpg
6728120381206412071900053562,SUMATERA UTARA,KOTA BINJAI,BINJAI TIMUR,SUMBER KARYA,TPS 27,2019-10-25 17:00:05,29,67,288,33,97,96,1,https://pemilu2019.kpu.go.id/img/c/900/053/900053562/1-12071-27-C-XXX-X5.jpg,https://pemilu2019.kpu.go.id/img/c/900/053/900053562/1-12071-27-C-XXX-X6.jpg
6728120381206412071900053563,SUMATERA UTARA,KOTA BINJAI,BINJAI TIMUR,SUMBER KARYA,TPS 28,2019-10-25 17:00:05,39,96,250,136,136,135,1,https://pemilu2019.kpu.go.id/img/c/900/053/900053563/1-12071-28-C-XXX-X5.jpg,https://pemilu2019.kpu.go.id/img/c/900/053/900053563/1-12071-28-C-XXX-X6.jpg
6728120381206412070900053510,SUMATERA UTARA,KOTA BINJAI,BINJAI TIMUR,SUMBER MULYOREJO,TPS 01,2019-10-25 17:00:05,68,194,295,264,264,262,2,https://pemilu2019.kpu.go.id/img/c/900/053/900053510/2-12070-01-C-XXX-X5.jpg,https://pemilu2019.kpu.go.id/img/c/900/053/900053510/2-12070-01-C-XXX-X6.jpg
6728120381206412070900053511,SUMATERA UTARA,KOTA BINJAI,BINJAI TIMUR,SUMBER MULYOREJO,TPS 02,2019-10-25 17:00:05,78,146,312,224,224,224,0,https://pemilu2019.kpu.go.id/img/c/900/053/900053511/2-12070-02-C-XXX-X5.jpg,https://pemilu2019.kpu.go.id/img/c/900/053/900053511/2-12070-02-C-XXX-X6.jpg
6728120381206412070900053512,SUMATERA UTARA,KOTA BINJAI,BINJAI TIMUR,SUMBER MULYOREJO,TPS 03,2019-10-25 17:00:05,67,157,313,227,227,224,3,https://pemilu2019.kpu.go.id/img/c/900/053/900053512/2-12070-03-C-XXX-X5.jpg,https://pemilu2019.kpu.go.id/img/c/900/053/900053512/2-12070-03-C-XXX-X6.jpg
6728120381206412070900053513,SUMATERA UTARA,KOTA BINJAI,BINJAI TIMUR,SUMBER MULYOREJO,TPS 04,2019-10-25 17:00:05,77,179,310,257,257,256,1,https://pemilu2019.kpu.go.id/img/c/900/053/900053513/2-12070-04-C-XXX-X5.jpg,https://pemilu2019.kpu.go.id/img/c/900/053/900053513/2-12070-04-C-XXX-X6.jpg
6728120381206412070900053514,SUMATERA UTARA,KOTA BINJAI,BINJAI TIMUR,SUMBER MULYOREJO,TPS 05,2019-10-25 17:00:05,88,219,365,308,308,307,1,https://pemilu2019.kpu.go.id/img/c/900/053/900053514/2-12070-05-C-XXX-X5.jpg,https://pemilu2019.kpu.go.id/img/c/900/053/900053514/2-12070-05-C-XXX-X6.jpg
6728120381206412070900053515,SUMATERA UTARA,KOTA BINJAI,BINJAI TIMUR,SUMBER MULYOREJO,TPS 06,2019-10-25 17:00:05,56,158,307,214,221,214,7,https://pemilu2019.kpu.go.id/img/c/900/053/900053515/1-12070-06-C-XXX-X5.jpg,https://pemilu2019.kpu.go.id/img/c/900/053/900053515/1-12070-06-C-XXX-X6.jpg
6728120381206412070900053516,SUMATERA UTARA,KOTA BINJAI,BINJAI TIMUR,SUMBER MULYOREJO,TPS 07,2019-10-25 17:00:05,99,173,339,279,279,272,7,https://pemilu2019.kpu.go.id/img/c/900/053/900053516/1-12070-07-C-XXX-X5.jpg,https://pemilu2019.kpu.go.id/img/c/900/053/900053516/1-12070-07-C-XXX-X6.jpg
6728120381206412070900053517,SUMATERA UTARA,KOTA BINJAI,BINJAI TIMUR,SUMBER MULYOREJO,TPS 08,2019-10-25 17:00:05,85,138,322,229,229,223,6,https://pemilu2019.kpu.go.id/img/c/900/053/900053517/1-12070-08-C-XXX-X5.jpg,https://pemilu2019.kpu.go.id/img/c/900/053/900053517/1-12070-08-C-XXX-X6.jpg
6728120381206412070900053518,SUMATERA UTARA,KOTA BINJAI,BINJAI TIMUR,SUMBER MULYOREJO,TPS 09,2019-10-25 17:00:05,70,149,340,222,222,219,3,https://pemilu2019.kpu.go.id/img/c/900/053/900053518/1-12070-09-C-XXX-X5.jpg,https://pemilu2019.kpu.go.id/img/c/900/053/900053518/1-12070-09-C-XXX-X6.jpg
6728120381206412070900053519,SUMATERA UTARA,KOTA BINJAI,BINJAI TIMUR,SUMBER MULYOREJO,TPS 10,2019-10-25 17:00:05,63,193,325,258,258,256,2,https://pemilu2019.kpu.go.id/img/c/900/053/900053519/1-12070-10-C-XXX-X5.jpg,https://pemilu2019.kpu.go.id/img/c/900/053/900053519/1-12070-10-C-XXX-X6.jpg
6728120381206412070900053520,SUMATERA UTARA,KOTA BINJAI,BINJAI TIMUR,SUMBER MULYOREJO,TPS 11,2019-10-25 17:00:05,47,182,289,232,232,229,3,https://pemilu2019.kpu.go.id/img/c/900/053/900053520/1-12070-11-C-XXX-X5.jpg,https://pemilu2019.kpu.go.id/img/c/900/053/900053520/1-12070-11-C-XXX-X6.jpg
6728120381206412070900053521,SUMATERA UTARA,KOTA BINJAI,BINJAI TIMUR,SUMBER MULYOREJO,TPS 12,2019-10-25 17:00:05,62,170,293,236,236,232,4,https://pemilu2019.kpu.go.id/img/c/900/053/900053521/2-12070-12-C-XXX-X5.jpg,https://pemilu2019.kpu.go.id/img/c/900/053/900053521/2-12070-12-C-XXX-X6.jpg
6728120381206412070900053522,SUMATERA UTARA,KOTA BINJAI,BINJAI TIMUR,SUMBER MULYOREJO,TPS 13,2019-10-25 17:00:05,80,168,313,255,255,248,7,https://pemilu2019.kpu.go.id/img/c/900/053/900053522/2-12070-13-C-XXX-X5.jpg,https://pemilu2019.kpu.go.id/img/c/900/053/900053522/2-12070-13-C-XXX-X6.jpg
6728120381206412070900053523,SUMATERA UTARA,KOTA BINJAI,BINJAI TIMUR,SUMBER MULYOREJO,TPS 14,2019-10-25 17:00:05,40,213,293,253,253,253,0,https://pemilu2019.kpu.go.id/img/c/900/053/900053523/2-12070-14-C-XXX-X5.jpg,https://pemilu2019.kpu.go.id/img/c/900/053/900053523/2-12070-14-C-XXX-X6.jpg
6728120381206412070900053524,SUMATERA UTARA,KOTA BINJAI,BINJAI TIMUR,SUMBER MULYOREJO,TPS 15,2019-10-25 17:00:05,51,224,324,280,280,275,5,https://pemilu2019.kpu.go.id/img/c/900/053/900053524/2-12070-15-C-XXX-X5.jpg,https://pemilu2019.kpu.go.id/img/c/900/053/900053524/2-12070-15-C-XXX-X6.jpg
6728120381206412070900053525,SUMATERA UTARA,KOTA BINJAI,BINJAI TIMUR,SUMBER MULYOREJO,TPS 16,2019-10-25 17:00:05,43,215,302,261,261,258,3,https://pemilu2019.kpu.go.id/img/c/900/053/900053525/1-12070-16-C-XXX-X5.jpg,https://pemilu2019.kpu.go.id/img/c/900/053/900053525/1-12070-16-C-XXX-X6.jpg
6728120381206412070900053526,SUMATERA UTARA,KOTA BINJAI,BINJAI TIMUR,SUMBER MULYOREJO,TPS 17,2019-10-25 17:00:05,63,180,315,246,246,243,3,https://pemilu2019.kpu.go.id/img/c/900/053/900053526/2-12070-17-C-XXX-X5.jpg,https://pemilu2019.kpu.go.id/img/c/900/053/900053526/2-12070-17-C-XXX-X6.jpg
6728120381206412070900053527,SUMATERA UTARA,KOTA BINJAI,BINJAI TIMUR,SUMBER MULYOREJO,TPS 18,2019-10-25 17:00:05,104,164,291,272,272,268,4,https://pemilu2019.kpu.go.id/img/c/900/053/900053527/1-12070-18-C-XXX-X5.jpg,https://pemilu2019.kpu.go.id/img/c/900/053/900053527/1-12070-18-C-XXX-X6.jpg
6728120381206412070900053528,SUMATERA UTARA,KOTA BINJAI,BINJAI TIMUR,SUMBER MULYOREJO,TPS 19,2019-10-25 17:00:05,110,135,300,257,255,245,10,https://pemilu2019.kpu.go.id/img/c/900/053/900053528/2-12070-19-C-XXX-X5.jpg,https://pemilu2019.kpu.go.id/img/c/900/053/900053528/2-12070-19-C-XXX-X6.jpg
6728120381206412070900053529,SUMATERA UTARA,KOTA BINJAI,BINJAI TIMUR,SUMBER MULYOREJO,TPS 20,2019-10-25 17:00:05,126,125,312,256,256,251,5,https://pemilu2019.kpu.go.id/img/c/900/053/900053529/1-12070-20-C-XXX-X5.jpg,https://pemilu2019.kpu.go.id/img/c/900/053/900053529/1-12070-20-C-XXX-X6.jpg
6728120381206412070900053530,SUMATERA UTARA,KOTA BINJAI,BINJAI TIMUR,SUMBER MULYOREJO,TPS 21,2019-10-25 17:00:05,75,192,291,271,271,267,4,https://pemilu2019.kpu.go.id/img/c/900/053/900053530/1-12070-21-C-XXX-X5.jpg,https://pemilu2019.kpu.go.id/img/c/900/053/900053530/1-12070-21-C-XXX-X6.jpg
6728120381206412070900053531,SUMATERA UTARA,KOTA BINJAI,BINJAI TIMUR,SUMBER MULYOREJO,TPS 22,2019-10-25 17:00:05,64,215,295,281,281,279,2,https://pemilu2019.kpu.go.id/img/c/900/053/900053531/2-12070-22-C-XXX-X5.jpg,https://pemilu2019.kpu.go.id/img/c/900/053/900053531/2-12070-22-C-XXX-X6.jpg
6728120381206412070900053532,SUMATERA UTARA,KOTA BINJAI,BINJAI TIMUR,SUMBER MULYOREJO,TPS 23,2019-10-25 17:00:05,123,116,331,245,245,239,6,https://pemilu2019.kpu.go.id/img/c/900/053/900053532/1-12070-23-C-XXX-X5.jpg,https://pemilu2019.kpu.go.id/img/c/900/053/900053532/1-12070-23-C-XXX-X6.jpg
6728120381206412070900053533,SUMATERA UTARA,KOTA BINJAI,BINJAI TIMUR,SUMBER MULYOREJO,TPS 24,2019-10-25 17:00:05,129,132,294,265,265,261,4,https://pemilu2019.kpu.go.id/img/c/900/053/900053533/1-12070-24-C-XXX-X5.jpg,https://pemilu2019.kpu.go.id/img/c/900/053/900053533/1-12070-24-C-XXX-X6.jpg
6728120381206412070900053534,SUMATERA UTARA,KOTA BINJAI,BINJAI TIMUR,SUMBER MULYOREJO,TPS 25,2019-10-25 17:00:05,136,147,356,284,284,283,1,https://pemilu2019.kpu.go.id/img/c/900/053/900053534/1-12070-25-C-XXX-X5.jpg,https://pemilu2019.kpu.go.id/img/c/900/053/900053534/1-12070-25-C-XXX-X6.jpg
6728120381206412070900053535,SUMATERA UTARA,KOTA BINJAI,BINJAI TIMUR,SUMBER MULYOREJO,TPS 26,2019-10-25 17:00:05,109,138,313,258,258,247,11,https://pemilu2019.kpu.go.id/img/c/900/053/900053535/1-12070-26-C-XXX-X5.jpg,https://pemilu2019.kpu.go.id/img/c/900/053/900053535/1-12070-26-C-XXX-X6.jpg
6728120381206412065900053426,SUMATERA UTARA,KOTA BINJAI,BINJAI TIMUR,TANAH TINGGI,TPS 01,2019-10-25 17:00:05,84,171,338,255,255,255,0,https://pemilu2019.kpu.go.id/img/c/900/053/900053426/1-12065-01-C-XXX-X5.jpg,https://pemilu2019.kpu.go.id/img/c/900/053/900053426/1-12065-01-C-XXX-X6.jpg
6728120381206412065900053427,SUMATERA UTARA,KOTA BINJAI,BINJAI TIMUR,TANAH TINGGI,TPS 02,2019-10-25 17:00:05,80,105,299,188,188,185,3,https://pemilu2019.kpu.go.id/img/c/900/053/900053427/1-12065-02-C-XXX-X5.jpg,https://pemilu2019.kpu.go.id/img/c/900/053/900053427/1-12065-02-C-XXX-X6.jpg
6728120381206412065900053428,SUMATERA UTARA,KOTA BINJAI,BINJAI TIMUR,TANAH TINGGI,TPS 03,2019-10-25 17:00:05,124,99,280,227,227,223,4,https://pemilu2019.kpu.go.id/img/c/900/053/900053428/1-12065-03-C-XXX-X5.jpg,https://pemilu2019.kpu.go.id/img/c/900/053/900053428/1-12065-03-C-XXX-X6.jpg
6728120381206412065900053429,SUMATERA UTARA,KOTA BINJAI,BINJAI TIMUR,TANAH TINGGI,TPS 04,2019-10-25 17:00:05,84,160,244,248,248,244,4,https://pemilu2019.kpu.go.id/img/c/900/053/900053429/1-12065-04-C-XXX-X5.jpg,https://pemilu2019.kpu.go.id/img/c/900/053/900053429/1-12065-04-C-XXX-X6.jpg
6728120381206412065900053430,SUMATERA UTARA,KOTA BINJAI,BINJAI TIMUR,TANAH TINGGI,TPS 05,2019-10-25 17:00:05,77,162,296,242,242,239,3,https://pemilu2019.kpu.go.id/img/c/900/053/900053430/12065-05-C-XXX-X5.jpg,https://pemilu2019.kpu.go.id/img/c/900/053/900053430/12065-05-C-XXX-X6.jpg
6728120381206412065900053431,SUMATERA UTARA,KOTA BINJAI,BINJAI TIMUR,TANAH TINGGI,TPS 06,2019-10-25 17:00:05,64,164,310,229,229,228,1,https://pemilu2019.kpu.go.id/img/c/900/053/900053431/1-12065-06-C-XXX-X5.jpg,https://pemilu2019.kpu.go.id/img/c/900/053/900053431/1-12065-06-C-XXX-X6.jpg
6728120381206412065900053432,SUMATERA UTARA,KOTA BINJAI,BINJAI TIMUR,TANAH TINGGI,TPS 07,2019-10-25 17:00:05,75,176,308,259,259,251,8,https://pemilu2019.kpu.go.id/img/c/900/053/900053432/2-12065-07-C-XXX-X5.jpg,https://pemilu2019.kpu.go.id/img/c/900/053/900053432/2-12065-07-C-XXX-X6.jpg
6728120381206412065900053433,SUMATERA UTARA,KOTA BINJAI,BINJAI TIMUR,TANAH TINGGI,TPS 08,2019-10-25 17:00:05,45,155,275,201,202,200,2,https://pemilu2019.kpu.go.id/img/c/900/053/900053433/1-12065-08-C-XXX-X5.jpg,https://pemilu2019.kpu.go.id/img/c/900/053/900053433/1-12065-08-C-XXX-X6.jpg
6728120381206412065900053434,SUMATERA UTARA,KOTA BINJAI,BINJAI TIMUR,TANAH TINGGI,TPS 09,2019-10-25 17:00:05,35,177,293,293,254,212,1,https://pemilu2019.kpu.go.id/img/c/900/053/900053434/1-12065-09-C-XXX-X5.jpg,https://pemilu2019.kpu.go.id/img/c/900/053/900053434/1-12065-09-C-XXX-X6.jpg
6728120381206412065900053435,SUMATERA UTARA,KOTA BINJAI,BINJAI TIMUR,TANAH TINGGI,TPS 10,2019-10-25 17:00:05,44,186,280,232,232,230,2,https://pemilu2019.kpu.go.id/img/c/900/053/900053435/1-12065-10-C-XXX-X5.jpg,https://pemilu2019.kpu.go.id/img/c/900/053/900053435/1-12065-10-C-XXX-X6.jpg
6728120381206412065900053436,SUMATERA UTARA,KOTA BINJAI,BINJAI TIMUR,TANAH TINGGI,TPS 11,2019-10-25 17:00:05,51,167,310,220,220,218,2,https://pemilu2019.kpu.go.id/img/c/900/053/900053436/12065-11-C-XXX-X5.jpg,https://pemilu2019.kpu.go.id/img/c/900/053/900053436/12065-11-C-XXX-X6.jpg
6728120381206412065900053437,SUMATERA UTARA,KOTA BINJAI,BINJAI TIMUR,TANAH TINGGI,TPS 12,2019-10-25 17:00:05,60,205,366,258,269,265,4,https://pemilu2019.kpu.go.id/img/c/900/053/900053437/12065-12-C-XXX-X5.jpg,https://pemilu2019.kpu.go.id/img/c/900/053/900053437/12065-12-C-XXX-X6.jpg
6728120381206412065900053438,SUMATERA UTARA,KOTA BINJAI,BINJAI TIMUR,TANAH TINGGI,TPS 13,2019-10-25 17:00:05,58,212,348,274,274,270,4,https://pemilu2019.kpu.go.id/img/c/900/053/900053438/12065-13-C-XXX-X5.jpg,https://pemilu2019.kpu.go.id/img/c/900/053/900053438/12065-13-C-XXX-X6.jpg
6728120381206412065900053439,SUMATERA UTARA,KOTA BINJAI,BINJAI TIMUR,TANAH TINGGI,TPS 14,2019-10-25 17:00:05,40,197,309,240,240,237,3,https://pemilu2019.kpu.go.id/img/c/900/053/900053439/12065-14-C-XXX-X5.jpg,https://pemilu2019.kpu.go.id/img/c/900/053/900053439/12065-14-C-XXX-X6.jpg
6728120381206412065900053440,SUMATERA UTARA,KOTA BINJAI,BINJAI TIMUR,TANAH TINGGI,TPS 15,2019-10-25 17:00:05,61,187,369,251,251,248,3,https://pemilu2019.kpu.go.id/img/c/900/053/900053440/1-12065-15-C-XXX-X5.jpg,https://pemilu2019.kpu.go.id/img/c/900/053/900053440/1-12065-15-C-XXX-X6.jpg
6728120381206412067900053453,SUMATERA UTARA,KOTA BINJAI,BINJAI TIMUR,TIMBANG LANGKAT,TPS 01,2019-10-25 17:00:05,109,145,278,259,259,254,5,https://pemilu2019.kpu.go.id/img/c/900/053/900053453/12067-01-C-XXX-X5.jpg,https://pemilu2019.kpu.go.id/img/c/900/053/900053453/12067-01-C-XXX-X6.jpg
6728120381206412067900053454,SUMATERA UTARA,KOTA BINJAI,BINJAI TIMUR,TIMBANG LANGKAT,TPS 02,2019-10-25 17:00:05,96,124,282,223,0,220,223,https://pemilu2019.kpu.go.id/img/c/900/053/900053454/12067-02-C-XXX-X5.jpg,https://pemilu2019.kpu.go.id/img/c/900/053/900053454/12067-02-C-XXX-X6.jpg
6728120381206412067900053455,SUMATERA UTARA,KOTA BINJAI,BINJAI TIMUR,TIMBANG LANGKAT,TPS 03,2019-10-25 17:00:05,102,156,285,262,262,258,4,https://pemilu2019.kpu.go.id/img/c/900/053/900053455/12067-03-C-XXX-X5.jpg,https://pemilu2019.kpu.go.id/img/c/900/053/900053455/12067-03-C-XXX-X6.jpg
6728120381206412067900053456,SUMATERA UTARA,KOTA BINJAI,BINJAI TIMUR,TIMBANG LANGKAT,TPS 04,2019-10-25 17:00:05,74,177,291,257,257,251,6,https://pemilu2019.kpu.go.id/img/c/900/053/900053456/12067-04-C-XXX-X5.jpg,https://pemilu2019.kpu.go.id/img/c/900/053/900053456/12067-04-C-XXX-X6.jpg
6728120381206412067900053457,SUMATERA UTARA,KOTA BINJAI,BINJAI TIMUR,TIMBANG LANGKAT,TPS 05,2019-10-25 17:00:05,89,181,323,277,277,270,7,https://pemilu2019.kpu.go.id/img/c/900/053/900053457/12067-05-C-XXX-X5.jpg,https://pemilu2019.kpu.go.id/img/c/900/053/900053457/12067-05-C-XXX-X6.jpg
6728120381206412067900053458,SUMATERA UTARA,KOTA BINJAI,BINJAI TIMUR,TIMBANG LANGKAT,TPS 06,2019-10-25 17:00:05,125,139,290,267,267,264,3,https://pemilu2019.kpu.go.id/img/c/900/053/900053458/12067-06-C-XXX-X5.jpg,https://pemilu2019.kpu.go.id/img/c/900/053/900053458/12067-06-C-XXX-X6.jpg
6728120381206412067900053459,SUMATERA UTARA,KOTA BINJAI,BINJAI TIMUR,TIMBANG LANGKAT,TPS 07,2019-10-25 17:00:05,66,208,294,278,278,274,4,https://pemilu2019.kpu.go.id/img/c/900/053/900053459/12067-07-C-XXX-X5.jpg,https://pemilu2019.kpu.go.id/img/c/900/053/900053459/12067-07-C-XXX-X6.jpg
6728120381206412067900053460,SUMATERA UTARA,KOTA BINJAI,BINJAI TIMUR,TIMBANG LANGKAT,TPS 08,2019-10-25 17:00:05,74,171,294,247,247,245,2,https://pemilu2019.kpu.go.id/img/c/900/053/900053460/12067-08-C-XXX-X5.jpg,https://pemilu2019.kpu.go.id/img/c/900/053/900053460/12067-08-C-XXX-X6.jpg
6728120381206412067900053461,SUMATERA UTARA,KOTA BINJAI,BINJAI TIMUR,TIMBANG LANGKAT,TPS 09,2019-10-25 17:00:05,78,185,290,268,268,263,5,https://pemilu2019.kpu.go.id/img/c/900/053/900053461/12067-09-C-XXX-X5.jpg,https://pemilu2019.kpu.go.id/img/c/900/053/900053461/12067-09-C-XXX-X6.jpg
6728120381206412067900053462,SUMATERA UTARA,KOTA BINJAI,BINJAI TIMUR,TIMBANG LANGKAT,TPS 10,2019-10-25 17:00:05,64,167,300,231,231,231,0,https://pemilu2019.kpu.go.id/img/c/900/053/900053462/12067-10-C-XXX-X5.jpg,https://pemilu2019.kpu.go.id/img/c/900/053/900053462/12067-10-C-XXX-X6.jpg
6728120381206412067900053463,SUMATERA UTARA,KOTA BINJAI,BINJAI TIMUR,TIMBANG LANGKAT,TPS 11,2019-10-25 17:00:05,55,165,272,227,227,220,7,https://pemilu2019.kpu.go.id/img/c/900/053/900053463/12067-11-C-XXX-X5.jpg,https://pemilu2019.kpu.go.id/img/c/900/053/900053463/12067-11-C-XXX-X6.jpg
6728120381206412067900053464,SUMATERA UTARA,KOTA BINJAI,BINJAI TIMUR,TIMBANG LANGKAT,TPS 12,2019-10-25 17:00:05,41,225,303,272,272,266,6,https://pemilu2019.kpu.go.id/img/c/900/053/900053464/12067-12-C-XXX-X5.jpg,https://pemilu2019.kpu.go.id/img/c/900/053/900053464/12067-12-C-XXX-X6.jpg
6728120381206412069900053487,SUMATERA UTARA,KOTA BINJAI,BINJAI TIMUR,TUNGGURONO,TPS 01,2019-10-25 17:00:05,238,5,305,246,246,243,3,https://pemilu2019.kpu.go.id/img/c/900/053/900053487/2-12069-01-C-XXX-X5.jpg,https://pemilu2019.kpu.go.id/img/c/900/053/900053487/2-12069-01-C-XXX-X6.jpg
6728120381206412069900053488,SUMATERA UTARA,KOTA BINJAI,BINJAI TIMUR,TUNGGURONO,TPS 02,2019-10-25 17:00:05,243,11,318,256,256,254,2,https://pemilu2019.kpu.go.id/img/c/900/053/900053488/1-12069-02-C-XXX-X5.jpg,https://pemilu2019.kpu.go.id/img/c/900/053/900053488/1-12069-02-C-XXX-X6.jpg
6728120381206412069900053489,SUMATERA UTARA,KOTA BINJAI,BINJAI TIMUR,TUNGGURONO,TPS 03,2019-10-25 17:00:05,219,17,299,237,237,236,1,https://pemilu2019.kpu.go.id/img/c/900/053/900053489/2-12069-03-C-XXX-X5.jpg,https://pemilu2019.kpu.go.id/img/c/900/053/900053489/2-12069-03-C-XXX-X6.jpg
6728120381206412069900053490,SUMATERA UTARA,KOTA BINJAI,BINJAI TIMUR,TUNGGURONO,TPS 04,2019-10-25 17:00:05,81,133,319,222,222,214,8,https://pemilu2019.kpu.go.id/img/c/900/053/900053490/2-12069-04-C-XXX-X5.jpg,https://pemilu2019.kpu.go.id/img/c/900/053/900053490/2-12069-04-C-XXX-X6.jpg
6728120381206412069900053491,SUMATERA UTARA,KOTA BINJAI,BINJAI TIMUR,TUNGGURONO,TPS 05,2019-10-25 17:00:05,50,146,271,198,198,196,2,https://pemilu2019.kpu.go.id/img/c/900/053/900053491/1-12069-05-C-XXX-X5.jpg,https://pemilu2019.kpu.go.id/img/c/900/053/900053491/1-12069-05-C-XXX-X6.jpg
6728120381206412069900053492,SUMATERA UTARA,KOTA BINJAI,BINJAI TIMUR,TUNGGURONO,TPS 06,2019-10-25 17:00:05,49,117,251,166,166,166,0,https://pemilu2019.kpu.go.id/img/c/900/053/900053492/1-12069-06-C-XXX-X5.jpg,https://pemilu2019.kpu.go.id/img/c/900/053/900053492/1-12069-06-C-XXX-X6.jpg
6728120381206412069900053493,SUMATERA UTARA,KOTA BINJAI,BINJAI TIMUR,TUNGGURONO,TPS 07,2019-10-25 17:00:05,144,106,336,255,255,250,5,https://pemilu2019.kpu.go.id/img/c/900/053/900053493/1-12069-07-C-XXX-X5.jpg,https://pemilu2019.kpu.go.id/img/c/900/053/900053493/1-12069-07-C-XXX-X6.jpg
6728120381206412069900053494,SUMATERA UTARA,KOTA BINJAI,BINJAI TIMUR,TUNGGURONO,TPS 08,2019-10-25 17:00:05,31,193,295,230,230,224,6,https://pemilu2019.kpu.go.id/img/c/900/053/900053494/1-12069-08-C-XXX-X5.jpg,https://pemilu2019.kpu.go.id/img/c/900/053/900053494/1-12069-08-C-XXX-X6.jpg
6728120381206412069900053495,SUMATERA UTARA,KOTA BINJAI,BINJAI TIMUR,TUNGGURONO,TPS 09,2019-10-25 17:00:05,47,189,307,239,239,236,3,https://pemilu2019.kpu.go.id/img/c/900/053/900053495/1-12069-09-C-XXX-X5.jpg,https://pemilu2019.kpu.go.id/img/c/900/053/900053495/1-12069-09-C-XXX-X6.jpg
6728120381206412069900053496,SUMATERA UTARA,KOTA BINJAI,BINJAI TIMUR,TUNGGURONO,TPS 10,2019-10-25 17:00:05,77,180,313,265,265,257,8,https://pemilu2019.kpu.go.id/img/c/900/053/900053496/1-12069-10-C-XXX-X5.jpg,https://pemilu2019.kpu.go.id/img/c/900/053/900053496/1-12069-10-C-XXX-X6.jpg
6728120381206412069900053497,SUMATERA UTARA,KOTA BINJAI,BINJAI TIMUR,TUNGGURONO,TPS 11,2019-10-25 17:00:05,57,193,310,254,254,250,4,https://pemilu2019.kpu.go.id/img/c/900/053/900053497/1-12069-11-C-XXX-X5.jpg,https://pemilu2019.kpu.go.id/img/c/900/053/900053497/1-12069-11-C-XXX-X6.jpg
6728120381206412069900053498,SUMATERA UTARA,KOTA BINJAI,BINJAI TIMUR,TUNGGURONO,TPS 12,2019-10-25 17:00:05,56,193,296,254,254,249,5,https://pemilu2019.kpu.go.id/img/c/900/053/900053498/1-12069-12-C-XXX-X5.jpg,https://pemilu2019.kpu.go.id/img/c/900/053/900053498/1-12069-12-C-XXX-X6.jpg
6728120381206412069900053499,SUMATERA UTARA,KOTA BINJAI,BINJAI TIMUR,TUNGGURONO,TPS 13,2019-10-25 17:00:05,54,171,298,231,231,225,6,https://pemilu2019.kpu.go.id/img/c/900/053/900053499/1-12069-13-C-XXX-X5.jpg,https://pemilu2019.kpu.go.id/img/c/900/053/900053499/1-12069-13-C-XXX-X6.jpg
6728120381206412069900053500,SUMATERA UTARA,KOTA BINJAI,BINJAI TIMUR,TUNGGURONO,TPS 14,2019-10-25 17:00:05,96,169,295,276,276,265,11,https://pemilu2019.kpu.go.id/img/c/900/053/900053500/1-12069-14-C-XXX-X5.jpg,https://pemilu2019.kpu.go.id/img/c/900/053/900053500/1-12069-14-C-XXX-X6.jpg
6728120381206412069900053501,SUMATERA UTARA,KOTA BINJAI,BINJAI TIMUR,TUNGGURONO,TPS 15,2019-10-25 17:00:05,52,186,305,244,244,238,6,https://pemilu2019.kpu.go.id/img/c/900/053/900053501/1-12069-15-C-XXX-X5.jpg,https://pemilu2019.kpu.go.id/img/c/900/053/900053501/1-12069-15-C-XXX-X6.jpg
6728120381206412069900053502,SUMATERA UTARA,KOTA BINJAI,BINJAI TIMUR,TUNGGURONO,TPS 16,2019-10-25 17:00:05,58,217,296,279,279,275,4,https://pemilu2019.kpu.go.id/img/c/900/053/900053502/1-12069-16-C-XXX-X5.jpg,https://pemilu2019.kpu.go.id/img/c/900/053/900053502/1-12069-16-C-XXX-X6.jpg
6728120381206412069900053503,SUMATERA UTARA,KOTA BINJAI,BINJAI TIMUR,TUNGGURONO,TPS 17,2019-10-25 17:00:05,53,204,297,260,260,257,3,https://pemilu2019.kpu.go.id/img/c/900/053/900053503/1-12069-17-C-XXX-X5.jpg,https://pemilu2019.kpu.go.id/img/c/900/053/900053503/1-12069-17-C-XXX-X6.jpg
6728120381206412069900053504,SUMATERA UTARA,KOTA BINJAI,BINJAI TIMUR,TUNGGURONO,TPS 18,2019-10-25 17:00:05,53,201,290,256,256,254,2,https://pemilu2019.kpu.go.id/img/c/900/053/900053504/1-12069-18-C-XXX-X5.jpg,https://pemilu2019.kpu.go.id/img/c/900/053/900053504/1-12069-18-C-XXX-X6.jpg
6728120381206412069900053505,SUMATERA UTARA,KOTA BINJAI,BINJAI TIMUR,TUNGGURONO,TPS 19,2019-10-25 17:00:05,64,180,297,250,250,244,6,https://pemilu2019.kpu.go.id/img/c/900/053/900053505/1-12069-19-C-XXX-X5.jpg,https://pemilu2019.kpu.go.id/img/c/900/053/900053505/1-12069-19-C-XXX-X6.jpg
6728120381206412069900053506,SUMATERA UTARA,KOTA BINJAI,BINJAI TIMUR,TUNGGURONO,TPS 20,2019-10-25 17:00:05,97,154,318,266,266,251,15,https://pemilu2019.kpu.go.id/img/c/900/053/900053506/1-12069-20-C-XXX-X5.jpg,https://pemilu2019.kpu.go.id/img/c/900/053/900053506/1-12069-20-C-XXX-X6.jpg
6728120381206412069900053507,SUMATERA UTARA,KOTA BINJAI,BINJAI TIMUR,TUNGGURONO,TPS 21,2019-10-25 17:00:05,60,203,330,284,284,263,21,https://pemilu2019.kpu.go.id/img/c/900/053/900053507/1-12069-21-C-XXX-X5.jpg,https://pemilu2019.kpu.go.id/img/c/900/053/900053507/1-12069-21-C-XXX-X6.jpg
6728120381206412069900053508,SUMATERA UTARA,KOTA BINJAI,BINJAI TIMUR,TUNGGURONO,TPS 22,2019-10-25 17:00:05,10,187,197,291,197,197,0,https://pemilu2019.kpu.go.id/img/c/900/053/900053508/1-12069-22-C-XXX-X5.jpg,https://pemilu2019.kpu.go.id/img/c/900/053/900053508/1-12069-22-C-XXX-X6.jpg
6728120381206412069900053509,SUMATERA UTARA,KOTA BINJAI,BINJAI TIMUR,TUNGGURONO,TPS 23,2019-10-25 17:00:05,46,157,295,203,203,203,0,https://pemilu2019.kpu.go.id/img/c/900/053/900053509/1-12069-23-C-XXX-X5.jpg,https://pemilu2019.kpu.go.id/img/c/900/053/900053509/1-12069-23-C-XXX-X6.jpg
6728120381203912045900053091,SUMATERA UTARA,KOTA BINJAI,BINJAI UTARA,CENGKEH TURI,TPS 01,2019-10-25 17:00:05,112,141,285,261,261,253,8,https://pemilu2019.kpu.go.id/img/c/900/053/900053091/12045-01-C-XXX-X5.jpg,https://pemilu2019.kpu.go.id/img/c/900/053/900053091/12045-01-C-XXX-X6.jpg
6728120381203912045900053092,SUMATERA UTARA,KOTA BINJAI,BINJAI UTARA,CENGKEH TURI,TPS 02,2019-10-25 17:00:05,103,137,273,248,248,240,8,https://pemilu2019.kpu.go.id/img/c/900/053/900053092/12045-02-C-XXX-X5.jpg,https://pemilu2019.kpu.go.id/img/c/900/053/900053092/12045-02-C-XXX-X6.jpg
6728120381203912045900053093,SUMATERA UTARA,KOTA BINJAI,BINJAI UTARA,CENGKEH TURI,TPS 03,2019-10-25 17:00:05,93,149,296,247,247,242,5,https://pemilu2019.kpu.go.id/img/c/900/053/900053093/12045-03-C-XXX-X5.jpg,https://pemilu2019.kpu.go.id/img/c/900/053/900053093/12045-03-C-XXX-X6.jpg
6728120381203912045900053094,SUMATERA UTARA,KOTA BINJAI,BINJAI UTARA,CENGKEH TURI,TPS 04,2019-10-25 17:00:05,97,136,296,239,239,233,6,https://pemilu2019.kpu.go.id/img/c/900/053/900053094/12045-04-C-XXX-X5.jpg,https://pemilu2019.kpu.go.id/img/c/900/053/900053094/12045-04-C-XXX-X6.jpg
6728120381203912045900053095,SUMATERA UTARA,KOTA BINJAI,BINJAI UTARA,CENGKEH TURI,TPS 05,2019-10-25 17:00:05,95,137,310,233,233,232,1,https://pemilu2019.kpu.go.id/img/c/900/053/900053095/12045-05-C-XXX-X5.jpg,https://pemilu2019.kpu.go.id/img/c/900/053/900053095/12045-05-C-XXX-X6.jpg
6728120381203912045900053096,SUMATERA UTARA,KOTA BINJAI,BINJAI UTARA,CENGKEH TURI,TPS 06,2019-10-25 17:00:05,90,173,347,265,265,263,4,https://pemilu2019.kpu.go.id/img/c/900/053/900053096/12045-06-C-XXX-X5.jpg,https://pemilu2019.kpu.go.id/img/c/900/053/900053096/12045-06-C-XXX-X6.jpg
6728120381203912045900053097,SUMATERA UTARA,KOTA BINJAI,BINJAI UTARA,CENGKEH TURI,TPS 07,2019-10-25 17:00:05,62,134,301,200,200,196,4,https://pemilu2019.kpu.go.id/img/c/900/053/900053097/12045-07-C-XXX-X5.jpg,https://pemilu2019.kpu.go.id/img/c/900/053/900053097/12045-07-C-XXX-X6.jpg
6728120381203912045900053098,SUMATERA UTARA,KOTA BINJAI,BINJAI UTARA,CENGKEH TURI,TPS 08,2019-10-25 17:00:05,66,139,307,210,210,205,5,https://pemilu2019.kpu.go.id/img/c/900/053/900053098/12045-08-C-XXX-X5.jpg,https://pemilu2019.kpu.go.id/img/c/900/053/900053098/12045-08-C-XXX-X6.jpg
6728120381203912045900053099,SUMATERA UTARA,KOTA BINJAI,BINJAI UTARA,CENGKEH TURI,TPS 09,2019-10-25 17:00:05,87,140,315,232,232,227,5,https://pemilu2019.kpu.go.id/img/c/900/053/900053099/12045-09-C-XXX-X5.jpg,https://pemilu2019.kpu.go.id/img/c/900/053/900053099/12045-09-C-XXX-X6.jpg
6728120381203912045900053100,SUMATERA UTARA,KOTA BINJAI,BINJAI UTARA,CENGKEH TURI,TPS 10,2019-10-25 17:00:05,39,209,306,248,248,248,0,https://pemilu2019.kpu.go.id/img/c/900/053/900053100/12045-10-C-XXX-X5.jpg,https://pemilu2019.kpu.go.id/img/c/900/053/900053100/12045-10-C-XXX-X6.jpg
6728120381203912045900053101,SUMATERA UTARA,KOTA BINJAI,BINJAI UTARA,CENGKEH TURI,TPS 11,2019-10-25 17:00:05,35,207,293,245,245,242,3,https://pemilu2019.kpu.go.id/img/c/900/053/900053101/12045-11-C-XXX-X33.jpg,https://pemilu2019.kpu.go.id/img/c/900/053/900053101/12045-11-C-XXX-X34.jpg
6728120381203912045900053102,SUMATERA UTARA,KOTA BINJAI,BINJAI UTARA,CENGKEH TURI,TPS 12,2019-10-25 17:00:05,41,139,310,181,181,180,1,https://pemilu2019.kpu.go.id/img/c/900/053/900053102/5-12045-12-C1-PPWP-01.jpg,https://pemilu2019.kpu.go.id/img/c/900/053/900053102/5-12045-12-C1-PPWP-02.jpg
6728120381203912045900053103,SUMATERA UTARA,KOTA BINJAI,BINJAI UTARA,CENGKEH TURI,TPS 13,2019-10-25 17:00:05,73,153,278,229,229,226,3,https://pemilu2019.kpu.go.id/img/c/900/053/900053103/12045-13-C-XXX-X33.jpg,https://pemilu2019.kpu.go.id/img/c/900/053/900053103/12045-13-C-XXX-X34.jpg
6728120381203912045900053104,SUMATERA UTARA,KOTA BINJAI,BINJAI UTARA,CENGKEH TURI,TPS 14,2019-10-25 17:00:05,79,120,270,199,199,199,0,https://pemilu2019.kpu.go.id/img/c/900/053/900053104/12045-14-C1-PPWP-X1.jpg,https://pemilu2019.kpu.go.id/img/c/900/053/900053104/12045-14-C1-PPWP-X2.jpg
6728120381203912045900053105,SUMATERA UTARA,KOTA BINJAI,BINJAI UTARA,CENGKEH TURI,TPS 15,2019-10-25 17:00:05,62,166,284,228,228,228,0,https://pemilu2019.kpu.go.id/img/c/900/053/900053105/12045-15-C-XXX-X5.jpg,https://pemilu2019.kpu.go.id/img/c/900/053/900053105/12045-15-C-XXX-X6.jpg
6728120381203912045900053106,SUMATERA UTARA,KOTA BINJAI,BINJAI UTARA,CENGKEH TURI,TPS 16,2019-10-25 17:00:05,69,139,287,215,215,208,7,https://pemilu2019.kpu.go.id/img/c/900/053/900053106/12045-16-C-XXX-X33.jpg,https://pemilu2019.kpu.go.id/img/c/900/053/900053106/12045-16-C-XXX-X34.jpg
6728120381203912045900053107,SUMATERA UTARA,KOTA BINJAI,BINJAI UTARA,CENGKEH TURI,TPS 17,2019-10-25 17:00:05,55,130,286,187,187,185,2,https://pemilu2019.kpu.go.id/img/c/900/053/900053107/12045-17-C-XXX-X5.jpg,https://pemilu2019.kpu.go.id/img/c/900/053/900053107/12045-17-C-XXX-X6.jpg
6728120381203912045900053108,SUMATERA UTARA,KOTA BINJAI,BINJAI UTARA,CENGKEH TURI,TPS 18,2019-10-25 17:00:05,76,146,280,228,228,222,6,https://pemilu2019.kpu.go.id/img/c/900/053/900053108/12045-18-C-XXX-X33.jpg,https://pemilu2019.kpu.go.id/img/c/900/053/900053108/12045-18-C-XXX-X34.jpg
6728120381203912045900053109,SUMATERA UTARA,KOTA BINJAI,BINJAI UTARA,CENGKEH TURI,TPS 19,2019-10-25 17:00:05,73,160,288,238,238,233,5,https://pemilu2019.kpu.go.id/img/c/900/053/900053109/12045-19-C-XXX-X33.jpg,https://pemilu2019.kpu.go.id/img/c/900/053/900053109/12045-19-C-XXX-X34.jpg
6728120381203912045900053110,SUMATERA UTARA,KOTA BINJAI,BINJAI UTARA,CENGKEH TURI,TPS 20,2019-10-25 17:00:05,57,147,256,204,204,204,0,https://pemilu2019.kpu.go.id/img/c/900/053/900053110/12045-20-C-XXX-X33.jpg,https://pemilu2019.kpu.go.id/img/c/900/053/900053110/12045-20-C-XXX-X34.jpg
6728120381203912045900053111,SUMATERA UTARA,KOTA BINJAI,BINJAI UTARA,CENGKEH TURI,TPS 21,2019-10-25 17:00:05,52,150,273,205,205,202,3,https://pemilu2019.kpu.go.id/img/c/900/053/900053111/12045-21-C-XXX-X33.jpg,https://pemilu2019.kpu.go.id/img/c/900/053/900053111/12045-21-C-XXX-X34.jpg
6728120381203912045900053112,SUMATERA UTARA,KOTA BINJAI,BINJAI UTARA,CENGKEH TURI,TPS 22,2019-10-25 17:00:05,51,175,289,232,232,226,6,https://pemilu2019.kpu.go.id/img/c/900/053/900053112/12045-22-C-XXX-X5.jpg,https://pemilu2019.kpu.go.id/img/c/900/053/900053112/12045-22-C-XXX-X6.jpg
6728120381203912045900053113,SUMATERA UTARA,KOTA BINJAI,BINJAI UTARA,CENGKEH TURI,TPS 23,2019-10-25 17:00:05,93,159,302,253,253,252,1,https://pemilu2019.kpu.go.id/img/c/900/053/900053113/12045-23-C-XXX-X33.jpg,https://pemilu2019.kpu.go.id/img/c/900/053/900053113/12045-23-C-XXX-X34.jpg
6728120381203912045900053114,SUMATERA UTARA,KOTA BINJAI,BINJAI UTARA,CENGKEH TURI,TPS 24,2019-10-25 17:00:05,78,169,304,247,247,247,0,https://pemilu2019.kpu.go.id/img/c/900/053/900053114/12045-24-C-XXX-X5.jpg,https://pemilu2019.kpu.go.id/img/c/900/053/900053114/12045-24-C-XXX-X6.jpg
6728120381203912045900053115,SUMATERA UTARA,KOTA BINJAI,BINJAI UTARA,CENGKEH TURI,TPS 25,2019-10-25 17:00:05,61,145,291,210,210,206,4,https://pemilu2019.kpu.go.id/img/c/900/053/900053115/12045-25-C-XXX-X5.jpg,https://pemilu2019.kpu.go.id/img/c/900/053/900053115/12045-25-C-XXX-X6.jpg
6728120381203912045900053116,SUMATERA UTARA,KOTA BINJAI,BINJAI UTARA,CENGKEH TURI,TPS 26,2019-10-25 17:00:05,53,144,292,203,203,197,6,https://pemilu2019.kpu.go.id/img/c/900/053/900053116/12045-26-C-XXX-X33.jpg,https://pemilu2019.kpu.go.id/img/c/900/053/900053116/12045-26-C-XXX-X34.jpg
6728120381203912045900053117,SUMATERA UTARA,KOTA BINJAI,BINJAI UTARA,CENGKEH TURI,TPS 27,2019-10-25 17:00:05,44,154,302,199,199,198,1,https://pemilu2019.kpu.go.id/img/c/900/053/900053117/12045-27-C-XXX-X5.jpg,https://pemilu2019.kpu.go.id/img/c/900/053/900053117/12045-27-C-XXX-X6.jpg
6728120381203912045900053118,SUMATERA UTARA,KOTA BINJAI,BINJAI UTARA,CENGKEH TURI,TPS 28,2019-10-25 17:00:05,57,152,291,210,210,209,1,https://pemilu2019.kpu.go.id/img/c/900/053/900053118/12045-28-C-XXX-X5.jpg,https://pemilu2019.kpu.go.id/img/c/900/053/900053118/12045-28-C-XXX-X6.jpg
6728120381203912045900053119,SUMATERA UTARA,KOTA BINJAI,BINJAI UTARA,CENGKEH TURI,TPS 29,2019-10-25 17:00:05,59,137,289,199,199,196,3,https://pemilu2019.kpu.go.id/img/c/900/053/900053119/12045-29-C-XXX-X5.jpg,https://pemilu2019.kpu.go.id/img/c/900/053/900053119/12045-29-C-XXX-X6.jpg
6728120381203912045900053120,SUMATERA UTARA,KOTA BINJAI,BINJAI UTARA,CENGKEH TURI,TPS 30,2019-10-25 17:00:05,50,111,254,165,165,161,4,https://pemilu2019.kpu.go.id/img/c/900/053/900053120/12045-30-C-XXX-X5.jpg,https://pemilu2019.kpu.go.id/img/c/900/053/900053120/12045-30-C-XXX-X6.jpg
6728120381203912045900053121,SUMATERA UTARA,KOTA BINJAI,BINJAI UTARA,CENGKEH TURI,TPS 31,2019-10-25 17:00:05,80,144,259,231,231,224,7,https://pemilu2019.kpu.go.id/img/c/900/053/900053121/12045-31-C-XXX-X5.jpg,https://pemilu2019.kpu.go.id/img/c/900/053/900053121/12045-31-C-XXX-X6.jpg
6728120381203912045900053122,SUMATERA UTARA,KOTA BINJAI,BINJAI UTARA,CENGKEH TURI,TPS 32,2019-10-25 17:00:05,48,120,269,172,172,168,4,https://pemilu2019.kpu.go.id/img/c/900/053/900053122/12045-32-C-XXX-X5.jpg,https://pemilu2019.kpu.go.id/img/c/900/053/900053122/12045-32-C-XXX-X6.jpg
6728120381203912043900053059,SUMATERA UTARA,KOTA BINJAI,BINJAI UTARA,DAMAI,TPS 01,2019-10-25 17:00:05,31,180,276,211,211,211,0,https://pemilu2019.kpu.go.id/img/c/900/053/900053059/12043-01-C-XXX-X5.jpg,https://pemilu2019.kpu.go.id/img/c/900/053/900053059/12043-01-C-XXX-X6.jpg
6728120381203912043900053060,SUMATERA UTARA,KOTA BINJAI,BINJAI UTARA,DAMAI,TPS 02,2019-10-25 17:00:05,36,185,276,223,223,221,2,https://pemilu2019.kpu.go.id/img/c/900/053/900053060/12043-02-C-XXX-X5.jpg,https://pemilu2019.kpu.go.id/img/c/900/053/900053060/12043-02-C-XXX-X6.jpg
6728120381203912043900053061,SUMATERA UTARA,KOTA BINJAI,BINJAI UTARA,DAMAI,TPS 03,2019-10-25 17:00:05,41,184,279,227,227,225,2,https://pemilu2019.kpu.go.id/img/c/900/053/900053061/12043-03-C-XXX-X33.jpg,https://pemilu2019.kpu.go.id/img/c/900/053/900053061/12043-03-C-XXX-X34.jpg
6728120381203912043900053062,SUMATERA UTARA,KOTA BINJAI,BINJAI UTARA,DAMAI,TPS 04,2019-10-25 17:00:05,51,161,284,215,215,212,3,https://pemilu2019.kpu.go.id/img/c/900/053/900053062/4-12043-04-C1-PPWP-X1.jpg,https://pemilu2019.kpu.go.id/img/c/900/053/900053062/4-12043-04-C1-PPWP-X2.jpg
6728120381203912043900053063,SUMATERA UTARA,KOTA BINJAI,BINJAI UTARA,DAMAI,TPS 05,2019-10-25 17:00:05,51,152,281,203,203,203,0,https://pemilu2019.kpu.go.id/img/c/900/053/900053063/12043-05-C-XXX-X5.jpg,https://pemilu2019.kpu.go.id/img/c/900/053/900053063/12043-05-C-XXX-X6.jpg
6728120381203912043900053064,SUMATERA UTARA,KOTA BINJAI,BINJAI UTARA,DAMAI,TPS 06,2019-10-25 17:00:05,36,165,272,201,201,201,0,https://pemilu2019.kpu.go.id/img/c/900/053/900053064/12043-06-C-XXX-X5.jpg,https://pemilu2019.kpu.go.id/img/c/900/053/900053064/12043-06-C-XXX-X6.jpg
6728120381203912043900053065,SUMATERA UTARA,KOTA BINJAI,BINJAI UTARA,DAMAI,TPS 07,2019-10-25 17:00:05,56,181,290,240,240,3,237,https://pemilu2019.kpu.go.id/img/c/900/053/900053065/12043-07-C-XXX-X5.jpg,https://pemilu2019.kpu.go.id/img/c/900/053/900053065/12043-07-C-XXX-X6.jpg
6728120381203912043900053066,SUMATERA UTARA,KOTA BINJAI,BINJAI UTARA,DAMAI,TPS 08,2019-10-25 17:00:05,36,148,262,191,191,184,7,https://pemilu2019.kpu.go.id/img/c/900/053/900053066/12043-08-C-XXX-X5.jpg,https://pemilu2019.kpu.go.id/img/c/900/053/900053066/12043-08-C-XXX-X6.jpg
6728120381203912043900053067,SUMATERA UTARA,KOTA BINJAI,BINJAI UTARA,DAMAI,TPS 09,2019-10-25 17:00:05,43,163,263,208,208,206,2,https://pemilu2019.kpu.go.id/img/c/900/053/900053067/12043-09-C-XXX-X5.jpg,https://pemilu2019.kpu.go.id/img/c/900/053/900053067/12043-09-C-XXX-X6.jpg
6728120381203912043900053068,SUMATERA UTARA,KOTA BINJAI,BINJAI UTARA,DAMAI,TPS 10,2019-10-25 17:00:05,30,173,280,205,205,203,2,https://pemilu2019.kpu.go.id/img/c/900/053/900053068/12043-10-C-XXX-X5.jpg,https://pemilu2019.kpu.go.id/img/c/900/053/900053068/12043-10-C-XXX-X6.jpg
6728120381203912043900053069,SUMATERA UTARA,KOTA BINJAI,BINJAI UTARA,DAMAI,TPS 11,2019-10-25 17:00:05,45,152,290,199,199,197,2,https://pemilu2019.kpu.go.id/img/c/900/053/900053069/12043-11-C-XXX-X5.jpg,https://pemilu2019.kpu.go.id/img/c/900/053/900053069/12043-11-C-XXX-X6.jpg
6728120381203912043900053070,SUMATERA UTARA,KOTA BINJAI,BINJAI UTARA,DAMAI,TPS 12,2019-10-25 17:00:05,45,195,297,241,241,240,1,https://pemilu2019.kpu.go.id/img/c/900/053/900053070/12043-12-C-XXX-X5.jpg,https://pemilu2019.kpu.go.id/img/c/900/053/900053070/12043-12-C-XXX-X6.jpg
6728120381203912043900053071,SUMATERA UTARA,KOTA BINJAI,BINJAI UTARA,DAMAI,TPS 13,2019-10-25 17:00:05,56,192,309,248,248,248,0,https://pemilu2019.kpu.go.id/img/c/900/053/900053071/12043-13-C-XXX-X33.jpg,https://pemilu2019.kpu.go.id/img/c/900/053/900053071/12043-13-C-XXX-X34.jpg
6728120381203912043900053072,SUMATERA UTARA,KOTA BINJAI,BINJAI UTARA,DAMAI,TPS 14,2019-10-25 17:00:05,45,172,294,218,218,217,1,https://pemilu2019.kpu.go.id/img/c/900/053/900053072/12043-14-C-XXX-X5.jpg,https://pemilu2019.kpu.go.id/img/c/900/053/900053072/12043-14-C-XXX-X6.jpg
6728120381203912043900053073,SUMATERA UTARA,KOTA BINJAI,BINJAI UTARA,DAMAI,TPS 15,2019-10-25 17:00:05,40,186,295,234,234,226,8,https://pemilu2019.kpu.go.id/img/c/900/053/900053073/12043-15-C-XXX-X33.jpg,https://pemilu2019.kpu.go.id/img/c/900/053/900053073/12043-15-C-XXX-X34.jpg
6728120381203912043900053074,SUMATERA UTARA,KOTA BINJAI,BINJAI UTARA,DAMAI,TPS 16,2019-10-25 17:00:05,52,195,304,251,250,247,3,https://pemilu2019.kpu.go.id/img/c/900/053/900053074/12043-16-C-XXX-X5.jpg,https://pemilu2019.kpu.go.id/img/c/900/053/900053074/12043-16-C-XXX-X6.jpg
6728120381203912043900053075,SUMATERA UTARA,KOTA BINJAI,BINJAI UTARA,DAMAI,TPS 17,2019-10-25 17:00:05,61,182,290,243,243,243,0,https://pemilu2019.kpu.go.id/img/c/900/053/900053075/12043-17-C-XXX-X5.jpg,https://pemilu2019.kpu.go.id/img/c/900/053/900053075/12043-17-C-XXX-X6.jpg
6728120381203912043900053076,SUMATERA UTARA,KOTA BINJAI,BINJAI UTARA,DAMAI,TPS 18,2019-10-25 17:00:05,44,164,262,211,211,208,3,https://pemilu2019.kpu.go.id/img/c/900/053/900053076/12043-18-C-XXX-X33.jpg,https://pemilu2019.kpu.go.id/img/c/900/053/900053076/12043-18-C-XXX-X34.jpg
6728120381203912048900053180,SUMATERA UTARA,KOTA BINJAI,BINJAI UTARA,JATI KARYA,TPS 01,2019-10-25 17:00:05,76,151,281,227,227,227,0,https://pemilu2019.kpu.go.id/img/c/900/053/900053180/12048-01-C-XXX-X5.jpg,https://pemilu2019.kpu.go.id/img/c/900/053/900053180/12048-01-C-XXX-X6.jpg
6728120381203912048900053181,SUMATERA UTARA,KOTA BINJAI,BINJAI UTARA,JATI KARYA,TPS 02,2019-10-25 17:00:05,51,148,304,206,206,199,7,https://pemilu2019.kpu.go.id/img/c/900/053/900053181/12048-02-C-XXX-X5.jpg,https://pemilu2019.kpu.go.id/img/c/900/053/900053181/12048-02-C-XXX-X6.jpg
6728120381203912048900053182,SUMATERA UTARA,KOTA BINJAI,BINJAI UTARA,JATI KARYA,TPS 03,2019-10-25 17:00:05,61,156,302,224,224,217,7,https://pemilu2019.kpu.go.id/img/c/900/053/900053182/12048-03-C-XXX-X5.jpg,https://pemilu2019.kpu.go.id/img/c/900/053/900053182/12048-03-C-XXX-X6.jpg
6728120381203912048900053183,SUMATERA UTARA,KOTA BINJAI,BINJAI UTARA,JATI KARYA,TPS 04,2019-10-25 17:00:05,38,181,310,222,222,219,3,https://pemilu2019.kpu.go.id/img/c/900/053/900053183/12048-04-C-XXX-X5.jpg,https://pemilu2019.kpu.go.id/img/c/900/053/900053183/12048-04-C-XXX-X6.jpg
6728120381203912048900053184,SUMATERA UTARA,KOTA BINJAI,BINJAI UTARA,JATI KARYA,TPS 05,2019-10-25 17:00:05,54,172,300,230,230,226,4,https://pemilu2019.kpu.go.id/img/c/900/053/900053184/12048-05-C-XXX-X5.jpg,https://pemilu2019.kpu.go.id/img/c/900/053/900053184/12048-05-C-XXX-X6.jpg
6728120381203912048900053185,SUMATERA UTARA,KOTA BINJAI,BINJAI UTARA,JATI KARYA,TPS 06,2019-10-25 17:00:05,61,166,308,229,229,227,2,https://pemilu2019.kpu.go.id/img/c/900/053/900053185/12048-06-C-XXX-X5.jpg,https://pemilu2019.kpu.go.id/img/c/900/053/900053185/12048-06-C-XXX-X6.jpg
6728120381203912048900053186,SUMATERA UTARA,KOTA BINJAI,BINJAI UTARA,JATI KARYA,TPS 07,2019-10-25 17:00:05,66,148,287,220,220,214,6,https://pemilu2019.kpu.go.id/img/c/900/053/900053186/12048-07-C-XXX-X5.jpg,https://pemilu2019.kpu.go.id/img/c/900/053/900053186/12048-07-C-XXX-X6.jpg
6728120381203912048900053187,SUMATERA UTARA,KOTA BINJAI,BINJAI UTARA,JATI KARYA,TPS 08,2019-10-25 17:00:05,38,154,292,194,194,192,2,https://pemilu2019.kpu.go.id/img/c/900/053/900053187/12048-08-C-XXX-X33.jpg,https://pemilu2019.kpu.go.id/img/c/900/053/900053187/12048-08-C-XXX-X34.jpg
6728120381203912048900053188,SUMATERA UTARA,KOTA BINJAI,BINJAI UTARA,JATI KARYA,TPS 09,2019-10-25 17:00:05,55,138,295,193,193,193,0,https://pemilu2019.kpu.go.id/img/c/900/053/900053188/12048-09-C-XXX-X5.jpg,https://pemilu2019.kpu.go.id/img/c/900/053/900053188/12048-09-C-XXX-X6.jpg
6728120381203912048900053189,SUMATERA UTARA,KOTA BINJAI,BINJAI UTARA,JATI KARYA,TPS 10,2019-10-25 17:00:05,52,135,275,188,188,187,1,https://pemilu2019.kpu.go.id/img/c/900/053/900053189/12048-10-C-XXX-X5.jpg,https://pemilu2019.kpu.go.id/img/c/900/053/900053189/12048-10-C-XXX-X6.jpg
6728120381203912048900053190,SUMATERA UTARA,KOTA BINJAI,BINJAI UTARA,JATI KARYA,TPS 11,2019-10-25 17:00:05,58,143,308,204,204,201,3,https://pemilu2019.kpu.go.id/img/c/900/053/900053190/12048-11-C-XXX-X5.jpg,https://pemilu2019.kpu.go.id/img/c/900/053/900053190/12048-11-C-XXX-X6.jpg
6728120381203912048900053191,SUMATERA UTARA,KOTA BINJAI,BINJAI UTARA,JATI KARYA,TPS 12,2019-10-25 17:00:05,59,149,183,212,212,208,4,https://pemilu2019.kpu.go.id/img/c/900/053/900053191/12048-12-C-XXX-X5.jpg,https://pemilu2019.kpu.go.id/img/c/900/053/900053191/12048-12-C-XXX-X6.jpg
6728120381203912048900053192,SUMATERA UTARA,KOTA BINJAI,BINJAI UTARA,JATI KARYA,TPS 13,2019-10-25 17:00:05,60,172,293,238,238,232,6,https://pemilu2019.kpu.go.id/img/c/900/053/900053192/12048-13-C-XXX-X5.jpg,https://pemilu2019.kpu.go.id/img/c/900/053/900053192/12048-13-C-XXX-X6.jpg
6728120381203912048900053193,SUMATERA UTARA,KOTA BINJAI,BINJAI UTARA,JATI KARYA,TPS 14,2019-10-25 17:00:05,41,171,299,215,215,212,3,https://pemilu2019.kpu.go.id/img/c/900/053/900053193/12048-14-C-XXX-X5.jpg,https://pemilu2019.kpu.go.id/img/c/900/053/900053193/12048-14-C-XXX-X6.jpg
6728120381203912048900053194,SUMATERA UTARA,KOTA BINJAI,BINJAI UTARA,JATI KARYA,TPS 15,2019-10-25 17:00:05,66,172,306,239,239,238,1,https://pemilu2019.kpu.go.id/img/c/900/053/900053194/12048-15-C-XXX-X5.jpg,https://pemilu2019.kpu.go.id/img/c/900/053/900053194/12048-15-C-XXX-X6.jpg
6728120381203912048900053195,SUMATERA UTARA,KOTA BINJAI,BINJAI UTARA,JATI KARYA,TPS 16,2019-10-25 17:00:05,46,158,292,204,204,204,0,https://pemilu2019.kpu.go.id/img/c/900/053/900053195/12048-16-C-XXX-X33.jpg,https://pemilu2019.kpu.go.id/img/c/900/053/900053195/12048-16-C-XXX-X34.jpg
6728120381203912048900053196,SUMATERA UTARA,KOTA BINJAI,BINJAI UTARA,JATI KARYA,TPS 17,2019-10-25 17:00:05,71,150,295,224,224,221,3,https://pemilu2019.kpu.go.id/img/c/900/053/900053196/12048-17-C-XXX-X5.jpg,https://pemilu2019.kpu.go.id/img/c/900/053/900053196/12048-17-C-XXX-X6.jpg
6728120381203912048900053197,SUMATERA UTARA,KOTA BINJAI,BINJAI UTARA,JATI KARYA,TPS 18,2019-10-25 17:00:05,89,160,299,249,249,249,0,https://pemilu2019.kpu.go.id/img/c/900/053/900053197/12048-18-C-XXX-X5.jpg,https://pemilu2019.kpu.go.id/img/c/900/053/900053197/12048-18-C-XXX-X6.jpg
6728120381203912048900053198,SUMATERA UTARA,KOTA BINJAI,BINJAI UTARA,JATI KARYA,TPS 19,2019-10-25 17:00:05,78,128,293,209,209,206,3,https://pemilu2019.kpu.go.id/img/c/900/053/900053198/12048-19-C-XXX-X5.jpg,https://pemilu2019.kpu.go.id/img/c/900/053/900053198/12048-19-C-XXX-X6.jpg
6728120381203912048900053199,SUMATERA UTARA,KOTA BINJAI,BINJAI UTARA,JATI KARYA,TPS 20,2019-10-25 17:00:05,77,104,263,182,182,181,1,https://pemilu2019.kpu.go.id/img/c/900/053/900053199/12048-20-C-XXX-X5.jpg,https://pemilu2019.kpu.go.id/img/c/900/053/900053199/12048-20-C-XXX-X6.jpg
6728120381203912048900053200,SUMATERA UTARA,KOTA BINJAI,BINJAI UTARA,JATI KARYA,TPS 21,2019-10-25 17:00:05,75,133,263,213,213,208,5,https://pemilu2019.kpu.go.id/img/c/900/053/900053200/12048-21-C-XXX-X5.jpg,https://pemilu2019.kpu.go.id/img/c/900/053/900053200/12048-21-C-XXX-X6.jpg
6728120381203912048900053201,SUMATERA UTARA,KOTA BINJAI,BINJAI UTARA,JATI KARYA,TPS 22,2019-10-25 17:00:05,118,88,272,208,208,206,2,https://pemilu2019.kpu.go.id/img/c/900/053/900053201/12048-22-C-XXX-X5.jpg,https://pemilu2019.kpu.go.id/img/c/900/053/900053201/12048-22-C-XXX-X6.jpg
6728120381203912048900053202,SUMATERA UTARA,KOTA BINJAI,BINJAI UTARA,JATI KARYA,TPS 23,2019-10-25 17:00:05,95,126,290,225,225,221,4,https://pemilu2019.kpu.go.id/img/c/900/053/900053202/12048-23-C-XXX-X5.jpg,https://pemilu2019.kpu.go.id/img/c/900/053/900053202/12048-23-C-XXX-X6.jpg
6728120381203912048900053203,SUMATERA UTARA,KOTA BINJAI,BINJAI UTARA,JATI KARYA,TPS 24,2019-10-25 17:00:05,75,159,280,235,235,234,1,https://pemilu2019.kpu.go.id/img/c/900/053/900053203/12048-24-C-XXX-X5.jpg,https://pemilu2019.kpu.go.id/img/c/900/053/900053203/12048-24-C-XXX-X6.jpg
6728120381203912048900053204,SUMATERA UTARA,KOTA BINJAI,BINJAI UTARA,JATI KARYA,TPS 25,2019-10-25 17:00:05,70,150,303,228,228,220,8,https://pemilu2019.kpu.go.id/img/c/900/053/900053204/12048-25-C1-PPWP-X1.jpg,https://pemilu2019.kpu.go.id/img/c/900/053/900053204/12048-25-C1-PPWP-X2.jpg
6728120381203912048900053205,SUMATERA UTARA,KOTA BINJAI,BINJAI UTARA,JATI KARYA,TPS 26,2019-10-25 17:00:05,72,168,301,240,240,240,0,https://pemilu2019.kpu.go.id/img/c/900/053/900053205/12048-26-C-XXX-X5.jpg,https://pemilu2019.kpu.go.id/img/c/900/053/900053205/12048-26-C-XXX-X6.jpg
6728120381203912048900053206,SUMATERA UTARA,KOTA BINJAI,BINJAI UTARA,JATI KARYA,TPS 27,2019-10-25 17:00:05,33,66,250,101,101,99,2,https://pemilu2019.kpu.go.id/img/c/900/053/900053206/12048-27-C-XXX-X5.jpg,https://pemilu2019.kpu.go.id/img/c/900/053/900053206/12048-27-C-XXX-X6.jpg
6728120381203912048900053207,SUMATERA UTARA,KOTA BINJAI,BINJAI UTARA,JATI KARYA,TPS 28,2019-10-25 17:00:05,41,54,270,99,99,95,4,https://pemilu2019.kpu.go.id/img/c/900/053/900053207/12048-28-C-XXX-X33.jpg,https://pemilu2019.kpu.go.id/img/c/900/053/900053207/12048-28-C-XXX-X34.jpg
6728120381203912047900053153,SUMATERA UTARA,KOTA BINJAI,BINJAI UTARA,JATI MAKMUR,TPS 01,2019-10-25 17:00:05,82,158,300,243,243,240,3,https://pemilu2019.kpu.go.id/img/c/900/053/900053153/12047-01-C-XXX-X5.jpg,https://pemilu2019.kpu.go.id/img/c/900/053/900053153/12047-01-C-XXX-X6.jpg
6728120381203912047900053154,SUMATERA UTARA,KOTA BINJAI,BINJAI UTARA,JATI MAKMUR,TPS 02,2019-10-25 17:00:05,75,177,317,255,255,252,3,https://pemilu2019.kpu.go.id/img/c/900/053/900053154/12047-02-C-XXX-X5.jpg,https://pemilu2019.kpu.go.id/img/c/900/053/900053154/12047-02-C-XXX-X6.jpg
6728120381203912047900053155,SUMATERA UTARA,KOTA BINJAI,BINJAI UTARA,JATI MAKMUR,TPS 03,2019-10-25 17:00:05,66,168,282,237,237,234,3,https://pemilu2019.kpu.go.id/img/c/900/053/900053155/2-12047-03-C-XXX-X5.jpg,https://pemilu2019.kpu.go.id/img/c/900/053/900053155/2-12047-03-C-XXX-X6.jpg
6728120381203912047900053156,SUMATERA UTARA,KOTA BINJAI,BINJAI UTARA,JATI MAKMUR,TPS 04,2019-10-25 17:00:05,83,142,293,229,229,225,4,https://pemilu2019.kpu.go.id/img/c/900/053/900053156/12047-04-C-XXX-X5.jpg,https://pemilu2019.kpu.go.id/img/c/900/053/900053156/12047-04-C-XXX-X6.jpg
6728120381203912047900053157,SUMATERA UTARA,KOTA BINJAI,BINJAI UTARA,JATI MAKMUR,TPS 05,2019-10-25 17:00:05,75,153,293,230,230,228,2,https://pemilu2019.kpu.go.id/img/c/900/053/900053157/12047-05-C-XXX-X5.jpg,https://pemilu2019.kpu.go.id/img/c/900/053/900053157/12047-05-C-XXX-X6.jpg
6728120381203912047900053158,SUMATERA UTARA,KOTA BINJAI,BINJAI UTARA,JATI MAKMUR,TPS 06,2019-10-25 17:00:05,56,151,277,208,208,207,1,https://pemilu2019.kpu.go.id/img/c/900/053/900053158/12047-06-C-XXX-X5.jpg,https://pemilu2019.kpu.go.id/img/c/900/053/900053158/12047-06-C-XXX-X6.jpg
6728120381203912047900053159,SUMATERA UTARA,KOTA BINJAI,BINJAI UTARA,JATI MAKMUR,TPS 07,2019-10-25 17:00:05,48,133,287,185,185,181,4,https://pemilu2019.kpu.go.id/img/c/900/053/900053159/12047-07-C-XXX-X33.jpg,https://pemilu2019.kpu.go.id/img/c/900/053/900053159/12047-07-C-XXX-X34.jpg
6728120381203912047900053160,SUMATERA UTARA,KOTA BINJAI,BINJAI UTARA,JATI MAKMUR,TPS 08,2019-10-25 17:00:05,65,152,289,221,465,217,4,https://pemilu2019.kpu.go.id/img/c/900/053/900053160/12047-08-C-XXX-X33.jpg,https://pemilu2019.kpu.go.id/img/c/900/053/900053160/12047-08-C-XXX-X34.jpg
6728120381203912047900053161,SUMATERA UTARA,KOTA BINJAI,BINJAI UTARA,JATI MAKMUR,TPS 09,2019-10-25 17:00:05,73,155,266,232,232,228,4,https://pemilu2019.kpu.go.id/img/c/900/053/900053161/12047-09-C-XXX-X5.jpg,https://pemilu2019.kpu.go.id/img/c/900/053/900053161/12047-09-C-XXX-X6.jpg
6728120381203912047900053162,SUMATERA UTARA,KOTA BINJAI,BINJAI UTARA,JATI MAKMUR,TPS 10,2019-10-25 17:00:05,67,165,292,233,233,232,1,https://pemilu2019.kpu.go.id/img/c/900/053/900053162/12047-10-C-XXX-X5.jpg,https://pemilu2019.kpu.go.id/img/c/900/053/900053162/12047-10-C-XXX-X6.jpg
6728120381203912047900053163,SUMATERA UTARA,KOTA BINJAI,BINJAI UTARA,JATI MAKMUR,TPS 11,2019-10-25 17:00:05,67,140,281,214,214,207,7,https://pemilu2019.kpu.go.id/img/c/900/053/900053163/12047-11-C-XXX-X33.jpg,https://pemilu2019.kpu.go.id/img/c/900/053/900053163/12047-11-C-XXX-X34.jpg
6728120381203912047900053164,SUMATERA UTARA,KOTA BINJAI,BINJAI UTARA,JATI MAKMUR,TPS 12,2019-10-25 17:00:05,74,119,269,194,194,193,1,https://pemilu2019.kpu.go.id/img/c/900/053/900053164/12047-12-C-XXX-X5.jpg,https://pemilu2019.kpu.go.id/img/c/900/053/900053164/12047-12-C-XXX-X6.jpg
6728120381203912047900053165,SUMATERA UTARA,KOTA BINJAI,BINJAI UTARA,JATI MAKMUR,TPS 13,2019-10-25 17:00:05,122,100,299,223,223,222,1,https://pemilu2019.kpu.go.id/img/c/900/053/900053165/2-12047-13-C-XXX-X5.jpg,https://pemilu2019.kpu.go.id/img/c/900/053/900053165/2-12047-13-C-XXX-X6.jpg
6728120381203912047900053166,SUMATERA UTARA,KOTA BINJAI,BINJAI UTARA,JATI MAKMUR,TPS 14,2019-10-25 17:00:05,69,102,297,172,172,171,1,https://pemilu2019.kpu.go.id/img/c/900/053/900053166/2-12047-14-C-XXX-X5.jpg,https://pemilu2019.kpu.go.id/img/c/900/053/900053166/2-12047-14-C-XXX-X6.jpg
6728120381203912047900053167,SUMATERA UTARA,KOTA BINJAI,BINJAI UTARA,JATI MAKMUR,TPS 15,2019-10-25 17:00:05,76,136,285,215,215,212,3,https://pemilu2019.kpu.go.id/img/c/900/053/900053167/12047-15-C-XXX-X5.jpg,https://pemilu2019.kpu.go.id/img/c/900/053/900053167/12047-15-C-XXX-X6.jpg
6728120381203912047900053168,SUMATERA UTARA,KOTA BINJAI,BINJAI UTARA,JATI MAKMUR,TPS 16,2019-10-25 17:00:05,78,144,319,226,226,222,4,https://pemilu2019.kpu.go.id/img/c/900/053/900053168/12047-16-C-XXX-X33.jpg,https://pemilu2019.kpu.go.id/img/c/900/053/900053168/12047-16-C-XXX-X34.jpg
6728120381203912047900053169,SUMATERA UTARA,KOTA BINJAI,BINJAI UTARA,JATI MAKMUR,TPS 17,2019-10-25 17:00:05,87,130,303,219,219,217,2,https://pemilu2019.kpu.go.id/img/c/900/053/900053169/12047-17-C-XXX-X5.jpg,https://pemilu2019.kpu.go.id/img/c/900/053/900053169/12047-17-C-XXX-X6.jpg
6728120381203912047900053170,SUMATERA UTARA,KOTA BINJAI,BINJAI UTARA,JATI MAKMUR,TPS 18,2019-10-25 17:00:05,73,126,271,204,204,199,5,https://pemilu2019.kpu.go.id/img/c/900/053/900053170/1-12047-18-C-XXX-X5.jpg,https://pemilu2019.kpu.go.id/img/c/900/053/900053170/1-12047-18-C-XXX-X6.jpg
6728120381203912047900053171,SUMATERA UTARA,KOTA BINJAI,BINJAI UTARA,JATI MAKMUR,TPS 19,2019-10-25 17:00:05,55,138,313,196,196,193,3,https://pemilu2019.kpu.go.id/img/c/900/053/900053171/12047-19-C-XXX-X33.jpg,https://pemilu2019.kpu.go.id/img/c/900/053/900053171/12047-19-C-XXX-X34.jpg
6728120381203912047900053172,SUMATERA UTARA,KOTA BINJAI,BINJAI UTARA,JATI MAKMUR,TPS 20,2019-10-25 17:00:05,64,135,314,201,201,199,2,https://pemilu2019.kpu.go.id/img/c/900/053/900053172/1-12047-20-C-XXX-X5.jpg,https://pemilu2019.kpu.go.id/img/c/900/053/900053172/1-12047-20-C-XXX-X6.jpg
6728120381203912047900053173,SUMATERA UTARA,KOTA BINJAI,BINJAI UTARA,JATI MAKMUR,TPS 21,2019-10-25 17:00:05,69,138,291,212,212,207,5,https://pemilu2019.kpu.go.id/img/c/900/053/900053173/12047-21-C-XXX-X5.jpg,https://pemilu2019.kpu.go.id/img/c/900/053/900053173/12047-21-C-XXX-X6.jpg
6728120381203912047900053174,SUMATERA UTARA,KOTA BINJAI,BINJAI UTARA,JATI MAKMUR,TPS 22,2019-10-25 17:00:05,70,118,280,190,190,188,2,https://pemilu2019.kpu.go.id/img/c/900/053/900053174/2-12047-22-C-XXX-X33.jpg,https://pemilu2019.kpu.go.id/img/c/900/053/900053174/2-12047-22-C-XXX-X34.jpg
6728120381203912047900053175,SUMATERA UTARA,KOTA BINJAI,BINJAI UTARA,JATI MAKMUR,TPS 23,2019-10-25 17:00:05,63,134,253,199,199,197,2,https://pemilu2019.kpu.go.id/img/c/900/053/900053175/12047-23-C-XXX-X5.jpg,https://pemilu2019.kpu.go.id/img/c/900/053/900053175/12047-23-C-XXX-X6.jpg
6728120381203912047900053176,SUMATERA UTARA,KOTA BINJAI,BINJAI UTARA,JATI MAKMUR,TPS 24,2019-10-25 17:00:05,42,99,245,141,141,141,0,https://pemilu2019.kpu.go.id/img/c/900/053/900053176/3-12047-24-C1-PPWP-X1.jpg,https://pemilu2019.kpu.go.id/img/c/900/053/900053176/3-12047-24-C1-PPWP-X2.jpg
6728120381203912047900053177,SUMATERA UTARA,KOTA BINJAI,BINJAI UTARA,JATI MAKMUR,TPS 25,2019-10-25 17:00:05,45,86,278,138,138,131,7,https://pemilu2019.kpu.go.id/img/c/900/053/900053177/12047-25-C-XXX-X33.jpg,https://pemilu2019.kpu.go.id/img/c/900/053/900053177/12047-25-C-XXX-X34.jpg
6728120381203912047900053178,SUMATERA UTARA,KOTA BINJAI,BINJAI UTARA,JATI MAKMUR,TPS 26,2019-10-25 17:00:05,35,98,307,133,133,133,0,https://pemilu2019.kpu.go.id/img/c/900/053/900053178/12047-26-C-XXX-X5.jpg,https://pemilu2019.kpu.go.id/img/c/900/053/900053178/12047-26-C-XXX-X6.jpg
6728120381203912047900053179,SUMATERA UTARA,KOTA BINJAI,BINJAI UTARA,JATI MAKMUR,TPS 27,2019-10-25 17:00:05,38,93,309,132,132,131,1,https://pemilu2019.kpu.go.id/img/c/900/053/900053179/12047-27-C-XXX-X5.jpg,https://pemilu2019.kpu.go.id/img/c/900/053/900053179/12047-27-C-XXX-X6.jpg
6728120381203912041900053024,SUMATERA UTARA,KOTA BINJAI,BINJAI UTARA,JATINEGARA,TPS 1,2019-10-25 17:00:05,102,164,313,266,266,266,0,https://pemilu2019.kpu.go.id/img/c/900/053/900053024/12041-1-C-XXX-X5.jpg,https://pemilu2019.kpu.go.id/img/c/900/053/900053024/12041-1-C-XXX-X6.jpg
6728120381203912041900053025,SUMATERA UTARA,KOTA BINJAI,BINJAI UTARA,JATINEGARA,TPS 2,2019-10-25 17:00:05,43,197,315,242,242,240,2,https://pemilu2019.kpu.go.id/img/c/900/053/900053025/2-12041-2-C-XXX-X5.jpg,https://pemilu2019.kpu.go.id/img/c/900/053/900053025/2-12041-2-C-XXX-X6.jpg
6728120381203912041900053026,SUMATERA UTARA,KOTA BINJAI,BINJAI UTARA,JATINEGARA,TPS 3,2019-10-25 17:00:05,35,209,297,245,245,244,1,https://pemilu2019.kpu.go.id/img/c/900/053/900053026/12041-3-C-XXX-X5.jpg,https://pemilu2019.kpu.go.id/img/c/900/053/900053026/12041-3-C-XXX-X6.jpg
6728120381203912041900053027,SUMATERA UTARA,KOTA BINJAI,BINJAI UTARA,JATINEGARA,TPS 4,2019-10-25 17:00:05,48,202,312,253,253,250,3,https://pemilu2019.kpu.go.id/img/c/900/053/900053027/12041-4-C-XXX-X5.jpg,https://pemilu2019.kpu.go.id/img/c/900/053/900053027/12041-4-C-XXX-X6.jpg
6728120381203912041900053028,SUMATERA UTARA,KOTA BINJAI,BINJAI UTARA,JATINEGARA,TPS 5,2019-10-25 17:00:05,72,203,313,275,275,275,0,https://pemilu2019.kpu.go.id/img/c/900/053/900053028/12041-5-C-XXX-X5.jpg,https://pemilu2019.kpu.go.id/img/c/900/053/900053028/12041-5-C-XXX-X6.jpg
6728120381203912041900053029,SUMATERA UTARA,KOTA BINJAI,BINJAI UTARA,JATINEGARA,TPS 6,2019-10-25 17:00:05,87,142,300,233,233,229,4,https://pemilu2019.kpu.go.id/img/c/900/053/900053029/2-12041-6-C-XXX-X5.jpg,https://pemilu2019.kpu.go.id/img/c/900/053/900053029/2-12041-6-C-XXX-X6.jpg
6728120381203912041900053030,SUMATERA UTARA,KOTA BINJAI,BINJAI UTARA,JATINEGARA,TPS 7,2019-10-25 17:00:05,70,138,319,210,210,208,2,https://pemilu2019.kpu.go.id/img/c/900/053/900053030/12041-7-C-XXX-X5.jpg,https://pemilu2019.kpu.go.id/img/c/900/053/900053030/12041-7-C-XXX-X6.jpg
6728120381203912041900053031,SUMATERA UTARA,KOTA BINJAI,BINJAI UTARA,JATINEGARA,TPS 8,2019-10-25 17:00:05,99,159,333,261,261,258,3,https://pemilu2019.kpu.go.id/img/c/900/053/900053031/12041-8-C-XXX-X5.jpg,https://pemilu2019.kpu.go.id/img/c/900/053/900053031/12041-8-C-XXX-X6.jpg
6728120381203912046900053123,SUMATERA UTARA,KOTA BINJAI,BINJAI UTARA,JATI UTOMO,TPS 01,2019-10-25 17:00:05,129,117,319,258,258,246,12,https://pemilu2019.kpu.go.id/img/c/900/053/900053123/12046-01-C-XXX-X5.jpg,https://pemilu2019.kpu.go.id/img/c/900/053/900053123/12046-01-C-XXX-X6.jpg
6728120381203912046900053124,SUMATERA UTARA,KOTA BINJAI,BINJAI UTARA,JATI UTOMO,TPS 02,2019-10-25 17:00:05,116,128,304,250,250,244,6,https://pemilu2019.kpu.go.id/img/c/900/053/900053124/12046-02-C-XXX-X5.jpg,https://pemilu2019.kpu.go.id/img/c/900/053/900053124/12046-02-C-XXX-X6.jpg
6728120381203912046900053125,SUMATERA UTARA,KOTA BINJAI,BINJAI UTARA,JATI UTOMO,TPS 03,2019-10-25 17:00:05,67,197,321,270,270,264,6,https://pemilu2019.kpu.go.id/img/c/900/053/900053125/12046-03-C-XXX-X33.jpg,https://pemilu2019.kpu.go.id/img/c/900/053/900053125/12046-03-C-XXX-X34.jpg
6728120381203912046900053126,SUMATERA UTARA,KOTA BINJAI,BINJAI UTARA,JATI UTOMO,TPS 04,2019-10-25 17:00:05,77,178,327,260,260,255,5,https://pemilu2019.kpu.go.id/img/c/900/053/900053126/12046-04-C-XXX-X5.jpg,https://pemilu2019.kpu.go.id/img/c/900/053/900053126/12046-04-C-XXX-X6.jpg
6728120381203912046900053127,SUMATERA UTARA,KOTA BINJAI,BINJAI UTARA,JATI UTOMO,TPS 05,2019-10-25 17:00:05,92,153,325,249,249,245,4,https://pemilu2019.kpu.go.id/img/c/900/053/900053127/12046-05-C-XXX-X33.jpg,https://pemilu2019.kpu.go.id/img/c/900/053/900053127/12046-05-C-XXX-X34.jpg
6728120381203912046900053128,SUMATERA UTARA,KOTA BINJAI,BINJAI UTARA,JATI UTOMO,TPS 06,2019-10-25 17:00:05,61,185,317,246,246,246,0,https://pemilu2019.kpu.go.id/img/c/900/053/900053128/12046-06-C-XXX-X5.jpg,https://pemilu2019.kpu.go.id/img/c/900/053/900053128/12046-06-C-XXX-X6.jpg
6728120381203912046900053129,SUMATERA UTARA,KOTA BINJAI,BINJAI UTARA,JATI UTOMO,TPS 07,2019-10-25 17:00:05,65,192,310,259,259,257,2,https://pemilu2019.kpu.go.id/img/c/900/053/900053129/12046-07-C-XXX-X5.jpg,https://pemilu2019.kpu.go.id/img/c/900/053/900053129/12046-07-C-XXX-X6.jpg
6728120381203912046900053130,SUMATERA UTARA,KOTA BINJAI,BINJAI UTARA,JATI UTOMO,TPS 08,2019-10-25 17:00:05,61,180,288,246,246,241,5,https://pemilu2019.kpu.go.id/img/c/900/053/900053130/12046-08-C-XXX-X5.jpg,https://pemilu2019.kpu.go.id/img/c/900/053/900053130/12046-08-C-XXX-X6.jpg
6728120381203912046900053131,SUMATERA UTARA,KOTA BINJAI,BINJAI UTARA,JATI UTOMO,TPS 09,2019-10-25 17:00:05,65,148,278,226,226,213,13,https://pemilu2019.kpu.go.id/img/c/900/053/900053131/12046-09-C-XXX-X5.jpg,https://pemilu2019.kpu.go.id/img/c/900/053/900053131/12046-09-C-XXX-X6.jpg
6728120381203912046900053132,SUMATERA UTARA,KOTA BINJAI,BINJAI UTARA,JATI UTOMO,TPS 10,2019-10-25 17:00:05,62,162,337,233,233,224,9,https://pemilu2019.kpu.go.id/img/c/900/053/900053132/12046-10-C-XXX-X5.jpg,https://pemilu2019.kpu.go.id/img/c/900/053/900053132/12046-10-C-XXX-X6.jpg
6728120381203912046900053133,SUMATERA UTARA,KOTA BINJAI,BINJAI UTARA,JATI UTOMO,TPS 11,2019-10-25 17:00:05,72,156,322,237,237,228,9,https://pemilu2019.kpu.go.id/img/c/900/053/900053133/12046-11-C-XXX-X5.jpg,https://pemilu2019.kpu.go.id/img/c/900/053/900053133/12046-11-C-XXX-X6.jpg
6728120381203912046900053134,SUMATERA UTARA,KOTA BINJAI,BINJAI UTARA,JATI UTOMO,TPS 12,2019-10-25 17:00:05,67,117,320,189,189,184,5,https://pemilu2019.kpu.go.id/img/c/900/053/900053134/12046-12-C-XXX-X5.jpg,https://pemilu2019.kpu.go.id/img/c/900/053/900053134/12046-12-C-XXX-X6.jpg
6728120381203912046900053135,SUMATERA UTARA,KOTA BINJAI,BINJAI UTARA,JATI UTOMO,TPS 13,2019-10-25 17:00:05,97,139,333,240,242,236,6,https://pemilu2019.kpu.go.id/img/c/900/053/900053135/12046-13-C-XXX-X5.jpg,https://pemilu2019.kpu.go.id/img/c/900/053/900053135/12046-13-C-XXX-X6.jpg
6728120381203912046900053136,SUMATERA UTARA,KOTA BINJAI,BINJAI UTARA,JATI UTOMO,TPS 14,2019-10-25 17:00:05,66,105,288,174,174,171,3,https://pemilu2019.kpu.go.id/img/c/900/053/900053136/12046-14-C-XXX-X5.jpg,https://pemilu2019.kpu.go.id/img/c/900/053/900053136/12046-14-C-XXX-X6.jpg
6728120381203912046900053137,SUMATERA UTARA,KOTA BINJAI,BINJAI UTARA,JATI UTOMO,TPS 15,2019-10-25 17:00:05,97,158,285,257,257,255,2,https://pemilu2019.kpu.go.id/img/c/900/053/900053137/12046-15-C-XXX-X5.jpg,https://pemilu2019.kpu.go.id/img/c/900/053/900053137/12046-15-C-XXX-X6.jpg
6728120381203912046900053138,SUMATERA UTARA,KOTA BINJAI,BINJAI UTARA,JATI UTOMO,TPS 16,2019-10-25 17:00:05,109,136,249,249,249,245,4,https://pemilu2019.kpu.go.id/img/c/900/053/900053138/12046-16-C-XXX-X33.jpg,https://pemilu2019.kpu.go.id/img/c/900/053/900053138/12046-16-C-XXX-X34.jpg
6728120381203912046900053139,SUMATERA UTARA,KOTA BINJAI,BINJAI UTARA,JATI UTOMO,TPS 17,2019-10-25 17:00:05,123,107,304,230,230,230,0,https://pemilu2019.kpu.go.id/img/c/900/053/900053139/12046-17-C-XXX-X5.jpg,https://pemilu2019.kpu.go.id/img/c/900/053/900053139/12046-17-C-XXX-X6.jpg
6728120381203912046900053140,SUMATERA UTARA,KOTA BINJAI,BINJAI UTARA,JATI UTOMO,TPS 18,2019-10-25 17:00:05,95,131,314,228,228,226,2,https://pemilu2019.kpu.go.id/img/c/900/053/900053140/12046-18-C-XXX-X33.jpg,https://pemilu2019.kpu.go.id/img/c/900/053/900053140/12046-18-C-XXX-X34.jpg
6728120381203912046900053141,SUMATERA UTARA,KOTA BINJAI,BINJAI UTARA,JATI UTOMO,TPS 19,2019-10-25 17:00:05,43,94,305,138,138,137,1,https://pemilu2019.kpu.go.id/img/c/900/053/900053141/12046-19-C-XXX-X5.jpg,https://pemilu2019.kpu.go.id/img/c/900/053/900053141/12046-19-C-XXX-X6.jpg
6728120381203912046900053142,SUMATERA UTARA,KOTA BINJAI,BINJAI UTARA,JATI UTOMO,TPS 20,2019-10-25 17:00:05,95,141,321,242,242,236,6,https://pemilu2019.kpu.go.id/img/c/900/053/900053142/12046-20-C-XXX-X5.jpg,https://pemilu2019.kpu.go.id/img/c/900/053/900053142/12046-20-C-XXX-X6.jpg
6728120381203912046900053143,SUMATERA UTARA,KOTA BINJAI,BINJAI UTARA,JATI UTOMO,TPS 21,2019-10-25 17:00:05,104,111,288,219,219,215,4,https://pemilu2019.kpu.go.id/img/c/900/053/900053143/12046-21-C1-PPWP-X1.jpg,https://pemilu2019.kpu.go.id/img/c/900/053/900053143/12046-21-C1-PPWP-X2.jpg
6728120381203912046900053144,SUMATERA UTARA,KOTA BINJAI,BINJAI UTARA,JATI UTOMO,TPS 22,2019-10-25 17:00:05,104,112,305,228,228,216,12,https://pemilu2019.kpu.go.id/img/c/900/053/900053144/12046-22-C-XXX-X5.jpg,https://pemilu2019.kpu.go.id/img/c/900/053/900053144/12046-22-C-XXX-X6.jpg
6728120381203912046900053145,SUMATERA UTARA,KOTA BINJAI,BINJAI UTARA,JATI UTOMO,TPS 23,2019-10-25 17:00:05,99,103,289,210,210,202,8,https://pemilu2019.kpu.go.id/img/c/900/053/900053145/12046-23-C-XXX-X5.jpg,https://pemilu2019.kpu.go.id/img/c/900/053/900053145/12046-23-C-XXX-X6.jpg
6728120381203912046900053146,SUMATERA UTARA,KOTA BINJAI,BINJAI UTARA,JATI UTOMO,TPS 24,2019-10-25 17:00:05,85,115,295,203,203,200,3,https://pemilu2019.kpu.go.id/img/c/900/053/900053146/12046-24-C-XXX-X5.jpg,https://pemilu2019.kpu.go.id/img/c/900/053/900053146/12046-24-C-XXX-X6.jpg
6728120381203912046900053147,SUMATERA UTARA,KOTA BINJAI,BINJAI UTARA,JATI UTOMO,TPS 25,2019-10-25 17:00:05,107,135,295,250,250,242,8,https://pemilu2019.kpu.go.id/img/c/900/053/900053147/12046-25-C-XXX-X5.jpg,https://pemilu2019.kpu.go.id/img/c/900/053/900053147/12046-25-C-XXX-X6.jpg
6728120381203912046900053148,SUMATERA UTARA,KOTA BINJAI,BINJAI UTARA,JATI UTOMO,TPS 26,2019-10-25 17:00:05,167,31,297,202,202,198,4,https://pemilu2019.kpu.go.id/img/c/900/053/900053148/12046-26-C-XXX-X5.jpg,https://pemilu2019.kpu.go.id/img/c/900/053/900053148/12046-26-C-XXX-X6.jpg
6728120381203912046900053149,SUMATERA UTARA,KOTA BINJAI,BINJAI UTARA,JATI UTOMO,TPS 27,2019-10-25 17:00:05,166,11,289,177,177,177,0,https://pemilu2019.kpu.go.id/img/c/900/053/900053149/12046-27-C-XXX-X5.jpg,https://pemilu2019.kpu.go.id/img/c/900/053/900053149/12046-27-C-XXX-X6.jpg
6728120381203912046900053150,SUMATERA UTARA,KOTA BINJAI,BINJAI UTARA,JATI UTOMO,TPS 28,2019-10-25 17:00:05,103,54,233,158,158,157,1,https://pemilu2019.kpu.go.id/img/c/900/053/900053150/12046-28-C-XXX-X5.jpg,https://pemilu2019.kpu.go.id/img/c/900/053/900053150/12046-28-C-XXX-X6.jpg
6728120381203912046900053151,SUMATERA UTARA,KOTA BINJAI,BINJAI UTARA,JATI UTOMO,TPS 29,2019-10-25 17:00:05,80,99,240,180,180,179,1,https://pemilu2019.kpu.go.id/img/c/900/053/900053151/12046-29-C-XXX-X5.jpg,https://pemilu2019.kpu.go.id/img/c/900/053/900053151/12046-29-C-XXX-X6.jpg
6728120381203912046900053152,SUMATERA UTARA,KOTA BINJAI,BINJAI UTARA,JATI UTOMO,TPS 30,2019-10-25 17:00:05,81,41,289,125,125,122,3,https://pemilu2019.kpu.go.id/img/c/900/053/900053152/12046-30-C1-PPWP-X1.jpg,https://pemilu2019.kpu.go.id/img/c/900/053/900053152/12046-30-C1-PPWP-X2.jpg
6728120381203912044900053077,SUMATERA UTARA,KOTA BINJAI,BINJAI UTARA,KEBUN LADA,TPS 01,2019-10-25 17:00:05,48,189,304,239,239,237,2,https://pemilu2019.kpu.go.id/img/c/900/053/900053077/12044-01-C-XXX-X5.jpg,https://pemilu2019.kpu.go.id/img/c/900/053/900053077/12044-01-C-XXX-X6.jpg
6728120381203912044900053078,SUMATERA UTARA,KOTA BINJAI,BINJAI UTARA,KEBUN LADA,TPS 02,2019-10-25 17:00:05,34,185,292,221,221,219,2,https://pemilu2019.kpu.go.id/img/c/900/053/900053078/12044-02-C-XXX-X5.jpg,https://pemilu2019.kpu.go.id/img/c/900/053/900053078/12044-02-C-XXX-X6.jpg
6728120381203912044900053079,SUMATERA UTARA,KOTA BINJAI,BINJAI UTARA,KEBUN LADA,TPS 03,2019-10-25 17:00:05,42,193,303,238,238,235,3,https://pemilu2019.kpu.go.id/img/c/900/053/900053079/12044-03-C-XXX-X5.jpg,https://pemilu2019.kpu.go.id/img/c/900/053/900053079/12044-03-C-XXX-X6.jpg
6728120381203912044900053080,SUMATERA UTARA,KOTA BINJAI,BINJAI UTARA,KEBUN LADA,TPS 04,2019-10-25 17:00:05,36,187,305,226,226,223,3,https://pemilu2019.kpu.go.id/img/c/900/053/900053080/12044-04-C-XXX-X5.jpg,https://pemilu2019.kpu.go.id/img/c/900/053/900053080/12044-04-C-XXX-X6.jpg
6728120381203912044900053081,SUMATERA UTARA,KOTA BINJAI,BINJAI UTARA,KEBUN LADA,TPS 05,2019-10-25 17:00:05,52,198,293,251,251,250,1,https://pemilu2019.kpu.go.id/img/c/900/053/900053081/12044-05-C-XXX-X5.jpg,https://pemilu2019.kpu.go.id/img/c/900/053/900053081/12044-05-C-XXX-X6.jpg
6728120381203912044900053082,SUMATERA UTARA,KOTA BINJAI,BINJAI UTARA,KEBUN LADA,TPS 06,2019-10-25 17:00:05,68,193,310,261,261,261,0,https://pemilu2019.kpu.go.id/img/c/900/053/900053082/12044-06-C-XXX-X5.jpg,https://pemilu2019.kpu.go.id/img/c/900/053/900053082/12044-06-C-XXX-X6.jpg
6728120381203912044900053083,SUMATERA UTARA,KOTA BINJAI,BINJAI UTARA,KEBUN LADA,TPS 07,2019-10-25 17:00:05,49,188,303,241,241,237,4,https://pemilu2019.kpu.go.id/img/c/900/053/900053083/2-12044-07-C-XXX-X5.jpg,https://pemilu2019.kpu.go.id/img/c/900/053/900053083/2-12044-07-C-XXX-X6.jpg
6728120381203912044900053084,SUMATERA UTARA,KOTA BINJAI,BINJAI UTARA,KEBUN LADA,TPS 08,2019-10-25 17:00:05,37,206,298,244,244,243,1,https://pemilu2019.kpu.go.id/img/c/900/053/900053084/2-12044-08-C-XXX-X5.jpg,https://pemilu2019.kpu.go.id/img/c/900/053/900053084/2-12044-08-C-XXX-X6.jpg
6728120381203912044900053085,SUMATERA UTARA,KOTA BINJAI,BINJAI UTARA,KEBUN LADA,TPS 09,2019-10-25 17:00:05,57,195,314,255,255,252,3,https://pemilu2019.kpu.go.id/img/c/900/053/900053085/2-12044-09-C-XXX-X5.jpg,https://pemilu2019.kpu.go.id/img/c/900/053/900053085/2-12044-09-C-XXX-X6.jpg
6728120381203912044900053086,SUMATERA UTARA,KOTA BINJAI,BINJAI UTARA,KEBUN LADA,TPS 10,2019-10-25 17:00:05,48,186,304,238,238,234,4,https://pemilu2019.kpu.go.id/img/c/900/053/900053086/3-12044-10-C-XXX-X5.jpg,https://pemilu2019.kpu.go.id/img/c/900/053/900053086/3-12044-10-C-XXX-X6.jpg
6728120381203912044900053087,SUMATERA UTARA,KOTA BINJAI,BINJAI UTARA,KEBUN LADA,TPS 11,2019-10-25 17:00:05,71,186,249,263,262,257,5,https://pemilu2019.kpu.go.id/img/c/900/053/900053087/2-12044-11-C-XXX-X5.jpg,https://pemilu2019.kpu.go.id/img/c/900/053/900053087/2-12044-11-C-XXX-X6.jpg
6728120381203912044900053088,SUMATERA UTARA,KOTA BINJAI,BINJAI UTARA,KEBUN LADA,TPS 12,2019-10-25 17:00:05,46,143,235,190,190,189,1,https://pemilu2019.kpu.go.id/img/c/900/053/900053088/2-12044-12-C-XXX-X5.jpg,https://pemilu2019.kpu.go.id/img/c/900/053/900053088/2-12044-12-C-XXX-X6.jpg
6728120381203912044900053089,SUMATERA UTARA,KOTA BINJAI,BINJAI UTARA,KEBUN LADA,TPS 13,2019-10-25 17:00:05,47,139,191,191,191,186,5,https://pemilu2019.kpu.go.id/img/c/900/053/900053089/2-12044-13-C-XXX-X5.jpg,https://pemilu2019.kpu.go.id/img/c/900/053/900053089/2-12044-13-C-XXX-X6.jpg
6728120381203912044900053090,SUMATERA UTARA,KOTA BINJAI,BINJAI UTARA,KEBUN LADA,TPS 14,2019-10-25 17:00:05,24,84,175,108,108,108,0,https://pemilu2019.kpu.go.id/img/c/900/053/900053090/2-12044-14-C-XXX-X5.jpg,https://pemilu2019.kpu.go.id/img/c/900/053/900053090/2-12044-14-C-XXX-X6.jpg
6728120381203912042900053032,SUMATERA UTARA,KOTA BINJAI,BINJAI UTARA,NANGKA,TPS 01,2019-10-25 17:00:05,32,198,288,230,230,230,0,https://pemilu2019.kpu.go.id/img/c/900/053/900053032/12042-01-C-XXX-X5.jpg,https://pemilu2019.kpu.go.id/img/c/900/053/900053032/12042-01-C-XXX-X6.jpg
6728120381203912042900053033,SUMATERA UTARA,KOTA BINJAI,BINJAI UTARA,NANGKA,TPS 02,2019-10-25 17:00:05,46,156,266,203,203,202,1,https://pemilu2019.kpu.go.id/img/c/900/053/900053033/12042-02-C-XXX-X5.jpg,https://pemilu2019.kpu.go.id/img/c/900/053/900053033/12042-02-C-XXX-X6.jpg
6728120381203912042900053034,SUMATERA UTARA,KOTA BINJAI,BINJAI UTARA,NANGKA,TPS 03,2019-10-25 17:00:05,53,156,370,211,211,209,2,https://pemilu2019.kpu.go.id/img/c/900/053/900053034/12042-03-C-XXX-X5.jpg,https://pemilu2019.kpu.go.id/img/c/900/053/900053034/12042-03-C-XXX-X6.jpg
6728120381203912042900053035,SUMATERA UTARA,KOTA BINJAI,BINJAI UTARA,NANGKA,TPS 04,2019-10-25 17:00:05,27,171,287,201,201,198,3,https://pemilu2019.kpu.go.id/img/c/900/053/900053035/12042-04-C-XXX-X5.jpg,https://pemilu2019.kpu.go.id/img/c/900/053/900053035/12042-04-C-XXX-X6.jpg
6728120381203912042900053036,SUMATERA UTARA,KOTA BINJAI,BINJAI UTARA,NANGKA,TPS 05,2019-10-25 17:00:05,25,147,246,174,174,172,2,https://pemilu2019.kpu.go.id/img/c/900/053/900053036/12042-05-C-XXX-X33.jpg,https://pemilu2019.kpu.go.id/img/c/900/053/900053036/12042-05-C-XXX-X34.jpg
6728120381203912042900053037,SUMATERA UTARA,KOTA BINJAI,BINJAI UTARA,NANGKA,TPS 06,2019-10-25 17:00:05,25,177,245,202,205,202,3,https://pemilu2019.kpu.go.id/img/c/900/053/900053037/12042-06-C-XXX-X5.jpg,https://pemilu2019.kpu.go.id/img/c/900/053/900053037/12042-06-C-XXX-X6.jpg
6728120381203912042900053038,SUMATERA UTARA,KOTA BINJAI,BINJAI UTARA,NANGKA,TPS 07,2019-10-25 17:00:05,19,201,272,222,222,220,2,https://pemilu2019.kpu.go.id/img/c/900/053/900053038/12042-07-C-XXX-X33.jpg,https://pemilu2019.kpu.go.id/img/c/900/053/900053038/12042-07-C-XXX-X34.jpg
6728120381203912042900053039,SUMATERA UTARA,KOTA BINJAI,BINJAI UTARA,NANGKA,TPS 08,2019-10-25 17:00:05,19,211,296,232,232,230,2,https://pemilu2019.kpu.go.id/img/c/900/053/900053039/12042-08-C-XXX-X5.jpg,https://pemilu2019.kpu.go.id/img/c/900/053/900053039/12042-08-C-XXX-X6.jpg
6728120381203912042900053040,SUMATERA UTARA,KOTA BINJAI,BINJAI UTARA,NANGKA,TPS 09,2019-10-25 17:00:05,16,161,241,177,177,177,0,https://pemilu2019.kpu.go.id/img/c/900/053/900053040/12042-09-C-XXX-X5.jpg,https://pemilu2019.kpu.go.id/img/c/900/053/900053040/12042-09-C-XXX-X6.jpg
6728120381203912042900053041,SUMATERA UTARA,KOTA BINJAI,BINJAI UTARA,NANGKA,TPS 10,2019-10-25 17:00:05,27,186,288,216,216,213,3,https://pemilu2019.kpu.go.id/img/c/900/053/900053041/12042-10-C-XXX-X33.jpg,https://pemilu2019.kpu.go.id/img/c/900/053/900053041/12042-10-C-XXX-X34.jpg
6728120381203912042900053042,SUMATERA UTARA,KOTA BINJAI,BINJAI UTARA,NANGKA,TPS 11,2019-10-25 17:00:05,34,171,272,206,206,205,1,https://pemilu2019.kpu.go.id/img/c/900/053/900053042/12042-11-C-XXX-X5.jpg,https://pemilu2019.kpu.go.id/img/c/900/053/900053042/12042-11-C-XXX-X6.jpg
6728120381203912042900053043,SUMATERA UTARA,KOTA BINJAI,BINJAI UTARA,NANGKA,TPS 12,2019-10-25 17:00:05,21,141,237,164,164,162,2,https://pemilu2019.kpu.go.id/img/c/900/053/900053043/12042-12-C-XXX-X5.jpg,https://pemilu2019.kpu.go.id/img/c/900/053/900053043/12042-12-C-XXX-X6.jpg
6728120381203912042900053044,SUMATERA UTARA,KOTA BINJAI,BINJAI UTARA,NANGKA,TPS 13,2019-10-25 17:00:05,55,181,289,243,243,236,7,https://pemilu2019.kpu.go.id/img/c/900/053/900053044/12042-13-C-XXX-X5.jpg,https://pemilu2019.kpu.go.id/img/c/900/053/900053044/12042-13-C-XXX-X6.jpg
6728120381203912042900053045,SUMATERA UTARA,KOTA BINJAI,BINJAI UTARA,NANGKA,TPS 14,2019-10-25 17:00:05,58,177,283,236,236,235,1,https://pemilu2019.kpu.go.id/img/c/900/053/900053045/12042-14-C-XXX-X5.jpg,https://pemilu2019.kpu.go.id/img/c/900/053/900053045/12042-14-C-XXX-X6.jpg
6728120381203912042900053046,SUMATERA UTARA,KOTA BINJAI,BINJAI UTARA,NANGKA,TPS 15,2019-10-25 17:00:05,77,141,273,218,218,218,0,https://pemilu2019.kpu.go.id/img/c/900/053/900053046/12042-15-C-XXX-X33.jpg,https://pemilu2019.kpu.go.id/img/c/900/053/900053046/12042-15-C-XXX-X34.jpg
6728120381203912042900053047,SUMATERA UTARA,KOTA BINJAI,BINJAI UTARA,NANGKA,TPS 16,2019-10-25 17:00:05,52,153,261,206,206,205,1,https://pemilu2019.kpu.go.id/img/c/900/053/900053047/12042-16-C-XXX-X33.jpg,https://pemilu2019.kpu.go.id/img/c/900/053/900053047/12042-16-C-XXX-X34.jpg
6728120381203912042900053048,SUMATERA UTARA,KOTA BINJAI,BINJAI UTARA,NANGKA,TPS 17,2019-10-25 17:00:05,54,181,279,235,235,235,0,https://pemilu2019.kpu.go.id/img/c/900/053/900053048/12042-17-C-XXX-X5.jpg,https://pemilu2019.kpu.go.id/img/c/900/053/900053048/12042-17-C-XXX-X6.jpg
6728120381203912042900053049,SUMATERA UTARA,KOTA BINJAI,BINJAI UTARA,NANGKA,TPS 18,2019-10-25 17:00:05,72,147,293,221,221,219,2,https://pemilu2019.kpu.go.id/img/c/900/053/900053049/12042-18-C-XXX-X33.jpg,https://pemilu2019.kpu.go.id/img/c/900/053/900053049/12042-18-C-XXX-X34.jpg
6728120381203912042900053050,SUMATERA UTARA,KOTA BINJAI,BINJAI UTARA,NANGKA,TPS 19,2019-10-25 17:00:05,23,110,177,134,134,133,1,https://pemilu2019.kpu.go.id/img/c/900/053/900053050/12042-19-C-XXX-X5.jpg,https://pemilu2019.kpu.go.id/img/c/900/053/900053050/12042-19-C-XXX-X6.jpg
6728120381203912042900053051,SUMATERA UTARA,KOTA BINJAI,BINJAI UTARA,NANGKA,TPS 20,2019-10-25 17:00:05,80,141,284,223,223,221,2,https://pemilu2019.kpu.go.id/img/c/900/053/900053051/12042-20-C-XXX-X5.jpg,https://pemilu2019.kpu.go.id/img/c/900/053/900053051/12042-20-C-XXX-X6.jpg
6728120381203912042900053052,SUMATERA UTARA,KOTA BINJAI,BINJAI UTARA,NANGKA,TPS 21,2019-10-25 17:00:05,98,137,308,238,238,235,3,https://pemilu2019.kpu.go.id/img/c/900/053/900053052/12042-21-C-XXX-X33.jpg,https://pemilu2019.kpu.go.id/img/c/900/053/900053052/12042-21-C-XXX-X34.jpg
6728120381203912042900053053,SUMATERA UTARA,KOTA BINJAI,BINJAI UTARA,NANGKA,TPS 22,2019-10-25 17:00:05,104,133,307,238,238,237,1,https://pemilu2019.kpu.go.id/img/c/900/053/900053053/12042-22-C-XXX-X5.jpg,https://pemilu2019.kpu.go.id/img/c/900/053/900053053/12042-22-C-XXX-X6.jpg
6728120381203912042900053054,SUMATERA UTARA,KOTA BINJAI,BINJAI UTARA,NANGKA,TPS 23,2019-10-25 17:00:05,98,107,261,212,212,205,7,https://pemilu2019.kpu.go.id/img/c/900/053/900053054/12042-23-C-XXX-X5.jpg,https://pemilu2019.kpu.go.id/img/c/900/053/900053054/12042-23-C-XXX-X6.jpg
6728120381203912042900053055,SUMATERA UTARA,KOTA BINJAI,BINJAI UTARA,NANGKA,TPS 24,2019-10-25 17:00:05,106,130,291,237,237,236,1,https://pemilu2019.kpu.go.id/img/c/900/053/900053055/12042-24-C-XXX-X5.jpg,https://pemilu2019.kpu.go.id/img/c/900/053/900053055/12042-24-C-XXX-X6.jpg
6728120381203912042900053056,SUMATERA UTARA,KOTA BINJAI,BINJAI UTARA,NANGKA,TPS 25,2019-10-25 17:00:05,80,122,251,205,205,202,3,https://pemilu2019.kpu.go.id/img/c/900/053/900053056/12042-25-C-XXX-X5.jpg,https://pemilu2019.kpu.go.id/img/c/900/053/900053056/12042-25-C-XXX-X6.jpg
6728120381203912042900053057,SUMATERA UTARA,KOTA BINJAI,BINJAI UTARA,NANGKA,TPS 26,2019-10-25 17:00:05,37,115,249,154,154,152,2,https://pemilu2019.kpu.go.id/img/c/900/053/900053057/12042-26-C-XXX-X33.jpg,https://pemilu2019.kpu.go.id/img/c/900/053/900053057/12042-26-C-XXX-X34.jpg
6728120381203912042900053058,SUMATERA UTARA,KOTA BINJAI,BINJAI UTARA,NANGKA,TPS 27,2019-10-25 17:00:05,71,104,281,175,175,175,0,https://pemilu2019.kpu.go.id/img/c/900/053/900053058/12042-27-C-XXX-X33.jpg,https://pemilu2019.kpu.go.id/img/c/900/053/900053058/12042-27-C-XXX-X34.jpg
6728120381203912040900052996,SUMATERA UTARA,KOTA BINJAI,BINJAI UTARA,PAHLAWAN,TPS 01,2019-10-25 17:00:05,122,56,271,178,178,178,0,https://pemilu2019.kpu.go.id/img/c/900/052/900052996/12040-01-C-XXX-X5.jpg,https://pemilu2019.kpu.go.id/img/c/900/052/900052996/12040-01-C-XXX-X6.jpg
6728120381203912040900052997,SUMATERA UTARA,KOTA BINJAI,BINJAI UTARA,PAHLAWAN,TPS 02,2019-10-25 17:00:05,120,68,265,191,191,188,4,https://pemilu2019.kpu.go.id/img/c/900/052/900052997/12040-02-C-XXX-X5.jpg,https://pemilu2019.kpu.go.id/img/c/900/052/900052997/12040-02-C-XXX-X6.jpg
6728120381203912040900052998,SUMATERA UTARA,KOTA BINJAI,BINJAI UTARA,PAHLAWAN,TPS 03,2019-10-25 17:00:05,155,41,276,198,198,196,2,https://pemilu2019.kpu.go.id/img/c/900/052/900052998/12040-03-C-XXX-X5.jpg,https://pemilu2019.kpu.go.id/img/c/900/052/900052998/12040-03-C-XXX-X6.jpg
6728120381203912040900052999,SUMATERA UTARA,KOTA BINJAI,BINJAI UTARA,PAHLAWAN,TPS 04,2019-10-25 17:00:05,139,43,270,183,183,182,1,https://pemilu2019.kpu.go.id/img/c/900/052/900052999/12040-04-C-XXX-X5.jpg,https://pemilu2019.kpu.go.id/img/c/900/052/900052999/12040-04-C-XXX-X6.jpg
6728120381203912040900053000,SUMATERA UTARA,KOTA BINJAI,BINJAI UTARA,PAHLAWAN,TPS 05,2019-10-25 17:00:05,144,57,277,201,201,201,0,https://pemilu2019.kpu.go.id/img/c/900/053/900053000/12040-05-C-XXX-X5.jpg,https://pemilu2019.kpu.go.id/img/c/900/053/900053000/12040-05-C-XXX-X6.jpg
6728120381203912040900053001,SUMATERA UTARA,KOTA BINJAI,BINJAI UTARA,PAHLAWAN,TPS 06,2019-10-25 17:00:05,132,63,272,197,197,195,2,https://pemilu2019.kpu.go.id/img/c/900/053/900053001/12040-06-C-XXX-X5.jpg,https://pemilu2019.kpu.go.id/img/c/900/053/900053001/12040-06-C-XXX-X6.jpg
6728120381203912040900053002,SUMATERA UTARA,KOTA BINJAI,BINJAI UTARA,PAHLAWAN,TPS 07,2019-10-25 17:00:05,91,84,287,180,180,175,5,https://pemilu2019.kpu.go.id/img/c/900/053/900053002/12040-07-C-XXX-X5.jpg,https://pemilu2019.kpu.go.id/img/c/900/053/900053002/12040-07-C-XXX-X6.jpg
6728120381203912040900053003,SUMATERA UTARA,KOTA BINJAI,BINJAI UTARA,PAHLAWAN,TPS 08,2019-10-25 17:00:05,28,185,296,214,214,213,1,https://pemilu2019.kpu.go.id/img/c/900/053/900053003/12040-08-C-XXX-X5.jpg,https://pemilu2019.kpu.go.id/img/c/900/053/900053003/12040-08-C-XXX-X6.jpg
6728120381203912040900053004,SUMATERA UTARA,KOTA BINJAI,BINJAI UTARA,PAHLAWAN,TPS 09,2019-10-25 17:00:05,24,198,304,223,223,222,1,https://pemilu2019.kpu.go.id/img/c/900/053/900053004/12040-09-C-XXX-X5.jpg,https://pemilu2019.kpu.go.id/img/c/900/053/900053004/12040-09-C-XXX-X6.jpg
6728120381203912040900053005,SUMATERA UTARA,KOTA BINJAI,BINJAI UTARA,PAHLAWAN,TPS 10,2019-10-25 17:00:05,33,190,296,224,224,223,1,https://pemilu2019.kpu.go.id/img/c/900/053/900053005/12040-10-C-XXX-X5.jpg,https://pemilu2019.kpu.go.id/img/c/900/053/900053005/12040-10-C-XXX-X6.jpg
6728120381203912040900053006,SUMATERA UTARA,KOTA BINJAI,BINJAI UTARA,PAHLAWAN,TPS 11,2019-10-25 17:00:05,36,193,294,230,230,229,1,https://pemilu2019.kpu.go.id/img/c/900/053/900053006/12040-11-C-XXX-X5.jpg,https://pemilu2019.kpu.go.id/img/c/900/053/900053006/12040-11-C-XXX-X6.jpg
6728120381203912040900053007,SUMATERA UTARA,KOTA BINJAI,BINJAI UTARA,PAHLAWAN,TPS 12,2019-10-25 17:00:05,33,165,277,198,198,0,198,https://pemilu2019.kpu.go.id/img/c/900/053/900053007/12040-12-C-XXX-X5.jpg,https://pemilu2019.kpu.go.id/img/c/900/053/900053007/12040-12-C-XXX-X6.jpg
6728120381203912040900053008,SUMATERA UTARA,KOTA BINJAI,BINJAI UTARA,PAHLAWAN,TPS 13,2019-10-25 17:00:05,28,165,261,194,194,191,3,https://pemilu2019.kpu.go.id/img/c/900/053/900053008/12040-13-C-XXX-X5.jpg,https://pemilu2019.kpu.go.id/img/c/900/053/900053008/12040-13-C-XXX-X6.jpg
6728120381203912040900053009,SUMATERA UTARA,KOTA BINJAI,BINJAI UTARA,PAHLAWAN,TPS 14,2019-10-25 17:00:05,30,202,265,233,233,232,1,https://pemilu2019.kpu.go.id/img/c/900/053/900053009/12040-14-C1-PPWP-01.jpg,https://pemilu2019.kpu.go.id/img/c/900/053/900053009/12040-14-C-XXX-X6.jpg
6728120381203912040900053010,SUMATERA UTARA,KOTA BINJAI,BINJAI UTARA,PAHLAWAN,TPS 15,2019-10-25 17:00:05,37,215,346,256,256,252,4,https://pemilu2019.kpu.go.id/img/c/900/053/900053010/12040-15-C-XXX-X5.jpg,https://pemilu2019.kpu.go.id/img/c/900/053/900053010/12040-15-C-XXX-X6.jpg
6728120381203912040900053011,SUMATERA UTARA,KOTA BINJAI,BINJAI UTARA,PAHLAWAN,TPS 16,2019-10-25 17:00:05,46,184,337,234,234,230,4,https://pemilu2019.kpu.go.id/img/c/900/053/900053011/12040-16-C-XXX-X5.jpg,https://pemilu2019.kpu.go.id/img/c/900/053/900053011/12040-16-C-XXX-X6.jpg
6728120381203912040900053012,SUMATERA UTARA,KOTA BINJAI,BINJAI UTARA,PAHLAWAN,TPS 17,2019-10-25 17:00:05,50,191,310,243,243,241,2,https://pemilu2019.kpu.go.id/img/c/900/053/900053012/12040-17-C-XXX-X5.jpg,https://pemilu2019.kpu.go.id/img/c/900/053/900053012/12040-17-C-XXX-X6.jpg
6728120381203912040900053013,SUMATERA UTARA,KOTA BINJAI,BINJAI UTARA,PAHLAWAN,TPS 18,2019-10-25 17:00:05,63,175,254,240,240,238,2,https://pemilu2019.kpu.go.id/img/c/900/053/900053013/12040-18-C-XXX-X5.jpg,https://pemilu2019.kpu.go.id/img/c/900/053/900053013/12040-18-C-XXX-X6.jpg
6728120381203912040900053014,SUMATERA UTARA,KOTA BINJAI,BINJAI UTARA,PAHLAWAN,TPS 19,2019-10-25 17:00:05,80,142,223,0,224,222,2,https://pemilu2019.kpu.go.id/img/c/900/053/900053014/12040-19-C-XXX-X5.jpg,https://pemilu2019.kpu.go.id/img/c/900/053/900053014/12040-19-C-XXX-X6.jpg
6728120381203912040900053015,SUMATERA UTARA,KOTA BINJAI,BINJAI UTARA,PAHLAWAN,TPS 20,2019-10-25 17:00:05,77,156,233,233,233,233,0,https://pemilu2019.kpu.go.id/img/c/900/053/900053015/1-12040-20-C-XXX-X5.jpg,https://pemilu2019.kpu.go.id/img/c/900/053/900053015/1-12040-20-C-XXX-X6.jpg
6728120381203912040900053016,SUMATERA UTARA,KOTA BINJAI,BINJAI UTARA,PAHLAWAN,TPS 21,2019-10-25 17:00:05,124,140,329,267,267,264,3,https://pemilu2019.kpu.go.id/img/c/900/053/900053016/12040-21-C-XXX-X5.jpg,https://pemilu2019.kpu.go.id/img/c/900/053/900053016/12040-21-C-XXX-X6.jpg
6728120381203912040900053017,SUMATERA UTARA,KOTA BINJAI,BINJAI UTARA,PAHLAWAN,TPS 22,2019-10-25 17:00:05,88,123,248,213,213,211,2,https://pemilu2019.kpu.go.id/img/c/900/053/900053017/12040-22-C-XXX-X5.jpg,https://pemilu2019.kpu.go.id/img/c/900/053/900053017/12040-22-C-XXX-X6.jpg
6728120381203912040900053018,SUMATERA UTARA,KOTA BINJAI,BINJAI UTARA,PAHLAWAN,TPS 23,2019-10-25 17:00:05,132,119,252,252,252,251,1,https://pemilu2019.kpu.go.id/img/c/900/053/900053018/12040-23-C-XXX-X5.jpg,https://pemilu2019.kpu.go.id/img/c/900/053/900053018/12040-23-C-XXX-X6.jpg
6728120381203912040900053019,SUMATERA UTARA,KOTA BINJAI,BINJAI UTARA,PAHLAWAN,TPS 24,2019-10-25 17:00:05,107,115,319,219,223,222,1,https://pemilu2019.kpu.go.id/img/c/900/053/900053019/12040-24-C-XXX-X5.jpg,https://pemilu2019.kpu.go.id/img/c/900/053/900053019/12040-24-C-XXX-X6.jpg
6728120381203912040900053020,SUMATERA UTARA,KOTA BINJAI,BINJAI UTARA,PAHLAWAN,TPS 25,2019-10-25 17:00:05,88,148,331,239,239,236,3,https://pemilu2019.kpu.go.id/img/c/900/053/900053020/12040-25-C-XXX-X5.jpg,https://pemilu2019.kpu.go.id/img/c/900/053/900053020/12040-25-C-XXX-X6.jpg
6728120381203912040900053021,SUMATERA UTARA,KOTA BINJAI,BINJAI UTARA,PAHLAWAN,TPS 26,2019-10-25 17:00:05,54,166,288,221,221,220,1,https://pemilu2019.kpu.go.id/img/c/900/053/900053021/12040-26-C-XXX-X5.jpg,https://pemilu2019.kpu.go.id/img/c/900/053/900053021/12040-26-C-XXX-X6.jpg
6728120381203912040900053022,SUMATERA UTARA,KOTA BINJAI,BINJAI UTARA,PAHLAWAN,TPS 27,2019-10-25 17:00:05,64,143,307,208,208,207,1,https://pemilu2019.kpu.go.id/img/c/900/053/900053022/12040-27-C-XXX-X5.jpg,https://pemilu2019.kpu.go.id/img/c/900/053/900053022/12040-27-C-XXX-X6.jpg
6728120381203912040900053023,SUMATERA UTARA,KOTA BINJAI,BINJAI UTARA,PAHLAWAN,TPS 28,2019-10-25 17:00:05,62,159,322,221,221,221,0,https://pemilu2019.kpu.go.id/img/c/900/053/900053023/12040-28-C-XXX-X5.jpg,https://pemilu2019.kpu.go.id/img/c/900/053/900053023/12040-28-C-XXX-X6.jpg
