id,provinsi,kabupaten,kecamatan,kelurahan,tps,timestamp,pemilih-1,pemilih-2,total-pemilih,total-pengguna,suara-total,suara-sah,suara-tidak-sah,c1-1,c1-2
6728117431180311809900047702,SUMATERA UTARA,KOTA MEDAN,MEDAN BELAWAN,BAGAN DELI,TPS 01,2019-10-25 17:00:05,74,102,212,179,179,176,3,https://pemilu2019.kpu.go.id/img/c/900/047/900047702/1-11809-01-C1-PPWP-X1.jpg,https://pemilu2019.kpu.go.id/img/c/900/047/900047702/1-11809-01-C1-PPWP-X2.jpg
6728117431180311809900047703,SUMATERA UTARA,KOTA MEDAN,MEDAN BELAWAN,BAGAN DELI,TPS 02,2019-10-25 17:00:05,64,120,229,187,187,184,3,https://pemilu2019.kpu.go.id/img/c/900/047/900047703/1-11809-02-C1-PPWP-X1.jpg,https://pemilu2019.kpu.go.id/img/c/900/047/900047703/1-11809-02-C1-PPWP-X2.jpg
6728117431180311809900047704,SUMATERA UTARA,KOTA MEDAN,MEDAN BELAWAN,BAGAN DELI,TPS 03,2019-10-25 17:00:05,61,126,227,190,190,187,3,https://pemilu2019.kpu.go.id/img/c/900/047/900047704/1-11809-03-C1-PPWP-X1.jpg,https://pemilu2019.kpu.go.id/img/c/900/047/900047704/1-11809-03-C1-PPWP-X2.jpg
6728117431180311809900047705,SUMATERA UTARA,KOTA MEDAN,MEDAN BELAWAN,BAGAN DELI,TPS 04,2019-10-25 17:00:05,81,120,296,206,206,201,5,https://pemilu2019.kpu.go.id/img/c/900/047/900047705/1-11809-04-C1-PPWP-X1.jpg,https://pemilu2019.kpu.go.id/img/c/900/047/900047705/1-11809-04-C1-PPWP-X2.jpg
6728117431180311809900047706,SUMATERA UTARA,KOTA MEDAN,MEDAN BELAWAN,BAGAN DELI,TPS 05,2019-10-25 17:00:05,63,145,298,213,213,209,4,https://pemilu2019.kpu.go.id/img/c/900/047/900047706/1-11809-05-C1-PPWP-X1.jpg,https://pemilu2019.kpu.go.id/img/c/900/047/900047706/1-11809-05-C1-PPWP-X2.jpg
6728117431180311809900047707,SUMATERA UTARA,KOTA MEDAN,MEDAN BELAWAN,BAGAN DELI,TPS 06,2019-10-25 17:00:05,90,77,168,271,168,167,1,https://pemilu2019.kpu.go.id/img/c/900/047/900047707/1-11809-06-C-XXX-X5.jpg,https://pemilu2019.kpu.go.id/img/c/900/047/900047707/1-11809-06-C-XXX-X6.jpg
6728117431180311809900047708,SUMATERA UTARA,KOTA MEDAN,MEDAN BELAWAN,BAGAN DELI,TPS 07,2019-10-25 17:00:05,85,83,240,169,169,168,1,https://pemilu2019.kpu.go.id/img/c/900/047/900047708/1-11809-07-C-XXX-X5.jpg,https://pemilu2019.kpu.go.id/img/c/900/047/900047708/1-11809-07-C-XXX-X6.jpg
6728117431180311809900047709,SUMATERA UTARA,KOTA MEDAN,MEDAN BELAWAN,BAGAN DELI,TPS 08,2019-10-25 17:00:05,96,85,236,182,182,181,1,https://pemilu2019.kpu.go.id/img/c/900/047/900047709/1-11809-08-C-XXX-X5.jpg,https://pemilu2019.kpu.go.id/img/c/900/047/900047709/1-11809-08-C-XXX-X6.jpg
6728117431180311809900047710,SUMATERA UTARA,KOTA MEDAN,MEDAN BELAWAN,BAGAN DELI,TPS 09,2019-10-25 17:00:05,58,90,238,152,152,148,4,https://pemilu2019.kpu.go.id/img/c/900/047/900047710/1-11809-09-C-XXX-X5.jpg,https://pemilu2019.kpu.go.id/img/c/900/047/900047710/1-11809-09-C-XXX-X6.jpg
6728117431180311809900047711,SUMATERA UTARA,KOTA MEDAN,MEDAN BELAWAN,BAGAN DELI,TPS 10,2019-10-25 17:00:05,31,122,263,157,157,153,4,https://pemilu2019.kpu.go.id/img/c/900/047/900047711/1-11809-10-C-XXX-X5.jpg,https://pemilu2019.kpu.go.id/img/c/900/047/900047711/1-11809-10-C-XXX-X6.jpg
6728117431180311809900047712,SUMATERA UTARA,KOTA MEDAN,MEDAN BELAWAN,BAGAN DELI,TPS 11,2019-10-25 17:00:05,42,129,238,172,172,171,1,https://pemilu2019.kpu.go.id/img/c/900/047/900047712/1-11809-11-C1-PPWP-X3.jpg,https://pemilu2019.kpu.go.id/img/c/900/047/900047712/1-11809-11-C1-PPWP-X4.jpg
6728117431180311809900047713,SUMATERA UTARA,KOTA MEDAN,MEDAN BELAWAN,BAGAN DELI,TPS 12,2019-10-25 17:00:05,23,167,253,192,192,190,2,https://pemilu2019.kpu.go.id/img/c/900/047/900047713/1-11809-12-C-XXX-X5.jpg,https://pemilu2019.kpu.go.id/img/c/900/047/900047713/1-11809-12-C-XXX-X6.jpg
6728117431180311809900047714,SUMATERA UTARA,KOTA MEDAN,MEDAN BELAWAN,BAGAN DELI,TPS 13,2019-10-25 17:00:05,25,178,284,207,207,203,4,https://pemilu2019.kpu.go.id/img/c/900/047/900047714/1-11809-13-C-XXX-X5.jpg,https://pemilu2019.kpu.go.id/img/c/900/047/900047714/1-11809-13-C-XXX-X6.jpg
6728117431180311809900047715,SUMATERA UTARA,KOTA MEDAN,MEDAN BELAWAN,BAGAN DELI,TPS 14,2019-10-25 17:00:05,24,142,238,169,169,166,3,https://pemilu2019.kpu.go.id/img/c/900/047/900047715/1-11809-14-C-XXX-X5.jpg,https://pemilu2019.kpu.go.id/img/c/900/047/900047715/1-11809-14-C-XXX-X6.jpg
6728117431180311809900047716,SUMATERA UTARA,KOTA MEDAN,MEDAN BELAWAN,BAGAN DELI,TPS 15,2019-10-25 17:00:05,23,155,243,178,178,178,0,https://pemilu2019.kpu.go.id/img/c/900/047/900047716/1-11809-15-C-XXX-X5.jpg,https://pemilu2019.kpu.go.id/img/c/900/047/900047716/1-11809-15-C-XXX-X6.jpg
6728117431180311809900047717,SUMATERA UTARA,KOTA MEDAN,MEDAN BELAWAN,BAGAN DELI,TPS 16,2019-10-25 17:00:05,42,160,275,207,207,202,5,https://pemilu2019.kpu.go.id/img/c/900/047/900047717/1-11809-16-C-XXX-X5.jpg,https://pemilu2019.kpu.go.id/img/c/900/047/900047717/1-11809-16-C-XXX-X6.jpg
6728117431180311809900047718,SUMATERA UTARA,KOTA MEDAN,MEDAN BELAWAN,BAGAN DELI,TPS 17,2019-10-25 17:00:05,52,143,278,201,201,195,6,https://pemilu2019.kpu.go.id/img/c/900/047/900047718/2-11809-17-C1-PPWP-X5.jpg,https://pemilu2019.kpu.go.id/img/c/900/047/900047718/2-11809-17-C1-PPWP-X6.jpg
6728117431180311809900047719,SUMATERA UTARA,KOTA MEDAN,MEDAN BELAWAN,BAGAN DELI,TPS 18,2019-10-25 17:00:05,64,165,291,231,231,229,2,https://pemilu2019.kpu.go.id/img/c/900/047/900047719/1-11809-18-C1-PPWP-X1.jpg,https://pemilu2019.kpu.go.id/img/c/900/047/900047719/1-11809-18-C1-PPWP-X2.jpg
6728117431180311809900047720,SUMATERA UTARA,KOTA MEDAN,MEDAN BELAWAN,BAGAN DELI,TPS 19,2019-10-25 17:00:05,44,155,288,201,201,199,2,https://pemilu2019.kpu.go.id/img/c/900/047/900047720/1-11809-19-C-XXX-X5.jpg,https://pemilu2019.kpu.go.id/img/c/900/047/900047720/1-11809-19-C-XXX-X6.jpg
6728117431180311809900047721,SUMATERA UTARA,KOTA MEDAN,MEDAN BELAWAN,BAGAN DELI,TPS 20,2019-10-25 17:00:05,41,187,309,228,228,228,0,https://pemilu2019.kpu.go.id/img/c/900/047/900047721/1-11809-20-C-XXX-X5.jpg,https://pemilu2019.kpu.go.id/img/c/900/047/900047721/1-11809-20-C-XXX-X6.jpg
6728117431180311809900047722,SUMATERA UTARA,KOTA MEDAN,MEDAN BELAWAN,BAGAN DELI,TPS 21,2019-10-25 17:00:05,34,170,286,211,211,204,7,https://pemilu2019.kpu.go.id/img/c/900/047/900047722/1-11809-21-C-XXX-X5.jpg,https://pemilu2019.kpu.go.id/img/c/900/047/900047722/1-11809-21-C-XXX-X6.jpg
6728117431180311809900047723,SUMATERA UTARA,KOTA MEDAN,MEDAN BELAWAN,BAGAN DELI,TPS 22,2019-10-25 17:00:05,28,189,290,224,224,217,7,https://pemilu2019.kpu.go.id/img/c/900/047/900047723/1-11809-22-C-XXX-X5.jpg,https://pemilu2019.kpu.go.id/img/c/900/047/900047723/1-11809-22-C-XXX-X6.jpg
6728117431180311809900047724,SUMATERA UTARA,KOTA MEDAN,MEDAN BELAWAN,BAGAN DELI,TPS 23,2019-10-25 17:00:05,37,133,230,171,171,170,1,https://pemilu2019.kpu.go.id/img/c/900/047/900047724/1-11809-23-C-XXX-X5.jpg,https://pemilu2019.kpu.go.id/img/c/900/047/900047724/1-11809-23-C-XXX-X6.jpg
6728117431180311809900047725,SUMATERA UTARA,KOTA MEDAN,MEDAN BELAWAN,BAGAN DELI,TPS 24,2019-10-25 17:00:05,79,127,261,207,207,206,1,https://pemilu2019.kpu.go.id/img/c/900/047/900047725/1-11809-24-C-XXX-X5.jpg,https://pemilu2019.kpu.go.id/img/c/900/047/900047725/1-11809-24-C-XXX-X6.jpg
6728117431180311809900047726,SUMATERA UTARA,KOTA MEDAN,MEDAN BELAWAN,BAGAN DELI,TPS 25,2019-10-25 17:00:05,145,47,254,194,196,194,2,https://pemilu2019.kpu.go.id/img/c/900/047/900047726/1-11809-25-C1-PPWP-X1.jpg,https://pemilu2019.kpu.go.id/img/c/900/047/900047726/1-11809-25-C1-PPWP-X2.jpg
6728117431180311809900047727,SUMATERA UTARA,KOTA MEDAN,MEDAN BELAWAN,BAGAN DELI,TPS 26,2019-10-25 17:00:05,116,102,304,219,219,218,1,https://pemilu2019.kpu.go.id/img/c/900/047/900047727/1-11809-26-C-XXX-X5.jpg,https://pemilu2019.kpu.go.id/img/c/900/047/900047727/1-11809-26-C-XXX-X6.jpg
6728117431180311809900047728,SUMATERA UTARA,KOTA MEDAN,MEDAN BELAWAN,BAGAN DELI,TPS 27,2019-10-25 17:00:05,119,96,283,235,217,215,2,https://pemilu2019.kpu.go.id/img/c/900/047/900047728/1-11809-27-C1-PPWP-X1.jpg,https://pemilu2019.kpu.go.id/img/c/900/047/900047728/1-11809-27-C1-PPWP-X2.jpg
6728117431180311809900047729,SUMATERA UTARA,KOTA MEDAN,MEDAN BELAWAN,BAGAN DELI,TPS 28,2019-10-25 17:00:05,127,80,285,210,210,207,3,https://pemilu2019.kpu.go.id/img/c/900/047/900047729/1-11809-28-C-XXX-X5.jpg,https://pemilu2019.kpu.go.id/img/c/900/047/900047729/1-11809-28-C-XXX-X6.jpg
6728117431180311809900047730,SUMATERA UTARA,KOTA MEDAN,MEDAN BELAWAN,BAGAN DELI,TPS 29,2019-10-25 17:00:05,135,53,286,190,120,188,2,https://pemilu2019.kpu.go.id/img/c/900/047/900047730/1-11809-29-C1-PPWP-X7.jpg,https://pemilu2019.kpu.go.id/img/c/900/047/900047730/1-11809-29-C1-PPWP-X8.jpg
6728117431180311809900047731,SUMATERA UTARA,KOTA MEDAN,MEDAN BELAWAN,BAGAN DELI,TPS 30,2019-10-25 17:00:05,144,39,296,185,186,183,3,https://pemilu2019.kpu.go.id/img/c/900/047/900047731/1-11809-30-C-XXX-X5.jpg,https://pemilu2019.kpu.go.id/img/c/900/047/900047731/1-11809-30-C-XXX-X6.jpg
6728117431180311809900047732,SUMATERA UTARA,KOTA MEDAN,MEDAN BELAWAN,BAGAN DELI,TPS 31,2019-10-25 17:00:05,76,59,238,0,137,135,2,https://pemilu2019.kpu.go.id/img/c/900/047/900047732/1-11809-31-C1-PPWP-X1.jpg,https://pemilu2019.kpu.go.id/img/c/900/047/900047732/1-11809-31-C1-PPWP-X2.jpg
6728117431180311809900047733,SUMATERA UTARA,KOTA MEDAN,MEDAN BELAWAN,BAGAN DELI,TPS 32,2019-10-25 17:00:05,47,94,258,143,143,141,2,https://pemilu2019.kpu.go.id/img/c/900/047/900047733/1-11809-32-C-XXX-X5.jpg,https://pemilu2019.kpu.go.id/img/c/900/047/900047733/1-11809-32-C-XXX-X6.jpg
6728117431180311809900047734,SUMATERA UTARA,KOTA MEDAN,MEDAN BELAWAN,BAGAN DELI,TPS 33,2019-10-25 17:00:05,174,2,264,177,177,176,1,https://pemilu2019.kpu.go.id/img/c/900/047/900047734/1-11809-33-C1-PPWP-X1.jpg,https://pemilu2019.kpu.go.id/img/c/900/047/900047734/1-11809-33-C1-PPWP-X2.jpg
6728117431180311809900047735,SUMATERA UTARA,KOTA MEDAN,MEDAN BELAWAN,BAGAN DELI,TPS 34,2019-10-25 17:00:05,176,6,254,182,182,0,182,https://pemilu2019.kpu.go.id/img/c/900/047/900047735/1-11809-34-C1-PPWP-X1.jpg,https://pemilu2019.kpu.go.id/img/c/900/047/900047735/1-11809-34-C1-PPWP-X2.jpg
6728117431180311809900047736,SUMATERA UTARA,KOTA MEDAN,MEDAN BELAWAN,BAGAN DELI,TPS 35,2019-10-25 17:00:05,193,11,260,206,206,204,2,https://pemilu2019.kpu.go.id/img/c/900/047/900047736/1-11809-35-C1-PPWP-X1.jpg,https://pemilu2019.kpu.go.id/img/c/900/047/900047736/1-11809-35-C1-PPWP-X2.jpg
6728117431180311809900047737,SUMATERA UTARA,KOTA MEDAN,MEDAN BELAWAN,BAGAN DELI,TPS 36,2019-10-25 17:00:05,133,62,276,196,197,195,1,https://pemilu2019.kpu.go.id/img/c/900/047/900047737/1-11809-36-C1-PPWP-X1.jpg,https://pemilu2019.kpu.go.id/img/c/900/047/900047737/1-11809-36-C1-PPWP-X2.jpg
6728117431180311809900047738,SUMATERA UTARA,KOTA MEDAN,MEDAN BELAWAN,BAGAN DELI,TPS 37,2019-10-25 17:00:05,31,41,172,73,73,72,1,https://pemilu2019.kpu.go.id/img/c/900/047/900047738/1-11809-37-C-XXX-X5.jpg,https://pemilu2019.kpu.go.id/img/c/900/047/900047738/1-11809-37-C-XXX-X6.jpg
6728117431180311809900047739,SUMATERA UTARA,KOTA MEDAN,MEDAN BELAWAN,BAGAN DELI,TPS 38,2019-10-25 17:00:05,39,99,258,139,138,139,1,https://pemilu2019.kpu.go.id/img/c/900/047/900047739/1-11809-38-C-XXX-X5.jpg,https://pemilu2019.kpu.go.id/img/c/900/047/900047739/1-11809-38-C-XXX-X6.jpg
6728117431180311809900047740,SUMATERA UTARA,KOTA MEDAN,MEDAN BELAWAN,BAGAN DELI,TPS 39,2019-10-25 17:00:05,20,105,261,128,128,125,3,https://pemilu2019.kpu.go.id/img/c/900/047/900047740/3-11809-39-C1-PPWP-X1.jpg,https://pemilu2019.kpu.go.id/img/c/900/047/900047740/3-11809-39-C1-PPWP-X2.jpg
6728117431180311809900047741,SUMATERA UTARA,KOTA MEDAN,MEDAN BELAWAN,BAGAN DELI,TPS 40,2019-10-25 17:00:05,24,129,287,158,158,153,5,https://pemilu2019.kpu.go.id/img/c/900/047/900047741/4-11809-40-C1-PPWP-X1.jpg,https://pemilu2019.kpu.go.id/img/c/900/047/900047741/4-11809-40-C1-PPWP-X2.jpg
6728117431180311809900047742,SUMATERA UTARA,KOTA MEDAN,MEDAN BELAWAN,BAGAN DELI,TPS 41,2019-10-25 17:00:05,110,63,140,74,174,173,1,https://pemilu2019.kpu.go.id/img/c/900/047/900047742/1-11809-41-C1-PPWP-X9.jpg,https://pemilu2019.kpu.go.id/img/c/900/047/900047742/1-11809-41-C1-PPWP-X10.jpg
6728117431180311809900047743,SUMATERA UTARA,KOTA MEDAN,MEDAN BELAWAN,BAGAN DELI,TPS 42,2019-10-25 17:00:05,120,25,303,145,145,145,0,https://pemilu2019.kpu.go.id/img/c/900/047/900047743/1-11809-42-C1-PPWP-X11.jpg,https://pemilu2019.kpu.go.id/img/c/900/047/900047743/1-11809-42-C1-PPWP-X12.jpg
6728117431180311806900047592,SUMATERA UTARA,KOTA MEDAN,MEDAN BELAWAN,BELAWAN BAHAGIA,TPS 01,2019-10-25 17:00:05,51,150,275,201,201,201,0,https://pemilu2019.kpu.go.id/img/c/900/047/900047592/2-11806-01-C1-PPWP-X1.jpg,https://pemilu2019.kpu.go.id/img/c/900/047/900047592/2-11806-01-C1-PPWP-X2.jpg
6728117431180311806900047593,SUMATERA UTARA,KOTA MEDAN,MEDAN BELAWAN,BELAWAN BAHAGIA,TPS 02,2019-10-25 17:00:05,111,90,256,203,203,201,2,https://pemilu2019.kpu.go.id/img/c/900/047/900047593/1-11806-02-C1-PPWP-X1.jpg,https://pemilu2019.kpu.go.id/img/c/900/047/900047593/1-11806-02-C1-PPWP-X2.jpg
6728117431180311806900047594,SUMATERA UTARA,KOTA MEDAN,MEDAN BELAWAN,BELAWAN BAHAGIA,TPS 03,2019-10-25 17:00:05,111,140,323,246,252,251,1,https://pemilu2019.kpu.go.id/img/c/900/047/900047594/1-11806-03-C1-PPWP-X1.jpg,https://pemilu2019.kpu.go.id/img/c/900/047/900047594/1-11806-03-C1-PPWP-X2.jpg
6728117431180311806900047595,SUMATERA UTARA,KOTA MEDAN,MEDAN BELAWAN,BELAWAN BAHAGIA,TPS 04,2019-10-25 17:00:05,131,76,300,207,0,207,0,https://pemilu2019.kpu.go.id/img/c/900/047/900047595/1-11806-04-C1-PPWP-X1.jpg,https://pemilu2019.kpu.go.id/img/c/900/047/900047595/1-11806-04-C1-PPWP-X2.jpg
6728117431180311806900047596,SUMATERA UTARA,KOTA MEDAN,MEDAN BELAWAN,BELAWAN BAHAGIA,TPS 05,2019-10-25 17:00:05,142,53,267,196,196,195,1,https://pemilu2019.kpu.go.id/img/c/900/047/900047596/1-11806-05-C1-PPWP-X1.jpg,https://pemilu2019.kpu.go.id/img/c/900/047/900047596/1-11806-05-C1-PPWP-X2.jpg
6728117431180311806900047597,SUMATERA UTARA,KOTA MEDAN,MEDAN BELAWAN,BELAWAN BAHAGIA,TPS 06,2019-10-25 17:00:05,85,96,232,177,177,176,1,https://pemilu2019.kpu.go.id/img/c/900/047/900047597/2-11806-06-C1-PPWP-X1.jpg,https://pemilu2019.kpu.go.id/img/c/900/047/900047597/2-11806-06-C1-PPWP-X2.jpg
6728117431180311806900047598,SUMATERA UTARA,KOTA MEDAN,MEDAN BELAWAN,BELAWAN BAHAGIA,TPS 07,2019-10-25 17:00:05,90,90,268,181,181,180,1,https://pemilu2019.kpu.go.id/img/c/900/047/900047598/1-11806-07-C1-PPWP-X1.jpg,https://pemilu2019.kpu.go.id/img/c/900/047/900047598/1-11806-07-C1-PPWP-X2.jpg
6728117431180311806900047599,SUMATERA UTARA,KOTA MEDAN,MEDAN BELAWAN,BELAWAN BAHAGIA,TPS 08,2019-10-25 17:00:05,106,52,258,159,160,158,2,https://pemilu2019.kpu.go.id/img/c/900/047/900047599/1-11806-08-C1-PPWP-X1.jpg,https://pemilu2019.kpu.go.id/img/c/900/047/900047599/1-11806-08-C1-PPWP-X2.jpg
6728117431180311806900047600,SUMATERA UTARA,KOTA MEDAN,MEDAN BELAWAN,BELAWAN BAHAGIA,TPS 09,2019-10-25 17:00:05,94,94,241,189,189,188,1,https://pemilu2019.kpu.go.id/img/c/900/047/900047600/1-11806-09-C1-PPWP-X1.jpg,https://pemilu2019.kpu.go.id/img/c/900/047/900047600/1-11806-09-C1-PPWP-X2.jpg
6728117431180311806900047601,SUMATERA UTARA,KOTA MEDAN,MEDAN BELAWAN,BELAWAN BAHAGIA,TPS 10,2019-10-25 17:00:05,77,75,212,152,152,152,0,https://pemilu2019.kpu.go.id/img/c/900/047/900047601/2-11806-10-C1-PPWP-X1.jpg,https://pemilu2019.kpu.go.id/img/c/900/047/900047601/2-11806-10-C1-PPWP-X2.jpg
6728117431180311806900047602,SUMATERA UTARA,KOTA MEDAN,MEDAN BELAWAN,BELAWAN BAHAGIA,TPS 11,2019-10-25 17:00:05,80,142,293,224,224,222,2,https://pemilu2019.kpu.go.id/img/c/900/047/900047602/1-11806-11-C1-PPWP-X1.jpg,https://pemilu2019.kpu.go.id/img/c/900/047/900047602/1-11806-11-C1-PPWP-X2.jpg
6728117431180311806900047603,SUMATERA UTARA,KOTA MEDAN,MEDAN BELAWAN,BELAWAN BAHAGIA,TPS 12,2019-10-25 17:00:05,60,120,292,183,183,180,3,https://pemilu2019.kpu.go.id/img/c/900/047/900047603/1-11806-12-C1-PPWP-X1.jpg,https://pemilu2019.kpu.go.id/img/c/900/047/900047603/1-11806-12-C1-PPWP-X2.jpg
6728117431180311806900047604,SUMATERA UTARA,KOTA MEDAN,MEDAN BELAWAN,BELAWAN BAHAGIA,TPS 13,2019-10-25 17:00:05,99,117,293,217,217,216,1,https://pemilu2019.kpu.go.id/img/c/900/047/900047604/1-11806-13-C1-PPWP-X1.jpg,https://pemilu2019.kpu.go.id/img/c/900/047/900047604/1-11806-13-C1-PPWP-X2.jpg
6728117431180311806900047605,SUMATERA UTARA,KOTA MEDAN,MEDAN BELAWAN,BELAWAN BAHAGIA,TPS 14,2019-10-25 17:00:05,156,75,313,231,231,231,0,https://pemilu2019.kpu.go.id/img/c/900/047/900047605/1-11806-14-C1-PPWP-X1.jpg,https://pemilu2019.kpu.go.id/img/c/900/047/900047605/1-11806-14-C1-PPWP-X2.jpg
6728117431180311806900047606,SUMATERA UTARA,KOTA MEDAN,MEDAN BELAWAN,BELAWAN BAHAGIA,TPS 15,2019-10-25 17:00:05,88,128,295,221,221,216,5,https://pemilu2019.kpu.go.id/img/c/900/047/900047606/1-11806-15-C1-PPWP-X1.jpg,https://pemilu2019.kpu.go.id/img/c/900/047/900047606/1-11806-15-C1-PPWP-X2.jpg
6728117431180311806900047607,SUMATERA UTARA,KOTA MEDAN,MEDAN BELAWAN,BELAWAN BAHAGIA,TPS 16,2019-10-25 17:00:05,113,116,319,230,230,229,1,https://pemilu2019.kpu.go.id/img/c/900/047/900047607/1-11806-16-C1-PPWP-X1.jpg,https://pemilu2019.kpu.go.id/img/c/900/047/900047607/1-11806-16-C1-PPWP-X2.jpg
6728117431180311806900047608,SUMATERA UTARA,KOTA MEDAN,MEDAN BELAWAN,BELAWAN BAHAGIA,TPS 17,2019-10-25 17:00:05,109,52,237,163,163,161,2,https://pemilu2019.kpu.go.id/img/c/900/047/900047608/1-11806-17-C1-PPWP-X1.jpg,https://pemilu2019.kpu.go.id/img/c/900/047/900047608/1-11806-17-C1-PPWP-X2.jpg
6728117431180311806900047609,SUMATERA UTARA,KOTA MEDAN,MEDAN BELAWAN,BELAWAN BAHAGIA,TPS 18,2019-10-25 17:00:05,80,162,306,246,246,242,4,https://pemilu2019.kpu.go.id/img/c/900/047/900047609/1-11806-18-C1-PPWP-X1.jpg,https://pemilu2019.kpu.go.id/img/c/900/047/900047609/1-11806-18-C1-PPWP-X2.jpg
6728117431180311806900047610,SUMATERA UTARA,KOTA MEDAN,MEDAN BELAWAN,BELAWAN BAHAGIA,TPS 19,2019-10-25 17:00:05,89,116,270,209,209,205,4,https://pemilu2019.kpu.go.id/img/c/900/047/900047610/1-11806-19-C1-PPWP-X1.jpg,https://pemilu2019.kpu.go.id/img/c/900/047/900047610/1-11806-19-C1-PPWP-X2.jpg
6728117431180311806900047611,SUMATERA UTARA,KOTA MEDAN,MEDAN BELAWAN,BELAWAN BAHAGIA,TPS 20,2019-10-25 17:00:05,65,108,261,174,174,173,1,https://pemilu2019.kpu.go.id/img/c/900/047/900047611/1-11806-20-C1-PPWP-X1.jpg,https://pemilu2019.kpu.go.id/img/c/900/047/900047611/1-11806-20-C1-PPWP-X2.jpg
6728117431180311806900047612,SUMATERA UTARA,KOTA MEDAN,MEDAN BELAWAN,BELAWAN BAHAGIA,TPS 21,2019-10-25 17:00:05,29,142,251,175,175,171,4,https://pemilu2019.kpu.go.id/img/c/900/047/900047612/1-11806-21-C1-PPWP-X1.jpg,https://pemilu2019.kpu.go.id/img/c/900/047/900047612/1-11806-21-C1-PPWP-X2.jpg
6728117431180311806900047613,SUMATERA UTARA,KOTA MEDAN,MEDAN BELAWAN,BELAWAN BAHAGIA,TPS 22,2019-10-25 17:00:05,45,121,292,167,167,166,1,https://pemilu2019.kpu.go.id/img/c/900/047/900047613/1-11806-22-C1-PPWP-X1.jpg,https://pemilu2019.kpu.go.id/img/c/900/047/900047613/1-11806-22-C1-PPWP-X2.jpg
6728117431180311806900047614,SUMATERA UTARA,KOTA MEDAN,MEDAN BELAWAN,BELAWAN BAHAGIA,TPS 23,2019-10-25 17:00:05,34,126,226,162,162,160,2,https://pemilu2019.kpu.go.id/img/c/900/047/900047614/1-11806-23-C1-PPWP-X1.jpg,https://pemilu2019.kpu.go.id/img/c/900/047/900047614/1-11806-23-C1-PPWP-X2.jpg
6728117431180311806900047615,SUMATERA UTARA,KOTA MEDAN,MEDAN BELAWAN,BELAWAN BAHAGIA,TPS 24,2019-10-25 17:00:05,39,123,233,162,162,162,0,https://pemilu2019.kpu.go.id/img/c/900/047/900047615/2-11806-24-C1-PPWP-X1.jpg,https://pemilu2019.kpu.go.id/img/c/900/047/900047615/2-11806-24-C1-PPWP-X2.jpg
6728117431180311806900047616,SUMATERA UTARA,KOTA MEDAN,MEDAN BELAWAN,BELAWAN BAHAGIA,TPS 25,2019-10-25 17:00:05,54,118,253,173,173,172,1,https://pemilu2019.kpu.go.id/img/c/900/047/900047616/1-11806-25-C1-PPWP-X1.jpg,https://pemilu2019.kpu.go.id/img/c/900/047/900047616/1-11806-25-C1-PPWP-X2.jpg
6728117431180311806900047617,SUMATERA UTARA,KOTA MEDAN,MEDAN BELAWAN,BELAWAN BAHAGIA,TPS 26,2019-10-25 17:00:05,34,154,270,192,192,188,4,https://pemilu2019.kpu.go.id/img/c/900/047/900047617/1-11806-26-C1-PPWP-X1.jpg,https://pemilu2019.kpu.go.id/img/c/900/047/900047617/1-11806-26-C1-PPWP-X2.jpg
6728117431180311806900047618,SUMATERA UTARA,KOTA MEDAN,MEDAN BELAWAN,BELAWAN BAHAGIA,TPS 27,2019-10-25 17:00:05,29,155,278,189,189,184,5,https://pemilu2019.kpu.go.id/img/c/900/047/900047618/1-11806-27-C1-PPWP-X1.jpg,https://pemilu2019.kpu.go.id/img/c/900/047/900047618/1-11806-27-C1-PPWP-X2.jpg
6728117431180311806900047619,SUMATERA UTARA,KOTA MEDAN,MEDAN BELAWAN,BELAWAN BAHAGIA,TPS 28,2019-10-25 17:00:05,40,131,241,173,173,171,2,https://pemilu2019.kpu.go.id/img/c/900/047/900047619/1-11806-28-C1-PPWP-X1.jpg,https://pemilu2019.kpu.go.id/img/c/900/047/900047619/1-11806-28-C1-PPWP-X2.jpg
6728117431180311806900047620,SUMATERA UTARA,KOTA MEDAN,MEDAN BELAWAN,BELAWAN BAHAGIA,TPS 29,2019-10-25 17:00:05,53,130,241,186,186,183,3,https://pemilu2019.kpu.go.id/img/c/900/047/900047620/1-11806-29-C1-PPWP-X1.jpg,https://pemilu2019.kpu.go.id/img/c/900/047/900047620/1-11806-29-C1-PPWP-X2.jpg
6728117431180311806900047621,SUMATERA UTARA,KOTA MEDAN,MEDAN BELAWAN,BELAWAN BAHAGIA,TPS 30,2019-10-25 17:00:05,49,135,236,184,184,184,0,https://pemilu2019.kpu.go.id/img/c/900/047/900047621/1-11806-30-C1-PPWP-X1.jpg,https://pemilu2019.kpu.go.id/img/c/900/047/900047621/1-11806-30-C1-PPWP-X2.jpg
6728117431180311806900047622,SUMATERA UTARA,KOTA MEDAN,MEDAN BELAWAN,BELAWAN BAHAGIA,TPS 31,2019-10-25 17:00:05,106,64,130,176,173,170,3,https://pemilu2019.kpu.go.id/img/c/900/047/900047622/1-11806-31-C1-PPWP-X1.jpg,https://pemilu2019.kpu.go.id/img/c/900/047/900047622/1-11806-31-C1-PPWP-X2.jpg
6728117431180311806900047623,SUMATERA UTARA,KOTA MEDAN,MEDAN BELAWAN,BELAWAN BAHAGIA,TPS 32,2019-10-25 17:00:05,29,127,235,161,161,156,5,https://pemilu2019.kpu.go.id/img/c/900/047/900047623/1-11806-32-C1-PPWP-X1.jpg,https://pemilu2019.kpu.go.id/img/c/900/047/900047623/1-11806-32-C1-PPWP-X2.jpg
6728117431180311806900047624,SUMATERA UTARA,KOTA MEDAN,MEDAN BELAWAN,BELAWAN BAHAGIA,TPS 33,2019-10-25 17:00:05,53,147,315,202,202,200,2,https://pemilu2019.kpu.go.id/img/c/900/047/900047624/1-11806-33-C1-PPWP-X1.jpg,https://pemilu2019.kpu.go.id/img/c/900/047/900047624/1-11806-33-C1-PPWP-X2.jpg
6728117431180311807900047625,SUMATERA UTARA,KOTA MEDAN,MEDAN BELAWAN,BELAWAN BAHARI,TPS 01,2019-10-25 17:00:05,32,166,302,199,199,198,1,https://pemilu2019.kpu.go.id/img/c/900/047/900047625/1-11807-01-C-XXX-X5.jpg,https://pemilu2019.kpu.go.id/img/c/900/047/900047625/1-11807-01-C-XXX-X6.jpg
6728117431180311807900047626,SUMATERA UTARA,KOTA MEDAN,MEDAN BELAWAN,BELAWAN BAHARI,TPS 02,2019-10-25 17:00:05,26,139,247,170,170,165,5,https://pemilu2019.kpu.go.id/img/c/900/047/900047626/2-11807-02-C-XXX-X5.jpg,https://pemilu2019.kpu.go.id/img/c/900/047/900047626/2-11807-02-C-XXX-X6.jpg
6728117431180311807900047627,SUMATERA UTARA,KOTA MEDAN,MEDAN BELAWAN,BELAWAN BAHARI,TPS 03,2019-10-25 17:00:05,41,94,219,135,135,135,0,https://pemilu2019.kpu.go.id/img/c/900/047/900047627/1-11807-03-C-XXX-X5.jpg,https://pemilu2019.kpu.go.id/img/c/900/047/900047627/1-11807-03-C-XXX-X6.jpg
6728117431180311807900047628,SUMATERA UTARA,KOTA MEDAN,MEDAN BELAWAN,BELAWAN BAHARI,TPS 04,2019-10-25 17:00:05,121,20,266,142,142,141,1,https://pemilu2019.kpu.go.id/img/c/900/047/900047628/1-11807-04-C-XXX-X5.jpg,https://pemilu2019.kpu.go.id/img/c/900/047/900047628/1-11807-04-C-XXX-X6.jpg
6728117431180311807900047629,SUMATERA UTARA,KOTA MEDAN,MEDAN BELAWAN,BELAWAN BAHARI,TPS 05,2019-10-25 17:00:05,130,8,280,140,140,138,2,https://pemilu2019.kpu.go.id/img/c/900/047/900047629/1-11807-05-C-XXX-X5.jpg,https://pemilu2019.kpu.go.id/img/c/900/047/900047629/1-11807-05-C-XXX-X6.jpg
6728117431180311807900047630,SUMATERA UTARA,KOTA MEDAN,MEDAN BELAWAN,BELAWAN BAHARI,TPS 06,2019-10-25 17:00:05,183,7,254,191,191,190,1,https://pemilu2019.kpu.go.id/img/c/900/047/900047630/2-11807-06-C1-PPWP-X1.jpg,https://pemilu2019.kpu.go.id/img/c/900/047/900047630/2-11807-06-C1-PPWP-X2.jpg
6728117431180311807900047631,SUMATERA UTARA,KOTA MEDAN,MEDAN BELAWAN,BELAWAN BAHARI,TPS 07,2019-10-25 17:00:05,159,3,257,162,162,162,0,https://pemilu2019.kpu.go.id/img/c/900/047/900047631/1-11807-07-C-XXX-X5.jpg,https://pemilu2019.kpu.go.id/img/c/900/047/900047631/1-11807-07-C-XXX-X6.jpg
6728117431180311807900047632,SUMATERA UTARA,KOTA MEDAN,MEDAN BELAWAN,BELAWAN BAHARI,TPS 08,2019-10-25 17:00:05,171,86,248,179,179,177,2,https://pemilu2019.kpu.go.id/img/c/900/047/900047632/1-11807-08-C-XXX-X5.jpg,https://pemilu2019.kpu.go.id/img/c/900/047/900047632/1-11807-08-C-XXX-X6.jpg
6728117431180311807900047633,SUMATERA UTARA,KOTA MEDAN,MEDAN BELAWAN,BELAWAN BAHARI,TPS 09,2019-10-25 17:00:05,142,3,223,145,219,145,74,https://pemilu2019.kpu.go.id/img/c/900/047/900047633/1-11807-09-C-XXX-X5.jpg,https://pemilu2019.kpu.go.id/img/c/900/047/900047633/1-11807-09-C-XXX-X6.jpg
6728117431180311807900047634,SUMATERA UTARA,KOTA MEDAN,MEDAN BELAWAN,BELAWAN BAHARI,TPS 10,2019-10-25 17:00:05,73,101,264,178,178,174,4,https://pemilu2019.kpu.go.id/img/c/900/047/900047634/1-11807-10-C-XXX-X5.jpg,https://pemilu2019.kpu.go.id/img/c/900/047/900047634/1-11807-10-C-XXX-X6.jpg
6728117431180311807900047635,SUMATERA UTARA,KOTA MEDAN,MEDAN BELAWAN,BELAWAN BAHARI,TPS 11,2019-10-25 17:00:05,72,73,227,147,147,145,2,https://pemilu2019.kpu.go.id/img/c/900/047/900047635/1-11807-11-C-XXX-X5.jpg,https://pemilu2019.kpu.go.id/img/c/900/047/900047635/1-11807-11-C-XXX-X6.jpg
6728117431180311807900047636,SUMATERA UTARA,KOTA MEDAN,MEDAN BELAWAN,BELAWAN BAHARI,TPS 12,2019-10-25 17:00:05,64,92,192,168,168,156,12,https://pemilu2019.kpu.go.id/img/c/900/047/900047636/1-11807-12-C-XXX-X5.jpg,https://pemilu2019.kpu.go.id/img/c/900/047/900047636/1-11807-12-C-XXX-X6.jpg
6728117431180311807900047637,SUMATERA UTARA,KOTA MEDAN,MEDAN BELAWAN,BELAWAN BAHARI,TPS 13,2019-10-25 17:00:05,88,58,362,147,147,146,1,https://pemilu2019.kpu.go.id/img/c/900/047/900047637/1-11807-13-C-XXX-X5.jpg,https://pemilu2019.kpu.go.id/img/c/900/047/900047637/1-11807-13-C-XXX-X6.jpg
6728117431180311807900047638,SUMATERA UTARA,KOTA MEDAN,MEDAN BELAWAN,BELAWAN BAHARI,TPS 14,2019-10-25 17:00:05,119,68,279,188,188,187,1,https://pemilu2019.kpu.go.id/img/c/900/047/900047638/1-11807-14-C1-PPWP-X1.jpg,https://pemilu2019.kpu.go.id/img/c/900/047/900047638/1-11807-14-C1-PPWP-X2.jpg
6728117431180311807900047639,SUMATERA UTARA,KOTA MEDAN,MEDAN BELAWAN,BELAWAN BAHARI,TPS 15,2019-10-25 17:00:05,120,60,268,182,182,180,2,https://pemilu2019.kpu.go.id/img/c/900/047/900047639/1-11807-15-C-XXX-X5.jpg,https://pemilu2019.kpu.go.id/img/c/900/047/900047639/1-11807-15-C-XXX-X6.jpg
6728117431180311807900047640,SUMATERA UTARA,KOTA MEDAN,MEDAN BELAWAN,BELAWAN BAHARI,TPS 16,2019-10-25 17:00:05,105,75,293,181,181,180,1,https://pemilu2019.kpu.go.id/img/c/900/047/900047640/1-11807-16-C1-PPWP-X1.jpg,https://pemilu2019.kpu.go.id/img/c/900/047/900047640/1-11807-16-C1-PPWP-X2.jpg
6728117431180311807900047641,SUMATERA UTARA,KOTA MEDAN,MEDAN BELAWAN,BELAWAN BAHARI,TPS 17,2019-10-25 17:00:05,58,121,306,184,184,179,5,https://pemilu2019.kpu.go.id/img/c/900/047/900047641/1-11807-17-C-XXX-X5.jpg,https://pemilu2019.kpu.go.id/img/c/900/047/900047641/1-11807-17-C-XXX-X6.jpg
6728117431180311807900047642,SUMATERA UTARA,KOTA MEDAN,MEDAN BELAWAN,BELAWAN BAHARI,TPS 18,2019-10-25 17:00:05,55,113,308,175,175,168,7,https://pemilu2019.kpu.go.id/img/c/900/047/900047642/1-11807-18-C-XXX-X5.jpg,https://pemilu2019.kpu.go.id/img/c/900/047/900047642/1-11807-18-C-XXX-X6.jpg
6728117431180311807900047643,SUMATERA UTARA,KOTA MEDAN,MEDAN BELAWAN,BELAWAN BAHARI,TPS 19,2019-10-25 17:00:05,47,132,316,184,184,179,5,https://pemilu2019.kpu.go.id/img/c/900/047/900047643/1-11807-19-C-XXX-X5.jpg,https://pemilu2019.kpu.go.id/img/c/900/047/900047643/1-11807-19-C-XXX-X6.jpg
6728117431180311807900047644,SUMATERA UTARA,KOTA MEDAN,MEDAN BELAWAN,BELAWAN BAHARI,TPS 20,2019-10-25 17:00:05,55,105,296,164,164,160,4,https://pemilu2019.kpu.go.id/img/c/900/047/900047644/1-11807-20-C-XXX-X5.jpg,https://pemilu2019.kpu.go.id/img/c/900/047/900047644/1-11807-20-C-XXX-X6.jpg
6728117431180311807900047645,SUMATERA UTARA,KOTA MEDAN,MEDAN BELAWAN,BELAWAN BAHARI,TPS 21,2019-10-25 17:00:05,48,96,302,146,146,144,2,https://pemilu2019.kpu.go.id/img/c/900/047/900047645/1-11807-21-C1-PPWP-X1.jpg,https://pemilu2019.kpu.go.id/img/c/900/047/900047645/1-11807-21-C1-PPWP-X2.jpg
6728117431180311807900047646,SUMATERA UTARA,KOTA MEDAN,MEDAN BELAWAN,BELAWAN BAHARI,TPS 22,2019-10-25 17:00:05,132,50,290,185,185,3,182,https://pemilu2019.kpu.go.id/img/c/900/047/900047646/1-11807-22-C-XXX-X5.jpg,https://pemilu2019.kpu.go.id/img/c/900/047/900047646/1-11807-22-C-XXX-X6.jpg
6728117431180311807900047647,SUMATERA UTARA,KOTA MEDAN,MEDAN BELAWAN,BELAWAN BAHARI,TPS 23,2019-10-25 17:00:05,122,45,291,167,167,167,0,https://pemilu2019.kpu.go.id/img/c/900/047/900047647/1-11807-23-C1-PPWP-X1.jpg,https://pemilu2019.kpu.go.id/img/c/900/047/900047647/1-11807-23-C1-PPWP-X2.jpg
6728117431180311807900047648,SUMATERA UTARA,KOTA MEDAN,MEDAN BELAWAN,BELAWAN BAHARI,TPS 24,2019-10-25 17:00:05,205,22,271,228,228,227,1,https://pemilu2019.kpu.go.id/img/c/900/047/900047648/1-11807-24-C-XXX-X5.jpg,https://pemilu2019.kpu.go.id/img/c/900/047/900047648/1-11807-24-C-XXX-X6.jpg
6728117431180311807900047649,SUMATERA UTARA,KOTA MEDAN,MEDAN BELAWAN,BELAWAN BAHARI,TPS 25,2019-10-25 17:00:05,134,18,251,153,153,152,1,https://pemilu2019.kpu.go.id/img/c/900/047/900047649/1-11807-25-C-XXX-X5.jpg,https://pemilu2019.kpu.go.id/img/c/900/047/900047649/1-11807-25-C-XXX-X6.jpg
6728117431180311807900047650,SUMATERA UTARA,KOTA MEDAN,MEDAN BELAWAN,BELAWAN BAHARI,TPS 26,2019-10-25 17:00:05,72,89,201,164,164,161,3,https://pemilu2019.kpu.go.id/img/c/900/047/900047650/1-11807-26-C-XXX-X5.jpg,https://pemilu2019.kpu.go.id/img/c/900/047/900047650/1-11807-26-C-XXX-X6.jpg
6728117431180311807900047651,SUMATERA UTARA,KOTA MEDAN,MEDAN BELAWAN,BELAWAN BAHARI,TPS 27,2019-10-25 17:00:05,80,87,202,168,167,167,0,https://pemilu2019.kpu.go.id/img/c/900/047/900047651/1-11807-27-C-XXX-X5.jpg,https://pemilu2019.kpu.go.id/img/c/900/047/900047651/1-11807-27-C-XXX-X6.jpg
6728117431180311807900047652,SUMATERA UTARA,KOTA MEDAN,MEDAN BELAWAN,BELAWAN BAHARI,TPS 28,2019-10-25 17:00:05,69,70,235,141,141,139,2,https://pemilu2019.kpu.go.id/img/c/900/047/900047652/1-11807-28-C-XXX-X5.jpg,https://pemilu2019.kpu.go.id/img/c/900/047/900047652/1-11807-28-C-XXX-X6.jpg
6728117431180311807900047653,SUMATERA UTARA,KOTA MEDAN,MEDAN BELAWAN,BELAWAN BAHARI,TPS 29,2019-10-25 17:00:05,80,107,264,188,188,187,1,https://pemilu2019.kpu.go.id/img/c/900/047/900047653/2-11807-29-C1-PPWP-X1.jpg,https://pemilu2019.kpu.go.id/img/c/900/047/900047653/2-11807-29-C1-PPWP-X2.jpg
6728117431180311807900047654,SUMATERA UTARA,KOTA MEDAN,MEDAN BELAWAN,BELAWAN BAHARI,TPS 30,2019-10-25 17:00:05,73,99,172,172,172,172,0,https://pemilu2019.kpu.go.id/img/c/900/047/900047654/1-11807-30-C-XXX-X5.jpg,https://pemilu2019.kpu.go.id/img/c/900/047/900047654/1-11807-30-C-XXX-X6.jpg
6728117431180311807900047655,SUMATERA UTARA,KOTA MEDAN,MEDAN BELAWAN,BELAWAN BAHARI,TPS 31,2019-10-25 17:00:05,92,79,255,175,175,171,4,https://pemilu2019.kpu.go.id/img/c/900/047/900047655/1-11807-31-C-XXX-X5.jpg,https://pemilu2019.kpu.go.id/img/c/900/047/900047655/1-11807-31-C-XXX-X6.jpg
6728117431180311807900047656,SUMATERA UTARA,KOTA MEDAN,MEDAN BELAWAN,BELAWAN BAHARI,TPS 32,2019-10-25 17:00:05,68,47,262,118,118,115,3,https://pemilu2019.kpu.go.id/img/c/900/047/900047656/1-11807-32-C-XXX-X5.jpg,https://pemilu2019.kpu.go.id/img/c/900/047/900047656/1-11807-32-C-XXX-X6.jpg
6728117431180311807900047657,SUMATERA UTARA,KOTA MEDAN,MEDAN BELAWAN,BELAWAN BAHARI,TPS 33,2019-10-25 17:00:05,183,5,254,188,188,188,0,https://pemilu2019.kpu.go.id/img/c/900/047/900047657/2-11807-33-C-XXX-X5.jpg,https://pemilu2019.kpu.go.id/img/c/900/047/900047657/2-11807-33-C-XXX-X6.jpg
6728117431180311807900047658,SUMATERA UTARA,KOTA MEDAN,MEDAN BELAWAN,BELAWAN BAHARI,TPS 34,2019-10-25 17:00:05,173,4,258,177,177,177,0,https://pemilu2019.kpu.go.id/img/c/900/047/900047658/1-11807-34-C-XXX-X5.jpg,https://pemilu2019.kpu.go.id/img/c/900/047/900047658/1-11807-34-C-XXX-X6.jpg
6728117431180311807900047659,SUMATERA UTARA,KOTA MEDAN,MEDAN BELAWAN,BELAWAN BAHARI,TPS 35,2019-10-25 17:00:05,142,3,246,146,146,145,1,https://pemilu2019.kpu.go.id/img/c/900/047/900047659/1-11807-35-C1-PPWP-X1.jpg,https://pemilu2019.kpu.go.id/img/c/900/047/900047659/1-11807-35-C1-PPWP-X2.jpg
6728117431180311804900047468,SUMATERA UTARA,KOTA MEDAN,MEDAN BELAWAN,BELAWAN I,TPS 01,2019-10-25 17:00:05,97,30,262,130,130,127,3,https://pemilu2019.kpu.go.id/img/c/900/047/900047468/3-11804-01-C-XXX-X5.jpg,https://pemilu2019.kpu.go.id/img/c/900/047/900047468/3-11804-01-C-XXX-X6.jpg
6728117431180311804900047469,SUMATERA UTARA,KOTA MEDAN,MEDAN BELAWAN,BELAWAN I,TPS 02,2019-10-25 17:00:05,93,21,240,114,114,114,0,https://pemilu2019.kpu.go.id/img/c/900/047/900047469/1-11804-02-C-XXX-X5.jpg,https://pemilu2019.kpu.go.id/img/c/900/047/900047469/1-11804-02-C-XXX-X6.jpg
6728117431180311804900047470,SUMATERA UTARA,KOTA MEDAN,MEDAN BELAWAN,BELAWAN I,TPS 03,2019-10-25 17:00:05,86,88,278,177,177,174,3,https://pemilu2019.kpu.go.id/img/c/900/047/900047470/1-11804-03-C1-PPWP-X1.jpg,https://pemilu2019.kpu.go.id/img/c/900/047/900047470/1-11804-03-C1-PPWP-X2.jpg
6728117431180311804900047471,SUMATERA UTARA,KOTA MEDAN,MEDAN BELAWAN,BELAWAN I,TPS 04,2019-10-25 17:00:05,57,102,263,160,160,159,1,https://pemilu2019.kpu.go.id/img/c/900/047/900047471/1-11804-04-C-XXX-X5.jpg,https://pemilu2019.kpu.go.id/img/c/900/047/900047471/1-11804-04-C-XXX-X6.jpg
6728117431180311804900047472,SUMATERA UTARA,KOTA MEDAN,MEDAN BELAWAN,BELAWAN I,TPS 05,2019-10-25 17:00:05,90,25,253,115,115,115,0,https://pemilu2019.kpu.go.id/img/c/900/047/900047472/3-11804-05-C-XXX-X5.jpg,https://pemilu2019.kpu.go.id/img/c/900/047/900047472/3-11804-05-C-XXX-X6.jpg
6728117431180311804900047473,SUMATERA UTARA,KOTA MEDAN,MEDAN BELAWAN,BELAWAN I,TPS 06,2019-10-25 17:00:05,69,31,285,102,102,100,2,https://pemilu2019.kpu.go.id/img/c/900/047/900047473/1-11804-06-C-XXX-X5.jpg,https://pemilu2019.kpu.go.id/img/c/900/047/900047473/1-11804-06-C-XXX-X6.jpg
6728117431180311804900047474,SUMATERA UTARA,KOTA MEDAN,MEDAN BELAWAN,BELAWAN I,TPS 07,2019-10-25 17:00:05,90,122,293,214,214,212,2,https://pemilu2019.kpu.go.id/img/c/900/047/900047474/1-11804-07-C1-PPWP-X1.jpg,https://pemilu2019.kpu.go.id/img/c/900/047/900047474/1-11804-07-C1-PPWP-X2.jpg
6728117431180311804900047475,SUMATERA UTARA,KOTA MEDAN,MEDAN BELAWAN,BELAWAN I,TPS 08,2019-10-25 17:00:05,64,98,289,169,169,162,7,https://pemilu2019.kpu.go.id/img/c/900/047/900047475/1-11804-08-C-XXX-X5.jpg,https://pemilu2019.kpu.go.id/img/c/900/047/900047475/1-11804-08-C-XXX-X6.jpg
6728117431180311804900047476,SUMATERA UTARA,KOTA MEDAN,MEDAN BELAWAN,BELAWAN I,TPS 09,2019-10-25 17:00:05,47,53,227,101,101,100,1,https://pemilu2019.kpu.go.id/img/c/900/047/900047476/1-11804-09-C-XXX-X5.jpg,https://pemilu2019.kpu.go.id/img/c/900/047/900047476/1-11804-09-C-XXX-X6.jpg
6728117431180311804900047477,SUMATERA UTARA,KOTA MEDAN,MEDAN BELAWAN,BELAWAN I,TPS 10,2019-10-25 17:00:05,69,118,265,191,191,187,4,https://pemilu2019.kpu.go.id/img/c/900/047/900047477/1-11804-10-C1-PPWP-X3.jpg,https://pemilu2019.kpu.go.id/img/c/900/047/900047477/1-11804-10-C1-PPWP-X4.jpg
6728117431180311804900047478,SUMATERA UTARA,KOTA MEDAN,MEDAN BELAWAN,BELAWAN I,TPS 11,2019-10-25 17:00:05,66,104,253,173,172,170,2,https://pemilu2019.kpu.go.id/img/c/900/047/900047478/1-11804-11-C-XXX-X5.jpg,https://pemilu2019.kpu.go.id/img/c/900/047/900047478/1-11804-11-C-XXX-X6.jpg
6728117431180311804900047479,SUMATERA UTARA,KOTA MEDAN,MEDAN BELAWAN,BELAWAN I,TPS 12,2019-10-25 17:00:05,72,113,288,186,186,185,1,https://pemilu2019.kpu.go.id/img/c/900/047/900047479/1-11804-12-C-XXX-X5.jpg,https://pemilu2019.kpu.go.id/img/c/900/047/900047479/1-11804-12-C-XXX-X6.jpg
6728117431180311804900047480,SUMATERA UTARA,KOTA MEDAN,MEDAN BELAWAN,BELAWAN I,TPS 13,2019-10-25 17:00:05,80,86,265,170,170,166,4,https://pemilu2019.kpu.go.id/img/c/900/047/900047480/1-11804-13-C-XXX-X5.jpg,https://pemilu2019.kpu.go.id/img/c/900/047/900047480/1-11804-13-C-XXX-X6.jpg
6728117431180311804900047481,SUMATERA UTARA,KOTA MEDAN,MEDAN BELAWAN,BELAWAN I,TPS 14,2019-10-25 17:00:05,63,131,281,198,198,194,4,https://pemilu2019.kpu.go.id/img/c/900/047/900047481/1-11804-14-C-XXX-X5.jpg,https://pemilu2019.kpu.go.id/img/c/900/047/900047481/1-11804-14-C-XXX-X6.jpg
6728117431180311804900047482,SUMATERA UTARA,KOTA MEDAN,MEDAN BELAWAN,BELAWAN I,TPS 15,2019-10-25 17:00:05,62,133,298,201,201,195,6,https://pemilu2019.kpu.go.id/img/c/900/047/900047482/1-11804-15-C-XXX-X5.jpg,https://pemilu2019.kpu.go.id/img/c/900/047/900047482/1-11804-15-C-XXX-X6.jpg
6728117431180311804900047483,SUMATERA UTARA,KOTA MEDAN,MEDAN BELAWAN,BELAWAN I,TPS 16,2019-10-25 17:00:05,85,118,300,204,204,203,1,https://pemilu2019.kpu.go.id/img/c/900/047/900047483/1-11804-16-C-XXX-X5.jpg,https://pemilu2019.kpu.go.id/img/c/900/047/900047483/1-11804-16-C-XXX-X6.jpg
6728117431180311804900047484,SUMATERA UTARA,KOTA MEDAN,MEDAN BELAWAN,BELAWAN I,TPS 17,2019-10-25 17:00:05,83,140,307,228,228,223,5,https://pemilu2019.kpu.go.id/img/c/900/047/900047484/1-11804-17-C-XXX-X5.jpg,https://pemilu2019.kpu.go.id/img/c/900/047/900047484/1-11804-17-C-XXX-X6.jpg
6728117431180311804900047485,SUMATERA UTARA,KOTA MEDAN,MEDAN BELAWAN,BELAWAN I,TPS 18,2019-10-25 17:00:05,108,126,295,238,238,234,4,https://pemilu2019.kpu.go.id/img/c/900/047/900047485/1-11804-18-C-XXX-X5.jpg,https://pemilu2019.kpu.go.id/img/c/900/047/900047485/1-11804-18-C-XXX-X6.jpg
6728117431180311804900047486,SUMATERA UTARA,KOTA MEDAN,MEDAN BELAWAN,BELAWAN I,TPS 19,2019-10-25 17:00:05,93,104,302,207,207,197,10,https://pemilu2019.kpu.go.id/img/c/900/047/900047486/1-11804-19-C-XXX-X5.jpg,https://pemilu2019.kpu.go.id/img/c/900/047/900047486/1-11804-19-C-XXX-X6.jpg
6728117431180311804900047487,SUMATERA UTARA,KOTA MEDAN,MEDAN BELAWAN,BELAWAN I,TPS 20,2019-10-25 17:00:05,68,100,251,171,171,168,3,https://pemilu2019.kpu.go.id/img/c/900/047/900047487/1-11804-20-C-XXX-X5.jpg,https://pemilu2019.kpu.go.id/img/c/900/047/900047487/1-11804-20-C-XXX-X6.jpg
6728117431180311804900047488,SUMATERA UTARA,KOTA MEDAN,MEDAN BELAWAN,BELAWAN I,TPS 21,2019-10-25 17:00:05,76,111,302,192,192,187,5,https://pemilu2019.kpu.go.id/img/c/900/047/900047488/1-11804-21-C1-PPWP-X1.jpg,https://pemilu2019.kpu.go.id/img/c/900/047/900047488/1-11804-21-C1-PPWP-X2.jpg
6728117431180311804900047489,SUMATERA UTARA,KOTA MEDAN,MEDAN BELAWAN,BELAWAN I,TPS 22,2019-10-25 17:00:05,99,123,316,225,225,222,3,https://pemilu2019.kpu.go.id/img/c/900/047/900047489/1-11804-22-C-XXX-X5.jpg,https://pemilu2019.kpu.go.id/img/c/900/047/900047489/1-11804-22-C-XXX-X6.jpg
6728117431180311804900047490,SUMATERA UTARA,KOTA MEDAN,MEDAN BELAWAN,BELAWAN I,TPS 23,2019-10-25 17:00:05,80,110,295,194,194,190,4,https://pemilu2019.kpu.go.id/img/c/900/047/900047490/1-11804-23-C-XXX-X5.jpg,https://pemilu2019.kpu.go.id/img/c/900/047/900047490/1-11804-23-C-XXX-X6.jpg
6728117431180311804900047491,SUMATERA UTARA,KOTA MEDAN,MEDAN BELAWAN,BELAWAN I,TPS 24,2019-10-25 17:00:05,51,75,303,228,228,226,2,https://pemilu2019.kpu.go.id/img/c/900/047/900047491/1-11804-24-C-XXX-X5.jpg,https://pemilu2019.kpu.go.id/img/c/900/047/900047491/1-11804-24-C-XXX-X6.jpg
6728117431180311804900047492,SUMATERA UTARA,KOTA MEDAN,MEDAN BELAWAN,BELAWAN I,TPS 25,2019-10-25 17:00:05,73,121,276,197,197,194,3,https://pemilu2019.kpu.go.id/img/c/900/047/900047492/1-11804-25-C-XXX-X5.jpg,https://pemilu2019.kpu.go.id/img/c/900/047/900047492/1-11804-25-C-XXX-X6.jpg
6728117431180311804900047493,SUMATERA UTARA,KOTA MEDAN,MEDAN BELAWAN,BELAWAN I,TPS 26,2019-10-25 17:00:05,41,164,280,206,206,205,1,https://pemilu2019.kpu.go.id/img/c/900/047/900047493/3-11804-26-C1-PPWP-X1.jpg,https://pemilu2019.kpu.go.id/img/c/900/047/900047493/3-11804-26-C1-PPWP-X2.jpg
6728117431180311804900047494,SUMATERA UTARA,KOTA MEDAN,MEDAN BELAWAN,BELAWAN I,TPS 27,2019-10-25 17:00:05,49,152,272,202,202,201,1,https://pemilu2019.kpu.go.id/img/c/900/047/900047494/1-11804-27-C-XXX-X5.jpg,https://pemilu2019.kpu.go.id/img/c/900/047/900047494/1-11804-27-C-XXX-X6.jpg
6728117431180311804900047495,SUMATERA UTARA,KOTA MEDAN,MEDAN BELAWAN,BELAWAN I,TPS 28,2019-10-25 17:00:05,61,145,287,208,208,206,2,https://pemilu2019.kpu.go.id/img/c/900/047/900047495/1-11804-28-C1-PPWP-X1.jpg,https://pemilu2019.kpu.go.id/img/c/900/047/900047495/1-11804-28-C1-PPWP-X2.jpg
6728117431180311804900047496,SUMATERA UTARA,KOTA MEDAN,MEDAN BELAWAN,BELAWAN I,TPS 29,2019-10-25 17:00:05,38,166,303,210,210,204,6,https://pemilu2019.kpu.go.id/img/c/900/047/900047496/1-11804-29-C1-PPWP-X1.jpg,https://pemilu2019.kpu.go.id/img/c/900/047/900047496/1-11804-29-C1-PPWP-X2.jpg
6728117431180311804900047497,SUMATERA UTARA,KOTA MEDAN,MEDAN BELAWAN,BELAWAN I,TPS 30,2019-10-25 17:00:05,75,160,294,237,237,235,2,https://pemilu2019.kpu.go.id/img/c/900/047/900047497/1-11804-30-C-XXX-X5.jpg,https://pemilu2019.kpu.go.id/img/c/900/047/900047497/1-11804-30-C-XXX-X6.jpg
6728117431180311804900047498,SUMATERA UTARA,KOTA MEDAN,MEDAN BELAWAN,BELAWAN I,TPS 31,2019-10-25 17:00:05,70,90,276,161,161,160,1,https://pemilu2019.kpu.go.id/img/c/900/047/900047498/1-11804-31-C1-PPWP-X1.jpg,https://pemilu2019.kpu.go.id/img/c/900/047/900047498/1-11804-31-C1-PPWP-X2.jpg
6728117431180311804900047499,SUMATERA UTARA,KOTA MEDAN,MEDAN BELAWAN,BELAWAN I,TPS 32,2019-10-25 17:00:05,60,160,280,222,222,220,2,https://pemilu2019.kpu.go.id/img/c/900/047/900047499/1-11804-32-C1-PPWP-X1.jpg,https://pemilu2019.kpu.go.id/img/c/900/047/900047499/1-11804-32-C1-PPWP-X2.jpg
6728117431180311804900047500,SUMATERA UTARA,KOTA MEDAN,MEDAN BELAWAN,BELAWAN I,TPS 33,2019-10-25 17:00:05,54,180,308,238,238,234,4,https://pemilu2019.kpu.go.id/img/c/900/047/900047500/1-11804-33-C-XXX-X5.jpg,https://pemilu2019.kpu.go.id/img/c/900/047/900047500/1-11804-33-C-XXX-X6.jpg
6728117431180311804900047501,SUMATERA UTARA,KOTA MEDAN,MEDAN BELAWAN,BELAWAN I,TPS 34,2019-10-25 17:00:05,22,184,299,206,206,206,0,https://pemilu2019.kpu.go.id/img/c/900/047/900047501/1-11804-34-C-XXX-X5.jpg,https://pemilu2019.kpu.go.id/img/c/900/047/900047501/1-11804-34-C-XXX-X6.jpg
6728117431180311804900047502,SUMATERA UTARA,KOTA MEDAN,MEDAN BELAWAN,BELAWAN I,TPS 35,2019-10-25 17:00:05,67,133,300,202,202,200,2,https://pemilu2019.kpu.go.id/img/c/900/047/900047502/1-11804-35-C-XXX-X5.jpg,https://pemilu2019.kpu.go.id/img/c/900/047/900047502/1-11804-35-C-XXX-X6.jpg
6728117431180311804900047503,SUMATERA UTARA,KOTA MEDAN,MEDAN BELAWAN,BELAWAN I,TPS 36,2019-10-25 17:00:05,54,119,286,175,175,173,2,https://pemilu2019.kpu.go.id/img/c/900/047/900047503/1-11804-36-C1-PPWP-X1.jpg,https://pemilu2019.kpu.go.id/img/c/900/047/900047503/1-11804-36-C1-PPWP-X2.jpg
6728117431180311804900047504,SUMATERA UTARA,KOTA MEDAN,MEDAN BELAWAN,BELAWAN I,TPS 37,2019-10-25 17:00:05,23,183,276,211,211,206,5,https://pemilu2019.kpu.go.id/img/c/900/047/900047504/1-11804-37-C-XXX-X5.jpg,https://pemilu2019.kpu.go.id/img/c/900/047/900047504/1-11804-37-C-XXX-X6.jpg
6728117431180311804900047505,SUMATERA UTARA,KOTA MEDAN,MEDAN BELAWAN,BELAWAN I,TPS 38,2019-10-25 17:00:05,24,175,291,201,201,199,2,https://pemilu2019.kpu.go.id/img/c/900/047/900047505/1-11804-38-C-XXX-X5.jpg,https://pemilu2019.kpu.go.id/img/c/900/047/900047505/1-11804-38-C-XXX-X6.jpg
6728117431180311804900047506,SUMATERA UTARA,KOTA MEDAN,MEDAN BELAWAN,BELAWAN I,TPS 39,2019-10-25 17:00:05,30,156,254,92,192,186,6,https://pemilu2019.kpu.go.id/img/c/900/047/900047506/1-11804-39-C-XXX-X5.jpg,https://pemilu2019.kpu.go.id/img/c/900/047/900047506/1-11804-39-C-XXX-X6.jpg
6728117431180311804900047507,SUMATERA UTARA,KOTA MEDAN,MEDAN BELAWAN,BELAWAN I,TPS 40,2019-10-25 17:00:05,49,154,271,204,204,203,1,https://pemilu2019.kpu.go.id/img/c/900/047/900047507/1-11804-40-C1-PPWP-X5.jpg,https://pemilu2019.kpu.go.id/img/c/900/047/900047507/1-11804-40-C1-PPWP-X6.jpg
6728117431180311804900047508,SUMATERA UTARA,KOTA MEDAN,MEDAN BELAWAN,BELAWAN I,TPS 41,2019-10-25 17:00:05,31,140,256,173,173,171,2,https://pemilu2019.kpu.go.id/img/c/900/047/900047508/1-11804-41-C-XXX-X5.jpg,https://pemilu2019.kpu.go.id/img/c/900/047/900047508/1-11804-41-C-XXX-X6.jpg
6728117431180311804900047509,SUMATERA UTARA,KOTA MEDAN,MEDAN BELAWAN,BELAWAN I,TPS 42,2019-10-25 17:00:05,38,120,278,164,164,158,6,https://pemilu2019.kpu.go.id/img/c/900/047/900047509/3-11804-42-C-XXX-X5.jpg,https://pemilu2019.kpu.go.id/img/c/900/047/900047509/3-11804-42-C-XXX-X6.jpg
6728117431180311804900047510,SUMATERA UTARA,KOTA MEDAN,MEDAN BELAWAN,BELAWAN I,TPS 43,2019-10-25 17:00:05,21,196,316,220,220,217,3,https://pemilu2019.kpu.go.id/img/c/900/047/900047510/1-11804-43-C-XXX-X5.jpg,https://pemilu2019.kpu.go.id/img/c/900/047/900047510/1-11804-43-C-XXX-X6.jpg
6728117431180311804900047511,SUMATERA UTARA,KOTA MEDAN,MEDAN BELAWAN,BELAWAN I,TPS 44,2019-10-25 17:00:05,20,174,195,303,195,194,1,https://pemilu2019.kpu.go.id/img/c/900/047/900047511/1-11804-44-C-XXX-X5.jpg,https://pemilu2019.kpu.go.id/img/c/900/047/900047511/1-11804-44-C-XXX-X6.jpg
6728117431180311804900047512,SUMATERA UTARA,KOTA MEDAN,MEDAN BELAWAN,BELAWAN I,TPS 45,2019-10-25 17:00:05,47,117,263,167,167,164,3,https://pemilu2019.kpu.go.id/img/c/900/047/900047512/1-11804-45-C-XXX-X5.jpg,https://pemilu2019.kpu.go.id/img/c/900/047/900047512/1-11804-45-C-XXX-X6.jpg
6728117431180311804900047513,SUMATERA UTARA,KOTA MEDAN,MEDAN BELAWAN,BELAWAN I,TPS 46,2019-10-25 17:00:05,47,130,270,179,179,177,2,https://pemilu2019.kpu.go.id/img/c/900/047/900047513/1-11804-46-C-XXX-X5.jpg,https://pemilu2019.kpu.go.id/img/c/900/047/900047513/1-11804-46-C-XXX-X6.jpg
6728117431180311804900047514,SUMATERA UTARA,KOTA MEDAN,MEDAN BELAWAN,BELAWAN I,TPS 47,2019-10-25 17:00:05,38,142,269,186,186,180,6,https://pemilu2019.kpu.go.id/img/c/900/047/900047514/1-11804-47-C-XXX-X5.jpg,https://pemilu2019.kpu.go.id/img/c/900/047/900047514/1-11804-47-C-XXX-X6.jpg
6728117431180311804900047515,SUMATERA UTARA,KOTA MEDAN,MEDAN BELAWAN,BELAWAN I,TPS 48,2019-10-25 17:00:05,51,145,274,200,200,196,4,https://pemilu2019.kpu.go.id/img/c/900/047/900047515/1-11804-48-C-XXX-X5.jpg,https://pemilu2019.kpu.go.id/img/c/900/047/900047515/1-11804-48-C-XXX-X6.jpg
6728117431180311804900047516,SUMATERA UTARA,KOTA MEDAN,MEDAN BELAWAN,BELAWAN I,TPS 49,2019-10-25 17:00:05,34,146,273,183,183,180,3,https://pemilu2019.kpu.go.id/img/c/900/047/900047516/1-11804-49-C1-PPWP-X7.jpg,https://pemilu2019.kpu.go.id/img/c/900/047/900047516/1-11804-49-C1-PPWP-X8.jpg
6728117431180311804900047517,SUMATERA UTARA,KOTA MEDAN,MEDAN BELAWAN,BELAWAN I,TPS 50,2019-10-25 17:00:05,27,154,259,189,189,181,8,https://pemilu2019.kpu.go.id/img/c/900/047/900047517/1-11804-50-C-XXX-X5.jpg,https://pemilu2019.kpu.go.id/img/c/900/047/900047517/1-11804-50-C-XXX-X6.jpg
6728117431180311804900047518,SUMATERA UTARA,KOTA MEDAN,MEDAN BELAWAN,BELAWAN I,TPS 51,2019-10-25 17:00:05,22,175,275,197,197,197,0,https://pemilu2019.kpu.go.id/img/c/900/047/900047518/1-11804-51-C-XXX-X5.jpg,https://pemilu2019.kpu.go.id/img/c/900/047/900047518/1-11804-51-C-XXX-X6.jpg
6728117431180311804900047519,SUMATERA UTARA,KOTA MEDAN,MEDAN BELAWAN,BELAWAN I,TPS 52,2019-10-25 17:00:05,34,30,212,65,65,64,1,https://pemilu2019.kpu.go.id/img/c/900/047/900047519/1-11804-52-C-XXX-X5.jpg,https://pemilu2019.kpu.go.id/img/c/900/047/900047519/1-11804-52-C-XXX-X6.jpg
6728117431180311804900047520,SUMATERA UTARA,KOTA MEDAN,MEDAN BELAWAN,BELAWAN I,TPS 53,2019-10-25 17:00:05,41,35,219,76,76,76,0,https://pemilu2019.kpu.go.id/img/c/900/047/900047520/1-11804-53-C-XXX-X5.jpg,https://pemilu2019.kpu.go.id/img/c/900/047/900047520/1-11804-53-C-XXX-X6.jpg
6728117431180311804900047521,SUMATERA UTARA,KOTA MEDAN,MEDAN BELAWAN,BELAWAN I,TPS 54,2019-10-25 17:00:05,40,89,250,29,129,129,0,https://pemilu2019.kpu.go.id/img/c/900/047/900047521/1-11804-54-C-XXX-X5.jpg,https://pemilu2019.kpu.go.id/img/c/900/047/900047521/1-11804-54-C-XXX-X6.jpg
6728117431180311804900047522,SUMATERA UTARA,KOTA MEDAN,MEDAN BELAWAN,BELAWAN I,TPS 55,2019-10-25 17:00:05,32,103,278,135,0,135,0,https://pemilu2019.kpu.go.id/img/c/900/047/900047522/1-11804-55-C-XXX-X5.jpg,https://pemilu2019.kpu.go.id/img/c/900/047/900047522/1-11804-55-C-XXX-X6.jpg
6728117431180311804900047523,SUMATERA UTARA,KOTA MEDAN,MEDAN BELAWAN,BELAWAN I,TPS 56,2019-10-25 17:00:05,33,55,251,49,89,88,1,https://pemilu2019.kpu.go.id/img/c/900/047/900047523/2-11804-56-C1-PPWP-X9.jpg,https://pemilu2019.kpu.go.id/img/c/900/047/900047523/2-11804-56-C1-PPWP-X10.jpg
6728117431180311804900047524,SUMATERA UTARA,KOTA MEDAN,MEDAN BELAWAN,BELAWAN I,TPS 57,2019-10-25 17:00:05,15,45,208,61,61,60,1,https://pemilu2019.kpu.go.id/img/c/900/047/900047524/2-11804-57-C1-PPWP-X11.jpg,https://pemilu2019.kpu.go.id/img/c/900/047/900047524/2-11804-57-C1-PPWP-X12.jpg
6728117431180311804900047525,SUMATERA UTARA,KOTA MEDAN,MEDAN BELAWAN,BELAWAN I,TPS 58,2019-10-25 17:00:05,12,88,300,104,104,100,4,https://pemilu2019.kpu.go.id/img/c/900/047/900047525/1-11804-58-C-XXX-X5.jpg,https://pemilu2019.kpu.go.id/img/c/900/047/900047525/1-11804-58-C-XXX-X6.jpg
6728117431180311805900047526,SUMATERA UTARA,KOTA MEDAN,MEDAN BELAWAN,BELAWAN II,TPS 01,2019-10-25 17:00:05,71,88,162,162,162,159,3,https://pemilu2019.kpu.go.id/img/c/900/047/900047526/11805-01-C1-PPWP-X1.jpg,https://pemilu2019.kpu.go.id/img/c/900/047/900047526/11805-01-C1-PPWP-X2.jpg
6728117431180311805900047527,SUMATERA UTARA,KOTA MEDAN,MEDAN BELAWAN,BELAWAN II,TPS 02,2019-10-25 17:00:05,70,101,274,172,173,171,2,https://pemilu2019.kpu.go.id/img/c/900/047/900047527/1-11805-02-C1-PPWP-X1.jpg,https://pemilu2019.kpu.go.id/img/c/900/047/900047527/1-11805-02-C1-PPWP-X2.jpg
6728117431180311805900047528,SUMATERA UTARA,KOTA MEDAN,MEDAN BELAWAN,BELAWAN II,TPS 03,2019-10-25 17:00:05,43,94,283,137,137,137,0,https://pemilu2019.kpu.go.id/img/c/900/047/900047528/1-11805-03-C1-PPWP-X1.jpg,https://pemilu2019.kpu.go.id/img/c/900/047/900047528/1-11805-03-C1-PPWP-X2.jpg
6728117431180311805900047529,SUMATERA UTARA,KOTA MEDAN,MEDAN BELAWAN,BELAWAN II,TPS 04,2019-10-25 17:00:05,38,83,250,124,124,121,3,https://pemilu2019.kpu.go.id/img/c/900/047/900047529/11805-04-C1-PPWP-X1.jpg,https://pemilu2019.kpu.go.id/img/c/900/047/900047529/11805-04-C1-PPWP-X2.jpg
6728117431180311805900047530,SUMATERA UTARA,KOTA MEDAN,MEDAN BELAWAN,BELAWAN II,TPS 05,2019-10-25 17:00:05,34,199,307,235,235,233,2,https://pemilu2019.kpu.go.id/img/c/900/047/900047530/1-11805-05-C1-PPWP-X3.jpg,https://pemilu2019.kpu.go.id/img/c/900/047/900047530/1-11805-05-C1-PPWP-X4.jpg
6728117431180311805900047531,SUMATERA UTARA,KOTA MEDAN,MEDAN BELAWAN,BELAWAN II,TPS 06,2019-10-25 17:00:05,65,123,290,188,188,188,0,https://pemilu2019.kpu.go.id/img/c/900/047/900047531/11805-06-C-XXX-X5.jpg,https://pemilu2019.kpu.go.id/img/c/900/047/900047531/11805-06-C-XXX-X6.jpg
6728117431180311805900047532,SUMATERA UTARA,KOTA MEDAN,MEDAN BELAWAN,BELAWAN II,TPS 07,2019-10-25 17:00:05,80,87,280,170,170,167,3,https://pemilu2019.kpu.go.id/img/c/900/047/900047532/11805-07-C-XXX-X5.jpg,https://pemilu2019.kpu.go.id/img/c/900/047/900047532/11805-07-C-XXX-X6.jpg
6728117431180311805900047533,SUMATERA UTARA,KOTA MEDAN,MEDAN BELAWAN,BELAWAN II,TPS 08,2019-10-25 17:00:05,70,104,278,176,176,174,2,https://pemilu2019.kpu.go.id/img/c/900/047/900047533/1-11805-08-C1-PPWP-X1.jpg,https://pemilu2019.kpu.go.id/img/c/900/047/900047533/1-11805-08-C1-PPWP-X2.jpg
6728117431180311805900047534,SUMATERA UTARA,KOTA MEDAN,MEDAN BELAWAN,BELAWAN II,TPS 09,2019-10-25 17:00:05,58,113,283,174,174,171,3,https://pemilu2019.kpu.go.id/img/c/900/047/900047534/11805-09-C-XXX-X5.jpg,https://pemilu2019.kpu.go.id/img/c/900/047/900047534/11805-09-C-XXX-X6.jpg
6728117431180311805900047535,SUMATERA UTARA,KOTA MEDAN,MEDAN BELAWAN,BELAWAN II,TPS 10,2019-10-25 17:00:05,65,184,316,251,251,249,2,https://pemilu2019.kpu.go.id/img/c/900/047/900047535/11805-10-C1-PPWP-X1.jpg,https://pemilu2019.kpu.go.id/img/c/900/047/900047535/11805-10-C1-PPWP-X2.jpg
6728117431180311805900047536,SUMATERA UTARA,KOTA MEDAN,MEDAN BELAWAN,BELAWAN II,TPS 11,2019-10-25 17:00:05,51,138,302,189,189,189,0,https://pemilu2019.kpu.go.id/img/c/900/047/900047536/2-11805-11-C1-PPWP-X1.jpg,https://pemilu2019.kpu.go.id/img/c/900/047/900047536/2-11805-11-C1-PPWP-X2.jpg
6728117431180311805900047537,SUMATERA UTARA,KOTA MEDAN,MEDAN BELAWAN,BELAWAN II,TPS 12,2019-10-25 17:00:05,60,153,287,217,217,213,4,https://pemilu2019.kpu.go.id/img/c/900/047/900047537/1-11805-12-C1-PPWP-X1.jpg,https://pemilu2019.kpu.go.id/img/c/900/047/900047537/1-11805-12-C1-PPWP-X2.jpg
6728117431180311805900047538,SUMATERA UTARA,KOTA MEDAN,MEDAN BELAWAN,BELAWAN II,TPS 13,2019-10-25 17:00:05,43,176,294,219,219,219,0,https://pemilu2019.kpu.go.id/img/c/900/047/900047538/1-11805-13-C1-PPWP-X5.jpg,https://pemilu2019.kpu.go.id/img/c/900/047/900047538/1-11805-13-C1-PPWP-X6.jpg
6728117431180311805900047539,SUMATERA UTARA,KOTA MEDAN,MEDAN BELAWAN,BELAWAN II,TPS 14,2019-10-25 17:00:05,78,108,293,186,186,186,0,https://pemilu2019.kpu.go.id/img/c/900/047/900047539/3-11805-14-C1-PPWP-X1.jpg,https://pemilu2019.kpu.go.id/img/c/900/047/900047539/3-11805-14-C1-PPWP-X2.jpg
6728117431180311805900047540,SUMATERA UTARA,KOTA MEDAN,MEDAN BELAWAN,BELAWAN II,TPS 15,2019-10-25 17:00:05,60,102,294,165,167,162,5,https://pemilu2019.kpu.go.id/img/c/900/047/900047540/2-11805-15-C1-PPWP-X1.jpg,https://pemilu2019.kpu.go.id/img/c/900/047/900047540/2-11805-15-C1-PPWP-X2.jpg
6728117431180311805900047541,SUMATERA UTARA,KOTA MEDAN,MEDAN BELAWAN,BELAWAN II,TPS 16,2019-10-25 17:00:05,57,109,280,166,166,166,0,https://pemilu2019.kpu.go.id/img/c/900/047/900047541/11805-16-C1-PPWP-X1.jpg,https://pemilu2019.kpu.go.id/img/c/900/047/900047541/11805-16-C1-PPWP-X2.jpg
6728117431180311805900047542,SUMATERA UTARA,KOTA MEDAN,MEDAN BELAWAN,BELAWAN II,TPS 17,2019-10-25 17:00:05,63,157,304,222,222,220,2,https://pemilu2019.kpu.go.id/img/c/900/047/900047542/11805-17-C1-PPWP-X1.jpg,https://pemilu2019.kpu.go.id/img/c/900/047/900047542/11805-17-C1-PPWP-X2.jpg
6728117431180311805900047543,SUMATERA UTARA,KOTA MEDAN,MEDAN BELAWAN,BELAWAN II,TPS 18,2019-10-25 17:00:05,48,151,316,199,199,199,0,https://pemilu2019.kpu.go.id/img/c/900/047/900047543/11805-18-C-XXX-X5.jpg,https://pemilu2019.kpu.go.id/img/c/900/047/900047543/11805-18-C-XXX-X6.jpg
6728117431180311805900047544,SUMATERA UTARA,KOTA MEDAN,MEDAN BELAWAN,BELAWAN II,TPS 19,2019-10-25 17:00:05,44,148,300,196,196,192,4,https://pemilu2019.kpu.go.id/img/c/900/047/900047544/3-11805-19-C1-PPWP-X1.jpg,https://pemilu2019.kpu.go.id/img/c/900/047/900047544/3-11805-19-C1-PPWP-X2.jpg
6728117431180311805900047545,SUMATERA UTARA,KOTA MEDAN,MEDAN BELAWAN,BELAWAN II,TPS 20,2019-10-25 17:00:05,61,144,290,207,207,205,2,https://pemilu2019.kpu.go.id/img/c/900/047/900047545/2-11805-20-C1-PPWP-X1.jpg,https://pemilu2019.kpu.go.id/img/c/900/047/900047545/2-11805-20-C1-PPWP-X2.jpg
6728117431180311805900047546,SUMATERA UTARA,KOTA MEDAN,MEDAN BELAWAN,BELAWAN II,TPS 21,2019-10-25 17:00:05,50,144,288,197,197,194,3,https://pemilu2019.kpu.go.id/img/c/900/047/900047546/4-11805-21-C1-PPWP-X1.jpg,https://pemilu2019.kpu.go.id/img/c/900/047/900047546/4-11805-21-C1-PPWP-X2.jpg
6728117431180311805900047547,SUMATERA UTARA,KOTA MEDAN,MEDAN BELAWAN,BELAWAN II,TPS 22,2019-10-25 17:00:05,44,145,320,191,191,189,2,https://pemilu2019.kpu.go.id/img/c/900/047/900047547/2-11805-22-C1-PPWP-X1.jpg,https://pemilu2019.kpu.go.id/img/c/900/047/900047547/2-11805-22-C1-PPWP-X2.jpg
6728117431180311805900047548,SUMATERA UTARA,KOTA MEDAN,MEDAN BELAWAN,BELAWAN II,TPS 23,2019-10-25 17:00:05,41,139,293,181,181,180,1,https://pemilu2019.kpu.go.id/img/c/900/047/900047548/11805-23-C1-PPWP-X1.jpg,https://pemilu2019.kpu.go.id/img/c/900/047/900047548/11805-23-C1-PPWP-X2.jpg
6728117431180311805900047549,SUMATERA UTARA,KOTA MEDAN,MEDAN BELAWAN,BELAWAN II,TPS 24,2019-10-25 17:00:05,34,120,292,156,156,154,2,https://pemilu2019.kpu.go.id/img/c/900/047/900047549/11805-24-C1-PPWP-X1.jpg,https://pemilu2019.kpu.go.id/img/c/900/047/900047549/11805-24-C1-PPWP-X2.jpg
6728117431180311805900047550,SUMATERA UTARA,KOTA MEDAN,MEDAN BELAWAN,BELAWAN II,TPS 25,2019-10-25 17:00:05,50,128,287,180,180,178,2,https://pemilu2019.kpu.go.id/img/c/900/047/900047550/11805-25-C1-PPWP-X1.jpg,https://pemilu2019.kpu.go.id/img/c/900/047/900047550/11805-25-C1-PPWP-X2.jpg
6728117431180311805900047551,SUMATERA UTARA,KOTA MEDAN,MEDAN BELAWAN,BELAWAN II,TPS 26,2019-10-25 17:00:05,44,111,260,155,155,155,0,https://pemilu2019.kpu.go.id/img/c/900/047/900047551/11805-26-C1-PPWP-X1.jpg,https://pemilu2019.kpu.go.id/img/c/900/047/900047551/11805-26-C1-PPWP-X2.jpg
6728117431180311805900047552,SUMATERA UTARA,KOTA MEDAN,MEDAN BELAWAN,BELAWAN II,TPS 27,2019-10-25 17:00:05,50,126,296,177,177,176,1,https://pemilu2019.kpu.go.id/img/c/900/047/900047552/11805-27-C1-PPWP-X1.jpg,https://pemilu2019.kpu.go.id/img/c/900/047/900047552/11805-27-C1-PPWP-X2.jpg
6728117431180311805900047553,SUMATERA UTARA,KOTA MEDAN,MEDAN BELAWAN,BELAWAN II,TPS 28,2019-10-25 17:00:05,60,94,261,153,154,154,0,https://pemilu2019.kpu.go.id/img/c/900/047/900047553/1-11805-28-C1-PPWP-X9.jpg,https://pemilu2019.kpu.go.id/img/c/900/047/900047553/1-11805-28-C1-PPWP-X10.jpg
6728117431180311805900047554,SUMATERA UTARA,KOTA MEDAN,MEDAN BELAWAN,BELAWAN II,TPS 29,2019-10-25 17:00:05,47,135,281,182,182,182,0,https://pemilu2019.kpu.go.id/img/c/900/047/900047554/1-11805-29-C1-PPWP-X11.jpg,https://pemilu2019.kpu.go.id/img/c/900/047/900047554/1-11805-29-C1-PPWP-X12.jpg
6728117431180311805900047555,SUMATERA UTARA,KOTA MEDAN,MEDAN BELAWAN,BELAWAN II,TPS 30,2019-10-25 17:00:05,46,141,291,189,189,187,2,https://pemilu2019.kpu.go.id/img/c/900/047/900047555/2-11805-30-C1-PPWP-X1.jpg,https://pemilu2019.kpu.go.id/img/c/900/047/900047555/2-11805-30-C1-PPWP-X2.jpg
6728117431180311805900047556,SUMATERA UTARA,KOTA MEDAN,MEDAN BELAWAN,BELAWAN II,TPS 31,2019-10-25 17:00:05,49,94,219,143,143,143,0,https://pemilu2019.kpu.go.id/img/c/900/047/900047556/2-11805-31-C1-PPWP-X1.jpg,https://pemilu2019.kpu.go.id/img/c/900/047/900047556/2-11805-31-C1-PPWP-X2.jpg
6728117431180311805900047557,SUMATERA UTARA,KOTA MEDAN,MEDAN BELAWAN,BELAWAN II,TPS 32,2019-10-25 17:00:05,56,136,271,193,193,192,1,https://pemilu2019.kpu.go.id/img/c/900/047/900047557/11805-32-C1-PPWP-X1.jpg,https://pemilu2019.kpu.go.id/img/c/900/047/900047557/11805-32-C1-PPWP-X2.jpg
6728117431180311805900047558,SUMATERA UTARA,KOTA MEDAN,MEDAN BELAWAN,BELAWAN II,TPS 33,2019-10-25 17:00:05,54,128,289,184,184,182,2,https://pemilu2019.kpu.go.id/img/c/900/047/900047558/11805-33-C1-PPWP-X1.jpg,https://pemilu2019.kpu.go.id/img/c/900/047/900047558/11805-33-C1-PPWP-X2.jpg
6728117431180311805900047559,SUMATERA UTARA,KOTA MEDAN,MEDAN BELAWAN,BELAWAN II,TPS 34,2019-10-25 17:00:05,44,106,231,150,150,150,0,https://pemilu2019.kpu.go.id/img/c/900/047/900047559/1-11805-34-C1-PPWP-X1.jpg,https://pemilu2019.kpu.go.id/img/c/900/047/900047559/1-11805-34-C1-PPWP-X2.jpg
6728117431180311805900047560,SUMATERA UTARA,KOTA MEDAN,MEDAN BELAWAN,BELAWAN II,TPS 35,2019-10-25 17:00:05,39,129,289,171,171,168,3,https://pemilu2019.kpu.go.id/img/c/900/047/900047560/2-11805-35-C1-PPWP-X1.jpg,https://pemilu2019.kpu.go.id/img/c/900/047/900047560/2-11805-35-C1-PPWP-X2.jpg
6728117431180311805900047561,SUMATERA UTARA,KOTA MEDAN,MEDAN BELAWAN,BELAWAN II,TPS 36,2019-10-25 17:00:05,56,131,295,192,192,187,5,https://pemilu2019.kpu.go.id/img/c/900/047/900047561/2-11805-36-C1-PPWP-X1.jpg,https://pemilu2019.kpu.go.id/img/c/900/047/900047561/2-11805-36-C1-PPWP-X2.jpg
6728117431180311805900047562,SUMATERA UTARA,KOTA MEDAN,MEDAN BELAWAN,BELAWAN II,TPS 37,2019-10-25 17:00:05,31,85,235,118,118,116,2,https://pemilu2019.kpu.go.id/img/c/900/047/900047562/1-11805-37-C1-PPWP-X15.jpg,https://pemilu2019.kpu.go.id/img/c/900/047/900047562/1-11805-37-C1-PPWP-X16.jpg
6728117431180311805900047563,SUMATERA UTARA,KOTA MEDAN,MEDAN BELAWAN,BELAWAN II,TPS 38,2019-10-25 17:00:05,39,95,283,135,135,134,1,https://pemilu2019.kpu.go.id/img/c/900/047/900047563/1-11805-38-C1-PPWP-X1.jpg,https://pemilu2019.kpu.go.id/img/c/900/047/900047563/1-11805-38-C1-PPWP-X2.jpg
6728117431180311805900047564,SUMATERA UTARA,KOTA MEDAN,MEDAN BELAWAN,BELAWAN II,TPS 39,2019-10-25 17:00:05,31,135,282,170,170,166,4,https://pemilu2019.kpu.go.id/img/c/900/047/900047564/1-11805-39-C1-PPWP-X17.jpg,https://pemilu2019.kpu.go.id/img/c/900/047/900047564/1-11805-39-C1-PPWP-X18.jpg
6728117431180311805900047565,SUMATERA UTARA,KOTA MEDAN,MEDAN BELAWAN,BELAWAN II,TPS 40,2019-10-25 17:00:05,30,130,283,162,162,160,2,https://pemilu2019.kpu.go.id/img/c/900/047/900047565/2-11805-40-C1-PPWP-X1.jpg,https://pemilu2019.kpu.go.id/img/c/900/047/900047565/2-11805-40-C1-PPWP-X2.jpg
6728117431180311805900047566,SUMATERA UTARA,KOTA MEDAN,MEDAN BELAWAN,BELAWAN II,TPS 41,2019-10-25 17:00:05,53,114,295,168,168,167,1,https://pemilu2019.kpu.go.id/img/c/900/047/900047566/2-11805-41-C1-PPWP-X1.jpg,https://pemilu2019.kpu.go.id/img/c/900/047/900047566/2-11805-41-C1-PPWP-X2.jpg
6728117431180311805900047567,SUMATERA UTARA,KOTA MEDAN,MEDAN BELAWAN,BELAWAN II,TPS 42,2019-10-25 17:00:05,110,67,315,177,177,177,0,https://pemilu2019.kpu.go.id/img/c/900/047/900047567/2-11805-42-C1-PPWP-X1.jpg,https://pemilu2019.kpu.go.id/img/c/900/047/900047567/2-11805-42-C1-PPWP-X2.jpg
6728117431180311805900047568,SUMATERA UTARA,KOTA MEDAN,MEDAN BELAWAN,BELAWAN II,TPS 43,2019-10-25 17:00:05,102,74,300,178,178,176,2,https://pemilu2019.kpu.go.id/img/c/900/047/900047568/2-11805-43-C1-PPWP-X1.jpg,https://pemilu2019.kpu.go.id/img/c/900/047/900047568/2-11805-43-C1-PPWP-X2.jpg
6728117431180311805900047569,SUMATERA UTARA,KOTA MEDAN,MEDAN BELAWAN,BELAWAN II,TPS 44,2019-10-25 17:00:05,48,130,313,173,181,178,3,https://pemilu2019.kpu.go.id/img/c/900/047/900047569/2-11805-44-C-XXX-X5.jpg,https://pemilu2019.kpu.go.id/img/c/900/047/900047569/2-11805-44-C-XXX-X6.jpg
6728117431180311805900047570,SUMATERA UTARA,KOTA MEDAN,MEDAN BELAWAN,BELAWAN II,TPS 45,2019-10-25 17:00:05,38,137,288,178,178,175,3,https://pemilu2019.kpu.go.id/img/c/900/047/900047570/2-11805-45-C1-PPWP-X1.jpg,https://pemilu2019.kpu.go.id/img/c/900/047/900047570/2-11805-45-C1-PPWP-X2.jpg
6728117431180311805900047571,SUMATERA UTARA,KOTA MEDAN,MEDAN BELAWAN,BELAWAN II,TPS 46,2019-10-25 17:00:05,37,109,273,148,148,146,2,https://pemilu2019.kpu.go.id/img/c/900/047/900047571/2-11805-46-C-XXX-X5.jpg,https://pemilu2019.kpu.go.id/img/c/900/047/900047571/2-11805-46-C-XXX-X6.jpg
6728117431180311805900047572,SUMATERA UTARA,KOTA MEDAN,MEDAN BELAWAN,BELAWAN II,TPS 47,2019-10-25 17:00:05,58,121,303,182,182,179,3,https://pemilu2019.kpu.go.id/img/c/900/047/900047572/2-11805-47-C-XXX-X5.jpg,https://pemilu2019.kpu.go.id/img/c/900/047/900047572/2-11805-47-C-XXX-X6.jpg
6728117431180311805900047573,SUMATERA UTARA,KOTA MEDAN,MEDAN BELAWAN,BELAWAN II,TPS 48,2019-10-25 17:00:05,34,92,281,127,127,126,1,https://pemilu2019.kpu.go.id/img/c/900/047/900047573/1-11805-48-C-XXX-X5.jpg,https://pemilu2019.kpu.go.id/img/c/900/047/900047573/1-11805-48-C-XXX-X6.jpg
6728117431180311805900047574,SUMATERA UTARA,KOTA MEDAN,MEDAN BELAWAN,BELAWAN II,TPS 49,2019-10-25 17:00:05,42,95,260,138,138,137,1,https://pemilu2019.kpu.go.id/img/c/900/047/900047574/1-11805-49-C1-PPWP-X1.jpg,https://pemilu2019.kpu.go.id/img/c/900/047/900047574/1-11805-49-C1-PPWP-X2.jpg
6728117431180311805900047575,SUMATERA UTARA,KOTA MEDAN,MEDAN BELAWAN,BELAWAN II,TPS 50,2019-10-25 17:00:05,43,105,260,151,151,148,3,https://pemilu2019.kpu.go.id/img/c/900/047/900047575/2-11805-50-C-XXX-X5.jpg,https://pemilu2019.kpu.go.id/img/c/900/047/900047575/2-11805-50-C-XXX-X6.jpg
6728117431180311805900047576,SUMATERA UTARA,KOTA MEDAN,MEDAN BELAWAN,BELAWAN II,TPS 51,2019-10-25 17:00:05,36,123,293,160,160,159,1,https://pemilu2019.kpu.go.id/img/c/900/047/900047576/2-11805-51-C1-PPWP-X1.jpg,https://pemilu2019.kpu.go.id/img/c/900/047/900047576/2-11805-51-C1-PPWP-X2.jpg
6728117431180311805900047577,SUMATERA UTARA,KOTA MEDAN,MEDAN BELAWAN,BELAWAN II,TPS 52,2019-10-25 17:00:05,23,120,295,143,143,143,0,https://pemilu2019.kpu.go.id/img/c/900/047/900047577/2-11805-52-C1-PPWP-X1.jpg,https://pemilu2019.kpu.go.id/img/c/900/047/900047577/2-11805-52-C1-PPWP-X2.jpg
6728117431180311805900047578,SUMATERA UTARA,KOTA MEDAN,MEDAN BELAWAN,BELAWAN II,TPS 53,2019-10-25 17:00:05,55,114,302,172,171,169,2,https://pemilu2019.kpu.go.id/img/c/900/047/900047578/1-11805-53-C1-PPWP-X21.jpg,https://pemilu2019.kpu.go.id/img/c/900/047/900047578/1-11805-53-C1-PPWP-X22.jpg
6728117431180311805900047579,SUMATERA UTARA,KOTA MEDAN,MEDAN BELAWAN,BELAWAN II,TPS 54,2019-10-25 17:00:05,32,128,282,162,162,160,2,https://pemilu2019.kpu.go.id/img/c/900/047/900047579/1-11805-54-C-XXX-X5.jpg,https://pemilu2019.kpu.go.id/img/c/900/047/900047579/1-11805-54-C-XXX-X6.jpg
6728117431180311805900047580,SUMATERA UTARA,KOTA MEDAN,MEDAN BELAWAN,BELAWAN II,TPS 55,2019-10-25 17:00:05,19,135,265,159,159,154,5,https://pemilu2019.kpu.go.id/img/c/900/047/900047580/1-11805-55-C1-PPWP-X1.jpg,https://pemilu2019.kpu.go.id/img/c/900/047/900047580/1-11805-55-C1-PPWP-X2.jpg
6728117431180311805900047581,SUMATERA UTARA,KOTA MEDAN,MEDAN BELAWAN,BELAWAN II,TPS 56,2019-10-25 17:00:05,32,157,270,191,191,189,2,https://pemilu2019.kpu.go.id/img/c/900/047/900047581/1-11805-56-C-XXX-X5.jpg,https://pemilu2019.kpu.go.id/img/c/900/047/900047581/1-11805-56-C-XXX-X6.jpg
6728117431180311805900047582,SUMATERA UTARA,KOTA MEDAN,MEDAN BELAWAN,BELAWAN II,TPS 57,2019-10-25 17:00:05,47,147,289,196,196,194,2,https://pemilu2019.kpu.go.id/img/c/900/047/900047582/1-11805-57-C1-PPWP-X1.jpg,https://pemilu2019.kpu.go.id/img/c/900/047/900047582/1-11805-57-C1-PPWP-X2.jpg
6728117431180311805900047583,SUMATERA UTARA,KOTA MEDAN,MEDAN BELAWAN,BELAWAN II,TPS 58,2019-10-25 17:00:05,63,79,311,144,144,142,2,https://pemilu2019.kpu.go.id/img/c/900/047/900047583/1-11805-58-C1-PPWP-X23.jpg,https://pemilu2019.kpu.go.id/img/c/900/047/900047583/1-11805-58-C1-PPWP-X24.jpg
6728117431180311805900047584,SUMATERA UTARA,KOTA MEDAN,MEDAN BELAWAN,BELAWAN II,TPS 59,2019-10-25 17:00:05,35,133,281,169,169,168,1,https://pemilu2019.kpu.go.id/img/c/900/047/900047584/1-11805-59-C1-PPWP-X1.jpg,https://pemilu2019.kpu.go.id/img/c/900/047/900047584/1-11805-59-C1-PPWP-X2.jpg
6728117431180311805900047585,SUMATERA UTARA,KOTA MEDAN,MEDAN BELAWAN,BELAWAN II,TPS 60,2019-10-25 17:00:05,45,129,265,175,175,174,1,https://pemilu2019.kpu.go.id/img/c/900/047/900047585/1-11805-60-C1-PPWP-X1.jpg,https://pemilu2019.kpu.go.id/img/c/900/047/900047585/1-11805-60-C1-PPWP-X2.jpg
6728117431180311805900047586,SUMATERA UTARA,KOTA MEDAN,MEDAN BELAWAN,BELAWAN II,TPS 61,2019-10-25 17:00:05,81,87,275,169,169,168,1,https://pemilu2019.kpu.go.id/img/c/900/047/900047586/11805-61-C1-PPWP-X1.jpg,https://pemilu2019.kpu.go.id/img/c/900/047/900047586/11805-61-C1-PPWP-X2.jpg
6728117431180311805900047587,SUMATERA UTARA,KOTA MEDAN,MEDAN BELAWAN,BELAWAN II,TPS 62,2019-10-25 17:00:05,116,53,290,171,171,169,2,https://pemilu2019.kpu.go.id/img/c/900/047/900047587/1-11805-62-C1-PPWP-X1.jpg,https://pemilu2019.kpu.go.id/img/c/900/047/900047587/1-11805-62-C1-PPWP-X2.jpg
6728117431180311805900047588,SUMATERA UTARA,KOTA MEDAN,MEDAN BELAWAN,BELAWAN II,TPS 63,2019-10-25 17:00:05,80,61,248,143,143,141,2,https://pemilu2019.kpu.go.id/img/c/900/047/900047588/1-11805-63-C1-PPWP-X25.jpg,https://pemilu2019.kpu.go.id/img/c/900/047/900047588/1-11805-63-C1-PPWP-X26.jpg
6728117431180311805900047589,SUMATERA UTARA,KOTA MEDAN,MEDAN BELAWAN,BELAWAN II,TPS 64,2019-10-25 17:00:05,99,109,314,210,210,208,2,https://pemilu2019.kpu.go.id/img/c/900/047/900047589/1-11805-64-C1-PPWP-X27.jpg,https://pemilu2019.kpu.go.id/img/c/900/047/900047589/1-11805-64-C1-PPWP-X28.jpg
6728117431180311805900047590,SUMATERA UTARA,KOTA MEDAN,MEDAN BELAWAN,BELAWAN II,TPS 65,2019-10-25 17:00:05,32,99,293,134,134,131,3,https://pemilu2019.kpu.go.id/img/c/900/047/900047590/11805-65-C-XXX-X5.jpg,https://pemilu2019.kpu.go.id/img/c/900/047/900047590/11805-65-C-XXX-X6.jpg
6728117431180311805900047591,SUMATERA UTARA,KOTA MEDAN,MEDAN BELAWAN,BELAWAN II,TPS 66,2019-10-25 17:00:05,35,44,242,79,79,79,0,https://pemilu2019.kpu.go.id/img/c/900/047/900047591/11805-66-C-XXX-X5.jpg,https://pemilu2019.kpu.go.id/img/c/900/047/900047591/11805-66-C-XXX-X6.jpg
6728117431180311808900047660,SUMATERA UTARA,KOTA MEDAN,MEDAN BELAWAN,BELAWAN SICANANG,TPS 01,2019-10-25 17:00:05,112,30,256,144,144,142,2,https://pemilu2019.kpu.go.id/img/c/900/047/900047660/1-11808-01-C1-PPWP-X1.jpg,https://pemilu2019.kpu.go.id/img/c/900/047/900047660/1-11808-01-C1-PPWP-X2.jpg
6728117431180311808900047661,SUMATERA UTARA,KOTA MEDAN,MEDAN BELAWAN,BELAWAN SICANANG,TPS 02,2019-10-25 17:00:05,140,52,307,197,197,192,5,https://pemilu2019.kpu.go.id/img/c/900/047/900047661/2-11808-02-C1-PPWP-X1.jpg,https://pemilu2019.kpu.go.id/img/c/900/047/900047661/2-11808-02-C1-PPWP-X2.jpg
6728117431180311808900047662,SUMATERA UTARA,KOTA MEDAN,MEDAN BELAWAN,BELAWAN SICANANG,TPS 03,2019-10-25 17:00:05,196,14,293,203,212,210,2,https://pemilu2019.kpu.go.id/img/c/900/047/900047662/2-11808-03-C1-PPWP-X1.jpg,https://pemilu2019.kpu.go.id/img/c/900/047/900047662/2-11808-03-C1-PPWP-X2.jpg
6728117431180311808900047663,SUMATERA UTARA,KOTA MEDAN,MEDAN BELAWAN,BELAWAN SICANANG,TPS 04,2019-10-25 17:00:05,140,25,265,169,169,165,4,https://pemilu2019.kpu.go.id/img/c/900/047/900047663/2-11808-04-C-XXX-X5.jpg,https://pemilu2019.kpu.go.id/img/c/900/047/900047663/2-11808-04-C-XXX-X6.jpg
6728117431180311808900047664,SUMATERA UTARA,KOTA MEDAN,MEDAN BELAWAN,BELAWAN SICANANG,TPS 05,2019-10-25 17:00:05,146,46,193,193,193,192,1,https://pemilu2019.kpu.go.id/img/c/900/047/900047664/1-11808-05-C-XXX-X5.jpg,https://pemilu2019.kpu.go.id/img/c/900/047/900047664/1-11808-05-C-XXX-X6.jpg
6728117431180311808900047665,SUMATERA UTARA,KOTA MEDAN,MEDAN BELAWAN,BELAWAN SICANANG,TPS 06,2019-10-25 17:00:05,68,106,290,179,179,174,5,https://pemilu2019.kpu.go.id/img/c/900/047/900047665/2-11808-06-C-XXX-X5.jpg,https://pemilu2019.kpu.go.id/img/c/900/047/900047665/2-11808-06-C-XXX-X6.jpg
6728117431180311808900047666,SUMATERA UTARA,KOTA MEDAN,MEDAN BELAWAN,BELAWAN SICANANG,TPS 07,2019-10-25 17:00:05,51,112,286,165,165,163,2,https://pemilu2019.kpu.go.id/img/c/900/047/900047666/3-11808-07-C-XXX-X5.jpg,https://pemilu2019.kpu.go.id/img/c/900/047/900047666/3-11808-07-C-XXX-X6.jpg
6728117431180311808900047667,SUMATERA UTARA,KOTA MEDAN,MEDAN BELAWAN,BELAWAN SICANANG,TPS 08,2019-10-25 17:00:05,68,102,283,172,172,170,2,https://pemilu2019.kpu.go.id/img/c/900/047/900047667/1-11808-08-C1-PPWP-X1.jpg,https://pemilu2019.kpu.go.id/img/c/900/047/900047667/1-11808-08-C1-PPWP-X2.jpg
6728117431180311808900047668,SUMATERA UTARA,KOTA MEDAN,MEDAN BELAWAN,BELAWAN SICANANG,TPS 09,2019-10-25 17:00:05,77,153,303,233,233,230,3,https://pemilu2019.kpu.go.id/img/c/900/047/900047668/3-11808-09-C-XXX-X5.jpg,https://pemilu2019.kpu.go.id/img/c/900/047/900047668/3-11808-09-C-XXX-X6.jpg
6728117431180311808900047669,SUMATERA UTARA,KOTA MEDAN,MEDAN BELAWAN,BELAWAN SICANANG,TPS 10,2019-10-25 17:00:05,77,131,303,210,210,208,2,https://pemilu2019.kpu.go.id/img/c/900/047/900047669/2-11808-10-C1-PPWP-X1.jpg,https://pemilu2019.kpu.go.id/img/c/900/047/900047669/2-11808-10-C1-PPWP-X2.jpg
6728117431180311808900047670,SUMATERA UTARA,KOTA MEDAN,MEDAN BELAWAN,BELAWAN SICANANG,TPS 11,2019-10-25 17:00:05,62,105,232,174,174,167,7,https://pemilu2019.kpu.go.id/img/c/900/047/900047670/3-11808-11-C-XXX-X5.jpg,https://pemilu2019.kpu.go.id/img/c/900/047/900047670/3-11808-11-C-XXX-X6.jpg
6728117431180311808900047671,SUMATERA UTARA,KOTA MEDAN,MEDAN BELAWAN,BELAWAN SICANANG,TPS 12,2019-10-25 17:00:05,55,101,219,0,160,156,4,https://pemilu2019.kpu.go.id/img/c/900/047/900047671/2-11808-12-C-XXX-X5.jpg,https://pemilu2019.kpu.go.id/img/c/900/047/900047671/2-11808-12-C-XXX-X6.jpg
6728117431180311808900047672,SUMATERA UTARA,KOTA MEDAN,MEDAN BELAWAN,BELAWAN SICANANG,TPS 13,2019-10-25 17:00:05,126,82,315,211,211,108,3,https://pemilu2019.kpu.go.id/img/c/900/047/900047672/2-11808-13-C-XXX-X5.jpg,https://pemilu2019.kpu.go.id/img/c/900/047/900047672/2-11808-13-C-XXX-X6.jpg
6728117431180311808900047673,SUMATERA UTARA,KOTA MEDAN,MEDAN BELAWAN,BELAWAN SICANANG,TPS 14,2019-10-25 17:00:05,116,88,314,207,207,204,3,https://pemilu2019.kpu.go.id/img/c/900/047/900047673/1-11808-14-C-XXX-X5.jpg,https://pemilu2019.kpu.go.id/img/c/900/047/900047673/1-11808-14-C-XXX-X6.jpg
6728117431180311808900047674,SUMATERA UTARA,KOTA MEDAN,MEDAN BELAWAN,BELAWAN SICANANG,TPS 15,2019-10-25 17:00:05,163,63,307,228,228,226,2,https://pemilu2019.kpu.go.id/img/c/900/047/900047674/1-11808-15-C1-PPWP-X1.jpg,https://pemilu2019.kpu.go.id/img/c/900/047/900047674/1-11808-15-C1-PPWP-X2.jpg
6728117431180311808900047675,SUMATERA UTARA,KOTA MEDAN,MEDAN BELAWAN,BELAWAN SICANANG,TPS 16,2019-10-25 17:00:05,70,152,316,225,225,222,3,https://pemilu2019.kpu.go.id/img/c/900/047/900047675/1-11808-16-C-XXX-X5.jpg,https://pemilu2019.kpu.go.id/img/c/900/047/900047675/1-11808-16-C-XXX-X6.jpg
6728117431180311808900047676,SUMATERA UTARA,KOTA MEDAN,MEDAN BELAWAN,BELAWAN SICANANG,TPS 17,2019-10-25 17:00:05,81,148,313,237,237,229,8,https://pemilu2019.kpu.go.id/img/c/900/047/900047676/1-11808-17-C-XXX-X5.jpg,https://pemilu2019.kpu.go.id/img/c/900/047/900047676/1-11808-17-C-XXX-X6.jpg
6728117431180311808900047677,SUMATERA UTARA,KOTA MEDAN,MEDAN BELAWAN,BELAWAN SICANANG,TPS 18,2019-10-25 17:00:05,268,7,339,276,276,275,1,https://pemilu2019.kpu.go.id/img/c/900/047/900047677/2-11808-18-C1-PPWP-X1.jpg,https://pemilu2019.kpu.go.id/img/c/900/047/900047677/2-11808-18-C1-PPWP-X2.jpg
6728117431180311808900047678,SUMATERA UTARA,KOTA MEDAN,MEDAN BELAWAN,BELAWAN SICANANG,TPS 19,2019-10-25 17:00:05,117,20,209,139,210,137,2,https://pemilu2019.kpu.go.id/img/c/900/047/900047678/2-11808-19-C-XXX-X5.jpg,https://pemilu2019.kpu.go.id/img/c/900/047/900047678/2-11808-19-C-XXX-X6.jpg
6728117431180311808900047679,SUMATERA UTARA,KOTA MEDAN,MEDAN BELAWAN,BELAWAN SICANANG,TPS 20,2019-10-25 17:00:05,141,45,277,193,193,186,7,https://pemilu2019.kpu.go.id/img/c/900/047/900047679/2-11808-20-C1-PPWP-X1.jpg,https://pemilu2019.kpu.go.id/img/c/900/047/900047679/2-11808-20-C1-PPWP-X2.jpg
6728117431180311808900047680,SUMATERA UTARA,KOTA MEDAN,MEDAN BELAWAN,BELAWAN SICANANG,TPS 21,2019-10-25 17:00:05,113,48,263,164,164,161,3,https://pemilu2019.kpu.go.id/img/c/900/047/900047680/2-11808-21-C-XXX-X5.jpg,https://pemilu2019.kpu.go.id/img/c/900/047/900047680/2-11808-21-C-XXX-X6.jpg
6728117431180311808900047681,SUMATERA UTARA,KOTA MEDAN,MEDAN BELAWAN,BELAWAN SICANANG,TPS 22,2019-10-25 17:00:05,104,50,297,156,156,154,2,https://pemilu2019.kpu.go.id/img/c/900/047/900047681/2-11808-22-C-XXX-X5.jpg,https://pemilu2019.kpu.go.id/img/c/900/047/900047681/2-11808-22-C-XXX-X6.jpg
6728117431180311808900047682,SUMATERA UTARA,KOTA MEDAN,MEDAN BELAWAN,BELAWAN SICANANG,TPS 23,2019-10-25 17:00:05,76,140,301,222,222,216,6,https://pemilu2019.kpu.go.id/img/c/900/047/900047682/2-11808-23-C1-PPWP-X1.jpg,https://pemilu2019.kpu.go.id/img/c/900/047/900047682/2-11808-23-C1-PPWP-X2.jpg
6728117431180311808900047683,SUMATERA UTARA,KOTA MEDAN,MEDAN BELAWAN,BELAWAN SICANANG,TPS 24,2019-10-25 17:00:05,98,112,292,0,211,210,1,https://pemilu2019.kpu.go.id/img/c/900/047/900047683/1-11808-24-C1-PPWP-X1.jpg,https://pemilu2019.kpu.go.id/img/c/900/047/900047683/1-11808-24-C1-PPWP-X2.jpg
6728117431180311808900047684,SUMATERA UTARA,KOTA MEDAN,MEDAN BELAWAN,BELAWAN SICANANG,TPS 25,2019-10-25 17:00:05,121,62,277,183,184,183,1,https://pemilu2019.kpu.go.id/img/c/900/047/900047684/2-11808-25-C-XXX-X5.jpg,https://pemilu2019.kpu.go.id/img/c/900/047/900047684/2-11808-25-C-XXX-X6.jpg
6728117431180311808900047685,SUMATERA UTARA,KOTA MEDAN,MEDAN BELAWAN,BELAWAN SICANANG,TPS 26,2019-10-25 17:00:05,146,82,295,233,233,228,5,https://pemilu2019.kpu.go.id/img/c/900/047/900047685/2-11808-26-C-XXX-X5.jpg,https://pemilu2019.kpu.go.id/img/c/900/047/900047685/2-11808-26-C-XXX-X6.jpg
6728117431180311808900047686,SUMATERA UTARA,KOTA MEDAN,MEDAN BELAWAN,BELAWAN SICANANG,TPS 27,2019-10-25 17:00:05,147,88,313,235,237,235,2,https://pemilu2019.kpu.go.id/img/c/900/047/900047686/1-11808-27-C1-PPWP-X1.jpg,https://pemilu2019.kpu.go.id/img/c/900/047/900047686/1-11808-27-C1-PPWP-X2.jpg
6728117431180311808900047687,SUMATERA UTARA,KOTA MEDAN,MEDAN BELAWAN,BELAWAN SICANANG,TPS 28,2019-10-25 17:00:05,145,77,305,224,224,222,2,https://pemilu2019.kpu.go.id/img/c/900/047/900047687/2-11808-28-C1-PPWP-X1.jpg,https://pemilu2019.kpu.go.id/img/c/900/047/900047687/2-11808-28-C1-PPWP-X2.jpg
6728117431180311808900047688,SUMATERA UTARA,KOTA MEDAN,MEDAN BELAWAN,BELAWAN SICANANG,TPS 29,2019-10-25 17:00:05,138,92,0,239,239,230,9,https://pemilu2019.kpu.go.id/img/c/900/047/900047688/2-11808-29-C1-PPWP-X1.jpg,https://pemilu2019.kpu.go.id/img/c/900/047/900047688/2-11808-29-C1-PPWP-X2.jpg
6728117431180311808900047689,SUMATERA UTARA,KOTA MEDAN,MEDAN BELAWAN,BELAWAN SICANANG,TPS 30,2019-10-25 17:00:05,133,22,271,157,157,155,2,https://pemilu2019.kpu.go.id/img/c/900/047/900047689/1-11808-30-C1-PPWP-X15.jpg,https://pemilu2019.kpu.go.id/img/c/900/047/900047689/1-11808-30-C1-PPWP-X16.jpg
6728117431180311808900047690,SUMATERA UTARA,KOTA MEDAN,MEDAN BELAWAN,BELAWAN SICANANG,TPS 31,2019-10-25 17:00:05,156,30,289,190,187,186,1,https://pemilu2019.kpu.go.id/img/c/900/047/900047690/3-11808-31-C1-PPWP-X1.jpg,https://pemilu2019.kpu.go.id/img/c/900/047/900047690/3-11808-31-C1-PPWP-X2.jpg
6728117431180311808900047691,SUMATERA UTARA,KOTA MEDAN,MEDAN BELAWAN,BELAWAN SICANANG,TPS 32,2019-10-25 17:00:05,163,24,290,190,190,187,3,https://pemilu2019.kpu.go.id/img/c/900/047/900047691/1-11808-32-C1-PPWP-X17.jpg,https://pemilu2019.kpu.go.id/img/c/900/047/900047691/1-11808-32-C1-PPWP-X18.jpg
6728117431180311808900047692,SUMATERA UTARA,KOTA MEDAN,MEDAN BELAWAN,BELAWAN SICANANG,TPS 33,2019-10-25 17:00:05,111,100,281,215,215,211,4,https://pemilu2019.kpu.go.id/img/c/900/047/900047692/2-11808-33-C-XXX-X5.jpg,https://pemilu2019.kpu.go.id/img/c/900/047/900047692/2-11808-33-C-XXX-X6.jpg
6728117431180311808900047693,SUMATERA UTARA,KOTA MEDAN,MEDAN BELAWAN,BELAWAN SICANANG,TPS 34,2019-10-25 17:00:05,64,150,258,220,220,214,6,https://pemilu2019.kpu.go.id/img/c/900/047/900047693/1-11808-34-C1-PPWP-X19.jpg,https://pemilu2019.kpu.go.id/img/c/900/047/900047693/1-11808-34-C1-PPWP-X20.jpg
6728117431180311808900047694,SUMATERA UTARA,KOTA MEDAN,MEDAN BELAWAN,BELAWAN SICANANG,TPS 35,2019-10-25 17:00:05,69,120,262,203,203,189,14,https://pemilu2019.kpu.go.id/img/c/900/047/900047694/1-11808-35-C1-PPWP-X21.jpg,https://pemilu2019.kpu.go.id/img/c/900/047/900047694/1-11808-35-C1-PPWP-X22.jpg
6728117431180311808900047695,SUMATERA UTARA,KOTA MEDAN,MEDAN BELAWAN,BELAWAN SICANANG,TPS 36,2019-10-25 17:00:05,62,133,261,199,199,195,4,https://pemilu2019.kpu.go.id/img/c/900/047/900047695/2-11808-36-C-XXX-X5.jpg,https://pemilu2019.kpu.go.id/img/c/900/047/900047695/2-11808-36-C-XXX-X6.jpg
6728117431180311808900047696,SUMATERA UTARA,KOTA MEDAN,MEDAN BELAWAN,BELAWAN SICANANG,TPS 37,2019-10-25 17:00:05,39,104,205,144,144,143,1,https://pemilu2019.kpu.go.id/img/c/900/047/900047696/3-11808-37-C-XXX-X5.jpg,https://pemilu2019.kpu.go.id/img/c/900/047/900047696/3-11808-37-C-XXX-X6.jpg
6728117431180311808900047697,SUMATERA UTARA,KOTA MEDAN,MEDAN BELAWAN,BELAWAN SICANANG,TPS 38,2019-10-25 17:00:05,36,124,164,164,164,4,160,https://pemilu2019.kpu.go.id/img/c/900/047/900047697/2-11808-38-C-XXX-X5.jpg,https://pemilu2019.kpu.go.id/img/c/900/047/900047697/2-11808-38-C-XXX-X6.jpg
6728117431180311808900047698,SUMATERA UTARA,KOTA MEDAN,MEDAN BELAWAN,BELAWAN SICANANG,TPS 39,2019-10-25 17:00:05,62,115,291,180,180,177,3,https://pemilu2019.kpu.go.id/img/c/900/047/900047698/1-11808-39-C-XXX-X5.jpg,https://pemilu2019.kpu.go.id/img/c/900/047/900047698/1-11808-39-C-XXX-X6.jpg
6728117431180311808900047699,SUMATERA UTARA,KOTA MEDAN,MEDAN BELAWAN,BELAWAN SICANANG,TPS 40,2019-10-25 17:00:05,137,58,291,0,198,195,3,https://pemilu2019.kpu.go.id/img/c/900/047/900047699/1-11808-40-C1-PPWP-X23.jpg,https://pemilu2019.kpu.go.id/img/c/900/047/900047699/1-11808-40-C1-PPWP-X24.jpg
6728117431180311808900047700,SUMATERA UTARA,KOTA MEDAN,MEDAN BELAWAN,BELAWAN SICANANG,TPS 41,2019-10-25 17:00:05,80,34,283,121,121,114,7,https://pemilu2019.kpu.go.id/img/c/900/047/900047700/3-11808-41-C1-PPWP-X1.jpg,https://pemilu2019.kpu.go.id/img/c/900/047/900047700/3-11808-41-C1-PPWP-X2.jpg
6728117431180311808900047701,SUMATERA UTARA,KOTA MEDAN,MEDAN BELAWAN,BELAWAN SICANANG,TPS 42,2019-10-25 17:00:05,49,51,213,103,103,100,3,https://pemilu2019.kpu.go.id/img/c/900/047/900047701/2-11808-42-C1-PPWP-X1.jpg,https://pemilu2019.kpu.go.id/img/c/900/047/900047701/2-11808-42-C1-PPWP-X2.jpg
6728117431178611790900047044,SUMATERA UTARA,KOTA MEDAN,MEDAN DELI,KOTA BANGUN,TPS 01,2019-10-25 17:00:05,196,99,373,298,298,295,3,https://pemilu2019.kpu.go.id/img/c/900/047/900047044/1-11790-01-C-XXX-X5.jpg,https://pemilu2019.kpu.go.id/img/c/900/047/900047044/1-11790-01-C-XXX-X6.jpg
6728117431178611790900047045,SUMATERA UTARA,KOTA MEDAN,MEDAN DELI,KOTA BANGUN,TPS 02,2019-10-25 17:00:05,175,114,368,291,291,289,2,https://pemilu2019.kpu.go.id/img/c/900/047/900047045/1-11790-02-C-XXX-X5.jpg,https://pemilu2019.kpu.go.id/img/c/900/047/900047045/1-11790-02-C-XXX-X6.jpg
6728117431178611790900047046,SUMATERA UTARA,KOTA MEDAN,MEDAN DELI,KOTA BANGUN,TPS 03,2019-10-25 17:00:05,224,72,298,298,298,296,2,https://pemilu2019.kpu.go.id/img/c/900/047/900047046/1-11790-03-C1-PPWP-X1.jpg,https://pemilu2019.kpu.go.id/img/c/900/047/900047046/1-11790-03-C1-PPWP-X2.jpg
6728117431178611790900047047,SUMATERA UTARA,KOTA MEDAN,MEDAN DELI,KOTA BANGUN,TPS 04,2019-10-25 17:00:05,190,106,366,298,298,296,2,https://pemilu2019.kpu.go.id/img/c/900/047/900047047/1-11790-04-C-XXX-X5.jpg,https://pemilu2019.kpu.go.id/img/c/900/047/900047047/1-11790-04-C-XXX-X6.jpg
6728117431178611790900047048,SUMATERA UTARA,KOTA MEDAN,MEDAN DELI,KOTA BANGUN,TPS 05,2019-10-25 17:00:05,108,126,306,240,240,234,6,https://pemilu2019.kpu.go.id/img/c/900/047/900047048/1-11790-05-C1-PPWP-X1.jpg,https://pemilu2019.kpu.go.id/img/c/900/047/900047048/1-11790-05-C1-PPWP-X2.jpg
6728117431178611790900047049,SUMATERA UTARA,KOTA MEDAN,MEDAN DELI,KOTA BANGUN,TPS 06,2019-10-25 17:00:05,82,129,289,213,213,211,2,https://pemilu2019.kpu.go.id/img/c/900/047/900047049/1-11790-06-C-XXX-X5.jpg,https://pemilu2019.kpu.go.id/img/c/900/047/900047049/1-11790-06-C-XXX-X6.jpg
6728117431178611790900047050,SUMATERA UTARA,KOTA MEDAN,MEDAN DELI,KOTA BANGUN,TPS 07,2019-10-25 17:00:05,109,166,270,275,275,275,0,https://pemilu2019.kpu.go.id/img/c/900/047/900047050/1-11790-07-C-XXX-X5.jpg,https://pemilu2019.kpu.go.id/img/c/900/047/900047050/1-11790-07-C-XXX-X6.jpg
6728117431178611790900047051,SUMATERA UTARA,KOTA MEDAN,MEDAN DELI,KOTA BANGUN,TPS 08,2019-10-25 17:00:05,60,158,293,222,222,218,4,https://pemilu2019.kpu.go.id/img/c/900/047/900047051/1-11790-08-C-XXX-X5.jpg,https://pemilu2019.kpu.go.id/img/c/900/047/900047051/1-11790-08-C-XXX-X6.jpg
6728117431178611790900047052,SUMATERA UTARA,KOTA MEDAN,MEDAN DELI,KOTA BANGUN,TPS 09,2019-10-25 17:00:05,55,127,240,184,184,182,2,https://pemilu2019.kpu.go.id/img/c/900/047/900047052/1-11790-09-C-XXX-X5.jpg,https://pemilu2019.kpu.go.id/img/c/900/047/900047052/1-11790-09-C-XXX-X6.jpg
6728117431178611790900047053,SUMATERA UTARA,KOTA MEDAN,MEDAN DELI,KOTA BANGUN,TPS 10,2019-10-25 17:00:05,19,128,193,148,148,147,1,https://pemilu2019.kpu.go.id/img/c/900/047/900047053/1-11790-10-C-XXX-X5.jpg,https://pemilu2019.kpu.go.id/img/c/900/047/900047053/1-11790-10-C-XXX-X6.jpg
6728117431178611790900047054,SUMATERA UTARA,KOTA MEDAN,MEDAN DELI,KOTA BANGUN,TPS 11,2019-10-25 17:00:05,28,120,190,148,148,148,0,https://pemilu2019.kpu.go.id/img/c/900/047/900047054/1-11790-11-C1-PPWP-X1.jpg,https://pemilu2019.kpu.go.id/img/c/900/047/900047054/1-11790-11-C1-PPWP-X2.jpg
6728117431178611790900047055,SUMATERA UTARA,KOTA MEDAN,MEDAN DELI,KOTA BANGUN,TPS 12,2019-10-25 17:00:05,54,164,290,220,220,218,2,https://pemilu2019.kpu.go.id/img/c/900/047/900047055/1-11790-12-C1-PPWP-X1.jpg,https://pemilu2019.kpu.go.id/img/c/900/047/900047055/1-11790-12-C1-PPWP-X2.jpg
6728117431178611790900047056,SUMATERA UTARA,KOTA MEDAN,MEDAN DELI,KOTA BANGUN,TPS 13,2019-10-25 17:00:05,45,168,279,217,217,213,4,https://pemilu2019.kpu.go.id/img/c/900/047/900047056/1-11790-13-C-XXX-X5.jpg,https://pemilu2019.kpu.go.id/img/c/900/047/900047056/1-11790-13-C-XXX-X6.jpg
6728117431178611790900047057,SUMATERA UTARA,KOTA MEDAN,MEDAN DELI,KOTA BANGUN,TPS 14,2019-10-25 17:00:05,34,182,291,218,218,216,2,https://pemilu2019.kpu.go.id/img/c/900/047/900047057/1-11790-14-C1-PPWP-X1.jpg,https://pemilu2019.kpu.go.id/img/c/900/047/900047057/1-11790-14-C1-PPWP-X2.jpg
6728117431178611790900047058,SUMATERA UTARA,KOTA MEDAN,MEDAN DELI,KOTA BANGUN,TPS 15,2019-10-25 17:00:05,29,219,307,251,251,248,3,https://pemilu2019.kpu.go.id/img/c/900/047/900047058/1-11790-15-C-XXX-X5.jpg,https://pemilu2019.kpu.go.id/img/c/900/047/900047058/1-11790-15-C-XXX-X6.jpg
6728117431178611790900047059,SUMATERA UTARA,KOTA MEDAN,MEDAN DELI,KOTA BANGUN,TPS 16,2019-10-25 17:00:05,33,211,305,245,245,244,1,https://pemilu2019.kpu.go.id/img/c/900/047/900047059/1-11790-16-C-XXX-X5.jpg,https://pemilu2019.kpu.go.id/img/c/900/047/900047059/1-11790-16-C-XXX-X6.jpg
6728117431178611790900047060,SUMATERA UTARA,KOTA MEDAN,MEDAN DELI,KOTA BANGUN,TPS 17,2019-10-25 17:00:05,34,194,286,228,228,228,0,https://pemilu2019.kpu.go.id/img/c/900/047/900047060/1-11790-17-C-XXX-X5.jpg,https://pemilu2019.kpu.go.id/img/c/900/047/900047060/1-11790-17-C-XXX-X6.jpg
6728117431178611790900047061,SUMATERA UTARA,KOTA MEDAN,MEDAN DELI,KOTA BANGUN,TPS 18,2019-10-25 17:00:05,30,163,278,195,195,193,2,https://pemilu2019.kpu.go.id/img/c/900/047/900047061/1-11790-18-C1-PPWP-X1.jpg,https://pemilu2019.kpu.go.id/img/c/900/047/900047061/1-11790-18-C1-PPWP-X2.jpg
6728117431178611790900047062,SUMATERA UTARA,KOTA MEDAN,MEDAN DELI,KOTA BANGUN,TPS 19,2019-10-25 17:00:05,140,5,283,146,146,145,1,https://pemilu2019.kpu.go.id/img/c/900/047/900047062/1-11790-19-C1-PPWP-X1.jpg,https://pemilu2019.kpu.go.id/img/c/900/047/900047062/1-11790-19-C1-PPWP-X2.jpg
6728117431178611790900047063,SUMATERA UTARA,KOTA MEDAN,MEDAN DELI,KOTA BANGUN,TPS 20,2019-10-25 17:00:05,152,8,280,163,163,160,3,https://pemilu2019.kpu.go.id/img/c/900/047/900047063/1-11790-20-C1-PPWP-X1.jpg,https://pemilu2019.kpu.go.id/img/c/900/047/900047063/1-11790-20-C1-PPWP-X2.jpg
6728117431178611790900047064,SUMATERA UTARA,KOTA MEDAN,MEDAN DELI,KOTA BANGUN,TPS 21,2019-10-25 17:00:05,152,8,282,163,163,160,3,https://pemilu2019.kpu.go.id/img/c/900/047/900047064/1-11790-21-C1-PPWP-X1.jpg,https://pemilu2019.kpu.go.id/img/c/900/047/900047064/1-11790-21-C1-PPWP-X2.jpg
6728117431178611790900047065,SUMATERA UTARA,KOTA MEDAN,MEDAN DELI,KOTA BANGUN,TPS 22,2019-10-25 17:00:05,150,7,272,158,158,157,1,https://pemilu2019.kpu.go.id/img/c/900/047/900047065/1-11790-22-C1-PPWP-X1.jpg,https://pemilu2019.kpu.go.id/img/c/900/047/900047065/1-11790-22-C1-PPWP-X2.jpg
6728117431178611790900047066,SUMATERA UTARA,KOTA MEDAN,MEDAN DELI,KOTA BANGUN,TPS 23,2019-10-25 17:00:05,132,23,255,159,159,155,86,https://pemilu2019.kpu.go.id/img/c/900/047/900047066/1-11790-23-C1-PPWP-X3.jpg,https://pemilu2019.kpu.go.id/img/c/900/047/900047066/1-11790-23-C1-PPWP-X4.jpg
6728117431178611790900047067,SUMATERA UTARA,KOTA MEDAN,MEDAN DELI,KOTA BANGUN,TPS 24,2019-10-25 17:00:05,150,20,249,175,175,170,5,https://pemilu2019.kpu.go.id/img/c/900/047/900047067/1-11790-24-C1-PPWP-X1.jpg,https://pemilu2019.kpu.go.id/img/c/900/047/900047067/1-11790-24-C1-PPWP-X2.jpg
6728117431178611790900047068,SUMATERA UTARA,KOTA MEDAN,MEDAN DELI,KOTA BANGUN,TPS 25,2019-10-25 17:00:05,115,27,210,151,151,142,9,https://pemilu2019.kpu.go.id/img/c/900/047/900047068/1-11790-25-C1-PPWP-X1.jpg,https://pemilu2019.kpu.go.id/img/c/900/047/900047068/1-11790-25-C1-PPWP-X2.jpg
6728117431178611790900047069,SUMATERA UTARA,KOTA MEDAN,MEDAN DELI,KOTA BANGUN,TPS 26,2019-10-25 17:00:05,155,123,343,279,279,278,1,https://pemilu2019.kpu.go.id/img/c/900/047/900047069/1-11790-26-C1-PPWP-X1.jpg,https://pemilu2019.kpu.go.id/img/c/900/047/900047069/1-11790-26-C1-PPWP-X2.jpg
6728117431178611791900047070,SUMATERA UTARA,KOTA MEDAN,MEDAN DELI,MABAR,TPS 01,2019-10-25 17:00:05,52,138,241,193,193,190,3,https://pemilu2019.kpu.go.id/img/c/900/047/900047070/1-11791-01-C1-PPWP-X1.jpg,https://pemilu2019.kpu.go.id/img/c/900/047/900047070/1-11791-01-C1-PPWP-X2.jpg
6728117431178611791900047071,SUMATERA UTARA,KOTA MEDAN,MEDAN DELI,MABAR,TPS 02,2019-10-25 17:00:05,60,131,239,195,195,191,4,https://pemilu2019.kpu.go.id/img/c/900/047/900047071/1-11791-02-C1-PPWP-X1.jpg,https://pemilu2019.kpu.go.id/img/c/900/047/900047071/1-11791-02-C1-PPWP-X2.jpg
6728117431178611791900047072,SUMATERA UTARA,KOTA MEDAN,MEDAN DELI,MABAR,TPS 03,2019-10-25 17:00:05,51,153,282,205,205,204,1,https://pemilu2019.kpu.go.id/img/c/900/047/900047072/1-11791-03-C1-PPWP-X1.jpg,https://pemilu2019.kpu.go.id/img/c/900/047/900047072/1-11791-03-C1-PPWP-X2.jpg
6728117431178611791900047073,SUMATERA UTARA,KOTA MEDAN,MEDAN DELI,MABAR,TPS 04,2019-10-25 17:00:05,55,159,290,217,217,214,3,https://pemilu2019.kpu.go.id/img/c/900/047/900047073/1-11791-04-C1-PPWP-X1.jpg,https://pemilu2019.kpu.go.id/img/c/900/047/900047073/1-11791-04-C1-PPWP-X2.jpg
6728117431178611791900047074,SUMATERA UTARA,KOTA MEDAN,MEDAN DELI,MABAR,TPS 05,2019-10-25 17:00:05,53,151,282,207,207,204,3,https://pemilu2019.kpu.go.id/img/c/900/047/900047074/1-11791-05-C1-PPWP-X1.jpg,https://pemilu2019.kpu.go.id/img/c/900/047/900047074/1-11791-05-C1-PPWP-X2.jpg
6728117431178611791900047075,SUMATERA UTARA,KOTA MEDAN,MEDAN DELI,MABAR,TPS 06,2019-10-25 17:00:05,45,169,270,214,214,214,0,https://pemilu2019.kpu.go.id/img/c/900/047/900047075/1-11791-06-C1-PPWP-X1.jpg,https://pemilu2019.kpu.go.id/img/c/900/047/900047075/1-11791-06-C1-PPWP-X2.jpg
6728117431178611791900047076,SUMATERA UTARA,KOTA MEDAN,MEDAN DELI,MABAR,TPS 07,2019-10-25 17:00:05,46,97,198,144,144,143,1,https://pemilu2019.kpu.go.id/img/c/900/047/900047076/1-11791-07-C1-PPWP-X1.jpg,https://pemilu2019.kpu.go.id/img/c/900/047/900047076/1-11791-07-C1-PPWP-X2.jpg
6728117431178611791900047077,SUMATERA UTARA,KOTA MEDAN,MEDAN DELI,MABAR,TPS 08,2019-10-25 17:00:05,28,93,165,123,123,121,2,https://pemilu2019.kpu.go.id/img/c/900/047/900047077/1-11791-08-C1-PPWP-X3.jpg,https://pemilu2019.kpu.go.id/img/c/900/047/900047077/1-11791-08-C1-PPWP-X4.jpg
6728117431178611791900047078,SUMATERA UTARA,KOTA MEDAN,MEDAN DELI,MABAR,TPS 09,2019-10-25 17:00:05,83,109,266,196,194,192,2,https://pemilu2019.kpu.go.id/img/c/900/047/900047078/1-11791-09-C1-PPWP-X1.jpg,https://pemilu2019.kpu.go.id/img/c/900/047/900047078/1-11791-09-C1-PPWP-X2.jpg
6728117431178611791900047079,SUMATERA UTARA,KOTA MEDAN,MEDAN DELI,MABAR,TPS 10,2019-10-25 17:00:05,53,136,246,191,191,89,2,https://pemilu2019.kpu.go.id/img/c/900/047/900047079/1-11791-10-C1-PPWP-X1.jpg,https://pemilu2019.kpu.go.id/img/c/900/047/900047079/1-11791-10-C1-PPWP-X2.jpg
6728117431178611791900047080,SUMATERA UTARA,KOTA MEDAN,MEDAN DELI,MABAR,TPS 11,2019-10-25 17:00:05,48,109,228,157,157,157,0,https://pemilu2019.kpu.go.id/img/c/900/047/900047080/1-11791-11-C1-PPWP-X1.jpg,https://pemilu2019.kpu.go.id/img/c/900/047/900047080/1-11791-11-C1-PPWP-X2.jpg
6728117431178611791900047081,SUMATERA UTARA,KOTA MEDAN,MEDAN DELI,MABAR,TPS 12,2019-10-25 17:00:05,56,99,243,157,157,2,155,https://pemilu2019.kpu.go.id/img/c/900/047/900047081/1-11791-12-C1-PPWP-X1.jpg,https://pemilu2019.kpu.go.id/img/c/900/047/900047081/1-11791-12-C1-PPWP-X2.jpg
6728117431178611791900047082,SUMATERA UTARA,KOTA MEDAN,MEDAN DELI,MABAR,TPS 13,2019-10-25 17:00:05,46,84,240,133,133,130,3,https://pemilu2019.kpu.go.id/img/c/900/047/900047082/1-11791-13-C1-PPWP-X1.jpg,https://pemilu2019.kpu.go.id/img/c/900/047/900047082/1-11791-13-C1-PPWP-X2.jpg
6728117431178611791900047083,SUMATERA UTARA,KOTA MEDAN,MEDAN DELI,MABAR,TPS 14,2019-10-25 17:00:05,70,91,253,162,162,161,1,https://pemilu2019.kpu.go.id/img/c/900/047/900047083/1-11791-14-C1-PPWP-X1.jpg,https://pemilu2019.kpu.go.id/img/c/900/047/900047083/1-11791-14-C1-PPWP-X2.jpg
6728117431178611791900047084,SUMATERA UTARA,KOTA MEDAN,MEDAN DELI,MABAR,TPS 15,2019-10-25 17:00:05,30,106,243,136,136,136,0,https://pemilu2019.kpu.go.id/img/c/900/047/900047084/1-11791-15-C1-PPWP-X1.jpg,https://pemilu2019.kpu.go.id/img/c/900/047/900047084/1-11791-15-C1-PPWP-X2.jpg
6728117431178611791900047085,SUMATERA UTARA,KOTA MEDAN,MEDAN DELI,MABAR,TPS 16,2019-10-25 17:00:05,30,110,0,141,141,140,1,https://pemilu2019.kpu.go.id/img/c/900/047/900047085/1-11791-16-C1-PPWP-X1.jpg,https://pemilu2019.kpu.go.id/img/c/900/047/900047085/1-11791-16-C1-PPWP-X2.jpg
6728117431178611791900047086,SUMATERA UTARA,KOTA MEDAN,MEDAN DELI,MABAR,TPS 17,2019-10-25 17:00:05,46,104,221,154,154,150,4,https://pemilu2019.kpu.go.id/img/c/900/047/900047086/1-11791-17-C1-PPWP-X3.jpg,https://pemilu2019.kpu.go.id/img/c/900/047/900047086/1-11791-17-C1-PPWP-X4.jpg
6728117431178611791900047087,SUMATERA UTARA,KOTA MEDAN,MEDAN DELI,MABAR,TPS 18,2019-10-25 17:00:05,56,87,233,145,145,143,2,https://pemilu2019.kpu.go.id/img/c/900/047/900047087/1-11791-18-C1-PPWP-X5.jpg,https://pemilu2019.kpu.go.id/img/c/900/047/900047087/1-11791-18-C1-PPWP-X6.jpg
6728117431178611791900047088,SUMATERA UTARA,KOTA MEDAN,MEDAN DELI,MABAR,TPS 19,2019-10-25 17:00:05,57,82,214,139,139,139,0,https://pemilu2019.kpu.go.id/img/c/900/047/900047088/1-11791-19-C1-PPWP-X7.jpg,https://pemilu2019.kpu.go.id/img/c/900/047/900047088/1-11791-19-C1-PPWP-X8.jpg
6728117431178611791900047089,SUMATERA UTARA,KOTA MEDAN,MEDAN DELI,MABAR,TPS 20,2019-10-25 17:00:05,71,118,271,189,0,189,0,https://pemilu2019.kpu.go.id/img/c/900/047/900047089/1-11791-20-C1-PPWP-X1.jpg,https://pemilu2019.kpu.go.id/img/c/900/047/900047089/1-11791-20-C1-PPWP-X2.jpg
6728117431178611791900047090,SUMATERA UTARA,KOTA MEDAN,MEDAN DELI,MABAR,TPS 21,2019-10-25 17:00:05,69,126,275,196,196,195,1,https://pemilu2019.kpu.go.id/img/c/900/047/900047090/1-11791-21-C1-PPWP-X1.jpg,https://pemilu2019.kpu.go.id/img/c/900/047/900047090/1-11791-21-C1-PPWP-X2.jpg
6728117431178611791900047091,SUMATERA UTARA,KOTA MEDAN,MEDAN DELI,MABAR,TPS 22,2019-10-25 17:00:05,84,137,257,224,224,221,3,https://pemilu2019.kpu.go.id/img/c/900/047/900047091/1-11791-22-C1-PPWP-X1.jpg,https://pemilu2019.kpu.go.id/img/c/900/047/900047091/1-11791-22-C1-PPWP-X2.jpg
6728117431178611791900047092,SUMATERA UTARA,KOTA MEDAN,MEDAN DELI,MABAR,TPS 23,2019-10-25 17:00:05,77,127,269,208,208,204,4,https://pemilu2019.kpu.go.id/img/c/900/047/900047092/1-11791-23-C1-PPWP-X1.jpg,https://pemilu2019.kpu.go.id/img/c/900/047/900047092/1-11791-23-C1-PPWP-X2.jpg
6728117431178611791900047093,SUMATERA UTARA,KOTA MEDAN,MEDAN DELI,MABAR,TPS 24,2019-10-25 17:00:05,61,136,264,197,197,197,0,https://pemilu2019.kpu.go.id/img/c/900/047/900047093/1-11791-24-C1-PPWP-X1.jpg,https://pemilu2019.kpu.go.id/img/c/900/047/900047093/1-11791-24-C1-PPWP-X2.jpg
6728117431178611791900047094,SUMATERA UTARA,KOTA MEDAN,MEDAN DELI,MABAR,TPS 25,2019-10-25 17:00:05,81,94,269,178,178,175,3,https://pemilu2019.kpu.go.id/img/c/900/047/900047094/1-11791-25-C1-PPWP-X1.jpg,https://pemilu2019.kpu.go.id/img/c/900/047/900047094/1-11791-25-C1-PPWP-X2.jpg
6728117431178611791900047095,SUMATERA UTARA,KOTA MEDAN,MEDAN DELI,MABAR,TPS 26,2019-10-25 17:00:05,62,140,277,203,203,202,1,https://pemilu2019.kpu.go.id/img/c/900/047/900047095/1-11791-26-C1-PPWP-X1.jpg,https://pemilu2019.kpu.go.id/img/c/900/047/900047095/1-11791-26-C1-PPWP-X2.jpg
6728117431178611791900047096,SUMATERA UTARA,KOTA MEDAN,MEDAN DELI,MABAR,TPS 27,2019-10-25 17:00:05,101,93,249,197,197,194,3,https://pemilu2019.kpu.go.id/img/c/900/047/900047096/1-11791-27-C1-PPWP-X1.jpg,https://pemilu2019.kpu.go.id/img/c/900/047/900047096/1-11791-27-C1-PPWP-X2.jpg
6728117431178611791900047097,SUMATERA UTARA,KOTA MEDAN,MEDAN DELI,MABAR,TPS 28,2019-10-25 17:00:05,82,92,250,250,175,174,1,https://pemilu2019.kpu.go.id/img/c/900/047/900047097/1-11791-28-C1-PPWP-X1.jpg,https://pemilu2019.kpu.go.id/img/c/900/047/900047097/1-11791-28-C1-PPWP-X2.jpg
6728117431178611791900047098,SUMATERA UTARA,KOTA MEDAN,MEDAN DELI,MABAR,TPS 29,2019-10-25 17:00:05,76,76,232,156,156,152,4,https://pemilu2019.kpu.go.id/img/c/900/047/900047098/1-11791-29-C1-PPWP-X1.jpg,https://pemilu2019.kpu.go.id/img/c/900/047/900047098/1-11791-29-C1-PPWP-X2.jpg
6728117431178611791900047099,SUMATERA UTARA,KOTA MEDAN,MEDAN DELI,MABAR,TPS 30,2019-10-25 17:00:05,87,76,256,164,164,163,1,https://pemilu2019.kpu.go.id/img/c/900/047/900047099/1-11791-30-C1-PPWP-X1.jpg,https://pemilu2019.kpu.go.id/img/c/900/047/900047099/1-11791-30-C1-PPWP-X2.jpg
6728117431178611791900047100,SUMATERA UTARA,KOTA MEDAN,MEDAN DELI,MABAR,TPS 31,2019-10-25 17:00:05,97,138,299,237,237,235,2,https://pemilu2019.kpu.go.id/img/c/900/047/900047100/1-11791-31-C1-PPWP-X1.jpg,https://pemilu2019.kpu.go.id/img/c/900/047/900047100/1-11791-31-C1-PPWP-X2.jpg
6728117431178611791900047101,SUMATERA UTARA,KOTA MEDAN,MEDAN DELI,MABAR,TPS 32,2019-10-25 17:00:05,76,157,290,237,237,233,4,https://pemilu2019.kpu.go.id/img/c/900/047/900047101/1-11791-32-C1-PPWP-X1.jpg,https://pemilu2019.kpu.go.id/img/c/900/047/900047101/1-11791-32-C1-PPWP-X2.jpg
6728117431178611791900047102,SUMATERA UTARA,KOTA MEDAN,MEDAN DELI,MABAR,TPS 33,2019-10-25 17:00:05,89,145,300,238,238,234,4,https://pemilu2019.kpu.go.id/img/c/900/047/900047102/1-11791-33-C1-PPWP-X1.jpg,https://pemilu2019.kpu.go.id/img/c/900/047/900047102/1-11791-33-C1-PPWP-X2.jpg
6728117431178611791900047103,SUMATERA UTARA,KOTA MEDAN,MEDAN DELI,MABAR,TPS 34,2019-10-25 17:00:05,85,133,275,222,222,218,4,https://pemilu2019.kpu.go.id/img/c/900/047/900047103/1-11791-34-C1-PPWP-X1.jpg,https://pemilu2019.kpu.go.id/img/c/900/047/900047103/1-11791-34-C1-PPWP-X2.jpg
6728117431178611791900047104,SUMATERA UTARA,KOTA MEDAN,MEDAN DELI,MABAR,TPS 35,2019-10-25 17:00:05,101,132,293,234,234,233,1,https://pemilu2019.kpu.go.id/img/c/900/047/900047104/1-11791-35-C1-PPWP-X1.jpg,https://pemilu2019.kpu.go.id/img/c/900/047/900047104/1-11791-35-C1-PPWP-X2.jpg
6728117431178611791900047105,SUMATERA UTARA,KOTA MEDAN,MEDAN DELI,MABAR,TPS 36,2019-10-25 17:00:05,95,133,0,228,228,228,0,https://pemilu2019.kpu.go.id/img/c/900/047/900047105/2-11791-36-C1-PPWP-X1.jpg,https://pemilu2019.kpu.go.id/img/c/900/047/900047105/2-11791-36-C1-PPWP-X2.jpg
6728117431178611791900047106,SUMATERA UTARA,KOTA MEDAN,MEDAN DELI,MABAR,TPS 37,2019-10-25 17:00:05,105,120,291,230,230,225,5,https://pemilu2019.kpu.go.id/img/c/900/047/900047106/1-11791-37-C1-PPWP-X1.jpg,https://pemilu2019.kpu.go.id/img/c/900/047/900047106/1-11791-37-C1-PPWP-X2.jpg
6728117431178611791900047107,SUMATERA UTARA,KOTA MEDAN,MEDAN DELI,MABAR,TPS 38,2019-10-25 17:00:05,91,151,332,244,244,242,2,https://pemilu2019.kpu.go.id/img/c/900/047/900047107/1-11791-38-C1-PPWP-X1.jpg,https://pemilu2019.kpu.go.id/img/c/900/047/900047107/1-11791-38-C1-PPWP-X2.jpg
6728117431178611791900047108,SUMATERA UTARA,KOTA MEDAN,MEDAN DELI,MABAR,TPS 39,2019-10-25 17:00:05,71,192,357,266,266,263,3,https://pemilu2019.kpu.go.id/img/c/900/047/900047108/1-11791-39-C1-PPWP-X1.jpg,https://pemilu2019.kpu.go.id/img/c/900/047/900047108/1-11791-39-C1-PPWP-X2.jpg
6728117431178611791900047109,SUMATERA UTARA,KOTA MEDAN,MEDAN DELI,MABAR,TPS 40,2019-10-25 17:00:05,96,147,280,248,247,243,4,https://pemilu2019.kpu.go.id/img/c/900/047/900047109/1-11791-40-C1-PPWP-X1.jpg,https://pemilu2019.kpu.go.id/img/c/900/047/900047109/1-11791-40-C1-PPWP-X2.jpg
6728117431178611791900047110,SUMATERA UTARA,KOTA MEDAN,MEDAN DELI,MABAR,TPS 41,2019-10-25 17:00:05,81,139,268,221,222,220,2,https://pemilu2019.kpu.go.id/img/c/900/047/900047110/1-11791-41-C1-PPWP-X1.jpg,https://pemilu2019.kpu.go.id/img/c/900/047/900047110/1-11791-41-C1-PPWP-X2.jpg
6728117431178611791900047111,SUMATERA UTARA,KOTA MEDAN,MEDAN DELI,MABAR,TPS 42,2019-10-25 17:00:05,87,145,269,235,235,232,3,https://pemilu2019.kpu.go.id/img/c/900/047/900047111/1-11791-42-C1-PPWP-X1.jpg,https://pemilu2019.kpu.go.id/img/c/900/047/900047111/1-11791-42-C1-PPWP-X2.jpg
6728117431178611791900047112,SUMATERA UTARA,KOTA MEDAN,MEDAN DELI,MABAR,TPS 43,2019-10-25 17:00:05,67,141,291,213,213,208,5,https://pemilu2019.kpu.go.id/img/c/900/047/900047112/1-11791-43-C1-PPWP-X1.jpg,https://pemilu2019.kpu.go.id/img/c/900/047/900047112/1-11791-43-C1-PPWP-X2.jpg
6728117431178611791900047113,SUMATERA UTARA,KOTA MEDAN,MEDAN DELI,MABAR,TPS 44,2019-10-25 17:00:05,101,186,360,290,291,287,4,https://pemilu2019.kpu.go.id/img/c/900/047/900047113/1-11791-44-C1-PPWP-X1.jpg,https://pemilu2019.kpu.go.id/img/c/900/047/900047113/1-11791-44-C1-PPWP-X2.jpg
6728117431178611791900047114,SUMATERA UTARA,KOTA MEDAN,MEDAN DELI,MABAR,TPS 45,2019-10-25 17:00:05,64,180,290,244,245,244,1,https://pemilu2019.kpu.go.id/img/c/900/047/900047114/1-11791-45-C1-PPWP-X3.jpg,https://pemilu2019.kpu.go.id/img/c/900/047/900047114/1-11791-45-C1-PPWP-X4.jpg
6728117431178611791900047115,SUMATERA UTARA,KOTA MEDAN,MEDAN DELI,MABAR,TPS 46,2019-10-25 17:00:05,91,95,290,187,187,186,1,https://pemilu2019.kpu.go.id/img/c/900/047/900047115/1-11791-46-C1-PPWP-X1.jpg,https://pemilu2019.kpu.go.id/img/c/900/047/900047115/1-11791-46-C1-PPWP-X2.jpg
6728117431178611791900047116,SUMATERA UTARA,KOTA MEDAN,MEDAN DELI,MABAR,TPS 47,2019-10-25 17:00:05,69,138,190,208,208,207,1,https://pemilu2019.kpu.go.id/img/c/900/047/900047116/1-11791-47-C1-PPWP-X5.jpg,https://pemilu2019.kpu.go.id/img/c/900/047/900047116/1-11791-47-C1-PPWP-X6.jpg
6728117431178611791900047117,SUMATERA UTARA,KOTA MEDAN,MEDAN DELI,MABAR,TPS 48,2019-10-25 17:00:05,81,85,275,171,171,166,5,https://pemilu2019.kpu.go.id/img/c/900/047/900047117/2-11791-48-C1-PPWP-X1.jpg,https://pemilu2019.kpu.go.id/img/c/900/047/900047117/2-11791-48-C1-PPWP-X2.jpg
6728117431178611791900047118,SUMATERA UTARA,KOTA MEDAN,MEDAN DELI,MABAR,TPS 49,2019-10-25 17:00:05,80,114,282,199,199,194,5,https://pemilu2019.kpu.go.id/img/c/900/047/900047118/1-11791-49-C1-PPWP-X1.jpg,https://pemilu2019.kpu.go.id/img/c/900/047/900047118/1-11791-49-C1-PPWP-X2.jpg
6728117431178611791900047119,SUMATERA UTARA,KOTA MEDAN,MEDAN DELI,MABAR,TPS 50,2019-10-25 17:00:05,37,127,265,165,165,164,1,https://pemilu2019.kpu.go.id/img/c/900/047/900047119/1-11791-50-C1-PPWP-X1.jpg,https://pemilu2019.kpu.go.id/img/c/900/047/900047119/1-11791-50-C1-PPWP-X2.jpg
6728117431178611791900047120,SUMATERA UTARA,KOTA MEDAN,MEDAN DELI,MABAR,TPS 51,2019-10-25 17:00:05,48,125,268,176,176,173,3,https://pemilu2019.kpu.go.id/img/c/900/047/900047120/1-11791-51-C1-PPWP-X1.jpg,https://pemilu2019.kpu.go.id/img/c/900/047/900047120/1-11791-51-C1-PPWP-X2.jpg
6728117431178611791900047121,SUMATERA UTARA,KOTA MEDAN,MEDAN DELI,MABAR,TPS 52,2019-10-25 17:00:05,50,151,267,201,0,201,0,https://pemilu2019.kpu.go.id/img/c/900/047/900047121/1-11791-52-C1-PPWP-X1.jpg,https://pemilu2019.kpu.go.id/img/c/900/047/900047121/1-11791-52-C1-PPWP-X2.jpg
6728117431178611791900047122,SUMATERA UTARA,KOTA MEDAN,MEDAN DELI,MABAR,TPS 53,2019-10-25 17:00:05,50,129,263,179,270,179,91,https://pemilu2019.kpu.go.id/img/c/900/047/900047122/2-11791-53-C1-PPWP-X1.jpg,https://pemilu2019.kpu.go.id/img/c/900/047/900047122/2-11791-53-C1-PPWP-X2.jpg
6728117431178611791900047123,SUMATERA UTARA,KOTA MEDAN,MEDAN DELI,MABAR,TPS 54,2019-10-25 17:00:05,68,127,266,195,195,195,0,https://pemilu2019.kpu.go.id/img/c/900/047/900047123/1-11791-54-C1-PPWP-X1.jpg,https://pemilu2019.kpu.go.id/img/c/900/047/900047123/1-11791-54-C1-PPWP-X2.jpg
6728117431178611791900047124,SUMATERA UTARA,KOTA MEDAN,MEDAN DELI,MABAR,TPS 55,2019-10-25 17:00:05,53,138,276,191,191,191,0,https://pemilu2019.kpu.go.id/img/c/900/047/900047124/1-11791-55-C1-PPWP-X1.jpg,https://pemilu2019.kpu.go.id/img/c/900/047/900047124/1-11791-55-C1-PPWP-X2.jpg
6728117431178611791900047125,SUMATERA UTARA,KOTA MEDAN,MEDAN DELI,MABAR,TPS 56,2019-10-25 17:00:05,54,131,266,187,187,185,2,https://pemilu2019.kpu.go.id/img/c/900/047/900047125/2-11791-56-C1-PPWP-X7.jpg,https://pemilu2019.kpu.go.id/img/c/900/047/900047125/2-11791-56-C1-PPWP-X8.jpg
6728117431178611791900047126,SUMATERA UTARA,KOTA MEDAN,MEDAN DELI,MABAR,TPS 57,2019-10-25 17:00:05,66,166,281,185,185,182,3,https://pemilu2019.kpu.go.id/img/c/900/047/900047126/1-11791-57-C1-PPWP-X1.jpg,https://pemilu2019.kpu.go.id/img/c/900/047/900047126/1-11791-57-C1-PPWP-X2.jpg
6728117431178611791900047127,SUMATERA UTARA,KOTA MEDAN,MEDAN DELI,MABAR,TPS 58,2019-10-25 17:00:05,55,111,266,167,167,166,1,https://pemilu2019.kpu.go.id/img/c/900/047/900047127/1-11791-58-C1-PPWP-X1.jpg,https://pemilu2019.kpu.go.id/img/c/900/047/900047127/1-11791-58-C1-PPWP-X2.jpg
6728117431178611791900047128,SUMATERA UTARA,KOTA MEDAN,MEDAN DELI,MABAR,TPS 59,2019-10-25 17:00:05,47,125,263,172,172,172,0,https://pemilu2019.kpu.go.id/img/c/900/047/900047128/1-11791-59-C1-PPWP-X1.jpg,https://pemilu2019.kpu.go.id/img/c/900/047/900047128/1-11791-59-C1-PPWP-X2.jpg
6728117431178611791900047129,SUMATERA UTARA,KOTA MEDAN,MEDAN DELI,MABAR,TPS 60,2019-10-25 17:00:05,53,108,266,162,162,161,1,https://pemilu2019.kpu.go.id/img/c/900/047/900047129/1-11791-60-C1-PPWP-X1.jpg,https://pemilu2019.kpu.go.id/img/c/900/047/900047129/1-11791-60-C1-PPWP-X2.jpg
6728117431178611791900047130,SUMATERA UTARA,KOTA MEDAN,MEDAN DELI,MABAR,TPS 61,2019-10-25 17:00:05,30,118,273,150,150,148,2,https://pemilu2019.kpu.go.id/img/c/900/047/900047130/1-11791-61-C1-PPWP-X1.jpg,https://pemilu2019.kpu.go.id/img/c/900/047/900047130/1-11791-61-C1-PPWP-X2.jpg
6728117431178611791900047131,SUMATERA UTARA,KOTA MEDAN,MEDAN DELI,MABAR,TPS 62,2019-10-25 17:00:05,53,124,279,179,179,177,2,https://pemilu2019.kpu.go.id/img/c/900/047/900047131/1-11791-62-C1-PPWP-X1.jpg,https://pemilu2019.kpu.go.id/img/c/900/047/900047131/1-11791-62-C1-PPWP-X2.jpg
6728117431178611791900047132,SUMATERA UTARA,KOTA MEDAN,MEDAN DELI,MABAR,TPS 63,2019-10-25 17:00:05,51,143,236,194,194,194,0,https://pemilu2019.kpu.go.id/img/c/900/047/900047132/1-11791-63-C1-PPWP-X1.jpg,https://pemilu2019.kpu.go.id/img/c/900/047/900047132/1-11791-63-C1-PPWP-X2.jpg
6728117431178611791900047133,SUMATERA UTARA,KOTA MEDAN,MEDAN DELI,MABAR,TPS 64,2019-10-25 17:00:05,40,152,236,192,192,192,0,https://pemilu2019.kpu.go.id/img/c/900/047/900047133/1-11791-64-C1-PPWP-X1.jpg,https://pemilu2019.kpu.go.id/img/c/900/047/900047133/1-11791-64-C1-PPWP-X2.jpg
6728117431178611791900047134,SUMATERA UTARA,KOTA MEDAN,MEDAN DELI,MABAR,TPS 65,2019-10-25 17:00:05,41,147,235,188,188,188,0,https://pemilu2019.kpu.go.id/img/c/900/047/900047134/1-11791-65-C1-PPWP-X1.jpg,https://pemilu2019.kpu.go.id/img/c/900/047/900047134/1-11791-65-C1-PPWP-X2.jpg
6728117431178611791900047135,SUMATERA UTARA,KOTA MEDAN,MEDAN DELI,MABAR,TPS 66,2019-10-25 17:00:05,38,153,243,192,192,191,1,https://pemilu2019.kpu.go.id/img/c/900/047/900047135/1-11791-66-C1-PPWP-X1.jpg,https://pemilu2019.kpu.go.id/img/c/900/047/900047135/1-11791-66-C1-PPWP-X2.jpg
6728117431178611791900047136,SUMATERA UTARA,KOTA MEDAN,MEDAN DELI,MABAR,TPS 67,2019-10-25 17:00:05,40,135,232,175,175,175,0,https://pemilu2019.kpu.go.id/img/c/900/047/900047136/1-11791-67-C1-PPWP-X1.jpg,https://pemilu2019.kpu.go.id/img/c/900/047/900047136/1-11791-67-C1-PPWP-X2.jpg
6728117431178611791900047137,SUMATERA UTARA,KOTA MEDAN,MEDAN DELI,MABAR,TPS 68,2019-10-25 17:00:05,41,143,246,185,185,184,1,https://pemilu2019.kpu.go.id/img/c/900/047/900047137/1-11791-68-C1-PPWP-X1.jpg,https://pemilu2019.kpu.go.id/img/c/900/047/900047137/1-11791-68-C1-PPWP-X2.jpg
6728117431178611791900047138,SUMATERA UTARA,KOTA MEDAN,MEDAN DELI,MABAR,TPS 69,2019-10-25 17:00:05,40,122,273,164,164,162,2,https://pemilu2019.kpu.go.id/img/c/900/047/900047138/1-11791-69-C1-PPWP-X1.jpg,https://pemilu2019.kpu.go.id/img/c/900/047/900047138/1-11791-69-C1-PPWP-X2.jpg
6728117431178611791900047139,SUMATERA UTARA,KOTA MEDAN,MEDAN DELI,MABAR,TPS 70,2019-10-25 17:00:05,36,96,284,134,134,132,2,https://pemilu2019.kpu.go.id/img/c/900/047/900047139/1-11791-70-C1-PPWP-X1.jpg,https://pemilu2019.kpu.go.id/img/c/900/047/900047139/1-11791-70-C1-PPWP-X2.jpg
6728117431178611791900047140,SUMATERA UTARA,KOTA MEDAN,MEDAN DELI,MABAR,TPS 71,2019-10-25 17:00:05,35,118,154,0,154,153,1,https://pemilu2019.kpu.go.id/img/c/900/047/900047140/1-11791-71-C1-PPWP-X1.jpg,https://pemilu2019.kpu.go.id/img/c/900/047/900047140/1-11791-71-C1-PPWP-X2.jpg
6728117431178611791900047141,SUMATERA UTARA,KOTA MEDAN,MEDAN DELI,MABAR,TPS 72,2019-10-25 17:00:05,66,123,316,192,192,189,3,https://pemilu2019.kpu.go.id/img/c/900/047/900047141/1-11791-72-C1-PPWP-X1.jpg,https://pemilu2019.kpu.go.id/img/c/900/047/900047141/1-11791-72-C1-PPWP-X2.jpg
6728117431178611791900047142,SUMATERA UTARA,KOTA MEDAN,MEDAN DELI,MABAR,TPS 73,2019-10-25 17:00:05,29,105,270,134,134,134,0,https://pemilu2019.kpu.go.id/img/c/900/047/900047142/1-11791-73-C1-PPWP-X1.jpg,https://pemilu2019.kpu.go.id/img/c/900/047/900047142/1-11791-73-C1-PPWP-X2.jpg
6728117431178611791900047143,SUMATERA UTARA,KOTA MEDAN,MEDAN DELI,MABAR,TPS 74,2019-10-25 17:00:05,99,123,236,227,227,222,5,https://pemilu2019.kpu.go.id/img/c/900/047/900047143/1-11791-74-C1-PPWP-X1.jpg,https://pemilu2019.kpu.go.id/img/c/900/047/900047143/1-11791-74-C1-PPWP-X2.jpg
6728117431178611791900047144,SUMATERA UTARA,KOTA MEDAN,MEDAN DELI,MABAR,TPS 75,2019-10-25 17:00:05,59,105,233,165,165,164,1,https://pemilu2019.kpu.go.id/img/c/900/047/900047144/1-11791-75-C1-PPWP-X1.jpg,https://pemilu2019.kpu.go.id/img/c/900/047/900047144/1-11791-75-C1-PPWP-X2.jpg
6728117431178611791900047145,SUMATERA UTARA,KOTA MEDAN,MEDAN DELI,MABAR,TPS 76,2019-10-25 17:00:05,69,131,391,201,201,200,1,https://pemilu2019.kpu.go.id/img/c/900/047/900047145/1-11791-76-C1-PPWP-X1.jpg,https://pemilu2019.kpu.go.id/img/c/900/047/900047145/1-11791-76-C1-PPWP-X2.jpg
6728117431178611791900047146,SUMATERA UTARA,KOTA MEDAN,MEDAN DELI,MABAR,TPS 77,2019-10-25 17:00:05,59,133,276,192,0,0,0,https://pemilu2019.kpu.go.id/img/c/900/047/900047146/1-11791-77-C1-PPWP-X1.jpg,https://pemilu2019.kpu.go.id/img/c/900/047/900047146/1-11791-77-C1-PPWP-X2.jpg
6728117431178611791900047147,SUMATERA UTARA,KOTA MEDAN,MEDAN DELI,MABAR,TPS 78,2019-10-25 17:00:05,80,106,277,186,186,186,0,https://pemilu2019.kpu.go.id/img/c/900/047/900047147/1-11791-78-C1-PPWP-X1.jpg,https://pemilu2019.kpu.go.id/img/c/900/047/900047147/1-11791-78-C1-PPWP-X2.jpg
6728117431178611791900047148,SUMATERA UTARA,KOTA MEDAN,MEDAN DELI,MABAR,TPS 79,2019-10-25 17:00:05,82,129,278,211,211,195,16,https://pemilu2019.kpu.go.id/img/c/900/047/900047148/1-11791-79-C1-PPWP-X1.jpg,https://pemilu2019.kpu.go.id/img/c/900/047/900047148/1-11791-79-C1-PPWP-X2.jpg
6728117431178611791900047149,SUMATERA UTARA,KOTA MEDAN,MEDAN DELI,MABAR,TPS 80,2019-10-25 17:00:05,46,145,280,192,192,191,1,https://pemilu2019.kpu.go.id/img/c/900/047/900047149/1-11791-80-C1-PPWP-X1.jpg,https://pemilu2019.kpu.go.id/img/c/900/047/900047149/1-11791-80-C1-PPWP-X2.jpg
6728117431178611791900047150,SUMATERA UTARA,KOTA MEDAN,MEDAN DELI,MABAR,TPS 81,2019-10-25 17:00:05,63,146,265,211,211,209,2,https://pemilu2019.kpu.go.id/img/c/900/047/900047150/1-11791-81-C1-PPWP-X1.jpg,https://pemilu2019.kpu.go.id/img/c/900/047/900047150/1-11791-81-C1-PPWP-X2.jpg
6728117431178611791900047151,SUMATERA UTARA,KOTA MEDAN,MEDAN DELI,MABAR,TPS 82,2019-10-25 17:00:05,45,140,265,186,186,185,1,https://pemilu2019.kpu.go.id/img/c/900/047/900047151/1-11791-82-C1-PPWP-X1.jpg,https://pemilu2019.kpu.go.id/img/c/900/047/900047151/1-11791-82-C1-PPWP-X2.jpg
6728117431178611791900047152,SUMATERA UTARA,KOTA MEDAN,MEDAN DELI,MABAR,TPS 83,2019-10-25 17:00:05,51,166,291,219,219,217,2,https://pemilu2019.kpu.go.id/img/c/900/047/900047152/1-11791-83-C1-PPWP-X1.jpg,https://pemilu2019.kpu.go.id/img/c/900/047/900047152/1-11791-83-C1-PPWP-X2.jpg
6728117431178611791900047153,SUMATERA UTARA,KOTA MEDAN,MEDAN DELI,MABAR,TPS 84,2019-10-25 17:00:05,47,147,251,195,195,194,1,https://pemilu2019.kpu.go.id/img/c/900/047/900047153/1-11791-84-C1-PPWP-X1.jpg,https://pemilu2019.kpu.go.id/img/c/900/047/900047153/1-11791-84-C1-PPWP-X2.jpg
6728117431178611791900047154,SUMATERA UTARA,KOTA MEDAN,MEDAN DELI,MABAR,TPS 85,2019-10-25 17:00:05,55,142,253,199,199,197,2,https://pemilu2019.kpu.go.id/img/c/900/047/900047154/1-11791-85-C1-PPWP-X1.jpg,https://pemilu2019.kpu.go.id/img/c/900/047/900047154/1-11791-85-C1-PPWP-X2.jpg
6728117431178611791900047155,SUMATERA UTARA,KOTA MEDAN,MEDAN DELI,MABAR,TPS 86,2019-10-25 17:00:05,59,129,250,192,192,188,4,https://pemilu2019.kpu.go.id/img/c/900/047/900047155/1-11791-86-C1-PPWP-X9.jpg,https://pemilu2019.kpu.go.id/img/c/900/047/900047155/1-11791-86-C1-PPWP-X10.jpg
6728117431178611791900047156,SUMATERA UTARA,KOTA MEDAN,MEDAN DELI,MABAR,TPS 87,2019-10-25 17:00:05,57,124,257,182,182,181,1,https://pemilu2019.kpu.go.id/img/c/900/047/900047156/1-11791-87-C1-PPWP-X1.jpg,https://pemilu2019.kpu.go.id/img/c/900/047/900047156/1-11791-87-C1-PPWP-X2.jpg
6728117431178611792900047157,SUMATERA UTARA,KOTA MEDAN,MEDAN DELI,MABAR HILIR,TPS 01,2019-10-25 17:00:05,55,137,237,194,194,192,2,https://pemilu2019.kpu.go.id/img/c/900/047/900047157/1-11792-01-C1-PPWP-X1.jpg,https://pemilu2019.kpu.go.id/img/c/900/047/900047157/1-11792-01-C1-PPWP-X2.jpg
6728117431178611792900047158,SUMATERA UTARA,KOTA MEDAN,MEDAN DELI,MABAR HILIR,TPS 02,2019-10-25 17:00:05,56,133,282,190,190,189,1,https://pemilu2019.kpu.go.id/img/c/900/047/900047158/1-11792-02-C1-PPWP-X1.jpg,https://pemilu2019.kpu.go.id/img/c/900/047/900047158/1-11792-02-C1-PPWP-X2.jpg
6728117431178611792900047159,SUMATERA UTARA,KOTA MEDAN,MEDAN DELI,MABAR HILIR,TPS 03,2019-10-25 17:00:05,66,159,294,225,225,225,0,https://pemilu2019.kpu.go.id/img/c/900/047/900047159/1-11792-03-C1-PPWP-X1.jpg,https://pemilu2019.kpu.go.id/img/c/900/047/900047159/1-11792-03-C1-PPWP-X2.jpg
6728117431178611792900047160,SUMATERA UTARA,KOTA MEDAN,MEDAN DELI,MABAR HILIR,TPS 04,2019-10-25 17:00:05,55,137,237,194,194,192,2,https://pemilu2019.kpu.go.id/img/c/900/047/900047160/1-11792-04-C1-PPWP-X1.jpg,https://pemilu2019.kpu.go.id/img/c/900/047/900047160/1-11792-04-C1-PPWP-X2.jpg
6728117431178611792900047161,SUMATERA UTARA,KOTA MEDAN,MEDAN DELI,MABAR HILIR,TPS 05,2019-10-25 17:00:05,61,145,232,208,208,206,2,https://pemilu2019.kpu.go.id/img/c/900/047/900047161/1-11792-05-C1-PPWP-X1.jpg,https://pemilu2019.kpu.go.id/img/c/900/047/900047161/1-11792-05-C1-PPWP-X2.jpg
6728117431178611792900047162,SUMATERA UTARA,KOTA MEDAN,MEDAN DELI,MABAR HILIR,TPS 06,2019-10-25 17:00:05,53,169,302,223,223,222,1,https://pemilu2019.kpu.go.id/img/c/900/047/900047162/1-11792-06-C1-PPWP-X3.jpg,https://pemilu2019.kpu.go.id/img/c/900/047/900047162/1-11792-06-C1-PPWP-X4.jpg
6728117431178611792900047163,SUMATERA UTARA,KOTA MEDAN,MEDAN DELI,MABAR HILIR,TPS 07,2019-10-25 17:00:05,62,144,288,206,206,206,0,https://pemilu2019.kpu.go.id/img/c/900/047/900047163/1-11792-07-C1-PPWP-X1.jpg,https://pemilu2019.kpu.go.id/img/c/900/047/900047163/1-11792-07-C1-PPWP-X2.jpg
6728117431178611792900047164,SUMATERA UTARA,KOTA MEDAN,MEDAN DELI,MABAR HILIR,TPS 08,2019-10-25 17:00:05,62,155,303,220,220,217,3,https://pemilu2019.kpu.go.id/img/c/900/047/900047164/1-11792-08-C1-PPWP-X1.jpg,https://pemilu2019.kpu.go.id/img/c/900/047/900047164/1-11792-08-C1-PPWP-X2.jpg
6728117431178611792900047165,SUMATERA UTARA,KOTA MEDAN,MEDAN DELI,MABAR HILIR,TPS 09,2019-10-25 17:00:05,102,144,333,250,250,246,4,https://pemilu2019.kpu.go.id/img/c/900/047/900047165/1-11792-09-C1-PPWP-X1.jpg,https://pemilu2019.kpu.go.id/img/c/900/047/900047165/1-11792-09-C1-PPWP-X2.jpg
6728117431178611792900047166,SUMATERA UTARA,KOTA MEDAN,MEDAN DELI,MABAR HILIR,TPS 10,2019-10-25 17:00:05,78,148,312,231,231,226,4,https://pemilu2019.kpu.go.id/img/c/900/047/900047166/1-11792-10-C1-PPWP-X1.jpg,https://pemilu2019.kpu.go.id/img/c/900/047/900047166/1-11792-10-C1-PPWP-X2.jpg
6728117431178611792900047167,SUMATERA UTARA,KOTA MEDAN,MEDAN DELI,MABAR HILIR,TPS 11,2019-10-25 17:00:05,96,144,309,243,243,240,3,https://pemilu2019.kpu.go.id/img/c/900/047/900047167/1-11792-11-C1-PPWP-X1.jpg,https://pemilu2019.kpu.go.id/img/c/900/047/900047167/1-11792-11-C1-PPWP-X2.jpg
6728117431178611792900047168,SUMATERA UTARA,KOTA MEDAN,MEDAN DELI,MABAR HILIR,TPS 12,2019-10-25 17:00:05,67,142,292,209,209,209,0,https://pemilu2019.kpu.go.id/img/c/900/047/900047168/1-11792-12-C1-PPWP-X1.jpg,https://pemilu2019.kpu.go.id/img/c/900/047/900047168/1-11792-12-C1-PPWP-X2.jpg
6728117431178611792900047169,SUMATERA UTARA,KOTA MEDAN,MEDAN DELI,MABAR HILIR,TPS 13,2019-10-25 17:00:05,91,153,317,246,246,244,2,https://pemilu2019.kpu.go.id/img/c/900/047/900047169/1-11792-13-C1-PPWP-X1.jpg,https://pemilu2019.kpu.go.id/img/c/900/047/900047169/1-11792-13-C1-PPWP-X2.jpg
6728117431178611792900047170,SUMATERA UTARA,KOTA MEDAN,MEDAN DELI,MABAR HILIR,TPS 14,2019-10-25 17:00:05,75,144,299,220,220,219,1,https://pemilu2019.kpu.go.id/img/c/900/047/900047170/1-11792-14-C1-PPWP-X1.jpg,https://pemilu2019.kpu.go.id/img/c/900/047/900047170/1-11792-14-C1-PPWP-X2.jpg
6728117431178611792900047171,SUMATERA UTARA,KOTA MEDAN,MEDAN DELI,MABAR HILIR,TPS 15,2019-10-25 17:00:05,78,127,250,208,208,205,3,https://pemilu2019.kpu.go.id/img/c/900/047/900047171/1-11792-15-C1-PPWP-X1.jpg,https://pemilu2019.kpu.go.id/img/c/900/047/900047171/1-11792-15-C1-PPWP-X2.jpg
6728117431178611792900047172,SUMATERA UTARA,KOTA MEDAN,MEDAN DELI,MABAR HILIR,TPS 16,2019-10-25 17:00:05,77,134,264,212,212,211,1,https://pemilu2019.kpu.go.id/img/c/900/047/900047172/1-11792-16-C1-PPWP-X1.jpg,https://pemilu2019.kpu.go.id/img/c/900/047/900047172/1-11792-16-C1-PPWP-X2.jpg
6728117431178611792900047173,SUMATERA UTARA,KOTA MEDAN,MEDAN DELI,MABAR HILIR,TPS 17,2019-10-25 17:00:05,76,123,258,200,200,199,1,https://pemilu2019.kpu.go.id/img/c/900/047/900047173/1-11792-17-C1-PPWP-X1.jpg,https://pemilu2019.kpu.go.id/img/c/900/047/900047173/1-11792-17-C1-PPWP-X2.jpg
6728117431178611792900047174,SUMATERA UTARA,KOTA MEDAN,MEDAN DELI,MABAR HILIR,TPS 18,2019-10-25 17:00:05,61,114,225,176,176,175,1,https://pemilu2019.kpu.go.id/img/c/900/047/900047174/1-11792-18-C1-PPWP-X1.jpg,https://pemilu2019.kpu.go.id/img/c/900/047/900047174/1-11792-18-C1-PPWP-X2.jpg
6728117431178611792900047175,SUMATERA UTARA,KOTA MEDAN,MEDAN DELI,MABAR HILIR,TPS 19,2019-10-25 17:00:05,70,129,296,201,201,199,2,https://pemilu2019.kpu.go.id/img/c/900/047/900047175/1-11792-19-C1-PPWP-X1.jpg,https://pemilu2019.kpu.go.id/img/c/900/047/900047175/1-11792-19-C1-PPWP-X2.jpg
6728117431178611792900047176,SUMATERA UTARA,KOTA MEDAN,MEDAN DELI,MABAR HILIR,TPS 20,2019-10-25 17:00:05,89,122,318,216,216,211,5,https://pemilu2019.kpu.go.id/img/c/900/047/900047176/1-11792-20-C1-PPWP-X1.jpg,https://pemilu2019.kpu.go.id/img/c/900/047/900047176/1-11792-20-C1-PPWP-X2.jpg
6728117431178611792900047177,SUMATERA UTARA,KOTA MEDAN,MEDAN DELI,MABAR HILIR,TPS 21,2019-10-25 17:00:05,61,112,284,173,173,173,0,https://pemilu2019.kpu.go.id/img/c/900/047/900047177/1-11792-21-C1-PPWP-X1.jpg,https://pemilu2019.kpu.go.id/img/c/900/047/900047177/1-11792-21-C1-PPWP-X2.jpg
6728117431178611792900047178,SUMATERA UTARA,KOTA MEDAN,MEDAN DELI,MABAR HILIR,TPS 22,2019-10-25 17:00:05,74,92,303,169,169,166,3,https://pemilu2019.kpu.go.id/img/c/900/047/900047178/1-11792-22-C1-PPWP-X1.jpg,https://pemilu2019.kpu.go.id/img/c/900/047/900047178/1-11792-22-C1-PPWP-X2.jpg
6728117431178611792900047179,SUMATERA UTARA,KOTA MEDAN,MEDAN DELI,MABAR HILIR,TPS 23,2019-10-25 17:00:05,96,107,301,208,208,203,5,https://pemilu2019.kpu.go.id/img/c/900/047/900047179/1-11792-23-C1-PPWP-X1.jpg,https://pemilu2019.kpu.go.id/img/c/900/047/900047179/1-11792-23-C1-PPWP-X2.jpg
6728117431178611792900047180,SUMATERA UTARA,KOTA MEDAN,MEDAN DELI,MABAR HILIR,TPS 24,2019-10-25 17:00:05,81,95,279,176,176,176,0,https://pemilu2019.kpu.go.id/img/c/900/047/900047180/1-11792-24-C1-PPWP-X1.jpg,https://pemilu2019.kpu.go.id/img/c/900/047/900047180/1-11792-24-C1-PPWP-X2.jpg
6728117431178611792900047181,SUMATERA UTARA,KOTA MEDAN,MEDAN DELI,MABAR HILIR,TPS 25,2019-10-25 17:00:05,122,102,315,224,224,224,0,https://pemilu2019.kpu.go.id/img/c/900/047/900047181/1-11792-25-C1-PPWP-X1.jpg,https://pemilu2019.kpu.go.id/img/c/900/047/900047181/1-11792-25-C1-PPWP-X2.jpg
6728117431178611792900047182,SUMATERA UTARA,KOTA MEDAN,MEDAN DELI,MABAR HILIR,TPS 26,2019-10-25 17:00:05,69,98,250,170,170,167,3,https://pemilu2019.kpu.go.id/img/c/900/047/900047182/1-11792-26-C1-PPWP-X1.jpg,https://pemilu2019.kpu.go.id/img/c/900/047/900047182/1-11792-26-C1-PPWP-X2.jpg
6728117431178611792900047183,SUMATERA UTARA,KOTA MEDAN,MEDAN DELI,MABAR HILIR,TPS 27,2019-10-25 17:00:05,69,89,263,159,159,158,1,https://pemilu2019.kpu.go.id/img/c/900/047/900047183/1-11792-27-C1-PPWP-X1.jpg,https://pemilu2019.kpu.go.id/img/c/900/047/900047183/1-11792-27-C1-PPWP-X2.jpg
6728117431178611792900047184,SUMATERA UTARA,KOTA MEDAN,MEDAN DELI,MABAR HILIR,TPS 28,2019-10-25 17:00:05,64,105,301,170,170,169,1,https://pemilu2019.kpu.go.id/img/c/900/047/900047184/1-11792-28-C1-PPWP-X1.jpg,https://pemilu2019.kpu.go.id/img/c/900/047/900047184/1-11792-28-C1-PPWP-X2.jpg
6728117431178611792900047185,SUMATERA UTARA,KOTA MEDAN,MEDAN DELI,MABAR HILIR,TPS 29,2019-10-25 17:00:05,116,100,311,225,225,216,9,https://pemilu2019.kpu.go.id/img/c/900/047/900047185/1-11792-29-C1-PPWP-X1.jpg,https://pemilu2019.kpu.go.id/img/c/900/047/900047185/1-11792-29-C1-PPWP-X2.jpg
6728117431178611792900047186,SUMATERA UTARA,KOTA MEDAN,MEDAN DELI,MABAR HILIR,TPS 30,2019-10-25 17:00:05,111,138,329,253,253,249,4,https://pemilu2019.kpu.go.id/img/c/900/047/900047186/1-11792-30-C1-PPWP-X1.jpg,https://pemilu2019.kpu.go.id/img/c/900/047/900047186/1-11792-30-C1-PPWP-X2.jpg
6728117431178611792900047187,SUMATERA UTARA,KOTA MEDAN,MEDAN DELI,MABAR HILIR,TPS 31,2019-10-25 17:00:05,82,105,253,189,189,187,2,https://pemilu2019.kpu.go.id/img/c/900/047/900047187/1-11792-31-C1-PPWP-X5.jpg,https://pemilu2019.kpu.go.id/img/c/900/047/900047187/1-11792-31-C1-PPWP-X6.jpg
6728117431178611792900047188,SUMATERA UTARA,KOTA MEDAN,MEDAN DELI,MABAR HILIR,TPS 32,2019-10-25 17:00:05,107,119,313,227,227,226,1,https://pemilu2019.kpu.go.id/img/c/900/047/900047188/1-11792-32-C1-PPWP-X1.jpg,https://pemilu2019.kpu.go.id/img/c/900/047/900047188/1-11792-32-C1-PPWP-X2.jpg
6728117431178611792900047189,SUMATERA UTARA,KOTA MEDAN,MEDAN DELI,MABAR HILIR,TPS 33,2019-10-25 17:00:05,120,132,294,253,253,1,252,https://pemilu2019.kpu.go.id/img/c/900/047/900047189/1-11792-33-C1-PPWP-X7.jpg,https://pemilu2019.kpu.go.id/img/c/900/047/900047189/1-11792-33-C1-PPWP-X8.jpg
6728117431178611792900047190,SUMATERA UTARA,KOTA MEDAN,MEDAN DELI,MABAR HILIR,TPS 34,2019-10-25 17:00:05,101,141,290,245,245,242,3,https://pemilu2019.kpu.go.id/img/c/900/047/900047190/1-11792-34-C1-PPWP-X1.jpg,https://pemilu2019.kpu.go.id/img/c/900/047/900047190/1-11792-34-C1-PPWP-X2.jpg
6728117431178611792900047191,SUMATERA UTARA,KOTA MEDAN,MEDAN DELI,MABAR HILIR,TPS 35,2019-10-25 17:00:05,95,109,280,208,208,204,4,https://pemilu2019.kpu.go.id/img/c/900/047/900047191/1-11792-35-C1-PPWP-X1.jpg,https://pemilu2019.kpu.go.id/img/c/900/047/900047191/1-11792-35-C1-PPWP-X2.jpg
6728117431178611792900047192,SUMATERA UTARA,KOTA MEDAN,MEDAN DELI,MABAR HILIR,TPS 36,2019-10-25 17:00:05,99,117,280,219,219,216,3,https://pemilu2019.kpu.go.id/img/c/900/047/900047192/1-11792-36-C1-PPWP-X1.jpg,https://pemilu2019.kpu.go.id/img/c/900/047/900047192/1-11792-36-C1-PPWP-X2.jpg
6728117431178611792900047193,SUMATERA UTARA,KOTA MEDAN,MEDAN DELI,MABAR HILIR,TPS 37,2019-10-25 17:00:05,91,124,267,217,217,215,2,https://pemilu2019.kpu.go.id/img/c/900/047/900047193/1-11792-37-C1-PPWP-X1.jpg,https://pemilu2019.kpu.go.id/img/c/900/047/900047193/1-11792-37-C1-PPWP-X2.jpg
6728117431178611792900047194,SUMATERA UTARA,KOTA MEDAN,MEDAN DELI,MABAR HILIR,TPS 38,2019-10-25 17:00:05,71,155,296,226,226,226,0,https://pemilu2019.kpu.go.id/img/c/900/047/900047194/1-11792-38-C1-PPWP-X1.jpg,https://pemilu2019.kpu.go.id/img/c/900/047/900047194/1-11792-38-C1-PPWP-X2.jpg
6728117431178611792900047195,SUMATERA UTARA,KOTA MEDAN,MEDAN DELI,MABAR HILIR,TPS 39,2019-10-25 17:00:05,118,103,295,222,222,221,1,https://pemilu2019.kpu.go.id/img/c/900/047/900047195/1-11792-39-C1-PPWP-X1.jpg,https://pemilu2019.kpu.go.id/img/c/900/047/900047195/1-11792-39-C1-PPWP-X2.jpg
6728117431178611792900047196,SUMATERA UTARA,KOTA MEDAN,MEDAN DELI,MABAR HILIR,TPS 40,2019-10-25 17:00:05,68,193,354,263,263,261,2,https://pemilu2019.kpu.go.id/img/c/900/047/900047196/1-11792-40-C1-PPWP-X1.jpg,https://pemilu2019.kpu.go.id/img/c/900/047/900047196/1-11792-40-C1-PPWP-X2.jpg
6728117431178611792900047197,SUMATERA UTARA,KOTA MEDAN,MEDAN DELI,MABAR HILIR,TPS 41,2019-10-25 17:00:05,93,112,282,208,208,205,3,https://pemilu2019.kpu.go.id/img/c/900/047/900047197/1-11792-41-C1-PPWP-X1.jpg,https://pemilu2019.kpu.go.id/img/c/900/047/900047197/1-11792-41-C1-PPWP-X2.jpg
6728117431178611792900047198,SUMATERA UTARA,KOTA MEDAN,MEDAN DELI,MABAR HILIR,TPS 42,2019-10-25 17:00:05,56,130,256,188,188,186,2,https://pemilu2019.kpu.go.id/img/c/900/047/900047198/1-11792-42-C1-PPWP-X1.jpg,https://pemilu2019.kpu.go.id/img/c/900/047/900047198/1-11792-42-C1-PPWP-X2.jpg
6728117431178611792900047199,SUMATERA UTARA,KOTA MEDAN,MEDAN DELI,MABAR HILIR,TPS 43,2019-10-25 17:00:05,91,100,258,193,193,191,2,https://pemilu2019.kpu.go.id/img/c/900/047/900047199/1-11792-43-C1-PPWP-X1.jpg,https://pemilu2019.kpu.go.id/img/c/900/047/900047199/1-11792-43-C1-PPWP-X2.jpg
6728117431178611792900047200,SUMATERA UTARA,KOTA MEDAN,MEDAN DELI,MABAR HILIR,TPS 44,2019-10-25 17:00:05,86,103,240,192,192,189,3,https://pemilu2019.kpu.go.id/img/c/900/047/900047200/1-11792-44-C1-PPWP-X9.jpg,https://pemilu2019.kpu.go.id/img/c/900/047/900047200/1-11792-44-C1-PPWP-X10.jpg
6728117431178611792900047201,SUMATERA UTARA,KOTA MEDAN,MEDAN DELI,MABAR HILIR,TPS 45,2019-10-25 17:00:05,102,85,249,193,193,187,6,https://pemilu2019.kpu.go.id/img/c/900/047/900047201/1-11792-45-C1-PPWP-X1.jpg,https://pemilu2019.kpu.go.id/img/c/900/047/900047201/1-11792-45-C1-PPWP-X2.jpg
6728117431178611792900047202,SUMATERA UTARA,KOTA MEDAN,MEDAN DELI,MABAR HILIR,TPS 46,2019-10-25 17:00:05,113,83,262,201,201,196,5,https://pemilu2019.kpu.go.id/img/c/900/047/900047202/1-11792-46-C1-PPWP-X11.jpg,https://pemilu2019.kpu.go.id/img/c/900/047/900047202/1-11792-46-C1-PPWP-X12.jpg
6728117431178611792900047203,SUMATERA UTARA,KOTA MEDAN,MEDAN DELI,MABAR HILIR,TPS 47,2019-10-25 17:00:05,75,98,220,174,174,173,1,https://pemilu2019.kpu.go.id/img/c/900/047/900047203/2-11792-47-C1-PPWP-X13.jpg,https://pemilu2019.kpu.go.id/img/c/900/047/900047203/2-11792-47-C1-PPWP-X14.jpg
6728117431178611792900047204,SUMATERA UTARA,KOTA MEDAN,MEDAN DELI,MABAR HILIR,TPS 48,2019-10-25 17:00:05,93,80,214,175,175,173,2,https://pemilu2019.kpu.go.id/img/c/900/047/900047204/1-11792-48-C1-PPWP-X1.jpg,https://pemilu2019.kpu.go.id/img/c/900/047/900047204/1-11792-48-C1-PPWP-X2.jpg
6728117431178611792900047205,SUMATERA UTARA,KOTA MEDAN,MEDAN DELI,MABAR HILIR,TPS 49,2019-10-25 17:00:05,57,62,135,121,121,119,2,https://pemilu2019.kpu.go.id/img/c/900/047/900047205/2-11792-49-C1-PPWP-X15.jpg,https://pemilu2019.kpu.go.id/img/c/900/047/900047205/2-11792-49-C1-PPWP-X16.jpg
6728117431178611792900047206,SUMATERA UTARA,KOTA MEDAN,MEDAN DELI,MABAR HILIR,TPS 50,2019-10-25 17:00:05,111,93,276,208,208,204,4,https://pemilu2019.kpu.go.id/img/c/900/047/900047206/1-11792-50-C1-PPWP-X1.jpg,https://pemilu2019.kpu.go.id/img/c/900/047/900047206/1-11792-50-C1-PPWP-X2.jpg
6728117431178611792900047207,SUMATERA UTARA,KOTA MEDAN,MEDAN DELI,MABAR HILIR,TPS 51,2019-10-25 17:00:05,86,112,256,202,202,198,4,https://pemilu2019.kpu.go.id/img/c/900/047/900047207/1-11792-51-C1-PPWP-X1.jpg,https://pemilu2019.kpu.go.id/img/c/900/047/900047207/1-11792-51-C1-PPWP-X2.jpg
6728117431178611792900047208,SUMATERA UTARA,KOTA MEDAN,MEDAN DELI,MABAR HILIR,TPS 52,2019-10-25 17:00:05,107,90,258,198,198,197,1,https://pemilu2019.kpu.go.id/img/c/900/047/900047208/1-11792-52-C1-PPWP-X1.jpg,https://pemilu2019.kpu.go.id/img/c/900/047/900047208/1-11792-52-C1-PPWP-X2.jpg
6728117431178611792900047209,SUMATERA UTARA,KOTA MEDAN,MEDAN DELI,MABAR HILIR,TPS 53,2019-10-25 17:00:05,72,123,247,196,196,195,1,https://pemilu2019.kpu.go.id/img/c/900/047/900047209/1-11792-53-C1-PPWP-X17.jpg,https://pemilu2019.kpu.go.id/img/c/900/047/900047209/1-11792-53-C1-PPWP-X18.jpg
6728117431178611792900047210,SUMATERA UTARA,KOTA MEDAN,MEDAN DELI,MABAR HILIR,TPS 54,2019-10-25 17:00:05,69,101,246,171,171,170,1,https://pemilu2019.kpu.go.id/img/c/900/047/900047210/1-11792-54-C1-PPWP-X1.jpg,https://pemilu2019.kpu.go.id/img/c/900/047/900047210/1-11792-54-C1-PPWP-X2.jpg
6728117431178611792900047211,SUMATERA UTARA,KOTA MEDAN,MEDAN DELI,MABAR HILIR,TPS 55,2019-10-25 17:00:05,101,98,273,201,201,199,2,https://pemilu2019.kpu.go.id/img/c/900/047/900047211/1-11792-55-C1-PPWP-X1.jpg,https://pemilu2019.kpu.go.id/img/c/900/047/900047211/1-11792-55-C1-PPWP-X2.jpg
6728117431178611792900047212,SUMATERA UTARA,KOTA MEDAN,MEDAN DELI,MABAR HILIR,TPS 56,2019-10-25 17:00:05,74,77,251,152,152,151,1,https://pemilu2019.kpu.go.id/img/c/900/047/900047212/1-11792-56-C1-PPWP-X1.jpg,https://pemilu2019.kpu.go.id/img/c/900/047/900047212/1-11792-56-C1-PPWP-X2.jpg
6728117431178611792900047213,SUMATERA UTARA,KOTA MEDAN,MEDAN DELI,MABAR HILIR,TPS 57,2019-10-25 17:00:05,83,96,247,186,186,179,7,https://pemilu2019.kpu.go.id/img/c/900/047/900047213/1-11792-57-C1-PPWP-X1.jpg,https://pemilu2019.kpu.go.id/img/c/900/047/900047213/1-11792-57-C1-PPWP-X2.jpg
6728117431178611792900047214,SUMATERA UTARA,KOTA MEDAN,MEDAN DELI,MABAR HILIR,TPS 58,2019-10-25 17:00:05,78,72,247,153,153,150,3,https://pemilu2019.kpu.go.id/img/c/900/047/900047214/2-11792-58-C1-PPWP-X1.jpg,https://pemilu2019.kpu.go.id/img/c/900/047/900047214/2-11792-58-C1-PPWP-X2.jpg
6728117431178611792900047215,SUMATERA UTARA,KOTA MEDAN,MEDAN DELI,MABAR HILIR,TPS 59,2019-10-25 17:00:05,65,85,198,153,153,150,3,https://pemilu2019.kpu.go.id/img/c/900/047/900047215/1-11792-59-C1-PPWP-X1.jpg,https://pemilu2019.kpu.go.id/img/c/900/047/900047215/1-11792-59-C1-PPWP-X2.jpg
6728117431178611792900047216,SUMATERA UTARA,KOTA MEDAN,MEDAN DELI,MABAR HILIR,TPS 60,2019-10-25 17:00:05,63,85,237,150,150,148,2,https://pemilu2019.kpu.go.id/img/c/900/047/900047216/1-11792-60-C1-PPWP-X1.jpg,https://pemilu2019.kpu.go.id/img/c/900/047/900047216/1-11792-60-C1-PPWP-X2.jpg
6728117431178611792900047217,SUMATERA UTARA,KOTA MEDAN,MEDAN DELI,MABAR HILIR,TPS 61,2019-10-25 17:00:05,74,70,213,146,146,144,2,https://pemilu2019.kpu.go.id/img/c/900/047/900047217/1-11792-61-C1-PPWP-X1.jpg,https://pemilu2019.kpu.go.id/img/c/900/047/900047217/1-11792-61-C1-PPWP-X2.jpg
6728117431178611792900047218,SUMATERA UTARA,KOTA MEDAN,MEDAN DELI,MABAR HILIR,TPS 62,2019-10-25 17:00:05,63,47,175,110,110,110,0,https://pemilu2019.kpu.go.id/img/c/900/047/900047218/1-11792-62-C1-PPWP-X1.jpg,https://pemilu2019.kpu.go.id/img/c/900/047/900047218/1-11792-62-C1-PPWP-X2.jpg
6728117431178611792900047219,SUMATERA UTARA,KOTA MEDAN,MEDAN DELI,MABAR HILIR,TPS 63,2019-10-25 17:00:05,77,100,296,178,179,177,2,https://pemilu2019.kpu.go.id/img/c/900/047/900047219/1-11792-63-C1-PPWP-X19.jpg,https://pemilu2019.kpu.go.id/img/c/900/047/900047219/1-11792-63-C1-PPWP-X20.jpg
6728117431178611792900047220,SUMATERA UTARA,KOTA MEDAN,MEDAN DELI,MABAR HILIR,TPS 64,2019-10-25 17:00:05,89,127,295,220,220,216,4,https://pemilu2019.kpu.go.id/img/c/900/047/900047220/1-11792-64-C1-PPWP-X21.jpg,https://pemilu2019.kpu.go.id/img/c/900/047/900047220/1-11792-64-C1-PPWP-X22.jpg
6728117431178611792900047221,SUMATERA UTARA,KOTA MEDAN,MEDAN DELI,MABAR HILIR,TPS 65,2019-10-25 17:00:05,107,124,313,235,235,231,4,https://pemilu2019.kpu.go.id/img/c/900/047/900047221/1-11792-65-C1-PPWP-X1.jpg,https://pemilu2019.kpu.go.id/img/c/900/047/900047221/1-11792-65-C1-PPWP-X2.jpg
6728117431178611792900047222,SUMATERA UTARA,KOTA MEDAN,MEDAN DELI,MABAR HILIR,TPS 66,2019-10-25 17:00:05,101,107,307,210,210,208,2,https://pemilu2019.kpu.go.id/img/c/900/047/900047222/1-11792-66-C1-PPWP-X1.jpg,https://pemilu2019.kpu.go.id/img/c/900/047/900047222/1-11792-66-C1-PPWP-X2.jpg
6728117431178611792900047223,SUMATERA UTARA,KOTA MEDAN,MEDAN DELI,MABAR HILIR,TPS 67,2019-10-25 17:00:05,89,143,263,232,232,232,0,https://pemilu2019.kpu.go.id/img/c/900/047/900047223/1-11792-67-C1-PPWP-X1.jpg,https://pemilu2019.kpu.go.id/img/c/900/047/900047223/1-11792-67-C1-PPWP-X2.jpg
6728117431178611792900047224,SUMATERA UTARA,KOTA MEDAN,MEDAN DELI,MABAR HILIR,TPS 68,2019-10-25 17:00:05,71,115,243,192,192,186,6,https://pemilu2019.kpu.go.id/img/c/900/047/900047224/1-11792-68-C1-PPWP-X1.jpg,https://pemilu2019.kpu.go.id/img/c/900/047/900047224/1-11792-68-C1-PPWP-X2.jpg
6728117431178611789900046952,SUMATERA UTARA,KOTA MEDAN,MEDAN DELI,TANJUNG MULIA,TPS 01,2019-10-25 17:00:05,64,138,282,203,203,202,1,https://pemilu2019.kpu.go.id/img/c/900/046/900046952/1-11789-01-C1-PPWP-X1.jpg,https://pemilu2019.kpu.go.id/img/c/900/046/900046952/1-11789-01-C1-PPWP-X2.jpg
6728117431178611789900046953,SUMATERA UTARA,KOTA MEDAN,MEDAN DELI,TANJUNG MULIA,TPS 02,2019-10-25 17:00:05,66,142,267,209,209,208,1,https://pemilu2019.kpu.go.id/img/c/900/046/900046953/1-11789-02-C1-PPWP-X1.jpg,https://pemilu2019.kpu.go.id/img/c/900/046/900046953/1-11789-02-C1-PPWP-X2.jpg
6728117431178611789900046954,SUMATERA UTARA,KOTA MEDAN,MEDAN DELI,TANJUNG MULIA,TPS 03,2019-10-25 17:00:05,77,129,303,211,211,206,5,https://pemilu2019.kpu.go.id/img/c/900/046/900046954/2-11789-03-C1-PPWP-X1.jpg,https://pemilu2019.kpu.go.id/img/c/900/046/900046954/2-11789-03-C1-PPWP-X2.jpg
6728117431178611789900046955,SUMATERA UTARA,KOTA MEDAN,MEDAN DELI,TANJUNG MULIA,TPS 04,2019-10-25 17:00:05,80,37,173,117,117,117,0,https://pemilu2019.kpu.go.id/img/c/900/046/900046955/2-11789-04-C1-PPWP-X1.jpg,https://pemilu2019.kpu.go.id/img/c/900/046/900046955/2-11789-04-C1-PPWP-X2.jpg
6728117431178611789900046956,SUMATERA UTARA,KOTA MEDAN,MEDAN DELI,TANJUNG MULIA,TPS 05,2019-10-25 17:00:05,75,96,280,173,173,171,2,https://pemilu2019.kpu.go.id/img/c/900/046/900046956/1-11789-05-C1-PPWP-X1.jpg,https://pemilu2019.kpu.go.id/img/c/900/046/900046956/1-11789-05-C1-PPWP-X2.jpg
6728117431178611789900046957,SUMATERA UTARA,KOTA MEDAN,MEDAN DELI,TANJUNG MULIA,TPS 06,2019-10-25 17:00:05,72,98,269,170,170,170,0,https://pemilu2019.kpu.go.id/img/c/900/046/900046957/1-11789-06-C1-PPWP-X1.jpg,https://pemilu2019.kpu.go.id/img/c/900/046/900046957/1-11789-06-C1-PPWP-X2.jpg
6728117431178611789900046958,SUMATERA UTARA,KOTA MEDAN,MEDAN DELI,TANJUNG MULIA,TPS 07,2019-10-25 17:00:05,51,114,230,164,165,165,0,https://pemilu2019.kpu.go.id/img/c/900/046/900046958/1-11789-07-C1-PPWP-X1.jpg,https://pemilu2019.kpu.go.id/img/c/900/046/900046958/1-11789-07-C1-PPWP-X2.jpg
6728117431178611789900046959,SUMATERA UTARA,KOTA MEDAN,MEDAN DELI,TANJUNG MULIA,TPS 08,2019-10-25 17:00:05,64,135,278,201,201,199,2,https://pemilu2019.kpu.go.id/img/c/900/046/900046959/2-11789-08-C1-PPWP-X5.jpg,https://pemilu2019.kpu.go.id/img/c/900/046/900046959/2-11789-08-C1-PPWP-X6.jpg
6728117431178611789900046960,SUMATERA UTARA,KOTA MEDAN,MEDAN DELI,TANJUNG MULIA,TPS 09,2019-10-25 17:00:05,64,195,263,263,263,259,4,https://pemilu2019.kpu.go.id/img/c/900/046/900046960/1-11789-09-C1-PPWP-X7.jpg,https://pemilu2019.kpu.go.id/img/c/900/046/900046960/1-11789-09-C1-PPWP-X8.jpg
6728117431178611789900046961,SUMATERA UTARA,KOTA MEDAN,MEDAN DELI,TANJUNG MULIA,TPS 10,2019-10-25 17:00:05,0,0,261,167,167,166,1,https://pemilu2019.kpu.go.id/img/c/900/046/900046961/1-11789-10-C1-PPWP-X1.jpg,https://pemilu2019.kpu.go.id/img/c/900/046/900046961/1-11789-10-C1-PPWP-X2.jpg
6728117431178611789900046962,SUMATERA UTARA,KOTA MEDAN,MEDAN DELI,TANJUNG MULIA,TPS 11,2019-10-25 17:00:05,56,153,294,211,211,209,2,https://pemilu2019.kpu.go.id/img/c/900/046/900046962/1-11789-11-C1-PPWP-X9.jpg,https://pemilu2019.kpu.go.id/img/c/900/046/900046962/1-11789-11-C1-PPWP-X10.jpg
6728117431178611789900046963,SUMATERA UTARA,KOTA MEDAN,MEDAN DELI,TANJUNG MULIA,TPS 12,2019-10-25 17:00:05,61,138,270,203,203,199,4,https://pemilu2019.kpu.go.id/img/c/900/046/900046963/1-11789-12-C1-PPWP-X1.jpg,https://pemilu2019.kpu.go.id/img/c/900/046/900046963/1-11789-12-C1-PPWP-X2.jpg
6728117431178611789900046964,SUMATERA UTARA,KOTA MEDAN,MEDAN DELI,TANJUNG MULIA,TPS 13,2019-10-25 17:00:05,49,143,194,194,195,193,2,https://pemilu2019.kpu.go.id/img/c/900/046/900046964/1-11789-13-C1-PPWP-X1.jpg,https://pemilu2019.kpu.go.id/img/c/900/046/900046964/1-11789-13-C1-PPWP-X2.jpg
6728117431178611789900046965,SUMATERA UTARA,KOTA MEDAN,MEDAN DELI,TANJUNG MULIA,TPS 14,2019-10-25 17:00:05,38,83,171,123,123,121,2,https://pemilu2019.kpu.go.id/img/c/900/046/900046965/2-11789-14-C1-PPWP-X1.jpg,https://pemilu2019.kpu.go.id/img/c/900/046/900046965/2-11789-14-C1-PPWP-X2.jpg
6728117431178611789900046966,SUMATERA UTARA,KOTA MEDAN,MEDAN DELI,TANJUNG MULIA,TPS 15,2019-10-25 17:00:05,86,77,275,167,167,163,4,https://pemilu2019.kpu.go.id/img/c/900/046/900046966/2-11789-15-C1-PPWP-X1.jpg,https://pemilu2019.kpu.go.id/img/c/900/046/900046966/2-11789-15-C1-PPWP-X2.jpg
6728117431178611789900046967,SUMATERA UTARA,KOTA MEDAN,MEDAN DELI,TANJUNG MULIA,TPS 16,2019-10-25 17:00:05,66,78,267,145,145,144,1,https://pemilu2019.kpu.go.id/img/c/900/046/900046967/1-11789-16-C1-PPWP-X1.jpg,https://pemilu2019.kpu.go.id/img/c/900/046/900046967/1-11789-16-C1-PPWP-X2.jpg
6728117431178611789900046968,SUMATERA UTARA,KOTA MEDAN,MEDAN DELI,TANJUNG MULIA,TPS 17,2019-10-25 17:00:05,69,79,274,151,151,148,3,https://pemilu2019.kpu.go.id/img/c/900/046/900046968/1-11789-17-C1-PPWP-X1.jpg,https://pemilu2019.kpu.go.id/img/c/900/046/900046968/1-11789-17-C1-PPWP-X2.jpg
6728117431178611789900046969,SUMATERA UTARA,KOTA MEDAN,MEDAN DELI,TANJUNG MULIA,TPS 18,2019-10-25 17:00:05,26,25,71,52,52,51,1,https://pemilu2019.kpu.go.id/img/c/900/046/900046969/1-11789-18-C1-PPWP-X11.jpg,https://pemilu2019.kpu.go.id/img/c/900/046/900046969/1-11789-18-C1-PPWP-X12.jpg
6728117431178611789900046970,SUMATERA UTARA,KOTA MEDAN,MEDAN DELI,TANJUNG MULIA,TPS 19,2019-10-25 17:00:05,51,117,282,169,169,168,1,https://pemilu2019.kpu.go.id/img/c/900/046/900046970/1-11789-19-C1-PPWP-X1.jpg,https://pemilu2019.kpu.go.id/img/c/900/046/900046970/1-11789-19-C1-PPWP-X2.jpg
6728117431178611789900046971,SUMATERA UTARA,KOTA MEDAN,MEDAN DELI,TANJUNG MULIA,TPS 20,2019-10-25 17:00:05,21,49,128,71,71,70,1,https://pemilu2019.kpu.go.id/img/c/900/046/900046971/1-11789-20-C1-PPWP-X1.jpg,https://pemilu2019.kpu.go.id/img/c/900/046/900046971/1-11789-20-C1-PPWP-X2.jpg
6728117431178611789900046972,SUMATERA UTARA,KOTA MEDAN,MEDAN DELI,TANJUNG MULIA,TPS 21,2019-10-25 17:00:05,110,120,338,240,231,230,1,https://pemilu2019.kpu.go.id/img/c/900/046/900046972/1-11789-21-C1-PPWP-X1.jpg,https://pemilu2019.kpu.go.id/img/c/900/046/900046972/1-11789-21-C1-PPWP-X2.jpg
6728117431178611789900046973,SUMATERA UTARA,KOTA MEDAN,MEDAN DELI,TANJUNG MULIA,TPS 22,2019-10-25 17:00:05,90,98,282,189,190,188,2,https://pemilu2019.kpu.go.id/img/c/900/046/900046973/1-11789-22-C1-PPWP-X1.jpg,https://pemilu2019.kpu.go.id/img/c/900/046/900046973/1-11789-22-C1-PPWP-X2.jpg
6728117431178611789900046974,SUMATERA UTARA,KOTA MEDAN,MEDAN DELI,TANJUNG MULIA,TPS 23,2019-10-25 17:00:05,33,34,112,67,67,67,0,https://pemilu2019.kpu.go.id/img/c/900/046/900046974/1-11789-23-C1-PPWP-X1.jpg,https://pemilu2019.kpu.go.id/img/c/900/046/900046974/1-11789-23-C1-PPWP-X2.jpg
6728117431178611789900046975,SUMATERA UTARA,KOTA MEDAN,MEDAN DELI,TANJUNG MULIA,TPS 24,2019-10-25 17:00:05,70,70,191,145,145,140,5,https://pemilu2019.kpu.go.id/img/c/900/046/900046975/1-11789-24-C1-PPWP-X1.jpg,https://pemilu2019.kpu.go.id/img/c/900/046/900046975/1-11789-24-C1-PPWP-X2.jpg
6728117431178611789900046976,SUMATERA UTARA,KOTA MEDAN,MEDAN DELI,TANJUNG MULIA,TPS 25,2019-10-25 17:00:05,37,41,78,78,78,78,0,https://pemilu2019.kpu.go.id/img/c/900/046/900046976/1-11789-25-C1-PPWP-X1.jpg,https://pemilu2019.kpu.go.id/img/c/900/046/900046976/1-11789-25-C1-PPWP-X2.jpg
6728117431178611789900046977,SUMATERA UTARA,KOTA MEDAN,MEDAN DELI,TANJUNG MULIA,TPS 26,2019-10-25 17:00:05,79,77,211,158,158,156,2,https://pemilu2019.kpu.go.id/img/c/900/046/900046977/1-11789-26-C1-PPWP-X1.jpg,https://pemilu2019.kpu.go.id/img/c/900/046/900046977/1-11789-26-C1-PPWP-X2.jpg
6728117431178611789900046978,SUMATERA UTARA,KOTA MEDAN,MEDAN DELI,TANJUNG MULIA,TPS 27,2019-10-25 17:00:05,71,66,165,140,140,137,3,https://pemilu2019.kpu.go.id/img/c/900/046/900046978/1-11789-27-C1-PPWP-X1.jpg,https://pemilu2019.kpu.go.id/img/c/900/046/900046978/1-11789-27-C1-PPWP-X2.jpg
6728117431178611789900046979,SUMATERA UTARA,KOTA MEDAN,MEDAN DELI,TANJUNG MULIA,TPS 28,2019-10-25 17:00:05,64,152,501,217,217,216,1,https://pemilu2019.kpu.go.id/img/c/900/046/900046979/1-11789-28-C1-PPWP-X1.jpg,https://pemilu2019.kpu.go.id/img/c/900/046/900046979/1-11789-28-C1-PPWP-X2.jpg
6728117431178611789900046980,SUMATERA UTARA,KOTA MEDAN,MEDAN DELI,TANJUNG MULIA,TPS 29,2019-10-25 17:00:05,66,157,303,223,223,223,0,https://pemilu2019.kpu.go.id/img/c/900/046/900046980/1-11789-29-C1-PPWP-X1.jpg,https://pemilu2019.kpu.go.id/img/c/900/046/900046980/1-11789-29-C1-PPWP-X2.jpg
6728117431178611789900046981,SUMATERA UTARA,KOTA MEDAN,MEDAN DELI,TANJUNG MULIA,TPS 30,2019-10-25 17:00:05,64,141,291,210,210,205,5,https://pemilu2019.kpu.go.id/img/c/900/046/900046981/1-11789-30-C1-PPWP-X1.jpg,https://pemilu2019.kpu.go.id/img/c/900/046/900046981/1-11789-30-C1-PPWP-X2.jpg
6728117431178611789900046982,SUMATERA UTARA,KOTA MEDAN,MEDAN DELI,TANJUNG MULIA,TPS 31,2019-10-25 17:00:05,58,140,444,202,202,198,4,https://pemilu2019.kpu.go.id/img/c/900/046/900046982/1-11789-31-C1-PPWP-X1.jpg,https://pemilu2019.kpu.go.id/img/c/900/046/900046982/1-11789-31-C1-PPWP-X2.jpg
6728117431178611789900046983,SUMATERA UTARA,KOTA MEDAN,MEDAN DELI,TANJUNG MULIA,TPS 32,2019-10-25 17:00:05,67,137,388,204,204,204,0,https://pemilu2019.kpu.go.id/img/c/900/046/900046983/1-11789-32-C1-PPWP-X1.jpg,https://pemilu2019.kpu.go.id/img/c/900/046/900046983/1-11789-32-C1-PPWP-X2.jpg
6728117431178611789900046984,SUMATERA UTARA,KOTA MEDAN,MEDAN DELI,TANJUNG MULIA,TPS 33,2019-10-25 17:00:05,48,224,292,275,275,272,3,https://pemilu2019.kpu.go.id/img/c/900/046/900046984/1-11789-33-C1-PPWP-X1.jpg,https://pemilu2019.kpu.go.id/img/c/900/046/900046984/1-11789-33-C1-PPWP-X2.jpg
6728117431178611789900046985,SUMATERA UTARA,KOTA MEDAN,MEDAN DELI,TANJUNG MULIA,TPS 34,2019-10-25 17:00:05,75,158,317,235,235,233,2,https://pemilu2019.kpu.go.id/img/c/900/046/900046985/1-11789-34-C1-PPWP-X1.jpg,https://pemilu2019.kpu.go.id/img/c/900/046/900046985/1-11789-34-C1-PPWP-X2.jpg
6728117431178611789900046986,SUMATERA UTARA,KOTA MEDAN,MEDAN DELI,TANJUNG MULIA,TPS 35,2019-10-25 17:00:05,30,97,144,128,128,127,1,https://pemilu2019.kpu.go.id/img/c/900/046/900046986/1-11789-35-C1-PPWP-X1.jpg,https://pemilu2019.kpu.go.id/img/c/900/046/900046986/1-11789-35-C1-PPWP-X2.jpg
6728117431178611789900046987,SUMATERA UTARA,KOTA MEDAN,MEDAN DELI,TANJUNG MULIA,TPS 36,2019-10-25 17:00:05,41,153,255,198,198,194,4,https://pemilu2019.kpu.go.id/img/c/900/046/900046987/1-11789-36-C1-PPWP-X1.jpg,https://pemilu2019.kpu.go.id/img/c/900/046/900046987/1-11789-36-C1-PPWP-X2.jpg
6728117431178611789900046988,SUMATERA UTARA,KOTA MEDAN,MEDAN DELI,TANJUNG MULIA,TPS 37,2019-10-25 17:00:05,30,174,298,205,205,204,1,https://pemilu2019.kpu.go.id/img/c/900/046/900046988/1-11789-37-C1-PPWP-X13.jpg,https://pemilu2019.kpu.go.id/img/c/900/046/900046988/1-11789-37-C1-PPWP-X14.jpg
6728117431178611789900046989,SUMATERA UTARA,KOTA MEDAN,MEDAN DELI,TANJUNG MULIA,TPS 38,2019-10-25 17:00:05,46,160,207,207,208,2,206,https://pemilu2019.kpu.go.id/img/c/900/046/900046989/1-11789-38-C1-PPWP-X1.jpg,https://pemilu2019.kpu.go.id/img/c/900/046/900046989/1-11789-38-C1-PPWP-X2.jpg
6728117431178611789900046990,SUMATERA UTARA,KOTA MEDAN,MEDAN DELI,TANJUNG MULIA,TPS 39,2019-10-25 17:00:05,53,180,333,235,235,233,2,https://pemilu2019.kpu.go.id/img/c/900/046/900046990/1-11789-39-C1-PPWP-X1.jpg,https://pemilu2019.kpu.go.id/img/c/900/046/900046990/1-11789-39-C1-PPWP-X2.jpg
6728117431178611789900046991,SUMATERA UTARA,KOTA MEDAN,MEDAN DELI,TANJUNG MULIA,TPS 40,2019-10-25 17:00:05,58,150,300,209,209,208,1,https://pemilu2019.kpu.go.id/img/c/900/046/900046991/1-11789-40-C1-PPWP-X1.jpg,https://pemilu2019.kpu.go.id/img/c/900/046/900046991/1-11789-40-C1-PPWP-X2.jpg
6728117431178611789900046992,SUMATERA UTARA,KOTA MEDAN,MEDAN DELI,TANJUNG MULIA,TPS 41,2019-10-25 17:00:05,63,187,317,253,253,250,3,https://pemilu2019.kpu.go.id/img/c/900/046/900046992/1-11789-41-C1-PPWP-X1.jpg,https://pemilu2019.kpu.go.id/img/c/900/046/900046992/1-11789-41-C1-PPWP-X2.jpg
6728117431178611789900046993,SUMATERA UTARA,KOTA MEDAN,MEDAN DELI,TANJUNG MULIA,TPS 42,2019-10-25 17:00:05,64,164,293,231,231,228,3,https://pemilu2019.kpu.go.id/img/c/900/046/900046993/1-11789-42-C1-PPWP-X1.jpg,https://pemilu2019.kpu.go.id/img/c/900/046/900046993/1-11789-42-C1-PPWP-X2.jpg
6728117431178611789900046994,SUMATERA UTARA,KOTA MEDAN,MEDAN DELI,TANJUNG MULIA,TPS 43,2019-10-25 17:00:05,56,168,280,227,227,224,3,https://pemilu2019.kpu.go.id/img/c/900/046/900046994/1-11789-43-C1-PPWP-X1.jpg,https://pemilu2019.kpu.go.id/img/c/900/046/900046994/1-11789-43-C1-PPWP-X2.jpg
6728117431178611789900046995,SUMATERA UTARA,KOTA MEDAN,MEDAN DELI,TANJUNG MULIA,TPS 44,2019-10-25 17:00:05,77,89,213,168,168,166,2,https://pemilu2019.kpu.go.id/img/c/900/046/900046995/1-11789-44-C1-PPWP-X1.jpg,https://pemilu2019.kpu.go.id/img/c/900/046/900046995/1-11789-44-C1-PPWP-X2.jpg
6728117431178611789900046996,SUMATERA UTARA,KOTA MEDAN,MEDAN DELI,TANJUNG MULIA,TPS 45,2019-10-25 17:00:05,78,76,201,154,154,154,0,https://pemilu2019.kpu.go.id/img/c/900/046/900046996/1-11789-45-C1-PPWP-X1.jpg,https://pemilu2019.kpu.go.id/img/c/900/046/900046996/1-11789-45-C1-PPWP-X2.jpg
6728117431178611789900046997,SUMATERA UTARA,KOTA MEDAN,MEDAN DELI,TANJUNG MULIA,TPS 46,2019-10-25 17:00:05,98,102,255,203,203,200,3,https://pemilu2019.kpu.go.id/img/c/900/046/900046997/1-11789-46-C1-PPWP-X1.jpg,https://pemilu2019.kpu.go.id/img/c/900/046/900046997/1-11789-46-C1-PPWP-X2.jpg
6728117431178611789900046998,SUMATERA UTARA,KOTA MEDAN,MEDAN DELI,TANJUNG MULIA,TPS 47,2019-10-25 17:00:05,74,92,244,170,170,166,4,https://pemilu2019.kpu.go.id/img/c/900/046/900046998/1-11789-47-C1-PPWP-X1.jpg,https://pemilu2019.kpu.go.id/img/c/900/046/900046998/1-11789-47-C1-PPWP-X2.jpg
6728117431178611789900046999,SUMATERA UTARA,KOTA MEDAN,MEDAN DELI,TANJUNG MULIA,TPS 48,2019-10-25 17:00:05,65,91,152,157,157,156,1,https://pemilu2019.kpu.go.id/img/c/900/046/900046999/1-11789-48-C1-PPWP-X1.jpg,https://pemilu2019.kpu.go.id/img/c/900/046/900046999/1-11789-48-C1-PPWP-X2.jpg
6728117431178611789900047000,SUMATERA UTARA,KOTA MEDAN,MEDAN DELI,TANJUNG MULIA,TPS 49,2019-10-25 17:00:05,140,121,360,264,264,261,3,https://pemilu2019.kpu.go.id/img/c/900/047/900047000/2-11789-49-C1-PPWP-X1.jpg,https://pemilu2019.kpu.go.id/img/c/900/047/900047000/2-11789-49-C1-PPWP-X2.jpg
6728117431178611789900047001,SUMATERA UTARA,KOTA MEDAN,MEDAN DELI,TANJUNG MULIA,TPS 50,2019-10-25 17:00:05,185,7,332,194,194,192,2,https://pemilu2019.kpu.go.id/img/c/900/047/900047001/1-11789-50-C1-PPWP-X15.jpg,https://pemilu2019.kpu.go.id/img/c/900/047/900047001/1-11789-50-C1-PPWP-X16.jpg
6728117431178611789900047002,SUMATERA UTARA,KOTA MEDAN,MEDAN DELI,TANJUNG MULIA,TPS 51,2019-10-25 17:00:05,203,11,216,216,216,214,2,https://pemilu2019.kpu.go.id/img/c/900/047/900047002/1-11789-51-C1-PPWP-X1.jpg,https://pemilu2019.kpu.go.id/img/c/900/047/900047002/1-11789-51-C1-PPWP-X2.jpg
6728117431178611789900047003,SUMATERA UTARA,KOTA MEDAN,MEDAN DELI,TANJUNG MULIA,TPS 52,2019-10-25 17:00:05,207,2,298,211,211,209,2,https://pemilu2019.kpu.go.id/img/c/900/047/900047003/1-11789-52-C1-PPWP-X17.jpg,https://pemilu2019.kpu.go.id/img/c/900/047/900047003/1-11789-52-C1-PPWP-X18.jpg
6728117431178611789900047004,SUMATERA UTARA,KOTA MEDAN,MEDAN DELI,TANJUNG MULIA,TPS 53,2019-10-25 17:00:05,101,104,263,205,269,269,0,https://pemilu2019.kpu.go.id/img/c/900/047/900047004/1-11789-53-C1-PPWP-X1.jpg,https://pemilu2019.kpu.go.id/img/c/900/047/900047004/1-11789-53-C1-PPWP-X2.jpg
6728117431178611789900047005,SUMATERA UTARA,KOTA MEDAN,MEDAN DELI,TANJUNG MULIA,TPS 54,2019-10-25 17:00:05,74,113,268,190,190,187,3,https://pemilu2019.kpu.go.id/img/c/900/047/900047005/1-11789-54-C1-PPWP-X1.jpg,https://pemilu2019.kpu.go.id/img/c/900/047/900047005/1-11789-54-C1-PPWP-X2.jpg
6728117431178611789900047006,SUMATERA UTARA,KOTA MEDAN,MEDAN DELI,TANJUNG MULIA,TPS 55,2019-10-25 17:00:05,68,129,295,194,197,197,0,https://pemilu2019.kpu.go.id/img/c/900/047/900047006/1-11789-55-C1-PPWP-X19.jpg,https://pemilu2019.kpu.go.id/img/c/900/047/900047006/1-11789-55-C1-PPWP-X20.jpg
6728117431178611789900047007,SUMATERA UTARA,KOTA MEDAN,MEDAN DELI,TANJUNG MULIA,TPS 56,2019-10-25 17:00:05,79,103,182,272,182,182,0,https://pemilu2019.kpu.go.id/img/c/900/047/900047007/1-11789-56-C1-PPWP-X1.jpg,https://pemilu2019.kpu.go.id/img/c/900/047/900047007/1-11789-56-C1-PPWP-X2.jpg
6728117431178611789900047008,SUMATERA UTARA,KOTA MEDAN,MEDAN DELI,TANJUNG MULIA,TPS 57,2019-10-25 17:00:05,72,105,271,179,179,177,2,https://pemilu2019.kpu.go.id/img/c/900/047/900047008/1-11789-57-C1-PPWP-X21.jpg,https://pemilu2019.kpu.go.id/img/c/900/047/900047008/1-11789-57-C1-PPWP-X22.jpg
6728117431178611789900047009,SUMATERA UTARA,KOTA MEDAN,MEDAN DELI,TANJUNG MULIA,TPS 58,2019-10-25 17:00:05,70,131,332,202,202,201,1,https://pemilu2019.kpu.go.id/img/c/900/047/900047009/1-11789-58-C1-PPWP-X1.jpg,https://pemilu2019.kpu.go.id/img/c/900/047/900047009/1-11789-58-C1-PPWP-X2.jpg
6728117431178611789900047010,SUMATERA UTARA,KOTA MEDAN,MEDAN DELI,TANJUNG MULIA,TPS 59,2019-10-25 17:00:05,56,171,257,231,231,227,4,https://pemilu2019.kpu.go.id/img/c/900/047/900047010/1-11789-59-C1-PPWP-X23.jpg,https://pemilu2019.kpu.go.id/img/c/900/047/900047010/1-11789-59-C1-PPWP-X24.jpg
6728117431178611789900047011,SUMATERA UTARA,KOTA MEDAN,MEDAN DELI,TANJUNG MULIA,TPS 60,2019-10-25 17:00:05,64,154,0,221,222,4,218,https://pemilu2019.kpu.go.id/img/c/900/047/900047011/1-11789-60-C1-PPWP-X1.jpg,https://pemilu2019.kpu.go.id/img/c/900/047/900047011/1-11789-60-C1-PPWP-X2.jpg
6728117431178611789900047012,SUMATERA UTARA,KOTA MEDAN,MEDAN DELI,TANJUNG MULIA,TPS 61,2019-10-25 17:00:05,86,97,186,186,186,183,3,https://pemilu2019.kpu.go.id/img/c/900/047/900047012/1-11789-61-C1-PPWP-X1.jpg,https://pemilu2019.kpu.go.id/img/c/900/047/900047012/1-11789-61-C1-PPWP-X2.jpg
6728117431178611789900047013,SUMATERA UTARA,KOTA MEDAN,MEDAN DELI,TANJUNG MULIA,TPS 62,2019-10-25 17:00:05,77,117,196,199,195,194,1,https://pemilu2019.kpu.go.id/img/c/900/047/900047013/1-11789-62-C1-PPWP-X25.jpg,https://pemilu2019.kpu.go.id/img/c/900/047/900047013/1-11789-62-C1-PPWP-X26.jpg
6728117431178611789900047014,SUMATERA UTARA,KOTA MEDAN,MEDAN DELI,TANJUNG MULIA,TPS 63,2019-10-25 17:00:05,87,102,194,194,194,189,5,https://pemilu2019.kpu.go.id/img/c/900/047/900047014/1-11789-63-C1-PPWP-X1.jpg,https://pemilu2019.kpu.go.id/img/c/900/047/900047014/1-11789-63-C1-PPWP-X2.jpg
6728117431178611789900047015,SUMATERA UTARA,KOTA MEDAN,MEDAN DELI,TANJUNG MULIA,TPS 64,2019-10-25 17:00:05,72,138,265,211,211,210,1,https://pemilu2019.kpu.go.id/img/c/900/047/900047015/1-11789-64-C1-PPWP-X27.jpg,https://pemilu2019.kpu.go.id/img/c/900/047/900047015/1-11789-64-C1-PPWP-X28.jpg
6728117431178611789900047016,SUMATERA UTARA,KOTA MEDAN,MEDAN DELI,TANJUNG MULIA,TPS 65,2019-10-25 17:00:05,76,102,243,181,181,178,3,https://pemilu2019.kpu.go.id/img/c/900/047/900047016/1-11789-65-C1-PPWP-X1.jpg,https://pemilu2019.kpu.go.id/img/c/900/047/900047016/1-11789-65-C1-PPWP-X2.jpg
6728117431178611789900047017,SUMATERA UTARA,KOTA MEDAN,MEDAN DELI,TANJUNG MULIA,TPS 66,2019-10-25 17:00:05,61,130,239,205,194,191,3,https://pemilu2019.kpu.go.id/img/c/900/047/900047017/1-11789-66-C1-PPWP-X29.jpg,https://pemilu2019.kpu.go.id/img/c/900/047/900047017/1-11789-66-C1-PPWP-X30.jpg
6728117431178611789900047018,SUMATERA UTARA,KOTA MEDAN,MEDAN DELI,TANJUNG MULIA,TPS 67,2019-10-25 17:00:05,50,182,314,234,234,232,2,https://pemilu2019.kpu.go.id/img/c/900/047/900047018/1-11789-67-C1-PPWP-X1.jpg,https://pemilu2019.kpu.go.id/img/c/900/047/900047018/1-11789-67-C1-PPWP-02.jpg
6728117431178611789900047019,SUMATERA UTARA,KOTA MEDAN,MEDAN DELI,TANJUNG MULIA,TPS 68,2019-10-25 17:00:05,53,148,354,208,208,201,7,https://pemilu2019.kpu.go.id/img/c/900/047/900047019/1-11789-68-C1-PPWP-X1.jpg,https://pemilu2019.kpu.go.id/img/c/900/047/900047019/1-11789-68-C1-PPWP-X2.jpg
6728117431178611789900047020,SUMATERA UTARA,KOTA MEDAN,MEDAN DELI,TANJUNG MULIA,TPS 69,2019-10-25 17:00:05,0,0,330,224,0,0,0,https://pemilu2019.kpu.go.id/img/c/900/047/900047020/1-11789-69-C1-PPWP-X1.jpg,https://pemilu2019.kpu.go.id/img/c/900/047/900047020/1-11789-69-C1-PPWP-X2.jpg
6728117431178611789900047021,SUMATERA UTARA,KOTA MEDAN,MEDAN DELI,TANJUNG MULIA,TPS 70,2019-10-25 17:00:05,45,183,252,232,232,228,4,https://pemilu2019.kpu.go.id/img/c/900/047/900047021/1-11789-70-C1-PPWP-X1.jpg,https://pemilu2019.kpu.go.id/img/c/900/047/900047021/1-11789-70-C1-PPWP-02.jpg
6728117431178611789900047022,SUMATERA UTARA,KOTA MEDAN,MEDAN DELI,TANJUNG MULIA,TPS 71,2019-10-25 17:00:05,54,136,285,193,193,190,3,https://pemilu2019.kpu.go.id/img/c/900/047/900047022/1-11789-71-C1-PPWP-X1.jpg,https://pemilu2019.kpu.go.id/img/c/900/047/900047022/1-11789-71-C1-PPWP-X2.jpg
6728117431178611789900047023,SUMATERA UTARA,KOTA MEDAN,MEDAN DELI,TANJUNG MULIA,TPS 72,2019-10-25 17:00:05,65,191,300,262,262,256,6,https://pemilu2019.kpu.go.id/img/c/900/047/900047023/1-11789-72-C1-PPWP-X1.jpg,https://pemilu2019.kpu.go.id/img/c/900/047/900047023/1-11789-72-C1-PPWP-X2.jpg
6728117431178611789900047024,SUMATERA UTARA,KOTA MEDAN,MEDAN DELI,TANJUNG MULIA,TPS 73,2019-10-25 17:00:05,36,132,250,169,169,168,1,https://pemilu2019.kpu.go.id/img/c/900/047/900047024/1-11789-73-C1-PPWP-X1.jpg,https://pemilu2019.kpu.go.id/img/c/900/047/900047024/1-11789-73-C1-PPWP-X2.jpg
6728117431178611789900047025,SUMATERA UTARA,KOTA MEDAN,MEDAN DELI,TANJUNG MULIA,TPS 74,2019-10-25 17:00:05,51,112,287,165,165,163,2,https://pemilu2019.kpu.go.id/img/c/900/047/900047025/2-11789-74-C1-PPWP-X1.jpg,https://pemilu2019.kpu.go.id/img/c/900/047/900047025/2-11789-74-C1-PPWP-X2.jpg
6728117431178611789900047026,SUMATERA UTARA,KOTA MEDAN,MEDAN DELI,TANJUNG MULIA,TPS 75,2019-10-25 17:00:05,56,110,244,169,169,166,3,https://pemilu2019.kpu.go.id/img/c/900/047/900047026/1-11789-75-C1-PPWP-X1.jpg,https://pemilu2019.kpu.go.id/img/c/900/047/900047026/1-11789-75-C1-PPWP-X2.jpg
6728117431178611789900047027,SUMATERA UTARA,KOTA MEDAN,MEDAN DELI,TANJUNG MULIA,TPS 76,2019-10-25 17:00:05,39,134,251,173,173,173,0,https://pemilu2019.kpu.go.id/img/c/900/047/900047027/1-11789-76-C1-PPWP-X1.jpg,https://pemilu2019.kpu.go.id/img/c/900/047/900047027/1-11789-76-C1-PPWP-X2.jpg
6728117431178611789900047028,SUMATERA UTARA,KOTA MEDAN,MEDAN DELI,TANJUNG MULIA,TPS 77,2019-10-25 17:00:05,47,114,275,162,162,161,1,https://pemilu2019.kpu.go.id/img/c/900/047/900047028/1-11789-77-C1-PPWP-X1.jpg,https://pemilu2019.kpu.go.id/img/c/900/047/900047028/1-11789-77-C1-PPWP-X2.jpg
6728117431178611789900047029,SUMATERA UTARA,KOTA MEDAN,MEDAN DELI,TANJUNG MULIA,TPS 78,2019-10-25 17:00:05,51,99,244,150,150,150,0,https://pemilu2019.kpu.go.id/img/c/900/047/900047029/1-11789-78-C1-PPWP-X1.jpg,https://pemilu2019.kpu.go.id/img/c/900/047/900047029/1-11789-78-C1-PPWP-X2.jpg
6728117431178611789900047030,SUMATERA UTARA,KOTA MEDAN,MEDAN DELI,TANJUNG MULIA,TPS 79,2019-10-25 17:00:05,61,107,238,171,171,168,3,https://pemilu2019.kpu.go.id/img/c/900/047/900047030/1-11789-79-C1-PPWP-X1.jpg,https://pemilu2019.kpu.go.id/img/c/900/047/900047030/1-11789-79-C1-PPWP-X2.jpg
6728117431178611789900047031,SUMATERA UTARA,KOTA MEDAN,MEDAN DELI,TANJUNG MULIA,TPS 80,2019-10-25 17:00:05,74,123,288,202,202,197,5,https://pemilu2019.kpu.go.id/img/c/900/047/900047031/1-11789-80-C1-PPWP-X1.jpg,https://pemilu2019.kpu.go.id/img/c/900/047/900047031/1-11789-80-C1-PPWP-X2.jpg
6728117431178611789900047032,SUMATERA UTARA,KOTA MEDAN,MEDAN DELI,TANJUNG MULIA,TPS 81,2019-10-25 17:00:05,80,138,311,220,220,218,2,https://pemilu2019.kpu.go.id/img/c/900/047/900047032/1-11789-81-C1-PPWP-X1.jpg,https://pemilu2019.kpu.go.id/img/c/900/047/900047032/1-11789-81-C1-PPWP-X2.jpg
6728117431178611789900047033,SUMATERA UTARA,KOTA MEDAN,MEDAN DELI,TANJUNG MULIA,TPS 82,2019-10-25 17:00:05,75,138,285,213,213,213,0,https://pemilu2019.kpu.go.id/img/c/900/047/900047033/1-11789-82-C1-PPWP-X1.jpg,https://pemilu2019.kpu.go.id/img/c/900/047/900047033/1-11789-82-C1-PPWP-X2.jpg
6728117431178611789900047034,SUMATERA UTARA,KOTA MEDAN,MEDAN DELI,TANJUNG MULIA,TPS 83,2019-10-25 17:00:05,73,134,294,208,208,207,1,https://pemilu2019.kpu.go.id/img/c/900/047/900047034/1-11789-83-C1-PPWP-X1.jpg,https://pemilu2019.kpu.go.id/img/c/900/047/900047034/1-11789-83-C1-PPWP-X2.jpg
6728117431178611789900047035,SUMATERA UTARA,KOTA MEDAN,MEDAN DELI,TANJUNG MULIA,TPS 84,2019-10-25 17:00:05,62,160,257,224,224,222,2,https://pemilu2019.kpu.go.id/img/c/900/047/900047035/1-11789-84-C1-PPWP-X1.jpg,https://pemilu2019.kpu.go.id/img/c/900/047/900047035/1-11789-84-C1-PPWP-X2.jpg
6728117431178611789900047036,SUMATERA UTARA,KOTA MEDAN,MEDAN DELI,TANJUNG MULIA,TPS 85,2019-10-25 17:00:05,64,117,294,181,181,181,0,https://pemilu2019.kpu.go.id/img/c/900/047/900047036/1-11789-85-C1-PPWP-X1.jpg,https://pemilu2019.kpu.go.id/img/c/900/047/900047036/1-11789-85-C1-PPWP-X2.jpg
6728117431178611789900047037,SUMATERA UTARA,KOTA MEDAN,MEDAN DELI,TANJUNG MULIA,TPS 86,2019-10-25 17:00:05,217,2,281,221,221,219,3,https://pemilu2019.kpu.go.id/img/c/900/047/900047037/1-11789-86-C1-PPWP-X1.jpg,https://pemilu2019.kpu.go.id/img/c/900/047/900047037/1-11789-86-C1-PPWP-X2.jpg
6728117431178611789900047038,SUMATERA UTARA,KOTA MEDAN,MEDAN DELI,TANJUNG MULIA,TPS 87,2019-10-25 17:00:05,224,4,238,232,232,228,4,https://pemilu2019.kpu.go.id/img/c/900/047/900047038/1-11789-87-C1-PPWP-X33.jpg,https://pemilu2019.kpu.go.id/img/c/900/047/900047038/1-11789-87-C1-PPWP-X34.jpg
6728117431178611789900047039,SUMATERA UTARA,KOTA MEDAN,MEDAN DELI,TANJUNG MULIA,TPS 88,2019-10-25 17:00:05,177,1,193,184,182,178,4,https://pemilu2019.kpu.go.id/img/c/900/047/900047039/1-11789-88-C1-PPWP-X35.jpg,https://pemilu2019.kpu.go.id/img/c/900/047/900047039/1-11789-88-C1-PPWP-X36.jpg
6728117431178611789900047040,SUMATERA UTARA,KOTA MEDAN,MEDAN DELI,TANJUNG MULIA,TPS 89,2019-10-25 17:00:05,24,83,148,109,109,107,2,https://pemilu2019.kpu.go.id/img/c/900/047/900047040/1-11789-89-C1-PPWP-X1.jpg,https://pemilu2019.kpu.go.id/img/c/900/047/900047040/1-11789-89-C1-PPWP-X2.jpg
6728117431178611789900047041,SUMATERA UTARA,KOTA MEDAN,MEDAN DELI,TANJUNG MULIA,TPS 90,2019-10-25 17:00:05,35,117,162,153,153,152,1,https://pemilu2019.kpu.go.id/img/c/900/047/900047041/1-11789-90-C1-PPWP-X37.jpg,https://pemilu2019.kpu.go.id/img/c/900/047/900047041/1-11789-90-C1-PPWP-X38.jpg
6728117431178611789900047042,SUMATERA UTARA,KOTA MEDAN,MEDAN DELI,TANJUNG MULIA,TPS 91,2019-10-25 17:00:05,70,67,147,138,138,137,1,https://pemilu2019.kpu.go.id/img/c/900/047/900047042/1-11789-91-C1-PPWP-X39.jpg,https://pemilu2019.kpu.go.id/img/c/900/047/900047042/1-11789-91-C1-PPWP-X40.jpg
6728117431178611789900047043,SUMATERA UTARA,KOTA MEDAN,MEDAN DELI,TANJUNG MULIA,TPS 92,2019-10-25 17:00:05,30,40,71,71,71,70,1,https://pemilu2019.kpu.go.id/img/c/900/047/900047043/1-11789-92-C1-PPWP-X1.jpg,https://pemilu2019.kpu.go.id/img/c/900/047/900047043/1-11789-92-C1-PPWP-X2.jpg
6728117431178611788900046856,SUMATERA UTARA,KOTA MEDAN,MEDAN DELI,TANJUNG MULIA HILIR,TPS 01,2019-10-25 17:00:05,69,61,207,136,136,130,6,https://pemilu2019.kpu.go.id/img/c/900/046/900046856/1-11788-01-C1-PPWP-X1.jpg,https://pemilu2019.kpu.go.id/img/c/900/046/900046856/1-11788-01-C1-PPWP-X2.jpg
6728117431178611788900046857,SUMATERA UTARA,KOTA MEDAN,MEDAN DELI,TANJUNG MULIA HILIR,TPS 02,2019-10-25 17:00:05,55,28,120,83,83,83,0,https://pemilu2019.kpu.go.id/img/c/900/046/900046857/1-11788-02-C1-PPWP-X1.jpg,https://pemilu2019.kpu.go.id/img/c/900/046/900046857/1-11788-02-C1-PPWP-X2.jpg
6728117431178611788900046858,SUMATERA UTARA,KOTA MEDAN,MEDAN DELI,TANJUNG MULIA HILIR,TPS 03,2019-10-25 17:00:05,75,68,209,147,147,143,4,https://pemilu2019.kpu.go.id/img/c/900/046/900046858/1-11788-03-C1-PPWP-X1.jpg,https://pemilu2019.kpu.go.id/img/c/900/046/900046858/1-11788-03-C1-PPWP-X2.jpg
6728117431178611788900046859,SUMATERA UTARA,KOTA MEDAN,MEDAN DELI,TANJUNG MULIA HILIR,TPS 04,2019-10-25 17:00:05,27,119,271,149,149,146,3,https://pemilu2019.kpu.go.id/img/c/900/046/900046859/1-11788-04-C1-PPWP-X1.jpg,https://pemilu2019.kpu.go.id/img/c/900/046/900046859/1-11788-04-C1-PPWP-X2.jpg
6728117431178611788900046860,SUMATERA UTARA,KOTA MEDAN,MEDAN DELI,TANJUNG MULIA HILIR,TPS 05,2019-10-25 17:00:05,38,99,272,137,137,137,0,https://pemilu2019.kpu.go.id/img/c/900/046/900046860/1-11788-05-C1-PPWP-X1.jpg,https://pemilu2019.kpu.go.id/img/c/900/046/900046860/1-11788-05-C1-PPWP-X2.jpg
6728117431178611788900046861,SUMATERA UTARA,KOTA MEDAN,MEDAN DELI,TANJUNG MULIA HILIR,TPS 06,2019-10-25 17:00:05,46,114,249,161,161,160,1,https://pemilu2019.kpu.go.id/img/c/900/046/900046861/1-11788-06-C1-PPWP-X1.jpg,https://pemilu2019.kpu.go.id/img/c/900/046/900046861/1-11788-06-C1-PPWP-X2.jpg
6728117431178611788900046862,SUMATERA UTARA,KOTA MEDAN,MEDAN DELI,TANJUNG MULIA HILIR,TPS 07,2019-10-25 17:00:05,55,82,181,138,138,137,1,https://pemilu2019.kpu.go.id/img/c/900/046/900046862/1-11788-07-C1-PPWP-X1.jpg,https://pemilu2019.kpu.go.id/img/c/900/046/900046862/1-11788-07-C1-PPWP-X2.jpg
6728117431178611788900046863,SUMATERA UTARA,KOTA MEDAN,MEDAN DELI,TANJUNG MULIA HILIR,TPS 08,2019-10-25 17:00:05,39,114,206,154,154,153,1,https://pemilu2019.kpu.go.id/img/c/900/046/900046863/1-11788-08-C1-PPWP-X1.jpg,https://pemilu2019.kpu.go.id/img/c/900/046/900046863/1-11788-08-C1-PPWP-X2.jpg
6728117431178611788900046864,SUMATERA UTARA,KOTA MEDAN,MEDAN DELI,TANJUNG MULIA HILIR,TPS 09,2019-10-25 17:00:05,44,102,208,148,148,146,2,https://pemilu2019.kpu.go.id/img/c/900/046/900046864/1-11788-09-C1-PPWP-X1.jpg,https://pemilu2019.kpu.go.id/img/c/900/046/900046864/1-11788-09-C1-PPWP-X2.jpg
6728117431178611788900046865,SUMATERA UTARA,KOTA MEDAN,MEDAN DELI,TANJUNG MULIA HILIR,TPS 10,2019-10-25 17:00:05,61,173,302,234,234,234,0,https://pemilu2019.kpu.go.id/img/c/900/046/900046865/1-11788-10-C1-PPWP-X1.jpg,https://pemilu2019.kpu.go.id/img/c/900/046/900046865/1-11788-10-C1-PPWP-X2.jpg
6728117431178611788900046866,SUMATERA UTARA,KOTA MEDAN,MEDAN DELI,TANJUNG MULIA HILIR,TPS 11,2019-10-25 17:00:05,45,178,292,226,226,223,3,https://pemilu2019.kpu.go.id/img/c/900/046/900046866/1-11788-11-C1-PPWP-X1.jpg,https://pemilu2019.kpu.go.id/img/c/900/046/900046866/1-11788-11-C1-PPWP-X2.jpg
6728117431178611788900046867,SUMATERA UTARA,KOTA MEDAN,MEDAN DELI,TANJUNG MULIA HILIR,TPS 12,2019-10-25 17:00:05,52,146,293,198,198,198,0,https://pemilu2019.kpu.go.id/img/c/900/046/900046867/1-11788-12-C1-PPWP-X1.jpg,https://pemilu2019.kpu.go.id/img/c/900/046/900046867/1-11788-12-C1-PPWP-X2.jpg
6728117431178611788900046868,SUMATERA UTARA,KOTA MEDAN,MEDAN DELI,TANJUNG MULIA HILIR,TPS 13,2019-10-25 17:00:05,49,154,280,207,207,203,4,https://pemilu2019.kpu.go.id/img/c/900/046/900046868/1-11788-13-C1-PPWP-X1.jpg,https://pemilu2019.kpu.go.id/img/c/900/046/900046868/1-11788-13-C1-PPWP-X2.jpg
6728117431178611788900046869,SUMATERA UTARA,KOTA MEDAN,MEDAN DELI,TANJUNG MULIA HILIR,TPS 14,2019-10-25 17:00:05,96,94,282,195,195,190,5,https://pemilu2019.kpu.go.id/img/c/900/046/900046869/1-11788-14-C1-PPWP-X1.jpg,https://pemilu2019.kpu.go.id/img/c/900/046/900046869/1-11788-14-C1-PPWP-X2.jpg
6728117431178611788900046870,SUMATERA UTARA,KOTA MEDAN,MEDAN DELI,TANJUNG MULIA HILIR,TPS 15,2019-10-25 17:00:05,83,97,258,181,181,180,1,https://pemilu2019.kpu.go.id/img/c/900/046/900046870/1-11788-15-C1-PPWP-X1.jpg,https://pemilu2019.kpu.go.id/img/c/900/046/900046870/1-11788-15-C1-PPWP-X2.jpg
6728117431178611788900046871,SUMATERA UTARA,KOTA MEDAN,MEDAN DELI,TANJUNG MULIA HILIR,TPS 16,2019-10-25 17:00:05,63,137,272,203,203,200,3,https://pemilu2019.kpu.go.id/img/c/900/046/900046871/1-11788-16-C1-PPWP-X1.jpg,https://pemilu2019.kpu.go.id/img/c/900/046/900046871/1-11788-16-C1-PPWP-X2.jpg
6728117431178611788900046872,SUMATERA UTARA,KOTA MEDAN,MEDAN DELI,TANJUNG MULIA HILIR,TPS 17,2019-10-25 17:00:05,72,126,268,199,199,198,1,https://pemilu2019.kpu.go.id/img/c/900/046/900046872/1-11788-17-C1-PPWP-X1.jpg,https://pemilu2019.kpu.go.id/img/c/900/046/900046872/1-11788-17-C1-PPWP-X2.jpg
6728117431178611788900046873,SUMATERA UTARA,KOTA MEDAN,MEDAN DELI,TANJUNG MULIA HILIR,TPS 18,2019-10-25 17:00:05,52,162,277,215,215,214,1,https://pemilu2019.kpu.go.id/img/c/900/046/900046873/1-11788-18-C1-PPWP-X1.jpg,https://pemilu2019.kpu.go.id/img/c/900/046/900046873/1-11788-18-C1-PPWP-X2.jpg
6728117431178611788900046874,SUMATERA UTARA,KOTA MEDAN,MEDAN DELI,TANJUNG MULIA HILIR,TPS 19,2019-10-25 17:00:05,46,115,216,161,161,161,0,https://pemilu2019.kpu.go.id/img/c/900/046/900046874/1-11788-19-C1-PPWP-X1.jpg,https://pemilu2019.kpu.go.id/img/c/900/046/900046874/1-11788-19-C1-PPWP-X2.jpg
6728117431178611788900046875,SUMATERA UTARA,KOTA MEDAN,MEDAN DELI,TANJUNG MULIA HILIR,TPS 20,2019-10-25 17:00:05,47,115,226,163,163,162,1,https://pemilu2019.kpu.go.id/img/c/900/046/900046875/1-11788-20-C1-PPWP-X1.jpg,https://pemilu2019.kpu.go.id/img/c/900/046/900046875/1-11788-20-C1-PPWP-X2.jpg
6728117431178611788900046876,SUMATERA UTARA,KOTA MEDAN,MEDAN DELI,TANJUNG MULIA HILIR,TPS 21,2019-10-25 17:00:05,61,99,229,163,163,160,3,https://pemilu2019.kpu.go.id/img/c/900/046/900046876/1-11788-21-C1-PPWP-X3.jpg,https://pemilu2019.kpu.go.id/img/c/900/046/900046876/1-11788-21-C1-PPWP-X4.jpg
6728117431178611788900046877,SUMATERA UTARA,KOTA MEDAN,MEDAN DELI,TANJUNG MULIA HILIR,TPS 22,2019-10-25 17:00:05,59,109,232,169,169,168,1,https://pemilu2019.kpu.go.id/img/c/900/046/900046877/1-11788-22-C1-PPWP-X1.jpg,https://pemilu2019.kpu.go.id/img/c/900/046/900046877/1-11788-22-C1-PPWP-X2.jpg
6728117431178611788900046878,SUMATERA UTARA,KOTA MEDAN,MEDAN DELI,TANJUNG MULIA HILIR,TPS 23,2019-10-25 17:00:05,53,109,194,162,162,162,0,https://pemilu2019.kpu.go.id/img/c/900/046/900046878/1-11788-23-C1-PPWP-X1.jpg,https://pemilu2019.kpu.go.id/img/c/900/046/900046878/1-11788-23-C1-PPWP-X2.jpg
6728117431178611788900046879,SUMATERA UTARA,KOTA MEDAN,MEDAN DELI,TANJUNG MULIA HILIR,TPS 24,2019-10-25 17:00:05,52,127,183,256,183,179,4,https://pemilu2019.kpu.go.id/img/c/900/046/900046879/2-11788-24-C1-PPWP-X5.jpg,https://pemilu2019.kpu.go.id/img/c/900/046/900046879/2-11788-24-C1-PPWP-X6.jpg
6728117431178611788900046880,SUMATERA UTARA,KOTA MEDAN,MEDAN DELI,TANJUNG MULIA HILIR,TPS 25,2019-10-25 17:00:05,51,123,205,174,175,174,1,https://pemilu2019.kpu.go.id/img/c/900/046/900046880/1-11788-25-C1-PPWP-X1.jpg,https://pemilu2019.kpu.go.id/img/c/900/046/900046880/1-11788-25-C1-PPWP-X2.jpg
6728117431178611788900046881,SUMATERA UTARA,KOTA MEDAN,MEDAN DELI,TANJUNG MULIA HILIR,TPS 26,2019-10-25 17:00:05,37,138,238,176,176,175,1,https://pemilu2019.kpu.go.id/img/c/900/046/900046881/1-11788-26-C1-PPWP-X1.jpg,https://pemilu2019.kpu.go.id/img/c/900/046/900046881/1-11788-26-C1-PPWP-X2.jpg
6728117431178611788900046882,SUMATERA UTARA,KOTA MEDAN,MEDAN DELI,TANJUNG MULIA HILIR,TPS 27,2019-10-25 17:00:05,33,135,216,169,169,168,1,https://pemilu2019.kpu.go.id/img/c/900/046/900046882/1-11788-27-C1-PPWP-X1.jpg,https://pemilu2019.kpu.go.id/img/c/900/046/900046882/1-11788-27-C1-PPWP-X2.jpg
6728117431178611788900046883,SUMATERA UTARA,KOTA MEDAN,MEDAN DELI,TANJUNG MULIA HILIR,TPS 28,2019-10-25 17:00:05,60,126,269,187,187,186,1,https://pemilu2019.kpu.go.id/img/c/900/046/900046883/1-11788-28-C1-PPWP-X1.jpg,https://pemilu2019.kpu.go.id/img/c/900/046/900046883/1-11788-28-C1-PPWP-X2.jpg
6728117431178611788900046884,SUMATERA UTARA,KOTA MEDAN,MEDAN DELI,TANJUNG MULIA HILIR,TPS 29,2019-10-25 17:00:05,54,134,237,188,0,188,0,https://pemilu2019.kpu.go.id/img/c/900/046/900046884/1-11788-29-C1-PPWP-X1.jpg,https://pemilu2019.kpu.go.id/img/c/900/046/900046884/1-11788-29-C1-PPWP-X2.jpg
6728117431178611788900046885,SUMATERA UTARA,KOTA MEDAN,MEDAN DELI,TANJUNG MULIA HILIR,TPS 30,2019-10-25 17:00:05,77,141,257,221,221,218,3,https://pemilu2019.kpu.go.id/img/c/900/046/900046885/1-11788-30-C1-PPWP-X1.jpg,https://pemilu2019.kpu.go.id/img/c/900/046/900046885/1-11788-30-C1-PPWP-X2.jpg
6728117431178611788900046886,SUMATERA UTARA,KOTA MEDAN,MEDAN DELI,TANJUNG MULIA HILIR,TPS 31,2019-10-25 17:00:05,62,154,214,214,217,1,216,https://pemilu2019.kpu.go.id/img/c/900/046/900046886/1-11788-31-C1-PPWP-X1.jpg,https://pemilu2019.kpu.go.id/img/c/900/046/900046886/1-11788-31-C1-PPWP-X2.jpg
6728117431178611788900046887,SUMATERA UTARA,KOTA MEDAN,MEDAN DELI,TANJUNG MULIA HILIR,TPS 32,2019-10-25 17:00:05,83,154,268,241,239,237,2,https://pemilu2019.kpu.go.id/img/c/900/046/900046887/1-11788-32-C1-PPWP-X7.jpg,https://pemilu2019.kpu.go.id/img/c/900/046/900046887/1-11788-32-C1-PPWP-X8.jpg
6728117431178611788900046888,SUMATERA UTARA,KOTA MEDAN,MEDAN DELI,TANJUNG MULIA HILIR,TPS 33,2019-10-25 17:00:05,34,181,278,215,215,215,0,https://pemilu2019.kpu.go.id/img/c/900/046/900046888/1-11788-33-C1-PPWP-X9.jpg,https://pemilu2019.kpu.go.id/img/c/900/046/900046888/1-11788-33-C1-PPWP-X10.jpg
6728117431178611788900046889,SUMATERA UTARA,KOTA MEDAN,MEDAN DELI,TANJUNG MULIA HILIR,TPS 34,2019-10-25 17:00:05,37,154,243,194,194,191,3,https://pemilu2019.kpu.go.id/img/c/900/046/900046889/1-11788-34-C1-PPWP-X11.jpg,https://pemilu2019.kpu.go.id/img/c/900/046/900046889/1-11788-34-C1-PPWP-X12.jpg
6728117431178611788900046890,SUMATERA UTARA,KOTA MEDAN,MEDAN DELI,TANJUNG MULIA HILIR,TPS 35,2019-10-25 17:00:05,43,146,264,192,192,189,3,https://pemilu2019.kpu.go.id/img/c/900/046/900046890/1-11788-35-C1-PPWP-X13.jpg,https://pemilu2019.kpu.go.id/img/c/900/046/900046890/1-11788-35-C1-PPWP-X14.jpg
6728117431178611788900046891,SUMATERA UTARA,KOTA MEDAN,MEDAN DELI,TANJUNG MULIA HILIR,TPS 36,2019-10-25 17:00:05,59,118,227,182,182,177,5,https://pemilu2019.kpu.go.id/img/c/900/046/900046891/1-11788-36-C1-PPWP-X15.jpg,https://pemilu2019.kpu.go.id/img/c/900/046/900046891/1-11788-36-C1-PPWP-X16.jpg
6728117431178611788900046892,SUMATERA UTARA,KOTA MEDAN,MEDAN DELI,TANJUNG MULIA HILIR,TPS 37,2019-10-25 17:00:05,76,113,260,189,189,189,0,https://pemilu2019.kpu.go.id/img/c/900/046/900046892/1-11788-37-C1-PPWP-X17.jpg,https://pemilu2019.kpu.go.id/img/c/900/046/900046892/1-11788-37-C1-PPWP-X18.jpg
6728117431178611788900046893,SUMATERA UTARA,KOTA MEDAN,MEDAN DELI,TANJUNG MULIA HILIR,TPS 38,2019-10-25 17:00:05,65,115,251,182,182,180,2,https://pemilu2019.kpu.go.id/img/c/900/046/900046893/1-11788-38-C1-PPWP-X19.jpg,https://pemilu2019.kpu.go.id/img/c/900/046/900046893/1-11788-38-C1-PPWP-X20.jpg
6728117431178611788900046894,SUMATERA UTARA,KOTA MEDAN,MEDAN DELI,TANJUNG MULIA HILIR,TPS 39,2019-10-25 17:00:05,64,105,236,171,170,169,1,https://pemilu2019.kpu.go.id/img/c/900/046/900046894/1-11788-39-C1-PPWP-X21.jpg,https://pemilu2019.kpu.go.id/img/c/900/046/900046894/1-11788-39-C1-PPWP-X22.jpg
6728117431178611788900046895,SUMATERA UTARA,KOTA MEDAN,MEDAN DELI,TANJUNG MULIA HILIR,TPS 40,2019-10-25 17:00:05,68,110,244,181,181,178,3,https://pemilu2019.kpu.go.id/img/c/900/046/900046895/1-11788-40-C1-PPWP-X23.jpg,https://pemilu2019.kpu.go.id/img/c/900/046/900046895/1-11788-40-C1-PPWP-X24.jpg
6728117431178611788900046896,SUMATERA UTARA,KOTA MEDAN,MEDAN DELI,TANJUNG MULIA HILIR,TPS 41,2019-10-25 17:00:05,64,123,228,189,189,187,2,https://pemilu2019.kpu.go.id/img/c/900/046/900046896/1-11788-41-C1-PPWP-X25.jpg,https://pemilu2019.kpu.go.id/img/c/900/046/900046896/1-11788-41-C1-PPWP-X26.jpg
6728117431178611788900046897,SUMATERA UTARA,KOTA MEDAN,MEDAN DELI,TANJUNG MULIA HILIR,TPS 42,2019-10-25 17:00:05,77,170,322,249,249,247,2,https://pemilu2019.kpu.go.id/img/c/900/046/900046897/1-11788-42-C1-PPWP-X1.jpg,https://pemilu2019.kpu.go.id/img/c/900/046/900046897/1-11788-42-C1-PPWP-X2.jpg
6728117431178611788900046898,SUMATERA UTARA,KOTA MEDAN,MEDAN DELI,TANJUNG MULIA HILIR,TPS 43,2019-10-25 17:00:05,104,132,301,245,245,236,9,https://pemilu2019.kpu.go.id/img/c/900/046/900046898/1-11788-43-C1-PPWP-X1.jpg,https://pemilu2019.kpu.go.id/img/c/900/046/900046898/1-11788-43-C1-PPWP-X2.jpg
6728117431178611788900046899,SUMATERA UTARA,KOTA MEDAN,MEDAN DELI,TANJUNG MULIA HILIR,TPS 44,2019-10-25 17:00:05,101,92,352,352,195,193,2,https://pemilu2019.kpu.go.id/img/c/900/046/900046899/1-11788-44-C1-PPWP-X1.jpg,https://pemilu2019.kpu.go.id/img/c/900/046/900046899/1-11788-44-C1-PPWP-X2.jpg
6728117431178611788900046900,SUMATERA UTARA,KOTA MEDAN,MEDAN DELI,TANJUNG MULIA HILIR,TPS 45,2019-10-25 17:00:05,81,85,0,167,167,166,1,https://pemilu2019.kpu.go.id/img/c/900/046/900046900/1-11788-45-C1-PPWP-X1.jpg,https://pemilu2019.kpu.go.id/img/c/900/046/900046900/1-11788-45-C1-PPWP-X2.jpg
6728117431178611788900046901,SUMATERA UTARA,KOTA MEDAN,MEDAN DELI,TANJUNG MULIA HILIR,TPS 46,2019-10-25 17:00:05,75,88,308,165,165,163,2,https://pemilu2019.kpu.go.id/img/c/900/046/900046901/1-11788-46-C1-PPWP-X1.jpg,https://pemilu2019.kpu.go.id/img/c/900/046/900046901/1-11788-46-C1-PPWP-X2.jpg
6728117431178611788900046902,SUMATERA UTARA,KOTA MEDAN,MEDAN DELI,TANJUNG MULIA HILIR,TPS 47,2019-10-25 17:00:05,75,128,354,206,206,203,3,https://pemilu2019.kpu.go.id/img/c/900/046/900046902/1-11788-47-C1-PPWP-X1.jpg,https://pemilu2019.kpu.go.id/img/c/900/046/900046902/1-11788-47-C1-PPWP-X2.jpg
6728117431178611788900046903,SUMATERA UTARA,KOTA MEDAN,MEDAN DELI,TANJUNG MULIA HILIR,TPS 48,2019-10-25 17:00:05,78,89,301,168,168,167,1,https://pemilu2019.kpu.go.id/img/c/900/046/900046903/1-11788-48-C1-PPWP-X1.jpg,https://pemilu2019.kpu.go.id/img/c/900/046/900046903/1-11788-48-C1-PPWP-X2.jpg
6728117431178611788900046904,SUMATERA UTARA,KOTA MEDAN,MEDAN DELI,TANJUNG MULIA HILIR,TPS 49,2019-10-25 17:00:05,79,119,280,200,200,198,2,https://pemilu2019.kpu.go.id/img/c/900/046/900046904/1-11788-49-C1-PPWP-X3.jpg,https://pemilu2019.kpu.go.id/img/c/900/046/900046904/1-11788-49-C1-PPWP-X4.jpg
6728117431178611788900046905,SUMATERA UTARA,KOTA MEDAN,MEDAN DELI,TANJUNG MULIA HILIR,TPS 50,2019-10-25 17:00:05,83,97,241,183,183,180,3,https://pemilu2019.kpu.go.id/img/c/900/046/900046905/1-11788-50-C1-PPWP-X1.jpg,https://pemilu2019.kpu.go.id/img/c/900/046/900046905/1-11788-50-C1-PPWP-X2.jpg
6728117431178611788900046906,SUMATERA UTARA,KOTA MEDAN,MEDAN DELI,TANJUNG MULIA HILIR,TPS 51,2019-10-25 17:00:05,95,73,337,174,174,168,6,https://pemilu2019.kpu.go.id/img/c/900/046/900046906/1-11788-51-C1-PPWP-X1.jpg,https://pemilu2019.kpu.go.id/img/c/900/046/900046906/1-11788-51-C1-PPWP-X2.jpg
6728117431178611788900046907,SUMATERA UTARA,KOTA MEDAN,MEDAN DELI,TANJUNG MULIA HILIR,TPS 52,2019-10-25 17:00:05,76,101,286,178,178,177,1,https://pemilu2019.kpu.go.id/img/c/900/046/900046907/1-11788-52-C1-PPWP-X1.jpg,https://pemilu2019.kpu.go.id/img/c/900/046/900046907/1-11788-52-C1-PPWP-X2.jpg
6728117431178611788900046908,SUMATERA UTARA,KOTA MEDAN,MEDAN DELI,TANJUNG MULIA HILIR,TPS 53,2019-10-25 17:00:05,58,120,274,181,181,178,3,https://pemilu2019.kpu.go.id/img/c/900/046/900046908/1-11788-53-C1-PPWP-X1.jpg,https://pemilu2019.kpu.go.id/img/c/900/046/900046908/1-11788-53-C1-PPWP-X2.jpg
6728117431178611788900046909,SUMATERA UTARA,KOTA MEDAN,MEDAN DELI,TANJUNG MULIA HILIR,TPS 54,2019-10-25 17:00:05,47,119,297,169,169,166,3,https://pemilu2019.kpu.go.id/img/c/900/046/900046909/1-11788-54-C1-PPWP-X1.jpg,https://pemilu2019.kpu.go.id/img/c/900/046/900046909/1-11788-54-C1-PPWP-X2.jpg
6728117431178611788900046910,SUMATERA UTARA,KOTA MEDAN,MEDAN DELI,TANJUNG MULIA HILIR,TPS 55,2019-10-25 17:00:05,40,125,281,167,167,165,2,https://pemilu2019.kpu.go.id/img/c/900/046/900046910/1-11788-55-C1-PPWP-X1.jpg,https://pemilu2019.kpu.go.id/img/c/900/046/900046910/1-11788-55-C1-PPWP-X2.jpg
6728117431178611788900046911,SUMATERA UTARA,KOTA MEDAN,MEDAN DELI,TANJUNG MULIA HILIR,TPS 56,2019-10-25 17:00:05,55,74,206,129,131,124,2,https://pemilu2019.kpu.go.id/img/c/900/046/900046911/1-11788-56-C1-PPWP-X5.jpg,https://pemilu2019.kpu.go.id/img/c/900/046/900046911/1-11788-56-C1-PPWP-X6.jpg
6728117431178611788900046912,SUMATERA UTARA,KOTA MEDAN,MEDAN DELI,TANJUNG MULIA HILIR,TPS 57,2019-10-25 17:00:05,45,71,244,117,117,116,1,https://pemilu2019.kpu.go.id/img/c/900/046/900046912/1-11788-57-C1-PPWP-X1.jpg,https://pemilu2019.kpu.go.id/img/c/900/046/900046912/1-11788-57-C1-PPWP-X2.jpg
6728117431178611788900046913,SUMATERA UTARA,KOTA MEDAN,MEDAN DELI,TANJUNG MULIA HILIR,TPS 58,2019-10-25 17:00:05,94,138,286,232,232,232,0,https://pemilu2019.kpu.go.id/img/c/900/046/900046913/1-11788-58-C1-PPWP-X7.jpg,https://pemilu2019.kpu.go.id/img/c/900/046/900046913/1-11788-58-C1-PPWP-X8.jpg
6728117431178611788900046914,SUMATERA UTARA,KOTA MEDAN,MEDAN DELI,TANJUNG MULIA HILIR,TPS 59,2019-10-25 17:00:05,82,118,0,202,202,200,2,https://pemilu2019.kpu.go.id/img/c/900/046/900046914/1-11788-59-C1-PPWP-X1.jpg,https://pemilu2019.kpu.go.id/img/c/900/046/900046914/1-11788-59-C1-PPWP-X2.jpg
6728117431178611788900046915,SUMATERA UTARA,KOTA MEDAN,MEDAN DELI,TANJUNG MULIA HILIR,TPS 60,2019-10-25 17:00:05,61,145,313,243,207,206,1,https://pemilu2019.kpu.go.id/img/c/900/046/900046915/1-11788-60-C1-PPWP-X1.jpg,https://pemilu2019.kpu.go.id/img/c/900/046/900046915/1-11788-60-C1-PPWP-X2.jpg
6728117431178611788900046916,SUMATERA UTARA,KOTA MEDAN,MEDAN DELI,TANJUNG MULIA HILIR,TPS 61,2019-10-25 17:00:05,59,108,279,167,168,167,1,https://pemilu2019.kpu.go.id/img/c/900/046/900046916/1-11788-61-C1-PPWP-X9.jpg,https://pemilu2019.kpu.go.id/img/c/900/046/900046916/1-11788-61-C1-PPWP-X10.jpg
6728117431178611788900046917,SUMATERA UTARA,KOTA MEDAN,MEDAN DELI,TANJUNG MULIA HILIR,TPS 62,2019-10-25 17:00:05,66,111,262,179,179,177,2,https://pemilu2019.kpu.go.id/img/c/900/046/900046917/1-11788-62-C1-PPWP-X11.jpg,https://pemilu2019.kpu.go.id/img/c/900/046/900046917/1-11788-62-C1-PPWP-X12.jpg
6728117431178611788900046918,SUMATERA UTARA,KOTA MEDAN,MEDAN DELI,TANJUNG MULIA HILIR,TPS 63,2019-10-25 17:00:05,69,166,238,235,235,235,0,https://pemilu2019.kpu.go.id/img/c/900/046/900046918/1-11788-63-C1-PPWP-X13.jpg,https://pemilu2019.kpu.go.id/img/c/900/046/900046918/1-11788-63-C1-PPWP-X14.jpg
6728117431178611788900046919,SUMATERA UTARA,KOTA MEDAN,MEDAN DELI,TANJUNG MULIA HILIR,TPS 64,2019-10-25 17:00:05,52,113,184,165,165,165,0,https://pemilu2019.kpu.go.id/img/c/900/046/900046919/1-11788-64-C1-PPWP-X1.jpg,https://pemilu2019.kpu.go.id/img/c/900/046/900046919/1-11788-64-C1-PPWP-X2.jpg
6728117431178611788900046920,SUMATERA UTARA,KOTA MEDAN,MEDAN DELI,TANJUNG MULIA HILIR,TPS 65,2019-10-25 17:00:05,184,37,301,223,223,221,2,https://pemilu2019.kpu.go.id/img/c/900/046/900046920/1-11788-65-C1-PPWP-X1.jpg,https://pemilu2019.kpu.go.id/img/c/900/046/900046920/1-11788-65-C1-PPWP-X2.jpg
6728117431178611788900046921,SUMATERA UTARA,KOTA MEDAN,MEDAN DELI,TANJUNG MULIA HILIR,TPS 66,2019-10-25 17:00:05,162,42,316,206,206,204,2,https://pemilu2019.kpu.go.id/img/c/900/046/900046921/1-11788-66-C1-PPWP-X1.jpg,https://pemilu2019.kpu.go.id/img/c/900/046/900046921/1-11788-66-C1-PPWP-X2.jpg
6728117431178611788900046922,SUMATERA UTARA,KOTA MEDAN,MEDAN DELI,TANJUNG MULIA HILIR,TPS 67,2019-10-25 17:00:05,134,13,281,148,148,147,1,https://pemilu2019.kpu.go.id/img/c/900/046/900046922/1-11788-67-C1-PPWP-X15.jpg,https://pemilu2019.kpu.go.id/img/c/900/046/900046922/1-11788-67-C1-PPWP-X16.jpg
6728117431178611788900046923,SUMATERA UTARA,KOTA MEDAN,MEDAN DELI,TANJUNG MULIA HILIR,TPS 68,2019-10-25 17:00:05,145,7,153,153,153,152,1,https://pemilu2019.kpu.go.id/img/c/900/046/900046923/1-11788-68-C1-PPWP-X1.jpg,https://pemilu2019.kpu.go.id/img/c/900/046/900046923/1-11788-68-C1-PPWP-X2.jpg
6728117431178611788900046924,SUMATERA UTARA,KOTA MEDAN,MEDAN DELI,TANJUNG MULIA HILIR,TPS 69,2019-10-25 17:00:05,115,26,198,143,143,141,2,https://pemilu2019.kpu.go.id/img/c/900/046/900046924/1-11788-69-C1-PPWP-X1.jpg,https://pemilu2019.kpu.go.id/img/c/900/046/900046924/1-11788-69-C1-PPWP-X2.jpg
6728117431178611788900046925,SUMATERA UTARA,KOTA MEDAN,MEDAN DELI,TANJUNG MULIA HILIR,TPS 70,2019-10-25 17:00:05,167,12,249,181,181,179,2,https://pemilu2019.kpu.go.id/img/c/900/046/900046925/1-11788-70-C1-PPWP-X1.jpg,https://pemilu2019.kpu.go.id/img/c/900/046/900046925/1-11788-70-C1-PPWP-X2.jpg
6728117431178611788900046926,SUMATERA UTARA,KOTA MEDAN,MEDAN DELI,TANJUNG MULIA HILIR,TPS 71,2019-10-25 17:00:05,134,19,272,154,154,153,1,https://pemilu2019.kpu.go.id/img/c/900/046/900046926/1-11788-71-C1-PPWP-X1.jpg,https://pemilu2019.kpu.go.id/img/c/900/046/900046926/1-11788-71-C1-PPWP-X2.jpg
6728117431178611788900046927,SUMATERA UTARA,KOTA MEDAN,MEDAN DELI,TANJUNG MULIA HILIR,TPS 72,2019-10-25 17:00:05,155,9,256,165,165,164,1,https://pemilu2019.kpu.go.id/img/c/900/046/900046927/1-11788-72-C1-PPWP-X1.jpg,https://pemilu2019.kpu.go.id/img/c/900/046/900046927/1-11788-72-C1-PPWP-X2.jpg
6728117431178611788900046928,SUMATERA UTARA,KOTA MEDAN,MEDAN DELI,TANJUNG MULIA HILIR,TPS 73,2019-10-25 17:00:05,141,21,253,253,163,162,1,https://pemilu2019.kpu.go.id/img/c/900/046/900046928/1-11788-73-C1-PPWP-X17.jpg,https://pemilu2019.kpu.go.id/img/c/900/046/900046928/1-11788-73-C1-PPWP-X18.jpg
6728117431178611788900046929,SUMATERA UTARA,KOTA MEDAN,MEDAN DELI,TANJUNG MULIA HILIR,TPS 74,2019-10-25 17:00:05,161,11,301,174,174,172,2,https://pemilu2019.kpu.go.id/img/c/900/046/900046929/1-11788-74-C1-PPWP-X19.jpg,https://pemilu2019.kpu.go.id/img/c/900/046/900046929/1-11788-74-C1-PPWP-X20.jpg
6728117431178611788900046930,SUMATERA UTARA,KOTA MEDAN,MEDAN DELI,TANJUNG MULIA HILIR,TPS 75,2019-10-25 17:00:05,123,22,145,0,251,145,106,https://pemilu2019.kpu.go.id/img/c/900/046/900046930/1-11788-75-C1-PPWP-X21.jpg,https://pemilu2019.kpu.go.id/img/c/900/046/900046930/1-11788-75-C1-PPWP-X22.jpg
6728117431178611788900046931,SUMATERA UTARA,KOTA MEDAN,MEDAN DELI,TANJUNG MULIA HILIR,TPS 76,2019-10-25 17:00:05,140,4,227,144,144,144,0,https://pemilu2019.kpu.go.id/img/c/900/046/900046931/1-11788-76-C1-PPWP-X23.jpg,https://pemilu2019.kpu.go.id/img/c/900/046/900046931/1-11788-76-C1-PPWP-X24.jpg
6728117431178611788900046932,SUMATERA UTARA,KOTA MEDAN,MEDAN DELI,TANJUNG MULIA HILIR,TPS 77,2019-10-25 17:00:05,127,6,220,134,134,133,1,https://pemilu2019.kpu.go.id/img/c/900/046/900046932/1-11788-77-C1-PPWP-X25.jpg,https://pemilu2019.kpu.go.id/img/c/900/046/900046932/1-11788-77-C1-PPWP-X26.jpg
6728117431178611788900046933,SUMATERA UTARA,KOTA MEDAN,MEDAN DELI,TANJUNG MULIA HILIR,TPS 78,2019-10-25 17:00:05,89,18,237,110,110,107,3,https://pemilu2019.kpu.go.id/img/c/900/046/900046933/2-11788-78-C1-PPWP-X27.jpg,https://pemilu2019.kpu.go.id/img/c/900/046/900046933/2-11788-78-C1-PPWP-X28.jpg
6728117431178611788900046934,SUMATERA UTARA,KOTA MEDAN,MEDAN DELI,TANJUNG MULIA HILIR,TPS 79,2019-10-25 17:00:05,172,40,306,215,215,212,3,https://pemilu2019.kpu.go.id/img/c/900/046/900046934/1-11788-79-C1-PPWP-X1.jpg,https://pemilu2019.kpu.go.id/img/c/900/046/900046934/1-11788-79-C1-PPWP-X2.jpg
6728117431178611788900046935,SUMATERA UTARA,KOTA MEDAN,MEDAN DELI,TANJUNG MULIA HILIR,TPS 80,2019-10-25 17:00:05,114,40,167,154,154,154,0,https://pemilu2019.kpu.go.id/img/c/900/046/900046935/1-11788-80-C1-PPWP-X1.jpg,https://pemilu2019.kpu.go.id/img/c/900/046/900046935/1-11788-80-C1-PPWP-X2.jpg
6728117431178611788900046936,SUMATERA UTARA,KOTA MEDAN,MEDAN DELI,TANJUNG MULIA HILIR,TPS 81,2019-10-25 17:00:05,170,17,283,191,191,187,4,https://pemilu2019.kpu.go.id/img/c/900/046/900046936/1-11788-81-C1-PPWP-X1.jpg,https://pemilu2019.kpu.go.id/img/c/900/046/900046936/1-11788-81-C1-PPWP-X2.jpg
6728117431178611788900046937,SUMATERA UTARA,KOTA MEDAN,MEDAN DELI,TANJUNG MULIA HILIR,TPS 82,2019-10-25 17:00:05,158,14,295,173,173,172,1,https://pemilu2019.kpu.go.id/img/c/900/046/900046937/1-11788-82-C1-PPWP-X29.jpg,https://pemilu2019.kpu.go.id/img/c/900/046/900046937/1-11788-82-C1-PPWP-X30.jpg
6728117431178611788900046938,SUMATERA UTARA,KOTA MEDAN,MEDAN DELI,TANJUNG MULIA HILIR,TPS 83,2019-10-25 17:00:05,218,12,288,230,230,230,0,https://pemilu2019.kpu.go.id/img/c/900/046/900046938/1-11788-83-C1-PPWP-X1.jpg,https://pemilu2019.kpu.go.id/img/c/900/046/900046938/1-11788-83-C1-PPWP-X2.jpg
6728117431178611788900046939,SUMATERA UTARA,KOTA MEDAN,MEDAN DELI,TANJUNG MULIA HILIR,TPS 84,2019-10-25 17:00:05,194,24,223,223,219,218,1,https://pemilu2019.kpu.go.id/img/c/900/046/900046939/1-11788-84-C1-PPWP-X31.jpg,https://pemilu2019.kpu.go.id/img/c/900/046/900046939/1-11788-84-C1-PPWP-X32.jpg
6728117431178611788900046940,SUMATERA UTARA,KOTA MEDAN,MEDAN DELI,TANJUNG MULIA HILIR,TPS 85,2019-10-25 17:00:05,161,26,224,187,195,187,8,https://pemilu2019.kpu.go.id/img/c/900/046/900046940/1-11788-85-C1-PPWP-X1.jpg,https://pemilu2019.kpu.go.id/img/c/900/046/900046940/1-11788-85-C1-PPWP-X2.jpg
6728117431178611788900046941,SUMATERA UTARA,KOTA MEDAN,MEDAN DELI,TANJUNG MULIA HILIR,TPS 86,2019-10-25 17:00:05,162,42,316,206,206,204,2,https://pemilu2019.kpu.go.id/img/c/900/046/900046941/1-11788-86-C1-PPWP-X1.jpg,https://pemilu2019.kpu.go.id/img/c/900/046/900046941/1-11788-86-C1-PPWP-X2.jpg
6728117431178611788900046942,SUMATERA UTARA,KOTA MEDAN,MEDAN DELI,TANJUNG MULIA HILIR,TPS 87,2019-10-25 17:00:05,69,69,0,0,141,138,3,https://pemilu2019.kpu.go.id/img/c/900/046/900046942/1-11788-87-C1-PPWP-X1.jpg,https://pemilu2019.kpu.go.id/img/c/900/046/900046942/1-11788-87-C1-PPWP-X2.jpg
6728117431178611788900046943,SUMATERA UTARA,KOTA MEDAN,MEDAN DELI,TANJUNG MULIA HILIR,TPS 88,2019-10-25 17:00:05,83,60,216,144,144,143,1,https://pemilu2019.kpu.go.id/img/c/900/046/900046943/3-11788-88-C1-PPWP-X1.jpg,https://pemilu2019.kpu.go.id/img/c/900/046/900046943/3-11788-88-C1-PPWP-X2.jpg
6728117431178611788900046944,SUMATERA UTARA,KOTA MEDAN,MEDAN DELI,TANJUNG MULIA HILIR,TPS 89,2019-10-25 17:00:05,56,97,226,153,153,153,0,https://pemilu2019.kpu.go.id/img/c/900/046/900046944/2-11788-89-C1-PPWP-X1.jpg,https://pemilu2019.kpu.go.id/img/c/900/046/900046944/2-11788-89-C1-PPWP-X2.jpg
6728117431178611788900046945,SUMATERA UTARA,KOTA MEDAN,MEDAN DELI,TANJUNG MULIA HILIR,TPS 90,2019-10-25 17:00:05,75,86,259,167,167,161,6,https://pemilu2019.kpu.go.id/img/c/900/046/900046945/2-11788-90-C1-PPWP-X1.jpg,https://pemilu2019.kpu.go.id/img/c/900/046/900046945/2-11788-90-C1-PPWP-X2.jpg
6728117431178611788900046946,SUMATERA UTARA,KOTA MEDAN,MEDAN DELI,TANJUNG MULIA HILIR,TPS 91,2019-10-25 17:00:05,77,78,249,157,157,155,2,https://pemilu2019.kpu.go.id/img/c/900/046/900046946/2-11788-91-C1-PPWP-X1.jpg,https://pemilu2019.kpu.go.id/img/c/900/046/900046946/2-11788-91-C1-PPWP-X2.jpg
6728117431178611788900046947,SUMATERA UTARA,KOTA MEDAN,MEDAN DELI,TANJUNG MULIA HILIR,TPS 92,2019-10-25 17:00:05,79,92,259,171,171,171,0,https://pemilu2019.kpu.go.id/img/c/900/046/900046947/2-11788-92-C1-PPWP-X1.jpg,https://pemilu2019.kpu.go.id/img/c/900/046/900046947/2-11788-92-C1-PPWP-X2.jpg
6728117431178611788900046948,SUMATERA UTARA,KOTA MEDAN,MEDAN DELI,TANJUNG MULIA HILIR,TPS 93,2019-10-25 17:00:05,76,132,223,208,21,208,0,https://pemilu2019.kpu.go.id/img/c/900/046/900046948/2-11788-93-C1-PPWP-X1.jpg,https://pemilu2019.kpu.go.id/img/c/900/046/900046948/2-11788-93-C1-PPWP-X2.jpg
6728117431178611788900046949,SUMATERA UTARA,KOTA MEDAN,MEDAN DELI,TANJUNG MULIA HILIR,TPS 94,2019-10-25 17:00:05,151,66,296,220,220,217,3,https://pemilu2019.kpu.go.id/img/c/900/046/900046949/1-11788-94-C1-PPWP-X1.jpg,https://pemilu2019.kpu.go.id/img/c/900/046/900046949/1-11788-94-C1-PPWP-X2.jpg
6728117431178611788900046950,SUMATERA UTARA,KOTA MEDAN,MEDAN DELI,TANJUNG MULIA HILIR,TPS 95,2019-10-25 17:00:05,171,72,331,247,247,243,4,https://pemilu2019.kpu.go.id/img/c/900/046/900046950/1-11788-95-C1-PPWP-X1.jpg,https://pemilu2019.kpu.go.id/img/c/900/046/900046950/1-11788-95-C1-PPWP-X2.jpg
6728117431178611788900046951,SUMATERA UTARA,KOTA MEDAN,MEDAN DELI,TANJUNG MULIA HILIR,TPS 96,2019-10-25 17:00:05,82,38,120,120,121,120,1,https://pemilu2019.kpu.go.id/img/c/900/046/900046951/1-11788-96-C1-PPWP-X1.jpg,https://pemilu2019.kpu.go.id/img/c/900/046/900046951/1-11788-96-C1-PPWP-X2.jpg
6728117431178611787900046764,SUMATERA UTARA,KOTA MEDAN,MEDAN DELI,TITIPAPAN,TPS 01,2019-10-25 17:00:05,54,168,319,224,224,222,2,https://pemilu2019.kpu.go.id/img/c/900/046/900046764/1-11787-01-C1-PPWP-X1.jpg,https://pemilu2019.kpu.go.id/img/c/900/046/900046764/1-11787-01-C1-PPWP-X2.jpg
6728117431178611787900046765,SUMATERA UTARA,KOTA MEDAN,MEDAN DELI,TITIPAPAN,TPS 02,2019-10-25 17:00:05,47,144,259,192,192,191,1,https://pemilu2019.kpu.go.id/img/c/900/046/900046765/1-11787-02-C1-PPWP-X3.jpg,https://pemilu2019.kpu.go.id/img/c/900/046/900046765/1-11787-02-C1-PPWP-X4.jpg
6728117431178611787900046766,SUMATERA UTARA,KOTA MEDAN,MEDAN DELI,TITIPAPAN,TPS 03,2019-10-25 17:00:05,36,146,249,182,0,182,0,https://pemilu2019.kpu.go.id/img/c/900/046/900046766/1-11787-03-C1-PPWP-X1.jpg,https://pemilu2019.kpu.go.id/img/c/900/046/900046766/1-11787-03-C1-PPWP-X2.jpg
6728117431178611787900046767,SUMATERA UTARA,KOTA MEDAN,MEDAN DELI,TITIPAPAN,TPS 04,2019-10-25 17:00:05,41,126,284,167,167,167,0,https://pemilu2019.kpu.go.id/img/c/900/046/900046767/1-11787-04-C1-PPWP-X1.jpg,https://pemilu2019.kpu.go.id/img/c/900/046/900046767/1-11787-04-C1-PPWP-X2.jpg
6728117431178611787900046768,SUMATERA UTARA,KOTA MEDAN,MEDAN DELI,TITIPAPAN,TPS 05,2019-10-25 17:00:05,32,104,263,136,136,136,0,https://pemilu2019.kpu.go.id/img/c/900/046/900046768/1-11787-05-C1-PPWP-X1.jpg,https://pemilu2019.kpu.go.id/img/c/900/046/900046768/1-11787-05-C1-PPWP-X2.jpg
6728117431178611787900046769,SUMATERA UTARA,KOTA MEDAN,MEDAN DELI,TITIPAPAN,TPS 06,2019-10-25 17:00:05,26,109,262,139,139,135,4,https://pemilu2019.kpu.go.id/img/c/900/046/900046769/1-11787-06-C1-PPWP-X1.jpg,https://pemilu2019.kpu.go.id/img/c/900/046/900046769/1-11787-06-C1-PPWP-X2.jpg
6728117431178611787900046770,SUMATERA UTARA,KOTA MEDAN,MEDAN DELI,TITIPAPAN,TPS 07,2019-10-25 17:00:05,30,138,266,169,169,168,1,https://pemilu2019.kpu.go.id/img/c/900/046/900046770/1-11787-07-C1-PPWP-X1.jpg,https://pemilu2019.kpu.go.id/img/c/900/046/900046770/1-11787-07-C1-PPWP-X2.jpg
6728117431178611787900046771,SUMATERA UTARA,KOTA MEDAN,MEDAN DELI,TITIPAPAN,TPS 08,2019-10-25 17:00:05,35,112,149,149,149,147,2,https://pemilu2019.kpu.go.id/img/c/900/046/900046771/1-11787-08-C1-PPWP-X1.jpg,https://pemilu2019.kpu.go.id/img/c/900/046/900046771/1-11787-08-C1-PPWP-X2.jpg
6728117431178611787900046772,SUMATERA UTARA,KOTA MEDAN,MEDAN DELI,TITIPAPAN,TPS 09,2019-10-25 17:00:05,17,102,249,119,119,119,0,https://pemilu2019.kpu.go.id/img/c/900/046/900046772/1-11787-09-C1-PPWP-X1.jpg,https://pemilu2019.kpu.go.id/img/c/900/046/900046772/1-11787-09-C1-PPWP-X2.jpg
6728117431178611787900046773,SUMATERA UTARA,KOTA MEDAN,MEDAN DELI,TITIPAPAN,TPS 10,2019-10-25 17:00:05,25,129,279,154,154,154,0,https://pemilu2019.kpu.go.id/img/c/900/046/900046773/1-11787-10-C1-PPWP-X1.jpg,https://pemilu2019.kpu.go.id/img/c/900/046/900046773/1-11787-10-C1-PPWP-X2.jpg
6728117431178611787900046774,SUMATERA UTARA,KOTA MEDAN,MEDAN DELI,TITIPAPAN,TPS 11,2019-10-25 17:00:05,24,143,298,167,167,167,0,https://pemilu2019.kpu.go.id/img/c/900/046/900046774/1-11787-11-C1-PPWP-X1.jpg,https://pemilu2019.kpu.go.id/img/c/900/046/900046774/1-11787-11-C1-PPWP-X2.jpg
6728117431178611787900046775,SUMATERA UTARA,KOTA MEDAN,MEDAN DELI,TITIPAPAN,TPS 12,2019-10-25 17:00:05,42,118,279,160,160,160,0,https://pemilu2019.kpu.go.id/img/c/900/046/900046775/1-11787-12-C1-PPWP-X5.jpg,https://pemilu2019.kpu.go.id/img/c/900/046/900046775/1-11787-12-C1-PPWP-X6.jpg
6728117431178611787900046776,SUMATERA UTARA,KOTA MEDAN,MEDAN DELI,TITIPAPAN,TPS 13,2019-10-25 17:00:05,40,153,272,196,196,193,3,https://pemilu2019.kpu.go.id/img/c/900/046/900046776/1-11787-13-C1-PPWP-X7.jpg,https://pemilu2019.kpu.go.id/img/c/900/046/900046776/1-11787-13-C1-PPWP-X8.jpg
6728117431178611787900046777,SUMATERA UTARA,KOTA MEDAN,MEDAN DELI,TITIPAPAN,TPS 14,2019-10-25 17:00:05,27,145,301,172,172,172,0,https://pemilu2019.kpu.go.id/img/c/900/046/900046777/1-11787-14-C1-PPWP-X1.jpg,https://pemilu2019.kpu.go.id/img/c/900/046/900046777/1-11787-14-C1-PPWP-X2.jpg
6728117431178611787900046778,SUMATERA UTARA,KOTA MEDAN,MEDAN DELI,TITIPAPAN,TPS 15,2019-10-25 17:00:05,170,24,204,196,196,194,2,https://pemilu2019.kpu.go.id/img/c/900/046/900046778/1-11787-15-C1-PPWP-X1.jpg,https://pemilu2019.kpu.go.id/img/c/900/046/900046778/1-11787-15-C1-PPWP-X2.jpg
6728117431178611787900046779,SUMATERA UTARA,KOTA MEDAN,MEDAN DELI,TITIPAPAN,TPS 16,2019-10-25 17:00:05,175,7,188,184,184,182,2,https://pemilu2019.kpu.go.id/img/c/900/046/900046779/1-11787-16-C1-PPWP-X1.jpg,https://pemilu2019.kpu.go.id/img/c/900/046/900046779/1-11787-16-C1-PPWP-X2.jpg
6728117431178611787900046780,SUMATERA UTARA,KOTA MEDAN,MEDAN DELI,TITIPAPAN,TPS 17,2019-10-25 17:00:05,99,7,137,106,106,106,0,https://pemilu2019.kpu.go.id/img/c/900/046/900046780/1-11787-17-C1-PPWP-X1.jpg,https://pemilu2019.kpu.go.id/img/c/900/046/900046780/1-11787-17-C1-PPWP-X2.jpg
6728117431178611787900046781,SUMATERA UTARA,KOTA MEDAN,MEDAN DELI,TITIPAPAN,TPS 18,2019-10-25 17:00:05,145,14,308,161,162,159,3,https://pemilu2019.kpu.go.id/img/c/900/046/900046781/1-11787-18-C1-PPWP-X1.jpg,https://pemilu2019.kpu.go.id/img/c/900/046/900046781/1-11787-18-C1-PPWP-X2.jpg
6728117431178611787900046782,SUMATERA UTARA,KOTA MEDAN,MEDAN DELI,TITIPAPAN,TPS 19,2019-10-25 17:00:05,166,23,314,192,192,189,3,https://pemilu2019.kpu.go.id/img/c/900/046/900046782/1-11787-19-C1-PPWP-X9.jpg,https://pemilu2019.kpu.go.id/img/c/900/046/900046782/1-11787-19-C1-PPWP-X10.jpg
6728117431178611787900046783,SUMATERA UTARA,KOTA MEDAN,MEDAN DELI,TITIPAPAN,TPS 20,2019-10-25 17:00:05,32,132,165,165,165,164,1,https://pemilu2019.kpu.go.id/img/c/900/046/900046783/1-11787-20-C1-PPWP-X1.jpg,https://pemilu2019.kpu.go.id/img/c/900/046/900046783/1-11787-20-C1-PPWP-X2.jpg
6728117431178611787900046784,SUMATERA UTARA,KOTA MEDAN,MEDAN DELI,TITIPAPAN,TPS 21,2019-10-25 17:00:05,23,133,245,156,156,156,0,https://pemilu2019.kpu.go.id/img/c/900/046/900046784/1-11787-21-C1-PPWP-X1.jpg,https://pemilu2019.kpu.go.id/img/c/900/046/900046784/1-11787-21-C1-PPWP-X2.jpg
6728117431178611787900046785,SUMATERA UTARA,KOTA MEDAN,MEDAN DELI,TITIPAPAN,TPS 22,2019-10-25 17:00:05,34,125,231,161,159,159,2,https://pemilu2019.kpu.go.id/img/c/900/046/900046785/1-11787-22-C1-PPWP-X1.jpg,https://pemilu2019.kpu.go.id/img/c/900/046/900046785/1-11787-22-C1-PPWP-X2.jpg
6728117431178611787900046786,SUMATERA UTARA,KOTA MEDAN,MEDAN DELI,TITIPAPAN,TPS 23,2019-10-25 17:00:05,44,129,338,174,174,173,1,https://pemilu2019.kpu.go.id/img/c/900/046/900046786/1-11787-23-C1-PPWP-X1.jpg,https://pemilu2019.kpu.go.id/img/c/900/046/900046786/1-11787-23-C1-PPWP-X2.jpg
6728117431178611787900046787,SUMATERA UTARA,KOTA MEDAN,MEDAN DELI,TITIPAPAN,TPS 24,2019-10-25 17:00:05,71,127,300,198,198,198,0,https://pemilu2019.kpu.go.id/img/c/900/046/900046787/1-11787-24-C1-PPWP-X1.jpg,https://pemilu2019.kpu.go.id/img/c/900/046/900046787/1-11787-24-C1-PPWP-X2.jpg
6728117431178611787900046788,SUMATERA UTARA,KOTA MEDAN,MEDAN DELI,TITIPAPAN,TPS 25,2019-10-25 17:00:05,74,101,279,176,176,175,1,https://pemilu2019.kpu.go.id/img/c/900/046/900046788/1-11787-25-C1-PPWP-X1.jpg,https://pemilu2019.kpu.go.id/img/c/900/046/900046788/1-11787-25-C1-PPWP-X2.jpg
6728117431178611787900046789,SUMATERA UTARA,KOTA MEDAN,MEDAN DELI,TITIPAPAN,TPS 26,2019-10-25 17:00:05,80,92,259,172,0,172,0,https://pemilu2019.kpu.go.id/img/c/900/046/900046789/1-11787-26-C1-PPWP-X1.jpg,https://pemilu2019.kpu.go.id/img/c/900/046/900046789/1-11787-26-C1-PPWP-X2.jpg
6728117431178611787900046790,SUMATERA UTARA,KOTA MEDAN,MEDAN DELI,TITIPAPAN,TPS 27,2019-10-25 17:00:05,78,98,261,177,177,164,13,https://pemilu2019.kpu.go.id/img/c/900/046/900046790/1-11787-27-C1-PPWP-X11.jpg,https://pemilu2019.kpu.go.id/img/c/900/046/900046790/1-11787-27-C1-PPWP-X12.jpg
6728117431178611787900046791,SUMATERA UTARA,KOTA MEDAN,MEDAN DELI,TITIPAPAN,TPS 28,2019-10-25 17:00:05,29,129,200,160,160,158,2,https://pemilu2019.kpu.go.id/img/c/900/046/900046791/1-11787-28-C1-PPWP-X1.jpg,https://pemilu2019.kpu.go.id/img/c/900/046/900046791/1-11787-28-C1-PPWP-X2.jpg
6728117431178611787900046792,SUMATERA UTARA,KOTA MEDAN,MEDAN DELI,TITIPAPAN,TPS 29,2019-10-25 17:00:05,31,107,194,138,138,0,138,https://pemilu2019.kpu.go.id/img/c/900/046/900046792/1-11787-29-C1-PPWP-X1.jpg,https://pemilu2019.kpu.go.id/img/c/900/046/900046792/1-11787-29-C1-PPWP-X2.jpg
6728117431178611787900046793,SUMATERA UTARA,KOTA MEDAN,MEDAN DELI,TITIPAPAN,TPS 30,2019-10-25 17:00:05,31,163,262,196,196,194,2,https://pemilu2019.kpu.go.id/img/c/900/046/900046793/1-11787-30-C1-PPWP-X1.jpg,https://pemilu2019.kpu.go.id/img/c/900/046/900046793/1-11787-30-C1-PPWP-X2.jpg
6728117431178611787900046794,SUMATERA UTARA,KOTA MEDAN,MEDAN DELI,TITIPAPAN,TPS 31,2019-10-25 17:00:05,32,148,241,181,180,181,1,https://pemilu2019.kpu.go.id/img/c/900/046/900046794/1-11787-31-C1-PPWP-X1.jpg,https://pemilu2019.kpu.go.id/img/c/900/046/900046794/1-11787-31-C1-PPWP-X2.jpg
6728117431178611787900046795,SUMATERA UTARA,KOTA MEDAN,MEDAN DELI,TITIPAPAN,TPS 32,2019-10-25 17:00:05,34,68,206,102,102,102,0,https://pemilu2019.kpu.go.id/img/c/900/046/900046795/1-11787-32-C1-PPWP-X1.jpg,https://pemilu2019.kpu.go.id/img/c/900/046/900046795/1-11787-32-C1-PPWP-X2.jpg
6728117431178611787900046796,SUMATERA UTARA,KOTA MEDAN,MEDAN DELI,TITIPAPAN,TPS 33,2019-10-25 17:00:05,57,91,263,148,148,148,0,https://pemilu2019.kpu.go.id/img/c/900/046/900046796/1-11787-33-C1-PPWP-X1.jpg,https://pemilu2019.kpu.go.id/img/c/900/046/900046796/1-11787-33-C1-PPWP-X2.jpg
6728117431178611787900046797,SUMATERA UTARA,KOTA MEDAN,MEDAN DELI,TITIPAPAN,TPS 34,2019-10-25 17:00:05,40,83,209,128,128,123,5,https://pemilu2019.kpu.go.id/img/c/900/046/900046797/1-11787-34-C1-PPWP-X1.jpg,https://pemilu2019.kpu.go.id/img/c/900/046/900046797/1-11787-34-C1-PPWP-X2.jpg
6728117431178611787900046798,SUMATERA UTARA,KOTA MEDAN,MEDAN DELI,TITIPAPAN,TPS 35,2019-10-25 17:00:05,44,45,179,89,89,89,0,https://pemilu2019.kpu.go.id/img/c/900/046/900046798/2-11787-35-C1-PPWP-X1.jpg,https://pemilu2019.kpu.go.id/img/c/900/046/900046798/2-11787-35-C1-PPWP-X2.jpg
6728117431178611787900046799,SUMATERA UTARA,KOTA MEDAN,MEDAN DELI,TITIPAPAN,TPS 36,2019-10-25 17:00:05,50,54,178,105,105,104,1,https://pemilu2019.kpu.go.id/img/c/900/046/900046799/1-11787-36-C1-PPWP-X1.jpg,https://pemilu2019.kpu.go.id/img/c/900/046/900046799/1-11787-36-C1-PPWP-X2.jpg
6728117431178611787900046800,SUMATERA UTARA,KOTA MEDAN,MEDAN DELI,TITIPAPAN,TPS 37,2019-10-25 17:00:05,46,67,231,113,113,113,0,https://pemilu2019.kpu.go.id/img/c/900/046/900046800/1-11787-37-C1-PPWP-X1.jpg,https://pemilu2019.kpu.go.id/img/c/900/046/900046800/1-11787-37-C1-PPWP-X2.jpg
6728117431178611787900046801,SUMATERA UTARA,KOTA MEDAN,MEDAN DELI,TITIPAPAN,TPS 38,2019-10-25 17:00:05,22,183,312,205,205,205,0,https://pemilu2019.kpu.go.id/img/c/900/046/900046801/1-11787-38-C1-PPWP-X1.jpg,https://pemilu2019.kpu.go.id/img/c/900/046/900046801/1-11787-38-C1-PPWP-X2.jpg
6728117431178611787900046802,SUMATERA UTARA,KOTA MEDAN,MEDAN DELI,TITIPAPAN,TPS 39,2019-10-25 17:00:05,29,113,203,143,143,142,1,https://pemilu2019.kpu.go.id/img/c/900/046/900046802/1-11787-39-C1-PPWP-X1.jpg,https://pemilu2019.kpu.go.id/img/c/900/046/900046802/1-11787-39-C1-PPWP-X2.jpg
6728117431178611787900046803,SUMATERA UTARA,KOTA MEDAN,MEDAN DELI,TITIPAPAN,TPS 40,2019-10-25 17:00:05,22,93,199,118,118,115,3,https://pemilu2019.kpu.go.id/img/c/900/046/900046803/1-11787-40-C1-PPWP-X13.jpg,https://pemilu2019.kpu.go.id/img/c/900/046/900046803/1-11787-40-C1-PPWP-X14.jpg
6728117431178611787900046804,SUMATERA UTARA,KOTA MEDAN,MEDAN DELI,TITIPAPAN,TPS 41,2019-10-25 17:00:05,77,94,261,172,172,171,1,https://pemilu2019.kpu.go.id/img/c/900/046/900046804/1-11787-41-C1-PPWP-X1.jpg,https://pemilu2019.kpu.go.id/img/c/900/046/900046804/1-11787-41-C1-PPWP-X2.jpg
6728117431178611787900046805,SUMATERA UTARA,KOTA MEDAN,MEDAN DELI,TITIPAPAN,TPS 42,2019-10-25 17:00:05,94,94,298,188,188,188,0,https://pemilu2019.kpu.go.id/img/c/900/046/900046805/2-11787-42-C1-PPWP-X1.jpg,https://pemilu2019.kpu.go.id/img/c/900/046/900046805/2-11787-42-C1-PPWP-X2.jpg
6728117431178611787900046806,SUMATERA UTARA,KOTA MEDAN,MEDAN DELI,TITIPAPAN,TPS 43,2019-10-25 17:00:05,83,122,270,208,208,205,3,https://pemilu2019.kpu.go.id/img/c/900/046/900046806/1-11787-43-C1-PPWP-X1.jpg,https://pemilu2019.kpu.go.id/img/c/900/046/900046806/1-11787-43-C1-PPWP-X2.jpg
6728117431178611787900046807,SUMATERA UTARA,KOTA MEDAN,MEDAN DELI,TITIPAPAN,TPS 44,2019-10-25 17:00:05,63,56,242,119,119,119,0,https://pemilu2019.kpu.go.id/img/c/900/046/900046807/1-11787-44-C1-PPWP-X1.jpg,https://pemilu2019.kpu.go.id/img/c/900/046/900046807/1-11787-44-C1-PPWP-X2.jpg
6728117431178611787900046808,SUMATERA UTARA,KOTA MEDAN,MEDAN DELI,TITIPAPAN,TPS 45,2019-10-25 17:00:05,80,82,224,165,165,162,3,https://pemilu2019.kpu.go.id/img/c/900/046/900046808/1-11787-45-C1-PPWP-X1.jpg,https://pemilu2019.kpu.go.id/img/c/900/046/900046808/1-11787-45-C1-PPWP-X2.jpg
6728117431178611787900046809,SUMATERA UTARA,KOTA MEDAN,MEDAN DELI,TITIPAPAN,TPS 46,2019-10-25 17:00:05,112,67,218,181,181,179,2,https://pemilu2019.kpu.go.id/img/c/900/046/900046809/3-11787-46-C1-PPWP-X15.jpg,https://pemilu2019.kpu.go.id/img/c/900/046/900046809/3-11787-46-C1-PPWP-X16.jpg
6728117431178611787900046810,SUMATERA UTARA,KOTA MEDAN,MEDAN DELI,TITIPAPAN,TPS 47,2019-10-25 17:00:05,48,116,401,159,164,164,0,https://pemilu2019.kpu.go.id/img/c/900/046/900046810/1-11787-47-C1-PPWP-X17.jpg,https://pemilu2019.kpu.go.id/img/c/900/046/900046810/1-11787-47-C1-PPWP-X18.jpg
6728117431178611787900046811,SUMATERA UTARA,KOTA MEDAN,MEDAN DELI,TITIPAPAN,TPS 48,2019-10-25 17:00:05,56,103,295,160,160,159,1,https://pemilu2019.kpu.go.id/img/c/900/046/900046811/1-11787-48-C1-PPWP-X1.jpg,https://pemilu2019.kpu.go.id/img/c/900/046/900046811/1-11787-48-C1-PPWP-X2.jpg
6728117431178611787900046812,SUMATERA UTARA,KOTA MEDAN,MEDAN DELI,TITIPAPAN,TPS 49,2019-10-25 17:00:05,49,142,284,191,191,191,0,https://pemilu2019.kpu.go.id/img/c/900/046/900046812/1-11787-49-C1-PPWP-X1.jpg,https://pemilu2019.kpu.go.id/img/c/900/046/900046812/1-11787-49-C1-PPWP-X2.jpg
6728117431178611787900046813,SUMATERA UTARA,KOTA MEDAN,MEDAN DELI,TITIPAPAN,TPS 50,2019-10-25 17:00:05,48,137,242,186,186,185,1,https://pemilu2019.kpu.go.id/img/c/900/046/900046813/1-11787-50-C1-PPWP-X1.jpg,https://pemilu2019.kpu.go.id/img/c/900/046/900046813/1-11787-50-C1-PPWP-X2.jpg
6728117431178611787900046814,SUMATERA UTARA,KOTA MEDAN,MEDAN DELI,TITIPAPAN,TPS 51,2019-10-25 17:00:05,67,116,252,184,184,183,1,https://pemilu2019.kpu.go.id/img/c/900/046/900046814/1-11787-51-C1-PPWP-X1.jpg,https://pemilu2019.kpu.go.id/img/c/900/046/900046814/1-11787-51-C1-PPWP-X2.jpg
6728117431178611787900046815,SUMATERA UTARA,KOTA MEDAN,MEDAN DELI,TITIPAPAN,TPS 52,2019-10-25 17:00:05,75,141,0,0,220,216,4,https://pemilu2019.kpu.go.id/img/c/900/046/900046815/1-11787-52-C1-PPWP-X1.jpg,https://pemilu2019.kpu.go.id/img/c/900/046/900046815/1-11787-52-C1-PPWP-X2.jpg
6728117431178611787900046816,SUMATERA UTARA,KOTA MEDAN,MEDAN DELI,TITIPAPAN,TPS 53,2019-10-25 17:00:05,65,106,322,171,171,171,0,https://pemilu2019.kpu.go.id/img/c/900/046/900046816/1-11787-53-C1-PPWP-X1.jpg,https://pemilu2019.kpu.go.id/img/c/900/046/900046816/1-11787-53-C1-PPWP-X2.jpg
6728117431178611787900046817,SUMATERA UTARA,KOTA MEDAN,MEDAN DELI,TITIPAPAN,TPS 54,2019-10-25 17:00:05,48,68,230,118,118,116,2,https://pemilu2019.kpu.go.id/img/c/900/046/900046817/1-11787-54-C1-PPWP-X1.jpg,https://pemilu2019.kpu.go.id/img/c/900/046/900046817/1-11787-54-C1-PPWP-X2.jpg
6728117431178611787900046818,SUMATERA UTARA,KOTA MEDAN,MEDAN DELI,TITIPAPAN,TPS 55,2019-10-25 17:00:05,58,94,0,153,153,152,1,https://pemilu2019.kpu.go.id/img/c/900/046/900046818/1-11787-55-C1-PPWP-X19.jpg,https://pemilu2019.kpu.go.id/img/c/900/046/900046818/1-11787-55-C1-PPWP-X20.jpg
6728117431178611787900046819,SUMATERA UTARA,KOTA MEDAN,MEDAN DELI,TITIPAPAN,TPS 56,2019-10-25 17:00:05,39,122,245,163,163,161,2,https://pemilu2019.kpu.go.id/img/c/900/046/900046819/1-11787-56-C1-PPWP-X1.jpg,https://pemilu2019.kpu.go.id/img/c/900/046/900046819/1-11787-56-C1-PPWP-X2.jpg
6728117431178611787900046820,SUMATERA UTARA,KOTA MEDAN,MEDAN DELI,TITIPAPAN,TPS 57,2019-10-25 17:00:05,35,130,166,166,166,166,1,https://pemilu2019.kpu.go.id/img/c/900/046/900046820/1-11787-57-C1-PPWP-X1.jpg,https://pemilu2019.kpu.go.id/img/c/900/046/900046820/1-11787-57-C1-PPWP-X2.jpg
6728117431178611787900046821,SUMATERA UTARA,KOTA MEDAN,MEDAN DELI,TITIPAPAN,TPS 58,2019-10-25 17:00:05,31,75,0,106,106,106,0,https://pemilu2019.kpu.go.id/img/c/900/046/900046821/1-11787-58-C1-PPWP-X1.jpg,https://pemilu2019.kpu.go.id/img/c/900/046/900046821/1-11787-58-C1-PPWP-X2.jpg
6728117431178611787900046822,SUMATERA UTARA,KOTA MEDAN,MEDAN DELI,TITIPAPAN,TPS 59,2019-10-25 17:00:05,48,93,263,142,0,141,1,https://pemilu2019.kpu.go.id/img/c/900/046/900046822/1-11787-59-C1-PPWP-X1.jpg,https://pemilu2019.kpu.go.id/img/c/900/046/900046822/1-11787-59-C1-PPWP-X2.jpg
6728117431178611787900046823,SUMATERA UTARA,KOTA MEDAN,MEDAN DELI,TITIPAPAN,TPS 60,2019-10-25 17:00:05,42,94,235,138,138,136,2,https://pemilu2019.kpu.go.id/img/c/900/046/900046823/1-11787-60-C1-PPWP-X1.jpg,https://pemilu2019.kpu.go.id/img/c/900/046/900046823/1-11787-60-C1-PPWP-X2.jpg
6728117431178611787900046824,SUMATERA UTARA,KOTA MEDAN,MEDAN DELI,TITIPAPAN,TPS 61,2019-10-25 17:00:05,25,59,85,0,85,84,1,https://pemilu2019.kpu.go.id/img/c/900/046/900046824/1-11787-61-C1-PPWP-X1.jpg,https://pemilu2019.kpu.go.id/img/c/900/046/900046824/1-11787-61-C1-PPWP-X2.jpg
6728117431178611787900046825,SUMATERA UTARA,KOTA MEDAN,MEDAN DELI,TITIPAPAN,TPS 62,2019-10-25 17:00:05,18,81,171,100,100,99,1,https://pemilu2019.kpu.go.id/img/c/900/046/900046825/1-11787-62-C1-PPWP-X1.jpg,https://pemilu2019.kpu.go.id/img/c/900/046/900046825/1-11787-62-C1-PPWP-X2.jpg
6728117431178611787900046826,SUMATERA UTARA,KOTA MEDAN,MEDAN DELI,TITIPAPAN,TPS 63,2019-10-25 17:00:05,54,146,210,202,202,200,2,https://pemilu2019.kpu.go.id/img/c/900/046/900046826/1-11787-63-C1-PPWP-X21.jpg,https://pemilu2019.kpu.go.id/img/c/900/046/900046826/1-11787-63-C1-PPWP-X22.jpg
6728117431178611787900046827,SUMATERA UTARA,KOTA MEDAN,MEDAN DELI,TITIPAPAN,TPS 64,2019-10-25 17:00:05,41,124,236,168,168,165,3,https://pemilu2019.kpu.go.id/img/c/900/046/900046827/1-11787-64-C1-PPWP-X1.jpg,https://pemilu2019.kpu.go.id/img/c/900/046/900046827/1-11787-64-C1-PPWP-X2.jpg
6728117431178611787900046828,SUMATERA UTARA,KOTA MEDAN,MEDAN DELI,TITIPAPAN,TPS 65,2019-10-25 17:00:05,43,87,220,132,132,130,2,https://pemilu2019.kpu.go.id/img/c/900/046/900046828/2-11787-65-C1-PPWP-X1.jpg,https://pemilu2019.kpu.go.id/img/c/900/046/900046828/2-11787-65-C1-PPWP-X2.jpg
6728117431178611787900046829,SUMATERA UTARA,KOTA MEDAN,MEDAN DELI,TITIPAPAN,TPS 66,2019-10-25 17:00:05,57,104,254,163,163,161,2,https://pemilu2019.kpu.go.id/img/c/900/046/900046829/1-11787-66-C1-PPWP-X1.jpg,https://pemilu2019.kpu.go.id/img/c/900/046/900046829/1-11787-66-C1-PPWP-X2.jpg
6728117431178611787900046830,SUMATERA UTARA,KOTA MEDAN,MEDAN DELI,TITIPAPAN,TPS 67,2019-10-25 17:00:05,68,124,262,192,192,192,0,https://pemilu2019.kpu.go.id/img/c/900/046/900046830/1-11787-67-C1-PPWP-X1.jpg,https://pemilu2019.kpu.go.id/img/c/900/046/900046830/1-11787-67-C1-PPWP-X2.jpg
6728117431178611787900046831,SUMATERA UTARA,KOTA MEDAN,MEDAN DELI,TITIPAPAN,TPS 68,2019-10-25 17:00:05,39,132,271,173,173,171,2,https://pemilu2019.kpu.go.id/img/c/900/046/900046831/1-11787-68-C1-PPWP-X1.jpg,https://pemilu2019.kpu.go.id/img/c/900/046/900046831/1-11787-68-C1-PPWP-X2.jpg
6728117431178611787900046832,SUMATERA UTARA,KOTA MEDAN,MEDAN DELI,TITIPAPAN,TPS 69,2019-10-25 17:00:05,43,124,259,169,168,167,1,https://pemilu2019.kpu.go.id/img/c/900/046/900046832/2-11787-69-C1-PPWP-X1.jpg,https://pemilu2019.kpu.go.id/img/c/900/046/900046832/2-11787-69-C1-PPWP-X2.jpg
6728117431178611787900046833,SUMATERA UTARA,KOTA MEDAN,MEDAN DELI,TITIPAPAN,TPS 70,2019-10-25 17:00:05,36,114,267,151,151,150,1,https://pemilu2019.kpu.go.id/img/c/900/046/900046833/1-11787-70-C1-PPWP-X1.jpg,https://pemilu2019.kpu.go.id/img/c/900/046/900046833/1-11787-70-C1-PPWP-X2.jpg
6728117431178611787900046834,SUMATERA UTARA,KOTA MEDAN,MEDAN DELI,TITIPAPAN,TPS 71,2019-10-25 17:00:05,44,151,306,197,197,195,2,https://pemilu2019.kpu.go.id/img/c/900/046/900046834/1-11787-71-C1-PPWP-X25.jpg,https://pemilu2019.kpu.go.id/img/c/900/046/900046834/1-11787-71-C1-PPWP-X26.jpg
6728117431178611787900046835,SUMATERA UTARA,KOTA MEDAN,MEDAN DELI,TITIPAPAN,TPS 72,2019-10-25 17:00:05,59,116,176,176,177,175,2,https://pemilu2019.kpu.go.id/img/c/900/046/900046835/1-11787-72-C1-PPWP-X1.jpg,https://pemilu2019.kpu.go.id/img/c/900/046/900046835/1-11787-72-C1-PPWP-X2.jpg
6728117431178611787900046836,SUMATERA UTARA,KOTA MEDAN,MEDAN DELI,TITIPAPAN,TPS 73,2019-10-25 17:00:05,106,101,294,207,207,207,0,https://pemilu2019.kpu.go.id/img/c/900/046/900046836/1-11787-73-C1-PPWP-X1.jpg,https://pemilu2019.kpu.go.id/img/c/900/046/900046836/1-11787-73-C1-PPWP-X2.jpg
6728117431178611787900046837,SUMATERA UTARA,KOTA MEDAN,MEDAN DELI,TITIPAPAN,TPS 74,2019-10-25 17:00:05,60,61,207,123,123,121,2,https://pemilu2019.kpu.go.id/img/c/900/046/900046837/1-11787-74-C1-PPWP-X1.jpg,https://pemilu2019.kpu.go.id/img/c/900/046/900046837/1-11787-74-C1-PPWP-X2.jpg
6728117431178611787900046838,SUMATERA UTARA,KOTA MEDAN,MEDAN DELI,TITIPAPAN,TPS 75,2019-10-25 17:00:05,83,105,192,192,191,188,3,https://pemilu2019.kpu.go.id/img/c/900/046/900046838/1-11787-75-C1-PPWP-X1.jpg,https://pemilu2019.kpu.go.id/img/c/900/046/900046838/1-11787-75-C1-PPWP-X2.jpg
6728117431178611787900046839,SUMATERA UTARA,KOTA MEDAN,MEDAN DELI,TITIPAPAN,TPS 76,2019-10-25 17:00:05,82,102,268,186,186,184,2,https://pemilu2019.kpu.go.id/img/c/900/046/900046839/1-11787-76-C1-PPWP-X1.jpg,https://pemilu2019.kpu.go.id/img/c/900/046/900046839/1-11787-76-C1-PPWP-X2.jpg
6728117431178611787900046840,SUMATERA UTARA,KOTA MEDAN,MEDAN DELI,TITIPAPAN,TPS 77,2019-10-25 17:00:05,63,108,264,173,173,171,2,https://pemilu2019.kpu.go.id/img/c/900/046/900046840/1-11787-77-C1-PPWP-X1.jpg,https://pemilu2019.kpu.go.id/img/c/900/046/900046840/1-11787-77-C1-PPWP-X2.jpg
6728117431178611787900046841,SUMATERA UTARA,KOTA MEDAN,MEDAN DELI,TITIPAPAN,TPS 78,2019-10-25 17:00:05,78,117,276,195,195,195,0,https://pemilu2019.kpu.go.id/img/c/900/046/900046841/1-11787-78-C1-PPWP-X1.jpg,https://pemilu2019.kpu.go.id/img/c/900/046/900046841/1-11787-78-C1-PPWP-X2.jpg
6728117431178611787900046842,SUMATERA UTARA,KOTA MEDAN,MEDAN DELI,TITIPAPAN,TPS 79,2019-10-25 17:00:05,83,126,271,211,211,209,2,https://pemilu2019.kpu.go.id/img/c/900/046/900046842/1-11787-79-C1-PPWP-X1.jpg,https://pemilu2019.kpu.go.id/img/c/900/046/900046842/1-11787-79-C1-PPWP-X2.jpg
6728117431178611787900046843,SUMATERA UTARA,KOTA MEDAN,MEDAN DELI,TITIPAPAN,TPS 80,2019-10-25 17:00:05,53,151,278,206,205,204,1,https://pemilu2019.kpu.go.id/img/c/900/046/900046843/1-11787-80-C1-PPWP-X1.jpg,https://pemilu2019.kpu.go.id/img/c/900/046/900046843/1-11787-80-C1-PPWP-X2.jpg
6728117431178611787900046844,SUMATERA UTARA,KOTA MEDAN,MEDAN DELI,TITIPAPAN,TPS 81,2019-10-25 17:00:05,69,138,241,209,209,207,2,https://pemilu2019.kpu.go.id/img/c/900/046/900046844/1-11787-81-C1-PPWP-X3.jpg,https://pemilu2019.kpu.go.id/img/c/900/046/900046844/1-11787-81-C1-PPWP-X4.jpg
6728117431178611787900046845,SUMATERA UTARA,KOTA MEDAN,MEDAN DELI,TITIPAPAN,TPS 82,2019-10-25 17:00:05,56,120,253,178,178,176,2,https://pemilu2019.kpu.go.id/img/c/900/046/900046845/1-11787-82-C1-PPWP-X1.jpg,https://pemilu2019.kpu.go.id/img/c/900/046/900046845/1-11787-82-C1-PPWP-X2.jpg
6728117431178611787900046846,SUMATERA UTARA,KOTA MEDAN,MEDAN DELI,TITIPAPAN,TPS 83,2019-10-25 17:00:05,35,62,228,97,97,97,0,https://pemilu2019.kpu.go.id/img/c/900/046/900046846/2-11787-83-C1-PPWP-X5.jpg,https://pemilu2019.kpu.go.id/img/c/900/046/900046846/2-11787-83-C1-PPWP-X6.jpg
6728117431178611787900046847,SUMATERA UTARA,KOTA MEDAN,MEDAN DELI,TITIPAPAN,TPS 84,2019-10-25 17:00:05,35,76,176,111,0,111,0,https://pemilu2019.kpu.go.id/img/c/900/046/900046847/1-11787-84-C1-PPWP-X7.jpg,https://pemilu2019.kpu.go.id/img/c/900/046/900046847/1-11787-84-C1-PPWP-X8.jpg
6728117431178611787900046848,SUMATERA UTARA,KOTA MEDAN,MEDAN DELI,TITIPAPAN,TPS 85,2019-10-25 17:00:05,104,109,203,215,215,213,2,https://pemilu2019.kpu.go.id/img/c/900/046/900046848/1-11787-85-C1-PPWP-X9.jpg,https://pemilu2019.kpu.go.id/img/c/900/046/900046848/1-11787-85-C1-PPWP-X10.jpg
6728117431178611787900046849,SUMATERA UTARA,KOTA MEDAN,MEDAN DELI,TITIPAPAN,TPS 86,2019-10-25 17:00:05,90,82,221,174,174,172,2,https://pemilu2019.kpu.go.id/img/c/900/046/900046849/1-11787-86-C1-PPWP-X1.jpg,https://pemilu2019.kpu.go.id/img/c/900/046/900046849/1-11787-86-C1-PPWP-X2.jpg
6728117431178611787900046850,SUMATERA UTARA,KOTA MEDAN,MEDAN DELI,TITIPAPAN,TPS 87,2019-10-25 17:00:05,66,126,266,193,193,192,1,https://pemilu2019.kpu.go.id/img/c/900/046/900046850/1-11787-87-C1-PPWP-X1.jpg,https://pemilu2019.kpu.go.id/img/c/900/046/900046850/1-11787-87-C1-PPWP-X2.jpg
6728117431178611787900046851,SUMATERA UTARA,KOTA MEDAN,MEDAN DELI,TITIPAPAN,TPS 88,2019-10-25 17:00:05,53,67,208,120,120,120,0,https://pemilu2019.kpu.go.id/img/c/900/046/900046851/1-11787-88-C1-PPWP-X11.jpg,https://pemilu2019.kpu.go.id/img/c/900/046/900046851/1-11787-88-C1-PPWP-X12.jpg
6728117431178611787900046852,SUMATERA UTARA,KOTA MEDAN,MEDAN DELI,TITIPAPAN,TPS 89,2019-10-25 17:00:05,35,88,249,123,124,123,1,https://pemilu2019.kpu.go.id/img/c/900/046/900046852/1-11787-89-C1-PPWP-X1.jpg,https://pemilu2019.kpu.go.id/img/c/900/046/900046852/1-11787-89-C1-PPWP-X2.jpg
6728117431178611787900046853,SUMATERA UTARA,KOTA MEDAN,MEDAN DELI,TITIPAPAN,TPS 90,2019-10-25 17:00:05,79,97,208,176,176,176,0,https://pemilu2019.kpu.go.id/img/c/900/046/900046853/1-11787-90-C1-PPWP-X1.jpg,https://pemilu2019.kpu.go.id/img/c/900/046/900046853/1-11787-90-C1-PPWP-X2.jpg
6728117431178611787900046854,SUMATERA UTARA,KOTA MEDAN,MEDAN DELI,TITIPAPAN,TPS 91,2019-10-25 17:00:05,71,69,213,143,143,140,3,https://pemilu2019.kpu.go.id/img/c/900/046/900046854/1-11787-91-C1-PPWP-X1.jpg,https://pemilu2019.kpu.go.id/img/c/900/046/900046854/1-11787-91-C1-PPWP-X2.jpg
6728117431178611787900046855,SUMATERA UTARA,KOTA MEDAN,MEDAN DELI,TITIPAPAN,TPS 92,2019-10-25 17:00:05,41,88,178,130,130,129,1,https://pemilu2019.kpu.go.id/img/c/900/046/900046855/1-11787-92-C1-PPWP-X13.jpg,https://pemilu2019.kpu.go.id/img/c/900/046/900046855/1-11787-92-C1-PPWP-X14.jpg
6728117431177211777900046314,SUMATERA UTARA,KOTA MEDAN,MEDAN DENAI,BINJAI,TPS 001,2019-10-25 17:00:05,27,122,205,150,150,149,1,https://pemilu2019.kpu.go.id/img/c/900/046/900046314/1-11777-001-C1-PPWP-X1.jpg,https://pemilu2019.kpu.go.id/img/c/900/046/900046314/1-11777-001-C1-PPWP-X2.jpg
6728117431177211777900046315,SUMATERA UTARA,KOTA MEDAN,MEDAN DENAI,BINJAI,TPS 002,2019-10-25 17:00:05,39,132,223,171,171,171,0,https://pemilu2019.kpu.go.id/img/c/900/046/900046315/1-11777-002-C1-PPWP-X3.jpg,https://pemilu2019.kpu.go.id/img/c/900/046/900046315/1-11777-002-C1-PPWP-X4.jpg
6728117431177211777900046316,SUMATERA UTARA,KOTA MEDAN,MEDAN DENAI,BINJAI,TPS 003,2019-10-25 17:00:05,25,119,152,145,145,144,1,https://pemilu2019.kpu.go.id/img/c/900/046/900046316/1-11777-003-C-XXX-X5.jpg,https://pemilu2019.kpu.go.id/img/c/900/046/900046316/1-11777-003-C-XXX-X6.jpg
6728117431177211777900046317,SUMATERA UTARA,KOTA MEDAN,MEDAN DENAI,BINJAI,TPS 004,2019-10-25 17:00:05,56,58,185,185,154,154,0,https://pemilu2019.kpu.go.id/img/c/900/046/900046317/1-11777-004-C-XXX-X5.jpg,https://pemilu2019.kpu.go.id/img/c/900/046/900046317/1-11777-004-C-XXX-X6.jpg
6728117431177211777900046318,SUMATERA UTARA,KOTA MEDAN,MEDAN DENAI,BINJAI,TPS 005,2019-10-25 17:00:05,38,95,195,134,134,133,1,https://pemilu2019.kpu.go.id/img/c/900/046/900046318/1-11777-005-C-XXX-X5.jpg,https://pemilu2019.kpu.go.id/img/c/900/046/900046318/1-11777-005-C-XXX-X6.jpg
6728117431177211777900046319,SUMATERA UTARA,KOTA MEDAN,MEDAN DENAI,BINJAI,TPS 006,2019-10-25 17:00:05,90,85,242,175,175,175,0,https://pemilu2019.kpu.go.id/img/c/900/046/900046319/3-11777-006-C1-PPWP-X1.jpg,https://pemilu2019.kpu.go.id/img/c/900/046/900046319/3-11777-006-C1-PPWP-X2.jpg
6728117431177211777900046320,SUMATERA UTARA,KOTA MEDAN,MEDAN DENAI,BINJAI,TPS 007,2019-10-25 17:00:05,70,92,212,165,165,162,3,https://pemilu2019.kpu.go.id/img/c/900/046/900046320/1-11777-007-C-XXX-X5.jpg,https://pemilu2019.kpu.go.id/img/c/900/046/900046320/1-11777-007-C-XXX-X6.jpg
6728117431177211777900046321,SUMATERA UTARA,KOTA MEDAN,MEDAN DENAI,BINJAI,TPS 008,2019-10-25 17:00:05,37,79,0,117,117,116,1,https://pemilu2019.kpu.go.id/img/c/900/046/900046321/1-11777-008-C1-PPWP-X1.jpg,https://pemilu2019.kpu.go.id/img/c/900/046/900046321/1-11777-008-C1-PPWP-X2.jpg
6728117431177211777900046322,SUMATERA UTARA,KOTA MEDAN,MEDAN DENAI,BINJAI,TPS 009,2019-10-25 17:00:05,45,75,152,121,121,120,1,https://pemilu2019.kpu.go.id/img/c/900/046/900046322/2-11777-009-C-XXX-X5.jpg,https://pemilu2019.kpu.go.id/img/c/900/046/900046322/2-11777-009-C-XXX-X6.jpg
6728117431177211777900046323,SUMATERA UTARA,KOTA MEDAN,MEDAN DENAI,BINJAI,TPS 010,2019-10-25 17:00:05,42,114,198,156,156,156,0,https://pemilu2019.kpu.go.id/img/c/900/046/900046323/1-11777-010-C1-PPWP-X7.jpg,https://pemilu2019.kpu.go.id/img/c/900/046/900046323/1-11777-010-C1-PPWP-X8.jpg
6728117431177211777900046324,SUMATERA UTARA,KOTA MEDAN,MEDAN DENAI,BINJAI,TPS 011,2019-10-25 17:00:05,27,83,135,110,110,110,0,https://pemilu2019.kpu.go.id/img/c/900/046/900046324/1-11777-011-C-XXX-X5.jpg,https://pemilu2019.kpu.go.id/img/c/900/046/900046324/1-11777-011-C-XXX-X6.jpg
6728117431177211777900046325,SUMATERA UTARA,KOTA MEDAN,MEDAN DENAI,BINJAI,TPS 012,2019-10-25 17:00:05,50,198,315,249,249,248,1,https://pemilu2019.kpu.go.id/img/c/900/046/900046325/3-11777-012-C-XXX-X5.jpg,https://pemilu2019.kpu.go.id/img/c/900/046/900046325/3-11777-012-C-XXX-X6.jpg
6728117431177211777900046326,SUMATERA UTARA,KOTA MEDAN,MEDAN DENAI,BINJAI,TPS 013,2019-10-25 17:00:05,41,71,112,203,112,112,0,https://pemilu2019.kpu.go.id/img/c/900/046/900046326/1-11777-013-C-XXX-X5.jpg,https://pemilu2019.kpu.go.id/img/c/900/046/900046326/1-11777-013-C-XXX-X6.jpg
6728117431177211777900046327,SUMATERA UTARA,KOTA MEDAN,MEDAN DENAI,BINJAI,TPS 014,2019-10-25 17:00:05,39,81,233,121,121,120,1,https://pemilu2019.kpu.go.id/img/c/900/046/900046327/3-11777-014-C1-PPWP-X1.jpg,https://pemilu2019.kpu.go.id/img/c/900/046/900046327/3-11777-014-C1-PPWP-X2.jpg
6728117431177211777900046328,SUMATERA UTARA,KOTA MEDAN,MEDAN DENAI,BINJAI,TPS 015,2019-10-25 17:00:05,43,76,119,119,119,119,0,https://pemilu2019.kpu.go.id/img/c/900/046/900046328/3-11777-015-C-XXX-X5.jpg,https://pemilu2019.kpu.go.id/img/c/900/046/900046328/3-11777-015-C-XXX-X6.jpg
6728117431177211777900046329,SUMATERA UTARA,KOTA MEDAN,MEDAN DENAI,BINJAI,TPS 016,2019-10-25 17:00:05,65,72,218,138,138,137,1,https://pemilu2019.kpu.go.id/img/c/900/046/900046329/4-11777-016-C1-PPWP-X3.jpg,https://pemilu2019.kpu.go.id/img/c/900/046/900046329/4-11777-016-C1-PPWP-X4.jpg
6728117431177211777900046330,SUMATERA UTARA,KOTA MEDAN,MEDAN DENAI,BINJAI,TPS 017,2019-10-25 17:00:05,38,81,249,119,119,119,0,https://pemilu2019.kpu.go.id/img/c/900/046/900046330/3-11777-017-C1-PPWP-X5.jpg,https://pemilu2019.kpu.go.id/img/c/900/046/900046330/3-11777-017-C1-PPWP-X6.jpg
6728117431177211777900046331,SUMATERA UTARA,KOTA MEDAN,MEDAN DENAI,BINJAI,TPS 018,2019-10-25 17:00:05,138,79,300,300,221,217,6,https://pemilu2019.kpu.go.id/img/c/900/046/900046331/1-11777-018-C-XXX-X5.jpg,https://pemilu2019.kpu.go.id/img/c/900/046/900046331/1-11777-018-C-XXX-X6.jpg
6728117431177211777900046332,SUMATERA UTARA,KOTA MEDAN,MEDAN DENAI,BINJAI,TPS 019,2019-10-25 17:00:05,107,83,279,190,190,190,0,https://pemilu2019.kpu.go.id/img/c/900/046/900046332/1-11777-019-C1-PPWP-X1.jpg,https://pemilu2019.kpu.go.id/img/c/900/046/900046332/1-11777-019-C1-PPWP-X2.jpg
6728117431177211777900046333,SUMATERA UTARA,KOTA MEDAN,MEDAN DENAI,BINJAI,TPS 020,2019-10-25 17:00:05,119,29,249,149,149,148,1,https://pemilu2019.kpu.go.id/img/c/900/046/900046333/1-11777-020-C1-PPWP-X1.jpg,https://pemilu2019.kpu.go.id/img/c/900/046/900046333/1-11777-020-C1-PPWP-X2.jpg
6728117431177211777900046334,SUMATERA UTARA,KOTA MEDAN,MEDAN DENAI,BINJAI,TPS 021,2019-10-25 17:00:05,77,55,237,132,132,132,0,https://pemilu2019.kpu.go.id/img/c/900/046/900046334/1-11777-021-C-XXX-X5.jpg,https://pemilu2019.kpu.go.id/img/c/900/046/900046334/1-11777-021-C-XXX-X6.jpg
6728117431177211777900046335,SUMATERA UTARA,KOTA MEDAN,MEDAN DENAI,BINJAI,TPS 022,2019-10-25 17:00:05,260,25,287,286,286,285,1,https://pemilu2019.kpu.go.id/img/c/900/046/900046335/1-11777-022-C-XXX-X5.jpg,https://pemilu2019.kpu.go.id/img/c/900/046/900046335/1-11777-022-C-XXX-X6.jpg
6728117431177211777900046336,SUMATERA UTARA,KOTA MEDAN,MEDAN DENAI,BINJAI,TPS 023,2019-10-25 17:00:05,182,25,202,107,207,207,0,https://pemilu2019.kpu.go.id/img/c/900/046/900046336/1-11777-023-C1-PPWP-X1.jpg,https://pemilu2019.kpu.go.id/img/c/900/046/900046336/1-11777-023-C1-PPWP-X2.jpg
6728117431177211777900046337,SUMATERA UTARA,KOTA MEDAN,MEDAN DENAI,BINJAI,TPS 024,2019-10-25 17:00:05,202,9,0,211,0,211,0,https://pemilu2019.kpu.go.id/img/c/900/046/900046337/1-11777-024-C-XXX-X5.jpg,https://pemilu2019.kpu.go.id/img/c/900/046/900046337/1-11777-024-C-XXX-X6.jpg
6728117431177211777900046338,SUMATERA UTARA,KOTA MEDAN,MEDAN DENAI,BINJAI,TPS 025,2019-10-25 17:00:05,201,19,219,192,220,220,0,https://pemilu2019.kpu.go.id/img/c/900/046/900046338/1-11777-025-C1-PPWP-X15.jpg,https://pemilu2019.kpu.go.id/img/c/900/046/900046338/1-11777-025-C1-PPWP-X16.jpg
6728117431177211777900046339,SUMATERA UTARA,KOTA MEDAN,MEDAN DENAI,BINJAI,TPS 026,2019-10-25 17:00:05,177,23,248,200,200,200,0,https://pemilu2019.kpu.go.id/img/c/900/046/900046339/1-11777-026-C-XXX-X5.jpg,https://pemilu2019.kpu.go.id/img/c/900/046/900046339/1-11777-026-C-XXX-X6.jpg
6728117431177211777900046340,SUMATERA UTARA,KOTA MEDAN,MEDAN DENAI,BINJAI,TPS 027,2019-10-25 17:00:05,141,18,298,159,159,0,159,https://pemilu2019.kpu.go.id/img/c/900/046/900046340/1-11777-027-C-XXX-X5.jpg,https://pemilu2019.kpu.go.id/img/c/900/046/900046340/1-11777-027-C-XXX-X6.jpg
6728117431177211777900046341,SUMATERA UTARA,KOTA MEDAN,MEDAN DENAI,BINJAI,TPS 028,2019-10-25 17:00:05,168,7,176,176,176,175,1,https://pemilu2019.kpu.go.id/img/c/900/046/900046341/1-11777-028-C-XXX-X5.jpg,https://pemilu2019.kpu.go.id/img/c/900/046/900046341/1-11777-028-C-XXX-X6.jpg
6728117431177211777900046342,SUMATERA UTARA,KOTA MEDAN,MEDAN DENAI,BINJAI,TPS 029,2019-10-25 17:00:05,183,1,235,185,186,184,1,https://pemilu2019.kpu.go.id/img/c/900/046/900046342/1-11777-029-C1-PPWP-X17.jpg,https://pemilu2019.kpu.go.id/img/c/900/046/900046342/1-11777-029-C1-PPWP-X18.jpg
6728117431177211777900046343,SUMATERA UTARA,KOTA MEDAN,MEDAN DENAI,BINJAI,TPS 030,2019-10-25 17:00:05,176,5,177,181,181,181,0,https://pemilu2019.kpu.go.id/img/c/900/046/900046343/1-11777-030-C-XXX-X5.jpg,https://pemilu2019.kpu.go.id/img/c/900/046/900046343/1-11777-030-C-XXX-X6.jpg
6728117431177211777900046344,SUMATERA UTARA,KOTA MEDAN,MEDAN DENAI,BINJAI,TPS 031,2019-10-25 17:00:05,141,2,180,145,145,143,2,https://pemilu2019.kpu.go.id/img/c/900/046/900046344/1-11777-031-C-XXX-X5.jpg,https://pemilu2019.kpu.go.id/img/c/900/046/900046344/1-11777-031-C-XXX-X6.jpg
6728117431177211777900046345,SUMATERA UTARA,KOTA MEDAN,MEDAN DENAI,BINJAI,TPS 032,2019-10-25 17:00:05,153,19,275,172,172,172,0,https://pemilu2019.kpu.go.id/img/c/900/046/900046345/2-11777-032-C1-PPWP-X1.jpg,https://pemilu2019.kpu.go.id/img/c/900/046/900046345/2-11777-032-C1-PPWP-X2.jpg
6728117431177211777900046346,SUMATERA UTARA,KOTA MEDAN,MEDAN DENAI,BINJAI,TPS 033,2019-10-25 17:00:05,122,4,140,127,127,126,1,https://pemilu2019.kpu.go.id/img/c/900/046/900046346/1-11777-033-C-XXX-X5.jpg,https://pemilu2019.kpu.go.id/img/c/900/046/900046346/1-11777-033-C-XXX-X6.jpg
6728117431177211777900046347,SUMATERA UTARA,KOTA MEDAN,MEDAN DENAI,BINJAI,TPS 034,2019-10-25 17:00:05,170,9,202,180,180,179,1,https://pemilu2019.kpu.go.id/img/c/900/046/900046347/1-11777-034-C-XXX-X5.jpg,https://pemilu2019.kpu.go.id/img/c/900/046/900046347/1-11777-034-C-XXX-X6.jpg
6728117431177211777900046348,SUMATERA UTARA,KOTA MEDAN,MEDAN DENAI,BINJAI,TPS 035,2019-10-25 17:00:05,103,145,315,249,249,248,1,https://pemilu2019.kpu.go.id/img/c/900/046/900046348/1-11777-035-C1-PPWP-X19.jpg,https://pemilu2019.kpu.go.id/img/c/900/046/900046348/1-11777-035-C1-PPWP-X20.jpg
6728117431177211777900046349,SUMATERA UTARA,KOTA MEDAN,MEDAN DENAI,BINJAI,TPS 036,2019-10-25 17:00:05,97,152,397,250,250,249,1,https://pemilu2019.kpu.go.id/img/c/900/046/900046349/1-11777-036-C1-PPWP-X21.jpg,https://pemilu2019.kpu.go.id/img/c/900/046/900046349/1-11777-036-C1-PPWP-X22.jpg
6728117431177211777900046350,SUMATERA UTARA,KOTA MEDAN,MEDAN DENAI,BINJAI,TPS 037,2019-10-25 17:00:05,86,73,207,160,160,159,1,https://pemilu2019.kpu.go.id/img/c/900/046/900046350/1-11777-037-C1-PPWP-X1.jpg,https://pemilu2019.kpu.go.id/img/c/900/046/900046350/1-11777-037-C1-PPWP-X2.jpg
6728117431177211777900046351,SUMATERA UTARA,KOTA MEDAN,MEDAN DENAI,BINJAI,TPS 038,2019-10-25 17:00:05,101,53,220,157,157,154,3,https://pemilu2019.kpu.go.id/img/c/900/046/900046351/1-11777-038-C-XXX-X5.jpg,https://pemilu2019.kpu.go.id/img/c/900/046/900046351/1-11777-038-C-XXX-X6.jpg
6728117431177211777900046352,SUMATERA UTARA,KOTA MEDAN,MEDAN DENAI,BINJAI,TPS 039,2019-10-25 17:00:05,74,67,279,141,141,141,0,https://pemilu2019.kpu.go.id/img/c/900/046/900046352/1-11777-039-C-XXX-X5.jpg,https://pemilu2019.kpu.go.id/img/c/900/046/900046352/1-11777-039-C-XXX-X6.jpg
6728117431177211777900046353,SUMATERA UTARA,KOTA MEDAN,MEDAN DENAI,BINJAI,TPS 040,2019-10-25 17:00:05,126,120,325,246,246,246,0,https://pemilu2019.kpu.go.id/img/c/900/046/900046353/1-11777-040-C-XXX-X5.jpg,https://pemilu2019.kpu.go.id/img/c/900/046/900046353/1-11777-040-C-XXX-X6.jpg
6728117431177211777900046354,SUMATERA UTARA,KOTA MEDAN,MEDAN DENAI,BINJAI,TPS 041,2019-10-25 17:00:05,109,72,198,182,182,181,1,https://pemilu2019.kpu.go.id/img/c/900/046/900046354/1-11777-041-C-XXX-X5.jpg,https://pemilu2019.kpu.go.id/img/c/900/046/900046354/1-11777-041-C-XXX-X6.jpg
6728117431177211777900046355,SUMATERA UTARA,KOTA MEDAN,MEDAN DENAI,BINJAI,TPS 042,2019-10-25 17:00:05,83,73,215,156,156,156,0,https://pemilu2019.kpu.go.id/img/c/900/046/900046355/2-11777-042-C-XXX-X5.jpg,https://pemilu2019.kpu.go.id/img/c/900/046/900046355/2-11777-042-C-XXX-X6.jpg
6728117431177211777900046356,SUMATERA UTARA,KOTA MEDAN,MEDAN DENAI,BINJAI,TPS 043,2019-10-25 17:00:05,138,61,244,199,199,199,0,https://pemilu2019.kpu.go.id/img/c/900/046/900046356/1-11777-043-C-XXX-X5.jpg,https://pemilu2019.kpu.go.id/img/c/900/046/900046356/1-11777-043-C-XXX-X6.jpg
6728117431177211777900046357,SUMATERA UTARA,KOTA MEDAN,MEDAN DENAI,BINJAI,TPS 044,2019-10-25 17:00:05,49,95,145,0,145,144,1,https://pemilu2019.kpu.go.id/img/c/900/046/900046357/1-11777-044-C-XXX-X5.jpg,https://pemilu2019.kpu.go.id/img/c/900/046/900046357/1-11777-044-C-XXX-X6.jpg
6728117431177211777900046358,SUMATERA UTARA,KOTA MEDAN,MEDAN DENAI,BINJAI,TPS 045,2019-10-25 17:00:05,41,73,177,114,114,114,0,https://pemilu2019.kpu.go.id/img/c/900/046/900046358/1-11777-045-C-XXX-X5.jpg,https://pemilu2019.kpu.go.id/img/c/900/046/900046358/1-11777-045-C-XXX-X6.jpg
6728117431177211777900046359,SUMATERA UTARA,KOTA MEDAN,MEDAN DENAI,BINJAI,TPS 046,2019-10-25 17:00:05,55,86,149,142,142,141,1,https://pemilu2019.kpu.go.id/img/c/900/046/900046359/1-11777-046-C1-PPWP-X1.jpg,https://pemilu2019.kpu.go.id/img/c/900/046/900046359/1-11777-046-C1-PPWP-X2.jpg
6728117431177211777900046360,SUMATERA UTARA,KOTA MEDAN,MEDAN DENAI,BINJAI,TPS 047,2019-10-25 17:00:05,92,71,164,164,164,163,1,https://pemilu2019.kpu.go.id/img/c/900/046/900046360/1-11777-047-C-XXX-X5.jpg,https://pemilu2019.kpu.go.id/img/c/900/046/900046360/1-11777-047-C-XXX-X6.jpg
6728117431177211777900046361,SUMATERA UTARA,KOTA MEDAN,MEDAN DENAI,BINJAI,TPS 048,2019-10-25 17:00:05,60,84,238,145,145,144,1,https://pemilu2019.kpu.go.id/img/c/900/046/900046361/1-11777-048-C-XXX-X5.jpg,https://pemilu2019.kpu.go.id/img/c/900/046/900046361/1-11777-048-C-XXX-X6.jpg
6728117431177211777900046362,SUMATERA UTARA,KOTA MEDAN,MEDAN DENAI,BINJAI,TPS 049,2019-10-25 17:00:05,69,44,174,115,115,113,2,https://pemilu2019.kpu.go.id/img/c/900/046/900046362/1-11777-049-C-XXX-X5.jpg,https://pemilu2019.kpu.go.id/img/c/900/046/900046362/1-11777-049-C-XXX-X6.jpg
6728117431177211777900046363,SUMATERA UTARA,KOTA MEDAN,MEDAN DENAI,BINJAI,TPS 050,2019-10-25 17:00:05,199,12,257,222,228,211,17,https://pemilu2019.kpu.go.id/img/c/900/046/900046363/1-11777-050-C-XXX-X5.jpg,https://pemilu2019.kpu.go.id/img/c/900/046/900046363/1-11777-050-C-XXX-X6.jpg
6728117431177211777900046364,SUMATERA UTARA,KOTA MEDAN,MEDAN DENAI,BINJAI,TPS 051,2019-10-25 17:00:05,176,12,247,216,188,188,0,https://pemilu2019.kpu.go.id/img/c/900/046/900046364/1-11777-051-C1-PPWP-X1.jpg,https://pemilu2019.kpu.go.id/img/c/900/046/900046364/1-11777-051-C1-PPWP-X2.jpg
6728117431177211777900046365,SUMATERA UTARA,KOTA MEDAN,MEDAN DENAI,BINJAI,TPS 052,2019-10-25 17:00:05,142,32,260,174,174,174,0,https://pemilu2019.kpu.go.id/img/c/900/046/900046365/1-11777-052-C-XXX-X5.jpg,https://pemilu2019.kpu.go.id/img/c/900/046/900046365/1-11777-052-C-XXX-X6.jpg
6728117431177211777900046366,SUMATERA UTARA,KOTA MEDAN,MEDAN DENAI,BINJAI,TPS 053,2019-10-25 17:00:05,164,14,181,179,179,179,0,https://pemilu2019.kpu.go.id/img/c/900/046/900046366/1-11777-053-C1-PPWP-X1.jpg,https://pemilu2019.kpu.go.id/img/c/900/046/900046366/1-11777-053-C1-PPWP-X2.jpg
6728117431177211777900046367,SUMATERA UTARA,KOTA MEDAN,MEDAN DENAI,BINJAI,TPS 054,2019-10-25 17:00:05,89,51,189,141,181,140,41,https://pemilu2019.kpu.go.id/img/c/900/046/900046367/1-11777-054-C1-PPWP-X1.jpg,https://pemilu2019.kpu.go.id/img/c/900/046/900046367/1-11777-054-C1-PPWP-X2.jpg
6728117431177211777900046368,SUMATERA UTARA,KOTA MEDAN,MEDAN DENAI,BINJAI,TPS 055,2019-10-25 17:00:05,99,57,213,157,157,156,1,https://pemilu2019.kpu.go.id/img/c/900/046/900046368/1-11777-055-C-XXX-X5.jpg,https://pemilu2019.kpu.go.id/img/c/900/046/900046368/1-11777-055-C-XXX-X6.jpg
6728117431177211777900046369,SUMATERA UTARA,KOTA MEDAN,MEDAN DENAI,BINJAI,TPS 056,2019-10-25 17:00:05,78,115,193,193,193,193,0,https://pemilu2019.kpu.go.id/img/c/900/046/900046369/1-11777-056-C-XXX-X5.jpg,https://pemilu2019.kpu.go.id/img/c/900/046/900046369/1-11777-056-C-XXX-X6.jpg
6728117431177211777900046370,SUMATERA UTARA,KOTA MEDAN,MEDAN DENAI,BINJAI,TPS 057,2019-10-25 17:00:05,113,99,207,213,213,212,1,https://pemilu2019.kpu.go.id/img/c/900/046/900046370/1-11777-057-C-XXX-X5.jpg,https://pemilu2019.kpu.go.id/img/c/900/046/900046370/1-11777-057-C-XXX-X6.jpg
6728117431177211777900046371,SUMATERA UTARA,KOTA MEDAN,MEDAN DENAI,BINJAI,TPS 058,2019-10-25 17:00:05,171,72,240,245,245,243,2,https://pemilu2019.kpu.go.id/img/c/900/046/900046371/1-11777-058-C-XXX-X5.jpg,https://pemilu2019.kpu.go.id/img/c/900/046/900046371/1-11777-058-C-XXX-X6.jpg
6728117431177211777900046372,SUMATERA UTARA,KOTA MEDAN,MEDAN DENAI,BINJAI,TPS 059,2019-10-25 17:00:05,122,120,347,243,245,242,3,https://pemilu2019.kpu.go.id/img/c/900/046/900046372/1-11777-059-C-XXX-X5.jpg,https://pemilu2019.kpu.go.id/img/c/900/046/900046372/1-11777-059-C-XXX-X6.jpg
6728117431177211777900046373,SUMATERA UTARA,KOTA MEDAN,MEDAN DENAI,BINJAI,TPS 060,2019-10-25 17:00:05,54,137,236,192,192,191,1,https://pemilu2019.kpu.go.id/img/c/900/046/900046373/1-11777-060-C1-PPWP-X3.jpg,https://pemilu2019.kpu.go.id/img/c/900/046/900046373/1-11777-060-C1-PPWP-X4.jpg
6728117431177211777900046374,SUMATERA UTARA,KOTA MEDAN,MEDAN DENAI,BINJAI,TPS 061,2019-10-25 17:00:05,61,118,219,179,179,179,0,https://pemilu2019.kpu.go.id/img/c/900/046/900046374/2-11777-061-C1-PPWP-X1.jpg,https://pemilu2019.kpu.go.id/img/c/900/046/900046374/2-11777-061-C1-PPWP-X2.jpg
6728117431177211777900046375,SUMATERA UTARA,KOTA MEDAN,MEDAN DENAI,BINJAI,TPS 062,2019-10-25 17:00:05,28,99,176,127,127,127,0,https://pemilu2019.kpu.go.id/img/c/900/046/900046375/1-11777-062-C-XXX-X5.jpg,https://pemilu2019.kpu.go.id/img/c/900/046/900046375/1-11777-062-C-XXX-X6.jpg
6728117431177211777900046376,SUMATERA UTARA,KOTA MEDAN,MEDAN DENAI,BINJAI,TPS 063,2019-10-25 17:00:05,40,110,205,150,150,150,0,https://pemilu2019.kpu.go.id/img/c/900/046/900046376/1-11777-063-C-XXX-X5.jpg,https://pemilu2019.kpu.go.id/img/c/900/046/900046376/1-11777-063-C-XXX-X6.jpg
6728117431177211777900046377,SUMATERA UTARA,KOTA MEDAN,MEDAN DENAI,BINJAI,TPS 064,2019-10-25 17:00:05,29,116,209,145,145,145,0,https://pemilu2019.kpu.go.id/img/c/900/046/900046377/1-11777-064-C1-PPWP-X1.jpg,https://pemilu2019.kpu.go.id/img/c/900/046/900046377/1-11777-064-C1-PPWP-X2.jpg
6728117431177211777900046378,SUMATERA UTARA,KOTA MEDAN,MEDAN DENAI,BINJAI,TPS 065,2019-10-25 17:00:05,35,121,224,156,156,156,0,https://pemilu2019.kpu.go.id/img/c/900/046/900046378/1-11777-065-C1-PPWP-X1.jpg,https://pemilu2019.kpu.go.id/img/c/900/046/900046378/1-11777-065-C1-PPWP-X2.jpg
6728117431177211777900046379,SUMATERA UTARA,KOTA MEDAN,MEDAN DENAI,BINJAI,TPS 066,2019-10-25 17:00:05,42,93,189,137,137,135,2,https://pemilu2019.kpu.go.id/img/c/900/046/900046379/1-11777-066-C-XXX-X5.jpg,https://pemilu2019.kpu.go.id/img/c/900/046/900046379/1-11777-066-C-XXX-X6.jpg
6728117431177211777900046380,SUMATERA UTARA,KOTA MEDAN,MEDAN DENAI,BINJAI,TPS 067,2019-10-25 17:00:05,70,74,175,145,145,144,1,https://pemilu2019.kpu.go.id/img/c/900/046/900046380/1-11777-067-C1-PPWP-X5.jpg,https://pemilu2019.kpu.go.id/img/c/900/046/900046380/1-11777-067-C1-PPWP-X6.jpg
6728117431177211777900046381,SUMATERA UTARA,KOTA MEDAN,MEDAN DENAI,BINJAI,TPS 068,2019-10-25 17:00:05,61,97,0,164,161,158,3,https://pemilu2019.kpu.go.id/img/c/900/046/900046381/1-11777-068-C1-PPWP-X1.jpg,https://pemilu2019.kpu.go.id/img/c/900/046/900046381/1-11777-068-C1-PPWP-X2.jpg
6728117431177211777900046382,SUMATERA UTARA,KOTA MEDAN,MEDAN DENAI,BINJAI,TPS 069,2019-10-25 17:00:05,40,108,206,156,150,148,2,https://pemilu2019.kpu.go.id/img/c/900/046/900046382/1-11777-069-C1-PPWP-X1.jpg,https://pemilu2019.kpu.go.id/img/c/900/046/900046382/1-11777-069-C1-PPWP-X2.jpg
6728117431177211777900046383,SUMATERA UTARA,KOTA MEDAN,MEDAN DENAI,BINJAI,TPS 070,2019-10-25 17:00:05,48,115,201,166,166,163,3,https://pemilu2019.kpu.go.id/img/c/900/046/900046383/1-11777-070-C1-PPWP-X1.jpg,https://pemilu2019.kpu.go.id/img/c/900/046/900046383/1-11777-070-C1-PPWP-X2.jpg
6728117431177211777900046384,SUMATERA UTARA,KOTA MEDAN,MEDAN DENAI,BINJAI,TPS 071,2019-10-25 17:00:05,23,117,205,141,141,140,1,https://pemilu2019.kpu.go.id/img/c/900/046/900046384/1-11777-071-C-XXX-X5.jpg,https://pemilu2019.kpu.go.id/img/c/900/046/900046384/1-11777-071-C-XXX-X6.jpg
6728117431177211777900046385,SUMATERA UTARA,KOTA MEDAN,MEDAN DENAI,BINJAI,TPS 072,2019-10-25 17:00:05,102,63,224,170,170,165,5,https://pemilu2019.kpu.go.id/img/c/900/046/900046385/1-11777-072-C1-PPWP-X7.jpg,https://pemilu2019.kpu.go.id/img/c/900/046/900046385/1-11777-072-C1-PPWP-X8.jpg
6728117431177211777900046386,SUMATERA UTARA,KOTA MEDAN,MEDAN DENAI,BINJAI,TPS 073,2019-10-25 17:00:05,57,82,242,140,140,139,1,https://pemilu2019.kpu.go.id/img/c/900/046/900046386/1-11777-073-C1-PPWP-X9.jpg,https://pemilu2019.kpu.go.id/img/c/900/046/900046386/1-11777-073-C1-PPWP-X10.jpg
6728117431177211777900046387,SUMATERA UTARA,KOTA MEDAN,MEDAN DENAI,BINJAI,TPS 074,2019-10-25 17:00:05,27,154,178,182,182,181,1,https://pemilu2019.kpu.go.id/img/c/900/046/900046387/1-11777-074-C1-PPWP-X1.jpg,https://pemilu2019.kpu.go.id/img/c/900/046/900046387/1-11777-074-C1-PPWP-X2.jpg
6728117431177211777900046388,SUMATERA UTARA,KOTA MEDAN,MEDAN DENAI,BINJAI,TPS 075,2019-10-25 17:00:05,30,113,146,143,149,143,6,https://pemilu2019.kpu.go.id/img/c/900/046/900046388/1-11777-075-C1-PPWP-X1.jpg,https://pemilu2019.kpu.go.id/img/c/900/046/900046388/1-11777-075-C1-PPWP-X2.jpg
6728117431177211777900046389,SUMATERA UTARA,KOTA MEDAN,MEDAN DENAI,BINJAI,TPS 076,2019-10-25 17:00:05,19,148,220,162,167,167,0,https://pemilu2019.kpu.go.id/img/c/900/046/900046389/1-11777-076-C-XXX-X5.jpg,https://pemilu2019.kpu.go.id/img/c/900/046/900046389/1-11777-076-C-XXX-X6.jpg
6728117431177211777900046390,SUMATERA UTARA,KOTA MEDAN,MEDAN DENAI,BINJAI,TPS 077,2019-10-25 17:00:05,37,139,0,0,0,176,0,https://pemilu2019.kpu.go.id/img/c/900/046/900046390/2-11777-077-C1-PPWP-X1.jpg,https://pemilu2019.kpu.go.id/img/c/900/046/900046390/2-11777-077-C1-PPWP-X2.jpg
6728117431177211777900046391,SUMATERA UTARA,KOTA MEDAN,MEDAN DENAI,BINJAI,TPS 078,2019-10-25 17:00:05,85,69,206,155,155,154,1,https://pemilu2019.kpu.go.id/img/c/900/046/900046391/1-11777-078-C-XXX-X5.jpg,https://pemilu2019.kpu.go.id/img/c/900/046/900046391/1-11777-078-C-XXX-X6.jpg
6728117431177211777900046392,SUMATERA UTARA,KOTA MEDAN,MEDAN DENAI,BINJAI,TPS 079,2019-10-25 17:00:05,67,79,145,147,148,146,2,https://pemilu2019.kpu.go.id/img/c/900/046/900046392/1-11777-079-C-XXX-X5.jpg,https://pemilu2019.kpu.go.id/img/c/900/046/900046392/1-11777-079-C-XXX-X6.jpg
6728117431177211777900046393,SUMATERA UTARA,KOTA MEDAN,MEDAN DENAI,BINJAI,TPS 080,2019-10-25 17:00:05,35,160,274,197,197,195,2,https://pemilu2019.kpu.go.id/img/c/900/046/900046393/1-11777-080-C-XXX-X5.jpg,https://pemilu2019.kpu.go.id/img/c/900/046/900046393/1-11777-080-C-XXX-X6.jpg
6728117431177211777900046394,SUMATERA UTARA,KOTA MEDAN,MEDAN DENAI,BINJAI,TPS 081,2019-10-25 17:00:05,17,191,260,209,209,208,1,https://pemilu2019.kpu.go.id/img/c/900/046/900046394/1-11777-081-C1-PPWP-X1.jpg,https://pemilu2019.kpu.go.id/img/c/900/046/900046394/1-11777-081-C1-PPWP-X2.jpg
6728117431177211777900046395,SUMATERA UTARA,KOTA MEDAN,MEDAN DENAI,BINJAI,TPS 082,2019-10-25 17:00:05,31,165,308,198,198,196,2,https://pemilu2019.kpu.go.id/img/c/900/046/900046395/1-11777-082-C1-PPWP-X1.jpg,https://pemilu2019.kpu.go.id/img/c/900/046/900046395/1-11777-082-C1-PPWP-X2.jpg
6728117431177211777900046396,SUMATERA UTARA,KOTA MEDAN,MEDAN DENAI,BINJAI,TPS 083,2019-10-25 17:00:05,63,145,279,210,210,208,2,https://pemilu2019.kpu.go.id/img/c/900/046/900046396/1-11777-083-C1-PPWP-X1.jpg,https://pemilu2019.kpu.go.id/img/c/900/046/900046396/1-11777-083-C1-PPWP-X2.jpg
6728117431177211777900046397,SUMATERA UTARA,KOTA MEDAN,MEDAN DENAI,BINJAI,TPS 084,2019-10-25 17:00:05,27,165,224,193,193,1,192,https://pemilu2019.kpu.go.id/img/c/900/046/900046397/1-11777-084-C1-PPWP-X1.jpg,https://pemilu2019.kpu.go.id/img/c/900/046/900046397/1-11777-084-C1-PPWP-X2.jpg
6728117431177211777900046398,SUMATERA UTARA,KOTA MEDAN,MEDAN DENAI,BINJAI,TPS 085,2019-10-25 17:00:05,36,159,257,195,195,195,0,https://pemilu2019.kpu.go.id/img/c/900/046/900046398/1-11777-085-C-XXX-X5.jpg,https://pemilu2019.kpu.go.id/img/c/900/046/900046398/1-11777-085-C-XXX-X6.jpg
6728117431177211777900046399,SUMATERA UTARA,KOTA MEDAN,MEDAN DENAI,BINJAI,TPS 086,2019-10-25 17:00:05,244,54,358,299,299,298,1,https://pemilu2019.kpu.go.id/img/c/900/046/900046399/2-11777-086-C1-PPWP-X1.jpg,https://pemilu2019.kpu.go.id/img/c/900/046/900046399/2-11777-086-C1-PPWP-X2.jpg
6728117431177211777900046400,SUMATERA UTARA,KOTA MEDAN,MEDAN DENAI,BINJAI,TPS 087,2019-10-25 17:00:05,218,36,284,254,254,254,0,https://pemilu2019.kpu.go.id/img/c/900/046/900046400/1-11777-087-C-XXX-X5.jpg,https://pemilu2019.kpu.go.id/img/c/900/046/900046400/1-11777-087-C-XXX-X6.jpg
6728117431177211777900046401,SUMATERA UTARA,KOTA MEDAN,MEDAN DENAI,BINJAI,TPS 088,2019-10-25 17:00:05,35,111,304,146,146,146,0,https://pemilu2019.kpu.go.id/img/c/900/046/900046401/2-11777-088-C1-PPWP-X11.jpg,https://pemilu2019.kpu.go.id/img/c/900/046/900046401/2-11777-088-C1-PPWP-X12.jpg
6728117431177211777900046402,SUMATERA UTARA,KOTA MEDAN,MEDAN DENAI,BINJAI,TPS 089,2019-10-25 17:00:05,46,76,283,122,122,122,0,https://pemilu2019.kpu.go.id/img/c/900/046/900046402/1-11777-089-C1-PPWP-X13.jpg,https://pemilu2019.kpu.go.id/img/c/900/046/900046402/1-11777-089-C1-PPWP-X14.jpg
6728117431177211777900046403,SUMATERA UTARA,KOTA MEDAN,MEDAN DENAI,BINJAI,TPS 090,2019-10-25 17:00:05,47,112,174,159,159,159,0,https://pemilu2019.kpu.go.id/img/c/900/046/900046403/1-11777-090-C-XXX-X5.jpg,https://pemilu2019.kpu.go.id/img/c/900/046/900046403/1-11777-090-C-XXX-X6.jpg
6728117431177211777900046404,SUMATERA UTARA,KOTA MEDAN,MEDAN DENAI,BINJAI,TPS 091,2019-10-25 17:00:05,29,51,151,80,80,80,0,https://pemilu2019.kpu.go.id/img/c/900/046/900046404/2-11777-091-C1-PPWP-X15.jpg,https://pemilu2019.kpu.go.id/img/c/900/046/900046404/2-11777-091-C1-PPWP-X16.jpg
6728117431177211777900046405,SUMATERA UTARA,KOTA MEDAN,MEDAN DENAI,BINJAI,TPS 092,2019-10-25 17:00:05,58,107,253,165,167,165,2,https://pemilu2019.kpu.go.id/img/c/900/046/900046405/1-11777-092-C1-PPWP-X1.jpg,https://pemilu2019.kpu.go.id/img/c/900/046/900046405/1-11777-092-C1-PPWP-X2.jpg
6728117431177211777900046406,SUMATERA UTARA,KOTA MEDAN,MEDAN DENAI,BINJAI,TPS 093,2019-10-25 17:00:05,40,125,196,165,165,165,0,https://pemilu2019.kpu.go.id/img/c/900/046/900046406/1-11777-093-C1-PPWP-X1.jpg,https://pemilu2019.kpu.go.id/img/c/900/046/900046406/1-11777-093-C1-PPWP-X2.jpg
6728117431177211777900046407,SUMATERA UTARA,KOTA MEDAN,MEDAN DENAI,BINJAI,TPS 094,2019-10-25 17:00:05,96,93,366,190,190,189,1,https://pemilu2019.kpu.go.id/img/c/900/046/900046407/1-11777-094-C1-PPWP-X1.jpg,https://pemilu2019.kpu.go.id/img/c/900/046/900046407/1-11777-094-C1-PPWP-X2.jpg
6728117431177211777900046408,SUMATERA UTARA,KOTA MEDAN,MEDAN DENAI,BINJAI,TPS 095,2019-10-25 17:00:05,45,27,190,72,72,72,0,https://pemilu2019.kpu.go.id/img/c/900/046/900046408/1-11777-095-C-XXX-X5.jpg,https://pemilu2019.kpu.go.id/img/c/900/046/900046408/1-11777-095-C-XXX-X6.jpg
6728117431177211777900046409,SUMATERA UTARA,KOTA MEDAN,MEDAN DENAI,BINJAI,TPS 096,2019-10-25 17:00:05,69,190,323,264,264,259,5,https://pemilu2019.kpu.go.id/img/c/900/046/900046409/1-11777-096-C1-PPWP-X17.jpg,https://pemilu2019.kpu.go.id/img/c/900/046/900046409/1-11777-096-C1-PPWP-X18.jpg
6728117431177211777900046410,SUMATERA UTARA,KOTA MEDAN,MEDAN DENAI,BINJAI,TPS 097,2019-10-25 17:00:05,73,204,381,280,280,277,3,https://pemilu2019.kpu.go.id/img/c/900/046/900046410/1-11777-097-C1-PPWP-X19.jpg,https://pemilu2019.kpu.go.id/img/c/900/046/900046410/1-11777-097-C1-PPWP-X20.jpg
6728117431177211777900046411,SUMATERA UTARA,KOTA MEDAN,MEDAN DENAI,BINJAI,TPS 098,2019-10-25 17:00:05,31,137,193,170,170,168,2,https://pemilu2019.kpu.go.id/img/c/900/046/900046411/1-11777-098-C1-PPWP-X21.jpg,https://pemilu2019.kpu.go.id/img/c/900/046/900046411/1-11777-098-C1-PPWP-X22.jpg
6728117431177211777900046412,SUMATERA UTARA,KOTA MEDAN,MEDAN DENAI,BINJAI,TPS 099,2019-10-25 17:00:05,20,130,230,150,150,150,0,https://pemilu2019.kpu.go.id/img/c/900/046/900046412/1-11777-099-C1-PPWP-X1.jpg,https://pemilu2019.kpu.go.id/img/c/900/046/900046412/1-11777-099-C1-PPWP-X2.jpg
6728117431177211777900046413,SUMATERA UTARA,KOTA MEDAN,MEDAN DENAI,BINJAI,TPS 100,2019-10-25 17:00:05,61,94,229,157,157,155,2,https://pemilu2019.kpu.go.id/img/c/900/046/900046413/1-11777-100-C-XXX-X5.jpg,https://pemilu2019.kpu.go.id/img/c/900/046/900046413/1-11777-100-C-XXX-X6.jpg
6728117431177211777900046414,SUMATERA UTARA,KOTA MEDAN,MEDAN DENAI,BINJAI,TPS 101,2019-10-25 17:00:05,44,125,254,169,169,169,0,https://pemilu2019.kpu.go.id/img/c/900/046/900046414/1-11777-101-C-XXX-X5.jpg,https://pemilu2019.kpu.go.id/img/c/900/046/900046414/1-11777-101-C-XXX-X6.jpg
6728117431177211777900046415,SUMATERA UTARA,KOTA MEDAN,MEDAN DENAI,BINJAI,TPS 102,2019-10-25 17:00:05,44,168,260,212,212,212,0,https://pemilu2019.kpu.go.id/img/c/900/046/900046415/1-11777-102-C-XXX-X5.jpg,https://pemilu2019.kpu.go.id/img/c/900/046/900046415/1-11777-102-C-XXX-X6.jpg
6728117431177211777900046416,SUMATERA UTARA,KOTA MEDAN,MEDAN DENAI,BINJAI,TPS 103,2019-10-25 17:00:05,49,129,251,178,178,178,0,https://pemilu2019.kpu.go.id/img/c/900/046/900046416/1-11777-103-C-XXX-X5.jpg,https://pemilu2019.kpu.go.id/img/c/900/046/900046416/1-11777-103-C-XXX-X6.jpg
6728117431177211777900046417,SUMATERA UTARA,KOTA MEDAN,MEDAN DENAI,BINJAI,TPS 104,2019-10-25 17:00:05,37,157,213,194,194,194,0,https://pemilu2019.kpu.go.id/img/c/900/046/900046417/1-11777-104-C-XXX-X5.jpg,https://pemilu2019.kpu.go.id/img/c/900/046/900046417/1-11777-104-C-XXX-X6.jpg
6728117431177211777900046418,SUMATERA UTARA,KOTA MEDAN,MEDAN DENAI,BINJAI,TPS 105,2019-10-25 17:00:05,63,165,311,229,229,228,1,https://pemilu2019.kpu.go.id/img/c/900/046/900046418/1-11777-105-C-XXX-X5.jpg,https://pemilu2019.kpu.go.id/img/c/900/046/900046418/1-11777-105-C-XXX-X6.jpg
6728117431177211777900046419,SUMATERA UTARA,KOTA MEDAN,MEDAN DENAI,BINJAI,TPS 106,2019-10-25 17:00:05,64,150,298,216,216,214,2,https://pemilu2019.kpu.go.id/img/c/900/046/900046419/1-11777-106-C1-PPWP-X1.jpg,https://pemilu2019.kpu.go.id/img/c/900/046/900046419/1-11777-106-C1-PPWP-X2.jpg
6728117431177211777900046420,SUMATERA UTARA,KOTA MEDAN,MEDAN DENAI,BINJAI,TPS 107,2019-10-25 17:00:05,59,81,246,140,0,0,0,https://pemilu2019.kpu.go.id/img/c/900/046/900046420/1-11777-107-C-XXX-X5.jpg,https://pemilu2019.kpu.go.id/img/c/900/046/900046420/1-11777-107-C-XXX-X6.jpg
6728117431177211777900046421,SUMATERA UTARA,KOTA MEDAN,MEDAN DENAI,BINJAI,TPS 108,2019-10-25 17:00:05,77,80,222,160,160,157,3,https://pemilu2019.kpu.go.id/img/c/900/046/900046421/1-11777-108-C-XXX-X5.jpg,https://pemilu2019.kpu.go.id/img/c/900/046/900046421/1-11777-108-C-XXX-X6.jpg
6728117431177211777900046422,SUMATERA UTARA,KOTA MEDAN,MEDAN DENAI,BINJAI,TPS 109,2019-10-25 17:00:05,77,71,228,149,149,148,1,https://pemilu2019.kpu.go.id/img/c/900/046/900046422/1-11777-109-C1-PPWP-X1.jpg,https://pemilu2019.kpu.go.id/img/c/900/046/900046422/1-11777-109-C1-PPWP-X2.jpg
6728117431177211777900046423,SUMATERA UTARA,KOTA MEDAN,MEDAN DENAI,BINJAI,TPS 110,2019-10-25 17:00:05,53,81,214,135,135,134,1,https://pemilu2019.kpu.go.id/img/c/900/046/900046423/1-11777-110-C1-PPWP-X23.jpg,https://pemilu2019.kpu.go.id/img/c/900/046/900046423/1-11777-110-C1-PPWP-X24.jpg
6728117431177211777900046424,SUMATERA UTARA,KOTA MEDAN,MEDAN DENAI,BINJAI,TPS 111,2019-10-25 17:00:05,108,75,263,184,184,183,1,https://pemilu2019.kpu.go.id/img/c/900/046/900046424/1-11777-111-C-XXX-X5.jpg,https://pemilu2019.kpu.go.id/img/c/900/046/900046424/1-11777-111-C-XXX-X6.jpg
6728117431177211777900046425,SUMATERA UTARA,KOTA MEDAN,MEDAN DENAI,BINJAI,TPS 112,2019-10-25 17:00:05,74,101,269,176,176,175,1,https://pemilu2019.kpu.go.id/img/c/900/046/900046425/1-11777-112-C-XXX-X5.jpg,https://pemilu2019.kpu.go.id/img/c/900/046/900046425/1-11777-112-C-XXX-X6.jpg
6728117431177211777900046426,SUMATERA UTARA,KOTA MEDAN,MEDAN DENAI,BINJAI,TPS 113,2019-10-25 17:00:05,74,157,268,234,234,231,3,https://pemilu2019.kpu.go.id/img/c/900/046/900046426/1-11777-113-C-XXX-X5.jpg,https://pemilu2019.kpu.go.id/img/c/900/046/900046426/1-11777-113-C-XXX-X6.jpg
6728117431177211777900046427,SUMATERA UTARA,KOTA MEDAN,MEDAN DENAI,BINJAI,TPS 114,2019-10-25 17:00:05,48,147,268,196,196,195,1,https://pemilu2019.kpu.go.id/img/c/900/046/900046427/1-11777-114-C-XXX-X5.jpg,https://pemilu2019.kpu.go.id/img/c/900/046/900046427/1-11777-114-C-XXX-X6.jpg
6728117431177211777900046428,SUMATERA UTARA,KOTA MEDAN,MEDAN DENAI,BINJAI,TPS 115,2019-10-25 17:00:05,95,126,268,222,222,221,1,https://pemilu2019.kpu.go.id/img/c/900/046/900046428/1-11777-115-C1-PPWP-X1.jpg,https://pemilu2019.kpu.go.id/img/c/900/046/900046428/1-11777-115-C1-PPWP-X2.jpg
6728117431177211777900046429,SUMATERA UTARA,KOTA MEDAN,MEDAN DENAI,BINJAI,TPS 116,2019-10-25 17:00:05,74,107,312,183,183,181,2,https://pemilu2019.kpu.go.id/img/c/900/046/900046429/1-11777-116-C-XXX-X5.jpg,https://pemilu2019.kpu.go.id/img/c/900/046/900046429/1-11777-116-C-XXX-X6.jpg
6728117431177211777900046430,SUMATERA UTARA,KOTA MEDAN,MEDAN DENAI,BINJAI,TPS 117,2019-10-25 17:00:05,62,88,296,151,151,150,1,https://pemilu2019.kpu.go.id/img/c/900/046/900046430/1-11777-117-C1-PPWP-X1.jpg,https://pemilu2019.kpu.go.id/img/c/900/046/900046430/1-11777-117-C1-PPWP-X2.jpg
6728117431177211777900046431,SUMATERA UTARA,KOTA MEDAN,MEDAN DENAI,BINJAI,TPS 118,2019-10-25 17:00:05,66,94,0,161,161,160,1,https://pemilu2019.kpu.go.id/img/c/900/046/900046431/1-11777-118-C-XXX-X5.jpg,https://pemilu2019.kpu.go.id/img/c/900/046/900046431/1-11777-118-C-XXX-X6.jpg
6728117431177211777900046432,SUMATERA UTARA,KOTA MEDAN,MEDAN DENAI,BINJAI,TPS 119,2019-10-25 17:00:05,37,141,296,180,180,178,2,https://pemilu2019.kpu.go.id/img/c/900/046/900046432/1-11777-119-C-XXX-X5.jpg,https://pemilu2019.kpu.go.id/img/c/900/046/900046432/1-11777-119-C-XXX-X6.jpg
6728117431177211777900046433,SUMATERA UTARA,KOTA MEDAN,MEDAN DENAI,BINJAI,TPS 120,2019-10-25 17:00:05,28,111,206,139,139,139,0,https://pemilu2019.kpu.go.id/img/c/900/046/900046433/1-11777-120-C1-PPWP-X1.jpg,https://pemilu2019.kpu.go.id/img/c/900/046/900046433/1-11777-120-C1-PPWP-X2.jpg
6728117431177211777900046434,SUMATERA UTARA,KOTA MEDAN,MEDAN DENAI,BINJAI,TPS 121,2019-10-25 17:00:05,34,122,222,157,157,156,1,https://pemilu2019.kpu.go.id/img/c/900/046/900046434/1-11777-121-C1-PPWP-X25.jpg,https://pemilu2019.kpu.go.id/img/c/900/046/900046434/1-11777-121-C1-PPWP-X26.jpg
6728117431177211777900046435,SUMATERA UTARA,KOTA MEDAN,MEDAN DENAI,BINJAI,TPS 122,2019-10-25 17:00:05,17,137,251,158,158,154,4,https://pemilu2019.kpu.go.id/img/c/900/046/900046435/1-11777-122-C1-PPWP-X27.jpg,https://pemilu2019.kpu.go.id/img/c/900/046/900046435/1-11777-122-C1-PPWP-X28.jpg
6728117431177211777900046436,SUMATERA UTARA,KOTA MEDAN,MEDAN DENAI,BINJAI,TPS 123,2019-10-25 17:00:05,50,103,208,153,153,153,0,https://pemilu2019.kpu.go.id/img/c/900/046/900046436/1-11777-123-C-XXX-X5.jpg,https://pemilu2019.kpu.go.id/img/c/900/046/900046436/1-11777-123-C-XXX-X6.jpg
6728117431177211777900046437,SUMATERA UTARA,KOTA MEDAN,MEDAN DENAI,BINJAI,TPS 124,2019-10-25 17:00:05,27,96,207,125,125,123,2,https://pemilu2019.kpu.go.id/img/c/900/046/900046437/1-11777-124-C1-PPWP-X1.jpg,https://pemilu2019.kpu.go.id/img/c/900/046/900046437/1-11777-124-C1-PPWP-X2.jpg
6728117431177211777900046438,SUMATERA UTARA,KOTA MEDAN,MEDAN DENAI,BINJAI,TPS 125,2019-10-25 17:00:05,37,75,162,112,113,112,1,https://pemilu2019.kpu.go.id/img/c/900/046/900046438/1-11777-125-C-XXX-X5.jpg,https://pemilu2019.kpu.go.id/img/c/900/046/900046438/1-11777-125-C-XXX-X6.jpg
6728117431177211777900046439,SUMATERA UTARA,KOTA MEDAN,MEDAN DENAI,BINJAI,TPS 126,2019-10-25 17:00:05,27,96,207,125,125,123,2,https://pemilu2019.kpu.go.id/img/c/900/046/900046439/1-11777-126-C1-PPWP-X1.jpg,https://pemilu2019.kpu.go.id/img/c/900/046/900046439/1-11777-126-C1-PPWP-X2.jpg
6728117431177211777900046440,SUMATERA UTARA,KOTA MEDAN,MEDAN DENAI,BINJAI,TPS 127,2019-10-25 17:00:05,31,95,195,127,127,126,1,https://pemilu2019.kpu.go.id/img/c/900/046/900046440/1-11777-127-C1-PPWP-X1.jpg,https://pemilu2019.kpu.go.id/img/c/900/046/900046440/1-11777-127-C1-PPWP-X2.jpg
6728117431177211777900046441,SUMATERA UTARA,KOTA MEDAN,MEDAN DENAI,BINJAI,TPS 128,2019-10-25 17:00:05,13,121,278,134,134,134,0,https://pemilu2019.kpu.go.id/img/c/900/046/900046441/1-11777-128-C-XXX-X5.jpg,https://pemilu2019.kpu.go.id/img/c/900/046/900046441/1-11777-128-C-XXX-X6.jpg
6728117431177211777900046442,SUMATERA UTARA,KOTA MEDAN,MEDAN DENAI,BINJAI,TPS 129,2019-10-25 17:00:05,16,157,175,175,175,173,2,https://pemilu2019.kpu.go.id/img/c/900/046/900046442/1-11777-129-C-XXX-X5.jpg,https://pemilu2019.kpu.go.id/img/c/900/046/900046442/1-11777-129-C-XXX-X6.jpg
6728117431177211777900046443,SUMATERA UTARA,KOTA MEDAN,MEDAN DENAI,BINJAI,TPS 130,2019-10-25 17:00:05,12,114,127,127,127,126,1,https://pemilu2019.kpu.go.id/img/c/900/046/900046443/1-11777-130-C1-PPWP-X29.jpg,https://pemilu2019.kpu.go.id/img/c/900/046/900046443/1-11777-130-C1-PPWP-X30.jpg
6728117431177211777900046444,SUMATERA UTARA,KOTA MEDAN,MEDAN DENAI,BINJAI,TPS 131,2019-10-25 17:00:05,5,136,203,141,141,141,0,https://pemilu2019.kpu.go.id/img/c/900/046/900046444/1-11777-131-C-XXX-X5.jpg,https://pemilu2019.kpu.go.id/img/c/900/046/900046444/1-11777-131-C-XXX-X6.jpg
6728117431177211777900046445,SUMATERA UTARA,KOTA MEDAN,MEDAN DENAI,BINJAI,TPS 132,2019-10-25 17:00:05,7,142,192,149,149,149,0,https://pemilu2019.kpu.go.id/img/c/900/046/900046445/1-11777-132-C-XXX-X5.jpg,https://pemilu2019.kpu.go.id/img/c/900/046/900046445/1-11777-132-C-XXX-X6.jpg
6728117431177211777900046446,SUMATERA UTARA,KOTA MEDAN,MEDAN DENAI,BINJAI,TPS 133,2019-10-25 17:00:05,6,102,212,109,109,108,1,https://pemilu2019.kpu.go.id/img/c/900/046/900046446/1-11777-133-C-XXX-X5.jpg,https://pemilu2019.kpu.go.id/img/c/900/046/900046446/1-11777-133-C-XXX-X6.jpg
6728117431177211777900046447,SUMATERA UTARA,KOTA MEDAN,MEDAN DENAI,BINJAI,TPS 134,2019-10-25 17:00:05,17,135,153,252,153,152,1,https://pemilu2019.kpu.go.id/img/c/900/046/900046447/1-11777-134-C1-PPWP-X1.jpg,https://pemilu2019.kpu.go.id/img/c/900/046/900046447/1-11777-134-C1-PPWP-X2.jpg
6728117431177211777900046448,SUMATERA UTARA,KOTA MEDAN,MEDAN DENAI,BINJAI,TPS 135,2019-10-25 17:00:05,10,115,171,126,126,126,1,https://pemilu2019.kpu.go.id/img/c/900/046/900046448/1-11777-135-C1-PPWP-X1.jpg,https://pemilu2019.kpu.go.id/img/c/900/046/900046448/1-11777-135-C1-PPWP-X2.jpg
6728117431177211777900046449,SUMATERA UTARA,KOTA MEDAN,MEDAN DENAI,BINJAI,TPS 136,2019-10-25 17:00:05,0,83,160,83,83,83,0,https://pemilu2019.kpu.go.id/img/c/900/046/900046449/1-11777-136-C-XXX-X5.jpg,https://pemilu2019.kpu.go.id/img/c/900/046/900046449/1-11777-136-C-XXX-X6.jpg
6728117431177211777900046450,SUMATERA UTARA,KOTA MEDAN,MEDAN DENAI,BINJAI,TPS 137,2019-10-25 17:00:05,10,118,231,128,129,128,1,https://pemilu2019.kpu.go.id/img/c/900/046/900046450/1-11777-137-C1-PPWP-X1.jpg,https://pemilu2019.kpu.go.id/img/c/900/046/900046450/1-11777-137-C1-PPWP-X2.jpg
6728117431177211777900046451,SUMATERA UTARA,KOTA MEDAN,MEDAN DENAI,BINJAI,TPS 138,2019-10-25 17:00:05,11,133,177,144,180,144,36,https://pemilu2019.kpu.go.id/img/c/900/046/900046451/1-11777-138-C-XXX-X5.jpg,https://pemilu2019.kpu.go.id/img/c/900/046/900046451/1-11777-138-C-XXX-X6.jpg
6728117431177211777900046452,SUMATERA UTARA,KOTA MEDAN,MEDAN DENAI,BINJAI,TPS 139,2019-10-25 17:00:05,9,102,222,12,112,111,1,https://pemilu2019.kpu.go.id/img/c/900/046/900046452/1-11777-139-C-XXX-X5.jpg,https://pemilu2019.kpu.go.id/img/c/900/046/900046452/1-11777-139-C-XXX-X6.jpg
6728117431177211777900046453,SUMATERA UTARA,KOTA MEDAN,MEDAN DENAI,BINJAI,TPS 140,2019-10-25 17:00:05,18,142,192,161,161,160,1,https://pemilu2019.kpu.go.id/img/c/900/046/900046453/1-11777-140-C-XXX-X5.jpg,https://pemilu2019.kpu.go.id/img/c/900/046/900046453/1-11777-140-C-XXX-X6.jpg
6728117431177211777900046454,SUMATERA UTARA,KOTA MEDAN,MEDAN DENAI,BINJAI,TPS 141,2019-10-25 17:00:05,7,103,202,112,112,110,2,https://pemilu2019.kpu.go.id/img/c/900/046/900046454/1-11777-141-C-XXX-X5.jpg,https://pemilu2019.kpu.go.id/img/c/900/046/900046454/1-11777-141-C-XXX-X6.jpg
6728117431177211777900046455,SUMATERA UTARA,KOTA MEDAN,MEDAN DENAI,BINJAI,TPS 142,2019-10-25 17:00:05,9,100,231,97,110,109,1,https://pemilu2019.kpu.go.id/img/c/900/046/900046455/1-11777-142-C1-PPWP-X1.jpg,https://pemilu2019.kpu.go.id/img/c/900/046/900046455/1-11777-142-C1-PPWP-X2.jpg
6728117431177211777900046456,SUMATERA UTARA,KOTA MEDAN,MEDAN DENAI,BINJAI,TPS 143,2019-10-25 17:00:05,35,77,180,112,112,112,0,https://pemilu2019.kpu.go.id/img/c/900/046/900046456/1-11777-143-C1-PPWP-X31.jpg,https://pemilu2019.kpu.go.id/img/c/900/046/900046456/1-11777-143-C1-PPWP-X32.jpg
6728117431177211777900046457,SUMATERA UTARA,KOTA MEDAN,MEDAN DENAI,BINJAI,TPS 144,2019-10-25 17:00:05,13,76,140,89,89,89,0,https://pemilu2019.kpu.go.id/img/c/900/046/900046457/1-11777-144-C1-PPWP-X33.jpg,https://pemilu2019.kpu.go.id/img/c/900/046/900046457/1-11777-144-C1-PPWP-X34.jpg
6728117431177211777900046458,SUMATERA UTARA,KOTA MEDAN,MEDAN DENAI,BINJAI,TPS 145,2019-10-25 17:00:05,16,110,210,126,126,126,0,https://pemilu2019.kpu.go.id/img/c/900/046/900046458/1-11777-145-C1-PPWP-X35.jpg,https://pemilu2019.kpu.go.id/img/c/900/046/900046458/1-11777-145-C1-PPWP-X36.jpg
6728117431177211776900046272,SUMATERA UTARA,KOTA MEDAN,MEDAN DENAI,DENAI,TPS 01,2019-10-25 17:00:05,82,183,268,269,269,265,4,https://pemilu2019.kpu.go.id/img/c/900/046/900046272/2-11776-01-C1-PPWP-X1.jpg,https://pemilu2019.kpu.go.id/img/c/900/046/900046272/2-11776-01-C1-PPWP-X2.jpg
6728117431177211776900046273,SUMATERA UTARA,KOTA MEDAN,MEDAN DENAI,DENAI,TPS 02,2019-10-25 17:00:05,72,164,293,237,237,236,1,https://pemilu2019.kpu.go.id/img/c/900/046/900046273/1-11776-02-C-XXX-X5.jpg,https://pemilu2019.kpu.go.id/img/c/900/046/900046273/1-11776-02-C-XXX-X6.jpg
6728117431177211776900046274,SUMATERA UTARA,KOTA MEDAN,MEDAN DENAI,DENAI,TPS 03,2019-10-25 17:00:05,114,174,293,291,291,288,3,https://pemilu2019.kpu.go.id/img/c/900/046/900046274/1-11776-03-C1-PPWP-X1.jpg,https://pemilu2019.kpu.go.id/img/c/900/046/900046274/1-11776-03-C1-PPWP-X2.jpg
6728117431177211776900046275,SUMATERA UTARA,KOTA MEDAN,MEDAN DENAI,DENAI,TPS 04,2019-10-25 17:00:05,46,252,300,300,300,298,2,https://pemilu2019.kpu.go.id/img/c/900/046/900046275/2-11776-04-C1-PPWP-X1.jpg,https://pemilu2019.kpu.go.id/img/c/900/046/900046275/2-11776-04-C1-PPWP-X2.jpg
6728117431177211776900046276,SUMATERA UTARA,KOTA MEDAN,MEDAN DENAI,DENAI,TPS 05,2019-10-25 17:00:05,50,161,263,212,212,1,211,https://pemilu2019.kpu.go.id/img/c/900/046/900046276/1-11776-05-C-XXX-X5.jpg,https://pemilu2019.kpu.go.id/img/c/900/046/900046276/1-11776-05-C-XXX-X6.jpg
6728117431177211776900046277,SUMATERA UTARA,KOTA MEDAN,MEDAN DENAI,DENAI,TPS 06,2019-10-25 17:00:05,36,188,261,228,228,224,4,https://pemilu2019.kpu.go.id/img/c/900/046/900046277/1-11776-06-C-XXX-X5.jpg,https://pemilu2019.kpu.go.id/img/c/900/046/900046277/1-11776-06-C-XXX-X6.jpg
6728117431177211776900046278,SUMATERA UTARA,KOTA MEDAN,MEDAN DENAI,DENAI,TPS 07,2019-10-25 17:00:05,50,164,247,215,215,214,1,https://pemilu2019.kpu.go.id/img/c/900/046/900046278/1-11776-07-C-XXX-X5.jpg,https://pemilu2019.kpu.go.id/img/c/900/046/900046278/1-11776-07-C-XXX-X6.jpg
6728117431177211776900046279,SUMATERA UTARA,KOTA MEDAN,MEDAN DENAI,DENAI,TPS 08,2019-10-25 17:00:05,54,149,254,208,208,203,5,https://pemilu2019.kpu.go.id/img/c/900/046/900046279/1-11776-08-C-XXX-X5.jpg,https://pemilu2019.kpu.go.id/img/c/900/046/900046279/1-11776-08-C-XXX-X6.jpg
6728117431177211776900046280,SUMATERA UTARA,KOTA MEDAN,MEDAN DENAI,DENAI,TPS 09,2019-10-25 17:00:05,51,174,278,228,228,225,3,https://pemilu2019.kpu.go.id/img/c/900/046/900046280/1-11776-09-C-XXX-X5.jpg,https://pemilu2019.kpu.go.id/img/c/900/046/900046280/1-11776-09-C-XXX-X6.jpg
6728117431177211776900046281,SUMATERA UTARA,KOTA MEDAN,MEDAN DENAI,DENAI,TPS 10,2019-10-25 17:00:05,51,174,279,225,225,225,0,https://pemilu2019.kpu.go.id/img/c/900/046/900046281/1-11776-10-C-XXX-X5.jpg,https://pemilu2019.kpu.go.id/img/c/900/046/900046281/1-11776-10-C-XXX-X6.jpg
6728117431177211776900046282,SUMATERA UTARA,KOTA MEDAN,MEDAN DENAI,DENAI,TPS 11,2019-10-25 17:00:05,41,218,304,261,261,259,2,https://pemilu2019.kpu.go.id/img/c/900/046/900046282/1-11776-11-C1-PPWP-X3.jpg,https://pemilu2019.kpu.go.id/img/c/900/046/900046282/1-11776-11-C1-PPWP-X4.jpg
6728117431177211776900046283,SUMATERA UTARA,KOTA MEDAN,MEDAN DENAI,DENAI,TPS 12,2019-10-25 17:00:05,50,198,315,249,249,248,1,https://pemilu2019.kpu.go.id/img/c/900/046/900046283/1-11776-12-C-XXX-X5.jpg,https://pemilu2019.kpu.go.id/img/c/900/046/900046283/1-11776-12-C-XXX-X6.jpg
6728117431177211776900046284,SUMATERA UTARA,KOTA MEDAN,MEDAN DENAI,DENAI,TPS 13,2019-10-25 17:00:05,114,174,293,291,291,288,3,https://pemilu2019.kpu.go.id/img/c/900/046/900046284/1-11776-13-C1-PPWP-X1.jpg,https://pemilu2019.kpu.go.id/img/c/900/046/900046284/1-11776-13-C1-PPWP-X2.jpg
6728117431177211776900046285,SUMATERA UTARA,KOTA MEDAN,MEDAN DENAI,DENAI,TPS 14,2019-10-25 17:00:05,43,248,334,291,291,291,0,https://pemilu2019.kpu.go.id/img/c/900/046/900046285/2-11776-14-C1-PPWP-X1.jpg,https://pemilu2019.kpu.go.id/img/c/900/046/900046285/2-11776-14-C1-PPWP-X2.jpg
6728117431177211776900046286,SUMATERA UTARA,KOTA MEDAN,MEDAN DENAI,DENAI,TPS 15,2019-10-25 17:00:05,35,226,313,264,264,261,3,https://pemilu2019.kpu.go.id/img/c/900/046/900046286/1-11776-15-C-XXX-X5.jpg,https://pemilu2019.kpu.go.id/img/c/900/046/900046286/1-11776-15-C-XXX-X6.jpg
6728117431177211776900046287,SUMATERA UTARA,KOTA MEDAN,MEDAN DENAI,DENAI,TPS 16,2019-10-25 17:00:05,33,244,328,277,280,277,3,https://pemilu2019.kpu.go.id/img/c/900/046/900046287/1-11776-16-C-XXX-X5.jpg,https://pemilu2019.kpu.go.id/img/c/900/046/900046287/1-11776-16-C-XXX-X6.jpg
6728117431177211776900046288,SUMATERA UTARA,KOTA MEDAN,MEDAN DENAI,DENAI,TPS 17,2019-10-25 17:00:05,40,201,301,242,244,241,3,https://pemilu2019.kpu.go.id/img/c/900/046/900046288/1-11776-17-C-XXX-X5.jpg,https://pemilu2019.kpu.go.id/img/c/900/046/900046288/1-11776-17-C-XXX-X6.jpg
6728117431177211776900046289,SUMATERA UTARA,KOTA MEDAN,MEDAN DENAI,DENAI,TPS 18,2019-10-25 17:00:05,39,228,307,268,268,267,1,https://pemilu2019.kpu.go.id/img/c/900/046/900046289/1-11776-18-C1-PPWP-X5.jpg,https://pemilu2019.kpu.go.id/img/c/900/046/900046289/1-11776-18-C1-PPWP-X6.jpg
6728117431177211776900046290,SUMATERA UTARA,KOTA MEDAN,MEDAN DENAI,DENAI,TPS 19,2019-10-25 17:00:05,54,186,311,246,246,240,6,https://pemilu2019.kpu.go.id/img/c/900/046/900046290/2-11776-19-C1-PPWP-X1.jpg,https://pemilu2019.kpu.go.id/img/c/900/046/900046290/2-11776-19-C1-PPWP-X2.jpg
6728117431177211776900046291,SUMATERA UTARA,KOTA MEDAN,MEDAN DENAI,DENAI,TPS 20,2019-10-25 17:00:05,47,222,317,273,273,269,4,https://pemilu2019.kpu.go.id/img/c/900/046/900046291/1-11776-20-C1-PPWP-X1.jpg,https://pemilu2019.kpu.go.id/img/c/900/046/900046291/1-11776-20-C1-PPWP-X2.jpg
6728117431177211776900046292,SUMATERA UTARA,KOTA MEDAN,MEDAN DENAI,DENAI,TPS 21,2019-10-25 17:00:05,175,5,238,182,182,180,2,https://pemilu2019.kpu.go.id/img/c/900/046/900046292/2-11776-21-C1-PPWP-X1.jpg,https://pemilu2019.kpu.go.id/img/c/900/046/900046292/2-11776-21-C1-PPWP-X2.jpg
6728117431177211776900046293,SUMATERA UTARA,KOTA MEDAN,MEDAN DENAI,DENAI,TPS 22,2019-10-25 17:00:05,189,6,247,196,196,195,1,https://pemilu2019.kpu.go.id/img/c/900/046/900046293/2-11776-22-C1-PPWP-X1.jpg,https://pemilu2019.kpu.go.id/img/c/900/046/900046293/2-11776-22-C1-PPWP-X2.jpg
6728117431177211776900046294,SUMATERA UTARA,KOTA MEDAN,MEDAN DENAI,DENAI,TPS 23,2019-10-25 17:00:05,69,175,260,249,249,244,5,https://pemilu2019.kpu.go.id/img/c/900/046/900046294/2-11776-23-C1-PPWP-X1.jpg,https://pemilu2019.kpu.go.id/img/c/900/046/900046294/2-11776-23-C1-PPWP-X2.jpg
6728117431177211776900046295,SUMATERA UTARA,KOTA MEDAN,MEDAN DENAI,DENAI,TPS 24,2019-10-25 17:00:05,60,175,306,235,231,235,56,https://pemilu2019.kpu.go.id/img/c/900/046/900046295/2-11776-24-C1-PPWP-X1.jpg,https://pemilu2019.kpu.go.id/img/c/900/046/900046295/2-11776-24-C1-PPWP-X2.jpg
6728117431177211776900046296,SUMATERA UTARA,KOTA MEDAN,MEDAN DENAI,DENAI,TPS 25,2019-10-25 17:00:05,33,203,311,236,236,236,0,https://pemilu2019.kpu.go.id/img/c/900/046/900046296/2-11776-25-C1-PPWP-X1.jpg,https://pemilu2019.kpu.go.id/img/c/900/046/900046296/2-11776-25-C1-PPWP-X2.jpg
6728117431177211776900046297,SUMATERA UTARA,KOTA MEDAN,MEDAN DENAI,DENAI,TPS 26,2019-10-25 17:00:05,55,200,322,256,256,255,1,https://pemilu2019.kpu.go.id/img/c/900/046/900046297/2-11776-26-C1-PPWP-X1.jpg,https://pemilu2019.kpu.go.id/img/c/900/046/900046297/2-11776-26-C1-PPWP-X2.jpg
6728117431177211776900046298,SUMATERA UTARA,KOTA MEDAN,MEDAN DENAI,DENAI,TPS 27,2019-10-25 17:00:05,30,197,281,230,230,227,3,https://pemilu2019.kpu.go.id/img/c/900/046/900046298/2-11776-27-C1-PPWP-X1.jpg,https://pemilu2019.kpu.go.id/img/c/900/046/900046298/2-11776-27-C1-PPWP-X2.jpg
6728117431177211776900046299,SUMATERA UTARA,KOTA MEDAN,MEDAN DENAI,DENAI,TPS 28,2019-10-25 17:00:05,53,164,271,217,217,217,0,https://pemilu2019.kpu.go.id/img/c/900/046/900046299/1-11776-28-C1-PPWP-X1.jpg,https://pemilu2019.kpu.go.id/img/c/900/046/900046299/1-11776-28-C1-PPWP-X2.jpg
6728117431177211776900046300,SUMATERA UTARA,KOTA MEDAN,MEDAN DENAI,DENAI,TPS 29,2019-10-25 17:00:05,47,218,317,265,265,265,0,https://pemilu2019.kpu.go.id/img/c/900/046/900046300/2-11776-29-C1-PPWP-X1.jpg,https://pemilu2019.kpu.go.id/img/c/900/046/900046300/2-11776-29-C1-PPWP-X2.jpg
6728117431177211776900046301,SUMATERA UTARA,KOTA MEDAN,MEDAN DENAI,DENAI,TPS 30,2019-10-25 17:00:05,64,196,332,261,261,260,1,https://pemilu2019.kpu.go.id/img/c/900/046/900046301/1-11776-30-C1-PPWP-X7.jpg,https://pemilu2019.kpu.go.id/img/c/900/046/900046301/1-11776-30-C1-PPWP-X8.jpg
6728117431177211776900046302,SUMATERA UTARA,KOTA MEDAN,MEDAN DENAI,DENAI,TPS 31,2019-10-25 17:00:05,41,253,356,297,297,294,3,https://pemilu2019.kpu.go.id/img/c/900/046/900046302/1-11776-31-C1-PPWP-X1.jpg,https://pemilu2019.kpu.go.id/img/c/900/046/900046302/1-11776-31-C1-PPWP-X2.jpg
6728117431177211776900046303,SUMATERA UTARA,KOTA MEDAN,MEDAN DENAI,DENAI,TPS 32,2019-10-25 17:00:05,110,171,341,281,281,281,0,https://pemilu2019.kpu.go.id/img/c/900/046/900046303/1-11776-32-C-XXX-X5.jpg,https://pemilu2019.kpu.go.id/img/c/900/046/900046303/1-11776-32-C-XXX-X6.jpg
6728117431177211776900046304,SUMATERA UTARA,KOTA MEDAN,MEDAN DENAI,DENAI,TPS 33,2019-10-25 17:00:05,47,178,228,226,226,225,1,https://pemilu2019.kpu.go.id/img/c/900/046/900046304/2-11776-33-C1-PPWP-X1.jpg,https://pemilu2019.kpu.go.id/img/c/900/046/900046304/2-11776-33-C1-PPWP-X2.jpg
6728117431177211776900046305,SUMATERA UTARA,KOTA MEDAN,MEDAN DENAI,DENAI,TPS 34,2019-10-25 17:00:05,43,151,225,198,196,194,2,https://pemilu2019.kpu.go.id/img/c/900/046/900046305/1-11776-34-C-XXX-X5.jpg,https://pemilu2019.kpu.go.id/img/c/900/046/900046305/1-11776-34-C-XXX-X6.jpg
6728117431177211776900046306,SUMATERA UTARA,KOTA MEDAN,MEDAN DENAI,DENAI,TPS 35,2019-10-25 17:00:05,180,68,336,248,248,248,0,https://pemilu2019.kpu.go.id/img/c/900/046/900046306/1-11776-35-C-XXX-X5.jpg,https://pemilu2019.kpu.go.id/img/c/900/046/900046306/1-11776-35-C-XXX-X6.jpg
6728117431177211776900046307,SUMATERA UTARA,KOTA MEDAN,MEDAN DENAI,DENAI,TPS 36,2019-10-25 17:00:05,116,96,259,216,216,212,4,https://pemilu2019.kpu.go.id/img/c/900/046/900046307/1-11776-36-C1-PPWP-X9.jpg,https://pemilu2019.kpu.go.id/img/c/900/046/900046307/1-11776-36-C1-PPWP-X10.jpg
6728117431177211776900046308,SUMATERA UTARA,KOTA MEDAN,MEDAN DENAI,DENAI,TPS 37,2019-10-25 17:00:05,78,146,262,224,224,224,0,https://pemilu2019.kpu.go.id/img/c/900/046/900046308/1-11776-37-C-XXX-X5.jpg,https://pemilu2019.kpu.go.id/img/c/900/046/900046308/1-11776-37-C-XXX-X6.jpg
6728117431177211776900046309,SUMATERA UTARA,KOTA MEDAN,MEDAN DENAI,DENAI,TPS 38,2019-10-25 17:00:05,48,203,298,255,255,251,4,https://pemilu2019.kpu.go.id/img/c/900/046/900046309/1-11776-38-C-XXX-X5.jpg,https://pemilu2019.kpu.go.id/img/c/900/046/900046309/1-11776-38-C-XXX-X6.jpg
6728117431177211776900046310,SUMATERA UTARA,KOTA MEDAN,MEDAN DENAI,DENAI,TPS 39,2019-10-25 17:00:05,43,213,309,257,257,256,1,https://pemilu2019.kpu.go.id/img/c/900/046/900046310/1-11776-39-C1-PPWP-X11.jpg,https://pemilu2019.kpu.go.id/img/c/900/046/900046310/1-11776-39-C1-PPWP-X12.jpg
6728117431177211776900046311,SUMATERA UTARA,KOTA MEDAN,MEDAN DENAI,DENAI,TPS 40,2019-10-25 17:00:05,32,178,218,210,210,210,0,https://pemilu2019.kpu.go.id/img/c/900/046/900046311/1-11776-40-C1-PPWP-X1.jpg,https://pemilu2019.kpu.go.id/img/c/900/046/900046311/1-11776-40-C1-PPWP-X2.jpg
6728117431177211776900046312,SUMATERA UTARA,KOTA MEDAN,MEDAN DENAI,DENAI,TPS 41,2019-10-25 17:00:05,17,190,237,207,207,207,0,https://pemilu2019.kpu.go.id/img/c/900/046/900046312/1-11776-41-C1-PPWP-X13.jpg,https://pemilu2019.kpu.go.id/img/c/900/046/900046312/1-11776-41-C1-PPWP-X14.jpg
6728117431177211776900046313,SUMATERA UTARA,KOTA MEDAN,MEDAN DENAI,DENAI,TPS 42,2019-10-25 17:00:05,54,209,330,268,268,263,5,https://pemilu2019.kpu.go.id/img/c/900/046/900046313/1-11776-42-C1-PPWP-X1.jpg,https://pemilu2019.kpu.go.id/img/c/900/046/900046313/1-11776-42-C1-PPWP-X2.jpg
6728117431177211778900046459,SUMATERA UTARA,KOTA MEDAN,MEDAN DENAI,MEDAN TENGGARA,TPS 01,2019-10-25 17:00:05,37,170,238,210,210,207,3,https://pemilu2019.kpu.go.id/img/c/900/046/900046459/1-11778-01-C1-PPWP-X1.jpg,https://pemilu2019.kpu.go.id/img/c/900/046/900046459/1-11778-01-C1-PPWP-X2.jpg
6728117431177211778900046460,SUMATERA UTARA,KOTA MEDAN,MEDAN DENAI,MEDAN TENGGARA,TPS 02,2019-10-25 17:00:05,40,101,213,141,141,141,0,https://pemilu2019.kpu.go.id/img/c/900/046/900046460/1-11778-02-C1-PPWP-X1.jpg,https://pemilu2019.kpu.go.id/img/c/900/046/900046460/1-11778-02-C1-PPWP-X2.jpg
6728117431177211778900046461,SUMATERA UTARA,KOTA MEDAN,MEDAN DENAI,MEDAN TENGGARA,TPS 03,2019-10-25 17:00:05,72,26,256,99,99,98,1,https://pemilu2019.kpu.go.id/img/c/900/046/900046461/2-11778-03-C1-PPWP-X1.jpg,https://pemilu2019.kpu.go.id/img/c/900/046/900046461/2-11778-03-C1-PPWP-X2.jpg
6728117431177211778900046462,SUMATERA UTARA,KOTA MEDAN,MEDAN DENAI,MEDAN TENGGARA,TPS 04,2019-10-25 17:00:05,104,40,0,0,145,144,1,https://pemilu2019.kpu.go.id/img/c/900/046/900046462/1-11778-04-C1-PPWP-X3.jpg,https://pemilu2019.kpu.go.id/img/c/900/046/900046462/1-11778-04-C1-PPWP-X4.jpg
6728117431177211778900046463,SUMATERA UTARA,KOTA MEDAN,MEDAN DENAI,MEDAN TENGGARA,TPS 05,2019-10-25 17:00:05,127,81,269,209,209,208,1,https://pemilu2019.kpu.go.id/img/c/900/046/900046463/1-11778-05-C1-PPWP-X1.jpg,https://pemilu2019.kpu.go.id/img/c/900/046/900046463/1-11778-05-C1-PPWP-X2.jpg
6728117431177211778900046464,SUMATERA UTARA,KOTA MEDAN,MEDAN DENAI,MEDAN TENGGARA,TPS 06,2019-10-25 17:00:05,92,94,238,186,186,186,0,https://pemilu2019.kpu.go.id/img/c/900/046/900046464/1-11778-06-C1-PPWP-X5.jpg,https://pemilu2019.kpu.go.id/img/c/900/046/900046464/1-11778-06-C1-PPWP-X6.jpg
6728117431177211778900046465,SUMATERA UTARA,KOTA MEDAN,MEDAN DENAI,MEDAN TENGGARA,TPS 07,2019-10-25 17:00:05,129,42,174,220,174,171,3,https://pemilu2019.kpu.go.id/img/c/900/046/900046465/1-11778-07-C1-PPWP-X7.jpg,https://pemilu2019.kpu.go.id/img/c/900/046/900046465/1-11778-07-C1-PPWP-X8.jpg
6728117431177211778900046466,SUMATERA UTARA,KOTA MEDAN,MEDAN DENAI,MEDAN TENGGARA,TPS 08,2019-10-25 17:00:05,79,27,225,108,108,106,2,https://pemilu2019.kpu.go.id/img/c/900/046/900046466/1-11778-08-C1-PPWP-X9.jpg,https://pemilu2019.kpu.go.id/img/c/900/046/900046466/1-11778-08-C1-PPWP-X10.jpg
6728117431177211778900046467,SUMATERA UTARA,KOTA MEDAN,MEDAN DENAI,MEDAN TENGGARA,TPS 09,2019-10-25 17:00:05,47,102,214,149,149,149,0,https://pemilu2019.kpu.go.id/img/c/900/046/900046467/1-11778-09-C1-PPWP-X1.jpg,https://pemilu2019.kpu.go.id/img/c/900/046/900046467/1-11778-09-C1-PPWP-X2.jpg
6728117431177211778900046468,SUMATERA UTARA,KOTA MEDAN,MEDAN DENAI,MEDAN TENGGARA,TPS 10,2019-10-25 17:00:05,146,60,250,207,207,206,1,https://pemilu2019.kpu.go.id/img/c/900/046/900046468/1-11778-10-C-XXX-X5.jpg,https://pemilu2019.kpu.go.id/img/c/900/046/900046468/1-11778-10-C-XXX-X6.jpg
6728117431177211778900046469,SUMATERA UTARA,KOTA MEDAN,MEDAN DENAI,MEDAN TENGGARA,TPS 11,2019-10-25 17:00:05,42,26,256,99,99,98,1,https://pemilu2019.kpu.go.id/img/c/900/046/900046469/1-11778-11-C1-PPWP-X11.jpg,https://pemilu2019.kpu.go.id/img/c/900/046/900046469/1-11778-11-C1-PPWP-X12.jpg
6728117431177211778900046470,SUMATERA UTARA,KOTA MEDAN,MEDAN DENAI,MEDAN TENGGARA,TPS 12,2019-10-25 17:00:05,102,93,250,196,196,195,1,https://pemilu2019.kpu.go.id/img/c/900/046/900046470/1-11778-12-C1-PPWP-X1.jpg,https://pemilu2019.kpu.go.id/img/c/900/046/900046470/1-11778-12-C1-PPWP-X2.jpg
6728117431177211778900046471,SUMATERA UTARA,KOTA MEDAN,MEDAN DENAI,MEDAN TENGGARA,TPS 13,2019-10-25 17:00:05,40,85,219,127,127,125,2,https://pemilu2019.kpu.go.id/img/c/900/046/900046471/1-11778-13-C-XXX-X5.jpg,https://pemilu2019.kpu.go.id/img/c/900/046/900046471/1-11778-13-C-XXX-X6.jpg
6728117431177211778900046472,SUMATERA UTARA,KOTA MEDAN,MEDAN DENAI,MEDAN TENGGARA,TPS 14,2019-10-25 17:00:05,0,0,243,204,0,0,0,https://pemilu2019.kpu.go.id/img/c/900/046/900046472/1-11778-14-C-XXX-X5.jpg,https://pemilu2019.kpu.go.id/img/c/900/046/900046472/1-11778-14-C-XXX-X6.jpg
6728117431177211778900046473,SUMATERA UTARA,KOTA MEDAN,MEDAN DENAI,MEDAN TENGGARA,TPS 15,2019-10-25 17:00:05,94,93,270,188,188,187,1,https://pemilu2019.kpu.go.id/img/c/900/046/900046473/1-11778-15-C1-PPWP-X1.jpg,https://pemilu2019.kpu.go.id/img/c/900/046/900046473/1-11778-15-C1-PPWP-X2.jpg
6728117431177211778900046474,SUMATERA UTARA,KOTA MEDAN,MEDAN DENAI,MEDAN TENGGARA,TPS 16,2019-10-25 17:00:05,87,109,261,197,197,196,1,https://pemilu2019.kpu.go.id/img/c/900/046/900046474/1-11778-16-C1-PPWP-X13.jpg,https://pemilu2019.kpu.go.id/img/c/900/046/900046474/1-11778-16-C1-PPWP-X14.jpg
6728117431177211778900046475,SUMATERA UTARA,KOTA MEDAN,MEDAN DENAI,MEDAN TENGGARA,TPS 17,2019-10-25 17:00:05,95,75,270,171,171,170,1,https://pemilu2019.kpu.go.id/img/c/900/046/900046475/1-11778-17-C1-PPWP-X1.jpg,https://pemilu2019.kpu.go.id/img/c/900/046/900046475/1-11778-17-C1-PPWP-X2.jpg
6728117431177211778900046476,SUMATERA UTARA,KOTA MEDAN,MEDAN DENAI,MEDAN TENGGARA,TPS 18,2019-10-25 17:00:05,117,99,287,216,216,216,0,https://pemilu2019.kpu.go.id/img/c/900/046/900046476/1-11778-18-C1-PPWP-X15.jpg,https://pemilu2019.kpu.go.id/img/c/900/046/900046476/1-11778-18-C1-PPWP-X16.jpg
6728117431177211778900046477,SUMATERA UTARA,KOTA MEDAN,MEDAN DENAI,MEDAN TENGGARA,TPS 19,2019-10-25 17:00:05,74,81,248,157,157,155,2,https://pemilu2019.kpu.go.id/img/c/900/046/900046477/1-11778-19-C1-PPWP-X1.jpg,https://pemilu2019.kpu.go.id/img/c/900/046/900046477/1-11778-19-C1-PPWP-X2.jpg
6728117431177211778900046478,SUMATERA UTARA,KOTA MEDAN,MEDAN DENAI,MEDAN TENGGARA,TPS 20,2019-10-25 17:00:05,94,82,247,178,179,176,3,https://pemilu2019.kpu.go.id/img/c/900/046/900046478/1-11778-20-C-XXX-X5.jpg,https://pemilu2019.kpu.go.id/img/c/900/046/900046478/1-11778-20-C-XXX-X6.jpg
6728117431177211778900046479,SUMATERA UTARA,KOTA MEDAN,MEDAN DENAI,MEDAN TENGGARA,TPS 21,2019-10-25 17:00:05,65,104,267,170,170,169,1,https://pemilu2019.kpu.go.id/img/c/900/046/900046479/1-11778-21-C-XXX-X5.jpg,https://pemilu2019.kpu.go.id/img/c/900/046/900046479/1-11778-21-C-XXX-X6.jpg
6728117431177211778900046480,SUMATERA UTARA,KOTA MEDAN,MEDAN DENAI,MEDAN TENGGARA,TPS 22,2019-10-25 17:00:05,123,73,266,195,196,196,0,https://pemilu2019.kpu.go.id/img/c/900/046/900046480/1-11778-22-C1-PPWP-X17.jpg,https://pemilu2019.kpu.go.id/img/c/900/046/900046480/1-11778-22-C1-PPWP-X18.jpg
6728117431177211778900046481,SUMATERA UTARA,KOTA MEDAN,MEDAN DENAI,MEDAN TENGGARA,TPS 23,2019-10-25 17:00:05,137,42,234,179,179,179,0,https://pemilu2019.kpu.go.id/img/c/900/046/900046481/3-11778-23-C1-PPWP-X1.jpg,https://pemilu2019.kpu.go.id/img/c/900/046/900046481/3-11778-23-C1-PPWP-X2.jpg
6728117431177211778900046482,SUMATERA UTARA,KOTA MEDAN,MEDAN DENAI,MEDAN TENGGARA,TPS 24,2019-10-25 17:00:05,143,93,240,237,237,236,1,https://pemilu2019.kpu.go.id/img/c/900/046/900046482/1-11778-24-C-XXX-X5.jpg,https://pemilu2019.kpu.go.id/img/c/900/046/900046482/1-11778-24-C-XXX-X6.jpg
6728117431177211778900046483,SUMATERA UTARA,KOTA MEDAN,MEDAN DENAI,MEDAN TENGGARA,TPS 25,2019-10-25 17:00:05,166,50,260,216,216,216,0,https://pemilu2019.kpu.go.id/img/c/900/046/900046483/1-11778-25-C1-PPWP-X1.jpg,https://pemilu2019.kpu.go.id/img/c/900/046/900046483/1-11778-25-C1-PPWP-X2.jpg
6728117431177211778900046484,SUMATERA UTARA,KOTA MEDAN,MEDAN DENAI,MEDAN TENGGARA,TPS 26,2019-10-25 17:00:05,166,52,268,220,220,218,2,https://pemilu2019.kpu.go.id/img/c/900/046/900046484/1-11778-26-C1-PPWP-X1.jpg,https://pemilu2019.kpu.go.id/img/c/900/046/900046484/1-11778-26-C1-PPWP-X2.jpg
6728117431177211778900046485,SUMATERA UTARA,KOTA MEDAN,MEDAN DENAI,MEDAN TENGGARA,TPS 27,2019-10-25 17:00:05,171,49,251,220,220,220,0,https://pemilu2019.kpu.go.id/img/c/900/046/900046485/1-11778-27-C1-PPWP-X23.jpg,https://pemilu2019.kpu.go.id/img/c/900/046/900046485/1-11778-27-C1-PPWP-X24.jpg
6728117431177211778900046486,SUMATERA UTARA,KOTA MEDAN,MEDAN DENAI,MEDAN TENGGARA,TPS 28,2019-10-25 17:00:05,133,68,243,201,201,201,0,https://pemilu2019.kpu.go.id/img/c/900/046/900046486/1-11778-28-C-XXX-X5.jpg,https://pemilu2019.kpu.go.id/img/c/900/046/900046486/1-11778-28-C-XXX-X6.jpg
6728117431177211778900046487,SUMATERA UTARA,KOTA MEDAN,MEDAN DENAI,MEDAN TENGGARA,TPS 29,2019-10-25 17:00:05,87,100,227,188,188,187,1,https://pemilu2019.kpu.go.id/img/c/900/046/900046487/1-11778-29-C-XXX-X5.jpg,https://pemilu2019.kpu.go.id/img/c/900/046/900046487/1-11778-29-C-XXX-X6.jpg
6728117431177211778900046488,SUMATERA UTARA,KOTA MEDAN,MEDAN DENAI,MEDAN TENGGARA,TPS 30,2019-10-25 17:00:05,50,123,248,173,173,173,0,https://pemilu2019.kpu.go.id/img/c/900/046/900046488/2-11778-30-C1-PPWP-X25.jpg,https://pemilu2019.kpu.go.id/img/c/900/046/900046488/2-11778-30-C1-PPWP-X26.jpg
6728117431177211778900046489,SUMATERA UTARA,KOTA MEDAN,MEDAN DENAI,MEDAN TENGGARA,TPS 31,2019-10-25 17:00:05,35,128,214,163,163,163,0,https://pemilu2019.kpu.go.id/img/c/900/046/900046489/1-11778-31-C1-PPWP-X1.jpg,https://pemilu2019.kpu.go.id/img/c/900/046/900046489/1-11778-31-C1-PPWP-X2.jpg
6728117431177211778900046490,SUMATERA UTARA,KOTA MEDAN,MEDAN DENAI,MEDAN TENGGARA,TPS 32,2019-10-25 17:00:05,93,82,228,176,176,175,1,https://pemilu2019.kpu.go.id/img/c/900/046/900046490/1-11778-32-C-XXX-X5.jpg,https://pemilu2019.kpu.go.id/img/c/900/046/900046490/1-11778-32-C-XXX-X6.jpg
6728117431177211778900046491,SUMATERA UTARA,KOTA MEDAN,MEDAN DENAI,MEDAN TENGGARA,TPS 33,2019-10-25 17:00:05,81,92,213,181,181,173,8,https://pemilu2019.kpu.go.id/img/c/900/046/900046491/1-11778-33-C1-PPWP-X27.jpg,https://pemilu2019.kpu.go.id/img/c/900/046/900046491/1-11778-33-C1-PPWP-X28.jpg
6728117431177211778900046492,SUMATERA UTARA,KOTA MEDAN,MEDAN DENAI,MEDAN TENGGARA,TPS 34,2019-10-25 17:00:05,119,108,230,228,228,227,1,https://pemilu2019.kpu.go.id/img/c/900/046/900046492/1-11778-34-C-XXX-X5.jpg,https://pemilu2019.kpu.go.id/img/c/900/046/900046492/1-11778-34-C-XXX-X6.jpg
6728117431177211778900046493,SUMATERA UTARA,KOTA MEDAN,MEDAN DENAI,MEDAN TENGGARA,TPS 35,2019-10-25 17:00:05,71,100,225,173,173,171,2,https://pemilu2019.kpu.go.id/img/c/900/046/900046493/1-11778-35-C-XXX-X5.jpg,https://pemilu2019.kpu.go.id/img/c/900/046/900046493/1-11778-35-C-XXX-X6.jpg
6728117431177211778900046494,SUMATERA UTARA,KOTA MEDAN,MEDAN DENAI,MEDAN TENGGARA,TPS 36,2019-10-25 17:00:05,41,118,238,161,161,159,2,https://pemilu2019.kpu.go.id/img/c/900/046/900046494/1-11778-36-C-XXX-X5.jpg,https://pemilu2019.kpu.go.id/img/c/900/046/900046494/1-11778-36-C-XXX-X6.jpg
6728117431177211778900046495,SUMATERA UTARA,KOTA MEDAN,MEDAN DENAI,MEDAN TENGGARA,TPS 37,2019-10-25 17:00:05,67,142,286,209,209,209,0,https://pemilu2019.kpu.go.id/img/c/900/046/900046495/1-11778-37-C1-PPWP-X29.jpg,https://pemilu2019.kpu.go.id/img/c/900/046/900046495/1-11778-37-C1-PPWP-X30.jpg
6728117431177211778900046496,SUMATERA UTARA,KOTA MEDAN,MEDAN DENAI,MEDAN TENGGARA,TPS 38,2019-10-25 17:00:05,77,144,320,223,223,221,2,https://pemilu2019.kpu.go.id/img/c/900/046/900046496/1-11778-38-C-XXX-X5.jpg,https://pemilu2019.kpu.go.id/img/c/900/046/900046496/1-11778-38-C-XXX-X6.jpg
6728117431177211778900046497,SUMATERA UTARA,KOTA MEDAN,MEDAN DENAI,MEDAN TENGGARA,TPS 39,2019-10-25 17:00:05,71,108,278,182,182,179,3,https://pemilu2019.kpu.go.id/img/c/900/046/900046497/1-11778-39-C-XXX-X5.jpg,https://pemilu2019.kpu.go.id/img/c/900/046/900046497/1-11778-39-C-XXX-X6.jpg
6728117431177211778900046498,SUMATERA UTARA,KOTA MEDAN,MEDAN DENAI,MEDAN TENGGARA,TPS 40,2019-10-25 17:00:05,65,145,276,210,210,210,0,https://pemilu2019.kpu.go.id/img/c/900/046/900046498/1-11778-40-C-XXX-X5.jpg,https://pemilu2019.kpu.go.id/img/c/900/046/900046498/1-11778-40-C-XXX-X6.jpg
6728117431177211778900046499,SUMATERA UTARA,KOTA MEDAN,MEDAN DENAI,MEDAN TENGGARA,TPS 41,2019-10-25 17:00:05,39,108,281,149,147,147,0,https://pemilu2019.kpu.go.id/img/c/900/046/900046499/1-11778-41-C-XXX-X5.jpg,https://pemilu2019.kpu.go.id/img/c/900/046/900046499/1-11778-41-C-XXX-X6.jpg
6728117431177211778900046500,SUMATERA UTARA,KOTA MEDAN,MEDAN DENAI,MEDAN TENGGARA,TPS 42,2019-10-25 17:00:05,48,89,250,137,138,137,1,https://pemilu2019.kpu.go.id/img/c/900/046/900046500/1-11778-42-C1-PPWP-X1.jpg,https://pemilu2019.kpu.go.id/img/c/900/046/900046500/1-11778-42-C1-PPWP-X2.jpg
6728117431177211778900046501,SUMATERA UTARA,KOTA MEDAN,MEDAN DENAI,MEDAN TENGGARA,TPS 43,2019-10-25 17:00:05,75,101,289,176,176,176,0,https://pemilu2019.kpu.go.id/img/c/900/046/900046501/1-11778-43-C1-PPWP-X1.jpg,https://pemilu2019.kpu.go.id/img/c/900/046/900046501/1-11778-43-C1-PPWP-X2.jpg
6728117431177211778900046502,SUMATERA UTARA,KOTA MEDAN,MEDAN DENAI,MEDAN TENGGARA,TPS 44,2019-10-25 17:00:05,51,73,290,125,125,124,1,https://pemilu2019.kpu.go.id/img/c/900/046/900046502/1-11778-44-C-XXX-X5.jpg,https://pemilu2019.kpu.go.id/img/c/900/046/900046502/1-11778-44-C-XXX-X6.jpg
6728117431177211778900046503,SUMATERA UTARA,KOTA MEDAN,MEDAN DENAI,MEDAN TENGGARA,TPS 45,2019-10-25 17:00:05,30,164,276,194,194,194,0,https://pemilu2019.kpu.go.id/img/c/900/046/900046503/1-11778-45-C1-PPWP-X1.jpg,https://pemilu2019.kpu.go.id/img/c/900/046/900046503/1-11778-45-C1-PPWP-X2.jpg
6728117431177211778900046504,SUMATERA UTARA,KOTA MEDAN,MEDAN DENAI,MEDAN TENGGARA,TPS 46,2019-10-25 17:00:05,28,106,283,137,137,134,3,https://pemilu2019.kpu.go.id/img/c/900/046/900046504/1-11778-46-C1-PPWP-X31.jpg,https://pemilu2019.kpu.go.id/img/c/900/046/900046504/1-11778-46-C1-PPWP-X32.jpg
6728117431177211778900046505,SUMATERA UTARA,KOTA MEDAN,MEDAN DENAI,MEDAN TENGGARA,TPS 47,2019-10-25 17:00:05,64,85,217,151,151,149,2,https://pemilu2019.kpu.go.id/img/c/900/046/900046505/1-11778-47-C-XXX-X5.jpg,https://pemilu2019.kpu.go.id/img/c/900/046/900046505/1-11778-47-C-XXX-X6.jpg
6728117431177211778900046506,SUMATERA UTARA,KOTA MEDAN,MEDAN DENAI,MEDAN TENGGARA,TPS 48,2019-10-25 17:00:05,72,69,207,139,142,141,1,https://pemilu2019.kpu.go.id/img/c/900/046/900046506/1-11778-48-C1-PPWP-X1.jpg,https://pemilu2019.kpu.go.id/img/c/900/046/900046506/1-11778-48-C1-PPWP-X2.jpg
6728117431177211778900046507,SUMATERA UTARA,KOTA MEDAN,MEDAN DENAI,MEDAN TENGGARA,TPS 49,2019-10-25 17:00:05,88,106,255,195,195,194,1,https://pemilu2019.kpu.go.id/img/c/900/046/900046507/1-11778-49-C1-PPWP-X1.jpg,https://pemilu2019.kpu.go.id/img/c/900/046/900046507/1-11778-49-C1-PPWP-X2.jpg
6728117431177211778900046508,SUMATERA UTARA,KOTA MEDAN,MEDAN DENAI,MEDAN TENGGARA,TPS 50,2019-10-25 17:00:05,62,136,249,204,204,198,6,https://pemilu2019.kpu.go.id/img/c/900/046/900046508/1-11778-50-C-XXX-X5.jpg,https://pemilu2019.kpu.go.id/img/c/900/046/900046508/1-11778-50-C-XXX-X6.jpg
6728117431177211778900046509,SUMATERA UTARA,KOTA MEDAN,MEDAN DENAI,MEDAN TENGGARA,TPS 51,2019-10-25 17:00:05,32,149,282,181,181,181,0,https://pemilu2019.kpu.go.id/img/c/900/046/900046509/1-11778-51-C1-PPWP-X1.jpg,https://pemilu2019.kpu.go.id/img/c/900/046/900046509/1-11778-51-C1-PPWP-X2.jpg
6728117431177211778900046510,SUMATERA UTARA,KOTA MEDAN,MEDAN DENAI,MEDAN TENGGARA,TPS 52,2019-10-25 17:00:05,19,90,110,294,110,109,1,https://pemilu2019.kpu.go.id/img/c/900/046/900046510/2-11778-52-C1-PPWP-X33.jpg,https://pemilu2019.kpu.go.id/img/c/900/046/900046510/2-11778-52-C1-PPWP-X34.jpg
6728117431177211778900046511,SUMATERA UTARA,KOTA MEDAN,MEDAN DENAI,MEDAN TENGGARA,TPS 53,2019-10-25 17:00:05,130,24,246,157,157,154,3,https://pemilu2019.kpu.go.id/img/c/900/046/900046511/1-11778-53-C1-PPWP-X1.jpg,https://pemilu2019.kpu.go.id/img/c/900/046/900046511/1-11778-53-C1-PPWP-X2.jpg
6728117431177211778900046512,SUMATERA UTARA,KOTA MEDAN,MEDAN DENAI,MEDAN TENGGARA,TPS 54,2019-10-25 17:00:05,80,20,241,100,100,100,0,https://pemilu2019.kpu.go.id/img/c/900/046/900046512/1-11778-54-C1-PPWP-X1.jpg,https://pemilu2019.kpu.go.id/img/c/900/046/900046512/1-11778-54-C1-PPWP-X2.jpg
6728117431177211778900046513,SUMATERA UTARA,KOTA MEDAN,MEDAN DENAI,MEDAN TENGGARA,TPS 55,2019-10-25 17:00:05,90,123,303,215,215,213,2,https://pemilu2019.kpu.go.id/img/c/900/046/900046513/2-11778-55-C1-PPWP-X35.jpg,https://pemilu2019.kpu.go.id/img/c/900/046/900046513/2-11778-55-C1-PPWP-X36.jpg
6728117431177211778900046514,SUMATERA UTARA,KOTA MEDAN,MEDAN DENAI,MEDAN TENGGARA,TPS 56,2019-10-25 17:00:05,175,53,291,228,228,228,0,https://pemilu2019.kpu.go.id/img/c/900/046/900046514/1-11778-56-C1-PPWP-X1.jpg,https://pemilu2019.kpu.go.id/img/c/900/046/900046514/1-11778-56-C1-PPWP-X2.jpg
6728117431177211778900046515,SUMATERA UTARA,KOTA MEDAN,MEDAN DENAI,MEDAN TENGGARA,TPS 57,2019-10-25 17:00:05,154,59,308,210,214,213,1,https://pemilu2019.kpu.go.id/img/c/900/046/900046515/1-11778-57-C1-PPWP-X1.jpg,https://pemilu2019.kpu.go.id/img/c/900/046/900046515/1-11778-57-C1-PPWP-X2.jpg
6728117431177211778900046516,SUMATERA UTARA,KOTA MEDAN,MEDAN DENAI,MEDAN TENGGARA,TPS 58,2019-10-25 17:00:05,126,85,306,212,212,211,1,https://pemilu2019.kpu.go.id/img/c/900/046/900046516/1-11778-58-C-XXX-X5.jpg,https://pemilu2019.kpu.go.id/img/c/900/046/900046516/1-11778-58-C-XXX-X6.jpg
6728117431177211773900046081,SUMATERA UTARA,KOTA MEDAN,MEDAN DENAI,TEGAL S MANDALA I,TPS 01,2019-10-25 17:00:05,107,7,238,116,116,114,2,https://pemilu2019.kpu.go.id/img/c/900/046/900046081/1-11773-01-C-XXX-X5.jpg,https://pemilu2019.kpu.go.id/img/c/900/046/900046081/1-11773-01-C-XXX-X6.jpg
6728117431177211773900046082,SUMATERA UTARA,KOTA MEDAN,MEDAN DENAI,TEGAL S MANDALA I,TPS 02,2019-10-25 17:00:05,127,8,227,135,135,135,0,https://pemilu2019.kpu.go.id/img/c/900/046/900046082/2-11773-02-C-XXX-X5.jpg,https://pemilu2019.kpu.go.id/img/c/900/046/900046082/2-11773-02-C-XXX-X6.jpg
6728117431177211773900046083,SUMATERA UTARA,KOTA MEDAN,MEDAN DENAI,TEGAL S MANDALA I,TPS 03,2019-10-25 17:00:05,225,53,288,279,279,278,1,https://pemilu2019.kpu.go.id/img/c/900/046/900046083/2-11773-03-C-XXX-X5.jpg,https://pemilu2019.kpu.go.id/img/c/900/046/900046083/2-11773-03-C-XXX-X6.jpg
6728117431177211773900046084,SUMATERA UTARA,KOTA MEDAN,MEDAN DENAI,TEGAL S MANDALA I,TPS 04,2019-10-25 17:00:05,134,77,323,211,211,211,0,https://pemilu2019.kpu.go.id/img/c/900/046/900046084/1-11773-04-C1-PPWP-X1.jpg,https://pemilu2019.kpu.go.id/img/c/900/046/900046084/1-11773-04-C1-PPWP-X2.jpg
6728117431177211773900046085,SUMATERA UTARA,KOTA MEDAN,MEDAN DENAI,TEGAL S MANDALA I,TPS 05,2019-10-25 17:00:05,142,7,228,149,149,149,0,https://pemilu2019.kpu.go.id/img/c/900/046/900046085/2-11773-05-C-XXX-X5.jpg,https://pemilu2019.kpu.go.id/img/c/900/046/900046085/2-11773-05-C-XXX-X6.jpg
6728117431177211773900046086,SUMATERA UTARA,KOTA MEDAN,MEDAN DENAI,TEGAL S MANDALA I,TPS 06,2019-10-25 17:00:05,181,27,291,212,212,208,4,https://pemilu2019.kpu.go.id/img/c/900/046/900046086/2-11773-06-C-XXX-X5.jpg,https://pemilu2019.kpu.go.id/img/c/900/046/900046086/2-11773-06-C-XXX-X6.jpg
6728117431177211773900046087,SUMATERA UTARA,KOTA MEDAN,MEDAN DENAI,TEGAL S MANDALA I,TPS 07,2019-10-25 17:00:05,140,25,219,165,165,165,0,https://pemilu2019.kpu.go.id/img/c/900/046/900046087/1-11773-07-C1-PPWP-X1.jpg,https://pemilu2019.kpu.go.id/img/c/900/046/900046087/1-11773-07-C1-PPWP-X2.jpg
6728117431177211773900046088,SUMATERA UTARA,KOTA MEDAN,MEDAN DENAI,TEGAL S MANDALA I,TPS 08,2019-10-25 17:00:05,141,11,268,152,152,152,0,https://pemilu2019.kpu.go.id/img/c/900/046/900046088/1-11773-08-C1-PPWP-X3.jpg,https://pemilu2019.kpu.go.id/img/c/900/046/900046088/1-11773-08-C1-PPWP-X4.jpg
6728117431177211773900046089,SUMATERA UTARA,KOTA MEDAN,MEDAN DENAI,TEGAL S MANDALA I,TPS 09,2019-10-25 17:00:05,149,36,268,187,187,185,2,https://pemilu2019.kpu.go.id/img/c/900/046/900046089/1-11773-09-C1-PPWP-X5.jpg,https://pemilu2019.kpu.go.id/img/c/900/046/900046089/1-11773-09-C1-PPWP-X6.jpg
6728117431177211773900046090,SUMATERA UTARA,KOTA MEDAN,MEDAN DENAI,TEGAL S MANDALA I,TPS 10,2019-10-25 17:00:05,176,32,282,209,209,208,1,https://pemilu2019.kpu.go.id/img/c/900/046/900046090/1-11773-10-C1-PPWP-X1.jpg,https://pemilu2019.kpu.go.id/img/c/900/046/900046090/1-11773-10-C1-PPWP-X2.jpg
6728117431177211773900046091,SUMATERA UTARA,KOTA MEDAN,MEDAN DENAI,TEGAL S MANDALA I,TPS 11,2019-10-25 17:00:05,134,14,242,148,149,148,1,https://pemilu2019.kpu.go.id/img/c/900/046/900046091/1-11773-11-C1-PPWP-X7.jpg,https://pemilu2019.kpu.go.id/img/c/900/046/900046091/1-11773-11-C1-PPWP-X8.jpg
6728117431177211773900046092,SUMATERA UTARA,KOTA MEDAN,MEDAN DENAI,TEGAL S MANDALA I,TPS 12,2019-10-25 17:00:05,134,35,236,169,169,169,0,https://pemilu2019.kpu.go.id/img/c/900/046/900046092/2-11773-12-C1-PPWP-X9.jpg,https://pemilu2019.kpu.go.id/img/c/900/046/900046092/2-11773-12-C1-PPWP-X10.jpg
6728117431177211773900046093,SUMATERA UTARA,KOTA MEDAN,MEDAN DENAI,TEGAL S MANDALA I,TPS 13,2019-10-25 17:00:05,159,37,349,196,196,196,0,https://pemilu2019.kpu.go.id/img/c/900/046/900046093/1-11773-13-C1-PPWP-X1.jpg,https://pemilu2019.kpu.go.id/img/c/900/046/900046093/1-11773-13-C1-PPWP-X2.jpg
6728117431177211773900046094,SUMATERA UTARA,KOTA MEDAN,MEDAN DENAI,TEGAL S MANDALA I,TPS 14,2019-10-25 17:00:05,132,35,319,168,168,167,1,https://pemilu2019.kpu.go.id/img/c/900/046/900046094/1-11773-14-C1-PPWP-X1.jpg,https://pemilu2019.kpu.go.id/img/c/900/046/900046094/1-11773-14-C1-PPWP-X2.jpg
6728117431177211773900046095,SUMATERA UTARA,KOTA MEDAN,MEDAN DENAI,TEGAL S MANDALA I,TPS 15,2019-10-25 17:00:05,201,34,272,237,237,235,2,https://pemilu2019.kpu.go.id/img/c/900/046/900046095/1-11773-15-C-XXX-X5.jpg,https://pemilu2019.kpu.go.id/img/c/900/046/900046095/1-11773-15-C-XXX-X6.jpg
6728117431177211773900046096,SUMATERA UTARA,KOTA MEDAN,MEDAN DENAI,TEGAL S MANDALA I,TPS 16,2019-10-25 17:00:05,152,42,336,197,197,194,3,https://pemilu2019.kpu.go.id/img/c/900/046/900046096/1-11773-16-C-XXX-X5.jpg,https://pemilu2019.kpu.go.id/img/c/900/046/900046096/1-11773-16-C-XXX-X6.jpg
6728117431177211773900046097,SUMATERA UTARA,KOTA MEDAN,MEDAN DENAI,TEGAL S MANDALA I,TPS 17,2019-10-25 17:00:05,67,90,243,157,157,157,0,https://pemilu2019.kpu.go.id/img/c/900/046/900046097/1-11773-17-C-XXX-X5.jpg,https://pemilu2019.kpu.go.id/img/c/900/046/900046097/1-11773-17-C-XXX-X6.jpg
6728117431177211773900046098,SUMATERA UTARA,KOTA MEDAN,MEDAN DENAI,TEGAL S MANDALA I,TPS 18,2019-10-25 17:00:05,38,105,208,145,145,143,2,https://pemilu2019.kpu.go.id/img/c/900/046/900046098/1-11773-18-C-XXX-X5.jpg,https://pemilu2019.kpu.go.id/img/c/900/046/900046098/1-11773-18-C-XXX-X6.jpg
6728117431177211773900046099,SUMATERA UTARA,KOTA MEDAN,MEDAN DENAI,TEGAL S MANDALA I,TPS 19,2019-10-25 17:00:05,42,87,191,129,129,129,0,https://pemilu2019.kpu.go.id/img/c/900/046/900046099/1-11773-19-C1-PPWP-X1.jpg,https://pemilu2019.kpu.go.id/img/c/900/046/900046099/1-11773-19-C1-PPWP-X2.jpg
6728117431177211773900046100,SUMATERA UTARA,KOTA MEDAN,MEDAN DENAI,TEGAL S MANDALA I,TPS 20,2019-10-25 17:00:05,95,29,219,124,124,124,0,https://pemilu2019.kpu.go.id/img/c/900/046/900046100/1-11773-20-C1-PPWP-X11.jpg,https://pemilu2019.kpu.go.id/img/c/900/046/900046100/1-11773-20-C1-PPWP-X12.jpg
6728117431177211773900046101,SUMATERA UTARA,KOTA MEDAN,MEDAN DENAI,TEGAL S MANDALA I,TPS 21,2019-10-25 17:00:05,144,21,226,171,168,165,3,https://pemilu2019.kpu.go.id/img/c/900/046/900046101/1-11773-21-C1-PPWP-X13.jpg,https://pemilu2019.kpu.go.id/img/c/900/046/900046101/1-11773-21-C1-PPWP-X14.jpg
6728117431177211773900046102,SUMATERA UTARA,KOTA MEDAN,MEDAN DENAI,TEGAL S MANDALA I,TPS 22,2019-10-25 17:00:05,79,57,207,139,139,136,3,https://pemilu2019.kpu.go.id/img/c/900/046/900046102/1-11773-22-C1-PPWP-X15.jpg,https://pemilu2019.kpu.go.id/img/c/900/046/900046102/1-11773-22-C1-PPWP-X16.jpg
6728117431177211773900046103,SUMATERA UTARA,KOTA MEDAN,MEDAN DENAI,TEGAL S MANDALA I,TPS 23,2019-10-25 17:00:05,122,59,211,181,181,181,0,https://pemilu2019.kpu.go.id/img/c/900/046/900046103/1-11773-23-C1-PPWP-X17.jpg,https://pemilu2019.kpu.go.id/img/c/900/046/900046103/1-11773-23-C1-PPWP-X18.jpg
6728117431177211773900046104,SUMATERA UTARA,KOTA MEDAN,MEDAN DENAI,TEGAL S MANDALA I,TPS 24,2019-10-25 17:00:05,98,106,290,216,216,210,6,https://pemilu2019.kpu.go.id/img/c/900/046/900046104/1-11773-24-C1-PPWP-X19.jpg,https://pemilu2019.kpu.go.id/img/c/900/046/900046104/1-11773-24-C1-PPWP-X20.jpg
6728117431177211773900046105,SUMATERA UTARA,KOTA MEDAN,MEDAN DENAI,TEGAL S MANDALA I,TPS 25,2019-10-25 17:00:05,91,118,307,210,210,209,1,https://pemilu2019.kpu.go.id/img/c/900/046/900046105/1-11773-25-C1-PPWP-X21.jpg,https://pemilu2019.kpu.go.id/img/c/900/046/900046105/1-11773-25-C1-PPWP-X22.jpg
6728117431177211773900046106,SUMATERA UTARA,KOTA MEDAN,MEDAN DENAI,TEGAL S MANDALA I,TPS 26,2019-10-25 17:00:05,74,134,310,212,212,208,4,https://pemilu2019.kpu.go.id/img/c/900/046/900046106/1-11773-26-C1-PPWP-X23.jpg,https://pemilu2019.kpu.go.id/img/c/900/046/900046106/1-11773-26-C1-PPWP-X24.jpg
6728117431177211773900046107,SUMATERA UTARA,KOTA MEDAN,MEDAN DENAI,TEGAL S MANDALA I,TPS 27,2019-10-25 17:00:05,72,82,290,155,155,154,1,https://pemilu2019.kpu.go.id/img/c/900/046/900046107/1-11773-27-C1-PPWP-X25.jpg,https://pemilu2019.kpu.go.id/img/c/900/046/900046107/1-11773-27-C1-PPWP-X26.jpg
6728117431177211773900046108,SUMATERA UTARA,KOTA MEDAN,MEDAN DENAI,TEGAL S MANDALA I,TPS 28,2019-10-25 17:00:05,36,179,332,220,220,215,5,https://pemilu2019.kpu.go.id/img/c/900/046/900046108/1-11773-28-C1-PPWP-X27.jpg,https://pemilu2019.kpu.go.id/img/c/900/046/900046108/1-11773-28-C1-PPWP-X28.jpg
6728117431177211773900046109,SUMATERA UTARA,KOTA MEDAN,MEDAN DENAI,TEGAL S MANDALA I,TPS 29,2019-10-25 17:00:05,34,178,278,212,212,212,0,https://pemilu2019.kpu.go.id/img/c/900/046/900046109/1-11773-29-C1-PPWP-X29.jpg,https://pemilu2019.kpu.go.id/img/c/900/046/900046109/1-11773-29-C1-PPWP-X30.jpg
6728117431177211773900046110,SUMATERA UTARA,KOTA MEDAN,MEDAN DENAI,TEGAL S MANDALA I,TPS 30,2019-10-25 17:00:05,22,142,256,165,165,164,1,https://pemilu2019.kpu.go.id/img/c/900/046/900046110/1-11773-30-C1-PPWP-X31.jpg,https://pemilu2019.kpu.go.id/img/c/900/046/900046110/1-11773-30-C1-PPWP-X32.jpg
6728117431177211773900046111,SUMATERA UTARA,KOTA MEDAN,MEDAN DENAI,TEGAL S MANDALA I,TPS 31,2019-10-25 17:00:05,30,143,262,173,176,173,3,https://pemilu2019.kpu.go.id/img/c/900/046/900046111/1-11773-31-C1-PPWP-X33.jpg,https://pemilu2019.kpu.go.id/img/c/900/046/900046111/1-11773-31-C1-PPWP-X34.jpg
6728117431177211773900046112,SUMATERA UTARA,KOTA MEDAN,MEDAN DENAI,TEGAL S MANDALA I,TPS 32,2019-10-25 17:00:05,83,63,276,148,148,146,2,https://pemilu2019.kpu.go.id/img/c/900/046/900046112/1-11773-32-C1-PPWP-X35.jpg,https://pemilu2019.kpu.go.id/img/c/900/046/900046112/1-11773-32-C1-PPWP-X36.jpg
6728117431177211773900046113,SUMATERA UTARA,KOTA MEDAN,MEDAN DENAI,TEGAL S MANDALA I,TPS 33,2019-10-25 17:00:05,73,29,254,102,104,102,2,https://pemilu2019.kpu.go.id/img/c/900/046/900046113/1-11773-33-C-XXX-X5.jpg,https://pemilu2019.kpu.go.id/img/c/900/046/900046113/1-11773-33-C-XXX-X6.jpg
6728117431177211774900046114,SUMATERA UTARA,KOTA MEDAN,MEDAN DENAI,TEGAL S MANDALA II,TPS 01,2019-10-25 17:00:05,66,31,165,97,97,97,0,https://pemilu2019.kpu.go.id/img/c/900/046/900046114/1-11774-01-C1-PPWP-X1.jpg,https://pemilu2019.kpu.go.id/img/c/900/046/900046114/1-11774-01-C1-PPWP-X2.jpg
6728117431177211774900046115,SUMATERA UTARA,KOTA MEDAN,MEDAN DENAI,TEGAL S MANDALA II,TPS 02,2019-10-25 17:00:05,18,205,268,226,226,223,3,https://pemilu2019.kpu.go.id/img/c/900/046/900046115/1-11774-02-C1-PPWP-X1.jpg,https://pemilu2019.kpu.go.id/img/c/900/046/900046115/1-11774-02-C1-PPWP-X2.jpg
6728117431177211774900046116,SUMATERA UTARA,KOTA MEDAN,MEDAN DENAI,TEGAL S MANDALA II,TPS 03,2019-10-25 17:00:05,39,145,229,186,186,184,2,https://pemilu2019.kpu.go.id/img/c/900/046/900046116/1-11774-03-C1-PPWP-X1.jpg,https://pemilu2019.kpu.go.id/img/c/900/046/900046116/1-11774-03-C1-PPWP-X2.jpg
6728117431177211774900046117,SUMATERA UTARA,KOTA MEDAN,MEDAN DENAI,TEGAL S MANDALA II,TPS 04,2019-10-25 17:00:05,50,185,249,239,236,235,1,https://pemilu2019.kpu.go.id/img/c/900/046/900046117/1-11774-04-C1-PPWP-X1.jpg,https://pemilu2019.kpu.go.id/img/c/900/046/900046117/1-11774-04-C1-PPWP-X2.jpg
6728117431177211774900046118,SUMATERA UTARA,KOTA MEDAN,MEDAN DENAI,TEGAL S MANDALA II,TPS 05,2019-10-25 17:00:05,60,115,247,177,177,175,2,https://pemilu2019.kpu.go.id/img/c/900/046/900046118/1-11774-05-C1-PPWP-X1.jpg,https://pemilu2019.kpu.go.id/img/c/900/046/900046118/1-11774-05-C1-PPWP-X2.jpg
6728117431177211774900046119,SUMATERA UTARA,KOTA MEDAN,MEDAN DENAI,TEGAL S MANDALA II,TPS 06,2019-10-25 17:00:05,73,144,338,220,220,217,3,https://pemilu2019.kpu.go.id/img/c/900/046/900046119/1-11774-06-C1-PPWP-X1.jpg,https://pemilu2019.kpu.go.id/img/c/900/046/900046119/1-11774-06-C1-PPWP-X2.jpg
6728117431177211774900046120,SUMATERA UTARA,KOTA MEDAN,MEDAN DENAI,TEGAL S MANDALA II,TPS 07,2019-10-25 17:00:05,53,100,247,155,155,153,2,https://pemilu2019.kpu.go.id/img/c/900/046/900046120/1-11774-07-C1-PPWP-X1.jpg,https://pemilu2019.kpu.go.id/img/c/900/046/900046120/1-11774-07-C1-PPWP-X2.jpg
6728117431177211774900046121,SUMATERA UTARA,KOTA MEDAN,MEDAN DENAI,TEGAL S MANDALA II,TPS 08,2019-10-25 17:00:05,57,110,221,170,170,167,3,https://pemilu2019.kpu.go.id/img/c/900/046/900046121/1-11774-08-C1-PPWP-X1.jpg,https://pemilu2019.kpu.go.id/img/c/900/046/900046121/1-11774-08-C1-PPWP-X2.jpg
6728117431177211774900046122,SUMATERA UTARA,KOTA MEDAN,MEDAN DENAI,TEGAL S MANDALA II,TPS 09,2019-10-25 17:00:05,50,122,231,172,231,72,59,https://pemilu2019.kpu.go.id/img/c/900/046/900046122/2-11774-09-C1-PPWP-X1.jpg,https://pemilu2019.kpu.go.id/img/c/900/046/900046122/2-11774-09-C1-PPWP-X2.jpg
6728117431177211774900046123,SUMATERA UTARA,KOTA MEDAN,MEDAN DENAI,TEGAL S MANDALA II,TPS 10,2019-10-25 17:00:05,79,64,0,144,144,143,1,https://pemilu2019.kpu.go.id/img/c/900/046/900046123/1-11774-10-C1-PPWP-X1.jpg,https://pemilu2019.kpu.go.id/img/c/900/046/900046123/1-11774-10-C1-PPWP-X2.jpg
6728117431177211774900046124,SUMATERA UTARA,KOTA MEDAN,MEDAN DENAI,TEGAL S MANDALA II,TPS 11,2019-10-25 17:00:05,66,31,165,97,97,97,0,https://pemilu2019.kpu.go.id/img/c/900/046/900046124/1-11774-11-C1-PPWP-X1.jpg,https://pemilu2019.kpu.go.id/img/c/900/046/900046124/1-11774-11-C1-PPWP-X2.jpg
6728117431177211774900046125,SUMATERA UTARA,KOTA MEDAN,MEDAN DENAI,TEGAL S MANDALA II,TPS 12,2019-10-25 17:00:05,255,5,260,260,260,260,0,https://pemilu2019.kpu.go.id/img/c/900/046/900046125/1-11774-12-C1-PPWP-X1.jpg,https://pemilu2019.kpu.go.id/img/c/900/046/900046125/1-11774-12-C1-PPWP-X2.jpg
6728117431177211774900046126,SUMATERA UTARA,KOTA MEDAN,MEDAN DENAI,TEGAL S MANDALA II,TPS 13,2019-10-25 17:00:05,231,3,314,240,237,234,3,https://pemilu2019.kpu.go.id/img/c/900/046/900046126/1-11774-13-C-XXX-X5.jpg,https://pemilu2019.kpu.go.id/img/c/900/046/900046126/1-11774-13-C-XXX-X6.jpg
6728117431177211774900046127,SUMATERA UTARA,KOTA MEDAN,MEDAN DENAI,TEGAL S MANDALA II,TPS 14,2019-10-25 17:00:05,264,5,271,271,271,269,2,https://pemilu2019.kpu.go.id/img/c/900/046/900046127/1-11774-14-C-XXX-X5.jpg,https://pemilu2019.kpu.go.id/img/c/900/046/900046127/1-11774-14-C-XXX-X6.jpg
6728117431177211774900046128,SUMATERA UTARA,KOTA MEDAN,MEDAN DENAI,TEGAL S MANDALA II,TPS 15,2019-10-25 17:00:05,150,30,291,182,182,180,2,https://pemilu2019.kpu.go.id/img/c/900/046/900046128/1-11774-15-C-XXX-X5.jpg,https://pemilu2019.kpu.go.id/img/c/900/046/900046128/1-11774-15-C-XXX-X6.jpg
6728117431177211774900046129,SUMATERA UTARA,KOTA MEDAN,MEDAN DENAI,TEGAL S MANDALA II,TPS 16,2019-10-25 17:00:05,131,66,200,200,200,197,3,https://pemilu2019.kpu.go.id/img/c/900/046/900046129/1-11774-16-C-XXX-X5.jpg,https://pemilu2019.kpu.go.id/img/c/900/046/900046129/1-11774-16-C-XXX-X6.jpg
6728117431177211774900046130,SUMATERA UTARA,KOTA MEDAN,MEDAN DENAI,TEGAL S MANDALA II,TPS 17,2019-10-25 17:00:05,211,4,270,216,216,215,1,https://pemilu2019.kpu.go.id/img/c/900/046/900046130/1-11774-17-C-XXX-X5.jpg,https://pemilu2019.kpu.go.id/img/c/900/046/900046130/1-11774-17-C-XXX-X6.jpg
6728117431177211774900046131,SUMATERA UTARA,KOTA MEDAN,MEDAN DENAI,TEGAL S MANDALA II,TPS 18,2019-10-25 17:00:05,178,30,284,215,215,207,7,https://pemilu2019.kpu.go.id/img/c/900/046/900046131/1-11774-18-C1-PPWP-X1.jpg,https://pemilu2019.kpu.go.id/img/c/900/046/900046131/1-11774-18-C1-PPWP-X2.jpg
6728117431177211774900046132,SUMATERA UTARA,KOTA MEDAN,MEDAN DENAI,TEGAL S MANDALA II,TPS 19,2019-10-25 17:00:05,105,21,308,128,128,126,2,https://pemilu2019.kpu.go.id/img/c/900/046/900046132/1-11774-19-C-XXX-X5.jpg,https://pemilu2019.kpu.go.id/img/c/900/046/900046132/1-11774-19-C-XXX-X6.jpg
6728117431177211774900046133,SUMATERA UTARA,KOTA MEDAN,MEDAN DENAI,TEGAL S MANDALA II,TPS 20,2019-10-25 17:00:05,149,4,266,154,154,153,1,https://pemilu2019.kpu.go.id/img/c/900/046/900046133/1-11774-20-C-XXX-X5.jpg,https://pemilu2019.kpu.go.id/img/c/900/046/900046133/1-11774-20-C-XXX-X6.jpg
6728117431177211774900046134,SUMATERA UTARA,KOTA MEDAN,MEDAN DENAI,TEGAL S MANDALA II,TPS 21,2019-10-25 17:00:05,169,2,172,172,172,171,1,https://pemilu2019.kpu.go.id/img/c/900/046/900046134/2-11774-21-C1-PPWP-X1.jpg,https://pemilu2019.kpu.go.id/img/c/900/046/900046134/2-11774-21-C1-PPWP-X2.jpg
6728117431177211774900046135,SUMATERA UTARA,KOTA MEDAN,MEDAN DENAI,TEGAL S MANDALA II,TPS 22,2019-10-25 17:00:05,147,1,247,148,149,148,1,https://pemilu2019.kpu.go.id/img/c/900/046/900046135/2-11774-22-C-XXX-X5.jpg,https://pemilu2019.kpu.go.id/img/c/900/046/900046135/2-11774-22-C-XXX-X6.jpg
6728117431177211774900046136,SUMATERA UTARA,KOTA MEDAN,MEDAN DENAI,TEGAL S MANDALA II,TPS 23,2019-10-25 17:00:05,231,3,314,240,237,234,3,https://pemilu2019.kpu.go.id/img/c/900/046/900046136/1-11774-23-C1-PPWP-X1.jpg,https://pemilu2019.kpu.go.id/img/c/900/046/900046136/1-11774-23-C1-PPWP-X2.jpg
6728117431177211774900046137,SUMATERA UTARA,KOTA MEDAN,MEDAN DENAI,TEGAL S MANDALA II,TPS 24,2019-10-25 17:00:05,159,5,287,165,165,164,1,https://pemilu2019.kpu.go.id/img/c/900/046/900046137/1-11774-24-C-XXX-X5.jpg,https://pemilu2019.kpu.go.id/img/c/900/046/900046137/1-11774-24-C-XXX-X6.jpg
6728117431177211774900046138,SUMATERA UTARA,KOTA MEDAN,MEDAN DENAI,TEGAL S MANDALA II,TPS 25,2019-10-25 17:00:05,184,0,244,184,185,184,1,https://pemilu2019.kpu.go.id/img/c/900/046/900046138/1-11774-25-C-XXX-X5.jpg,https://pemilu2019.kpu.go.id/img/c/900/046/900046138/1-11774-25-C-XXX-X6.jpg
6728117431177211774900046139,SUMATERA UTARA,KOTA MEDAN,MEDAN DENAI,TEGAL S MANDALA II,TPS 26,2019-10-25 17:00:05,45,173,244,219,219,218,1,https://pemilu2019.kpu.go.id/img/c/900/046/900046139/1-11774-26-C-XXX-X5.jpg,https://pemilu2019.kpu.go.id/img/c/900/046/900046139/1-11774-26-C-XXX-X6.jpg
6728117431177211774900046140,SUMATERA UTARA,KOTA MEDAN,MEDAN DENAI,TEGAL S MANDALA II,TPS 27,2019-10-25 17:00:05,26,178,207,204,207,204,3,https://pemilu2019.kpu.go.id/img/c/900/046/900046140/1-11774-27-C-XXX-X5.jpg,https://pemilu2019.kpu.go.id/img/c/900/046/900046140/1-11774-27-C-XXX-X6.jpg
6728117431177211774900046141,SUMATERA UTARA,KOTA MEDAN,MEDAN DENAI,TEGAL S MANDALA II,TPS 28,2019-10-25 17:00:05,29,188,297,218,218,217,1,https://pemilu2019.kpu.go.id/img/c/900/046/900046141/1-11774-28-C-XXX-X5.jpg,https://pemilu2019.kpu.go.id/img/c/900/046/900046141/1-11774-28-C-XXX-X6.jpg
6728117431177211774900046142,SUMATERA UTARA,KOTA MEDAN,MEDAN DENAI,TEGAL S MANDALA II,TPS 29,2019-10-25 17:00:05,22,166,202,189,189,188,1,https://pemilu2019.kpu.go.id/img/c/900/046/900046142/1-11774-29-C-XXX-X5.jpg,https://pemilu2019.kpu.go.id/img/c/900/046/900046142/1-11774-29-C-XXX-X6.jpg
6728117431177211774900046143,SUMATERA UTARA,KOTA MEDAN,MEDAN DENAI,TEGAL S MANDALA II,TPS 30,2019-10-25 17:00:05,43,122,235,166,166,165,1,https://pemilu2019.kpu.go.id/img/c/900/046/900046143/1-11774-30-C-XXX-X5.jpg,https://pemilu2019.kpu.go.id/img/c/900/046/900046143/1-11774-30-C-XXX-X6.jpg
6728117431177211774900046144,SUMATERA UTARA,KOTA MEDAN,MEDAN DENAI,TEGAL S MANDALA II,TPS 31,2019-10-25 17:00:05,10,91,199,101,101,101,0,https://pemilu2019.kpu.go.id/img/c/900/046/900046144/1-11774-31-C1-PPWP-X1.jpg,https://pemilu2019.kpu.go.id/img/c/900/046/900046144/1-11774-31-C1-PPWP-X2.jpg
6728117431177211774900046145,SUMATERA UTARA,KOTA MEDAN,MEDAN DENAI,TEGAL S MANDALA II,TPS 32,2019-10-25 17:00:05,26,116,143,143,143,142,1,https://pemilu2019.kpu.go.id/img/c/900/046/900046145/1-11774-32-C-XXX-X5.jpg,https://pemilu2019.kpu.go.id/img/c/900/046/900046145/1-11774-32-C-XXX-X6.jpg
6728117431177211774900046146,SUMATERA UTARA,KOTA MEDAN,MEDAN DENAI,TEGAL S MANDALA II,TPS 33,2019-10-25 17:00:05,42,137,298,181,181,179,2,https://pemilu2019.kpu.go.id/img/c/900/046/900046146/1-11774-33-C1-PPWP-X1.jpg,https://pemilu2019.kpu.go.id/img/c/900/046/900046146/1-11774-33-C1-PPWP-X2.jpg
6728117431177211774900046147,SUMATERA UTARA,KOTA MEDAN,MEDAN DENAI,TEGAL S MANDALA II,TPS 34,2019-10-25 17:00:05,23,91,274,117,117,114,3,https://pemilu2019.kpu.go.id/img/c/900/046/900046147/1-11774-34-C1-PPWP-X1.jpg,https://pemilu2019.kpu.go.id/img/c/900/046/900046147/1-11774-34-C1-PPWP-X2.jpg
6728117431177211774900046148,SUMATERA UTARA,KOTA MEDAN,MEDAN DENAI,TEGAL S MANDALA II,TPS 35,2019-10-25 17:00:05,30,91,232,122,122,121,1,https://pemilu2019.kpu.go.id/img/c/900/046/900046148/1-11774-35-C-XXX-X5.jpg,https://pemilu2019.kpu.go.id/img/c/900/046/900046148/1-11774-35-C-XXX-X6.jpg
6728117431177211774900046149,SUMATERA UTARA,KOTA MEDAN,MEDAN DENAI,TEGAL S MANDALA II,TPS 36,2019-10-25 17:00:05,44,117,308,162,162,161,1,https://pemilu2019.kpu.go.id/img/c/900/046/900046149/1-11774-36-C-XXX-X5.jpg,https://pemilu2019.kpu.go.id/img/c/900/046/900046149/1-11774-36-C-XXX-X6.jpg
6728117431177211774900046150,SUMATERA UTARA,KOTA MEDAN,MEDAN DENAI,TEGAL S MANDALA II,TPS 37,2019-10-25 17:00:05,22,149,277,173,173,171,2,https://pemilu2019.kpu.go.id/img/c/900/046/900046150/1-11774-37-C-XXX-X5.jpg,https://pemilu2019.kpu.go.id/img/c/900/046/900046150/1-11774-37-C-XXX-X6.jpg
6728117431177211774900046151,SUMATERA UTARA,KOTA MEDAN,MEDAN DENAI,TEGAL S MANDALA II,TPS 38,2019-10-25 17:00:05,41,112,193,153,153,153,0,https://pemilu2019.kpu.go.id/img/c/900/046/900046151/1-11774-38-C-XXX-X5.jpg,https://pemilu2019.kpu.go.id/img/c/900/046/900046151/1-11774-38-C-XXX-X6.jpg
6728117431177211774900046152,SUMATERA UTARA,KOTA MEDAN,MEDAN DENAI,TEGAL S MANDALA II,TPS 39,2019-10-25 17:00:05,20,189,347,211,211,209,2,https://pemilu2019.kpu.go.id/img/c/900/046/900046152/1-11774-39-C-XXX-X5.jpg,https://pemilu2019.kpu.go.id/img/c/900/046/900046152/1-11774-39-C-XXX-X6.jpg
6728117431177211774900046153,SUMATERA UTARA,KOTA MEDAN,MEDAN DENAI,TEGAL S MANDALA II,TPS 40,2019-10-25 17:00:05,81,159,323,241,241,240,1,https://pemilu2019.kpu.go.id/img/c/900/046/900046153/2-11774-40-C1-PPWP-X1.jpg,https://pemilu2019.kpu.go.id/img/c/900/046/900046153/2-11774-40-C1-PPWP-X2.jpg
6728117431177211774900046154,SUMATERA UTARA,KOTA MEDAN,MEDAN DENAI,TEGAL S MANDALA II,TPS 41,2019-10-25 17:00:05,62,215,356,277,277,277,0,https://pemilu2019.kpu.go.id/img/c/900/046/900046154/1-11774-41-C1-PPWP-X1.jpg,https://pemilu2019.kpu.go.id/img/c/900/046/900046154/1-11774-41-C1-PPWP-X2.jpg
6728117431177211774900046155,SUMATERA UTARA,KOTA MEDAN,MEDAN DENAI,TEGAL S MANDALA II,TPS 42,2019-10-25 17:00:05,23,106,289,129,129,129,0,https://pemilu2019.kpu.go.id/img/c/900/046/900046155/1-11774-42-C-XXX-X5.jpg,https://pemilu2019.kpu.go.id/img/c/900/046/900046155/1-11774-42-C-XXX-X6.jpg
6728117431177211774900046156,SUMATERA UTARA,KOTA MEDAN,MEDAN DENAI,TEGAL S MANDALA II,TPS 43,2019-10-25 17:00:05,32,141,269,177,177,173,4,https://pemilu2019.kpu.go.id/img/c/900/046/900046156/1-11774-43-C1-PPWP-X1.jpg,https://pemilu2019.kpu.go.id/img/c/900/046/900046156/1-11774-43-C1-PPWP-X2.jpg
6728117431177211774900046157,SUMATERA UTARA,KOTA MEDAN,MEDAN DENAI,TEGAL S MANDALA II,TPS 44,2019-10-25 17:00:05,47,118,207,168,167,165,2,https://pemilu2019.kpu.go.id/img/c/900/046/900046157/2-11774-44-C1-PPWP-X1.jpg,https://pemilu2019.kpu.go.id/img/c/900/046/900046157/2-11774-44-C1-PPWP-X2.jpg
6728117431177211774900046158,SUMATERA UTARA,KOTA MEDAN,MEDAN DENAI,TEGAL S MANDALA II,TPS 45,2019-10-25 17:00:05,46,134,289,183,183,180,3,https://pemilu2019.kpu.go.id/img/c/900/046/900046158/1-11774-45-C-XXX-X5.jpg,https://pemilu2019.kpu.go.id/img/c/900/046/900046158/1-11774-45-C-XXX-X6.jpg
6728117431177211774900046159,SUMATERA UTARA,KOTA MEDAN,MEDAN DENAI,TEGAL S MANDALA II,TPS 46,2019-10-25 17:00:05,34,141,246,177,177,175,2,https://pemilu2019.kpu.go.id/img/c/900/046/900046159/1-11774-46-C1-PPWP-X1.jpg,https://pemilu2019.kpu.go.id/img/c/900/046/900046159/1-11774-46-C1-PPWP-X2.jpg
6728117431177211774900046160,SUMATERA UTARA,KOTA MEDAN,MEDAN DENAI,TEGAL S MANDALA II,TPS 47,2019-10-25 17:00:05,32,116,200,151,150,148,2,https://pemilu2019.kpu.go.id/img/c/900/046/900046160/1-11774-47-C-XXX-X5.jpg,https://pemilu2019.kpu.go.id/img/c/900/046/900046160/1-11774-47-C-XXX-X6.jpg
6728117431177211774900046161,SUMATERA UTARA,KOTA MEDAN,MEDAN DENAI,TEGAL S MANDALA II,TPS 48,2019-10-25 17:00:05,24,144,227,170,170,168,2,https://pemilu2019.kpu.go.id/img/c/900/046/900046161/1-11774-48-C-XXX-X5.jpg,https://pemilu2019.kpu.go.id/img/c/900/046/900046161/1-11774-48-C-XXX-X6.jpg
6728117431177211774900046162,SUMATERA UTARA,KOTA MEDAN,MEDAN DENAI,TEGAL S MANDALA II,TPS 49,2019-10-25 17:00:05,39,135,227,175,175,174,1,https://pemilu2019.kpu.go.id/img/c/900/046/900046162/1-11774-49-C-XXX-X5.jpg,https://pemilu2019.kpu.go.id/img/c/900/046/900046162/1-11774-49-C-XXX-X6.jpg
6728117431177211774900046163,SUMATERA UTARA,KOTA MEDAN,MEDAN DENAI,TEGAL S MANDALA II,TPS 50,2019-10-25 17:00:05,123,0,325,124,124,123,1,https://pemilu2019.kpu.go.id/img/c/900/046/900046163/1-11774-50-C-XXX-X5.jpg,https://pemilu2019.kpu.go.id/img/c/900/046/900046163/1-11774-50-C-XXX-X6.jpg
6728117431177211774900046164,SUMATERA UTARA,KOTA MEDAN,MEDAN DENAI,TEGAL S MANDALA II,TPS 51,2019-10-25 17:00:05,154,26,338,180,180,180,0,https://pemilu2019.kpu.go.id/img/c/900/046/900046164/1-11774-51-C-XXX-X5.jpg,https://pemilu2019.kpu.go.id/img/c/900/046/900046164/1-11774-51-C-XXX-X6.jpg
6728117431177211774900046165,SUMATERA UTARA,KOTA MEDAN,MEDAN DENAI,TEGAL S MANDALA II,TPS 52,2019-10-25 17:00:05,133,29,301,163,163,162,1,https://pemilu2019.kpu.go.id/img/c/900/046/900046165/1-11774-52-C-XXX-X5.jpg,https://pemilu2019.kpu.go.id/img/c/900/046/900046165/1-11774-52-C-XXX-X6.jpg
6728117431177211774900046166,SUMATERA UTARA,KOTA MEDAN,MEDAN DENAI,TEGAL S MANDALA II,TPS 53,2019-10-25 17:00:05,165,2,305,193,169,167,2,https://pemilu2019.kpu.go.id/img/c/900/046/900046166/2-11774-53-C1-PPWP-X1.jpg,https://pemilu2019.kpu.go.id/img/c/900/046/900046166/2-11774-53-C1-PPWP-X2.jpg
6728117431177211774900046167,SUMATERA UTARA,KOTA MEDAN,MEDAN DENAI,TEGAL S MANDALA II,TPS 54,2019-10-25 17:00:05,161,1,325,163,163,162,1,https://pemilu2019.kpu.go.id/img/c/900/046/900046167/1-11774-54-C-XXX-X5.jpg,https://pemilu2019.kpu.go.id/img/c/900/046/900046167/1-11774-54-C-XXX-X6.jpg
6728117431177211774900046168,SUMATERA UTARA,KOTA MEDAN,MEDAN DENAI,TEGAL S MANDALA II,TPS 55,2019-10-25 17:00:05,109,3,268,113,113,112,1,https://pemilu2019.kpu.go.id/img/c/900/046/900046168/1-11774-55-C-XXX-X5.jpg,https://pemilu2019.kpu.go.id/img/c/900/046/900046168/1-11774-55-C-XXX-X6.jpg
6728117431177211774900046169,SUMATERA UTARA,KOTA MEDAN,MEDAN DENAI,TEGAL S MANDALA II,TPS 56,2019-10-25 17:00:05,181,3,330,330,186,184,2,https://pemilu2019.kpu.go.id/img/c/900/046/900046169/1-11774-56-C1-PPWP-X1.jpg,https://pemilu2019.kpu.go.id/img/c/900/046/900046169/1-11774-56-C1-PPWP-X2.jpg
6728117431177211774900046170,SUMATERA UTARA,KOTA MEDAN,MEDAN DENAI,TEGAL S MANDALA II,TPS 57,2019-10-25 17:00:05,97,4,307,102,102,101,1,https://pemilu2019.kpu.go.id/img/c/900/046/900046170/1-11774-57-C-XXX-X5.jpg,https://pemilu2019.kpu.go.id/img/c/900/046/900046170/1-11774-57-C-XXX-X6.jpg
6728117431177211774900046171,SUMATERA UTARA,KOTA MEDAN,MEDAN DENAI,TEGAL S MANDALA II,TPS 58,2019-10-25 17:00:05,208,8,216,321,216,216,0,https://pemilu2019.kpu.go.id/img/c/900/046/900046171/1-11774-58-C-XXX-X5.jpg,https://pemilu2019.kpu.go.id/img/c/900/046/900046171/1-11774-58-C-XXX-X6.jpg
6728117431177211774900046172,SUMATERA UTARA,KOTA MEDAN,MEDAN DENAI,TEGAL S MANDALA II,TPS 59,2019-10-25 17:00:05,91,10,225,102,102,101,1,https://pemilu2019.kpu.go.id/img/c/900/046/900046172/1-11774-59-C1-PPWP-X1.jpg,https://pemilu2019.kpu.go.id/img/c/900/046/900046172/1-11774-59-C1-PPWP-X2.jpg
6728117431177211774900046173,SUMATERA UTARA,KOTA MEDAN,MEDAN DENAI,TEGAL S MANDALA II,TPS 60,2019-10-25 17:00:05,148,33,259,183,183,181,2,https://pemilu2019.kpu.go.id/img/c/900/046/900046173/1-11774-60-C-XXX-X5.jpg,https://pemilu2019.kpu.go.id/img/c/900/046/900046173/1-11774-60-C-XXX-X6.jpg
6728117431177211774900046174,SUMATERA UTARA,KOTA MEDAN,MEDAN DENAI,TEGAL S MANDALA II,TPS 61,2019-10-25 17:00:05,130,67,239,200,200,197,3,https://pemilu2019.kpu.go.id/img/c/900/046/900046174/1-11774-61-C-XXX-X5.jpg,https://pemilu2019.kpu.go.id/img/c/900/046/900046174/1-11774-61-C-XXX-X6.jpg
6728117431177211774900046175,SUMATERA UTARA,KOTA MEDAN,MEDAN DENAI,TEGAL S MANDALA II,TPS 62,2019-10-25 17:00:05,146,20,242,170,173,166,7,https://pemilu2019.kpu.go.id/img/c/900/046/900046175/1-11774-62-C-XXX-X5.jpg,https://pemilu2019.kpu.go.id/img/c/900/046/900046175/1-11774-62-C-XXX-X6.jpg
6728117431177211774900046176,SUMATERA UTARA,KOTA MEDAN,MEDAN DENAI,TEGAL S MANDALA II,TPS 63,2019-10-25 17:00:05,165,2,305,193,169,167,2,https://pemilu2019.kpu.go.id/img/c/900/046/900046176/1-11774-63-C1-PPWP-X1.jpg,https://pemilu2019.kpu.go.id/img/c/900/046/900046176/1-11774-63-C1-PPWP-X2.jpg
6728117431177211774900046177,SUMATERA UTARA,KOTA MEDAN,MEDAN DENAI,TEGAL S MANDALA II,TPS 64,2019-10-25 17:00:05,146,18,164,164,164,164,0,https://pemilu2019.kpu.go.id/img/c/900/046/900046177/1-11774-64-C-XXX-X5.jpg,https://pemilu2019.kpu.go.id/img/c/900/046/900046177/1-11774-64-C-XXX-X6.jpg
6728117431177211774900046178,SUMATERA UTARA,KOTA MEDAN,MEDAN DENAI,TEGAL S MANDALA II,TPS 65,2019-10-25 17:00:05,150,5,231,157,157,155,2,https://pemilu2019.kpu.go.id/img/c/900/046/900046178/1-11774-65-C1-PPWP-X1.jpg,https://pemilu2019.kpu.go.id/img/c/900/046/900046178/1-11774-65-C1-PPWP-X2.jpg
6728117431177211775900046179,SUMATERA UTARA,KOTA MEDAN,MEDAN DENAI,TEGAL S MANDALA III,TPS 01,2019-10-25 17:00:05,74,112,282,187,189,186,3,https://pemilu2019.kpu.go.id/img/c/900/046/900046179/1-11775-01-C1-PPWP-X1.jpg,https://pemilu2019.kpu.go.id/img/c/900/046/900046179/1-11775-01-C1-PPWP-X2.jpg
6728117431177211775900046180,SUMATERA UTARA,KOTA MEDAN,MEDAN DENAI,TEGAL S MANDALA III,TPS 02,2019-10-25 17:00:05,35,161,282,198,198,196,2,https://pemilu2019.kpu.go.id/img/c/900/046/900046180/1-11775-02-C1-PPWP-X1.jpg,https://pemilu2019.kpu.go.id/img/c/900/046/900046180/1-11775-02-C1-PPWP-X2.jpg
6728117431177211775900046181,SUMATERA UTARA,KOTA MEDAN,MEDAN DENAI,TEGAL S MANDALA III,TPS 03,2019-10-25 17:00:05,39,139,261,180,180,178,2,https://pemilu2019.kpu.go.id/img/c/900/046/900046181/1-11775-03-C1-PPWP-X1.jpg,https://pemilu2019.kpu.go.id/img/c/900/046/900046181/1-11775-03-C1-PPWP-X2.jpg
6728117431177211775900046182,SUMATERA UTARA,KOTA MEDAN,MEDAN DENAI,TEGAL S MANDALA III,TPS 04,2019-10-25 17:00:05,39,160,265,200,200,199,1,https://pemilu2019.kpu.go.id/img/c/900/046/900046182/1-11775-04-C1-PPWP-X1.jpg,https://pemilu2019.kpu.go.id/img/c/900/046/900046182/1-11775-04-C1-PPWP-X2.jpg
6728117431177211775900046183,SUMATERA UTARA,KOTA MEDAN,MEDAN DENAI,TEGAL S MANDALA III,TPS 05,2019-10-25 17:00:05,54,136,271,191,191,190,1,https://pemilu2019.kpu.go.id/img/c/900/046/900046183/1-11775-05-C1-PPWP-X1.jpg,https://pemilu2019.kpu.go.id/img/c/900/046/900046183/1-11775-05-C1-PPWP-X2.jpg
6728117431177211775900046184,SUMATERA UTARA,KOTA MEDAN,MEDAN DENAI,TEGAL S MANDALA III,TPS 06,2019-10-25 17:00:05,42,153,243,196,196,195,1,https://pemilu2019.kpu.go.id/img/c/900/046/900046184/1-11775-06-C1-PPWP-X1.jpg,https://pemilu2019.kpu.go.id/img/c/900/046/900046184/1-11775-06-C1-PPWP-X2.jpg
6728117431177211775900046185,SUMATERA UTARA,KOTA MEDAN,MEDAN DENAI,TEGAL S MANDALA III,TPS 07,2019-10-25 17:00:05,40,90,271,130,130,130,0,https://pemilu2019.kpu.go.id/img/c/900/046/900046185/1-11775-07-C1-PPWP-X1.jpg,https://pemilu2019.kpu.go.id/img/c/900/046/900046185/1-11775-07-C1-PPWP-X2.jpg
6728117431177211775900046186,SUMATERA UTARA,KOTA MEDAN,MEDAN DENAI,TEGAL S MANDALA III,TPS 08,2019-10-25 17:00:05,20,29,222,49,49,49,0,https://pemilu2019.kpu.go.id/img/c/900/046/900046186/1-11775-08-C1-PPWP-X1.jpg,https://pemilu2019.kpu.go.id/img/c/900/046/900046186/1-11775-08-C1-PPWP-X2.jpg
6728117431177211775900046187,SUMATERA UTARA,KOTA MEDAN,MEDAN DENAI,TEGAL S MANDALA III,TPS 09,2019-10-25 17:00:05,16,204,316,220,220,220,0,https://pemilu2019.kpu.go.id/img/c/900/046/900046187/1-11775-09-C1-PPWP-X1.jpg,https://pemilu2019.kpu.go.id/img/c/900/046/900046187/1-11775-09-C1-PPWP-X2.jpg
6728117431177211775900046188,SUMATERA UTARA,KOTA MEDAN,MEDAN DENAI,TEGAL S MANDALA III,TPS 10,2019-10-25 17:00:05,17,141,230,158,158,158,0,https://pemilu2019.kpu.go.id/img/c/900/046/900046188/1-11775-10-C1-PPWP-X1.jpg,https://pemilu2019.kpu.go.id/img/c/900/046/900046188/1-11775-10-C1-PPWP-X2.jpg
6728117431177211775900046189,SUMATERA UTARA,KOTA MEDAN,MEDAN DENAI,TEGAL S MANDALA III,TPS 11,2019-10-25 17:00:05,29,176,270,205,208,205,3,https://pemilu2019.kpu.go.id/img/c/900/046/900046189/1-11775-11-C1-PPWP-X1.jpg,https://pemilu2019.kpu.go.id/img/c/900/046/900046189/1-11775-11-C1-PPWP-X2.jpg
6728117431177211775900046190,SUMATERA UTARA,KOTA MEDAN,MEDAN DENAI,TEGAL S MANDALA III,TPS 12,2019-10-25 17:00:05,31,183,303,216,216,214,2,https://pemilu2019.kpu.go.id/img/c/900/046/900046190/1-11775-12-C1-PPWP-X1.jpg,https://pemilu2019.kpu.go.id/img/c/900/046/900046190/1-11775-12-C1-PPWP-X2.jpg
6728117431177211775900046191,SUMATERA UTARA,KOTA MEDAN,MEDAN DENAI,TEGAL S MANDALA III,TPS 13,2019-10-25 17:00:05,9,199,306,208,208,208,0,https://pemilu2019.kpu.go.id/img/c/900/046/900046191/1-11775-13-C1-PPWP-X1.jpg,https://pemilu2019.kpu.go.id/img/c/900/046/900046191/1-11775-13-C1-PPWP-X2.jpg
6728117431177211775900046192,SUMATERA UTARA,KOTA MEDAN,MEDAN DENAI,TEGAL S MANDALA III,TPS 14,2019-10-25 17:00:05,20,162,279,179,183,182,1,https://pemilu2019.kpu.go.id/img/c/900/046/900046192/1-11775-14-C1-PPWP-X3.jpg,https://pemilu2019.kpu.go.id/img/c/900/046/900046192/1-11775-14-C1-PPWP-X4.jpg
6728117431177211775900046193,SUMATERA UTARA,KOTA MEDAN,MEDAN DENAI,TEGAL S MANDALA III,TPS 15,2019-10-25 17:00:05,10,168,178,178,178,178,0,https://pemilu2019.kpu.go.id/img/c/900/046/900046193/1-11775-15-C1-PPWP-X1.jpg,https://pemilu2019.kpu.go.id/img/c/900/046/900046193/1-11775-15-C1-PPWP-X2.jpg
6728117431177211775900046194,SUMATERA UTARA,KOTA MEDAN,MEDAN DENAI,TEGAL S MANDALA III,TPS 16,2019-10-25 17:00:05,14,166,271,183,183,180,3,https://pemilu2019.kpu.go.id/img/c/900/046/900046194/2-11775-16-C1-PPWP-X5.jpg,https://pemilu2019.kpu.go.id/img/c/900/046/900046194/2-11775-16-C1-PPWP-X6.jpg
6728117431177211775900046195,SUMATERA UTARA,KOTA MEDAN,MEDAN DENAI,TEGAL S MANDALA III,TPS 17,2019-10-25 17:00:05,16,123,306,139,139,139,0,https://pemilu2019.kpu.go.id/img/c/900/046/900046195/3-11775-17-C1-PPWP-X1.jpg,https://pemilu2019.kpu.go.id/img/c/900/046/900046195/3-11775-17-C1-PPWP-X2.jpg
6728117431177211775900046196,SUMATERA UTARA,KOTA MEDAN,MEDAN DENAI,TEGAL S MANDALA III,TPS 18,2019-10-25 17:00:05,31,226,342,257,257,257,0,https://pemilu2019.kpu.go.id/img/c/900/046/900046196/3-11775-18-C1-PPWP-X1.jpg,https://pemilu2019.kpu.go.id/img/c/900/046/900046196/3-11775-18-C1-PPWP-X2.jpg
6728117431177211775900046197,SUMATERA UTARA,KOTA MEDAN,MEDAN DENAI,TEGAL S MANDALA III,TPS 19,2019-10-25 17:00:05,43,169,262,212,215,212,3,https://pemilu2019.kpu.go.id/img/c/900/046/900046197/3-11775-19-C1-PPWP-X1.jpg,https://pemilu2019.kpu.go.id/img/c/900/046/900046197/3-11775-19-C1-PPWP-X2.jpg
6728117431177211775900046198,SUMATERA UTARA,KOTA MEDAN,MEDAN DENAI,TEGAL S MANDALA III,TPS 20,2019-10-25 17:00:05,48,176,330,222,225,222,3,https://pemilu2019.kpu.go.id/img/c/900/046/900046198/3-11775-20-C1-PPWP-X1.jpg,https://pemilu2019.kpu.go.id/img/c/900/046/900046198/3-11775-20-C1-PPWP-X2.jpg
6728117431177211775900046199,SUMATERA UTARA,KOTA MEDAN,MEDAN DENAI,TEGAL S MANDALA III,TPS 21,2019-10-25 17:00:05,52,152,291,212,206,204,2,https://pemilu2019.kpu.go.id/img/c/900/046/900046199/1-11775-21-C1-PPWP-X1.jpg,https://pemilu2019.kpu.go.id/img/c/900/046/900046199/1-11775-21-C1-PPWP-X2.jpg
6728117431177211775900046200,SUMATERA UTARA,KOTA MEDAN,MEDAN DENAI,TEGAL S MANDALA III,TPS 22,2019-10-25 17:00:05,71,128,302,200,200,199,1,https://pemilu2019.kpu.go.id/img/c/900/046/900046200/3-11775-22-C1-PPWP-X1.jpg,https://pemilu2019.kpu.go.id/img/c/900/046/900046200/3-11775-22-C1-PPWP-X2.jpg
6728117431177211775900046201,SUMATERA UTARA,KOTA MEDAN,MEDAN DENAI,TEGAL S MANDALA III,TPS 23,2019-10-25 17:00:05,64,106,0,0,171,170,1,https://pemilu2019.kpu.go.id/img/c/900/046/900046201/3-11775-23-C1-PPWP-X7.jpg,https://pemilu2019.kpu.go.id/img/c/900/046/900046201/3-11775-23-C1-PPWP-X8.jpg
6728117431177211775900046202,SUMATERA UTARA,KOTA MEDAN,MEDAN DENAI,TEGAL S MANDALA III,TPS 24,2019-10-25 17:00:05,16,200,274,216,217,216,1,https://pemilu2019.kpu.go.id/img/c/900/046/900046202/3-11775-24-C1-PPWP-X1.jpg,https://pemilu2019.kpu.go.id/img/c/900/046/900046202/3-11775-24-C1-PPWP-X2.jpg
6728117431177211775900046203,SUMATERA UTARA,KOTA MEDAN,MEDAN DENAI,TEGAL S MANDALA III,TPS 25,2019-10-25 17:00:05,11,198,294,211,211,209,2,https://pemilu2019.kpu.go.id/img/c/900/046/900046203/3-11775-25-C1-PPWP-X1.jpg,https://pemilu2019.kpu.go.id/img/c/900/046/900046203/3-11775-25-C1-PPWP-X2.jpg
6728117431177211775900046204,SUMATERA UTARA,KOTA MEDAN,MEDAN DENAI,TEGAL S MANDALA III,TPS 26,2019-10-25 17:00:05,20,192,301,213,213,212,1,https://pemilu2019.kpu.go.id/img/c/900/046/900046204/1-11775-26-C1-PPWP-X1.jpg,https://pemilu2019.kpu.go.id/img/c/900/046/900046204/1-11775-26-C1-PPWP-X2.jpg
6728117431177211775900046205,SUMATERA UTARA,KOTA MEDAN,MEDAN DENAI,TEGAL S MANDALA III,TPS 27,2019-10-25 17:00:05,26,171,228,197,197,197,0,https://pemilu2019.kpu.go.id/img/c/900/046/900046205/1-11775-27-C1-PPWP-X1.jpg,https://pemilu2019.kpu.go.id/img/c/900/046/900046205/1-11775-27-C1-PPWP-X2.jpg
6728117431177211775900046206,SUMATERA UTARA,KOTA MEDAN,MEDAN DENAI,TEGAL S MANDALA III,TPS 28,2019-10-25 17:00:05,47,171,231,219,219,218,1,https://pemilu2019.kpu.go.id/img/c/900/046/900046206/1-11775-28-C1-PPWP-X1.jpg,https://pemilu2019.kpu.go.id/img/c/900/046/900046206/1-11775-28-C1-PPWP-X2.jpg
6728117431177211775900046207,SUMATERA UTARA,KOTA MEDAN,MEDAN DENAI,TEGAL S MANDALA III,TPS 29,2019-10-25 17:00:05,31,180,302,213,213,211,2,https://pemilu2019.kpu.go.id/img/c/900/046/900046207/1-11775-29-C1-PPWP-X1.jpg,https://pemilu2019.kpu.go.id/img/c/900/046/900046207/1-11775-29-C1-PPWP-X2.jpg
6728117431177211775900046208,SUMATERA UTARA,KOTA MEDAN,MEDAN DENAI,TEGAL S MANDALA III,TPS 30,2019-10-25 17:00:05,19,170,279,191,191,189,2,https://pemilu2019.kpu.go.id/img/c/900/046/900046208/1-11775-30-C1-PPWP-X1.jpg,https://pemilu2019.kpu.go.id/img/c/900/046/900046208/1-11775-30-C1-PPWP-X2.jpg
6728117431177211775900046209,SUMATERA UTARA,KOTA MEDAN,MEDAN DENAI,TEGAL S MANDALA III,TPS 31,2019-10-25 17:00:05,18,138,271,157,157,156,1,https://pemilu2019.kpu.go.id/img/c/900/046/900046209/3-11775-31-C1-PPWP-X1.jpg,https://pemilu2019.kpu.go.id/img/c/900/046/900046209/3-11775-31-C1-PPWP-X2.jpg
6728117431177211775900046210,SUMATERA UTARA,KOTA MEDAN,MEDAN DENAI,TEGAL S MANDALA III,TPS 32,2019-10-25 17:00:05,24,106,332,130,130,130,0,https://pemilu2019.kpu.go.id/img/c/900/046/900046210/1-11775-32-C1-PPWP-X1.jpg,https://pemilu2019.kpu.go.id/img/c/900/046/900046210/1-11775-32-C1-PPWP-X2.jpg
6728117431177211775900046211,SUMATERA UTARA,KOTA MEDAN,MEDAN DENAI,TEGAL S MANDALA III,TPS 33,2019-10-25 17:00:05,55,175,280,230,230,230,0,https://pemilu2019.kpu.go.id/img/c/900/046/900046211/1-11775-33-C1-PPWP-X1.jpg,https://pemilu2019.kpu.go.id/img/c/900/046/900046211/1-11775-33-C1-PPWP-X2.jpg
6728117431177211775900046212,SUMATERA UTARA,KOTA MEDAN,MEDAN DENAI,TEGAL S MANDALA III,TPS 34,2019-10-25 17:00:05,43,131,247,176,176,174,2,https://pemilu2019.kpu.go.id/img/c/900/046/900046212/1-11775-34-C1-PPWP-X1.jpg,https://pemilu2019.kpu.go.id/img/c/900/046/900046212/1-11775-34-C1-PPWP-X2.jpg
6728117431177211775900046213,SUMATERA UTARA,KOTA MEDAN,MEDAN DENAI,TEGAL S MANDALA III,TPS 35,2019-10-25 17:00:05,69,128,272,199,199,197,2,https://pemilu2019.kpu.go.id/img/c/900/046/900046213/3-11775-35-C1-PPWP-X1.jpg,https://pemilu2019.kpu.go.id/img/c/900/046/900046213/3-11775-35-C1-PPWP-X2.jpg
6728117431177211775900046214,SUMATERA UTARA,KOTA MEDAN,MEDAN DENAI,TEGAL S MANDALA III,TPS 36,2019-10-25 17:00:05,14,226,246,241,241,240,1,https://pemilu2019.kpu.go.id/img/c/900/046/900046214/3-11775-36-C1-PPWP-X1.jpg,https://pemilu2019.kpu.go.id/img/c/900/046/900046214/3-11775-36-C1-PPWP-X2.jpg
6728117431177211775900046215,SUMATERA UTARA,KOTA MEDAN,MEDAN DENAI,TEGAL S MANDALA III,TPS 37,2019-10-25 17:00:05,28,150,235,179,179,178,1,https://pemilu2019.kpu.go.id/img/c/900/046/900046215/3-11775-37-C1-PPWP-X1.jpg,https://pemilu2019.kpu.go.id/img/c/900/046/900046215/3-11775-37-C1-PPWP-X2.jpg
6728117431177211775900046216,SUMATERA UTARA,KOTA MEDAN,MEDAN DENAI,TEGAL S MANDALA III,TPS 38,2019-10-25 17:00:05,37,149,240,187,187,186,1,https://pemilu2019.kpu.go.id/img/c/900/046/900046216/2-11775-38-C1-PPWP-X1.jpg,https://pemilu2019.kpu.go.id/img/c/900/046/900046216/2-11775-38-C1-PPWP-X2.jpg
6728117431177211775900046217,SUMATERA UTARA,KOTA MEDAN,MEDAN DENAI,TEGAL S MANDALA III,TPS 39,2019-10-25 17:00:05,20,118,276,136,138,138,0,https://pemilu2019.kpu.go.id/img/c/900/046/900046217/2-11775-39-C1-PPWP-X1.jpg,https://pemilu2019.kpu.go.id/img/c/900/046/900046217/2-11775-39-C1-PPWP-X2.jpg
6728117431177211775900046218,SUMATERA UTARA,KOTA MEDAN,MEDAN DENAI,TEGAL S MANDALA III,TPS 40,2019-10-25 17:00:05,18,140,270,161,161,158,3,https://pemilu2019.kpu.go.id/img/c/900/046/900046218/2-11775-40-C1-PPWP-X1.jpg,https://pemilu2019.kpu.go.id/img/c/900/046/900046218/2-11775-40-C1-PPWP-X2.jpg
6728117431177211775900046219,SUMATERA UTARA,KOTA MEDAN,MEDAN DENAI,TEGAL S MANDALA III,TPS 41,2019-10-25 17:00:05,36,152,276,190,190,188,2,https://pemilu2019.kpu.go.id/img/c/900/046/900046219/3-11775-41-C1-PPWP-X1.jpg,https://pemilu2019.kpu.go.id/img/c/900/046/900046219/3-11775-41-C1-PPWP-X2.jpg
6728117431177211775900046220,SUMATERA UTARA,KOTA MEDAN,MEDAN DENAI,TEGAL S MANDALA III,TPS 42,2019-10-25 17:00:05,18,198,739,217,217,216,1,https://pemilu2019.kpu.go.id/img/c/900/046/900046220/1-11775-42-C1-PPWP-X9.jpg,https://pemilu2019.kpu.go.id/img/c/900/046/900046220/1-11775-42-C1-PPWP-X10.jpg
6728117431177211775900046221,SUMATERA UTARA,KOTA MEDAN,MEDAN DENAI,TEGAL S MANDALA III,TPS 43,2019-10-25 17:00:05,31,197,268,229,229,228,1,https://pemilu2019.kpu.go.id/img/c/900/046/900046221/1-11775-43-C1-PPWP-X1.jpg,https://pemilu2019.kpu.go.id/img/c/900/046/900046221/1-11775-43-C1-PPWP-X2.jpg
6728117431177211775900046222,SUMATERA UTARA,KOTA MEDAN,MEDAN DENAI,TEGAL S MANDALA III,TPS 44,2019-10-25 17:00:05,23,162,268,188,188,185,3,https://pemilu2019.kpu.go.id/img/c/900/046/900046222/1-11775-44-C1-PPWP-X1.jpg,https://pemilu2019.kpu.go.id/img/c/900/046/900046222/1-11775-44-C1-PPWP-X2.jpg
6728117431177211775900046223,SUMATERA UTARA,KOTA MEDAN,MEDAN DENAI,TEGAL S MANDALA III,TPS 45,2019-10-25 17:00:05,32,126,255,158,158,158,0,https://pemilu2019.kpu.go.id/img/c/900/046/900046223/1-11775-45-C1-PPWP-X1.jpg,https://pemilu2019.kpu.go.id/img/c/900/046/900046223/1-11775-45-C1-PPWP-X2.jpg
6728117431177211775900046224,SUMATERA UTARA,KOTA MEDAN,MEDAN DENAI,TEGAL S MANDALA III,TPS 46,2019-10-25 17:00:05,51,151,288,201,203,202,1,https://pemilu2019.kpu.go.id/img/c/900/046/900046224/1-11775-46-C1-PPWP-X1.jpg,https://pemilu2019.kpu.go.id/img/c/900/046/900046224/1-11775-46-C1-PPWP-X2.jpg
6728117431177211775900046225,SUMATERA UTARA,KOTA MEDAN,MEDAN DENAI,TEGAL S MANDALA III,TPS 47,2019-10-25 17:00:05,54,115,279,169,169,169,0,https://pemilu2019.kpu.go.id/img/c/900/046/900046225/2-11775-47-C1-PPWP-X11.jpg,https://pemilu2019.kpu.go.id/img/c/900/046/900046225/2-11775-47-C1-PPWP-X12.jpg
6728117431177211775900046226,SUMATERA UTARA,KOTA MEDAN,MEDAN DENAI,TEGAL S MANDALA III,TPS 48,2019-10-25 17:00:05,24,115,256,140,140,139,1,https://pemilu2019.kpu.go.id/img/c/900/046/900046226/1-11775-48-C1-PPWP-X1.jpg,https://pemilu2019.kpu.go.id/img/c/900/046/900046226/1-11775-48-C1-PPWP-X2.jpg
6728117431177211775900046227,SUMATERA UTARA,KOTA MEDAN,MEDAN DENAI,TEGAL S MANDALA III,TPS 49,2019-10-25 17:00:05,60,123,245,183,183,183,0,https://pemilu2019.kpu.go.id/img/c/900/046/900046227/1-11775-49-C1-PPWP-X1.jpg,https://pemilu2019.kpu.go.id/img/c/900/046/900046227/1-11775-49-C1-PPWP-X2.jpg
6728117431177211775900046228,SUMATERA UTARA,KOTA MEDAN,MEDAN DENAI,TEGAL S MANDALA III,TPS 50,2019-10-25 17:00:05,10,98,239,108,108,108,0,https://pemilu2019.kpu.go.id/img/c/900/046/900046228/1-11775-50-C1-PPWP-X1.jpg,https://pemilu2019.kpu.go.id/img/c/900/046/900046228/1-11775-50-C1-PPWP-X2.jpg
6728117431177211775900046229,SUMATERA UTARA,KOTA MEDAN,MEDAN DENAI,TEGAL S MANDALA III,TPS 51,2019-10-25 17:00:05,106,80,268,189,189,186,3,https://pemilu2019.kpu.go.id/img/c/900/046/900046229/1-11775-51-C1-PPWP-X1.jpg,https://pemilu2019.kpu.go.id/img/c/900/046/900046229/1-11775-51-C1-PPWP-X2.jpg
6728117431177211775900046230,SUMATERA UTARA,KOTA MEDAN,MEDAN DENAI,TEGAL S MANDALA III,TPS 52,2019-10-25 17:00:05,66,155,225,222,222,221,1,https://pemilu2019.kpu.go.id/img/c/900/046/900046230/1-11775-52-C1-PPWP-X1.jpg,https://pemilu2019.kpu.go.id/img/c/900/046/900046230/1-11775-52-C1-PPWP-X2.jpg
6728117431177211775900046231,SUMATERA UTARA,KOTA MEDAN,MEDAN DENAI,TEGAL S MANDALA III,TPS 53,2019-10-25 17:00:05,113,96,298,210,210,209,1,https://pemilu2019.kpu.go.id/img/c/900/046/900046231/1-11775-53-C1-PPWP-X1.jpg,https://pemilu2019.kpu.go.id/img/c/900/046/900046231/1-11775-53-C1-PPWP-X2.jpg
6728117431177211775900046232,SUMATERA UTARA,KOTA MEDAN,MEDAN DENAI,TEGAL S MANDALA III,TPS 54,2019-10-25 17:00:05,103,76,291,180,180,179,1,https://pemilu2019.kpu.go.id/img/c/900/046/900046232/1-11775-54-C1-PPWP-X1.jpg,https://pemilu2019.kpu.go.id/img/c/900/046/900046232/1-11775-54-C1-PPWP-X2.jpg
6728117431177211775900046233,SUMATERA UTARA,KOTA MEDAN,MEDAN DENAI,TEGAL S MANDALA III,TPS 55,2019-10-25 17:00:05,84,117,248,201,201,201,0,https://pemilu2019.kpu.go.id/img/c/900/046/900046233/1-11775-55-C1-PPWP-X1.jpg,https://pemilu2019.kpu.go.id/img/c/900/046/900046233/1-11775-55-C1-PPWP-X2.jpg
6728117431177211775900046234,SUMATERA UTARA,KOTA MEDAN,MEDAN DENAI,TEGAL S MANDALA III,TPS 56,2019-10-25 17:00:05,117,51,269,169,169,168,1,https://pemilu2019.kpu.go.id/img/c/900/046/900046234/1-11775-56-C1-PPWP-X1.jpg,https://pemilu2019.kpu.go.id/img/c/900/046/900046234/1-11775-56-C1-PPWP-X2.jpg
6728117431177211775900046235,SUMATERA UTARA,KOTA MEDAN,MEDAN DENAI,TEGAL S MANDALA III,TPS 57,2019-10-25 17:00:05,35,213,249,288,249,248,1,https://pemilu2019.kpu.go.id/img/c/900/046/900046235/1-11775-57-C1-PPWP-X1.jpg,https://pemilu2019.kpu.go.id/img/c/900/046/900046235/1-11775-57-C1-PPWP-X2.jpg
6728117431177211775900046236,SUMATERA UTARA,KOTA MEDAN,MEDAN DENAI,TEGAL S MANDALA III,TPS 58,2019-10-25 17:00:05,29,184,303,215,215,213,2,https://pemilu2019.kpu.go.id/img/c/900/046/900046236/1-11775-58-C1-PPWP-X1.jpg,https://pemilu2019.kpu.go.id/img/c/900/046/900046236/1-11775-58-C1-PPWP-X2.jpg
6728117431177211775900046237,SUMATERA UTARA,KOTA MEDAN,MEDAN DENAI,TEGAL S MANDALA III,TPS 59,2019-10-25 17:00:05,32,180,213,213,213,212,1,https://pemilu2019.kpu.go.id/img/c/900/046/900046237/1-11775-59-C1-PPWP-X13.jpg,https://pemilu2019.kpu.go.id/img/c/900/046/900046237/1-11775-59-C1-PPWP-X14.jpg
6728117431177211775900046238,SUMATERA UTARA,KOTA MEDAN,MEDAN DENAI,TEGAL S MANDALA III,TPS 60,2019-10-25 17:00:05,18,181,287,199,199,199,0,https://pemilu2019.kpu.go.id/img/c/900/046/900046238/1-11775-60-C1-PPWP-X1.jpg,https://pemilu2019.kpu.go.id/img/c/900/046/900046238/1-11775-60-C1-PPWP-X2.jpg
6728117431177211775900046239,SUMATERA UTARA,KOTA MEDAN,MEDAN DENAI,TEGAL S MANDALA III,TPS 61,2019-10-25 17:00:05,53,125,296,181,181,178,3,https://pemilu2019.kpu.go.id/img/c/900/046/900046239/1-11775-61-C1-PPWP-X1.jpg,https://pemilu2019.kpu.go.id/img/c/900/046/900046239/1-11775-61-C1-PPWP-X2.jpg
6728117431177211775900046240,SUMATERA UTARA,KOTA MEDAN,MEDAN DENAI,TEGAL S MANDALA III,TPS 62,2019-10-25 17:00:05,39,117,294,218,218,216,2,https://pemilu2019.kpu.go.id/img/c/900/046/900046240/1-11775-62-C1-PPWP-X1.jpg,https://pemilu2019.kpu.go.id/img/c/900/046/900046240/1-11775-62-C1-PPWP-X2.jpg
6728117431177211775900046241,SUMATERA UTARA,KOTA MEDAN,MEDAN DENAI,TEGAL S MANDALA III,TPS 63,2019-10-25 17:00:05,38,176,233,216,216,214,2,https://pemilu2019.kpu.go.id/img/c/900/046/900046241/1-11775-63-C1-PPWP-X1.jpg,https://pemilu2019.kpu.go.id/img/c/900/046/900046241/1-11775-63-C1-PPWP-X2.jpg
6728117431177211775900046242,SUMATERA UTARA,KOTA MEDAN,MEDAN DENAI,TEGAL S MANDALA III,TPS 64,2019-10-25 17:00:05,19,148,258,167,167,167,0,https://pemilu2019.kpu.go.id/img/c/900/046/900046242/1-11775-64-C1-PPWP-X1.jpg,https://pemilu2019.kpu.go.id/img/c/900/046/900046242/1-11775-64-C1-PPWP-X2.jpg
6728117431177211775900046243,SUMATERA UTARA,KOTA MEDAN,MEDAN DENAI,TEGAL S MANDALA III,TPS 65,2019-10-25 17:00:05,24,120,270,145,145,144,1,https://pemilu2019.kpu.go.id/img/c/900/046/900046243/1-11775-65-C1-PPWP-X1.jpg,https://pemilu2019.kpu.go.id/img/c/900/046/900046243/1-11775-65-C1-PPWP-X2.jpg
6728117431177211775900046244,SUMATERA UTARA,KOTA MEDAN,MEDAN DENAI,TEGAL S MANDALA III,TPS 66,2019-10-25 17:00:05,30,133,279,163,163,163,0,https://pemilu2019.kpu.go.id/img/c/900/046/900046244/1-11775-66-C1-PPWP-X15.jpg,https://pemilu2019.kpu.go.id/img/c/900/046/900046244/1-11775-66-C1-PPWP-X16.jpg
6728117431177211775900046245,SUMATERA UTARA,KOTA MEDAN,MEDAN DENAI,TEGAL S MANDALA III,TPS 67,2019-10-25 17:00:05,28,147,311,175,176,175,1,https://pemilu2019.kpu.go.id/img/c/900/046/900046245/1-11775-67-C1-PPWP-X1.jpg,https://pemilu2019.kpu.go.id/img/c/900/046/900046245/1-11775-67-C1-PPWP-X2.jpg
6728117431177211775900046246,SUMATERA UTARA,KOTA MEDAN,MEDAN DENAI,TEGAL S MANDALA III,TPS 68,2019-10-25 17:00:05,70,72,266,143,143,142,1,https://pemilu2019.kpu.go.id/img/c/900/046/900046246/1-11775-68-C1-PPWP-X1.jpg,https://pemilu2019.kpu.go.id/img/c/900/046/900046246/1-11775-68-C1-PPWP-X2.jpg
6728117431177211775900046247,SUMATERA UTARA,KOTA MEDAN,MEDAN DENAI,TEGAL S MANDALA III,TPS 69,2019-10-25 17:00:05,40,123,294,165,165,163,2,https://pemilu2019.kpu.go.id/img/c/900/046/900046247/1-11775-69-C1-PPWP-X1.jpg,https://pemilu2019.kpu.go.id/img/c/900/046/900046247/1-11775-69-C1-PPWP-X2.jpg
6728117431177211775900046248,SUMATERA UTARA,KOTA MEDAN,MEDAN DENAI,TEGAL S MANDALA III,TPS 70,2019-10-25 17:00:05,26,150,273,176,176,176,0,https://pemilu2019.kpu.go.id/img/c/900/046/900046248/1-11775-70-C1-PPWP-X1.jpg,https://pemilu2019.kpu.go.id/img/c/900/046/900046248/1-11775-70-C1-PPWP-X2.jpg
6728117431177211775900046249,SUMATERA UTARA,KOTA MEDAN,MEDAN DENAI,TEGAL S MANDALA III,TPS 71,2019-10-25 17:00:05,39,138,287,180,179,177,2,https://pemilu2019.kpu.go.id/img/c/900/046/900046249/1-11775-71-C1-PPWP-X1.jpg,https://pemilu2019.kpu.go.id/img/c/900/046/900046249/1-11775-71-C1-PPWP-X2.jpg
6728117431177211775900046250,SUMATERA UTARA,KOTA MEDAN,MEDAN DENAI,TEGAL S MANDALA III,TPS 72,2019-10-25 17:00:05,15,128,269,143,143,143,0,https://pemilu2019.kpu.go.id/img/c/900/046/900046250/1-11775-72-C1-PPWP-X1.jpg,https://pemilu2019.kpu.go.id/img/c/900/046/900046250/1-11775-72-C1-PPWP-X2.jpg
6728117431177211775900046251,SUMATERA UTARA,KOTA MEDAN,MEDAN DENAI,TEGAL S MANDALA III,TPS 73,2019-10-25 17:00:05,13,105,349,119,120,118,2,https://pemilu2019.kpu.go.id/img/c/900/046/900046251/1-11775-73-C1-PPWP-X1.jpg,https://pemilu2019.kpu.go.id/img/c/900/046/900046251/1-11775-73-C1-PPWP-X2.jpg
6728117431177211775900046252,SUMATERA UTARA,KOTA MEDAN,MEDAN DENAI,TEGAL S MANDALA III,TPS 74,2019-10-25 17:00:05,60,157,243,217,217,217,0,https://pemilu2019.kpu.go.id/img/c/900/046/900046252/1-11775-74-C1-PPWP-X1.jpg,https://pemilu2019.kpu.go.id/img/c/900/046/900046252/1-11775-74-C1-PPWP-X2.jpg
6728117431177211775900046253,SUMATERA UTARA,KOTA MEDAN,MEDAN DENAI,TEGAL S MANDALA III,TPS 75,2019-10-25 17:00:05,32,156,254,194,194,188,6,https://pemilu2019.kpu.go.id/img/c/900/046/900046253/1-11775-75-C1-PPWP-X1.jpg,https://pemilu2019.kpu.go.id/img/c/900/046/900046253/1-11775-75-C1-PPWP-X2.jpg
6728117431177211775900046254,SUMATERA UTARA,KOTA MEDAN,MEDAN DENAI,TEGAL S MANDALA III,TPS 76,2019-10-25 17:00:05,113,105,300,218,218,218,0,https://pemilu2019.kpu.go.id/img/c/900/046/900046254/1-11775-76-C1-PPWP-X1.jpg,https://pemilu2019.kpu.go.id/img/c/900/046/900046254/1-11775-76-C1-PPWP-X2.jpg
6728117431177211775900046255,SUMATERA UTARA,KOTA MEDAN,MEDAN DENAI,TEGAL S MANDALA III,TPS 77,2019-10-25 17:00:05,67,146,269,213,213,213,0,https://pemilu2019.kpu.go.id/img/c/900/046/900046255/1-11775-77-C1-PPWP-X1.jpg,https://pemilu2019.kpu.go.id/img/c/900/046/900046255/1-11775-77-C1-PPWP-X2.jpg
6728117431177211775900046256,SUMATERA UTARA,KOTA MEDAN,MEDAN DENAI,TEGAL S MANDALA III,TPS 78,2019-10-25 17:00:05,53,136,192,192,192,189,3,https://pemilu2019.kpu.go.id/img/c/900/046/900046256/1-11775-78-C1-PPWP-X1.jpg,https://pemilu2019.kpu.go.id/img/c/900/046/900046256/1-11775-78-C1-PPWP-X2.jpg
6728117431177211775900046257,SUMATERA UTARA,KOTA MEDAN,MEDAN DENAI,TEGAL S MANDALA III,TPS 79,2019-10-25 17:00:05,46,189,235,235,235,235,1,https://pemilu2019.kpu.go.id/img/c/900/046/900046257/1-11775-79-C1-PPWP-X1.jpg,https://pemilu2019.kpu.go.id/img/c/900/046/900046257/1-11775-79-C1-PPWP-X2.jpg
6728117431177211775900046258,SUMATERA UTARA,KOTA MEDAN,MEDAN DENAI,TEGAL S MANDALA III,TPS 80,2019-10-25 17:00:05,53,155,0,211,211,208,3,https://pemilu2019.kpu.go.id/img/c/900/046/900046258/1-11775-80-C1-PPWP-X1.jpg,https://pemilu2019.kpu.go.id/img/c/900/046/900046258/1-11775-80-C1-PPWP-X2.jpg
6728117431177211775900046259,SUMATERA UTARA,KOTA MEDAN,MEDAN DENAI,TEGAL S MANDALA III,TPS 81,2019-10-25 17:00:05,64,156,275,223,223,220,3,https://pemilu2019.kpu.go.id/img/c/900/046/900046259/1-11775-81-C1-PPWP-X1.jpg,https://pemilu2019.kpu.go.id/img/c/900/046/900046259/1-11775-81-C1-PPWP-X2.jpg
6728117431177211775900046260,SUMATERA UTARA,KOTA MEDAN,MEDAN DENAI,TEGAL S MANDALA III,TPS 82,2019-10-25 17:00:05,34,144,219,178,178,178,0,https://pemilu2019.kpu.go.id/img/c/900/046/900046260/1-11775-82-C1-PPWP-X1.jpg,https://pemilu2019.kpu.go.id/img/c/900/046/900046260/1-11775-82-C1-PPWP-X2.jpg
6728117431177211775900046261,SUMATERA UTARA,KOTA MEDAN,MEDAN DENAI,TEGAL S MANDALA III,TPS 83,2019-10-25 17:00:05,54,147,258,201,201,201,0,https://pemilu2019.kpu.go.id/img/c/900/046/900046261/1-11775-83-C1-PPWP-X1.jpg,https://pemilu2019.kpu.go.id/img/c/900/046/900046261/1-11775-83-C1-PPWP-X2.jpg
6728117431177211775900046262,SUMATERA UTARA,KOTA MEDAN,MEDAN DENAI,TEGAL S MANDALA III,TPS 84,2019-10-25 17:00:05,70,159,285,230,230,229,1,https://pemilu2019.kpu.go.id/img/c/900/046/900046262/1-11775-84-C1-PPWP-X1.jpg,https://pemilu2019.kpu.go.id/img/c/900/046/900046262/1-11775-84-C1-PPWP-X2.jpg
6728117431177211775900046263,SUMATERA UTARA,KOTA MEDAN,MEDAN DENAI,TEGAL S MANDALA III,TPS 85,2019-10-25 17:00:05,30,162,306,192,192,192,0,https://pemilu2019.kpu.go.id/img/c/900/046/900046263/1-11775-85-C1-PPWP-X1.jpg,https://pemilu2019.kpu.go.id/img/c/900/046/900046263/1-11775-85-C1-PPWP-X2.jpg
6728117431177211775900046264,SUMATERA UTARA,KOTA MEDAN,MEDAN DENAI,TEGAL S MANDALA III,TPS 86,2019-10-25 17:00:05,35,199,332,234,235,234,1,https://pemilu2019.kpu.go.id/img/c/900/046/900046264/1-11775-86-C1-PPWP-X1.jpg,https://pemilu2019.kpu.go.id/img/c/900/046/900046264/1-11775-86-C1-PPWP-X2.jpg
6728117431177211775900046265,SUMATERA UTARA,KOTA MEDAN,MEDAN DENAI,TEGAL S MANDALA III,TPS 87,2019-10-25 17:00:05,26,160,315,186,186,186,0,https://pemilu2019.kpu.go.id/img/c/900/046/900046265/1-11775-87-C1-PPWP-X1.jpg,https://pemilu2019.kpu.go.id/img/c/900/046/900046265/1-11775-87-C1-PPWP-X2.jpg
6728117431177211775900046266,SUMATERA UTARA,KOTA MEDAN,MEDAN DENAI,TEGAL S MANDALA III,TPS 88,2019-10-25 17:00:05,8,161,274,170,170,169,1,https://pemilu2019.kpu.go.id/img/c/900/046/900046266/1-11775-88-C1-PPWP-X1.jpg,https://pemilu2019.kpu.go.id/img/c/900/046/900046266/1-11775-88-C1-PPWP-X2.jpg
6728117431177211775900046267,SUMATERA UTARA,KOTA MEDAN,MEDAN DENAI,TEGAL S MANDALA III,TPS 89,2019-10-25 17:00:05,32,195,259,232,227,227,0,https://pemilu2019.kpu.go.id/img/c/900/046/900046267/1-11775-89-C1-PPWP-X1.jpg,https://pemilu2019.kpu.go.id/img/c/900/046/900046267/1-11775-89-C1-PPWP-X2.jpg
6728117431177211775900046268,SUMATERA UTARA,KOTA MEDAN,MEDAN DENAI,TEGAL S MANDALA III,TPS 90,2019-10-25 17:00:05,43,190,331,237,237,233,4,https://pemilu2019.kpu.go.id/img/c/900/046/900046268/1-11775-90-C1-PPWP-X1.jpg,https://pemilu2019.kpu.go.id/img/c/900/046/900046268/1-11775-90-C1-PPWP-X2.jpg
6728117431177211775900046269,SUMATERA UTARA,KOTA MEDAN,MEDAN DENAI,TEGAL S MANDALA III,TPS 91,2019-10-25 17:00:05,26,158,260,186,185,184,1,https://pemilu2019.kpu.go.id/img/c/900/046/900046269/1-11775-91-C1-PPWP-X1.jpg,https://pemilu2019.kpu.go.id/img/c/900/046/900046269/1-11775-91-C1-PPWP-X2.jpg
6728117431177211775900046270,SUMATERA UTARA,KOTA MEDAN,MEDAN DENAI,TEGAL S MANDALA III,TPS 92,2019-10-25 17:00:05,21,147,269,168,168,168,0,https://pemilu2019.kpu.go.id/img/c/900/046/900046270/1-11775-92-C1-PPWP-X1.jpg,https://pemilu2019.kpu.go.id/img/c/900/046/900046270/1-11775-92-C1-PPWP-X2.jpg
6728117431177211775900046271,SUMATERA UTARA,KOTA MEDAN,MEDAN DENAI,TEGAL S MANDALA III,TPS 93,2019-10-25 17:00:05,10,59,240,69,69,69,0,https://pemilu2019.kpu.go.id/img/c/900/046/900046271/1-11775-93-C1-PPWP-X1.jpg,https://pemilu2019.kpu.go.id/img/c/900/046/900046271/1-11775-93-C1-PPWP-X2.jpg
6728117431176411769900045951,SUMATERA UTARA,KOTA MEDAN,MEDAN HELVETIA,CINTA DAMAI,TPS 01,2019-10-25 17:00:05,211,51,381,0,212,211,1,https://pemilu2019.kpu.go.id/img/c/900/045/900045951/11769-01-C1-PPWP-X1.jpg,https://pemilu2019.kpu.go.id/img/c/900/045/900045951/11769-01-C1-PPWP-X2.jpg
6728117431176411769900045952,SUMATERA UTARA,KOTA MEDAN,MEDAN HELVETIA,CINTA DAMAI,TPS 02,2019-10-25 17:00:05,239,9,271,249,249,248,1,https://pemilu2019.kpu.go.id/img/c/900/045/900045952/11769-02-C1-PPWP-X1.jpg,https://pemilu2019.kpu.go.id/img/c/900/045/900045952/11769-02-C1-PPWP-X2.jpg
6728117431176411769900045953,SUMATERA UTARA,KOTA MEDAN,MEDAN HELVETIA,CINTA DAMAI,TPS 03,2019-10-25 17:00:05,235,15,314,251,252,250,2,https://pemilu2019.kpu.go.id/img/c/900/045/900045953/11769-03-C1-PPWP-X1.jpg,https://pemilu2019.kpu.go.id/img/c/900/045/900045953/11769-03-C1-PPWP-X2.jpg
6728117431176411769900045954,SUMATERA UTARA,KOTA MEDAN,MEDAN HELVETIA,CINTA DAMAI,TPS 04,2019-10-25 17:00:05,212,16,299,234,234,228,6,https://pemilu2019.kpu.go.id/img/c/900/045/900045954/1-11769-04-C1-PPWP-X1.jpg,https://pemilu2019.kpu.go.id/img/c/900/045/900045954/1-11769-04-C1-PPWP-X2.jpg
6728117431176411769900045955,SUMATERA UTARA,KOTA MEDAN,MEDAN HELVETIA,CINTA DAMAI,TPS 05,2019-10-25 17:00:05,234,13,249,249,249,247,2,https://pemilu2019.kpu.go.id/img/c/900/045/900045955/1-11769-05-C1-PPWP-X1.jpg,https://pemilu2019.kpu.go.id/img/c/900/045/900045955/1-11769-05-C1-PPWP-X2.jpg
6728117431176411769900045956,SUMATERA UTARA,KOTA MEDAN,MEDAN HELVETIA,CINTA DAMAI,TPS 06,2019-10-25 17:00:05,245,11,254,256,256,256,0,https://pemilu2019.kpu.go.id/img/c/900/045/900045956/2-11769-06-C1-PPWP-X1.jpg,https://pemilu2019.kpu.go.id/img/c/900/045/900045956/2-11769-06-C1-PPWP-X2.jpg
6728117431176411769900045957,SUMATERA UTARA,KOTA MEDAN,MEDAN HELVETIA,CINTA DAMAI,TPS 07,2019-10-25 17:00:05,213,15,271,228,228,228,0,https://pemilu2019.kpu.go.id/img/c/900/045/900045957/1-11769-07-C1-PPWP-X3.jpg,https://pemilu2019.kpu.go.id/img/c/900/045/900045957/1-11769-07-C1-PPWP-X4.jpg
6728117431176411769900045958,SUMATERA UTARA,KOTA MEDAN,MEDAN HELVETIA,CINTA DAMAI,TPS 08,2019-10-25 17:00:05,178,54,342,233,233,232,1,https://pemilu2019.kpu.go.id/img/c/900/045/900045958/1-11769-08-C1-PPWP-X1.jpg,https://pemilu2019.kpu.go.id/img/c/900/045/900045958/1-11769-08-C1-PPWP-X2.jpg
6728117431176411769900045959,SUMATERA UTARA,KOTA MEDAN,MEDAN HELVETIA,CINTA DAMAI,TPS 09,2019-10-25 17:00:05,240,18,280,258,258,258,0,https://pemilu2019.kpu.go.id/img/c/900/045/900045959/11769-09-C1-PPWP-X1.jpg,https://pemilu2019.kpu.go.id/img/c/900/045/900045959/11769-09-C1-PPWP-X2.jpg
6728117431176411769900045960,SUMATERA UTARA,KOTA MEDAN,MEDAN HELVETIA,CINTA DAMAI,TPS 10,2019-10-25 17:00:05,238,19,268,259,259,257,2,https://pemilu2019.kpu.go.id/img/c/900/045/900045960/11769-10-C-XXX-X5.jpg,https://pemilu2019.kpu.go.id/img/c/900/045/900045960/11769-10-C-XXX-X6.jpg
6728117431176411769900045961,SUMATERA UTARA,KOTA MEDAN,MEDAN HELVETIA,CINTA DAMAI,TPS 11,2019-10-25 17:00:05,143,29,242,172,172,172,0,https://pemilu2019.kpu.go.id/img/c/900/045/900045961/11769-11-C1-PPWP-X1.jpg,https://pemilu2019.kpu.go.id/img/c/900/045/900045961/11769-11-C1-PPWP-X2.jpg
6728117431176411769900045962,SUMATERA UTARA,KOTA MEDAN,MEDAN HELVETIA,CINTA DAMAI,TPS 12,2019-10-25 17:00:05,224,17,327,243,243,240,3,https://pemilu2019.kpu.go.id/img/c/900/045/900045962/1-11769-12-C1-PPWP-X1.jpg,https://pemilu2019.kpu.go.id/img/c/900/045/900045962/1-11769-12-C1-PPWP-X2.jpg
6728117431176411769900045963,SUMATERA UTARA,KOTA MEDAN,MEDAN HELVETIA,CINTA DAMAI,TPS 13,2019-10-25 17:00:05,191,24,317,215,215,215,0,https://pemilu2019.kpu.go.id/img/c/900/045/900045963/11769-13-C1-PPWP-X1.jpg,https://pemilu2019.kpu.go.id/img/c/900/045/900045963/11769-13-C1-PPWP-X2.jpg
6728117431176411769900045964,SUMATERA UTARA,KOTA MEDAN,MEDAN HELVETIA,CINTA DAMAI,TPS 14,2019-10-25 17:00:05,158,36,309,194,194,194,0,https://pemilu2019.kpu.go.id/img/c/900/045/900045964/11769-14-C1-PPWP-X1.jpg,https://pemilu2019.kpu.go.id/img/c/900/045/900045964/11769-14-C1-PPWP-X2.jpg
6728117431176411769900045965,SUMATERA UTARA,KOTA MEDAN,MEDAN HELVETIA,CINTA DAMAI,TPS 15,2019-10-25 17:00:05,233,34,265,271,271,267,4,https://pemilu2019.kpu.go.id/img/c/900/045/900045965/11769-15-C1-PPWP-X1.jpg,https://pemilu2019.kpu.go.id/img/c/900/045/900045965/11769-15-C1-PPWP-X2.jpg
6728117431176411769900045966,SUMATERA UTARA,KOTA MEDAN,MEDAN HELVETIA,CINTA DAMAI,TPS 16,2019-10-25 17:00:05,211,39,255,251,251,250,1,https://pemilu2019.kpu.go.id/img/c/900/045/900045966/7-11769-16-C1-PPWP-X1.jpg,https://pemilu2019.kpu.go.id/img/c/900/045/900045966/7-11769-16-C1-PPWP-X2.jpg
6728117431176411769900045967,SUMATERA UTARA,KOTA MEDAN,MEDAN HELVETIA,CINTA DAMAI,TPS 17,2019-10-25 17:00:05,224,30,338,256,257,254,30,https://pemilu2019.kpu.go.id/img/c/900/045/900045967/11769-17-C1-PPWP-X1.jpg,https://pemilu2019.kpu.go.id/img/c/900/045/900045967/11769-17-C1-PPWP-X2.jpg
6728117431176411769900045968,SUMATERA UTARA,KOTA MEDAN,MEDAN HELVETIA,CINTA DAMAI,TPS 18,2019-10-25 17:00:05,224,20,245,246,246,244,2,https://pemilu2019.kpu.go.id/img/c/900/045/900045968/11769-18-C1-PPWP-X1.jpg,https://pemilu2019.kpu.go.id/img/c/900/045/900045968/11769-18-C1-PPWP-X2.jpg
6728117431176411769900045969,SUMATERA UTARA,KOTA MEDAN,MEDAN HELVETIA,CINTA DAMAI,TPS 19,2019-10-25 17:00:05,176,75,272,253,253,251,2,https://pemilu2019.kpu.go.id/img/c/900/045/900045969/11769-19-C1-PPWP-X1.jpg,https://pemilu2019.kpu.go.id/img/c/900/045/900045969/11769-19-C1-PPWP-X2.jpg
6728117431176411769900045970,SUMATERA UTARA,KOTA MEDAN,MEDAN HELVETIA,CINTA DAMAI,TPS 20,2019-10-25 17:00:05,232,27,341,263,263,259,4,https://pemilu2019.kpu.go.id/img/c/900/045/900045970/11769-20-C1-PPWP-X1.jpg,https://pemilu2019.kpu.go.id/img/c/900/045/900045970/11769-20-C1-PPWP-X2.jpg
6728117431176411769900045971,SUMATERA UTARA,KOTA MEDAN,MEDAN HELVETIA,CINTA DAMAI,TPS 21,2019-10-25 17:00:05,237,42,277,281,281,279,2,https://pemilu2019.kpu.go.id/img/c/900/045/900045971/11769-21-C1-PPWP-X1.jpg,https://pemilu2019.kpu.go.id/img/c/900/045/900045971/11769-21-C1-PPWP-X2.jpg
6728117431176411769900045972,SUMATERA UTARA,KOTA MEDAN,MEDAN HELVETIA,CINTA DAMAI,TPS 22,2019-10-25 17:00:05,215,33,334,248,248,248,0,https://pemilu2019.kpu.go.id/img/c/900/045/900045972/11769-22-C1-PPWP-X1.jpg,https://pemilu2019.kpu.go.id/img/c/900/045/900045972/11769-22-C1-PPWP-X2.jpg
6728117431176411769900045973,SUMATERA UTARA,KOTA MEDAN,MEDAN HELVETIA,CINTA DAMAI,TPS 23,2019-10-25 17:00:05,188,25,251,213,213,213,0,https://pemilu2019.kpu.go.id/img/c/900/045/900045973/1-11769-23-C1-PPWP-X1.jpg,https://pemilu2019.kpu.go.id/img/c/900/045/900045973/1-11769-23-C1-PPWP-X2.jpg
6728117431176411769900045974,SUMATERA UTARA,KOTA MEDAN,MEDAN HELVETIA,CINTA DAMAI,TPS 24,2019-10-25 17:00:05,172,62,328,234,234,234,0,https://pemilu2019.kpu.go.id/img/c/900/045/900045974/1-11769-24-C1-PPWP-X1.jpg,https://pemilu2019.kpu.go.id/img/c/900/045/900045974/1-11769-24-C1-PPWP-X2.jpg
6728117431176411769900045975,SUMATERA UTARA,KOTA MEDAN,MEDAN HELVETIA,CINTA DAMAI,TPS 25,2019-10-25 17:00:05,188,73,341,264,263,261,3,https://pemilu2019.kpu.go.id/img/c/900/045/900045975/1-11769-25-C1-PPWP-X1.jpg,https://pemilu2019.kpu.go.id/img/c/900/045/900045975/1-11769-25-C1-PPWP-X2.jpg
6728117431176411769900045976,SUMATERA UTARA,KOTA MEDAN,MEDAN HELVETIA,CINTA DAMAI,TPS 26,2019-10-25 17:00:05,146,62,299,210,210,208,2,https://pemilu2019.kpu.go.id/img/c/900/045/900045976/1-11769-26-C1-PPWP-X1.jpg,https://pemilu2019.kpu.go.id/img/c/900/045/900045976/1-11769-26-C1-PPWP-X2.jpg
6728117431176411769900045977,SUMATERA UTARA,KOTA MEDAN,MEDAN HELVETIA,CINTA DAMAI,TPS 27,2019-10-25 17:00:05,112,49,332,162,162,161,1,https://pemilu2019.kpu.go.id/img/c/900/045/900045977/2-11769-27-C1-PPWP-X3.jpg,https://pemilu2019.kpu.go.id/img/c/900/045/900045977/2-11769-27-C1-PPWP-X4.jpg
6728117431176411769900045978,SUMATERA UTARA,KOTA MEDAN,MEDAN HELVETIA,CINTA DAMAI,TPS 28,2019-10-25 17:00:05,50,156,329,208,208,206,2,https://pemilu2019.kpu.go.id/img/c/900/045/900045978/11769-28-C1-PPWP-X1.jpg,https://pemilu2019.kpu.go.id/img/c/900/045/900045978/11769-28-C1-PPWP-X2.jpg
6728117431176411769900045979,SUMATERA UTARA,KOTA MEDAN,MEDAN HELVETIA,CINTA DAMAI,TPS 29,2019-10-25 17:00:05,41,167,275,211,212,208,4,https://pemilu2019.kpu.go.id/img/c/900/045/900045979/1-11769-29-C1-PPWP-X5.jpg,https://pemilu2019.kpu.go.id/img/c/900/045/900045979/1-11769-29-C1-PPWP-X6.jpg
6728117431176411769900045980,SUMATERA UTARA,KOTA MEDAN,MEDAN HELVETIA,CINTA DAMAI,TPS 30,2019-10-25 17:00:05,41,115,277,158,158,156,2,https://pemilu2019.kpu.go.id/img/c/900/045/900045980/11769-30-C1-PPWP-X1.jpg,https://pemilu2019.kpu.go.id/img/c/900/045/900045980/11769-30-C1-PPWP-X2.jpg
6728117431176411769900045981,SUMATERA UTARA,KOTA MEDAN,MEDAN HELVETIA,CINTA DAMAI,TPS 31,2019-10-25 17:00:05,59,160,322,221,221,219,2,https://pemilu2019.kpu.go.id/img/c/900/045/900045981/4-11769-31-C1-PPWP-X7.jpg,https://pemilu2019.kpu.go.id/img/c/900/045/900045981/4-11769-31-C1-PPWP-X8.jpg
6728117431176411769900045982,SUMATERA UTARA,KOTA MEDAN,MEDAN HELVETIA,CINTA DAMAI,TPS 32,2019-10-25 17:00:05,39,144,270,185,185,183,2,https://pemilu2019.kpu.go.id/img/c/900/045/900045982/1-11769-32-C1-PPWP-X1.jpg,https://pemilu2019.kpu.go.id/img/c/900/045/900045982/1-11769-32-C1-PPWP-X2.jpg
6728117431176411769900045983,SUMATERA UTARA,KOTA MEDAN,MEDAN HELVETIA,CINTA DAMAI,TPS 33,2019-10-25 17:00:05,31,100,267,132,132,131,1,https://pemilu2019.kpu.go.id/img/c/900/045/900045983/1-11769-33-C1-PPWP-X1.jpg,https://pemilu2019.kpu.go.id/img/c/900/045/900045983/1-11769-33-C1-PPWP-X2.jpg
6728117431176411769900045984,SUMATERA UTARA,KOTA MEDAN,MEDAN HELVETIA,CINTA DAMAI,TPS 34,2019-10-25 17:00:05,29,158,283,187,187,187,0,https://pemilu2019.kpu.go.id/img/c/900/045/900045984/11769-34-C-XXX-X5.jpg,https://pemilu2019.kpu.go.id/img/c/900/045/900045984/11769-34-C-XXX-X6.jpg
6728117431176411769900045985,SUMATERA UTARA,KOTA MEDAN,MEDAN HELVETIA,CINTA DAMAI,TPS 35,2019-10-25 17:00:05,80,162,332,243,243,242,1,https://pemilu2019.kpu.go.id/img/c/900/045/900045985/1-11769-35-C1-PPWP-X9.jpg,https://pemilu2019.kpu.go.id/img/c/900/045/900045985/1-11769-35-C1-PPWP-X10.jpg
6728117431176411769900045986,SUMATERA UTARA,KOTA MEDAN,MEDAN HELVETIA,CINTA DAMAI,TPS 36,2019-10-25 17:00:05,135,40,312,175,175,175,0,https://pemilu2019.kpu.go.id/img/c/900/045/900045986/1-11769-36-C1-PPWP-X1.jpg,https://pemilu2019.kpu.go.id/img/c/900/045/900045986/1-11769-36-C1-PPWP-X2.jpg
6728117431176411769900045987,SUMATERA UTARA,KOTA MEDAN,MEDAN HELVETIA,CINTA DAMAI,TPS 37,2019-10-25 17:00:05,80,166,357,247,247,246,1,https://pemilu2019.kpu.go.id/img/c/900/045/900045987/1-11769-37-C1-PPWP-X1.jpg,https://pemilu2019.kpu.go.id/img/c/900/045/900045987/1-11769-37-C1-PPWP-X2.jpg
6728117431176411769900045988,SUMATERA UTARA,KOTA MEDAN,MEDAN HELVETIA,CINTA DAMAI,TPS 38,2019-10-25 17:00:05,64,174,255,238,238,238,0,https://pemilu2019.kpu.go.id/img/c/900/045/900045988/11769-38-C1-PPWP-X1.jpg,https://pemilu2019.kpu.go.id/img/c/900/045/900045988/11769-38-C1-PPWP-X2.jpg
6728117431176411769900045989,SUMATERA UTARA,KOTA MEDAN,MEDAN HELVETIA,CINTA DAMAI,TPS 39,2019-10-25 17:00:05,167,61,266,230,230,228,2,https://pemilu2019.kpu.go.id/img/c/900/045/900045989/11769-39-C1-PPWP-X1.jpg,https://pemilu2019.kpu.go.id/img/c/900/045/900045989/11769-39-C1-PPWP-X2.jpg
6728117431176411769900045990,SUMATERA UTARA,KOTA MEDAN,MEDAN HELVETIA,CINTA DAMAI,TPS 40,2019-10-25 17:00:05,114,130,359,246,246,244,2,https://pemilu2019.kpu.go.id/img/c/900/045/900045990/1-11769-40-C1-PPWP-X1.jpg,https://pemilu2019.kpu.go.id/img/c/900/045/900045990/1-11769-40-C1-PPWP-X2.jpg
6728117431176411769900045991,SUMATERA UTARA,KOTA MEDAN,MEDAN HELVETIA,CINTA DAMAI,TPS 41,2019-10-25 17:00:05,117,123,237,248,243,240,3,https://pemilu2019.kpu.go.id/img/c/900/045/900045991/2-11769-41-C1-PPWP-X11.jpg,https://pemilu2019.kpu.go.id/img/c/900/045/900045991/2-11769-41-C1-PPWP-X12.jpg
6728117431176411770900045992,SUMATERA UTARA,KOTA MEDAN,MEDAN HELVETIA,DWI KORA,TPS 01,2019-10-25 17:00:05,122,122,341,248,248,244,4,https://pemilu2019.kpu.go.id/img/c/900/045/900045992/3-11770-01-C-XXX-X5.jpg,https://pemilu2019.kpu.go.id/img/c/900/045/900045992/3-11770-01-C-XXX-X6.jpg
6728117431176411770900045993,SUMATERA UTARA,KOTA MEDAN,MEDAN HELVETIA,DWI KORA,TPS 02,2019-10-25 17:00:05,85,136,310,222,222,221,1,https://pemilu2019.kpu.go.id/img/c/900/045/900045993/1-11770-02-C-XXX-X5.jpg,https://pemilu2019.kpu.go.id/img/c/900/045/900045993/1-11770-02-C-XXX-X6.jpg
6728117431176411770900045994,SUMATERA UTARA,KOTA MEDAN,MEDAN HELVETIA,DWI KORA,TPS 03,2019-10-25 17:00:05,119,131,333,250,250,250,0,https://pemilu2019.kpu.go.id/img/c/900/045/900045994/2-11770-03-C-XXX-X5.jpg,https://pemilu2019.kpu.go.id/img/c/900/045/900045994/2-11770-03-C-XXX-X6.jpg
6728117431176411770900045995,SUMATERA UTARA,KOTA MEDAN,MEDAN HELVETIA,DWI KORA,TPS 04,2019-10-25 17:00:05,129,113,297,243,243,242,1,https://pemilu2019.kpu.go.id/img/c/900/045/900045995/2-11770-04-C1-PPWP-X1.jpg,https://pemilu2019.kpu.go.id/img/c/900/045/900045995/2-11770-04-C1-PPWP-02.jpg
6728117431176411770900045996,SUMATERA UTARA,KOTA MEDAN,MEDAN HELVETIA,DWI KORA,TPS 05,2019-10-25 17:00:05,94,146,298,241,241,240,1,https://pemilu2019.kpu.go.id/img/c/900/045/900045996/2-11770-05-C-XXX-X5.jpg,https://pemilu2019.kpu.go.id/img/c/900/045/900045996/2-11770-05-C-XXX-X6.jpg
6728117431176411770900045997,SUMATERA UTARA,KOTA MEDAN,MEDAN HELVETIA,DWI KORA,TPS 06,2019-10-25 17:00:05,108,123,347,231,231,231,0,https://pemilu2019.kpu.go.id/img/c/900/045/900045997/2-11770-06-C1-PPWP-X1.jpg,https://pemilu2019.kpu.go.id/img/c/900/045/900045997/2-11770-06-C1-PPWP-X2.jpg
6728117431176411770900045998,SUMATERA UTARA,KOTA MEDAN,MEDAN HELVETIA,DWI KORA,TPS 07,2019-10-25 17:00:05,144,52,300,196,197,196,1,https://pemilu2019.kpu.go.id/img/c/900/045/900045998/2-11770-07-C1-PPWP-X1.jpg,https://pemilu2019.kpu.go.id/img/c/900/045/900045998/2-11770-07-C1-PPWP-X2.jpg
6728117431176411770900045999,SUMATERA UTARA,KOTA MEDAN,MEDAN HELVETIA,DWI KORA,TPS 08,2019-10-25 17:00:05,98,151,340,254,254,249,5,https://pemilu2019.kpu.go.id/img/c/900/045/900045999/2-11770-08-C1-PPWP-X1.jpg,https://pemilu2019.kpu.go.id/img/c/900/045/900045999/2-11770-08-C1-PPWP-X2.jpg
6728117431176411770900046000,SUMATERA UTARA,KOTA MEDAN,MEDAN HELVETIA,DWI KORA,TPS 09,2019-10-25 17:00:05,104,73,332,176,178,177,1,https://pemilu2019.kpu.go.id/img/c/900/046/900046000/2-11770-09-C-XXX-X5.jpg,https://pemilu2019.kpu.go.id/img/c/900/046/900046000/2-11770-09-C-XXX-X6.jpg
6728117431176411770900046001,SUMATERA UTARA,KOTA MEDAN,MEDAN HELVETIA,DWI KORA,TPS 10,2019-10-25 17:00:05,69,159,306,231,231,228,3,https://pemilu2019.kpu.go.id/img/c/900/046/900046001/2-11770-10-C1-PPWP-01.jpg,https://pemilu2019.kpu.go.id/img/c/900/046/900046001/2-11770-10-C1-PPWP-X2.jpg
6728117431176411770900046002,SUMATERA UTARA,KOTA MEDAN,MEDAN HELVETIA,DWI KORA,TPS 11,2019-10-25 17:00:05,141,84,346,227,227,225,2,https://pemilu2019.kpu.go.id/img/c/900/046/900046002/2-11770-11-C-XXX-X5.jpg,https://pemilu2019.kpu.go.id/img/c/900/046/900046002/2-11770-11-C-XXX-X6.jpg
6728117431176411770900046003,SUMATERA UTARA,KOTA MEDAN,MEDAN HELVETIA,DWI KORA,TPS 12,2019-10-25 17:00:05,83,150,309,235,235,233,2,https://pemilu2019.kpu.go.id/img/c/900/046/900046003/2-11770-12-C1-PPWP-X1.jpg,https://pemilu2019.kpu.go.id/img/c/900/046/900046003/2-11770-12-C1-PPWP-X2.jpg
6728117431176411770900046004,SUMATERA UTARA,KOTA MEDAN,MEDAN HELVETIA,DWI KORA,TPS 13,2019-10-25 17:00:05,68,112,296,183,183,180,3,https://pemilu2019.kpu.go.id/img/c/900/046/900046004/1-11770-13-C1-PPWP-X1.jpg,https://pemilu2019.kpu.go.id/img/c/900/046/900046004/1-11770-13-C1-PPWP-X2.jpg
6728117431176411770900046005,SUMATERA UTARA,KOTA MEDAN,MEDAN HELVETIA,DWI KORA,TPS 14,2019-10-25 17:00:05,75,146,316,223,223,221,2,https://pemilu2019.kpu.go.id/img/c/900/046/900046005/1-11770-14-C1-PPWP-X1.jpg,https://pemilu2019.kpu.go.id/img/c/900/046/900046005/1-11770-14-C1-PPWP-X2.jpg
6728117431176411770900046006,SUMATERA UTARA,KOTA MEDAN,MEDAN HELVETIA,DWI KORA,TPS 15,2019-10-25 17:00:05,107,152,361,260,260,259,1,https://pemilu2019.kpu.go.id/img/c/900/046/900046006/1-11770-15-C1-PPWP-X1.jpg,https://pemilu2019.kpu.go.id/img/c/900/046/900046006/1-11770-15-C1-PPWP-X2.jpg
6728117431176411770900046007,SUMATERA UTARA,KOTA MEDAN,MEDAN HELVETIA,DWI KORA,TPS 16,2019-10-25 17:00:05,103,102,298,205,205,205,0,https://pemilu2019.kpu.go.id/img/c/900/046/900046007/1-11770-16-C1-PPWP-X1.jpg,https://pemilu2019.kpu.go.id/img/c/900/046/900046007/1-11770-16-C1-PPWP-X2.jpg
6728117431176411770900046008,SUMATERA UTARA,KOTA MEDAN,MEDAN HELVETIA,DWI KORA,TPS 17,2019-10-25 17:00:05,88,109,319,203,203,197,6,https://pemilu2019.kpu.go.id/img/c/900/046/900046008/1-11770-17-C1-PPWP-X1.jpg,https://pemilu2019.kpu.go.id/img/c/900/046/900046008/1-11770-17-C1-PPWP-X2.jpg
6728117431176411770900046009,SUMATERA UTARA,KOTA MEDAN,MEDAN HELVETIA,DWI KORA,TPS 18,2019-10-25 17:00:05,87,154,317,244,244,241,3,https://pemilu2019.kpu.go.id/img/c/900/046/900046009/1-11770-18-C-XXX-X5.jpg,https://pemilu2019.kpu.go.id/img/c/900/046/900046009/1-11770-18-C-XXX-X6.jpg
6728117431176411770900046010,SUMATERA UTARA,KOTA MEDAN,MEDAN HELVETIA,DWI KORA,TPS 19,2019-10-25 17:00:05,99,117,323,217,217,216,1,https://pemilu2019.kpu.go.id/img/c/900/046/900046010/1-11770-19-C1-PPWP-X1.jpg,https://pemilu2019.kpu.go.id/img/c/900/046/900046010/1-11770-19-C1-PPWP-X2.jpg
6728117431176411770900046011,SUMATERA UTARA,KOTA MEDAN,MEDAN HELVETIA,DWI KORA,TPS 20,2019-10-25 17:00:05,93,102,316,196,196,195,1,https://pemilu2019.kpu.go.id/img/c/900/046/900046011/1-11770-20-C1-PPWP-X1.jpg,https://pemilu2019.kpu.go.id/img/c/900/046/900046011/1-11770-20-C1-PPWP-X2.jpg
6728117431176411770900046012,SUMATERA UTARA,KOTA MEDAN,MEDAN HELVETIA,DWI KORA,TPS 21,2019-10-25 17:00:05,47,143,300,192,192,190,2,https://pemilu2019.kpu.go.id/img/c/900/046/900046012/2-11770-21-C1-PPWP-X1.jpg,https://pemilu2019.kpu.go.id/img/c/900/046/900046012/2-11770-21-C1-PPWP-X2.jpg
6728117431176411770900046013,SUMATERA UTARA,KOTA MEDAN,MEDAN HELVETIA,DWI KORA,TPS 22,2019-10-25 17:00:05,94,166,300,264,264,260,4,https://pemilu2019.kpu.go.id/img/c/900/046/900046013/2-11770-22-C1-PPWP-X1.jpg,https://pemilu2019.kpu.go.id/img/c/900/046/900046013/2-11770-22-C1-PPWP-X2.jpg
6728117431176411770900046014,SUMATERA UTARA,KOTA MEDAN,MEDAN HELVETIA,DWI KORA,TPS 23,2019-10-25 17:00:05,127,135,345,262,262,262,0,https://pemilu2019.kpu.go.id/img/c/900/046/900046014/2-11770-23-C-XXX-X5.jpg,https://pemilu2019.kpu.go.id/img/c/900/046/900046014/2-11770-23-C-XXX-X6.jpg
6728117431176411770900046015,SUMATERA UTARA,KOTA MEDAN,MEDAN HELVETIA,DWI KORA,TPS 24,2019-10-25 17:00:05,77,174,349,258,258,251,7,https://pemilu2019.kpu.go.id/img/c/900/046/900046015/2-11770-24-C1-PPWP-X1.jpg,https://pemilu2019.kpu.go.id/img/c/900/046/900046015/2-11770-24-C1-PPWP-X2.jpg
6728117431176411770900046016,SUMATERA UTARA,KOTA MEDAN,MEDAN HELVETIA,DWI KORA,TPS 25,2019-10-25 17:00:05,93,137,328,231,231,230,1,https://pemilu2019.kpu.go.id/img/c/900/046/900046016/1-11770-25-C-XXX-X5.jpg,https://pemilu2019.kpu.go.id/img/c/900/046/900046016/1-11770-25-C-XXX-X6.jpg
6728117431176411770900046017,SUMATERA UTARA,KOTA MEDAN,MEDAN HELVETIA,DWI KORA,TPS 26,2019-10-25 17:00:05,99,148,328,252,252,247,5,https://pemilu2019.kpu.go.id/img/c/900/046/900046017/1-11770-26-C-XXX-X5.jpg,https://pemilu2019.kpu.go.id/img/c/900/046/900046017/1-11770-26-C-XXX-X6.jpg
6728117431176411770900046018,SUMATERA UTARA,KOTA MEDAN,MEDAN HELVETIA,DWI KORA,TPS 27,2019-10-25 17:00:05,85,112,313,198,198,197,1,https://pemilu2019.kpu.go.id/img/c/900/046/900046018/1-11770-27-C1-PPWP-X3.jpg,https://pemilu2019.kpu.go.id/img/c/900/046/900046018/1-11770-27-C1-PPWP-X4.jpg
6728117431176411770900046019,SUMATERA UTARA,KOTA MEDAN,MEDAN HELVETIA,DWI KORA,TPS 28,2019-10-25 17:00:05,84,150,329,236,236,234,2,https://pemilu2019.kpu.go.id/img/c/900/046/900046019/1-11770-28-C-XXX-X5.jpg,https://pemilu2019.kpu.go.id/img/c/900/046/900046019/1-11770-28-C-XXX-X6.jpg
6728117431176411770900046020,SUMATERA UTARA,KOTA MEDAN,MEDAN HELVETIA,DWI KORA,TPS 29,2019-10-25 17:00:05,63,125,312,191,191,188,3,https://pemilu2019.kpu.go.id/img/c/900/046/900046020/1-11770-29-C1-PPWP-X1.jpg,https://pemilu2019.kpu.go.id/img/c/900/046/900046020/1-11770-29-C1-PPWP-X2.jpg
6728117431176411770900046021,SUMATERA UTARA,KOTA MEDAN,MEDAN HELVETIA,DWI KORA,TPS 30,2019-10-25 17:00:05,56,184,241,241,241,240,1,https://pemilu2019.kpu.go.id/img/c/900/046/900046021/2-11770-30-C1-PPWP-X1.jpg,https://pemilu2019.kpu.go.id/img/c/900/046/900046021/2-11770-30-C1-PPWP-X2.jpg
6728117431176411770900046022,SUMATERA UTARA,KOTA MEDAN,MEDAN HELVETIA,DWI KORA,TPS 31,2019-10-25 17:00:05,80,158,332,240,240,238,2,https://pemilu2019.kpu.go.id/img/c/900/046/900046022/1-11770-31-C1-PPWP-X1.jpg,https://pemilu2019.kpu.go.id/img/c/900/046/900046022/1-11770-31-C1-PPWP-X2.jpg
6728117431176411770900046023,SUMATERA UTARA,KOTA MEDAN,MEDAN HELVETIA,DWI KORA,TPS 32,2019-10-25 17:00:05,63,167,320,233,233,230,3,https://pemilu2019.kpu.go.id/img/c/900/046/900046023/1-11770-32-C1-PPWP-X1.jpg,https://pemilu2019.kpu.go.id/img/c/900/046/900046023/1-11770-32-C1-PPWP-X2.jpg
6728117431176411770900046024,SUMATERA UTARA,KOTA MEDAN,MEDAN HELVETIA,DWI KORA,TPS 33,2019-10-25 17:00:05,73,97,307,173,173,170,3,https://pemilu2019.kpu.go.id/img/c/900/046/900046024/1-11770-33-C1-PPWP-X1.jpg,https://pemilu2019.kpu.go.id/img/c/900/046/900046024/1-11770-33-C1-PPWP-X2.jpg
6728117431176411770900046025,SUMATERA UTARA,KOTA MEDAN,MEDAN HELVETIA,DWI KORA,TPS 34,2019-10-25 17:00:05,88,94,304,185,185,182,3,https://pemilu2019.kpu.go.id/img/c/900/046/900046025/1-11770-34-C1-PPWP-X1.jpg,https://pemilu2019.kpu.go.id/img/c/900/046/900046025/1-11770-34-C1-PPWP-X2.jpg
6728117431176411770900046026,SUMATERA UTARA,KOTA MEDAN,MEDAN HELVETIA,DWI KORA,TPS 35,2019-10-25 17:00:05,67,86,304,153,153,153,0,https://pemilu2019.kpu.go.id/img/c/900/046/900046026/2-11770-35-C1-PPWP-X5.jpg,https://pemilu2019.kpu.go.id/img/c/900/046/900046026/2-11770-35-C1-PPWP-X6.jpg
6728117431176411770900046027,SUMATERA UTARA,KOTA MEDAN,MEDAN HELVETIA,DWI KORA,TPS 36,2019-10-25 17:00:05,46,105,325,151,151,151,0,https://pemilu2019.kpu.go.id/img/c/900/046/900046027/1-11770-36-C1-PPWP-X1.jpg,https://pemilu2019.kpu.go.id/img/c/900/046/900046027/1-11770-36-C1-PPWP-X2.jpg
6728117431176411770900046028,SUMATERA UTARA,KOTA MEDAN,MEDAN HELVETIA,DWI KORA,TPS 37,2019-10-25 17:00:05,73,141,306,215,215,214,1,https://pemilu2019.kpu.go.id/img/c/900/046/900046028/1-11770-37-C-XXX-X5.jpg,https://pemilu2019.kpu.go.id/img/c/900/046/900046028/1-11770-37-C-XXX-X6.jpg
6728117431176411770900046029,SUMATERA UTARA,KOTA MEDAN,MEDAN HELVETIA,DWI KORA,TPS 38,2019-10-25 17:00:05,118,78,313,197,197,196,1,https://pemilu2019.kpu.go.id/img/c/900/046/900046029/1-11770-38-C-XXX-X5.jpg,https://pemilu2019.kpu.go.id/img/c/900/046/900046029/1-11770-38-C-XXX-X6.jpg
6728117431176411770900046030,SUMATERA UTARA,KOTA MEDAN,MEDAN HELVETIA,DWI KORA,TPS 39,2019-10-25 17:00:05,74,150,330,227,227,224,3,https://pemilu2019.kpu.go.id/img/c/900/046/900046030/1-11770-39-C1-PPWP-X1.jpg,https://pemilu2019.kpu.go.id/img/c/900/046/900046030/1-11770-39-C1-PPWP-X2.jpg
6728117431176411770900046031,SUMATERA UTARA,KOTA MEDAN,MEDAN HELVETIA,DWI KORA,TPS 40,2019-10-25 17:00:05,91,117,304,208,208,208,0,https://pemilu2019.kpu.go.id/img/c/900/046/900046031/1-11770-40-C1-PPWP-X1.jpg,https://pemilu2019.kpu.go.id/img/c/900/046/900046031/1-11770-40-C1-PPWP-X2.jpg
6728117431176411770900046032,SUMATERA UTARA,KOTA MEDAN,MEDAN HELVETIA,DWI KORA,TPS 41,2019-10-25 17:00:05,53,129,304,185,185,182,3,https://pemilu2019.kpu.go.id/img/c/900/046/900046032/1-11770-41-C1-PPWP-X1.jpg,https://pemilu2019.kpu.go.id/img/c/900/046/900046032/1-11770-41-C1-PPWP-X2.jpg
6728117431176411770900046033,SUMATERA UTARA,KOTA MEDAN,MEDAN HELVETIA,DWI KORA,TPS 42,2019-10-25 17:00:05,63,114,304,179,179,177,2,https://pemilu2019.kpu.go.id/img/c/900/046/900046033/1-11770-42-C1-PPWP-X1.jpg,https://pemilu2019.kpu.go.id/img/c/900/046/900046033/1-11770-42-C1-PPWP-X2.jpg
6728117431176411770900046034,SUMATERA UTARA,KOTA MEDAN,MEDAN HELVETIA,DWI KORA,TPS 43,2019-10-25 17:00:05,80,85,299,168,168,165,3,https://pemilu2019.kpu.go.id/img/c/900/046/900046034/2-11770-43-C1-PPWP-X7.jpg,https://pemilu2019.kpu.go.id/img/c/900/046/900046034/2-11770-43-C1-PPWP-X8.jpg
6728117431176411770900046035,SUMATERA UTARA,KOTA MEDAN,MEDAN HELVETIA,DWI KORA,TPS 44,2019-10-25 17:00:05,84,125,210,210,210,209,1,https://pemilu2019.kpu.go.id/img/c/900/046/900046035/1-11770-44-C1-PPWP-X1.jpg,https://pemilu2019.kpu.go.id/img/c/900/046/900046035/1-11770-44-C1-PPWP-X2.jpg
6728117431176411770900046036,SUMATERA UTARA,KOTA MEDAN,MEDAN HELVETIA,DWI KORA,TPS 45,2019-10-25 17:00:05,88,46,305,134,134,134,0,https://pemilu2019.kpu.go.id/img/c/900/046/900046036/1-11770-45-C1-PPWP-X1.jpg,https://pemilu2019.kpu.go.id/img/c/900/046/900046036/1-11770-45-C1-PPWP-X2.jpg
6728117431176411770900046037,SUMATERA UTARA,KOTA MEDAN,MEDAN HELVETIA,DWI KORA,TPS 46,2019-10-25 17:00:05,52,117,321,171,171,169,2,https://pemilu2019.kpu.go.id/img/c/900/046/900046037/1-11770-46-C-XXX-X5.jpg,https://pemilu2019.kpu.go.id/img/c/900/046/900046037/1-11770-46-C-XXX-X6.jpg
6728117431176411770900046038,SUMATERA UTARA,KOTA MEDAN,MEDAN HELVETIA,DWI KORA,TPS 47,2019-10-25 17:00:05,117,77,322,195,195,194,1,https://pemilu2019.kpu.go.id/img/c/900/046/900046038/1-11770-47-C-XXX-X5.jpg,https://pemilu2019.kpu.go.id/img/c/900/046/900046038/1-11770-47-C-XXX-X6.jpg
6728117431176411770900046039,SUMATERA UTARA,KOTA MEDAN,MEDAN HELVETIA,DWI KORA,TPS 48,2019-10-25 17:00:05,83,104,315,187,187,187,0,https://pemilu2019.kpu.go.id/img/c/900/046/900046039/1-11770-48-C-XXX-X5.jpg,https://pemilu2019.kpu.go.id/img/c/900/046/900046039/1-11770-48-C-XXX-X6.jpg
6728117431176411770900046040,SUMATERA UTARA,KOTA MEDAN,MEDAN HELVETIA,DWI KORA,TPS 49,2019-10-25 17:00:05,71,126,324,198,198,197,1,https://pemilu2019.kpu.go.id/img/c/900/046/900046040/1-11770-49-C1-PPWP-X1.jpg,https://pemilu2019.kpu.go.id/img/c/900/046/900046040/1-11770-49-C1-PPWP-X2.jpg
6728117431176411770900046041,SUMATERA UTARA,KOTA MEDAN,MEDAN HELVETIA,DWI KORA,TPS 50,2019-10-25 17:00:05,57,132,305,190,190,189,1,https://pemilu2019.kpu.go.id/img/c/900/046/900046041/1-11770-50-C-XXX-X5.jpg,https://pemilu2019.kpu.go.id/img/c/900/046/900046041/1-11770-50-C-XXX-X6.jpg
6728117431176411770900046042,SUMATERA UTARA,KOTA MEDAN,MEDAN HELVETIA,DWI KORA,TPS 51,2019-10-25 17:00:05,83,96,317,182,182,179,3,https://pemilu2019.kpu.go.id/img/c/900/046/900046042/2-11770-51-C1-PPWP-X1.jpg,https://pemilu2019.kpu.go.id/img/c/900/046/900046042/2-11770-51-C1-PPWP-X2.jpg
6728117431176411770900046043,SUMATERA UTARA,KOTA MEDAN,MEDAN HELVETIA,DWI KORA,TPS 52,2019-10-25 17:00:05,57,92,308,152,152,149,3,https://pemilu2019.kpu.go.id/img/c/900/046/900046043/1-11770-52-C-XXX-X5.jpg,https://pemilu2019.kpu.go.id/img/c/900/046/900046043/1-11770-52-C-XXX-X6.jpg
6728117431176411770900046044,SUMATERA UTARA,KOTA MEDAN,MEDAN HELVETIA,DWI KORA,TPS 53,2019-10-25 17:00:05,151,11,315,163,163,162,1,https://pemilu2019.kpu.go.id/img/c/900/046/900046044/1-11770-53-C1-PPWP-X1.jpg,https://pemilu2019.kpu.go.id/img/c/900/046/900046044/1-11770-53-C1-PPWP-X2.jpg
6728117431176411770900046045,SUMATERA UTARA,KOTA MEDAN,MEDAN HELVETIA,DWI KORA,TPS 54,2019-10-25 17:00:05,137,35,296,173,173,172,1,https://pemilu2019.kpu.go.id/img/c/900/046/900046045/1-11770-54-C1-PPWP-X1.jpg,https://pemilu2019.kpu.go.id/img/c/900/046/900046045/1-11770-54-C1-PPWP-X2.jpg
6728117431176411770900046046,SUMATERA UTARA,KOTA MEDAN,MEDAN HELVETIA,DWI KORA,TPS 55,2019-10-25 17:00:05,146,16,296,164,164,162,2,https://pemilu2019.kpu.go.id/img/c/900/046/900046046/1-11770-55-C1-PPWP-X1.jpg,https://pemilu2019.kpu.go.id/img/c/900/046/900046046/1-11770-55-C1-PPWP-X2.jpg
6728117431176411770900046047,SUMATERA UTARA,KOTA MEDAN,MEDAN HELVETIA,DWI KORA,TPS 56,2019-10-25 17:00:05,85,111,282,197,197,196,1,https://pemilu2019.kpu.go.id/img/c/900/046/900046047/1-11770-56-C1-PPWP-X1.jpg,https://pemilu2019.kpu.go.id/img/c/900/046/900046047/1-11770-56-C1-PPWP-X2.jpg
6728117431176411770900046048,SUMATERA UTARA,KOTA MEDAN,MEDAN HELVETIA,DWI KORA,TPS 57,2019-10-25 17:00:05,99,58,325,160,160,157,3,https://pemilu2019.kpu.go.id/img/c/900/046/900046048/1-11770-57-C1-PPWP-X1.jpg,https://pemilu2019.kpu.go.id/img/c/900/046/900046048/1-11770-57-C1-PPWP-X2.jpg
6728117431176411770900046049,SUMATERA UTARA,KOTA MEDAN,MEDAN HELVETIA,DWI KORA,TPS 58,2019-10-25 17:00:05,113,48,297,162,162,161,1,https://pemilu2019.kpu.go.id/img/c/900/046/900046049/1-11770-58-C1-PPWP-X1.jpg,https://pemilu2019.kpu.go.id/img/c/900/046/900046049/1-11770-58-C1-PPWP-X2.jpg
6728117431176411770900046050,SUMATERA UTARA,KOTA MEDAN,MEDAN HELVETIA,DWI KORA,TPS 59,2019-10-25 17:00:05,71,171,296,244,244,242,2,https://pemilu2019.kpu.go.id/img/c/900/046/900046050/1-11770-59-C1-PPWP-X1.jpg,https://pemilu2019.kpu.go.id/img/c/900/046/900046050/1-11770-59-C1-PPWP-X2.jpg
6728117431176411765900045711,SUMATERA UTARA,KOTA MEDAN,MEDAN HELVETIA,HELVETIA,TPS 01,2019-10-25 17:00:05,84,126,252,212,212,210,2,https://pemilu2019.kpu.go.id/img/c/900/045/900045711/2-11765-01-C-XXX-X5.jpg,https://pemilu2019.kpu.go.id/img/c/900/045/900045711/2-11765-01-C-XXX-X6.jpg
6728117431176411765900045712,SUMATERA UTARA,KOTA MEDAN,MEDAN HELVETIA,HELVETIA,TPS 02,2019-10-25 17:00:05,52,119,208,169,172,171,1,https://pemilu2019.kpu.go.id/img/c/900/045/900045712/2-11765-02-C-XXX-X5.jpg,https://pemilu2019.kpu.go.id/img/c/900/045/900045712/2-11765-02-C-XXX-X6.jpg
6728117431176411765900045713,SUMATERA UTARA,KOTA MEDAN,MEDAN HELVETIA,HELVETIA,TPS 03,2019-10-25 17:00:05,65,142,243,208,208,207,1,https://pemilu2019.kpu.go.id/img/c/900/045/900045713/1-11765-03-C-XXX-X5.jpg,https://pemilu2019.kpu.go.id/img/c/900/045/900045713/1-11765-03-C-XXX-X6.jpg
6728117431176411765900045714,SUMATERA UTARA,KOTA MEDAN,MEDAN HELVETIA,HELVETIA,TPS 04,2019-10-25 17:00:05,97,109,289,207,207,206,1,https://pemilu2019.kpu.go.id/img/c/900/045/900045714/1-11765-04-C1-PPWP-X1.jpg,https://pemilu2019.kpu.go.id/img/c/900/045/900045714/1-11765-04-C1-PPWP-X2.jpg
6728117431176411765900045715,SUMATERA UTARA,KOTA MEDAN,MEDAN HELVETIA,HELVETIA,TPS 05,2019-10-25 17:00:05,110,101,290,214,214,211,3,https://pemilu2019.kpu.go.id/img/c/900/045/900045715/1-11765-05-C-XXX-X5.jpg,https://pemilu2019.kpu.go.id/img/c/900/045/900045715/1-11765-05-C-XXX-X6.jpg
6728117431176411765900045716,SUMATERA UTARA,KOTA MEDAN,MEDAN HELVETIA,HELVETIA,TPS 06,2019-10-25 17:00:05,141,47,277,188,188,188,0,https://pemilu2019.kpu.go.id/img/c/900/045/900045716/1-11765-06-C-XXX-X5.jpg,https://pemilu2019.kpu.go.id/img/c/900/045/900045716/1-11765-06-C-XXX-X6.jpg
6728117431176411765900045717,SUMATERA UTARA,KOTA MEDAN,MEDAN HELVETIA,HELVETIA,TPS 07,2019-10-25 17:00:05,153,60,285,215,215,213,2,https://pemilu2019.kpu.go.id/img/c/900/045/900045717/1-11765-07-C-XXX-X5.jpg,https://pemilu2019.kpu.go.id/img/c/900/045/900045717/1-11765-07-C-XXX-X6.jpg
6728117431176411765900045718,SUMATERA UTARA,KOTA MEDAN,MEDAN HELVETIA,HELVETIA,TPS 08,2019-10-25 17:00:05,145,87,315,232,232,232,0,https://pemilu2019.kpu.go.id/img/c/900/045/900045718/1-11765-08-C-XXX-X5.jpg,https://pemilu2019.kpu.go.id/img/c/900/045/900045718/1-11765-08-C-XXX-X6.jpg
6728117431176411765900045719,SUMATERA UTARA,KOTA MEDAN,MEDAN HELVETIA,HELVETIA,TPS 09,2019-10-25 17:00:05,109,72,231,182,182,181,1,https://pemilu2019.kpu.go.id/img/c/900/045/900045719/1-11765-09-C-XXX-X5.jpg,https://pemilu2019.kpu.go.id/img/c/900/045/900045719/1-11765-09-C-XXX-X6.jpg
6728117431176411765900045720,SUMATERA UTARA,KOTA MEDAN,MEDAN HELVETIA,HELVETIA,TPS 10,2019-10-25 17:00:05,154,81,329,238,238,235,3,https://pemilu2019.kpu.go.id/img/c/900/045/900045720/1-11765-10-C-XXX-X5.jpg,https://pemilu2019.kpu.go.id/img/c/900/045/900045720/1-11765-10-C-XXX-X6.jpg
6728117431176411765900045721,SUMATERA UTARA,KOTA MEDAN,MEDAN HELVETIA,HELVETIA,TPS 11,2019-10-25 17:00:05,111,88,325,199,199,199,0,https://pemilu2019.kpu.go.id/img/c/900/045/900045721/1-11765-11-C1-PPWP-X1.jpg,https://pemilu2019.kpu.go.id/img/c/900/045/900045721/1-11765-11-C1-PPWP-X2.jpg
6728117431176411765900045722,SUMATERA UTARA,KOTA MEDAN,MEDAN HELVETIA,HELVETIA,TPS 12,2019-10-25 17:00:05,90,85,227,179,179,175,4,https://pemilu2019.kpu.go.id/img/c/900/045/900045722/1-11765-12-C-XXX-X5.jpg,https://pemilu2019.kpu.go.id/img/c/900/045/900045722/1-11765-12-C-XXX-X6.jpg
6728117431176411765900045723,SUMATERA UTARA,KOTA MEDAN,MEDAN HELVETIA,HELVETIA,TPS 13,2019-10-25 17:00:05,85,99,235,184,184,184,0,https://pemilu2019.kpu.go.id/img/c/900/045/900045723/1-11765-13-C-XXX-X5.jpg,https://pemilu2019.kpu.go.id/img/c/900/045/900045723/1-11765-13-C-XXX-X6.jpg
6728117431176411765900045724,SUMATERA UTARA,KOTA MEDAN,MEDAN HELVETIA,HELVETIA,TPS 14,2019-10-25 17:00:05,97,94,234,182,182,181,1,https://pemilu2019.kpu.go.id/img/c/900/045/900045724/1-11765-14-C-XXX-X5.jpg,https://pemilu2019.kpu.go.id/img/c/900/045/900045724/1-11765-14-C-XXX-X6.jpg
6728117431176411765900045725,SUMATERA UTARA,KOTA MEDAN,MEDAN HELVETIA,HELVETIA,TPS 15,2019-10-25 17:00:05,118,137,325,256,256,255,1,https://pemilu2019.kpu.go.id/img/c/900/045/900045725/1-11765-15-C-XXX-X5.jpg,https://pemilu2019.kpu.go.id/img/c/900/045/900045725/1-11765-15-C-XXX-X6.jpg
6728117431176411765900045726,SUMATERA UTARA,KOTA MEDAN,MEDAN HELVETIA,HELVETIA,TPS 16,2019-10-25 17:00:05,100,142,320,244,244,242,2,https://pemilu2019.kpu.go.id/img/c/900/045/900045726/1-11765-16-C-XXX-X5.jpg,https://pemilu2019.kpu.go.id/img/c/900/045/900045726/1-11765-16-C-XXX-X6.jpg
6728117431176411765900045727,SUMATERA UTARA,KOTA MEDAN,MEDAN HELVETIA,HELVETIA,TPS 17,2019-10-25 17:00:05,150,88,311,239,239,238,1,https://pemilu2019.kpu.go.id/img/c/900/045/900045727/1-11765-17-C-XXX-X5.jpg,https://pemilu2019.kpu.go.id/img/c/900/045/900045727/1-11765-17-C-XXX-X6.jpg
6728117431176411765900045728,SUMATERA UTARA,KOTA MEDAN,MEDAN HELVETIA,HELVETIA,TPS 18,2019-10-25 17:00:05,105,98,264,204,204,201,1,https://pemilu2019.kpu.go.id/img/c/900/045/900045728/1-11765-18-C1-PPWP-X1.jpg,https://pemilu2019.kpu.go.id/img/c/900/045/900045728/1-11765-18-C1-PPWP-X2.jpg
6728117431176411765900045729,SUMATERA UTARA,KOTA MEDAN,MEDAN HELVETIA,HELVETIA,TPS 19,2019-10-25 17:00:05,126,115,304,244,244,241,3,https://pemilu2019.kpu.go.id/img/c/900/045/900045729/1-11765-19-C-XXX-X5.jpg,https://pemilu2019.kpu.go.id/img/c/900/045/900045729/1-11765-19-C-XXX-X6.jpg
6728117431176411765900045730,SUMATERA UTARA,KOTA MEDAN,MEDAN HELVETIA,HELVETIA,TPS 20,2019-10-25 17:00:05,126,106,334,232,232,232,0,https://pemilu2019.kpu.go.id/img/c/900/045/900045730/1-11765-20-C1-PPWP-X1.jpg,https://pemilu2019.kpu.go.id/img/c/900/045/900045730/1-11765-20-C1-PPWP-X2.jpg
6728117431176411765900045731,SUMATERA UTARA,KOTA MEDAN,MEDAN HELVETIA,HELVETIA,TPS 21,2019-10-25 17:00:05,124,97,293,223,223,221,2,https://pemilu2019.kpu.go.id/img/c/900/045/900045731/1-11765-21-C1-PPWP-X1.jpg,https://pemilu2019.kpu.go.id/img/c/900/045/900045731/1-11765-21-C1-PPWP-X2.jpg
6728117431176411765900045732,SUMATERA UTARA,KOTA MEDAN,MEDAN HELVETIA,HELVETIA,TPS 22,2019-10-25 17:00:05,113,107,292,226,226,220,6,https://pemilu2019.kpu.go.id/img/c/900/045/900045732/1-11765-22-C-XXX-X5.jpg,https://pemilu2019.kpu.go.id/img/c/900/045/900045732/1-11765-22-C-XXX-X6.jpg
6728117431176411765900045733,SUMATERA UTARA,KOTA MEDAN,MEDAN HELVETIA,HELVETIA,TPS 23,2019-10-25 17:00:05,136,89,322,226,226,225,1,https://pemilu2019.kpu.go.id/img/c/900/045/900045733/1-11765-23-C-XXX-X5.jpg,https://pemilu2019.kpu.go.id/img/c/900/045/900045733/1-11765-23-C-XXX-X6.jpg
6728117431176411765900045734,SUMATERA UTARA,KOTA MEDAN,MEDAN HELVETIA,HELVETIA,TPS 24,2019-10-25 17:00:05,86,122,299,214,214,208,6,https://pemilu2019.kpu.go.id/img/c/900/045/900045734/1-11765-24-C-XXX-X5.jpg,https://pemilu2019.kpu.go.id/img/c/900/045/900045734/1-11765-24-C-XXX-X6.jpg
6728117431176411765900045735,SUMATERA UTARA,KOTA MEDAN,MEDAN HELVETIA,HELVETIA,TPS 25,2019-10-25 17:00:05,104,100,282,207,207,204,3,https://pemilu2019.kpu.go.id/img/c/900/045/900045735/1-11765-25-C1-PPWP-X1.jpg,https://pemilu2019.kpu.go.id/img/c/900/045/900045735/1-11765-25-C1-PPWP-X2.jpg
6728117431176411765900045736,SUMATERA UTARA,KOTA MEDAN,MEDAN HELVETIA,HELVETIA,TPS 26,2019-10-25 17:00:05,125,76,283,202,202,201,1,https://pemilu2019.kpu.go.id/img/c/900/045/900045736/1-11765-26-C-XXX-X5.jpg,https://pemilu2019.kpu.go.id/img/c/900/045/900045736/1-11765-26-C-XXX-X6.jpg
6728117431176411765900045737,SUMATERA UTARA,KOTA MEDAN,MEDAN HELVETIA,HELVETIA,TPS 27,2019-10-25 17:00:05,116,72,249,118,188,188,0,https://pemilu2019.kpu.go.id/img/c/900/045/900045737/1-11765-27-C-XXX-X5.jpg,https://pemilu2019.kpu.go.id/img/c/900/045/900045737/1-11765-27-C-XXX-X6.jpg
6728117431176411765900045738,SUMATERA UTARA,KOTA MEDAN,MEDAN HELVETIA,HELVETIA,TPS 28,2019-10-25 17:00:05,113,138,331,257,257,251,6,https://pemilu2019.kpu.go.id/img/c/900/045/900045738/1-11765-28-C1-PPWP-X1.jpg,https://pemilu2019.kpu.go.id/img/c/900/045/900045738/1-11765-28-C1-PPWP-X2.jpg
6728117431176411765900045739,SUMATERA UTARA,KOTA MEDAN,MEDAN HELVETIA,HELVETIA,TPS 29,2019-10-25 17:00:05,116,122,17,238,238,238,0,https://pemilu2019.kpu.go.id/img/c/900/045/900045739/1-11765-29-C-XXX-X5.jpg,https://pemilu2019.kpu.go.id/img/c/900/045/900045739/1-11765-29-C-XXX-X6.jpg
6728117431176411765900045740,SUMATERA UTARA,KOTA MEDAN,MEDAN HELVETIA,HELVETIA,TPS 30,2019-10-25 17:00:05,67,57,238,124,124,124,0,https://pemilu2019.kpu.go.id/img/c/900/045/900045740/1-11765-30-C-XXX-X5.jpg,https://pemilu2019.kpu.go.id/img/c/900/045/900045740/1-11765-30-C-XXX-X6.jpg
6728117431176411765900045741,SUMATERA UTARA,KOTA MEDAN,MEDAN HELVETIA,HELVETIA,TPS 31,2019-10-25 17:00:05,139,130,348,269,269,269,0,https://pemilu2019.kpu.go.id/img/c/900/045/900045741/1-11765-31-C-XXX-X5.jpg,https://pemilu2019.kpu.go.id/img/c/900/045/900045741/1-11765-31-C-XXX-X6.jpg
6728117431176411765900045742,SUMATERA UTARA,KOTA MEDAN,MEDAN HELVETIA,HELVETIA,TPS 32,2019-10-25 17:00:05,99,131,320,231,231,230,1,https://pemilu2019.kpu.go.id/img/c/900/045/900045742/1-11765-32-C-XXX-X5.jpg,https://pemilu2019.kpu.go.id/img/c/900/045/900045742/1-11765-32-C-XXX-X6.jpg
6728117431176411765900045743,SUMATERA UTARA,KOTA MEDAN,MEDAN HELVETIA,HELVETIA,TPS 33,2019-10-25 17:00:05,122,129,322,251,251,251,0,https://pemilu2019.kpu.go.id/img/c/900/045/900045743/1-11765-33-C-XXX-X5.jpg,https://pemilu2019.kpu.go.id/img/c/900/045/900045743/1-11765-33-C-XXX-X6.jpg
6728117431176411765900045744,SUMATERA UTARA,KOTA MEDAN,MEDAN HELVETIA,HELVETIA,TPS 34,2019-10-25 17:00:05,138,140,361,279,279,278,1,https://pemilu2019.kpu.go.id/img/c/900/045/900045744/1-11765-34-C-XXX-X5.jpg,https://pemilu2019.kpu.go.id/img/c/900/045/900045744/1-11765-34-C-XXX-X6.jpg
6728117431176411765900045745,SUMATERA UTARA,KOTA MEDAN,MEDAN HELVETIA,HELVETIA,TPS 35,2019-10-25 17:00:05,175,11,239,196,194,186,8,https://pemilu2019.kpu.go.id/img/c/900/045/900045745/2-11765-35-C-XXX-X5.jpg,https://pemilu2019.kpu.go.id/img/c/900/045/900045745/2-11765-35-C-XXX-X6.jpg
6728117431176411765900045746,SUMATERA UTARA,KOTA MEDAN,MEDAN HELVETIA,HELVETIA,TPS 36,2019-10-25 17:00:05,141,6,198,150,150,147,3,https://pemilu2019.kpu.go.id/img/c/900/045/900045746/2-11765-36-C-XXX-X5.jpg,https://pemilu2019.kpu.go.id/img/c/900/045/900045746/2-11765-36-C-XXX-X6.jpg
6728117431176411766900045747,SUMATERA UTARA,KOTA MEDAN,MEDAN HELVETIA,HELVETIA TENGAH,TPS 01,2019-10-25 17:00:05,126,113,340,458,241,239,2,https://pemilu2019.kpu.go.id/img/c/900/045/900045747/3-11766-01-C1-PPWP-X1.jpg,https://pemilu2019.kpu.go.id/img/c/900/045/900045747/3-11766-01-C1-PPWP-X2.jpg
6728117431176411766900045748,SUMATERA UTARA,KOTA MEDAN,MEDAN HELVETIA,HELVETIA TENGAH,TPS 02,2019-10-25 17:00:05,113,87,310,204,204,200,4,https://pemilu2019.kpu.go.id/img/c/900/045/900045748/1-11766-02-C-XXX-X5.jpg,https://pemilu2019.kpu.go.id/img/c/900/045/900045748/1-11766-02-C-XXX-X6.jpg
6728117431176411766900045749,SUMATERA UTARA,KOTA MEDAN,MEDAN HELVETIA,HELVETIA TENGAH,TPS 03,2019-10-25 17:00:05,114,83,318,198,198,197,1,https://pemilu2019.kpu.go.id/img/c/900/045/900045749/1-11766-03-C-XXX-X5.jpg,https://pemilu2019.kpu.go.id/img/c/900/045/900045749/1-11766-03-C-XXX-X6.jpg
6728117431176411766900045750,SUMATERA UTARA,KOTA MEDAN,MEDAN HELVETIA,HELVETIA TENGAH,TPS 04,2019-10-25 17:00:05,94,87,288,182,182,181,1,https://pemilu2019.kpu.go.id/img/c/900/045/900045750/1-11766-04-C-XXX-X5.jpg,https://pemilu2019.kpu.go.id/img/c/900/045/900045750/1-11766-04-C-XXX-X6.jpg
6728117431176411766900045751,SUMATERA UTARA,KOTA MEDAN,MEDAN HELVETIA,HELVETIA TENGAH,TPS 05,2019-10-25 17:00:05,79,94,273,173,174,173,1,https://pemilu2019.kpu.go.id/img/c/900/045/900045751/1-11766-05-C-XXX-X5.jpg,https://pemilu2019.kpu.go.id/img/c/900/045/900045751/1-11766-05-C-XXX-X6.jpg
6728117431176411766900045752,SUMATERA UTARA,KOTA MEDAN,MEDAN HELVETIA,HELVETIA TENGAH,TPS 06,2019-10-25 17:00:05,103,5,300,188,188,188,0,https://pemilu2019.kpu.go.id/img/c/900/045/900045752/1-11766-06-C-XXX-X5.jpg,https://pemilu2019.kpu.go.id/img/c/900/045/900045752/1-11766-06-C-XXX-X6.jpg
6728117431176411766900045753,SUMATERA UTARA,KOTA MEDAN,MEDAN HELVETIA,HELVETIA TENGAH,TPS 07,2019-10-25 17:00:05,145,3,295,150,150,148,2,https://pemilu2019.kpu.go.id/img/c/900/045/900045753/2-11766-07-C-XXX-X5.jpg,https://pemilu2019.kpu.go.id/img/c/900/045/900045753/2-11766-07-C-XXX-X6.jpg
6728117431176411766900045754,SUMATERA UTARA,KOTA MEDAN,MEDAN HELVETIA,HELVETIA TENGAH,TPS 08,2019-10-25 17:00:05,213,1,262,158,222,213,1,https://pemilu2019.kpu.go.id/img/c/900/045/900045754/1-11766-08-C1-PPWP-X1.jpg,https://pemilu2019.kpu.go.id/img/c/900/045/900045754/1-11766-08-C1-PPWP-X2.jpg
6728117431176411766900045755,SUMATERA UTARA,KOTA MEDAN,MEDAN HELVETIA,HELVETIA TENGAH,TPS 09,2019-10-25 17:00:05,227,1,319,231,231,228,3,https://pemilu2019.kpu.go.id/img/c/900/045/900045755/2-11766-09-C1-PPWP-X3.jpg,https://pemilu2019.kpu.go.id/img/c/900/045/900045755/2-11766-09-C1-PPWP-X4.jpg
6728117431176411766900045756,SUMATERA UTARA,KOTA MEDAN,MEDAN HELVETIA,HELVETIA TENGAH,TPS 10,2019-10-25 17:00:05,233,3,326,236,236,236,0,https://pemilu2019.kpu.go.id/img/c/900/045/900045756/1-11766-10-C1-PPWP-X5.jpg,https://pemilu2019.kpu.go.id/img/c/900/045/900045756/1-11766-10-C1-PPWP-X6.jpg
6728117431176411766900045757,SUMATERA UTARA,KOTA MEDAN,MEDAN HELVETIA,HELVETIA TENGAH,TPS 11,2019-10-25 17:00:05,56,110,263,168,168,2,166,https://pemilu2019.kpu.go.id/img/c/900/045/900045757/2-11766-11-C1-PPWP-X1.jpg,https://pemilu2019.kpu.go.id/img/c/900/045/900045757/2-11766-11-C1-PPWP-X2.jpg
6728117431176411766900045758,SUMATERA UTARA,KOTA MEDAN,MEDAN HELVETIA,HELVETIA TENGAH,TPS 12,2019-10-25 17:00:05,60,126,276,189,0,3,0,https://pemilu2019.kpu.go.id/img/c/900/045/900045758/1-11766-12-C1-PPWP-X1.jpg,https://pemilu2019.kpu.go.id/img/c/900/045/900045758/1-11766-12-C1-PPWP-X2.jpg
6728117431176411766900045759,SUMATERA UTARA,KOTA MEDAN,MEDAN HELVETIA,HELVETIA TENGAH,TPS 13,2019-10-25 17:00:05,105,103,320,208,208,208,0,https://pemilu2019.kpu.go.id/img/c/900/045/900045759/1-11766-13-C-XXX-X5.jpg,https://pemilu2019.kpu.go.id/img/c/900/045/900045759/1-11766-13-C-XXX-X6.jpg
6728117431176411766900045760,SUMATERA UTARA,KOTA MEDAN,MEDAN HELVETIA,HELVETIA TENGAH,TPS 14,2019-10-25 17:00:05,121,75,272,197,197,196,1,https://pemilu2019.kpu.go.id/img/c/900/045/900045760/1-11766-14-C-XXX-X5.jpg,https://pemilu2019.kpu.go.id/img/c/900/045/900045760/1-11766-14-C-XXX-X6.jpg
6728117431176411766900045761,SUMATERA UTARA,KOTA MEDAN,MEDAN HELVETIA,HELVETIA TENGAH,TPS 15,2019-10-25 17:00:05,105,95,339,201,201,200,1,https://pemilu2019.kpu.go.id/img/c/900/045/900045761/1-11766-15-C-XXX-X5.jpg,https://pemilu2019.kpu.go.id/img/c/900/045/900045761/1-11766-15-C-XXX-X6.jpg
6728117431176411766900045762,SUMATERA UTARA,KOTA MEDAN,MEDAN HELVETIA,HELVETIA TENGAH,TPS 16,2019-10-25 17:00:05,107,79,265,188,188,186,2,https://pemilu2019.kpu.go.id/img/c/900/045/900045762/1-11766-16-C1-PPWP-X1.jpg,https://pemilu2019.kpu.go.id/img/c/900/045/900045762/1-11766-16-C1-PPWP-X2.jpg
6728117431176411766900045763,SUMATERA UTARA,KOTA MEDAN,MEDAN HELVETIA,HELVETIA TENGAH,TPS 17,2019-10-25 17:00:05,151,40,317,191,191,191,0,https://pemilu2019.kpu.go.id/img/c/900/045/900045763/1-11766-17-C1-PPWP-X1.jpg,https://pemilu2019.kpu.go.id/img/c/900/045/900045763/1-11766-17-C1-PPWP-X2.jpg
6728117431176411766900045764,SUMATERA UTARA,KOTA MEDAN,MEDAN HELVETIA,HELVETIA TENGAH,TPS 18,2019-10-25 17:00:05,50,123,332,177,173,173,0,https://pemilu2019.kpu.go.id/img/c/900/045/900045764/3-11766-18-C1-PPWP-X7.jpg,https://pemilu2019.kpu.go.id/img/c/900/045/900045764/3-11766-18-C1-PPWP-X8.jpg
6728117431176411766900045765,SUMATERA UTARA,KOTA MEDAN,MEDAN HELVETIA,HELVETIA TENGAH,TPS 19,2019-10-25 17:00:05,55,117,173,173,173,172,1,https://pemilu2019.kpu.go.id/img/c/900/045/900045765/2-11766-19-C1-PPWP-X9.jpg,https://pemilu2019.kpu.go.id/img/c/900/045/900045765/2-11766-19-C1-PPWP-X10.jpg
6728117431176411766900045766,SUMATERA UTARA,KOTA MEDAN,MEDAN HELVETIA,HELVETIA TENGAH,TPS 20,2019-10-25 17:00:05,57,161,257,218,218,218,0,https://pemilu2019.kpu.go.id/img/c/900/045/900045766/2-11766-20-C1-PPWP-X11.jpg,https://pemilu2019.kpu.go.id/img/c/900/045/900045766/2-11766-20-C1-PPWP-X12.jpg
6728117431176411766900045767,SUMATERA UTARA,KOTA MEDAN,MEDAN HELVETIA,HELVETIA TENGAH,TPS 21,2019-10-25 17:00:05,34,114,234,148,148,148,0,https://pemilu2019.kpu.go.id/img/c/900/045/900045767/2-11766-21-C1-PPWP-X13.jpg,https://pemilu2019.kpu.go.id/img/c/900/045/900045767/2-11766-21-C1-PPWP-X14.jpg
6728117431176411766900045768,SUMATERA UTARA,KOTA MEDAN,MEDAN HELVETIA,HELVETIA TENGAH,TPS 22,2019-10-25 17:00:05,51,125,237,177,177,176,1,https://pemilu2019.kpu.go.id/img/c/900/045/900045768/2-11766-22-C1-PPWP-X15.jpg,https://pemilu2019.kpu.go.id/img/c/900/045/900045768/2-11766-22-C1-PPWP-X16.jpg
6728117431176411766900045769,SUMATERA UTARA,KOTA MEDAN,MEDAN HELVETIA,HELVETIA TENGAH,TPS 23,2019-10-25 17:00:05,91,101,290,193,193,192,1,https://pemilu2019.kpu.go.id/img/c/900/045/900045769/2-11766-23-C1-PPWP-X17.jpg,https://pemilu2019.kpu.go.id/img/c/900/045/900045769/2-11766-23-C1-PPWP-X18.jpg
6728117431176411766900045770,SUMATERA UTARA,KOTA MEDAN,MEDAN HELVETIA,HELVETIA TENGAH,TPS 24,2019-10-25 17:00:05,116,133,343,252,252,249,3,https://pemilu2019.kpu.go.id/img/c/900/045/900045770/1-11766-24-C1-PPWP-X1.jpg,https://pemilu2019.kpu.go.id/img/c/900/045/900045770/1-11766-24-C1-PPWP-X2.jpg
6728117431176411766900045771,SUMATERA UTARA,KOTA MEDAN,MEDAN HELVETIA,HELVETIA TENGAH,TPS 25,2019-10-25 17:00:05,133,113,347,249,249,245,4,https://pemilu2019.kpu.go.id/img/c/900/045/900045771/2-11766-25-C1-PPWP-X19.jpg,https://pemilu2019.kpu.go.id/img/c/900/045/900045771/2-11766-25-C1-PPWP-X20.jpg
6728117431176411766900045772,SUMATERA UTARA,KOTA MEDAN,MEDAN HELVETIA,HELVETIA TENGAH,TPS 26,2019-10-25 17:00:05,47,147,243,195,195,191,4,https://pemilu2019.kpu.go.id/img/c/900/045/900045772/1-11766-26-C-XXX-X5.jpg,https://pemilu2019.kpu.go.id/img/c/900/045/900045772/1-11766-26-C-XXX-X6.jpg
6728117431176411766900045773,SUMATERA UTARA,KOTA MEDAN,MEDAN HELVETIA,HELVETIA TENGAH,TPS 27,2019-10-25 17:00:05,32,108,246,162,162,160,2,https://pemilu2019.kpu.go.id/img/c/900/045/900045773/2-11766-27-C1-PPWP-X21.jpg,https://pemilu2019.kpu.go.id/img/c/900/045/900045773/2-11766-27-C1-PPWP-X22.jpg
6728117431176411766900045774,SUMATERA UTARA,KOTA MEDAN,MEDAN HELVETIA,HELVETIA TENGAH,TPS 28,2019-10-25 17:00:05,81,130,278,213,213,211,2,https://pemilu2019.kpu.go.id/img/c/900/045/900045774/3-11766-28-C1-PPWP-X23.jpg,https://pemilu2019.kpu.go.id/img/c/900/045/900045774/3-11766-28-C1-PPWP-X24.jpg
6728117431176411766900045775,SUMATERA UTARA,KOTA MEDAN,MEDAN HELVETIA,HELVETIA TENGAH,TPS 29,2019-10-25 17:00:05,57,116,255,178,178,173,5,https://pemilu2019.kpu.go.id/img/c/900/045/900045775/2-11766-29-C1-PPWP-X25.jpg,https://pemilu2019.kpu.go.id/img/c/900/045/900045775/2-11766-29-C1-PPWP-X26.jpg
6728117431176411766900045776,SUMATERA UTARA,KOTA MEDAN,MEDAN HELVETIA,HELVETIA TENGAH,TPS 30,2019-10-25 17:00:05,53,147,267,200,200,200,0,https://pemilu2019.kpu.go.id/img/c/900/045/900045776/3-11766-30-C1-PPWP-X27.jpg,https://pemilu2019.kpu.go.id/img/c/900/045/900045776/3-11766-30-C1-PPWP-X28.jpg
6728117431176411766900045777,SUMATERA UTARA,KOTA MEDAN,MEDAN HELVETIA,HELVETIA TENGAH,TPS 31,2019-10-25 17:00:05,68,90,267,158,158,158,0,https://pemilu2019.kpu.go.id/img/c/900/045/900045777/2-11766-31-C1-PPWP-X29.jpg,https://pemilu2019.kpu.go.id/img/c/900/045/900045777/2-11766-31-C1-PPWP-X30.jpg
6728117431176411766900045778,SUMATERA UTARA,KOTA MEDAN,MEDAN HELVETIA,HELVETIA TENGAH,TPS 32,2019-10-25 17:00:05,75,107,291,182,182,182,0,https://pemilu2019.kpu.go.id/img/c/900/045/900045778/4-11766-32-C1-PPWP-X31.jpg,https://pemilu2019.kpu.go.id/img/c/900/045/900045778/4-11766-32-C1-PPWP-X32.jpg
6728117431176411766900045779,SUMATERA UTARA,KOTA MEDAN,MEDAN HELVETIA,HELVETIA TENGAH,TPS 33,2019-10-25 17:00:05,73,116,270,191,191,189,2,https://pemilu2019.kpu.go.id/img/c/900/045/900045779/1-11766-33-C1-PPWP-X1.jpg,https://pemilu2019.kpu.go.id/img/c/900/045/900045779/1-11766-33-C1-PPWP-X2.jpg
6728117431176411766900045780,SUMATERA UTARA,KOTA MEDAN,MEDAN HELVETIA,HELVETIA TENGAH,TPS 34,2019-10-25 17:00:05,72,103,220,176,176,175,1,https://pemilu2019.kpu.go.id/img/c/900/045/900045780/1-11766-34-C1-PPWP-X3.jpg,https://pemilu2019.kpu.go.id/img/c/900/045/900045780/1-11766-34-C1-PPWP-X4.jpg
6728117431176411766900045781,SUMATERA UTARA,KOTA MEDAN,MEDAN HELVETIA,HELVETIA TENGAH,TPS 35,2019-10-25 17:00:05,62,82,229,144,144,144,0,https://pemilu2019.kpu.go.id/img/c/900/045/900045781/1-11766-35-C1-PPWP-X5.jpg,https://pemilu2019.kpu.go.id/img/c/900/045/900045781/1-11766-35-C1-PPWP-X6.jpg
6728117431176411766900045782,SUMATERA UTARA,KOTA MEDAN,MEDAN HELVETIA,HELVETIA TENGAH,TPS 36,2019-10-25 17:00:05,53,93,255,148,148,146,2,https://pemilu2019.kpu.go.id/img/c/900/045/900045782/1-11766-36-C-XXX-X5.jpg,https://pemilu2019.kpu.go.id/img/c/900/045/900045782/1-11766-36-C-XXX-X6.jpg
6728117431176411766900045783,SUMATERA UTARA,KOTA MEDAN,MEDAN HELVETIA,HELVETIA TENGAH,TPS 37,2019-10-25 17:00:05,149,96,340,246,246,245,1,https://pemilu2019.kpu.go.id/img/c/900/045/900045783/1-11766-37-C1-PPWP-X7.jpg,https://pemilu2019.kpu.go.id/img/c/900/045/900045783/1-11766-37-C1-PPWP-X8.jpg
6728117431176411766900045784,SUMATERA UTARA,KOTA MEDAN,MEDAN HELVETIA,HELVETIA TENGAH,TPS 38,2019-10-25 17:00:05,142,97,329,240,240,239,1,https://pemilu2019.kpu.go.id/img/c/900/045/900045784/1-11766-38-C1-PPWP-X9.jpg,https://pemilu2019.kpu.go.id/img/c/900/045/900045784/1-11766-38-C1-PPWP-X10.jpg
6728117431176411766900045785,SUMATERA UTARA,KOTA MEDAN,MEDAN HELVETIA,HELVETIA TENGAH,TPS 39,2019-10-25 17:00:05,123,91,284,215,215,214,1,https://pemilu2019.kpu.go.id/img/c/900/045/900045785/2-11766-39-C1-PPWP-X11.jpg,https://pemilu2019.kpu.go.id/img/c/900/045/900045785/2-11766-39-C1-PPWP-X12.jpg
6728117431176411766900045786,SUMATERA UTARA,KOTA MEDAN,MEDAN HELVETIA,HELVETIA TENGAH,TPS 40,2019-10-25 17:00:05,80,79,307,159,159,159,0,https://pemilu2019.kpu.go.id/img/c/900/045/900045786/1-11766-40-C1-PPWP-X1.jpg,https://pemilu2019.kpu.go.id/img/c/900/045/900045786/1-11766-40-C1-PPWP-X2.jpg
6728117431176411766900045787,SUMATERA UTARA,KOTA MEDAN,MEDAN HELVETIA,HELVETIA TENGAH,TPS 41,2019-10-25 17:00:05,98,56,276,155,155,154,1,https://pemilu2019.kpu.go.id/img/c/900/045/900045787/1-11766-41-C-XXX-X5.jpg,https://pemilu2019.kpu.go.id/img/c/900/045/900045787/1-11766-41-C-XXX-X6.jpg
6728117431176411766900045788,SUMATERA UTARA,KOTA MEDAN,MEDAN HELVETIA,HELVETIA TENGAH,TPS 42,2019-10-25 17:00:05,112,73,320,185,185,185,0,https://pemilu2019.kpu.go.id/img/c/900/045/900045788/1-11766-42-C1-PPWP-X1.jpg,https://pemilu2019.kpu.go.id/img/c/900/045/900045788/1-11766-42-C1-PPWP-X2.jpg
6728117431176411766900045789,SUMATERA UTARA,KOTA MEDAN,MEDAN HELVETIA,HELVETIA TENGAH,TPS 43,2019-10-25 17:00:05,69,53,286,123,123,122,1,https://pemilu2019.kpu.go.id/img/c/900/045/900045789/1-11766-43-C-XXX-X5.jpg,https://pemilu2019.kpu.go.id/img/c/900/045/900045789/1-11766-43-C-XXX-X6.jpg
6728117431176411766900045790,SUMATERA UTARA,KOTA MEDAN,MEDAN HELVETIA,HELVETIA TENGAH,TPS 44,2019-10-25 17:00:05,81,89,272,171,171,170,1,https://pemilu2019.kpu.go.id/img/c/900/045/900045790/1-11766-44-C-XXX-X5.jpg,https://pemilu2019.kpu.go.id/img/c/900/045/900045790/1-11766-44-C-XXX-X6.jpg
6728117431176411766900045791,SUMATERA UTARA,KOTA MEDAN,MEDAN HELVETIA,HELVETIA TENGAH,TPS 45,2019-10-25 17:00:05,104,101,309,205,205,205,0,https://pemilu2019.kpu.go.id/img/c/900/045/900045791/1-11766-45-C-XXX-X5.jpg,https://pemilu2019.kpu.go.id/img/c/900/045/900045791/1-11766-45-C-XXX-X6.jpg
6728117431176411766900045792,SUMATERA UTARA,KOTA MEDAN,MEDAN HELVETIA,HELVETIA TENGAH,TPS 46,2019-10-25 17:00:05,86,99,272,185,278,185,93,https://pemilu2019.kpu.go.id/img/c/900/045/900045792/1-11766-46-C-XXX-X5.jpg,https://pemilu2019.kpu.go.id/img/c/900/045/900045792/1-11766-46-C-XXX-X6.jpg
6728117431176411766900045793,SUMATERA UTARA,KOTA MEDAN,MEDAN HELVETIA,HELVETIA TENGAH,TPS 47,2019-10-25 17:00:05,100,100,260,203,203,200,3,https://pemilu2019.kpu.go.id/img/c/900/045/900045793/1-11766-47-C-XXX-X5.jpg,https://pemilu2019.kpu.go.id/img/c/900/045/900045793/1-11766-47-C-XXX-X6.jpg
6728117431176411766900045794,SUMATERA UTARA,KOTA MEDAN,MEDAN HELVETIA,HELVETIA TENGAH,TPS 48,2019-10-25 17:00:05,95,110,248,205,253,205,48,https://pemilu2019.kpu.go.id/img/c/900/045/900045794/1-11766-48-C1-PPWP-X13.jpg,https://pemilu2019.kpu.go.id/img/c/900/045/900045794/1-11766-48-C1-PPWP-X14.jpg
6728117431176411766900045795,SUMATERA UTARA,KOTA MEDAN,MEDAN HELVETIA,HELVETIA TENGAH,TPS 49,2019-10-25 17:00:05,86,108,263,194,194,194,0,https://pemilu2019.kpu.go.id/img/c/900/045/900045795/1-11766-49-C1-PPWP-X15.jpg,https://pemilu2019.kpu.go.id/img/c/900/045/900045795/1-11766-49-C1-PPWP-X16.jpg
6728117431176411766900045796,SUMATERA UTARA,KOTA MEDAN,MEDAN HELVETIA,HELVETIA TENGAH,TPS 50,2019-10-25 17:00:05,105,111,264,217,217,216,1,https://pemilu2019.kpu.go.id/img/c/900/045/900045796/1-11766-50-C1-PPWP-X17.jpg,https://pemilu2019.kpu.go.id/img/c/900/045/900045796/1-11766-50-C1-PPWP-X18.jpg
6728117431176411766900045797,SUMATERA UTARA,KOTA MEDAN,MEDAN HELVETIA,HELVETIA TENGAH,TPS 51,2019-10-25 17:00:05,92,134,311,227,227,226,1,https://pemilu2019.kpu.go.id/img/c/900/045/900045797/1-11766-51-C-XXX-X5.jpg,https://pemilu2019.kpu.go.id/img/c/900/045/900045797/1-11766-51-C-XXX-X6.jpg
6728117431176411766900045798,SUMATERA UTARA,KOTA MEDAN,MEDAN HELVETIA,HELVETIA TENGAH,TPS 52,2019-10-25 17:00:05,86,145,297,231,231,231,0,https://pemilu2019.kpu.go.id/img/c/900/045/900045798/1-11766-52-C-XXX-X5.jpg,https://pemilu2019.kpu.go.id/img/c/900/045/900045798/1-11766-52-C-XXX-X6.jpg
6728117431176411766900045799,SUMATERA UTARA,KOTA MEDAN,MEDAN HELVETIA,HELVETIA TENGAH,TPS 53,2019-10-25 17:00:05,113,129,243,243,243,242,1,https://pemilu2019.kpu.go.id/img/c/900/045/900045799/1-11766-53-C1-PPWP-X19.jpg,https://pemilu2019.kpu.go.id/img/c/900/045/900045799/1-11766-53-C1-PPWP-X20.jpg
6728117431176411766900045800,SUMATERA UTARA,KOTA MEDAN,MEDAN HELVETIA,HELVETIA TENGAH,TPS 54,2019-10-25 17:00:05,124,141,266,0,266,265,1,https://pemilu2019.kpu.go.id/img/c/900/045/900045800/1-11766-54-C1-PPWP-X1.jpg,https://pemilu2019.kpu.go.id/img/c/900/045/900045800/1-11766-54-C1-PPWP-X2.jpg
6728117431176411766900045801,SUMATERA UTARA,KOTA MEDAN,MEDAN HELVETIA,HELVETIA TENGAH,TPS 55,2019-10-25 17:00:05,113,71,266,104,274,184,90,https://pemilu2019.kpu.go.id/img/c/900/045/900045801/2-11766-55-C1-PPWP-X1.jpg,https://pemilu2019.kpu.go.id/img/c/900/045/900045801/2-11766-55-C1-PPWP-X2.jpg
6728117431176411766900045802,SUMATERA UTARA,KOTA MEDAN,MEDAN HELVETIA,HELVETIA TENGAH,TPS 56,2019-10-25 17:00:05,138,84,299,226,226,222,4,https://pemilu2019.kpu.go.id/img/c/900/045/900045802/1-11766-56-C-XXX-X5.jpg,https://pemilu2019.kpu.go.id/img/c/900/045/900045802/1-11766-56-C-XXX-X6.jpg
6728117431176411766900045803,SUMATERA UTARA,KOTA MEDAN,MEDAN HELVETIA,HELVETIA TENGAH,TPS 57,2019-10-25 17:00:05,95,99,238,200,200,194,6,https://pemilu2019.kpu.go.id/img/c/900/045/900045803/1-11766-57-C-XXX-X5.jpg,https://pemilu2019.kpu.go.id/img/c/900/045/900045803/1-11766-57-C-XXX-X6.jpg
6728117431176411766900045804,SUMATERA UTARA,KOTA MEDAN,MEDAN HELVETIA,HELVETIA TENGAH,TPS 58,2019-10-25 17:00:05,91,105,288,198,0,196,2,https://pemilu2019.kpu.go.id/img/c/900/045/900045804/1-11766-58-C-XXX-X5.jpg,https://pemilu2019.kpu.go.id/img/c/900/045/900045804/1-11766-58-C-XXX-X6.jpg
6728117431176411766900045805,SUMATERA UTARA,KOTA MEDAN,MEDAN HELVETIA,HELVETIA TENGAH,TPS 59,2019-10-25 17:00:05,115,77,283,192,192,192,0,https://pemilu2019.kpu.go.id/img/c/900/045/900045805/1-11766-59-C-XXX-X5.jpg,https://pemilu2019.kpu.go.id/img/c/900/045/900045805/1-11766-59-C-XXX-X6.jpg
6728117431176411766900045806,SUMATERA UTARA,KOTA MEDAN,MEDAN HELVETIA,HELVETIA TENGAH,TPS 60,2019-10-25 17:00:05,91,101,269,195,195,192,3,https://pemilu2019.kpu.go.id/img/c/900/045/900045806/1-11766-60-C-XXX-X5.jpg,https://pemilu2019.kpu.go.id/img/c/900/045/900045806/1-11766-60-C-XXX-X6.jpg
6728117431176411766900045807,SUMATERA UTARA,KOTA MEDAN,MEDAN HELVETIA,HELVETIA TENGAH,TPS 61,2019-10-25 17:00:05,134,89,324,223,222,223,0,https://pemilu2019.kpu.go.id/img/c/900/045/900045807/1-11766-61-C-XXX-X5.jpg,https://pemilu2019.kpu.go.id/img/c/900/045/900045807/1-11766-61-C-XXX-X6.jpg
6728117431176411766900045808,SUMATERA UTARA,KOTA MEDAN,MEDAN HELVETIA,HELVETIA TENGAH,TPS 62,2019-10-25 17:00:05,125,103,281,228,229,228,1,https://pemilu2019.kpu.go.id/img/c/900/045/900045808/1-11766-62-C-XXX-X5.jpg,https://pemilu2019.kpu.go.id/img/c/900/045/900045808/1-11766-62-C-XXX-X6.jpg
6728117431176411766900045809,SUMATERA UTARA,KOTA MEDAN,MEDAN HELVETIA,HELVETIA TENGAH,TPS 63,2019-10-25 17:00:05,76,119,275,196,196,195,1,https://pemilu2019.kpu.go.id/img/c/900/045/900045809/1-11766-63-C-XXX-X5.jpg,https://pemilu2019.kpu.go.id/img/c/900/045/900045809/1-11766-63-C-XXX-X6.jpg
6728117431176411766900045810,SUMATERA UTARA,KOTA MEDAN,MEDAN HELVETIA,HELVETIA TENGAH,TPS 64,2019-10-25 17:00:05,82,106,261,188,188,188,0,https://pemilu2019.kpu.go.id/img/c/900/045/900045810/1-11766-64-C-XXX-X5.jpg,https://pemilu2019.kpu.go.id/img/c/900/045/900045810/1-11766-64-C-XXX-X6.jpg
6728117431176411766900045811,SUMATERA UTARA,KOTA MEDAN,MEDAN HELVETIA,HELVETIA TENGAH,TPS 65,2019-10-25 17:00:05,92,101,290,194,194,193,1,https://pemilu2019.kpu.go.id/img/c/900/045/900045811/1-11766-65-C-XXX-X5.jpg,https://pemilu2019.kpu.go.id/img/c/900/045/900045811/1-11766-65-C-XXX-X6.jpg
6728117431176411766900045812,SUMATERA UTARA,KOTA MEDAN,MEDAN HELVETIA,HELVETIA TENGAH,TPS 66,2019-10-25 17:00:05,109,89,314,198,0,198,0,https://pemilu2019.kpu.go.id/img/c/900/045/900045812/1-11766-66-C-XXX-X5.jpg,https://pemilu2019.kpu.go.id/img/c/900/045/900045812/1-11766-66-C-XXX-X6.jpg
6728117431176411766900045813,SUMATERA UTARA,KOTA MEDAN,MEDAN HELVETIA,HELVETIA TENGAH,TPS 67,2019-10-25 17:00:05,119,73,272,195,195,192,3,https://pemilu2019.kpu.go.id/img/c/900/045/900045813/2-11766-67-C1-PPWP-X23.jpg,https://pemilu2019.kpu.go.id/img/c/900/045/900045813/2-11766-67-C1-PPWP-X24.jpg
6728117431176411766900045814,SUMATERA UTARA,KOTA MEDAN,MEDAN HELVETIA,HELVETIA TENGAH,TPS 68,2019-10-25 17:00:05,144,124,359,270,270,268,2,https://pemilu2019.kpu.go.id/img/c/900/045/900045814/1-11766-68-C1-PPWP-X1.jpg,https://pemilu2019.kpu.go.id/img/c/900/045/900045814/1-11766-68-C1-PPWP-X2.jpg
6728117431176411766900045815,SUMATERA UTARA,KOTA MEDAN,MEDAN HELVETIA,HELVETIA TENGAH,TPS 69,2019-10-25 17:00:05,130,121,326,252,252,251,1,https://pemilu2019.kpu.go.id/img/c/900/045/900045815/1-11766-69-C-XXX-X5.jpg,https://pemilu2019.kpu.go.id/img/c/900/045/900045815/1-11766-69-C-XXX-X6.jpg
6728117431176411766900045816,SUMATERA UTARA,KOTA MEDAN,MEDAN HELVETIA,HELVETIA TENGAH,TPS 70,2019-10-25 17:00:05,123,85,328,209,209,208,1,https://pemilu2019.kpu.go.id/img/c/900/045/900045816/1-11766-70-C-XXX-X5.jpg,https://pemilu2019.kpu.go.id/img/c/900/045/900045816/1-11766-70-C-XXX-X6.jpg
6728117431176411766900045817,SUMATERA UTARA,KOTA MEDAN,MEDAN HELVETIA,HELVETIA TENGAH,TPS 71,2019-10-25 17:00:05,133,82,313,215,215,215,0,https://pemilu2019.kpu.go.id/img/c/900/045/900045817/2-11766-71-C1-PPWP-X25.jpg,https://pemilu2019.kpu.go.id/img/c/900/045/900045817/2-11766-71-C1-PPWP-X26.jpg
6728117431176411766900045818,SUMATERA UTARA,KOTA MEDAN,MEDAN HELVETIA,HELVETIA TENGAH,TPS 72,2019-10-25 17:00:05,121,93,281,217,217,214,3,https://pemilu2019.kpu.go.id/img/c/900/045/900045818/1-11766-72-C-XXX-X5.jpg,https://pemilu2019.kpu.go.id/img/c/900/045/900045818/1-11766-72-C-XXX-X6.jpg
6728117431176411766900045819,SUMATERA UTARA,KOTA MEDAN,MEDAN HELVETIA,HELVETIA TENGAH,TPS 73,2019-10-25 17:00:05,90,58,279,148,148,148,0,https://pemilu2019.kpu.go.id/img/c/900/045/900045819/2-11766-73-C1-PPWP-X27.jpg,https://pemilu2019.kpu.go.id/img/c/900/045/900045819/2-11766-73-C1-PPWP-X28.jpg
6728117431176411766900045820,SUMATERA UTARA,KOTA MEDAN,MEDAN HELVETIA,HELVETIA TENGAH,TPS 74,2019-10-25 17:00:05,93,74,284,168,168,1,167,https://pemilu2019.kpu.go.id/img/c/900/045/900045820/1-11766-74-C-XXX-X5.jpg,https://pemilu2019.kpu.go.id/img/c/900/045/900045820/1-11766-74-C-XXX-X6.jpg
6728117431176411766900045821,SUMATERA UTARA,KOTA MEDAN,MEDAN HELVETIA,HELVETIA TENGAH,TPS 75,2019-10-25 17:00:05,101,69,267,170,170,170,0,https://pemilu2019.kpu.go.id/img/c/900/045/900045821/1-11766-75-C1-PPWP-X1.jpg,https://pemilu2019.kpu.go.id/img/c/900/045/900045821/1-11766-75-C1-PPWP-X2.jpg
6728117431176411766900045822,SUMATERA UTARA,KOTA MEDAN,MEDAN HELVETIA,HELVETIA TENGAH,TPS 76,2019-10-25 17:00:05,89,96,244,187,187,185,2,https://pemilu2019.kpu.go.id/img/c/900/045/900045822/1-11766-76-C1-PPWP-X1.jpg,https://pemilu2019.kpu.go.id/img/c/900/045/900045822/1-11766-76-C1-PPWP-X2.jpg
6728117431176411766900045823,SUMATERA UTARA,KOTA MEDAN,MEDAN HELVETIA,HELVETIA TENGAH,TPS 77,2019-10-25 17:00:05,93,69,236,162,162,162,0,https://pemilu2019.kpu.go.id/img/c/900/045/900045823/1-11766-77-C1-PPWP-X1.jpg,https://pemilu2019.kpu.go.id/img/c/900/045/900045823/1-11766-77-C1-PPWP-X2.jpg
6728117431176411766900045824,SUMATERA UTARA,KOTA MEDAN,MEDAN HELVETIA,HELVETIA TENGAH,TPS 78,2019-10-25 17:00:05,88,70,258,159,159,158,1,https://pemilu2019.kpu.go.id/img/c/900/045/900045824/2-11766-78-C1-PPWP-X29.jpg,https://pemilu2019.kpu.go.id/img/c/900/045/900045824/2-11766-78-C1-PPWP-X30.jpg
6728117431176411766900045825,SUMATERA UTARA,KOTA MEDAN,MEDAN HELVETIA,HELVETIA TENGAH,TPS 79,2019-10-25 17:00:05,89,84,292,173,173,173,0,https://pemilu2019.kpu.go.id/img/c/900/045/900045825/1-11766-79-C1-PPWP-X1.jpg,https://pemilu2019.kpu.go.id/img/c/900/045/900045825/1-11766-79-C1-PPWP-X2.jpg
6728117431176411766900045826,SUMATERA UTARA,KOTA MEDAN,MEDAN HELVETIA,HELVETIA TENGAH,TPS 80,2019-10-25 17:00:05,51,74,267,126,125,125,0,https://pemilu2019.kpu.go.id/img/c/900/045/900045826/1-11766-80-C1-PPWP-X31.jpg,https://pemilu2019.kpu.go.id/img/c/900/045/900045826/1-11766-80-C1-PPWP-X32.jpg
6728117431176411766900045827,SUMATERA UTARA,KOTA MEDAN,MEDAN HELVETIA,HELVETIA TENGAH,TPS 81,2019-10-25 17:00:05,100,71,288,171,171,171,0,https://pemilu2019.kpu.go.id/img/c/900/045/900045827/1-11766-81-C-XXX-X5.jpg,https://pemilu2019.kpu.go.id/img/c/900/045/900045827/1-11766-81-C-XXX-X6.jpg
6728117431176411766900045828,SUMATERA UTARA,KOTA MEDAN,MEDAN HELVETIA,HELVETIA TENGAH,TPS 82,2019-10-25 17:00:05,92,67,309,159,161,159,2,https://pemilu2019.kpu.go.id/img/c/900/045/900045828/1-11766-82-C-XXX-X5.jpg,https://pemilu2019.kpu.go.id/img/c/900/045/900045828/1-11766-82-C-XXX-X6.jpg
6728117431176411766900045829,SUMATERA UTARA,KOTA MEDAN,MEDAN HELVETIA,HELVETIA TENGAH,TPS 83,2019-10-25 17:00:05,156,29,287,188,188,3,185,https://pemilu2019.kpu.go.id/img/c/900/045/900045829/1-11766-83-C-XXX-X5.jpg,https://pemilu2019.kpu.go.id/img/c/900/045/900045829/1-11766-83-C-XXX-X6.jpg
6728117431176411766900045830,SUMATERA UTARA,KOTA MEDAN,MEDAN HELVETIA,HELVETIA TENGAH,TPS 84,2019-10-25 17:00:05,182,33,292,219,219,215,4,https://pemilu2019.kpu.go.id/img/c/900/045/900045830/1-11766-84-C-XXX-X5.jpg,https://pemilu2019.kpu.go.id/img/c/900/045/900045830/1-11766-84-C-XXX-X6.jpg
6728117431176411766900045831,SUMATERA UTARA,KOTA MEDAN,MEDAN HELVETIA,HELVETIA TENGAH,TPS 85,2019-10-25 17:00:05,87,22,235,110,110,109,1,https://pemilu2019.kpu.go.id/img/c/900/045/900045831/1-11766-85-C-XXX-X5.jpg,https://pemilu2019.kpu.go.id/img/c/900/045/900045831/1-11766-85-C-XXX-X6.jpg
6728117431176411766900045832,SUMATERA UTARA,KOTA MEDAN,MEDAN HELVETIA,HELVETIA TENGAH,TPS 86,2019-10-25 17:00:05,128,32,266,161,161,160,1,https://pemilu2019.kpu.go.id/img/c/900/045/900045832/1-11766-86-C-XXX-X5.jpg,https://pemilu2019.kpu.go.id/img/c/900/045/900045832/1-11766-86-C-XXX-X6.jpg
6728117431176411766900045833,SUMATERA UTARA,KOTA MEDAN,MEDAN HELVETIA,HELVETIA TENGAH,TPS 87,2019-10-25 17:00:05,122,33,287,157,157,155,2,https://pemilu2019.kpu.go.id/img/c/900/045/900045833/1-11766-87-C-XXX-X5.jpg,https://pemilu2019.kpu.go.id/img/c/900/045/900045833/1-11766-87-C-XXX-X6.jpg
6728117431176411767900045834,SUMATERA UTARA,KOTA MEDAN,MEDAN HELVETIA,HELVETIA TIMUR,TPS 01,2019-10-25 17:00:05,80,219,300,302,302,299,3,https://pemilu2019.kpu.go.id/img/c/900/045/900045834/1-11767-01-C-XXX-X5.jpg,https://pemilu2019.kpu.go.id/img/c/900/045/900045834/1-11767-01-C-XXX-X6.jpg
6728117431176411767900045835,SUMATERA UTARA,KOTA MEDAN,MEDAN HELVETIA,HELVETIA TIMUR,TPS 02,2019-10-25 17:00:05,99,197,298,297,297,296,1,https://pemilu2019.kpu.go.id/img/c/900/045/900045835/1-11767-02-C1-PPWP-X1.jpg,https://pemilu2019.kpu.go.id/img/c/900/045/900045835/1-11767-02-C1-PPWP-X2.jpg
6728117431176411767900045836,SUMATERA UTARA,KOTA MEDAN,MEDAN HELVETIA,HELVETIA TIMUR,TPS 03,2019-10-25 17:00:05,83,154,340,281,241,237,4,https://pemilu2019.kpu.go.id/img/c/900/045/900045836/2-11767-03-C1-PPWP-X1.jpg,https://pemilu2019.kpu.go.id/img/c/900/045/900045836/2-11767-03-C1-PPWP-X2.jpg
6728117431176411767900045837,SUMATERA UTARA,KOTA MEDAN,MEDAN HELVETIA,HELVETIA TIMUR,TPS 04,2019-10-25 17:00:05,83,108,309,193,193,191,2,https://pemilu2019.kpu.go.id/img/c/900/045/900045837/3-11767-04-C1-PPWP-X3.jpg,https://pemilu2019.kpu.go.id/img/c/900/045/900045837/3-11767-04-C1-PPWP-X4.jpg
6728117431176411767900045838,SUMATERA UTARA,KOTA MEDAN,MEDAN HELVETIA,HELVETIA TIMUR,TPS 05,2019-10-25 17:00:05,144,138,396,284,284,282,2,https://pemilu2019.kpu.go.id/img/c/900/045/900045838/1-11767-05-C-XXX-X5.jpg,https://pemilu2019.kpu.go.id/img/c/900/045/900045838/1-11767-05-C-XXX-X6.jpg
6728117431176411767900045839,SUMATERA UTARA,KOTA MEDAN,MEDAN HELVETIA,HELVETIA TIMUR,TPS 06,2019-10-25 17:00:05,119,121,338,243,243,240,3,https://pemilu2019.kpu.go.id/img/c/900/045/900045839/1-11767-06-C-XXX-X5.jpg,https://pemilu2019.kpu.go.id/img/c/900/045/900045839/1-11767-06-C-XXX-X6.jpg
6728117431176411767900045840,SUMATERA UTARA,KOTA MEDAN,MEDAN HELVETIA,HELVETIA TIMUR,TPS 07,2019-10-25 17:00:05,69,110,286,179,179,179,0,https://pemilu2019.kpu.go.id/img/c/900/045/900045840/1-11767-07-C-XXX-X5.jpg,https://pemilu2019.kpu.go.id/img/c/900/045/900045840/1-11767-07-C-XXX-X6.jpg
6728117431176411767900045841,SUMATERA UTARA,KOTA MEDAN,MEDAN HELVETIA,HELVETIA TIMUR,TPS 08,2019-10-25 17:00:05,41,262,299,303,303,303,0,https://pemilu2019.kpu.go.id/img/c/900/045/900045841/1-11767-08-C-XXX-X5.jpg,https://pemilu2019.kpu.go.id/img/c/900/045/900045841/1-11767-08-C-XXX-X6.jpg
6728117431176411767900045842,SUMATERA UTARA,KOTA MEDAN,MEDAN HELVETIA,HELVETIA TIMUR,TPS 09,2019-10-25 17:00:05,146,115,372,262,262,261,1,https://pemilu2019.kpu.go.id/img/c/900/045/900045842/1-11767-09-C1-PPWP-X1.jpg,https://pemilu2019.kpu.go.id/img/c/900/045/900045842/1-11767-09-C1-PPWP-X2.jpg
6728117431176411767900045843,SUMATERA UTARA,KOTA MEDAN,MEDAN HELVETIA,HELVETIA TIMUR,TPS 10,2019-10-25 17:00:05,178,94,278,277,277,272,5,https://pemilu2019.kpu.go.id/img/c/900/045/900045843/2-11767-10-C1-PPWP-X5.jpg,https://pemilu2019.kpu.go.id/img/c/900/045/900045843/2-11767-10-C1-PPWP-X6.jpg
6728117431176411767900045844,SUMATERA UTARA,KOTA MEDAN,MEDAN HELVETIA,HELVETIA TIMUR,TPS 11,2019-10-25 17:00:05,153,118,271,271,271,271,0,https://pemilu2019.kpu.go.id/img/c/900/045/900045844/1-11767-11-C1-PPWP-X1.jpg,https://pemilu2019.kpu.go.id/img/c/900/045/900045844/1-11767-11-C1-PPWP-X2.jpg
6728117431176411767900045845,SUMATERA UTARA,KOTA MEDAN,MEDAN HELVETIA,HELVETIA TIMUR,TPS 12,2019-10-25 17:00:05,133,140,367,273,273,273,0,https://pemilu2019.kpu.go.id/img/c/900/045/900045845/1-11767-12-C-XXX-X5.jpg,https://pemilu2019.kpu.go.id/img/c/900/045/900045845/1-11767-12-C-XXX-X6.jpg
6728117431176411767900045846,SUMATERA UTARA,KOTA MEDAN,MEDAN HELVETIA,HELVETIA TIMUR,TPS 13,2019-10-25 17:00:05,177,42,322,221,221,219,2,https://pemilu2019.kpu.go.id/img/c/900/045/900045846/1-11767-13-C1-PPWP-X1.jpg,https://pemilu2019.kpu.go.id/img/c/900/045/900045846/1-11767-13-C1-PPWP-X2.jpg
6728117431176411767900045847,SUMATERA UTARA,KOTA MEDAN,MEDAN HELVETIA,HELVETIA TIMUR,TPS 14,2019-10-25 17:00:05,80,141,298,226,226,221,5,https://pemilu2019.kpu.go.id/img/c/900/045/900045847/1-11767-14-C-XXX-X5.jpg,https://pemilu2019.kpu.go.id/img/c/900/045/900045847/1-11767-14-C-XXX-X6.jpg
6728117431176411767900045848,SUMATERA UTARA,KOTA MEDAN,MEDAN HELVETIA,HELVETIA TIMUR,TPS 15,2019-10-25 17:00:05,55,187,242,242,242,242,0,https://pemilu2019.kpu.go.id/img/c/900/045/900045848/1-11767-15-C1-PPWP-X1.jpg,https://pemilu2019.kpu.go.id/img/c/900/045/900045848/1-11767-15-C1-PPWP-X2.jpg
6728117431176411767900045849,SUMATERA UTARA,KOTA MEDAN,MEDAN HELVETIA,HELVETIA TIMUR,TPS 16,2019-10-25 17:00:05,63,156,293,221,221,119,0,https://pemilu2019.kpu.go.id/img/c/900/045/900045849/1-11767-16-C1-PPWP-X7.jpg,https://pemilu2019.kpu.go.id/img/c/900/045/900045849/1-11767-16-C1-PPWP-X8.jpg
6728117431176411767900045850,SUMATERA UTARA,KOTA MEDAN,MEDAN HELVETIA,HELVETIA TIMUR,TPS 17,2019-10-25 17:00:05,43,144,292,187,187,187,0,https://pemilu2019.kpu.go.id/img/c/900/045/900045850/1-11767-17-C1-PPWP-X1.jpg,https://pemilu2019.kpu.go.id/img/c/900/045/900045850/1-11767-17-C1-PPWP-X2.jpg
6728117431176411767900045851,SUMATERA UTARA,KOTA MEDAN,MEDAN HELVETIA,HELVETIA TIMUR,TPS 18,2019-10-25 17:00:05,196,50,298,248,248,246,2,https://pemilu2019.kpu.go.id/img/c/900/045/900045851/1-11767-18-C-XXX-X5.jpg,https://pemilu2019.kpu.go.id/img/c/900/045/900045851/1-11767-18-C-XXX-X6.jpg
6728117431176411767900045852,SUMATERA UTARA,KOTA MEDAN,MEDAN HELVETIA,HELVETIA TIMUR,TPS 19,2019-10-25 17:00:05,136,110,290,246,246,246,0,https://pemilu2019.kpu.go.id/img/c/900/045/900045852/1-11767-19-C-XXX-X5.jpg,https://pemilu2019.kpu.go.id/img/c/900/045/900045852/1-11767-19-C-XXX-X6.jpg
6728117431176411767900045853,SUMATERA UTARA,KOTA MEDAN,MEDAN HELVETIA,HELVETIA TIMUR,TPS 20,2019-10-25 17:00:05,121,146,309,268,268,267,1,https://pemilu2019.kpu.go.id/img/c/900/045/900045853/1-11767-20-C-XXX-X5.jpg,https://pemilu2019.kpu.go.id/img/c/900/045/900045853/1-11767-20-C-XXX-X6.jpg
6728117431176411767900045854,SUMATERA UTARA,KOTA MEDAN,MEDAN HELVETIA,HELVETIA TIMUR,TPS 21,2019-10-25 17:00:05,120,184,300,306,306,304,2,https://pemilu2019.kpu.go.id/img/c/900/045/900045854/1-11767-21-C-XXX-X5.jpg,https://pemilu2019.kpu.go.id/img/c/900/045/900045854/1-11767-21-C-XXX-X6.jpg
6728117431176411767900045855,SUMATERA UTARA,KOTA MEDAN,MEDAN HELVETIA,HELVETIA TIMUR,TPS 22,2019-10-25 17:00:05,103,179,300,283,283,282,1,https://pemilu2019.kpu.go.id/img/c/900/045/900045855/1-11767-22-C-XXX-X5.jpg,https://pemilu2019.kpu.go.id/img/c/900/045/900045855/1-11767-22-C-XXX-X6.jpg
6728117431176411767900045856,SUMATERA UTARA,KOTA MEDAN,MEDAN HELVETIA,HELVETIA TIMUR,TPS 23,2019-10-25 17:00:05,120,164,299,286,286,284,2,https://pemilu2019.kpu.go.id/img/c/900/045/900045856/1-11767-23-C-XXX-X5.jpg,https://pemilu2019.kpu.go.id/img/c/900/045/900045856/1-11767-23-C-XXX-X6.jpg
6728117431176411767900045857,SUMATERA UTARA,KOTA MEDAN,MEDAN HELVETIA,HELVETIA TIMUR,TPS 24,2019-10-25 17:00:05,187,75,295,279,279,262,17,https://pemilu2019.kpu.go.id/img/c/900/045/900045857/1-11767-24-C1-PPWP-X1.jpg,https://pemilu2019.kpu.go.id/img/c/900/045/900045857/1-11767-24-C1-PPWP-X2.jpg
6728117431176411767900045858,SUMATERA UTARA,KOTA MEDAN,MEDAN HELVETIA,HELVETIA TIMUR,TPS 25,2019-10-25 17:00:05,103,139,300,243,243,242,1,https://pemilu2019.kpu.go.id/img/c/900/045/900045858/1-11767-25-C-XXX-X5.jpg,https://pemilu2019.kpu.go.id/img/c/900/045/900045858/1-11767-25-C-XXX-X6.jpg
6728117431176411767900045859,SUMATERA UTARA,KOTA MEDAN,MEDAN HELVETIA,HELVETIA TIMUR,TPS 26,2019-10-25 17:00:05,143,144,357,290,290,287,3,https://pemilu2019.kpu.go.id/img/c/900/045/900045859/1-11767-26-C1-PPWP-X1.jpg,https://pemilu2019.kpu.go.id/img/c/900/045/900045859/1-11767-26-C1-PPWP-X2.jpg
6728117431176411767900045860,SUMATERA UTARA,KOTA MEDAN,MEDAN HELVETIA,HELVETIA TIMUR,TPS 27,2019-10-25 17:00:05,91,200,299,293,293,291,2,https://pemilu2019.kpu.go.id/img/c/900/045/900045860/1-11767-27-C-XXX-X5.jpg,https://pemilu2019.kpu.go.id/img/c/900/045/900045860/1-11767-27-C-XXX-X6.jpg
6728117431176411767900045861,SUMATERA UTARA,KOTA MEDAN,MEDAN HELVETIA,HELVETIA TIMUR,TPS 28,2019-10-25 17:00:05,99,153,0,254,255,252,3,https://pemilu2019.kpu.go.id/img/c/900/045/900045861/1-11767-28-C-XXX-X5.jpg,https://pemilu2019.kpu.go.id/img/c/900/045/900045861/1-11767-28-C-XXX-X6.jpg
6728117431176411767900045862,SUMATERA UTARA,KOTA MEDAN,MEDAN HELVETIA,HELVETIA TIMUR,TPS 29,2019-10-25 17:00:05,176,124,298,303,303,303,3,https://pemilu2019.kpu.go.id/img/c/900/045/900045862/1-11767-29-C-XXX-X5.jpg,https://pemilu2019.kpu.go.id/img/c/900/045/900045862/1-11767-29-C-XXX-X6.jpg
6728117431176411767900045863,SUMATERA UTARA,KOTA MEDAN,MEDAN HELVETIA,HELVETIA TIMUR,TPS 30,2019-10-25 17:00:05,154,132,291,291,291,286,5,https://pemilu2019.kpu.go.id/img/c/900/045/900045863/1-11767-30-C-XXX-X5.jpg,https://pemilu2019.kpu.go.id/img/c/900/045/900045863/1-11767-30-C-XXX-X6.jpg
6728117431176411767900045864,SUMATERA UTARA,KOTA MEDAN,MEDAN HELVETIA,HELVETIA TIMUR,TPS 31,2019-10-25 17:00:05,139,160,363,301,301,299,2,https://pemilu2019.kpu.go.id/img/c/900/045/900045864/1-11767-31-C1-PPWP-X1.jpg,https://pemilu2019.kpu.go.id/img/c/900/045/900045864/1-11767-31-C1-PPWP-X2.jpg
6728117431176411767900045865,SUMATERA UTARA,KOTA MEDAN,MEDAN HELVETIA,HELVETIA TIMUR,TPS 32,2019-10-25 17:00:05,119,109,291,232,232,228,4,https://pemilu2019.kpu.go.id/img/c/900/045/900045865/1-11767-32-C-XXX-X5.jpg,https://pemilu2019.kpu.go.id/img/c/900/045/900045865/1-11767-32-C-XXX-X6.jpg
6728117431176411767900045866,SUMATERA UTARA,KOTA MEDAN,MEDAN HELVETIA,HELVETIA TIMUR,TPS 33,2019-10-25 17:00:05,169,125,291,294,294,294,0,https://pemilu2019.kpu.go.id/img/c/900/045/900045866/1-11767-33-C1-PPWP-X1.jpg,https://pemilu2019.kpu.go.id/img/c/900/045/900045866/1-11767-33-C1-PPWP-X2.jpg
6728117431176411767900045867,SUMATERA UTARA,KOTA MEDAN,MEDAN HELVETIA,HELVETIA TIMUR,TPS 34,2019-10-25 17:00:05,174,129,285,306,306,303,3,https://pemilu2019.kpu.go.id/img/c/900/045/900045867/1-11767-34-C-XXX-X5.jpg,https://pemilu2019.kpu.go.id/img/c/900/045/900045867/1-11767-34-C-XXX-X6.jpg
6728117431176411767900045868,SUMATERA UTARA,KOTA MEDAN,MEDAN HELVETIA,HELVETIA TIMUR,TPS 35,2019-10-25 17:00:05,80,159,299,208,242,239,3,https://pemilu2019.kpu.go.id/img/c/900/045/900045868/1-11767-35-C-XXX-X5.jpg,https://pemilu2019.kpu.go.id/img/c/900/045/900045868/1-11767-35-C-XXX-X6.jpg
6728117431176411767900045869,SUMATERA UTARA,KOTA MEDAN,MEDAN HELVETIA,HELVETIA TIMUR,TPS 36,2019-10-25 17:00:05,88,150,367,239,239,238,1,https://pemilu2019.kpu.go.id/img/c/900/045/900045869/1-11767-36-C1-PPWP-X1.jpg,https://pemilu2019.kpu.go.id/img/c/900/045/900045869/1-11767-36-C1-PPWP-X2.jpg
6728117431176411767900045870,SUMATERA UTARA,KOTA MEDAN,MEDAN HELVETIA,HELVETIA TIMUR,TPS 37,2019-10-25 17:00:05,73,125,296,198,198,198,0,https://pemilu2019.kpu.go.id/img/c/900/045/900045870/1-11767-37-C-XXX-X5.jpg,https://pemilu2019.kpu.go.id/img/c/900/045/900045870/1-11767-37-C-XXX-X6.jpg
6728117431176411767900045871,SUMATERA UTARA,KOTA MEDAN,MEDAN HELVETIA,HELVETIA TIMUR,TPS 38,2019-10-25 17:00:05,75,131,299,206,206,206,0,https://pemilu2019.kpu.go.id/img/c/900/045/900045871/1-11767-38-C-XXX-X5.jpg,https://pemilu2019.kpu.go.id/img/c/900/045/900045871/1-11767-38-C-XXX-X6.jpg
6728117431176411767900045872,SUMATERA UTARA,KOTA MEDAN,MEDAN HELVETIA,HELVETIA TIMUR,TPS 39,2019-10-25 17:00:05,84,183,294,270,270,267,3,https://pemilu2019.kpu.go.id/img/c/900/045/900045872/1-11767-39-C-XXX-X5.jpg,https://pemilu2019.kpu.go.id/img/c/900/045/900045872/1-11767-39-C-XXX-X6.jpg
6728117431176411767900045873,SUMATERA UTARA,KOTA MEDAN,MEDAN HELVETIA,HELVETIA TIMUR,TPS 40,2019-10-25 17:00:05,36,163,296,199,199,199,0,https://pemilu2019.kpu.go.id/img/c/900/045/900045873/1-11767-40-C-XXX-X5.jpg,https://pemilu2019.kpu.go.id/img/c/900/045/900045873/1-11767-40-C-XXX-X6.jpg
6728117431176411767900045874,SUMATERA UTARA,KOTA MEDAN,MEDAN HELVETIA,HELVETIA TIMUR,TPS 41,2019-10-25 17:00:05,80,146,318,227,227,226,1,https://pemilu2019.kpu.go.id/img/c/900/045/900045874/1-11767-41-C1-PPWP-X1.jpg,https://pemilu2019.kpu.go.id/img/c/900/045/900045874/1-11767-41-C1-PPWP-X2.jpg
6728117431176411767900045875,SUMATERA UTARA,KOTA MEDAN,MEDAN HELVETIA,HELVETIA TIMUR,TPS 42,2019-10-25 17:00:05,64,111,296,177,177,175,2,https://pemilu2019.kpu.go.id/img/c/900/045/900045875/1-11767-42-C1-PPWP-X1.jpg,https://pemilu2019.kpu.go.id/img/c/900/045/900045875/1-11767-42-C1-PPWP-X2.jpg
6728117431176411767900045876,SUMATERA UTARA,KOTA MEDAN,MEDAN HELVETIA,HELVETIA TIMUR,TPS 43,2019-10-25 17:00:05,87,165,345,254,255,252,3,https://pemilu2019.kpu.go.id/img/c/900/045/900045876/1-11767-43-C-XXX-X5.jpg,https://pemilu2019.kpu.go.id/img/c/900/045/900045876/1-11767-43-C-XXX-X6.jpg
6728117431176411767900045877,SUMATERA UTARA,KOTA MEDAN,MEDAN HELVETIA,HELVETIA TIMUR,TPS 44,2019-10-25 17:00:05,88,137,227,324,227,225,2,https://pemilu2019.kpu.go.id/img/c/900/045/900045877/1-11767-44-C-XXX-X5.jpg,https://pemilu2019.kpu.go.id/img/c/900/045/900045877/1-11767-44-C-XXX-X6.jpg
6728117431176411767900045878,SUMATERA UTARA,KOTA MEDAN,MEDAN HELVETIA,HELVETIA TIMUR,TPS 45,2019-10-25 17:00:05,38,180,317,219,219,218,1,https://pemilu2019.kpu.go.id/img/c/900/045/900045878/1-11767-45-C-XXX-X5.jpg,https://pemilu2019.kpu.go.id/img/c/900/045/900045878/1-11767-45-C-XXX-X6.jpg
6728117431176411767900045879,SUMATERA UTARA,KOTA MEDAN,MEDAN HELVETIA,HELVETIA TIMUR,TPS 46,2019-10-25 17:00:05,68,173,314,242,242,241,2,https://pemilu2019.kpu.go.id/img/c/900/045/900045879/1-11767-46-C-XXX-X5.jpg,https://pemilu2019.kpu.go.id/img/c/900/045/900045879/1-11767-46-C-XXX-X6.jpg
6728117431176411767900045880,SUMATERA UTARA,KOTA MEDAN,MEDAN HELVETIA,HELVETIA TIMUR,TPS 47,2019-10-25 17:00:05,40,138,313,182,181,178,3,https://pemilu2019.kpu.go.id/img/c/900/045/900045880/1-11767-47-C-XXX-X5.jpg,https://pemilu2019.kpu.go.id/img/c/900/045/900045880/1-11767-47-C-XXX-X6.jpg
6728117431176411767900045881,SUMATERA UTARA,KOTA MEDAN,MEDAN HELVETIA,HELVETIA TIMUR,TPS 48,2019-10-25 17:00:05,155,82,303,239,239,237,2,https://pemilu2019.kpu.go.id/img/c/900/045/900045881/1-11767-48-C-XXX-X5.jpg,https://pemilu2019.kpu.go.id/img/c/900/045/900045881/1-11767-48-C-XXX-X6.jpg
6728117431176411767900045882,SUMATERA UTARA,KOTA MEDAN,MEDAN HELVETIA,HELVETIA TIMUR,TPS 49,2019-10-25 17:00:05,174,64,95,239,239,238,1,https://pemilu2019.kpu.go.id/img/c/900/045/900045882/1-11767-49-C-XXX-X5.jpg,https://pemilu2019.kpu.go.id/img/c/900/045/900045882/1-11767-49-C-XXX-X6.jpg
6728117431176411767900045883,SUMATERA UTARA,KOTA MEDAN,MEDAN HELVETIA,HELVETIA TIMUR,TPS 50,2019-10-25 17:00:05,166,66,289,234,234,232,2,https://pemilu2019.kpu.go.id/img/c/900/045/900045883/1-11767-50-C-XXX-X5.jpg,https://pemilu2019.kpu.go.id/img/c/900/045/900045883/1-11767-50-C-XXX-X6.jpg
6728117431176411767900045884,SUMATERA UTARA,KOTA MEDAN,MEDAN HELVETIA,HELVETIA TIMUR,TPS 51,2019-10-25 17:00:05,62,155,219,218,218,217,1,https://pemilu2019.kpu.go.id/img/c/900/045/900045884/1-11767-51-C-XXX-X5.jpg,https://pemilu2019.kpu.go.id/img/c/900/045/900045884/1-11767-51-C-XXX-X6.jpg
6728117431176411767900045885,SUMATERA UTARA,KOTA MEDAN,MEDAN HELVETIA,HELVETIA TIMUR,TPS 52,2019-10-25 17:00:05,113,95,301,208,208,200,0,https://pemilu2019.kpu.go.id/img/c/900/045/900045885/1-11767-52-C-XXX-X5.jpg,https://pemilu2019.kpu.go.id/img/c/900/045/900045885/1-11767-52-C-XXX-X6.jpg
6728117431176411771900046051,SUMATERA UTARA,KOTA MEDAN,MEDAN HELVETIA,SEI SIKAMBING C II,TPS 01,2019-10-25 17:00:05,96,142,297,238,239,238,1,https://pemilu2019.kpu.go.id/img/c/900/046/900046051/1-11771-01-C1-PPWP-X1.jpg,https://pemilu2019.kpu.go.id/img/c/900/046/900046051/1-11771-01-C1-PPWP-X2.jpg
6728117431176411771900046052,SUMATERA UTARA,KOTA MEDAN,MEDAN HELVETIA,SEI SIKAMBING C II,TPS 02,2019-10-25 17:00:05,78,113,189,191,191,191,0,https://pemilu2019.kpu.go.id/img/c/900/046/900046052/1-11771-02-C1-PPWP-X1.jpg,https://pemilu2019.kpu.go.id/img/c/900/046/900046052/1-11771-02-C1-PPWP-X2.jpg
6728117431176411771900046053,SUMATERA UTARA,KOTA MEDAN,MEDAN HELVETIA,SEI SIKAMBING C II,TPS 03,2019-10-25 17:00:05,77,190,333,268,268,267,1,https://pemilu2019.kpu.go.id/img/c/900/046/900046053/1-11771-03-C1-PPWP-X1.jpg,https://pemilu2019.kpu.go.id/img/c/900/046/900046053/1-11771-03-C1-PPWP-X2.jpg
6728117431176411771900046054,SUMATERA UTARA,KOTA MEDAN,MEDAN HELVETIA,SEI SIKAMBING C II,TPS 04,2019-10-25 17:00:05,60,174,313,236,236,234,2,https://pemilu2019.kpu.go.id/img/c/900/046/900046054/1-11771-04-C1-PPWP-X1.jpg,https://pemilu2019.kpu.go.id/img/c/900/046/900046054/1-11771-04-C1-PPWP-X2.jpg
6728117431176411771900046055,SUMATERA UTARA,KOTA MEDAN,MEDAN HELVETIA,SEI SIKAMBING C II,TPS 05,2019-10-25 17:00:05,50,189,290,242,242,239,3,https://pemilu2019.kpu.go.id/img/c/900/046/900046055/1-11771-05-C1-PPWP-X1.jpg,https://pemilu2019.kpu.go.id/img/c/900/046/900046055/1-11771-05-C1-PPWP-X2.jpg
6728117431176411771900046056,SUMATERA UTARA,KOTA MEDAN,MEDAN HELVETIA,SEI SIKAMBING C II,TPS 06,2019-10-25 17:00:05,78,164,325,245,245,242,3,https://pemilu2019.kpu.go.id/img/c/900/046/900046056/1-11771-06-C1-PPWP-X1.jpg,https://pemilu2019.kpu.go.id/img/c/900/046/900046056/1-11771-06-C1-PPWP-X2.jpg
6728117431176411771900046057,SUMATERA UTARA,KOTA MEDAN,MEDAN HELVETIA,SEI SIKAMBING C II,TPS 07,2019-10-25 17:00:05,70,135,286,206,206,205,1,https://pemilu2019.kpu.go.id/img/c/900/046/900046057/1-11771-07-C1-PPWP-X1.jpg,https://pemilu2019.kpu.go.id/img/c/900/046/900046057/1-11771-07-C1-PPWP-X2.jpg
6728117431176411771900046058,SUMATERA UTARA,KOTA MEDAN,MEDAN HELVETIA,SEI SIKAMBING C II,TPS 08,2019-10-25 17:00:05,47,156,148,204,204,203,1,https://pemilu2019.kpu.go.id/img/c/900/046/900046058/1-11771-08-C1-PPWP-X1.jpg,https://pemilu2019.kpu.go.id/img/c/900/046/900046058/1-11771-08-C1-PPWP-X2.jpg
6728117431176411771900046059,SUMATERA UTARA,KOTA MEDAN,MEDAN HELVETIA,SEI SIKAMBING C II,TPS 09,2019-10-25 17:00:05,67,160,246,229,228,227,1,https://pemilu2019.kpu.go.id/img/c/900/046/900046059/1-11771-09-C1-PPWP-X1.jpg,https://pemilu2019.kpu.go.id/img/c/900/046/900046059/1-11771-09-C1-PPWP-X2.jpg
6728117431176411771900046060,SUMATERA UTARA,KOTA MEDAN,MEDAN HELVETIA,SEI SIKAMBING C II,TPS 10,2019-10-25 17:00:05,96,117,231,213,213,213,0,https://pemilu2019.kpu.go.id/img/c/900/046/900046060/1-11771-10-C1-PPWP-X1.jpg,https://pemilu2019.kpu.go.id/img/c/900/046/900046060/1-11771-10-C1-PPWP-X2.jpg
6728117431176411771900046061,SUMATERA UTARA,KOTA MEDAN,MEDAN HELVETIA,SEI SIKAMBING C II,TPS 11,2019-10-25 17:00:05,115,110,292,226,226,225,1,https://pemilu2019.kpu.go.id/img/c/900/046/900046061/1-11771-11-C1-PPWP-X1.jpg,https://pemilu2019.kpu.go.id/img/c/900/046/900046061/1-11771-11-C1-PPWP-X2.jpg
6728117431176411771900046062,SUMATERA UTARA,KOTA MEDAN,MEDAN HELVETIA,SEI SIKAMBING C II,TPS 12,2019-10-25 17:00:05,146,86,300,233,233,232,1,https://pemilu2019.kpu.go.id/img/c/900/046/900046062/2-11771-12-C1-PPWP-X1.jpg,https://pemilu2019.kpu.go.id/img/c/900/046/900046062/2-11771-12-C1-PPWP-X2.jpg
6728117431176411771900046063,SUMATERA UTARA,KOTA MEDAN,MEDAN HELVETIA,SEI SIKAMBING C II,TPS 13,2019-10-25 17:00:05,107,142,289,249,249,249,0,https://pemilu2019.kpu.go.id/img/c/900/046/900046063/1-11771-13-C1-PPWP-X1.jpg,https://pemilu2019.kpu.go.id/img/c/900/046/900046063/1-11771-13-C1-PPWP-X2.jpg
6728117431176411771900046064,SUMATERA UTARA,KOTA MEDAN,MEDAN HELVETIA,SEI SIKAMBING C II,TPS 14,2019-10-25 17:00:05,80,161,327,242,242,241,1,https://pemilu2019.kpu.go.id/img/c/900/046/900046064/1-11771-14-C1-PPWP-X1.jpg,https://pemilu2019.kpu.go.id/img/c/900/046/900046064/1-11771-14-C1-PPWP-X2.jpg
6728117431176411771900046065,SUMATERA UTARA,KOTA MEDAN,MEDAN HELVETIA,SEI SIKAMBING C II,TPS 15,2019-10-25 17:00:05,96,127,299,225,225,223,2,https://pemilu2019.kpu.go.id/img/c/900/046/900046065/1-11771-15-C1-PPWP-X1.jpg,https://pemilu2019.kpu.go.id/img/c/900/046/900046065/1-11771-15-C1-PPWP-X2.jpg
6728117431176411771900046066,SUMATERA UTARA,KOTA MEDAN,MEDAN HELVETIA,SEI SIKAMBING C II,TPS 16,2019-10-25 17:00:05,75,157,297,233,233,232,1,https://pemilu2019.kpu.go.id/img/c/900/046/900046066/1-11771-16-C1-PPWP-X1.jpg,https://pemilu2019.kpu.go.id/img/c/900/046/900046066/1-11771-16-C1-PPWP-X2.jpg
6728117431176411771900046067,SUMATERA UTARA,KOTA MEDAN,MEDAN HELVETIA,SEI SIKAMBING C II,TPS 17,2019-10-25 17:00:05,119,179,298,298,298,298,0,https://pemilu2019.kpu.go.id/img/c/900/046/900046067/1-11771-17-C1-PPWP-X1.jpg,https://pemilu2019.kpu.go.id/img/c/900/046/900046067/1-11771-17-C1-PPWP-X2.jpg
6728117431176411771900046068,SUMATERA UTARA,KOTA MEDAN,MEDAN HELVETIA,SEI SIKAMBING C II,TPS 18,2019-10-25 17:00:05,79,184,300,263,263,263,0,https://pemilu2019.kpu.go.id/img/c/900/046/900046068/1-11771-18-C1-PPWP-X1.jpg,https://pemilu2019.kpu.go.id/img/c/900/046/900046068/1-11771-18-C1-PPWP-X2.jpg
6728117431176411771900046069,SUMATERA UTARA,KOTA MEDAN,MEDAN HELVETIA,SEI SIKAMBING C II,TPS 19,2019-10-25 17:00:05,74,191,349,270,270,265,5,https://pemilu2019.kpu.go.id/img/c/900/046/900046069/1-11771-19-C1-PPWP-X1.jpg,https://pemilu2019.kpu.go.id/img/c/900/046/900046069/1-11771-19-C1-PPWP-X2.jpg
6728117431176411771900046070,SUMATERA UTARA,KOTA MEDAN,MEDAN HELVETIA,SEI SIKAMBING C II,TPS 20,2019-10-25 17:00:05,96,141,245,239,239,237,2,https://pemilu2019.kpu.go.id/img/c/900/046/900046070/1-11771-20-C1-PPWP-X1.jpg,https://pemilu2019.kpu.go.id/img/c/900/046/900046070/1-11771-20-C1-PPWP-X2.jpg
6728117431176411771900046071,SUMATERA UTARA,KOTA MEDAN,MEDAN HELVETIA,SEI SIKAMBING C II,TPS 21,2019-10-25 17:00:05,101,119,258,224,224,220,4,https://pemilu2019.kpu.go.id/img/c/900/046/900046071/1-11771-21-C1-PPWP-X1.jpg,https://pemilu2019.kpu.go.id/img/c/900/046/900046071/1-11771-21-C1-PPWP-X2.jpg
6728117431176411771900046072,SUMATERA UTARA,KOTA MEDAN,MEDAN HELVETIA,SEI SIKAMBING C II,TPS 22,2019-10-25 17:00:05,62,168,321,230,230,230,0,https://pemilu2019.kpu.go.id/img/c/900/046/900046072/1-11771-22-C1-PPWP-X1.jpg,https://pemilu2019.kpu.go.id/img/c/900/046/900046072/1-11771-22-C1-PPWP-X2.jpg
6728117431176411771900046073,SUMATERA UTARA,KOTA MEDAN,MEDAN HELVETIA,SEI SIKAMBING C II,TPS 23,2019-10-25 17:00:05,85,120,271,208,208,205,3,https://pemilu2019.kpu.go.id/img/c/900/046/900046073/1-11771-23-C1-PPWP-X1.jpg,https://pemilu2019.kpu.go.id/img/c/900/046/900046073/1-11771-23-C1-PPWP-X2.jpg
6728117431176411771900046074,SUMATERA UTARA,KOTA MEDAN,MEDAN HELVETIA,SEI SIKAMBING C II,TPS 24,2019-10-25 17:00:05,62,190,286,252,252,252,0,https://pemilu2019.kpu.go.id/img/c/900/046/900046074/1-11771-24-C1-PPWP-X1.jpg,https://pemilu2019.kpu.go.id/img/c/900/046/900046074/1-11771-24-C1-PPWP-X2.jpg
6728117431176411771900046075,SUMATERA UTARA,KOTA MEDAN,MEDAN HELVETIA,SEI SIKAMBING C II,TPS 25,2019-10-25 17:00:05,86,172,284,263,263,258,5,https://pemilu2019.kpu.go.id/img/c/900/046/900046075/1-11771-25-C1-PPWP-X1.jpg,https://pemilu2019.kpu.go.id/img/c/900/046/900046075/1-11771-25-C1-PPWP-X2.jpg
6728117431176411771900046076,SUMATERA UTARA,KOTA MEDAN,MEDAN HELVETIA,SEI SIKAMBING C II,TPS 26,2019-10-25 17:00:05,58,165,289,224,224,223,1,https://pemilu2019.kpu.go.id/img/c/900/046/900046076/1-11771-26-C1-PPWP-X1.jpg,https://pemilu2019.kpu.go.id/img/c/900/046/900046076/1-11771-26-C1-PPWP-X2.jpg
6728117431176411771900046077,SUMATERA UTARA,KOTA MEDAN,MEDAN HELVETIA,SEI SIKAMBING C II,TPS 27,2019-10-25 17:00:05,50,171,293,219,223,221,2,https://pemilu2019.kpu.go.id/img/c/900/046/900046077/1-11771-27-C1-PPWP-X1.jpg,https://pemilu2019.kpu.go.id/img/c/900/046/900046077/1-11771-27-C1-PPWP-X2.jpg
6728117431176411771900046078,SUMATERA UTARA,KOTA MEDAN,MEDAN HELVETIA,SEI SIKAMBING C II,TPS 28,2019-10-25 17:00:05,68,162,309,231,231,230,1,https://pemilu2019.kpu.go.id/img/c/900/046/900046078/1-11771-28-C1-PPWP-X3.jpg,https://pemilu2019.kpu.go.id/img/c/900/046/900046078/1-11771-28-C1-PPWP-X4.jpg
6728117431176411771900046079,SUMATERA UTARA,KOTA MEDAN,MEDAN HELVETIA,SEI SIKAMBING C II,TPS 29,2019-10-25 17:00:05,88,139,186,227,227,227,0,https://pemilu2019.kpu.go.id/img/c/900/046/900046079/1-11771-29-C1-PPWP-X1.jpg,https://pemilu2019.kpu.go.id/img/c/900/046/900046079/1-11771-29-C1-PPWP-X2.jpg
6728117431176411771900046080,SUMATERA UTARA,KOTA MEDAN,MEDAN HELVETIA,SEI SIKAMBING C II,TPS 30,2019-10-25 17:00:05,85,87,248,173,173,172,1,https://pemilu2019.kpu.go.id/img/c/900/046/900046080/1-11771-30-C1-PPWP-X1.jpg,https://pemilu2019.kpu.go.id/img/c/900/046/900046080/1-11771-30-C1-PPWP-X2.jpg
6728117431176411768900045886,SUMATERA UTARA,KOTA MEDAN,MEDAN HELVETIA,TANJUNG GUSTA,TPS 01,2019-10-25 17:00:05,67,135,306,203,203,202,1,https://pemilu2019.kpu.go.id/img/c/900/045/900045886/1-11768-01-C1-PPWP-X1.jpg,https://pemilu2019.kpu.go.id/img/c/900/045/900045886/1-11768-01-C1-PPWP-X2.jpg
6728117431176411768900045887,SUMATERA UTARA,KOTA MEDAN,MEDAN HELVETIA,TANJUNG GUSTA,TPS 02,2019-10-25 17:00:05,78,151,344,230,230,229,1,https://pemilu2019.kpu.go.id/img/c/900/045/900045887/2-11768-02-C1-PPWP-X1.jpg,https://pemilu2019.kpu.go.id/img/c/900/045/900045887/2-11768-02-C1-PPWP-X2.jpg
6728117431176411768900045888,SUMATERA UTARA,KOTA MEDAN,MEDAN HELVETIA,TANJUNG GUSTA,TPS 03,2019-10-25 17:00:05,104,115,332,221,221,219,2,https://pemilu2019.kpu.go.id/img/c/900/045/900045888/2-11768-03-C1-PPWP-X3.jpg,https://pemilu2019.kpu.go.id/img/c/900/045/900045888/2-11768-03-C1-PPWP-X4.jpg
6728117431176411768900045889,SUMATERA UTARA,KOTA MEDAN,MEDAN HELVETIA,TANJUNG GUSTA,TPS 04,2019-10-25 17:00:05,98,153,387,252,252,251,1,https://pemilu2019.kpu.go.id/img/c/900/045/900045889/1-11768-04-C-XXX-X5.jpg,https://pemilu2019.kpu.go.id/img/c/900/045/900045889/1-11768-04-C-XXX-X6.jpg
6728117431176411768900045890,SUMATERA UTARA,KOTA MEDAN,MEDAN HELVETIA,TANJUNG GUSTA,TPS 05,2019-10-25 17:00:05,105,113,360,218,218,218,0,https://pemilu2019.kpu.go.id/img/c/900/045/900045890/2-11768-05-C1-PPWP-X1.jpg,https://pemilu2019.kpu.go.id/img/c/900/045/900045890/2-11768-05-C1-PPWP-X2.jpg
6728117431176411768900045891,SUMATERA UTARA,KOTA MEDAN,MEDAN HELVETIA,TANJUNG GUSTA,TPS 06,2019-10-25 17:00:05,76,130,338,209,209,206,3,https://pemilu2019.kpu.go.id/img/c/900/045/900045891/11768-06-C1-PPWP-X1.jpg,https://pemilu2019.kpu.go.id/img/c/900/045/900045891/11768-06-C1-PPWP-X2.jpg
6728117431176411768900045892,SUMATERA UTARA,KOTA MEDAN,MEDAN HELVETIA,TANJUNG GUSTA,TPS 07,2019-10-25 17:00:05,82,129,329,215,215,211,4,https://pemilu2019.kpu.go.id/img/c/900/045/900045892/3-11768-07-C1-PPWP-X1.jpg,https://pemilu2019.kpu.go.id/img/c/900/045/900045892/3-11768-07-C1-PPWP-X2.jpg
6728117431176411768900045893,SUMATERA UTARA,KOTA MEDAN,MEDAN HELVETIA,TANJUNG GUSTA,TPS 08,2019-10-25 17:00:05,76,147,362,225,225,223,2,https://pemilu2019.kpu.go.id/img/c/900/045/900045893/1-11768-08-C1-PPWP-X1.jpg,https://pemilu2019.kpu.go.id/img/c/900/045/900045893/1-11768-08-C1-PPWP-X2.jpg
6728117431176411768900045894,SUMATERA UTARA,KOTA MEDAN,MEDAN HELVETIA,TANJUNG GUSTA,TPS 09,2019-10-25 17:00:05,94,157,353,251,251,251,0,https://pemilu2019.kpu.go.id/img/c/900/045/900045894/1-11768-09-C1-PPWP-X1.jpg,https://pemilu2019.kpu.go.id/img/c/900/045/900045894/1-11768-09-C1-PPWP-X2.jpg
6728117431176411768900045895,SUMATERA UTARA,KOTA MEDAN,MEDAN HELVETIA,TANJUNG GUSTA,TPS 10,2019-10-25 17:00:05,43,167,345,213,213,210,3,https://pemilu2019.kpu.go.id/img/c/900/045/900045895/1-11768-10-C1-PPWP-X1.jpg,https://pemilu2019.kpu.go.id/img/c/900/045/900045895/1-11768-10-C1-PPWP-X2.jpg
6728117431176411768900045896,SUMATERA UTARA,KOTA MEDAN,MEDAN HELVETIA,TANJUNG GUSTA,TPS 11,2019-10-25 17:00:05,49,150,338,203,203,199,4,https://pemilu2019.kpu.go.id/img/c/900/045/900045896/2-11768-11-C1-PPWP-X1.jpg,https://pemilu2019.kpu.go.id/img/c/900/045/900045896/2-11768-11-C1-PPWP-X2.jpg
6728117431176411768900045897,SUMATERA UTARA,KOTA MEDAN,MEDAN HELVETIA,TANJUNG GUSTA,TPS 12,2019-10-25 17:00:05,45,165,334,217,217,213,4,https://pemilu2019.kpu.go.id/img/c/900/045/900045897/2-11768-12-C1-PPWP-X1.jpg,https://pemilu2019.kpu.go.id/img/c/900/045/900045897/2-11768-12-C1-PPWP-X2.jpg
6728117431176411768900045898,SUMATERA UTARA,KOTA MEDAN,MEDAN HELVETIA,TANJUNG GUSTA,TPS 13,2019-10-25 17:00:05,44,212,349,257,257,256,1,https://pemilu2019.kpu.go.id/img/c/900/045/900045898/2-11768-13-C1-PPWP-X1.jpg,https://pemilu2019.kpu.go.id/img/c/900/045/900045898/2-11768-13-C1-PPWP-X2.jpg
6728117431176411768900045899,SUMATERA UTARA,KOTA MEDAN,MEDAN HELVETIA,TANJUNG GUSTA,TPS 14,2019-10-25 17:00:05,38,174,336,215,215,212,3,https://pemilu2019.kpu.go.id/img/c/900/045/900045899/1-11768-14-C-XXX-X5.jpg,https://pemilu2019.kpu.go.id/img/c/900/045/900045899/1-11768-14-C-XXX-X6.jpg
6728117431176411768900045900,SUMATERA UTARA,KOTA MEDAN,MEDAN HELVETIA,TANJUNG GUSTA,TPS 15,2019-10-25 17:00:05,52,165,291,224,220,217,3,https://pemilu2019.kpu.go.id/img/c/900/045/900045900/1-11768-15-C1-PPWP-X1.jpg,https://pemilu2019.kpu.go.id/img/c/900/045/900045900/1-11768-15-C1-PPWP-X2.jpg
6728117431176411768900045901,SUMATERA UTARA,KOTA MEDAN,MEDAN HELVETIA,TANJUNG GUSTA,TPS 16,2019-10-25 17:00:05,33,180,288,213,214,213,1,https://pemilu2019.kpu.go.id/img/c/900/045/900045901/11768-16-C1-PPWP-X1.jpg,https://pemilu2019.kpu.go.id/img/c/900/045/900045901/11768-16-C1-PPWP-X2.jpg
6728117431176411768900045902,SUMATERA UTARA,KOTA MEDAN,MEDAN HELVETIA,TANJUNG GUSTA,TPS 17,2019-10-25 17:00:05,48,149,336,197,197,197,1,https://pemilu2019.kpu.go.id/img/c/900/045/900045902/2-11768-17-C1-PPWP-X5.jpg,https://pemilu2019.kpu.go.id/img/c/900/045/900045902/2-11768-17-C1-PPWP-X6.jpg
6728117431176411768900045903,SUMATERA UTARA,KOTA MEDAN,MEDAN HELVETIA,TANJUNG GUSTA,TPS 18,2019-10-25 17:00:05,69,166,351,236,236,235,1,https://pemilu2019.kpu.go.id/img/c/900/045/900045903/1-11768-18-C1-PPWP-X1.jpg,https://pemilu2019.kpu.go.id/img/c/900/045/900045903/1-11768-18-C1-PPWP-X2.jpg
6728117431176411768900045904,SUMATERA UTARA,KOTA MEDAN,MEDAN HELVETIA,TANJUNG GUSTA,TPS 19,2019-10-25 17:00:05,61,153,339,215,215,214,1,https://pemilu2019.kpu.go.id/img/c/900/045/900045904/1-11768-19-C1-PPWP-X1.jpg,https://pemilu2019.kpu.go.id/img/c/900/045/900045904/1-11768-19-C1-PPWP-X2.jpg
6728117431176411768900045905,SUMATERA UTARA,KOTA MEDAN,MEDAN HELVETIA,TANJUNG GUSTA,TPS 20,2019-10-25 17:00:05,48,202,348,252,252,250,2,https://pemilu2019.kpu.go.id/img/c/900/045/900045905/1-11768-20-C1-PPWP-X1.jpg,https://pemilu2019.kpu.go.id/img/c/900/045/900045905/1-11768-20-C1-PPWP-X2.jpg
6728117431176411768900045906,SUMATERA UTARA,KOTA MEDAN,MEDAN HELVETIA,TANJUNG GUSTA,TPS 21,2019-10-25 17:00:05,50,178,324,230,230,228,2,https://pemilu2019.kpu.go.id/img/c/900/045/900045906/2-11768-21-C1-PPWP-X1.jpg,https://pemilu2019.kpu.go.id/img/c/900/045/900045906/2-11768-21-C1-PPWP-X2.jpg
6728117431176411768900045907,SUMATERA UTARA,KOTA MEDAN,MEDAN HELVETIA,TANJUNG GUSTA,TPS 22,2019-10-25 17:00:05,98,118,323,217,217,216,1,https://pemilu2019.kpu.go.id/img/c/900/045/900045907/1-11768-22-C1-PPWP-X1.jpg,https://pemilu2019.kpu.go.id/img/c/900/045/900045907/1-11768-22-C1-PPWP-X2.jpg
6728117431176411768900045908,SUMATERA UTARA,KOTA MEDAN,MEDAN HELVETIA,TANJUNG GUSTA,TPS 23,2019-10-25 17:00:05,59,176,278,235,235,235,0,https://pemilu2019.kpu.go.id/img/c/900/045/900045908/11768-23-C1-PPWP-X1.jpg,https://pemilu2019.kpu.go.id/img/c/900/045/900045908/11768-23-C1-PPWP-X2.jpg
6728117431176411768900045909,SUMATERA UTARA,KOTA MEDAN,MEDAN HELVETIA,TANJUNG GUSTA,TPS 24,2019-10-25 17:00:05,82,153,236,236,237,235,2,https://pemilu2019.kpu.go.id/img/c/900/045/900045909/11768-24-C1-PPWP-X1.jpg,https://pemilu2019.kpu.go.id/img/c/900/045/900045909/11768-24-C1-PPWP-X2.jpg
6728117431176411768900045910,SUMATERA UTARA,KOTA MEDAN,MEDAN HELVETIA,TANJUNG GUSTA,TPS 25,2019-10-25 17:00:05,98,113,275,275,212,211,1,https://pemilu2019.kpu.go.id/img/c/900/045/900045910/2-11768-25-C1-PPWP-X1.jpg,https://pemilu2019.kpu.go.id/img/c/900/045/900045910/2-11768-25-C1-PPWP-X2.jpg
6728117431176411768900045911,SUMATERA UTARA,KOTA MEDAN,MEDAN HELVETIA,TANJUNG GUSTA,TPS 26,2019-10-25 17:00:05,99,124,340,223,223,223,0,https://pemilu2019.kpu.go.id/img/c/900/045/900045911/3-11768-26-C1-PPWP-X1.jpg,https://pemilu2019.kpu.go.id/img/c/900/045/900045911/3-11768-26-C1-PPWP-X2.jpg
6728117431176411768900045912,SUMATERA UTARA,KOTA MEDAN,MEDAN HELVETIA,TANJUNG GUSTA,TPS 27,2019-10-25 17:00:05,75,137,341,214,214,212,2,https://pemilu2019.kpu.go.id/img/c/900/045/900045912/2-11768-27-C1-PPWP-X1.jpg,https://pemilu2019.kpu.go.id/img/c/900/045/900045912/2-11768-27-C1-PPWP-X2.jpg
6728117431176411768900045913,SUMATERA UTARA,KOTA MEDAN,MEDAN HELVETIA,TANJUNG GUSTA,TPS 28,2019-10-25 17:00:05,60,143,312,204,204,203,1,https://pemilu2019.kpu.go.id/img/c/900/045/900045913/1-11768-28-C1-PPWP-X1.jpg,https://pemilu2019.kpu.go.id/img/c/900/045/900045913/1-11768-28-C1-PPWP-X2.jpg
6728117431176411768900045914,SUMATERA UTARA,KOTA MEDAN,MEDAN HELVETIA,TANJUNG GUSTA,TPS 29,2019-10-25 17:00:05,90,182,358,272,272,272,0,https://pemilu2019.kpu.go.id/img/c/900/045/900045914/11768-29-C-XXX-X5.jpg,https://pemilu2019.kpu.go.id/img/c/900/045/900045914/11768-29-C-XXX-X6.jpg
6728117431176411768900045915,SUMATERA UTARA,KOTA MEDAN,MEDAN HELVETIA,TANJUNG GUSTA,TPS 30,2019-10-25 17:00:05,103,156,326,262,262,259,3,https://pemilu2019.kpu.go.id/img/c/900/045/900045915/2-11768-30-C-XXX-X5.jpg,https://pemilu2019.kpu.go.id/img/c/900/045/900045915/2-11768-30-C-XXX-X6.jpg
6728117431176411768900045916,SUMATERA UTARA,KOTA MEDAN,MEDAN HELVETIA,TANJUNG GUSTA,TPS 31,2019-10-25 17:00:05,84,125,337,212,212,209,3,https://pemilu2019.kpu.go.id/img/c/900/045/900045916/1-11768-31-C1-PPWP-X1.jpg,https://pemilu2019.kpu.go.id/img/c/900/045/900045916/1-11768-31-C1-PPWP-X2.jpg
6728117431176411768900045917,SUMATERA UTARA,KOTA MEDAN,MEDAN HELVETIA,TANJUNG GUSTA,TPS 32,2019-10-25 17:00:05,67,163,278,232,232,230,2,https://pemilu2019.kpu.go.id/img/c/900/045/900045917/1-11768-32-C1-PPWP-X1.jpg,https://pemilu2019.kpu.go.id/img/c/900/045/900045917/1-11768-32-C1-PPWP-X2.jpg
6728117431176411768900045918,SUMATERA UTARA,KOTA MEDAN,MEDAN HELVETIA,TANJUNG GUSTA,TPS 33,2019-10-25 17:00:05,223,17,274,244,244,240,4,https://pemilu2019.kpu.go.id/img/c/900/045/900045918/1-11768-33-C1-PPWP-X1.jpg,https://pemilu2019.kpu.go.id/img/c/900/045/900045918/1-11768-33-C1-PPWP-X2.jpg
6728117431176411768900045919,SUMATERA UTARA,KOTA MEDAN,MEDAN HELVETIA,TANJUNG GUSTA,TPS 34,2019-10-25 17:00:05,234,14,314,249,249,248,1,https://pemilu2019.kpu.go.id/img/c/900/045/900045919/1-11768-34-C1-PPWP-X7.jpg,https://pemilu2019.kpu.go.id/img/c/900/045/900045919/1-11768-34-C1-PPWP-X8.jpg
6728117431176411768900045920,SUMATERA UTARA,KOTA MEDAN,MEDAN HELVETIA,TANJUNG GUSTA,TPS 35,2019-10-25 17:00:05,221,5,271,227,227,226,1,https://pemilu2019.kpu.go.id/img/c/900/045/900045920/1-11768-35-C1-PPWP-X1.jpg,https://pemilu2019.kpu.go.id/img/c/900/045/900045920/1-11768-35-C1-PPWP-X2.jpg
6728117431176411768900045921,SUMATERA UTARA,KOTA MEDAN,MEDAN HELVETIA,TANJUNG GUSTA,TPS 36,2019-10-25 17:00:05,238,9,300,248,248,247,1,https://pemilu2019.kpu.go.id/img/c/900/045/900045921/1-11768-36-C1-PPWP-X1.jpg,https://pemilu2019.kpu.go.id/img/c/900/045/900045921/1-11768-36-C1-PPWP-X2.jpg
6728117431176411768900045922,SUMATERA UTARA,KOTA MEDAN,MEDAN HELVETIA,TANJUNG GUSTA,TPS 37,2019-10-25 17:00:05,142,103,282,246,246,245,1,https://pemilu2019.kpu.go.id/img/c/900/045/900045922/2-11768-37-C1-PPWP-X1.jpg,https://pemilu2019.kpu.go.id/img/c/900/045/900045922/2-11768-37-C1-PPWP-X2.jpg
6728117431176411768900045923,SUMATERA UTARA,KOTA MEDAN,MEDAN HELVETIA,TANJUNG GUSTA,TPS 38,2019-10-25 17:00:05,111,100,327,213,213,211,2,https://pemilu2019.kpu.go.id/img/c/900/045/900045923/1-11768-38-C1-PPWP-X1.jpg,https://pemilu2019.kpu.go.id/img/c/900/045/900045923/1-11768-38-C1-PPWP-X2.jpg
6728117431176411768900045924,SUMATERA UTARA,KOTA MEDAN,MEDAN HELVETIA,TANJUNG GUSTA,TPS 39,2019-10-25 17:00:05,126,92,293,219,219,218,1,https://pemilu2019.kpu.go.id/img/c/900/045/900045924/1-11768-39-C1-PPWP-X1.jpg,https://pemilu2019.kpu.go.id/img/c/900/045/900045924/1-11768-39-C1-PPWP-X2.jpg
6728117431176411768900045925,SUMATERA UTARA,KOTA MEDAN,MEDAN HELVETIA,TANJUNG GUSTA,TPS 40,2019-10-25 17:00:05,126,102,313,229,229,228,1,https://pemilu2019.kpu.go.id/img/c/900/045/900045925/11768-40-C1-PPWP-X1.jpg,https://pemilu2019.kpu.go.id/img/c/900/045/900045925/11768-40-C1-PPWP-X2.jpg
6728117431176411768900045926,SUMATERA UTARA,KOTA MEDAN,MEDAN HELVETIA,TANJUNG GUSTA,TPS 41,2019-10-25 17:00:05,130,96,354,229,229,226,3,https://pemilu2019.kpu.go.id/img/c/900/045/900045926/1-11768-41-C1-PPWP-X1.jpg,https://pemilu2019.kpu.go.id/img/c/900/045/900045926/1-11768-41-C1-PPWP-X2.jpg
6728117431176411768900045927,SUMATERA UTARA,KOTA MEDAN,MEDAN HELVETIA,TANJUNG GUSTA,TPS 42,2019-10-25 17:00:05,125,90,267,222,222,215,7,https://pemilu2019.kpu.go.id/img/c/900/045/900045927/2-11768-42-C1-PPWP-X1.jpg,https://pemilu2019.kpu.go.id/img/c/900/045/900045927/2-11768-42-C1-PPWP-X2.jpg
6728117431176411768900045928,SUMATERA UTARA,KOTA MEDAN,MEDAN HELVETIA,TANJUNG GUSTA,TPS 43,2019-10-25 17:00:05,138,91,317,230,230,229,1,https://pemilu2019.kpu.go.id/img/c/900/045/900045928/1-11768-43-C1-PPWP-X1.jpg,https://pemilu2019.kpu.go.id/img/c/900/045/900045928/1-11768-43-C1-PPWP-X2.jpg
6728117431176411768900045929,SUMATERA UTARA,KOTA MEDAN,MEDAN HELVETIA,TANJUNG GUSTA,TPS 44,2019-10-25 17:00:05,145,98,293,248,248,246,2,https://pemilu2019.kpu.go.id/img/c/900/045/900045929/11768-44-C1-PPWP-X1.jpg,https://pemilu2019.kpu.go.id/img/c/900/045/900045929/11768-44-C1-PPWP-X2.jpg
6728117431176411768900045930,SUMATERA UTARA,KOTA MEDAN,MEDAN HELVETIA,TANJUNG GUSTA,TPS 45,2019-10-25 17:00:05,115,93,335,210,210,208,2,https://pemilu2019.kpu.go.id/img/c/900/045/900045930/1-11768-45-C1-PPWP-X1.jpg,https://pemilu2019.kpu.go.id/img/c/900/045/900045930/1-11768-45-C1-PPWP-X2.jpg
6728117431176411768900045931,SUMATERA UTARA,KOTA MEDAN,MEDAN HELVETIA,TANJUNG GUSTA,TPS 46,2019-10-25 17:00:05,99,126,281,227,227,225,2,https://pemilu2019.kpu.go.id/img/c/900/045/900045931/1-11768-46-C1-PPWP-X1.jpg,https://pemilu2019.kpu.go.id/img/c/900/045/900045931/1-11768-46-C1-PPWP-X2.jpg
6728117431176411768900045932,SUMATERA UTARA,KOTA MEDAN,MEDAN HELVETIA,TANJUNG GUSTA,TPS 47,2019-10-25 17:00:05,118,128,375,375,247,246,1,https://pemilu2019.kpu.go.id/img/c/900/045/900045932/11768-47-C1-PPWP-X1.jpg,https://pemilu2019.kpu.go.id/img/c/900/045/900045932/11768-47-C1-PPWP-X2.jpg
6728117431176411768900045933,SUMATERA UTARA,KOTA MEDAN,MEDAN HELVETIA,TANJUNG GUSTA,TPS 48,2019-10-25 17:00:05,87,148,316,235,235,235,0,https://pemilu2019.kpu.go.id/img/c/900/045/900045933/11768-48-C1-PPWP-X1.jpg,https://pemilu2019.kpu.go.id/img/c/900/045/900045933/11768-48-C1-PPWP-X2.jpg
6728117431176411768900045934,SUMATERA UTARA,KOTA MEDAN,MEDAN HELVETIA,TANJUNG GUSTA,TPS 49,2019-10-25 17:00:05,150,78,268,228,228,228,0,https://pemilu2019.kpu.go.id/img/c/900/045/900045934/11768-49-C1-PPWP-X1.jpg,https://pemilu2019.kpu.go.id/img/c/900/045/900045934/11768-49-C1-PPWP-X2.jpg
6728117431176411768900045935,SUMATERA UTARA,KOTA MEDAN,MEDAN HELVETIA,TANJUNG GUSTA,TPS 50,2019-10-25 17:00:05,147,88,292,235,235,235,0,https://pemilu2019.kpu.go.id/img/c/900/045/900045935/1-11768-50-C-XXX-X5.jpg,https://pemilu2019.kpu.go.id/img/c/900/045/900045935/1-11768-50-C-XXX-X6.jpg
6728117431176411768900045936,SUMATERA UTARA,KOTA MEDAN,MEDAN HELVETIA,TANJUNG GUSTA,TPS 51,2019-10-25 17:00:05,151,74,336,226,226,225,1,https://pemilu2019.kpu.go.id/img/c/900/045/900045936/1-11768-51-C1-PPWP-X1.jpg,https://pemilu2019.kpu.go.id/img/c/900/045/900045936/1-11768-51-C1-PPWP-X2.jpg
6728117431176411768900045937,SUMATERA UTARA,KOTA MEDAN,MEDAN HELVETIA,TANJUNG GUSTA,TPS 52,2019-10-25 17:00:05,139,51,314,190,190,190,0,https://pemilu2019.kpu.go.id/img/c/900/045/900045937/1-11768-52-C1-PPWP-X7.jpg,https://pemilu2019.kpu.go.id/img/c/900/045/900045937/1-11768-52-C1-PPWP-X8.jpg
6728117431176411768900045938,SUMATERA UTARA,KOTA MEDAN,MEDAN HELVETIA,TANJUNG GUSTA,TPS 53,2019-10-25 17:00:05,49,121,348,173,173,170,3,https://pemilu2019.kpu.go.id/img/c/900/045/900045938/1-11768-53-C1-PPWP-X1.jpg,https://pemilu2019.kpu.go.id/img/c/900/045/900045938/1-11768-53-C1-PPWP-X2.jpg
6728117431176411768900045939,SUMATERA UTARA,KOTA MEDAN,MEDAN HELVETIA,TANJUNG GUSTA,TPS 54,2019-10-25 17:00:05,62,93,245,158,158,155,3,https://pemilu2019.kpu.go.id/img/c/900/045/900045939/1-11768-54-C1-PPWP-X1.jpg,https://pemilu2019.kpu.go.id/img/c/900/045/900045939/1-11768-54-C1-PPWP-X2.jpg
6728117431176411768900045940,SUMATERA UTARA,KOTA MEDAN,MEDAN HELVETIA,TANJUNG GUSTA,TPS 55,2019-10-25 17:00:05,26,31,113,57,57,57,0,https://pemilu2019.kpu.go.id/img/c/900/045/900045940/1-11768-55-C1-PPWP-X1.jpg,https://pemilu2019.kpu.go.id/img/c/900/045/900045940/1-11768-55-C1-PPWP-X2.jpg
6728117431176411768900045941,SUMATERA UTARA,KOTA MEDAN,MEDAN HELVETIA,TANJUNG GUSTA,TPS 56,2019-10-25 17:00:05,23,64,130,89,89,87,2,https://pemilu2019.kpu.go.id/img/c/900/045/900045941/1-11768-56-C1-PPWP-X1.jpg,https://pemilu2019.kpu.go.id/img/c/900/045/900045941/1-11768-56-C1-PPWP-X2.jpg
6728117431176411768900045942,SUMATERA UTARA,KOTA MEDAN,MEDAN HELVETIA,TANJUNG GUSTA,TPS 57,2019-10-25 17:00:05,105,143,330,250,250,248,2,https://pemilu2019.kpu.go.id/img/c/900/045/900045942/1-11768-57-C1-PPWP-X1.jpg,https://pemilu2019.kpu.go.id/img/c/900/045/900045942/1-11768-57-C1-PPWP-X2.jpg
6728117431176411768900045943,SUMATERA UTARA,KOTA MEDAN,MEDAN HELVETIA,TANJUNG GUSTA,TPS 58,2019-10-25 17:00:05,115,77,340,195,195,192,3,https://pemilu2019.kpu.go.id/img/c/900/045/900045943/1-11768-58-C1-PPWP-X1.jpg,https://pemilu2019.kpu.go.id/img/c/900/045/900045943/1-11768-58-C1-PPWP-X2.jpg
6728117431176411768900045944,SUMATERA UTARA,KOTA MEDAN,MEDAN HELVETIA,TANJUNG GUSTA,TPS 59,2019-10-25 17:00:05,77,116,275,195,195,193,2,https://pemilu2019.kpu.go.id/img/c/900/045/900045944/1-11768-59-C1-PPWP-X1.jpg,https://pemilu2019.kpu.go.id/img/c/900/045/900045944/1-11768-59-C1-PPWP-X2.jpg
6728117431176411768900045945,SUMATERA UTARA,KOTA MEDAN,MEDAN HELVETIA,TANJUNG GUSTA,TPS 60,2019-10-25 17:00:05,89,55,296,144,144,144,0,https://pemilu2019.kpu.go.id/img/c/900/045/900045945/2-11768-60-C1-PPWP-X1.jpg,https://pemilu2019.kpu.go.id/img/c/900/045/900045945/2-11768-60-C1-PPWP-X2.jpg
6728117431176411768900045946,SUMATERA UTARA,KOTA MEDAN,MEDAN HELVETIA,TANJUNG GUSTA,TPS 61,2019-10-25 17:00:05,48,124,0,0,175,172,3,https://pemilu2019.kpu.go.id/img/c/900/045/900045946/1-11768-61-C1-PPWP-X1.jpg,https://pemilu2019.kpu.go.id/img/c/900/045/900045946/1-11768-61-C1-PPWP-X2.jpg
6728117431176411768900045947,SUMATERA UTARA,KOTA MEDAN,MEDAN HELVETIA,TANJUNG GUSTA,TPS 62,2019-10-25 17:00:05,76,146,248,224,224,222,2,https://pemilu2019.kpu.go.id/img/c/900/045/900045947/1-11768-62-C1-PPWP-X1.jpg,https://pemilu2019.kpu.go.id/img/c/900/045/900045947/1-11768-62-C1-PPWP-X2.jpg
6728117431176411768900045948,SUMATERA UTARA,KOTA MEDAN,MEDAN HELVETIA,TANJUNG GUSTA,TPS 63,2019-10-25 17:00:05,62,185,0,255,255,247,8,https://pemilu2019.kpu.go.id/img/c/900/045/900045948/1-11768-63-C1-PPWP-X1.jpg,https://pemilu2019.kpu.go.id/img/c/900/045/900045948/1-11768-63-C1-PPWP-X2.jpg
6728117431176411768900045949,SUMATERA UTARA,KOTA MEDAN,MEDAN HELVETIA,TANJUNG GUSTA,TPS 64,2019-10-25 17:00:05,29,109,138,138,138,138,0,https://pemilu2019.kpu.go.id/img/c/900/045/900045949/1-11768-64-C1-PPWP-X1.jpg,https://pemilu2019.kpu.go.id/img/c/900/045/900045949/1-11768-64-C1-PPWP-X2.jpg
6728117431176411768900045950,SUMATERA UTARA,KOTA MEDAN,MEDAN HELVETIA,TANJUNG GUSTA,TPS 65,2019-10-25 17:00:05,33,71,229,104,104,104,0,https://pemilu2019.kpu.go.id/img/c/900/045/900045950/1-11768-65-C1-PPWP-X1.jpg,https://pemilu2019.kpu.go.id/img/c/900/045/900045950/1-11768-65-C1-PPWP-X2.jpg
6728117431183111836900048647,SUMATERA UTARA,KOTA MEDAN,MEDAN JOHOR,GEDUNG JOHOR,TPS 01,2019-10-25 17:00:05,65,117,280,182,182,182,0,https://pemilu2019.kpu.go.id/img/c/900/048/900048647/1-11836-01-C1-PPWP-X1.jpg,https://pemilu2019.kpu.go.id/img/c/900/048/900048647/1-11836-01-C1-PPWP-X2.jpg
6728117431183111836900048648,SUMATERA UTARA,KOTA MEDAN,MEDAN JOHOR,GEDUNG JOHOR,TPS 02,2019-10-25 17:00:05,34,141,312,175,175,175,0,https://pemilu2019.kpu.go.id/img/c/900/048/900048648/1-11836-02-C1-PPWP-X1.jpg,https://pemilu2019.kpu.go.id/img/c/900/048/900048648/1-11836-02-C1-PPWP-X2.jpg
6728117431183111836900048649,SUMATERA UTARA,KOTA MEDAN,MEDAN JOHOR,GEDUNG JOHOR,TPS 03,2019-10-25 17:00:05,55,180,338,239,239,235,4,https://pemilu2019.kpu.go.id/img/c/900/048/900048649/1-11836-03-C1-PPWP-X1.jpg,https://pemilu2019.kpu.go.id/img/c/900/048/900048649/1-11836-03-C1-PPWP-X2.jpg
6728117431183111836900048650,SUMATERA UTARA,KOTA MEDAN,MEDAN JOHOR,GEDUNG JOHOR,TPS 04,2019-10-25 17:00:05,37,145,182,0,234,182,0,https://pemilu2019.kpu.go.id/img/c/900/048/900048650/1-11836-04-C1-PPWP-X1.jpg,https://pemilu2019.kpu.go.id/img/c/900/048/900048650/1-11836-04-C1-PPWP-X2.jpg
6728117431183111836900048651,SUMATERA UTARA,KOTA MEDAN,MEDAN JOHOR,GEDUNG JOHOR,TPS 05,2019-10-25 17:00:05,25,88,253,113,113,113,0,https://pemilu2019.kpu.go.id/img/c/900/048/900048651/2-11836-05-C1-PPWP-X1.jpg,https://pemilu2019.kpu.go.id/img/c/900/048/900048651/2-11836-05-C1-PPWP-X2.jpg
6728117431183111836900048652,SUMATERA UTARA,KOTA MEDAN,MEDAN JOHOR,GEDUNG JOHOR,TPS 06,2019-10-25 17:00:05,77,130,279,212,210,207,3,https://pemilu2019.kpu.go.id/img/c/900/048/900048652/2-11836-06-C1-PPWP-X1.jpg,https://pemilu2019.kpu.go.id/img/c/900/048/900048652/2-11836-06-C1-PPWP-X2.jpg
6728117431183111836900048653,SUMATERA UTARA,KOTA MEDAN,MEDAN JOHOR,GEDUNG JOHOR,TPS 07,2019-10-25 17:00:05,61,188,263,250,250,249,1,https://pemilu2019.kpu.go.id/img/c/900/048/900048653/1-11836-07-C1-PPWP-X1.jpg,https://pemilu2019.kpu.go.id/img/c/900/048/900048653/1-11836-07-C1-PPWP-X2.jpg
6728117431183111836900048654,SUMATERA UTARA,KOTA MEDAN,MEDAN JOHOR,GEDUNG JOHOR,TPS 08,2019-10-25 17:00:05,69,174,327,244,244,243,1,https://pemilu2019.kpu.go.id/img/c/900/048/900048654/1-11836-08-C1-PPWP-X1.jpg,https://pemilu2019.kpu.go.id/img/c/900/048/900048654/1-11836-08-C1-PPWP-X2.jpg
6728117431183111836900048655,SUMATERA UTARA,KOTA MEDAN,MEDAN JOHOR,GEDUNG JOHOR,TPS 09,2019-10-25 17:00:05,43,197,318,243,243,240,3,https://pemilu2019.kpu.go.id/img/c/900/048/900048655/1-11836-09-C1-PPWP-X1.jpg,https://pemilu2019.kpu.go.id/img/c/900/048/900048655/1-11836-09-C1-PPWP-X2.jpg
6728117431183111836900048656,SUMATERA UTARA,KOTA MEDAN,MEDAN JOHOR,GEDUNG JOHOR,TPS 10,2019-10-25 17:00:05,56,162,297,221,246,218,28,https://pemilu2019.kpu.go.id/img/c/900/048/900048656/1-11836-10-C1-PPWP-X1.jpg,https://pemilu2019.kpu.go.id/img/c/900/048/900048656/1-11836-10-C1-PPWP-X2.jpg
6728117431183111836900048657,SUMATERA UTARA,KOTA MEDAN,MEDAN JOHOR,GEDUNG JOHOR,TPS 11,2019-10-25 17:00:05,26,142,169,170,170,168,2,https://pemilu2019.kpu.go.id/img/c/900/048/900048657/1-11836-11-C1-PPWP-X1.jpg,https://pemilu2019.kpu.go.id/img/c/900/048/900048657/1-11836-11-C1-PPWP-X2.jpg
6728117431183111836900048658,SUMATERA UTARA,KOTA MEDAN,MEDAN JOHOR,GEDUNG JOHOR,TPS 12,2019-10-25 17:00:05,36,132,205,173,172,168,4,https://pemilu2019.kpu.go.id/img/c/900/048/900048658/1-11836-12-C1-PPWP-X1.jpg,https://pemilu2019.kpu.go.id/img/c/900/048/900048658/1-11836-12-C1-PPWP-X2.jpg
6728117431183111836900048659,SUMATERA UTARA,KOTA MEDAN,MEDAN JOHOR,GEDUNG JOHOR,TPS 13,2019-10-25 17:00:05,41,167,238,209,209,208,1,https://pemilu2019.kpu.go.id/img/c/900/048/900048659/1-11836-13-C-XXX-X5.jpg,https://pemilu2019.kpu.go.id/img/c/900/048/900048659/1-11836-13-C-XXX-X6.jpg
6728117431183111836900048660,SUMATERA UTARA,KOTA MEDAN,MEDAN JOHOR,GEDUNG JOHOR,TPS 14,2019-10-25 17:00:05,50,156,351,207,207,206,1,https://pemilu2019.kpu.go.id/img/c/900/048/900048660/1-11836-14-C1-PPWP-X1.jpg,https://pemilu2019.kpu.go.id/img/c/900/048/900048660/1-11836-14-C1-PPWP-X2.jpg
6728117431183111836900048661,SUMATERA UTARA,KOTA MEDAN,MEDAN JOHOR,GEDUNG JOHOR,TPS 15,2019-10-25 17:00:05,37,134,273,171,171,171,0,https://pemilu2019.kpu.go.id/img/c/900/048/900048661/1-11836-15-C1-PPWP-X1.jpg,https://pemilu2019.kpu.go.id/img/c/900/048/900048661/1-11836-15-C1-PPWP-X2.jpg
6728117431183111836900048662,SUMATERA UTARA,KOTA MEDAN,MEDAN JOHOR,GEDUNG JOHOR,TPS 16,2019-10-25 17:00:05,52,149,310,203,202,201,1,https://pemilu2019.kpu.go.id/img/c/900/048/900048662/1-11836-16-C1-PPWP-X1.jpg,https://pemilu2019.kpu.go.id/img/c/900/048/900048662/1-11836-16-C1-PPWP-X2.jpg
6728117431183111836900048663,SUMATERA UTARA,KOTA MEDAN,MEDAN JOHOR,GEDUNG JOHOR,TPS 17,2019-10-25 17:00:05,39,185,320,225,225,224,1,https://pemilu2019.kpu.go.id/img/c/900/048/900048663/1-11836-17-C1-PPWP-X1.jpg,https://pemilu2019.kpu.go.id/img/c/900/048/900048663/1-11836-17-C1-PPWP-X2.jpg
6728117431183111836900048664,SUMATERA UTARA,KOTA MEDAN,MEDAN JOHOR,GEDUNG JOHOR,TPS 18,2019-10-25 17:00:05,37,160,241,198,198,197,1,https://pemilu2019.kpu.go.id/img/c/900/048/900048664/1-11836-18-C-XXX-X5.jpg,https://pemilu2019.kpu.go.id/img/c/900/048/900048664/1-11836-18-C-XXX-X6.jpg
6728117431183111836900048665,SUMATERA UTARA,KOTA MEDAN,MEDAN JOHOR,GEDUNG JOHOR,TPS 19,2019-10-25 17:00:05,30,156,241,187,187,186,1,https://pemilu2019.kpu.go.id/img/c/900/048/900048665/1-11836-19-C1-PPWP-X1.jpg,https://pemilu2019.kpu.go.id/img/c/900/048/900048665/1-11836-19-C1-PPWP-X2.jpg
6728117431183111836900048666,SUMATERA UTARA,KOTA MEDAN,MEDAN JOHOR,GEDUNG JOHOR,TPS 20,2019-10-25 17:00:05,35,156,238,192,192,191,1,https://pemilu2019.kpu.go.id/img/c/900/048/900048666/1-11836-20-C1-PPWP-X1.jpg,https://pemilu2019.kpu.go.id/img/c/900/048/900048666/1-11836-20-C1-PPWP-X2.jpg
6728117431183111836900048667,SUMATERA UTARA,KOTA MEDAN,MEDAN JOHOR,GEDUNG JOHOR,TPS 21,2019-10-25 17:00:05,32,151,264,184,184,183,1,https://pemilu2019.kpu.go.id/img/c/900/048/900048667/1-11836-21-C1-PPWP-X1.jpg,https://pemilu2019.kpu.go.id/img/c/900/048/900048667/1-11836-21-C1-PPWP-X2.jpg
6728117431183111836900048668,SUMATERA UTARA,KOTA MEDAN,MEDAN JOHOR,GEDUNG JOHOR,TPS 22,2019-10-25 17:00:05,34,142,216,176,176,176,0,https://pemilu2019.kpu.go.id/img/c/900/048/900048668/1-11836-22-C-XXX-X5.jpg,https://pemilu2019.kpu.go.id/img/c/900/048/900048668/1-11836-22-C-XXX-X6.jpg
6728117431183111836900048669,SUMATERA UTARA,KOTA MEDAN,MEDAN JOHOR,GEDUNG JOHOR,TPS 23,2019-10-25 17:00:05,28,170,278,202,202,198,4,https://pemilu2019.kpu.go.id/img/c/900/048/900048669/1-11836-23-C1-PPWP-X1.jpg,https://pemilu2019.kpu.go.id/img/c/900/048/900048669/1-11836-23-C1-PPWP-X2.jpg
6728117431183111836900048670,SUMATERA UTARA,KOTA MEDAN,MEDAN JOHOR,GEDUNG JOHOR,TPS 24,2019-10-25 17:00:05,56,115,247,247,171,171,0,https://pemilu2019.kpu.go.id/img/c/900/048/900048670/1-11836-24-C1-PPWP-X1.jpg,https://pemilu2019.kpu.go.id/img/c/900/048/900048670/1-11836-24-C1-PPWP-X2.jpg
6728117431183111836900048671,SUMATERA UTARA,KOTA MEDAN,MEDAN JOHOR,GEDUNG JOHOR,TPS 25,2019-10-25 17:00:05,67,86,301,155,155,153,2,https://pemilu2019.kpu.go.id/img/c/900/048/900048671/1-11836-25-C1-PPWP-X1.jpg,https://pemilu2019.kpu.go.id/img/c/900/048/900048671/1-11836-25-C1-PPWP-X2.jpg
6728117431183111836900048672,SUMATERA UTARA,KOTA MEDAN,MEDAN JOHOR,GEDUNG JOHOR,TPS 26,2019-10-25 17:00:05,33,159,280,193,193,192,1,https://pemilu2019.kpu.go.id/img/c/900/048/900048672/1-11836-26-C1-PPWP-X1.jpg,https://pemilu2019.kpu.go.id/img/c/900/048/900048672/1-11836-26-C1-PPWP-X2.jpg
6728117431183111836900048673,SUMATERA UTARA,KOTA MEDAN,MEDAN JOHOR,GEDUNG JOHOR,TPS 27,2019-10-25 17:00:05,20,110,223,131,131,130,1,https://pemilu2019.kpu.go.id/img/c/900/048/900048673/1-11836-27-C1-PPWP-X1.jpg,https://pemilu2019.kpu.go.id/img/c/900/048/900048673/1-11836-27-C1-PPWP-X2.jpg
6728117431183111836900048674,SUMATERA UTARA,KOTA MEDAN,MEDAN JOHOR,GEDUNG JOHOR,TPS 28,2019-10-25 17:00:05,33,159,280,193,193,192,1,https://pemilu2019.kpu.go.id/img/c/900/048/900048674/1-11836-28-C1-PPWP-X1.jpg,https://pemilu2019.kpu.go.id/img/c/900/048/900048674/1-11836-28-C1-PPWP-X2.jpg
6728117431183111836900048675,SUMATERA UTARA,KOTA MEDAN,MEDAN JOHOR,GEDUNG JOHOR,TPS 29,2019-10-25 17:00:05,23,138,234,161,161,0,161,https://pemilu2019.kpu.go.id/img/c/900/048/900048675/1-11836-29-C1-PPWP-X1.jpg,https://pemilu2019.kpu.go.id/img/c/900/048/900048675/1-11836-29-C1-PPWP-X2.jpg
6728117431183111836900048676,SUMATERA UTARA,KOTA MEDAN,MEDAN JOHOR,GEDUNG JOHOR,TPS 30,2019-10-25 17:00:05,28,118,209,147,147,146,1,https://pemilu2019.kpu.go.id/img/c/900/048/900048676/1-11836-30-C1-PPWP-X3.jpg,https://pemilu2019.kpu.go.id/img/c/900/048/900048676/1-11836-30-C1-PPWP-X4.jpg
6728117431183111836900048677,SUMATERA UTARA,KOTA MEDAN,MEDAN JOHOR,GEDUNG JOHOR,TPS 31,2019-10-25 17:00:05,27,145,225,173,173,172,1,https://pemilu2019.kpu.go.id/img/c/900/048/900048677/1-11836-31-C1-PPWP-X1.jpg,https://pemilu2019.kpu.go.id/img/c/900/048/900048677/1-11836-31-C1-PPWP-X2.jpg
6728117431183111836900048678,SUMATERA UTARA,KOTA MEDAN,MEDAN JOHOR,GEDUNG JOHOR,TPS 32,2019-10-25 17:00:05,28,118,209,147,147,146,1,https://pemilu2019.kpu.go.id/img/c/900/048/900048678/1-11836-32-C-XXX-X5.jpg,https://pemilu2019.kpu.go.id/img/c/900/048/900048678/1-11836-32-C-XXX-X6.jpg
6728117431183111836900048679,SUMATERA UTARA,KOTA MEDAN,MEDAN JOHOR,GEDUNG JOHOR,TPS 33,2019-10-25 17:00:05,40,69,276,211,211,209,2,https://pemilu2019.kpu.go.id/img/c/900/048/900048679/1-11836-33-C1-PPWP-X1.jpg,https://pemilu2019.kpu.go.id/img/c/900/048/900048679/1-11836-33-C1-PPWP-X2.jpg
6728117431183111836900048680,SUMATERA UTARA,KOTA MEDAN,MEDAN JOHOR,GEDUNG JOHOR,TPS 34,2019-10-25 17:00:05,26,174,291,200,200,200,0,https://pemilu2019.kpu.go.id/img/c/900/048/900048680/1-11836-34-C1-PPWP-X1.jpg,https://pemilu2019.kpu.go.id/img/c/900/048/900048680/1-11836-34-C1-PPWP-X2.jpg
6728117431183111836900048681,SUMATERA UTARA,KOTA MEDAN,MEDAN JOHOR,GEDUNG JOHOR,TPS 35,2019-10-25 17:00:05,37,202,345,242,242,239,3,https://pemilu2019.kpu.go.id/img/c/900/048/900048681/1-11836-35-C1-PPWP-X1.jpg,https://pemilu2019.kpu.go.id/img/c/900/048/900048681/1-11836-35-C1-PPWP-X2.jpg
6728117431183111836900048682,SUMATERA UTARA,KOTA MEDAN,MEDAN JOHOR,GEDUNG JOHOR,TPS 36,2019-10-25 17:00:05,41,161,301,202,202,202,0,https://pemilu2019.kpu.go.id/img/c/900/048/900048682/1-11836-36-C1-PPWP-X1.jpg,https://pemilu2019.kpu.go.id/img/c/900/048/900048682/1-11836-36-C1-PPWP-X2.jpg
6728117431183111836900048683,SUMATERA UTARA,KOTA MEDAN,MEDAN JOHOR,GEDUNG JOHOR,TPS 37,2019-10-25 17:00:05,23,184,220,209,209,207,2,https://pemilu2019.kpu.go.id/img/c/900/048/900048683/1-11836-37-C-XXX-X5.jpg,https://pemilu2019.kpu.go.id/img/c/900/048/900048683/1-11836-37-C-XXX-X6.jpg
6728117431183111836900048684,SUMATERA UTARA,KOTA MEDAN,MEDAN JOHOR,GEDUNG JOHOR,TPS 38,2019-10-25 17:00:05,32,116,149,149,149,148,1,https://pemilu2019.kpu.go.id/img/c/900/048/900048684/1-11836-38-C1-PPWP-X1.jpg,https://pemilu2019.kpu.go.id/img/c/900/048/900048684/1-11836-38-C1-PPWP-X2.jpg
6728117431183111836900048685,SUMATERA UTARA,KOTA MEDAN,MEDAN JOHOR,GEDUNG JOHOR,TPS 39,2019-10-25 17:00:05,51,136,271,190,190,187,3,https://pemilu2019.kpu.go.id/img/c/900/048/900048685/1-11836-39-C-XXX-X5.jpg,https://pemilu2019.kpu.go.id/img/c/900/048/900048685/1-11836-39-C-XXX-X6.jpg
6728117431183111836900048686,SUMATERA UTARA,KOTA MEDAN,MEDAN JOHOR,GEDUNG JOHOR,TPS 40,2019-10-25 17:00:05,31,159,294,190,190,190,0,https://pemilu2019.kpu.go.id/img/c/900/048/900048686/1-11836-40-C1-PPWP-X5.jpg,https://pemilu2019.kpu.go.id/img/c/900/048/900048686/1-11836-40-C1-PPWP-X6.jpg
6728117431183111836900048687,SUMATERA UTARA,KOTA MEDAN,MEDAN JOHOR,GEDUNG JOHOR,TPS 41,2019-10-25 17:00:05,37,175,178,37,215,292,3,https://pemilu2019.kpu.go.id/img/c/900/048/900048687/1-11836-41-C1-PPWP-X1.jpg,https://pemilu2019.kpu.go.id/img/c/900/048/900048687/1-11836-41-C1-PPWP-X2.jpg
6728117431183111836900048688,SUMATERA UTARA,KOTA MEDAN,MEDAN JOHOR,GEDUNG JOHOR,TPS 42,2019-10-25 17:00:05,54,194,347,255,255,248,7,https://pemilu2019.kpu.go.id/img/c/900/048/900048688/1-11836-42-C1-PPWP-X1.jpg,https://pemilu2019.kpu.go.id/img/c/900/048/900048688/1-11836-42-C1-PPWP-X2.jpg
6728117431183111836900048689,SUMATERA UTARA,KOTA MEDAN,MEDAN JOHOR,GEDUNG JOHOR,TPS 43,2019-10-25 17:00:05,36,130,218,167,167,166,1,https://pemilu2019.kpu.go.id/img/c/900/048/900048689/1-11836-43-C1-PPWP-X1.jpg,https://pemilu2019.kpu.go.id/img/c/900/048/900048689/1-11836-43-C1-PPWP-X2.jpg
6728117431183111836900048690,SUMATERA UTARA,KOTA MEDAN,MEDAN JOHOR,GEDUNG JOHOR,TPS 44,2019-10-25 17:00:05,48,175,257,227,227,223,4,https://pemilu2019.kpu.go.id/img/c/900/048/900048690/1-11836-44-C1-PPWP-X1.jpg,https://pemilu2019.kpu.go.id/img/c/900/048/900048690/1-11836-44-C1-PPWP-X2.jpg
6728117431183111836900048691,SUMATERA UTARA,KOTA MEDAN,MEDAN JOHOR,GEDUNG JOHOR,TPS 45,2019-10-25 17:00:05,28,162,297,190,0,190,0,https://pemilu2019.kpu.go.id/img/c/900/048/900048691/2-11836-45-C1-PPWP-X1.jpg,https://pemilu2019.kpu.go.id/img/c/900/048/900048691/2-11836-45-C1-PPWP-X2.jpg
6728117431183111836900048692,SUMATERA UTARA,KOTA MEDAN,MEDAN JOHOR,GEDUNG JOHOR,TPS 46,2019-10-25 17:00:05,31,159,294,190,190,190,0,https://pemilu2019.kpu.go.id/img/c/900/048/900048692/1-11836-46-C-XXX-X5.jpg,https://pemilu2019.kpu.go.id/img/c/900/048/900048692/1-11836-46-C-XXX-X6.jpg
6728117431183111836900048693,SUMATERA UTARA,KOTA MEDAN,MEDAN JOHOR,GEDUNG JOHOR,TPS 47,2019-10-25 17:00:05,43,173,324,216,216,216,0,https://pemilu2019.kpu.go.id/img/c/900/048/900048693/1-11836-47-C-XXX-X5.jpg,https://pemilu2019.kpu.go.id/img/c/900/048/900048693/1-11836-47-C-XXX-X6.jpg
6728117431183111836900048694,SUMATERA UTARA,KOTA MEDAN,MEDAN JOHOR,GEDUNG JOHOR,TPS 48,2019-10-25 17:00:05,42,160,260,202,202,202,0,https://pemilu2019.kpu.go.id/img/c/900/048/900048694/1-11836-48-C-XXX-X5.jpg,https://pemilu2019.kpu.go.id/img/c/900/048/900048694/1-11836-48-C-XXX-X6.jpg
6728117431183111836900048695,SUMATERA UTARA,KOTA MEDAN,MEDAN JOHOR,GEDUNG JOHOR,TPS 49,2019-10-25 17:00:05,49,192,297,243,243,241,2,https://pemilu2019.kpu.go.id/img/c/900/048/900048695/1-11836-49-C1-PPWP-X1.jpg,https://pemilu2019.kpu.go.id/img/c/900/048/900048695/1-11836-49-C1-PPWP-X2.jpg
6728117431183111836900048696,SUMATERA UTARA,KOTA MEDAN,MEDAN JOHOR,GEDUNG JOHOR,TPS 50,2019-10-25 17:00:05,49,200,300,251,251,249,2,https://pemilu2019.kpu.go.id/img/c/900/048/900048696/1-11836-50-C1-PPWP-X1.jpg,https://pemilu2019.kpu.go.id/img/c/900/048/900048696/1-11836-50-C1-PPWP-X2.jpg
6728117431183111836900048697,SUMATERA UTARA,KOTA MEDAN,MEDAN JOHOR,GEDUNG JOHOR,TPS 51,2019-10-25 17:00:05,23,111,162,134,134,134,0,https://pemilu2019.kpu.go.id/img/c/900/048/900048697/1-11836-51-C-XXX-X5.jpg,https://pemilu2019.kpu.go.id/img/c/900/048/900048697/1-11836-51-C-XXX-X6.jpg
6728117431183111836900048698,SUMATERA UTARA,KOTA MEDAN,MEDAN JOHOR,GEDUNG JOHOR,TPS 52,2019-10-25 17:00:05,29,205,286,234,234,234,0,https://pemilu2019.kpu.go.id/img/c/900/048/900048698/1-11836-52-C1-PPWP-X1.jpg,https://pemilu2019.kpu.go.id/img/c/900/048/900048698/1-11836-52-C1-PPWP-X2.jpg
6728117431183111836900048699,SUMATERA UTARA,KOTA MEDAN,MEDAN JOHOR,GEDUNG JOHOR,TPS 53,2019-10-25 17:00:05,52,185,294,237,237,237,0,https://pemilu2019.kpu.go.id/img/c/900/048/900048699/1-11836-53-C1-PPWP-X1.jpg,https://pemilu2019.kpu.go.id/img/c/900/048/900048699/1-11836-53-C1-PPWP-X2.jpg
6728117431183111836900048700,SUMATERA UTARA,KOTA MEDAN,MEDAN JOHOR,GEDUNG JOHOR,TPS 54,2019-10-25 17:00:05,23,111,162,134,134,134,0,https://pemilu2019.kpu.go.id/img/c/900/048/900048700/2-11836-54-C1-PPWP-X7.jpg,https://pemilu2019.kpu.go.id/img/c/900/048/900048700/2-11836-54-C1-PPWP-X8.jpg
6728117431183111836900048701,SUMATERA UTARA,KOTA MEDAN,MEDAN JOHOR,GEDUNG JOHOR,TPS 55,2019-10-25 17:00:05,50,150,283,200,200,200,0,https://pemilu2019.kpu.go.id/img/c/900/048/900048701/1-11836-55-C1-PPWP-X1.jpg,https://pemilu2019.kpu.go.id/img/c/900/048/900048701/1-11836-55-C1-PPWP-X2.jpg
6728117431183111836900048702,SUMATERA UTARA,KOTA MEDAN,MEDAN JOHOR,GEDUNG JOHOR,TPS 56,2019-10-25 17:00:05,62,171,267,236,235,233,2,https://pemilu2019.kpu.go.id/img/c/900/048/900048702/1-11836-56-C1-PPWP-X1.jpg,https://pemilu2019.kpu.go.id/img/c/900/048/900048702/1-11836-56-C1-PPWP-X2.jpg
6728117431183111836900048703,SUMATERA UTARA,KOTA MEDAN,MEDAN JOHOR,GEDUNG JOHOR,TPS 57,2019-10-25 17:00:05,26,156,289,183,183,182,1,https://pemilu2019.kpu.go.id/img/c/900/048/900048703/1-11836-57-C1-PPWP-X1.jpg,https://pemilu2019.kpu.go.id/img/c/900/048/900048703/1-11836-57-C1-PPWP-X2.jpg
6728117431183111836900048704,SUMATERA UTARA,KOTA MEDAN,MEDAN JOHOR,GEDUNG JOHOR,TPS 58,2019-10-25 17:00:05,29,136,195,167,167,165,2,https://pemilu2019.kpu.go.id/img/c/900/048/900048704/1-11836-58-C1-PPWP-X1.jpg,https://pemilu2019.kpu.go.id/img/c/900/048/900048704/1-11836-58-C1-PPWP-X2.jpg
6728117431183111836900048705,SUMATERA UTARA,KOTA MEDAN,MEDAN JOHOR,GEDUNG JOHOR,TPS 59,2019-10-25 17:00:05,43,166,272,212,212,209,3,https://pemilu2019.kpu.go.id/img/c/900/048/900048705/1-11836-59-C1-PPWP-X1.jpg,https://pemilu2019.kpu.go.id/img/c/900/048/900048705/1-11836-59-C1-PPWP-X2.jpg
6728117431183111836900048706,SUMATERA UTARA,KOTA MEDAN,MEDAN JOHOR,GEDUNG JOHOR,TPS 60,2019-10-25 17:00:05,61,125,187,0,187,186,1,https://pemilu2019.kpu.go.id/img/c/900/048/900048706/1-11836-60-C1-PPWP-X1.jpg,https://pemilu2019.kpu.go.id/img/c/900/048/900048706/1-11836-60-C1-PPWP-X2.jpg
6728117431183111836900048707,SUMATERA UTARA,KOTA MEDAN,MEDAN JOHOR,GEDUNG JOHOR,TPS 61,2019-10-25 17:00:05,27,106,251,134,134,133,1,https://pemilu2019.kpu.go.id/img/c/900/048/900048707/1-11836-61-C1-PPWP-X1.jpg,https://pemilu2019.kpu.go.id/img/c/900/048/900048707/1-11836-61-C1-PPWP-X2.jpg
6728117431183111836900048708,SUMATERA UTARA,KOTA MEDAN,MEDAN JOHOR,GEDUNG JOHOR,TPS 62,2019-10-25 17:00:05,43,135,272,179,179,178,1,https://pemilu2019.kpu.go.id/img/c/900/048/900048708/2-11836-62-C1-PPWP-X1.jpg,https://pemilu2019.kpu.go.id/img/c/900/048/900048708/2-11836-62-C1-PPWP-X2.jpg
6728117431183111836900048709,SUMATERA UTARA,KOTA MEDAN,MEDAN JOHOR,GEDUNG JOHOR,TPS 63,2019-10-25 17:00:05,52,139,330,192,192,191,1,https://pemilu2019.kpu.go.id/img/c/900/048/900048709/1-11836-63-C1-PPWP-X1.jpg,https://pemilu2019.kpu.go.id/img/c/900/048/900048709/1-11836-63-C1-PPWP-X2.jpg
6728117431183111836900048710,SUMATERA UTARA,KOTA MEDAN,MEDAN JOHOR,GEDUNG JOHOR,TPS 64,2019-10-25 17:00:05,57,134,191,324,193,191,2,https://pemilu2019.kpu.go.id/img/c/900/048/900048710/1-11836-64-C1-PPWP-X1.jpg,https://pemilu2019.kpu.go.id/img/c/900/048/900048710/1-11836-64-C1-PPWP-X2.jpg
6728117431183111836900048711,SUMATERA UTARA,KOTA MEDAN,MEDAN JOHOR,GEDUNG JOHOR,TPS 65,2019-10-25 17:00:05,38,170,353,208,208,208,0,https://pemilu2019.kpu.go.id/img/c/900/048/900048711/1-11836-65-C1-PPWP-X1.jpg,https://pemilu2019.kpu.go.id/img/c/900/048/900048711/1-11836-65-C1-PPWP-X2.jpg
6728117431183111836900048712,SUMATERA UTARA,KOTA MEDAN,MEDAN JOHOR,GEDUNG JOHOR,TPS 66,2019-10-25 17:00:05,37,162,0,199,202,199,3,https://pemilu2019.kpu.go.id/img/c/900/048/900048712/1-11836-66-C1-PPWP-X1.jpg,https://pemilu2019.kpu.go.id/img/c/900/048/900048712/1-11836-66-C1-PPWP-X2.jpg
6728117431183111836900048713,SUMATERA UTARA,KOTA MEDAN,MEDAN JOHOR,GEDUNG JOHOR,TPS 67,2019-10-25 17:00:05,30,105,277,138,138,135,3,https://pemilu2019.kpu.go.id/img/c/900/048/900048713/1-11836-67-C1-PPWP-X1.jpg,https://pemilu2019.kpu.go.id/img/c/900/048/900048713/1-11836-67-C1-PPWP-X2.jpg
6728117431183111836900048714,SUMATERA UTARA,KOTA MEDAN,MEDAN JOHOR,GEDUNG JOHOR,TPS 68,2019-10-25 17:00:05,37,121,309,158,158,158,0,https://pemilu2019.kpu.go.id/img/c/900/048/900048714/1-11836-68-C-XXX-X5.jpg,https://pemilu2019.kpu.go.id/img/c/900/048/900048714/1-11836-68-C-XXX-X6.jpg
6728117431183111836900048715,SUMATERA UTARA,KOTA MEDAN,MEDAN JOHOR,GEDUNG JOHOR,TPS 69,2019-10-25 17:00:05,94,93,327,178,188,187,1,https://pemilu2019.kpu.go.id/img/c/900/048/900048715/1-11836-69-C-XXX-X5.jpg,https://pemilu2019.kpu.go.id/img/c/900/048/900048715/1-11836-69-C-XXX-X6.jpg
6728117431183111836900048716,SUMATERA UTARA,KOTA MEDAN,MEDAN JOHOR,GEDUNG JOHOR,TPS 70,2019-10-25 17:00:05,73,117,316,192,192,190,2,https://pemilu2019.kpu.go.id/img/c/900/048/900048716/1-11836-70-C1-PPWP-X1.jpg,https://pemilu2019.kpu.go.id/img/c/900/048/900048716/1-11836-70-C1-PPWP-X2.jpg
6728117431183111836900048717,SUMATERA UTARA,KOTA MEDAN,MEDAN JOHOR,GEDUNG JOHOR,TPS 71,2019-10-25 17:00:05,67,174,315,240,241,241,0,https://pemilu2019.kpu.go.id/img/c/900/048/900048717/1-11836-71-C-XXX-X5.jpg,https://pemilu2019.kpu.go.id/img/c/900/048/900048717/1-11836-71-C-XXX-X6.jpg
6728117431183111836900048718,SUMATERA UTARA,KOTA MEDAN,MEDAN JOHOR,GEDUNG JOHOR,TPS 72,2019-10-25 17:00:05,53,177,255,231,231,230,1,https://pemilu2019.kpu.go.id/img/c/900/048/900048718/1-11836-72-C-XXX-X5.jpg,https://pemilu2019.kpu.go.id/img/c/900/048/900048718/1-11836-72-C-XXX-X6.jpg
6728117431183111836900048719,SUMATERA UTARA,KOTA MEDAN,MEDAN JOHOR,GEDUNG JOHOR,TPS 73,2019-10-25 17:00:05,53,95,237,147,148,148,0,https://pemilu2019.kpu.go.id/img/c/900/048/900048719/1-11836-73-C-XXX-X5.jpg,https://pemilu2019.kpu.go.id/img/c/900/048/900048719/1-11836-73-C-XXX-X6.jpg
6728117431183111836900048720,SUMATERA UTARA,KOTA MEDAN,MEDAN JOHOR,GEDUNG JOHOR,TPS 74,2019-10-25 17:00:05,57,105,275,162,162,162,0,https://pemilu2019.kpu.go.id/img/c/900/048/900048720/1-11836-74-C1-PPWP-X1.jpg,https://pemilu2019.kpu.go.id/img/c/900/048/900048720/1-11836-74-C1-PPWP-X2.jpg
6728117431183111836900048721,SUMATERA UTARA,KOTA MEDAN,MEDAN JOHOR,GEDUNG JOHOR,TPS 75,2019-10-25 17:00:05,49,102,151,151,151,151,0,https://pemilu2019.kpu.go.id/img/c/900/048/900048721/1-11836-75-C1-PPWP-X1.jpg,https://pemilu2019.kpu.go.id/img/c/900/048/900048721/1-11836-75-C1-PPWP-X2.jpg
6728117431183111836900048722,SUMATERA UTARA,KOTA MEDAN,MEDAN JOHOR,GEDUNG JOHOR,TPS 76,2019-10-25 17:00:05,36,130,300,167,167,166,1,https://pemilu2019.kpu.go.id/img/c/900/048/900048722/1-11836-76-C1-PPWP-X1.jpg,https://pemilu2019.kpu.go.id/img/c/900/048/900048722/1-11836-76-C1-PPWP-X2.jpg
6728117431183111836900048723,SUMATERA UTARA,KOTA MEDAN,MEDAN JOHOR,GEDUNG JOHOR,TPS 77,2019-10-25 17:00:05,46,114,268,162,162,160,2,https://pemilu2019.kpu.go.id/img/c/900/048/900048723/1-11836-77-C1-PPWP-X1.jpg,https://pemilu2019.kpu.go.id/img/c/900/048/900048723/1-11836-77-C1-PPWP-X2.jpg
6728117431183111836900048724,SUMATERA UTARA,KOTA MEDAN,MEDAN JOHOR,GEDUNG JOHOR,TPS 78,2019-10-25 17:00:05,28,143,257,176,176,171,5,https://pemilu2019.kpu.go.id/img/c/900/048/900048724/1-11836-78-C1-PPWP-X1.jpg,https://pemilu2019.kpu.go.id/img/c/900/048/900048724/1-11836-78-C1-PPWP-X2.jpg
6728117431183111836900048725,SUMATERA UTARA,KOTA MEDAN,MEDAN JOHOR,GEDUNG JOHOR,TPS 79,2019-10-25 17:00:05,62,119,238,182,182,181,1,https://pemilu2019.kpu.go.id/img/c/900/048/900048725/1-11836-79-C1-PPWP-X1.jpg,https://pemilu2019.kpu.go.id/img/c/900/048/900048725/1-11836-79-C1-PPWP-X2.jpg
6728117431183111834900048499,SUMATERA UTARA,KOTA MEDAN,MEDAN JOHOR,KEDAI DURIAN,TPS 01,2019-10-25 17:00:05,70,128,275,203,203,198,5,https://pemilu2019.kpu.go.id/img/c/900/048/900048499/1-11834-01-C-XXX-X5.jpg,https://pemilu2019.kpu.go.id/img/c/900/048/900048499/1-11834-01-C-XXX-X6.jpg
6728117431183111834900048500,SUMATERA UTARA,KOTA MEDAN,MEDAN JOHOR,KEDAI DURIAN,TPS 02,2019-10-25 17:00:05,66,129,275,198,198,195,3,https://pemilu2019.kpu.go.id/img/c/900/048/900048500/1-11834-02-C1-PPWP-X1.jpg,https://pemilu2019.kpu.go.id/img/c/900/048/900048500/1-11834-02-C1-PPWP-X2.jpg
6728117431183111834900048501,SUMATERA UTARA,KOTA MEDAN,MEDAN JOHOR,KEDAI DURIAN,TPS 03,2019-10-25 17:00:05,31,169,255,202,202,200,2,https://pemilu2019.kpu.go.id/img/c/900/048/900048501/1-11834-03-C-XXX-X5.jpg,https://pemilu2019.kpu.go.id/img/c/900/048/900048501/1-11834-03-C-XXX-X6.jpg
6728117431183111834900048502,SUMATERA UTARA,KOTA MEDAN,MEDAN JOHOR,KEDAI DURIAN,TPS 04,2019-10-25 17:00:05,39,176,270,217,217,215,2,https://pemilu2019.kpu.go.id/img/c/900/048/900048502/1-11834-04-C-XXX-X5.jpg,https://pemilu2019.kpu.go.id/img/c/900/048/900048502/1-11834-04-C-XXX-X6.jpg
6728117431183111834900048503,SUMATERA UTARA,KOTA MEDAN,MEDAN JOHOR,KEDAI DURIAN,TPS 05,2019-10-25 17:00:05,44,142,203,189,189,186,3,https://pemilu2019.kpu.go.id/img/c/900/048/900048503/1-11834-05-C-XXX-X5.jpg,https://pemilu2019.kpu.go.id/img/c/900/048/900048503/1-11834-05-C-XXX-X6.jpg
6728117431183111834900048504,SUMATERA UTARA,KOTA MEDAN,MEDAN JOHOR,KEDAI DURIAN,TPS 06,2019-10-25 17:00:05,54,137,0,193,0,191,2,https://pemilu2019.kpu.go.id/img/c/900/048/900048504/1-11834-06-C1-PPWP-X1.jpg,https://pemilu2019.kpu.go.id/img/c/900/048/900048504/1-11834-06-C1-PPWP-X2.jpg
6728117431183111834900048505,SUMATERA UTARA,KOTA MEDAN,MEDAN JOHOR,KEDAI DURIAN,TPS 07,2019-10-25 17:00:05,50,156,208,208,208,206,2,https://pemilu2019.kpu.go.id/img/c/900/048/900048505/1-11834-07-C1-PPWP-X1.jpg,https://pemilu2019.kpu.go.id/img/c/900/048/900048505/1-11834-07-C1-PPWP-X2.jpg
6728117431183111834900048506,SUMATERA UTARA,KOTA MEDAN,MEDAN JOHOR,KEDAI DURIAN,TPS 08,2019-10-25 17:00:05,43,148,265,193,193,191,2,https://pemilu2019.kpu.go.id/img/c/900/048/900048506/1-11834-08-C1-PPWP-X1.jpg,https://pemilu2019.kpu.go.id/img/c/900/048/900048506/1-11834-08-C1-PPWP-X2.jpg
6728117431183111834900048507,SUMATERA UTARA,KOTA MEDAN,MEDAN JOHOR,KEDAI DURIAN,TPS 09,2019-10-25 17:00:05,40,106,218,149,149,146,3,https://pemilu2019.kpu.go.id/img/c/900/048/900048507/1-11834-09-C-XXX-X5.jpg,https://pemilu2019.kpu.go.id/img/c/900/048/900048507/1-11834-09-C-XXX-X6.jpg
6728117431183111834900048508,SUMATERA UTARA,KOTA MEDAN,MEDAN JOHOR,KEDAI DURIAN,TPS 10,2019-10-25 17:00:05,86,100,269,188,188,186,2,https://pemilu2019.kpu.go.id/img/c/900/048/900048508/1-11834-10-C1-PPWP-X1.jpg,https://pemilu2019.kpu.go.id/img/c/900/048/900048508/1-11834-10-C1-PPWP-X2.jpg
6728117431183111834900048509,SUMATERA UTARA,KOTA MEDAN,MEDAN JOHOR,KEDAI DURIAN,TPS 11,2019-10-25 17:00:05,71,102,291,174,174,173,1,https://pemilu2019.kpu.go.id/img/c/900/048/900048509/1-11834-11-C-XXX-X5.jpg,https://pemilu2019.kpu.go.id/img/c/900/048/900048509/1-11834-11-C-XXX-X6.jpg
6728117431183111834900048510,SUMATERA UTARA,KOTA MEDAN,MEDAN JOHOR,KEDAI DURIAN,TPS 12,2019-10-25 17:00:05,89,101,272,193,193,190,3,https://pemilu2019.kpu.go.id/img/c/900/048/900048510/1-11834-12-C-XXX-X5.jpg,https://pemilu2019.kpu.go.id/img/c/900/048/900048510/1-11834-12-C-XXX-X6.jpg
6728117431183111834900048511,SUMATERA UTARA,KOTA MEDAN,MEDAN JOHOR,KEDAI DURIAN,TPS 13,2019-10-25 17:00:05,119,95,306,217,217,214,3,https://pemilu2019.kpu.go.id/img/c/900/048/900048511/1-11834-13-C-XXX-X5.jpg,https://pemilu2019.kpu.go.id/img/c/900/048/900048511/1-11834-13-C-XXX-X6.jpg
6728117431183111834900048512,SUMATERA UTARA,KOTA MEDAN,MEDAN JOHOR,KEDAI DURIAN,TPS 14,2019-10-25 17:00:05,83,94,275,186,179,177,2,https://pemilu2019.kpu.go.id/img/c/900/048/900048512/1-11834-14-C-XXX-X5.jpg,https://pemilu2019.kpu.go.id/img/c/900/048/900048512/1-11834-14-C-XXX-X6.jpg
6728117431183111834900048513,SUMATERA UTARA,KOTA MEDAN,MEDAN JOHOR,KEDAI DURIAN,TPS 15,2019-10-25 17:00:05,123,7,210,130,130,130,0,https://pemilu2019.kpu.go.id/img/c/900/048/900048513/1-11834-15-C1-PPWP-X1.jpg,https://pemilu2019.kpu.go.id/img/c/900/048/900048513/1-11834-15-C1-PPWP-X2.jpg
6728117431183111834900048514,SUMATERA UTARA,KOTA MEDAN,MEDAN JOHOR,KEDAI DURIAN,TPS 16,2019-10-25 17:00:05,76,6,184,82,82,82,0,https://pemilu2019.kpu.go.id/img/c/900/048/900048514/1-11834-16-C-XXX-X5.jpg,https://pemilu2019.kpu.go.id/img/c/900/048/900048514/1-11834-16-C-XXX-X6.jpg
6728117431183111834900048515,SUMATERA UTARA,KOTA MEDAN,MEDAN JOHOR,KEDAI DURIAN,TPS 17,2019-10-25 17:00:05,85,11,174,99,99,96,3,https://pemilu2019.kpu.go.id/img/c/900/048/900048515/1-11834-17-C-XXX-X5.jpg,https://pemilu2019.kpu.go.id/img/c/900/048/900048515/1-11834-17-C-XXX-X6.jpg
6728117431183111834900048516,SUMATERA UTARA,KOTA MEDAN,MEDAN JOHOR,KEDAI DURIAN,TPS 18,2019-10-25 17:00:05,129,12,234,142,142,141,1,https://pemilu2019.kpu.go.id/img/c/900/048/900048516/1-11834-18-C1-PPWP-X1.jpg,https://pemilu2019.kpu.go.id/img/c/900/048/900048516/1-11834-18-C1-PPWP-X2.jpg
6728117431183111834900048517,SUMATERA UTARA,KOTA MEDAN,MEDAN JOHOR,KEDAI DURIAN,TPS 19,2019-10-25 17:00:05,133,13,253,151,151,146,5,https://pemilu2019.kpu.go.id/img/c/900/048/900048517/1-11834-19-C-XXX-X5.jpg,https://pemilu2019.kpu.go.id/img/c/900/048/900048517/1-11834-19-C-XXX-X6.jpg
6728117431183111834900048518,SUMATERA UTARA,KOTA MEDAN,MEDAN JOHOR,KEDAI DURIAN,TPS 20,2019-10-25 17:00:05,120,4,226,127,127,124,3,https://pemilu2019.kpu.go.id/img/c/900/048/900048518/1-11834-20-C1-PPWP-X1.jpg,https://pemilu2019.kpu.go.id/img/c/900/048/900048518/1-11834-20-C1-PPWP-X2.jpg
6728117431183111834900048519,SUMATERA UTARA,KOTA MEDAN,MEDAN JOHOR,KEDAI DURIAN,TPS 21,2019-10-25 17:00:05,78,10,158,0,90,88,2,https://pemilu2019.kpu.go.id/img/c/900/048/900048519/1-11834-21-C-XXX-X5.jpg,https://pemilu2019.kpu.go.id/img/c/900/048/900048519/1-11834-21-C-XXX-X6.jpg
6728117431183111834900048520,SUMATERA UTARA,KOTA MEDAN,MEDAN JOHOR,KEDAI DURIAN,TPS 22,2019-10-25 17:00:05,100,12,15,15,115,112,3,https://pemilu2019.kpu.go.id/img/c/900/048/900048520/1-11834-22-C-XXX-X5.jpg,https://pemilu2019.kpu.go.id/img/c/900/048/900048520/1-11834-22-C-XXX-X6.jpg
6728117431183111834900048521,SUMATERA UTARA,KOTA MEDAN,MEDAN JOHOR,KEDAI DURIAN,TPS 23,2019-10-25 17:00:05,106,8,181,114,114,114,0,https://pemilu2019.kpu.go.id/img/c/900/048/900048521/1-11834-23-C1-PPWP-X1.jpg,https://pemilu2019.kpu.go.id/img/c/900/048/900048521/1-11834-23-C1-PPWP-X2.jpg
6728117431183111837900048726,SUMATERA UTARA,KOTA MEDAN,MEDAN JOHOR,KWALA BEKALA,TPS 001,2019-10-25 17:00:05,52,110,163,163,163,162,1,https://pemilu2019.kpu.go.id/img/c/900/048/900048726/1-11837-001-C-XXX-X5.jpg,https://pemilu2019.kpu.go.id/img/c/900/048/900048726/1-11837-001-C-XXX-X6.jpg
6728117431183111837900048727,SUMATERA UTARA,KOTA MEDAN,MEDAN JOHOR,KWALA BEKALA,TPS 002,2019-10-25 17:00:05,47,117,166,166,2,164,2,https://pemilu2019.kpu.go.id/img/c/900/048/900048727/1-11837-002-C1-PPWP-X1.jpg,https://pemilu2019.kpu.go.id/img/c/900/048/900048727/1-11837-002-C1-PPWP-X2.jpg
6728117431183111837900048728,SUMATERA UTARA,KOTA MEDAN,MEDAN JOHOR,KWALA BEKALA,TPS 003,2019-10-25 17:00:05,89,119,307,214,214,208,6,https://pemilu2019.kpu.go.id/img/c/900/048/900048728/1-11837-003-C1-PPWP-X1.jpg,https://pemilu2019.kpu.go.id/img/c/900/048/900048728/1-11837-003-C1-PPWP-X2.jpg
6728117431183111837900048729,SUMATERA UTARA,KOTA MEDAN,MEDAN JOHOR,KWALA BEKALA,TPS 004,2019-10-25 17:00:05,70,114,287,184,184,184,0,https://pemilu2019.kpu.go.id/img/c/900/048/900048729/2-11837-004-C-XXX-X5.jpg,https://pemilu2019.kpu.go.id/img/c/900/048/900048729/2-11837-004-C-XXX-X6.jpg
6728117431183111837900048730,SUMATERA UTARA,KOTA MEDAN,MEDAN JOHOR,KWALA BEKALA,TPS 005,2019-10-25 17:00:05,83,78,162,163,163,161,2,https://pemilu2019.kpu.go.id/img/c/900/048/900048730/2-11837-005-C-XXX-X5.jpg,https://pemilu2019.kpu.go.id/img/c/900/048/900048730/2-11837-005-C-XXX-X6.jpg
6728117431183111837900048731,SUMATERA UTARA,KOTA MEDAN,MEDAN JOHOR,KWALA BEKALA,TPS 006,2019-10-25 17:00:05,60,69,157,129,129,129,0,https://pemilu2019.kpu.go.id/img/c/900/048/900048731/1-11837-006-C1-PPWP-X1.jpg,https://pemilu2019.kpu.go.id/img/c/900/048/900048731/1-11837-006-C1-PPWP-X2.jpg
6728117431183111837900048732,SUMATERA UTARA,KOTA MEDAN,MEDAN JOHOR,KWALA BEKALA,TPS 007,2019-10-25 17:00:05,44,108,201,153,153,152,1,https://pemilu2019.kpu.go.id/img/c/900/048/900048732/2-11837-007-C-XXX-X5.jpg,https://pemilu2019.kpu.go.id/img/c/900/048/900048732/2-11837-007-C-XXX-X6.jpg
6728117431183111837900048733,SUMATERA UTARA,KOTA MEDAN,MEDAN JOHOR,KWALA BEKALA,TPS 008,2019-10-25 17:00:05,93,54,241,150,149,147,2,https://pemilu2019.kpu.go.id/img/c/900/048/900048733/1-11837-008-C1-PPWP-X1.jpg,https://pemilu2019.kpu.go.id/img/c/900/048/900048733/1-11837-008-C1-PPWP-X2.jpg
6728117431183111837900048734,SUMATERA UTARA,KOTA MEDAN,MEDAN JOHOR,KWALA BEKALA,TPS 009,2019-10-25 17:00:05,98,88,228,188,188,186,2,https://pemilu2019.kpu.go.id/img/c/900/048/900048734/1-11837-009-C-XXX-X5.jpg,https://pemilu2019.kpu.go.id/img/c/900/048/900048734/1-11837-009-C-XXX-X6.jpg
6728117431183111837900048735,SUMATERA UTARA,KOTA MEDAN,MEDAN JOHOR,KWALA BEKALA,TPS 010,2019-10-25 17:00:05,96,41,267,138,138,137,1,https://pemilu2019.kpu.go.id/img/c/900/048/900048735/1-11837-010-C-XXX-X5.jpg,https://pemilu2019.kpu.go.id/img/c/900/048/900048735/1-11837-010-C-XXX-X6.jpg
6728117431183111837900048736,SUMATERA UTARA,KOTA MEDAN,MEDAN JOHOR,KWALA BEKALA,TPS 011,2019-10-25 17:00:05,163,63,0,226,226,226,0,https://pemilu2019.kpu.go.id/img/c/900/048/900048736/1-11837-011-C1-PPWP-X1.jpg,https://pemilu2019.kpu.go.id/img/c/900/048/900048736/1-11837-011-C1-PPWP-X2.jpg
6728117431183111837900048737,SUMATERA UTARA,KOTA MEDAN,MEDAN JOHOR,KWALA BEKALA,TPS 012,2019-10-25 17:00:05,76,34,167,110,110,110,0,https://pemilu2019.kpu.go.id/img/c/900/048/900048737/1-11837-012-C-XXX-X5.jpg,https://pemilu2019.kpu.go.id/img/c/900/048/900048737/1-11837-012-C-XXX-X6.jpg
6728117431183111837900048738,SUMATERA UTARA,KOTA MEDAN,MEDAN JOHOR,KWALA BEKALA,TPS 013,2019-10-25 17:00:05,65,64,245,132,132,129,3,https://pemilu2019.kpu.go.id/img/c/900/048/900048738/1-11837-013-C1-PPWP-X1.jpg,https://pemilu2019.kpu.go.id/img/c/900/048/900048738/1-11837-013-C1-PPWP-X2.jpg
6728117431183111837900048739,SUMATERA UTARA,KOTA MEDAN,MEDAN JOHOR,KWALA BEKALA,TPS 014,2019-10-25 17:00:05,71,91,289,162,162,151,11,https://pemilu2019.kpu.go.id/img/c/900/048/900048739/1-11837-014-C1-PPWP-X1.jpg,https://pemilu2019.kpu.go.id/img/c/900/048/900048739/1-11837-014-C1-PPWP-X2.jpg
6728117431183111837900048740,SUMATERA UTARA,KOTA MEDAN,MEDAN JOHOR,KWALA BEKALA,TPS 015,2019-10-25 17:00:05,67,51,212,121,121,118,3,https://pemilu2019.kpu.go.id/img/c/900/048/900048740/1-11837-015-C-XXX-X5.jpg,https://pemilu2019.kpu.go.id/img/c/900/048/900048740/1-11837-015-C-XXX-X6.jpg
6728117431183111837900048741,SUMATERA UTARA,KOTA MEDAN,MEDAN JOHOR,KWALA BEKALA,TPS 016,2019-10-25 17:00:05,57,45,194,103,103,102,1,https://pemilu2019.kpu.go.id/img/c/900/048/900048741/1-11837-016-C1-PPWP-X1.jpg,https://pemilu2019.kpu.go.id/img/c/900/048/900048741/1-11837-016-C1-PPWP-X2.jpg
6728117431183111837900048742,SUMATERA UTARA,KOTA MEDAN,MEDAN JOHOR,KWALA BEKALA,TPS 017,2019-10-25 17:00:05,80,40,249,120,120,120,0,https://pemilu2019.kpu.go.id/img/c/900/048/900048742/1-11837-017-C1-PPWP-X1.jpg,https://pemilu2019.kpu.go.id/img/c/900/048/900048742/1-11837-017-C1-PPWP-X2.jpg
6728117431183111837900048743,SUMATERA UTARA,KOTA MEDAN,MEDAN JOHOR,KWALA BEKALA,TPS 018,2019-10-25 17:00:05,92,5,213,97,97,97,0,https://pemilu2019.kpu.go.id/img/c/900/048/900048743/1-11837-018-C-XXX-X5.jpg,https://pemilu2019.kpu.go.id/img/c/900/048/900048743/1-11837-018-C-XXX-X6.jpg
6728117431183111837900048744,SUMATERA UTARA,KOTA MEDAN,MEDAN JOHOR,KWALA BEKALA,TPS 019,2019-10-25 17:00:05,91,15,214,106,0,0,0,https://pemilu2019.kpu.go.id/img/c/900/048/900048744/1-11837-019-C-XXX-X5.jpg,https://pemilu2019.kpu.go.id/img/c/900/048/900048744/1-11837-019-C-XXX-X6.jpg
6728117431183111837900048745,SUMATERA UTARA,KOTA MEDAN,MEDAN JOHOR,KWALA BEKALA,TPS 020,2019-10-25 17:00:05,85,12,97,97,97,97,0,https://pemilu2019.kpu.go.id/img/c/900/048/900048745/1-11837-020-C1-PPWP-X1.jpg,https://pemilu2019.kpu.go.id/img/c/900/048/900048745/1-11837-020-C1-PPWP-X2.jpg
6728117431183111837900048746,SUMATERA UTARA,KOTA MEDAN,MEDAN JOHOR,KWALA BEKALA,TPS 021,2019-10-25 17:00:05,107,10,227,119,117,117,0,https://pemilu2019.kpu.go.id/img/c/900/048/900048746/1-11837-021-C-XXX-X5.jpg,https://pemilu2019.kpu.go.id/img/c/900/048/900048746/1-11837-021-C-XXX-X6.jpg
6728117431183111837900048747,SUMATERA UTARA,KOTA MEDAN,MEDAN JOHOR,KWALA BEKALA,TPS 022,2019-10-25 17:00:05,113,17,243,130,130,130,0,https://pemilu2019.kpu.go.id/img/c/900/048/900048747/1-11837-022-C1-PPWP-X1.jpg,https://pemilu2019.kpu.go.id/img/c/900/048/900048747/1-11837-022-C1-PPWP-X2.jpg
6728117431183111837900048748,SUMATERA UTARA,KOTA MEDAN,MEDAN JOHOR,KWALA BEKALA,TPS 023,2019-10-25 17:00:05,179,13,0,0,194,192,2,https://pemilu2019.kpu.go.id/img/c/900/048/900048748/1-11837-023-C-XXX-X5.jpg,https://pemilu2019.kpu.go.id/img/c/900/048/900048748/1-11837-023-C-XXX-X6.jpg
6728117431183111837900048749,SUMATERA UTARA,KOTA MEDAN,MEDAN JOHOR,KWALA BEKALA,TPS 024,2019-10-25 17:00:05,149,15,164,164,164,164,0,https://pemilu2019.kpu.go.id/img/c/900/048/900048749/1-11837-024-C1-PPWP-X1.jpg,https://pemilu2019.kpu.go.id/img/c/900/048/900048749/1-11837-024-C1-PPWP-X2.jpg
6728117431183111837900048750,SUMATERA UTARA,KOTA MEDAN,MEDAN JOHOR,KWALA BEKALA,TPS 025,2019-10-25 17:00:05,121,11,196,135,135,132,3,https://pemilu2019.kpu.go.id/img/c/900/048/900048750/1-11837-025-C1-PPWP-X1.jpg,https://pemilu2019.kpu.go.id/img/c/900/048/900048750/1-11837-025-C1-PPWP-X2.jpg
6728117431183111837900048751,SUMATERA UTARA,KOTA MEDAN,MEDAN JOHOR,KWALA BEKALA,TPS 026,2019-10-25 17:00:05,121,4,267,125,125,125,0,https://pemilu2019.kpu.go.id/img/c/900/048/900048751/1-11837-026-C-XXX-X5.jpg,https://pemilu2019.kpu.go.id/img/c/900/048/900048751/1-11837-026-C-XXX-X6.jpg
6728117431183111837900048752,SUMATERA UTARA,KOTA MEDAN,MEDAN JOHOR,KWALA BEKALA,TPS 027,2019-10-25 17:00:05,97,2,213,100,100,99,1,https://pemilu2019.kpu.go.id/img/c/900/048/900048752/1-11837-027-C1-PPWP-X1.jpg,https://pemilu2019.kpu.go.id/img/c/900/048/900048752/1-11837-027-C1-PPWP-X2.jpg
6728117431183111837900048753,SUMATERA UTARA,KOTA MEDAN,MEDAN JOHOR,KWALA BEKALA,TPS 028,2019-10-25 17:00:05,102,8,192,111,111,110,1,https://pemilu2019.kpu.go.id/img/c/900/048/900048753/1-11837-028-C-XXX-X5.jpg,https://pemilu2019.kpu.go.id/img/c/900/048/900048753/1-11837-028-C-XXX-X6.jpg
6728117431183111837900048754,SUMATERA UTARA,KOTA MEDAN,MEDAN JOHOR,KWALA BEKALA,TPS 029,2019-10-25 17:00:05,108,1,196,0,110,109,1,https://pemilu2019.kpu.go.id/img/c/900/048/900048754/1-11837-029-C1-PPWP-X1.jpg,https://pemilu2019.kpu.go.id/img/c/900/048/900048754/1-11837-029-C1-PPWP-X2.jpg
6728117431183111837900048755,SUMATERA UTARA,KOTA MEDAN,MEDAN JOHOR,KWALA BEKALA,TPS 030,2019-10-25 17:00:05,100,6,108,105,106,106,0,https://pemilu2019.kpu.go.id/img/c/900/048/900048755/1-11837-030-C1-PPWP-X1.jpg,https://pemilu2019.kpu.go.id/img/c/900/048/900048755/1-11837-030-C1-PPWP-X2.jpg
6728117431183111837900048756,SUMATERA UTARA,KOTA MEDAN,MEDAN JOHOR,KWALA BEKALA,TPS 031,2019-10-25 17:00:05,124,11,184,136,136,135,1,https://pemilu2019.kpu.go.id/img/c/900/048/900048756/1-11837-031-C-XXX-X5.jpg,https://pemilu2019.kpu.go.id/img/c/900/048/900048756/1-11837-031-C-XXX-X6.jpg
6728117431183111837900048757,SUMATERA UTARA,KOTA MEDAN,MEDAN JOHOR,KWALA BEKALA,TPS 032,2019-10-25 17:00:05,97,6,195,103,103,103,0,https://pemilu2019.kpu.go.id/img/c/900/048/900048757/2-11837-032-C1-PPWP-X1.jpg,https://pemilu2019.kpu.go.id/img/c/900/048/900048757/2-11837-032-C1-PPWP-X2.jpg
6728117431183111837900048758,SUMATERA UTARA,KOTA MEDAN,MEDAN JOHOR,KWALA BEKALA,TPS 033,2019-10-25 17:00:05,63,1,182,67,64,63,0,https://pemilu2019.kpu.go.id/img/c/900/048/900048758/1-11837-033-C1-PPWP-X1.jpg,https://pemilu2019.kpu.go.id/img/c/900/048/900048758/1-11837-033-C1-PPWP-X2.jpg
6728117431183111837900048759,SUMATERA UTARA,KOTA MEDAN,MEDAN JOHOR,KWALA BEKALA,TPS 034,2019-10-25 17:00:05,154,7,231,161,161,161,0,https://pemilu2019.kpu.go.id/img/c/900/048/900048759/1-11837-034-C1-PPWP-X1.jpg,https://pemilu2019.kpu.go.id/img/c/900/048/900048759/1-11837-034-C1-PPWP-X2.jpg
6728117431183111837900048760,SUMATERA UTARA,KOTA MEDAN,MEDAN JOHOR,KWALA BEKALA,TPS 035,2019-10-25 17:00:05,160,12,267,179,173,172,1,https://pemilu2019.kpu.go.id/img/c/900/048/900048760/1-11837-035-C-XXX-X5.jpg,https://pemilu2019.kpu.go.id/img/c/900/048/900048760/1-11837-035-C-XXX-X6.jpg
6728117431183111837900048761,SUMATERA UTARA,KOTA MEDAN,MEDAN JOHOR,KWALA BEKALA,TPS 036,2019-10-25 17:00:05,150,14,230,165,165,164,1,https://pemilu2019.kpu.go.id/img/c/900/048/900048761/1-11837-036-C-XXX-X5.jpg,https://pemilu2019.kpu.go.id/img/c/900/048/900048761/1-11837-036-C-XXX-X6.jpg
6728117431183111837900048762,SUMATERA UTARA,KOTA MEDAN,MEDAN JOHOR,KWALA BEKALA,TPS 037,2019-10-25 17:00:05,133,33,271,166,166,166,0,https://pemilu2019.kpu.go.id/img/c/900/048/900048762/1-11837-037-C-XXX-X5.jpg,https://pemilu2019.kpu.go.id/img/c/900/048/900048762/1-11837-037-C-XXX-X6.jpg
6728117431183111837900048763,SUMATERA UTARA,KOTA MEDAN,MEDAN JOHOR,KWALA BEKALA,TPS 038,2019-10-25 17:00:05,139,23,251,161,162,162,0,https://pemilu2019.kpu.go.id/img/c/900/048/900048763/1-11837-038-C-XXX-X5.jpg,https://pemilu2019.kpu.go.id/img/c/900/048/900048763/1-11837-038-C-XXX-X6.jpg
6728117431183111837900048764,SUMATERA UTARA,KOTA MEDAN,MEDAN JOHOR,KWALA BEKALA,TPS 039,2019-10-25 17:00:05,126,14,221,141,141,140,1,https://pemilu2019.kpu.go.id/img/c/900/048/900048764/1-11837-039-C-XXX-X5.jpg,https://pemilu2019.kpu.go.id/img/c/900/048/900048764/1-11837-039-C-XXX-X6.jpg
6728117431183111837900048765,SUMATERA UTARA,KOTA MEDAN,MEDAN JOHOR,KWALA BEKALA,TPS 040,2019-10-25 17:00:05,144,17,220,162,162,161,1,https://pemilu2019.kpu.go.id/img/c/900/048/900048765/1-11837-040-C1-PPWP-X1.jpg,https://pemilu2019.kpu.go.id/img/c/900/048/900048765/1-11837-040-C1-PPWP-X2.jpg
6728117431183111837900048766,SUMATERA UTARA,KOTA MEDAN,MEDAN JOHOR,KWALA BEKALA,TPS 041,2019-10-25 17:00:05,119,16,233,135,135,135,0,https://pemilu2019.kpu.go.id/img/c/900/048/900048766/1-11837-041-C1-PPWP-X1.jpg,https://pemilu2019.kpu.go.id/img/c/900/048/900048766/1-11837-041-C1-PPWP-X2.jpg
6728117431183111837900048767,SUMATERA UTARA,KOTA MEDAN,MEDAN JOHOR,KWALA BEKALA,TPS 042,2019-10-25 17:00:05,105,75,292,181,181,180,1,https://pemilu2019.kpu.go.id/img/c/900/048/900048767/1-11837-042-C1-PPWP-X1.jpg,https://pemilu2019.kpu.go.id/img/c/900/048/900048767/1-11837-042-C1-PPWP-X2.jpg
6728117431183111837900048768,SUMATERA UTARA,KOTA MEDAN,MEDAN JOHOR,KWALA BEKALA,TPS 043,2019-10-25 17:00:05,105,47,228,157,157,152,5,https://pemilu2019.kpu.go.id/img/c/900/048/900048768/1-11837-043-C-XXX-X5.jpg,https://pemilu2019.kpu.go.id/img/c/900/048/900048768/1-11837-043-C-XXX-X6.jpg
6728117431183111837900048769,SUMATERA UTARA,KOTA MEDAN,MEDAN JOHOR,KWALA BEKALA,TPS 044,2019-10-25 17:00:05,75,59,224,136,136,134,2,https://pemilu2019.kpu.go.id/img/c/900/048/900048769/1-11837-044-C-XXX-X5.jpg,https://pemilu2019.kpu.go.id/img/c/900/048/900048769/1-11837-044-C-XXX-X6.jpg
6728117431183111837900048770,SUMATERA UTARA,KOTA MEDAN,MEDAN JOHOR,KWALA BEKALA,TPS 045,2019-10-25 17:00:05,76,74,0,152,152,150,2,https://pemilu2019.kpu.go.id/img/c/900/048/900048770/1-11837-045-C-XXX-X5.jpg,https://pemilu2019.kpu.go.id/img/c/900/048/900048770/1-11837-045-C-XXX-X6.jpg
6728117431183111837900048771,SUMATERA UTARA,KOTA MEDAN,MEDAN JOHOR,KWALA BEKALA,TPS 046,2019-10-25 17:00:05,71,72,201,146,146,143,3,https://pemilu2019.kpu.go.id/img/c/900/048/900048771/1-11837-046-C-XXX-X5.jpg,https://pemilu2019.kpu.go.id/img/c/900/048/900048771/1-11837-046-C-XXX-X6.jpg
6728117431183111837900048772,SUMATERA UTARA,KOTA MEDAN,MEDAN JOHOR,KWALA BEKALA,TPS 047,2019-10-25 17:00:05,100,83,274,183,184,183,1,https://pemilu2019.kpu.go.id/img/c/900/048/900048772/1-11837-047-C-XXX-X5.jpg,https://pemilu2019.kpu.go.id/img/c/900/048/900048772/1-11837-047-C-XXX-X6.jpg
6728117431183111837900048773,SUMATERA UTARA,KOTA MEDAN,MEDAN JOHOR,KWALA BEKALA,TPS 048,2019-10-25 17:00:05,105,64,266,170,170,169,1,https://pemilu2019.kpu.go.id/img/c/900/048/900048773/1-11837-048-C1-PPWP-X1.jpg,https://pemilu2019.kpu.go.id/img/c/900/048/900048773/1-11837-048-C1-PPWP-X2.jpg
6728117431183111837900048774,SUMATERA UTARA,KOTA MEDAN,MEDAN JOHOR,KWALA BEKALA,TPS 049,2019-10-25 17:00:05,121,9,248,130,130,130,0,https://pemilu2019.kpu.go.id/img/c/900/048/900048774/1-11837-049-C-XXX-X5.jpg,https://pemilu2019.kpu.go.id/img/c/900/048/900048774/1-11837-049-C-XXX-X6.jpg
6728117431183111837900048775,SUMATERA UTARA,KOTA MEDAN,MEDAN JOHOR,KWALA BEKALA,TPS 050,2019-10-25 17:00:05,126,22,187,147,149,148,1,https://pemilu2019.kpu.go.id/img/c/900/048/900048775/1-11837-050-C1-PPWP-X1.jpg,https://pemilu2019.kpu.go.id/img/c/900/048/900048775/1-11837-050-C1-PPWP-X2.jpg
6728117431183111837900048776,SUMATERA UTARA,KOTA MEDAN,MEDAN JOHOR,KWALA BEKALA,TPS 051,2019-10-25 17:00:05,203,15,0,220,220,218,2,https://pemilu2019.kpu.go.id/img/c/900/048/900048776/1-11837-051-C-XXX-X5.jpg,https://pemilu2019.kpu.go.id/img/c/900/048/900048776/1-11837-051-C-XXX-X6.jpg
6728117431183111837900048777,SUMATERA UTARA,KOTA MEDAN,MEDAN JOHOR,KWALA BEKALA,TPS 052,2019-10-25 17:00:05,155,15,302,170,170,170,0,https://pemilu2019.kpu.go.id/img/c/900/048/900048777/1-11837-052-C1-PPWP-X1.jpg,https://pemilu2019.kpu.go.id/img/c/900/048/900048777/1-11837-052-C1-PPWP-X2.jpg
6728117431183111837900048778,SUMATERA UTARA,KOTA MEDAN,MEDAN JOHOR,KWALA BEKALA,TPS 053,2019-10-25 17:00:05,97,16,200,113,133,113,0,https://pemilu2019.kpu.go.id/img/c/900/048/900048778/1-11837-053-C1-PPWP-X1.jpg,https://pemilu2019.kpu.go.id/img/c/900/048/900048778/1-11837-053-C1-PPWP-X2.jpg
6728117431183111837900048779,SUMATERA UTARA,KOTA MEDAN,MEDAN JOHOR,KWALA BEKALA,TPS 054,2019-10-25 17:00:05,150,3,267,153,153,153,0,https://pemilu2019.kpu.go.id/img/c/900/048/900048779/1-11837-054-C1-PPWP-X1.jpg,https://pemilu2019.kpu.go.id/img/c/900/048/900048779/1-11837-054-C1-PPWP-X2.jpg
6728117431183111837900048780,SUMATERA UTARA,KOTA MEDAN,MEDAN JOHOR,KWALA BEKALA,TPS 055,2019-10-25 17:00:05,68,39,109,109,109,107,2,https://pemilu2019.kpu.go.id/img/c/900/048/900048780/1-11837-055-C1-PPWP-X1.jpg,https://pemilu2019.kpu.go.id/img/c/900/048/900048780/1-11837-055-C1-PPWP-X2.jpg
6728117431183111837900048781,SUMATERA UTARA,KOTA MEDAN,MEDAN JOHOR,KWALA BEKALA,TPS 056,2019-10-25 17:00:05,99,36,235,135,135,135,0,https://pemilu2019.kpu.go.id/img/c/900/048/900048781/1-11837-056-C1-PPWP-X1.jpg,https://pemilu2019.kpu.go.id/img/c/900/048/900048781/1-11837-056-C1-PPWP-X2.jpg
6728117431183111837900048782,SUMATERA UTARA,KOTA MEDAN,MEDAN JOHOR,KWALA BEKALA,TPS 057,2019-10-25 17:00:05,96,40,137,137,137,136,1,https://pemilu2019.kpu.go.id/img/c/900/048/900048782/1-11837-057-C1-PPWP-X1.jpg,https://pemilu2019.kpu.go.id/img/c/900/048/900048782/1-11837-057-C1-PPWP-X2.jpg
6728117431183111837900048783,SUMATERA UTARA,KOTA MEDAN,MEDAN JOHOR,KWALA BEKALA,TPS 058,2019-10-25 17:00:05,117,31,288,151,151,3,148,https://pemilu2019.kpu.go.id/img/c/900/048/900048783/1-11837-058-C1-PPWP-X1.jpg,https://pemilu2019.kpu.go.id/img/c/900/048/900048783/1-11837-058-C1-PPWP-X2.jpg
6728117431183111837900048784,SUMATERA UTARA,KOTA MEDAN,MEDAN JOHOR,KWALA BEKALA,TPS 059,2019-10-25 17:00:05,128,29,301,157,157,157,0,https://pemilu2019.kpu.go.id/img/c/900/048/900048784/1-11837-059-C1-PPWP-X1.jpg,https://pemilu2019.kpu.go.id/img/c/900/048/900048784/1-11837-059-C1-PPWP-X2.jpg
6728117431183111837900048785,SUMATERA UTARA,KOTA MEDAN,MEDAN JOHOR,KWALA BEKALA,TPS 060,2019-10-25 17:00:05,184,10,322,193,194,194,0,https://pemilu2019.kpu.go.id/img/c/900/048/900048785/1-11837-060-C1-PPWP-X1.jpg,https://pemilu2019.kpu.go.id/img/c/900/048/900048785/1-11837-060-C1-PPWP-X2.jpg
6728117431183111837900048786,SUMATERA UTARA,KOTA MEDAN,MEDAN JOHOR,KWALA BEKALA,TPS 061,2019-10-25 17:00:05,190,12,297,205,203,202,1,https://pemilu2019.kpu.go.id/img/c/900/048/900048786/1-11837-061-C1-PPWP-X1.jpg,https://pemilu2019.kpu.go.id/img/c/900/048/900048786/1-11837-061-C1-PPWP-X2.jpg
6728117431183111837900048787,SUMATERA UTARA,KOTA MEDAN,MEDAN JOHOR,KWALA BEKALA,TPS 062,2019-10-25 17:00:05,156,16,304,176,175,172,3,https://pemilu2019.kpu.go.id/img/c/900/048/900048787/1-11837-062-C1-PPWP-X1.jpg,https://pemilu2019.kpu.go.id/img/c/900/048/900048787/1-11837-062-C1-PPWP-X2.jpg
6728117431183111837900048788,SUMATERA UTARA,KOTA MEDAN,MEDAN JOHOR,KWALA BEKALA,TPS 063,2019-10-25 17:00:05,173,18,337,191,191,191,0,https://pemilu2019.kpu.go.id/img/c/900/048/900048788/1-11837-063-C-XXX-X5.jpg,https://pemilu2019.kpu.go.id/img/c/900/048/900048788/1-11837-063-C-XXX-X6.jpg
6728117431183111837900048789,SUMATERA UTARA,KOTA MEDAN,MEDAN JOHOR,KWALA BEKALA,TPS 064,2019-10-25 17:00:05,159,12,270,171,234,171,63,https://pemilu2019.kpu.go.id/img/c/900/048/900048789/1-11837-064-C1-PPWP-X1.jpg,https://pemilu2019.kpu.go.id/img/c/900/048/900048789/1-11837-064-C1-PPWP-X2.jpg
6728117431183111837900048790,SUMATERA UTARA,KOTA MEDAN,MEDAN JOHOR,KWALA BEKALA,TPS 065,2019-10-25 17:00:05,109,7,217,117,117,116,1,https://pemilu2019.kpu.go.id/img/c/900/048/900048790/1-11837-065-C1-PPWP-X1.jpg,https://pemilu2019.kpu.go.id/img/c/900/048/900048790/1-11837-065-C1-PPWP-X2.jpg
6728117431183111837900048791,SUMATERA UTARA,KOTA MEDAN,MEDAN JOHOR,KWALA BEKALA,TPS 066,2019-10-25 17:00:05,60,69,192,104,129,129,0,https://pemilu2019.kpu.go.id/img/c/900/048/900048791/1-11837-066-C1-PPWP-X1.jpg,https://pemilu2019.kpu.go.id/img/c/900/048/900048791/1-11837-066-C1-PPWP-X2.jpg
6728117431183111837900048792,SUMATERA UTARA,KOTA MEDAN,MEDAN JOHOR,KWALA BEKALA,TPS 067,2019-10-25 17:00:05,113,10,11210,1114,124,123,1,https://pemilu2019.kpu.go.id/img/c/900/048/900048792/1-11837-067-C-XXX-X5.jpg,https://pemilu2019.kpu.go.id/img/c/900/048/900048792/1-11837-067-C-XXX-X6.jpg
6728117431183111837900048793,SUMATERA UTARA,KOTA MEDAN,MEDAN JOHOR,KWALA BEKALA,TPS 068,2019-10-25 17:00:05,161,7,264,169,169,168,1,https://pemilu2019.kpu.go.id/img/c/900/048/900048793/1-11837-068-C1-PPWP-X1.jpg,https://pemilu2019.kpu.go.id/img/c/900/048/900048793/1-11837-068-C1-PPWP-X2.jpg
6728117431183111837900048794,SUMATERA UTARA,KOTA MEDAN,MEDAN JOHOR,KWALA BEKALA,TPS 069,2019-10-25 17:00:05,152,13,268,166,166,165,1,https://pemilu2019.kpu.go.id/img/c/900/048/900048794/1-11837-069-C1-PPWP-X1.jpg,https://pemilu2019.kpu.go.id/img/c/900/048/900048794/1-11837-069-C1-PPWP-X2.jpg
6728117431183111837900048795,SUMATERA UTARA,KOTA MEDAN,MEDAN JOHOR,KWALA BEKALA,TPS 070,2019-10-25 17:00:05,128,20,260,149,149,148,1,https://pemilu2019.kpu.go.id/img/c/900/048/900048795/1-11837-070-C-XXX-X5.jpg,https://pemilu2019.kpu.go.id/img/c/900/048/900048795/1-11837-070-C-XXX-X6.jpg
6728117431183111837900048796,SUMATERA UTARA,KOTA MEDAN,MEDAN JOHOR,KWALA BEKALA,TPS 071,2019-10-25 17:00:05,178,12,318,190,190,190,0,https://pemilu2019.kpu.go.id/img/c/900/048/900048796/2-11837-071-C-XXX-X5.jpg,https://pemilu2019.kpu.go.id/img/c/900/048/900048796/2-11837-071-C-XXX-X6.jpg
6728117431183111837900048797,SUMATERA UTARA,KOTA MEDAN,MEDAN JOHOR,KWALA BEKALA,TPS 072,2019-10-25 17:00:05,151,3,311,154,154,154,0,https://pemilu2019.kpu.go.id/img/c/900/048/900048797/1-11837-072-C-XXX-X5.jpg,https://pemilu2019.kpu.go.id/img/c/900/048/900048797/1-11837-072-C-XXX-X6.jpg
6728117431183111837900048798,SUMATERA UTARA,KOTA MEDAN,MEDAN JOHOR,KWALA BEKALA,TPS 073,2019-10-25 17:00:05,153,19,269,173,173,172,1,https://pemilu2019.kpu.go.id/img/c/900/048/900048798/1-11837-073-C1-PPWP-X1.jpg,https://pemilu2019.kpu.go.id/img/c/900/048/900048798/1-11837-073-C1-PPWP-X2.jpg
6728117431183111837900048799,SUMATERA UTARA,KOTA MEDAN,MEDAN JOHOR,KWALA BEKALA,TPS 074,2019-10-25 17:00:05,141,27,181,169,169,168,1,https://pemilu2019.kpu.go.id/img/c/900/048/900048799/1-11837-074-C1-PPWP-X1.jpg,https://pemilu2019.kpu.go.id/img/c/900/048/900048799/1-11837-074-C1-PPWP-X2.jpg
6728117431183111837900048800,SUMATERA UTARA,KOTA MEDAN,MEDAN JOHOR,KWALA BEKALA,TPS 075,2019-10-25 17:00:05,83,48,180,131,131,131,0,https://pemilu2019.kpu.go.id/img/c/900/048/900048800/1-11837-075-C1-PPWP-X1.jpg,https://pemilu2019.kpu.go.id/img/c/900/048/900048800/1-11837-075-C1-PPWP-X2.jpg
6728117431183111837900048801,SUMATERA UTARA,KOTA MEDAN,MEDAN JOHOR,KWALA BEKALA,TPS 076,2019-10-25 17:00:05,158,67,255,228,227,225,2,https://pemilu2019.kpu.go.id/img/c/900/048/900048801/1-11837-076-C1-PPWP-X1.jpg,https://pemilu2019.kpu.go.id/img/c/900/048/900048801/1-11837-076-C1-PPWP-X2.jpg
6728117431183111837900048802,SUMATERA UTARA,KOTA MEDAN,MEDAN JOHOR,KWALA BEKALA,TPS 077,2019-10-25 17:00:05,144,56,262,201,201,200,1,https://pemilu2019.kpu.go.id/img/c/900/048/900048802/1-11837-077-C1-PPWP-X1.jpg,https://pemilu2019.kpu.go.id/img/c/900/048/900048802/1-11837-077-C1-PPWP-X2.jpg
6728117431183111837900048803,SUMATERA UTARA,KOTA MEDAN,MEDAN JOHOR,KWALA BEKALA,TPS 078,2019-10-25 17:00:05,72,42,186,114,114,114,0,https://pemilu2019.kpu.go.id/img/c/900/048/900048803/1-11837-078-C-XXX-X5.jpg,https://pemilu2019.kpu.go.id/img/c/900/048/900048803/1-11837-078-C-XXX-X6.jpg
6728117431183111837900048804,SUMATERA UTARA,KOTA MEDAN,MEDAN JOHOR,KWALA BEKALA,TPS 079,2019-10-25 17:00:05,131,47,290,188,178,178,0,https://pemilu2019.kpu.go.id/img/c/900/048/900048804/1-11837-079-C1-PPWP-X1.jpg,https://pemilu2019.kpu.go.id/img/c/900/048/900048804/1-11837-079-C1-PPWP-X2.jpg
6728117431183111837900048805,SUMATERA UTARA,KOTA MEDAN,MEDAN JOHOR,KWALA BEKALA,TPS 080,2019-10-25 17:00:05,91,84,274,176,176,175,1,https://pemilu2019.kpu.go.id/img/c/900/048/900048805/1-11837-080-C-XXX-X5.jpg,https://pemilu2019.kpu.go.id/img/c/900/048/900048805/1-11837-080-C-XXX-X6.jpg
6728117431183111837900048806,SUMATERA UTARA,KOTA MEDAN,MEDAN JOHOR,KWALA BEKALA,TPS 081,2019-10-25 17:00:05,108,59,276,169,169,167,2,https://pemilu2019.kpu.go.id/img/c/900/048/900048806/1-11837-081-C1-PPWP-X1.jpg,https://pemilu2019.kpu.go.id/img/c/900/048/900048806/1-11837-081-C1-PPWP-X2.jpg
6728117431183111837900048807,SUMATERA UTARA,KOTA MEDAN,MEDAN JOHOR,KWALA BEKALA,TPS 082,2019-10-25 17:00:05,59,66,140,127,127,125,2,https://pemilu2019.kpu.go.id/img/c/900/048/900048807/1-11837-082-C1-PPWP-X1.jpg,https://pemilu2019.kpu.go.id/img/c/900/048/900048807/1-11837-082-C1-PPWP-X2.jpg
6728117431183111837900048808,SUMATERA UTARA,KOTA MEDAN,MEDAN JOHOR,KWALA BEKALA,TPS 083,2019-10-25 17:00:05,53,39,92,92,92,91,1,https://pemilu2019.kpu.go.id/img/c/900/048/900048808/1-11837-083-C-XXX-X5.jpg,https://pemilu2019.kpu.go.id/img/c/900/048/900048808/1-11837-083-C-XXX-X6.jpg
6728117431183111837900048809,SUMATERA UTARA,KOTA MEDAN,MEDAN JOHOR,KWALA BEKALA,TPS 084,2019-10-25 17:00:05,90,52,260,142,142,142,0,https://pemilu2019.kpu.go.id/img/c/900/048/900048809/1-11837-084-C1-PPWP-X1.jpg,https://pemilu2019.kpu.go.id/img/c/900/048/900048809/1-11837-084-C1-PPWP-X2.jpg
6728117431183111837900048810,SUMATERA UTARA,KOTA MEDAN,MEDAN JOHOR,KWALA BEKALA,TPS 085,2019-10-25 17:00:05,115,46,298,298,163,161,2,https://pemilu2019.kpu.go.id/img/c/900/048/900048810/1-11837-085-C1-PPWP-X1.jpg,https://pemilu2019.kpu.go.id/img/c/900/048/900048810/1-11837-085-C1-PPWP-X2.jpg
6728117431183111837900048811,SUMATERA UTARA,KOTA MEDAN,MEDAN JOHOR,KWALA BEKALA,TPS 086,2019-10-25 17:00:05,176,31,0,209,209,207,2,https://pemilu2019.kpu.go.id/img/c/900/048/900048811/1-11837-086-C1-PPWP-X1.jpg,https://pemilu2019.kpu.go.id/img/c/900/048/900048811/1-11837-086-C1-PPWP-X2.jpg
6728117431183111837900048812,SUMATERA UTARA,KOTA MEDAN,MEDAN JOHOR,KWALA BEKALA,TPS 087,2019-10-25 17:00:05,182,24,342,208,300,206,94,https://pemilu2019.kpu.go.id/img/c/900/048/900048812/1-11837-087-C-XXX-X5.jpg,https://pemilu2019.kpu.go.id/img/c/900/048/900048812/1-11837-087-C-XXX-X6.jpg
6728117431183111837900048813,SUMATERA UTARA,KOTA MEDAN,MEDAN JOHOR,KWALA BEKALA,TPS 088,2019-10-25 17:00:05,180,12,341,193,0,192,1,https://pemilu2019.kpu.go.id/img/c/900/048/900048813/1-11837-088-C1-PPWP-X1.jpg,https://pemilu2019.kpu.go.id/img/c/900/048/900048813/1-11837-088-C1-PPWP-X2.jpg
6728117431183111837900048814,SUMATERA UTARA,KOTA MEDAN,MEDAN JOHOR,KWALA BEKALA,TPS 089,2019-10-25 17:00:05,76,63,259,140,140,139,1,https://pemilu2019.kpu.go.id/img/c/900/048/900048814/2-11837-089-C1-PPWP-X1.jpg,https://pemilu2019.kpu.go.id/img/c/900/048/900048814/2-11837-089-C1-PPWP-X2.jpg
6728117431183111837900048815,SUMATERA UTARA,KOTA MEDAN,MEDAN JOHOR,KWALA BEKALA,TPS 090,2019-10-25 17:00:05,68,75,223,140,225,143,82,https://pemilu2019.kpu.go.id/img/c/900/048/900048815/1-11837-090-C1-PPWP-X1.jpg,https://pemilu2019.kpu.go.id/img/c/900/048/900048815/1-11837-090-C1-PPWP-X2.jpg
6728117431183111837900048816,SUMATERA UTARA,KOTA MEDAN,MEDAN JOHOR,KWALA BEKALA,TPS 091,2019-10-25 17:00:05,112,75,237,187,189,187,2,https://pemilu2019.kpu.go.id/img/c/900/048/900048816/1-11837-091-C1-PPWP-X1.jpg,https://pemilu2019.kpu.go.id/img/c/900/048/900048816/1-11837-091-C1-PPWP-X2.jpg
6728117431183111837900048817,SUMATERA UTARA,KOTA MEDAN,MEDAN JOHOR,KWALA BEKALA,TPS 092,2019-10-25 17:00:05,72,67,234,169,139,139,0,https://pemilu2019.kpu.go.id/img/c/900/048/900048817/1-11837-092-C1-PPWP-X1.jpg,https://pemilu2019.kpu.go.id/img/c/900/048/900048817/1-11837-092-C1-PPWP-X2.jpg
6728117431183111837900048818,SUMATERA UTARA,KOTA MEDAN,MEDAN JOHOR,KWALA BEKALA,TPS 093,2019-10-25 17:00:05,62,71,225,134,134,133,1,https://pemilu2019.kpu.go.id/img/c/900/048/900048818/1-11837-093-C1-PPWP-X1.jpg,https://pemilu2019.kpu.go.id/img/c/900/048/900048818/1-11837-093-C1-PPWP-X2.jpg
6728117431183111837900048819,SUMATERA UTARA,KOTA MEDAN,MEDAN JOHOR,KWALA BEKALA,TPS 094,2019-10-25 17:00:05,68,57,253,126,126,125,1,https://pemilu2019.kpu.go.id/img/c/900/048/900048819/1-11837-094-C1-PPWP-X1.jpg,https://pemilu2019.kpu.go.id/img/c/900/048/900048819/1-11837-094-C1-PPWP-X2.jpg
6728117431183111837900048820,SUMATERA UTARA,KOTA MEDAN,MEDAN JOHOR,KWALA BEKALA,TPS 095,2019-10-25 17:00:05,85,84,238,169,170,169,1,https://pemilu2019.kpu.go.id/img/c/900/048/900048820/1-11837-095-C1-PPWP-X1.jpg,https://pemilu2019.kpu.go.id/img/c/900/048/900048820/1-11837-095-C1-PPWP-X2.jpg
6728117431183111837900048821,SUMATERA UTARA,KOTA MEDAN,MEDAN JOHOR,KWALA BEKALA,TPS 096,2019-10-25 17:00:05,104,63,281,166,168,167,1,https://pemilu2019.kpu.go.id/img/c/900/048/900048821/1-11837-096-C1-PPWP-X1.jpg,https://pemilu2019.kpu.go.id/img/c/900/048/900048821/1-11837-096-C1-PPWP-X2.jpg
6728117431183111837900048822,SUMATERA UTARA,KOTA MEDAN,MEDAN JOHOR,KWALA BEKALA,TPS 097,2019-10-25 17:00:05,189,3,301,193,193,192,1,https://pemilu2019.kpu.go.id/img/c/900/048/900048822/1-11837-097-C1-PPWP-X1.jpg,https://pemilu2019.kpu.go.id/img/c/900/048/900048822/1-11837-097-C1-PPWP-X2.jpg
6728117431183111837900048823,SUMATERA UTARA,KOTA MEDAN,MEDAN JOHOR,KWALA BEKALA,TPS 098,2019-10-25 17:00:05,161,5,166,166,166,166,0,https://pemilu2019.kpu.go.id/img/c/900/048/900048823/1-11837-098-C-XXX-X5.jpg,https://pemilu2019.kpu.go.id/img/c/900/048/900048823/1-11837-098-C-XXX-X6.jpg
6728117431183111837900048824,SUMATERA UTARA,KOTA MEDAN,MEDAN JOHOR,KWALA BEKALA,TPS 099,2019-10-25 17:00:05,152,10,286,163,163,162,1,https://pemilu2019.kpu.go.id/img/c/900/048/900048824/1-11837-099-C1-PPWP-X1.jpg,https://pemilu2019.kpu.go.id/img/c/900/048/900048824/1-11837-099-C1-PPWP-X2.jpg
6728117431183111837900048825,SUMATERA UTARA,KOTA MEDAN,MEDAN JOHOR,KWALA BEKALA,TPS 100,2019-10-25 17:00:05,141,19,282,160,160,160,0,https://pemilu2019.kpu.go.id/img/c/900/048/900048825/1-11837-100-C-XXX-X5.jpg,https://pemilu2019.kpu.go.id/img/c/900/048/900048825/1-11837-100-C-XXX-X6.jpg
6728117431183111837900048826,SUMATERA UTARA,KOTA MEDAN,MEDAN JOHOR,KWALA BEKALA,TPS 101,2019-10-25 17:00:05,193,2,195,195,195,195,0,https://pemilu2019.kpu.go.id/img/c/900/048/900048826/2-11837-101-C-XXX-X5.jpg,https://pemilu2019.kpu.go.id/img/c/900/048/900048826/2-11837-101-C-XXX-X6.jpg
6728117431183111837900048827,SUMATERA UTARA,KOTA MEDAN,MEDAN JOHOR,KWALA BEKALA,TPS 102,2019-10-25 17:00:05,141,30,269,171,171,171,0,https://pemilu2019.kpu.go.id/img/c/900/048/900048827/1-11837-102-C-XXX-X5.jpg,https://pemilu2019.kpu.go.id/img/c/900/048/900048827/1-11837-102-C-XXX-X6.jpg
6728117431183111837900048828,SUMATERA UTARA,KOTA MEDAN,MEDAN JOHOR,KWALA BEKALA,TPS 103,2019-10-25 17:00:05,99,27,212,126,126,126,0,https://pemilu2019.kpu.go.id/img/c/900/048/900048828/1-11837-103-C1-PPWP-X1.jpg,https://pemilu2019.kpu.go.id/img/c/900/048/900048828/1-11837-103-C1-PPWP-X2.jpg
6728117431183111837900048829,SUMATERA UTARA,KOTA MEDAN,MEDAN JOHOR,KWALA BEKALA,TPS 104,2019-10-25 17:00:05,151,31,205,182,182,182,0,https://pemilu2019.kpu.go.id/img/c/900/048/900048829/1-11837-104-C1-PPWP-X1.jpg,https://pemilu2019.kpu.go.id/img/c/900/048/900048829/1-11837-104-C1-PPWP-X2.jpg
6728117431183111837900048830,SUMATERA UTARA,KOTA MEDAN,MEDAN JOHOR,KWALA BEKALA,TPS 105,2019-10-25 17:00:05,115,17,239,132,132,132,0,https://pemilu2019.kpu.go.id/img/c/900/048/900048830/1-11837-105-C-XXX-X5.jpg,https://pemilu2019.kpu.go.id/img/c/900/048/900048830/1-11837-105-C-XXX-X6.jpg
6728117431183111837900048831,SUMATERA UTARA,KOTA MEDAN,MEDAN JOHOR,KWALA BEKALA,TPS 106,2019-10-25 17:00:05,137,9,225,147,147,146,1,https://pemilu2019.kpu.go.id/img/c/900/048/900048831/1-11837-106-C1-PPWP-X1.jpg,https://pemilu2019.kpu.go.id/img/c/900/048/900048831/1-11837-106-C1-PPWP-X2.jpg
6728117431183111837900048832,SUMATERA UTARA,KOTA MEDAN,MEDAN JOHOR,KWALA BEKALA,TPS 107,2019-10-25 17:00:05,126,3,194,131,131,129,2,https://pemilu2019.kpu.go.id/img/c/900/048/900048832/1-11837-107-C1-PPWP-X1.jpg,https://pemilu2019.kpu.go.id/img/c/900/048/900048832/1-11837-107-C1-PPWP-X2.jpg
6728117431183111837900048833,SUMATERA UTARA,KOTA MEDAN,MEDAN JOHOR,KWALA BEKALA,TPS 108,2019-10-25 17:00:05,178,8,0,207,189,186,3,https://pemilu2019.kpu.go.id/img/c/900/048/900048833/1-11837-108-C1-PPWP-X1.jpg,https://pemilu2019.kpu.go.id/img/c/900/048/900048833/1-11837-108-C1-PPWP-X2.jpg
6728117431183111837900048834,SUMATERA UTARA,KOTA MEDAN,MEDAN JOHOR,KWALA BEKALA,TPS 109,2019-10-25 17:00:05,121,8,181,129,129,129,0,https://pemilu2019.kpu.go.id/img/c/900/048/900048834/1-11837-109-C-XXX-X5.jpg,https://pemilu2019.kpu.go.id/img/c/900/048/900048834/1-11837-109-C-XXX-X6.jpg
6728117431183111837900048835,SUMATERA UTARA,KOTA MEDAN,MEDAN JOHOR,KWALA BEKALA,TPS 110,2019-10-25 17:00:05,135,3,258,140,140,138,2,https://pemilu2019.kpu.go.id/img/c/900/048/900048835/2-11837-110-C1-PPWP-X1.jpg,https://pemilu2019.kpu.go.id/img/c/900/048/900048835/2-11837-110-C1-PPWP-X2.jpg
6728117431183111837900048836,SUMATERA UTARA,KOTA MEDAN,MEDAN JOHOR,KWALA BEKALA,TPS 111,2019-10-25 17:00:05,135,12,251,147,147,147,0,https://pemilu2019.kpu.go.id/img/c/900/048/900048836/2-11837-111-C-XXX-X5.jpg,https://pemilu2019.kpu.go.id/img/c/900/048/900048836/2-11837-111-C-XXX-X6.jpg
6728117431183111837900048837,SUMATERA UTARA,KOTA MEDAN,MEDAN JOHOR,KWALA BEKALA,TPS 112,2019-10-25 17:00:05,100,25,189,125,125,125,0,https://pemilu2019.kpu.go.id/img/c/900/048/900048837/1-11837-112-C1-PPWP-X1.jpg,https://pemilu2019.kpu.go.id/img/c/900/048/900048837/1-11837-112-C1-PPWP-X2.jpg
6728117431183111837900048838,SUMATERA UTARA,KOTA MEDAN,MEDAN JOHOR,KWALA BEKALA,TPS 113,2019-10-25 17:00:05,123,23,242,146,147,146,1,https://pemilu2019.kpu.go.id/img/c/900/048/900048838/1-11837-113-C-XXX-X5.jpg,https://pemilu2019.kpu.go.id/img/c/900/048/900048838/1-11837-113-C-XXX-X6.jpg
6728117431183111837900048839,SUMATERA UTARA,KOTA MEDAN,MEDAN JOHOR,KWALA BEKALA,TPS 114,2019-10-25 17:00:05,72,18,186,90,90,90,0,https://pemilu2019.kpu.go.id/img/c/900/048/900048839/1-11837-114-C1-PPWP-X1.jpg,https://pemilu2019.kpu.go.id/img/c/900/048/900048839/1-11837-114-C1-PPWP-X2.jpg
6728117431183111837900048840,SUMATERA UTARA,KOTA MEDAN,MEDAN JOHOR,KWALA BEKALA,TPS 115,2019-10-25 17:00:05,87,61,272,150,150,148,2,https://pemilu2019.kpu.go.id/img/c/900/048/900048840/1-11837-115-C-XXX-X5.jpg,https://pemilu2019.kpu.go.id/img/c/900/048/900048840/1-11837-115-C-XXX-X6.jpg
6728117431183111837900048841,SUMATERA UTARA,KOTA MEDAN,MEDAN JOHOR,KWALA BEKALA,TPS 116,2019-10-25 17:00:05,108,45,280,153,153,153,0,https://pemilu2019.kpu.go.id/img/c/900/048/900048841/2-11837-116-C1-PPWP-X1.jpg,https://pemilu2019.kpu.go.id/img/c/900/048/900048841/2-11837-116-C1-PPWP-X2.jpg
6728117431183111837900048842,SUMATERA UTARA,KOTA MEDAN,MEDAN JOHOR,KWALA BEKALA,TPS 117,2019-10-25 17:00:05,181,12,315,193,193,193,0,https://pemilu2019.kpu.go.id/img/c/900/048/900048842/2-11837-117-C1-PPWP-X1.jpg,https://pemilu2019.kpu.go.id/img/c/900/048/900048842/2-11837-117-C1-PPWP-X2.jpg
6728117431183111837900048843,SUMATERA UTARA,KOTA MEDAN,MEDAN JOHOR,KWALA BEKALA,TPS 118,2019-10-25 17:00:05,174,18,280,192,192,192,0,https://pemilu2019.kpu.go.id/img/c/900/048/900048843/1-11837-118-C1-PPWP-X1.jpg,https://pemilu2019.kpu.go.id/img/c/900/048/900048843/1-11837-118-C1-PPWP-X2.jpg
6728117431183111837900048844,SUMATERA UTARA,KOTA MEDAN,MEDAN JOHOR,KWALA BEKALA,TPS 119,2019-10-25 17:00:05,165,8,244,174,174,173,1,https://pemilu2019.kpu.go.id/img/c/900/048/900048844/1-11837-119-C1-PPWP-X1.jpg,https://pemilu2019.kpu.go.id/img/c/900/048/900048844/1-11837-119-C1-PPWP-X2.jpg
6728117431183111837900048845,SUMATERA UTARA,KOTA MEDAN,MEDAN JOHOR,KWALA BEKALA,TPS 120,2019-10-25 17:00:05,149,11,282,164,164,160,4,https://pemilu2019.kpu.go.id/img/c/900/048/900048845/1-11837-120-C-XXX-X5.jpg,https://pemilu2019.kpu.go.id/img/c/900/048/900048845/1-11837-120-C-XXX-X6.jpg
6728117431183111837900048846,SUMATERA UTARA,KOTA MEDAN,MEDAN JOHOR,KWALA BEKALA,TPS 121,2019-10-25 17:00:05,151,3,209,156,156,154,2,https://pemilu2019.kpu.go.id/img/c/900/048/900048846/1-11837-121-C-XXX-X5.jpg,https://pemilu2019.kpu.go.id/img/c/900/048/900048846/1-11837-121-C-XXX-X6.jpg
6728117431183111837900048847,SUMATERA UTARA,KOTA MEDAN,MEDAN JOHOR,KWALA BEKALA,TPS 122,2019-10-25 17:00:05,139,1,244,140,140,140,0,https://pemilu2019.kpu.go.id/img/c/900/048/900048847/1-11837-122-C1-PPWP-X1.jpg,https://pemilu2019.kpu.go.id/img/c/900/048/900048847/1-11837-122-C1-PPWP-X2.jpg
6728117431183111837900048848,SUMATERA UTARA,KOTA MEDAN,MEDAN JOHOR,KWALA BEKALA,TPS 123,2019-10-25 17:00:05,183,6,246,190,190,189,1,https://pemilu2019.kpu.go.id/img/c/900/048/900048848/2-11837-123-C-XXX-X5.jpg,https://pemilu2019.kpu.go.id/img/c/900/048/900048848/2-11837-123-C-XXX-X6.jpg
6728117431183111835900048522,SUMATERA UTARA,KOTA MEDAN,MEDAN JOHOR,PANGKALAN MANSUR,TPS 001,2019-10-25 17:00:05,32,163,283,195,195,195,0,https://pemilu2019.kpu.go.id/img/c/900/048/900048522/1-11835-001-C1-PPWP-X1.jpg,https://pemilu2019.kpu.go.id/img/c/900/048/900048522/1-11835-001-C1-PPWP-X2.jpg
6728117431183111835900048523,SUMATERA UTARA,KOTA MEDAN,MEDAN JOHOR,PANGKALAN MANSUR,TPS 002,2019-10-25 17:00:05,37,166,296,205,205,203,2,https://pemilu2019.kpu.go.id/img/c/900/048/900048523/1-11835-002-C1-PPWP-X1.jpg,https://pemilu2019.kpu.go.id/img/c/900/048/900048523/1-11835-002-C1-PPWP-X2.jpg
6728117431183111835900048524,SUMATERA UTARA,KOTA MEDAN,MEDAN JOHOR,PANGKALAN MANSUR,TPS 003,2019-10-25 17:00:05,26,182,291,211,211,208,3,https://pemilu2019.kpu.go.id/img/c/900/048/900048524/1-11835-003-C1-PPWP-X1.jpg,https://pemilu2019.kpu.go.id/img/c/900/048/900048524/1-11835-003-C1-PPWP-X2.jpg
6728117431183111835900048525,SUMATERA UTARA,KOTA MEDAN,MEDAN JOHOR,PANGKALAN MANSUR,TPS 004,2019-10-25 17:00:05,45,143,280,188,188,188,0,https://pemilu2019.kpu.go.id/img/c/900/048/900048525/1-11835-004-C1-PPWP-X1.jpg,https://pemilu2019.kpu.go.id/img/c/900/048/900048525/1-11835-004-C1-PPWP-X2.jpg
6728117431183111835900048526,SUMATERA UTARA,KOTA MEDAN,MEDAN JOHOR,PANGKALAN MANSUR,TPS 005,2019-10-25 17:00:05,36,117,272,153,155,153,2,https://pemilu2019.kpu.go.id/img/c/900/048/900048526/1-11835-005-C-XXX-X5.jpg,https://pemilu2019.kpu.go.id/img/c/900/048/900048526/1-11835-005-C-XXX-X6.jpg
6728117431183111835900048527,SUMATERA UTARA,KOTA MEDAN,MEDAN JOHOR,PANGKALAN MANSUR,TPS 006,2019-10-25 17:00:05,42,119,263,161,161,161,0,https://pemilu2019.kpu.go.id/img/c/900/048/900048527/1-11835-006-C1-PPWP-X1.jpg,https://pemilu2019.kpu.go.id/img/c/900/048/900048527/1-11835-006-C1-PPWP-X2.jpg
6728117431183111835900048528,SUMATERA UTARA,KOTA MEDAN,MEDAN JOHOR,PANGKALAN MANSUR,TPS 007,2019-10-25 17:00:05,21,119,226,143,143,140,3,https://pemilu2019.kpu.go.id/img/c/900/048/900048528/1-11835-007-C-XXX-X5.jpg,https://pemilu2019.kpu.go.id/img/c/900/048/900048528/1-11835-007-C-XXX-X6.jpg
6728117431183111835900048529,SUMATERA UTARA,KOTA MEDAN,MEDAN JOHOR,PANGKALAN MANSUR,TPS 008,2019-10-25 17:00:05,24,128,223,153,153,152,1,https://pemilu2019.kpu.go.id/img/c/900/048/900048529/1-11835-008-C1-PPWP-X1.jpg,https://pemilu2019.kpu.go.id/img/c/900/048/900048529/1-11835-008-C1-PPWP-X2.jpg
6728117431183111835900048530,SUMATERA UTARA,KOTA MEDAN,MEDAN JOHOR,PANGKALAN MANSUR,TPS 009,2019-10-25 17:00:05,36,124,231,163,163,160,3,https://pemilu2019.kpu.go.id/img/c/900/048/900048530/1-11835-009-C-XXX-X5.jpg,https://pemilu2019.kpu.go.id/img/c/900/048/900048530/1-11835-009-C-XXX-X6.jpg
6728117431183111835900048531,SUMATERA UTARA,KOTA MEDAN,MEDAN JOHOR,PANGKALAN MANSUR,TPS 010,2019-10-25 17:00:05,131,116,236,147,147,147,147,https://pemilu2019.kpu.go.id/img/c/900/048/900048531/1-11835-010-C1-PPWP-X1.jpg,https://pemilu2019.kpu.go.id/img/c/900/048/900048531/1-11835-010-C1-PPWP-X2.jpg
6728117431183111835900048532,SUMATERA UTARA,KOTA MEDAN,MEDAN JOHOR,PANGKALAN MANSUR,TPS 011,2019-10-25 17:00:05,31,124,226,155,155,155,0,https://pemilu2019.kpu.go.id/img/c/900/048/900048532/1-11835-011-C1-PPWP-X1.jpg,https://pemilu2019.kpu.go.id/img/c/900/048/900048532/1-11835-011-C1-PPWP-X2.jpg
6728117431183111835900048533,SUMATERA UTARA,KOTA MEDAN,MEDAN JOHOR,PANGKALAN MANSUR,TPS 012,2019-10-25 17:00:05,27,118,244,145,145,145,0,https://pemilu2019.kpu.go.id/img/c/900/048/900048533/1-11835-012-C1-PPWP-X1.jpg,https://pemilu2019.kpu.go.id/img/c/900/048/900048533/1-11835-012-C1-PPWP-X2.jpg
6728117431183111835900048534,SUMATERA UTARA,KOTA MEDAN,MEDAN JOHOR,PANGKALAN MANSUR,TPS 013,2019-10-25 17:00:05,40,156,243,197,197,196,1,https://pemilu2019.kpu.go.id/img/c/900/048/900048534/1-11835-013-C1-PPWP-X1.jpg,https://pemilu2019.kpu.go.id/img/c/900/048/900048534/1-11835-013-C1-PPWP-X2.jpg
6728117431183111835900048535,SUMATERA UTARA,KOTA MEDAN,MEDAN JOHOR,PANGKALAN MANSUR,TPS 014,2019-10-25 17:00:05,45,151,236,199,199,196,3,https://pemilu2019.kpu.go.id/img/c/900/048/900048535/1-11835-014-C1-PPWP-X1.jpg,https://pemilu2019.kpu.go.id/img/c/900/048/900048535/1-11835-014-C1-PPWP-X2.jpg
6728117431183111835900048536,SUMATERA UTARA,KOTA MEDAN,MEDAN JOHOR,PANGKALAN MANSUR,TPS 015,2019-10-25 17:00:05,18,148,217,167,167,166,1,https://pemilu2019.kpu.go.id/img/c/900/048/900048536/1-11835-015-C1-PPWP-X1.jpg,https://pemilu2019.kpu.go.id/img/c/900/048/900048536/1-11835-015-C1-PPWP-X2.jpg
6728117431183111835900048537,SUMATERA UTARA,KOTA MEDAN,MEDAN JOHOR,PANGKALAN MANSUR,TPS 016,2019-10-25 17:00:05,21,134,226,158,158,155,3,https://pemilu2019.kpu.go.id/img/c/900/048/900048537/1-11835-016-C-XXX-X5.jpg,https://pemilu2019.kpu.go.id/img/c/900/048/900048537/1-11835-016-C-XXX-X6.jpg
6728117431183111835900048538,SUMATERA UTARA,KOTA MEDAN,MEDAN JOHOR,PANGKALAN MANSUR,TPS 017,2019-10-25 17:00:05,24,119,236,144,144,143,1,https://pemilu2019.kpu.go.id/img/c/900/048/900048538/3-11835-017-C1-PPWP-X1.jpg,https://pemilu2019.kpu.go.id/img/c/900/048/900048538/3-11835-017-C1-PPWP-X2.jpg
6728117431183111835900048539,SUMATERA UTARA,KOTA MEDAN,MEDAN JOHOR,PANGKALAN MANSUR,TPS 018,2019-10-25 17:00:05,23,97,186,120,120,120,0,https://pemilu2019.kpu.go.id/img/c/900/048/900048539/1-11835-018-C-XXX-X5.jpg,https://pemilu2019.kpu.go.id/img/c/900/048/900048539/1-11835-018-C-XXX-X6.jpg
6728117431183111835900048540,SUMATERA UTARA,KOTA MEDAN,MEDAN JOHOR,PANGKALAN MANSUR,TPS 019,2019-10-25 17:00:05,29,110,209,140,140,139,1,https://pemilu2019.kpu.go.id/img/c/900/048/900048540/1-11835-019-C1-PPWP-X1.jpg,https://pemilu2019.kpu.go.id/img/c/900/048/900048540/1-11835-019-C1-PPWP-X2.jpg
6728117431183111835900048541,SUMATERA UTARA,KOTA MEDAN,MEDAN JOHOR,PANGKALAN MANSUR,TPS 020,2019-10-25 17:00:05,17,91,208,108,108,108,0,https://pemilu2019.kpu.go.id/img/c/900/048/900048541/1-11835-020-C1-PPWP-X1.jpg,https://pemilu2019.kpu.go.id/img/c/900/048/900048541/1-11835-020-C1-PPWP-X2.jpg
6728117431183111835900048542,SUMATERA UTARA,KOTA MEDAN,MEDAN JOHOR,PANGKALAN MANSUR,TPS 021,2019-10-25 17:00:05,19,129,244,149,149,148,1,https://pemilu2019.kpu.go.id/img/c/900/048/900048542/1-11835-021-C1-PPWP-X1.jpg,https://pemilu2019.kpu.go.id/img/c/900/048/900048542/1-11835-021-C1-PPWP-X2.jpg
6728117431183111835900048543,SUMATERA UTARA,KOTA MEDAN,MEDAN JOHOR,PANGKALAN MANSUR,TPS 022,2019-10-25 17:00:05,13,104,205,120,120,117,3,https://pemilu2019.kpu.go.id/img/c/900/048/900048543/1-11835-022-C-XXX-X5.jpg,https://pemilu2019.kpu.go.id/img/c/900/048/900048543/1-11835-022-C-XXX-X6.jpg
6728117431183111835900048544,SUMATERA UTARA,KOTA MEDAN,MEDAN JOHOR,PANGKALAN MANSUR,TPS 023,2019-10-25 17:00:05,15,111,233,126,126,126,0,https://pemilu2019.kpu.go.id/img/c/900/048/900048544/1-11835-023-C-XXX-X5.jpg,https://pemilu2019.kpu.go.id/img/c/900/048/900048544/1-11835-023-C-XXX-X6.jpg
6728117431183111835900048545,SUMATERA UTARA,KOTA MEDAN,MEDAN JOHOR,PANGKALAN MANSUR,TPS 024,2019-10-25 17:00:05,37,147,252,185,185,184,1,https://pemilu2019.kpu.go.id/img/c/900/048/900048545/1-11835-024-C1-PPWP-X1.jpg,https://pemilu2019.kpu.go.id/img/c/900/048/900048545/1-11835-024-C1-PPWP-X2.jpg
6728117431183111835900048546,SUMATERA UTARA,KOTA MEDAN,MEDAN JOHOR,PANGKALAN MANSUR,TPS 025,2019-10-25 17:00:05,23,95,202,118,118,118,0,https://pemilu2019.kpu.go.id/img/c/900/048/900048546/1-11835-025-C1-PPWP-X1.jpg,https://pemilu2019.kpu.go.id/img/c/900/048/900048546/1-11835-025-C1-PPWP-X2.jpg
6728117431183111835900048547,SUMATERA UTARA,KOTA MEDAN,MEDAN JOHOR,PANGKALAN MANSUR,TPS 026,2019-10-25 17:00:05,16,99,210,116,116,115,1,https://pemilu2019.kpu.go.id/img/c/900/048/900048547/1-11835-026-C-XXX-X5.jpg,https://pemilu2019.kpu.go.id/img/c/900/048/900048547/1-11835-026-C-XXX-X6.jpg
6728117431183111835900048548,SUMATERA UTARA,KOTA MEDAN,MEDAN JOHOR,PANGKALAN MANSUR,TPS 027,2019-10-25 17:00:05,42,162,291,206,206,204,2,https://pemilu2019.kpu.go.id/img/c/900/048/900048548/1-11835-027-C1-PPWP-X1.jpg,https://pemilu2019.kpu.go.id/img/c/900/048/900048548/1-11835-027-C1-PPWP-X2.jpg
6728117431183111835900048549,SUMATERA UTARA,KOTA MEDAN,MEDAN JOHOR,PANGKALAN MANSUR,TPS 028,2019-10-25 17:00:05,47,148,290,197,197,195,2,https://pemilu2019.kpu.go.id/img/c/900/048/900048549/2-11835-028-C1-PPWP-X3.jpg,https://pemilu2019.kpu.go.id/img/c/900/048/900048549/2-11835-028-C1-PPWP-X4.jpg
6728117431183111835900048550,SUMATERA UTARA,KOTA MEDAN,MEDAN JOHOR,PANGKALAN MANSUR,TPS 029,2019-10-25 17:00:05,35,102,137,0,137,137,0,https://pemilu2019.kpu.go.id/img/c/900/048/900048550/1-11835-029-C1-PPWP-X1.jpg,https://pemilu2019.kpu.go.id/img/c/900/048/900048550/1-11835-029-C1-PPWP-X2.jpg
6728117431183111835900048551,SUMATERA UTARA,KOTA MEDAN,MEDAN JOHOR,PANGKALAN MANSUR,TPS 030,2019-10-25 17:00:05,25,174,253,200,200,199,1,https://pemilu2019.kpu.go.id/img/c/900/048/900048551/1-11835-030-C1-PPWP-X1.jpg,https://pemilu2019.kpu.go.id/img/c/900/048/900048551/1-11835-030-C1-PPWP-X2.jpg
6728117431183111835900048552,SUMATERA UTARA,KOTA MEDAN,MEDAN JOHOR,PANGKALAN MANSUR,TPS 031,2019-10-25 17:00:05,22,173,249,193,254,195,0,https://pemilu2019.kpu.go.id/img/c/900/048/900048552/1-11835-031-C1-PPWP-X1.jpg,https://pemilu2019.kpu.go.id/img/c/900/048/900048552/1-11835-031-C1-PPWP-X2.jpg
6728117431183111835900048553,SUMATERA UTARA,KOTA MEDAN,MEDAN JOHOR,PANGKALAN MANSUR,TPS 032,2019-10-25 17:00:05,35,135,228,171,171,170,1,https://pemilu2019.kpu.go.id/img/c/900/048/900048553/2-11835-032-C1-PPWP-X1.jpg,https://pemilu2019.kpu.go.id/img/c/900/048/900048553/2-11835-032-C1-PPWP-X2.jpg
6728117431183111835900048554,SUMATERA UTARA,KOTA MEDAN,MEDAN JOHOR,PANGKALAN MANSUR,TPS 033,2019-10-25 17:00:05,46,153,291,202,202,199,3,https://pemilu2019.kpu.go.id/img/c/900/048/900048554/1-11835-033-C1-PPWP-X1.jpg,https://pemilu2019.kpu.go.id/img/c/900/048/900048554/1-11835-033-C1-PPWP-X2.jpg
6728117431183111835900048555,SUMATERA UTARA,KOTA MEDAN,MEDAN JOHOR,PANGKALAN MANSUR,TPS 034,2019-10-25 17:00:05,39,94,249,135,135,133,2,https://pemilu2019.kpu.go.id/img/c/900/048/900048555/1-11835-034-C1-PPWP-X1.jpg,https://pemilu2019.kpu.go.id/img/c/900/048/900048555/1-11835-034-C1-PPWP-X2.jpg
6728117431183111835900048556,SUMATERA UTARA,KOTA MEDAN,MEDAN JOHOR,PANGKALAN MANSUR,TPS 035,2019-10-25 17:00:05,15,126,265,141,141,141,0,https://pemilu2019.kpu.go.id/img/c/900/048/900048556/1-11835-035-C1-PPWP-X1.jpg,https://pemilu2019.kpu.go.id/img/c/900/048/900048556/1-11835-035-C1-PPWP-X2.jpg
6728117431183111835900048557,SUMATERA UTARA,KOTA MEDAN,MEDAN JOHOR,PANGKALAN MANSUR,TPS 036,2019-10-25 17:00:05,13,159,252,172,172,172,0,https://pemilu2019.kpu.go.id/img/c/900/048/900048557/2-11835-036-C1-PPWP-X1.jpg,https://pemilu2019.kpu.go.id/img/c/900/048/900048557/2-11835-036-C1-PPWP-X2.jpg
6728117431183111835900048558,SUMATERA UTARA,KOTA MEDAN,MEDAN JOHOR,PANGKALAN MANSUR,TPS 037,2019-10-25 17:00:05,18,67,147,85,85,85,0,https://pemilu2019.kpu.go.id/img/c/900/048/900048558/1-11835-037-C1-PPWP-X1.jpg,https://pemilu2019.kpu.go.id/img/c/900/048/900048558/1-11835-037-C1-PPWP-X2.jpg
6728117431183111835900048559,SUMATERA UTARA,KOTA MEDAN,MEDAN JOHOR,PANGKALAN MANSUR,TPS 038,2019-10-25 17:00:05,28,84,222,112,112,112,0,https://pemilu2019.kpu.go.id/img/c/900/048/900048559/1-11835-038-C1-PPWP-X1.jpg,https://pemilu2019.kpu.go.id/img/c/900/048/900048559/1-11835-038-C1-PPWP-X2.jpg
6728117431183111835900048560,SUMATERA UTARA,KOTA MEDAN,MEDAN JOHOR,PANGKALAN MANSUR,TPS 039,2019-10-25 17:00:05,17,109,193,126,126,126,0,https://pemilu2019.kpu.go.id/img/c/900/048/900048560/1-11835-039-C1-PPWP-X1.jpg,https://pemilu2019.kpu.go.id/img/c/900/048/900048560/1-11835-039-C1-PPWP-X2.jpg
6728117431183111835900048561,SUMATERA UTARA,KOTA MEDAN,MEDAN JOHOR,PANGKALAN MANSUR,TPS 040,2019-10-25 17:00:05,14,122,231,136,136,136,0,https://pemilu2019.kpu.go.id/img/c/900/048/900048561/1-11835-040-C1-PPWP-X1.jpg,https://pemilu2019.kpu.go.id/img/c/900/048/900048561/1-11835-040-C1-PPWP-X2.jpg
6728117431183111835900048562,SUMATERA UTARA,KOTA MEDAN,MEDAN JOHOR,PANGKALAN MANSUR,TPS 041,2019-10-25 17:00:05,15,128,244,145,145,143,2,https://pemilu2019.kpu.go.id/img/c/900/048/900048562/1-11835-041-C-XXX-X5.jpg,https://pemilu2019.kpu.go.id/img/c/900/048/900048562/1-11835-041-C-XXX-X6.jpg
6728117431183111835900048563,SUMATERA UTARA,KOTA MEDAN,MEDAN JOHOR,PANGKALAN MANSUR,TPS 042,2019-10-25 17:00:05,40,78,218,118,118,118,0,https://pemilu2019.kpu.go.id/img/c/900/048/900048563/1-11835-042-C1-PPWP-X1.jpg,https://pemilu2019.kpu.go.id/img/c/900/048/900048563/1-11835-042-C1-PPWP-X2.jpg
6728117431183111835900048564,SUMATERA UTARA,KOTA MEDAN,MEDAN JOHOR,PANGKALAN MANSUR,TPS 043,2019-10-25 17:00:05,31,118,205,150,150,149,1,https://pemilu2019.kpu.go.id/img/c/900/048/900048564/1-11835-043-C-XXX-X5.jpg,https://pemilu2019.kpu.go.id/img/c/900/048/900048564/1-11835-043-C-XXX-X6.jpg
6728117431183111835900048565,SUMATERA UTARA,KOTA MEDAN,MEDAN JOHOR,PANGKALAN MANSUR,TPS 044,2019-10-25 17:00:05,16,124,199,141,141,140,1,https://pemilu2019.kpu.go.id/img/c/900/048/900048565/1-11835-044-C1-PPWP-X1.jpg,https://pemilu2019.kpu.go.id/img/c/900/048/900048565/1-11835-044-C1-PPWP-X2.jpg
6728117431183111835900048566,SUMATERA UTARA,KOTA MEDAN,MEDAN JOHOR,PANGKALAN MANSUR,TPS 045,2019-10-25 17:00:05,28,128,215,157,157,156,1,https://pemilu2019.kpu.go.id/img/c/900/048/900048566/1-11835-045-C-XXX-X5.jpg,https://pemilu2019.kpu.go.id/img/c/900/048/900048566/1-11835-045-C-XXX-X6.jpg
6728117431183111835900048567,SUMATERA UTARA,KOTA MEDAN,MEDAN JOHOR,PANGKALAN MANSUR,TPS 046,2019-10-25 17:00:05,27,128,217,155,155,155,0,https://pemilu2019.kpu.go.id/img/c/900/048/900048567/1-11835-046-C1-PPWP-X1.jpg,https://pemilu2019.kpu.go.id/img/c/900/048/900048567/1-11835-046-C1-PPWP-X2.jpg
6728117431183111835900048568,SUMATERA UTARA,KOTA MEDAN,MEDAN JOHOR,PANGKALAN MANSUR,TPS 047,2019-10-25 17:00:05,25,84,180,110,110,105,1,https://pemilu2019.kpu.go.id/img/c/900/048/900048568/1-11835-047-C1-PPWP-X1.jpg,https://pemilu2019.kpu.go.id/img/c/900/048/900048568/1-11835-047-C1-PPWP-X2.jpg
6728117431183111835900048569,SUMATERA UTARA,KOTA MEDAN,MEDAN JOHOR,PANGKALAN MANSUR,TPS 048,2019-10-25 17:00:05,22,137,240,160,160,159,1,https://pemilu2019.kpu.go.id/img/c/900/048/900048569/1-11835-048-C1-PPWP-X1.jpg,https://pemilu2019.kpu.go.id/img/c/900/048/900048569/1-11835-048-C1-PPWP-X2.jpg
6728117431183111835900048570,SUMATERA UTARA,KOTA MEDAN,MEDAN JOHOR,PANGKALAN MANSUR,TPS 049,2019-10-25 17:00:05,28,85,201,113,113,113,0,https://pemilu2019.kpu.go.id/img/c/900/048/900048570/1-11835-049-C1-PPWP-X1.jpg,https://pemilu2019.kpu.go.id/img/c/900/048/900048570/1-11835-049-C1-PPWP-X2.jpg
6728117431183111835900048571,SUMATERA UTARA,KOTA MEDAN,MEDAN JOHOR,PANGKALAN MANSUR,TPS 050,2019-10-25 17:00:05,64,124,270,189,189,188,1,https://pemilu2019.kpu.go.id/img/c/900/048/900048571/2-11835-050-C1-PPWP-X1.jpg,https://pemilu2019.kpu.go.id/img/c/900/048/900048571/2-11835-050-C1-PPWP-X2.jpg
6728117431183111835900048572,SUMATERA UTARA,KOTA MEDAN,MEDAN JOHOR,PANGKALAN MANSUR,TPS 051,2019-10-25 17:00:05,27,159,278,186,186,186,0,https://pemilu2019.kpu.go.id/img/c/900/048/900048572/1-11835-051-C-XXX-X5.jpg,https://pemilu2019.kpu.go.id/img/c/900/048/900048572/1-11835-051-C-XXX-X6.jpg
6728117431183111835900048573,SUMATERA UTARA,KOTA MEDAN,MEDAN JOHOR,PANGKALAN MANSUR,TPS 052,2019-10-25 17:00:05,40,116,210,159,159,156,3,https://pemilu2019.kpu.go.id/img/c/900/048/900048573/1-11835-052-C1-PPWP-X1.jpg,https://pemilu2019.kpu.go.id/img/c/900/048/900048573/1-11835-052-C1-PPWP-X2.jpg
6728117431183111835900048574,SUMATERA UTARA,KOTA MEDAN,MEDAN JOHOR,PANGKALAN MANSUR,TPS 053,2019-10-25 17:00:05,51,118,242,169,169,169,0,https://pemilu2019.kpu.go.id/img/c/900/048/900048574/1-11835-053-C1-PPWP-X1.jpg,https://pemilu2019.kpu.go.id/img/c/900/048/900048574/1-11835-053-C1-PPWP-X2.jpg
6728117431183111835900048575,SUMATERA UTARA,KOTA MEDAN,MEDAN JOHOR,PANGKALAN MANSUR,TPS 054,2019-10-25 17:00:05,55,123,228,184,178,178,0,https://pemilu2019.kpu.go.id/img/c/900/048/900048575/3-11835-054-C1-PPWP-X1.jpg,https://pemilu2019.kpu.go.id/img/c/900/048/900048575/3-11835-054-C1-PPWP-X2.jpg
6728117431183111835900048576,SUMATERA UTARA,KOTA MEDAN,MEDAN JOHOR,PANGKALAN MANSUR,TPS 055,2019-10-25 17:00:05,54,119,257,174,174,173,1,https://pemilu2019.kpu.go.id/img/c/900/048/900048576/1-11835-055-C-XXX-X5.jpg,https://pemilu2019.kpu.go.id/img/c/900/048/900048576/1-11835-055-C-XXX-X6.jpg
6728117431183111835900048577,SUMATERA UTARA,KOTA MEDAN,MEDAN JOHOR,PANGKALAN MANSUR,TPS 056,2019-10-25 17:00:05,74,109,260,186,186,183,3,https://pemilu2019.kpu.go.id/img/c/900/048/900048577/1-11835-056-C1-PPWP-X1.jpg,https://pemilu2019.kpu.go.id/img/c/900/048/900048577/1-11835-056-C1-PPWP-X2.jpg
6728117431183111835900048578,SUMATERA UTARA,KOTA MEDAN,MEDAN JOHOR,PANGKALAN MANSUR,TPS 057,2019-10-25 17:00:05,55,80,221,127,137,135,2,https://pemilu2019.kpu.go.id/img/c/900/048/900048578/2-11835-057-C-XXX-X5.jpg,https://pemilu2019.kpu.go.id/img/c/900/048/900048578/2-11835-057-C-XXX-X6.jpg
6728117431183111835900048579,SUMATERA UTARA,KOTA MEDAN,MEDAN JOHOR,PANGKALAN MANSUR,TPS 058,2019-10-25 17:00:05,74,77,236,154,154,151,3,https://pemilu2019.kpu.go.id/img/c/900/048/900048579/1-11835-058-C1-PPWP-X1.jpg,https://pemilu2019.kpu.go.id/img/c/900/048/900048579/1-11835-058-C1-PPWP-X2.jpg
6728117431183111835900048580,SUMATERA UTARA,KOTA MEDAN,MEDAN JOHOR,PANGKALAN MANSUR,TPS 059,2019-10-25 17:00:05,82,65,218,153,153,147,6,https://pemilu2019.kpu.go.id/img/c/900/048/900048580/1-11835-059-C1-PPWP-X1.jpg,https://pemilu2019.kpu.go.id/img/c/900/048/900048580/1-11835-059-C1-PPWP-X2.jpg
6728117431183111835900048581,SUMATERA UTARA,KOTA MEDAN,MEDAN JOHOR,PANGKALAN MANSUR,TPS 060,2019-10-25 17:00:05,85,44,202,129,129,129,0,https://pemilu2019.kpu.go.id/img/c/900/048/900048581/1-11835-060-C1-PPWP-X1.jpg,https://pemilu2019.kpu.go.id/img/c/900/048/900048581/1-11835-060-C1-PPWP-X2.jpg
6728117431183111835900048582,SUMATERA UTARA,KOTA MEDAN,MEDAN JOHOR,PANGKALAN MANSUR,TPS 061,2019-10-25 17:00:05,72,75,232,148,148,147,1,https://pemilu2019.kpu.go.id/img/c/900/048/900048582/1-11835-061-C-XXX-X5.jpg,https://pemilu2019.kpu.go.id/img/c/900/048/900048582/1-11835-061-C-XXX-X6.jpg
6728117431183111835900048583,SUMATERA UTARA,KOTA MEDAN,MEDAN JOHOR,PANGKALAN MANSUR,TPS 062,2019-10-25 17:00:05,60,107,255,171,171,167,4,https://pemilu2019.kpu.go.id/img/c/900/048/900048583/1-11835-062-C1-PPWP-X1.jpg,https://pemilu2019.kpu.go.id/img/c/900/048/900048583/1-11835-062-C1-PPWP-X2.jpg
6728117431183111835900048584,SUMATERA UTARA,KOTA MEDAN,MEDAN JOHOR,PANGKALAN MANSUR,TPS 063,2019-10-25 17:00:05,77,68,205,145,145,145,0,https://pemilu2019.kpu.go.id/img/c/900/048/900048584/1-11835-063-C1-PPWP-X1.jpg,https://pemilu2019.kpu.go.id/img/c/900/048/900048584/1-11835-063-C1-PPWP-X2.jpg
6728117431183111835900048585,SUMATERA UTARA,KOTA MEDAN,MEDAN JOHOR,PANGKALAN MANSUR,TPS 064,2019-10-25 17:00:05,78,87,238,166,166,165,1,https://pemilu2019.kpu.go.id/img/c/900/048/900048585/1-11835-064-C1-PPWP-X1.jpg,https://pemilu2019.kpu.go.id/img/c/900/048/900048585/1-11835-064-C1-PPWP-X2.jpg
6728117431183111835900048586,SUMATERA UTARA,KOTA MEDAN,MEDAN JOHOR,PANGKALAN MANSUR,TPS 065,2019-10-25 17:00:05,62,73,214,136,136,135,1,https://pemilu2019.kpu.go.id/img/c/900/048/900048586/2-11835-065-C-XXX-X5.jpg,https://pemilu2019.kpu.go.id/img/c/900/048/900048586/2-11835-065-C-XXX-X6.jpg
6728117431183111835900048587,SUMATERA UTARA,KOTA MEDAN,MEDAN JOHOR,PANGKALAN MANSUR,TPS 066,2019-10-25 17:00:05,56,53,205,0,109,109,0,https://pemilu2019.kpu.go.id/img/c/900/048/900048587/1-11835-066-C1-PPWP-X1.jpg,https://pemilu2019.kpu.go.id/img/c/900/048/900048587/1-11835-066-C1-PPWP-X2.jpg
6728117431183111835900048588,SUMATERA UTARA,KOTA MEDAN,MEDAN JOHOR,PANGKALAN MANSUR,TPS 067,2019-10-25 17:00:05,74,43,238,117,119,117,2,https://pemilu2019.kpu.go.id/img/c/900/048/900048588/1-11835-067-C1-PPWP-X1.jpg,https://pemilu2019.kpu.go.id/img/c/900/048/900048588/1-11835-067-C1-PPWP-X2.jpg
6728117431183111835900048589,SUMATERA UTARA,KOTA MEDAN,MEDAN JOHOR,PANGKALAN MANSUR,TPS 068,2019-10-25 17:00:05,88,104,280,194,194,192,2,https://pemilu2019.kpu.go.id/img/c/900/048/900048589/1-11835-068-C1-PPWP-X1.jpg,https://pemilu2019.kpu.go.id/img/c/900/048/900048589/1-11835-068-C1-PPWP-X2.jpg
6728117431183111835900048590,SUMATERA UTARA,KOTA MEDAN,MEDAN JOHOR,PANGKALAN MANSUR,TPS 069,2019-10-25 17:00:05,61,111,248,176,176,172,4,https://pemilu2019.kpu.go.id/img/c/900/048/900048590/1-11835-069-C-XXX-X5.jpg,https://pemilu2019.kpu.go.id/img/c/900/048/900048590/1-11835-069-C-XXX-X6.jpg
6728117431183111835900048591,SUMATERA UTARA,KOTA MEDAN,MEDAN JOHOR,PANGKALAN MANSUR,TPS 070,2019-10-25 17:00:05,102,87,231,190,190,189,1,https://pemilu2019.kpu.go.id/img/c/900/048/900048591/1-11835-070-C-XXX-X5.jpg,https://pemilu2019.kpu.go.id/img/c/900/048/900048591/1-11835-070-C-XXX-X6.jpg
6728117431183111835900048592,SUMATERA UTARA,KOTA MEDAN,MEDAN JOHOR,PANGKALAN MANSUR,TPS 071,2019-10-25 17:00:05,45,94,203,141,141,139,2,https://pemilu2019.kpu.go.id/img/c/900/048/900048592/1-11835-071-C1-PPWP-X1.jpg,https://pemilu2019.kpu.go.id/img/c/900/048/900048592/1-11835-071-C1-PPWP-X2.jpg
6728117431183111835900048593,SUMATERA UTARA,KOTA MEDAN,MEDAN JOHOR,PANGKALAN MANSUR,TPS 072,2019-10-25 17:00:05,39,69,206,108,108,108,0,https://pemilu2019.kpu.go.id/img/c/900/048/900048593/1-11835-072-C-XXX-X5.jpg,https://pemilu2019.kpu.go.id/img/c/900/048/900048593/1-11835-072-C-XXX-X6.jpg
6728117431183111835900048594,SUMATERA UTARA,KOTA MEDAN,MEDAN JOHOR,PANGKALAN MANSUR,TPS 073,2019-10-25 17:00:05,42,116,229,160,160,158,2,https://pemilu2019.kpu.go.id/img/c/900/048/900048594/2-11835-073-C-XXX-X5.jpg,https://pemilu2019.kpu.go.id/img/c/900/048/900048594/2-11835-073-C-XXX-X6.jpg
6728117431183111835900048595,SUMATERA UTARA,KOTA MEDAN,MEDAN JOHOR,PANGKALAN MANSUR,TPS 074,2019-10-25 17:00:05,67,88,246,155,155,155,0,https://pemilu2019.kpu.go.id/img/c/900/048/900048595/2-11835-074-C1-PPWP-X15.jpg,https://pemilu2019.kpu.go.id/img/c/900/048/900048595/2-11835-074-C1-PPWP-X16.jpg
6728117431183111835900048596,SUMATERA UTARA,KOTA MEDAN,MEDAN JOHOR,PANGKALAN MANSUR,TPS 075,2019-10-25 17:00:05,80,101,240,183,183,181,2,https://pemilu2019.kpu.go.id/img/c/900/048/900048596/1-11835-075-C-XXX-X5.jpg,https://pemilu2019.kpu.go.id/img/c/900/048/900048596/1-11835-075-C-XXX-X6.jpg
6728117431183111835900048597,SUMATERA UTARA,KOTA MEDAN,MEDAN JOHOR,PANGKALAN MANSUR,TPS 076,2019-10-25 17:00:05,72,36,219,108,108,108,0,https://pemilu2019.kpu.go.id/img/c/900/048/900048597/1-11835-076-C1-PPWP-X1.jpg,https://pemilu2019.kpu.go.id/img/c/900/048/900048597/1-11835-076-C1-PPWP-X2.jpg
6728117431183111835900048598,SUMATERA UTARA,KOTA MEDAN,MEDAN JOHOR,PANGKALAN MANSUR,TPS 077,2019-10-25 17:00:05,133,36,249,171,171,169,2,https://pemilu2019.kpu.go.id/img/c/900/048/900048598/1-11835-077-C1-PPWP-X1.jpg,https://pemilu2019.kpu.go.id/img/c/900/048/900048598/1-11835-077-C1-PPWP-X2.jpg
6728117431183111835900048599,SUMATERA UTARA,KOTA MEDAN,MEDAN JOHOR,PANGKALAN MANSUR,TPS 078,2019-10-25 17:00:05,93,22,116,116,116,115,1,https://pemilu2019.kpu.go.id/img/c/900/048/900048599/1-11835-078-C1-PPWP-X1.jpg,https://pemilu2019.kpu.go.id/img/c/900/048/900048599/1-11835-078-C1-PPWP-X2.jpg
6728117431183111835900048600,SUMATERA UTARA,KOTA MEDAN,MEDAN JOHOR,PANGKALAN MANSUR,TPS 079,2019-10-25 17:00:05,143,3,147,147,147,146,1,https://pemilu2019.kpu.go.id/img/c/900/048/900048600/1-11835-079-C1-PPWP-X1.jpg,https://pemilu2019.kpu.go.id/img/c/900/048/900048600/1-11835-079-C1-PPWP-X2.jpg
6728117431183111835900048601,SUMATERA UTARA,KOTA MEDAN,MEDAN JOHOR,PANGKALAN MANSUR,TPS 080,2019-10-25 17:00:05,67,123,275,190,190,190,0,https://pemilu2019.kpu.go.id/img/c/900/048/900048601/1-11835-080-C-XXX-X5.jpg,https://pemilu2019.kpu.go.id/img/c/900/048/900048601/1-11835-080-C-XXX-X6.jpg
6728117431183111835900048602,SUMATERA UTARA,KOTA MEDAN,MEDAN JOHOR,PANGKALAN MANSUR,TPS 081,2019-10-25 17:00:05,81,92,235,174,174,173,1,https://pemilu2019.kpu.go.id/img/c/900/048/900048602/1-11835-081-C1-PPWP-X1.jpg,https://pemilu2019.kpu.go.id/img/c/900/048/900048602/1-11835-081-C1-PPWP-X2.jpg
6728117431183111835900048603,SUMATERA UTARA,KOTA MEDAN,MEDAN JOHOR,PANGKALAN MANSUR,TPS 082,2019-10-25 17:00:05,56,85,204,141,141,141,0,https://pemilu2019.kpu.go.id/img/c/900/048/900048603/1-11835-082-C1-PPWP-X1.jpg,https://pemilu2019.kpu.go.id/img/c/900/048/900048603/1-11835-082-C1-PPWP-X2.jpg
6728117431183111835900048604,SUMATERA UTARA,KOTA MEDAN,MEDAN JOHOR,PANGKALAN MANSUR,TPS 083,2019-10-25 17:00:05,54,147,258,201,201,201,0,https://pemilu2019.kpu.go.id/img/c/900/048/900048604/2-11835-083-C1-PPWP-X1.jpg,https://pemilu2019.kpu.go.id/img/c/900/048/900048604/2-11835-083-C1-PPWP-X2.jpg
6728117431183111835900048605,SUMATERA UTARA,KOTA MEDAN,MEDAN JOHOR,PANGKALAN MANSUR,TPS 084,2019-10-25 17:00:05,58,173,235,231,231,231,0,https://pemilu2019.kpu.go.id/img/c/900/048/900048605/2-11835-084-C1-PPWP-X1.jpg,https://pemilu2019.kpu.go.id/img/c/900/048/900048605/2-11835-084-C1-PPWP-X2.jpg
6728117431183111835900048606,SUMATERA UTARA,KOTA MEDAN,MEDAN JOHOR,PANGKALAN MANSUR,TPS 085,2019-10-25 17:00:05,56,134,289,190,190,190,0,https://pemilu2019.kpu.go.id/img/c/900/048/900048606/1-11835-085-C1-PPWP-X1.jpg,https://pemilu2019.kpu.go.id/img/c/900/048/900048606/1-11835-085-C1-PPWP-X2.jpg
6728117431183111835900048607,SUMATERA UTARA,KOTA MEDAN,MEDAN JOHOR,PANGKALAN MANSUR,TPS 086,2019-10-25 17:00:05,29,143,210,174,174,172,2,https://pemilu2019.kpu.go.id/img/c/900/048/900048607/2-11835-086-C-XXX-X5.jpg,https://pemilu2019.kpu.go.id/img/c/900/048/900048607/2-11835-086-C-XXX-X6.jpg
6728117431183111835900048608,SUMATERA UTARA,KOTA MEDAN,MEDAN JOHOR,PANGKALAN MANSUR,TPS 087,2019-10-25 17:00:05,37,144,273,182,182,181,1,https://pemilu2019.kpu.go.id/img/c/900/048/900048608/1-11835-087-C1-PPWP-X1.jpg,https://pemilu2019.kpu.go.id/img/c/900/048/900048608/1-11835-087-C1-PPWP-X2.jpg
6728117431183111835900048609,SUMATERA UTARA,KOTA MEDAN,MEDAN JOHOR,PANGKALAN MANSUR,TPS 088,2019-10-25 17:00:05,19,134,255,154,154,153,1,https://pemilu2019.kpu.go.id/img/c/900/048/900048609/1-11835-088-C1-PPWP-X1.jpg,https://pemilu2019.kpu.go.id/img/c/900/048/900048609/1-11835-088-C1-PPWP-X2.jpg
6728117431183111835900048610,SUMATERA UTARA,KOTA MEDAN,MEDAN JOHOR,PANGKALAN MANSUR,TPS 089,2019-10-25 17:00:05,24,170,0,0,194,194,0,https://pemilu2019.kpu.go.id/img/c/900/048/900048610/2-11835-089-C1-PPWP-X1.jpg,https://pemilu2019.kpu.go.id/img/c/900/048/900048610/2-11835-089-C1-PPWP-X2.jpg
6728117431183111835900048611,SUMATERA UTARA,KOTA MEDAN,MEDAN JOHOR,PANGKALAN MANSUR,TPS 090,2019-10-25 17:00:05,19,110,183,129,129,129,0,https://pemilu2019.kpu.go.id/img/c/900/048/900048611/1-11835-090-C1-PPWP-X1.jpg,https://pemilu2019.kpu.go.id/img/c/900/048/900048611/1-11835-090-C1-PPWP-X2.jpg
6728117431183111835900048612,SUMATERA UTARA,KOTA MEDAN,MEDAN JOHOR,PANGKALAN MANSUR,TPS 091,2019-10-25 17:00:05,28,152,251,170,10,1,0,https://pemilu2019.kpu.go.id/img/c/900/048/900048612/1-11835-091-C-XXX-X5.jpg,https://pemilu2019.kpu.go.id/img/c/900/048/900048612/1-11835-091-C-XXX-X6.jpg
6728117431183111835900048613,SUMATERA UTARA,KOTA MEDAN,MEDAN JOHOR,PANGKALAN MANSUR,TPS 092,2019-10-25 17:00:05,25,125,182,161,161,150,11,https://pemilu2019.kpu.go.id/img/c/900/048/900048613/1-11835-092-C-XXX-X5.jpg,https://pemilu2019.kpu.go.id/img/c/900/048/900048613/1-11835-092-C-XXX-X6.jpg
6728117431183111835900048614,SUMATERA UTARA,KOTA MEDAN,MEDAN JOHOR,PANGKALAN MANSUR,TPS 093,2019-10-25 17:00:05,33,138,206,171,171,171,0,https://pemilu2019.kpu.go.id/img/c/900/048/900048614/1-11835-093-C1-PPWP-X1.jpg,https://pemilu2019.kpu.go.id/img/c/900/048/900048614/1-11835-093-C1-PPWP-X2.jpg
6728117431183111835900048615,SUMATERA UTARA,KOTA MEDAN,MEDAN JOHOR,PANGKALAN MANSUR,TPS 094,2019-10-25 17:00:05,42,173,260,215,215,215,0,https://pemilu2019.kpu.go.id/img/c/900/048/900048615/1-11835-094-C1-PPWP-X1.jpg,https://pemilu2019.kpu.go.id/img/c/900/048/900048615/1-11835-094-C1-PPWP-X2.jpg
6728117431183111835900048616,SUMATERA UTARA,KOTA MEDAN,MEDAN JOHOR,PANGKALAN MANSUR,TPS 095,2019-10-25 17:00:05,47,98,241,145,145,145,0,https://pemilu2019.kpu.go.id/img/c/900/048/900048616/1-11835-095-C1-PPWP-X1.jpg,https://pemilu2019.kpu.go.id/img/c/900/048/900048616/1-11835-095-C1-PPWP-X2.jpg
6728117431183111835900048617,SUMATERA UTARA,KOTA MEDAN,MEDAN JOHOR,PANGKALAN MANSUR,TPS 096,2019-10-25 17:00:05,30,139,281,169,169,169,0,https://pemilu2019.kpu.go.id/img/c/900/048/900048617/1-11835-096-C1-PPWP-X1.jpg,https://pemilu2019.kpu.go.id/img/c/900/048/900048617/1-11835-096-C1-PPWP-X2.jpg
6728117431183111835900048618,SUMATERA UTARA,KOTA MEDAN,MEDAN JOHOR,PANGKALAN MANSUR,TPS 097,2019-10-25 17:00:05,53,120,244,174,174,173,1,https://pemilu2019.kpu.go.id/img/c/900/048/900048618/1-11835-097-C1-PPWP-X1.jpg,https://pemilu2019.kpu.go.id/img/c/900/048/900048618/1-11835-097-C1-PPWP-X2.jpg
6728117431183111835900048619,SUMATERA UTARA,KOTA MEDAN,MEDAN JOHOR,PANGKALAN MANSUR,TPS 098,2019-10-25 17:00:05,79,74,260,158,158,154,4,https://pemilu2019.kpu.go.id/img/c/900/048/900048619/2-11835-098-C1-PPWP-X19.jpg,https://pemilu2019.kpu.go.id/img/c/900/048/900048619/2-11835-098-C1-PPWP-X20.jpg
6728117431183111835900048620,SUMATERA UTARA,KOTA MEDAN,MEDAN JOHOR,PANGKALAN MANSUR,TPS 099,2019-10-25 17:00:05,91,81,258,174,174,172,2,https://pemilu2019.kpu.go.id/img/c/900/048/900048620/1-11835-099-C-XXX-X5.jpg,https://pemilu2019.kpu.go.id/img/c/900/048/900048620/1-11835-099-C-XXX-X6.jpg
6728117431183111835900048621,SUMATERA UTARA,KOTA MEDAN,MEDAN JOHOR,PANGKALAN MANSUR,TPS 100,2019-10-25 17:00:05,83,94,287,180,180,177,3,https://pemilu2019.kpu.go.id/img/c/900/048/900048621/1-11835-100-C1-PPWP-X1.jpg,https://pemilu2019.kpu.go.id/img/c/900/048/900048621/1-11835-100-C1-PPWP-X2.jpg
6728117431183111835900048622,SUMATERA UTARA,KOTA MEDAN,MEDAN JOHOR,PANGKALAN MANSUR,TPS 101,2019-10-25 17:00:05,50,103,0,153,153,153,0,https://pemilu2019.kpu.go.id/img/c/900/048/900048622/1-11835-101-C1-PPWP-X1.jpg,https://pemilu2019.kpu.go.id/img/c/900/048/900048622/1-11835-101-C1-PPWP-X2.jpg
6728117431183111835900048623,SUMATERA UTARA,KOTA MEDAN,MEDAN JOHOR,PANGKALAN MANSUR,TPS 102,2019-10-25 17:00:05,44,99,209,143,143,143,0,https://pemilu2019.kpu.go.id/img/c/900/048/900048623/1-11835-102-C1-PPWP-X1.jpg,https://pemilu2019.kpu.go.id/img/c/900/048/900048623/1-11835-102-C1-PPWP-X2.jpg
6728117431183111835900048624,SUMATERA UTARA,KOTA MEDAN,MEDAN JOHOR,PANGKALAN MANSUR,TPS 103,2019-10-25 17:00:05,53,99,240,153,153,152,1,https://pemilu2019.kpu.go.id/img/c/900/048/900048624/1-11835-103-C1-PPWP-X1.jpg,https://pemilu2019.kpu.go.id/img/c/900/048/900048624/1-11835-103-C1-PPWP-X2.jpg
6728117431183111835900048625,SUMATERA UTARA,KOTA MEDAN,MEDAN JOHOR,PANGKALAN MANSUR,TPS 104,2019-10-25 17:00:05,15,111,189,126,126,126,0,https://pemilu2019.kpu.go.id/img/c/900/048/900048625/1-11835-104-C1-PPWP-X1.jpg,https://pemilu2019.kpu.go.id/img/c/900/048/900048625/1-11835-104-C1-PPWP-X2.jpg
6728117431183111835900048626,SUMATERA UTARA,KOTA MEDAN,MEDAN JOHOR,PANGKALAN MANSUR,TPS 105,2019-10-25 17:00:05,30,123,273,154,154,153,1,https://pemilu2019.kpu.go.id/img/c/900/048/900048626/1-11835-105-C1-PPWP-X1.jpg,https://pemilu2019.kpu.go.id/img/c/900/048/900048626/1-11835-105-C1-PPWP-X2.jpg
6728117431183111835900048627,SUMATERA UTARA,KOTA MEDAN,MEDAN JOHOR,PANGKALAN MANSUR,TPS 106,2019-10-25 17:00:05,24,120,146,0,146,144,2,https://pemilu2019.kpu.go.id/img/c/900/048/900048627/1-11835-106-C1-PPWP-X1.jpg,https://pemilu2019.kpu.go.id/img/c/900/048/900048627/1-11835-106-C1-PPWP-X2.jpg
6728117431183111835900048628,SUMATERA UTARA,KOTA MEDAN,MEDAN JOHOR,PANGKALAN MANSUR,TPS 107,2019-10-25 17:00:05,35,141,229,177,177,176,1,https://pemilu2019.kpu.go.id/img/c/900/048/900048628/1-11835-107-C1-PPWP-X1.jpg,https://pemilu2019.kpu.go.id/img/c/900/048/900048628/1-11835-107-C1-PPWP-X2.jpg
6728117431183111835900048629,SUMATERA UTARA,KOTA MEDAN,MEDAN JOHOR,PANGKALAN MANSUR,TPS 108,2019-10-25 17:00:05,25,125,226,150,150,150,0,https://pemilu2019.kpu.go.id/img/c/900/048/900048629/1-11835-108-C1-PPWP-X1.jpg,https://pemilu2019.kpu.go.id/img/c/900/048/900048629/1-11835-108-C1-PPWP-X2.jpg
6728117431183111835900048630,SUMATERA UTARA,KOTA MEDAN,MEDAN JOHOR,PANGKALAN MANSUR,TPS 109,2019-10-25 17:00:05,7,101,181,109,109,108,1,https://pemilu2019.kpu.go.id/img/c/900/048/900048630/1-11835-109-C1-PPWP-X1.jpg,https://pemilu2019.kpu.go.id/img/c/900/048/900048630/1-11835-109-C1-PPWP-X2.jpg
6728117431183111835900048631,SUMATERA UTARA,KOTA MEDAN,MEDAN JOHOR,PANGKALAN MANSUR,TPS 110,2019-10-25 17:00:05,15,160,240,177,176,175,1,https://pemilu2019.kpu.go.id/img/c/900/048/900048631/1-11835-110-C-XXX-X5.jpg,https://pemilu2019.kpu.go.id/img/c/900/048/900048631/1-11835-110-C-XXX-X6.jpg
6728117431183111835900048632,SUMATERA UTARA,KOTA MEDAN,MEDAN JOHOR,PANGKALAN MANSUR,TPS 111,2019-10-25 17:00:05,63,109,272,174,174,172,2,https://pemilu2019.kpu.go.id/img/c/900/048/900048632/1-11835-111-C1-PPWP-X1.jpg,https://pemilu2019.kpu.go.id/img/c/900/048/900048632/1-11835-111-C1-PPWP-X2.jpg
6728117431183111835900048633,SUMATERA UTARA,KOTA MEDAN,MEDAN JOHOR,PANGKALAN MANSUR,TPS 112,2019-10-25 17:00:05,84,115,311,200,200,199,1,https://pemilu2019.kpu.go.id/img/c/900/048/900048633/1-11835-112-C1-PPWP-X1.jpg,https://pemilu2019.kpu.go.id/img/c/900/048/900048633/1-11835-112-C1-PPWP-X2.jpg
6728117431183111835900048634,SUMATERA UTARA,KOTA MEDAN,MEDAN JOHOR,PANGKALAN MANSUR,TPS 113,2019-10-25 17:00:05,24,89,224,116,116,113,3,https://pemilu2019.kpu.go.id/img/c/900/048/900048634/1-11835-113-C1-PPWP-X1.jpg,https://pemilu2019.kpu.go.id/img/c/900/048/900048634/1-11835-113-C1-PPWP-X2.jpg
6728117431183111835900048635,SUMATERA UTARA,KOTA MEDAN,MEDAN JOHOR,PANGKALAN MANSUR,TPS 114,2019-10-25 17:00:05,30,80,167,110,110,110,0,https://pemilu2019.kpu.go.id/img/c/900/048/900048635/1-11835-114-C1-PPWP-X1.jpg,https://pemilu2019.kpu.go.id/img/c/900/048/900048635/1-11835-114-C1-PPWP-X2.jpg
6728117431183111835900048636,SUMATERA UTARA,KOTA MEDAN,MEDAN JOHOR,PANGKALAN MANSUR,TPS 115,2019-10-25 17:00:05,21,94,180,115,115,115,0,https://pemilu2019.kpu.go.id/img/c/900/048/900048636/1-11835-115-C1-PPWP-X1.jpg,https://pemilu2019.kpu.go.id/img/c/900/048/900048636/1-11835-115-C1-PPWP-X2.jpg
6728117431183111835900048637,SUMATERA UTARA,KOTA MEDAN,MEDAN JOHOR,PANGKALAN MANSUR,TPS 116,2019-10-25 17:00:05,26,110,207,139,139,136,3,https://pemilu2019.kpu.go.id/img/c/900/048/900048637/1-11835-116-C1-PPWP-X1.jpg,https://pemilu2019.kpu.go.id/img/c/900/048/900048637/1-11835-116-C1-PPWP-X2.jpg
6728117431183111835900048638,SUMATERA UTARA,KOTA MEDAN,MEDAN JOHOR,PANGKALAN MANSUR,TPS 117,2019-10-25 17:00:05,31,164,228,195,195,195,0,https://pemilu2019.kpu.go.id/img/c/900/048/900048638/1-11835-117-C1-PPWP-X1.jpg,https://pemilu2019.kpu.go.id/img/c/900/048/900048638/1-11835-117-C1-PPWP-X2.jpg
6728117431183111835900048639,SUMATERA UTARA,KOTA MEDAN,MEDAN JOHOR,PANGKALAN MANSUR,TPS 118,2019-10-25 17:00:05,54,139,239,194,194,193,1,https://pemilu2019.kpu.go.id/img/c/900/048/900048639/1-11835-118-C1-PPWP-X1.jpg,https://pemilu2019.kpu.go.id/img/c/900/048/900048639/1-11835-118-C1-PPWP-X2.jpg
6728117431183111835900048640,SUMATERA UTARA,KOTA MEDAN,MEDAN JOHOR,PANGKALAN MANSUR,TPS 119,2019-10-25 17:00:05,13,145,234,158,159,158,1,https://pemilu2019.kpu.go.id/img/c/900/048/900048640/1-11835-119-C1-PPWP-X1.jpg,https://pemilu2019.kpu.go.id/img/c/900/048/900048640/1-11835-119-C1-PPWP-X2.jpg
6728117431183111835900048641,SUMATERA UTARA,KOTA MEDAN,MEDAN JOHOR,PANGKALAN MANSUR,TPS 120,2019-10-25 17:00:05,27,134,232,162,162,161,1,https://pemilu2019.kpu.go.id/img/c/900/048/900048641/1-11835-120-C1-PPWP-X1.jpg,https://pemilu2019.kpu.go.id/img/c/900/048/900048641/1-11835-120-C1-PPWP-X2.jpg
6728117431183111835900048642,SUMATERA UTARA,KOTA MEDAN,MEDAN JOHOR,PANGKALAN MANSUR,TPS 121,2019-10-25 17:00:05,21,134,0,157,157,155,2,https://pemilu2019.kpu.go.id/img/c/900/048/900048642/1-11835-121-C1-PPWP-X1.jpg,https://pemilu2019.kpu.go.id/img/c/900/048/900048642/1-11835-121-C1-PPWP-X2.jpg
6728117431183111835900048643,SUMATERA UTARA,KOTA MEDAN,MEDAN JOHOR,PANGKALAN MANSUR,TPS 122,2019-10-25 17:00:05,24,122,215,146,146,146,0,https://pemilu2019.kpu.go.id/img/c/900/048/900048643/1-11835-122-C1-PPWP-X1.jpg,https://pemilu2019.kpu.go.id/img/c/900/048/900048643/1-11835-122-C1-PPWP-X2.jpg
6728117431183111835900048644,SUMATERA UTARA,KOTA MEDAN,MEDAN JOHOR,PANGKALAN MANSUR,TPS 123,2019-10-25 17:00:05,21,132,154,154,154,153,1,https://pemilu2019.kpu.go.id/img/c/900/048/900048644/1-11835-123-C1-PPWP-X1.jpg,https://pemilu2019.kpu.go.id/img/c/900/048/900048644/1-11835-123-C1-PPWP-X2.jpg
6728117431183111835900048645,SUMATERA UTARA,KOTA MEDAN,MEDAN JOHOR,PANGKALAN MANSUR,TPS 124,2019-10-25 17:00:05,28,126,224,154,154,154,0,https://pemilu2019.kpu.go.id/img/c/900/048/900048645/1-11835-124-C1-PPWP-X1.jpg,https://pemilu2019.kpu.go.id/img/c/900/048/900048645/1-11835-124-C1-PPWP-X2.jpg
6728117431183111835900048646,SUMATERA UTARA,KOTA MEDAN,MEDAN JOHOR,PANGKALAN MANSUR,TPS 125,2019-10-25 17:00:05,26,111,220,138,138,137,1,https://pemilu2019.kpu.go.id/img/c/900/048/900048646/1-11835-125-C1-PPWP-X1.jpg,https://pemilu2019.kpu.go.id/img/c/900/048/900048646/1-11835-125-C1-PPWP-X2.jpg
6728117431183111832900048372,SUMATERA UTARA,KOTA MEDAN,MEDAN JOHOR,SUKA MAJU,TPS 01,2019-10-25 17:00:05,25,120,249,145,145,145,0,https://pemilu2019.kpu.go.id/img/c/900/048/900048372/1-11832-01-C1-PPWP-X1.jpg,https://pemilu2019.kpu.go.id/img/c/900/048/900048372/1-11832-01-C1-PPWP-X2.jpg
6728117431183111832900048373,SUMATERA UTARA,KOTA MEDAN,MEDAN JOHOR,SUKA MAJU,TPS 02,2019-10-25 17:00:05,33,104,227,137,138,137,1,https://pemilu2019.kpu.go.id/img/c/900/048/900048373/1-11832-02-C1-PPWP-X1.jpg,https://pemilu2019.kpu.go.id/img/c/900/048/900048373/1-11832-02-C1-PPWP-X2.jpg
6728117431183111832900048374,SUMATERA UTARA,KOTA MEDAN,MEDAN JOHOR,SUKA MAJU,TPS 03,2019-10-25 17:00:05,41,124,268,166,166,165,1,https://pemilu2019.kpu.go.id/img/c/900/048/900048374/1-11832-03-C1-PPWP-X1.jpg,https://pemilu2019.kpu.go.id/img/c/900/048/900048374/1-11832-03-C1-PPWP-X2.jpg
6728117431183111832900048375,SUMATERA UTARA,KOTA MEDAN,MEDAN JOHOR,SUKA MAJU,TPS 04,2019-10-25 17:00:05,26,88,250,116,116,114,2,https://pemilu2019.kpu.go.id/img/c/900/048/900048375/1-11832-04-C1-PPWP-X1.jpg,https://pemilu2019.kpu.go.id/img/c/900/048/900048375/1-11832-04-C1-PPWP-X2.jpg
6728117431183111832900048376,SUMATERA UTARA,KOTA MEDAN,MEDAN JOHOR,SUKA MAJU,TPS 05,2019-10-25 17:00:05,15,113,248,129,129,128,1,https://pemilu2019.kpu.go.id/img/c/900/048/900048376/1-11832-05-C1-PPWP-X1.jpg,https://pemilu2019.kpu.go.id/img/c/900/048/900048376/1-11832-05-C1-PPWP-X2.jpg
6728117431183111832900048377,SUMATERA UTARA,KOTA MEDAN,MEDAN JOHOR,SUKA MAJU,TPS 06,2019-10-25 17:00:05,22,138,300,160,160,160,0,https://pemilu2019.kpu.go.id/img/c/900/048/900048377/2-11832-06-C1-PPWP-X1.jpg,https://pemilu2019.kpu.go.id/img/c/900/048/900048377/2-11832-06-C1-PPWP-X2.jpg
6728117431183111832900048378,SUMATERA UTARA,KOTA MEDAN,MEDAN JOHOR,SUKA MAJU,TPS 07,2019-10-25 17:00:05,41,143,298,185,185,184,1,https://pemilu2019.kpu.go.id/img/c/900/048/900048378/2-11832-07-C1-PPWP-X1.jpg,https://pemilu2019.kpu.go.id/img/c/900/048/900048378/2-11832-07-C1-PPWP-X2.jpg
6728117431183111832900048379,SUMATERA UTARA,KOTA MEDAN,MEDAN JOHOR,SUKA MAJU,TPS 08,2019-10-25 17:00:05,17,105,299,122,122,122,0,https://pemilu2019.kpu.go.id/img/c/900/048/900048379/3-11832-08-C1-PPWP-X1.jpg,https://pemilu2019.kpu.go.id/img/c/900/048/900048379/3-11832-08-C1-PPWP-X2.jpg
6728117431183111832900048380,SUMATERA UTARA,KOTA MEDAN,MEDAN JOHOR,SUKA MAJU,TPS 09,2019-10-25 17:00:05,24,180,298,204,204,204,0,https://pemilu2019.kpu.go.id/img/c/900/048/900048380/2-11832-09-C1-PPWP-X1.jpg,https://pemilu2019.kpu.go.id/img/c/900/048/900048380/2-11832-09-C1-PPWP-X2.jpg
6728117431183111832900048381,SUMATERA UTARA,KOTA MEDAN,MEDAN JOHOR,SUKA MAJU,TPS 10,2019-10-25 17:00:05,23,146,243,170,170,169,1,https://pemilu2019.kpu.go.id/img/c/900/048/900048381/2-11832-10-C1-PPWP-X1.jpg,https://pemilu2019.kpu.go.id/img/c/900/048/900048381/2-11832-10-C1-PPWP-X2.jpg
6728117431183111832900048382,SUMATERA UTARA,KOTA MEDAN,MEDAN JOHOR,SUKA MAJU,TPS 11,2019-10-25 17:00:05,16,130,232,47,147,146,1,https://pemilu2019.kpu.go.id/img/c/900/048/900048382/2-11832-11-C1-PPWP-X1.jpg,https://pemilu2019.kpu.go.id/img/c/900/048/900048382/2-11832-11-C1-PPWP-X2.jpg
6728117431183111832900048383,SUMATERA UTARA,KOTA MEDAN,MEDAN JOHOR,SUKA MAJU,TPS 12,2019-10-25 17:00:05,25,116,236,142,142,141,1,https://pemilu2019.kpu.go.id/img/c/900/048/900048383/1-11832-12-C1-PPWP-X1.jpg,https://pemilu2019.kpu.go.id/img/c/900/048/900048383/1-11832-12-C1-PPWP-X2.jpg
6728117431183111832900048384,SUMATERA UTARA,KOTA MEDAN,MEDAN JOHOR,SUKA MAJU,TPS 13,2019-10-25 17:00:05,20,160,283,181,181,180,1,https://pemilu2019.kpu.go.id/img/c/900/048/900048384/1-11832-13-C1-PPWP-X1.jpg,https://pemilu2019.kpu.go.id/img/c/900/048/900048384/1-11832-13-C1-PPWP-X2.jpg
6728117431183111832900048385,SUMATERA UTARA,KOTA MEDAN,MEDAN JOHOR,SUKA MAJU,TPS 14,2019-10-25 17:00:05,27,141,271,170,168,170,2,https://pemilu2019.kpu.go.id/img/c/900/048/900048385/1-11832-14-C1-PPWP-X1.jpg,https://pemilu2019.kpu.go.id/img/c/900/048/900048385/1-11832-14-C1-PPWP-X2.jpg
6728117431183111832900048386,SUMATERA UTARA,KOTA MEDAN,MEDAN JOHOR,SUKA MAJU,TPS 15,2019-10-25 17:00:05,17,199,299,217,217,216,1,https://pemilu2019.kpu.go.id/img/c/900/048/900048386/1-11832-15-C1-PPWP-X1.jpg,https://pemilu2019.kpu.go.id/img/c/900/048/900048386/1-11832-15-C1-PPWP-X2.jpg
6728117431183111832900048387,SUMATERA UTARA,KOTA MEDAN,MEDAN JOHOR,SUKA MAJU,TPS 16,2019-10-25 17:00:05,38,192,306,231,231,230,1,https://pemilu2019.kpu.go.id/img/c/900/048/900048387/1-11832-16-C1-PPWP-X1.jpg,https://pemilu2019.kpu.go.id/img/c/900/048/900048387/1-11832-16-C1-PPWP-X2.jpg
6728117431183111832900048388,SUMATERA UTARA,KOTA MEDAN,MEDAN JOHOR,SUKA MAJU,TPS 17,2019-10-25 17:00:05,23,165,284,189,189,188,1,https://pemilu2019.kpu.go.id/img/c/900/048/900048388/1-11832-17-C1-PPWP-X1.jpg,https://pemilu2019.kpu.go.id/img/c/900/048/900048388/1-11832-17-C1-PPWP-X2.jpg
6728117431183111832900048389,SUMATERA UTARA,KOTA MEDAN,MEDAN JOHOR,SUKA MAJU,TPS 18,2019-10-25 17:00:05,17,172,268,190,190,189,1,https://pemilu2019.kpu.go.id/img/c/900/048/900048389/1-11832-18-C1-PPWP-X1.jpg,https://pemilu2019.kpu.go.id/img/c/900/048/900048389/1-11832-18-C1-PPWP-X2.jpg
6728117431183111832900048390,SUMATERA UTARA,KOTA MEDAN,MEDAN JOHOR,SUKA MAJU,TPS 19,2019-10-25 17:00:05,29,158,249,187,187,187,0,https://pemilu2019.kpu.go.id/img/c/900/048/900048390/1-11832-19-C1-PPWP-X1.jpg,https://pemilu2019.kpu.go.id/img/c/900/048/900048390/1-11832-19-C1-PPWP-X2.jpg
6728117431183111832900048391,SUMATERA UTARA,KOTA MEDAN,MEDAN JOHOR,SUKA MAJU,TPS 20,2019-10-25 17:00:05,27,170,200,0,200,197,3,https://pemilu2019.kpu.go.id/img/c/900/048/900048391/1-11832-20-C1-PPWP-X1.jpg,https://pemilu2019.kpu.go.id/img/c/900/048/900048391/1-11832-20-C1-PPWP-X2.jpg
6728117431183111832900048392,SUMATERA UTARA,KOTA MEDAN,MEDAN JOHOR,SUKA MAJU,TPS 21,2019-10-25 17:00:05,34,167,275,202,202,201,1,https://pemilu2019.kpu.go.id/img/c/900/048/900048392/2-11832-21-C1-PPWP-X1.jpg,https://pemilu2019.kpu.go.id/img/c/900/048/900048392/2-11832-21-C1-PPWP-X2.jpg
6728117431183111832900048393,SUMATERA UTARA,KOTA MEDAN,MEDAN JOHOR,SUKA MAJU,TPS 22,2019-10-25 17:00:05,31,146,247,178,178,177,1,https://pemilu2019.kpu.go.id/img/c/900/048/900048393/1-11832-22-C1-PPWP-X1.jpg,https://pemilu2019.kpu.go.id/img/c/900/048/900048393/1-11832-22-C1-PPWP-X2.jpg
6728117431183111832900048394,SUMATERA UTARA,KOTA MEDAN,MEDAN JOHOR,SUKA MAJU,TPS 23,2019-10-25 17:00:05,37,222,217,260,260,259,1,https://pemilu2019.kpu.go.id/img/c/900/048/900048394/1-11832-23-C1-PPWP-X1.jpg,https://pemilu2019.kpu.go.id/img/c/900/048/900048394/1-11832-23-C1-PPWP-X2.jpg
6728117431183111832900048395,SUMATERA UTARA,KOTA MEDAN,MEDAN JOHOR,SUKA MAJU,TPS 24,2019-10-25 17:00:05,28,217,322,251,251,245,6,https://pemilu2019.kpu.go.id/img/c/900/048/900048395/1-11832-24-C1-PPWP-X1.jpg,https://pemilu2019.kpu.go.id/img/c/900/048/900048395/1-11832-24-C1-PPWP-X2.jpg
6728117431183111832900048396,SUMATERA UTARA,KOTA MEDAN,MEDAN JOHOR,SUKA MAJU,TPS 25,2019-10-25 17:00:05,37,172,321,211,211,209,2,https://pemilu2019.kpu.go.id/img/c/900/048/900048396/1-11832-25-C1-PPWP-X1.jpg,https://pemilu2019.kpu.go.id/img/c/900/048/900048396/1-11832-25-C1-PPWP-X2.jpg
6728117431183111832900048397,SUMATERA UTARA,KOTA MEDAN,MEDAN JOHOR,SUKA MAJU,TPS 26,2019-10-25 17:00:05,37,161,263,198,198,198,0,https://pemilu2019.kpu.go.id/img/c/900/048/900048397/1-11832-26-C1-PPWP-X1.jpg,https://pemilu2019.kpu.go.id/img/c/900/048/900048397/1-11832-26-C1-PPWP-X2.jpg
6728117431183111832900048398,SUMATERA UTARA,KOTA MEDAN,MEDAN JOHOR,SUKA MAJU,TPS 27,2019-10-25 17:00:05,22,130,253,155,155,152,3,https://pemilu2019.kpu.go.id/img/c/900/048/900048398/1-11832-27-C1-PPWP-X1.jpg,https://pemilu2019.kpu.go.id/img/c/900/048/900048398/1-11832-27-C1-PPWP-X2.jpg
6728117431183111832900048399,SUMATERA UTARA,KOTA MEDAN,MEDAN JOHOR,SUKA MAJU,TPS 28,2019-10-25 17:00:05,14,172,257,187,187,186,1,https://pemilu2019.kpu.go.id/img/c/900/048/900048399/1-11832-28-C1-PPWP-X1.jpg,https://pemilu2019.kpu.go.id/img/c/900/048/900048399/1-11832-28-C1-PPWP-X2.jpg
6728117431183111832900048400,SUMATERA UTARA,KOTA MEDAN,MEDAN JOHOR,SUKA MAJU,TPS 29,2019-10-25 17:00:05,27,144,250,173,173,171,2,https://pemilu2019.kpu.go.id/img/c/900/048/900048400/2-11832-29-C1-PPWP-X1.jpg,https://pemilu2019.kpu.go.id/img/c/900/048/900048400/2-11832-29-C1-PPWP-X2.jpg
6728117431183111832900048401,SUMATERA UTARA,KOTA MEDAN,MEDAN JOHOR,SUKA MAJU,TPS 30,2019-10-25 17:00:05,23,151,245,174,174,174,0,https://pemilu2019.kpu.go.id/img/c/900/048/900048401/1-11832-30-C1-PPWP-X1.jpg,https://pemilu2019.kpu.go.id/img/c/900/048/900048401/1-11832-30-C1-PPWP-X2.jpg
6728117431183111832900048402,SUMATERA UTARA,KOTA MEDAN,MEDAN JOHOR,SUKA MAJU,TPS 31,2019-10-25 17:00:05,18,122,264,142,142,140,2,https://pemilu2019.kpu.go.id/img/c/900/048/900048402/1-11832-31-C1-PPWP-X1.jpg,https://pemilu2019.kpu.go.id/img/c/900/048/900048402/1-11832-31-C1-PPWP-X2.jpg
6728117431183111832900048403,SUMATERA UTARA,KOTA MEDAN,MEDAN JOHOR,SUKA MAJU,TPS 32,2019-10-25 17:00:05,39,164,271,205,205,203,2,https://pemilu2019.kpu.go.id/img/c/900/048/900048403/1-11832-32-C1-PPWP-X1.jpg,https://pemilu2019.kpu.go.id/img/c/900/048/900048403/1-11832-32-C1-PPWP-X2.jpg
6728117431183111832900048404,SUMATERA UTARA,KOTA MEDAN,MEDAN JOHOR,SUKA MAJU,TPS 33,2019-10-25 17:00:05,41,162,282,203,203,203,0,https://pemilu2019.kpu.go.id/img/c/900/048/900048404/3-11832-33-C1-PPWP-X1.jpg,https://pemilu2019.kpu.go.id/img/c/900/048/900048404/3-11832-33-C1-PPWP-X2.jpg
6728117431183111832900048405,SUMATERA UTARA,KOTA MEDAN,MEDAN JOHOR,SUKA MAJU,TPS 34,2019-10-25 17:00:05,42,181,285,223,223,223,0,https://pemilu2019.kpu.go.id/img/c/900/048/900048405/2-11832-34-C1-PPWP-X1.jpg,https://pemilu2019.kpu.go.id/img/c/900/048/900048405/2-11832-34-C1-PPWP-X2.jpg
6728117431183111832900048406,SUMATERA UTARA,KOTA MEDAN,MEDAN JOHOR,SUKA MAJU,TPS 35,2019-10-25 17:00:05,25,161,249,185,186,186,0,https://pemilu2019.kpu.go.id/img/c/900/048/900048406/1-11832-35-C1-PPWP-X1.jpg,https://pemilu2019.kpu.go.id/img/c/900/048/900048406/1-11832-35-C1-PPWP-X2.jpg
6728117431183111832900048407,SUMATERA UTARA,KOTA MEDAN,MEDAN JOHOR,SUKA MAJU,TPS 36,2019-10-25 17:00:05,17,134,237,151,151,151,0,https://pemilu2019.kpu.go.id/img/c/900/048/900048407/2-11832-36-C1-PPWP-X1.jpg,https://pemilu2019.kpu.go.id/img/c/900/048/900048407/2-11832-36-C1-PPWP-X2.jpg
6728117431183111832900048408,SUMATERA UTARA,KOTA MEDAN,MEDAN JOHOR,SUKA MAJU,TPS 37,2019-10-25 17:00:05,16,142,237,159,159,158,1,https://pemilu2019.kpu.go.id/img/c/900/048/900048408/1-11832-37-C1-PPWP-X1.jpg,https://pemilu2019.kpu.go.id/img/c/900/048/900048408/1-11832-37-C1-PPWP-X2.jpg
6728117431183111832900048409,SUMATERA UTARA,KOTA MEDAN,MEDAN JOHOR,SUKA MAJU,TPS 38,2019-10-25 17:00:05,29,122,238,153,153,151,2,https://pemilu2019.kpu.go.id/img/c/900/048/900048409/1-11832-38-C1-PPWP-X1.jpg,https://pemilu2019.kpu.go.id/img/c/900/048/900048409/1-11832-38-C1-PPWP-X2.jpg
6728117431183111832900048410,SUMATERA UTARA,KOTA MEDAN,MEDAN JOHOR,SUKA MAJU,TPS 39,2019-10-25 17:00:05,46,149,271,197,197,195,2,https://pemilu2019.kpu.go.id/img/c/900/048/900048410/1-11832-39-C1-PPWP-X1.jpg,https://pemilu2019.kpu.go.id/img/c/900/048/900048410/1-11832-39-C1-PPWP-X2.jpg
6728117431183111832900048411,SUMATERA UTARA,KOTA MEDAN,MEDAN JOHOR,SUKA MAJU,TPS 40,2019-10-25 17:00:05,32,107,253,141,141,139,2,https://pemilu2019.kpu.go.id/img/c/900/048/900048411/2-11832-40-C1-PPWP-X1.jpg,https://pemilu2019.kpu.go.id/img/c/900/048/900048411/2-11832-40-C1-PPWP-X2.jpg
6728117431183111833900048412,SUMATERA UTARA,KOTA MEDAN,MEDAN JOHOR,TITI KUNING,TPS 01,2019-10-25 17:00:05,113,73,252,190,190,186,4,https://pemilu2019.kpu.go.id/img/c/900/048/900048412/3-11833-01-C-XXX-X5.jpg,https://pemilu2019.kpu.go.id/img/c/900/048/900048412/3-11833-01-C-XXX-X6.jpg
6728117431183111833900048413,SUMATERA UTARA,KOTA MEDAN,MEDAN JOHOR,TITI KUNING,TPS 02,2019-10-25 17:00:05,106,63,241,171,171,169,2,https://pemilu2019.kpu.go.id/img/c/900/048/900048413/2-11833-02-C-XXX-X5.jpg,https://pemilu2019.kpu.go.id/img/c/900/048/900048413/2-11833-02-C-XXX-X6.jpg
6728117431183111833900048414,SUMATERA UTARA,KOTA MEDAN,MEDAN JOHOR,TITI KUNING,TPS 03,2019-10-25 17:00:05,76,95,221,166,175,171,4,https://pemilu2019.kpu.go.id/img/c/900/048/900048414/2-11833-03-C1-PPWP-X1.jpg,https://pemilu2019.kpu.go.id/img/c/900/048/900048414/2-11833-03-C1-PPWP-X2.jpg
6728117431183111833900048415,SUMATERA UTARA,KOTA MEDAN,MEDAN JOHOR,TITI KUNING,TPS 04,2019-10-25 17:00:05,71,26,174,97,97,97,0,https://pemilu2019.kpu.go.id/img/c/900/048/900048415/2-11833-04-C-XXX-X5.jpg,https://pemilu2019.kpu.go.id/img/c/900/048/900048415/2-11833-04-C-XXX-X6.jpg
6728117431183111833900048416,SUMATERA UTARA,KOTA MEDAN,MEDAN JOHOR,TITI KUNING,TPS 05,2019-10-25 17:00:05,91,28,160,121,121,119,2,https://pemilu2019.kpu.go.id/img/c/900/048/900048416/1-11833-05-C1-PPWP-X1.jpg,https://pemilu2019.kpu.go.id/img/c/900/048/900048416/1-11833-05-C1-PPWP-X2.jpg
6728117431183111833900048417,SUMATERA UTARA,KOTA MEDAN,MEDAN JOHOR,TITI KUNING,TPS 06,2019-10-25 17:00:05,23,83,226,108,108,106,2,https://pemilu2019.kpu.go.id/img/c/900/048/900048417/3-11833-06-C1-PPWP-X1.jpg,https://pemilu2019.kpu.go.id/img/c/900/048/900048417/3-11833-06-C1-PPWP-X2.jpg
6728117431183111833900048418,SUMATERA UTARA,KOTA MEDAN,MEDAN JOHOR,TITI KUNING,TPS 07,2019-10-25 17:00:05,22,96,252,122,120,118,2,https://pemilu2019.kpu.go.id/img/c/900/048/900048418/1-11833-07-C1-PPWP-X1.jpg,https://pemilu2019.kpu.go.id/img/c/900/048/900048418/1-11833-07-C1-PPWP-X2.jpg
6728117431183111833900048419,SUMATERA UTARA,KOTA MEDAN,MEDAN JOHOR,TITI KUNING,TPS 08,2019-10-25 17:00:05,14,74,189,88,88,88,0,https://pemilu2019.kpu.go.id/img/c/900/048/900048419/2-11833-08-C-XXX-X5.jpg,https://pemilu2019.kpu.go.id/img/c/900/048/900048419/2-11833-08-C-XXX-X6.jpg
6728117431183111833900048420,SUMATERA UTARA,KOTA MEDAN,MEDAN JOHOR,TITI KUNING,TPS 09,2019-10-25 17:00:05,61,82,273,145,145,143,2,https://pemilu2019.kpu.go.id/img/c/900/048/900048420/3-11833-09-C1-PPWP-X1.jpg,https://pemilu2019.kpu.go.id/img/c/900/048/900048420/3-11833-09-C1-PPWP-X2.jpg
6728117431183111833900048421,SUMATERA UTARA,KOTA MEDAN,MEDAN JOHOR,TITI KUNING,TPS 10,2019-10-25 17:00:05,37,72,276,110,110,109,1,https://pemilu2019.kpu.go.id/img/c/900/048/900048421/2-11833-10-C1-PPWP-X1.jpg,https://pemilu2019.kpu.go.id/img/c/900/048/900048421/2-11833-10-C1-PPWP-X2.jpg
6728117431183111833900048422,SUMATERA UTARA,KOTA MEDAN,MEDAN JOHOR,TITI KUNING,TPS 11,2019-10-25 17:00:05,50,71,225,123,123,121,2,https://pemilu2019.kpu.go.id/img/c/900/048/900048422/2-11833-11-C-XXX-X5.jpg,https://pemilu2019.kpu.go.id/img/c/900/048/900048422/2-11833-11-C-XXX-X6.jpg
6728117431183111833900048423,SUMATERA UTARA,KOTA MEDAN,MEDAN JOHOR,TITI KUNING,TPS 12,2019-10-25 17:00:05,39,69,215,110,112,110,2,https://pemilu2019.kpu.go.id/img/c/900/048/900048423/1-11833-12-C1-PPWP-X1.jpg,https://pemilu2019.kpu.go.id/img/c/900/048/900048423/1-11833-12-C1-PPWP-X2.jpg
6728117431183111833900048424,SUMATERA UTARA,KOTA MEDAN,MEDAN JOHOR,TITI KUNING,TPS 13,2019-10-25 17:00:05,91,63,190,105,105,104,1,https://pemilu2019.kpu.go.id/img/c/900/048/900048424/2-11833-13-C-XXX-X5.jpg,https://pemilu2019.kpu.go.id/img/c/900/048/900048424/2-11833-13-C-XXX-X6.jpg
6728117431183111833900048425,SUMATERA UTARA,KOTA MEDAN,MEDAN JOHOR,TITI KUNING,TPS 14,2019-10-25 17:00:05,135,18,262,160,156,3,153,https://pemilu2019.kpu.go.id/img/c/900/048/900048425/2-11833-14-C-XXX-X5.jpg,https://pemilu2019.kpu.go.id/img/c/900/048/900048425/2-11833-14-C-XXX-X6.jpg
6728117431183111833900048426,SUMATERA UTARA,KOTA MEDAN,MEDAN JOHOR,TITI KUNING,TPS 15,2019-10-25 17:00:05,106,16,234,123,123,122,1,https://pemilu2019.kpu.go.id/img/c/900/048/900048426/1-11833-15-C1-PPWP-X1.jpg,https://pemilu2019.kpu.go.id/img/c/900/048/900048426/1-11833-15-C1-PPWP-X2.jpg
6728117431183111833900048427,SUMATERA UTARA,KOTA MEDAN,MEDAN JOHOR,TITI KUNING,TPS 16,2019-10-25 17:00:05,136,25,269,162,162,161,1,https://pemilu2019.kpu.go.id/img/c/900/048/900048427/1-11833-16-C1-PPWP-X1.jpg,https://pemilu2019.kpu.go.id/img/c/900/048/900048427/1-11833-16-C1-PPWP-X2.jpg
6728117431183111833900048428,SUMATERA UTARA,KOTA MEDAN,MEDAN JOHOR,TITI KUNING,TPS 17,2019-10-25 17:00:05,119,27,263,146,146,146,0,https://pemilu2019.kpu.go.id/img/c/900/048/900048428/4-11833-17-C1-PPWP-X1.jpg,https://pemilu2019.kpu.go.id/img/c/900/048/900048428/4-11833-17-C1-PPWP-X2.jpg
6728117431183111833900048429,SUMATERA UTARA,KOTA MEDAN,MEDAN JOHOR,TITI KUNING,TPS 18,2019-10-25 17:00:05,110,29,213,139,139,139,0,https://pemilu2019.kpu.go.id/img/c/900/048/900048429/3-11833-18-C1-PPWP-X1.jpg,https://pemilu2019.kpu.go.id/img/c/900/048/900048429/3-11833-18-C1-PPWP-X2.jpg
6728117431183111833900048430,SUMATERA UTARA,KOTA MEDAN,MEDAN JOHOR,TITI KUNING,TPS 19,2019-10-25 17:00:05,119,21,239,142,142,140,2,https://pemilu2019.kpu.go.id/img/c/900/048/900048430/2-11833-19-C-XXX-X5.jpg,https://pemilu2019.kpu.go.id/img/c/900/048/900048430/2-11833-19-C-XXX-X6.jpg
6728117431183111833900048431,SUMATERA UTARA,KOTA MEDAN,MEDAN JOHOR,TITI KUNING,TPS 20,2019-10-25 17:00:05,121,33,289,155,155,154,1,https://pemilu2019.kpu.go.id/img/c/900/048/900048431/2-11833-20-C-XXX-X5.jpg,https://pemilu2019.kpu.go.id/img/c/900/048/900048431/2-11833-20-C-XXX-X6.jpg
6728117431183111833900048432,SUMATERA UTARA,KOTA MEDAN,MEDAN JOHOR,TITI KUNING,TPS 21,2019-10-25 17:00:05,129,35,279,166,166,164,2,https://pemilu2019.kpu.go.id/img/c/900/048/900048432/1-11833-21-C-XXX-X5.jpg,https://pemilu2019.kpu.go.id/img/c/900/048/900048432/1-11833-21-C-XXX-X6.jpg
6728117431183111833900048433,SUMATERA UTARA,KOTA MEDAN,MEDAN JOHOR,TITI KUNING,TPS 22,2019-10-25 17:00:05,82,38,191,122,122,120,2,https://pemilu2019.kpu.go.id/img/c/900/048/900048433/3-11833-22-C-XXX-X5.jpg,https://pemilu2019.kpu.go.id/img/c/900/048/900048433/3-11833-22-C-XXX-X6.jpg
6728117431183111833900048434,SUMATERA UTARA,KOTA MEDAN,MEDAN JOHOR,TITI KUNING,TPS 23,2019-10-25 17:00:05,60,76,229,136,136,136,0,https://pemilu2019.kpu.go.id/img/c/900/048/900048434/1-11833-23-C-XXX-X5.jpg,https://pemilu2019.kpu.go.id/img/c/900/048/900048434/1-11833-23-C-XXX-X6.jpg
6728117431183111833900048435,SUMATERA UTARA,KOTA MEDAN,MEDAN JOHOR,TITI KUNING,TPS 24,2019-10-25 17:00:05,62,72,196,134,134,134,0,https://pemilu2019.kpu.go.id/img/c/900/048/900048435/1-11833-24-C1-PPWP-X1.jpg,https://pemilu2019.kpu.go.id/img/c/900/048/900048435/1-11833-24-C1-PPWP-X2.jpg
6728117431183111833900048436,SUMATERA UTARA,KOTA MEDAN,MEDAN JOHOR,TITI KUNING,TPS 25,2019-10-25 17:00:05,63,81,236,147,147,144,3,https://pemilu2019.kpu.go.id/img/c/900/048/900048436/2-11833-25-C-XXX-X5.jpg,https://pemilu2019.kpu.go.id/img/c/900/048/900048436/2-11833-25-C-XXX-X6.jpg
6728117431183111833900048437,SUMATERA UTARA,KOTA MEDAN,MEDAN JOHOR,TITI KUNING,TPS 26,2019-10-25 17:00:05,43,63,186,108,108,106,2,https://pemilu2019.kpu.go.id/img/c/900/048/900048437/2-11833-26-C-XXX-X5.jpg,https://pemilu2019.kpu.go.id/img/c/900/048/900048437/2-11833-26-C-XXX-X6.jpg
6728117431183111833900048438,SUMATERA UTARA,KOTA MEDAN,MEDAN JOHOR,TITI KUNING,TPS 27,2019-10-25 17:00:05,71,75,188,149,149,146,3,https://pemilu2019.kpu.go.id/img/c/900/048/900048438/1-11833-27-C-XXX-X5.jpg,https://pemilu2019.kpu.go.id/img/c/900/048/900048438/1-11833-27-C-XXX-X6.jpg
6728117431183111833900048439,SUMATERA UTARA,KOTA MEDAN,MEDAN JOHOR,TITI KUNING,TPS 28,2019-10-25 17:00:05,65,75,251,140,140,140,1,https://pemilu2019.kpu.go.id/img/c/900/048/900048439/2-11833-28-C1-PPWP-X1.jpg,https://pemilu2019.kpu.go.id/img/c/900/048/900048439/2-11833-28-C1-PPWP-X2.jpg
6728117431183111833900048440,SUMATERA UTARA,KOTA MEDAN,MEDAN JOHOR,TITI KUNING,TPS 29,2019-10-25 17:00:05,89,85,260,176,176,174,2,https://pemilu2019.kpu.go.id/img/c/900/048/900048440/3-11833-29-C-XXX-X5.jpg,https://pemilu2019.kpu.go.id/img/c/900/048/900048440/3-11833-29-C-XXX-X6.jpg
6728117431183111833900048441,SUMATERA UTARA,KOTA MEDAN,MEDAN JOHOR,TITI KUNING,TPS 30,2019-10-25 17:00:05,144,54,277,198,198,198,0,https://pemilu2019.kpu.go.id/img/c/900/048/900048441/3-11833-30-C-XXX-X5.jpg,https://pemilu2019.kpu.go.id/img/c/900/048/900048441/3-11833-30-C-XXX-X6.jpg
6728117431183111833900048442,SUMATERA UTARA,KOTA MEDAN,MEDAN JOHOR,TITI KUNING,TPS 31,2019-10-25 17:00:05,83,52,248,138,138,135,3,https://pemilu2019.kpu.go.id/img/c/900/048/900048442/2-11833-31-C-XXX-X5.jpg,https://pemilu2019.kpu.go.id/img/c/900/048/900048442/2-11833-31-C-XXX-X6.jpg
6728117431183111833900048443,SUMATERA UTARA,KOTA MEDAN,MEDAN JOHOR,TITI KUNING,TPS 32,2019-10-25 17:00:05,58,114,245,177,177,172,5,https://pemilu2019.kpu.go.id/img/c/900/048/900048443/4-11833-32-C-XXX-X5.jpg,https://pemilu2019.kpu.go.id/img/c/900/048/900048443/4-11833-32-C-XXX-X6.jpg
6728117431183111833900048444,SUMATERA UTARA,KOTA MEDAN,MEDAN JOHOR,TITI KUNING,TPS 33,2019-10-25 17:00:05,67,75,238,144,144,142,2,https://pemilu2019.kpu.go.id/img/c/900/048/900048444/2-11833-33-C-XXX-X5.jpg,https://pemilu2019.kpu.go.id/img/c/900/048/900048444/2-11833-33-C-XXX-X6.jpg
6728117431183111833900048445,SUMATERA UTARA,KOTA MEDAN,MEDAN JOHOR,TITI KUNING,TPS 34,2019-10-25 17:00:05,62,101,254,163,163,163,0,https://pemilu2019.kpu.go.id/img/c/900/048/900048445/2-11833-34-C1-PPWP-X1.jpg,https://pemilu2019.kpu.go.id/img/c/900/048/900048445/2-11833-34-C1-PPWP-X2.jpg
6728117431183111833900048446,SUMATERA UTARA,KOTA MEDAN,MEDAN JOHOR,TITI KUNING,TPS 35,2019-10-25 17:00:05,59,61,218,121,121,120,1,https://pemilu2019.kpu.go.id/img/c/900/048/900048446/3-11833-35-C1-PPWP-X1.jpg,https://pemilu2019.kpu.go.id/img/c/900/048/900048446/3-11833-35-C1-PPWP-X2.jpg
6728117431183111833900048447,SUMATERA UTARA,KOTA MEDAN,MEDAN JOHOR,TITI KUNING,TPS 36,2019-10-25 17:00:05,74,68,234,142,142,142,0,https://pemilu2019.kpu.go.id/img/c/900/048/900048447/2-11833-36-C1-PPWP-X1.jpg,https://pemilu2019.kpu.go.id/img/c/900/048/900048447/2-11833-36-C1-PPWP-X2.jpg
6728117431183111833900048448,SUMATERA UTARA,KOTA MEDAN,MEDAN JOHOR,TITI KUNING,TPS 37,2019-10-25 17:00:05,82,32,218,119,119,114,5,https://pemilu2019.kpu.go.id/img/c/900/048/900048448/1-11833-37-C-XXX-X5.jpg,https://pemilu2019.kpu.go.id/img/c/900/048/900048448/1-11833-37-C-XXX-X6.jpg
6728117431183111833900048449,SUMATERA UTARA,KOTA MEDAN,MEDAN JOHOR,TITI KUNING,TPS 38,2019-10-25 17:00:05,95,66,239,164,164,161,3,https://pemilu2019.kpu.go.id/img/c/900/048/900048449/5-11833-38-C1-PPWP-X1.jpg,https://pemilu2019.kpu.go.id/img/c/900/048/900048449/5-11833-38-C1-PPWP-X2.jpg
6728117431183111833900048450,SUMATERA UTARA,KOTA MEDAN,MEDAN JOHOR,TITI KUNING,TPS 39,2019-10-25 17:00:05,114,53,246,168,168,167,1,https://pemilu2019.kpu.go.id/img/c/900/048/900048450/1-11833-39-C-XXX-X5.jpg,https://pemilu2019.kpu.go.id/img/c/900/048/900048450/1-11833-39-C-XXX-X6.jpg
6728117431183111833900048451,SUMATERA UTARA,KOTA MEDAN,MEDAN JOHOR,TITI KUNING,TPS 40,2019-10-25 17:00:05,111,37,234,148,148,148,0,https://pemilu2019.kpu.go.id/img/c/900/048/900048451/2-11833-40-C-XXX-X5.jpg,https://pemilu2019.kpu.go.id/img/c/900/048/900048451/2-11833-40-C-XXX-X6.jpg
6728117431183111833900048452,SUMATERA UTARA,KOTA MEDAN,MEDAN JOHOR,TITI KUNING,TPS 41,2019-10-25 17:00:05,51,48,174,100,100,99,1,https://pemilu2019.kpu.go.id/img/c/900/048/900048452/2-11833-41-C1-PPWP-X1.jpg,https://pemilu2019.kpu.go.id/img/c/900/048/900048452/2-11833-41-C1-PPWP-X2.jpg
6728117431183111833900048453,SUMATERA UTARA,KOTA MEDAN,MEDAN JOHOR,TITI KUNING,TPS 42,2019-10-25 17:00:05,49,36,164,85,85,85,0,https://pemilu2019.kpu.go.id/img/c/900/048/900048453/1-11833-42-C1-PPWP-X1.jpg,https://pemilu2019.kpu.go.id/img/c/900/048/900048453/1-11833-42-C1-PPWP-X2.jpg
6728117431183111833900048454,SUMATERA UTARA,KOTA MEDAN,MEDAN JOHOR,TITI KUNING,TPS 43,2019-10-25 17:00:05,80,50,280,131,131,130,1,https://pemilu2019.kpu.go.id/img/c/900/048/900048454/2-11833-43-C-XXX-X5.jpg,https://pemilu2019.kpu.go.id/img/c/900/048/900048454/2-11833-43-C-XXX-X6.jpg
6728117431183111833900048455,SUMATERA UTARA,KOTA MEDAN,MEDAN JOHOR,TITI KUNING,TPS 44,2019-10-25 17:00:05,78,93,306,172,172,171,1,https://pemilu2019.kpu.go.id/img/c/900/048/900048455/1-11833-44-C-XXX-X5.jpg,https://pemilu2019.kpu.go.id/img/c/900/048/900048455/1-11833-44-C-XXX-X6.jpg
6728117431183111833900048456,SUMATERA UTARA,KOTA MEDAN,MEDAN JOHOR,TITI KUNING,TPS 45,2019-10-25 17:00:05,74,105,306,181,181,179,2,https://pemilu2019.kpu.go.id/img/c/900/048/900048456/2-11833-45-C-XXX-X5.jpg,https://pemilu2019.kpu.go.id/img/c/900/048/900048456/2-11833-45-C-XXX-X6.jpg
6728117431183111833900048457,SUMATERA UTARA,KOTA MEDAN,MEDAN JOHOR,TITI KUNING,TPS 46,2019-10-25 17:00:05,109,78,312,189,189,187,2,https://pemilu2019.kpu.go.id/img/c/900/048/900048457/2-11833-46-C-XXX-X5.jpg,https://pemilu2019.kpu.go.id/img/c/900/048/900048457/2-11833-46-C-XXX-X6.jpg
6728117431183111833900048458,SUMATERA UTARA,KOTA MEDAN,MEDAN JOHOR,TITI KUNING,TPS 47,2019-10-25 17:00:05,94,48,257,142,142,142,0,https://pemilu2019.kpu.go.id/img/c/900/048/900048458/2-11833-47-C-XXX-X5.jpg,https://pemilu2019.kpu.go.id/img/c/900/048/900048458/2-11833-47-C-XXX-X6.jpg
6728117431183111833900048459,SUMATERA UTARA,KOTA MEDAN,MEDAN JOHOR,TITI KUNING,TPS 48,2019-10-25 17:00:05,71,56,127,127,127,127,0,https://pemilu2019.kpu.go.id/img/c/900/048/900048459/2-11833-48-C-XXX-X5.jpg,https://pemilu2019.kpu.go.id/img/c/900/048/900048459/2-11833-48-C-XXX-X6.jpg
6728117431183111833900048460,SUMATERA UTARA,KOTA MEDAN,MEDAN JOHOR,TITI KUNING,TPS 49,2019-10-25 17:00:05,62,54,229,117,117,116,1,https://pemilu2019.kpu.go.id/img/c/900/048/900048460/3-11833-49-C1-PPWP-X1.jpg,https://pemilu2019.kpu.go.id/img/c/900/048/900048460/3-11833-49-C1-PPWP-X2.jpg
6728117431183111833900048461,SUMATERA UTARA,KOTA MEDAN,MEDAN JOHOR,TITI KUNING,TPS 50,2019-10-25 17:00:05,53,73,209,128,128,127,1,https://pemilu2019.kpu.go.id/img/c/900/048/900048461/1-11833-50-C1-PPWP-X1.jpg,https://pemilu2019.kpu.go.id/img/c/900/048/900048461/1-11833-50-C1-PPWP-X2.jpg
6728117431183111833900048462,SUMATERA UTARA,KOTA MEDAN,MEDAN JOHOR,TITI KUNING,TPS 51,2019-10-25 17:00:05,59,85,207,145,145,144,1,https://pemilu2019.kpu.go.id/img/c/900/048/900048462/2-11833-51-C-XXX-X5.jpg,https://pemilu2019.kpu.go.id/img/c/900/048/900048462/2-11833-51-C-XXX-X6.jpg
6728117431183111833900048463,SUMATERA UTARA,KOTA MEDAN,MEDAN JOHOR,TITI KUNING,TPS 52,2019-10-25 17:00:05,57,47,194,104,104,104,0,https://pemilu2019.kpu.go.id/img/c/900/048/900048463/1-11833-52-C-XXX-X5.jpg,https://pemilu2019.kpu.go.id/img/c/900/048/900048463/1-11833-52-C-XXX-X6.jpg
6728117431183111833900048464,SUMATERA UTARA,KOTA MEDAN,MEDAN JOHOR,TITI KUNING,TPS 53,2019-10-25 17:00:05,89,55,257,146,46,144,2,https://pemilu2019.kpu.go.id/img/c/900/048/900048464/1-11833-53-C1-PPWP-X1.jpg,https://pemilu2019.kpu.go.id/img/c/900/048/900048464/1-11833-53-C1-PPWP-X2.jpg
6728117431183111833900048465,SUMATERA UTARA,KOTA MEDAN,MEDAN JOHOR,TITI KUNING,TPS 54,2019-10-25 17:00:05,65,73,249,139,139,138,1,https://pemilu2019.kpu.go.id/img/c/900/048/900048465/3-11833-54-C-XXX-X5.jpg,https://pemilu2019.kpu.go.id/img/c/900/048/900048465/3-11833-54-C-XXX-X6.jpg
6728117431183111833900048466,SUMATERA UTARA,KOTA MEDAN,MEDAN JOHOR,TITI KUNING,TPS 55,2019-10-25 17:00:05,90,64,309,154,154,154,0,https://pemilu2019.kpu.go.id/img/c/900/048/900048466/3-11833-55-C1-PPWP-X1.jpg,https://pemilu2019.kpu.go.id/img/c/900/048/900048466/3-11833-55-C1-PPWP-X2.jpg
6728117431183111833900048467,SUMATERA UTARA,KOTA MEDAN,MEDAN JOHOR,TITI KUNING,TPS 56,2019-10-25 17:00:05,66,85,292,153,153,151,2,https://pemilu2019.kpu.go.id/img/c/900/048/900048467/3-11833-56-C1-PPWP-X1.jpg,https://pemilu2019.kpu.go.id/img/c/900/048/900048467/3-11833-56-C1-PPWP-X2.jpg
6728117431183111833900048468,SUMATERA UTARA,KOTA MEDAN,MEDAN JOHOR,TITI KUNING,TPS 57,2019-10-25 17:00:05,74,30,211,104,104,104,0,https://pemilu2019.kpu.go.id/img/c/900/048/900048468/3-11833-57-C1-PPWP-X1.jpg,https://pemilu2019.kpu.go.id/img/c/900/048/900048468/3-11833-57-C1-PPWP-X2.jpg
6728117431183111833900048469,SUMATERA UTARA,KOTA MEDAN,MEDAN JOHOR,TITI KUNING,TPS 58,2019-10-25 17:00:05,63,50,207,113,113,113,0,https://pemilu2019.kpu.go.id/img/c/900/048/900048469/1-11833-58-C-XXX-X5.jpg,https://pemilu2019.kpu.go.id/img/c/900/048/900048469/1-11833-58-C-XXX-X6.jpg
6728117431183111833900048470,SUMATERA UTARA,KOTA MEDAN,MEDAN JOHOR,TITI KUNING,TPS 59,2019-10-25 17:00:05,82,45,227,128,128,127,1,https://pemilu2019.kpu.go.id/img/c/900/048/900048470/2-11833-59-C-XXX-X5.jpg,https://pemilu2019.kpu.go.id/img/c/900/048/900048470/2-11833-59-C-XXX-X6.jpg
6728117431183111833900048471,SUMATERA UTARA,KOTA MEDAN,MEDAN JOHOR,TITI KUNING,TPS 60,2019-10-25 17:00:05,47,65,216,112,112,112,0,https://pemilu2019.kpu.go.id/img/c/900/048/900048471/1-11833-60-C-XXX-X5.jpg,https://pemilu2019.kpu.go.id/img/c/900/048/900048471/1-11833-60-C-XXX-X6.jpg
6728117431183111833900048472,SUMATERA UTARA,KOTA MEDAN,MEDAN JOHOR,TITI KUNING,TPS 61,2019-10-25 17:00:05,39,61,101,101,101,100,1,https://pemilu2019.kpu.go.id/img/c/900/048/900048472/2-11833-61-C-XXX-X5.jpg,https://pemilu2019.kpu.go.id/img/c/900/048/900048472/2-11833-61-C-XXX-X6.jpg
6728117431183111833900048473,SUMATERA UTARA,KOTA MEDAN,MEDAN JOHOR,TITI KUNING,TPS 62,2019-10-25 17:00:05,48,60,209,109,109,108,1,https://pemilu2019.kpu.go.id/img/c/900/048/900048473/2-11833-62-C-XXX-X5.jpg,https://pemilu2019.kpu.go.id/img/c/900/048/900048473/2-11833-62-C-XXX-X6.jpg
6728117431183111833900048474,SUMATERA UTARA,KOTA MEDAN,MEDAN JOHOR,TITI KUNING,TPS 63,2019-10-25 17:00:05,79,40,218,120,120,119,1,https://pemilu2019.kpu.go.id/img/c/900/048/900048474/1-11833-63-C1-PPWP-X1.jpg,https://pemilu2019.kpu.go.id/img/c/900/048/900048474/1-11833-63-C1-PPWP-X2.jpg
6728117431183111833900048475,SUMATERA UTARA,KOTA MEDAN,MEDAN JOHOR,TITI KUNING,TPS 64,2019-10-25 17:00:05,86,26,239,115,115,112,3,https://pemilu2019.kpu.go.id/img/c/900/048/900048475/1-11833-64-C-XXX-X5.jpg,https://pemilu2019.kpu.go.id/img/c/900/048/900048475/1-11833-64-C-XXX-X6.jpg
6728117431183111833900048476,SUMATERA UTARA,KOTA MEDAN,MEDAN JOHOR,TITI KUNING,TPS 65,2019-10-25 17:00:05,88,30,225,121,121,118,3,https://pemilu2019.kpu.go.id/img/c/900/048/900048476/1-11833-65-C-XXX-X5.jpg,https://pemilu2019.kpu.go.id/img/c/900/048/900048476/1-11833-65-C-XXX-X6.jpg
6728117431183111833900048477,SUMATERA UTARA,KOTA MEDAN,MEDAN JOHOR,TITI KUNING,TPS 66,2019-10-25 17:00:05,102,15,216,120,120,117,3,https://pemilu2019.kpu.go.id/img/c/900/048/900048477/1-11833-66-C-XXX-X5.jpg,https://pemilu2019.kpu.go.id/img/c/900/048/900048477/1-11833-66-C-XXX-X6.jpg
6728117431183111833900048478,SUMATERA UTARA,KOTA MEDAN,MEDAN JOHOR,TITI KUNING,TPS 67,2019-10-25 17:00:05,80,5,224,86,86,85,1,https://pemilu2019.kpu.go.id/img/c/900/048/900048478/1-11833-67-C-XXX-X5.jpg,https://pemilu2019.kpu.go.id/img/c/900/048/900048478/1-11833-67-C-XXX-X6.jpg
6728117431183111833900048479,SUMATERA UTARA,KOTA MEDAN,MEDAN JOHOR,TITI KUNING,TPS 68,2019-10-25 17:00:05,95,12,212,108,108,107,1,https://pemilu2019.kpu.go.id/img/c/900/048/900048479/1-11833-68-C-XXX-X5.jpg,https://pemilu2019.kpu.go.id/img/c/900/048/900048479/1-11833-68-C-XXX-X6.jpg
6728117431183111833900048480,SUMATERA UTARA,KOTA MEDAN,MEDAN JOHOR,TITI KUNING,TPS 69,2019-10-25 17:00:05,98,5,207,104,104,103,1,https://pemilu2019.kpu.go.id/img/c/900/048/900048480/1-11833-69-C1-PPWP-X1.jpg,https://pemilu2019.kpu.go.id/img/c/900/048/900048480/1-11833-69-C1-PPWP-X2.jpg
6728117431183111833900048481,SUMATERA UTARA,KOTA MEDAN,MEDAN JOHOR,TITI KUNING,TPS 70,2019-10-25 17:00:05,101,17,216,121,121,118,3,https://pemilu2019.kpu.go.id/img/c/900/048/900048481/1-11833-70-C1-PPWP-X1.jpg,https://pemilu2019.kpu.go.id/img/c/900/048/900048481/1-11833-70-C1-PPWP-X2.jpg
6728117431183111833900048482,SUMATERA UTARA,KOTA MEDAN,MEDAN JOHOR,TITI KUNING,TPS 71,2019-10-25 17:00:05,69,8,176,78,78,77,0,https://pemilu2019.kpu.go.id/img/c/900/048/900048482/2-11833-71-C1-PPWP-X1.jpg,https://pemilu2019.kpu.go.id/img/c/900/048/900048482/2-11833-71-C1-PPWP-X2.jpg
6728117431183111833900048483,SUMATERA UTARA,KOTA MEDAN,MEDAN JOHOR,TITI KUNING,TPS 72,2019-10-25 17:00:05,108,56,248,164,164,164,0,https://pemilu2019.kpu.go.id/img/c/900/048/900048483/2-11833-72-C-XXX-X5.jpg,https://pemilu2019.kpu.go.id/img/c/900/048/900048483/2-11833-72-C-XXX-X6.jpg
6728117431183111833900048484,SUMATERA UTARA,KOTA MEDAN,MEDAN JOHOR,TITI KUNING,TPS 73,2019-10-25 17:00:05,91,61,223,153,153,152,1,https://pemilu2019.kpu.go.id/img/c/900/048/900048484/1-11833-73-C-XXX-X5.jpg,https://pemilu2019.kpu.go.id/img/c/900/048/900048484/1-11833-73-C-XXX-X6.jpg
6728117431183111833900048485,SUMATERA UTARA,KOTA MEDAN,MEDAN JOHOR,TITI KUNING,TPS 74,2019-10-25 17:00:05,99,62,221,162,162,161,1,https://pemilu2019.kpu.go.id/img/c/900/048/900048485/1-11833-74-C-XXX-X5.jpg,https://pemilu2019.kpu.go.id/img/c/900/048/900048485/1-11833-74-C-XXX-X6.jpg
6728117431183111833900048486,SUMATERA UTARA,KOTA MEDAN,MEDAN JOHOR,TITI KUNING,TPS 75,2019-10-25 17:00:05,61,67,187,128,128,128,0,https://pemilu2019.kpu.go.id/img/c/900/048/900048486/1-11833-75-C1-PPWP-X1.jpg,https://pemilu2019.kpu.go.id/img/c/900/048/900048486/1-11833-75-C1-PPWP-X2.jpg
6728117431183111833900048487,SUMATERA UTARA,KOTA MEDAN,MEDAN JOHOR,TITI KUNING,TPS 76,2019-10-25 17:00:05,91,61,235,153,153,152,1,https://pemilu2019.kpu.go.id/img/c/900/048/900048487/2-11833-76-C1-PPWP-X1.jpg,https://pemilu2019.kpu.go.id/img/c/900/048/900048487/2-11833-76-C1-PPWP-X2.jpg
6728117431183111833900048488,SUMATERA UTARA,KOTA MEDAN,MEDAN JOHOR,TITI KUNING,TPS 77,2019-10-25 17:00:05,100,64,235,164,164,164,0,https://pemilu2019.kpu.go.id/img/c/900/048/900048488/1-11833-77-C1-PPWP-X1.jpg,https://pemilu2019.kpu.go.id/img/c/900/048/900048488/1-11833-77-C1-PPWP-X2.jpg
6728117431183111833900048489,SUMATERA UTARA,KOTA MEDAN,MEDAN JOHOR,TITI KUNING,TPS 78,2019-10-25 17:00:05,94,48,285,142,142,142,0,https://pemilu2019.kpu.go.id/img/c/900/048/900048489/2-11833-78-C1-PPWP-X1.jpg,https://pemilu2019.kpu.go.id/img/c/900/048/900048489/2-11833-78-C1-PPWP-X2.jpg
6728117431183111833900048490,SUMATERA UTARA,KOTA MEDAN,MEDAN JOHOR,TITI KUNING,TPS 79,2019-10-25 17:00:05,89,53,223,143,143,142,1,https://pemilu2019.kpu.go.id/img/c/900/048/900048490/1-11833-79-C-XXX-X5.jpg,https://pemilu2019.kpu.go.id/img/c/900/048/900048490/1-11833-79-C-XXX-X6.jpg
6728117431183111833900048491,SUMATERA UTARA,KOTA MEDAN,MEDAN JOHOR,TITI KUNING,TPS 80,2019-10-25 17:00:05,114,72,284,188,188,186,2,https://pemilu2019.kpu.go.id/img/c/900/048/900048491/1-11833-80-C1-PPWP-X1.jpg,https://pemilu2019.kpu.go.id/img/c/900/048/900048491/1-11833-80-C1-PPWP-X2.jpg
6728117431183111833900048492,SUMATERA UTARA,KOTA MEDAN,MEDAN JOHOR,TITI KUNING,TPS 81,2019-10-25 17:00:05,62,61,229,125,125,123,2,https://pemilu2019.kpu.go.id/img/c/900/048/900048492/2-11833-81-C1-PPWP-X1.jpg,https://pemilu2019.kpu.go.id/img/c/900/048/900048492/2-11833-81-C1-PPWP-X2.jpg
6728117431183111833900048493,SUMATERA UTARA,KOTA MEDAN,MEDAN JOHOR,TITI KUNING,TPS 82,2019-10-25 17:00:05,60,70,277,130,130,130,0,https://pemilu2019.kpu.go.id/img/c/900/048/900048493/2-11833-82-C-XXX-X5.jpg,https://pemilu2019.kpu.go.id/img/c/900/048/900048493/2-11833-82-C-XXX-X6.jpg
6728117431183111833900048494,SUMATERA UTARA,KOTA MEDAN,MEDAN JOHOR,TITI KUNING,TPS 83,2019-10-25 17:00:05,50,84,261,135,135,134,1,https://pemilu2019.kpu.go.id/img/c/900/048/900048494/1-11833-83-C1-PPWP-X1.jpg,https://pemilu2019.kpu.go.id/img/c/900/048/900048494/1-11833-83-C1-PPWP-X2.jpg
6728117431183111833900048495,SUMATERA UTARA,KOTA MEDAN,MEDAN JOHOR,TITI KUNING,TPS 84,2019-10-25 17:00:05,33,93,242,128,128,126,2,https://pemilu2019.kpu.go.id/img/c/900/048/900048495/2-11833-84-C-XXX-X5.jpg,https://pemilu2019.kpu.go.id/img/c/900/048/900048495/2-11833-84-C-XXX-X6.jpg
6728117431183111833900048496,SUMATERA UTARA,KOTA MEDAN,MEDAN JOHOR,TITI KUNING,TPS 85,2019-10-25 17:00:05,35,98,258,135,135,133,2,https://pemilu2019.kpu.go.id/img/c/900/048/900048496/1-11833-85-C-XXX-X5.jpg,https://pemilu2019.kpu.go.id/img/c/900/048/900048496/1-11833-85-C-XXX-X6.jpg
6728117431183111833900048497,SUMATERA UTARA,KOTA MEDAN,MEDAN JOHOR,TITI KUNING,TPS 86,2019-10-25 17:00:05,48,110,276,159,158,159,1,https://pemilu2019.kpu.go.id/img/c/900/048/900048497/1-11833-86-C-XXX-X5.jpg,https://pemilu2019.kpu.go.id/img/c/900/048/900048497/1-11833-86-C-XXX-X6.jpg
6728117431183111833900048498,SUMATERA UTARA,KOTA MEDAN,MEDAN JOHOR,TITI KUNING,TPS 87,2019-10-25 17:00:05,32,95,254,131,4,127,4,https://pemilu2019.kpu.go.id/img/c/900/048/900048498/2-11833-87-C-XXX-X5.jpg,https://pemilu2019.kpu.go.id/img/c/900/048/900048498/2-11833-87-C-XXX-X6.jpg
6728117431174411750900045128,SUMATERA UTARA,KOTA MEDAN,MEDAN KOTA,KOTAMATSUM III,TPS 01,2019-10-25 17:00:05,101,15,179,116,116,116,0,https://pemilu2019.kpu.go.id/img/c/900/045/900045128/1-11750-01-C1-PPWP-X1.jpg,https://pemilu2019.kpu.go.id/img/c/900/045/900045128/1-11750-01-C1-PPWP-X2.jpg
6728117431174411750900045129,SUMATERA UTARA,KOTA MEDAN,MEDAN KOTA,KOTAMATSUM III,TPS 02,2019-10-25 17:00:05,131,19,246,150,150,150,0,https://pemilu2019.kpu.go.id/img/c/900/045/900045129/2-11750-02-C-XXX-X5.jpg,https://pemilu2019.kpu.go.id/img/c/900/045/900045129/2-11750-02-C-XXX-X6.jpg
6728117431174411750900045130,SUMATERA UTARA,KOTA MEDAN,MEDAN KOTA,KOTAMATSUM III,TPS 03,2019-10-25 17:00:05,140,41,278,181,181,181,0,https://pemilu2019.kpu.go.id/img/c/900/045/900045130/1-11750-03-C1-PPWP-X1.jpg,https://pemilu2019.kpu.go.id/img/c/900/045/900045130/1-11750-03-C1-PPWP-X2.jpg
6728117431174411750900045131,SUMATERA UTARA,KOTA MEDAN,MEDAN KOTA,KOTAMATSUM III,TPS 04,2019-10-25 17:00:05,97,77,271,175,175,174,1,https://pemilu2019.kpu.go.id/img/c/900/045/900045131/1-11750-04-C-XXX-X5.jpg,https://pemilu2019.kpu.go.id/img/c/900/045/900045131/1-11750-04-C-XXX-X6.jpg
6728117431174411750900045132,SUMATERA UTARA,KOTA MEDAN,MEDAN KOTA,KOTAMATSUM III,TPS 05,2019-10-25 17:00:05,152,10,275,0,164,162,2,https://pemilu2019.kpu.go.id/img/c/900/045/900045132/1-11750-05-C-XXX-X5.jpg,https://pemilu2019.kpu.go.id/img/c/900/045/900045132/1-11750-05-C-XXX-X6.jpg
6728117431174411750900045133,SUMATERA UTARA,KOTA MEDAN,MEDAN KOTA,KOTAMATSUM III,TPS 06,2019-10-25 17:00:05,120,1,193,121,121,121,0,https://pemilu2019.kpu.go.id/img/c/900/045/900045133/1-11750-06-C-XXX-X5.jpg,https://pemilu2019.kpu.go.id/img/c/900/045/900045133/1-11750-06-C-XXX-X6.jpg
6728117431174411750900045134,SUMATERA UTARA,KOTA MEDAN,MEDAN KOTA,KOTAMATSUM III,TPS 07,2019-10-25 17:00:05,130,42,250,174,174,172,2,https://pemilu2019.kpu.go.id/img/c/900/045/900045134/1-11750-07-C-XXX-X5.jpg,https://pemilu2019.kpu.go.id/img/c/900/045/900045134/1-11750-07-C-XXX-X6.jpg
6728117431174411750900045135,SUMATERA UTARA,KOTA MEDAN,MEDAN KOTA,KOTAMATSUM III,TPS 08,2019-10-25 17:00:05,113,39,255,153,153,152,1,https://pemilu2019.kpu.go.id/img/c/900/045/900045135/1-11750-08-C-XXX-X5.jpg,https://pemilu2019.kpu.go.id/img/c/900/045/900045135/1-11750-08-C-XXX-X6.jpg
6728117431174411750900045136,SUMATERA UTARA,KOTA MEDAN,MEDAN KOTA,KOTAMATSUM III,TPS 09,2019-10-25 17:00:05,89,81,274,170,170,170,0,https://pemilu2019.kpu.go.id/img/c/900/045/900045136/1-11750-09-C1-PPWP-X1.jpg,https://pemilu2019.kpu.go.id/img/c/900/045/900045136/1-11750-09-C1-PPWP-X2.jpg
6728117431174411750900045137,SUMATERA UTARA,KOTA MEDAN,MEDAN KOTA,KOTAMATSUM III,TPS 10,2019-10-25 17:00:05,101,44,265,146,147,145,2,https://pemilu2019.kpu.go.id/img/c/900/045/900045137/1-11750-10-C-XXX-X5.jpg,https://pemilu2019.kpu.go.id/img/c/900/045/900045137/1-11750-10-C-XXX-X6.jpg
6728117431174411750900045138,SUMATERA UTARA,KOTA MEDAN,MEDAN KOTA,KOTAMATSUM III,TPS 11,2019-10-25 17:00:05,39,134,270,173,173,173,0,https://pemilu2019.kpu.go.id/img/c/900/045/900045138/1-11750-11-C-XXX-X5.jpg,https://pemilu2019.kpu.go.id/img/c/900/045/900045138/1-11750-11-C-XXX-X6.jpg
6728117431174411750900045139,SUMATERA UTARA,KOTA MEDAN,MEDAN KOTA,KOTAMATSUM III,TPS 12,2019-10-25 17:00:05,25,79,272,104,102,104,1,https://pemilu2019.kpu.go.id/img/c/900/045/900045139/1-11750-12-C-XXX-X5.jpg,https://pemilu2019.kpu.go.id/img/c/900/045/900045139/1-11750-12-C-XXX-X6.jpg
6728117431174411750900045140,SUMATERA UTARA,KOTA MEDAN,MEDAN KOTA,KOTAMATSUM III,TPS 13,2019-10-25 17:00:05,35,79,212,116,116,114,2,https://pemilu2019.kpu.go.id/img/c/900/045/900045140/2-11750-13-C-XXX-X5.jpg,https://pemilu2019.kpu.go.id/img/c/900/045/900045140/2-11750-13-C-XXX-X6.jpg
6728117431174411750900045141,SUMATERA UTARA,KOTA MEDAN,MEDAN KOTA,KOTAMATSUM III,TPS 14,2019-10-25 17:00:05,15,115,216,130,130,130,0,https://pemilu2019.kpu.go.id/img/c/900/045/900045141/3-11750-14-C1-PPWP-X1.jpg,https://pemilu2019.kpu.go.id/img/c/900/045/900045141/3-11750-14-C1-PPWP-X2.jpg
6728117431174411750900045142,SUMATERA UTARA,KOTA MEDAN,MEDAN KOTA,KOTAMATSUM III,TPS 15,2019-10-25 17:00:05,35,103,239,138,138,138,0,https://pemilu2019.kpu.go.id/img/c/900/045/900045142/1-11750-15-C-XXX-X5.jpg,https://pemilu2019.kpu.go.id/img/c/900/045/900045142/1-11750-15-C-XXX-X6.jpg
6728117431174411750900045143,SUMATERA UTARA,KOTA MEDAN,MEDAN KOTA,KOTAMATSUM III,TPS 16,2019-10-25 17:00:05,49,153,300,203,203,202,1,https://pemilu2019.kpu.go.id/img/c/900/045/900045143/1-11750-16-C1-PPWP-X1.jpg,https://pemilu2019.kpu.go.id/img/c/900/045/900045143/1-11750-16-C1-PPWP-X2.jpg
6728117431174411750900045144,SUMATERA UTARA,KOTA MEDAN,MEDAN KOTA,KOTAMATSUM III,TPS 17,2019-10-25 17:00:05,51,98,223,149,149,149,0,https://pemilu2019.kpu.go.id/img/c/900/045/900045144/1-11750-17-C-XXX-X5.jpg,https://pemilu2019.kpu.go.id/img/c/900/045/900045144/1-11750-17-C-XXX-X6.jpg
6728117431174411750900045145,SUMATERA UTARA,KOTA MEDAN,MEDAN KOTA,KOTAMATSUM III,TPS 18,2019-10-25 17:00:05,20,128,234,148,148,148,0,https://pemilu2019.kpu.go.id/img/c/900/045/900045145/1-11750-18-C-XXX-X5.jpg,https://pemilu2019.kpu.go.id/img/c/900/045/900045145/1-11750-18-C-XXX-X6.jpg
6728117431174411750900045146,SUMATERA UTARA,KOTA MEDAN,MEDAN KOTA,KOTAMATSUM III,TPS 19,2019-10-25 17:00:05,44,99,221,146,146,143,3,https://pemilu2019.kpu.go.id/img/c/900/045/900045146/1-11750-19-C-XXX-X5.jpg,https://pemilu2019.kpu.go.id/img/c/900/045/900045146/1-11750-19-C-XXX-X6.jpg
6728117431174411750900045147,SUMATERA UTARA,KOTA MEDAN,MEDAN KOTA,KOTAMATSUM III,TPS 20,2019-10-25 17:00:05,27,140,232,168,168,167,1,https://pemilu2019.kpu.go.id/img/c/900/045/900045147/1-11750-20-C-XXX-X5.jpg,https://pemilu2019.kpu.go.id/img/c/900/045/900045147/1-11750-20-C-XXX-X6.jpg
6728117431174411750900045148,SUMATERA UTARA,KOTA MEDAN,MEDAN KOTA,KOTAMATSUM III,TPS 21,2019-10-25 17:00:05,11,74,197,86,86,85,1,https://pemilu2019.kpu.go.id/img/c/900/045/900045148/1-11750-21-C-XXX-X5.jpg,https://pemilu2019.kpu.go.id/img/c/900/045/900045148/1-11750-21-C-XXX-X6.jpg
6728117431174411750900045149,SUMATERA UTARA,KOTA MEDAN,MEDAN KOTA,KOTAMATSUM III,TPS 22,2019-10-25 17:00:05,25,171,278,199,199,196,3,https://pemilu2019.kpu.go.id/img/c/900/045/900045149/1-11750-22-C-XXX-X5.jpg,https://pemilu2019.kpu.go.id/img/c/900/045/900045149/1-11750-22-C-XXX-X6.jpg
6728117431174411750900045150,SUMATERA UTARA,KOTA MEDAN,MEDAN KOTA,KOTAMATSUM III,TPS 23,2019-10-25 17:00:05,22,140,228,163,163,162,1,https://pemilu2019.kpu.go.id/img/c/900/045/900045150/1-11750-23-C-XXX-X5.jpg,https://pemilu2019.kpu.go.id/img/c/900/045/900045150/1-11750-23-C-XXX-X6.jpg
6728117431174411750900045151,SUMATERA UTARA,KOTA MEDAN,MEDAN KOTA,KOTAMATSUM III,TPS 24,2019-10-25 17:00:05,34,160,316,195,195,194,1,https://pemilu2019.kpu.go.id/img/c/900/045/900045151/1-11750-24-C-XXX-X5.jpg,https://pemilu2019.kpu.go.id/img/c/900/045/900045151/1-11750-24-C-XXX-X6.jpg
6728117431174411748900045098,SUMATERA UTARA,KOTA MEDAN,MEDAN KOTA,MESJID,TPS 01,2019-10-25 17:00:05,35,189,290,228,228,224,4,https://pemilu2019.kpu.go.id/img/c/900/045/900045098/3-11748-01-C1-PPWP-X1.jpg,https://pemilu2019.kpu.go.id/img/c/900/045/900045098/3-11748-01-C1-PPWP-X2.jpg
6728117431174411748900045099,SUMATERA UTARA,KOTA MEDAN,MEDAN KOTA,MESJID,TPS 02,2019-10-25 17:00:05,23,221,309,245,245,244,1,https://pemilu2019.kpu.go.id/img/c/900/045/900045099/11748-02-C-XXX-X5.jpg,https://pemilu2019.kpu.go.id/img/c/900/045/900045099/11748-02-C-XXX-X6.jpg
6728117431174411748900045100,SUMATERA UTARA,KOTA MEDAN,MEDAN KOTA,MESJID,TPS 03,2019-10-25 17:00:05,35,175,288,211,211,210,1,https://pemilu2019.kpu.go.id/img/c/900/045/900045100/11748-03-C-XXX-X5.jpg,https://pemilu2019.kpu.go.id/img/c/900/045/900045100/11748-03-C-XXX-X6.jpg
6728117431174411748900045101,SUMATERA UTARA,KOTA MEDAN,MEDAN KOTA,MESJID,TPS 04,2019-10-25 17:00:05,37,174,304,211,211,211,0,https://pemilu2019.kpu.go.id/img/c/900/045/900045101/11748-04-C1-PPWP-X1.jpg,https://pemilu2019.kpu.go.id/img/c/900/045/900045101/11748-04-C1-PPWP-X2.jpg
6728117431174411748900045102,SUMATERA UTARA,KOTA MEDAN,MEDAN KOTA,MESJID,TPS 05,2019-10-25 17:00:05,48,173,325,222,222,221,1,https://pemilu2019.kpu.go.id/img/c/900/045/900045102/11748-05-C1-PPWP-X1.jpg,https://pemilu2019.kpu.go.id/img/c/900/045/900045102/11748-05-C1-PPWP-X2.jpg
6728117431174411748900045103,SUMATERA UTARA,KOTA MEDAN,MEDAN KOTA,MESJID,TPS 06,2019-10-25 17:00:05,42,129,292,171,171,171,0,https://pemilu2019.kpu.go.id/img/c/900/045/900045103/2-11748-06-C1-PPWP-X1.jpg,https://pemilu2019.kpu.go.id/img/c/900/045/900045103/2-11748-06-C1-PPWP-X2.jpg
6728117431174411748900045104,SUMATERA UTARA,KOTA MEDAN,MEDAN KOTA,MESJID,TPS 07,2019-10-25 17:00:05,121,78,283,202,202,199,3,https://pemilu2019.kpu.go.id/img/c/900/045/900045104/1-11748-07-C1-PPWP-X1.jpg,https://pemilu2019.kpu.go.id/img/c/900/045/900045104/1-11748-07-C1-PPWP-X2.jpg
6728117431174411748900045105,SUMATERA UTARA,KOTA MEDAN,MEDAN KOTA,MESJID,TPS 08,2019-10-25 17:00:05,103,51,301,154,154,154,0,https://pemilu2019.kpu.go.id/img/c/900/045/900045105/11748-08-C-XXX-X5.jpg,https://pemilu2019.kpu.go.id/img/c/900/045/900045105/11748-08-C-XXX-X6.jpg
6728117431174411748900045106,SUMATERA UTARA,KOTA MEDAN,MEDAN KOTA,MESJID,TPS 09,2019-10-25 17:00:05,183,7,293,191,191,190,1,https://pemilu2019.kpu.go.id/img/c/900/045/900045106/11748-09-C-XXX-X5.jpg,https://pemilu2019.kpu.go.id/img/c/900/045/900045106/11748-09-C-XXX-X6.jpg
6728117431174411748900045107,SUMATERA UTARA,KOTA MEDAN,MEDAN KOTA,MESJID,TPS 10,2019-10-25 17:00:05,169,4,285,173,173,173,0,https://pemilu2019.kpu.go.id/img/c/900/045/900045107/1-11748-10-C1-PPWP-X1.jpg,https://pemilu2019.kpu.go.id/img/c/900/045/900045107/1-11748-10-C1-PPWP-X2.jpg
6728117431174411748900045108,SUMATERA UTARA,KOTA MEDAN,MEDAN KOTA,MESJID,TPS 11,2019-10-25 17:00:05,153,9,176,164,164,162,2,https://pemilu2019.kpu.go.id/img/c/900/045/900045108/11748-11-C1-PPWP-X1.jpg,https://pemilu2019.kpu.go.id/img/c/900/045/900045108/11748-11-C1-PPWP-X2.jpg
6728117431174411749900045109,SUMATERA UTARA,KOTA MEDAN,MEDAN KOTA,PANDAU HULU I,TPS 01,2019-10-25 17:00:05,177,30,300,205,207,207,0,https://pemilu2019.kpu.go.id/img/c/900/045/900045109/4-11749-01-C1-PPWP-X1.jpg,https://pemilu2019.kpu.go.id/img/c/900/045/900045109/4-11749-01-C1-PPWP-X2.jpg
6728117431174411749900045110,SUMATERA UTARA,KOTA MEDAN,MEDAN KOTA,PANDAU HULU I,TPS 02,2019-10-25 17:00:05,155,24,284,179,179,179,0,https://pemilu2019.kpu.go.id/img/c/900/045/900045110/3-11749-02-C1-PPWP-X1.jpg,https://pemilu2019.kpu.go.id/img/c/900/045/900045110/3-11749-02-C1-PPWP-X2.jpg
6728117431174411749900045111,SUMATERA UTARA,KOTA MEDAN,MEDAN KOTA,PANDAU HULU I,TPS 03,2019-10-25 17:00:05,131,28,241,160,160,159,1,https://pemilu2019.kpu.go.id/img/c/900/045/900045111/5-11749-03-C1-PPWP-X1.jpg,https://pemilu2019.kpu.go.id/img/c/900/045/900045111/5-11749-03-C1-PPWP-X2.jpg
6728117431174411749900045112,SUMATERA UTARA,KOTA MEDAN,MEDAN KOTA,PANDAU HULU I,TPS 04,2019-10-25 17:00:05,138,27,257,166,166,165,1,https://pemilu2019.kpu.go.id/img/c/900/045/900045112/1-11749-04-C1-PPWP-X1.jpg,https://pemilu2019.kpu.go.id/img/c/900/045/900045112/1-11749-04-C1-PPWP-X2.jpg
6728117431174411749900045113,SUMATERA UTARA,KOTA MEDAN,MEDAN KOTA,PANDAU HULU I,TPS 05,2019-10-25 17:00:05,159,15,277,180,180,174,6,https://pemilu2019.kpu.go.id/img/c/900/045/900045113/4-11749-05-C1-PPWP-X1.jpg,https://pemilu2019.kpu.go.id/img/c/900/045/900045113/4-11749-05-C1-PPWP-X2.jpg
6728117431174411749900045114,SUMATERA UTARA,KOTA MEDAN,MEDAN KOTA,PANDAU HULU I,TPS 06,2019-10-25 17:00:05,141,19,268,200,161,160,1,https://pemilu2019.kpu.go.id/img/c/900/045/900045114/5-11749-06-C1-PPWP-X1.jpg,https://pemilu2019.kpu.go.id/img/c/900/045/900045114/5-11749-06-C1-PPWP-X2.jpg
6728117431174411749900045115,SUMATERA UTARA,KOTA MEDAN,MEDAN KOTA,PANDAU HULU I,TPS 07,2019-10-25 17:00:05,130,19,263,153,153,149,4,https://pemilu2019.kpu.go.id/img/c/900/045/900045115/4-11749-07-C1-PPWP-X1.jpg,https://pemilu2019.kpu.go.id/img/c/900/045/900045115/4-11749-07-C1-PPWP-X2.jpg
6728117431174411749900045116,SUMATERA UTARA,KOTA MEDAN,MEDAN KOTA,PANDAU HULU I,TPS 08,2019-10-25 17:00:05,143,33,242,177,177,176,1,https://pemilu2019.kpu.go.id/img/c/900/045/900045116/1-11749-08-C1-PPWP-X3.jpg,https://pemilu2019.kpu.go.id/img/c/900/045/900045116/1-11749-08-C1-PPWP-X4.jpg
6728117431174411749900045117,SUMATERA UTARA,KOTA MEDAN,MEDAN KOTA,PANDAU HULU I,TPS 09,2019-10-25 17:00:05,138,20,268,159,159,158,1,https://pemilu2019.kpu.go.id/img/c/900/045/900045117/1-11749-09-C1-PPWP-X1.jpg,https://pemilu2019.kpu.go.id/img/c/900/045/900045117/1-11749-09-C1-PPWP-X2.jpg
6728117431174411749900045118,SUMATERA UTARA,KOTA MEDAN,MEDAN KOTA,PANDAU HULU I,TPS 10,2019-10-25 17:00:05,121,15,204,136,136,136,0,https://pemilu2019.kpu.go.id/img/c/900/045/900045118/1-11749-10-C1-PPWP-X1.jpg,https://pemilu2019.kpu.go.id/img/c/900/045/900045118/1-11749-10-C1-PPWP-X2.jpg
6728117431174411749900045119,SUMATERA UTARA,KOTA MEDAN,MEDAN KOTA,PANDAU HULU I,TPS 11,2019-10-25 17:00:05,162,16,292,179,179,178,1,https://pemilu2019.kpu.go.id/img/c/900/045/900045119/1-11749-11-C1-PPWP-X1.jpg,https://pemilu2019.kpu.go.id/img/c/900/045/900045119/1-11749-11-C1-PPWP-X2.jpg
6728117431174411749900045120,SUMATERA UTARA,KOTA MEDAN,MEDAN KOTA,PANDAU HULU I,TPS 12,2019-10-25 17:00:05,158,18,264,176,176,176,0,https://pemilu2019.kpu.go.id/img/c/900/045/900045120/1-11749-12-C1-PPWP-X1.jpg,https://pemilu2019.kpu.go.id/img/c/900/045/900045120/1-11749-12-C1-PPWP-X2.jpg
6728117431174411749900045121,SUMATERA UTARA,KOTA MEDAN,MEDAN KOTA,PANDAU HULU I,TPS 13,2019-10-25 17:00:05,161,16,390,177,273,4,177,https://pemilu2019.kpu.go.id/img/c/900/045/900045121/1-11749-13-C1-PPWP-X1.jpg,https://pemilu2019.kpu.go.id/img/c/900/045/900045121/1-11749-13-C1-PPWP-X2.jpg
6728117431174411749900045122,SUMATERA UTARA,KOTA MEDAN,MEDAN KOTA,PANDAU HULU I,TPS 14,2019-10-25 17:00:05,147,11,292,163,163,158,5,https://pemilu2019.kpu.go.id/img/c/900/045/900045122/1-11749-14-C1-PPWP-X1.jpg,https://pemilu2019.kpu.go.id/img/c/900/045/900045122/1-11749-14-C1-PPWP-X2.jpg
6728117431174411749900045123,SUMATERA UTARA,KOTA MEDAN,MEDAN KOTA,PANDAU HULU I,TPS 15,2019-10-25 17:00:05,129,14,245,144,144,143,1,https://pemilu2019.kpu.go.id/img/c/900/045/900045123/1-11749-15-C1-PPWP-X1.jpg,https://pemilu2019.kpu.go.id/img/c/900/045/900045123/1-11749-15-C1-PPWP-X2.jpg
6728117431174411749900045124,SUMATERA UTARA,KOTA MEDAN,MEDAN KOTA,PANDAU HULU I,TPS 16,2019-10-25 17:00:05,140,5,267,147,147,145,2,https://pemilu2019.kpu.go.id/img/c/900/045/900045124/1-11749-16-C1-PPWP-X1.jpg,https://pemilu2019.kpu.go.id/img/c/900/045/900045124/1-11749-16-C1-PPWP-X2.jpg
6728117431174411749900045125,SUMATERA UTARA,KOTA MEDAN,MEDAN KOTA,PANDAU HULU I,TPS 17,2019-10-25 17:00:05,170,24,322,195,195,194,1,https://pemilu2019.kpu.go.id/img/c/900/045/900045125/2-11749-17-C1-PPWP-X1.jpg,https://pemilu2019.kpu.go.id/img/c/900/045/900045125/2-11749-17-C1-PPWP-X2.jpg
6728117431174411749900045126,SUMATERA UTARA,KOTA MEDAN,MEDAN KOTA,PANDAU HULU I,TPS 18,2019-10-25 17:00:05,108,14,261,122,122,122,0,https://pemilu2019.kpu.go.id/img/c/900/045/900045126/1-11749-18-C1-PPWP-X1.jpg,https://pemilu2019.kpu.go.id/img/c/900/045/900045126/1-11749-18-C1-PPWP-X2.jpg
6728117431174411749900045127,SUMATERA UTARA,KOTA MEDAN,MEDAN KOTA,PANDAU HULU I,TPS 19,2019-10-25 17:00:05,85,51,224,137,137,136,1,https://pemilu2019.kpu.go.id/img/c/900/045/900045127/1-11749-19-C1-PPWP-X1.jpg,https://pemilu2019.kpu.go.id/img/c/900/045/900045127/1-11749-19-C1-PPWP-X2.jpg
6728117431174411745900045053,SUMATERA UTARA,KOTA MEDAN,MEDAN KOTA,PASAR BARU,TPS 01,2019-10-25 17:00:05,159,11,282,173,173,170,3,https://pemilu2019.kpu.go.id/img/c/900/045/900045053/1-11745-01-C1-PPWP-X1.jpg,https://pemilu2019.kpu.go.id/img/c/900/045/900045053/1-11745-01-C1-PPWP-X2.jpg
6728117431174411745900045054,SUMATERA UTARA,KOTA MEDAN,MEDAN KOTA,PASAR BARU,TPS 02,2019-10-25 17:00:05,141,5,277,151,151,146,5,https://pemilu2019.kpu.go.id/img/c/900/045/900045054/1-11745-02-C1-PPWP-X1.jpg,https://pemilu2019.kpu.go.id/img/c/900/045/900045054/1-11745-02-C1-PPWP-X2.jpg
6728117431174411745900045055,SUMATERA UTARA,KOTA MEDAN,MEDAN KOTA,PASAR BARU,TPS 03,2019-10-25 17:00:05,0,0,269,110,0,0,0,https://pemilu2019.kpu.go.id/img/c/900/045/900045055/2-11745-03-C1-PPWP-X1.jpg,https://pemilu2019.kpu.go.id/img/c/900/045/900045055/2-11745-03-C1-PPWP-X2.jpg
6728117431174411745900045056,SUMATERA UTARA,KOTA MEDAN,MEDAN KOTA,PASAR BARU,TPS 04,2019-10-25 17:00:05,119,7,273,127,127,126,1,https://pemilu2019.kpu.go.id/img/c/900/045/900045056/1-11745-04-C1-PPWP-X1.jpg,https://pemilu2019.kpu.go.id/img/c/900/045/900045056/1-11745-04-C1-PPWP-X2.jpg
6728117431174411745900045057,SUMATERA UTARA,KOTA MEDAN,MEDAN KOTA,PASAR BARU,TPS 05,2019-10-25 17:00:05,116,10,127,127,127,126,1,https://pemilu2019.kpu.go.id/img/c/900/045/900045057/1-11745-05-C1-PPWP-X1.jpg,https://pemilu2019.kpu.go.id/img/c/900/045/900045057/1-11745-05-C1-PPWP-X2.jpg
6728117431174411745900045058,SUMATERA UTARA,KOTA MEDAN,MEDAN KOTA,PASAR BARU,TPS 06,2019-10-25 17:00:05,146,20,294,168,168,166,2,https://pemilu2019.kpu.go.id/img/c/900/045/900045058/1-11745-06-C1-PPWP-X1.jpg,https://pemilu2019.kpu.go.id/img/c/900/045/900045058/1-11745-06-C1-PPWP-X2.jpg
6728117431174411745900045059,SUMATERA UTARA,KOTA MEDAN,MEDAN KOTA,PASAR BARU,TPS 07,2019-10-25 17:00:05,152,2,297,158,158,154,4,https://pemilu2019.kpu.go.id/img/c/900/045/900045059/1-11745-07-C1-PPWP-X1.jpg,https://pemilu2019.kpu.go.id/img/c/900/045/900045059/1-11745-07-C1-PPWP-X2.jpg
6728117431174411745900045060,SUMATERA UTARA,KOTA MEDAN,MEDAN KOTA,PASAR BARU,TPS 08,2019-10-25 17:00:05,111,10,239,130,122,121,1,https://pemilu2019.kpu.go.id/img/c/900/045/900045060/1-11745-08-C1-PPWP-X1.jpg,https://pemilu2019.kpu.go.id/img/c/900/045/900045060/1-11745-08-C1-PPWP-X2.jpg
6728117431174411745900045061,SUMATERA UTARA,KOTA MEDAN,MEDAN KOTA,PASAR BARU,TPS 09,2019-10-25 17:00:05,103,11,270,133,127,114,13,https://pemilu2019.kpu.go.id/img/c/900/045/900045061/1-11745-09-C1-PPWP-X1.jpg,https://pemilu2019.kpu.go.id/img/c/900/045/900045061/1-11745-09-C1-PPWP-X2.jpg
6728117431174411745900045062,SUMATERA UTARA,KOTA MEDAN,MEDAN KOTA,PASAR BARU,TPS 10,2019-10-25 17:00:05,123,8,287,133,133,131,2,https://pemilu2019.kpu.go.id/img/c/900/045/900045062/1-11745-10-C-XXX-X5.jpg,https://pemilu2019.kpu.go.id/img/c/900/045/900045062/1-11745-10-C-XXX-X6.jpg
6728117431174411745900045063,SUMATERA UTARA,KOTA MEDAN,MEDAN KOTA,PASAR BARU,TPS 11,2019-10-25 17:00:05,97,11,227,110,110,108,2,https://pemilu2019.kpu.go.id/img/c/900/045/900045063/1-11745-11-C-XXX-X5.jpg,https://pemilu2019.kpu.go.id/img/c/900/045/900045063/1-11745-11-C-XXX-X6.jpg
6728117431174411745900045064,SUMATERA UTARA,KOTA MEDAN,MEDAN KOTA,PASAR BARU,TPS 12,2019-10-25 17:00:05,168,5,259,176,176,173,3,https://pemilu2019.kpu.go.id/img/c/900/045/900045064/1-11745-12-C1-PPWP-X1.jpg,https://pemilu2019.kpu.go.id/img/c/900/045/900045064/1-11745-12-C1-PPWP-X2.jpg
6728117431174411745900045065,SUMATERA UTARA,KOTA MEDAN,MEDAN KOTA,PASAR BARU,TPS 13,2019-10-25 17:00:05,138,8,152,152,152,146,6,https://pemilu2019.kpu.go.id/img/c/900/045/900045065/1-11745-13-C1-PPWP-X1.jpg,https://pemilu2019.kpu.go.id/img/c/900/045/900045065/1-11745-13-C1-PPWP-X2.jpg
6728117431174411745900045066,SUMATERA UTARA,KOTA MEDAN,MEDAN KOTA,PASAR BARU,TPS 14,2019-10-25 17:00:05,124,9,270,136,136,133,3,https://pemilu2019.kpu.go.id/img/c/900/045/900045066/1-11745-14-C1-PPWP-X1.jpg,https://pemilu2019.kpu.go.id/img/c/900/045/900045066/1-11745-14-C1-PPWP-X2.jpg
6728117431174411745900045067,SUMATERA UTARA,KOTA MEDAN,MEDAN KOTA,PASAR BARU,TPS 15,2019-10-25 17:00:05,115,6,280,135,135,121,14,https://pemilu2019.kpu.go.id/img/c/900/045/900045067/1-11745-15-C1-PPWP-X1.jpg,https://pemilu2019.kpu.go.id/img/c/900/045/900045067/1-11745-15-C1-PPWP-X2.jpg
6728117431174411751900045152,SUMATERA UTARA,KOTA MEDAN,MEDAN KOTA,PASAR MERAH BARAT,TPS 01,2019-10-25 17:00:05,67,34,101,101,102,101,1,https://pemilu2019.kpu.go.id/img/c/900/045/900045152/1-11751-01-C1-PPWP-X1.jpg,https://pemilu2019.kpu.go.id/img/c/900/045/900045152/1-11751-01-C1-PPWP-X2.jpg
6728117431174411751900045153,SUMATERA UTARA,KOTA MEDAN,MEDAN KOTA,PASAR MERAH BARAT,TPS 02,2019-10-25 17:00:05,18,85,226,105,106,103,3,https://pemilu2019.kpu.go.id/img/c/900/045/900045153/1-11751-02-C1-PPWP-X1.jpg,https://pemilu2019.kpu.go.id/img/c/900/045/900045153/1-11751-02-C1-PPWP-X2.jpg
6728117431174411751900045154,SUMATERA UTARA,KOTA MEDAN,MEDAN KOTA,PASAR MERAH BARAT,TPS 03,2019-10-25 17:00:05,45,84,197,129,191,129,0,https://pemilu2019.kpu.go.id/img/c/900/045/900045154/1-11751-03-C1-PPWP-X1.jpg,https://pemilu2019.kpu.go.id/img/c/900/045/900045154/1-11751-03-C1-PPWP-X2.jpg
6728117431174411751900045155,SUMATERA UTARA,KOTA MEDAN,MEDAN KOTA,PASAR MERAH BARAT,TPS 04,2019-10-25 17:00:05,34,89,254,124,124,123,1,https://pemilu2019.kpu.go.id/img/c/900/045/900045155/1-11751-04-C1-PPWP-X1.jpg,https://pemilu2019.kpu.go.id/img/c/900/045/900045155/1-11751-04-C1-PPWP-X2.jpg
6728117431174411751900045156,SUMATERA UTARA,KOTA MEDAN,MEDAN KOTA,PASAR MERAH BARAT,TPS 05,2019-10-25 17:00:05,39,116,258,155,155,155,155,https://pemilu2019.kpu.go.id/img/c/900/045/900045156/1-11751-05-C1-PPWP-X1.jpg,https://pemilu2019.kpu.go.id/img/c/900/045/900045156/1-11751-05-C1-PPWP-X2.jpg
6728117431174411751900045157,SUMATERA UTARA,KOTA MEDAN,MEDAN KOTA,PASAR MERAH BARAT,TPS 06,2019-10-25 17:00:05,29,129,310,158,158,158,0,https://pemilu2019.kpu.go.id/img/c/900/045/900045157/1-11751-06-C1-PPWP-X1.jpg,https://pemilu2019.kpu.go.id/img/c/900/045/900045157/1-11751-06-C1-PPWP-X2.jpg
6728117431174411751900045158,SUMATERA UTARA,KOTA MEDAN,MEDAN KOTA,PASAR MERAH BARAT,TPS 07,2019-10-25 17:00:05,31,113,266,144,144,144,0,https://pemilu2019.kpu.go.id/img/c/900/045/900045158/1-11751-07-C1-PPWP-X1.jpg,https://pemilu2019.kpu.go.id/img/c/900/045/900045158/1-11751-07-C1-PPWP-X2.jpg
6728117431174411751900045159,SUMATERA UTARA,KOTA MEDAN,MEDAN KOTA,PASAR MERAH BARAT,TPS 08,2019-10-25 17:00:05,28,125,258,154,154,153,1,https://pemilu2019.kpu.go.id/img/c/900/045/900045159/1-11751-08-C1-PPWP-X1.jpg,https://pemilu2019.kpu.go.id/img/c/900/045/900045159/1-11751-08-C1-PPWP-X2.jpg
6728117431174411751900045160,SUMATERA UTARA,KOTA MEDAN,MEDAN KOTA,PASAR MERAH BARAT,TPS 09,2019-10-25 17:00:05,46,126,232,187,172,172,0,https://pemilu2019.kpu.go.id/img/c/900/045/900045160/1-11751-09-C1-PPWP-X1.jpg,https://pemilu2019.kpu.go.id/img/c/900/045/900045160/1-11751-09-C1-PPWP-X2.jpg
6728117431174411751900045161,SUMATERA UTARA,KOTA MEDAN,MEDAN KOTA,PASAR MERAH BARAT,TPS 10,2019-10-25 17:00:05,69,79,199,148,0,148,0,https://pemilu2019.kpu.go.id/img/c/900/045/900045161/1-11751-10-C1-PPWP-X1.jpg,https://pemilu2019.kpu.go.id/img/c/900/045/900045161/1-11751-10-C1-PPWP-X2.jpg
6728117431174411751900045162,SUMATERA UTARA,KOTA MEDAN,MEDAN KOTA,PASAR MERAH BARAT,TPS 11,2019-10-25 17:00:05,71,61,194,132,132,132,0,https://pemilu2019.kpu.go.id/img/c/900/045/900045162/1-11751-11-C1-PPWP-X1.jpg,https://pemilu2019.kpu.go.id/img/c/900/045/900045162/1-11751-11-C1-PPWP-X2.jpg
6728117431174411751900045163,SUMATERA UTARA,KOTA MEDAN,MEDAN KOTA,PASAR MERAH BARAT,TPS 12,2019-10-25 17:00:05,48,84,137,137,137,132,5,https://pemilu2019.kpu.go.id/img/c/900/045/900045163/1-11751-12-C1-PPWP-X1.jpg,https://pemilu2019.kpu.go.id/img/c/900/045/900045163/1-11751-12-C1-PPWP-X2.jpg
6728117431174411751900045164,SUMATERA UTARA,KOTA MEDAN,MEDAN KOTA,PASAR MERAH BARAT,TPS 13,2019-10-25 17:00:05,77,82,321,159,159,159,0,https://pemilu2019.kpu.go.id/img/c/900/045/900045164/1-11751-13-C1-PPWP-X1.jpg,https://pemilu2019.kpu.go.id/img/c/900/045/900045164/1-11751-13-C1-PPWP-X2.jpg
6728117431174411751900045165,SUMATERA UTARA,KOTA MEDAN,MEDAN KOTA,PASAR MERAH BARAT,TPS 14,2019-10-25 17:00:05,69,79,199,148,0,148,0,https://pemilu2019.kpu.go.id/img/c/900/045/900045165/1-11751-14-C1-PPWP-X1.jpg,https://pemilu2019.kpu.go.id/img/c/900/045/900045165/1-11751-14-C1-PPWP-X2.jpg
6728117431174411751900045166,SUMATERA UTARA,KOTA MEDAN,MEDAN KOTA,PASAR MERAH BARAT,TPS 15,2019-10-25 17:00:05,28,116,324,145,145,144,1,https://pemilu2019.kpu.go.id/img/c/900/045/900045166/1-11751-15-C1-PPWP-X1.jpg,https://pemilu2019.kpu.go.id/img/c/900/045/900045166/1-11751-15-C1-PPWP-X2.jpg
6728117431174411746900045068,SUMATERA UTARA,KOTA MEDAN,MEDAN KOTA,PUSAT PASAR,TPS 01,2019-10-25 17:00:05,116,61,279,177,177,177,0,https://pemilu2019.kpu.go.id/img/c/900/045/900045068/1-11746-01-C1-PPWP-X1.jpg,https://pemilu2019.kpu.go.id/img/c/900/045/900045068/1-11746-01-C1-PPWP-X2.jpg
6728117431174411746900045069,SUMATERA UTARA,KOTA MEDAN,MEDAN KOTA,PUSAT PASAR,TPS 02,2019-10-25 17:00:05,125,61,279,186,186,186,0,https://pemilu2019.kpu.go.id/img/c/900/045/900045069/1-11746-02-C1-PPWP-X1.jpg,https://pemilu2019.kpu.go.id/img/c/900/045/900045069/1-11746-02-C1-PPWP-X2.jpg
6728117431174411746900045070,SUMATERA UTARA,KOTA MEDAN,MEDAN KOTA,PUSAT PASAR,TPS 03,2019-10-25 17:00:05,108,1,252,111,111,109,2,https://pemilu2019.kpu.go.id/img/c/900/045/900045070/1-11746-03-C1-PPWP-X1.jpg,https://pemilu2019.kpu.go.id/img/c/900/045/900045070/1-11746-03-C1-PPWP-X2.jpg
6728117431174411746900045071,SUMATERA UTARA,KOTA MEDAN,MEDAN KOTA,PUSAT PASAR,TPS 04,2019-10-25 17:00:05,86,1,243,87,87,87,0,https://pemilu2019.kpu.go.id/img/c/900/045/900045071/1-11746-04-C1-PPWP-X1.jpg,https://pemilu2019.kpu.go.id/img/c/900/045/900045071/1-11746-04-C1-PPWP-X2.jpg
6728117431174411746900045072,SUMATERA UTARA,KOTA MEDAN,MEDAN KOTA,PUSAT PASAR,TPS 05,2019-10-25 17:00:05,142,18,299,161,161,160,1,https://pemilu2019.kpu.go.id/img/c/900/045/900045072/1-11746-05-C1-PPWP-X1.jpg,https://pemilu2019.kpu.go.id/img/c/900/045/900045072/1-11746-05-C1-PPWP-X2.jpg
6728117431174411746900045073,SUMATERA UTARA,KOTA MEDAN,MEDAN KOTA,PUSAT PASAR,TPS 06,2019-10-25 17:00:05,154,18,274,174,174,172,2,https://pemilu2019.kpu.go.id/img/c/900/045/900045073/1-11746-06-C1-PPWP-X1.jpg,https://pemilu2019.kpu.go.id/img/c/900/045/900045073/1-11746-06-C1-PPWP-X2.jpg
6728117431174411746900045074,SUMATERA UTARA,KOTA MEDAN,MEDAN KOTA,PUSAT PASAR,TPS 07,2019-10-25 17:00:05,154,14,298,174,174,168,6,https://pemilu2019.kpu.go.id/img/c/900/045/900045074/1-11746-07-C1-PPWP-X1.jpg,https://pemilu2019.kpu.go.id/img/c/900/045/900045074/1-11746-07-C1-PPWP-X2.jpg
6728117431174411746900045075,SUMATERA UTARA,KOTA MEDAN,MEDAN KOTA,PUSAT PASAR,TPS 08,2019-10-25 17:00:05,208,5,298,216,216,213,3,https://pemilu2019.kpu.go.id/img/c/900/045/900045075/1-11746-08-C1-PPWP-X1.jpg,https://pemilu2019.kpu.go.id/img/c/900/045/900045075/1-11746-08-C1-PPWP-X2.jpg
6728117431174411746900045076,SUMATERA UTARA,KOTA MEDAN,MEDAN KOTA,PUSAT PASAR,TPS 09,2019-10-25 17:00:05,176,14,288,192,192,190,2,https://pemilu2019.kpu.go.id/img/c/900/045/900045076/1-11746-09-C-XXX-X5.jpg,https://pemilu2019.kpu.go.id/img/c/900/045/900045076/1-11746-09-C-XXX-X6.jpg
6728117431174411746900045077,SUMATERA UTARA,KOTA MEDAN,MEDAN KOTA,PUSAT PASAR,TPS 10,2019-10-25 17:00:05,206,16,308,224,224,222,2,https://pemilu2019.kpu.go.id/img/c/900/045/900045077/1-11746-10-C1-PPWP-X1.jpg,https://pemilu2019.kpu.go.id/img/c/900/045/900045077/1-11746-10-C1-PPWP-X2.jpg
6728117431174411746900045078,SUMATERA UTARA,KOTA MEDAN,MEDAN KOTA,PUSAT PASAR,TPS 11,2019-10-25 17:00:05,157,24,312,181,181,181,0,https://pemilu2019.kpu.go.id/img/c/900/045/900045078/1-11746-11-C1-PPWP-X1.jpg,https://pemilu2019.kpu.go.id/img/c/900/045/900045078/1-11746-11-C1-PPWP-X2.jpg
6728117431174411746900045079,SUMATERA UTARA,KOTA MEDAN,MEDAN KOTA,PUSAT PASAR,TPS 12,2019-10-25 17:00:05,166,22,299,189,189,188,1,https://pemilu2019.kpu.go.id/img/c/900/045/900045079/1-11746-12-C1-PPWP-X1.jpg,https://pemilu2019.kpu.go.id/img/c/900/045/900045079/1-11746-12-C1-PPWP-X2.jpg
6728117431174411746900045080,SUMATERA UTARA,KOTA MEDAN,MEDAN KOTA,PUSAT PASAR,TPS 13,2019-10-25 17:00:05,141,25,280,166,166,166,0,https://pemilu2019.kpu.go.id/img/c/900/045/900045080/1-11746-13-C1-PPWP-X1.jpg,https://pemilu2019.kpu.go.id/img/c/900/045/900045080/1-11746-13-C1-PPWP-X2.jpg
6728117431174411746900045081,SUMATERA UTARA,KOTA MEDAN,MEDAN KOTA,PUSAT PASAR,TPS 14,2019-10-25 17:00:05,145,25,296,172,172,170,2,https://pemilu2019.kpu.go.id/img/c/900/045/900045081/1-11746-14-C1-PPWP-X1.jpg,https://pemilu2019.kpu.go.id/img/c/900/045/900045081/1-11746-14-C1-PPWP-X2.jpg
6728117431174411747900045082,SUMATERA UTARA,KOTA MEDAN,MEDAN KOTA,SEI RENGAS I,TPS 01,2019-10-25 17:00:05,161,4,256,171,171,165,6,https://pemilu2019.kpu.go.id/img/c/900/045/900045082/1-11747-01-C1-PPWP-X1.jpg,https://pemilu2019.kpu.go.id/img/c/900/045/900045082/1-11747-01-C1-PPWP-X2.jpg
6728117431174411747900045083,SUMATERA UTARA,KOTA MEDAN,MEDAN KOTA,SEI RENGAS I,TPS 02,2019-10-25 17:00:05,165,5,244,171,171,170,1,https://pemilu2019.kpu.go.id/img/c/900/045/900045083/1-11747-02-C1-PPWP-X1.jpg,https://pemilu2019.kpu.go.id/img/c/900/045/900045083/1-11747-02-C1-PPWP-X2.jpg
6728117431174411747900045084,SUMATERA UTARA,KOTA MEDAN,MEDAN KOTA,SEI RENGAS I,TPS 03,2019-10-25 17:00:05,165,9,291,180,180,174,6,https://pemilu2019.kpu.go.id/img/c/900/045/900045084/1-11747-03-C1-PPWP-X1.jpg,https://pemilu2019.kpu.go.id/img/c/900/045/900045084/1-11747-03-C1-PPWP-X2.jpg
6728117431174411747900045085,SUMATERA UTARA,KOTA MEDAN,MEDAN KOTA,SEI RENGAS I,TPS 04,2019-10-25 17:00:05,162,20,295,183,183,182,1,https://pemilu2019.kpu.go.id/img/c/900/045/900045085/2-11747-04-C1-PPWP-X1.jpg,https://pemilu2019.kpu.go.id/img/c/900/045/900045085/2-11747-04-C1-PPWP-X2.jpg
6728117431174411747900045086,SUMATERA UTARA,KOTA MEDAN,MEDAN KOTA,SEI RENGAS I,TPS 05,2019-10-25 17:00:05,177,5,272,177,177,177,0,https://pemilu2019.kpu.go.id/img/c/900/045/900045086/2-11747-05-C1-PPWP-X1.jpg,https://pemilu2019.kpu.go.id/img/c/900/045/900045086/2-11747-05-C1-PPWP-X2.jpg
6728117431174411747900045087,SUMATERA UTARA,KOTA MEDAN,MEDAN KOTA,SEI RENGAS I,TPS 06,2019-10-25 17:00:05,179,10,296,193,193,189,4,https://pemilu2019.kpu.go.id/img/c/900/045/900045087/3-11747-06-C1-PPWP-X1.jpg,https://pemilu2019.kpu.go.id/img/c/900/045/900045087/3-11747-06-C1-PPWP-X2.jpg
6728117431174411747900045088,SUMATERA UTARA,KOTA MEDAN,MEDAN KOTA,SEI RENGAS I,TPS 07,2019-10-25 17:00:05,194,22,280,216,216,216,0,https://pemilu2019.kpu.go.id/img/c/900/045/900045088/2-11747-07-C1-PPWP-X1.jpg,https://pemilu2019.kpu.go.id/img/c/900/045/900045088/2-11747-07-C1-PPWP-X2.jpg
6728117431174411747900045089,SUMATERA UTARA,KOTA MEDAN,MEDAN KOTA,SEI RENGAS I,TPS 08,2019-10-25 17:00:05,165,12,287,177,177,177,0,https://pemilu2019.kpu.go.id/img/c/900/045/900045089/2-11747-08-C1-PPWP-X1.jpg,https://pemilu2019.kpu.go.id/img/c/900/045/900045089/2-11747-08-C1-PPWP-X2.jpg
6728117431174411747900045090,SUMATERA UTARA,KOTA MEDAN,MEDAN KOTA,SEI RENGAS I,TPS 09,2019-10-25 17:00:05,192,2,278,196,196,194,2,https://pemilu2019.kpu.go.id/img/c/900/045/900045090/2-11747-09-C1-PPWP-X1.jpg,https://pemilu2019.kpu.go.id/img/c/900/045/900045090/2-11747-09-C1-PPWP-X2.jpg
6728117431174411747900045091,SUMATERA UTARA,KOTA MEDAN,MEDAN KOTA,SEI RENGAS I,TPS 10,2019-10-25 17:00:05,148,6,254,157,154,154,0,https://pemilu2019.kpu.go.id/img/c/900/045/900045091/1-11747-10-C1-PPWP-X1.jpg,https://pemilu2019.kpu.go.id/img/c/900/045/900045091/1-11747-10-C1-PPWP-X2.jpg
6728117431174411747900045092,SUMATERA UTARA,KOTA MEDAN,MEDAN KOTA,SEI RENGAS I,TPS 11,2019-10-25 17:00:05,221,12,322,234,234,233,1,https://pemilu2019.kpu.go.id/img/c/900/045/900045092/1-11747-11-C1-PPWP-X1.jpg,https://pemilu2019.kpu.go.id/img/c/900/045/900045092/1-11747-11-C1-PPWP-X2.jpg
6728117431174411747900045093,SUMATERA UTARA,KOTA MEDAN,MEDAN KOTA,SEI RENGAS I,TPS 12,2019-10-25 17:00:05,178,16,290,196,196,194,2,https://pemilu2019.kpu.go.id/img/c/900/045/900045093/2-11747-12-C1-PPWP-X1.jpg,https://pemilu2019.kpu.go.id/img/c/900/045/900045093/2-11747-12-C1-PPWP-X2.jpg
6728117431174411747900045094,SUMATERA UTARA,KOTA MEDAN,MEDAN KOTA,SEI RENGAS I,TPS 13,2019-10-25 17:00:05,135,16,255,151,151,151,0,https://pemilu2019.kpu.go.id/img/c/900/045/900045094/3-11747-13-C1-PPWP-X1.jpg,https://pemilu2019.kpu.go.id/img/c/900/045/900045094/3-11747-13-C1-PPWP-X2.jpg
6728117431174411747900045095,SUMATERA UTARA,KOTA MEDAN,MEDAN KOTA,SEI RENGAS I,TPS 14,2019-10-25 17:00:05,171,10,302,183,183,181,2,https://pemilu2019.kpu.go.id/img/c/900/045/900045095/11747-14-C1-PPWP-X1.jpg,https://pemilu2019.kpu.go.id/img/c/900/045/900045095/11747-14-C1-PPWP-X2.jpg
6728117431174411747900045096,SUMATERA UTARA,KOTA MEDAN,MEDAN KOTA,SEI RENGAS I,TPS 15,2019-10-25 17:00:05,158,5,305,163,163,163,0,https://pemilu2019.kpu.go.id/img/c/900/045/900045096/11747-15-C1-PPWP-X1.jpg,https://pemilu2019.kpu.go.id/img/c/900/045/900045096/11747-15-C1-PPWP-X2.jpg
6728117431174411747900045097,SUMATERA UTARA,KOTA MEDAN,MEDAN KOTA,SEI RENGAS I,TPS 16,2019-10-25 17:00:05,189,3,290,192,192,192,0,https://pemilu2019.kpu.go.id/img/c/900/045/900045097/11747-16-C1-PPWP-X1.jpg,https://pemilu2019.kpu.go.id/img/c/900/045/900045097/11747-16-C1-PPWP-X2.jpg
6728117431174411756900045304,SUMATERA UTARA,KOTA MEDAN,MEDAN KOTA,SITIREJO I,TPS 01,2019-10-25 17:00:05,55,152,312,207,207,207,0,https://pemilu2019.kpu.go.id/img/c/900/045/900045304/1-11756-01-C1-PPWP-X1.jpg,https://pemilu2019.kpu.go.id/img/c/900/045/900045304/1-11756-01-C1-PPWP-X2.jpg
6728117431174411756900045305,SUMATERA UTARA,KOTA MEDAN,MEDAN KOTA,SITIREJO I,TPS 02,2019-10-25 17:00:05,50,152,306,204,204,202,2,https://pemilu2019.kpu.go.id/img/c/900/045/900045305/1-11756-02-C1-PPWP-X1.jpg,https://pemilu2019.kpu.go.id/img/c/900/045/900045305/1-11756-02-C1-PPWP-X2.jpg
6728117431174411756900045306,SUMATERA UTARA,KOTA MEDAN,MEDAN KOTA,SITIREJO I,TPS 03,2019-10-25 17:00:05,55,128,305,183,183,183,0,https://pemilu2019.kpu.go.id/img/c/900/045/900045306/1-11756-03-C1-PPWP-X1.jpg,https://pemilu2019.kpu.go.id/img/c/900/045/900045306/1-11756-03-C1-PPWP-X2.jpg
6728117431174411756900045307,SUMATERA UTARA,KOTA MEDAN,MEDAN KOTA,SITIREJO I,TPS 04,2019-10-25 17:00:05,51,134,186,186,186,185,1,https://pemilu2019.kpu.go.id/img/c/900/045/900045307/11756-04-C-XXX-X5.jpg,https://pemilu2019.kpu.go.id/img/c/900/045/900045307/11756-04-C-XXX-X6.jpg
6728117431174411756900045308,SUMATERA UTARA,KOTA MEDAN,MEDAN KOTA,SITIREJO I,TPS 05,2019-10-25 17:00:05,46,155,310,202,202,201,1,https://pemilu2019.kpu.go.id/img/c/900/045/900045308/11756-05-C1-PPWP-X1.jpg,https://pemilu2019.kpu.go.id/img/c/900/045/900045308/11756-05-C1-PPWP-X2.jpg
6728117431174411756900045309,SUMATERA UTARA,KOTA MEDAN,MEDAN KOTA,SITIREJO I,TPS 06,2019-10-25 17:00:05,46,130,299,178,178,176,2,https://pemilu2019.kpu.go.id/img/c/900/045/900045309/11756-06-C-XXX-X5.jpg,https://pemilu2019.kpu.go.id/img/c/900/045/900045309/11756-06-C-XXX-X6.jpg
6728117431174411756900045310,SUMATERA UTARA,KOTA MEDAN,MEDAN KOTA,SITIREJO I,TPS 07,2019-10-25 17:00:05,64,108,314,173,173,172,1,https://pemilu2019.kpu.go.id/img/c/900/045/900045310/11756-07-C1-PPWP-X1.jpg,https://pemilu2019.kpu.go.id/img/c/900/045/900045310/11756-07-C1-PPWP-X2.jpg
6728117431174411756900045311,SUMATERA UTARA,KOTA MEDAN,MEDAN KOTA,SITIREJO I,TPS 08,2019-10-25 17:00:05,67,140,317,207,207,207,0,https://pemilu2019.kpu.go.id/img/c/900/045/900045311/2-11756-08-C1-PPWP-X1.jpg,https://pemilu2019.kpu.go.id/img/c/900/045/900045311/2-11756-08-C1-PPWP-X2.jpg
6728117431174411756900045312,SUMATERA UTARA,KOTA MEDAN,MEDAN KOTA,SITIREJO I,TPS 09,2019-10-25 17:00:05,79,79,310,157,158,158,0,https://pemilu2019.kpu.go.id/img/c/900/045/900045312/11756-09-C-XXX-X5.jpg,https://pemilu2019.kpu.go.id/img/c/900/045/900045312/11756-09-C-XXX-X6.jpg
6728117431174411756900045313,SUMATERA UTARA,KOTA MEDAN,MEDAN KOTA,SITIREJO I,TPS 10,2019-10-25 17:00:05,48,118,311,167,167,166,1,https://pemilu2019.kpu.go.id/img/c/900/045/900045313/11756-10-C-XXX-X5.jpg,https://pemilu2019.kpu.go.id/img/c/900/045/900045313/11756-10-C-XXX-X6.jpg
6728117431174411756900045314,SUMATERA UTARA,KOTA MEDAN,MEDAN KOTA,SITIREJO I,TPS 11,2019-10-25 17:00:05,62,102,164,164,164,164,0,https://pemilu2019.kpu.go.id/img/c/900/045/900045314/11756-11-C1-PPWP-X1.jpg,https://pemilu2019.kpu.go.id/img/c/900/045/900045314/11756-11-C1-PPWP-X2.jpg
6728117431174411756900045315,SUMATERA UTARA,KOTA MEDAN,MEDAN KOTA,SITIREJO I,TPS 12,2019-10-25 17:00:05,33,104,241,138,138,137,1,https://pemilu2019.kpu.go.id/img/c/900/045/900045315/11756-12-C-XXX-X5.jpg,https://pemilu2019.kpu.go.id/img/c/900/045/900045315/11756-12-C-XXX-X6.jpg
6728117431174411756900045316,SUMATERA UTARA,KOTA MEDAN,MEDAN KOTA,SITIREJO I,TPS 13,2019-10-25 17:00:05,75,90,232,165,165,165,0,https://pemilu2019.kpu.go.id/img/c/900/045/900045316/1-11756-13-C1-PPWP-X1.jpg,https://pemilu2019.kpu.go.id/img/c/900/045/900045316/1-11756-13-C1-PPWP-X2.jpg
6728117431174411756900045317,SUMATERA UTARA,KOTA MEDAN,MEDAN KOTA,SITIREJO I,TPS 14,2019-10-25 17:00:05,48,128,277,177,177,176,1,https://pemilu2019.kpu.go.id/img/c/900/045/900045317/11756-14-C-XXX-X5.jpg,https://pemilu2019.kpu.go.id/img/c/900/045/900045317/11756-14-C-XXX-X6.jpg
6728117431174411756900045318,SUMATERA UTARA,KOTA MEDAN,MEDAN KOTA,SITIREJO I,TPS 15,2019-10-25 17:00:05,217,7,337,225,225,224,1,https://pemilu2019.kpu.go.id/img/c/900/045/900045318/11756-15-C-XXX-X5.jpg,https://pemilu2019.kpu.go.id/img/c/900/045/900045318/11756-15-C-XXX-X6.jpg
6728117431174411756900045319,SUMATERA UTARA,KOTA MEDAN,MEDAN KOTA,SITIREJO I,TPS 16,2019-10-25 17:00:05,57,167,290,224,224,224,0,https://pemilu2019.kpu.go.id/img/c/900/045/900045319/11756-16-C-XXX-X5.jpg,https://pemilu2019.kpu.go.id/img/c/900/045/900045319/11756-16-C-XXX-X6.jpg
6728117431174411756900045320,SUMATERA UTARA,KOTA MEDAN,MEDAN KOTA,SITIREJO I,TPS 17,2019-10-25 17:00:05,48,121,300,170,170,169,1,https://pemilu2019.kpu.go.id/img/c/900/045/900045320/2-11756-17-C1-PPWP-X1.jpg,https://pemilu2019.kpu.go.id/img/c/900/045/900045320/2-11756-17-C1-PPWP-X2.jpg
6728117431174411756900045321,SUMATERA UTARA,KOTA MEDAN,MEDAN KOTA,SITIREJO I,TPS 18,2019-10-25 17:00:05,175,6,292,292,181,181,0,https://pemilu2019.kpu.go.id/img/c/900/045/900045321/1-11756-18-C1-PPWP-X1.jpg,https://pemilu2019.kpu.go.id/img/c/900/045/900045321/1-11756-18-C1-PPWP-X2.jpg
6728117431174411756900045322,SUMATERA UTARA,KOTA MEDAN,MEDAN KOTA,SITIREJO I,TPS 19,2019-10-25 17:00:05,203,5,310,208,209,208,1,https://pemilu2019.kpu.go.id/img/c/900/045/900045322/11756-19-C1-PPWP-X1.jpg,https://pemilu2019.kpu.go.id/img/c/900/045/900045322/11756-19-C1-PPWP-X2.jpg
6728117431174411756900045323,SUMATERA UTARA,KOTA MEDAN,MEDAN KOTA,SITIREJO I,TPS 20,2019-10-25 17:00:05,165,12,302,179,179,177,2,https://pemilu2019.kpu.go.id/img/c/900/045/900045323/11756-20-C-XXX-X5.jpg,https://pemilu2019.kpu.go.id/img/c/900/045/900045323/11756-20-C-XXX-X6.jpg
6728117431174411756900045324,SUMATERA UTARA,KOTA MEDAN,MEDAN KOTA,SITIREJO I,TPS 21,2019-10-25 17:00:05,179,5,310,185,185,184,1,https://pemilu2019.kpu.go.id/img/c/900/045/900045324/11756-21-C-XXX-X5.jpg,https://pemilu2019.kpu.go.id/img/c/900/045/900045324/11756-21-C-XXX-X6.jpg
6728117431174411756900045325,SUMATERA UTARA,KOTA MEDAN,MEDAN KOTA,SITIREJO I,TPS 22,2019-10-25 17:00:05,130,34,305,165,165,164,1,https://pemilu2019.kpu.go.id/img/c/900/045/900045325/11756-22-C-XXX-X5.jpg,https://pemilu2019.kpu.go.id/img/c/900/045/900045325/11756-22-C-XXX-X6.jpg
6728117431174411756900045326,SUMATERA UTARA,KOTA MEDAN,MEDAN KOTA,SITIREJO I,TPS 23,2019-10-25 17:00:05,189,10,199,199,283,199,0,https://pemilu2019.kpu.go.id/img/c/900/045/900045326/11756-23-C-XXX-X5.jpg,https://pemilu2019.kpu.go.id/img/c/900/045/900045326/11756-23-C-XXX-X6.jpg
6728117431174411756900045327,SUMATERA UTARA,KOTA MEDAN,MEDAN KOTA,SITIREJO I,TPS 24,2019-10-25 17:00:05,85,64,272,153,153,149,4,https://pemilu2019.kpu.go.id/img/c/900/045/900045327/2-11756-24-C1-PPWP-X1.jpg,https://pemilu2019.kpu.go.id/img/c/900/045/900045327/2-11756-24-C1-PPWP-X2.jpg
6728117431174411756900045328,SUMATERA UTARA,KOTA MEDAN,MEDAN KOTA,SITIREJO I,TPS 25,2019-10-25 17:00:05,155,17,283,193,173,172,1,https://pemilu2019.kpu.go.id/img/c/900/045/900045328/11756-25-C-XXX-X5.jpg,https://pemilu2019.kpu.go.id/img/c/900/045/900045328/11756-25-C-XXX-X6.jpg
6728117431174411756900045329,SUMATERA UTARA,KOTA MEDAN,MEDAN KOTA,SITIREJO I,TPS 26,2019-10-25 17:00:05,154,23,291,177,177,177,0,https://pemilu2019.kpu.go.id/img/c/900/045/900045329/11756-26-C-XXX-X5.jpg,https://pemilu2019.kpu.go.id/img/c/900/045/900045329/11756-26-C-XXX-X6.jpg
6728117431174411756900045330,SUMATERA UTARA,KOTA MEDAN,MEDAN KOTA,SITIREJO I,TPS 27,2019-10-25 17:00:05,55,102,302,157,298,157,0,https://pemilu2019.kpu.go.id/img/c/900/045/900045330/11756-27-C-XXX-X5.jpg,https://pemilu2019.kpu.go.id/img/c/900/045/900045330/11756-27-C-XXX-X6.jpg
6728117431174411754900045226,SUMATERA UTARA,KOTA MEDAN,MEDAN KOTA,SUDIREJO 1,TPS 01,2019-10-25 17:00:05,157,59,287,216,296,216,80,https://pemilu2019.kpu.go.id/img/c/900/045/900045226/1-11754-01-C1-PPWP-X1.jpg,https://pemilu2019.kpu.go.id/img/c/900/045/900045226/1-11754-01-C1-PPWP-X2.jpg
6728117431174411754900045227,SUMATERA UTARA,KOTA MEDAN,MEDAN KOTA,SUDIREJO 1,TPS 02,2019-10-25 17:00:05,97,52,282,150,150,149,1,https://pemilu2019.kpu.go.id/img/c/900/045/900045227/1-11754-02-C-XXX-X5.jpg,https://pemilu2019.kpu.go.id/img/c/900/045/900045227/1-11754-02-C-XXX-X6.jpg
6728117431174411754900045228,SUMATERA UTARA,KOTA MEDAN,MEDAN KOTA,SUDIREJO 1,TPS 03,2019-10-25 17:00:05,85,62,275,147,147,147,0,https://pemilu2019.kpu.go.id/img/c/900/045/900045228/1-11754-03-C1-PPWP-X1.jpg,https://pemilu2019.kpu.go.id/img/c/900/045/900045228/1-11754-03-C1-PPWP-X2.jpg
6728117431174411754900045229,SUMATERA UTARA,KOTA MEDAN,MEDAN KOTA,SUDIREJO 1,TPS 04,2019-10-25 17:00:05,136,70,311,217,207,206,1,https://pemilu2019.kpu.go.id/img/c/900/045/900045229/1-11754-04-C-XXX-X5.jpg,https://pemilu2019.kpu.go.id/img/c/900/045/900045229/1-11754-04-C-XXX-X6.jpg
6728117431174411754900045230,SUMATERA UTARA,KOTA MEDAN,MEDAN KOTA,SUDIREJO 1,TPS 05,2019-10-25 17:00:05,128,62,297,191,191,1,190,https://pemilu2019.kpu.go.id/img/c/900/045/900045230/1-11754-05-C-XXX-X5.jpg,https://pemilu2019.kpu.go.id/img/c/900/045/900045230/1-11754-05-C-XXX-X6.jpg
6728117431174411754900045231,SUMATERA UTARA,KOTA MEDAN,MEDAN KOTA,SUDIREJO 1,TPS 06,2019-10-25 17:00:05,58,173,293,232,233,231,2,https://pemilu2019.kpu.go.id/img/c/900/045/900045231/1-11754-06-C1-PPWP-X1.jpg,https://pemilu2019.kpu.go.id/img/c/900/045/900045231/1-11754-06-C1-PPWP-X2.jpg
6728117431174411754900045232,SUMATERA UTARA,KOTA MEDAN,MEDAN KOTA,SUDIREJO 1,TPS 07,2019-10-25 17:00:05,40,144,276,184,184,184,0,https://pemilu2019.kpu.go.id/img/c/900/045/900045232/1-11754-07-C-XXX-X5.jpg,https://pemilu2019.kpu.go.id/img/c/900/045/900045232/1-11754-07-C-XXX-X6.jpg
6728117431174411754900045233,SUMATERA UTARA,KOTA MEDAN,MEDAN KOTA,SUDIREJO 1,TPS 08,2019-10-25 17:00:05,49,122,183,172,172,171,1,https://pemilu2019.kpu.go.id/img/c/900/045/900045233/1-11754-08-C-XXX-X5.jpg,https://pemilu2019.kpu.go.id/img/c/900/045/900045233/1-11754-08-C-XXX-X6.jpg
6728117431174411754900045234,SUMATERA UTARA,KOTA MEDAN,MEDAN KOTA,SUDIREJO 1,TPS 09,2019-10-25 17:00:05,44,132,276,176,176,176,0,https://pemilu2019.kpu.go.id/img/c/900/045/900045234/1-11754-09-C1-PPWP-X1.jpg,https://pemilu2019.kpu.go.id/img/c/900/045/900045234/1-11754-09-C1-PPWP-X2.jpg
6728117431174411754900045235,SUMATERA UTARA,KOTA MEDAN,MEDAN KOTA,SUDIREJO 1,TPS 10,2019-10-25 17:00:05,29,160,289,190,190,189,1,https://pemilu2019.kpu.go.id/img/c/900/045/900045235/1-11754-10-C1-PPWP-X3.jpg,https://pemilu2019.kpu.go.id/img/c/900/045/900045235/1-11754-10-C1-PPWP-X4.jpg
6728117431174411754900045236,SUMATERA UTARA,KOTA MEDAN,MEDAN KOTA,SUDIREJO 1,TPS 11,2019-10-25 17:00:05,0,0,0,0,0,0,0,https://pemilu2019.kpu.go.id/img/c/900/045/900045236/2-11754-11-C1-PPWP-X1.jpg,https://pemilu2019.kpu.go.id/img/c/900/045/900045236/2-11754-11-C1-PPWP-X2.jpg
6728117431174411754900045237,SUMATERA UTARA,KOTA MEDAN,MEDAN KOTA,SUDIREJO 1,TPS 12,2019-10-25 17:00:05,61,95,298,156,156,156,0,https://pemilu2019.kpu.go.id/img/c/900/045/900045237/1-11754-12-C1-PPWP-X5.jpg,https://pemilu2019.kpu.go.id/img/c/900/045/900045237/1-11754-12-C1-PPWP-X6.jpg
6728117431174411754900045238,SUMATERA UTARA,KOTA MEDAN,MEDAN KOTA,SUDIREJO 1,TPS 13,2019-10-25 17:00:05,50,125,289,178,178,175,3,https://pemilu2019.kpu.go.id/img/c/900/045/900045238/1-11754-13-C1-PPWP-X1.jpg,https://pemilu2019.kpu.go.id/img/c/900/045/900045238/1-11754-13-C1-PPWP-X2.jpg
6728117431174411754900045239,SUMATERA UTARA,KOTA MEDAN,MEDAN KOTA,SUDIREJO 1,TPS 14,2019-10-25 17:00:05,61,106,293,167,167,167,0,https://pemilu2019.kpu.go.id/img/c/900/045/900045239/1-11754-14-C1-PPWP-X1.jpg,https://pemilu2019.kpu.go.id/img/c/900/045/900045239/1-11754-14-C1-PPWP-X2.jpg
6728117431174411754900045240,SUMATERA UTARA,KOTA MEDAN,MEDAN KOTA,SUDIREJO 1,TPS 15,2019-10-25 17:00:05,40,96,288,136,294,136,0,https://pemilu2019.kpu.go.id/img/c/900/045/900045240/1-11754-15-C1-PPWP-X3.jpg,https://pemilu2019.kpu.go.id/img/c/900/045/900045240/1-11754-15-C1-PPWP-X4.jpg
6728117431174411754900045241,SUMATERA UTARA,KOTA MEDAN,MEDAN KOTA,SUDIREJO 1,TPS 16,2019-10-25 17:00:05,43,122,279,166,166,165,1,https://pemilu2019.kpu.go.id/img/c/900/045/900045241/1-11754-16-C1-PPWP-X5.jpg,https://pemilu2019.kpu.go.id/img/c/900/045/900045241/1-11754-16-C1-PPWP-X6.jpg
6728117431174411754900045242,SUMATERA UTARA,KOTA MEDAN,MEDAN KOTA,SUDIREJO 1,TPS 17,2019-10-25 17:00:05,67,113,270,183,183,180,3,https://pemilu2019.kpu.go.id/img/c/900/045/900045242/1-11754-17-C1-PPWP-X1.jpg,https://pemilu2019.kpu.go.id/img/c/900/045/900045242/1-11754-17-C1-PPWP-X2.jpg
6728117431174411754900045243,SUMATERA UTARA,KOTA MEDAN,MEDAN KOTA,SUDIREJO 1,TPS 18,2019-10-25 17:00:05,36,115,291,151,151,151,0,https://pemilu2019.kpu.go.id/img/c/900/045/900045243/1-11754-18-C1-PPWP-X1.jpg,https://pemilu2019.kpu.go.id/img/c/900/045/900045243/1-11754-18-C1-PPWP-X2.jpg
6728117431174411754900045244,SUMATERA UTARA,KOTA MEDAN,MEDAN KOTA,SUDIREJO 1,TPS 19,2019-10-25 17:00:05,0,0,293,175,0,0,0,https://pemilu2019.kpu.go.id/img/c/900/045/900045244/1-11754-19-C1-PPWP-X1.jpg,https://pemilu2019.kpu.go.id/img/c/900/045/900045244/1-11754-19-C1-PPWP-X2.jpg
6728117431174411754900045245,SUMATERA UTARA,KOTA MEDAN,MEDAN KOTA,SUDIREJO 1,TPS 20,2019-10-25 17:00:05,37,120,293,159,159,157,2,https://pemilu2019.kpu.go.id/img/c/900/045/900045245/1-11754-20-C1-PPWP-X1.jpg,https://pemilu2019.kpu.go.id/img/c/900/045/900045245/1-11754-20-C1-PPWP-X2.jpg
6728117431174411754900045246,SUMATERA UTARA,KOTA MEDAN,MEDAN KOTA,SUDIREJO 1,TPS 21,2019-10-25 17:00:05,86,135,313,225,225,221,4,https://pemilu2019.kpu.go.id/img/c/900/045/900045246/1-11754-21-C1-PPWP-X3.jpg,https://pemilu2019.kpu.go.id/img/c/900/045/900045246/1-11754-21-C1-PPWP-X4.jpg
6728117431174411754900045247,SUMATERA UTARA,KOTA MEDAN,MEDAN KOTA,SUDIREJO 1,TPS 22,2019-10-25 17:00:05,72,132,286,202,0,202,0,https://pemilu2019.kpu.go.id/img/c/900/045/900045247/1-11754-22-C1-PPWP-X3.jpg,https://pemilu2019.kpu.go.id/img/c/900/045/900045247/1-11754-22-C1-PPWP-X4.jpg
6728117431174411754900045248,SUMATERA UTARA,KOTA MEDAN,MEDAN KOTA,SUDIREJO 1,TPS 23,2019-10-25 17:00:05,165,3,277,168,168,168,0,https://pemilu2019.kpu.go.id/img/c/900/045/900045248/1-11754-23-C1-PPWP-X5.jpg,https://pemilu2019.kpu.go.id/img/c/900/045/900045248/1-11754-23-C1-PPWP-X6.jpg
6728117431174411754900045249,SUMATERA UTARA,KOTA MEDAN,MEDAN KOTA,SUDIREJO 1,TPS 24,2019-10-25 17:00:05,173,7,294,180,180,180,0,https://pemilu2019.kpu.go.id/img/c/900/045/900045249/1-11754-24-C1-PPWP-X1.jpg,https://pemilu2019.kpu.go.id/img/c/900/045/900045249/1-11754-24-C1-PPWP-X2.jpg
6728117431174411754900045250,SUMATERA UTARA,KOTA MEDAN,MEDAN KOTA,SUDIREJO 1,TPS 25,2019-10-25 17:00:05,165,12,296,177,177,177,0,https://pemilu2019.kpu.go.id/img/c/900/045/900045250/1-11754-25-C1-PPWP-X1.jpg,https://pemilu2019.kpu.go.id/img/c/900/045/900045250/1-11754-25-C1-PPWP-X2.jpg
6728117431174411754900045251,SUMATERA UTARA,KOTA MEDAN,MEDAN KOTA,SUDIREJO 1,TPS 26,2019-10-25 17:00:05,112,113,290,230,230,225,5,https://pemilu2019.kpu.go.id/img/c/900/045/900045251/1-11754-26-C1-PPWP-X1.jpg,https://pemilu2019.kpu.go.id/img/c/900/045/900045251/1-11754-26-C1-PPWP-X2.jpg
6728117431174411754900045252,SUMATERA UTARA,KOTA MEDAN,MEDAN KOTA,SUDIREJO 1,TPS 27,2019-10-25 17:00:05,106,94,293,201,201,200,1,https://pemilu2019.kpu.go.id/img/c/900/045/900045252/1-11754-27-C1-PPWP-X3.jpg,https://pemilu2019.kpu.go.id/img/c/900/045/900045252/1-11754-27-C1-PPWP-X4.jpg
6728117431174411754900045253,SUMATERA UTARA,KOTA MEDAN,MEDAN KOTA,SUDIREJO 1,TPS 28,2019-10-25 17:00:05,141,22,297,164,164,163,1,https://pemilu2019.kpu.go.id/img/c/900/045/900045253/1-11754-28-C1-PPWP-X1.jpg,https://pemilu2019.kpu.go.id/img/c/900/045/900045253/1-11754-28-C1-PPWP-X2.jpg
6728117431174411754900045254,SUMATERA UTARA,KOTA MEDAN,MEDAN KOTA,SUDIREJO 1,TPS 29,2019-10-25 17:00:05,104,34,263,138,138,138,0,https://pemilu2019.kpu.go.id/img/c/900/045/900045254/1-11754-29-C1-PPWP-X1.jpg,https://pemilu2019.kpu.go.id/img/c/900/045/900045254/1-11754-29-C1-PPWP-X2.jpg
6728117431174411754900045255,SUMATERA UTARA,KOTA MEDAN,MEDAN KOTA,SUDIREJO 1,TPS 30,2019-10-25 17:00:05,106,59,0,0,166,165,1,https://pemilu2019.kpu.go.id/img/c/900/045/900045255/1-11754-30-C1-PPWP-X1.jpg,https://pemilu2019.kpu.go.id/img/c/900/045/900045255/1-11754-30-C1-PPWP-X2.jpg
6728117431174411754900045256,SUMATERA UTARA,KOTA MEDAN,MEDAN KOTA,SUDIREJO 1,TPS 31,2019-10-25 17:00:05,194,5,279,200,200,199,1,https://pemilu2019.kpu.go.id/img/c/900/045/900045256/1-11754-31-C1-PPWP-X1.jpg,https://pemilu2019.kpu.go.id/img/c/900/045/900045256/1-11754-31-C1-PPWP-X2.jpg
6728117431174411754900045257,SUMATERA UTARA,KOTA MEDAN,MEDAN KOTA,SUDIREJO 1,TPS 32,2019-10-25 17:00:05,167,2,278,170,170,169,1,https://pemilu2019.kpu.go.id/img/c/900/045/900045257/1-11754-32-C1-PPWP-X3.jpg,https://pemilu2019.kpu.go.id/img/c/900/045/900045257/1-11754-32-C1-PPWP-X4.jpg
6728117431174411754900045258,SUMATERA UTARA,KOTA MEDAN,MEDAN KOTA,SUDIREJO 1,TPS 33,2019-10-25 17:00:05,73,105,295,179,179,178,1,https://pemilu2019.kpu.go.id/img/c/900/045/900045258/1-11754-33-C1-PPWP-X5.jpg,https://pemilu2019.kpu.go.id/img/c/900/045/900045258/1-11754-33-C1-PPWP-X6.jpg
6728117431174411754900045259,SUMATERA UTARA,KOTA MEDAN,MEDAN KOTA,SUDIREJO 1,TPS 34,2019-10-25 17:00:05,85,96,295,182,182,181,1,https://pemilu2019.kpu.go.id/img/c/900/045/900045259/2-11754-34-C1-PPWP-X1.jpg,https://pemilu2019.kpu.go.id/img/c/900/045/900045259/2-11754-34-C1-PPWP-X2.jpg
6728117431174411754900045260,SUMATERA UTARA,KOTA MEDAN,MEDAN KOTA,SUDIREJO 1,TPS 35,2019-10-25 17:00:05,65,114,298,179,179,179,0,https://pemilu2019.kpu.go.id/img/c/900/045/900045260/1-11754-35-C1-PPWP-X3.jpg,https://pemilu2019.kpu.go.id/img/c/900/045/900045260/1-11754-35-C1-PPWP-X4.jpg
6728117431174411754900045261,SUMATERA UTARA,KOTA MEDAN,MEDAN KOTA,SUDIREJO 1,TPS 36,2019-10-25 17:00:05,152,56,289,211,211,208,3,https://pemilu2019.kpu.go.id/img/c/900/045/900045261/1-11754-36-C1-PPWP-X1.jpg,https://pemilu2019.kpu.go.id/img/c/900/045/900045261/1-11754-36-C1-PPWP-X2.jpg
6728117431174411754900045262,SUMATERA UTARA,KOTA MEDAN,MEDAN KOTA,SUDIREJO 1,TPS 37,2019-10-25 17:00:05,143,90,298,233,233,233,0,https://pemilu2019.kpu.go.id/img/c/900/045/900045262/1-11754-37-C1-PPWP-X1.jpg,https://pemilu2019.kpu.go.id/img/c/900/045/900045262/1-11754-37-C1-PPWP-X2.jpg
6728117431174411754900045263,SUMATERA UTARA,KOTA MEDAN,MEDAN KOTA,SUDIREJO 1,TPS 38,2019-10-25 17:00:05,69,140,292,213,213,209,4,https://pemilu2019.kpu.go.id/img/c/900/045/900045263/1-11754-38-C1-PPWP-X3.jpg,https://pemilu2019.kpu.go.id/img/c/900/045/900045263/1-11754-38-C1-PPWP-X4.jpg
6728117431174411754900045264,SUMATERA UTARA,KOTA MEDAN,MEDAN KOTA,SUDIREJO 1,TPS 39,2019-10-25 17:00:05,71,153,227,227,227,224,3,https://pemilu2019.kpu.go.id/img/c/900/045/900045264/1-11754-39-C1-PPWP-X5.jpg,https://pemilu2019.kpu.go.id/img/c/900/045/900045264/1-11754-39-C1-PPWP-X6.jpg
6728117431174411754900045265,SUMATERA UTARA,KOTA MEDAN,MEDAN KOTA,SUDIREJO 1,TPS 40,2019-10-25 17:00:05,74,99,295,174,174,173,1,https://pemilu2019.kpu.go.id/img/c/900/045/900045265/1-11754-40-C1-PPWP-X1.jpg,https://pemilu2019.kpu.go.id/img/c/900/045/900045265/1-11754-40-C1-PPWP-X2.jpg
6728117431174411754900045266,SUMATERA UTARA,KOTA MEDAN,MEDAN KOTA,SUDIREJO 1,TPS 41,2019-10-25 17:00:05,74,88,293,163,163,162,1,https://pemilu2019.kpu.go.id/img/c/900/045/900045266/1-11754-41-C1-PPWP-X3.jpg,https://pemilu2019.kpu.go.id/img/c/900/045/900045266/1-11754-41-C1-PPWP-X4.jpg
6728117431174411754900045267,SUMATERA UTARA,KOTA MEDAN,MEDAN KOTA,SUDIREJO 1,TPS 42,2019-10-25 17:00:05,127,25,282,153,153,152,1,https://pemilu2019.kpu.go.id/img/c/900/045/900045267/1-11754-42-C1-PPWP-X5.jpg,https://pemilu2019.kpu.go.id/img/c/900/045/900045267/1-11754-42-C1-PPWP-X6.jpg
6728117431174411754900045268,SUMATERA UTARA,KOTA MEDAN,MEDAN KOTA,SUDIREJO 1,TPS 43,2019-10-25 17:00:05,72,75,216,147,147,147,0,https://pemilu2019.kpu.go.id/img/c/900/045/900045268/1-11754-43-C1-PPWP-X1.jpg,https://pemilu2019.kpu.go.id/img/c/900/045/900045268/1-11754-43-C1-PPWP-X2.jpg
6728117431174411754900045269,SUMATERA UTARA,KOTA MEDAN,MEDAN KOTA,SUDIREJO 1,TPS 44,2019-10-25 17:00:05,44,119,273,163,163,163,0,https://pemilu2019.kpu.go.id/img/c/900/045/900045269/1-11754-44-C1-PPWP-X1.jpg,https://pemilu2019.kpu.go.id/img/c/900/045/900045269/1-11754-44-C1-PPWP-X2.jpg
6728117431174411755900045270,SUMATERA UTARA,KOTA MEDAN,MEDAN KOTA,SUDIREJO II,TPS 01,2019-10-25 17:00:05,42,122,270,164,0,164,0,https://pemilu2019.kpu.go.id/img/c/900/045/900045270/1-11755-01-C1-PPWP-X1.jpg,https://pemilu2019.kpu.go.id/img/c/900/045/900045270/1-11755-01-C1-PPWP-X2.jpg
6728117431174411755900045271,SUMATERA UTARA,KOTA MEDAN,MEDAN KOTA,SUDIREJO II,TPS 02,2019-10-25 17:00:05,37,110,244,149,149,147,2,https://pemilu2019.kpu.go.id/img/c/900/045/900045271/1-11755-02-C1-PPWP-X1.jpg,https://pemilu2019.kpu.go.id/img/c/900/045/900045271/1-11755-02-C1-PPWP-X2.jpg
6728117431174411755900045272,SUMATERA UTARA,KOTA MEDAN,MEDAN KOTA,SUDIREJO II,TPS 03,2019-10-25 17:00:05,48,107,248,156,156,155,1,https://pemilu2019.kpu.go.id/img/c/900/045/900045272/1-11755-03-C1-PPWP-X1.jpg,https://pemilu2019.kpu.go.id/img/c/900/045/900045272/1-11755-03-C1-PPWP-X2.jpg
6728117431174411755900045273,SUMATERA UTARA,KOTA MEDAN,MEDAN KOTA,SUDIREJO II,TPS 04,2019-10-25 17:00:05,56,120,298,178,178,176,2,https://pemilu2019.kpu.go.id/img/c/900/045/900045273/1-11755-04-C1-PPWP-X1.jpg,https://pemilu2019.kpu.go.id/img/c/900/045/900045273/1-11755-04-C1-PPWP-X2.jpg
6728117431174411755900045274,SUMATERA UTARA,KOTA MEDAN,MEDAN KOTA,SUDIREJO II,TPS 05,2019-10-25 17:00:05,93,96,300,190,190,189,1,https://pemilu2019.kpu.go.id/img/c/900/045/900045274/1-11755-05-C1-PPWP-X1.jpg,https://pemilu2019.kpu.go.id/img/c/900/045/900045274/1-11755-05-C1-PPWP-X2.jpg
6728117431174411755900045275,SUMATERA UTARA,KOTA MEDAN,MEDAN KOTA,SUDIREJO II,TPS 06,2019-10-25 17:00:05,149,28,262,180,180,177,3,https://pemilu2019.kpu.go.id/img/c/900/045/900045275/1-11755-06-C1-PPWP-X1.jpg,https://pemilu2019.kpu.go.id/img/c/900/045/900045275/1-11755-06-C1-PPWP-X2.jpg
6728117431174411755900045276,SUMATERA UTARA,KOTA MEDAN,MEDAN KOTA,SUDIREJO II,TPS 07,2019-10-25 17:00:05,123,23,211,149,146,146,0,https://pemilu2019.kpu.go.id/img/c/900/045/900045276/1-11755-07-C1-PPWP-X1.jpg,https://pemilu2019.kpu.go.id/img/c/900/045/900045276/1-11755-07-C1-PPWP-X2.jpg
6728117431174411755900045277,SUMATERA UTARA,KOTA MEDAN,MEDAN KOTA,SUDIREJO II,TPS 08,2019-10-25 17:00:05,122,21,231,144,144,143,1,https://pemilu2019.kpu.go.id/img/c/900/045/900045277/1-11755-08-C1-PPWP-X1.jpg,https://pemilu2019.kpu.go.id/img/c/900/045/900045277/1-11755-08-C1-PPWP-X2.jpg
6728117431174411755900045278,SUMATERA UTARA,KOTA MEDAN,MEDAN KOTA,SUDIREJO II,TPS 09,2019-10-25 17:00:05,122,23,213,145,145,145,0,https://pemilu2019.kpu.go.id/img/c/900/045/900045278/1-11755-09-C1-PPWP-X1.jpg,https://pemilu2019.kpu.go.id/img/c/900/045/900045278/1-11755-09-C1-PPWP-X2.jpg
6728117431174411755900045279,SUMATERA UTARA,KOTA MEDAN,MEDAN KOTA,SUDIREJO II,TPS 10,2019-10-25 17:00:05,29,118,253,163,148,147,1,https://pemilu2019.kpu.go.id/img/c/900/045/900045279/2-11755-10-C1-PPWP-X1.jpg,https://pemilu2019.kpu.go.id/img/c/900/045/900045279/2-11755-10-C1-PPWP-X2.jpg
6728117431174411755900045280,SUMATERA UTARA,KOTA MEDAN,MEDAN KOTA,SUDIREJO II,TPS 11,2019-10-25 17:00:05,38,81,252,119,119,119,0,https://pemilu2019.kpu.go.id/img/c/900/045/900045280/1-11755-11-C1-PPWP-X1.jpg,https://pemilu2019.kpu.go.id/img/c/900/045/900045280/1-11755-11-C1-PPWP-X2.jpg
6728117431174411755900045281,SUMATERA UTARA,KOTA MEDAN,MEDAN KOTA,SUDIREJO II,TPS 12,2019-10-25 17:00:05,108,12,120,120,120,120,0,https://pemilu2019.kpu.go.id/img/c/900/045/900045281/1-11755-12-C1-PPWP-X1.jpg,https://pemilu2019.kpu.go.id/img/c/900/045/900045281/1-11755-12-C1-PPWP-X2.jpg
6728117431174411755900045282,SUMATERA UTARA,KOTA MEDAN,MEDAN KOTA,SUDIREJO II,TPS 13,2019-10-25 17:00:05,129,11,140,0,140,140,0,https://pemilu2019.kpu.go.id/img/c/900/045/900045282/1-11755-13-C1-PPWP-X1.jpg,https://pemilu2019.kpu.go.id/img/c/900/045/900045282/1-11755-13-C1-PPWP-X2.jpg
6728117431174411755900045283,SUMATERA UTARA,KOTA MEDAN,MEDAN KOTA,SUDIREJO II,TPS 14,2019-10-25 17:00:05,64,97,0,161,161,161,0,https://pemilu2019.kpu.go.id/img/c/900/045/900045283/1-11755-14-C1-PPWP-X1.jpg,https://pemilu2019.kpu.go.id/img/c/900/045/900045283/1-11755-14-C1-PPWP-X2.jpg
6728117431174411755900045284,SUMATERA UTARA,KOTA MEDAN,MEDAN KOTA,SUDIREJO II,TPS 15,2019-10-25 17:00:05,51,128,180,0,180,179,1,https://pemilu2019.kpu.go.id/img/c/900/045/900045284/1-11755-15-C1-PPWP-X1.jpg,https://pemilu2019.kpu.go.id/img/c/900/045/900045284/1-11755-15-C1-PPWP-X2.jpg
6728117431174411755900045285,SUMATERA UTARA,KOTA MEDAN,MEDAN KOTA,SUDIREJO II,TPS 16,2019-10-25 17:00:05,96,49,223,148,148,145,3,https://pemilu2019.kpu.go.id/img/c/900/045/900045285/1-11755-16-C1-PPWP-X1.jpg,https://pemilu2019.kpu.go.id/img/c/900/045/900045285/1-11755-16-C1-PPWP-X2.jpg
6728117431174411755900045286,SUMATERA UTARA,KOTA MEDAN,MEDAN KOTA,SUDIREJO II,TPS 17,2019-10-25 17:00:05,79,56,211,135,135,135,0,https://pemilu2019.kpu.go.id/img/c/900/045/900045286/1-11755-17-C1-PPWP-X1.jpg,https://pemilu2019.kpu.go.id/img/c/900/045/900045286/1-11755-17-C1-PPWP-X2.jpg
6728117431174411755900045287,SUMATERA UTARA,KOTA MEDAN,MEDAN KOTA,SUDIREJO II,TPS 18,2019-10-25 17:00:05,93,81,227,177,177,174,3,https://pemilu2019.kpu.go.id/img/c/900/045/900045287/1-11755-18-C1-PPWP-X1.jpg,https://pemilu2019.kpu.go.id/img/c/900/045/900045287/1-11755-18-C1-PPWP-X2.jpg
6728117431174411755900045288,SUMATERA UTARA,KOTA MEDAN,MEDAN KOTA,SUDIREJO II,TPS 19,2019-10-25 17:00:05,104,53,445,445,158,157,1,https://pemilu2019.kpu.go.id/img/c/900/045/900045288/1-11755-19-C1-PPWP-X1.jpg,https://pemilu2019.kpu.go.id/img/c/900/045/900045288/1-11755-19-C1-PPWP-X2.jpg
6728117431174411755900045289,SUMATERA UTARA,KOTA MEDAN,MEDAN KOTA,SUDIREJO II,TPS 20,2019-10-25 17:00:05,20,98,200,118,204,118,0,https://pemilu2019.kpu.go.id/img/c/900/045/900045289/1-11755-20-C1-PPWP-X1.jpg,https://pemilu2019.kpu.go.id/img/c/900/045/900045289/1-11755-20-C1-PPWP-X2.jpg
6728117431174411755900045290,SUMATERA UTARA,KOTA MEDAN,MEDAN KOTA,SUDIREJO II,TPS 21,2019-10-25 17:00:05,56,74,242,131,131,130,1,https://pemilu2019.kpu.go.id/img/c/900/045/900045290/1-11755-21-C1-PPWP-X1.jpg,https://pemilu2019.kpu.go.id/img/c/900/045/900045290/1-11755-21-C1-PPWP-X2.jpg
6728117431174411755900045291,SUMATERA UTARA,KOTA MEDAN,MEDAN KOTA,SUDIREJO II,TPS 22,2019-10-25 17:00:05,73,52,276,125,125,125,0,https://pemilu2019.kpu.go.id/img/c/900/045/900045291/2-11755-22-C1-PPWP-X1.jpg,https://pemilu2019.kpu.go.id/img/c/900/045/900045291/2-11755-22-C1-PPWP-X2.jpg
6728117431174411755900045292,SUMATERA UTARA,KOTA MEDAN,MEDAN KOTA,SUDIREJO II,TPS 23,2019-10-25 17:00:05,55,73,128,19,128,128,0,https://pemilu2019.kpu.go.id/img/c/900/045/900045292/1-11755-23-C1-PPWP-X1.jpg,https://pemilu2019.kpu.go.id/img/c/900/045/900045292/1-11755-23-C1-PPWP-X2.jpg
6728117431174411755900045293,SUMATERA UTARA,KOTA MEDAN,MEDAN KOTA,SUDIREJO II,TPS 24,2019-10-25 17:00:05,58,82,267,140,140,140,0,https://pemilu2019.kpu.go.id/img/c/900/045/900045293/1-11755-24-C1-PPWP-X1.jpg,https://pemilu2019.kpu.go.id/img/c/900/045/900045293/1-11755-24-C1-PPWP-X2.jpg
6728117431174411755900045294,SUMATERA UTARA,KOTA MEDAN,MEDAN KOTA,SUDIREJO II,TPS 25,2019-10-25 17:00:05,134,46,213,180,180,180,0,https://pemilu2019.kpu.go.id/img/c/900/045/900045294/1-11755-25-C1-PPWP-X1.jpg,https://pemilu2019.kpu.go.id/img/c/900/045/900045294/1-11755-25-C1-PPWP-X2.jpg
6728117431174411755900045295,SUMATERA UTARA,KOTA MEDAN,MEDAN KOTA,SUDIREJO II,TPS 26,2019-10-25 17:00:05,128,20,211,148,148,148,0,https://pemilu2019.kpu.go.id/img/c/900/045/900045295/1-11755-26-C1-PPWP-X1.jpg,https://pemilu2019.kpu.go.id/img/c/900/045/900045295/1-11755-26-C1-PPWP-X2.jpg
6728117431174411755900045296,SUMATERA UTARA,KOTA MEDAN,MEDAN KOTA,SUDIREJO II,TPS 27,2019-10-25 17:00:05,190,19,303,211,211,209,2,https://pemilu2019.kpu.go.id/img/c/900/045/900045296/1-11755-27-C1-PPWP-X1.jpg,https://pemilu2019.kpu.go.id/img/c/900/045/900045296/1-11755-27-C1-PPWP-X2.jpg
6728117431174411755900045297,SUMATERA UTARA,KOTA MEDAN,MEDAN KOTA,SUDIREJO II,TPS 28,2019-10-25 17:00:05,207,32,316,241,241,239,2,https://pemilu2019.kpu.go.id/img/c/900/045/900045297/1-11755-28-C1-PPWP-X1.jpg,https://pemilu2019.kpu.go.id/img/c/900/045/900045297/1-11755-28-C1-PPWP-X2.jpg
6728117431174411755900045298,SUMATERA UTARA,KOTA MEDAN,MEDAN KOTA,SUDIREJO II,TPS 29,2019-10-25 17:00:05,147,33,293,180,180,180,0,https://pemilu2019.kpu.go.id/img/c/900/045/900045298/1-11755-29-C1-PPWP-X1.jpg,https://pemilu2019.kpu.go.id/img/c/900/045/900045298/1-11755-29-C1-PPWP-X2.jpg
6728117431174411755900045299,SUMATERA UTARA,KOTA MEDAN,MEDAN KOTA,SUDIREJO II,TPS 30,2019-10-25 17:00:05,113,29,267,146,146,142,4,https://pemilu2019.kpu.go.id/img/c/900/045/900045299/1-11755-30-C1-PPWP-X1.jpg,https://pemilu2019.kpu.go.id/img/c/900/045/900045299/1-11755-30-C1-PPWP-X2.jpg
6728117431174411755900045300,SUMATERA UTARA,KOTA MEDAN,MEDAN KOTA,SUDIREJO II,TPS 31,2019-10-25 17:00:05,105,32,290,137,137,137,0,https://pemilu2019.kpu.go.id/img/c/900/045/900045300/1-11755-31-C1-PPWP-X1.jpg,https://pemilu2019.kpu.go.id/img/c/900/045/900045300/1-11755-31-C1-PPWP-X2.jpg
6728117431174411755900045301,SUMATERA UTARA,KOTA MEDAN,MEDAN KOTA,SUDIREJO II,TPS 32,2019-10-25 17:00:05,135,32,329,169,169,167,2,https://pemilu2019.kpu.go.id/img/c/900/045/900045301/1-11755-32-C1-PPWP-X1.jpg,https://pemilu2019.kpu.go.id/img/c/900/045/900045301/1-11755-32-C1-PPWP-X2.jpg
6728117431174411755900045302,SUMATERA UTARA,KOTA MEDAN,MEDAN KOTA,SUDIREJO II,TPS 33,2019-10-25 17:00:05,52,87,296,139,140,139,1,https://pemilu2019.kpu.go.id/img/c/900/045/900045302/1-11755-33-C1-PPWP-X1.jpg,https://pemilu2019.kpu.go.id/img/c/900/045/900045302/1-11755-33-C1-PPWP-X2.jpg
6728117431174411755900045303,SUMATERA UTARA,KOTA MEDAN,MEDAN KOTA,SUDIREJO II,TPS 34,2019-10-25 17:00:05,58,42,232,101,101,100,1,https://pemilu2019.kpu.go.id/img/c/900/045/900045303/1-11755-34-C1-PPWP-X1.jpg,https://pemilu2019.kpu.go.id/img/c/900/045/900045303/1-11755-34-C1-PPWP-X2.jpg
6728117431174411753900045200,SUMATERA UTARA,KOTA MEDAN,MEDAN KOTA,TELADAN BARAT,TPS 01,2019-10-25 17:00:05,51,83,259,134,134,134,0,https://pemilu2019.kpu.go.id/img/c/900/045/900045200/1-11753-01-C1-PPWP-X1.jpg,https://pemilu2019.kpu.go.id/img/c/900/045/900045200/1-11753-01-C1-PPWP-X2.jpg
6728117431174411753900045201,SUMATERA UTARA,KOTA MEDAN,MEDAN KOTA,TELADAN BARAT,TPS 02,2019-10-25 17:00:05,52,86,259,138,138,138,0,https://pemilu2019.kpu.go.id/img/c/900/045/900045201/1-11753-02-C1-PPWP-X3.jpg,https://pemilu2019.kpu.go.id/img/c/900/045/900045201/1-11753-02-C1-PPWP-X4.jpg
6728117431174411753900045202,SUMATERA UTARA,KOTA MEDAN,MEDAN KOTA,TELADAN BARAT,TPS 03,2019-10-25 17:00:05,64,59,268,124,124,123,1,https://pemilu2019.kpu.go.id/img/c/900/045/900045202/1-11753-03-C1-PPWP-X1.jpg,https://pemilu2019.kpu.go.id/img/c/900/045/900045202/1-11753-03-C1-PPWP-X2.jpg
6728117431174411753900045203,SUMATERA UTARA,KOTA MEDAN,MEDAN KOTA,TELADAN BARAT,TPS 04,2019-10-25 17:00:05,45,114,227,162,162,159,3,https://pemilu2019.kpu.go.id/img/c/900/045/900045203/1-11753-04-C1-PPWP-X3.jpg,https://pemilu2019.kpu.go.id/img/c/900/045/900045203/1-11753-04-C1-PPWP-X4.jpg
6728117431174411753900045204,SUMATERA UTARA,KOTA MEDAN,MEDAN KOTA,TELADAN BARAT,TPS 05,2019-10-25 17:00:05,50,117,233,170,170,167,3,https://pemilu2019.kpu.go.id/img/c/900/045/900045204/1-11753-05-C1-PPWP-X5.jpg,https://pemilu2019.kpu.go.id/img/c/900/045/900045204/1-11753-05-C1-PPWP-X6.jpg
6728117431174411753900045205,SUMATERA UTARA,KOTA MEDAN,MEDAN KOTA,TELADAN BARAT,TPS 06,2019-10-25 17:00:05,97,104,300,201,201,201,0,https://pemilu2019.kpu.go.id/img/c/900/045/900045205/1-11753-06-C1-PPWP-X1.jpg,https://pemilu2019.kpu.go.id/img/c/900/045/900045205/1-11753-06-C1-PPWP-X2.jpg
6728117431174411753900045206,SUMATERA UTARA,KOTA MEDAN,MEDAN KOTA,TELADAN BARAT,TPS 07,2019-10-25 17:00:05,97,139,345,238,238,236,2,https://pemilu2019.kpu.go.id/img/c/900/045/900045206/1-11753-07-C1-PPWP-X3.jpg,https://pemilu2019.kpu.go.id/img/c/900/045/900045206/1-11753-07-C1-PPWP-X4.jpg
6728117431174411753900045207,SUMATERA UTARA,KOTA MEDAN,MEDAN KOTA,TELADAN BARAT,TPS 08,2019-10-25 17:00:05,83,82,235,168,168,165,3,https://pemilu2019.kpu.go.id/img/c/900/045/900045207/1-11753-08-C1-PPWP-X5.jpg,https://pemilu2019.kpu.go.id/img/c/900/045/900045207/1-11753-08-C1-PPWP-X6.jpg
6728117431174411753900045208,SUMATERA UTARA,KOTA MEDAN,MEDAN KOTA,TELADAN BARAT,TPS 09,2019-10-25 17:00:05,94,48,175,143,143,142,1,https://pemilu2019.kpu.go.id/img/c/900/045/900045208/1-11753-09-C1-PPWP-X1.jpg,https://pemilu2019.kpu.go.id/img/c/900/045/900045208/1-11753-09-C1-PPWP-X2.jpg
6728117431174411753900045209,SUMATERA UTARA,KOTA MEDAN,MEDAN KOTA,TELADAN BARAT,TPS 10,2019-10-25 17:00:05,69,82,278,154,155,151,4,https://pemilu2019.kpu.go.id/img/c/900/045/900045209/1-11753-10-C1-PPWP-X3.jpg,https://pemilu2019.kpu.go.id/img/c/900/045/900045209/1-11753-10-C1-PPWP-X4.jpg
6728117431174411753900045210,SUMATERA UTARA,KOTA MEDAN,MEDAN KOTA,TELADAN BARAT,TPS 11,2019-10-25 17:00:05,81,60,340,143,143,141,2,https://pemilu2019.kpu.go.id/img/c/900/045/900045210/1-11753-11-C1-PPWP-X5.jpg,https://pemilu2019.kpu.go.id/img/c/900/045/900045210/1-11753-11-C1-PPWP-X6.jpg
6728117431174411753900045211,SUMATERA UTARA,KOTA MEDAN,MEDAN KOTA,TELADAN BARAT,TPS 12,2019-10-25 17:00:05,95,117,324,212,212,212,0,https://pemilu2019.kpu.go.id/img/c/900/045/900045211/1-11753-12-C1-PPWP-X1.jpg,https://pemilu2019.kpu.go.id/img/c/900/045/900045211/1-11753-12-C1-PPWP-X2.jpg
6728117431174411753900045212,SUMATERA UTARA,KOTA MEDAN,MEDAN KOTA,TELADAN BARAT,TPS 13,2019-10-25 17:00:05,109,40,203,149,151,149,2,https://pemilu2019.kpu.go.id/img/c/900/045/900045212/1-11753-13-C1-PPWP-X1.jpg,https://pemilu2019.kpu.go.id/img/c/900/045/900045212/1-11753-13-C1-PPWP-X2.jpg
6728117431174411753900045213,SUMATERA UTARA,KOTA MEDAN,MEDAN KOTA,TELADAN BARAT,TPS 14,2019-10-25 17:00:05,148,36,229,184,184,184,0,https://pemilu2019.kpu.go.id/img/c/900/045/900045213/1-11753-14-C1-PPWP-X3.jpg,https://pemilu2019.kpu.go.id/img/c/900/045/900045213/1-11753-14-C1-PPWP-X4.jpg
6728117431174411753900045214,SUMATERA UTARA,KOTA MEDAN,MEDAN KOTA,TELADAN BARAT,TPS 15,2019-10-25 17:00:05,82,113,259,197,197,195,2,https://pemilu2019.kpu.go.id/img/c/900/045/900045214/1-11753-15-C1-PPWP-X5.jpg,https://pemilu2019.kpu.go.id/img/c/900/045/900045214/1-11753-15-C1-PPWP-X6.jpg
6728117431174411753900045215,SUMATERA UTARA,KOTA MEDAN,MEDAN KOTA,TELADAN BARAT,TPS 16,2019-10-25 17:00:05,46,175,267,221,221,221,0,https://pemilu2019.kpu.go.id/img/c/900/045/900045215/1-11753-16-C1-PPWP-X7.jpg,https://pemilu2019.kpu.go.id/img/c/900/045/900045215/1-11753-16-C1-PPWP-X8.jpg
6728117431174411753900045216,SUMATERA UTARA,KOTA MEDAN,MEDAN KOTA,TELADAN BARAT,TPS 17,2019-10-25 17:00:05,39,171,259,212,212,210,2,https://pemilu2019.kpu.go.id/img/c/900/045/900045216/1-11753-17-C1-PPWP-X1.jpg,https://pemilu2019.kpu.go.id/img/c/900/045/900045216/1-11753-17-C1-PPWP-X2.jpg
6728117431174411753900045217,SUMATERA UTARA,KOTA MEDAN,MEDAN KOTA,TELADAN BARAT,TPS 18,2019-10-25 17:00:05,107,5,243,112,112,112,0,https://pemilu2019.kpu.go.id/img/c/900/045/900045217/1-11753-18-C1-PPWP-X1.jpg,https://pemilu2019.kpu.go.id/img/c/900/045/900045217/1-11753-18-C1-PPWP-X2.jpg
6728117431174411753900045218,SUMATERA UTARA,KOTA MEDAN,MEDAN KOTA,TELADAN BARAT,TPS 19,2019-10-25 17:00:05,194,19,302,213,213,213,0,https://pemilu2019.kpu.go.id/img/c/900/045/900045218/1-11753-19-C1-PPWP-X3.jpg,https://pemilu2019.kpu.go.id/img/c/900/045/900045218/1-11753-19-C1-PPWP-X4.jpg
6728117431174411753900045219,SUMATERA UTARA,KOTA MEDAN,MEDAN KOTA,TELADAN BARAT,TPS 20,2019-10-25 17:00:05,40,84,183,127,127,124,3,https://pemilu2019.kpu.go.id/img/c/900/045/900045219/1-11753-20-C1-PPWP-X5.jpg,https://pemilu2019.kpu.go.id/img/c/900/045/900045219/1-11753-20-C1-PPWP-X6.jpg
6728117431174411753900045220,SUMATERA UTARA,KOTA MEDAN,MEDAN KOTA,TELADAN BARAT,TPS 21,2019-10-25 17:00:05,108,113,65,65,223,221,2,https://pemilu2019.kpu.go.id/img/c/900/045/900045220/1-11753-21-C1-PPWP-X1.jpg,https://pemilu2019.kpu.go.id/img/c/900/045/900045220/1-11753-21-C1-PPWP-X2.jpg
6728117431174411753900045221,SUMATERA UTARA,KOTA MEDAN,MEDAN KOTA,TELADAN BARAT,TPS 22,2019-10-25 17:00:05,0,0,291,215,215,214,1,https://pemilu2019.kpu.go.id/img/c/900/045/900045221/1-11753-22-C1-PPWP-X1.jpg,https://pemilu2019.kpu.go.id/img/c/900/045/900045221/1-11753-22-C1-PPWP-X2.jpg
6728117431174411753900045222,SUMATERA UTARA,KOTA MEDAN,MEDAN KOTA,TELADAN BARAT,TPS 23,2019-10-25 17:00:05,32,176,261,210,210,208,2,https://pemilu2019.kpu.go.id/img/c/900/045/900045222/1-11753-23-C1-PPWP-X3.jpg,https://pemilu2019.kpu.go.id/img/c/900/045/900045222/1-11753-23-C1-PPWP-X4.jpg
6728117431174411753900045223,SUMATERA UTARA,KOTA MEDAN,MEDAN KOTA,TELADAN BARAT,TPS 24,2019-10-25 17:00:05,43,150,256,210,195,193,2,https://pemilu2019.kpu.go.id/img/c/900/045/900045223/1-11753-24-C1-PPWP-X1.jpg,https://pemilu2019.kpu.go.id/img/c/900/045/900045223/1-11753-24-C1-PPWP-X2.jpg
6728117431174411753900045224,SUMATERA UTARA,KOTA MEDAN,MEDAN KOTA,TELADAN BARAT,TPS 25,2019-10-25 17:00:05,62,57,191,119,119,119,0,https://pemilu2019.kpu.go.id/img/c/900/045/900045224/1-11753-25-C1-PPWP-X1.jpg,https://pemilu2019.kpu.go.id/img/c/900/045/900045224/1-11753-25-C1-PPWP-X2.jpg
6728117431174411753900045225,SUMATERA UTARA,KOTA MEDAN,MEDAN KOTA,TELADAN BARAT,TPS 26,2019-10-25 17:00:05,53,42,159,83,96,95,1,https://pemilu2019.kpu.go.id/img/c/900/045/900045225/1-11753-26-C1-PPWP-X3.jpg,https://pemilu2019.kpu.go.id/img/c/900/045/900045225/1-11753-26-C1-PPWP-X4.jpg
6728117431174411752900045167,SUMATERA UTARA,KOTA MEDAN,MEDAN KOTA,TELADAN TIMUR,TPS 01,2019-10-25 17:00:05,129,86,217,217,217,215,2,https://pemilu2019.kpu.go.id/img/c/900/045/900045167/11752-01-C-XXX-X5.jpg,https://pemilu2019.kpu.go.id/img/c/900/045/900045167/11752-01-C-XXX-X6.jpg
6728117431174411752900045168,SUMATERA UTARA,KOTA MEDAN,MEDAN KOTA,TELADAN TIMUR,TPS 02,2019-10-25 17:00:05,111,68,181,181,181,179,2,https://pemilu2019.kpu.go.id/img/c/900/045/900045168/3-11752-02-C1-PPWP-X1.jpg,https://pemilu2019.kpu.go.id/img/c/900/045/900045168/3-11752-02-C1-PPWP-X2.jpg
6728117431174411752900045169,SUMATERA UTARA,KOTA MEDAN,MEDAN KOTA,TELADAN TIMUR,TPS 03,2019-10-25 17:00:05,124,76,208,291,202,200,2,https://pemilu2019.kpu.go.id/img/c/900/045/900045169/11752-03-C-XXX-X5.jpg,https://pemilu2019.kpu.go.id/img/c/900/045/900045169/11752-03-C-XXX-X6.jpg
6728117431174411752900045170,SUMATERA UTARA,KOTA MEDAN,MEDAN KOTA,TELADAN TIMUR,TPS 04,2019-10-25 17:00:05,170,49,221,275,221,219,2,https://pemilu2019.kpu.go.id/img/c/900/045/900045170/11752-04-C-XXX-X5.jpg,https://pemilu2019.kpu.go.id/img/c/900/045/900045170/11752-04-C-XXX-X6.jpg
6728117431174411752900045171,SUMATERA UTARA,KOTA MEDAN,MEDAN KOTA,TELADAN TIMUR,TPS 05,2019-10-25 17:00:05,164,11,283,175,175,175,0,https://pemilu2019.kpu.go.id/img/c/900/045/900045171/11752-05-C-XXX-X5.jpg,https://pemilu2019.kpu.go.id/img/c/900/045/900045171/11752-05-C-XXX-X6.jpg
6728117431174411752900045172,SUMATERA UTARA,KOTA MEDAN,MEDAN KOTA,TELADAN TIMUR,TPS 06,2019-10-25 17:00:05,135,29,294,165,165,164,1,https://pemilu2019.kpu.go.id/img/c/900/045/900045172/11752-06-C-XXX-X5.jpg,https://pemilu2019.kpu.go.id/img/c/900/045/900045172/11752-06-C-XXX-X6.jpg
6728117431174411752900045173,SUMATERA UTARA,KOTA MEDAN,MEDAN KOTA,TELADAN TIMUR,TPS 07,2019-10-25 17:00:05,96,81,254,178,178,177,1,https://pemilu2019.kpu.go.id/img/c/900/045/900045173/2-11752-07-C1-PPWP-X1.jpg,https://pemilu2019.kpu.go.id/img/c/900/045/900045173/2-11752-07-C1-PPWP-X2.jpg
6728117431174411752900045174,SUMATERA UTARA,KOTA MEDAN,MEDAN KOTA,TELADAN TIMUR,TPS 08,2019-10-25 17:00:05,85,82,251,167,167,167,0,https://pemilu2019.kpu.go.id/img/c/900/045/900045174/11752-08-C1-PPWP-X1.jpg,https://pemilu2019.kpu.go.id/img/c/900/045/900045174/11752-08-C1-PPWP-X2.jpg
6728117431174411752900045175,SUMATERA UTARA,KOTA MEDAN,MEDAN KOTA,TELADAN TIMUR,TPS 09,2019-10-25 17:00:05,76,60,210,136,136,136,0,https://pemilu2019.kpu.go.id/img/c/900/045/900045175/1-11752-09-C1-PPWP-X1.jpg,https://pemilu2019.kpu.go.id/img/c/900/045/900045175/1-11752-09-C1-PPWP-X2.jpg
6728117431174411752900045176,SUMATERA UTARA,KOTA MEDAN,MEDAN KOTA,TELADAN TIMUR,TPS 10,2019-10-25 17:00:05,61,101,286,162,162,162,7,https://pemilu2019.kpu.go.id/img/c/900/045/900045176/11752-10-C-XXX-X5.jpg,https://pemilu2019.kpu.go.id/img/c/900/045/900045176/11752-10-C-XXX-X6.jpg
6728117431174411752900045177,SUMATERA UTARA,KOTA MEDAN,MEDAN KOTA,TELADAN TIMUR,TPS 11,2019-10-25 17:00:05,70,89,279,160,160,159,1,https://pemilu2019.kpu.go.id/img/c/900/045/900045177/11752-11-C-XXX-X5.jpg,https://pemilu2019.kpu.go.id/img/c/900/045/900045177/11752-11-C-XXX-X6.jpg
6728117431174411752900045178,SUMATERA UTARA,KOTA MEDAN,MEDAN KOTA,TELADAN TIMUR,TPS 12,2019-10-25 17:00:05,45,152,201,198,198,197,1,https://pemilu2019.kpu.go.id/img/c/900/045/900045178/11752-12-C-XXX-X5.jpg,https://pemilu2019.kpu.go.id/img/c/900/045/900045178/11752-12-C-XXX-X6.jpg
6728117431174411752900045179,SUMATERA UTARA,KOTA MEDAN,MEDAN KOTA,TELADAN TIMUR,TPS 13,2019-10-25 17:00:05,38,141,216,181,181,179,2,https://pemilu2019.kpu.go.id/img/c/900/045/900045179/2-11752-13-C1-PPWP-X1.jpg,https://pemilu2019.kpu.go.id/img/c/900/045/900045179/2-11752-13-C1-PPWP-X2.jpg
6728117431174411752900045180,SUMATERA UTARA,KOTA MEDAN,MEDAN KOTA,TELADAN TIMUR,TPS 14,2019-10-25 17:00:05,25,128,204,154,154,153,1,https://pemilu2019.kpu.go.id/img/c/900/045/900045180/1-11752-14-C1-PPWP-X1.jpg,https://pemilu2019.kpu.go.id/img/c/900/045/900045180/1-11752-14-C1-PPWP-X2.jpg
6728117431174411752900045181,SUMATERA UTARA,KOTA MEDAN,MEDAN KOTA,TELADAN TIMUR,TPS 15,2019-10-25 17:00:05,80,40,251,122,122,120,2,https://pemilu2019.kpu.go.id/img/c/900/045/900045181/2-11752-15-C1-PPWP-X1.jpg,https://pemilu2019.kpu.go.id/img/c/900/045/900045181/2-11752-15-C1-PPWP-X2.jpg
6728117431174411752900045182,SUMATERA UTARA,KOTA MEDAN,MEDAN KOTA,TELADAN TIMUR,TPS 16,2019-10-25 17:00:05,111,21,224,133,133,132,1,https://pemilu2019.kpu.go.id/img/c/900/045/900045182/1-11752-16-C1-PPWP-X1.jpg,https://pemilu2019.kpu.go.id/img/c/900/045/900045182/1-11752-16-C1-PPWP-X2.jpg
6728117431174411752900045183,SUMATERA UTARA,KOTA MEDAN,MEDAN KOTA,TELADAN TIMUR,TPS 17,2019-10-25 17:00:05,93,24,230,118,118,117,1,https://pemilu2019.kpu.go.id/img/c/900/045/900045183/2-11752-17-C1-PPWP-X1.jpg,https://pemilu2019.kpu.go.id/img/c/900/045/900045183/2-11752-17-C1-PPWP-X2.jpg
6728117431174411752900045184,SUMATERA UTARA,KOTA MEDAN,MEDAN KOTA,TELADAN TIMUR,TPS 18,2019-10-25 17:00:05,156,46,308,208,207,202,5,https://pemilu2019.kpu.go.id/img/c/900/045/900045184/1-11752-18-C1-PPWP-X1.jpg,https://pemilu2019.kpu.go.id/img/c/900/045/900045184/1-11752-18-C1-PPWP-X2.jpg
6728117431174411752900045185,SUMATERA UTARA,KOTA MEDAN,MEDAN KOTA,TELADAN TIMUR,TPS 19,2019-10-25 17:00:05,165,33,299,201,201,198,3,https://pemilu2019.kpu.go.id/img/c/900/045/900045185/1-11752-19-C1-PPWP-X1.jpg,https://pemilu2019.kpu.go.id/img/c/900/045/900045185/1-11752-19-C1-PPWP-X2.jpg
6728117431174411752900045186,SUMATERA UTARA,KOTA MEDAN,MEDAN KOTA,TELADAN TIMUR,TPS 20,2019-10-25 17:00:05,172,8,266,180,180,180,1,https://pemilu2019.kpu.go.id/img/c/900/045/900045186/1-11752-20-C1-PPWP-X1.jpg,https://pemilu2019.kpu.go.id/img/c/900/045/900045186/1-11752-20-C1-PPWP-X2.jpg
6728117431174411752900045187,SUMATERA UTARA,KOTA MEDAN,MEDAN KOTA,TELADAN TIMUR,TPS 21,2019-10-25 17:00:05,174,3,265,176,178,177,1,https://pemilu2019.kpu.go.id/img/c/900/045/900045187/1-11752-21-C1-PPWP-X1.jpg,https://pemilu2019.kpu.go.id/img/c/900/045/900045187/1-11752-21-C1-PPWP-X2.jpg
6728117431174411752900045188,SUMATERA UTARA,KOTA MEDAN,MEDAN KOTA,TELADAN TIMUR,TPS 22,2019-10-25 17:00:05,62,147,309,211,211,209,2,https://pemilu2019.kpu.go.id/img/c/900/045/900045188/1-11752-22-C1-PPWP-X1.jpg,https://pemilu2019.kpu.go.id/img/c/900/045/900045188/1-11752-22-C1-PPWP-X2.jpg
6728117431174411752900045189,SUMATERA UTARA,KOTA MEDAN,MEDAN KOTA,TELADAN TIMUR,TPS 23,2019-10-25 17:00:05,118,145,369,265,265,263,2,https://pemilu2019.kpu.go.id/img/c/900/045/900045189/1-11752-23-C1-PPWP-X1.jpg,https://pemilu2019.kpu.go.id/img/c/900/045/900045189/1-11752-23-C1-PPWP-X2.jpg
6728117431174411752900045190,SUMATERA UTARA,KOTA MEDAN,MEDAN KOTA,TELADAN TIMUR,TPS 24,2019-10-25 17:00:05,94,123,293,218,218,217,1,https://pemilu2019.kpu.go.id/img/c/900/045/900045190/1-11752-24-C1-PPWP-X1.jpg,https://pemilu2019.kpu.go.id/img/c/900/045/900045190/1-11752-24-C1-PPWP-X2.jpg
6728117431174411752900045191,SUMATERA UTARA,KOTA MEDAN,MEDAN KOTA,TELADAN TIMUR,TPS 25,2019-10-25 17:00:05,82,105,303,191,191,187,4,https://pemilu2019.kpu.go.id/img/c/900/045/900045191/1-11752-25-C1-PPWP-X1.jpg,https://pemilu2019.kpu.go.id/img/c/900/045/900045191/1-11752-25-C1-PPWP-X2.jpg
6728117431174411752900045192,SUMATERA UTARA,KOTA MEDAN,MEDAN KOTA,TELADAN TIMUR,TPS 26,2019-10-25 17:00:05,87,123,291,214,214,210,4,https://pemilu2019.kpu.go.id/img/c/900/045/900045192/1-11752-26-C1-PPWP-X1.jpg,https://pemilu2019.kpu.go.id/img/c/900/045/900045192/1-11752-26-C1-PPWP-X2.jpg
6728117431174411752900045193,SUMATERA UTARA,KOTA MEDAN,MEDAN KOTA,TELADAN TIMUR,TPS 27,2019-10-25 17:00:05,110,128,314,238,238,238,0,https://pemilu2019.kpu.go.id/img/c/900/045/900045193/1-11752-27-C1-PPWP-X1.jpg,https://pemilu2019.kpu.go.id/img/c/900/045/900045193/1-11752-27-C1-PPWP-X2.jpg
6728117431174411752900045194,SUMATERA UTARA,KOTA MEDAN,MEDAN KOTA,TELADAN TIMUR,TPS 28,2019-10-25 17:00:05,99,127,287,226,226,226,0,https://pemilu2019.kpu.go.id/img/c/900/045/900045194/1-11752-28-C1-PPWP-X3.jpg,https://pemilu2019.kpu.go.id/img/c/900/045/900045194/1-11752-28-C1-PPWP-X4.jpg
6728117431174411752900045195,SUMATERA UTARA,KOTA MEDAN,MEDAN KOTA,TELADAN TIMUR,TPS 29,2019-10-25 17:00:05,150,22,280,173,173,172,1,https://pemilu2019.kpu.go.id/img/c/900/045/900045195/1-11752-29-C1-PPWP-X5.jpg,https://pemilu2019.kpu.go.id/img/c/900/045/900045195/1-11752-29-C1-PPWP-X6.jpg
6728117431174411752900045196,SUMATERA UTARA,KOTA MEDAN,MEDAN KOTA,TELADAN TIMUR,TPS 30,2019-10-25 17:00:05,160,26,271,188,188,186,2,https://pemilu2019.kpu.go.id/img/c/900/045/900045196/1-11752-30-C1-PPWP-X7.jpg,https://pemilu2019.kpu.go.id/img/c/900/045/900045196/1-11752-30-C1-PPWP-X8.jpg
6728117431174411752900045197,SUMATERA UTARA,KOTA MEDAN,MEDAN KOTA,TELADAN TIMUR,TPS 31,2019-10-25 17:00:05,100,65,257,168,168,165,3,https://pemilu2019.kpu.go.id/img/c/900/045/900045197/1-11752-31-C1-PPWP-X9.jpg,https://pemilu2019.kpu.go.id/img/c/900/045/900045197/1-11752-31-C1-PPWP-X10.jpg
6728117431174411752900045198,SUMATERA UTARA,KOTA MEDAN,MEDAN KOTA,TELADAN TIMUR,TPS 32,2019-10-25 17:00:05,100,51,239,151,151,151,0,https://pemilu2019.kpu.go.id/img/c/900/045/900045198/1-11752-32-C1-PPWP-X11.jpg,https://pemilu2019.kpu.go.id/img/c/900/045/900045198/1-11752-32-C1-PPWP-X12.jpg
6728117431174411752900045199,SUMATERA UTARA,KOTA MEDAN,MEDAN KOTA,TELADAN TIMUR,TPS 33,2019-10-25 17:00:05,106,69,285,174,174,0,174,https://pemilu2019.kpu.go.id/img/c/900/045/900045199/1-11752-33-C1-PPWP-X1.jpg,https://pemilu2019.kpu.go.id/img/c/900/045/900045199/1-11752-33-C1-PPWP-X2.jpg
6728117431184411847900049305,SUMATERA UTARA,KOTA MEDAN,MEDAN LABUHAN,BESAR,TPS 001,2019-10-25 17:00:05,113,68,285,182,182,181,1,https://pemilu2019.kpu.go.id/img/c/900/049/900049305/1-11847-001-C1-PPWP-X1.jpg,https://pemilu2019.kpu.go.id/img/c/900/049/900049305/1-11847-001-C1-PPWP-X2.jpg
6728117431184411847900049306,SUMATERA UTARA,KOTA MEDAN,MEDAN LABUHAN,BESAR,TPS 002,2019-10-25 17:00:05,49,116,290,166,166,165,1,https://pemilu2019.kpu.go.id/img/c/900/049/900049306/2-11847-002-C1-PPWP-X1.jpg,https://pemilu2019.kpu.go.id/img/c/900/049/900049306/2-11847-002-C1-PPWP-X2.jpg
6728117431184411847900049307,SUMATERA UTARA,KOTA MEDAN,MEDAN LABUHAN,BESAR,TPS 003,2019-10-25 17:00:05,58,115,267,174,174,173,1,https://pemilu2019.kpu.go.id/img/c/900/049/900049307/1-11847-003-C1-PPWP-X1.jpg,https://pemilu2019.kpu.go.id/img/c/900/049/900049307/1-11847-003-C1-PPWP-X2.jpg
6728117431184411847900049308,SUMATERA UTARA,KOTA MEDAN,MEDAN LABUHAN,BESAR,TPS 004,2019-10-25 17:00:05,34,124,272,158,158,158,0,https://pemilu2019.kpu.go.id/img/c/900/049/900049308/2-11847-004-C1-PPWP-X1.jpg,https://pemilu2019.kpu.go.id/img/c/900/049/900049308/2-11847-004-C1-PPWP-X2.jpg
6728117431184411847900049309,SUMATERA UTARA,KOTA MEDAN,MEDAN LABUHAN,BESAR,TPS 005,2019-10-25 17:00:05,38,101,251,139,139,139,0,https://pemilu2019.kpu.go.id/img/c/900/049/900049309/1-11847-005-C1-PPWP-X1.jpg,https://pemilu2019.kpu.go.id/img/c/900/049/900049309/1-11847-005-C1-PPWP-X2.jpg
6728117431184411847900049310,SUMATERA UTARA,KOTA MEDAN,MEDAN LABUHAN,BESAR,TPS 006,2019-10-25 17:00:05,43,109,255,158,158,152,6,https://pemilu2019.kpu.go.id/img/c/900/049/900049310/2-11847-006-C1-PPWP-X1.jpg,https://pemilu2019.kpu.go.id/img/c/900/049/900049310/2-11847-006-C1-PPWP-X2.jpg
6728117431184411847900049311,SUMATERA UTARA,KOTA MEDAN,MEDAN LABUHAN,BESAR,TPS 007,2019-10-25 17:00:05,45,95,259,141,141,140,1,https://pemilu2019.kpu.go.id/img/c/900/049/900049311/2-11847-007-C1-PPWP-X1.jpg,https://pemilu2019.kpu.go.id/img/c/900/049/900049311/2-11847-007-C1-PPWP-X2.jpg
6728117431184411847900049312,SUMATERA UTARA,KOTA MEDAN,MEDAN LABUHAN,BESAR,TPS 008,2019-10-25 17:00:05,45,62,258,108,108,107,1,https://pemilu2019.kpu.go.id/img/c/900/049/900049312/2-11847-008-C1-PPWP-X1.jpg,https://pemilu2019.kpu.go.id/img/c/900/049/900049312/2-11847-008-C1-PPWP-X2.jpg
6728117431184411847900049313,SUMATERA UTARA,KOTA MEDAN,MEDAN LABUHAN,BESAR,TPS 009,2019-10-25 17:00:05,19,92,267,111,111,111,0,https://pemilu2019.kpu.go.id/img/c/900/049/900049313/1-11847-009-C1-PPWP-X1.jpg,https://pemilu2019.kpu.go.id/img/c/900/049/900049313/1-11847-009-C1-PPWP-X2.jpg
6728117431184411847900049314,SUMATERA UTARA,KOTA MEDAN,MEDAN LABUHAN,BESAR,TPS 010,2019-10-25 17:00:05,53,104,255,157,157,157,0,https://pemilu2019.kpu.go.id/img/c/900/049/900049314/2-11847-010-C1-PPWP-X1.jpg,https://pemilu2019.kpu.go.id/img/c/900/049/900049314/2-11847-010-C1-PPWP-X2.jpg
6728117431184411847900049315,SUMATERA UTARA,KOTA MEDAN,MEDAN LABUHAN,BESAR,TPS 011,2019-10-25 17:00:05,50,83,234,135,135,133,2,https://pemilu2019.kpu.go.id/img/c/900/049/900049315/2-11847-011-C1-PPWP-X1.jpg,https://pemilu2019.kpu.go.id/img/c/900/049/900049315/2-11847-011-C1-PPWP-X2.jpg
6728117431184411847900049316,SUMATERA UTARA,KOTA MEDAN,MEDAN LABUHAN,BESAR,TPS 012,2019-10-25 17:00:05,67,80,146,22,148,147,1,https://pemilu2019.kpu.go.id/img/c/900/049/900049316/1-11847-012-C1-PPWP-X1.jpg,https://pemilu2019.kpu.go.id/img/c/900/049/900049316/1-11847-012-C1-PPWP-X2.jpg
6728117431184411847900049317,SUMATERA UTARA,KOTA MEDAN,MEDAN LABUHAN,BESAR,TPS 013,2019-10-25 17:00:05,32,137,254,172,172,169,3,https://pemilu2019.kpu.go.id/img/c/900/049/900049317/2-11847-013-C1-PPWP-X1.jpg,https://pemilu2019.kpu.go.id/img/c/900/049/900049317/2-11847-013-C1-PPWP-X2.jpg
6728117431184411847900049318,SUMATERA UTARA,KOTA MEDAN,MEDAN LABUHAN,BESAR,TPS 014,2019-10-25 17:00:05,29,152,247,182,182,181,1,https://pemilu2019.kpu.go.id/img/c/900/049/900049318/2-11847-014-C1-PPWP-X1.jpg,https://pemilu2019.kpu.go.id/img/c/900/049/900049318/2-11847-014-C1-PPWP-X2.jpg
6728117431184411847900049319,SUMATERA UTARA,KOTA MEDAN,MEDAN LABUHAN,BESAR,TPS 015,2019-10-25 17:00:05,29,130,225,161,161,159,2,https://pemilu2019.kpu.go.id/img/c/900/049/900049319/2-11847-015-C1-PPWP-X1.jpg,https://pemilu2019.kpu.go.id/img/c/900/049/900049319/2-11847-015-C1-PPWP-X2.jpg
6728117431184411847900049320,SUMATERA UTARA,KOTA MEDAN,MEDAN LABUHAN,BESAR,TPS 016,2019-10-25 17:00:05,29,143,252,173,173,172,1,https://pemilu2019.kpu.go.id/img/c/900/049/900049320/2-11847-016-C1-PPWP-X1.jpg,https://pemilu2019.kpu.go.id/img/c/900/049/900049320/2-11847-016-C1-PPWP-X2.jpg
6728117431184411847900049321,SUMATERA UTARA,KOTA MEDAN,MEDAN LABUHAN,BESAR,TPS 017,2019-10-25 17:00:05,24,128,28,153,154,152,2,https://pemilu2019.kpu.go.id/img/c/900/049/900049321/11847-017-C1-PPWP-X1.jpg,https://pemilu2019.kpu.go.id/img/c/900/049/900049321/11847-017-C1-PPWP-X2.jpg
6728117431184411847900049322,SUMATERA UTARA,KOTA MEDAN,MEDAN LABUHAN,BESAR,TPS 018,2019-10-25 17:00:05,30,149,220,181,181,179,2,https://pemilu2019.kpu.go.id/img/c/900/049/900049322/2-11847-018-C1-PPWP-X1.jpg,https://pemilu2019.kpu.go.id/img/c/900/049/900049322/2-11847-018-C1-PPWP-X2.jpg
6728117431184411847900049323,SUMATERA UTARA,KOTA MEDAN,MEDAN LABUHAN,BESAR,TPS 019,2019-10-25 17:00:05,53,130,247,183,183,183,0,https://pemilu2019.kpu.go.id/img/c/900/049/900049323/1-11847-019-C1-PPWP-X1.jpg,https://pemilu2019.kpu.go.id/img/c/900/049/900049323/1-11847-019-C1-PPWP-X2.jpg
6728117431184411847900049324,SUMATERA UTARA,KOTA MEDAN,MEDAN LABUHAN,BESAR,TPS 020,2019-10-25 17:00:05,73,98,227,179,176,171,5,https://pemilu2019.kpu.go.id/img/c/900/049/900049324/2-11847-020-C1-PPWP-X1.jpg,https://pemilu2019.kpu.go.id/img/c/900/049/900049324/2-11847-020-C1-PPWP-X2.jpg
6728117431184411847900049325,SUMATERA UTARA,KOTA MEDAN,MEDAN LABUHAN,BESAR,TPS 021,2019-10-25 17:00:05,35,95,0,132,132,130,2,https://pemilu2019.kpu.go.id/img/c/900/049/900049325/1-11847-021-C1-PPWP-X1.jpg,https://pemilu2019.kpu.go.id/img/c/900/049/900049325/1-11847-021-C1-PPWP-X2.jpg
6728117431184411847900049326,SUMATERA UTARA,KOTA MEDAN,MEDAN LABUHAN,BESAR,TPS 022,2019-10-25 17:00:05,39,117,264,159,159,156,3,https://pemilu2019.kpu.go.id/img/c/900/049/900049326/1-11847-022-C1-PPWP-X1.jpg,https://pemilu2019.kpu.go.id/img/c/900/049/900049326/1-11847-022-C1-PPWP-X2.jpg
6728117431184411847900049327,SUMATERA UTARA,KOTA MEDAN,MEDAN LABUHAN,BESAR,TPS 023,2019-10-25 17:00:05,35,142,18,18,177,177,0,https://pemilu2019.kpu.go.id/img/c/900/049/900049327/2-11847-023-C1-PPWP-X1.jpg,https://pemilu2019.kpu.go.id/img/c/900/049/900049327/2-11847-023-C1-PPWP-X2.jpg
6728117431184411847900049328,SUMATERA UTARA,KOTA MEDAN,MEDAN LABUHAN,BESAR,TPS 024,2019-10-25 17:00:05,23,140,285,164,164,163,1,https://pemilu2019.kpu.go.id/img/c/900/049/900049328/1-11847-024-C1-PPWP-X1.jpg,https://pemilu2019.kpu.go.id/img/c/900/049/900049328/1-11847-024-C1-PPWP-X2.jpg
6728117431184411847900049329,SUMATERA UTARA,KOTA MEDAN,MEDAN LABUHAN,BESAR,TPS 025,2019-10-25 17:00:05,31,149,273,182,182,180,2,https://pemilu2019.kpu.go.id/img/c/900/049/900049329/1-11847-025-C1-PPWP-X1.jpg,https://pemilu2019.kpu.go.id/img/c/900/049/900049329/1-11847-025-C1-PPWP-X2.jpg
6728117431184411847900049330,SUMATERA UTARA,KOTA MEDAN,MEDAN LABUHAN,BESAR,TPS 026,2019-10-25 17:00:05,24,146,260,170,170,170,0,https://pemilu2019.kpu.go.id/img/c/900/049/900049330/1-11847-026-C1-PPWP-X1.jpg,https://pemilu2019.kpu.go.id/img/c/900/049/900049330/1-11847-026-C1-PPWP-X2.jpg
6728117431184411847900049331,SUMATERA UTARA,KOTA MEDAN,MEDAN LABUHAN,BESAR,TPS 027,2019-10-25 17:00:05,22,111,264,133,133,133,0,https://pemilu2019.kpu.go.id/img/c/900/049/900049331/1-11847-027-C1-PPWP-X1.jpg,https://pemilu2019.kpu.go.id/img/c/900/049/900049331/1-11847-027-C1-PPWP-X2.jpg
6728117431184411847900049332,SUMATERA UTARA,KOTA MEDAN,MEDAN LABUHAN,BESAR,TPS 028,2019-10-25 17:00:05,35,110,271,145,0,145,0,https://pemilu2019.kpu.go.id/img/c/900/049/900049332/1-11847-028-C1-PPWP-X1.jpg,https://pemilu2019.kpu.go.id/img/c/900/049/900049332/1-11847-028-C1-PPWP-X2.jpg
6728117431184411847900049333,SUMATERA UTARA,KOTA MEDAN,MEDAN LABUHAN,BESAR,TPS 029,2019-10-25 17:00:05,19,102,255,121,121,121,0,https://pemilu2019.kpu.go.id/img/c/900/049/900049333/1-11847-029-C1-PPWP-X1.jpg,https://pemilu2019.kpu.go.id/img/c/900/049/900049333/1-11847-029-C1-PPWP-X2.jpg
6728117431184411847900049334,SUMATERA UTARA,KOTA MEDAN,MEDAN LABUHAN,BESAR,TPS 030,2019-10-25 17:00:05,27,84,220,113,113,111,2,https://pemilu2019.kpu.go.id/img/c/900/049/900049334/1-11847-030-C1-PPWP-X1.jpg,https://pemilu2019.kpu.go.id/img/c/900/049/900049334/1-11847-030-C1-PPWP-X2.jpg
6728117431184411847900049335,SUMATERA UTARA,KOTA MEDAN,MEDAN LABUHAN,BESAR,TPS 031,2019-10-25 17:00:05,28,71,201,100,100,99,1,https://pemilu2019.kpu.go.id/img/c/900/049/900049335/1-11847-031-C1-PPWP-X1.jpg,https://pemilu2019.kpu.go.id/img/c/900/049/900049335/1-11847-031-C1-PPWP-X2.jpg
6728117431184411847900049336,SUMATERA UTARA,KOTA MEDAN,MEDAN LABUHAN,BESAR,TPS 032,2019-10-25 17:00:05,24,69,201,97,97,93,4,https://pemilu2019.kpu.go.id/img/c/900/049/900049336/1-11847-032-C1-PPWP-X1.jpg,https://pemilu2019.kpu.go.id/img/c/900/049/900049336/1-11847-032-C1-PPWP-X2.jpg
6728117431184411847900049337,SUMATERA UTARA,KOTA MEDAN,MEDAN LABUHAN,BESAR,TPS 033,2019-10-25 17:00:05,68,89,254,157,157,157,0,https://pemilu2019.kpu.go.id/img/c/900/049/900049337/1-11847-033-C1-PPWP-X1.jpg,https://pemilu2019.kpu.go.id/img/c/900/049/900049337/1-11847-033-C1-PPWP-X2.jpg
6728117431184411847900049338,SUMATERA UTARA,KOTA MEDAN,MEDAN LABUHAN,BESAR,TPS 034,2019-10-25 17:00:05,77,122,300,200,200,199,1,https://pemilu2019.kpu.go.id/img/c/900/049/900049338/1-11847-034-C1-PPWP-X1.jpg,https://pemilu2019.kpu.go.id/img/c/900/049/900049338/1-11847-034-C1-PPWP-X2.jpg
6728117431184411847900049339,SUMATERA UTARA,KOTA MEDAN,MEDAN LABUHAN,BESAR,TPS 035,2019-10-25 17:00:05,56,48,174,107,107,104,3,https://pemilu2019.kpu.go.id/img/c/900/049/900049339/2-11847-035-C1-PPWP-X1.jpg,https://pemilu2019.kpu.go.id/img/c/900/049/900049339/2-11847-035-C1-PPWP-X2.jpg
6728117431184411847900049340,SUMATERA UTARA,KOTA MEDAN,MEDAN LABUHAN,BESAR,TPS 036,2019-10-25 17:00:05,53,108,231,165,165,161,4,https://pemilu2019.kpu.go.id/img/c/900/049/900049340/1-11847-036-C1-PPWP-X1.jpg,https://pemilu2019.kpu.go.id/img/c/900/049/900049340/1-11847-036-C1-PPWP-X2.jpg
6728117431184411847900049341,SUMATERA UTARA,KOTA MEDAN,MEDAN LABUHAN,BESAR,TPS 037,2019-10-25 17:00:05,33,126,248,161,161,159,2,https://pemilu2019.kpu.go.id/img/c/900/049/900049341/1-11847-037-C1-PPWP-X1.jpg,https://pemilu2019.kpu.go.id/img/c/900/049/900049341/1-11847-037-C1-PPWP-X2.jpg
6728117431184411847900049342,SUMATERA UTARA,KOTA MEDAN,MEDAN LABUHAN,BESAR,TPS 038,2019-10-25 17:00:05,52,123,216,176,176,175,1,https://pemilu2019.kpu.go.id/img/c/900/049/900049342/1-11847-038-C1-PPWP-X1.jpg,https://pemilu2019.kpu.go.id/img/c/900/049/900049342/1-11847-038-C1-PPWP-X2.jpg
6728117431184411847900049343,SUMATERA UTARA,KOTA MEDAN,MEDAN LABUHAN,BESAR,TPS 039,2019-10-25 17:00:05,58,123,206,184,184,181,3,https://pemilu2019.kpu.go.id/img/c/900/049/900049343/1-11847-039-C1-PPWP-X1.jpg,https://pemilu2019.kpu.go.id/img/c/900/049/900049343/1-11847-039-C1-PPWP-X2.jpg
6728117431184411847900049344,SUMATERA UTARA,KOTA MEDAN,MEDAN LABUHAN,BESAR,TPS 040,2019-10-25 17:00:05,63,121,221,186,186,184,2,https://pemilu2019.kpu.go.id/img/c/900/049/900049344/1-11847-040-C1-PPWP-X1.jpg,https://pemilu2019.kpu.go.id/img/c/900/049/900049344/1-11847-040-C1-PPWP-X2.jpg
6728117431184411847900049345,SUMATERA UTARA,KOTA MEDAN,MEDAN LABUHAN,BESAR,TPS 041,2019-10-25 17:00:05,48,127,211,175,175,175,0,https://pemilu2019.kpu.go.id/img/c/900/049/900049345/1-11847-041-C1-PPWP-X1.jpg,https://pemilu2019.kpu.go.id/img/c/900/049/900049345/1-11847-041-C1-PPWP-X2.jpg
6728117431184411847900049346,SUMATERA UTARA,KOTA MEDAN,MEDAN LABUHAN,BESAR,TPS 042,2019-10-25 17:00:05,32,131,216,164,164,163,1,https://pemilu2019.kpu.go.id/img/c/900/049/900049346/1-11847-042-C1-PPWP-X1.jpg,https://pemilu2019.kpu.go.id/img/c/900/049/900049346/1-11847-042-C1-PPWP-X2.jpg
6728117431184411847900049347,SUMATERA UTARA,KOTA MEDAN,MEDAN LABUHAN,BESAR,TPS 043,2019-10-25 17:00:05,105,193,344,300,300,298,2,https://pemilu2019.kpu.go.id/img/c/900/049/900049347/1-11847-043-C1-PPWP-X1.jpg,https://pemilu2019.kpu.go.id/img/c/900/049/900049347/1-11847-043-C1-PPWP-X2.jpg
6728117431184411847900049348,SUMATERA UTARA,KOTA MEDAN,MEDAN LABUHAN,BESAR,TPS 044,2019-10-25 17:00:05,49,155,288,206,206,204,2,https://pemilu2019.kpu.go.id/img/c/900/049/900049348/1-11847-044-C1-PPWP-X1.jpg,https://pemilu2019.kpu.go.id/img/c/900/049/900049348/1-11847-044-C1-PPWP-X2.jpg
6728117431184411847900049349,SUMATERA UTARA,KOTA MEDAN,MEDAN LABUHAN,BESAR,TPS 045,2019-10-25 17:00:05,45,129,273,173,175,174,1,https://pemilu2019.kpu.go.id/img/c/900/049/900049349/1-11847-045-C1-PPWP-X1.jpg,https://pemilu2019.kpu.go.id/img/c/900/049/900049349/1-11847-045-C1-PPWP-X2.jpg
6728117431184411847900049350,SUMATERA UTARA,KOTA MEDAN,MEDAN LABUHAN,BESAR,TPS 046,2019-10-25 17:00:05,76,98,218,174,174,174,0,https://pemilu2019.kpu.go.id/img/c/900/049/900049350/1-11847-046-C1-PPWP-X1.jpg,https://pemilu2019.kpu.go.id/img/c/900/049/900049350/1-11847-046-C1-PPWP-X2.jpg
6728117431184411847900049351,SUMATERA UTARA,KOTA MEDAN,MEDAN LABUHAN,BESAR,TPS 047,2019-10-25 17:00:05,47,86,209,136,136,133,3,https://pemilu2019.kpu.go.id/img/c/900/049/900049351/1-11847-047-C1-PPWP-X1.jpg,https://pemilu2019.kpu.go.id/img/c/900/049/900049351/1-11847-047-C1-PPWP-X2.jpg
6728117431184411847900049352,SUMATERA UTARA,KOTA MEDAN,MEDAN LABUHAN,BESAR,TPS 048,2019-10-25 17:00:05,61,97,211,158,158,158,0,https://pemilu2019.kpu.go.id/img/c/900/049/900049352/1-11847-048-C1-PPWP-X1.jpg,https://pemilu2019.kpu.go.id/img/c/900/049/900049352/1-11847-048-C1-PPWP-X2.jpg
6728117431184411847900049353,SUMATERA UTARA,KOTA MEDAN,MEDAN LABUHAN,BESAR,TPS 049,2019-10-25 17:00:05,54,128,279,184,184,182,2,https://pemilu2019.kpu.go.id/img/c/900/049/900049353/1-11847-049-C1-PPWP-X1.jpg,https://pemilu2019.kpu.go.id/img/c/900/049/900049353/1-11847-049-C1-PPWP-X2.jpg
6728117431184411847900049354,SUMATERA UTARA,KOTA MEDAN,MEDAN LABUHAN,BESAR,TPS 050,2019-10-25 17:00:05,38,118,226,157,157,156,1,https://pemilu2019.kpu.go.id/img/c/900/049/900049354/1-11847-050-C1-PPWP-X1.jpg,https://pemilu2019.kpu.go.id/img/c/900/049/900049354/1-11847-050-C1-PPWP-X2.jpg
6728117431184411847900049355,SUMATERA UTARA,KOTA MEDAN,MEDAN LABUHAN,BESAR,TPS 051,2019-10-25 17:00:05,21,114,204,137,137,35,2,https://pemilu2019.kpu.go.id/img/c/900/049/900049355/1-11847-051-C1-PPWP-X1.jpg,https://pemilu2019.kpu.go.id/img/c/900/049/900049355/1-11847-051-C1-PPWP-X2.jpg
6728117431184411847900049356,SUMATERA UTARA,KOTA MEDAN,MEDAN LABUHAN,BESAR,TPS 052,2019-10-25 17:00:05,64,92,246,156,156,156,0,https://pemilu2019.kpu.go.id/img/c/900/049/900049356/1-11847-052-C1-PPWP-X1.jpg,https://pemilu2019.kpu.go.id/img/c/900/049/900049356/1-11847-052-C1-PPWP-X2.jpg
6728117431184411847900049357,SUMATERA UTARA,KOTA MEDAN,MEDAN LABUHAN,BESAR,TPS 053,2019-10-25 17:00:05,35,126,233,163,163,161,2,https://pemilu2019.kpu.go.id/img/c/900/049/900049357/1-11847-053-C1-PPWP-X1.jpg,https://pemilu2019.kpu.go.id/img/c/900/049/900049357/1-11847-053-C1-PPWP-X2.jpg
6728117431184411847900049358,SUMATERA UTARA,KOTA MEDAN,MEDAN LABUHAN,BESAR,TPS 054,2019-10-25 17:00:05,35,151,220,186,186,186,0,https://pemilu2019.kpu.go.id/img/c/900/049/900049358/1-11847-054-C1-PPWP-X1.jpg,https://pemilu2019.kpu.go.id/img/c/900/049/900049358/1-11847-054-C1-PPWP-X2.jpg
6728117431184411847900049359,SUMATERA UTARA,KOTA MEDAN,MEDAN LABUHAN,BESAR,TPS 055,2019-10-25 17:00:05,38,153,194,194,194,191,3,https://pemilu2019.kpu.go.id/img/c/900/049/900049359/1-11847-055-C1-PPWP-X1.jpg,https://pemilu2019.kpu.go.id/img/c/900/049/900049359/1-11847-055-C1-PPWP-X2.jpg
6728117431184411847900049360,SUMATERA UTARA,KOTA MEDAN,MEDAN LABUHAN,BESAR,TPS 056,2019-10-25 17:00:05,44,204,342,253,253,248,5,https://pemilu2019.kpu.go.id/img/c/900/049/900049360/1-11847-056-C1-PPWP-X1.jpg,https://pemilu2019.kpu.go.id/img/c/900/049/900049360/1-11847-056-C1-PPWP-X2.jpg
6728117431184411847900049361,SUMATERA UTARA,KOTA MEDAN,MEDAN LABUHAN,BESAR,TPS 057,2019-10-25 17:00:05,51,92,231,143,143,143,0,https://pemilu2019.kpu.go.id/img/c/900/049/900049361/1-11847-057-C1-PPWP-X1.jpg,https://pemilu2019.kpu.go.id/img/c/900/049/900049361/1-11847-057-C1-PPWP-X2.jpg
6728117431184411847900049362,SUMATERA UTARA,KOTA MEDAN,MEDAN LABUHAN,BESAR,TPS 058,2019-10-25 17:00:05,59,59,179,123,123,118,5,https://pemilu2019.kpu.go.id/img/c/900/049/900049362/1-11847-058-C1-PPWP-X1.jpg,https://pemilu2019.kpu.go.id/img/c/900/049/900049362/1-11847-058-C1-PPWP-X2.jpg
6728117431184411847900049363,SUMATERA UTARA,KOTA MEDAN,MEDAN LABUHAN,BESAR,TPS 059,2019-10-25 17:00:05,85,95,270,180,180,180,0,https://pemilu2019.kpu.go.id/img/c/900/049/900049363/1-11847-059-C1-PPWP-X1.jpg,https://pemilu2019.kpu.go.id/img/c/900/049/900049363/1-11847-059-C1-PPWP-X2.jpg
6728117431184411847900049364,SUMATERA UTARA,KOTA MEDAN,MEDAN LABUHAN,BESAR,TPS 060,2019-10-25 17:00:05,83,97,273,182,182,180,2,https://pemilu2019.kpu.go.id/img/c/900/049/900049364/1-11847-060-C1-PPWP-X1.jpg,https://pemilu2019.kpu.go.id/img/c/900/049/900049364/1-11847-060-C1-PPWP-X2.jpg
6728117431184411847900049365,SUMATERA UTARA,KOTA MEDAN,MEDAN LABUHAN,BESAR,TPS 061,2019-10-25 17:00:05,66,119,283,188,188,185,3,https://pemilu2019.kpu.go.id/img/c/900/049/900049365/1-11847-061-C1-PPWP-X1.jpg,https://pemilu2019.kpu.go.id/img/c/900/049/900049365/1-11847-061-C1-PPWP-X2.jpg
6728117431184411847900049366,SUMATERA UTARA,KOTA MEDAN,MEDAN LABUHAN,BESAR,TPS 062,2019-10-25 17:00:05,68,101,271,165,169,169,0,https://pemilu2019.kpu.go.id/img/c/900/049/900049366/1-11847-062-C1-PPWP-X1.jpg,https://pemilu2019.kpu.go.id/img/c/900/049/900049366/1-11847-062-C1-PPWP-X2.jpg
6728117431184411847900049367,SUMATERA UTARA,KOTA MEDAN,MEDAN LABUHAN,BESAR,TPS 063,2019-10-25 17:00:05,53,93,229,146,146,146,0,https://pemilu2019.kpu.go.id/img/c/900/049/900049367/1-11847-063-C1-PPWP-X1.jpg,https://pemilu2019.kpu.go.id/img/c/900/049/900049367/1-11847-063-C1-PPWP-X2.jpg
6728117431184411847900049368,SUMATERA UTARA,KOTA MEDAN,MEDAN LABUHAN,BESAR,TPS 064,2019-10-25 17:00:05,63,84,243,150,150,147,3,https://pemilu2019.kpu.go.id/img/c/900/049/900049368/1-11847-064-C1-PPWP-X1.jpg,https://pemilu2019.kpu.go.id/img/c/900/049/900049368/1-11847-064-C1-PPWP-X2.jpg
6728117431184411847900049369,SUMATERA UTARA,KOTA MEDAN,MEDAN LABUHAN,BESAR,TPS 065,2019-10-25 17:00:05,86,104,288,194,194,190,4,https://pemilu2019.kpu.go.id/img/c/900/049/900049369/1-11847-065-C1-PPWP-X1.jpg,https://pemilu2019.kpu.go.id/img/c/900/049/900049369/1-11847-065-C1-PPWP-X2.jpg
6728117431184411847900049370,SUMATERA UTARA,KOTA MEDAN,MEDAN LABUHAN,BESAR,TPS 066,2019-10-25 17:00:05,91,106,197,0,197,192,5,https://pemilu2019.kpu.go.id/img/c/900/049/900049370/1-11847-066-C1-PPWP-X1.jpg,https://pemilu2019.kpu.go.id/img/c/900/049/900049370/1-11847-066-C1-PPWP-X2.jpg
6728117431184411847900049371,SUMATERA UTARA,KOTA MEDAN,MEDAN LABUHAN,BESAR,TPS 067,2019-10-25 17:00:05,31,123,158,158,158,154,4,https://pemilu2019.kpu.go.id/img/c/900/049/900049371/1-11847-067-C1-PPWP-X1.jpg,https://pemilu2019.kpu.go.id/img/c/900/049/900049371/1-11847-067-C1-PPWP-X2.jpg
6728117431184411847900049372,SUMATERA UTARA,KOTA MEDAN,MEDAN LABUHAN,BESAR,TPS 068,2019-10-25 17:00:05,33,108,184,142,142,141,1,https://pemilu2019.kpu.go.id/img/c/900/049/900049372/1-11847-068-C1-PPWP-X1.jpg,https://pemilu2019.kpu.go.id/img/c/900/049/900049372/1-11847-068-C1-PPWP-X2.jpg
6728117431184411847900049373,SUMATERA UTARA,KOTA MEDAN,MEDAN LABUHAN,BESAR,TPS 069,2019-10-25 17:00:05,87,81,234,170,170,168,2,https://pemilu2019.kpu.go.id/img/c/900/049/900049373/1-11847-069-C1-PPWP-X1.jpg,https://pemilu2019.kpu.go.id/img/c/900/049/900049373/1-11847-069-C1-PPWP-X2.jpg
6728117431184411847900049374,SUMATERA UTARA,KOTA MEDAN,MEDAN LABUHAN,BESAR,TPS 070,2019-10-25 17:00:05,67,89,230,156,156,156,0,https://pemilu2019.kpu.go.id/img/c/900/049/900049374/2-11847-070-C1-PPWP-X1.jpg,https://pemilu2019.kpu.go.id/img/c/900/049/900049374/2-11847-070-C1-PPWP-X2.jpg
6728117431184411847900049375,SUMATERA UTARA,KOTA MEDAN,MEDAN LABUHAN,BESAR,TPS 071,2019-10-25 17:00:05,100,101,267,201,201,201,0,https://pemilu2019.kpu.go.id/img/c/900/049/900049375/1-11847-071-C1-PPWP-X1.jpg,https://pemilu2019.kpu.go.id/img/c/900/049/900049375/1-11847-071-C1-PPWP-X2.jpg
6728117431184411847900049376,SUMATERA UTARA,KOTA MEDAN,MEDAN LABUHAN,BESAR,TPS 072,2019-10-25 17:00:05,96,93,266,189,189,189,0,https://pemilu2019.kpu.go.id/img/c/900/049/900049376/1-11847-072-C1-PPWP-X1.jpg,https://pemilu2019.kpu.go.id/img/c/900/049/900049376/1-11847-072-C1-PPWP-X2.jpg
6728117431184411847900049377,SUMATERA UTARA,KOTA MEDAN,MEDAN LABUHAN,BESAR,TPS 073,2019-10-25 17:00:05,102,71,202,173,173,173,0,https://pemilu2019.kpu.go.id/img/c/900/049/900049377/1-11847-073-C1-PPWP-X1.jpg,https://pemilu2019.kpu.go.id/img/c/900/049/900049377/1-11847-073-C1-PPWP-X2.jpg
6728117431184411847900049378,SUMATERA UTARA,KOTA MEDAN,MEDAN LABUHAN,BESAR,TPS 074,2019-10-25 17:00:05,89,73,220,176,164,162,2,https://pemilu2019.kpu.go.id/img/c/900/049/900049378/1-11847-074-C1-PPWP-X1.jpg,https://pemilu2019.kpu.go.id/img/c/900/049/900049378/1-11847-074-C1-PPWP-X2.jpg
6728117431184411847900049379,SUMATERA UTARA,KOTA MEDAN,MEDAN LABUHAN,BESAR,TPS 075,2019-10-25 17:00:05,106,76,254,183,183,182,1,https://pemilu2019.kpu.go.id/img/c/900/049/900049379/1-11847-075-C1-PPWP-X1.jpg,https://pemilu2019.kpu.go.id/img/c/900/049/900049379/1-11847-075-C1-PPWP-X2.jpg
6728117431184411847900049380,SUMATERA UTARA,KOTA MEDAN,MEDAN LABUHAN,BESAR,TPS 076,2019-10-25 17:00:05,113,58,257,171,251,171,0,https://pemilu2019.kpu.go.id/img/c/900/049/900049380/2-11847-076-C1-PPWP-X1.jpg,https://pemilu2019.kpu.go.id/img/c/900/049/900049380/2-11847-076-C1-PPWP-X2.jpg
6728117431184411847900049381,SUMATERA UTARA,KOTA MEDAN,MEDAN LABUHAN,BESAR,TPS 077,2019-10-25 17:00:05,72,164,311,237,237,236,1,https://pemilu2019.kpu.go.id/img/c/900/049/900049381/1-11847-077-C1-PPWP-X1.jpg,https://pemilu2019.kpu.go.id/img/c/900/049/900049381/1-11847-077-C1-PPWP-X2.jpg
6728117431184411847900049382,SUMATERA UTARA,KOTA MEDAN,MEDAN LABUHAN,BESAR,TPS 078,2019-10-25 17:00:05,81,128,276,210,210,209,1,https://pemilu2019.kpu.go.id/img/c/900/049/900049382/1-11847-078-C1-PPWP-X1.jpg,https://pemilu2019.kpu.go.id/img/c/900/049/900049382/1-11847-078-C1-PPWP-X2.jpg
6728117431184411847900049383,SUMATERA UTARA,KOTA MEDAN,MEDAN LABUHAN,BESAR,TPS 079,2019-10-25 17:00:05,112,103,292,217,217,215,2,https://pemilu2019.kpu.go.id/img/c/900/049/900049383/1-11847-079-C1-PPWP-X1.jpg,https://pemilu2019.kpu.go.id/img/c/900/049/900049383/1-11847-079-C1-PPWP-X2.jpg
6728117431184411847900049384,SUMATERA UTARA,KOTA MEDAN,MEDAN LABUHAN,BESAR,TPS 080,2019-10-25 17:00:05,87,120,301,207,207,207,0,https://pemilu2019.kpu.go.id/img/c/900/049/900049384/1-11847-080-C1-PPWP-X1.jpg,https://pemilu2019.kpu.go.id/img/c/900/049/900049384/1-11847-080-C1-PPWP-X2.jpg
6728117431184411847900049385,SUMATERA UTARA,KOTA MEDAN,MEDAN LABUHAN,BESAR,TPS 081,2019-10-25 17:00:05,133,118,323,258,258,251,7,https://pemilu2019.kpu.go.id/img/c/900/049/900049385/1-11847-081-C1-PPWP-X1.jpg,https://pemilu2019.kpu.go.id/img/c/900/049/900049385/1-11847-081-C1-PPWP-X2.jpg
6728117431184411847900049386,SUMATERA UTARA,KOTA MEDAN,MEDAN LABUHAN,BESAR,TPS 082,2019-10-25 17:00:05,96,143,299,239,390,239,15,https://pemilu2019.kpu.go.id/img/c/900/049/900049386/1-11847-082-C1-PPWP-X1.jpg,https://pemilu2019.kpu.go.id/img/c/900/049/900049386/1-11847-082-C1-PPWP-X2.jpg
6728117431184411847900049387,SUMATERA UTARA,KOTA MEDAN,MEDAN LABUHAN,BESAR,TPS 083,2019-10-25 17:00:05,94,138,283,238,238,232,6,https://pemilu2019.kpu.go.id/img/c/900/049/900049387/1-11847-083-C1-PPWP-X1.jpg,https://pemilu2019.kpu.go.id/img/c/900/049/900049387/1-11847-083-C1-PPWP-X2.jpg
6728117431184411847900049388,SUMATERA UTARA,KOTA MEDAN,MEDAN LABUHAN,BESAR,TPS 084,2019-10-25 17:00:05,69,146,254,216,216,215,1,https://pemilu2019.kpu.go.id/img/c/900/049/900049388/1-11847-084-C1-PPWP-X1.jpg,https://pemilu2019.kpu.go.id/img/c/900/049/900049388/1-11847-084-C1-PPWP-X2.jpg
6728117431184411847900049389,SUMATERA UTARA,KOTA MEDAN,MEDAN LABUHAN,BESAR,TPS 085,2019-10-25 17:00:05,79,106,231,186,186,185,1,https://pemilu2019.kpu.go.id/img/c/900/049/900049389/1-11847-085-C1-PPWP-X1.jpg,https://pemilu2019.kpu.go.id/img/c/900/049/900049389/1-11847-085-C1-PPWP-X2.jpg
6728117431184411847900049390,SUMATERA UTARA,KOTA MEDAN,MEDAN LABUHAN,BESAR,TPS 086,2019-10-25 17:00:05,117,104,292,223,223,221,2,https://pemilu2019.kpu.go.id/img/c/900/049/900049390/1-11847-086-C1-PPWP-X1.jpg,https://pemilu2019.kpu.go.id/img/c/900/049/900049390/1-11847-086-C1-PPWP-X2.jpg
6728117431184411847900049391,SUMATERA UTARA,KOTA MEDAN,MEDAN LABUHAN,BESAR,TPS 087,2019-10-25 17:00:05,153,77,230,230,230,230,0,https://pemilu2019.kpu.go.id/img/c/900/049/900049391/1-11847-087-C1-PPWP-X1.jpg,https://pemilu2019.kpu.go.id/img/c/900/049/900049391/1-11847-087-C1-PPWP-X2.jpg
6728117431184411847900049392,SUMATERA UTARA,KOTA MEDAN,MEDAN LABUHAN,BESAR,TPS 088,2019-10-25 17:00:05,89,74,217,163,163,163,0,https://pemilu2019.kpu.go.id/img/c/900/049/900049392/1-11847-088-C1-PPWP-X1.jpg,https://pemilu2019.kpu.go.id/img/c/900/049/900049392/1-11847-088-C1-PPWP-X2.jpg
6728117431184411847900049393,SUMATERA UTARA,KOTA MEDAN,MEDAN LABUHAN,BESAR,TPS 089,2019-10-25 17:00:05,114,60,242,175,175,174,1,https://pemilu2019.kpu.go.id/img/c/900/049/900049393/1-11847-089-C1-PPWP-X1.jpg,https://pemilu2019.kpu.go.id/img/c/900/049/900049393/1-11847-089-C1-PPWP-X2.jpg
6728117431184411847900049394,SUMATERA UTARA,KOTA MEDAN,MEDAN LABUHAN,BESAR,TPS 090,2019-10-25 17:00:05,115,68,243,183,183,183,0,https://pemilu2019.kpu.go.id/img/c/900/049/900049394/1-11847-090-C1-PPWP-X1.jpg,https://pemilu2019.kpu.go.id/img/c/900/049/900049394/1-11847-090-C1-PPWP-X2.jpg
6728117431184411847900049395,SUMATERA UTARA,KOTA MEDAN,MEDAN LABUHAN,BESAR,TPS 091,2019-10-25 17:00:05,76,128,263,206,206,204,2,https://pemilu2019.kpu.go.id/img/c/900/049/900049395/1-11847-091-C1-PPWP-X1.jpg,https://pemilu2019.kpu.go.id/img/c/900/049/900049395/1-11847-091-C1-PPWP-X2.jpg
6728117431184411847900049396,SUMATERA UTARA,KOTA MEDAN,MEDAN LABUHAN,BESAR,TPS 092,2019-10-25 17:00:05,114,101,285,217,217,215,2,https://pemilu2019.kpu.go.id/img/c/900/049/900049396/1-11847-092-C1-PPWP-X1.jpg,https://pemilu2019.kpu.go.id/img/c/900/049/900049396/1-11847-092-C1-PPWP-X2.jpg
6728117431184411847900049397,SUMATERA UTARA,KOTA MEDAN,MEDAN LABUHAN,BESAR,TPS 093,2019-10-25 17:00:05,74,105,249,179,179,179,0,https://pemilu2019.kpu.go.id/img/c/900/049/900049397/1-11847-093-C1-PPWP-X1.jpg,https://pemilu2019.kpu.go.id/img/c/900/049/900049397/1-11847-093-C1-PPWP-X2.jpg
6728117431184411847900049398,SUMATERA UTARA,KOTA MEDAN,MEDAN LABUHAN,BESAR,TPS 094,2019-10-25 17:00:05,73,87,221,160,160,160,0,https://pemilu2019.kpu.go.id/img/c/900/049/900049398/1-11847-094-C1-PPWP-X1.jpg,https://pemilu2019.kpu.go.id/img/c/900/049/900049398/1-11847-094-C1-PPWP-X2.jpg
6728117431184411847900049399,SUMATERA UTARA,KOTA MEDAN,MEDAN LABUHAN,BESAR,TPS 095,2019-10-25 17:00:05,90,100,234,194,194,190,4,https://pemilu2019.kpu.go.id/img/c/900/049/900049399/1-11847-095-C1-PPWP-X1.jpg,https://pemilu2019.kpu.go.id/img/c/900/049/900049399/1-11847-095-C1-PPWP-X2.jpg
6728117431184411847900049400,SUMATERA UTARA,KOTA MEDAN,MEDAN LABUHAN,BESAR,TPS 096,2019-10-25 17:00:05,78,112,236,191,191,190,1,https://pemilu2019.kpu.go.id/img/c/900/049/900049400/1-11847-096-C1-PPWP-X1.jpg,https://pemilu2019.kpu.go.id/img/c/900/049/900049400/1-11847-096-C1-PPWP-X2.jpg
6728117431184411847900049401,SUMATERA UTARA,KOTA MEDAN,MEDAN LABUHAN,BESAR,TPS 097,2019-10-25 17:00:05,63,100,226,166,166,163,3,https://pemilu2019.kpu.go.id/img/c/900/049/900049401/1-11847-097-C1-PPWP-X1.jpg,https://pemilu2019.kpu.go.id/img/c/900/049/900049401/1-11847-097-C1-PPWP-X2.jpg
6728117431184411847900049402,SUMATERA UTARA,KOTA MEDAN,MEDAN LABUHAN,BESAR,TPS 098,2019-10-25 17:00:05,63,99,231,163,163,162,1,https://pemilu2019.kpu.go.id/img/c/900/049/900049402/1-11847-098-C1-PPWP-X1.jpg,https://pemilu2019.kpu.go.id/img/c/900/049/900049402/1-11847-098-C1-PPWP-X2.jpg
6728117431184411847900049403,SUMATERA UTARA,KOTA MEDAN,MEDAN LABUHAN,BESAR,TPS 099,2019-10-25 17:00:05,31,97,160,128,128,128,0,https://pemilu2019.kpu.go.id/img/c/900/049/900049403/1-11847-099-C1-PPWP-X1.jpg,https://pemilu2019.kpu.go.id/img/c/900/049/900049403/1-11847-099-C1-PPWP-X2.jpg
6728117431184411847900049404,SUMATERA UTARA,KOTA MEDAN,MEDAN LABUHAN,BESAR,TPS 100,2019-10-25 17:00:05,59,109,246,168,168,168,0,https://pemilu2019.kpu.go.id/img/c/900/049/900049404/1-11847-100-C1-PPWP-X1.jpg,https://pemilu2019.kpu.go.id/img/c/900/049/900049404/1-11847-100-C1-PPWP-X2.jpg
6728117431184411847900049405,SUMATERA UTARA,KOTA MEDAN,MEDAN LABUHAN,BESAR,TPS 101,2019-10-25 17:00:05,115,66,273,182,182,181,1,https://pemilu2019.kpu.go.id/img/c/900/049/900049405/1-11847-101-C1-PPWP-X1.jpg,https://pemilu2019.kpu.go.id/img/c/900/049/900049405/1-11847-101-C1-PPWP-X2.jpg
6728117431184411847900049406,SUMATERA UTARA,KOTA MEDAN,MEDAN LABUHAN,BESAR,TPS 102,2019-10-25 17:00:05,119,54,242,173,173,173,0,https://pemilu2019.kpu.go.id/img/c/900/049/900049406/1-11847-102-C1-PPWP-X1.jpg,https://pemilu2019.kpu.go.id/img/c/900/049/900049406/1-11847-102-C1-PPWP-X2.jpg
6728117431184411847900049407,SUMATERA UTARA,KOTA MEDAN,MEDAN LABUHAN,BESAR,TPS 103,2019-10-25 17:00:05,81,44,185,126,126,125,1,https://pemilu2019.kpu.go.id/img/c/900/049/900049407/1-11847-103-C1-PPWP-X1.jpg,https://pemilu2019.kpu.go.id/img/c/900/049/900049407/1-11847-103-C1-PPWP-X2.jpg
6728117431184411847900049408,SUMATERA UTARA,KOTA MEDAN,MEDAN LABUHAN,BESAR,TPS 104,2019-10-25 17:00:05,78,41,207,120,120,119,1,https://pemilu2019.kpu.go.id/img/c/900/049/900049408/1-11847-104-C1-PPWP-X1.jpg,https://pemilu2019.kpu.go.id/img/c/900/049/900049408/1-11847-104-C1-PPWP-X2.jpg
6728117431184411847900049409,SUMATERA UTARA,KOTA MEDAN,MEDAN LABUHAN,BESAR,TPS 105,2019-10-25 17:00:05,114,104,256,218,218,218,0,https://pemilu2019.kpu.go.id/img/c/900/049/900049409/1-11847-105-C1-PPWP-X1.jpg,https://pemilu2019.kpu.go.id/img/c/900/049/900049409/1-11847-105-C1-PPWP-X2.jpg
6728117431184411847900049410,SUMATERA UTARA,KOTA MEDAN,MEDAN LABUHAN,BESAR,TPS 106,2019-10-25 17:00:05,66,106,0,172,172,172,0,https://pemilu2019.kpu.go.id/img/c/900/049/900049410/1-11847-106-C1-PPWP-X1.jpg,https://pemilu2019.kpu.go.id/img/c/900/049/900049410/1-11847-106-C1-PPWP-X2.jpg
6728117431184411847900049411,SUMATERA UTARA,KOTA MEDAN,MEDAN LABUHAN,BESAR,TPS 107,2019-10-25 17:00:05,115,103,295,218,218,218,0,https://pemilu2019.kpu.go.id/img/c/900/049/900049411/1-11847-107-C1-PPWP-X1.jpg,https://pemilu2019.kpu.go.id/img/c/900/049/900049411/1-11847-107-C1-PPWP-X2.jpg
6728117431184411847900049412,SUMATERA UTARA,KOTA MEDAN,MEDAN LABUHAN,BESAR,TPS 108,2019-10-25 17:00:05,137,68,205,205,205,205,0,https://pemilu2019.kpu.go.id/img/c/900/049/900049412/1-11847-108-C1-PPWP-X1.jpg,https://pemilu2019.kpu.go.id/img/c/900/049/900049412/1-11847-108-C1-PPWP-X2.jpg
6728117431184411847900049413,SUMATERA UTARA,KOTA MEDAN,MEDAN LABUHAN,BESAR,TPS 109,2019-10-25 17:00:05,120,79,267,200,200,199,1,https://pemilu2019.kpu.go.id/img/c/900/049/900049413/1-11847-109-C1-PPWP-X1.jpg,https://pemilu2019.kpu.go.id/img/c/900/049/900049413/1-11847-109-C1-PPWP-X2.jpg
6728117431184411847900049414,SUMATERA UTARA,KOTA MEDAN,MEDAN LABUHAN,BESAR,TPS 110,2019-10-25 17:00:05,83,27,149,110,110,110,0,https://pemilu2019.kpu.go.id/img/c/900/049/900049414/1-11847-110-C1-PPWP-X1.jpg,https://pemilu2019.kpu.go.id/img/c/900/049/900049414/1-11847-110-C1-PPWP-X2.jpg
6728117431184411848900049415,SUMATERA UTARA,KOTA MEDAN,MEDAN LABUHAN,MARTUBUNG,TPS 01,2019-10-25 17:00:05,26,124,226,153,153,150,3,https://pemilu2019.kpu.go.id/img/c/900/049/900049415/2-11848-01-C1-PPWP-X1.jpg,https://pemilu2019.kpu.go.id/img/c/900/049/900049415/2-11848-01-C1-PPWP-X2.jpg
6728117431184411848900049416,SUMATERA UTARA,KOTA MEDAN,MEDAN LABUHAN,MARTUBUNG,TPS 02,2019-10-25 17:00:05,32,107,218,142,142,139,3,https://pemilu2019.kpu.go.id/img/c/900/049/900049416/1-11848-02-C1-PPWP-X1.jpg,https://pemilu2019.kpu.go.id/img/c/900/049/900049416/1-11848-02-C1-PPWP-X2.jpg
6728117431184411848900049417,SUMATERA UTARA,KOTA MEDAN,MEDAN LABUHAN,MARTUBUNG,TPS 03,2019-10-25 17:00:05,28,117,195,147,147,145,2,https://pemilu2019.kpu.go.id/img/c/900/049/900049417/1-11848-03-C1-PPWP-X1.jpg,https://pemilu2019.kpu.go.id/img/c/900/049/900049417/1-11848-03-C1-PPWP-X2.jpg
6728117431184411848900049418,SUMATERA UTARA,KOTA MEDAN,MEDAN LABUHAN,MARTUBUNG,TPS 04,2019-10-25 17:00:05,14,112,208,129,129,126,3,https://pemilu2019.kpu.go.id/img/c/900/049/900049418/1-11848-04-C1-PPWP-X1.jpg,https://pemilu2019.kpu.go.id/img/c/900/049/900049418/1-11848-04-C1-PPWP-X2.jpg
6728117431184411848900049419,SUMATERA UTARA,KOTA MEDAN,MEDAN LABUHAN,MARTUBUNG,TPS 05,2019-10-25 17:00:05,18,125,219,144,144,143,1,https://pemilu2019.kpu.go.id/img/c/900/049/900049419/1-11848-05-C1-PPWP-X1.jpg,https://pemilu2019.kpu.go.id/img/c/900/049/900049419/1-11848-05-C1-PPWP-X2.jpg
6728117431184411848900049420,SUMATERA UTARA,KOTA MEDAN,MEDAN LABUHAN,MARTUBUNG,TPS 06,2019-10-25 17:00:05,16,128,199,144,147,144,3,https://pemilu2019.kpu.go.id/img/c/900/049/900049420/1-11848-06-C1-PPWP-X1.jpg,https://pemilu2019.kpu.go.id/img/c/900/049/900049420/1-11848-06-C1-PPWP-X2.jpg
6728117431184411848900049421,SUMATERA UTARA,KOTA MEDAN,MEDAN LABUHAN,MARTUBUNG,TPS 07,2019-10-25 17:00:05,44,136,204,182,182,180,2,https://pemilu2019.kpu.go.id/img/c/900/049/900049421/1-11848-07-C1-PPWP-X1.jpg,https://pemilu2019.kpu.go.id/img/c/900/049/900049421/1-11848-07-C1-PPWP-X2.jpg
6728117431184411848900049422,SUMATERA UTARA,KOTA MEDAN,MEDAN LABUHAN,MARTUBUNG,TPS 08,2019-10-25 17:00:05,28,143,221,171,171,171,0,https://pemilu2019.kpu.go.id/img/c/900/049/900049422/1-11848-08-C1-PPWP-X1.jpg,https://pemilu2019.kpu.go.id/img/c/900/049/900049422/1-11848-08-C1-PPWP-X2.jpg
6728117431184411848900049423,SUMATERA UTARA,KOTA MEDAN,MEDAN LABUHAN,MARTUBUNG,TPS 09,2019-10-25 17:00:05,49,112,195,161,161,161,0,https://pemilu2019.kpu.go.id/img/c/900/049/900049423/1-11848-09-C1-PPWP-X1.jpg,https://pemilu2019.kpu.go.id/img/c/900/049/900049423/1-11848-09-C1-PPWP-X2.jpg
6728117431184411848900049424,SUMATERA UTARA,KOTA MEDAN,MEDAN LABUHAN,MARTUBUNG,TPS 10,2019-10-25 17:00:05,38,95,194,136,136,133,3,https://pemilu2019.kpu.go.id/img/c/900/049/900049424/1-11848-10-C1-PPWP-X1.jpg,https://pemilu2019.kpu.go.id/img/c/900/049/900049424/1-11848-10-C1-PPWP-X2.jpg
6728117431184411848900049425,SUMATERA UTARA,KOTA MEDAN,MEDAN LABUHAN,MARTUBUNG,TPS 11,2019-10-25 17:00:05,71,141,288,212,212,212,0,https://pemilu2019.kpu.go.id/img/c/900/049/900049425/1-11848-11-C1-PPWP-X1.jpg,https://pemilu2019.kpu.go.id/img/c/900/049/900049425/1-11848-11-C1-PPWP-X2.jpg
6728117431184411848900049426,SUMATERA UTARA,KOTA MEDAN,MEDAN LABUHAN,MARTUBUNG,TPS 12,2019-10-25 17:00:05,18,120,226,142,142,138,4,https://pemilu2019.kpu.go.id/img/c/900/049/900049426/1-11848-12-C1-PPWP-X1.jpg,https://pemilu2019.kpu.go.id/img/c/900/049/900049426/1-11848-12-C1-PPWP-X2.jpg
6728117431184411848900049427,SUMATERA UTARA,KOTA MEDAN,MEDAN LABUHAN,MARTUBUNG,TPS 13,2019-10-25 17:00:05,47,128,268,177,177,175,2,https://pemilu2019.kpu.go.id/img/c/900/049/900049427/1-11848-13-C1-PPWP-X1.jpg,https://pemilu2019.kpu.go.id/img/c/900/049/900049427/1-11848-13-C1-PPWP-X2.jpg
6728117431184411848900049428,SUMATERA UTARA,KOTA MEDAN,MEDAN LABUHAN,MARTUBUNG,TPS 14,2019-10-25 17:00:05,23,103,202,127,127,126,1,https://pemilu2019.kpu.go.id/img/c/900/049/900049428/1-11848-14-C1-PPWP-X1.jpg,https://pemilu2019.kpu.go.id/img/c/900/049/900049428/1-11848-14-C1-PPWP-X2.jpg
6728117431184411848900049429,SUMATERA UTARA,KOTA MEDAN,MEDAN LABUHAN,MARTUBUNG,TPS 15,2019-10-25 17:00:05,28,101,199,135,135,129,6,https://pemilu2019.kpu.go.id/img/c/900/049/900049429/1-11848-15-C1-PPWP-X1.jpg,https://pemilu2019.kpu.go.id/img/c/900/049/900049429/1-11848-15-C1-PPWP-X2.jpg
6728117431184411848900049430,SUMATERA UTARA,KOTA MEDAN,MEDAN LABUHAN,MARTUBUNG,TPS 16,2019-10-25 17:00:05,44,117,287,164,164,161,3,https://pemilu2019.kpu.go.id/img/c/900/049/900049430/1-11848-16-C1-PPWP-X1.jpg,https://pemilu2019.kpu.go.id/img/c/900/049/900049430/1-11848-16-C1-PPWP-X2.jpg
6728117431184411848900049431,SUMATERA UTARA,KOTA MEDAN,MEDAN LABUHAN,MARTUBUNG,TPS 17,2019-10-25 17:00:05,51,90,225,144,144,141,3,https://pemilu2019.kpu.go.id/img/c/900/049/900049431/1-11848-17-C1-PPWP-X1.jpg,https://pemilu2019.kpu.go.id/img/c/900/049/900049431/1-11848-17-C1-PPWP-X2.jpg
6728117431184411848900049432,SUMATERA UTARA,KOTA MEDAN,MEDAN LABUHAN,MARTUBUNG,TPS 18,2019-10-25 17:00:05,20,79,174,120,101,99,2,https://pemilu2019.kpu.go.id/img/c/900/049/900049432/1-11848-18-C1-PPWP-X1.jpg,https://pemilu2019.kpu.go.id/img/c/900/049/900049432/1-11848-18-C1-PPWP-X2.jpg
6728117431184411848900049433,SUMATERA UTARA,KOTA MEDAN,MEDAN LABUHAN,MARTUBUNG,TPS 19,2019-10-25 17:00:05,106,115,282,222,222,221,1,https://pemilu2019.kpu.go.id/img/c/900/049/900049433/1-11848-19-C1-PPWP-X1.jpg,https://pemilu2019.kpu.go.id/img/c/900/049/900049433/1-11848-19-C1-PPWP-X2.jpg
6728117431184411848900049434,SUMATERA UTARA,KOTA MEDAN,MEDAN LABUHAN,MARTUBUNG,TPS 20,2019-10-25 17:00:05,113,95,279,212,212,208,4,https://pemilu2019.kpu.go.id/img/c/900/049/900049434/1-11848-20-C1-PPWP-X1.jpg,https://pemilu2019.kpu.go.id/img/c/900/049/900049434/1-11848-20-C1-PPWP-X2.jpg
6728117431184411848900049435,SUMATERA UTARA,KOTA MEDAN,MEDAN LABUHAN,MARTUBUNG,TPS 21,2019-10-25 17:00:05,114,120,295,234,234,234,0,https://pemilu2019.kpu.go.id/img/c/900/049/900049435/1-11848-21-C1-PPWP-X1.jpg,https://pemilu2019.kpu.go.id/img/c/900/049/900049435/1-11848-21-C1-PPWP-X2.jpg
6728117431184411848900049436,SUMATERA UTARA,KOTA MEDAN,MEDAN LABUHAN,MARTUBUNG,TPS 22,2019-10-25 17:00:05,96,108,267,207,207,204,3,https://pemilu2019.kpu.go.id/img/c/900/049/900049436/1-11848-22-C1-PPWP-X1.jpg,https://pemilu2019.kpu.go.id/img/c/900/049/900049436/1-11848-22-C1-PPWP-X2.jpg
6728117431184411848900049437,SUMATERA UTARA,KOTA MEDAN,MEDAN LABUHAN,MARTUBUNG,TPS 23,2019-10-25 17:00:05,56,106,281,167,167,162,5,https://pemilu2019.kpu.go.id/img/c/900/049/900049437/1-11848-23-C1-PPWP-X1.jpg,https://pemilu2019.kpu.go.id/img/c/900/049/900049437/1-11848-23-C1-PPWP-X2.jpg
6728117431184411848900049438,SUMATERA UTARA,KOTA MEDAN,MEDAN LABUHAN,MARTUBUNG,TPS 24,2019-10-25 17:00:05,64,124,284,188,188,188,0,https://pemilu2019.kpu.go.id/img/c/900/049/900049438/1-11848-24-C1-PPWP-X1.jpg,https://pemilu2019.kpu.go.id/img/c/900/049/900049438/1-11848-24-C1-PPWP-X2.jpg
6728117431184411848900049439,SUMATERA UTARA,KOTA MEDAN,MEDAN LABUHAN,MARTUBUNG,TPS 25,2019-10-25 17:00:05,66,98,270,167,167,164,3,https://pemilu2019.kpu.go.id/img/c/900/049/900049439/1-11848-25-C1-PPWP-X1.jpg,https://pemilu2019.kpu.go.id/img/c/900/049/900049439/1-11848-25-C1-PPWP-X2.jpg
6728117431184411848900049440,SUMATERA UTARA,KOTA MEDAN,MEDAN LABUHAN,MARTUBUNG,TPS 26,2019-10-25 17:00:05,91,108,303,199,199,199,0,https://pemilu2019.kpu.go.id/img/c/900/049/900049440/1-11848-26-C1-PPWP-X1.jpg,https://pemilu2019.kpu.go.id/img/c/900/049/900049440/1-11848-26-C1-PPWP-X2.jpg
6728117431184411848900049441,SUMATERA UTARA,KOTA MEDAN,MEDAN LABUHAN,MARTUBUNG,TPS 27,2019-10-25 17:00:05,84,92,262,176,176,176,0,https://pemilu2019.kpu.go.id/img/c/900/049/900049441/1-11848-27-C1-PPWP-X1.jpg,https://pemilu2019.kpu.go.id/img/c/900/049/900049441/1-11848-27-C1-PPWP-X2.jpg
6728117431184411848900049442,SUMATERA UTARA,KOTA MEDAN,MEDAN LABUHAN,MARTUBUNG,TPS 28,2019-10-25 17:00:05,36,74,192,111,111,110,1,https://pemilu2019.kpu.go.id/img/c/900/049/900049442/1-11848-28-C1-PPWP-X1.jpg,https://pemilu2019.kpu.go.id/img/c/900/049/900049442/1-11848-28-C1-PPWP-X2.jpg
6728117431184411848900049443,SUMATERA UTARA,KOTA MEDAN,MEDAN LABUHAN,MARTUBUNG,TPS 29,2019-10-25 17:00:05,53,66,252,120,120,119,1,https://pemilu2019.kpu.go.id/img/c/900/049/900049443/1-11848-29-C1-PPWP-X1.jpg,https://pemilu2019.kpu.go.id/img/c/900/049/900049443/1-11848-29-C1-PPWP-X2.jpg
6728117431184411848900049444,SUMATERA UTARA,KOTA MEDAN,MEDAN LABUHAN,MARTUBUNG,TPS 30,2019-10-25 17:00:05,141,88,324,235,235,229,6,https://pemilu2019.kpu.go.id/img/c/900/049/900049444/1-11848-30-C1-PPWP-X1.jpg,https://pemilu2019.kpu.go.id/img/c/900/049/900049444/1-11848-30-C1-PPWP-X2.jpg
6728117431184411848900049445,SUMATERA UTARA,KOTA MEDAN,MEDAN LABUHAN,MARTUBUNG,TPS 31,2019-10-25 17:00:05,120,55,279,176,176,175,1,https://pemilu2019.kpu.go.id/img/c/900/049/900049445/1-11848-31-C1-PPWP-X1.jpg,https://pemilu2019.kpu.go.id/img/c/900/049/900049445/1-11848-31-C1-PPWP-X2.jpg
6728117431184411848900049446,SUMATERA UTARA,KOTA MEDAN,MEDAN LABUHAN,MARTUBUNG,TPS 32,2019-10-25 17:00:05,108,101,319,209,209,209,0,https://pemilu2019.kpu.go.id/img/c/900/049/900049446/1-11848-32-C1-PPWP-X1.jpg,https://pemilu2019.kpu.go.id/img/c/900/049/900049446/1-11848-32-C1-PPWP-X2.jpg
6728117431184411848900049447,SUMATERA UTARA,KOTA MEDAN,MEDAN LABUHAN,MARTUBUNG,TPS 33,2019-10-25 17:00:05,120,110,310,232,232,230,2,https://pemilu2019.kpu.go.id/img/c/900/049/900049447/1-11848-33-C1-PPWP-X1.jpg,https://pemilu2019.kpu.go.id/img/c/900/049/900049447/1-11848-33-C1-PPWP-X2.jpg
6728117431184411848900049448,SUMATERA UTARA,KOTA MEDAN,MEDAN LABUHAN,MARTUBUNG,TPS 34,2019-10-25 17:00:05,112,114,276,226,226,226,0,https://pemilu2019.kpu.go.id/img/c/900/049/900049448/1-11848-34-C1-PPWP-X1.jpg,https://pemilu2019.kpu.go.id/img/c/900/049/900049448/1-11848-34-C1-PPWP-X2.jpg
6728117431184411848900049449,SUMATERA UTARA,KOTA MEDAN,MEDAN LABUHAN,MARTUBUNG,TPS 35,2019-10-25 17:00:05,141,126,347,267,267,267,0,https://pemilu2019.kpu.go.id/img/c/900/049/900049449/1-11848-35-C1-PPWP-X1.jpg,https://pemilu2019.kpu.go.id/img/c/900/049/900049449/1-11848-35-C1-PPWP-X2.jpg
6728117431184411848900049450,SUMATERA UTARA,KOTA MEDAN,MEDAN LABUHAN,MARTUBUNG,TPS 36,2019-10-25 17:00:05,113,148,336,261,261,261,0,https://pemilu2019.kpu.go.id/img/c/900/049/900049450/1-11848-36-C1-PPWP-X1.jpg,https://pemilu2019.kpu.go.id/img/c/900/049/900049450/1-11848-36-C1-PPWP-X2.jpg
6728117431184411848900049451,SUMATERA UTARA,KOTA MEDAN,MEDAN LABUHAN,MARTUBUNG,TPS 37,2019-10-25 17:00:05,143,53,315,196,196,196,0,https://pemilu2019.kpu.go.id/img/c/900/049/900049451/1-11848-37-C1-PPWP-X1.jpg,https://pemilu2019.kpu.go.id/img/c/900/049/900049451/1-11848-37-C1-PPWP-X2.jpg
6728117431184411848900049452,SUMATERA UTARA,KOTA MEDAN,MEDAN LABUHAN,MARTUBUNG,TPS 38,2019-10-25 17:00:05,163,29,264,197,197,192,5,https://pemilu2019.kpu.go.id/img/c/900/049/900049452/2-11848-38-C1-PPWP-X1.jpg,https://pemilu2019.kpu.go.id/img/c/900/049/900049452/2-11848-38-C1-PPWP-X2.jpg
6728117431184411848900049453,SUMATERA UTARA,KOTA MEDAN,MEDAN LABUHAN,MARTUBUNG,TPS 39,2019-10-25 17:00:05,150,51,309,205,205,201,4,https://pemilu2019.kpu.go.id/img/c/900/049/900049453/1-11848-39-C1-PPWP-X1.jpg,https://pemilu2019.kpu.go.id/img/c/900/049/900049453/1-11848-39-C1-PPWP-X2.jpg
6728117431184411848900049454,SUMATERA UTARA,KOTA MEDAN,MEDAN LABUHAN,MARTUBUNG,TPS 40,2019-10-25 17:00:05,128,56,268,187,187,184,3,https://pemilu2019.kpu.go.id/img/c/900/049/900049454/1-11848-40-C1-PPWP-X1.jpg,https://pemilu2019.kpu.go.id/img/c/900/049/900049454/1-11848-40-C1-PPWP-X2.jpg
6728117431184411848900049455,SUMATERA UTARA,KOTA MEDAN,MEDAN LABUHAN,MARTUBUNG,TPS 41,2019-10-25 17:00:05,127,32,237,161,161,159,2,https://pemilu2019.kpu.go.id/img/c/900/049/900049455/1-11848-41-C1-PPWP-X1.jpg,https://pemilu2019.kpu.go.id/img/c/900/049/900049455/1-11848-41-C1-PPWP-X2.jpg
6728117431184411848900049456,SUMATERA UTARA,KOTA MEDAN,MEDAN LABUHAN,MARTUBUNG,TPS 42,2019-10-25 17:00:05,183,46,252,234,234,229,5,https://pemilu2019.kpu.go.id/img/c/900/049/900049456/1-11848-42-C1-PPWP-X1.jpg,https://pemilu2019.kpu.go.id/img/c/900/049/900049456/1-11848-42-C1-PPWP-X2.jpg
6728117431184411848900049457,SUMATERA UTARA,KOTA MEDAN,MEDAN LABUHAN,MARTUBUNG,TPS 43,2019-10-25 17:00:05,23,6,36,36,36,29,7,https://pemilu2019.kpu.go.id/img/c/900/049/900049457/1-11848-43-C1-PPWP-X1.jpg,https://pemilu2019.kpu.go.id/img/c/900/049/900049457/1-11848-43-C1-PPWP-X2.jpg
6728117431184411848900049458,SUMATERA UTARA,KOTA MEDAN,MEDAN LABUHAN,MARTUBUNG,TPS 44,2019-10-25 17:00:05,35,69,300,104,104,104,0,https://pemilu2019.kpu.go.id/img/c/900/049/900049458/1-11848-44-C1-PPWP-X1.jpg,https://pemilu2019.kpu.go.id/img/c/900/049/900049458/1-11848-44-C1-PPWP-X2.jpg
6728117431184411848900049459,SUMATERA UTARA,KOTA MEDAN,MEDAN LABUHAN,MARTUBUNG,TPS 45,2019-10-25 17:00:05,98,101,265,201,201,199,2,https://pemilu2019.kpu.go.id/img/c/900/049/900049459/1-11848-45-C1-PPWP-X1.jpg,https://pemilu2019.kpu.go.id/img/c/900/049/900049459/1-11848-45-C1-PPWP-X2.jpg
6728117431184411848900049460,SUMATERA UTARA,KOTA MEDAN,MEDAN LABUHAN,MARTUBUNG,TPS 46,2019-10-25 17:00:05,42,90,300,133,133,132,1,https://pemilu2019.kpu.go.id/img/c/900/049/900049460/1-11848-46-C1-PPWP-X1.jpg,https://pemilu2019.kpu.go.id/img/c/900/049/900049460/1-11848-46-C1-PPWP-X2.jpg
6728117431184411848900049461,SUMATERA UTARA,KOTA MEDAN,MEDAN LABUHAN,MARTUBUNG,TPS 47,2019-10-25 17:00:05,69,131,371,201,201,200,1,https://pemilu2019.kpu.go.id/img/c/900/049/900049461/1-11848-47-C1-PPWP-X1.jpg,https://pemilu2019.kpu.go.id/img/c/900/049/900049461/1-11848-47-C1-PPWP-X2.jpg
6728117431184411849900049462,SUMATERA UTARA,KOTA MEDAN,MEDAN LABUHAN,NELAYAN INDAH,TPS 01,2019-10-25 17:00:05,51,151,244,202,202,202,0,https://pemilu2019.kpu.go.id/img/c/900/049/900049462/1-11849-01-C1-PPWP-X1.jpg,https://pemilu2019.kpu.go.id/img/c/900/049/900049462/1-11849-01-C1-PPWP-X2.jpg
6728117431184411849900049463,SUMATERA UTARA,KOTA MEDAN,MEDAN LABUHAN,NELAYAN INDAH,TPS 02,2019-10-25 17:00:05,33,121,205,156,156,154,2,https://pemilu2019.kpu.go.id/img/c/900/049/900049463/1-11849-02-C1-PPWP-X1.jpg,https://pemilu2019.kpu.go.id/img/c/900/049/900049463/1-11849-02-C1-PPWP-X2.jpg
6728117431184411849900049464,SUMATERA UTARA,KOTA MEDAN,MEDAN LABUHAN,NELAYAN INDAH,TPS 03,2019-10-25 17:00:05,46,153,252,200,200,199,1,https://pemilu2019.kpu.go.id/img/c/900/049/900049464/1-11849-03-C1-PPWP-X1.jpg,https://pemilu2019.kpu.go.id/img/c/900/049/900049464/1-11849-03-C1-PPWP-X2.jpg
6728117431184411849900049465,SUMATERA UTARA,KOTA MEDAN,MEDAN LABUHAN,NELAYAN INDAH,TPS 04,2019-10-25 17:00:05,49,146,233,199,199,195,4,https://pemilu2019.kpu.go.id/img/c/900/049/900049465/1-11849-04-C1-PPWP-X1.jpg,https://pemilu2019.kpu.go.id/img/c/900/049/900049465/1-11849-04-C1-PPWP-X2.jpg
6728117431184411849900049466,SUMATERA UTARA,KOTA MEDAN,MEDAN LABUHAN,NELAYAN INDAH,TPS 05,2019-10-25 17:00:05,38,114,230,156,156,152,4,https://pemilu2019.kpu.go.id/img/c/900/049/900049466/1-11849-05-C1-PPWP-X1.jpg,https://pemilu2019.kpu.go.id/img/c/900/049/900049466/1-11849-05-C1-PPWP-X2.jpg
6728117431184411849900049467,SUMATERA UTARA,KOTA MEDAN,MEDAN LABUHAN,NELAYAN INDAH,TPS 06,2019-10-25 17:00:05,32,143,235,176,176,175,1,https://pemilu2019.kpu.go.id/img/c/900/049/900049467/1-11849-06-C1-PPWP-X1.jpg,https://pemilu2019.kpu.go.id/img/c/900/049/900049467/1-11849-06-C1-PPWP-X2.jpg
6728117431184411849900049468,SUMATERA UTARA,KOTA MEDAN,MEDAN LABUHAN,NELAYAN INDAH,TPS 07,2019-10-25 17:00:05,39,139,257,183,183,178,5,https://pemilu2019.kpu.go.id/img/c/900/049/900049468/1-11849-07-C1-PPWP-X1.jpg,https://pemilu2019.kpu.go.id/img/c/900/049/900049468/1-11849-07-C1-PPWP-X2.jpg
6728117431184411849900049469,SUMATERA UTARA,KOTA MEDAN,MEDAN LABUHAN,NELAYAN INDAH,TPS 08,2019-10-25 17:00:05,80,128,279,215,215,208,7,https://pemilu2019.kpu.go.id/img/c/900/049/900049469/1-11849-08-C1-PPWP-X1.jpg,https://pemilu2019.kpu.go.id/img/c/900/049/900049469/1-11849-08-C1-PPWP-X2.jpg
6728117431184411849900049470,SUMATERA UTARA,KOTA MEDAN,MEDAN LABUHAN,NELAYAN INDAH,TPS 09,2019-10-25 17:00:05,61,111,261,172,172,172,0,https://pemilu2019.kpu.go.id/img/c/900/049/900049470/1-11849-09-C1-PPWP-X1.jpg,https://pemilu2019.kpu.go.id/img/c/900/049/900049470/1-11849-09-C1-PPWP-X2.jpg
6728117431184411849900049471,SUMATERA UTARA,KOTA MEDAN,MEDAN LABUHAN,NELAYAN INDAH,TPS 10,2019-10-25 17:00:05,59,99,224,160,160,158,2,https://pemilu2019.kpu.go.id/img/c/900/049/900049471/1-11849-10-C1-PPWP-X1.jpg,https://pemilu2019.kpu.go.id/img/c/900/049/900049471/1-11849-10-C1-PPWP-X2.jpg
6728117431184411849900049472,SUMATERA UTARA,KOTA MEDAN,MEDAN LABUHAN,NELAYAN INDAH,TPS 11,2019-10-25 17:00:05,38,95,200,133,133,133,0,https://pemilu2019.kpu.go.id/img/c/900/049/900049472/1-11849-11-C1-PPWP-X1.jpg,https://pemilu2019.kpu.go.id/img/c/900/049/900049472/1-11849-11-C1-PPWP-X2.jpg
6728117431184411849900049473,SUMATERA UTARA,KOTA MEDAN,MEDAN LABUHAN,NELAYAN INDAH,TPS 12,2019-10-25 17:00:05,75,142,284,221,221,217,4,https://pemilu2019.kpu.go.id/img/c/900/049/900049473/1-11849-12-C1-PPWP-X1.jpg,https://pemilu2019.kpu.go.id/img/c/900/049/900049473/1-11849-12-C1-PPWP-X2.jpg
6728117431184411849900049474,SUMATERA UTARA,KOTA MEDAN,MEDAN LABUHAN,NELAYAN INDAH,TPS 13,2019-10-25 17:00:05,79,135,296,217,217,214,3,https://pemilu2019.kpu.go.id/img/c/900/049/900049474/1-11849-13-C1-PPWP-X1.jpg,https://pemilu2019.kpu.go.id/img/c/900/049/900049474/1-11849-13-C1-PPWP-X2.jpg
6728117431184411849900049475,SUMATERA UTARA,KOTA MEDAN,MEDAN LABUHAN,NELAYAN INDAH,TPS 14,2019-10-25 17:00:05,61,150,257,217,217,211,6,https://pemilu2019.kpu.go.id/img/c/900/049/900049475/1-11849-14-C1-PPWP-X1.jpg,https://pemilu2019.kpu.go.id/img/c/900/049/900049475/1-11849-14-C1-PPWP-X2.jpg
6728117431184411849900049476,SUMATERA UTARA,KOTA MEDAN,MEDAN LABUHAN,NELAYAN INDAH,TPS 15,2019-10-25 17:00:05,69,172,270,245,245,241,4,https://pemilu2019.kpu.go.id/img/c/900/049/900049476/1-11849-15-C1-PPWP-X1.jpg,https://pemilu2019.kpu.go.id/img/c/900/049/900049476/1-11849-15-C1-PPWP-X2.jpg
6728117431184411849900049477,SUMATERA UTARA,KOTA MEDAN,MEDAN LABUHAN,NELAYAN INDAH,TPS 16,2019-10-25 17:00:05,68,138,264,214,214,206,8,https://pemilu2019.kpu.go.id/img/c/900/049/900049477/1-11849-16-C1-PPWP-X1.jpg,https://pemilu2019.kpu.go.id/img/c/900/049/900049477/1-11849-16-C1-PPWP-X2.jpg
6728117431184411849900049478,SUMATERA UTARA,KOTA MEDAN,MEDAN LABUHAN,NELAYAN INDAH,TPS 17,2019-10-25 17:00:05,60,121,249,188,188,181,7,https://pemilu2019.kpu.go.id/img/c/900/049/900049478/1-11849-17-C1-PPWP-X1.jpg,https://pemilu2019.kpu.go.id/img/c/900/049/900049478/1-11849-17-C1-PPWP-X2.jpg
6728117431184411849900049479,SUMATERA UTARA,KOTA MEDAN,MEDAN LABUHAN,NELAYAN INDAH,TPS 18,2019-10-25 17:00:05,62,140,261,205,205,202,3,https://pemilu2019.kpu.go.id/img/c/900/049/900049479/1-11849-18-C1-PPWP-X1.jpg,https://pemilu2019.kpu.go.id/img/c/900/049/900049479/1-11849-18-C1-PPWP-X2.jpg
6728117431184411849900049480,SUMATERA UTARA,KOTA MEDAN,MEDAN LABUHAN,NELAYAN INDAH,TPS 19,2019-10-25 17:00:05,44,122,212,168,168,166,2,https://pemilu2019.kpu.go.id/img/c/900/049/900049480/1-11849-19-C1-PPWP-X1.jpg,https://pemilu2019.kpu.go.id/img/c/900/049/900049480/1-11849-19-C1-PPWP-X2.jpg
6728117431184411849900049481,SUMATERA UTARA,KOTA MEDAN,MEDAN LABUHAN,NELAYAN INDAH,TPS 20,2019-10-25 17:00:05,46,127,225,173,173,173,0,https://pemilu2019.kpu.go.id/img/c/900/049/900049481/2-11849-20-C1-PPWP-X1.jpg,https://pemilu2019.kpu.go.id/img/c/900/049/900049481/2-11849-20-C1-PPWP-X2.jpg
6728117431184411849900049482,SUMATERA UTARA,KOTA MEDAN,MEDAN LABUHAN,NELAYAN INDAH,TPS 21,2019-10-25 17:00:05,45,98,179,146,146,143,3,https://pemilu2019.kpu.go.id/img/c/900/049/900049482/1-11849-21-C1-PPWP-X1.jpg,https://pemilu2019.kpu.go.id/img/c/900/049/900049482/1-11849-21-C1-PPWP-X2.jpg
6728117431184411849900049483,SUMATERA UTARA,KOTA MEDAN,MEDAN LABUHAN,NELAYAN INDAH,TPS 22,2019-10-25 17:00:05,72,156,279,233,233,228,5,https://pemilu2019.kpu.go.id/img/c/900/049/900049483/1-11849-22-C1-PPWP-X1.jpg,https://pemilu2019.kpu.go.id/img/c/900/049/900049483/1-11849-22-C1-PPWP-X2.jpg
6728117431184411849900049484,SUMATERA UTARA,KOTA MEDAN,MEDAN LABUHAN,NELAYAN INDAH,TPS 23,2019-10-25 17:00:05,67,146,219,0,219,213,6,https://pemilu2019.kpu.go.id/img/c/900/049/900049484/1-11849-23-C1-PPWP-X1.jpg,https://pemilu2019.kpu.go.id/img/c/900/049/900049484/1-11849-23-C1-PPWP-X2.jpg
6728117431184411845900049203,SUMATERA UTARA,KOTA MEDAN,MEDAN LABUHAN,PEKAN LABUHAN,TPS 01,2019-10-25 17:00:05,71,85,201,156,156,156,0,https://pemilu2019.kpu.go.id/img/c/900/049/900049203/1-11845-01-C1-PPWP-X1.jpg,https://pemilu2019.kpu.go.id/img/c/900/049/900049203/1-11845-01-C1-PPWP-X2.jpg
6728117431184411845900049204,SUMATERA UTARA,KOTA MEDAN,MEDAN LABUHAN,PEKAN LABUHAN,TPS 02,2019-10-25 17:00:05,55,85,208,141,141,140,1,https://pemilu2019.kpu.go.id/img/c/900/049/900049204/2-11845-02-C1-PPWP-X1.jpg,https://pemilu2019.kpu.go.id/img/c/900/049/900049204/2-11845-02-C1-PPWP-X2.jpg
6728117431184411845900049205,SUMATERA UTARA,KOTA MEDAN,MEDAN LABUHAN,PEKAN LABUHAN,TPS 03,2019-10-25 17:00:05,181,25,282,219,219,206,13,https://pemilu2019.kpu.go.id/img/c/900/049/900049205/1-11845-03-C1-PPWP-X1.jpg,https://pemilu2019.kpu.go.id/img/c/900/049/900049205/1-11845-03-C1-PPWP-X2.jpg
6728117431184411845900049206,SUMATERA UTARA,KOTA MEDAN,MEDAN LABUHAN,PEKAN LABUHAN,TPS 04,2019-10-25 17:00:05,178,20,264,202,202,198,4,https://pemilu2019.kpu.go.id/img/c/900/049/900049206/1-11845-04-C1-PPWP-X1.jpg,https://pemilu2019.kpu.go.id/img/c/900/049/900049206/1-11845-04-C1-PPWP-X2.jpg
6728117431184411845900049207,SUMATERA UTARA,KOTA MEDAN,MEDAN LABUHAN,PEKAN LABUHAN,TPS 05,2019-10-25 17:00:05,156,16,228,172,172,172,0,https://pemilu2019.kpu.go.id/img/c/900/049/900049207/1-11845-05-C1-PPWP-X1.jpg,https://pemilu2019.kpu.go.id/img/c/900/049/900049207/1-11845-05-C1-PPWP-X2.jpg
6728117431184411845900049208,SUMATERA UTARA,KOTA MEDAN,MEDAN LABUHAN,PEKAN LABUHAN,TPS 06,2019-10-25 17:00:05,173,20,238,193,193,193,0,https://pemilu2019.kpu.go.id/img/c/900/049/900049208/1-11845-06-C1-PPWP-X1.jpg,https://pemilu2019.kpu.go.id/img/c/900/049/900049208/1-11845-06-C1-PPWP-X2.jpg
6728117431184411845900049209,SUMATERA UTARA,KOTA MEDAN,MEDAN LABUHAN,PEKAN LABUHAN,TPS 07,2019-10-25 17:00:05,23,160,216,185,185,183,2,https://pemilu2019.kpu.go.id/img/c/900/049/900049209/1-11845-07-C-XXX-X5.jpg,https://pemilu2019.kpu.go.id/img/c/900/049/900049209/1-11845-07-C-XXX-X6.jpg
6728117431184411845900049210,SUMATERA UTARA,KOTA MEDAN,MEDAN LABUHAN,PEKAN LABUHAN,TPS 08,2019-10-25 17:00:05,25,139,252,164,165,164,1,https://pemilu2019.kpu.go.id/img/c/900/049/900049210/1-11845-08-C1-PPWP-X1.jpg,https://pemilu2019.kpu.go.id/img/c/900/049/900049210/1-11845-08-C1-PPWP-X2.jpg
6728117431184411845900049211,SUMATERA UTARA,KOTA MEDAN,MEDAN LABUHAN,PEKAN LABUHAN,TPS 09,2019-10-25 17:00:05,13,168,265,182,182,181,1,https://pemilu2019.kpu.go.id/img/c/900/049/900049211/1-11845-09-C1-PPWP-X1.jpg,https://pemilu2019.kpu.go.id/img/c/900/049/900049211/1-11845-09-C1-PPWP-X2.jpg
6728117431184411845900049212,SUMATERA UTARA,KOTA MEDAN,MEDAN LABUHAN,PEKAN LABUHAN,TPS 10,2019-10-25 17:00:05,62,214,258,278,278,276,2,https://pemilu2019.kpu.go.id/img/c/900/049/900049212/1-11845-10-C1-PPWP-X1.jpg,https://pemilu2019.kpu.go.id/img/c/900/049/900049212/1-11845-10-C1-PPWP-X2.jpg
6728117431184411845900049213,SUMATERA UTARA,KOTA MEDAN,MEDAN LABUHAN,PEKAN LABUHAN,TPS 11,2019-10-25 17:00:05,79,63,192,142,142,142,0,https://pemilu2019.kpu.go.id/img/c/900/049/900049213/1-11845-11-C1-PPWP-X1.jpg,https://pemilu2019.kpu.go.id/img/c/900/049/900049213/1-11845-11-C1-PPWP-X2.jpg
6728117431184411845900049214,SUMATERA UTARA,KOTA MEDAN,MEDAN LABUHAN,PEKAN LABUHAN,TPS 12,2019-10-25 17:00:05,51,72,172,123,123,123,0,https://pemilu2019.kpu.go.id/img/c/900/049/900049214/1-11845-12-C1-PPWP-X1.jpg,https://pemilu2019.kpu.go.id/img/c/900/049/900049214/1-11845-12-C1-PPWP-X2.jpg
6728117431184411845900049215,SUMATERA UTARA,KOTA MEDAN,MEDAN LABUHAN,PEKAN LABUHAN,TPS 13,2019-10-25 17:00:05,32,101,214,134,134,133,1,https://pemilu2019.kpu.go.id/img/c/900/049/900049215/1-11845-13-C1-PPWP-X1.jpg,https://pemilu2019.kpu.go.id/img/c/900/049/900049215/1-11845-13-C1-PPWP-X2.jpg
6728117431184411845900049216,SUMATERA UTARA,KOTA MEDAN,MEDAN LABUHAN,PEKAN LABUHAN,TPS 14,2019-10-25 17:00:05,31,121,232,153,153,152,1,https://pemilu2019.kpu.go.id/img/c/900/049/900049216/1-11845-14-C1-PPWP-X1.jpg,https://pemilu2019.kpu.go.id/img/c/900/049/900049216/1-11845-14-C1-PPWP-X2.jpg
6728117431184411845900049217,SUMATERA UTARA,KOTA MEDAN,MEDAN LABUHAN,PEKAN LABUHAN,TPS 15,2019-10-25 17:00:05,35,169,264,229,206,204,2,https://pemilu2019.kpu.go.id/img/c/900/049/900049217/1-11845-15-C1-PPWP-X1.jpg,https://pemilu2019.kpu.go.id/img/c/900/049/900049217/1-11845-15-C1-PPWP-X2.jpg
6728117431184411845900049218,SUMATERA UTARA,KOTA MEDAN,MEDAN LABUHAN,PEKAN LABUHAN,TPS 16,2019-10-25 17:00:05,41,148,240,190,190,189,1,https://pemilu2019.kpu.go.id/img/c/900/049/900049218/1-11845-16-C1-PPWP-X1.jpg,https://pemilu2019.kpu.go.id/img/c/900/049/900049218/1-11845-16-C1-PPWP-X2.jpg
6728117431184411845900049219,SUMATERA UTARA,KOTA MEDAN,MEDAN LABUHAN,PEKAN LABUHAN,TPS 17,2019-10-25 17:00:05,27,128,209,162,162,155,7,https://pemilu2019.kpu.go.id/img/c/900/049/900049219/1-11845-17-C1-PPWP-X1.jpg,https://pemilu2019.kpu.go.id/img/c/900/049/900049219/1-11845-17-C1-PPWP-X2.jpg
6728117431184411845900049220,SUMATERA UTARA,KOTA MEDAN,MEDAN LABUHAN,PEKAN LABUHAN,TPS 18,2019-10-25 17:00:05,22,142,202,164,164,164,0,https://pemilu2019.kpu.go.id/img/c/900/049/900049220/3-11845-18-C1-PPWP-X1.jpg,https://pemilu2019.kpu.go.id/img/c/900/049/900049220/3-11845-18-C1-PPWP-X2.jpg
6728117431184411845900049221,SUMATERA UTARA,KOTA MEDAN,MEDAN LABUHAN,PEKAN LABUHAN,TPS 19,2019-10-25 17:00:05,59,121,293,181,181,180,1,https://pemilu2019.kpu.go.id/img/c/900/049/900049221/1-11845-19-C1-PPWP-X1.jpg,https://pemilu2019.kpu.go.id/img/c/900/049/900049221/1-11845-19-C1-PPWP-X2.jpg
6728117431184411845900049222,SUMATERA UTARA,KOTA MEDAN,MEDAN LABUHAN,PEKAN LABUHAN,TPS 20,2019-10-25 17:00:05,52,167,293,219,219,219,0,https://pemilu2019.kpu.go.id/img/c/900/049/900049222/2-11845-20-C1-PPWP-X1.jpg,https://pemilu2019.kpu.go.id/img/c/900/049/900049222/2-11845-20-C1-PPWP-X2.jpg
6728117431184411845900049223,SUMATERA UTARA,KOTA MEDAN,MEDAN LABUHAN,PEKAN LABUHAN,TPS 21,2019-10-25 17:00:05,68,88,216,161,161,156,5,https://pemilu2019.kpu.go.id/img/c/900/049/900049223/1-11845-21-C1-PPWP-X1.jpg,https://pemilu2019.kpu.go.id/img/c/900/049/900049223/1-11845-21-C1-PPWP-X2.jpg
6728117431184411845900049224,SUMATERA UTARA,KOTA MEDAN,MEDAN LABUHAN,PEKAN LABUHAN,TPS 22,2019-10-25 17:00:05,29,90,187,120,120,119,1,https://pemilu2019.kpu.go.id/img/c/900/049/900049224/1-11845-22-C1-PPWP-X1.jpg,https://pemilu2019.kpu.go.id/img/c/900/049/900049224/1-11845-22-C1-PPWP-X2.jpg
6728117431184411845900049225,SUMATERA UTARA,KOTA MEDAN,MEDAN LABUHAN,PEKAN LABUHAN,TPS 23,2019-10-25 17:00:05,26,103,217,130,130,129,1,https://pemilu2019.kpu.go.id/img/c/900/049/900049225/1-11845-23-C1-PPWP-X1.jpg,https://pemilu2019.kpu.go.id/img/c/900/049/900049225/1-11845-23-C1-PPWP-X2.jpg
6728117431184411845900049226,SUMATERA UTARA,KOTA MEDAN,MEDAN LABUHAN,PEKAN LABUHAN,TPS 24,2019-10-25 17:00:05,23,134,221,157,157,157,0,https://pemilu2019.kpu.go.id/img/c/900/049/900049226/1-11845-24-C1-PPWP-X1.jpg,https://pemilu2019.kpu.go.id/img/c/900/049/900049226/1-11845-24-C1-PPWP-X2.jpg
6728117431184411845900049227,SUMATERA UTARA,KOTA MEDAN,MEDAN LABUHAN,PEKAN LABUHAN,TPS 25,2019-10-25 17:00:05,21,145,201,167,168,167,1,https://pemilu2019.kpu.go.id/img/c/900/049/900049227/1-11845-25-C1-PPWP-X1.jpg,https://pemilu2019.kpu.go.id/img/c/900/049/900049227/1-11845-25-C1-PPWP-X2.jpg
6728117431184411845900049228,SUMATERA UTARA,KOTA MEDAN,MEDAN LABUHAN,PEKAN LABUHAN,TPS 26,2019-10-25 17:00:05,25,122,205,148,148,147,1,https://pemilu2019.kpu.go.id/img/c/900/049/900049228/1-11845-26-C1-PPWP-X1.jpg,https://pemilu2019.kpu.go.id/img/c/900/049/900049228/1-11845-26-C1-PPWP-X2.jpg
6728117431184411845900049229,SUMATERA UTARA,KOTA MEDAN,MEDAN LABUHAN,PEKAN LABUHAN,TPS 27,2019-10-25 17:00:05,73,186,352,268,267,259,8,https://pemilu2019.kpu.go.id/img/c/900/049/900049229/1-11845-27-C1-PPWP-X1.jpg,https://pemilu2019.kpu.go.id/img/c/900/049/900049229/1-11845-27-C1-PPWP-X2.jpg
6728117431184411845900049230,SUMATERA UTARA,KOTA MEDAN,MEDAN LABUHAN,PEKAN LABUHAN,TPS 28,2019-10-25 17:00:05,17,183,303,202,202,200,2,https://pemilu2019.kpu.go.id/img/c/900/049/900049230/1-11845-28-C1-PPWP-X1.jpg,https://pemilu2019.kpu.go.id/img/c/900/049/900049230/1-11845-28-C1-PPWP-X2.jpg
6728117431184411845900049231,SUMATERA UTARA,KOTA MEDAN,MEDAN LABUHAN,PEKAN LABUHAN,TPS 29,2019-10-25 17:00:05,23,210,291,247,247,242,5,https://pemilu2019.kpu.go.id/img/c/900/049/900049231/1-11845-29-C1-PPWP-X1.jpg,https://pemilu2019.kpu.go.id/img/c/900/049/900049231/1-11845-29-C1-PPWP-X2.jpg
6728117431184411845900049232,SUMATERA UTARA,KOTA MEDAN,MEDAN LABUHAN,PEKAN LABUHAN,TPS 30,2019-10-25 17:00:05,33,191,255,228,228,224,4,https://pemilu2019.kpu.go.id/img/c/900/049/900049232/1-11845-30-C1-PPWP-X1.jpg,https://pemilu2019.kpu.go.id/img/c/900/049/900049232/1-11845-30-C1-PPWP-X2.jpg
6728117431184411845900049233,SUMATERA UTARA,KOTA MEDAN,MEDAN LABUHAN,PEKAN LABUHAN,TPS 31,2019-10-25 17:00:05,33,199,302,235,235,232,3,https://pemilu2019.kpu.go.id/img/c/900/049/900049233/1-11845-31-C1-PPWP-X1.jpg,https://pemilu2019.kpu.go.id/img/c/900/049/900049233/1-11845-31-C1-PPWP-X2.jpg
6728117431184411845900049234,SUMATERA UTARA,KOTA MEDAN,MEDAN LABUHAN,PEKAN LABUHAN,TPS 32,2019-10-25 17:00:05,29,186,265,215,215,215,0,https://pemilu2019.kpu.go.id/img/c/900/049/900049234/1-11845-32-C1-PPWP-X1.jpg,https://pemilu2019.kpu.go.id/img/c/900/049/900049234/1-11845-32-C1-PPWP-X2.jpg
6728117431184411845900049235,SUMATERA UTARA,KOTA MEDAN,MEDAN LABUHAN,PEKAN LABUHAN,TPS 33,2019-10-25 17:00:05,14,203,263,212,218,217,1,https://pemilu2019.kpu.go.id/img/c/900/049/900049235/1-11845-33-C1-PPWP-X1.jpg,https://pemilu2019.kpu.go.id/img/c/900/049/900049235/1-11845-33-C1-PPWP-X2.jpg
6728117431184411845900049236,SUMATERA UTARA,KOTA MEDAN,MEDAN LABUHAN,PEKAN LABUHAN,TPS 34,2019-10-25 17:00:05,25,192,266,217,217,192,25,https://pemilu2019.kpu.go.id/img/c/900/049/900049236/1-11845-34-C1-PPWP-X1.jpg,https://pemilu2019.kpu.go.id/img/c/900/049/900049236/1-11845-34-C1-PPWP-X2.jpg
6728117431184411845900049237,SUMATERA UTARA,KOTA MEDAN,MEDAN LABUHAN,PEKAN LABUHAN,TPS 35,2019-10-25 17:00:05,20,211,288,234,234,231,3,https://pemilu2019.kpu.go.id/img/c/900/049/900049237/1-11845-35-C1-PPWP-X1.jpg,https://pemilu2019.kpu.go.id/img/c/900/049/900049237/1-11845-35-C1-PPWP-X2.jpg
6728117431184411845900049238,SUMATERA UTARA,KOTA MEDAN,MEDAN LABUHAN,PEKAN LABUHAN,TPS 36,2019-10-25 17:00:05,26,149,222,178,178,175,3,https://pemilu2019.kpu.go.id/img/c/900/049/900049238/1-11845-36-C1-PPWP-X1.jpg,https://pemilu2019.kpu.go.id/img/c/900/049/900049238/1-11845-36-C1-PPWP-X2.jpg
6728117431184411845900049239,SUMATERA UTARA,KOTA MEDAN,MEDAN LABUHAN,PEKAN LABUHAN,TPS 37,2019-10-25 17:00:05,22,151,207,176,176,173,3,https://pemilu2019.kpu.go.id/img/c/900/049/900049239/1-11845-37-C1-PPWP-X1.jpg,https://pemilu2019.kpu.go.id/img/c/900/049/900049239/1-11845-37-C1-PPWP-X2.jpg
6728117431184411845900049240,SUMATERA UTARA,KOTA MEDAN,MEDAN LABUHAN,PEKAN LABUHAN,TPS 38,2019-10-25 17:00:05,39,177,285,222,222,216,6,https://pemilu2019.kpu.go.id/img/c/900/049/900049240/1-11845-38-C1-PPWP-X1.jpg,https://pemilu2019.kpu.go.id/img/c/900/049/900049240/1-11845-38-C1-PPWP-X2.jpg
6728117431184411845900049241,SUMATERA UTARA,KOTA MEDAN,MEDAN LABUHAN,PEKAN LABUHAN,TPS 39,2019-10-25 17:00:05,34,174,282,212,212,208,4,https://pemilu2019.kpu.go.id/img/c/900/049/900049241/1-11845-39-C1-PPWP-X1.jpg,https://pemilu2019.kpu.go.id/img/c/900/049/900049241/1-11845-39-C1-PPWP-X2.jpg
6728117431184411845900049242,SUMATERA UTARA,KOTA MEDAN,MEDAN LABUHAN,PEKAN LABUHAN,TPS 40,2019-10-25 17:00:05,40,132,255,174,174,172,2,https://pemilu2019.kpu.go.id/img/c/900/049/900049242/1-11845-40-C1-PPWP-X1.jpg,https://pemilu2019.kpu.go.id/img/c/900/049/900049242/1-11845-40-C1-PPWP-X2.jpg
6728117431184411845900049243,SUMATERA UTARA,KOTA MEDAN,MEDAN LABUHAN,PEKAN LABUHAN,TPS 41,2019-10-25 17:00:05,38,157,311,195,195,195,0,https://pemilu2019.kpu.go.id/img/c/900/049/900049243/1-11845-41-C1-PPWP-X1.jpg,https://pemilu2019.kpu.go.id/img/c/900/049/900049243/1-11845-41-C1-PPWP-X2.jpg
6728117431184411845900049244,SUMATERA UTARA,KOTA MEDAN,MEDAN LABUHAN,PEKAN LABUHAN,TPS 42,2019-10-25 17:00:05,39,119,251,158,158,158,0,https://pemilu2019.kpu.go.id/img/c/900/049/900049244/1-11845-42-C1-PPWP-X1.jpg,https://pemilu2019.kpu.go.id/img/c/900/049/900049244/1-11845-42-C1-PPWP-X2.jpg
6728117431184411845900049245,SUMATERA UTARA,KOTA MEDAN,MEDAN LABUHAN,PEKAN LABUHAN,TPS 43,2019-10-25 17:00:05,37,122,252,159,159,159,0,https://pemilu2019.kpu.go.id/img/c/900/049/900049245/1-11845-43-C1-PPWP-X1.jpg,https://pemilu2019.kpu.go.id/img/c/900/049/900049245/1-11845-43-C1-PPWP-X2.jpg
6728117431184411845900049246,SUMATERA UTARA,KOTA MEDAN,MEDAN LABUHAN,PEKAN LABUHAN,TPS 44,2019-10-25 17:00:05,54,182,291,236,236,236,0,https://pemilu2019.kpu.go.id/img/c/900/049/900049246/1-11845-44-C1-PPWP-X1.jpg,https://pemilu2019.kpu.go.id/img/c/900/049/900049246/1-11845-44-C1-PPWP-X2.jpg
6728117431184411845900049247,SUMATERA UTARA,KOTA MEDAN,MEDAN LABUHAN,PEKAN LABUHAN,TPS 45,2019-10-25 17:00:05,85,155,293,241,241,240,1,https://pemilu2019.kpu.go.id/img/c/900/049/900049247/1-11845-45-C1-PPWP-X1.jpg,https://pemilu2019.kpu.go.id/img/c/900/049/900049247/1-11845-45-C1-PPWP-X2.jpg
6728117431184411845900049248,SUMATERA UTARA,KOTA MEDAN,MEDAN LABUHAN,PEKAN LABUHAN,TPS 46,2019-10-25 17:00:05,80,168,321,249,249,248,1,https://pemilu2019.kpu.go.id/img/c/900/049/900049248/1-11845-46-C1-PPWP-X1.jpg,https://pemilu2019.kpu.go.id/img/c/900/049/900049248/1-11845-46-C1-PPWP-X2.jpg
6728117431184411845900049249,SUMATERA UTARA,KOTA MEDAN,MEDAN LABUHAN,PEKAN LABUHAN,TPS 47,2019-10-25 17:00:05,185,0,257,186,186,185,1,https://pemilu2019.kpu.go.id/img/c/900/049/900049249/1-11845-47-C1-PPWP-X1.jpg,https://pemilu2019.kpu.go.id/img/c/900/049/900049249/1-11845-47-C1-PPWP-X2.jpg
6728117431184411845900049250,SUMATERA UTARA,KOTA MEDAN,MEDAN LABUHAN,PEKAN LABUHAN,TPS 48,2019-10-25 17:00:05,156,8,277,165,165,164,1,https://pemilu2019.kpu.go.id/img/c/900/049/900049250/1-11845-48-C1-PPWP-X1.jpg,https://pemilu2019.kpu.go.id/img/c/900/049/900049250/1-11845-48-C1-PPWP-X2.jpg
6728117431184411845900049251,SUMATERA UTARA,KOTA MEDAN,MEDAN LABUHAN,PEKAN LABUHAN,TPS 49,2019-10-25 17:00:05,188,5,263,194,194,193,1,https://pemilu2019.kpu.go.id/img/c/900/049/900049251/1-11845-49-C1-PPWP-X1.jpg,https://pemilu2019.kpu.go.id/img/c/900/049/900049251/1-11845-49-C1-PPWP-X2.jpg
6728117431184411845900049252,SUMATERA UTARA,KOTA MEDAN,MEDAN LABUHAN,PEKAN LABUHAN,TPS 50,2019-10-25 17:00:05,189,9,275,199,199,198,1,https://pemilu2019.kpu.go.id/img/c/900/049/900049252/1-11845-50-C1-PPWP-X1.jpg,https://pemilu2019.kpu.go.id/img/c/900/049/900049252/1-11845-50-C1-PPWP-X2.jpg
6728117431184411845900049253,SUMATERA UTARA,KOTA MEDAN,MEDAN LABUHAN,PEKAN LABUHAN,TPS 51,2019-10-25 17:00:05,205,9,272,215,215,214,1,https://pemilu2019.kpu.go.id/img/c/900/049/900049253/1-11845-51-C1-PPWP-X1.jpg,https://pemilu2019.kpu.go.id/img/c/900/049/900049253/1-11845-51-C1-PPWP-X2.jpg
6728117431184411845900049254,SUMATERA UTARA,KOTA MEDAN,MEDAN LABUHAN,PEKAN LABUHAN,TPS 52,2019-10-25 17:00:05,48,141,297,190,190,189,1,https://pemilu2019.kpu.go.id/img/c/900/049/900049254/1-11845-52-C1-PPWP-X1.jpg,https://pemilu2019.kpu.go.id/img/c/900/049/900049254/1-11845-52-C1-PPWP-X2.jpg
6728117431184411845900049255,SUMATERA UTARA,KOTA MEDAN,MEDAN LABUHAN,PEKAN LABUHAN,TPS 53,2019-10-25 17:00:05,45,146,193,193,193,191,2,https://pemilu2019.kpu.go.id/img/c/900/049/900049255/1-11845-53-C1-PPWP-X1.jpg,https://pemilu2019.kpu.go.id/img/c/900/049/900049255/1-11845-53-C1-PPWP-X2.jpg
6728117431184411845900049256,SUMATERA UTARA,KOTA MEDAN,MEDAN LABUHAN,PEKAN LABUHAN,TPS 54,2019-10-25 17:00:05,29,180,274,210,210,209,1,https://pemilu2019.kpu.go.id/img/c/900/049/900049256/1-11845-54-C1-PPWP-X1.jpg,https://pemilu2019.kpu.go.id/img/c/900/049/900049256/1-11845-54-C1-PPWP-X2.jpg
6728117431184411845900049257,SUMATERA UTARA,KOTA MEDAN,MEDAN LABUHAN,PEKAN LABUHAN,TPS 55,2019-10-25 17:00:05,33,190,297,227,227,223,4,https://pemilu2019.kpu.go.id/img/c/900/049/900049257/1-11845-55-C1-PPWP-X1.jpg,https://pemilu2019.kpu.go.id/img/c/900/049/900049257/1-11845-55-C1-PPWP-X2.jpg
6728117431184411845900049258,SUMATERA UTARA,KOTA MEDAN,MEDAN LABUHAN,PEKAN LABUHAN,TPS 56,2019-10-25 17:00:05,32,207,297,245,245,239,6,https://pemilu2019.kpu.go.id/img/c/900/049/900049258/1-11845-56-C1-PPWP-X1.jpg,https://pemilu2019.kpu.go.id/img/c/900/049/900049258/1-11845-56-C1-PPWP-X2.jpg
6728117431184411845900049259,SUMATERA UTARA,KOTA MEDAN,MEDAN LABUHAN,PEKAN LABUHAN,TPS 57,2019-10-25 17:00:05,87,102,253,191,191,189,2,https://pemilu2019.kpu.go.id/img/c/900/049/900049259/1-11845-57-C1-PPWP-X1.jpg,https://pemilu2019.kpu.go.id/img/c/900/049/900049259/1-11845-57-C1-PPWP-X2.jpg
6728117431184411846900049260,SUMATERA UTARA,KOTA MEDAN,MEDAN LABUHAN,SEI MATI,TPS 01,2019-10-25 17:00:05,87,61,199,150,150,148,2,https://pemilu2019.kpu.go.id/img/c/900/049/900049260/1-11846-01-C1-PPWP-X1.jpg,https://pemilu2019.kpu.go.id/img/c/900/049/900049260/1-11846-01-C1-PPWP-X2.jpg
6728117431184411846900049261,SUMATERA UTARA,KOTA MEDAN,MEDAN LABUHAN,SEI MATI,TPS 02,2019-10-25 17:00:05,99,67,295,166,166,166,0,https://pemilu2019.kpu.go.id/img/c/900/049/900049261/1-11846-02-C1-PPWP-X1.jpg,https://pemilu2019.kpu.go.id/img/c/900/049/900049261/1-11846-02-C1-PPWP-X2.jpg
6728117431184411846900049262,SUMATERA UTARA,KOTA MEDAN,MEDAN LABUHAN,SEI MATI,TPS 03,2019-10-25 17:00:05,118,85,302,208,208,203,5,https://pemilu2019.kpu.go.id/img/c/900/049/900049262/1-11846-03-C1-PPWP-X1.jpg,https://pemilu2019.kpu.go.id/img/c/900/049/900049262/1-11846-03-C1-PPWP-X2.jpg
6728117431184411846900049263,SUMATERA UTARA,KOTA MEDAN,MEDAN LABUHAN,SEI MATI,TPS 04,2019-10-25 17:00:05,119,101,307,223,223,220,3,https://pemilu2019.kpu.go.id/img/c/900/049/900049263/1-11846-04-C1-PPWP-X1.jpg,https://pemilu2019.kpu.go.id/img/c/900/049/900049263/1-11846-04-C1-PPWP-X2.jpg
6728117431184411846900049264,SUMATERA UTARA,KOTA MEDAN,MEDAN LABUHAN,SEI MATI,TPS 05,2019-10-25 17:00:05,72,80,253,153,153,152,1,https://pemilu2019.kpu.go.id/img/c/900/049/900049264/1-11846-05-C1-PPWP-X1.jpg,https://pemilu2019.kpu.go.id/img/c/900/049/900049264/1-11846-05-C1-PPWP-X2.jpg
6728117431184411846900049265,SUMATERA UTARA,KOTA MEDAN,MEDAN LABUHAN,SEI MATI,TPS 06,2019-10-25 17:00:05,92,95,253,190,190,187,3,https://pemilu2019.kpu.go.id/img/c/900/049/900049265/1-11846-06-C1-PPWP-X1.jpg,https://pemilu2019.kpu.go.id/img/c/900/049/900049265/1-11846-06-C1-PPWP-X2.jpg
6728117431184411846900049266,SUMATERA UTARA,KOTA MEDAN,MEDAN LABUHAN,SEI MATI,TPS 07,2019-10-25 17:00:05,149,4,243,154,154,153,1,https://pemilu2019.kpu.go.id/img/c/900/049/900049266/1-11846-07-C1-PPWP-X1.jpg,https://pemilu2019.kpu.go.id/img/c/900/049/900049266/1-11846-07-C1-PPWP-X2.jpg
6728117431184411846900049267,SUMATERA UTARA,KOTA MEDAN,MEDAN LABUHAN,SEI MATI,TPS 08,2019-10-25 17:00:05,158,4,241,162,162,162,0,https://pemilu2019.kpu.go.id/img/c/900/049/900049267/1-11846-08-C1-PPWP-X1.jpg,https://pemilu2019.kpu.go.id/img/c/900/049/900049267/1-11846-08-C1-PPWP-X2.jpg
6728117431184411846900049268,SUMATERA UTARA,KOTA MEDAN,MEDAN LABUHAN,SEI MATI,TPS 09,2019-10-25 17:00:05,134,14,251,150,150,148,2,https://pemilu2019.kpu.go.id/img/c/900/049/900049268/1-11846-09-C1-PPWP-X1.jpg,https://pemilu2019.kpu.go.id/img/c/900/049/900049268/1-11846-09-C1-PPWP-X2.jpg
6728117431184411846900049269,SUMATERA UTARA,KOTA MEDAN,MEDAN LABUHAN,SEI MATI,TPS 10,2019-10-25 17:00:05,133,10,217,145,145,143,2,https://pemilu2019.kpu.go.id/img/c/900/049/900049269/1-11846-10-C1-PPWP-X1.jpg,https://pemilu2019.kpu.go.id/img/c/900/049/900049269/1-11846-10-C1-PPWP-X2.jpg
6728117431184411846900049270,SUMATERA UTARA,KOTA MEDAN,MEDAN LABUHAN,SEI MATI,TPS 11,2019-10-25 17:00:05,116,22,246,138,138,138,0,https://pemilu2019.kpu.go.id/img/c/900/049/900049270/1-11846-11-C1-PPWP-X1.jpg,https://pemilu2019.kpu.go.id/img/c/900/049/900049270/1-11846-11-C1-PPWP-X2.jpg
6728117431184411846900049271,SUMATERA UTARA,KOTA MEDAN,MEDAN LABUHAN,SEI MATI,TPS 12,2019-10-25 17:00:05,125,10,248,136,136,135,1,https://pemilu2019.kpu.go.id/img/c/900/049/900049271/1-11846-12-C1-PPWP-X1.jpg,https://pemilu2019.kpu.go.id/img/c/900/049/900049271/1-11846-12-C1-PPWP-X2.jpg
6728117431184411846900049272,SUMATERA UTARA,KOTA MEDAN,MEDAN LABUHAN,SEI MATI,TPS 13,2019-10-25 17:00:05,67,114,262,181,181,181,0,https://pemilu2019.kpu.go.id/img/c/900/049/900049272/1-11846-13-C1-PPWP-X1.jpg,https://pemilu2019.kpu.go.id/img/c/900/049/900049272/1-11846-13-C1-PPWP-X2.jpg
6728117431184411846900049273,SUMATERA UTARA,KOTA MEDAN,MEDAN LABUHAN,SEI MATI,TPS 14,2019-10-25 17:00:05,64,102,261,166,166,166,0,https://pemilu2019.kpu.go.id/img/c/900/049/900049273/1-11846-14-C1-PPWP-X1.jpg,https://pemilu2019.kpu.go.id/img/c/900/049/900049273/1-11846-14-C1-PPWP-X2.jpg
6728117431184411846900049274,SUMATERA UTARA,KOTA MEDAN,MEDAN LABUHAN,SEI MATI,TPS 15,2019-10-25 17:00:05,55,121,242,178,178,176,2,https://pemilu2019.kpu.go.id/img/c/900/049/900049274/1-11846-15-C1-PPWP-X1.jpg,https://pemilu2019.kpu.go.id/img/c/900/049/900049274/1-11846-15-C1-PPWP-X2.jpg
6728117431184411846900049275,SUMATERA UTARA,KOTA MEDAN,MEDAN LABUHAN,SEI MATI,TPS 16,2019-10-25 17:00:05,50,120,230,179,179,178,1,https://pemilu2019.kpu.go.id/img/c/900/049/900049275/1-11846-16-C1-PPWP-X1.jpg,https://pemilu2019.kpu.go.id/img/c/900/049/900049275/1-11846-16-C1-PPWP-X2.jpg
6728117431184411846900049276,SUMATERA UTARA,KOTA MEDAN,MEDAN LABUHAN,SEI MATI,TPS 17,2019-10-25 17:00:05,49,123,275,173,173,172,1,https://pemilu2019.kpu.go.id/img/c/900/049/900049276/1-11846-17-C1-PPWP-X1.jpg,https://pemilu2019.kpu.go.id/img/c/900/049/900049276/1-11846-17-C1-PPWP-X2.jpg
6728117431184411846900049277,SUMATERA UTARA,KOTA MEDAN,MEDAN LABUHAN,SEI MATI,TPS 18,2019-10-25 17:00:05,50,134,319,186,186,184,2,https://pemilu2019.kpu.go.id/img/c/900/049/900049277/1-11846-18-C1-PPWP-X1.jpg,https://pemilu2019.kpu.go.id/img/c/900/049/900049277/1-11846-18-C1-PPWP-X2.jpg
6728117431184411846900049278,SUMATERA UTARA,KOTA MEDAN,MEDAN LABUHAN,SEI MATI,TPS 19,2019-10-25 17:00:05,152,5,250,159,159,157,2,https://pemilu2019.kpu.go.id/img/c/900/049/900049278/1-11846-19-C1-PPWP-X1.jpg,https://pemilu2019.kpu.go.id/img/c/900/049/900049278/1-11846-19-C1-PPWP-X2.jpg
6728117431184411846900049279,SUMATERA UTARA,KOTA MEDAN,MEDAN LABUHAN,SEI MATI,TPS 20,2019-10-25 17:00:05,141,16,262,158,158,157,1,https://pemilu2019.kpu.go.id/img/c/900/049/900049279/1-11846-20-C1-PPWP-X1.jpg,https://pemilu2019.kpu.go.id/img/c/900/049/900049279/1-11846-20-C1-PPWP-X2.jpg
6728117431184411846900049280,SUMATERA UTARA,KOTA MEDAN,MEDAN LABUHAN,SEI MATI,TPS 21,2019-10-25 17:00:05,119,4,220,123,123,123,0,https://pemilu2019.kpu.go.id/img/c/900/049/900049280/1-11846-21-C1-PPWP-X1.jpg,https://pemilu2019.kpu.go.id/img/c/900/049/900049280/1-11846-21-C1-PPWP-X2.jpg
6728117431184411846900049281,SUMATERA UTARA,KOTA MEDAN,MEDAN LABUHAN,SEI MATI,TPS 22,2019-10-25 17:00:05,117,8,223,127,127,126,1,https://pemilu2019.kpu.go.id/img/c/900/049/900049281/1-11846-22-C1-PPWP-X1.jpg,https://pemilu2019.kpu.go.id/img/c/900/049/900049281/1-11846-22-C1-PPWP-X2.jpg
6728117431184411846900049282,SUMATERA UTARA,KOTA MEDAN,MEDAN LABUHAN,SEI MATI,TPS 23,2019-10-25 17:00:05,153,3,239,159,159,156,3,https://pemilu2019.kpu.go.id/img/c/900/049/900049282/1-11846-23-C1-PPWP-X1.jpg,https://pemilu2019.kpu.go.id/img/c/900/049/900049282/1-11846-23-C1-PPWP-X2.jpg
6728117431184411846900049283,SUMATERA UTARA,KOTA MEDAN,MEDAN LABUHAN,SEI MATI,TPS 24,2019-10-25 17:00:05,146,5,234,152,152,151,1,https://pemilu2019.kpu.go.id/img/c/900/049/900049283/1-11846-24-C1-PPWP-X1.jpg,https://pemilu2019.kpu.go.id/img/c/900/049/900049283/1-11846-24-C1-PPWP-X2.jpg
6728117431184411846900049284,SUMATERA UTARA,KOTA MEDAN,MEDAN LABUHAN,SEI MATI,TPS 25,2019-10-25 17:00:05,143,5,228,148,151,148,3,https://pemilu2019.kpu.go.id/img/c/900/049/900049284/1-11846-25-C1-PPWP-X1.jpg,https://pemilu2019.kpu.go.id/img/c/900/049/900049284/1-11846-25-C1-PPWP-X2.jpg
6728117431184411846900049285,SUMATERA UTARA,KOTA MEDAN,MEDAN LABUHAN,SEI MATI,TPS 26,2019-10-25 17:00:05,128,2,235,131,131,130,1,https://pemilu2019.kpu.go.id/img/c/900/049/900049285/1-11846-26-C1-PPWP-X1.jpg,https://pemilu2019.kpu.go.id/img/c/900/049/900049285/1-11846-26-C1-PPWP-X2.jpg
6728117431184411846900049286,SUMATERA UTARA,KOTA MEDAN,MEDAN LABUHAN,SEI MATI,TPS 27,2019-10-25 17:00:05,51,136,281,191,191,187,4,https://pemilu2019.kpu.go.id/img/c/900/049/900049286/1-11846-27-C1-PPWP-X1.jpg,https://pemilu2019.kpu.go.id/img/c/900/049/900049286/1-11846-27-C1-PPWP-X2.jpg
6728117431184411846900049287,SUMATERA UTARA,KOTA MEDAN,MEDAN LABUHAN,SEI MATI,TPS 28,2019-10-25 17:00:05,57,113,240,177,177,170,7,https://pemilu2019.kpu.go.id/img/c/900/049/900049287/1-11846-28-C1-PPWP-X1.jpg,https://pemilu2019.kpu.go.id/img/c/900/049/900049287/1-11846-28-C1-PPWP-X2.jpg
6728117431184411846900049288,SUMATERA UTARA,KOTA MEDAN,MEDAN LABUHAN,SEI MATI,TPS 29,2019-10-25 17:00:05,111,135,329,248,248,246,2,https://pemilu2019.kpu.go.id/img/c/900/049/900049288/1-11846-29-C1-PPWP-X1.jpg,https://pemilu2019.kpu.go.id/img/c/900/049/900049288/1-11846-29-C1-PPWP-X2.jpg
6728117431184411846900049289,SUMATERA UTARA,KOTA MEDAN,MEDAN LABUHAN,SEI MATI,TPS 30,2019-10-25 17:00:05,53,138,271,196,196,191,5,https://pemilu2019.kpu.go.id/img/c/900/049/900049289/1-11846-30-C1-PPWP-X1.jpg,https://pemilu2019.kpu.go.id/img/c/900/049/900049289/1-11846-30-C1-PPWP-X2.jpg
6728117431184411846900049290,SUMATERA UTARA,KOTA MEDAN,MEDAN LABUHAN,SEI MATI,TPS 31,2019-10-25 17:00:05,56,97,274,156,156,153,3,https://pemilu2019.kpu.go.id/img/c/900/049/900049290/1-11846-31-C1-PPWP-X1.jpg,https://pemilu2019.kpu.go.id/img/c/900/049/900049290/1-11846-31-C1-PPWP-X2.jpg
6728117431184411846900049291,SUMATERA UTARA,KOTA MEDAN,MEDAN LABUHAN,SEI MATI,TPS 32,2019-10-25 17:00:05,61,100,246,166,166,161,5,https://pemilu2019.kpu.go.id/img/c/900/049/900049291/1-11846-32-C1-PPWP-X1.jpg,https://pemilu2019.kpu.go.id/img/c/900/049/900049291/1-11846-32-C1-PPWP-X2.jpg
6728117431184411846900049292,SUMATERA UTARA,KOTA MEDAN,MEDAN LABUHAN,SEI MATI,TPS 33,2019-10-25 17:00:05,35,101,232,137,137,136,1,https://pemilu2019.kpu.go.id/img/c/900/049/900049292/1-11846-33-C1-PPWP-X1.jpg,https://pemilu2019.kpu.go.id/img/c/900/049/900049292/1-11846-33-C1-PPWP-X2.jpg
6728117431184411846900049293,SUMATERA UTARA,KOTA MEDAN,MEDAN LABUHAN,SEI MATI,TPS 34,2019-10-25 17:00:05,56,142,267,199,199,198,1,https://pemilu2019.kpu.go.id/img/c/900/049/900049293/1-11846-34-C1-PPWP-X1.jpg,https://pemilu2019.kpu.go.id/img/c/900/049/900049293/1-11846-34-C1-PPWP-X2.jpg
6728117431184411846900049294,SUMATERA UTARA,KOTA MEDAN,MEDAN LABUHAN,SEI MATI,TPS 35,2019-10-25 17:00:05,41,137,280,178,178,178,0,https://pemilu2019.kpu.go.id/img/c/900/049/900049294/2-11846-35-C1-PPWP-X1.jpg,https://pemilu2019.kpu.go.id/img/c/900/049/900049294/2-11846-35-C1-PPWP-X2.jpg
6728117431184411846900049295,SUMATERA UTARA,KOTA MEDAN,MEDAN LABUHAN,SEI MATI,TPS 36,2019-10-25 17:00:05,30,144,285,175,175,174,1,https://pemilu2019.kpu.go.id/img/c/900/049/900049295/1-11846-36-C1-PPWP-X1.jpg,https://pemilu2019.kpu.go.id/img/c/900/049/900049295/1-11846-36-C1-PPWP-X2.jpg
6728117431184411846900049296,SUMATERA UTARA,KOTA MEDAN,MEDAN LABUHAN,SEI MATI,TPS 37,2019-10-25 17:00:05,61,118,268,180,180,179,1,https://pemilu2019.kpu.go.id/img/c/900/049/900049296/1-11846-37-C1-PPWP-X1.jpg,https://pemilu2019.kpu.go.id/img/c/900/049/900049296/1-11846-37-C1-PPWP-X2.jpg
6728117431184411846900049297,SUMATERA UTARA,KOTA MEDAN,MEDAN LABUHAN,SEI MATI,TPS 38,2019-10-25 17:00:05,59,128,260,189,189,187,2,https://pemilu2019.kpu.go.id/img/c/900/049/900049297/1-11846-38-C1-PPWP-X1.jpg,https://pemilu2019.kpu.go.id/img/c/900/049/900049297/1-11846-38-C1-PPWP-X2.jpg
6728117431184411846900049298,SUMATERA UTARA,KOTA MEDAN,MEDAN LABUHAN,SEI MATI,TPS 39,2019-10-25 17:00:05,38,101,231,142,142,139,3,https://pemilu2019.kpu.go.id/img/c/900/049/900049298/1-11846-39-C1-PPWP-X1.jpg,https://pemilu2019.kpu.go.id/img/c/900/049/900049298/1-11846-39-C1-PPWP-X2.jpg
6728117431184411846900049299,SUMATERA UTARA,KOTA MEDAN,MEDAN LABUHAN,SEI MATI,TPS 40,2019-10-25 17:00:05,57,120,250,177,177,177,0,https://pemilu2019.kpu.go.id/img/c/900/049/900049299/1-11846-40-C1-PPWP-X1.jpg,https://pemilu2019.kpu.go.id/img/c/900/049/900049299/1-11846-40-C1-PPWP-X2.jpg
6728117431184411846900049300,SUMATERA UTARA,KOTA MEDAN,MEDAN LABUHAN,SEI MATI,TPS 41,2019-10-25 17:00:05,61,119,279,184,184,180,4,https://pemilu2019.kpu.go.id/img/c/900/049/900049300/1-11846-41-C1-PPWP-X1.jpg,https://pemilu2019.kpu.go.id/img/c/900/049/900049300/1-11846-41-C1-PPWP-X2.jpg
6728117431184411846900049301,SUMATERA UTARA,KOTA MEDAN,MEDAN LABUHAN,SEI MATI,TPS 42,2019-10-25 17:00:05,57,134,265,191,191,191,0,https://pemilu2019.kpu.go.id/img/c/900/049/900049301/1-11846-42-C1-PPWP-X1.jpg,https://pemilu2019.kpu.go.id/img/c/900/049/900049301/1-11846-42-C1-PPWP-X2.jpg
6728117431184411846900049302,SUMATERA UTARA,KOTA MEDAN,MEDAN LABUHAN,SEI MATI,TPS 43,2019-10-25 17:00:05,84,72,239,159,159,156,3,https://pemilu2019.kpu.go.id/img/c/900/049/900049302/1-11846-43-C1-PPWP-X1.jpg,https://pemilu2019.kpu.go.id/img/c/900/049/900049302/1-11846-43-C1-PPWP-X2.jpg
6728117431184411846900049303,SUMATERA UTARA,KOTA MEDAN,MEDAN LABUHAN,SEI MATI,TPS 44,2019-10-25 17:00:05,72,55,237,128,128,127,1,https://pemilu2019.kpu.go.id/img/c/900/049/900049303/1-11846-44-C1-PPWP-X1.jpg,https://pemilu2019.kpu.go.id/img/c/900/049/900049303/1-11846-44-C1-PPWP-X2.jpg
6728117431184411846900049304,SUMATERA UTARA,KOTA MEDAN,MEDAN LABUHAN,SEI MATI,TPS 45,2019-10-25 17:00:05,115,51,248,166,166,166,0,https://pemilu2019.kpu.go.id/img/c/900/049/900049304/1-11846-45-C1-PPWP-X1.jpg,https://pemilu2019.kpu.go.id/img/c/900/049/900049304/1-11846-45-C1-PPWP-X2.jpg
6728117431184411850900049485,SUMATERA UTARA,KOTA MEDAN,MEDAN LABUHAN,TANGKAHAN,TPS 01,2019-10-25 17:00:05,137,24,192,162,162,161,1,https://pemilu2019.kpu.go.id/img/c/900/049/900049485/1-11850-01-C1-PPWP-X1.jpg,https://pemilu2019.kpu.go.id/img/c/900/049/900049485/1-11850-01-C1-PPWP-X2.jpg
6728117431184411850900049486,SUMATERA UTARA,KOTA MEDAN,MEDAN LABUHAN,TANGKAHAN,TPS 02,2019-10-25 17:00:05,101,114,232,220,217,2,215,https://pemilu2019.kpu.go.id/img/c/900/049/900049486/1-11850-02-C1-PPWP-X1.jpg,https://pemilu2019.kpu.go.id/img/c/900/049/900049486/1-11850-02-C1-PPWP-X2.jpg
6728117431184411850900049487,SUMATERA UTARA,KOTA MEDAN,MEDAN LABUHAN,TANGKAHAN,TPS 03,2019-10-25 17:00:05,130,145,314,276,276,275,1,https://pemilu2019.kpu.go.id/img/c/900/049/900049487/1-11850-03-C1-PPWP-X1.jpg,https://pemilu2019.kpu.go.id/img/c/900/049/900049487/1-11850-03-C1-PPWP-X2.jpg
6728117431184411850900049488,SUMATERA UTARA,KOTA MEDAN,MEDAN LABUHAN,TANGKAHAN,TPS 04,2019-10-25 17:00:05,60,196,313,257,257,256,1,https://pemilu2019.kpu.go.id/img/c/900/049/900049488/1-11850-04-C1-PPWP-X1.jpg,https://pemilu2019.kpu.go.id/img/c/900/049/900049488/1-11850-04-C1-PPWP-X2.jpg
6728117431184411850900049489,SUMATERA UTARA,KOTA MEDAN,MEDAN LABUHAN,TANGKAHAN,TPS 05,2019-10-25 17:00:05,69,160,284,234,234,229,5,https://pemilu2019.kpu.go.id/img/c/900/049/900049489/1-11850-05-C1-PPWP-X1.jpg,https://pemilu2019.kpu.go.id/img/c/900/049/900049489/1-11850-05-C1-PPWP-X2.jpg
6728117431184411850900049490,SUMATERA UTARA,KOTA MEDAN,MEDAN LABUHAN,TANGKAHAN,TPS 06,2019-10-25 17:00:05,66,191,319,258,258,257,1,https://pemilu2019.kpu.go.id/img/c/900/049/900049490/1-11850-06-C1-PPWP-X1.jpg,https://pemilu2019.kpu.go.id/img/c/900/049/900049490/1-11850-06-C1-PPWP-X2.jpg
6728117431184411850900049491,SUMATERA UTARA,KOTA MEDAN,MEDAN LABUHAN,TANGKAHAN,TPS 07,2019-10-25 17:00:05,66,180,310,250,250,246,4,https://pemilu2019.kpu.go.id/img/c/900/049/900049491/1-11850-07-C1-PPWP-X1.jpg,https://pemilu2019.kpu.go.id/img/c/900/049/900049491/1-11850-07-C1-PPWP-X2.jpg
6728117431184411850900049492,SUMATERA UTARA,KOTA MEDAN,MEDAN LABUHAN,TANGKAHAN,TPS 08,2019-10-25 17:00:05,96,141,285,239,239,237,2,https://pemilu2019.kpu.go.id/img/c/900/049/900049492/1-11850-08-C1-PPWP-X1.jpg,https://pemilu2019.kpu.go.id/img/c/900/049/900049492/1-11850-08-C1-PPWP-X2.jpg
6728117431184411850900049493,SUMATERA UTARA,KOTA MEDAN,MEDAN LABUHAN,TANGKAHAN,TPS 09,2019-10-25 17:00:05,65,169,294,239,239,234,5,https://pemilu2019.kpu.go.id/img/c/900/049/900049493/1-11850-09-C1-PPWP-X1.jpg,https://pemilu2019.kpu.go.id/img/c/900/049/900049493/1-11850-09-C1-PPWP-X2.jpg
6728117431184411850900049494,SUMATERA UTARA,KOTA MEDAN,MEDAN LABUHAN,TANGKAHAN,TPS 10,2019-10-25 17:00:05,85,133,289,221,221,218,3,https://pemilu2019.kpu.go.id/img/c/900/049/900049494/1-11850-10-C1-PPWP-X1.jpg,https://pemilu2019.kpu.go.id/img/c/900/049/900049494/1-11850-10-C1-PPWP-X2.jpg
6728117431184411850900049495,SUMATERA UTARA,KOTA MEDAN,MEDAN LABUHAN,TANGKAHAN,TPS 11,2019-10-25 17:00:05,69,155,289,226,225,189,36,https://pemilu2019.kpu.go.id/img/c/900/049/900049495/1-11850-11-C1-PPWP-X1.jpg,https://pemilu2019.kpu.go.id/img/c/900/049/900049495/1-11850-11-C1-PPWP-X2.jpg
6728117431184411850900049496,SUMATERA UTARA,KOTA MEDAN,MEDAN LABUHAN,TANGKAHAN,TPS 12,2019-10-25 17:00:05,95,111,207,207,207,206,1,https://pemilu2019.kpu.go.id/img/c/900/049/900049496/1-11850-12-C1-PPWP-X1.jpg,https://pemilu2019.kpu.go.id/img/c/900/049/900049496/1-11850-12-C1-PPWP-X2.jpg
6728117431184411850900049497,SUMATERA UTARA,KOTA MEDAN,MEDAN LABUHAN,TANGKAHAN,TPS 13,2019-10-25 17:00:05,41,152,280,193,193,143,0,https://pemilu2019.kpu.go.id/img/c/900/049/900049497/1-11850-13-C1-PPWP-X1.jpg,https://pemilu2019.kpu.go.id/img/c/900/049/900049497/1-11850-13-C1-PPWP-X2.jpg
6728117431184411850900049498,SUMATERA UTARA,KOTA MEDAN,MEDAN LABUHAN,TANGKAHAN,TPS 14,2019-10-25 17:00:05,32,200,318,234,234,232,2,https://pemilu2019.kpu.go.id/img/c/900/049/900049498/1-11850-14-C1-PPWP-X1.jpg,https://pemilu2019.kpu.go.id/img/c/900/049/900049498/1-11850-14-C1-PPWP-X2.jpg
6728117431184411850900049499,SUMATERA UTARA,KOTA MEDAN,MEDAN LABUHAN,TANGKAHAN,TPS 15,2019-10-25 17:00:05,29,167,284,199,199,196,3,https://pemilu2019.kpu.go.id/img/c/900/049/900049499/1-11850-15-C1-PPWP-X1.jpg,https://pemilu2019.kpu.go.id/img/c/900/049/900049499/1-11850-15-C1-PPWP-X2.jpg
6728117431184411850900049500,SUMATERA UTARA,KOTA MEDAN,MEDAN LABUHAN,TANGKAHAN,TPS 16,2019-10-25 17:00:05,40,129,253,170,170,169,1,https://pemilu2019.kpu.go.id/img/c/900/049/900049500/1-11850-16-C1-PPWP-X1.jpg,https://pemilu2019.kpu.go.id/img/c/900/049/900049500/1-11850-16-C1-PPWP-X2.jpg
6728117431184411850900049501,SUMATERA UTARA,KOTA MEDAN,MEDAN LABUHAN,TANGKAHAN,TPS 17,2019-10-25 17:00:05,46,143,284,192,192,189,3,https://pemilu2019.kpu.go.id/img/c/900/049/900049501/1-11850-17-C1-PPWP-X1.jpg,https://pemilu2019.kpu.go.id/img/c/900/049/900049501/1-11850-17-C1-PPWP-X2.jpg
6728117431184411850900049502,SUMATERA UTARA,KOTA MEDAN,MEDAN LABUHAN,TANGKAHAN,TPS 18,2019-10-25 17:00:05,31,91,215,123,123,122,1,https://pemilu2019.kpu.go.id/img/c/900/049/900049502/1-11850-18-C1-PPWP-X1.jpg,https://pemilu2019.kpu.go.id/img/c/900/049/900049502/1-11850-18-C1-PPWP-X2.jpg
6728117431184411850900049503,SUMATERA UTARA,KOTA MEDAN,MEDAN LABUHAN,TANGKAHAN,TPS 19,2019-10-25 17:00:05,28,145,305,173,173,173,0,https://pemilu2019.kpu.go.id/img/c/900/049/900049503/1-11850-19-C1-PPWP-X1.jpg,https://pemilu2019.kpu.go.id/img/c/900/049/900049503/1-11850-19-C1-PPWP-X2.jpg
6728117431184411850900049504,SUMATERA UTARA,KOTA MEDAN,MEDAN LABUHAN,TANGKAHAN,TPS 20,2019-10-25 17:00:05,36,100,257,137,137,136,1,https://pemilu2019.kpu.go.id/img/c/900/049/900049504/1-11850-20-C1-PPWP-X1.jpg,https://pemilu2019.kpu.go.id/img/c/900/049/900049504/1-11850-20-C1-PPWP-X2.jpg
6728117431184411850900049505,SUMATERA UTARA,KOTA MEDAN,MEDAN LABUHAN,TANGKAHAN,TPS 21,2019-10-25 17:00:05,41,162,276,203,238,203,35,https://pemilu2019.kpu.go.id/img/c/900/049/900049505/1-11850-21-C1-PPWP-X1.jpg,https://pemilu2019.kpu.go.id/img/c/900/049/900049505/1-11850-21-C1-PPWP-X2.jpg
6728117431184411850900049506,SUMATERA UTARA,KOTA MEDAN,MEDAN LABUHAN,TANGKAHAN,TPS 22,2019-10-25 17:00:05,72,152,269,218,226,224,2,https://pemilu2019.kpu.go.id/img/c/900/049/900049506/1-11850-22-C1-PPWP-X1.jpg,https://pemilu2019.kpu.go.id/img/c/900/049/900049506/1-11850-22-C1-PPWP-X2.jpg
6728117431184411850900049507,SUMATERA UTARA,KOTA MEDAN,MEDAN LABUHAN,TANGKAHAN,TPS 23,2019-10-25 17:00:05,79,130,257,210,210,209,1,https://pemilu2019.kpu.go.id/img/c/900/049/900049507/1-11850-23-C1-PPWP-X1.jpg,https://pemilu2019.kpu.go.id/img/c/900/049/900049507/1-11850-23-C1-PPWP-X2.jpg
6728117431184411850900049508,SUMATERA UTARA,KOTA MEDAN,MEDAN LABUHAN,TANGKAHAN,TPS 24,2019-10-25 17:00:05,49,173,302,224,224,222,2,https://pemilu2019.kpu.go.id/img/c/900/049/900049508/1-11850-24-C1-PPWP-X1.jpg,https://pemilu2019.kpu.go.id/img/c/900/049/900049508/1-11850-24-C1-PPWP-X2.jpg
6728117431184411850900049509,SUMATERA UTARA,KOTA MEDAN,MEDAN LABUHAN,TANGKAHAN,TPS 25,2019-10-25 17:00:05,266,5,278,271,271,271,0,https://pemilu2019.kpu.go.id/img/c/900/049/900049509/1-11850-25-C1-PPWP-X1.jpg,https://pemilu2019.kpu.go.id/img/c/900/049/900049509/1-11850-25-C1-PPWP-X2.jpg
6728117431184411850900049510,SUMATERA UTARA,KOTA MEDAN,MEDAN LABUHAN,TANGKAHAN,TPS 26,2019-10-25 17:00:05,256,14,325,271,271,270,1,https://pemilu2019.kpu.go.id/img/c/900/049/900049510/1-11850-26-C1-PPWP-X1.jpg,https://pemilu2019.kpu.go.id/img/c/900/049/900049510/1-11850-26-C1-PPWP-X2.jpg
6728117431184411850900049511,SUMATERA UTARA,KOTA MEDAN,MEDAN LABUHAN,TANGKAHAN,TPS 27,2019-10-25 17:00:05,253,16,325,269,269,269,0,https://pemilu2019.kpu.go.id/img/c/900/049/900049511/1-11850-27-C1-PPWP-X1.jpg,https://pemilu2019.kpu.go.id/img/c/900/049/900049511/1-11850-27-C1-PPWP-X2.jpg
6728117431184411850900049512,SUMATERA UTARA,KOTA MEDAN,MEDAN LABUHAN,TANGKAHAN,TPS 28,2019-10-25 17:00:05,72,141,272,214,213,213,0,https://pemilu2019.kpu.go.id/img/c/900/049/900049512/1-11850-28-C1-PPWP-X1.jpg,https://pemilu2019.kpu.go.id/img/c/900/049/900049512/1-11850-28-C1-PPWP-X2.jpg
6728117431184411850900049513,SUMATERA UTARA,KOTA MEDAN,MEDAN LABUHAN,TANGKAHAN,TPS 29,2019-10-25 17:00:05,75,162,309,240,240,237,3,https://pemilu2019.kpu.go.id/img/c/900/049/900049513/1-11850-29-C1-PPWP-X1.jpg,https://pemilu2019.kpu.go.id/img/c/900/049/900049513/1-11850-29-C1-PPWP-X2.jpg
6728117431184411850900049514,SUMATERA UTARA,KOTA MEDAN,MEDAN LABUHAN,TANGKAHAN,TPS 30,2019-10-25 17:00:05,86,168,322,256,256,254,2,https://pemilu2019.kpu.go.id/img/c/900/049/900049514/1-11850-30-C1-PPWP-X1.jpg,https://pemilu2019.kpu.go.id/img/c/900/049/900049514/1-11850-30-C1-PPWP-X2.jpg
6728117431184411850900049515,SUMATERA UTARA,KOTA MEDAN,MEDAN LABUHAN,TANGKAHAN,TPS 31,2019-10-25 17:00:05,76,155,283,232,232,231,1,https://pemilu2019.kpu.go.id/img/c/900/049/900049515/1-11850-31-C1-PPWP-X1.jpg,https://pemilu2019.kpu.go.id/img/c/900/049/900049515/1-11850-31-C1-PPWP-X2.jpg
6728117431184411850900049516,SUMATERA UTARA,KOTA MEDAN,MEDAN LABUHAN,TANGKAHAN,TPS 32,2019-10-25 17:00:05,73,128,280,202,202,201,1,https://pemilu2019.kpu.go.id/img/c/900/049/900049516/1-11850-32-C1-PPWP-X1.jpg,https://pemilu2019.kpu.go.id/img/c/900/049/900049516/1-11850-32-C1-PPWP-X2.jpg
6728117431184411850900049517,SUMATERA UTARA,KOTA MEDAN,MEDAN LABUHAN,TANGKAHAN,TPS 33,2019-10-25 17:00:05,68,201,271,270,270,269,1,https://pemilu2019.kpu.go.id/img/c/900/049/900049517/1-11850-33-C1-PPWP-X1.jpg,https://pemilu2019.kpu.go.id/img/c/900/049/900049517/1-11850-33-C1-PPWP-X2.jpg
6728117431184411850900049518,SUMATERA UTARA,KOTA MEDAN,MEDAN LABUHAN,TANGKAHAN,TPS 34,2019-10-25 17:00:05,75,197,272,273,273,272,1,https://pemilu2019.kpu.go.id/img/c/900/049/900049518/1-11850-34-C1-PPWP-X1.jpg,https://pemilu2019.kpu.go.id/img/c/900/049/900049518/1-11850-34-C1-PPWP-X2.jpg
6728117431184411850900049519,SUMATERA UTARA,KOTA MEDAN,MEDAN LABUHAN,TANGKAHAN,TPS 35,2019-10-25 17:00:05,54,200,296,257,257,254,3,https://pemilu2019.kpu.go.id/img/c/900/049/900049519/1-11850-35-C1-PPWP-X1.jpg,https://pemilu2019.kpu.go.id/img/c/900/049/900049519/1-11850-35-C1-PPWP-X2.jpg
6728117431184411850900049520,SUMATERA UTARA,KOTA MEDAN,MEDAN LABUHAN,TANGKAHAN,TPS 36,2019-10-25 17:00:05,90,128,328,218,218,218,0,https://pemilu2019.kpu.go.id/img/c/900/049/900049520/1-11850-36-C1-PPWP-X1.jpg,https://pemilu2019.kpu.go.id/img/c/900/049/900049520/1-11850-36-C1-PPWP-X2.jpg
6728117431184411850900049521,SUMATERA UTARA,KOTA MEDAN,MEDAN LABUHAN,TANGKAHAN,TPS 37,2019-10-25 17:00:05,143,102,319,245,245,245,0,https://pemilu2019.kpu.go.id/img/c/900/049/900049521/1-11850-37-C1-PPWP-X1.jpg,https://pemilu2019.kpu.go.id/img/c/900/049/900049521/1-11850-37-C1-PPWP-X2.jpg
6728117431184411850900049522,SUMATERA UTARA,KOTA MEDAN,MEDAN LABUHAN,TANGKAHAN,TPS 38,2019-10-25 17:00:05,101,131,312,232,232,232,0,https://pemilu2019.kpu.go.id/img/c/900/049/900049522/1-11850-38-C1-PPWP-X1.jpg,https://pemilu2019.kpu.go.id/img/c/900/049/900049522/1-11850-38-C1-PPWP-X2.jpg
6728117431184411850900049523,SUMATERA UTARA,KOTA MEDAN,MEDAN LABUHAN,TANGKAHAN,TPS 39,2019-10-25 17:00:05,166,98,304,266,266,264,2,https://pemilu2019.kpu.go.id/img/c/900/049/900049523/1-11850-39-C1-PPWP-X1.jpg,https://pemilu2019.kpu.go.id/img/c/900/049/900049523/1-11850-39-C1-PPWP-X2.jpg
6728117431184411850900049524,SUMATERA UTARA,KOTA MEDAN,MEDAN LABUHAN,TANGKAHAN,TPS 40,2019-10-25 17:00:05,155,109,304,264,264,264,0,https://pemilu2019.kpu.go.id/img/c/900/049/900049524/1-11850-40-C1-PPWP-X1.jpg,https://pemilu2019.kpu.go.id/img/c/900/049/900049524/1-11850-40-C1-PPWP-X2.jpg
6728117431184411850900049525,SUMATERA UTARA,KOTA MEDAN,MEDAN LABUHAN,TANGKAHAN,TPS 41,2019-10-25 17:00:05,144,95,285,240,240,239,1,https://pemilu2019.kpu.go.id/img/c/900/049/900049525/1-11850-41-C1-PPWP-X1.jpg,https://pemilu2019.kpu.go.id/img/c/900/049/900049525/1-11850-41-C1-PPWP-X2.jpg
6728117431184411850900049526,SUMATERA UTARA,KOTA MEDAN,MEDAN LABUHAN,TANGKAHAN,TPS 42,2019-10-25 17:00:05,158,97,279,0,259,255,4,https://pemilu2019.kpu.go.id/img/c/900/049/900049526/1-11850-42-C1-PPWP-X1.jpg,https://pemilu2019.kpu.go.id/img/c/900/049/900049526/1-11850-42-C1-PPWP-X2.jpg
6728117431184411850900049527,SUMATERA UTARA,KOTA MEDAN,MEDAN LABUHAN,TANGKAHAN,TPS 43,2019-10-25 17:00:05,191,92,343,285,285,283,2,https://pemilu2019.kpu.go.id/img/c/900/049/900049527/1-11850-43-C1-PPWP-X1.jpg,https://pemilu2019.kpu.go.id/img/c/900/049/900049527/1-11850-43-C1-PPWP-X2.jpg
6728117431184411850900049528,SUMATERA UTARA,KOTA MEDAN,MEDAN LABUHAN,TANGKAHAN,TPS 44,2019-10-25 17:00:05,77,162,312,241,241,239,2,https://pemilu2019.kpu.go.id/img/c/900/049/900049528/1-11850-44-C1-PPWP-X1.jpg,https://pemilu2019.kpu.go.id/img/c/900/049/900049528/1-11850-44-C1-PPWP-X2.jpg
6728117431184411850900049529,SUMATERA UTARA,KOTA MEDAN,MEDAN LABUHAN,TANGKAHAN,TPS 45,2019-10-25 17:00:05,148,93,307,242,242,241,1,https://pemilu2019.kpu.go.id/img/c/900/049/900049529/1-11850-45-C1-PPWP-X1.jpg,https://pemilu2019.kpu.go.id/img/c/900/049/900049529/1-11850-45-C1-PPWP-X2.jpg
6728117431184411850900049530,SUMATERA UTARA,KOTA MEDAN,MEDAN LABUHAN,TANGKAHAN,TPS 46,2019-10-25 17:00:05,139,106,302,245,245,245,0,https://pemilu2019.kpu.go.id/img/c/900/049/900049530/1-11850-46-C1-PPWP-X1.jpg,https://pemilu2019.kpu.go.id/img/c/900/049/900049530/1-11850-46-C1-PPWP-X2.jpg
6728117431184411850900049531,SUMATERA UTARA,KOTA MEDAN,MEDAN LABUHAN,TANGKAHAN,TPS 47,2019-10-25 17:00:05,151,115,290,269,269,266,3,https://pemilu2019.kpu.go.id/img/c/900/049/900049531/1-11850-47-C1-PPWP-X1.jpg,https://pemilu2019.kpu.go.id/img/c/900/049/900049531/1-11850-47-C1-PPWP-X2.jpg
6728117431184411850900049532,SUMATERA UTARA,KOTA MEDAN,MEDAN LABUHAN,TANGKAHAN,TPS 48,2019-10-25 17:00:05,111,90,390,203,203,201,2,https://pemilu2019.kpu.go.id/img/c/900/049/900049532/1-11850-48-C1-PPWP-X1.jpg,https://pemilu2019.kpu.go.id/img/c/900/049/900049532/1-11850-48-C1-PPWP-X2.jpg
6728117431184411850900049533,SUMATERA UTARA,KOTA MEDAN,MEDAN LABUHAN,TANGKAHAN,TPS 49,2019-10-25 17:00:05,42,153,223,196,196,195,1,https://pemilu2019.kpu.go.id/img/c/900/049/900049533/1-11850-49-C1-PPWP-X1.jpg,https://pemilu2019.kpu.go.id/img/c/900/049/900049533/1-11850-49-C1-PPWP-X2.jpg
6728117431184411850900049534,SUMATERA UTARA,KOTA MEDAN,MEDAN LABUHAN,TANGKAHAN,TPS 50,2019-10-25 17:00:05,60,147,239,212,212,207,5,https://pemilu2019.kpu.go.id/img/c/900/049/900049534/1-11850-50-C1-PPWP-X1.jpg,https://pemilu2019.kpu.go.id/img/c/900/049/900049534/1-11850-50-C1-PPWP-X2.jpg
6728117431184411850900049535,SUMATERA UTARA,KOTA MEDAN,MEDAN LABUHAN,TANGKAHAN,TPS 51,2019-10-25 17:00:05,56,152,257,209,209,208,1,https://pemilu2019.kpu.go.id/img/c/900/049/900049535/1-11850-51-C1-PPWP-X1.jpg,https://pemilu2019.kpu.go.id/img/c/900/049/900049535/1-11850-51-C1-PPWP-X2.jpg
6728117431184411850900049536,SUMATERA UTARA,KOTA MEDAN,MEDAN LABUHAN,TANGKAHAN,TPS 52,2019-10-25 17:00:05,124,29,174,156,156,153,3,https://pemilu2019.kpu.go.id/img/c/900/049/900049536/1-11850-52-C1-PPWP-X1.jpg,https://pemilu2019.kpu.go.id/img/c/900/049/900049536/1-11850-52-C1-PPWP-X2.jpg
6728117431184411850900049537,SUMATERA UTARA,KOTA MEDAN,MEDAN LABUHAN,TANGKAHAN,TPS 53,2019-10-25 17:00:05,146,23,160,163,164,163,1,https://pemilu2019.kpu.go.id/img/c/900/049/900049537/1-11850-53-C1-PPWP-X1.jpg,https://pemilu2019.kpu.go.id/img/c/900/049/900049537/1-11850-53-C1-PPWP-X2.jpg
6728117431184411850900049538,SUMATERA UTARA,KOTA MEDAN,MEDAN LABUHAN,TANGKAHAN,TPS 54,2019-10-25 17:00:05,45,81,125,128,128,126,2,https://pemilu2019.kpu.go.id/img/c/900/049/900049538/1-11850-54-C1-PPWP-X1.jpg,https://pemilu2019.kpu.go.id/img/c/900/049/900049538/1-11850-54-C1-PPWP-X2.jpg
6728117431184411850900049539,SUMATERA UTARA,KOTA MEDAN,MEDAN LABUHAN,TANGKAHAN,TPS 55,2019-10-25 17:00:05,187,97,270,0,289,284,5,https://pemilu2019.kpu.go.id/img/c/900/049/900049539/1-11850-55-C1-PPWP-X1.jpg,https://pemilu2019.kpu.go.id/img/c/900/049/900049539/1-11850-55-C1-PPWP-X2.jpg
6728117431184411850900049540,SUMATERA UTARA,KOTA MEDAN,MEDAN LABUHAN,TANGKAHAN,TPS 56,2019-10-25 17:00:05,115,56,213,171,173,171,2,https://pemilu2019.kpu.go.id/img/c/900/049/900049540/1-11850-56-C1-PPWP-X1.jpg,https://pemilu2019.kpu.go.id/img/c/900/049/900049540/1-11850-56-C1-PPWP-X2.jpg
6728117431185911860900049902,SUMATERA UTARA,KOTA MEDAN,MEDAN MAIMUN,AUR,TPS 01,2019-10-25 17:00:05,22,170,304,192,192,192,0,https://pemilu2019.kpu.go.id/img/c/900/049/900049902/11860-01-C-XXX-X5.jpg,https://pemilu2019.kpu.go.id/img/c/900/049/900049902/11860-01-C-XXX-X6.jpg
6728117431185911860900049903,SUMATERA UTARA,KOTA MEDAN,MEDAN MAIMUN,AUR,TPS 02,2019-10-25 17:00:05,141,26,252,167,167,167,0,https://pemilu2019.kpu.go.id/img/c/900/049/900049903/11860-02-C1-PPWP-X1.jpg,https://pemilu2019.kpu.go.id/img/c/900/049/900049903/11860-02-C1-PPWP-X2.jpg
6728117431185911860900049904,SUMATERA UTARA,KOTA MEDAN,MEDAN MAIMUN,AUR,TPS 03,2019-10-25 17:00:05,169,1,255,171,171,170,1,https://pemilu2019.kpu.go.id/img/c/900/049/900049904/1-11860-03-C1-PPWP-X1.jpg,https://pemilu2019.kpu.go.id/img/c/900/049/900049904/1-11860-03-C1-PPWP-X2.jpg
6728117431185911860900049905,SUMATERA UTARA,KOTA MEDAN,MEDAN MAIMUN,AUR,TPS 04,2019-10-25 17:00:05,101,72,289,174,174,173,1,https://pemilu2019.kpu.go.id/img/c/900/049/900049905/11860-04-C1-PPWP-X1.jpg,https://pemilu2019.kpu.go.id/img/c/900/049/900049905/11860-04-C1-PPWP-X2.jpg
6728117431185911860900049906,SUMATERA UTARA,KOTA MEDAN,MEDAN MAIMUN,AUR,TPS 05,2019-10-25 17:00:05,91,56,264,150,150,147,3,https://pemilu2019.kpu.go.id/img/c/900/049/900049906/1-11860-05-C1-PPWP-X1.jpg,https://pemilu2019.kpu.go.id/img/c/900/049/900049906/1-11860-05-C1-PPWP-X2.jpg
6728117431185911860900049907,SUMATERA UTARA,KOTA MEDAN,MEDAN MAIMUN,AUR,TPS 06,2019-10-25 17:00:05,45,27,159,74,74,72,2,https://pemilu2019.kpu.go.id/img/c/900/049/900049907/11860-06-C-XXX-X5.jpg,https://pemilu2019.kpu.go.id/img/c/900/049/900049907/11860-06-C-XXX-X6.jpg
6728117431185911860900049908,SUMATERA UTARA,KOTA MEDAN,MEDAN MAIMUN,AUR,TPS 07,2019-10-25 17:00:05,70,45,226,116,116,115,1,https://pemilu2019.kpu.go.id/img/c/900/049/900049908/11860-07-C1-PPWP-X1.jpg,https://pemilu2019.kpu.go.id/img/c/900/049/900049908/11860-07-C1-PPWP-X2.jpg
6728117431185911860900049909,SUMATERA UTARA,KOTA MEDAN,MEDAN MAIMUN,AUR,TPS 08,2019-10-25 17:00:05,70,66,229,139,139,120,19,https://pemilu2019.kpu.go.id/img/c/900/049/900049909/11860-08-C-XXX-X5.jpg,https://pemilu2019.kpu.go.id/img/c/900/049/900049909/11860-08-C-XXX-X6.jpg
6728117431185911860900049910,SUMATERA UTARA,KOTA MEDAN,MEDAN MAIMUN,AUR,TPS 09,2019-10-25 17:00:05,67,54,230,123,123,121,2,https://pemilu2019.kpu.go.id/img/c/900/049/900049910/1-11860-09-C1-PPWP-X1.jpg,https://pemilu2019.kpu.go.id/img/c/900/049/900049910/1-11860-09-C1-PPWP-X2.jpg
6728117431185911860900049911,SUMATERA UTARA,KOTA MEDAN,MEDAN MAIMUN,AUR,TPS 10,2019-10-25 17:00:05,80,83,259,163,163,163,0,https://pemilu2019.kpu.go.id/img/c/900/049/900049911/11860-10-C-XXX-X5.jpg,https://pemilu2019.kpu.go.id/img/c/900/049/900049911/11860-10-C-XXX-X6.jpg
6728117431185911860900049912,SUMATERA UTARA,KOTA MEDAN,MEDAN MAIMUN,AUR,TPS 11,2019-10-25 17:00:05,101,70,303,171,171,171,0,https://pemilu2019.kpu.go.id/img/c/900/049/900049912/1-11860-11-C1-PPWP-X1.jpg,https://pemilu2019.kpu.go.id/img/c/900/049/900049912/1-11860-11-C1-PPWP-X2.jpg
6728117431185911860900049913,SUMATERA UTARA,KOTA MEDAN,MEDAN MAIMUN,AUR,TPS 12,2019-10-25 17:00:05,75,81,301,158,157,156,1,https://pemilu2019.kpu.go.id/img/c/900/049/900049913/11860-12-C-XXX-X5.jpg,https://pemilu2019.kpu.go.id/img/c/900/049/900049913/11860-12-C-XXX-X6.jpg
6728117431185911860900049914,SUMATERA UTARA,KOTA MEDAN,MEDAN MAIMUN,AUR,TPS 13,2019-10-25 17:00:05,54,131,276,187,187,185,2,https://pemilu2019.kpu.go.id/img/c/900/049/900049914/1-11860-13-C1-PPWP-X1.jpg,https://pemilu2019.kpu.go.id/img/c/900/049/900049914/1-11860-13-C1-PPWP-X2.jpg
6728117431185911860900049915,SUMATERA UTARA,KOTA MEDAN,MEDAN MAIMUN,AUR,TPS 14,2019-10-25 17:00:05,63,110,279,175,175,173,2,https://pemilu2019.kpu.go.id/img/c/900/049/900049915/11860-14-C1-PPWP-X1.jpg,https://pemilu2019.kpu.go.id/img/c/900/049/900049915/11860-14-C1-PPWP-X2.jpg
6728117431185911860900049916,SUMATERA UTARA,KOTA MEDAN,MEDAN MAIMUN,AUR,TPS 15,2019-10-25 17:00:05,75,111,291,188,188,186,2,https://pemilu2019.kpu.go.id/img/c/900/049/900049916/1-11860-15-C1-PPWP-X1.jpg,https://pemilu2019.kpu.go.id/img/c/900/049/900049916/1-11860-15-C1-PPWP-X2.jpg
6728117431185911860900049917,SUMATERA UTARA,KOTA MEDAN,MEDAN MAIMUN,AUR,TPS 16,2019-10-25 17:00:05,45,122,296,165,169,167,2,https://pemilu2019.kpu.go.id/img/c/900/049/900049917/1-11860-16-C1-PPWP-X1.jpg,https://pemilu2019.kpu.go.id/img/c/900/049/900049917/1-11860-16-C1-PPWP-X2.jpg
6728117431185911860900049918,SUMATERA UTARA,KOTA MEDAN,MEDAN MAIMUN,AUR,TPS 17,2019-10-25 17:00:05,58,129,190,188,188,187,1,https://pemilu2019.kpu.go.id/img/c/900/049/900049918/1-11860-17-C1-PPWP-X1.jpg,https://pemilu2019.kpu.go.id/img/c/900/049/900049918/1-11860-17-C1-PPWP-X2.jpg
6728117431185911860900049919,SUMATERA UTARA,KOTA MEDAN,MEDAN MAIMUN,AUR,TPS 18,2019-10-25 17:00:05,40,136,300,171,177,176,1,https://pemilu2019.kpu.go.id/img/c/900/049/900049919/11860-18-C1-PPWP-X1.jpg,https://pemilu2019.kpu.go.id/img/c/900/049/900049919/11860-18-C1-PPWP-X2.jpg
6728117431185911860900049920,SUMATERA UTARA,KOTA MEDAN,MEDAN MAIMUN,AUR,TPS 19,2019-10-25 17:00:05,58,85,266,144,144,143,1,https://pemilu2019.kpu.go.id/img/c/900/049/900049920/1-11860-19-C1-PPWP-X1.jpg,https://pemilu2019.kpu.go.id/img/c/900/049/900049920/1-11860-19-C1-PPWP-X2.jpg
6728117431185911860900049921,SUMATERA UTARA,KOTA MEDAN,MEDAN MAIMUN,AUR,TPS 20,2019-10-25 17:00:05,72,59,263,131,131,131,0,https://pemilu2019.kpu.go.id/img/c/900/049/900049921/1-11860-20-C1-PPWP-X1.jpg,https://pemilu2019.kpu.go.id/img/c/900/049/900049921/1-11860-20-C1-PPWP-X2.jpg
6728117431185911860900049922,SUMATERA UTARA,KOTA MEDAN,MEDAN MAIMUN,AUR,TPS 21,2019-10-25 17:00:05,96,30,246,126,126,126,0,https://pemilu2019.kpu.go.id/img/c/900/049/900049922/11860-21-C-XXX-X5.jpg,https://pemilu2019.kpu.go.id/img/c/900/049/900049922/11860-21-C-XXX-X6.jpg
6728117431185911860900049923,SUMATERA UTARA,KOTA MEDAN,MEDAN MAIMUN,AUR,TPS 22,2019-10-25 17:00:05,97,15,113,245,113,112,1,https://pemilu2019.kpu.go.id/img/c/900/049/900049923/1-11860-22-C1-PPWP-X1.jpg,https://pemilu2019.kpu.go.id/img/c/900/049/900049923/1-11860-22-C1-PPWP-X2.jpg
6728117431185911860900049924,SUMATERA UTARA,KOTA MEDAN,MEDAN MAIMUN,AUR,TPS 23,2019-10-25 17:00:05,110,21,259,131,131,131,0,https://pemilu2019.kpu.go.id/img/c/900/049/900049924/1-11860-23-C1-PPWP-X1.jpg,https://pemilu2019.kpu.go.id/img/c/900/049/900049924/1-11860-23-C1-PPWP-X2.jpg
6728117431185911860900049925,SUMATERA UTARA,KOTA MEDAN,MEDAN MAIMUN,AUR,TPS 24,2019-10-25 17:00:05,75,17,233,93,93,92,1,https://pemilu2019.kpu.go.id/img/c/900/049/900049925/1-11860-24-C1-PPWP-X1.jpg,https://pemilu2019.kpu.go.id/img/c/900/049/900049925/1-11860-24-C1-PPWP-X2.jpg
6728117431185911860900049926,SUMATERA UTARA,KOTA MEDAN,MEDAN MAIMUN,AUR,TPS 25,2019-10-25 17:00:05,99,29,218,132,0,128,4,https://pemilu2019.kpu.go.id/img/c/900/049/900049926/1-11860-25-C1-PPWP-X1.jpg,https://pemilu2019.kpu.go.id/img/c/900/049/900049926/1-11860-25-C1-PPWP-X2.jpg
6728117431185911860900049927,SUMATERA UTARA,KOTA MEDAN,MEDAN MAIMUN,AUR,TPS 26,2019-10-25 17:00:05,67,16,195,84,0,83,1,https://pemilu2019.kpu.go.id/img/c/900/049/900049927/1-11860-26-C1-PPWP-X1.jpg,https://pemilu2019.kpu.go.id/img/c/900/049/900049927/1-11860-26-C1-PPWP-X2.jpg
6728117431185911860900049928,SUMATERA UTARA,KOTA MEDAN,MEDAN MAIMUN,AUR,TPS 27,2019-10-25 17:00:05,99,18,211,118,118,117,1,https://pemilu2019.kpu.go.id/img/c/900/049/900049928/1-11860-27-C1-PPWP-X1.jpg,https://pemilu2019.kpu.go.id/img/c/900/049/900049928/1-11860-27-C1-PPWP-X2.jpg
6728117431185911861900049929,SUMATERA UTARA,KOTA MEDAN,MEDAN MAIMUN,HAMDAN,TPS 01,2019-10-25 17:00:05,46,116,248,162,164,162,2,https://pemilu2019.kpu.go.id/img/c/900/049/900049929/1-11861-01-C1-PPWP-X1.jpg,https://pemilu2019.kpu.go.id/img/c/900/049/900049929/1-11861-01-C1-PPWP-X2.jpg
6728117431185911861900049930,SUMATERA UTARA,KOTA MEDAN,MEDAN MAIMUN,HAMDAN,TPS 02,2019-10-25 17:00:05,59,113,241,173,173,172,1,https://pemilu2019.kpu.go.id/img/c/900/049/900049930/1-11861-02-C1-PPWP-X1.jpg,https://pemilu2019.kpu.go.id/img/c/900/049/900049930/1-11861-02-C1-PPWP-X2.jpg
6728117431185911861900049931,SUMATERA UTARA,KOTA MEDAN,MEDAN MAIMUN,HAMDAN,TPS 03,2019-10-25 17:00:05,57,81,234,139,139,138,1,https://pemilu2019.kpu.go.id/img/c/900/049/900049931/1-11861-03-C1-PPWP-X1.jpg,https://pemilu2019.kpu.go.id/img/c/900/049/900049931/1-11861-03-C1-PPWP-X2.jpg
6728117431185911861900049932,SUMATERA UTARA,KOTA MEDAN,MEDAN MAIMUN,HAMDAN,TPS 04,2019-10-25 17:00:05,46,98,233,143,145,144,1,https://pemilu2019.kpu.go.id/img/c/900/049/900049932/1-11861-04-C1-PPWP-X1.jpg,https://pemilu2019.kpu.go.id/img/c/900/049/900049932/1-11861-04-C1-PPWP-X2.jpg
6728117431185911861900049933,SUMATERA UTARA,KOTA MEDAN,MEDAN MAIMUN,HAMDAN,TPS 05,2019-10-25 17:00:05,50,123,177,252,177,173,4,https://pemilu2019.kpu.go.id/img/c/900/049/900049933/1-11861-05-C1-PPWP-X1.jpg,https://pemilu2019.kpu.go.id/img/c/900/049/900049933/1-11861-05-C1-PPWP-X2.jpg
6728117431185911861900049934,SUMATERA UTARA,KOTA MEDAN,MEDAN MAIMUN,HAMDAN,TPS 06,2019-10-25 17:00:05,40,122,252,163,163,162,1,https://pemilu2019.kpu.go.id/img/c/900/049/900049934/1-11861-06-C1-PPWP-X1.jpg,https://pemilu2019.kpu.go.id/img/c/900/049/900049934/1-11861-06-C1-PPWP-X2.jpg
6728117431185911861900049935,SUMATERA UTARA,KOTA MEDAN,MEDAN MAIMUN,HAMDAN,TPS 07,2019-10-25 17:00:05,42,96,248,138,138,138,0,https://pemilu2019.kpu.go.id/img/c/900/049/900049935/1-11861-07-C1-PPWP-X1.jpg,https://pemilu2019.kpu.go.id/img/c/900/049/900049935/1-11861-07-C1-PPWP-X2.jpg
6728117431185911861900049936,SUMATERA UTARA,KOTA MEDAN,MEDAN MAIMUN,HAMDAN,TPS 08,2019-10-25 17:00:05,50,103,256,153,153,153,0,https://pemilu2019.kpu.go.id/img/c/900/049/900049936/1-11861-08-C1-PPWP-X1.jpg,https://pemilu2019.kpu.go.id/img/c/900/049/900049936/1-11861-08-C1-PPWP-X2.jpg
6728117431185911861900049937,SUMATERA UTARA,KOTA MEDAN,MEDAN MAIMUN,HAMDAN,TPS 09,2019-10-25 17:00:05,45,65,251,111,111,110,1,https://pemilu2019.kpu.go.id/img/c/900/049/900049937/1-11861-09-C1-PPWP-X1.jpg,https://pemilu2019.kpu.go.id/img/c/900/049/900049937/1-11861-09-C1-PPWP-X2.jpg
6728117431185911861900049938,SUMATERA UTARA,KOTA MEDAN,MEDAN MAIMUN,HAMDAN,TPS 10,2019-10-25 17:00:05,60,109,227,169,233,169,0,https://pemilu2019.kpu.go.id/img/c/900/049/900049938/11861-10-C1-PPWP-X1.jpg,https://pemilu2019.kpu.go.id/img/c/900/049/900049938/11861-10-C1-PPWP-X2.jpg
6728117431185911861900049939,SUMATERA UTARA,KOTA MEDAN,MEDAN MAIMUN,HAMDAN,TPS 11,2019-10-25 17:00:05,107,45,322,155,155,152,3,https://pemilu2019.kpu.go.id/img/c/900/049/900049939/11861-11-C1-PPWP-X1.jpg,https://pemilu2019.kpu.go.id/img/c/900/049/900049939/11861-11-C1-PPWP-X2.jpg
6728117431185911861900049940,SUMATERA UTARA,KOTA MEDAN,MEDAN MAIMUN,HAMDAN,TPS 12,2019-10-25 17:00:05,103,49,306,154,154,152,2,https://pemilu2019.kpu.go.id/img/c/900/049/900049940/11861-12-C1-PPWP-X1.jpg,https://pemilu2019.kpu.go.id/img/c/900/049/900049940/11861-12-C1-PPWP-X2.jpg
6728117431185911861900049941,SUMATERA UTARA,KOTA MEDAN,MEDAN MAIMUN,HAMDAN,TPS 13,2019-10-25 17:00:05,77,60,281,139,139,137,2,https://pemilu2019.kpu.go.id/img/c/900/049/900049941/11861-13-C1-PPWP-X1.jpg,https://pemilu2019.kpu.go.id/img/c/900/049/900049941/11861-13-C1-PPWP-X2.jpg
6728117431185911861900049942,SUMATERA UTARA,KOTA MEDAN,MEDAN MAIMUN,HAMDAN,TPS 14,2019-10-25 17:00:05,28,111,290,140,140,139,1,https://pemilu2019.kpu.go.id/img/c/900/049/900049942/11861-14-C1-PPWP-X1.jpg,https://pemilu2019.kpu.go.id/img/c/900/049/900049942/11861-14-C1-PPWP-X2.jpg
6728117431185911861900049943,SUMATERA UTARA,KOTA MEDAN,MEDAN MAIMUN,HAMDAN,TPS 15,2019-10-25 17:00:05,118,100,308,218,218,218,0,https://pemilu2019.kpu.go.id/img/c/900/049/900049943/1-11861-15-C1-PPWP-X1.jpg,https://pemilu2019.kpu.go.id/img/c/900/049/900049943/1-11861-15-C1-PPWP-X2.jpg
6728117431185911861900049944,SUMATERA UTARA,KOTA MEDAN,MEDAN MAIMUN,HAMDAN,TPS 16,2019-10-25 17:00:05,99,122,318,225,225,221,4,https://pemilu2019.kpu.go.id/img/c/900/049/900049944/11861-16-C1-PPWP-X1.jpg,https://pemilu2019.kpu.go.id/img/c/900/049/900049944/11861-16-C1-PPWP-X2.jpg
6728117431185911861900049945,SUMATERA UTARA,KOTA MEDAN,MEDAN MAIMUN,HAMDAN,TPS 17,2019-10-25 17:00:05,73,127,271,202,202,200,2,https://pemilu2019.kpu.go.id/img/c/900/049/900049945/2-11861-17-C1-PPWP-X1.jpg,https://pemilu2019.kpu.go.id/img/c/900/049/900049945/2-11861-17-C1-PPWP-X2.jpg
6728117431185911861900049946,SUMATERA UTARA,KOTA MEDAN,MEDAN MAIMUN,HAMDAN,TPS 18,2019-10-25 17:00:05,63,124,249,193,193,187,6,https://pemilu2019.kpu.go.id/img/c/900/049/900049946/11861-18-C1-PPWP-X1.jpg,https://pemilu2019.kpu.go.id/img/c/900/049/900049946/11861-18-C1-PPWP-X2.jpg
6728117431185911861900049947,SUMATERA UTARA,KOTA MEDAN,MEDAN MAIMUN,HAMDAN,TPS 19,2019-10-25 17:00:05,59,46,209,107,107,105,2,https://pemilu2019.kpu.go.id/img/c/900/049/900049947/11861-19-C1-PPWP-X1.jpg,https://pemilu2019.kpu.go.id/img/c/900/049/900049947/11861-19-C1-PPWP-X2.jpg
6728117431185911861900049948,SUMATERA UTARA,KOTA MEDAN,MEDAN MAIMUN,HAMDAN,TPS 20,2019-10-25 17:00:05,84,53,228,138,138,137,1,https://pemilu2019.kpu.go.id/img/c/900/049/900049948/11861-20-C1-PPWP-X1.jpg,https://pemilu2019.kpu.go.id/img/c/900/049/900049948/11861-20-C1-PPWP-X2.jpg
6728117431185911862900049949,SUMATERA UTARA,KOTA MEDAN,MEDAN MAIMUN,JATI,TPS 1,2019-10-25 17:00:05,107,46,290,153,155,153,2,https://pemilu2019.kpu.go.id/img/c/900/049/900049949/1-11862-1-C-XXX-X5.jpg,https://pemilu2019.kpu.go.id/img/c/900/049/900049949/1-11862-1-C-XXX-X6.jpg
6728117431185911862900049950,SUMATERA UTARA,KOTA MEDAN,MEDAN MAIMUN,JATI,TPS 2,2019-10-25 17:00:05,144,15,326,160,160,144,15,https://pemilu2019.kpu.go.id/img/c/900/049/900049950/1-11862-2-C1-PPWP-X1.jpg,https://pemilu2019.kpu.go.id/img/c/900/049/900049950/1-11862-2-C1-PPWP-X2.jpg
6728117431185911862900049951,SUMATERA UTARA,KOTA MEDAN,MEDAN MAIMUN,JATI,TPS 3,2019-10-25 17:00:05,128,20,306,149,149,148,1,https://pemilu2019.kpu.go.id/img/c/900/049/900049951/1-11862-3-C-XXX-X5.jpg,https://pemilu2019.kpu.go.id/img/c/900/049/900049951/1-11862-3-C-XXX-X6.jpg
6728117431185911862900049952,SUMATERA UTARA,KOTA MEDAN,MEDAN MAIMUN,JATI,TPS 4,2019-10-25 17:00:05,100,55,290,155,155,155,0,https://pemilu2019.kpu.go.id/img/c/900/049/900049952/1-11862-4-C1-PPWP-X1.jpg,https://pemilu2019.kpu.go.id/img/c/900/049/900049952/1-11862-4-C1-PPWP-X2.jpg
6728117431185911862900049953,SUMATERA UTARA,KOTA MEDAN,MEDAN MAIMUN,JATI,TPS 5,2019-10-25 17:00:05,103,75,289,178,178,178,0,https://pemilu2019.kpu.go.id/img/c/900/049/900049953/1-11862-5-C-XXX-X5.jpg,https://pemilu2019.kpu.go.id/img/c/900/049/900049953/1-11862-5-C-XXX-X6.jpg
6728117431185911865900050003,SUMATERA UTARA,KOTA MEDAN,MEDAN MAIMUN,KAMPUNG BARU,TPS 01,2019-10-25 17:00:05,22,170,304,192,192,192,0,https://pemilu2019.kpu.go.id/img/c/900/050/900050003/1-11865-01-C-XXX-X5.jpg,https://pemilu2019.kpu.go.id/img/c/900/050/900050003/1-11865-01-C-XXX-X6.jpg
6728117431185911865900050004,SUMATERA UTARA,KOTA MEDAN,MEDAN MAIMUN,KAMPUNG BARU,TPS 02,2019-10-25 17:00:05,30,160,301,192,192,190,2,https://pemilu2019.kpu.go.id/img/c/900/050/900050004/1-11865-02-C-XXX-X5.jpg,https://pemilu2019.kpu.go.id/img/c/900/050/900050004/1-11865-02-C-XXX-X6.jpg
6728117431185911865900050005,SUMATERA UTARA,KOTA MEDAN,MEDAN MAIMUN,KAMPUNG BARU,TPS 03,2019-10-25 17:00:05,37,148,306,188,188,185,3,https://pemilu2019.kpu.go.id/img/c/900/050/900050005/1-11865-03-C1-PPWP-X1.jpg,https://pemilu2019.kpu.go.id/img/c/900/050/900050005/1-11865-03-C1-PPWP-X2.jpg
6728117431185911865900050006,SUMATERA UTARA,KOTA MEDAN,MEDAN MAIMUN,KAMPUNG BARU,TPS 04,2019-10-25 17:00:05,74,91,299,166,166,165,1,https://pemilu2019.kpu.go.id/img/c/900/050/900050006/1-11865-04-C1-PPWP-X1.jpg,https://pemilu2019.kpu.go.id/img/c/900/050/900050006/1-11865-04-C1-PPWP-X2.jpg
6728117431185911865900050007,SUMATERA UTARA,KOTA MEDAN,MEDAN MAIMUN,KAMPUNG BARU,TPS 05,2019-10-25 17:00:05,126,27,299,156,156,153,3,https://pemilu2019.kpu.go.id/img/c/900/050/900050007/1-11865-05-C1-PPWP-X1.jpg,https://pemilu2019.kpu.go.id/img/c/900/050/900050007/1-11865-05-C1-PPWP-X2.jpg
6728117431185911865900050008,SUMATERA UTARA,KOTA MEDAN,MEDAN MAIMUN,KAMPUNG BARU,TPS 06,2019-10-25 17:00:05,80,97,306,180,180,177,3,https://pemilu2019.kpu.go.id/img/c/900/050/900050008/1-11865-06-C1-PPWP-X1.jpg,https://pemilu2019.kpu.go.id/img/c/900/050/900050008/1-11865-06-C1-PPWP-X2.jpg
6728117431185911865900050009,SUMATERA UTARA,KOTA MEDAN,MEDAN MAIMUN,KAMPUNG BARU,TPS 07,2019-10-25 17:00:05,60,117,293,178,178,177,1,https://pemilu2019.kpu.go.id/img/c/900/050/900050009/2-11865-07-C-XXX-X5.jpg,https://pemilu2019.kpu.go.id/img/c/900/050/900050009/2-11865-07-C-XXX-X6.jpg
6728117431185911865900050010,SUMATERA UTARA,KOTA MEDAN,MEDAN MAIMUN,KAMPUNG BARU,TPS 08,2019-10-25 17:00:05,46,107,308,154,154,153,1,https://pemilu2019.kpu.go.id/img/c/900/050/900050010/1-11865-08-C1-PPWP-X1.jpg,https://pemilu2019.kpu.go.id/img/c/900/050/900050010/1-11865-08-C1-PPWP-X2.jpg
6728117431185911865900050011,SUMATERA UTARA,KOTA MEDAN,MEDAN MAIMUN,KAMPUNG BARU,TPS 09,2019-10-25 17:00:05,57,129,305,188,188,186,2,https://pemilu2019.kpu.go.id/img/c/900/050/900050011/1-11865-09-C-XXX-X5.jpg,https://pemilu2019.kpu.go.id/img/c/900/050/900050011/1-11865-09-C-XXX-X6.jpg
6728117431185911865900050012,SUMATERA UTARA,KOTA MEDAN,MEDAN MAIMUN,KAMPUNG BARU,TPS 10,2019-10-25 17:00:05,70,90,294,163,163,160,3,https://pemilu2019.kpu.go.id/img/c/900/050/900050012/1-11865-10-C-XXX-X5.jpg,https://pemilu2019.kpu.go.id/img/c/900/050/900050012/1-11865-10-C-XXX-X6.jpg
6728117431185911865900050013,SUMATERA UTARA,KOTA MEDAN,MEDAN MAIMUN,KAMPUNG BARU,TPS 11,2019-10-25 17:00:05,64,82,282,146,146,146,0,https://pemilu2019.kpu.go.id/img/c/900/050/900050013/1-11865-11-C1-PPWP-X1.jpg,https://pemilu2019.kpu.go.id/img/c/900/050/900050013/1-11865-11-C1-PPWP-X2.jpg
6728117431185911865900050014,SUMATERA UTARA,KOTA MEDAN,MEDAN MAIMUN,KAMPUNG BARU,TPS 12,2019-10-25 17:00:05,84,73,300,159,159,157,2,https://pemilu2019.kpu.go.id/img/c/900/050/900050014/1-11865-12-C1-PPWP-X1.jpg,https://pemilu2019.kpu.go.id/img/c/900/050/900050014/1-11865-12-C1-PPWP-X2.jpg
6728117431185911865900050015,SUMATERA UTARA,KOTA MEDAN,MEDAN MAIMUN,KAMPUNG BARU,TPS 13,2019-10-25 17:00:05,36,152,283,189,189,188,1,https://pemilu2019.kpu.go.id/img/c/900/050/900050015/11865-13-C-XXX-X5.jpg,https://pemilu2019.kpu.go.id/img/c/900/050/900050015/11865-13-C-XXX-X6.jpg
6728117431185911865900050016,SUMATERA UTARA,KOTA MEDAN,MEDAN MAIMUN,KAMPUNG BARU,TPS 14,2019-10-25 17:00:05,32,150,280,182,182,182,0,https://pemilu2019.kpu.go.id/img/c/900/050/900050016/1-11865-14-C-XXX-X5.jpg,https://pemilu2019.kpu.go.id/img/c/900/050/900050016/1-11865-14-C-XXX-X6.jpg
6728117431185911865900050017,SUMATERA UTARA,KOTA MEDAN,MEDAN MAIMUN,KAMPUNG BARU,TPS 15,2019-10-25 17:00:05,31,115,280,146,150,146,4,https://pemilu2019.kpu.go.id/img/c/900/050/900050017/1-11865-15-C1-PPWP-X1.jpg,https://pemilu2019.kpu.go.id/img/c/900/050/900050017/1-11865-15-C1-PPWP-X2.jpg
6728117431185911865900050018,SUMATERA UTARA,KOTA MEDAN,MEDAN MAIMUN,KAMPUNG BARU,TPS 16,2019-10-25 17:00:05,36,119,267,156,156,155,1,https://pemilu2019.kpu.go.id/img/c/900/050/900050018/1-11865-16-C-XXX-X5.jpg,https://pemilu2019.kpu.go.id/img/c/900/050/900050018/1-11865-16-C-XXX-X6.jpg
6728117431185911865900050019,SUMATERA UTARA,KOTA MEDAN,MEDAN MAIMUN,KAMPUNG BARU,TPS 17,2019-10-25 17:00:05,46,106,270,153,153,152,1,https://pemilu2019.kpu.go.id/img/c/900/050/900050019/11865-17-C-XXX-X5.jpg,https://pemilu2019.kpu.go.id/img/c/900/050/900050019/11865-17-C-XXX-X6.jpg
6728117431185911865900050020,SUMATERA UTARA,KOTA MEDAN,MEDAN MAIMUN,KAMPUNG BARU,TPS 18,2019-10-25 17:00:05,46,77,310,125,125,123,2,https://pemilu2019.kpu.go.id/img/c/900/050/900050020/1-11865-18-C1-PPWP-X1.jpg,https://pemilu2019.kpu.go.id/img/c/900/050/900050020/1-11865-18-C1-PPWP-X2.jpg
6728117431185911865900050021,SUMATERA UTARA,KOTA MEDAN,MEDAN MAIMUN,KAMPUNG BARU,TPS 19,2019-10-25 17:00:05,47,146,300,196,196,193,3,https://pemilu2019.kpu.go.id/img/c/900/050/900050021/11865-19-C-XXX-X5.jpg,https://pemilu2019.kpu.go.id/img/c/900/050/900050021/11865-19-C-XXX-X6.jpg
6728117431185911865900050022,SUMATERA UTARA,KOTA MEDAN,MEDAN MAIMUN,KAMPUNG BARU,TPS 20,2019-10-25 17:00:05,53,151,314,206,206,204,2,https://pemilu2019.kpu.go.id/img/c/900/050/900050022/1-11865-20-C-XXX-X5.jpg,https://pemilu2019.kpu.go.id/img/c/900/050/900050022/1-11865-20-C-XXX-X6.jpg
6728117431185911865900050023,SUMATERA UTARA,KOTA MEDAN,MEDAN MAIMUN,KAMPUNG BARU,TPS 21,2019-10-25 17:00:05,49,130,297,181,179,179,0,https://pemilu2019.kpu.go.id/img/c/900/050/900050023/1-11865-21-C1-PPWP-X1.jpg,https://pemilu2019.kpu.go.id/img/c/900/050/900050023/1-11865-21-C1-PPWP-X2.jpg
6728117431185911865900050024,SUMATERA UTARA,KOTA MEDAN,MEDAN MAIMUN,KAMPUNG BARU,TPS 22,2019-10-25 17:00:05,28,113,298,141,141,141,0,https://pemilu2019.kpu.go.id/img/c/900/050/900050024/3-11865-22-C1-PPWP-X1.jpg,https://pemilu2019.kpu.go.id/img/c/900/050/900050024/3-11865-22-C1-PPWP-X2.jpg
6728117431185911865900050025,SUMATERA UTARA,KOTA MEDAN,MEDAN MAIMUN,KAMPUNG BARU,TPS 23,2019-10-25 17:00:05,70,69,296,141,141,139,2,https://pemilu2019.kpu.go.id/img/c/900/050/900050025/1-11865-23-C-XXX-X5.jpg,https://pemilu2019.kpu.go.id/img/c/900/050/900050025/1-11865-23-C-XXX-X6.jpg
6728117431185911865900050026,SUMATERA UTARA,KOTA MEDAN,MEDAN MAIMUN,KAMPUNG BARU,TPS 24,2019-10-25 17:00:05,73,134,296,207,210,207,3,https://pemilu2019.kpu.go.id/img/c/900/050/900050026/1-11865-24-C1-PPWP-X1.jpg,https://pemilu2019.kpu.go.id/img/c/900/050/900050026/1-11865-24-C1-PPWP-X2.jpg
6728117431185911865900050027,SUMATERA UTARA,KOTA MEDAN,MEDAN MAIMUN,KAMPUNG BARU,TPS 25,2019-10-25 17:00:05,74,108,292,182,182,182,0,https://pemilu2019.kpu.go.id/img/c/900/050/900050027/1-11865-25-C1-PPWP-X1.jpg,https://pemilu2019.kpu.go.id/img/c/900/050/900050027/1-11865-25-C1-PPWP-X2.jpg
6728117431185911865900050028,SUMATERA UTARA,KOTA MEDAN,MEDAN MAIMUN,KAMPUNG BARU,TPS 26,2019-10-25 17:00:05,35,89,300,126,126,124,2,https://pemilu2019.kpu.go.id/img/c/900/050/900050028/1-11865-26-C1-PPWP-X1.jpg,https://pemilu2019.kpu.go.id/img/c/900/050/900050028/1-11865-26-C1-PPWP-X2.jpg
6728117431185911865900050029,SUMATERA UTARA,KOTA MEDAN,MEDAN MAIMUN,KAMPUNG BARU,TPS 27,2019-10-25 17:00:05,141,26,290,169,169,167,2,https://pemilu2019.kpu.go.id/img/c/900/050/900050029/1-11865-27-C1-PPWP-X1.jpg,https://pemilu2019.kpu.go.id/img/c/900/050/900050029/1-11865-27-C1-PPWP-X2.jpg
6728117431185911865900050030,SUMATERA UTARA,KOTA MEDAN,MEDAN MAIMUN,KAMPUNG BARU,TPS 28,2019-10-25 17:00:05,121,73,0,195,195,194,1,https://pemilu2019.kpu.go.id/img/c/900/050/900050030/1-11865-28-C-XXX-X5.jpg,https://pemilu2019.kpu.go.id/img/c/900/050/900050030/1-11865-28-C-XXX-X6.jpg
6728117431185911865900050031,SUMATERA UTARA,KOTA MEDAN,MEDAN MAIMUN,KAMPUNG BARU,TPS 29,2019-10-25 17:00:05,20,158,305,178,178,178,0,https://pemilu2019.kpu.go.id/img/c/900/050/900050031/1-11865-29-C-XXX-X5.jpg,https://pemilu2019.kpu.go.id/img/c/900/050/900050031/1-11865-29-C-XXX-X6.jpg
6728117431185911865900050032,SUMATERA UTARA,KOTA MEDAN,MEDAN MAIMUN,KAMPUNG BARU,TPS 30,2019-10-25 17:00:05,19,168,280,187,277,187,90,https://pemilu2019.kpu.go.id/img/c/900/050/900050032/1-11865-30-C1-PPWP-X1.jpg,https://pemilu2019.kpu.go.id/img/c/900/050/900050032/1-11865-30-C1-PPWP-X2.jpg
6728117431185911865900050033,SUMATERA UTARA,KOTA MEDAN,MEDAN MAIMUN,KAMPUNG BARU,TPS 31,2019-10-25 17:00:05,12,147,261,160,160,159,1,https://pemilu2019.kpu.go.id/img/c/900/050/900050033/1-11865-31-C1-PPWP-X1.jpg,https://pemilu2019.kpu.go.id/img/c/900/050/900050033/1-11865-31-C1-PPWP-X2.jpg
6728117431185911865900050034,SUMATERA UTARA,KOTA MEDAN,MEDAN MAIMUN,KAMPUNG BARU,TPS 32,2019-10-25 17:00:05,47,130,291,179,179,177,2,https://pemilu2019.kpu.go.id/img/c/900/050/900050034/1-11865-32-C-XXX-X5.jpg,https://pemilu2019.kpu.go.id/img/c/900/050/900050034/1-11865-32-C-XXX-X6.jpg
6728117431185911865900050035,SUMATERA UTARA,KOTA MEDAN,MEDAN MAIMUN,KAMPUNG BARU,TPS 33,2019-10-25 17:00:05,76,74,306,152,152,150,2,https://pemilu2019.kpu.go.id/img/c/900/050/900050035/1-11865-33-C1-PPWP-X1.jpg,https://pemilu2019.kpu.go.id/img/c/900/050/900050035/1-11865-33-C1-PPWP-X2.jpg
6728117431185911865900050036,SUMATERA UTARA,KOTA MEDAN,MEDAN MAIMUN,KAMPUNG BARU,TPS 34,2019-10-25 17:00:05,61,106,296,168,168,167,1,https://pemilu2019.kpu.go.id/img/c/900/050/900050036/1-11865-34-C1-PPWP-X1.jpg,https://pemilu2019.kpu.go.id/img/c/900/050/900050036/1-11865-34-C1-PPWP-X2.jpg
6728117431185911865900050037,SUMATERA UTARA,KOTA MEDAN,MEDAN MAIMUN,KAMPUNG BARU,TPS 35,2019-10-25 17:00:05,182,9,322,194,195,191,4,https://pemilu2019.kpu.go.id/img/c/900/050/900050037/1-11865-35-C1-PPWP-X1.jpg,https://pemilu2019.kpu.go.id/img/c/900/050/900050037/1-11865-35-C1-PPWP-X2.jpg
6728117431185911865900050038,SUMATERA UTARA,KOTA MEDAN,MEDAN MAIMUN,KAMPUNG BARU,TPS 36,2019-10-25 17:00:05,61,105,300,167,167,166,1,https://pemilu2019.kpu.go.id/img/c/900/050/900050038/1-11865-36-C-XXX-X5.jpg,https://pemilu2019.kpu.go.id/img/c/900/050/900050038/1-11865-36-C-XXX-X6.jpg
6728117431185911865900050039,SUMATERA UTARA,KOTA MEDAN,MEDAN MAIMUN,KAMPUNG BARU,TPS 37,2019-10-25 17:00:05,53,135,298,188,188,188,0,https://pemilu2019.kpu.go.id/img/c/900/050/900050039/1-11865-37-C1-PPWP-X1.jpg,https://pemilu2019.kpu.go.id/img/c/900/050/900050039/1-11865-37-C1-PPWP-X2.jpg
6728117431185911865900050040,SUMATERA UTARA,KOTA MEDAN,MEDAN MAIMUN,KAMPUNG BARU,TPS 38,2019-10-25 17:00:05,54,132,295,188,188,186,2,https://pemilu2019.kpu.go.id/img/c/900/050/900050040/1-11865-38-C-XXX-X5.jpg,https://pemilu2019.kpu.go.id/img/c/900/050/900050040/1-11865-38-C-XXX-X6.jpg
6728117431185911865900050041,SUMATERA UTARA,KOTA MEDAN,MEDAN MAIMUN,KAMPUNG BARU,TPS 39,2019-10-25 17:00:05,59,134,293,196,196,193,3,https://pemilu2019.kpu.go.id/img/c/900/050/900050041/1-11865-39-C1-PPWP-X1.jpg,https://pemilu2019.kpu.go.id/img/c/900/050/900050041/1-11865-39-C1-PPWP-X2.jpg
6728117431185911865900050042,SUMATERA UTARA,KOTA MEDAN,MEDAN MAIMUN,KAMPUNG BARU,TPS 40,2019-10-25 17:00:05,48,168,299,216,216,216,0,https://pemilu2019.kpu.go.id/img/c/900/050/900050042/1-11865-40-C1-PPWP-X1.jpg,https://pemilu2019.kpu.go.id/img/c/900/050/900050042/1-11865-40-C1-PPWP-X2.jpg
6728117431185911865900050043,SUMATERA UTARA,KOTA MEDAN,MEDAN MAIMUN,KAMPUNG BARU,TPS 41,2019-10-25 17:00:05,10,131,246,142,142,141,1,https://pemilu2019.kpu.go.id/img/c/900/050/900050043/1-11865-41-C1-PPWP-X1.jpg,https://pemilu2019.kpu.go.id/img/c/900/050/900050043/1-11865-41-C1-PPWP-X2.jpg
6728117431185911865900050044,SUMATERA UTARA,KOTA MEDAN,MEDAN MAIMUN,KAMPUNG BARU,TPS 42,2019-10-25 17:00:05,42,146,304,188,188,188,0,https://pemilu2019.kpu.go.id/img/c/900/050/900050044/1-11865-42-C1-PPWP-X1.jpg,https://pemilu2019.kpu.go.id/img/c/900/050/900050044/1-11865-42-C1-PPWP-X2.jpg
6728117431185911865900050045,SUMATERA UTARA,KOTA MEDAN,MEDAN MAIMUN,KAMPUNG BARU,TPS 43,2019-10-25 17:00:05,39,132,307,172,172,171,1,https://pemilu2019.kpu.go.id/img/c/900/050/900050045/1-11865-43-C1-PPWP-X1.jpg,https://pemilu2019.kpu.go.id/img/c/900/050/900050045/1-11865-43-C1-PPWP-X2.jpg
6728117431185911865900050046,SUMATERA UTARA,KOTA MEDAN,MEDAN MAIMUN,KAMPUNG BARU,TPS 44,2019-10-25 17:00:05,41,115,302,156,156,156,0,https://pemilu2019.kpu.go.id/img/c/900/050/900050046/1-11865-44-C1-PPWP-X1.jpg,https://pemilu2019.kpu.go.id/img/c/900/050/900050046/1-11865-44-C1-PPWP-X2.jpg
6728117431185911865900050047,SUMATERA UTARA,KOTA MEDAN,MEDAN MAIMUN,KAMPUNG BARU,TPS 45,2019-10-25 17:00:05,59,138,303,197,197,197,0,https://pemilu2019.kpu.go.id/img/c/900/050/900050047/1-11865-45-C-XXX-X5.jpg,https://pemilu2019.kpu.go.id/img/c/900/050/900050047/1-11865-45-C-XXX-X6.jpg
6728117431185911865900050048,SUMATERA UTARA,KOTA MEDAN,MEDAN MAIMUN,KAMPUNG BARU,TPS 46,2019-10-25 17:00:05,43,135,297,181,181,178,3,https://pemilu2019.kpu.go.id/img/c/900/050/900050048/1-11865-46-C-XXX-X5.jpg,https://pemilu2019.kpu.go.id/img/c/900/050/900050048/1-11865-46-C-XXX-X6.jpg
6728117431185911865900050049,SUMATERA UTARA,KOTA MEDAN,MEDAN MAIMUN,KAMPUNG BARU,TPS 47,2019-10-25 17:00:05,45,105,260,152,152,150,2,https://pemilu2019.kpu.go.id/img/c/900/050/900050049/1-11865-47-C1-PPWP-X1.jpg,https://pemilu2019.kpu.go.id/img/c/900/050/900050049/1-11865-47-C1-PPWP-X2.jpg
6728117431185911865900050050,SUMATERA UTARA,KOTA MEDAN,MEDAN MAIMUN,KAMPUNG BARU,TPS 48,2019-10-25 17:00:05,94,84,281,179,179,172,1,https://pemilu2019.kpu.go.id/img/c/900/050/900050050/1-11865-48-C1-PPWP-X1.jpg,https://pemilu2019.kpu.go.id/img/c/900/050/900050050/1-11865-48-C1-PPWP-X2.jpg
6728117431185911865900050051,SUMATERA UTARA,KOTA MEDAN,MEDAN MAIMUN,KAMPUNG BARU,TPS 49,2019-10-25 17:00:05,84,66,295,151,151,150,1,https://pemilu2019.kpu.go.id/img/c/900/050/900050051/1-11865-49-C1-PPWP-X1.jpg,https://pemilu2019.kpu.go.id/img/c/900/050/900050051/1-11865-49-C1-PPWP-X2.jpg
6728117431185911865900050052,SUMATERA UTARA,KOTA MEDAN,MEDAN MAIMUN,KAMPUNG BARU,TPS 50,2019-10-25 17:00:05,41,140,0,181,181,181,0,https://pemilu2019.kpu.go.id/img/c/900/050/900050052/1-11865-50-C1-PPWP-X1.jpg,https://pemilu2019.kpu.go.id/img/c/900/050/900050052/1-11865-50-C1-PPWP-X2.jpg
6728117431185911865900050053,SUMATERA UTARA,KOTA MEDAN,MEDAN MAIMUN,KAMPUNG BARU,TPS 51,2019-10-25 17:00:05,15,135,150,280,150,150,0,https://pemilu2019.kpu.go.id/img/c/900/050/900050053/1-11865-51-C1-PPWP-X1.jpg,https://pemilu2019.kpu.go.id/img/c/900/050/900050053/1-11865-51-C1-PPWP-X2.jpg
6728117431185911865900050054,SUMATERA UTARA,KOTA MEDAN,MEDAN MAIMUN,KAMPUNG BARU,TPS 52,2019-10-25 17:00:05,58,108,299,167,167,166,1,https://pemilu2019.kpu.go.id/img/c/900/050/900050054/1-11865-52-C1-PPWP-X1.jpg,https://pemilu2019.kpu.go.id/img/c/900/050/900050054/1-11865-52-C1-PPWP-X2.jpg
6728117431185911865900050055,SUMATERA UTARA,KOTA MEDAN,MEDAN MAIMUN,KAMPUNG BARU,TPS 53,2019-10-25 17:00:05,19,134,153,153,153,153,0,https://pemilu2019.kpu.go.id/img/c/900/050/900050055/1-11865-53-C-XXX-X5.jpg,https://pemilu2019.kpu.go.id/img/c/900/050/900050055/1-11865-53-C-XXX-X6.jpg
6728117431185911865900050056,SUMATERA UTARA,KOTA MEDAN,MEDAN MAIMUN,KAMPUNG BARU,TPS 54,2019-10-25 17:00:05,117,6,207,123,123,123,0,https://pemilu2019.kpu.go.id/img/c/900/050/900050056/11865-54-C-XXX-X5.jpg,https://pemilu2019.kpu.go.id/img/c/900/050/900050056/11865-54-C-XXX-X6.jpg
6728117431185911865900050057,SUMATERA UTARA,KOTA MEDAN,MEDAN MAIMUN,KAMPUNG BARU,TPS 55,2019-10-25 17:00:05,30,95,223,126,126,125,1,https://pemilu2019.kpu.go.id/img/c/900/050/900050057/11865-55-C-XXX-X5.jpg,https://pemilu2019.kpu.go.id/img/c/900/050/900050057/11865-55-C-XXX-X6.jpg
6728117431185911865900050058,SUMATERA UTARA,KOTA MEDAN,MEDAN MAIMUN,KAMPUNG BARU,TPS 56,2019-10-25 17:00:05,67,100,0,168,168,167,1,https://pemilu2019.kpu.go.id/img/c/900/050/900050058/1-11865-56-C1-PPWP-X1.jpg,https://pemilu2019.kpu.go.id/img/c/900/050/900050058/1-11865-56-C1-PPWP-X2.jpg
6728117431185911865900050059,SUMATERA UTARA,KOTA MEDAN,MEDAN MAIMUN,KAMPUNG BARU,TPS 57,2019-10-25 17:00:05,50,51,282,102,0,101,1,https://pemilu2019.kpu.go.id/img/c/900/050/900050059/1-11865-57-C-XXX-X5.jpg,https://pemilu2019.kpu.go.id/img/c/900/050/900050059/1-11865-57-C-XXX-X6.jpg
6728117431185911865900050060,SUMATERA UTARA,KOTA MEDAN,MEDAN MAIMUN,KAMPUNG BARU,TPS 58,2019-10-25 17:00:05,59,133,290,194,194,192,2,https://pemilu2019.kpu.go.id/img/c/900/050/900050060/1-11865-58-C-XXX-X5.jpg,https://pemilu2019.kpu.go.id/img/c/900/050/900050060/1-11865-58-C-XXX-X6.jpg
6728117431185911865900050061,SUMATERA UTARA,KOTA MEDAN,MEDAN MAIMUN,KAMPUNG BARU,TPS 59,2019-10-25 17:00:05,52,124,301,177,177,176,1,https://pemilu2019.kpu.go.id/img/c/900/050/900050061/1-11865-59-C-XXX-X5.jpg,https://pemilu2019.kpu.go.id/img/c/900/050/900050061/1-11865-59-C-XXX-X6.jpg
6728117431185911865900050062,SUMATERA UTARA,KOTA MEDAN,MEDAN MAIMUN,KAMPUNG BARU,TPS 60,2019-10-25 17:00:05,47,139,299,186,186,186,0,https://pemilu2019.kpu.go.id/img/c/900/050/900050062/1-11865-60-C-XXX-X5.jpg,https://pemilu2019.kpu.go.id/img/c/900/050/900050062/1-11865-60-C-XXX-X6.jpg
6728117431185911865900050063,SUMATERA UTARA,KOTA MEDAN,MEDAN MAIMUN,KAMPUNG BARU,TPS 61,2019-10-25 17:00:05,31,178,313,209,209,209,0,https://pemilu2019.kpu.go.id/img/c/900/050/900050063/1-11865-61-C-XXX-X5.jpg,https://pemilu2019.kpu.go.id/img/c/900/050/900050063/1-11865-61-C-XXX-X6.jpg
6728117431185911865900050064,SUMATERA UTARA,KOTA MEDAN,MEDAN MAIMUN,KAMPUNG BARU,TPS 62,2019-10-25 17:00:05,36,152,298,188,188,188,0,https://pemilu2019.kpu.go.id/img/c/900/050/900050064/1-11865-62-C1-PPWP-X1.jpg,https://pemilu2019.kpu.go.id/img/c/900/050/900050064/1-11865-62-C1-PPWP-X2.jpg
6728117431185911865900050065,SUMATERA UTARA,KOTA MEDAN,MEDAN MAIMUN,KAMPUNG BARU,TPS 63,2019-10-25 17:00:05,46,94,311,121,143,140,3,https://pemilu2019.kpu.go.id/img/c/900/050/900050065/1-11865-63-C1-PPWP-X1.jpg,https://pemilu2019.kpu.go.id/img/c/900/050/900050065/1-11865-63-C1-PPWP-X2.jpg
6728117431185911865900050066,SUMATERA UTARA,KOTA MEDAN,MEDAN MAIMUN,KAMPUNG BARU,TPS 64,2019-10-25 17:00:05,24,109,218,136,136,133,3,https://pemilu2019.kpu.go.id/img/c/900/050/900050066/1-11865-64-C1-PPWP-X1.jpg,https://pemilu2019.kpu.go.id/img/c/900/050/900050066/1-11865-64-C1-PPWP-X2.jpg
6728117431185911864900049969,SUMATERA UTARA,KOTA MEDAN,MEDAN MAIMUN,SEI MATI,TPS 01,2019-10-25 17:00:05,58,129,305,188,188,187,1,https://pemilu2019.kpu.go.id/img/c/900/049/900049969/1-11864-01-C-XXX-X5.jpg,https://pemilu2019.kpu.go.id/img/c/900/049/900049969/1-11864-01-C-XXX-X6.jpg
6728117431185911864900049970,SUMATERA UTARA,KOTA MEDAN,MEDAN MAIMUN,SEI MATI,TPS 02,2019-10-25 17:00:05,52,117,306,170,170,169,1,https://pemilu2019.kpu.go.id/img/c/900/049/900049970/2-11864-02-C1-PPWP-X1.jpg,https://pemilu2019.kpu.go.id/img/c/900/049/900049970/2-11864-02-C1-PPWP-X2.jpg
6728117431185911864900049971,SUMATERA UTARA,KOTA MEDAN,MEDAN MAIMUN,SEI MATI,TPS 03,2019-10-25 17:00:05,21,107,282,130,130,128,2,https://pemilu2019.kpu.go.id/img/c/900/049/900049971/2-11864-03-C1-PPWP-X1.jpg,https://pemilu2019.kpu.go.id/img/c/900/049/900049971/2-11864-03-C1-PPWP-X2.jpg
6728117431185911864900049972,SUMATERA UTARA,KOTA MEDAN,MEDAN MAIMUN,SEI MATI,TPS 04,2019-10-25 17:00:05,34,118,248,153,153,152,1,https://pemilu2019.kpu.go.id/img/c/900/049/900049972/1-11864-04-C1-PPWP-X1.jpg,https://pemilu2019.kpu.go.id/img/c/900/049/900049972/1-11864-04-C1-PPWP-X2.jpg
6728117431185911864900049973,SUMATERA UTARA,KOTA MEDAN,MEDAN MAIMUN,SEI MATI,TPS 05,2019-10-25 17:00:05,27,138,257,166,166,1,165,https://pemilu2019.kpu.go.id/img/c/900/049/900049973/1-11864-05-C-XXX-X5.jpg,https://pemilu2019.kpu.go.id/img/c/900/049/900049973/1-11864-05-C-XXX-X6.jpg
6728117431185911864900049974,SUMATERA UTARA,KOTA MEDAN,MEDAN MAIMUN,SEI MATI,TPS 06,2019-10-25 17:00:05,12,150,270,165,165,162,3,https://pemilu2019.kpu.go.id/img/c/900/049/900049974/1-11864-06-C-XXX-X5.jpg,https://pemilu2019.kpu.go.id/img/c/900/049/900049974/1-11864-06-C-XXX-X6.jpg
6728117431185911864900049975,SUMATERA UTARA,KOTA MEDAN,MEDAN MAIMUN,SEI MATI,TPS 07,2019-10-25 17:00:05,36,168,293,205,0,204,1,https://pemilu2019.kpu.go.id/img/c/900/049/900049975/1-11864-07-C-XXX-X5.jpg,https://pemilu2019.kpu.go.id/img/c/900/049/900049975/1-11864-07-C-XXX-X6.jpg
6728117431185911864900049976,SUMATERA UTARA,KOTA MEDAN,MEDAN MAIMUN,SEI MATI,TPS 08,2019-10-25 17:00:05,28,180,267,212,212,208,4,https://pemilu2019.kpu.go.id/img/c/900/049/900049976/1-11864-08-C-XXX-X5.jpg,https://pemilu2019.kpu.go.id/img/c/900/049/900049976/1-11864-08-C-XXX-X6.jpg
6728117431185911864900049977,SUMATERA UTARA,KOTA MEDAN,MEDAN MAIMUN,SEI MATI,TPS 09,2019-10-25 17:00:05,15,188,263,209,209,203,6,https://pemilu2019.kpu.go.id/img/c/900/049/900049977/1-11864-09-C-XXX-X5.jpg,https://pemilu2019.kpu.go.id/img/c/900/049/900049977/1-11864-09-C-XXX-X6.jpg
6728117431185911864900049978,SUMATERA UTARA,KOTA MEDAN,MEDAN MAIMUN,SEI MATI,TPS 10,2019-10-25 17:00:05,24,153,277,177,177,177,0,https://pemilu2019.kpu.go.id/img/c/900/049/900049978/1-11864-10-C-XXX-X5.jpg,https://pemilu2019.kpu.go.id/img/c/900/049/900049978/1-11864-10-C-XXX-X6.jpg
6728117431185911864900049979,SUMATERA UTARA,KOTA MEDAN,MEDAN MAIMUN,SEI MATI,TPS 11,2019-10-25 17:00:05,37,149,299,187,187,186,1,https://pemilu2019.kpu.go.id/img/c/900/049/900049979/11864-11-C-XXX-X5.jpg,https://pemilu2019.kpu.go.id/img/c/900/049/900049979/11864-11-C-XXX-X6.jpg
6728117431185911864900049980,SUMATERA UTARA,KOTA MEDAN,MEDAN MAIMUN,SEI MATI,TPS 12,2019-10-25 17:00:05,21,167,254,188,188,188,0,https://pemilu2019.kpu.go.id/img/c/900/049/900049980/11864-12-C-XXX-X5.jpg,https://pemilu2019.kpu.go.id/img/c/900/049/900049980/11864-12-C-XXX-X6.jpg
6728117431185911864900049981,SUMATERA UTARA,KOTA MEDAN,MEDAN MAIMUN,SEI MATI,TPS 13,2019-10-25 17:00:05,67,76,222,144,144,143,1,https://pemilu2019.kpu.go.id/img/c/900/049/900049981/11864-13-C-XXX-X5.jpg,https://pemilu2019.kpu.go.id/img/c/900/049/900049981/11864-13-C-XXX-X6.jpg
6728117431185911864900049982,SUMATERA UTARA,KOTA MEDAN,MEDAN MAIMUN,SEI MATI,TPS 14,2019-10-25 17:00:05,125,40,318,165,165,165,0,https://pemilu2019.kpu.go.id/img/c/900/049/900049982/1-11864-14-C-XXX-X5.jpg,https://pemilu2019.kpu.go.id/img/c/900/049/900049982/1-11864-14-C-XXX-X6.jpg
6728117431185911864900049983,SUMATERA UTARA,KOTA MEDAN,MEDAN MAIMUN,SEI MATI,TPS 15,2019-10-25 17:00:05,33,150,318,183,183,183,0,https://pemilu2019.kpu.go.id/img/c/900/049/900049983/1-11864-15-C-XXX-X5.jpg,https://pemilu2019.kpu.go.id/img/c/900/049/900049983/1-11864-15-C-XXX-X6.jpg
6728117431185911864900049984,SUMATERA UTARA,KOTA MEDAN,MEDAN MAIMUN,SEI MATI,TPS 16,2019-10-25 17:00:05,29,128,299,157,157,157,0,https://pemilu2019.kpu.go.id/img/c/900/049/900049984/1-11864-16-C-XXX-X5.jpg,https://pemilu2019.kpu.go.id/img/c/900/049/900049984/1-11864-16-C-XXX-X6.jpg
6728117431185911864900049985,SUMATERA UTARA,KOTA MEDAN,MEDAN MAIMUN,SEI MATI,TPS 17,2019-10-25 17:00:05,40,150,297,193,193,190,3,https://pemilu2019.kpu.go.id/img/c/900/049/900049985/1-11864-17-C-XXX-X5.jpg,https://pemilu2019.kpu.go.id/img/c/900/049/900049985/1-11864-17-C-XXX-X6.jpg
6728117431185911864900049986,SUMATERA UTARA,KOTA MEDAN,MEDAN MAIMUN,SEI MATI,TPS 18,2019-10-25 17:00:05,20,156,284,176,176,176,0,https://pemilu2019.kpu.go.id/img/c/900/049/900049986/1-11864-18-C1-PPWP-X1.jpg,https://pemilu2019.kpu.go.id/img/c/900/049/900049986/1-11864-18-C1-PPWP-X2.jpg
6728117431185911864900049987,SUMATERA UTARA,KOTA MEDAN,MEDAN MAIMUN,SEI MATI,TPS 19,2019-10-25 17:00:05,50,124,276,179,179,174,5,https://pemilu2019.kpu.go.id/img/c/900/049/900049987/1-11864-19-C-XXX-X5.jpg,https://pemilu2019.kpu.go.id/img/c/900/049/900049987/1-11864-19-C-XXX-X6.jpg
6728117431185911864900049988,SUMATERA UTARA,KOTA MEDAN,MEDAN MAIMUN,SEI MATI,TPS 20,2019-10-25 17:00:05,43,147,280,191,191,190,1,https://pemilu2019.kpu.go.id/img/c/900/049/900049988/1-11864-20-C1-PPWP-X1.jpg,https://pemilu2019.kpu.go.id/img/c/900/049/900049988/1-11864-20-C1-PPWP-X2.jpg
6728117431185911864900049989,SUMATERA UTARA,KOTA MEDAN,MEDAN MAIMUN,SEI MATI,TPS 21,2019-10-25 17:00:05,41,102,253,144,144,144,1,https://pemilu2019.kpu.go.id/img/c/900/049/900049989/1-11864-21-C1-PPWP-X1.jpg,https://pemilu2019.kpu.go.id/img/c/900/049/900049989/1-11864-21-C1-PPWP-X2.jpg
6728117431185911864900049990,SUMATERA UTARA,KOTA MEDAN,MEDAN MAIMUN,SEI MATI,TPS 22,2019-10-25 17:00:05,16,114,239,130,130,130,0,https://pemilu2019.kpu.go.id/img/c/900/049/900049990/1-11864-22-C-XXX-X5.jpg,https://pemilu2019.kpu.go.id/img/c/900/049/900049990/1-11864-22-C-XXX-X6.jpg
6728117431185911864900049991,SUMATERA UTARA,KOTA MEDAN,MEDAN MAIMUN,SEI MATI,TPS 23,2019-10-25 17:00:05,44,73,269,117,117,117,0,https://pemilu2019.kpu.go.id/img/c/900/049/900049991/1-11864-23-C-XXX-X5.jpg,https://pemilu2019.kpu.go.id/img/c/900/049/900049991/1-11864-23-C-XXX-X6.jpg
6728117431185911864900049992,SUMATERA UTARA,KOTA MEDAN,MEDAN MAIMUN,SEI MATI,TPS 24,2019-10-25 17:00:05,164,16,291,183,183,180,3,https://pemilu2019.kpu.go.id/img/c/900/049/900049992/11864-24-C-XXX-X5.jpg,https://pemilu2019.kpu.go.id/img/c/900/049/900049992/11864-24-C-XXX-X6.jpg
6728117431185911864900049993,SUMATERA UTARA,KOTA MEDAN,MEDAN MAIMUN,SEI MATI,TPS 25,2019-10-25 17:00:05,44,129,244,174,174,173,1,https://pemilu2019.kpu.go.id/img/c/900/049/900049993/11864-25-C-XXX-X5.jpg,https://pemilu2019.kpu.go.id/img/c/900/049/900049993/11864-25-C-XXX-X6.jpg
6728117431185911864900049994,SUMATERA UTARA,KOTA MEDAN,MEDAN MAIMUN,SEI MATI,TPS 26,2019-10-25 17:00:05,40,97,237,137,137,137,0,https://pemilu2019.kpu.go.id/img/c/900/049/900049994/1-11864-26-C-XXX-X5.jpg,https://pemilu2019.kpu.go.id/img/c/900/049/900049994/1-11864-26-C-XXX-X6.jpg
6728117431185911864900049995,SUMATERA UTARA,KOTA MEDAN,MEDAN MAIMUN,SEI MATI,TPS 27,2019-10-25 17:00:05,13,154,261,168,169,168,1,https://pemilu2019.kpu.go.id/img/c/900/049/900049995/1-11864-27-C-XXX-X5.jpg,https://pemilu2019.kpu.go.id/img/c/900/049/900049995/1-11864-27-C-XXX-X6.jpg
6728117431185911864900049996,SUMATERA UTARA,KOTA MEDAN,MEDAN MAIMUN,SEI MATI,TPS 28,2019-10-25 17:00:05,90,116,308,206,206,206,0,https://pemilu2019.kpu.go.id/img/c/900/049/900049996/2-11864-28-C1-PPWP-X1.jpg,https://pemilu2019.kpu.go.id/img/c/900/049/900049996/2-11864-28-C1-PPWP-X2.jpg
6728117431185911864900049997,SUMATERA UTARA,KOTA MEDAN,MEDAN MAIMUN,SEI MATI,TPS 29,2019-10-25 17:00:05,54,120,298,174,174,174,0,https://pemilu2019.kpu.go.id/img/c/900/049/900049997/1-11864-29-C-XXX-X5.jpg,https://pemilu2019.kpu.go.id/img/c/900/049/900049997/1-11864-29-C-XXX-X6.jpg
6728117431185911864900049998,SUMATERA UTARA,KOTA MEDAN,MEDAN MAIMUN,SEI MATI,TPS 30,2019-10-25 17:00:05,41,132,237,173,173,173,0,https://pemilu2019.kpu.go.id/img/c/900/049/900049998/1-11864-30-C-XXX-X5.jpg,https://pemilu2019.kpu.go.id/img/c/900/049/900049998/1-11864-30-C-XXX-X6.jpg
6728117431185911864900049999,SUMATERA UTARA,KOTA MEDAN,MEDAN MAIMUN,SEI MATI,TPS 31,2019-10-25 17:00:05,107,47,273,154,154,154,0,https://pemilu2019.kpu.go.id/img/c/900/049/900049999/1-11864-31-C-XXX-X5.jpg,https://pemilu2019.kpu.go.id/img/c/900/049/900049999/1-11864-31-C-XXX-X6.jpg
6728117431185911864900050000,SUMATERA UTARA,KOTA MEDAN,MEDAN MAIMUN,SEI MATI,TPS 32,2019-10-25 17:00:05,51,97,218,149,149,148,1,https://pemilu2019.kpu.go.id/img/c/900/050/900050000/1-11864-32-C1-PPWP-X1.jpg,https://pemilu2019.kpu.go.id/img/c/900/050/900050000/1-11864-32-C1-PPWP-X2.jpg
6728117431185911864900050001,SUMATERA UTARA,KOTA MEDAN,MEDAN MAIMUN,SEI MATI,TPS 33,2019-10-25 17:00:05,68,44,235,112,112,112,0,https://pemilu2019.kpu.go.id/img/c/900/050/900050001/11864-33-C-XXX-X5.jpg,https://pemilu2019.kpu.go.id/img/c/900/050/900050001/11864-33-C-XXX-X6.jpg
6728117431185911864900050002,SUMATERA UTARA,KOTA MEDAN,MEDAN MAIMUN,SEI MATI,TPS 34,2019-10-25 17:00:05,35,111,265,147,147,146,1,https://pemilu2019.kpu.go.id/img/c/900/050/900050002/1-11864-34-C1-PPWP-X1.jpg,https://pemilu2019.kpu.go.id/img/c/900/050/900050002/1-11864-34-C1-PPWP-X2.jpg
6728117431185911863900049954,SUMATERA UTARA,KOTA MEDAN,MEDAN MAIMUN,SUKARAJA,TPS 01,2019-10-25 17:00:05,101,34,239,135,135,135,0,https://pemilu2019.kpu.go.id/img/c/900/049/900049954/1-11863-01-C-XXX-X5.jpg,https://pemilu2019.kpu.go.id/img/c/900/049/900049954/1-11863-01-C-XXX-X6.jpg
6728117431185911863900049955,SUMATERA UTARA,KOTA MEDAN,MEDAN MAIMUN,SUKARAJA,TPS 02,2019-10-25 17:00:05,100,55,225,158,158,155,3,https://pemilu2019.kpu.go.id/img/c/900/049/900049955/1-11863-02-C-XXX-X5.jpg,https://pemilu2019.kpu.go.id/img/c/900/049/900049955/1-11863-02-C-XXX-X6.jpg
6728117431185911863900049956,SUMATERA UTARA,KOTA MEDAN,MEDAN MAIMUN,SUKARAJA,TPS 03,2019-10-25 17:00:05,99,84,281,185,185,183,2,https://pemilu2019.kpu.go.id/img/c/900/049/900049956/1-11863-03-C-XXX-X5.jpg,https://pemilu2019.kpu.go.id/img/c/900/049/900049956/1-11863-03-C-XXX-X6.jpg
6728117431185911863900049957,SUMATERA UTARA,KOTA MEDAN,MEDAN MAIMUN,SUKARAJA,TPS 04,2019-10-25 17:00:05,101,56,260,159,159,157,2,https://pemilu2019.kpu.go.id/img/c/900/049/900049957/1-11863-04-C-XXX-X5.jpg,https://pemilu2019.kpu.go.id/img/c/900/049/900049957/1-11863-04-C-XXX-X6.jpg
6728117431185911863900049958,SUMATERA UTARA,KOTA MEDAN,MEDAN MAIMUN,SUKARAJA,TPS 05,2019-10-25 17:00:05,64,117,309,182,182,181,1,https://pemilu2019.kpu.go.id/img/c/900/049/900049958/1-11863-05-C-XXX-X5.jpg,https://pemilu2019.kpu.go.id/img/c/900/049/900049958/1-11863-05-C-XXX-X6.jpg
6728117431185911863900049959,SUMATERA UTARA,KOTA MEDAN,MEDAN MAIMUN,SUKARAJA,TPS 06,2019-10-25 17:00:05,96,94,300,190,190,190,0,https://pemilu2019.kpu.go.id/img/c/900/049/900049959/1-11863-06-C1-PPWP-X1.jpg,https://pemilu2019.kpu.go.id/img/c/900/049/900049959/1-11863-06-C1-PPWP-X2.jpg
6728117431185911863900049960,SUMATERA UTARA,KOTA MEDAN,MEDAN MAIMUN,SUKARAJA,TPS 07,2019-10-25 17:00:05,154,23,296,180,180,177,3,https://pemilu2019.kpu.go.id/img/c/900/049/900049960/3-11863-07-C1-PPWP-X1.jpg,https://pemilu2019.kpu.go.id/img/c/900/049/900049960/3-11863-07-C1-PPWP-X2.jpg
6728117431185911863900049961,SUMATERA UTARA,KOTA MEDAN,MEDAN MAIMUN,SUKARAJA,TPS 08,2019-10-25 17:00:05,161,12,299,175,175,173,2,https://pemilu2019.kpu.go.id/img/c/900/049/900049961/2-11863-08-C1-PPWP-X1.jpg,https://pemilu2019.kpu.go.id/img/c/900/049/900049961/2-11863-08-C1-PPWP-X2.jpg
6728117431185911863900049962,SUMATERA UTARA,KOTA MEDAN,MEDAN MAIMUN,SUKARAJA,TPS 09,2019-10-25 17:00:05,157,6,290,165,165,163,2,https://pemilu2019.kpu.go.id/img/c/900/049/900049962/1-11863-09-C1-PPWP-X1.jpg,https://pemilu2019.kpu.go.id/img/c/900/049/900049962/1-11863-09-C1-PPWP-X2.jpg
6728117431185911863900049963,SUMATERA UTARA,KOTA MEDAN,MEDAN MAIMUN,SUKARAJA,TPS 10,2019-10-25 17:00:05,118,67,298,186,186,185,1,https://pemilu2019.kpu.go.id/img/c/900/049/900049963/1-11863-10-C1-PPWP-X1.jpg,https://pemilu2019.kpu.go.id/img/c/900/049/900049963/1-11863-10-C1-PPWP-X2.jpg
6728117431185911863900049964,SUMATERA UTARA,KOTA MEDAN,MEDAN MAIMUN,SUKARAJA,TPS 11,2019-10-25 17:00:05,125,22,277,150,150,147,3,https://pemilu2019.kpu.go.id/img/c/900/049/900049964/1-11863-11-C1-PPWP-X1.jpg,https://pemilu2019.kpu.go.id/img/c/900/049/900049964/1-11863-11-C1-PPWP-X2.jpg
6728117431185911863900049965,SUMATERA UTARA,KOTA MEDAN,MEDAN MAIMUN,SUKARAJA,TPS 12,2019-10-25 17:00:05,129,33,290,164,164,162,2,https://pemilu2019.kpu.go.id/img/c/900/049/900049965/1-11863-12-C1-PPWP-X1.jpg,https://pemilu2019.kpu.go.id/img/c/900/049/900049965/1-11863-12-C1-PPWP-02.jpg
6728117431185911863900049966,SUMATERA UTARA,KOTA MEDAN,MEDAN MAIMUN,SUKARAJA,TPS 13,2019-10-25 17:00:05,46,95,281,143,143,141,2,https://pemilu2019.kpu.go.id/img/c/900/049/900049966/1-11863-13-C1-PPWP-X1.jpg,https://pemilu2019.kpu.go.id/img/c/900/049/900049966/1-11863-13-C1-PPWP-X2.jpg
6728117431185911863900049967,SUMATERA UTARA,KOTA MEDAN,MEDAN MAIMUN,SUKARAJA,TPS 14,2019-10-25 17:00:05,57,88,300,145,145,145,0,https://pemilu2019.kpu.go.id/img/c/900/049/900049967/1-11863-14-C1-PPWP-X1.jpg,https://pemilu2019.kpu.go.id/img/c/900/049/900049967/1-11863-14-C1-PPWP-X2.jpg
6728117431185911863900049968,SUMATERA UTARA,KOTA MEDAN,MEDAN MAIMUN,SUKARAJA,TPS 15,2019-10-25 17:00:05,68,75,297,145,145,143,2,https://pemilu2019.kpu.go.id/img/c/900/049/900049968/1-11863-15-C1-PPWP-X1.jpg,https://pemilu2019.kpu.go.id/img/c/900/049/900049968/1-11863-15-C1-PPWP-X2.jpg
6728117431183811839900048849,SUMATERA UTARA,KOTA MEDAN,MEDAN MARELAN,LABUHAN DELI,TPS 01,2019-10-25 17:00:05,39,123,238,166,166,162,4,https://pemilu2019.kpu.go.id/img/c/900/048/900048849/1-11839-01-C-XXX-X5.jpg,https://pemilu2019.kpu.go.id/img/c/900/048/900048849/1-11839-01-C-XXX-X6.jpg
6728117431183811839900048850,SUMATERA UTARA,KOTA MEDAN,MEDAN MARELAN,LABUHAN DELI,TPS 02,2019-10-25 17:00:05,28,113,232,144,144,141,3,https://pemilu2019.kpu.go.id/img/c/900/048/900048850/1-11839-02-C1-PPWP-X1.jpg,https://pemilu2019.kpu.go.id/img/c/900/048/900048850/1-11839-02-C1-PPWP-X2.jpg
6728117431183811839900048851,SUMATERA UTARA,KOTA MEDAN,MEDAN MARELAN,LABUHAN DELI,TPS 03,2019-10-25 17:00:05,33,137,256,172,172,170,2,https://pemilu2019.kpu.go.id/img/c/900/048/900048851/1-11839-03-C1-PPWP-X1.jpg,https://pemilu2019.kpu.go.id/img/c/900/048/900048851/1-11839-03-C1-PPWP-X2.jpg
6728117431183811839900048852,SUMATERA UTARA,KOTA MEDAN,MEDAN MARELAN,LABUHAN DELI,TPS 04,2019-10-25 17:00:05,25,150,312,180,180,175,5,https://pemilu2019.kpu.go.id/img/c/900/048/900048852/1-11839-04-C1-PPWP-X1.jpg,https://pemilu2019.kpu.go.id/img/c/900/048/900048852/1-11839-04-C1-PPWP-X2.jpg
6728117431183811839900048853,SUMATERA UTARA,KOTA MEDAN,MEDAN MARELAN,LABUHAN DELI,TPS 05,2019-10-25 17:00:05,28,122,294,150,150,150,0,https://pemilu2019.kpu.go.id/img/c/900/048/900048853/1-11839-05-C1-PPWP-X1.jpg,https://pemilu2019.kpu.go.id/img/c/900/048/900048853/1-11839-05-C1-PPWP-X2.jpg
6728117431183811839900048854,SUMATERA UTARA,KOTA MEDAN,MEDAN MARELAN,LABUHAN DELI,TPS 06,2019-10-25 17:00:05,50,192,322,242,242,242,0,https://pemilu2019.kpu.go.id/img/c/900/048/900048854/1-11839-06-C1-PPWP-X1.jpg,https://pemilu2019.kpu.go.id/img/c/900/048/900048854/1-11839-06-C1-PPWP-X2.jpg
6728117431183811839900048855,SUMATERA UTARA,KOTA MEDAN,MEDAN MARELAN,LABUHAN DELI,TPS 07,2019-10-25 17:00:05,53,166,312,220,220,219,1,https://pemilu2019.kpu.go.id/img/c/900/048/900048855/1-11839-07-C1-PPWP-X1.jpg,https://pemilu2019.kpu.go.id/img/c/900/048/900048855/1-11839-07-C1-PPWP-X2.jpg
6728117431183811839900048856,SUMATERA UTARA,KOTA MEDAN,MEDAN MARELAN,LABUHAN DELI,TPS 08,2019-10-25 17:00:05,52,125,250,179,179,177,2,https://pemilu2019.kpu.go.id/img/c/900/048/900048856/1-11839-08-C1-PPWP-X1.jpg,https://pemilu2019.kpu.go.id/img/c/900/048/900048856/1-11839-08-C1-PPWP-X2.jpg
6728117431183811839900048857,SUMATERA UTARA,KOTA MEDAN,MEDAN MARELAN,LABUHAN DELI,TPS 09,2019-10-25 17:00:05,60,120,225,179,180,180,0,https://pemilu2019.kpu.go.id/img/c/900/048/900048857/1-11839-09-C1-PPWP-X1.jpg,https://pemilu2019.kpu.go.id/img/c/900/048/900048857/1-11839-09-C1-PPWP-X2.jpg
6728117431183811839900048858,SUMATERA UTARA,KOTA MEDAN,MEDAN MARELAN,LABUHAN DELI,TPS 10,2019-10-25 17:00:05,14,158,242,173,173,172,1,https://pemilu2019.kpu.go.id/img/c/900/048/900048858/1-11839-10-C1-PPWP-X1.jpg,https://pemilu2019.kpu.go.id/img/c/900/048/900048858/1-11839-10-C1-PPWP-X2.jpg
6728117431183811839900048859,SUMATERA UTARA,KOTA MEDAN,MEDAN MARELAN,LABUHAN DELI,TPS 11,2019-10-25 17:00:05,32,153,255,188,188,185,3,https://pemilu2019.kpu.go.id/img/c/900/048/900048859/1-11839-11-C1-PPWP-X1.jpg,https://pemilu2019.kpu.go.id/img/c/900/048/900048859/1-11839-11-C1-PPWP-X2.jpg
6728117431183811839900048860,SUMATERA UTARA,KOTA MEDAN,MEDAN MARELAN,LABUHAN DELI,TPS 12,2019-10-25 17:00:05,21,160,246,181,181,181,0,https://pemilu2019.kpu.go.id/img/c/900/048/900048860/1-11839-12-C1-PPWP-X1.jpg,https://pemilu2019.kpu.go.id/img/c/900/048/900048860/1-11839-12-C1-PPWP-X2.jpg
6728117431183811839900048861,SUMATERA UTARA,KOTA MEDAN,MEDAN MARELAN,LABUHAN DELI,TPS 13,2019-10-25 17:00:05,26,173,224,199,199,199,0,https://pemilu2019.kpu.go.id/img/c/900/048/900048861/1-11839-13-C1-PPWP-X1.jpg,https://pemilu2019.kpu.go.id/img/c/900/048/900048861/1-11839-13-C1-PPWP-X2.jpg
6728117431183811839900048862,SUMATERA UTARA,KOTA MEDAN,MEDAN MARELAN,LABUHAN DELI,TPS 14,2019-10-25 17:00:05,37,184,283,223,223,221,2,https://pemilu2019.kpu.go.id/img/c/900/048/900048862/1-11839-14-C1-PPWP-X1.jpg,https://pemilu2019.kpu.go.id/img/c/900/048/900048862/1-11839-14-C1-PPWP-X2.jpg
6728117431183811839900048863,SUMATERA UTARA,KOTA MEDAN,MEDAN MARELAN,LABUHAN DELI,TPS 15,2019-10-25 17:00:05,23,214,267,238,238,237,0,https://pemilu2019.kpu.go.id/img/c/900/048/900048863/1-11839-15-C1-PPWP-X1.jpg,https://pemilu2019.kpu.go.id/img/c/900/048/900048863/1-11839-15-C1-PPWP-X2.jpg
6728117431183811839900048864,SUMATERA UTARA,KOTA MEDAN,MEDAN MARELAN,LABUHAN DELI,TPS 16,2019-10-25 17:00:05,29,191,296,223,223,220,3,https://pemilu2019.kpu.go.id/img/c/900/048/900048864/1-11839-16-C1-PPWP-X1.jpg,https://pemilu2019.kpu.go.id/img/c/900/048/900048864/1-11839-16-C1-PPWP-X2.jpg
6728117431183811839900048865,SUMATERA UTARA,KOTA MEDAN,MEDAN MARELAN,LABUHAN DELI,TPS 17,2019-10-25 17:00:05,47,151,267,198,198,198,0,https://pemilu2019.kpu.go.id/img/c/900/048/900048865/1-11839-17-C1-PPWP-X1.jpg,https://pemilu2019.kpu.go.id/img/c/900/048/900048865/1-11839-17-C1-PPWP-X2.jpg
6728117431183811839900048866,SUMATERA UTARA,KOTA MEDAN,MEDAN MARELAN,LABUHAN DELI,TPS 18,2019-10-25 17:00:05,34,160,261,195,195,194,1,https://pemilu2019.kpu.go.id/img/c/900/048/900048866/1-11839-18-C1-PPWP-X1.jpg,https://pemilu2019.kpu.go.id/img/c/900/048/900048866/1-11839-18-C1-PPWP-X2.jpg
6728117431183811839900048867,SUMATERA UTARA,KOTA MEDAN,MEDAN MARELAN,LABUHAN DELI,TPS 19,2019-10-25 17:00:05,29,193,308,226,226,222,4,https://pemilu2019.kpu.go.id/img/c/900/048/900048867/2-11839-19-C1-PPWP-X1.jpg,https://pemilu2019.kpu.go.id/img/c/900/048/900048867/2-11839-19-C1-PPWP-X2.jpg
6728117431183811839900048868,SUMATERA UTARA,KOTA MEDAN,MEDAN MARELAN,LABUHAN DELI,TPS 20,2019-10-25 17:00:05,39,166,277,205,205,205,0,https://pemilu2019.kpu.go.id/img/c/900/048/900048868/1-11839-20-C1-PPWP-X1.jpg,https://pemilu2019.kpu.go.id/img/c/900/048/900048868/1-11839-20-C1-PPWP-X2.jpg
6728117431183811839900048869,SUMATERA UTARA,KOTA MEDAN,MEDAN MARELAN,LABUHAN DELI,TPS 21,2019-10-25 17:00:05,21,150,248,171,171,171,0,https://pemilu2019.kpu.go.id/img/c/900/048/900048869/1-11839-21-C1-PPWP-X1.jpg,https://pemilu2019.kpu.go.id/img/c/900/048/900048869/1-11839-21-C1-PPWP-X2.jpg
6728117431183811839900048870,SUMATERA UTARA,KOTA MEDAN,MEDAN MARELAN,LABUHAN DELI,TPS 22,2019-10-25 17:00:05,28,162,243,196,196,190,6,https://pemilu2019.kpu.go.id/img/c/900/048/900048870/1-11839-22-C1-PPWP-X1.jpg,https://pemilu2019.kpu.go.id/img/c/900/048/900048870/1-11839-22-C1-PPWP-X2.jpg
6728117431183811839900048871,SUMATERA UTARA,KOTA MEDAN,MEDAN MARELAN,LABUHAN DELI,TPS 23,2019-10-25 17:00:05,22,147,234,169,169,169,0,https://pemilu2019.kpu.go.id/img/c/900/048/900048871/1-11839-23-C1-PPWP-X1.jpg,https://pemilu2019.kpu.go.id/img/c/900/048/900048871/1-11839-23-C1-PPWP-X2.jpg
6728117431183811839900048872,SUMATERA UTARA,KOTA MEDAN,MEDAN MARELAN,LABUHAN DELI,TPS 24,2019-10-25 17:00:05,17,137,216,157,157,154,3,https://pemilu2019.kpu.go.id/img/c/900/048/900048872/1-11839-24-C1-PPWP-X1.jpg,https://pemilu2019.kpu.go.id/img/c/900/048/900048872/1-11839-24-C1-PPWP-X2.jpg
6728117431183811839900048873,SUMATERA UTARA,KOTA MEDAN,MEDAN MARELAN,LABUHAN DELI,TPS 25,2019-10-25 17:00:05,31,131,228,164,164,162,2,https://pemilu2019.kpu.go.id/img/c/900/048/900048873/1-11839-25-C1-PPWP-X1.jpg,https://pemilu2019.kpu.go.id/img/c/900/048/900048873/1-11839-25-C1-PPWP-X2.jpg
6728117431183811839900048874,SUMATERA UTARA,KOTA MEDAN,MEDAN MARELAN,LABUHAN DELI,TPS 26,2019-10-25 17:00:05,28,135,221,166,166,163,3,https://pemilu2019.kpu.go.id/img/c/900/048/900048874/1-11839-26-C1-PPWP-X1.jpg,https://pemilu2019.kpu.go.id/img/c/900/048/900048874/1-11839-26-C1-PPWP-X2.jpg
6728117431183811839900048875,SUMATERA UTARA,KOTA MEDAN,MEDAN MARELAN,LABUHAN DELI,TPS 27,2019-10-25 17:00:05,33,93,171,126,126,126,0,https://pemilu2019.kpu.go.id/img/c/900/048/900048875/1-11839-27-C1-PPWP-X1.jpg,https://pemilu2019.kpu.go.id/img/c/900/048/900048875/1-11839-27-C1-PPWP-X2.jpg
6728117431183811839900048876,SUMATERA UTARA,KOTA MEDAN,MEDAN MARELAN,LABUHAN DELI,TPS 28,2019-10-25 17:00:05,41,91,174,137,137,132,5,https://pemilu2019.kpu.go.id/img/c/900/048/900048876/1-11839-28-C1-PPWP-X1.jpg,https://pemilu2019.kpu.go.id/img/c/900/048/900048876/1-11839-28-C1-PPWP-X2.jpg
6728117431183811839900048877,SUMATERA UTARA,KOTA MEDAN,MEDAN MARELAN,LABUHAN DELI,TPS 29,2019-10-25 17:00:05,44,125,249,170,170,169,1,https://pemilu2019.kpu.go.id/img/c/900/048/900048877/1-11839-29-C1-PPWP-X1.jpg,https://pemilu2019.kpu.go.id/img/c/900/048/900048877/1-11839-29-C1-PPWP-X2.jpg
6728117431183811839900048878,SUMATERA UTARA,KOTA MEDAN,MEDAN MARELAN,LABUHAN DELI,TPS 30,2019-10-25 17:00:05,30,162,253,193,193,192,1,https://pemilu2019.kpu.go.id/img/c/900/048/900048878/1-11839-30-C1-PPWP-X1.jpg,https://pemilu2019.kpu.go.id/img/c/900/048/900048878/1-11839-30-C1-PPWP-X2.jpg
6728117431183811839900048879,SUMATERA UTARA,KOTA MEDAN,MEDAN MARELAN,LABUHAN DELI,TPS 31,2019-10-25 17:00:05,27,168,263,197,197,195,2,https://pemilu2019.kpu.go.id/img/c/900/048/900048879/1-11839-31-C1-PPWP-X1.jpg,https://pemilu2019.kpu.go.id/img/c/900/048/900048879/1-11839-31-C1-PPWP-X2.jpg
6728117431183811839900048880,SUMATERA UTARA,KOTA MEDAN,MEDAN MARELAN,LABUHAN DELI,TPS 32,2019-10-25 17:00:05,32,150,262,184,184,182,2,https://pemilu2019.kpu.go.id/img/c/900/048/900048880/1-11839-32-C1-PPWP-X1.jpg,https://pemilu2019.kpu.go.id/img/c/900/048/900048880/1-11839-32-C1-PPWP-X2.jpg
6728117431183811839900048881,SUMATERA UTARA,KOTA MEDAN,MEDAN MARELAN,LABUHAN DELI,TPS 33,2019-10-25 17:00:05,43,154,224,199,199,197,2,https://pemilu2019.kpu.go.id/img/c/900/048/900048881/1-11839-33-C1-PPWP-X1.jpg,https://pemilu2019.kpu.go.id/img/c/900/048/900048881/1-11839-33-C1-PPWP-X2.jpg
6728117431183811839900048882,SUMATERA UTARA,KOTA MEDAN,MEDAN MARELAN,LABUHAN DELI,TPS 34,2019-10-25 17:00:05,49,146,267,196,196,195,1,https://pemilu2019.kpu.go.id/img/c/900/048/900048882/1-11839-34-C1-PPWP-X1.jpg,https://pemilu2019.kpu.go.id/img/c/900/048/900048882/1-11839-34-C1-PPWP-X2.jpg
6728117431183811839900048883,SUMATERA UTARA,KOTA MEDAN,MEDAN MARELAN,LABUHAN DELI,TPS 35,2019-10-25 17:00:05,43,187,300,232,232,230,2,https://pemilu2019.kpu.go.id/img/c/900/048/900048883/1-11839-35-C1-PPWP-X1.jpg,https://pemilu2019.kpu.go.id/img/c/900/048/900048883/1-11839-35-C1-PPWP-X2.jpg
6728117431183811839900048884,SUMATERA UTARA,KOTA MEDAN,MEDAN MARELAN,LABUHAN DELI,TPS 36,2019-10-25 17:00:05,32,192,286,227,227,224,3,https://pemilu2019.kpu.go.id/img/c/900/048/900048884/1-11839-36-C1-PPWP-X1.jpg,https://pemilu2019.kpu.go.id/img/c/900/048/900048884/1-11839-36-C1-PPWP-X2.jpg
6728117431183811839900048885,SUMATERA UTARA,KOTA MEDAN,MEDAN MARELAN,LABUHAN DELI,TPS 37,2019-10-25 17:00:05,44,171,279,218,217,2,215,https://pemilu2019.kpu.go.id/img/c/900/048/900048885/1-11839-37-C1-PPWP-X1.jpg,https://pemilu2019.kpu.go.id/img/c/900/048/900048885/1-11839-37-C1-PPWP-X2.jpg
6728117431183811839900048886,SUMATERA UTARA,KOTA MEDAN,MEDAN MARELAN,LABUHAN DELI,TPS 38,2019-10-25 17:00:05,38,137,255,177,177,175,2,https://pemilu2019.kpu.go.id/img/c/900/048/900048886/1-11839-38-C1-PPWP-X1.jpg,https://pemilu2019.kpu.go.id/img/c/900/048/900048886/1-11839-38-C1-PPWP-X2.jpg
6728117431183811839900048887,SUMATERA UTARA,KOTA MEDAN,MEDAN MARELAN,LABUHAN DELI,TPS 39,2019-10-25 17:00:05,28,138,226,172,172,6,166,https://pemilu2019.kpu.go.id/img/c/900/048/900048887/1-11839-39-C1-PPWP-X1.jpg,https://pemilu2019.kpu.go.id/img/c/900/048/900048887/1-11839-39-C1-PPWP-X2.jpg
6728117431183811839900048888,SUMATERA UTARA,KOTA MEDAN,MEDAN MARELAN,LABUHAN DELI,TPS 40,2019-10-25 17:00:05,39,142,185,185,185,181,4,https://pemilu2019.kpu.go.id/img/c/900/048/900048888/1-11839-40-C1-PPWP-X1.jpg,https://pemilu2019.kpu.go.id/img/c/900/048/900048888/1-11839-40-C1-PPWP-X2.jpg
6728117431183811839900048889,SUMATERA UTARA,KOTA MEDAN,MEDAN MARELAN,LABUHAN DELI,TPS 41,2019-10-25 17:00:05,123,61,238,185,186,184,2,https://pemilu2019.kpu.go.id/img/c/900/048/900048889/1-11839-41-C1-PPWP-X1.jpg,https://pemilu2019.kpu.go.id/img/c/900/048/900048889/1-11839-41-C1-PPWP-X2.jpg
6728117431183811839900048890,SUMATERA UTARA,KOTA MEDAN,MEDAN MARELAN,LABUHAN DELI,TPS 42,2019-10-25 17:00:05,145,67,268,215,215,212,3,https://pemilu2019.kpu.go.id/img/c/900/048/900048890/1-11839-42-C1-PPWP-X1.jpg,https://pemilu2019.kpu.go.id/img/c/900/048/900048890/1-11839-42-C1-PPWP-X2.jpg
6728117431183811839900048891,SUMATERA UTARA,KOTA MEDAN,MEDAN MARELAN,LABUHAN DELI,TPS 43,2019-10-25 17:00:05,53,184,301,242,242,237,5,https://pemilu2019.kpu.go.id/img/c/900/048/900048891/1-11839-43-C1-PPWP-X1.jpg,https://pemilu2019.kpu.go.id/img/c/900/048/900048891/1-11839-43-C1-PPWP-X2.jpg
6728117431183811839900048892,SUMATERA UTARA,KOTA MEDAN,MEDAN MARELAN,LABUHAN DELI,TPS 44,2019-10-25 17:00:05,34,173,276,208,208,207,1,https://pemilu2019.kpu.go.id/img/c/900/048/900048892/1-11839-44-C1-PPWP-X1.jpg,https://pemilu2019.kpu.go.id/img/c/900/048/900048892/1-11839-44-C1-PPWP-X2.jpg
6728117431183811843900049169,SUMATERA UTARA,KOTA MEDAN,MEDAN MARELAN,PAYA PASIR,TPS 01,2019-10-25 17:00:05,83,155,313,241,241,238,3,https://pemilu2019.kpu.go.id/img/c/900/049/900049169/11843-01-C1-PPWP-X1.jpg,https://pemilu2019.kpu.go.id/img/c/900/049/900049169/11843-01-C1-PPWP-X2.jpg
6728117431183811843900049170,SUMATERA UTARA,KOTA MEDAN,MEDAN MARELAN,PAYA PASIR,TPS 02,2019-10-25 17:00:05,88,129,297,219,219,217,2,https://pemilu2019.kpu.go.id/img/c/900/049/900049170/11843-02-C1-PPWP-X1.jpg,https://pemilu2019.kpu.go.id/img/c/900/049/900049170/11843-02-C1-PPWP-X2.jpg
6728117431183811843900049171,SUMATERA UTARA,KOTA MEDAN,MEDAN MARELAN,PAYA PASIR,TPS 03,2019-10-25 17:00:05,110,118,320,228,228,228,0,https://pemilu2019.kpu.go.id/img/c/900/049/900049171/1-11843-03-C1-PPWP-X1.jpg,https://pemilu2019.kpu.go.id/img/c/900/049/900049171/1-11843-03-C1-PPWP-X2.jpg
6728117431183811843900049172,SUMATERA UTARA,KOTA MEDAN,MEDAN MARELAN,PAYA PASIR,TPS 04,2019-10-25 17:00:05,84,138,302,228,228,222,6,https://pemilu2019.kpu.go.id/img/c/900/049/900049172/1-11843-04-C-XXX-X5.jpg,https://pemilu2019.kpu.go.id/img/c/900/049/900049172/1-11843-04-C-XXX-X6.jpg
6728117431183811843900049173,SUMATERA UTARA,KOTA MEDAN,MEDAN MARELAN,PAYA PASIR,TPS 05,2019-10-25 17:00:05,70,132,255,205,205,202,3,https://pemilu2019.kpu.go.id/img/c/900/049/900049173/1-11843-05-C-XXX-X5.jpg,https://pemilu2019.kpu.go.id/img/c/900/049/900049173/1-11843-05-C-XXX-X6.jpg
6728117431183811843900049174,SUMATERA UTARA,KOTA MEDAN,MEDAN MARELAN,PAYA PASIR,TPS 06,2019-10-25 17:00:05,62,130,255,192,192,192,0,https://pemilu2019.kpu.go.id/img/c/900/049/900049174/1-11843-06-C-XXX-X5.jpg,https://pemilu2019.kpu.go.id/img/c/900/049/900049174/1-11843-06-C-XXX-X6.jpg
6728117431183811843900049175,SUMATERA UTARA,KOTA MEDAN,MEDAN MARELAN,PAYA PASIR,TPS 07,2019-10-25 17:00:05,64,115,239,182,182,179,3,https://pemilu2019.kpu.go.id/img/c/900/049/900049175/1-11843-07-C-XXX-X5.jpg,https://pemilu2019.kpu.go.id/img/c/900/049/900049175/1-11843-07-C-XXX-X6.jpg
6728117431183811843900049176,SUMATERA UTARA,KOTA MEDAN,MEDAN MARELAN,PAYA PASIR,TPS 08,2019-10-25 17:00:05,63,115,277,180,180,178,2,https://pemilu2019.kpu.go.id/img/c/900/049/900049176/1-11843-08-C1-PPWP-X1.jpg,https://pemilu2019.kpu.go.id/img/c/900/049/900049176/1-11843-08-C1-PPWP-X2.jpg
6728117431183811843900049177,SUMATERA UTARA,KOTA MEDAN,MEDAN MARELAN,PAYA PASIR,TPS 09,2019-10-25 17:00:05,69,188,279,189,189,188,1,https://pemilu2019.kpu.go.id/img/c/900/049/900049177/2-11843-09-C-XXX-X5.jpg,https://pemilu2019.kpu.go.id/img/c/900/049/900049177/2-11843-09-C-XXX-X6.jpg
6728117431183811843900049178,SUMATERA UTARA,KOTA MEDAN,MEDAN MARELAN,PAYA PASIR,TPS 10,2019-10-25 17:00:05,77,140,262,218,218,217,1,https://pemilu2019.kpu.go.id/img/c/900/049/900049178/1-11843-10-C1-PPWP-X1.jpg,https://pemilu2019.kpu.go.id/img/c/900/049/900049178/1-11843-10-C1-PPWP-X2.jpg
6728117431183811843900049179,SUMATERA UTARA,KOTA MEDAN,MEDAN MARELAN,PAYA PASIR,TPS 11,2019-10-25 17:00:05,57,113,268,172,172,170,2,https://pemilu2019.kpu.go.id/img/c/900/049/900049179/11843-11-C-XXX-X5.jpg,https://pemilu2019.kpu.go.id/img/c/900/049/900049179/11843-11-C-XXX-X6.jpg
6728117431183811843900049180,SUMATERA UTARA,KOTA MEDAN,MEDAN MARELAN,PAYA PASIR,TPS 12,2019-10-25 17:00:05,26,205,219,231,231,231,0,https://pemilu2019.kpu.go.id/img/c/900/049/900049180/1-11843-12-C-XXX-X5.jpg,https://pemilu2019.kpu.go.id/img/c/900/049/900049180/1-11843-12-C-XXX-X6.jpg
6728117431183811843900049181,SUMATERA UTARA,KOTA MEDAN,MEDAN MARELAN,PAYA PASIR,TPS 13,2019-10-25 17:00:05,25,181,297,207,207,206,1,https://pemilu2019.kpu.go.id/img/c/900/049/900049181/2-11843-13-C-XXX-X5.jpg,https://pemilu2019.kpu.go.id/img/c/900/049/900049181/2-11843-13-C-XXX-X6.jpg
6728117431183811843900049182,SUMATERA UTARA,KOTA MEDAN,MEDAN MARELAN,PAYA PASIR,TPS 14,2019-10-25 17:00:05,31,143,254,174,174,174,0,https://pemilu2019.kpu.go.id/img/c/900/049/900049182/1-11843-14-C1-PPWP-X1.jpg,https://pemilu2019.kpu.go.id/img/c/900/049/900049182/1-11843-14-C1-PPWP-X2.jpg
6728117431183811843900049183,SUMATERA UTARA,KOTA MEDAN,MEDAN MARELAN,PAYA PASIR,TPS 15,2019-10-25 17:00:05,28,143,246,172,172,171,1,https://pemilu2019.kpu.go.id/img/c/900/049/900049183/11843-15-C1-PPWP-X1.jpg,https://pemilu2019.kpu.go.id/img/c/900/049/900049183/11843-15-C1-PPWP-X2.jpg
6728117431183811843900049184,SUMATERA UTARA,KOTA MEDAN,MEDAN MARELAN,PAYA PASIR,TPS 16,2019-10-25 17:00:05,33,132,227,165,0,165,0,https://pemilu2019.kpu.go.id/img/c/900/049/900049184/11843-16-C1-PPWP-X1.jpg,https://pemilu2019.kpu.go.id/img/c/900/049/900049184/11843-16-C1-PPWP-X2.jpg
6728117431183811843900049185,SUMATERA UTARA,KOTA MEDAN,MEDAN MARELAN,PAYA PASIR,TPS 17,2019-10-25 17:00:05,49,182,274,232,232,231,1,https://pemilu2019.kpu.go.id/img/c/900/049/900049185/1-11843-17-C-XXX-X5.jpg,https://pemilu2019.kpu.go.id/img/c/900/049/900049185/1-11843-17-C-XXX-X6.jpg
6728117431183811843900049186,SUMATERA UTARA,KOTA MEDAN,MEDAN MARELAN,PAYA PASIR,TPS 18,2019-10-25 17:00:05,33,211,308,244,244,244,0,https://pemilu2019.kpu.go.id/img/c/900/049/900049186/1-11843-18-C1-PPWP-X1.jpg,https://pemilu2019.kpu.go.id/img/c/900/049/900049186/1-11843-18-C1-PPWP-X2.jpg
6728117431183811843900049187,SUMATERA UTARA,KOTA MEDAN,MEDAN MARELAN,PAYA PASIR,TPS 19,2019-10-25 17:00:05,35,136,254,172,172,171,1,https://pemilu2019.kpu.go.id/img/c/900/049/900049187/11843-19-C1-PPWP-X1.jpg,https://pemilu2019.kpu.go.id/img/c/900/049/900049187/11843-19-C1-PPWP-X2.jpg
6728117431183811843900049188,SUMATERA UTARA,KOTA MEDAN,MEDAN MARELAN,PAYA PASIR,TPS 20,2019-10-25 17:00:05,42,158,279,201,202,200,2,https://pemilu2019.kpu.go.id/img/c/900/049/900049188/11843-20-C1-PPWP-X1.jpg,https://pemilu2019.kpu.go.id/img/c/900/049/900049188/11843-20-C1-PPWP-X2.jpg
6728117431183811843900049189,SUMATERA UTARA,KOTA MEDAN,MEDAN MARELAN,PAYA PASIR,TPS 21,2019-10-25 17:00:05,62,180,299,245,245,242,3,https://pemilu2019.kpu.go.id/img/c/900/049/900049189/2-11843-21-C1-PPWP-X1.jpg,https://pemilu2019.kpu.go.id/img/c/900/049/900049189/2-11843-21-C1-PPWP-X2.jpg
6728117431183811843900049190,SUMATERA UTARA,KOTA MEDAN,MEDAN MARELAN,PAYA PASIR,TPS 22,2019-10-25 17:00:05,39,175,215,215,215,214,1,https://pemilu2019.kpu.go.id/img/c/900/049/900049190/1-11843-22-C1-PPWP-X1.jpg,https://pemilu2019.kpu.go.id/img/c/900/049/900049190/1-11843-22-C1-PPWP-X2.jpg
6728117431183811843900049191,SUMATERA UTARA,KOTA MEDAN,MEDAN MARELAN,PAYA PASIR,TPS 23,2019-10-25 17:00:05,53,171,227,0,227,224,3,https://pemilu2019.kpu.go.id/img/c/900/049/900049191/1-11843-23-C1-PPWP-X1.jpg,https://pemilu2019.kpu.go.id/img/c/900/049/900049191/1-11843-23-C1-PPWP-X2.jpg
6728117431183811843900049192,SUMATERA UTARA,KOTA MEDAN,MEDAN MARELAN,PAYA PASIR,TPS 24,2019-10-25 17:00:05,23,176,219,202,202,199,3,https://pemilu2019.kpu.go.id/img/c/900/049/900049192/1-11843-24-C-XXX-X5.jpg,https://pemilu2019.kpu.go.id/img/c/900/049/900049192/1-11843-24-C-XXX-X6.jpg
6728117431183811843900049193,SUMATERA UTARA,KOTA MEDAN,MEDAN MARELAN,PAYA PASIR,TPS 25,2019-10-25 17:00:05,22,162,245,180,188,184,4,https://pemilu2019.kpu.go.id/img/c/900/049/900049193/1-11843-25-C1-PPWP-X1.jpg,https://pemilu2019.kpu.go.id/img/c/900/049/900049193/1-11843-25-C1-PPWP-X2.jpg
6728117431183811843900049194,SUMATERA UTARA,KOTA MEDAN,MEDAN MARELAN,PAYA PASIR,TPS 26,2019-10-25 17:00:05,29,159,252,188,188,188,0,https://pemilu2019.kpu.go.id/img/c/900/049/900049194/1-11843-26-C-XXX-X5.jpg,https://pemilu2019.kpu.go.id/img/c/900/049/900049194/1-11843-26-C-XXX-X6.jpg
6728117431183811843900049195,SUMATERA UTARA,KOTA MEDAN,MEDAN MARELAN,PAYA PASIR,TPS 27,2019-10-25 17:00:05,24,143,219,167,167,167,0,https://pemilu2019.kpu.go.id/img/c/900/049/900049195/1-11843-27-C-XXX-X5.jpg,https://pemilu2019.kpu.go.id/img/c/900/049/900049195/1-11843-27-C-XXX-X6.jpg
6728117431183811843900049196,SUMATERA UTARA,KOTA MEDAN,MEDAN MARELAN,PAYA PASIR,TPS 28,2019-10-25 17:00:05,28,147,233,176,176,175,1,https://pemilu2019.kpu.go.id/img/c/900/049/900049196/2-11843-28-C1-PPWP-X1.jpg,https://pemilu2019.kpu.go.id/img/c/900/049/900049196/2-11843-28-C1-PPWP-X2.jpg
6728117431183811843900049197,SUMATERA UTARA,KOTA MEDAN,MEDAN MARELAN,PAYA PASIR,TPS 29,2019-10-25 17:00:05,23,155,238,180,180,178,2,https://pemilu2019.kpu.go.id/img/c/900/049/900049197/1-11843-29-C-XXX-X5.jpg,https://pemilu2019.kpu.go.id/img/c/900/049/900049197/1-11843-29-C-XXX-X6.jpg
6728117431183811843900049198,SUMATERA UTARA,KOTA MEDAN,MEDAN MARELAN,PAYA PASIR,TPS 30,2019-10-25 17:00:05,9,166,229,176,176,175,1,https://pemilu2019.kpu.go.id/img/c/900/049/900049198/1-11843-30-C1-PPWP-X1.jpg,https://pemilu2019.kpu.go.id/img/c/900/049/900049198/1-11843-30-C1-PPWP-X2.jpg
6728117431183811843900049199,SUMATERA UTARA,KOTA MEDAN,MEDAN MARELAN,PAYA PASIR,TPS 31,2019-10-25 17:00:05,41,142,256,185,185,183,2,https://pemilu2019.kpu.go.id/img/c/900/049/900049199/1-11843-31-C1-PPWP-X1.jpg,https://pemilu2019.kpu.go.id/img/c/900/049/900049199/1-11843-31-C1-PPWP-X2.jpg
6728117431183811843900049200,SUMATERA UTARA,KOTA MEDAN,MEDAN MARELAN,PAYA PASIR,TPS 32,2019-10-25 17:00:05,38,175,244,215,215,213,2,https://pemilu2019.kpu.go.id/img/c/900/049/900049200/1-11843-32-C1-PPWP-X1.jpg,https://pemilu2019.kpu.go.id/img/c/900/049/900049200/1-11843-32-C1-PPWP-X2.jpg
6728117431183811843900049201,SUMATERA UTARA,KOTA MEDAN,MEDAN MARELAN,PAYA PASIR,TPS 33,2019-10-25 17:00:05,48,131,239,183,183,179,4,https://pemilu2019.kpu.go.id/img/c/900/049/900049201/1-11843-33-C1-PPWP-X1.jpg,https://pemilu2019.kpu.go.id/img/c/900/049/900049201/1-11843-33-C1-PPWP-X2.jpg
6728117431183811843900049202,SUMATERA UTARA,KOTA MEDAN,MEDAN MARELAN,PAYA PASIR,TPS 34,2019-10-25 17:00:05,48,140,247,191,191,188,3,https://pemilu2019.kpu.go.id/img/c/900/049/900049202/1-11843-34-C-XXX-X5.jpg,https://pemilu2019.kpu.go.id/img/c/900/049/900049202/1-11843-34-C-XXX-X6.jpg
6728117431183811840900048893,SUMATERA UTARA,KOTA MEDAN,MEDAN MARELAN,RENGAS PULAU,TPS 001,2019-10-25 17:00:05,41,166,284,210,210,207,3,https://pemilu2019.kpu.go.id/img/c/900/048/900048893/1-11840-001-C1-PPWP-X1.jpg,https://pemilu2019.kpu.go.id/img/c/900/048/900048893/1-11840-001-C1-PPWP-X2.jpg
6728117431183811840900048894,SUMATERA UTARA,KOTA MEDAN,MEDAN MARELAN,RENGAS PULAU,TPS 002,2019-10-25 17:00:05,44,176,280,222,222,220,2,https://pemilu2019.kpu.go.id/img/c/900/048/900048894/1-11840-002-C1-PPWP-X3.jpg,https://pemilu2019.kpu.go.id/img/c/900/048/900048894/1-11840-002-C1-PPWP-X4.jpg
6728117431183811840900048895,SUMATERA UTARA,KOTA MEDAN,MEDAN MARELAN,RENGAS PULAU,TPS 003,2019-10-25 17:00:05,35,141,254,177,177,176,1,https://pemilu2019.kpu.go.id/img/c/900/048/900048895/1-11840-003-C1-PPWP-X1.jpg,https://pemilu2019.kpu.go.id/img/c/900/048/900048895/1-11840-003-C1-PPWP-X2.jpg
6728117431183811840900048896,SUMATERA UTARA,KOTA MEDAN,MEDAN MARELAN,RENGAS PULAU,TPS 004,2019-10-25 17:00:05,31,150,241,182,182,181,1,https://pemilu2019.kpu.go.id/img/c/900/048/900048896/1-11840-004-C1-PPWP-X1.jpg,https://pemilu2019.kpu.go.id/img/c/900/048/900048896/1-11840-004-C1-PPWP-X2.jpg
6728117431183811840900048897,SUMATERA UTARA,KOTA MEDAN,MEDAN MARELAN,RENGAS PULAU,TPS 005,2019-10-25 17:00:05,44,172,291,219,219,216,3,https://pemilu2019.kpu.go.id/img/c/900/048/900048897/1-11840-005-C1-PPWP-X1.jpg,https://pemilu2019.kpu.go.id/img/c/900/048/900048897/1-11840-005-C1-PPWP-X2.jpg
6728117431183811840900048898,SUMATERA UTARA,KOTA MEDAN,MEDAN MARELAN,RENGAS PULAU,TPS 006,2019-10-25 17:00:05,38,202,308,240,241,240,1,https://pemilu2019.kpu.go.id/img/c/900/048/900048898/1-11840-006-C1-PPWP-X1.jpg,https://pemilu2019.kpu.go.id/img/c/900/048/900048898/1-11840-006-C1-PPWP-X2.jpg
6728117431183811840900048899,SUMATERA UTARA,KOTA MEDAN,MEDAN MARELAN,RENGAS PULAU,TPS 007,2019-10-25 17:00:05,224,13,0,243,243,237,6,https://pemilu2019.kpu.go.id/img/c/900/048/900048899/1-11840-007-C1-PPWP-X1.jpg,https://pemilu2019.kpu.go.id/img/c/900/048/900048899/1-11840-007-C1-PPWP-X2.jpg
6728117431183811840900048900,SUMATERA UTARA,KOTA MEDAN,MEDAN MARELAN,RENGAS PULAU,TPS 008,2019-10-25 17:00:05,64,72,272,140,140,136,4,https://pemilu2019.kpu.go.id/img/c/900/048/900048900/1-11840-008-C1-PPWP-X1.jpg,https://pemilu2019.kpu.go.id/img/c/900/048/900048900/1-11840-008-C1-PPWP-X2.jpg
6728117431183811840900048901,SUMATERA UTARA,KOTA MEDAN,MEDAN MARELAN,RENGAS PULAU,TPS 009,2019-10-25 17:00:05,87,67,184,154,154,154,0,https://pemilu2019.kpu.go.id/img/c/900/048/900048901/1-11840-009-C1-PPWP-X1.jpg,https://pemilu2019.kpu.go.id/img/c/900/048/900048901/1-11840-009-C1-PPWP-X2.jpg
6728117431183811840900048902,SUMATERA UTARA,KOTA MEDAN,MEDAN MARELAN,RENGAS PULAU,TPS 010,2019-10-25 17:00:05,71,165,295,238,238,236,2,https://pemilu2019.kpu.go.id/img/c/900/048/900048902/1-11840-010-C1-PPWP-X1.jpg,https://pemilu2019.kpu.go.id/img/c/900/048/900048902/1-11840-010-C1-PPWP-X2.jpg
6728117431183811840900048903,SUMATERA UTARA,KOTA MEDAN,MEDAN MARELAN,RENGAS PULAU,TPS 011,2019-10-25 17:00:05,57,165,281,223,223,222,1,https://pemilu2019.kpu.go.id/img/c/900/048/900048903/1-11840-011-C1-PPWP-X1.jpg,https://pemilu2019.kpu.go.id/img/c/900/048/900048903/1-11840-011-C1-PPWP-X2.jpg
6728117431183811840900048904,SUMATERA UTARA,KOTA MEDAN,MEDAN MARELAN,RENGAS PULAU,TPS 012,2019-10-25 17:00:05,24,77,279,101,101,101,0,https://pemilu2019.kpu.go.id/img/c/900/048/900048904/1-11840-012-C1-PPWP-X1.jpg,https://pemilu2019.kpu.go.id/img/c/900/048/900048904/1-11840-012-C1-PPWP-X2.jpg
6728117431183811840900048905,SUMATERA UTARA,KOTA MEDAN,MEDAN MARELAN,RENGAS PULAU,TPS 013,2019-10-25 17:00:05,76,134,212,212,212,210,2,https://pemilu2019.kpu.go.id/img/c/900/048/900048905/1-11840-013-C1-PPWP-X1.jpg,https://pemilu2019.kpu.go.id/img/c/900/048/900048905/1-11840-013-C1-PPWP-X2.jpg
6728117431183811840900048906,SUMATERA UTARA,KOTA MEDAN,MEDAN MARELAN,RENGAS PULAU,TPS 014,2019-10-25 17:00:05,73,155,353,228,228,228,0,https://pemilu2019.kpu.go.id/img/c/900/048/900048906/1-11840-014-C1-PPWP-X1.jpg,https://pemilu2019.kpu.go.id/img/c/900/048/900048906/1-11840-014-C1-PPWP-X2.jpg
6728117431183811840900048907,SUMATERA UTARA,KOTA MEDAN,MEDAN MARELAN,RENGAS PULAU,TPS 015,2019-10-25 17:00:05,57,95,324,153,153,152,1,https://pemilu2019.kpu.go.id/img/c/900/048/900048907/1-11840-015-C1-PPWP-X1.jpg,https://pemilu2019.kpu.go.id/img/c/900/048/900048907/1-11840-015-C1-PPWP-X2.jpg
6728117431183811840900048908,SUMATERA UTARA,KOTA MEDAN,MEDAN MARELAN,RENGAS PULAU,TPS 016,2019-10-25 17:00:05,72,157,328,230,230,229,1,https://pemilu2019.kpu.go.id/img/c/900/048/900048908/1-11840-016-C1-PPWP-X1.jpg,https://pemilu2019.kpu.go.id/img/c/900/048/900048908/1-11840-016-C1-PPWP-X2.jpg
6728117431183811840900048909,SUMATERA UTARA,KOTA MEDAN,MEDAN MARELAN,RENGAS PULAU,TPS 017,2019-10-25 17:00:05,69,183,326,256,256,252,4,https://pemilu2019.kpu.go.id/img/c/900/048/900048909/1-11840-017-C1-PPWP-X1.jpg,https://pemilu2019.kpu.go.id/img/c/900/048/900048909/1-11840-017-C1-PPWP-X2.jpg
6728117431183811840900048910,SUMATERA UTARA,KOTA MEDAN,MEDAN MARELAN,RENGAS PULAU,TPS 018,2019-10-25 17:00:05,45,173,275,219,219,218,1,https://pemilu2019.kpu.go.id/img/c/900/048/900048910/1-11840-018-C1-PPWP-X1.jpg,https://pemilu2019.kpu.go.id/img/c/900/048/900048910/1-11840-018-C1-PPWP-X2.jpg
6728117431183811840900048911,SUMATERA UTARA,KOTA MEDAN,MEDAN MARELAN,RENGAS PULAU,TPS 019,2019-10-25 17:00:05,64,122,241,189,189,186,3,https://pemilu2019.kpu.go.id/img/c/900/048/900048911/1-11840-019-C1-PPWP-X1.jpg,https://pemilu2019.kpu.go.id/img/c/900/048/900048911/1-11840-019-C1-PPWP-X2.jpg
6728117431183811840900048912,SUMATERA UTARA,KOTA MEDAN,MEDAN MARELAN,RENGAS PULAU,TPS 020,2019-10-25 17:00:05,73,117,232,191,191,190,1,https://pemilu2019.kpu.go.id/img/c/900/048/900048912/1-11840-020-C1-PPWP-X1.jpg,https://pemilu2019.kpu.go.id/img/c/900/048/900048912/1-11840-020-C1-PPWP-X2.jpg
6728117431183811840900048913,SUMATERA UTARA,KOTA MEDAN,MEDAN MARELAN,RENGAS PULAU,TPS 021,2019-10-25 17:00:05,61,122,233,187,187,183,4,https://pemilu2019.kpu.go.id/img/c/900/048/900048913/1-11840-021-C1-PPWP-X1.jpg,https://pemilu2019.kpu.go.id/img/c/900/048/900048913/1-11840-021-C1-PPWP-X2.jpg
6728117431183811840900048914,SUMATERA UTARA,KOTA MEDAN,MEDAN MARELAN,RENGAS PULAU,TPS 022,2019-10-25 17:00:05,65,144,263,212,212,209,3,https://pemilu2019.kpu.go.id/img/c/900/048/900048914/1-11840-022-C1-PPWP-X1.jpg,https://pemilu2019.kpu.go.id/img/c/900/048/900048914/1-11840-022-C1-PPWP-X2.jpg
6728117431183811840900048915,SUMATERA UTARA,KOTA MEDAN,MEDAN MARELAN,RENGAS PULAU,TPS 023,2019-10-25 17:00:05,67,140,247,210,210,207,3,https://pemilu2019.kpu.go.id/img/c/900/048/900048915/1-11840-023-C1-PPWP-X1.jpg,https://pemilu2019.kpu.go.id/img/c/900/048/900048915/1-11840-023-C1-PPWP-X2.jpg
6728117431183811840900048916,SUMATERA UTARA,KOTA MEDAN,MEDAN MARELAN,RENGAS PULAU,TPS 024,2019-10-25 17:00:05,104,186,384,300,295,290,5,https://pemilu2019.kpu.go.id/img/c/900/048/900048916/1-11840-024-C1-PPWP-X1.jpg,https://pemilu2019.kpu.go.id/img/c/900/048/900048916/1-11840-024-C1-PPWP-X2.jpg
6728117431183811840900048917,SUMATERA UTARA,KOTA MEDAN,MEDAN MARELAN,RENGAS PULAU,TPS 025,2019-10-25 17:00:05,69,229,362,299,299,298,1,https://pemilu2019.kpu.go.id/img/c/900/048/900048917/1-11840-025-C1-PPWP-X1.jpg,https://pemilu2019.kpu.go.id/img/c/900/048/900048917/1-11840-025-C1-PPWP-X2.jpg
6728117431183811840900048918,SUMATERA UTARA,KOTA MEDAN,MEDAN MARELAN,RENGAS PULAU,TPS 026,2019-10-25 17:00:05,70,171,300,245,245,241,4,https://pemilu2019.kpu.go.id/img/c/900/048/900048918/1-11840-026-C1-PPWP-X1.jpg,https://pemilu2019.kpu.go.id/img/c/900/048/900048918/1-11840-026-C1-PPWP-X2.jpg
6728117431183811840900048919,SUMATERA UTARA,KOTA MEDAN,MEDAN MARELAN,RENGAS PULAU,TPS 027,2019-10-25 17:00:05,74,203,273,279,279,277,2,https://pemilu2019.kpu.go.id/img/c/900/048/900048919/1-11840-027-C1-PPWP-X1.jpg,https://pemilu2019.kpu.go.id/img/c/900/048/900048919/1-11840-027-C1-PPWP-X2.jpg
6728117431183811840900048920,SUMATERA UTARA,KOTA MEDAN,MEDAN MARELAN,RENGAS PULAU,TPS 028,2019-10-25 17:00:05,75,179,252,255,255,254,1,https://pemilu2019.kpu.go.id/img/c/900/048/900048920/1-11840-028-C1-PPWP-X1.jpg,https://pemilu2019.kpu.go.id/img/c/900/048/900048920/1-11840-028-C1-PPWP-X2.jpg
6728117431183811840900048921,SUMATERA UTARA,KOTA MEDAN,MEDAN MARELAN,RENGAS PULAU,TPS 029,2019-10-25 17:00:05,54,163,261,218,218,217,1,https://pemilu2019.kpu.go.id/img/c/900/048/900048921/1-11840-029-C1-PPWP-X1.jpg,https://pemilu2019.kpu.go.id/img/c/900/048/900048921/1-11840-029-C1-PPWP-X2.jpg
6728117431183811840900048922,SUMATERA UTARA,KOTA MEDAN,MEDAN MARELAN,RENGAS PULAU,TPS 030,2019-10-25 17:00:05,58,193,335,253,253,251,2,https://pemilu2019.kpu.go.id/img/c/900/048/900048922/1-11840-030-C1-PPWP-X1.jpg,https://pemilu2019.kpu.go.id/img/c/900/048/900048922/1-11840-030-C1-PPWP-X2.jpg
6728117431183811840900048923,SUMATERA UTARA,KOTA MEDAN,MEDAN MARELAN,RENGAS PULAU,TPS 031,2019-10-25 17:00:05,50,206,326,258,258,256,2,https://pemilu2019.kpu.go.id/img/c/900/048/900048923/1-11840-031-C1-PPWP-X1.jpg,https://pemilu2019.kpu.go.id/img/c/900/048/900048923/1-11840-031-C1-PPWP-X2.jpg
6728117431183811840900048924,SUMATERA UTARA,KOTA MEDAN,MEDAN MARELAN,RENGAS PULAU,TPS 032,2019-10-25 17:00:05,68,206,346,275,275,274,1,https://pemilu2019.kpu.go.id/img/c/900/048/900048924/1-11840-032-C1-PPWP-X1.jpg,https://pemilu2019.kpu.go.id/img/c/900/048/900048924/1-11840-032-C1-PPWP-X2.jpg
6728117431183811840900048925,SUMATERA UTARA,KOTA MEDAN,MEDAN MARELAN,RENGAS PULAU,TPS 033,2019-10-25 17:00:05,62,233,292,296,296,295,1,https://pemilu2019.kpu.go.id/img/c/900/048/900048925/1-11840-033-C1-PPWP-X1.jpg,https://pemilu2019.kpu.go.id/img/c/900/048/900048925/1-11840-033-C1-PPWP-X2.jpg
6728117431183811840900048926,SUMATERA UTARA,KOTA MEDAN,MEDAN MARELAN,RENGAS PULAU,TPS 034,2019-10-25 17:00:05,60,236,367,296,297,296,1,https://pemilu2019.kpu.go.id/img/c/900/048/900048926/1-11840-034-C1-PPWP-X1.jpg,https://pemilu2019.kpu.go.id/img/c/900/048/900048926/1-11840-034-C1-PPWP-X2.jpg
6728117431183811840900048927,SUMATERA UTARA,KOTA MEDAN,MEDAN MARELAN,RENGAS PULAU,TPS 035,2019-10-25 17:00:05,47,170,299,222,222,217,6,https://pemilu2019.kpu.go.id/img/c/900/048/900048927/1-11840-035-C1-PPWP-X1.jpg,https://pemilu2019.kpu.go.id/img/c/900/048/900048927/1-11840-035-C1-PPWP-X2.jpg
6728117431183811840900048928,SUMATERA UTARA,KOTA MEDAN,MEDAN MARELAN,RENGAS PULAU,TPS 036,2019-10-25 17:00:05,68,189,256,262,262,257,5,https://pemilu2019.kpu.go.id/img/c/900/048/900048928/1-11840-036-C1-PPWP-X1.jpg,https://pemilu2019.kpu.go.id/img/c/900/048/900048928/1-11840-036-C1-PPWP-X2.jpg
6728117431183811840900048929,SUMATERA UTARA,KOTA MEDAN,MEDAN MARELAN,RENGAS PULAU,TPS 037,2019-10-25 17:00:05,47,206,270,256,256,253,3,https://pemilu2019.kpu.go.id/img/c/900/048/900048929/1-11840-037-C1-PPWP-X1.jpg,https://pemilu2019.kpu.go.id/img/c/900/048/900048929/1-11840-037-C1-PPWP-X2.jpg
6728117431183811840900048930,SUMATERA UTARA,KOTA MEDAN,MEDAN MARELAN,RENGAS PULAU,TPS 038,2019-10-25 17:00:05,65,193,346,263,264,258,5,https://pemilu2019.kpu.go.id/img/c/900/048/900048930/1-11840-038-C1-PPWP-X1.jpg,https://pemilu2019.kpu.go.id/img/c/900/048/900048930/1-11840-038-C1-PPWP-X2.jpg
6728117431183811840900048931,SUMATERA UTARA,KOTA MEDAN,MEDAN MARELAN,RENGAS PULAU,TPS 039,2019-10-25 17:00:05,65,183,308,250,250,248,2,https://pemilu2019.kpu.go.id/img/c/900/048/900048931/1-11840-039-C1-PPWP-X1.jpg,https://pemilu2019.kpu.go.id/img/c/900/048/900048931/1-11840-039-C1-PPWP-X2.jpg
6728117431183811840900048932,SUMATERA UTARA,KOTA MEDAN,MEDAN MARELAN,RENGAS PULAU,TPS 040,2019-10-25 17:00:05,54,147,271,202,202,201,1,https://pemilu2019.kpu.go.id/img/c/900/048/900048932/1-11840-040-C1-PPWP-X1.jpg,https://pemilu2019.kpu.go.id/img/c/900/048/900048932/1-11840-040-C1-PPWP-X2.jpg
6728117431183811840900048933,SUMATERA UTARA,KOTA MEDAN,MEDAN MARELAN,RENGAS PULAU,TPS 041,2019-10-25 17:00:05,62,192,324,256,256,254,2,https://pemilu2019.kpu.go.id/img/c/900/048/900048933/1-11840-041-C1-PPWP-X1.jpg,https://pemilu2019.kpu.go.id/img/c/900/048/900048933/1-11840-041-C1-PPWP-X2.jpg
6728117431183811840900048934,SUMATERA UTARA,KOTA MEDAN,MEDAN MARELAN,RENGAS PULAU,TPS 042,2019-10-25 17:00:05,53,164,219,0,219,217,2,https://pemilu2019.kpu.go.id/img/c/900/048/900048934/1-11840-042-C1-PPWP-X1.jpg,https://pemilu2019.kpu.go.id/img/c/900/048/900048934/1-11840-042-C1-PPWP-X2.jpg
6728117431183811840900048935,SUMATERA UTARA,KOTA MEDAN,MEDAN MARELAN,RENGAS PULAU,TPS 043,2019-10-25 17:00:05,55,175,312,233,233,230,3,https://pemilu2019.kpu.go.id/img/c/900/048/900048935/1-11840-043-C1-PPWP-X1.jpg,https://pemilu2019.kpu.go.id/img/c/900/048/900048935/1-11840-043-C1-PPWP-X2.jpg
6728117431183811840900048936,SUMATERA UTARA,KOTA MEDAN,MEDAN MARELAN,RENGAS PULAU,TPS 044,2019-10-25 17:00:05,63,206,339,269,269,269,0,https://pemilu2019.kpu.go.id/img/c/900/048/900048936/1-11840-044-C1-PPWP-01.jpg,https://pemilu2019.kpu.go.id/img/c/900/048/900048936/1-11840-044-C1-PPWP-X2.jpg
6728117431183811840900048937,SUMATERA UTARA,KOTA MEDAN,MEDAN MARELAN,RENGAS PULAU,TPS 045,2019-10-25 17:00:05,55,198,320,254,254,253,1,https://pemilu2019.kpu.go.id/img/c/900/048/900048937/1-11840-045-C1-PPWP-X1.jpg,https://pemilu2019.kpu.go.id/img/c/900/048/900048937/1-11840-045-C1-PPWP-X2.jpg
6728117431183811840900048938,SUMATERA UTARA,KOTA MEDAN,MEDAN MARELAN,RENGAS PULAU,TPS 046,2019-10-25 17:00:05,82,204,337,291,291,286,5,https://pemilu2019.kpu.go.id/img/c/900/048/900048938/1-11840-046-C1-PPWP-X1.jpg,https://pemilu2019.kpu.go.id/img/c/900/048/900048938/1-11840-046-C1-PPWP-X2.jpg
6728117431183811840900048939,SUMATERA UTARA,KOTA MEDAN,MEDAN MARELAN,RENGAS PULAU,TPS 047,2019-10-25 17:00:05,62,155,302,218,218,217,1,https://pemilu2019.kpu.go.id/img/c/900/048/900048939/1-11840-047-C1-PPWP-X1.jpg,https://pemilu2019.kpu.go.id/img/c/900/048/900048939/1-11840-047-C1-PPWP-X2.jpg
6728117431183811840900048940,SUMATERA UTARA,KOTA MEDAN,MEDAN MARELAN,RENGAS PULAU,TPS 048,2019-10-25 17:00:05,50,206,327,256,256,256,0,https://pemilu2019.kpu.go.id/img/c/900/048/900048940/1-11840-048-C1-PPWP-X1.jpg,https://pemilu2019.kpu.go.id/img/c/900/048/900048940/1-11840-048-C1-PPWP-X2.jpg
6728117431183811840900048941,SUMATERA UTARA,KOTA MEDAN,MEDAN MARELAN,RENGAS PULAU,TPS 049,2019-10-25 17:00:05,55,213,350,271,271,268,3,https://pemilu2019.kpu.go.id/img/c/900/048/900048941/1-11840-049-C1-PPWP-X1.jpg,https://pemilu2019.kpu.go.id/img/c/900/048/900048941/1-11840-049-C1-PPWP-X2.jpg
6728117431183811840900048942,SUMATERA UTARA,KOTA MEDAN,MEDAN MARELAN,RENGAS PULAU,TPS 050,2019-10-25 17:00:05,45,253,297,303,302,298,4,https://pemilu2019.kpu.go.id/img/c/900/048/900048942/1-11840-050-C1-PPWP-X1.jpg,https://pemilu2019.kpu.go.id/img/c/900/048/900048942/1-11840-050-C1-PPWP-X2.jpg
6728117431183811840900048943,SUMATERA UTARA,KOTA MEDAN,MEDAN MARELAN,RENGAS PULAU,TPS 051,2019-10-25 17:00:05,47,109,191,157,157,156,1,https://pemilu2019.kpu.go.id/img/c/900/048/900048943/1-11840-051-C1-PPWP-X1.jpg,https://pemilu2019.kpu.go.id/img/c/900/048/900048943/1-11840-051-C1-PPWP-X2.jpg
6728117431183811840900048944,SUMATERA UTARA,KOTA MEDAN,MEDAN MARELAN,RENGAS PULAU,TPS 052,2019-10-25 17:00:05,49,161,317,211,211,210,1,https://pemilu2019.kpu.go.id/img/c/900/048/900048944/1-11840-052-C1-PPWP-X1.jpg,https://pemilu2019.kpu.go.id/img/c/900/048/900048944/1-11840-052-C1-PPWP-X2.jpg
6728117431183811840900048945,SUMATERA UTARA,KOTA MEDAN,MEDAN MARELAN,RENGAS PULAU,TPS 053,2019-10-25 17:00:05,66,198,264,264,268,263,5,https://pemilu2019.kpu.go.id/img/c/900/048/900048945/1-11840-053-C1-PPWP-X1.jpg,https://pemilu2019.kpu.go.id/img/c/900/048/900048945/1-11840-053-C1-PPWP-X2.jpg
6728117431183811840900048946,SUMATERA UTARA,KOTA MEDAN,MEDAN MARELAN,RENGAS PULAU,TPS 054,2019-10-25 17:00:05,71,188,265,262,262,259,3,https://pemilu2019.kpu.go.id/img/c/900/048/900048946/1-11840-054-C1-PPWP-X1.jpg,https://pemilu2019.kpu.go.id/img/c/900/048/900048946/1-11840-054-C1-PPWP-X2.jpg
6728117431183811840900048947,SUMATERA UTARA,KOTA MEDAN,MEDAN MARELAN,RENGAS PULAU,TPS 055,2019-10-25 17:00:05,74,176,350,254,254,250,4,https://pemilu2019.kpu.go.id/img/c/900/048/900048947/1-11840-055-C1-PPWP-X1.jpg,https://pemilu2019.kpu.go.id/img/c/900/048/900048947/1-11840-055-C1-PPWP-X2.jpg
6728117431183811840900048948,SUMATERA UTARA,KOTA MEDAN,MEDAN MARELAN,RENGAS PULAU,TPS 056,2019-10-25 17:00:05,70,173,303,243,243,243,0,https://pemilu2019.kpu.go.id/img/c/900/048/900048948/1-11840-056-C1-PPWP-X1.jpg,https://pemilu2019.kpu.go.id/img/c/900/048/900048948/1-11840-056-C1-PPWP-X2.jpg
6728117431183811840900048949,SUMATERA UTARA,KOTA MEDAN,MEDAN MARELAN,RENGAS PULAU,TPS 057,2019-10-25 17:00:05,69,158,314,227,227,227,0,https://pemilu2019.kpu.go.id/img/c/900/048/900048949/1-11840-057-C1-PPWP-X1.jpg,https://pemilu2019.kpu.go.id/img/c/900/048/900048949/1-11840-057-C1-PPWP-X2.jpg
6728117431183811840900048950,SUMATERA UTARA,KOTA MEDAN,MEDAN MARELAN,RENGAS PULAU,TPS 058,2019-10-25 17:00:05,48,158,269,267,207,206,1,https://pemilu2019.kpu.go.id/img/c/900/048/900048950/1-11840-058-C1-PPWP-X1.jpg,https://pemilu2019.kpu.go.id/img/c/900/048/900048950/1-11840-058-C1-PPWP-X2.jpg
6728117431183811840900048951,SUMATERA UTARA,KOTA MEDAN,MEDAN MARELAN,RENGAS PULAU,TPS 059,2019-10-25 17:00:05,44,163,254,210,210,207,3,https://pemilu2019.kpu.go.id/img/c/900/048/900048951/1-11840-059-C1-PPWP-X1.jpg,https://pemilu2019.kpu.go.id/img/c/900/048/900048951/1-11840-059-C1-PPWP-X2.jpg
6728117431183811840900048952,SUMATERA UTARA,KOTA MEDAN,MEDAN MARELAN,RENGAS PULAU,TPS 060,2019-10-25 17:00:05,239,14,298,254,254,253,1,https://pemilu2019.kpu.go.id/img/c/900/048/900048952/1-11840-060-C1-PPWP-X1.jpg,https://pemilu2019.kpu.go.id/img/c/900/048/900048952/1-11840-060-C1-PPWP-X2.jpg
6728117431183811840900048953,SUMATERA UTARA,KOTA MEDAN,MEDAN MARELAN,RENGAS PULAU,TPS 061,2019-10-25 17:00:05,218,39,272,258,258,257,1,https://pemilu2019.kpu.go.id/img/c/900/048/900048953/1-11840-061-C1-PPWP-X1.jpg,https://pemilu2019.kpu.go.id/img/c/900/048/900048953/1-11840-061-C1-PPWP-X2.jpg
6728117431183811840900048954,SUMATERA UTARA,KOTA MEDAN,MEDAN MARELAN,RENGAS PULAU,TPS 062,2019-10-25 17:00:05,65,173,291,239,239,238,1,https://pemilu2019.kpu.go.id/img/c/900/048/900048954/1-11840-062-C1-PPWP-X1.jpg,https://pemilu2019.kpu.go.id/img/c/900/048/900048954/1-11840-062-C1-PPWP-X2.jpg
6728117431183811840900048955,SUMATERA UTARA,KOTA MEDAN,MEDAN MARELAN,RENGAS PULAU,TPS 063,2019-10-25 17:00:05,38,183,271,223,223,221,2,https://pemilu2019.kpu.go.id/img/c/900/048/900048955/1-11840-063-C1-PPWP-X1.jpg,https://pemilu2019.kpu.go.id/img/c/900/048/900048955/1-11840-063-C1-PPWP-X2.jpg
6728117431183811840900048956,SUMATERA UTARA,KOTA MEDAN,MEDAN MARELAN,RENGAS PULAU,TPS 064,2019-10-25 17:00:05,195,24,264,222,221,219,2,https://pemilu2019.kpu.go.id/img/c/900/048/900048956/1-11840-064-C1-PPWP-X1.jpg,https://pemilu2019.kpu.go.id/img/c/900/048/900048956/1-11840-064-C1-PPWP-X2.jpg
6728117431183811840900048957,SUMATERA UTARA,KOTA MEDAN,MEDAN MARELAN,RENGAS PULAU,TPS 065,2019-10-25 17:00:05,203,19,284,223,223,222,1,https://pemilu2019.kpu.go.id/img/c/900/048/900048957/1-11840-065-C1-PPWP-X1.jpg,https://pemilu2019.kpu.go.id/img/c/900/048/900048957/1-11840-065-C1-PPWP-X2.jpg
6728117431183811840900048958,SUMATERA UTARA,KOTA MEDAN,MEDAN MARELAN,RENGAS PULAU,TPS 066,2019-10-25 17:00:05,202,8,305,217,216,210,6,https://pemilu2019.kpu.go.id/img/c/900/048/900048958/1-11840-066-C1-PPWP-X1.jpg,https://pemilu2019.kpu.go.id/img/c/900/048/900048958/1-11840-066-C1-PPWP-X2.jpg
6728117431183811840900048959,SUMATERA UTARA,KOTA MEDAN,MEDAN MARELAN,RENGAS PULAU,TPS 067,2019-10-25 17:00:05,212,16,292,229,229,228,1,https://pemilu2019.kpu.go.id/img/c/900/048/900048959/1-11840-067-C1-PPWP-X1.jpg,https://pemilu2019.kpu.go.id/img/c/900/048/900048959/1-11840-067-C1-PPWP-X2.jpg
6728117431183811840900048960,SUMATERA UTARA,KOTA MEDAN,MEDAN MARELAN,RENGAS PULAU,TPS 068,2019-10-25 17:00:05,75,155,307,237,239,230,9,https://pemilu2019.kpu.go.id/img/c/900/048/900048960/1-11840-068-C1-PPWP-X1.jpg,https://pemilu2019.kpu.go.id/img/c/900/048/900048960/1-11840-068-C1-PPWP-X2.jpg
6728117431183811840900048961,SUMATERA UTARA,KOTA MEDAN,MEDAN MARELAN,RENGAS PULAU,TPS 069,2019-10-25 17:00:05,74,130,259,207,207,204,3,https://pemilu2019.kpu.go.id/img/c/900/048/900048961/1-11840-069-C1-PPWP-X1.jpg,https://pemilu2019.kpu.go.id/img/c/900/048/900048961/1-11840-069-C1-PPWP-X2.jpg
6728117431183811840900048962,SUMATERA UTARA,KOTA MEDAN,MEDAN MARELAN,RENGAS PULAU,TPS 070,2019-10-25 17:00:05,68,143,236,213,213,211,2,https://pemilu2019.kpu.go.id/img/c/900/048/900048962/1-11840-070-C1-PPWP-X1.jpg,https://pemilu2019.kpu.go.id/img/c/900/048/900048962/1-11840-070-C1-PPWP-X2.jpg
6728117431183811840900048963,SUMATERA UTARA,KOTA MEDAN,MEDAN MARELAN,RENGAS PULAU,TPS 071,2019-10-25 17:00:05,73,139,292,216,216,212,4,https://pemilu2019.kpu.go.id/img/c/900/048/900048963/1-11840-071-C1-PPWP-X1.jpg,https://pemilu2019.kpu.go.id/img/c/900/048/900048963/1-11840-071-C1-PPWP-X2.jpg
6728117431183811840900048964,SUMATERA UTARA,KOTA MEDAN,MEDAN MARELAN,RENGAS PULAU,TPS 072,2019-10-25 17:00:05,74,135,282,212,212,209,3,https://pemilu2019.kpu.go.id/img/c/900/048/900048964/1-11840-072-C1-PPWP-X1.jpg,https://pemilu2019.kpu.go.id/img/c/900/048/900048964/1-11840-072-C1-PPWP-X2.jpg
6728117431183811840900048965,SUMATERA UTARA,KOTA MEDAN,MEDAN MARELAN,RENGAS PULAU,TPS 073,2019-10-25 17:00:05,69,175,319,245,245,244,1,https://pemilu2019.kpu.go.id/img/c/900/048/900048965/1-11840-073-C1-PPWP-X1.jpg,https://pemilu2019.kpu.go.id/img/c/900/048/900048965/1-11840-073-C1-PPWP-X2.jpg
6728117431183811840900048966,SUMATERA UTARA,KOTA MEDAN,MEDAN MARELAN,RENGAS PULAU,TPS 074,2019-10-25 17:00:05,63,203,295,268,268,266,2,https://pemilu2019.kpu.go.id/img/c/900/048/900048966/1-11840-074-C1-PPWP-X1.jpg,https://pemilu2019.kpu.go.id/img/c/900/048/900048966/1-11840-074-C1-PPWP-X2.jpg
6728117431183811840900048967,SUMATERA UTARA,KOTA MEDAN,MEDAN MARELAN,RENGAS PULAU,TPS 075,2019-10-25 17:00:05,72,211,339,285,285,283,2,https://pemilu2019.kpu.go.id/img/c/900/048/900048967/1-11840-075-C1-PPWP-X1.jpg,https://pemilu2019.kpu.go.id/img/c/900/048/900048967/1-11840-075-C1-PPWP-X2.jpg
6728117431183811840900048968,SUMATERA UTARA,KOTA MEDAN,MEDAN MARELAN,RENGAS PULAU,TPS 076,2019-10-25 17:00:05,54,206,334,265,265,260,5,https://pemilu2019.kpu.go.id/img/c/900/048/900048968/1-11840-076-C1-PPWP-X1.jpg,https://pemilu2019.kpu.go.id/img/c/900/048/900048968/1-11840-076-C1-PPWP-X2.jpg
6728117431183811840900048969,SUMATERA UTARA,KOTA MEDAN,MEDAN MARELAN,RENGAS PULAU,TPS 077,2019-10-25 17:00:05,70,165,316,235,0,235,235,https://pemilu2019.kpu.go.id/img/c/900/048/900048969/1-11840-077-C1-PPWP-X1.jpg,https://pemilu2019.kpu.go.id/img/c/900/048/900048969/1-11840-077-C1-PPWP-X2.jpg
6728117431183811840900048970,SUMATERA UTARA,KOTA MEDAN,MEDAN MARELAN,RENGAS PULAU,TPS 078,2019-10-25 17:00:05,75,182,325,258,258,257,1,https://pemilu2019.kpu.go.id/img/c/900/048/900048970/1-11840-078-C1-PPWP-X1.jpg,https://pemilu2019.kpu.go.id/img/c/900/048/900048970/1-11840-078-C1-PPWP-X2.jpg
6728117431183811840900048971,SUMATERA UTARA,KOTA MEDAN,MEDAN MARELAN,RENGAS PULAU,TPS 079,2019-10-25 17:00:05,37,173,283,212,212,210,2,https://pemilu2019.kpu.go.id/img/c/900/048/900048971/1-11840-079-C1-PPWP-X1.jpg,https://pemilu2019.kpu.go.id/img/c/900/048/900048971/1-11840-079-C1-PPWP-X2.jpg
6728117431183811840900048972,SUMATERA UTARA,KOTA MEDAN,MEDAN MARELAN,RENGAS PULAU,TPS 080,2019-10-25 17:00:05,49,175,238,224,226,224,2,https://pemilu2019.kpu.go.id/img/c/900/048/900048972/1-11840-080-C1-PPWP-X1.jpg,https://pemilu2019.kpu.go.id/img/c/900/048/900048972/1-11840-080-C1-PPWP-X2.jpg
6728117431183811840900048973,SUMATERA UTARA,KOTA MEDAN,MEDAN MARELAN,RENGAS PULAU,TPS 081,2019-10-25 17:00:05,63,162,316,230,230,225,5,https://pemilu2019.kpu.go.id/img/c/900/048/900048973/1-11840-081-C1-PPWP-X1.jpg,https://pemilu2019.kpu.go.id/img/c/900/048/900048973/1-11840-081-C1-PPWP-X2.jpg
6728117431183811840900048974,SUMATERA UTARA,KOTA MEDAN,MEDAN MARELAN,RENGAS PULAU,TPS 082,2019-10-25 17:00:05,93,157,314,254,254,4,250,https://pemilu2019.kpu.go.id/img/c/900/048/900048974/1-11840-082-C1-PPWP-X1.jpg,https://pemilu2019.kpu.go.id/img/c/900/048/900048974/1-11840-082-C1-PPWP-X2.jpg
6728117431183811840900048975,SUMATERA UTARA,KOTA MEDAN,MEDAN MARELAN,RENGAS PULAU,TPS 083,2019-10-25 17:00:05,65,211,286,276,276,276,0,https://pemilu2019.kpu.go.id/img/c/900/048/900048975/1-11840-083-C1-PPWP-X1.jpg,https://pemilu2019.kpu.go.id/img/c/900/048/900048975/1-11840-083-C1-PPWP-X2.jpg
6728117431183811840900048976,SUMATERA UTARA,KOTA MEDAN,MEDAN MARELAN,RENGAS PULAU,TPS 084,2019-10-25 17:00:05,94,149,298,245,245,243,2,https://pemilu2019.kpu.go.id/img/c/900/048/900048976/1-11840-084-C1-PPWP-X1.jpg,https://pemilu2019.kpu.go.id/img/c/900/048/900048976/1-11840-084-C1-PPWP-X2.jpg
6728117431183811840900048977,SUMATERA UTARA,KOTA MEDAN,MEDAN MARELAN,RENGAS PULAU,TPS 085,2019-10-25 17:00:05,60,197,336,261,261,257,4,https://pemilu2019.kpu.go.id/img/c/900/048/900048977/1-11840-085-C1-PPWP-X1.jpg,https://pemilu2019.kpu.go.id/img/c/900/048/900048977/1-11840-085-C1-PPWP-X2.jpg
6728117431183811840900048978,SUMATERA UTARA,KOTA MEDAN,MEDAN MARELAN,RENGAS PULAU,TPS 086,2019-10-25 17:00:05,69,184,283,253,290,253,37,https://pemilu2019.kpu.go.id/img/c/900/048/900048978/1-11840-086-C1-PPWP-X1.jpg,https://pemilu2019.kpu.go.id/img/c/900/048/900048978/1-11840-086-C1-PPWP-X2.jpg
6728117431183811840900048979,SUMATERA UTARA,KOTA MEDAN,MEDAN MARELAN,RENGAS PULAU,TPS 087,2019-10-25 17:00:05,58,214,350,274,274,272,2,https://pemilu2019.kpu.go.id/img/c/900/048/900048979/1-11840-087-C1-PPWP-X1.jpg,https://pemilu2019.kpu.go.id/img/c/900/048/900048979/1-11840-087-C1-PPWP-X2.jpg
6728117431183811840900048980,SUMATERA UTARA,KOTA MEDAN,MEDAN MARELAN,RENGAS PULAU,TPS 088,2019-10-25 17:00:05,64,203,335,269,269,267,2,https://pemilu2019.kpu.go.id/img/c/900/048/900048980/1-11840-088-C1-PPWP-X1.jpg,https://pemilu2019.kpu.go.id/img/c/900/048/900048980/1-11840-088-C1-PPWP-X2.jpg
6728117431183811840900048981,SUMATERA UTARA,KOTA MEDAN,MEDAN MARELAN,RENGAS PULAU,TPS 089,2019-10-25 17:00:05,49,180,320,229,229,229,0,https://pemilu2019.kpu.go.id/img/c/900/048/900048981/1-11840-089-C1-PPWP-X1.jpg,https://pemilu2019.kpu.go.id/img/c/900/048/900048981/1-11840-089-C1-PPWP-X2.jpg
6728117431183811840900048982,SUMATERA UTARA,KOTA MEDAN,MEDAN MARELAN,RENGAS PULAU,TPS 090,2019-10-25 17:00:05,56,167,315,224,224,223,1,https://pemilu2019.kpu.go.id/img/c/900/048/900048982/1-11840-090-C1-PPWP-X1.jpg,https://pemilu2019.kpu.go.id/img/c/900/048/900048982/1-11840-090-C1-PPWP-X2.jpg
6728117431183811840900048983,SUMATERA UTARA,KOTA MEDAN,MEDAN MARELAN,RENGAS PULAU,TPS 091,2019-10-25 17:00:05,50,206,326,258,258,256,2,https://pemilu2019.kpu.go.id/img/c/900/048/900048983/1-11840-091-C1-PPWP-X1.jpg,https://pemilu2019.kpu.go.id/img/c/900/048/900048983/1-11840-091-C1-PPWP-X2.jpg
6728117431183811840900048984,SUMATERA UTARA,KOTA MEDAN,MEDAN MARELAN,RENGAS PULAU,TPS 092,2019-10-25 17:00:05,70,191,324,265,265,261,4,https://pemilu2019.kpu.go.id/img/c/900/048/900048984/1-11840-092-C1-PPWP-X1.jpg,https://pemilu2019.kpu.go.id/img/c/900/048/900048984/1-11840-092-C1-PPWP-X2.jpg
6728117431183811840900048985,SUMATERA UTARA,KOTA MEDAN,MEDAN MARELAN,RENGAS PULAU,TPS 093,2019-10-25 17:00:05,45,207,310,257,257,252,5,https://pemilu2019.kpu.go.id/img/c/900/048/900048985/1-11840-093-C1-PPWP-X1.jpg,https://pemilu2019.kpu.go.id/img/c/900/048/900048985/1-11840-093-C1-PPWP-X2.jpg
6728117431183811840900048986,SUMATERA UTARA,KOTA MEDAN,MEDAN MARELAN,RENGAS PULAU,TPS 094,2019-10-25 17:00:05,103,184,368,291,291,287,4,https://pemilu2019.kpu.go.id/img/c/900/048/900048986/1-11840-094-C1-PPWP-X1.jpg,https://pemilu2019.kpu.go.id/img/c/900/048/900048986/1-11840-094-C1-PPWP-X2.jpg
6728117431183811840900048987,SUMATERA UTARA,KOTA MEDAN,MEDAN MARELAN,RENGAS PULAU,TPS 095,2019-10-25 17:00:05,46,209,342,256,256,255,1,https://pemilu2019.kpu.go.id/img/c/900/048/900048987/1-11840-095-C1-PPWP-X1.jpg,https://pemilu2019.kpu.go.id/img/c/900/048/900048987/1-11840-095-C1-PPWP-X2.jpg
6728117431183811840900048988,SUMATERA UTARA,KOTA MEDAN,MEDAN MARELAN,RENGAS PULAU,TPS 096,2019-10-25 17:00:05,76,180,347,261,261,256,5,https://pemilu2019.kpu.go.id/img/c/900/048/900048988/1-11840-096-C1-PPWP-X1.jpg,https://pemilu2019.kpu.go.id/img/c/900/048/900048988/1-11840-096-C1-PPWP-X2.jpg
6728117431183811840900048989,SUMATERA UTARA,KOTA MEDAN,MEDAN MARELAN,RENGAS PULAU,TPS 097,2019-10-25 17:00:05,92,175,289,281,268,267,1,https://pemilu2019.kpu.go.id/img/c/900/048/900048989/1-11840-097-C1-PPWP-X1.jpg,https://pemilu2019.kpu.go.id/img/c/900/048/900048989/1-11840-097-C1-PPWP-X2.jpg
6728117431183811840900048990,SUMATERA UTARA,KOTA MEDAN,MEDAN MARELAN,RENGAS PULAU,TPS 098,2019-10-25 17:00:05,50,192,325,325,244,242,2,https://pemilu2019.kpu.go.id/img/c/900/048/900048990/1-11840-098-C1-PPWP-X1.jpg,https://pemilu2019.kpu.go.id/img/c/900/048/900048990/1-11840-098-C1-PPWP-X2.jpg
6728117431183811840900048991,SUMATERA UTARA,KOTA MEDAN,MEDAN MARELAN,RENGAS PULAU,TPS 099,2019-10-25 17:00:05,43,201,313,247,247,244,3,https://pemilu2019.kpu.go.id/img/c/900/048/900048991/1-11840-099-C1-PPWP-X1.jpg,https://pemilu2019.kpu.go.id/img/c/900/048/900048991/1-11840-099-C1-PPWP-X2.jpg
6728117431183811840900048992,SUMATERA UTARA,KOTA MEDAN,MEDAN MARELAN,RENGAS PULAU,TPS 100,2019-10-25 17:00:05,116,139,259,259,259,255,4,https://pemilu2019.kpu.go.id/img/c/900/048/900048992/1-11840-100-C1-PPWP-X1.jpg,https://pemilu2019.kpu.go.id/img/c/900/048/900048992/1-11840-100-C1-PPWP-X2.jpg
6728117431183811840900048993,SUMATERA UTARA,KOTA MEDAN,MEDAN MARELAN,RENGAS PULAU,TPS 101,2019-10-25 17:00:05,113,125,320,241,241,238,3,https://pemilu2019.kpu.go.id/img/c/900/048/900048993/1-11840-101-C1-PPWP-X1.jpg,https://pemilu2019.kpu.go.id/img/c/900/048/900048993/1-11840-101-C1-PPWP-X2.jpg
6728117431183811840900048994,SUMATERA UTARA,KOTA MEDAN,MEDAN MARELAN,RENGAS PULAU,TPS 102,2019-10-25 17:00:05,196,12,332,217,217,208,9,https://pemilu2019.kpu.go.id/img/c/900/048/900048994/1-11840-102-C1-PPWP-X1.jpg,https://pemilu2019.kpu.go.id/img/c/900/048/900048994/1-11840-102-C1-PPWP-X2.jpg
6728117431183811840900048995,SUMATERA UTARA,KOTA MEDAN,MEDAN MARELAN,RENGAS PULAU,TPS 103,2019-10-25 17:00:05,141,21,327,167,167,162,5,https://pemilu2019.kpu.go.id/img/c/900/048/900048995/1-11840-103-C1-PPWP-X1.jpg,https://pemilu2019.kpu.go.id/img/c/900/048/900048995/1-11840-103-C1-PPWP-X2.jpg
6728117431183811840900048996,SUMATERA UTARA,KOTA MEDAN,MEDAN MARELAN,RENGAS PULAU,TPS 104,2019-10-25 17:00:05,52,172,266,225,225,224,1,https://pemilu2019.kpu.go.id/img/c/900/048/900048996/1-11840-104-C1-PPWP-X1.jpg,https://pemilu2019.kpu.go.id/img/c/900/048/900048996/1-11840-104-C1-PPWP-X2.jpg
6728117431183811840900048997,SUMATERA UTARA,KOTA MEDAN,MEDAN MARELAN,RENGAS PULAU,TPS 105,2019-10-25 17:00:05,51,148,239,204,204,199,5,https://pemilu2019.kpu.go.id/img/c/900/048/900048997/1-11840-105-C1-PPWP-X1.jpg,https://pemilu2019.kpu.go.id/img/c/900/048/900048997/1-11840-105-C1-PPWP-X2.jpg
6728117431183811840900048998,SUMATERA UTARA,KOTA MEDAN,MEDAN MARELAN,RENGAS PULAU,TPS 106,2019-10-25 17:00:05,46,140,226,186,186,186,0,https://pemilu2019.kpu.go.id/img/c/900/048/900048998/1-11840-106-C1-PPWP-X1.jpg,https://pemilu2019.kpu.go.id/img/c/900/048/900048998/1-11840-106-C1-PPWP-X2.jpg
6728117431183811840900048999,SUMATERA UTARA,KOTA MEDAN,MEDAN MARELAN,RENGAS PULAU,TPS 107,2019-10-25 17:00:05,117,135,295,254,254,252,2,https://pemilu2019.kpu.go.id/img/c/900/048/900048999/1-11840-107-C1-PPWP-X1.jpg,https://pemilu2019.kpu.go.id/img/c/900/048/900048999/1-11840-107-C1-PPWP-X2.jpg
6728117431183811840900049000,SUMATERA UTARA,KOTA MEDAN,MEDAN MARELAN,RENGAS PULAU,TPS 108,2019-10-25 17:00:05,175,121,297,301,0,5,0,https://pemilu2019.kpu.go.id/img/c/900/049/900049000/1-11840-108-C1-PPWP-X1.jpg,https://pemilu2019.kpu.go.id/img/c/900/049/900049000/1-11840-108-C1-PPWP-X2.jpg
6728117431183811840900049001,SUMATERA UTARA,KOTA MEDAN,MEDAN MARELAN,RENGAS PULAU,TPS 109,2019-10-25 17:00:05,135,133,295,269,269,268,1,https://pemilu2019.kpu.go.id/img/c/900/049/900049001/1-11840-109-C1-PPWP-X1.jpg,https://pemilu2019.kpu.go.id/img/c/900/049/900049001/1-11840-109-C1-PPWP-X2.jpg
6728117431183811840900049002,SUMATERA UTARA,KOTA MEDAN,MEDAN MARELAN,RENGAS PULAU,TPS 110,2019-10-25 17:00:05,88,198,294,291,291,286,5,https://pemilu2019.kpu.go.id/img/c/900/049/900049002/1-11840-110-C1-PPWP-X1.jpg,https://pemilu2019.kpu.go.id/img/c/900/049/900049002/1-11840-110-C1-PPWP-X2.jpg
6728117431183811840900049003,SUMATERA UTARA,KOTA MEDAN,MEDAN MARELAN,RENGAS PULAU,TPS 111,2019-10-25 17:00:05,86,66,196,155,155,152,3,https://pemilu2019.kpu.go.id/img/c/900/049/900049003/1-11840-111-C1-PPWP-X1.jpg,https://pemilu2019.kpu.go.id/img/c/900/049/900049003/1-11840-111-C1-PPWP-X2.jpg
6728117431183811840900049004,SUMATERA UTARA,KOTA MEDAN,MEDAN MARELAN,RENGAS PULAU,TPS 112,2019-10-25 17:00:05,91,92,181,234,184,183,1,https://pemilu2019.kpu.go.id/img/c/900/049/900049004/1-11840-112-C1-PPWP-X1.jpg,https://pemilu2019.kpu.go.id/img/c/900/049/900049004/1-11840-112-C1-PPWP-X2.jpg
6728117431183811840900049005,SUMATERA UTARA,KOTA MEDAN,MEDAN MARELAN,RENGAS PULAU,TPS 113,2019-10-25 17:00:05,56,186,288,247,247,242,5,https://pemilu2019.kpu.go.id/img/c/900/049/900049005/1-11840-113-C1-PPWP-X1.jpg,https://pemilu2019.kpu.go.id/img/c/900/049/900049005/1-11840-113-C1-PPWP-X2.jpg
6728117431183811840900049006,SUMATERA UTARA,KOTA MEDAN,MEDAN MARELAN,RENGAS PULAU,TPS 114,2019-10-25 17:00:05,36,147,216,184,184,183,1,https://pemilu2019.kpu.go.id/img/c/900/049/900049006/1-11840-114-C1-PPWP-X1.jpg,https://pemilu2019.kpu.go.id/img/c/900/049/900049006/1-11840-114-C1-PPWP-X2.jpg
6728117431183811840900049007,SUMATERA UTARA,KOTA MEDAN,MEDAN MARELAN,RENGAS PULAU,TPS 115,2019-10-25 17:00:05,37,165,204,208,208,202,6,https://pemilu2019.kpu.go.id/img/c/900/049/900049007/1-11840-115-C1-PPWP-X1.jpg,https://pemilu2019.kpu.go.id/img/c/900/049/900049007/1-11840-115-C1-PPWP-X2.jpg
6728117431183811840900049008,SUMATERA UTARA,KOTA MEDAN,MEDAN MARELAN,RENGAS PULAU,TPS 116,2019-10-25 17:00:05,31,124,162,158,158,155,3,https://pemilu2019.kpu.go.id/img/c/900/049/900049008/1-11840-116-C1-PPWP-X1.jpg,https://pemilu2019.kpu.go.id/img/c/900/049/900049008/1-11840-116-C1-PPWP-X2.jpg
6728117431183811840900049009,SUMATERA UTARA,KOTA MEDAN,MEDAN MARELAN,RENGAS PULAU,TPS 117,2019-10-25 17:00:05,78,165,313,244,244,243,1,https://pemilu2019.kpu.go.id/img/c/900/049/900049009/1-11840-117-C1-PPWP-X1.jpg,https://pemilu2019.kpu.go.id/img/c/900/049/900049009/1-11840-117-C1-PPWP-X2.jpg
6728117431183811840900049010,SUMATERA UTARA,KOTA MEDAN,MEDAN MARELAN,RENGAS PULAU,TPS 118,2019-10-25 17:00:05,66,175,241,241,241,241,0,https://pemilu2019.kpu.go.id/img/c/900/049/900049010/1-11840-118-C1-PPWP-X1.jpg,https://pemilu2019.kpu.go.id/img/c/900/049/900049010/1-11840-118-C1-PPWP-X2.jpg
6728117431183811840900049011,SUMATERA UTARA,KOTA MEDAN,MEDAN MARELAN,RENGAS PULAU,TPS 119,2019-10-25 17:00:05,52,115,230,167,167,167,0,https://pemilu2019.kpu.go.id/img/c/900/049/900049011/1-11840-119-C1-PPWP-X1.jpg,https://pemilu2019.kpu.go.id/img/c/900/049/900049011/1-11840-119-C1-PPWP-X2.jpg
6728117431183811842900049099,SUMATERA UTARA,KOTA MEDAN,MEDAN MARELAN,TANAH ENAM RATUS,TPS 01,2019-10-25 17:00:05,77,173,324,254,254,250,4,https://pemilu2019.kpu.go.id/img/c/900/049/900049099/1-11842-01-C1-PPWP-X1.jpg,https://pemilu2019.kpu.go.id/img/c/900/049/900049099/1-11842-01-C1-PPWP-X2.jpg
6728117431183811842900049100,SUMATERA UTARA,KOTA MEDAN,MEDAN MARELAN,TANAH ENAM RATUS,TPS 02,2019-10-25 17:00:05,48,179,316,231,231,227,4,https://pemilu2019.kpu.go.id/img/c/900/049/900049100/1-11842-02-C1-PPWP-X1.jpg,https://pemilu2019.kpu.go.id/img/c/900/049/900049100/1-11842-02-C1-PPWP-X2.jpg
6728117431183811842900049101,SUMATERA UTARA,KOTA MEDAN,MEDAN MARELAN,TANAH ENAM RATUS,TPS 03,2019-10-25 17:00:05,40,185,328,225,225,225,0,https://pemilu2019.kpu.go.id/img/c/900/049/900049101/1-11842-03-C1-PPWP-X1.jpg,https://pemilu2019.kpu.go.id/img/c/900/049/900049101/1-11842-03-C1-PPWP-X2.jpg
6728117431183811842900049102,SUMATERA UTARA,KOTA MEDAN,MEDAN MARELAN,TANAH ENAM RATUS,TPS 04,2019-10-25 17:00:05,33,203,311,237,237,236,1,https://pemilu2019.kpu.go.id/img/c/900/049/900049102/1-11842-04-C1-PPWP-X1.jpg,https://pemilu2019.kpu.go.id/img/c/900/049/900049102/1-11842-04-C1-PPWP-X2.jpg
6728117431183811842900049103,SUMATERA UTARA,KOTA MEDAN,MEDAN MARELAN,TANAH ENAM RATUS,TPS 05,2019-10-25 17:00:05,25,195,221,221,221,220,1,https://pemilu2019.kpu.go.id/img/c/900/049/900049103/1-11842-05-C1-PPWP-X1.jpg,https://pemilu2019.kpu.go.id/img/c/900/049/900049103/1-11842-05-C1-PPWP-X2.jpg
6728117431183811842900049104,SUMATERA UTARA,KOTA MEDAN,MEDAN MARELAN,TANAH ENAM RATUS,TPS 06,2019-10-25 17:00:05,34,190,301,225,225,224,1,https://pemilu2019.kpu.go.id/img/c/900/049/900049104/1-11842-06-C1-PPWP-X1.jpg,https://pemilu2019.kpu.go.id/img/c/900/049/900049104/1-11842-06-C1-PPWP-X2.jpg
6728117431183811842900049105,SUMATERA UTARA,KOTA MEDAN,MEDAN MARELAN,TANAH ENAM RATUS,TPS 07,2019-10-25 17:00:05,79,127,312,209,209,206,3,https://pemilu2019.kpu.go.id/img/c/900/049/900049105/1-11842-07-C1-PPWP-X1.jpg,https://pemilu2019.kpu.go.id/img/c/900/049/900049105/1-11842-07-C1-PPWP-X2.jpg
6728117431183811842900049106,SUMATERA UTARA,KOTA MEDAN,MEDAN MARELAN,TANAH ENAM RATUS,TPS 08,2019-10-25 17:00:05,53,163,312,218,218,216,2,https://pemilu2019.kpu.go.id/img/c/900/049/900049106/1-11842-08-C1-PPWP-X1.jpg,https://pemilu2019.kpu.go.id/img/c/900/049/900049106/1-11842-08-C1-PPWP-X2.jpg
6728117431183811842900049107,SUMATERA UTARA,KOTA MEDAN,MEDAN MARELAN,TANAH ENAM RATUS,TPS 09,2019-10-25 17:00:05,31,201,325,236,236,232,4,https://pemilu2019.kpu.go.id/img/c/900/049/900049107/1-11842-09-C1-PPWP-X1.jpg,https://pemilu2019.kpu.go.id/img/c/900/049/900049107/1-11842-09-C1-PPWP-X2.jpg
6728117431183811842900049108,SUMATERA UTARA,KOTA MEDAN,MEDAN MARELAN,TANAH ENAM RATUS,TPS 10,2019-10-25 17:00:05,33,175,293,215,215,208,7,https://pemilu2019.kpu.go.id/img/c/900/049/900049108/1-11842-10-C1-PPWP-X1.jpg,https://pemilu2019.kpu.go.id/img/c/900/049/900049108/1-11842-10-C1-PPWP-X2.jpg
6728117431183811842900049109,SUMATERA UTARA,KOTA MEDAN,MEDAN MARELAN,TANAH ENAM RATUS,TPS 11,2019-10-25 17:00:05,17,185,270,204,207,202,5,https://pemilu2019.kpu.go.id/img/c/900/049/900049109/1-11842-11-C1-PPWP-X1.jpg,https://pemilu2019.kpu.go.id/img/c/900/049/900049109/1-11842-11-C1-PPWP-X2.jpg
6728117431183811842900049110,SUMATERA UTARA,KOTA MEDAN,MEDAN MARELAN,TANAH ENAM RATUS,TPS 12,2019-10-25 17:00:05,32,223,298,255,256,255,1,https://pemilu2019.kpu.go.id/img/c/900/049/900049110/1-11842-12-C1-PPWP-X1.jpg,https://pemilu2019.kpu.go.id/img/c/900/049/900049110/1-11842-12-C1-PPWP-X2.jpg
6728117431183811842900049111,SUMATERA UTARA,KOTA MEDAN,MEDAN MARELAN,TANAH ENAM RATUS,TPS 13,2019-10-25 17:00:05,21,218,315,240,1,239,1,https://pemilu2019.kpu.go.id/img/c/900/049/900049111/1-11842-13-C1-PPWP-X1.jpg,https://pemilu2019.kpu.go.id/img/c/900/049/900049111/1-11842-13-C1-PPWP-X2.jpg
6728117431183811842900049112,SUMATERA UTARA,KOTA MEDAN,MEDAN MARELAN,TANAH ENAM RATUS,TPS 14,2019-10-25 17:00:05,43,219,319,264,264,262,2,https://pemilu2019.kpu.go.id/img/c/900/049/900049112/1-11842-14-C1-PPWP-X1.jpg,https://pemilu2019.kpu.go.id/img/c/900/049/900049112/1-11842-14-C1-PPWP-X2.jpg
6728117431183811842900049113,SUMATERA UTARA,KOTA MEDAN,MEDAN MARELAN,TANAH ENAM RATUS,TPS 15,2019-10-25 17:00:05,44,230,275,275,275,274,1,https://pemilu2019.kpu.go.id/img/c/900/049/900049113/1-11842-15-C1-PPWP-X1.jpg,https://pemilu2019.kpu.go.id/img/c/900/049/900049113/1-11842-15-C1-PPWP-X2.jpg
6728117431183811842900049114,SUMATERA UTARA,KOTA MEDAN,MEDAN MARELAN,TANAH ENAM RATUS,TPS 16,2019-10-25 17:00:05,55,174,339,231,231,231,0,https://pemilu2019.kpu.go.id/img/c/900/049/900049114/1-11842-16-C1-PPWP-X1.jpg,https://pemilu2019.kpu.go.id/img/c/900/049/900049114/1-11842-16-C1-PPWP-X2.jpg
6728117431183811842900049115,SUMATERA UTARA,KOTA MEDAN,MEDAN MARELAN,TANAH ENAM RATUS,TPS 17,2019-10-25 17:00:05,62,152,274,218,219,214,5,https://pemilu2019.kpu.go.id/img/c/900/049/900049115/1-11842-17-C1-PPWP-X1.jpg,https://pemilu2019.kpu.go.id/img/c/900/049/900049115/1-11842-17-C1-PPWP-X2.jpg
6728117431183811842900049116,SUMATERA UTARA,KOTA MEDAN,MEDAN MARELAN,TANAH ENAM RATUS,TPS 18,2019-10-25 17:00:05,51,171,296,234,224,222,2,https://pemilu2019.kpu.go.id/img/c/900/049/900049116/1-11842-18-C1-PPWP-X1.jpg,https://pemilu2019.kpu.go.id/img/c/900/049/900049116/1-11842-18-C1-PPWP-X2.jpg
6728117431183811842900049117,SUMATERA UTARA,KOTA MEDAN,MEDAN MARELAN,TANAH ENAM RATUS,TPS 19,2019-10-25 17:00:05,42,149,261,198,192,191,1,https://pemilu2019.kpu.go.id/img/c/900/049/900049117/1-11842-19-C1-PPWP-X1.jpg,https://pemilu2019.kpu.go.id/img/c/900/049/900049117/1-11842-19-C1-PPWP-X2.jpg
6728117431183811842900049118,SUMATERA UTARA,KOTA MEDAN,MEDAN MARELAN,TANAH ENAM RATUS,TPS 20,2019-10-25 17:00:05,55,121,263,179,179,176,3,https://pemilu2019.kpu.go.id/img/c/900/049/900049118/1-11842-20-C1-PPWP-X1.jpg,https://pemilu2019.kpu.go.id/img/c/900/049/900049118/1-11842-20-C1-PPWP-X2.jpg
6728117431183811842900049119,SUMATERA UTARA,KOTA MEDAN,MEDAN MARELAN,TANAH ENAM RATUS,TPS 21,2019-10-25 17:00:05,61,132,310,197,197,193,4,https://pemilu2019.kpu.go.id/img/c/900/049/900049119/1-11842-21-C1-PPWP-X1.jpg,https://pemilu2019.kpu.go.id/img/c/900/049/900049119/1-11842-21-C1-PPWP-X2.jpg
6728117431183811842900049120,SUMATERA UTARA,KOTA MEDAN,MEDAN MARELAN,TANAH ENAM RATUS,TPS 22,2019-10-25 17:00:05,50,166,297,216,216,216,0,https://pemilu2019.kpu.go.id/img/c/900/049/900049120/1-11842-22-C1-PPWP-X1.jpg,https://pemilu2019.kpu.go.id/img/c/900/049/900049120/1-11842-22-C1-PPWP-X2.jpg
6728117431183811842900049121,SUMATERA UTARA,KOTA MEDAN,MEDAN MARELAN,TANAH ENAM RATUS,TPS 23,2019-10-25 17:00:05,67,181,313,249,249,248,1,https://pemilu2019.kpu.go.id/img/c/900/049/900049121/1-11842-23-C1-PPWP-X1.jpg,https://pemilu2019.kpu.go.id/img/c/900/049/900049121/1-11842-23-C1-PPWP-X2.jpg
6728117431183811842900049122,SUMATERA UTARA,KOTA MEDAN,MEDAN MARELAN,TANAH ENAM RATUS,TPS 24,2019-10-25 17:00:05,71,145,296,216,216,216,0,https://pemilu2019.kpu.go.id/img/c/900/049/900049122/1-11842-24-C1-PPWP-X1.jpg,https://pemilu2019.kpu.go.id/img/c/900/049/900049122/1-11842-24-C1-PPWP-X2.jpg
6728117431183811842900049123,SUMATERA UTARA,KOTA MEDAN,MEDAN MARELAN,TANAH ENAM RATUS,TPS 25,2019-10-25 17:00:05,68,198,269,0,270,266,4,https://pemilu2019.kpu.go.id/img/c/900/049/900049123/1-11842-25-C1-PPWP-X1.jpg,https://pemilu2019.kpu.go.id/img/c/900/049/900049123/1-11842-25-C1-PPWP-X2.jpg
6728117431183811842900049124,SUMATERA UTARA,KOTA MEDAN,MEDAN MARELAN,TANAH ENAM RATUS,TPS 26,2019-10-25 17:00:05,57,163,291,221,221,220,1,https://pemilu2019.kpu.go.id/img/c/900/049/900049124/1-11842-26-C1-PPWP-X1.jpg,https://pemilu2019.kpu.go.id/img/c/900/049/900049124/1-11842-26-C1-PPWP-X2.jpg
6728117431183811842900049125,SUMATERA UTARA,KOTA MEDAN,MEDAN MARELAN,TANAH ENAM RATUS,TPS 27,2019-10-25 17:00:05,72,151,294,223,223,223,0,https://pemilu2019.kpu.go.id/img/c/900/049/900049125/1-11842-27-C1-PPWP-X1.jpg,https://pemilu2019.kpu.go.id/img/c/900/049/900049125/1-11842-27-C1-PPWP-X2.jpg
6728117431183811842900049126,SUMATERA UTARA,KOTA MEDAN,MEDAN MARELAN,TANAH ENAM RATUS,TPS 28,2019-10-25 17:00:05,54,157,280,212,212,211,1,https://pemilu2019.kpu.go.id/img/c/900/049/900049126/1-11842-28-C1-PPWP-X1.jpg,https://pemilu2019.kpu.go.id/img/c/900/049/900049126/1-11842-28-C1-PPWP-X2.jpg
6728117431183811842900049127,SUMATERA UTARA,KOTA MEDAN,MEDAN MARELAN,TANAH ENAM RATUS,TPS 29,2019-10-25 17:00:05,68,191,292,253,260,259,1,https://pemilu2019.kpu.go.id/img/c/900/049/900049127/1-11842-29-C1-PPWP-X1.jpg,https://pemilu2019.kpu.go.id/img/c/900/049/900049127/1-11842-29-C1-PPWP-X2.jpg
6728117431183811842900049128,SUMATERA UTARA,KOTA MEDAN,MEDAN MARELAN,TANAH ENAM RATUS,TPS 30,2019-10-25 17:00:05,36,174,310,211,211,210,1,https://pemilu2019.kpu.go.id/img/c/900/049/900049128/1-11842-30-C1-PPWP-X1.jpg,https://pemilu2019.kpu.go.id/img/c/900/049/900049128/1-11842-30-C1-PPWP-X2.jpg
6728117431183811842900049129,SUMATERA UTARA,KOTA MEDAN,MEDAN MARELAN,TANAH ENAM RATUS,TPS 31,2019-10-25 17:00:05,80,169,292,251,251,249,2,https://pemilu2019.kpu.go.id/img/c/900/049/900049129/1-11842-31-C1-PPWP-X1.jpg,https://pemilu2019.kpu.go.id/img/c/900/049/900049129/1-11842-31-C1-PPWP-X2.jpg
6728117431183811842900049130,SUMATERA UTARA,KOTA MEDAN,MEDAN MARELAN,TANAH ENAM RATUS,TPS 32,2019-10-25 17:00:05,56,181,339,239,239,237,2,https://pemilu2019.kpu.go.id/img/c/900/049/900049130/1-11842-32-C1-PPWP-X1.jpg,https://pemilu2019.kpu.go.id/img/c/900/049/900049130/1-11842-32-C1-PPWP-X2.jpg
6728117431183811842900049131,SUMATERA UTARA,KOTA MEDAN,MEDAN MARELAN,TANAH ENAM RATUS,TPS 33,2019-10-25 17:00:05,57,198,354,257,257,255,2,https://pemilu2019.kpu.go.id/img/c/900/049/900049131/1-11842-33-C1-PPWP-X1.jpg,https://pemilu2019.kpu.go.id/img/c/900/049/900049131/1-11842-33-C1-PPWP-X2.jpg
6728117431183811842900049132,SUMATERA UTARA,KOTA MEDAN,MEDAN MARELAN,TANAH ENAM RATUS,TPS 34,2019-10-25 17:00:05,48,177,324,228,228,225,3,https://pemilu2019.kpu.go.id/img/c/900/049/900049132/1-11842-34-C1-PPWP-X1.jpg,https://pemilu2019.kpu.go.id/img/c/900/049/900049132/1-11842-34-C1-PPWP-X2.jpg
6728117431183811842900049133,SUMATERA UTARA,KOTA MEDAN,MEDAN MARELAN,TANAH ENAM RATUS,TPS 35,2019-10-25 17:00:05,44,199,338,243,243,243,0,https://pemilu2019.kpu.go.id/img/c/900/049/900049133/1-11842-35-C1-PPWP-X1.jpg,https://pemilu2019.kpu.go.id/img/c/900/049/900049133/1-11842-35-C1-PPWP-X2.jpg
6728117431183811842900049134,SUMATERA UTARA,KOTA MEDAN,MEDAN MARELAN,TANAH ENAM RATUS,TPS 36,2019-10-25 17:00:05,40,120,306,160,160,160,0,https://pemilu2019.kpu.go.id/img/c/900/049/900049134/1-11842-36-C1-PPWP-X1.jpg,https://pemilu2019.kpu.go.id/img/c/900/049/900049134/1-11842-36-C1-PPWP-X2.jpg
6728117431183811842900049135,SUMATERA UTARA,KOTA MEDAN,MEDAN MARELAN,TANAH ENAM RATUS,TPS 37,2019-10-25 17:00:05,35,200,299,235,235,235,0,https://pemilu2019.kpu.go.id/img/c/900/049/900049135/1-11842-37-C1-PPWP-X1.jpg,https://pemilu2019.kpu.go.id/img/c/900/049/900049135/1-11842-37-C1-PPWP-X2.jpg
6728117431183811842900049136,SUMATERA UTARA,KOTA MEDAN,MEDAN MARELAN,TANAH ENAM RATUS,TPS 38,2019-10-25 17:00:05,52,200,299,254,254,252,2,https://pemilu2019.kpu.go.id/img/c/900/049/900049136/1-11842-38-C1-PPWP-X1.jpg,https://pemilu2019.kpu.go.id/img/c/900/049/900049136/1-11842-38-C1-PPWP-X2.jpg
6728117431183811842900049137,SUMATERA UTARA,KOTA MEDAN,MEDAN MARELAN,TANAH ENAM RATUS,TPS 39,2019-10-25 17:00:05,50,188,285,240,240,238,2,https://pemilu2019.kpu.go.id/img/c/900/049/900049137/1-11842-39-C1-PPWP-X1.jpg,https://pemilu2019.kpu.go.id/img/c/900/049/900049137/1-11842-39-C1-PPWP-X2.jpg
6728117431183811842900049138,SUMATERA UTARA,KOTA MEDAN,MEDAN MARELAN,TANAH ENAM RATUS,TPS 40,2019-10-25 17:00:05,61,185,318,248,248,246,2,https://pemilu2019.kpu.go.id/img/c/900/049/900049138/1-11842-40-C1-PPWP-X1.jpg,https://pemilu2019.kpu.go.id/img/c/900/049/900049138/1-11842-40-C1-PPWP-X2.jpg
6728117431183811842900049139,SUMATERA UTARA,KOTA MEDAN,MEDAN MARELAN,TANAH ENAM RATUS,TPS 41,2019-10-25 17:00:05,61,145,313,211,216,211,5,https://pemilu2019.kpu.go.id/img/c/900/049/900049139/1-11842-41-C1-PPWP-X1.jpg,https://pemilu2019.kpu.go.id/img/c/900/049/900049139/1-11842-41-C1-PPWP-X2.jpg
6728117431183811842900049140,SUMATERA UTARA,KOTA MEDAN,MEDAN MARELAN,TANAH ENAM RATUS,TPS 42,2019-10-25 17:00:05,78,197,354,274,281,275,6,https://pemilu2019.kpu.go.id/img/c/900/049/900049140/1-11842-42-C1-PPWP-X1.jpg,https://pemilu2019.kpu.go.id/img/c/900/049/900049140/1-11842-42-C1-PPWP-X2.jpg
6728117431183811842900049141,SUMATERA UTARA,KOTA MEDAN,MEDAN MARELAN,TANAH ENAM RATUS,TPS 43,2019-10-25 17:00:05,63,151,299,216,216,214,2,https://pemilu2019.kpu.go.id/img/c/900/049/900049141/1-11842-43-C1-PPWP-X1.jpg,https://pemilu2019.kpu.go.id/img/c/900/049/900049141/1-11842-43-C1-PPWP-X2.jpg
6728117431183811842900049142,SUMATERA UTARA,KOTA MEDAN,MEDAN MARELAN,TANAH ENAM RATUS,TPS 44,2019-10-25 17:00:05,50,200,331,250,250,250,0,https://pemilu2019.kpu.go.id/img/c/900/049/900049142/1-11842-44-C1-PPWP-X1.jpg,https://pemilu2019.kpu.go.id/img/c/900/049/900049142/1-11842-44-C1-PPWP-X2.jpg
6728117431183811842900049143,SUMATERA UTARA,KOTA MEDAN,MEDAN MARELAN,TANAH ENAM RATUS,TPS 45,2019-10-25 17:00:05,57,176,311,235,235,233,2,https://pemilu2019.kpu.go.id/img/c/900/049/900049143/1-11842-45-C1-PPWP-X1.jpg,https://pemilu2019.kpu.go.id/img/c/900/049/900049143/1-11842-45-C1-PPWP-X2.jpg
6728117431183811842900049144,SUMATERA UTARA,KOTA MEDAN,MEDAN MARELAN,TANAH ENAM RATUS,TPS 46,2019-10-25 17:00:05,46,148,287,195,195,194,1,https://pemilu2019.kpu.go.id/img/c/900/049/900049144/1-11842-46-C1-PPWP-X1.jpg,https://pemilu2019.kpu.go.id/img/c/900/049/900049144/1-11842-46-C1-PPWP-X2.jpg
6728117431183811842900049145,SUMATERA UTARA,KOTA MEDAN,MEDAN MARELAN,TANAH ENAM RATUS,TPS 47,2019-10-25 17:00:05,48,141,312,191,191,189,2,https://pemilu2019.kpu.go.id/img/c/900/049/900049145/1-11842-47-C1-PPWP-X1.jpg,https://pemilu2019.kpu.go.id/img/c/900/049/900049145/1-11842-47-C1-PPWP-X2.jpg
6728117431183811842900049146,SUMATERA UTARA,KOTA MEDAN,MEDAN MARELAN,TANAH ENAM RATUS,TPS 48,2019-10-25 17:00:05,50,146,297,196,197,196,1,https://pemilu2019.kpu.go.id/img/c/900/049/900049146/1-11842-48-C1-PPWP-X1.jpg,https://pemilu2019.kpu.go.id/img/c/900/049/900049146/1-11842-48-C1-PPWP-X2.jpg
6728117431183811842900049147,SUMATERA UTARA,KOTA MEDAN,MEDAN MARELAN,TANAH ENAM RATUS,TPS 49,2019-10-25 17:00:05,39,165,324,205,205,204,1,https://pemilu2019.kpu.go.id/img/c/900/049/900049147/1-11842-49-C1-PPWP-X1.jpg,https://pemilu2019.kpu.go.id/img/c/900/049/900049147/1-11842-49-C1-PPWP-X2.jpg
6728117431183811842900049148,SUMATERA UTARA,KOTA MEDAN,MEDAN MARELAN,TANAH ENAM RATUS,TPS 50,2019-10-25 17:00:05,64,166,308,235,235,230,5,https://pemilu2019.kpu.go.id/img/c/900/049/900049148/1-11842-50-C1-PPWP-X1.jpg,https://pemilu2019.kpu.go.id/img/c/900/049/900049148/1-11842-50-C1-PPWP-X2.jpg
6728117431183811842900049149,SUMATERA UTARA,KOTA MEDAN,MEDAN MARELAN,TANAH ENAM RATUS,TPS 51,2019-10-25 17:00:05,60,168,340,230,230,228,2,https://pemilu2019.kpu.go.id/img/c/900/049/900049149/1-11842-51-C1-PPWP-X1.jpg,https://pemilu2019.kpu.go.id/img/c/900/049/900049149/1-11842-51-C1-PPWP-X2.jpg
6728117431183811842900049150,SUMATERA UTARA,KOTA MEDAN,MEDAN MARELAN,TANAH ENAM RATUS,TPS 52,2019-10-25 17:00:05,82,163,317,246,247,245,2,https://pemilu2019.kpu.go.id/img/c/900/049/900049150/1-11842-52-C1-PPWP-X1.jpg,https://pemilu2019.kpu.go.id/img/c/900/049/900049150/1-11842-52-C1-PPWP-X2.jpg
6728117431183811842900049151,SUMATERA UTARA,KOTA MEDAN,MEDAN MARELAN,TANAH ENAM RATUS,TPS 53,2019-10-25 17:00:05,60,160,302,221,221,220,1,https://pemilu2019.kpu.go.id/img/c/900/049/900049151/1-11842-53-C1-PPWP-X1.jpg,https://pemilu2019.kpu.go.id/img/c/900/049/900049151/1-11842-53-C1-PPWP-X2.jpg
6728117431183811842900049152,SUMATERA UTARA,KOTA MEDAN,MEDAN MARELAN,TANAH ENAM RATUS,TPS 54,2019-10-25 17:00:05,77,163,333,243,243,240,3,https://pemilu2019.kpu.go.id/img/c/900/049/900049152/1-11842-54-C1-PPWP-X1.jpg,https://pemilu2019.kpu.go.id/img/c/900/049/900049152/1-11842-54-C1-PPWP-X2.jpg
6728117431183811842900049153,SUMATERA UTARA,KOTA MEDAN,MEDAN MARELAN,TANAH ENAM RATUS,TPS 55,2019-10-25 17:00:05,60,203,269,263,263,0,263,https://pemilu2019.kpu.go.id/img/c/900/049/900049153/1-11842-55-C1-PPWP-X1.jpg,https://pemilu2019.kpu.go.id/img/c/900/049/900049153/1-11842-55-C1-PPWP-X2.jpg
6728117431183811842900049154,SUMATERA UTARA,KOTA MEDAN,MEDAN MARELAN,TANAH ENAM RATUS,TPS 56,2019-10-25 17:00:05,52,168,271,223,223,223,3,https://pemilu2019.kpu.go.id/img/c/900/049/900049154/1-11842-56-C1-PPWP-X1.jpg,https://pemilu2019.kpu.go.id/img/c/900/049/900049154/1-11842-56-C1-PPWP-X2.jpg
6728117431183811842900049155,SUMATERA UTARA,KOTA MEDAN,MEDAN MARELAN,TANAH ENAM RATUS,TPS 57,2019-10-25 17:00:05,55,156,315,214,214,211,3,https://pemilu2019.kpu.go.id/img/c/900/049/900049155/1-11842-57-C1-PPWP-X1.jpg,https://pemilu2019.kpu.go.id/img/c/900/049/900049155/1-11842-57-C1-PPWP-X2.jpg
6728117431183811842900049156,SUMATERA UTARA,KOTA MEDAN,MEDAN MARELAN,TANAH ENAM RATUS,TPS 58,2019-10-25 17:00:05,66,165,303,231,231,231,0,https://pemilu2019.kpu.go.id/img/c/900/049/900049156/1-11842-58-C1-PPWP-X1.jpg,https://pemilu2019.kpu.go.id/img/c/900/049/900049156/1-11842-58-C1-PPWP-X2.jpg
6728117431183811842900049157,SUMATERA UTARA,KOTA MEDAN,MEDAN MARELAN,TANAH ENAM RATUS,TPS 59,2019-10-25 17:00:05,61,152,270,215,215,213,2,https://pemilu2019.kpu.go.id/img/c/900/049/900049157/1-11842-59-C1-PPWP-X1.jpg,https://pemilu2019.kpu.go.id/img/c/900/049/900049157/1-11842-59-C1-PPWP-X2.jpg
6728117431183811842900049158,SUMATERA UTARA,KOTA MEDAN,MEDAN MARELAN,TANAH ENAM RATUS,TPS 60,2019-10-25 17:00:05,45,153,276,200,202,198,4,https://pemilu2019.kpu.go.id/img/c/900/049/900049158/1-11842-60-C1-PPWP-X1.jpg,https://pemilu2019.kpu.go.id/img/c/900/049/900049158/1-11842-60-C1-PPWP-X2.jpg
6728117431183811842900049159,SUMATERA UTARA,KOTA MEDAN,MEDAN MARELAN,TANAH ENAM RATUS,TPS 61,2019-10-25 17:00:05,46,143,295,189,189,189,0,https://pemilu2019.kpu.go.id/img/c/900/049/900049159/1-11842-61-C1-PPWP-X1.jpg,https://pemilu2019.kpu.go.id/img/c/900/049/900049159/1-11842-61-C1-PPWP-X2.jpg
6728117431183811842900049160,SUMATERA UTARA,KOTA MEDAN,MEDAN MARELAN,TANAH ENAM RATUS,TPS 62,2019-10-25 17:00:05,45,169,304,214,214,214,0,https://pemilu2019.kpu.go.id/img/c/900/049/900049160/1-11842-62-C1-PPWP-X1.jpg,https://pemilu2019.kpu.go.id/img/c/900/049/900049160/1-11842-62-C1-PPWP-X2.jpg
6728117431183811842900049161,SUMATERA UTARA,KOTA MEDAN,MEDAN MARELAN,TANAH ENAM RATUS,TPS 63,2019-10-25 17:00:05,45,135,298,181,181,180,1,https://pemilu2019.kpu.go.id/img/c/900/049/900049161/1-11842-63-C1-PPWP-X1.jpg,https://pemilu2019.kpu.go.id/img/c/900/049/900049161/1-11842-63-C1-PPWP-X2.jpg
6728117431183811842900049162,SUMATERA UTARA,KOTA MEDAN,MEDAN MARELAN,TANAH ENAM RATUS,TPS 64,2019-10-25 17:00:05,57,131,250,250,190,188,2,https://pemilu2019.kpu.go.id/img/c/900/049/900049162/1-11842-64-C1-PPWP-X1.jpg,https://pemilu2019.kpu.go.id/img/c/900/049/900049162/1-11842-64-C1-PPWP-X2.jpg
6728117431183811842900049163,SUMATERA UTARA,KOTA MEDAN,MEDAN MARELAN,TANAH ENAM RATUS,TPS 65,2019-10-25 17:00:05,43,182,298,227,227,225,2,https://pemilu2019.kpu.go.id/img/c/900/049/900049163/1-11842-65-C1-PPWP-X1.jpg,https://pemilu2019.kpu.go.id/img/c/900/049/900049163/1-11842-65-C1-PPWP-X2.jpg
6728117431183811842900049164,SUMATERA UTARA,KOTA MEDAN,MEDAN MARELAN,TANAH ENAM RATUS,TPS 66,2019-10-25 17:00:05,65,167,286,232,232,232,0,https://pemilu2019.kpu.go.id/img/c/900/049/900049164/1-11842-66-C1-PPWP-X1.jpg,https://pemilu2019.kpu.go.id/img/c/900/049/900049164/1-11842-66-C1-PPWP-X2.jpg
6728117431183811842900049165,SUMATERA UTARA,KOTA MEDAN,MEDAN MARELAN,TANAH ENAM RATUS,TPS 67,2019-10-25 17:00:05,58,143,276,202,202,201,1,https://pemilu2019.kpu.go.id/img/c/900/049/900049165/1-11842-67-C1-PPWP-X1.jpg,https://pemilu2019.kpu.go.id/img/c/900/049/900049165/1-11842-67-C1-PPWP-X2.jpg
6728117431183811842900049166,SUMATERA UTARA,KOTA MEDAN,MEDAN MARELAN,TANAH ENAM RATUS,TPS 68,2019-10-25 17:00:05,21,197,281,219,219,218,1,https://pemilu2019.kpu.go.id/img/c/900/049/900049166/1-11842-68-C1-PPWP-X1.jpg,https://pemilu2019.kpu.go.id/img/c/900/049/900049166/1-11842-68-C1-PPWP-X2.jpg
6728117431183811842900049167,SUMATERA UTARA,KOTA MEDAN,MEDAN MARELAN,TANAH ENAM RATUS,TPS 69,2019-10-25 17:00:05,66,163,276,231,231,229,2,https://pemilu2019.kpu.go.id/img/c/900/049/900049167/1-11842-69-C1-PPWP-X1.jpg,https://pemilu2019.kpu.go.id/img/c/900/049/900049167/1-11842-69-C1-PPWP-X2.jpg
6728117431183811842900049168,SUMATERA UTARA,KOTA MEDAN,MEDAN MARELAN,TANAH ENAM RATUS,TPS 70,2019-10-25 17:00:05,64,149,277,216,216,213,3,https://pemilu2019.kpu.go.id/img/c/900/049/900049168/1-11842-70-C1-PPWP-X1.jpg,https://pemilu2019.kpu.go.id/img/c/900/049/900049168/1-11842-70-C1-PPWP-X2.jpg
6728117431183811841900049012,SUMATERA UTARA,KOTA MEDAN,MEDAN MARELAN,TERJUN,TPS 01,2019-10-25 17:00:05,56,171,294,230,230,227,3,https://pemilu2019.kpu.go.id/img/c/900/049/900049012/2-11841-01-C1-PPWP-X1.jpg,https://pemilu2019.kpu.go.id/img/c/900/049/900049012/2-11841-01-C1-PPWP-X2.jpg
6728117431183811841900049013,SUMATERA UTARA,KOTA MEDAN,MEDAN MARELAN,TERJUN,TPS 02,2019-10-25 17:00:05,77,155,305,234,234,232,2,https://pemilu2019.kpu.go.id/img/c/900/049/900049013/1-11841-02-C1-PPWP-X1.jpg,https://pemilu2019.kpu.go.id/img/c/900/049/900049013/1-11841-02-C1-PPWP-X2.jpg
6728117431183811841900049014,SUMATERA UTARA,KOTA MEDAN,MEDAN MARELAN,TERJUN,TPS 03,2019-10-25 17:00:05,49,163,294,214,214,212,2,https://pemilu2019.kpu.go.id/img/c/900/049/900049014/1-11841-03-C1-PPWP-X1.jpg,https://pemilu2019.kpu.go.id/img/c/900/049/900049014/1-11841-03-C1-PPWP-X2.jpg
6728117431183811841900049015,SUMATERA UTARA,KOTA MEDAN,MEDAN MARELAN,TERJUN,TPS 04,2019-10-25 17:00:05,45,147,298,195,195,192,3,https://pemilu2019.kpu.go.id/img/c/900/049/900049015/3-11841-04-C1-PPWP-X1.jpg,https://pemilu2019.kpu.go.id/img/c/900/049/900049015/3-11841-04-C1-PPWP-X2.jpg
6728117431183811841900049016,SUMATERA UTARA,KOTA MEDAN,MEDAN MARELAN,TERJUN,TPS 05,2019-10-25 17:00:05,59,165,227,227,227,224,3,https://pemilu2019.kpu.go.id/img/c/900/049/900049016/1-11841-05-C1-PPWP-X1.jpg,https://pemilu2019.kpu.go.id/img/c/900/049/900049016/1-11841-05-C1-PPWP-X2.jpg
6728117431183811841900049017,SUMATERA UTARA,KOTA MEDAN,MEDAN MARELAN,TERJUN,TPS 06,2019-10-25 17:00:05,47,176,326,225,225,223,2,https://pemilu2019.kpu.go.id/img/c/900/049/900049017/2-11841-06-C1-PPWP-X1.jpg,https://pemilu2019.kpu.go.id/img/c/900/049/900049017/2-11841-06-C1-PPWP-X2.jpg
6728117431183811841900049018,SUMATERA UTARA,KOTA MEDAN,MEDAN MARELAN,TERJUN,TPS 07,2019-10-25 17:00:05,47,199,314,248,248,246,2,https://pemilu2019.kpu.go.id/img/c/900/049/900049018/1-11841-07-C1-PPWP-X1.jpg,https://pemilu2019.kpu.go.id/img/c/900/049/900049018/1-11841-07-C1-PPWP-X2.jpg
6728117431183811841900049019,SUMATERA UTARA,KOTA MEDAN,MEDAN MARELAN,TERJUN,TPS 08,2019-10-25 17:00:05,66,199,262,267,267,265,2,https://pemilu2019.kpu.go.id/img/c/900/049/900049019/1-11841-08-C1-PPWP-X1.jpg,https://pemilu2019.kpu.go.id/img/c/900/049/900049019/1-11841-08-C1-PPWP-X2.jpg
6728117431183811841900049020,SUMATERA UTARA,KOTA MEDAN,MEDAN MARELAN,TERJUN,TPS 09,2019-10-25 17:00:05,48,174,223,223,223,222,1,https://pemilu2019.kpu.go.id/img/c/900/049/900049020/1-11841-09-C1-PPWP-X1.jpg,https://pemilu2019.kpu.go.id/img/c/900/049/900049020/1-11841-09-C1-PPWP-X2.jpg
6728117431183811841900049021,SUMATERA UTARA,KOTA MEDAN,MEDAN MARELAN,TERJUN,TPS 10,2019-10-25 17:00:05,61,177,317,239,253,228,15,https://pemilu2019.kpu.go.id/img/c/900/049/900049021/1-11841-10-C1-PPWP-X1.jpg,https://pemilu2019.kpu.go.id/img/c/900/049/900049021/1-11841-10-C1-PPWP-X2.jpg
6728117431183811841900049022,SUMATERA UTARA,KOTA MEDAN,MEDAN MARELAN,TERJUN,TPS 11,2019-10-25 17:00:05,68,146,257,214,214,214,0,https://pemilu2019.kpu.go.id/img/c/900/049/900049022/1-11841-11-C1-PPWP-X1.jpg,https://pemilu2019.kpu.go.id/img/c/900/049/900049022/1-11841-11-C1-PPWP-X2.jpg
6728117431183811841900049023,SUMATERA UTARA,KOTA MEDAN,MEDAN MARELAN,TERJUN,TPS 12,2019-10-25 17:00:05,61,167,312,232,232,228,4,https://pemilu2019.kpu.go.id/img/c/900/049/900049023/1-11841-12-C1-PPWP-X1.jpg,https://pemilu2019.kpu.go.id/img/c/900/049/900049023/1-11841-12-C1-PPWP-X2.jpg
6728117431183811841900049024,SUMATERA UTARA,KOTA MEDAN,MEDAN MARELAN,TERJUN,TPS 13,2019-10-25 17:00:05,60,167,311,228,228,227,1,https://pemilu2019.kpu.go.id/img/c/900/049/900049024/1-11841-13-C1-PPWP-X1.jpg,https://pemilu2019.kpu.go.id/img/c/900/049/900049024/1-11841-13-C1-PPWP-X2.jpg
6728117431183811841900049025,SUMATERA UTARA,KOTA MEDAN,MEDAN MARELAN,TERJUN,TPS 14,2019-10-25 17:00:05,44,195,315,243,243,239,0,https://pemilu2019.kpu.go.id/img/c/900/049/900049025/1-11841-14-C1-PPWP-X1.jpg,https://pemilu2019.kpu.go.id/img/c/900/049/900049025/1-11841-14-C1-PPWP-X2.jpg
6728117431183811841900049026,SUMATERA UTARA,KOTA MEDAN,MEDAN MARELAN,TERJUN,TPS 15,2019-10-25 17:00:05,64,203,339,273,273,267,6,https://pemilu2019.kpu.go.id/img/c/900/049/900049026/1-11841-15-C1-PPWP-X1.jpg,https://pemilu2019.kpu.go.id/img/c/900/049/900049026/1-11841-15-C1-PPWP-X2.jpg
6728117431183811841900049027,SUMATERA UTARA,KOTA MEDAN,MEDAN MARELAN,TERJUN,TPS 16,2019-10-25 17:00:05,55,202,310,257,259,257,2,https://pemilu2019.kpu.go.id/img/c/900/049/900049027/1-11841-16-C1-PPWP-X1.jpg,https://pemilu2019.kpu.go.id/img/c/900/049/900049027/1-11841-16-C1-PPWP-X2.jpg
6728117431183811841900049028,SUMATERA UTARA,KOTA MEDAN,MEDAN MARELAN,TERJUN,TPS 17,2019-10-25 17:00:05,72,117,247,190,190,189,1,https://pemilu2019.kpu.go.id/img/c/900/049/900049028/1-11841-17-C1-PPWP-X1.jpg,https://pemilu2019.kpu.go.id/img/c/900/049/900049028/1-11841-17-C1-PPWP-X2.jpg
6728117431183811841900049029,SUMATERA UTARA,KOTA MEDAN,MEDAN MARELAN,TERJUN,TPS 18,2019-10-25 17:00:05,79,127,271,207,207,206,1,https://pemilu2019.kpu.go.id/img/c/900/049/900049029/1-11841-18-C1-PPWP-X1.jpg,https://pemilu2019.kpu.go.id/img/c/900/049/900049029/1-11841-18-C1-PPWP-X2.jpg
6728117431183811841900049030,SUMATERA UTARA,KOTA MEDAN,MEDAN MARELAN,TERJUN,TPS 19,2019-10-25 17:00:05,77,113,247,196,196,190,6,https://pemilu2019.kpu.go.id/img/c/900/049/900049030/1-11841-19-C1-PPWP-X1.jpg,https://pemilu2019.kpu.go.id/img/c/900/049/900049030/1-11841-19-C1-PPWP-X2.jpg
6728117431183811841900049031,SUMATERA UTARA,KOTA MEDAN,MEDAN MARELAN,TERJUN,TPS 20,2019-10-25 17:00:05,62,106,227,169,169,168,1,https://pemilu2019.kpu.go.id/img/c/900/049/900049031/1-11841-20-C1-PPWP-X1.jpg,https://pemilu2019.kpu.go.id/img/c/900/049/900049031/1-11841-20-C1-PPWP-X2.jpg
6728117431183811841900049032,SUMATERA UTARA,KOTA MEDAN,MEDAN MARELAN,TERJUN,TPS 21,2019-10-25 17:00:05,71,101,234,173,173,172,1,https://pemilu2019.kpu.go.id/img/c/900/049/900049032/1-11841-21-C1-PPWP-X1.jpg,https://pemilu2019.kpu.go.id/img/c/900/049/900049032/1-11841-21-C1-PPWP-X2.jpg
6728117431183811841900049033,SUMATERA UTARA,KOTA MEDAN,MEDAN MARELAN,TERJUN,TPS 22,2019-10-25 17:00:05,51,143,253,195,195,194,1,https://pemilu2019.kpu.go.id/img/c/900/049/900049033/1-11841-22-C1-PPWP-X1.jpg,https://pemilu2019.kpu.go.id/img/c/900/049/900049033/1-11841-22-C1-PPWP-X2.jpg
6728117431183811841900049034,SUMATERA UTARA,KOTA MEDAN,MEDAN MARELAN,TERJUN,TPS 23,2019-10-25 17:00:05,40,155,199,195,195,195,0,https://pemilu2019.kpu.go.id/img/c/900/049/900049034/1-11841-23-C1-PPWP-X1.jpg,https://pemilu2019.kpu.go.id/img/c/900/049/900049034/1-11841-23-C1-PPWP-X2.jpg
6728117431183811841900049035,SUMATERA UTARA,KOTA MEDAN,MEDAN MARELAN,TERJUN,TPS 24,2019-10-25 17:00:05,56,149,261,206,208,205,3,https://pemilu2019.kpu.go.id/img/c/900/049/900049035/1-11841-24-C1-PPWP-X1.jpg,https://pemilu2019.kpu.go.id/img/c/900/049/900049035/1-11841-24-C1-PPWP-X2.jpg
6728117431183811841900049036,SUMATERA UTARA,KOTA MEDAN,MEDAN MARELAN,TERJUN,TPS 25,2019-10-25 17:00:05,68,133,270,201,201,201,0,https://pemilu2019.kpu.go.id/img/c/900/049/900049036/2-11841-25-C1-PPWP-X1.jpg,https://pemilu2019.kpu.go.id/img/c/900/049/900049036/2-11841-25-C1-PPWP-X2.jpg
6728117431183811841900049037,SUMATERA UTARA,KOTA MEDAN,MEDAN MARELAN,TERJUN,TPS 26,2019-10-25 17:00:05,61,188,294,252,252,249,3,https://pemilu2019.kpu.go.id/img/c/900/049/900049037/1-11841-26-C1-PPWP-X1.jpg,https://pemilu2019.kpu.go.id/img/c/900/049/900049037/1-11841-26-C1-PPWP-X2.jpg
6728117431183811841900049038,SUMATERA UTARA,KOTA MEDAN,MEDAN MARELAN,TERJUN,TPS 27,2019-10-25 17:00:05,67,149,283,217,217,216,1,https://pemilu2019.kpu.go.id/img/c/900/049/900049038/1-11841-27-C1-PPWP-X1.jpg,https://pemilu2019.kpu.go.id/img/c/900/049/900049038/1-11841-27-C1-PPWP-X2.jpg
6728117431183811841900049039,SUMATERA UTARA,KOTA MEDAN,MEDAN MARELAN,TERJUN,TPS 28,2019-10-25 17:00:05,44,140,211,186,186,184,2,https://pemilu2019.kpu.go.id/img/c/900/049/900049039/1-11841-28-C1-PPWP-X1.jpg,https://pemilu2019.kpu.go.id/img/c/900/049/900049039/1-11841-28-C1-PPWP-X2.jpg
6728117431183811841900049040,SUMATERA UTARA,KOTA MEDAN,MEDAN MARELAN,TERJUN,TPS 29,2019-10-25 17:00:05,31,128,236,160,160,159,1,https://pemilu2019.kpu.go.id/img/c/900/049/900049040/1-11841-29-C1-PPWP-X1.jpg,https://pemilu2019.kpu.go.id/img/c/900/049/900049040/1-11841-29-C1-PPWP-X2.jpg
6728117431183811841900049041,SUMATERA UTARA,KOTA MEDAN,MEDAN MARELAN,TERJUN,TPS 30,2019-10-25 17:00:05,24,196,305,222,222,220,2,https://pemilu2019.kpu.go.id/img/c/900/049/900049041/1-11841-30-C1-PPWP-X1.jpg,https://pemilu2019.kpu.go.id/img/c/900/049/900049041/1-11841-30-C1-PPWP-X2.jpg
6728117431183811841900049042,SUMATERA UTARA,KOTA MEDAN,MEDAN MARELAN,TERJUN,TPS 31,2019-10-25 17:00:05,40,193,322,234,234,233,1,https://pemilu2019.kpu.go.id/img/c/900/049/900049042/1-11841-31-C1-PPWP-X1.jpg,https://pemilu2019.kpu.go.id/img/c/900/049/900049042/1-11841-31-C1-PPWP-X2.jpg
6728117431183811841900049043,SUMATERA UTARA,KOTA MEDAN,MEDAN MARELAN,TERJUN,TPS 32,2019-10-25 17:00:05,36,219,347,267,267,255,12,https://pemilu2019.kpu.go.id/img/c/900/049/900049043/1-11841-32-C1-PPWP-X1.jpg,https://pemilu2019.kpu.go.id/img/c/900/049/900049043/1-11841-32-C1-PPWP-X2.jpg
6728117431183811841900049044,SUMATERA UTARA,KOTA MEDAN,MEDAN MARELAN,TERJUN,TPS 33,2019-10-25 17:00:05,45,203,315,251,251,248,3,https://pemilu2019.kpu.go.id/img/c/900/049/900049044/1-11841-33-C1-PPWP-X1.jpg,https://pemilu2019.kpu.go.id/img/c/900/049/900049044/1-11841-33-C1-PPWP-X2.jpg
6728117431183811841900049045,SUMATERA UTARA,KOTA MEDAN,MEDAN MARELAN,TERJUN,TPS 34,2019-10-25 17:00:05,40,112,621,152,152,152,0,https://pemilu2019.kpu.go.id/img/c/900/049/900049045/1-11841-34-C1-PPWP-X1.jpg,https://pemilu2019.kpu.go.id/img/c/900/049/900049045/1-11841-34-C1-PPWP-X2.jpg
6728117431183811841900049046,SUMATERA UTARA,KOTA MEDAN,MEDAN MARELAN,TERJUN,TPS 35,2019-10-25 17:00:05,25,143,197,169,169,168,1,https://pemilu2019.kpu.go.id/img/c/900/049/900049046/1-11841-35-C1-PPWP-X1.jpg,https://pemilu2019.kpu.go.id/img/c/900/049/900049046/1-11841-35-C1-PPWP-X2.jpg
6728117431183811841900049047,SUMATERA UTARA,KOTA MEDAN,MEDAN MARELAN,TERJUN,TPS 36,2019-10-25 17:00:05,40,151,259,193,193,191,2,https://pemilu2019.kpu.go.id/img/c/900/049/900049047/1-11841-36-C1-PPWP-X1.jpg,https://pemilu2019.kpu.go.id/img/c/900/049/900049047/1-11841-36-C1-PPWP-X2.jpg
6728117431183811841900049048,SUMATERA UTARA,KOTA MEDAN,MEDAN MARELAN,TERJUN,TPS 37,2019-10-25 17:00:05,31,164,242,195,195,195,0,https://pemilu2019.kpu.go.id/img/c/900/049/900049048/1-11841-37-C1-PPWP-X1.jpg,https://pemilu2019.kpu.go.id/img/c/900/049/900049048/1-11841-37-C1-PPWP-X2.jpg
6728117431183811841900049049,SUMATERA UTARA,KOTA MEDAN,MEDAN MARELAN,TERJUN,TPS 38,2019-10-25 17:00:05,41,137,251,179,179,178,1,https://pemilu2019.kpu.go.id/img/c/900/049/900049049/1-11841-38-C1-PPWP-X1.jpg,https://pemilu2019.kpu.go.id/img/c/900/049/900049049/1-11841-38-C1-PPWP-X2.jpg
6728117431183811841900049050,SUMATERA UTARA,KOTA MEDAN,MEDAN MARELAN,TERJUN,TPS 39,2019-10-25 17:00:05,57,123,249,182,184,182,2,https://pemilu2019.kpu.go.id/img/c/900/049/900049050/1-11841-39-C1-PPWP-X1.jpg,https://pemilu2019.kpu.go.id/img/c/900/049/900049050/1-11841-39-C1-PPWP-X2.jpg
6728117431183811841900049051,SUMATERA UTARA,KOTA MEDAN,MEDAN MARELAN,TERJUN,TPS 40,2019-10-25 17:00:05,55,167,264,223,223,222,1,https://pemilu2019.kpu.go.id/img/c/900/049/900049051/1-11841-40-C1-PPWP-X1.jpg,https://pemilu2019.kpu.go.id/img/c/900/049/900049051/1-11841-40-C1-PPWP-X2.jpg
6728117431183811841900049052,SUMATERA UTARA,KOTA MEDAN,MEDAN MARELAN,TERJUN,TPS 41,2019-10-25 17:00:05,60,115,261,178,178,175,3,https://pemilu2019.kpu.go.id/img/c/900/049/900049052/1-11841-41-C1-PPWP-X1.jpg,https://pemilu2019.kpu.go.id/img/c/900/049/900049052/1-11841-41-C1-PPWP-X2.jpg
6728117431183811841900049053,SUMATERA UTARA,KOTA MEDAN,MEDAN MARELAN,TERJUN,TPS 42,2019-10-25 17:00:05,38,155,232,194,194,193,1,https://pemilu2019.kpu.go.id/img/c/900/049/900049053/1-11841-42-C1-PPWP-X1.jpg,https://pemilu2019.kpu.go.id/img/c/900/049/900049053/1-11841-42-C1-PPWP-X2.jpg
6728117431183811841900049054,SUMATERA UTARA,KOTA MEDAN,MEDAN MARELAN,TERJUN,TPS 43,2019-10-25 17:00:05,30,128,205,158,158,158,0,https://pemilu2019.kpu.go.id/img/c/900/049/900049054/1-11841-43-C1-PPWP-X1.jpg,https://pemilu2019.kpu.go.id/img/c/900/049/900049054/1-11841-43-C1-PPWP-X2.jpg
6728117431183811841900049055,SUMATERA UTARA,KOTA MEDAN,MEDAN MARELAN,TERJUN,TPS 44,2019-10-25 17:00:05,31,151,242,184,184,182,2,https://pemilu2019.kpu.go.id/img/c/900/049/900049055/1-11841-44-C1-PPWP-X1.jpg,https://pemilu2019.kpu.go.id/img/c/900/049/900049055/1-11841-44-C1-PPWP-X2.jpg
6728117431183811841900049056,SUMATERA UTARA,KOTA MEDAN,MEDAN MARELAN,TERJUN,TPS 45,2019-10-25 17:00:05,29,146,207,180,180,175,5,https://pemilu2019.kpu.go.id/img/c/900/049/900049056/1-11841-45-C1-PPWP-X1.jpg,https://pemilu2019.kpu.go.id/img/c/900/049/900049056/1-11841-45-C1-PPWP-X2.jpg
6728117431183811841900049057,SUMATERA UTARA,KOTA MEDAN,MEDAN MARELAN,TERJUN,TPS 46,2019-10-25 17:00:05,57,154,223,212,213,211,2,https://pemilu2019.kpu.go.id/img/c/900/049/900049057/1-11841-46-C1-PPWP-X1.jpg,https://pemilu2019.kpu.go.id/img/c/900/049/900049057/1-11841-46-C1-PPWP-X2.jpg
6728117431183811841900049058,SUMATERA UTARA,KOTA MEDAN,MEDAN MARELAN,TERJUN,TPS 47,2019-10-25 17:00:05,52,124,213,178,177,176,1,https://pemilu2019.kpu.go.id/img/c/900/049/900049058/1-11841-47-C1-PPWP-X1.jpg,https://pemilu2019.kpu.go.id/img/c/900/049/900049058/1-11841-47-C1-PPWP-X2.jpg
6728117431183811841900049059,SUMATERA UTARA,KOTA MEDAN,MEDAN MARELAN,TERJUN,TPS 48,2019-10-25 17:00:05,146,144,349,290,290,290,0,https://pemilu2019.kpu.go.id/img/c/900/049/900049059/1-11841-48-C1-PPWP-X1.jpg,https://pemilu2019.kpu.go.id/img/c/900/049/900049059/1-11841-48-C1-PPWP-X2.jpg
6728117431183811841900049060,SUMATERA UTARA,KOTA MEDAN,MEDAN MARELAN,TERJUN,TPS 49,2019-10-25 17:00:05,88,137,302,226,226,225,1,https://pemilu2019.kpu.go.id/img/c/900/049/900049060/1-11841-49-C1-PPWP-X1.jpg,https://pemilu2019.kpu.go.id/img/c/900/049/900049060/1-11841-49-C1-PPWP-X2.jpg
6728117431183811841900049061,SUMATERA UTARA,KOTA MEDAN,MEDAN MARELAN,TERJUN,TPS 50,2019-10-25 17:00:05,82,106,263,188,188,188,0,https://pemilu2019.kpu.go.id/img/c/900/049/900049061/2-11841-50-C1-PPWP-X1.jpg,https://pemilu2019.kpu.go.id/img/c/900/049/900049061/2-11841-50-C1-PPWP-X2.jpg
6728117431183811841900049062,SUMATERA UTARA,KOTA MEDAN,MEDAN MARELAN,TERJUN,TPS 51,2019-10-25 17:00:05,60,119,213,180,180,179,1,https://pemilu2019.kpu.go.id/img/c/900/049/900049062/1-11841-51-C1-PPWP-X1.jpg,https://pemilu2019.kpu.go.id/img/c/900/049/900049062/1-11841-51-C1-PPWP-X2.jpg
6728117431183811841900049063,SUMATERA UTARA,KOTA MEDAN,MEDAN MARELAN,TERJUN,TPS 52,2019-10-25 17:00:05,41,104,219,146,146,145,1,https://pemilu2019.kpu.go.id/img/c/900/049/900049063/2-11841-52-C1-PPWP-X1.jpg,https://pemilu2019.kpu.go.id/img/c/900/049/900049063/2-11841-52-C1-PPWP-X2.jpg
6728117431183811841900049064,SUMATERA UTARA,KOTA MEDAN,MEDAN MARELAN,TERJUN,TPS 53,2019-10-25 17:00:05,59,165,227,227,227,224,3,https://pemilu2019.kpu.go.id/img/c/900/049/900049064/1-11841-53-C1-PPWP-X1.jpg,https://pemilu2019.kpu.go.id/img/c/900/049/900049064/1-11841-53-C1-PPWP-X2.jpg
6728117431183811841900049065,SUMATERA UTARA,KOTA MEDAN,MEDAN MARELAN,TERJUN,TPS 54,2019-10-25 17:00:05,46,119,226,166,166,165,1,https://pemilu2019.kpu.go.id/img/c/900/049/900049065/1-11841-54-C1-PPWP-X1.jpg,https://pemilu2019.kpu.go.id/img/c/900/049/900049065/1-11841-54-C1-PPWP-X2.jpg
6728117431183811841900049066,SUMATERA UTARA,KOTA MEDAN,MEDAN MARELAN,TERJUN,TPS 55,2019-10-25 17:00:05,46,171,285,219,219,217,2,https://pemilu2019.kpu.go.id/img/c/900/049/900049066/2-11841-55-C1-PPWP-X1.jpg,https://pemilu2019.kpu.go.id/img/c/900/049/900049066/2-11841-55-C1-PPWP-X2.jpg
6728117431183811841900049067,SUMATERA UTARA,KOTA MEDAN,MEDAN MARELAN,TERJUN,TPS 56,2019-10-25 17:00:05,38,200,305,243,243,238,5,https://pemilu2019.kpu.go.id/img/c/900/049/900049067/2-11841-56-C1-PPWP-X1.jpg,https://pemilu2019.kpu.go.id/img/c/900/049/900049067/2-11841-56-C1-PPWP-X2.jpg
6728117431183811841900049068,SUMATERA UTARA,KOTA MEDAN,MEDAN MARELAN,TERJUN,TPS 57,2019-10-25 17:00:05,44,161,264,206,206,205,1,https://pemilu2019.kpu.go.id/img/c/900/049/900049068/2-11841-57-C1-PPWP-X1.jpg,https://pemilu2019.kpu.go.id/img/c/900/049/900049068/2-11841-57-C1-PPWP-X2.jpg
6728117431183811841900049069,SUMATERA UTARA,KOTA MEDAN,MEDAN MARELAN,TERJUN,TPS 58,2019-10-25 17:00:05,25,180,264,205,205,205,0,https://pemilu2019.kpu.go.id/img/c/900/049/900049069/2-11841-58-C1-PPWP-X1.jpg,https://pemilu2019.kpu.go.id/img/c/900/049/900049069/2-11841-58-C1-PPWP-X2.jpg
6728117431183811841900049070,SUMATERA UTARA,KOTA MEDAN,MEDAN MARELAN,TERJUN,TPS 59,2019-10-25 17:00:05,34,190,318,227,227,224,3,https://pemilu2019.kpu.go.id/img/c/900/049/900049070/2-11841-59-C1-PPWP-X1.jpg,https://pemilu2019.kpu.go.id/img/c/900/049/900049070/2-11841-59-C1-PPWP-X2.jpg
6728117431183811841900049071,SUMATERA UTARA,KOTA MEDAN,MEDAN MARELAN,TERJUN,TPS 60,2019-10-25 17:00:05,43,155,276,201,201,198,3,https://pemilu2019.kpu.go.id/img/c/900/049/900049071/2-11841-60-C1-PPWP-X1.jpg,https://pemilu2019.kpu.go.id/img/c/900/049/900049071/2-11841-60-C1-PPWP-X2.jpg
6728117431183811841900049072,SUMATERA UTARA,KOTA MEDAN,MEDAN MARELAN,TERJUN,TPS 61,2019-10-25 17:00:05,74,119,231,195,195,193,2,https://pemilu2019.kpu.go.id/img/c/900/049/900049072/1-11841-61-C1-PPWP-X1.jpg,https://pemilu2019.kpu.go.id/img/c/900/049/900049072/1-11841-61-C1-PPWP-X2.jpg
6728117431183811841900049073,SUMATERA UTARA,KOTA MEDAN,MEDAN MARELAN,TERJUN,TPS 62,2019-10-25 17:00:05,25,151,209,177,177,176,1,https://pemilu2019.kpu.go.id/img/c/900/049/900049073/1-11841-62-C1-PPWP-X1.jpg,https://pemilu2019.kpu.go.id/img/c/900/049/900049073/1-11841-62-C1-PPWP-X2.jpg
6728117431183811841900049074,SUMATERA UTARA,KOTA MEDAN,MEDAN MARELAN,TERJUN,TPS 63,2019-10-25 17:00:05,51,145,249,197,1,196,1,https://pemilu2019.kpu.go.id/img/c/900/049/900049074/1-11841-63-C1-PPWP-X1.jpg,https://pemilu2019.kpu.go.id/img/c/900/049/900049074/1-11841-63-C1-PPWP-X2.jpg
6728117431183811841900049075,SUMATERA UTARA,KOTA MEDAN,MEDAN MARELAN,TERJUN,TPS 64,2019-10-25 17:00:05,47,138,252,186,186,185,1,https://pemilu2019.kpu.go.id/img/c/900/049/900049075/2-11841-64-C1-PPWP-X1.jpg,https://pemilu2019.kpu.go.id/img/c/900/049/900049075/2-11841-64-C1-PPWP-X2.jpg
6728117431183811841900049076,SUMATERA UTARA,KOTA MEDAN,MEDAN MARELAN,TERJUN,TPS 65,2019-10-25 17:00:05,46,148,253,195,195,194,1,https://pemilu2019.kpu.go.id/img/c/900/049/900049076/2-11841-65-C1-PPWP-X1.jpg,https://pemilu2019.kpu.go.id/img/c/900/049/900049076/2-11841-65-C1-PPWP-X2.jpg
6728117431183811841900049077,SUMATERA UTARA,KOTA MEDAN,MEDAN MARELAN,TERJUN,TPS 66,2019-10-25 17:00:05,67,123,256,191,191,190,1,https://pemilu2019.kpu.go.id/img/c/900/049/900049077/2-11841-66-C1-PPWP-X1.jpg,https://pemilu2019.kpu.go.id/img/c/900/049/900049077/2-11841-66-C1-PPWP-X2.jpg
6728117431183811841900049078,SUMATERA UTARA,KOTA MEDAN,MEDAN MARELAN,TERJUN,TPS 67,2019-10-25 17:00:05,58,145,272,206,206,203,3,https://pemilu2019.kpu.go.id/img/c/900/049/900049078/2-11841-67-C1-PPWP-X1.jpg,https://pemilu2019.kpu.go.id/img/c/900/049/900049078/2-11841-67-C1-PPWP-X2.jpg
6728117431183811841900049079,SUMATERA UTARA,KOTA MEDAN,MEDAN MARELAN,TERJUN,TPS 68,2019-10-25 17:00:05,32,73,201,105,105,105,0,https://pemilu2019.kpu.go.id/img/c/900/049/900049079/2-11841-68-C1-PPWP-X1.jpg,https://pemilu2019.kpu.go.id/img/c/900/049/900049079/2-11841-68-C1-PPWP-X2.jpg
6728117431183811841900049080,SUMATERA UTARA,KOTA MEDAN,MEDAN MARELAN,TERJUN,TPS 69,2019-10-25 17:00:05,53,89,204,143,143,142,1,https://pemilu2019.kpu.go.id/img/c/900/049/900049080/2-11841-69-C1-PPWP-X1.jpg,https://pemilu2019.kpu.go.id/img/c/900/049/900049080/2-11841-69-C1-PPWP-X2.jpg
6728117431183811841900049081,SUMATERA UTARA,KOTA MEDAN,MEDAN MARELAN,TERJUN,TPS 70,2019-10-25 17:00:05,61,107,139,169,169,168,1,https://pemilu2019.kpu.go.id/img/c/900/049/900049081/1-11841-70-C1-PPWP-X1.jpg,https://pemilu2019.kpu.go.id/img/c/900/049/900049081/1-11841-70-C1-PPWP-X2.jpg
6728117431183811841900049082,SUMATERA UTARA,KOTA MEDAN,MEDAN MARELAN,TERJUN,TPS 71,2019-10-25 17:00:05,52,123,225,179,179,175,4,https://pemilu2019.kpu.go.id/img/c/900/049/900049082/1-11841-71-C1-PPWP-X1.jpg,https://pemilu2019.kpu.go.id/img/c/900/049/900049082/1-11841-71-C1-PPWP-X2.jpg
6728117431183811841900049083,SUMATERA UTARA,KOTA MEDAN,MEDAN MARELAN,TERJUN,TPS 72,2019-10-25 17:00:05,85,44,193,131,131,129,2,https://pemilu2019.kpu.go.id/img/c/900/049/900049083/1-11841-72-C1-PPWP-X1.jpg,https://pemilu2019.kpu.go.id/img/c/900/049/900049083/1-11841-72-C1-PPWP-X2.jpg
6728117431183811841900049084,SUMATERA UTARA,KOTA MEDAN,MEDAN MARELAN,TERJUN,TPS 73,2019-10-25 17:00:05,77,57,197,134,134,134,0,https://pemilu2019.kpu.go.id/img/c/900/049/900049084/2-11841-73-C1-PPWP-X1.jpg,https://pemilu2019.kpu.go.id/img/c/900/049/900049084/2-11841-73-C1-PPWP-X2.jpg
6728117431183811841900049085,SUMATERA UTARA,KOTA MEDAN,MEDAN MARELAN,TERJUN,TPS 74,2019-10-25 17:00:05,70,74,239,146,146,144,2,https://pemilu2019.kpu.go.id/img/c/900/049/900049085/2-11841-74-C1-PPWP-X1.jpg,https://pemilu2019.kpu.go.id/img/c/900/049/900049085/2-11841-74-C1-PPWP-X2.jpg
6728117431183811841900049086,SUMATERA UTARA,KOTA MEDAN,MEDAN MARELAN,TERJUN,TPS 75,2019-10-25 17:00:05,95,58,246,153,153,153,0,https://pemilu2019.kpu.go.id/img/c/900/049/900049086/3-11841-75-C1-PPWP-X1.jpg,https://pemilu2019.kpu.go.id/img/c/900/049/900049086/3-11841-75-C1-PPWP-X2.jpg
6728117431183811841900049087,SUMATERA UTARA,KOTA MEDAN,MEDAN MARELAN,TERJUN,TPS 76,2019-10-25 17:00:05,114,57,241,172,172,171,1,https://pemilu2019.kpu.go.id/img/c/900/049/900049087/2-11841-76-C1-PPWP-X1.jpg,https://pemilu2019.kpu.go.id/img/c/900/049/900049087/2-11841-76-C1-PPWP-X2.jpg
6728117431183811841900049088,SUMATERA UTARA,KOTA MEDAN,MEDAN MARELAN,TERJUN,TPS 77,2019-10-25 17:00:05,164,30,241,194,194,194,0,https://pemilu2019.kpu.go.id/img/c/900/049/900049088/2-11841-77-C1-PPWP-X1.jpg,https://pemilu2019.kpu.go.id/img/c/900/049/900049088/2-11841-77-C1-PPWP-X2.jpg
6728117431183811841900049089,SUMATERA UTARA,KOTA MEDAN,MEDAN MARELAN,TERJUN,TPS 78,2019-10-25 17:00:05,118,24,196,144,144,142,2,https://pemilu2019.kpu.go.id/img/c/900/049/900049089/2-11841-78-C1-PPWP-X1.jpg,https://pemilu2019.kpu.go.id/img/c/900/049/900049089/2-11841-78-C1-PPWP-X2.jpg
6728117431183811841900049090,SUMATERA UTARA,KOTA MEDAN,MEDAN MARELAN,TERJUN,TPS 79,2019-10-25 17:00:05,96,38,205,135,135,134,1,https://pemilu2019.kpu.go.id/img/c/900/049/900049090/3-11841-79-C1-PPWP-X1.jpg,https://pemilu2019.kpu.go.id/img/c/900/049/900049090/3-11841-79-C1-PPWP-X2.jpg
6728117431183811841900049091,SUMATERA UTARA,KOTA MEDAN,MEDAN MARELAN,TERJUN,TPS 80,2019-10-25 17:00:05,110,71,240,182,182,181,1,https://pemilu2019.kpu.go.id/img/c/900/049/900049091/2-11841-80-C1-PPWP-X1.jpg,https://pemilu2019.kpu.go.id/img/c/900/049/900049091/2-11841-80-C1-PPWP-X2.jpg
6728117431183811841900049092,SUMATERA UTARA,KOTA MEDAN,MEDAN MARELAN,TERJUN,TPS 81,2019-10-25 17:00:05,63,162,316,230,230,225,5,https://pemilu2019.kpu.go.id/img/c/900/049/900049092/1-11841-81-C1-PPWP-X1.jpg,https://pemilu2019.kpu.go.id/img/c/900/049/900049092/1-11841-81-C1-PPWP-X2.jpg
6728117431183811841900049093,SUMATERA UTARA,KOTA MEDAN,MEDAN MARELAN,TERJUN,TPS 82,2019-10-25 17:00:05,49,199,331,250,250,248,2,https://pemilu2019.kpu.go.id/img/c/900/049/900049093/1-11841-82-C1-PPWP-X1.jpg,https://pemilu2019.kpu.go.id/img/c/900/049/900049093/1-11841-82-C1-PPWP-X2.jpg
6728117431183811841900049094,SUMATERA UTARA,KOTA MEDAN,MEDAN MARELAN,TERJUN,TPS 83,2019-10-25 17:00:05,26,138,228,166,166,164,2,https://pemilu2019.kpu.go.id/img/c/900/049/900049094/1-11841-83-C1-PPWP-X1.jpg,https://pemilu2019.kpu.go.id/img/c/900/049/900049094/1-11841-83-C1-PPWP-X2.jpg
6728117431183811841900049095,SUMATERA UTARA,KOTA MEDAN,MEDAN MARELAN,TERJUN,TPS 84,2019-10-25 17:00:05,94,149,298,245,245,243,2,https://pemilu2019.kpu.go.id/img/c/900/049/900049095/1-11841-84-C1-PPWP-X1.jpg,https://pemilu2019.kpu.go.id/img/c/900/049/900049095/1-11841-84-C1-PPWP-X2.jpg
6728117431183811841900049096,SUMATERA UTARA,KOTA MEDAN,MEDAN MARELAN,TERJUN,TPS 85,2019-10-25 17:00:05,42,169,298,214,214,211,3,https://pemilu2019.kpu.go.id/img/c/900/049/900049096/1-11841-85-C1-PPWP-X3.jpg,https://pemilu2019.kpu.go.id/img/c/900/049/900049096/1-11841-85-C1-PPWP-X4.jpg
6728117431183811841900049097,SUMATERA UTARA,KOTA MEDAN,MEDAN MARELAN,TERJUN,TPS 86,2019-10-25 17:00:05,69,184,283,253,290,253,37,https://pemilu2019.kpu.go.id/img/c/900/049/900049097/1-11841-86-C1-PPWP-X1.jpg,https://pemilu2019.kpu.go.id/img/c/900/049/900049097/1-11841-86-C1-PPWP-X2.jpg
6728117431183811841900049098,SUMATERA UTARA,KOTA MEDAN,MEDAN MARELAN,TERJUN,TPS 87,2019-10-25 17:00:05,36,160,242,198,198,196,2,https://pemilu2019.kpu.go.id/img/c/900/049/900049098/1-11841-87-C1-PPWP-X1.jpg,https://pemilu2019.kpu.go.id/img/c/900/049/900049098/1-11841-87-C1-PPWP-X2.jpg
6728117431187911881900050370,SUMATERA UTARA,KOTA MEDAN,MEDAN PERJUANGAN,PAHLAWAN,TPS 01,2019-10-25 17:00:05,107,201,357,312,312,308,4,https://pemilu2019.kpu.go.id/img/c/900/050/900050370/1-11881-01-C1-PPWP-X1.jpg,https://pemilu2019.kpu.go.id/img/c/900/050/900050370/1-11881-01-C1-PPWP-X2.jpg
6728117431187911881900050371,SUMATERA UTARA,KOTA MEDAN,MEDAN PERJUANGAN,PAHLAWAN,TPS 02,2019-10-25 17:00:05,46,200,296,246,246,246,0,https://pemilu2019.kpu.go.id/img/c/900/050/900050371/1-11881-02-C1-PPWP-X1.jpg,https://pemilu2019.kpu.go.id/img/c/900/050/900050371/1-11881-02-C1-PPWP-X2.jpg
6728117431187911881900050372,SUMATERA UTARA,KOTA MEDAN,MEDAN PERJUANGAN,PAHLAWAN,TPS 03,2019-10-25 17:00:05,88,160,310,250,250,250,2,https://pemilu2019.kpu.go.id/img/c/900/050/900050372/2-11881-03-C1-PPWP-X1.jpg,https://pemilu2019.kpu.go.id/img/c/900/050/900050372/2-11881-03-C1-PPWP-X2.jpg
6728117431187911881900050373,SUMATERA UTARA,KOTA MEDAN,MEDAN PERJUANGAN,PAHLAWAN,TPS 04,2019-10-25 17:00:05,42,245,294,294,294,287,7,https://pemilu2019.kpu.go.id/img/c/900/050/900050373/1-11881-04-C1-PPWP-X1.jpg,https://pemilu2019.kpu.go.id/img/c/900/050/900050373/1-11881-04-C1-PPWP-X2.jpg
6728117431187911881900050374,SUMATERA UTARA,KOTA MEDAN,MEDAN PERJUANGAN,PAHLAWAN,TPS 05,2019-10-25 17:00:05,57,201,325,261,261,258,3,https://pemilu2019.kpu.go.id/img/c/900/050/900050374/1-11881-05-C1-PPWP-X1.jpg,https://pemilu2019.kpu.go.id/img/c/900/050/900050374/1-11881-05-C1-PPWP-X2.jpg
6728117431187911881900050375,SUMATERA UTARA,KOTA MEDAN,MEDAN PERJUANGAN,PAHLAWAN,TPS 06,2019-10-25 17:00:05,19,237,295,256,256,256,0,https://pemilu2019.kpu.go.id/img/c/900/050/900050375/1-11881-06-C1-PPWP-X1.jpg,https://pemilu2019.kpu.go.id/img/c/900/050/900050375/1-11881-06-C1-PPWP-X2.jpg
6728117431187911881900050376,SUMATERA UTARA,KOTA MEDAN,MEDAN PERJUANGAN,PAHLAWAN,TPS 07,2019-10-25 17:00:05,30,220,286,252,252,250,2,https://pemilu2019.kpu.go.id/img/c/900/050/900050376/1-11881-07-C1-PPWP-X1.jpg,https://pemilu2019.kpu.go.id/img/c/900/050/900050376/1-11881-07-C1-PPWP-X2.jpg
6728117431187911881900050377,SUMATERA UTARA,KOTA MEDAN,MEDAN PERJUANGAN,PAHLAWAN,TPS 08,2019-10-25 17:00:05,82,169,306,252,252,251,1,https://pemilu2019.kpu.go.id/img/c/900/050/900050377/1-11881-08-C1-PPWP-X1.jpg,https://pemilu2019.kpu.go.id/img/c/900/050/900050377/1-11881-08-C1-PPWP-X2.jpg
6728117431187911881900050378,SUMATERA UTARA,KOTA MEDAN,MEDAN PERJUANGAN,PAHLAWAN,TPS 09,2019-10-25 17:00:05,16,223,276,240,240,239,1,https://pemilu2019.kpu.go.id/img/c/900/050/900050378/1-11881-09-C1-PPWP-X1.jpg,https://pemilu2019.kpu.go.id/img/c/900/050/900050378/1-11881-09-C1-PPWP-X2.jpg
6728117431187911881900050379,SUMATERA UTARA,KOTA MEDAN,MEDAN PERJUANGAN,PAHLAWAN,TPS 10,2019-10-25 17:00:05,20,177,243,199,199,197,2,https://pemilu2019.kpu.go.id/img/c/900/050/900050379/1-11881-10-C1-PPWP-X1.jpg,https://pemilu2019.kpu.go.id/img/c/900/050/900050379/1-11881-10-C1-PPWP-X2.jpg
6728117431187911881900050380,SUMATERA UTARA,KOTA MEDAN,MEDAN PERJUANGAN,PAHLAWAN,TPS 11,2019-10-25 17:00:05,26,179,254,205,205,205,0,https://pemilu2019.kpu.go.id/img/c/900/050/900050380/1-11881-11-C1-PPWP-X1.jpg,https://pemilu2019.kpu.go.id/img/c/900/050/900050380/1-11881-11-C1-PPWP-X2.jpg
6728117431187911881900050381,SUMATERA UTARA,KOTA MEDAN,MEDAN PERJUANGAN,PAHLAWAN,TPS 12,2019-10-25 17:00:05,154,67,274,223,223,221,2,https://pemilu2019.kpu.go.id/img/c/900/050/900050381/1-11881-12-C1-PPWP-X1.jpg,https://pemilu2019.kpu.go.id/img/c/900/050/900050381/1-11881-12-C1-PPWP-X2.jpg
6728117431187911881900050382,SUMATERA UTARA,KOTA MEDAN,MEDAN PERJUANGAN,PAHLAWAN,TPS 13,2019-10-25 17:00:05,147,89,282,237,237,236,1,https://pemilu2019.kpu.go.id/img/c/900/050/900050382/1-11881-13-C1-PPWP-X1.jpg,https://pemilu2019.kpu.go.id/img/c/900/050/900050382/1-11881-13-C1-PPWP-X2.jpg
6728117431187911881900050383,SUMATERA UTARA,KOTA MEDAN,MEDAN PERJUANGAN,PAHLAWAN,TPS 14,2019-10-25 17:00:05,146,53,252,199,199,198,1,https://pemilu2019.kpu.go.id/img/c/900/050/900050383/1-11881-14-C1-PPWP-X1.jpg,https://pemilu2019.kpu.go.id/img/c/900/050/900050383/1-11881-14-C1-PPWP-X2.jpg
6728117431187911881900050384,SUMATERA UTARA,KOTA MEDAN,MEDAN PERJUANGAN,PAHLAWAN,TPS 15,2019-10-25 17:00:05,129,11,269,141,141,140,1,https://pemilu2019.kpu.go.id/img/c/900/050/900050384/1-11881-15-C1-PPWP-X1.jpg,https://pemilu2019.kpu.go.id/img/c/900/050/900050384/1-11881-15-C1-PPWP-X2.jpg
6728117431187911881900050385,SUMATERA UTARA,KOTA MEDAN,MEDAN PERJUANGAN,PAHLAWAN,TPS 16,2019-10-25 17:00:05,72,129,262,203,203,201,2,https://pemilu2019.kpu.go.id/img/c/900/050/900050385/1-11881-16-C1-PPWP-X1.jpg,https://pemilu2019.kpu.go.id/img/c/900/050/900050385/1-11881-16-C1-PPWP-X2.jpg
6728117431187911881900050386,SUMATERA UTARA,KOTA MEDAN,MEDAN PERJUANGAN,PAHLAWAN,TPS 17,2019-10-25 17:00:05,63,109,238,173,173,172,1,https://pemilu2019.kpu.go.id/img/c/900/050/900050386/1-11881-17-C1-PPWP-X1.jpg,https://pemilu2019.kpu.go.id/img/c/900/050/900050386/1-11881-17-C1-PPWP-X2.jpg
6728117431187911881900050387,SUMATERA UTARA,KOTA MEDAN,MEDAN PERJUANGAN,PAHLAWAN,TPS 18,2019-10-25 17:00:05,48,175,300,224,224,223,1,https://pemilu2019.kpu.go.id/img/c/900/050/900050387/1-11881-18-C1-PPWP-X1.jpg,https://pemilu2019.kpu.go.id/img/c/900/050/900050387/1-11881-18-C1-PPWP-X2.jpg
6728117431187911881900050388,SUMATERA UTARA,KOTA MEDAN,MEDAN PERJUANGAN,PAHLAWAN,TPS 19,2019-10-25 17:00:05,73,184,277,259,259,257,2,https://pemilu2019.kpu.go.id/img/c/900/050/900050388/1-11881-19-C1-PPWP-X1.jpg,https://pemilu2019.kpu.go.id/img/c/900/050/900050388/1-11881-19-C1-PPWP-X2.jpg
6728117431187911881900050389,SUMATERA UTARA,KOTA MEDAN,MEDAN PERJUANGAN,PAHLAWAN,TPS 20,2019-10-25 17:00:05,76,174,308,252,252,250,2,https://pemilu2019.kpu.go.id/img/c/900/050/900050389/1-11881-20-C1-PPWP-X1.jpg,https://pemilu2019.kpu.go.id/img/c/900/050/900050389/1-11881-20-C1-PPWP-X2.jpg
6728117431187911881900050390,SUMATERA UTARA,KOTA MEDAN,MEDAN PERJUANGAN,PAHLAWAN,TPS 21,2019-10-25 17:00:05,39,200,325,243,0,239,243,https://pemilu2019.kpu.go.id/img/c/900/050/900050390/1-11881-21-C1-PPWP-X1.jpg,https://pemilu2019.kpu.go.id/img/c/900/050/900050390/1-11881-21-C1-PPWP-X2.jpg
6728117431187911881900050391,SUMATERA UTARA,KOTA MEDAN,MEDAN PERJUANGAN,PAHLAWAN,TPS 22,2019-10-25 17:00:05,65,157,278,226,226,222,4,https://pemilu2019.kpu.go.id/img/c/900/050/900050391/1-11881-22-C1-PPWP-X1.jpg,https://pemilu2019.kpu.go.id/img/c/900/050/900050391/1-11881-22-C1-PPWP-X2.jpg
6728117431187911880900050342,SUMATERA UTARA,KOTA MEDAN,MEDAN PERJUANGAN,PANDAU HILIR,TPS 01,2019-10-25 17:00:05,131,14,285,145,145,145,0,https://pemilu2019.kpu.go.id/img/c/900/050/900050342/1-11880-01-C1-PPWP-X1.jpg,https://pemilu2019.kpu.go.id/img/c/900/050/900050342/1-11880-01-C1-PPWP-X2.jpg
6728117431187911880900050343,SUMATERA UTARA,KOTA MEDAN,MEDAN PERJUANGAN,PANDAU HILIR,TPS 02,2019-10-25 17:00:05,223,23,246,246,246,246,2,https://pemilu2019.kpu.go.id/img/c/900/050/900050343/1-11880-02-C1-PPWP-X1.jpg,https://pemilu2019.kpu.go.id/img/c/900/050/900050343/1-11880-02-C1-PPWP-X2.jpg
6728117431187911880900050344,SUMATERA UTARA,KOTA MEDAN,MEDAN PERJUANGAN,PANDAU HILIR,TPS 03,2019-10-25 17:00:05,161,12,302,174,174,173,1,https://pemilu2019.kpu.go.id/img/c/900/050/900050344/1-11880-03-C1-PPWP-X1.jpg,https://pemilu2019.kpu.go.id/img/c/900/050/900050344/1-11880-03-C1-PPWP-X2.jpg
6728117431187911880900050345,SUMATERA UTARA,KOTA MEDAN,MEDAN PERJUANGAN,PANDAU HILIR,TPS 04,2019-10-25 17:00:05,98,1,231,99,99,99,0,https://pemilu2019.kpu.go.id/img/c/900/050/900050345/1-11880-04-C1-PPWP-X1.jpg,https://pemilu2019.kpu.go.id/img/c/900/050/900050345/1-11880-04-C1-PPWP-X2.jpg
6728117431187911880900050346,SUMATERA UTARA,KOTA MEDAN,MEDAN PERJUANGAN,PANDAU HILIR,TPS 05,2019-10-25 17:00:05,164,2,309,171,171,166,5,https://pemilu2019.kpu.go.id/img/c/900/050/900050346/1-11880-05-C1-PPWP-X1.jpg,https://pemilu2019.kpu.go.id/img/c/900/050/900050346/1-11880-05-C1-PPWP-X2.jpg
6728117431187911880900050347,SUMATERA UTARA,KOTA MEDAN,MEDAN PERJUANGAN,PANDAU HILIR,TPS 06,2019-10-25 17:00:05,170,7,313,172,177,177,0,https://pemilu2019.kpu.go.id/img/c/900/050/900050347/1-11880-06-C1-PPWP-X1.jpg,https://pemilu2019.kpu.go.id/img/c/900/050/900050347/1-11880-06-C1-PPWP-X2.jpg
6728117431187911880900050348,SUMATERA UTARA,KOTA MEDAN,MEDAN PERJUANGAN,PANDAU HILIR,TPS 07,2019-10-25 17:00:05,165,3,299,169,169,168,1,https://pemilu2019.kpu.go.id/img/c/900/050/900050348/1-11880-07-C1-PPWP-X1.jpg,https://pemilu2019.kpu.go.id/img/c/900/050/900050348/1-11880-07-C1-PPWP-X2.jpg
6728117431187911880900050349,SUMATERA UTARA,KOTA MEDAN,MEDAN PERJUANGAN,PANDAU HILIR,TPS 08,2019-10-25 17:00:05,148,58,309,210,210,206,4,https://pemilu2019.kpu.go.id/img/c/900/050/900050349/1-11880-08-C1-PPWP-X1.jpg,https://pemilu2019.kpu.go.id/img/c/900/050/900050349/1-11880-08-C1-PPWP-X2.jpg
6728117431187911880900050350,SUMATERA UTARA,KOTA MEDAN,MEDAN PERJUANGAN,PANDAU HILIR,TPS 09,2019-10-25 17:00:05,151,22,288,174,174,173,1,https://pemilu2019.kpu.go.id/img/c/900/050/900050350/1-11880-09-C1-PPWP-X1.jpg,https://pemilu2019.kpu.go.id/img/c/900/050/900050350/1-11880-09-C1-PPWP-X2.jpg
6728117431187911880900050351,SUMATERA UTARA,KOTA MEDAN,MEDAN PERJUANGAN,PANDAU HILIR,TPS 10,2019-10-25 17:00:05,123,24,270,147,147,147,0,https://pemilu2019.kpu.go.id/img/c/900/050/900050351/1-11880-10-C1-PPWP-X1.jpg,https://pemilu2019.kpu.go.id/img/c/900/050/900050351/1-11880-10-C1-PPWP-X2.jpg
6728117431187911880900050352,SUMATERA UTARA,KOTA MEDAN,MEDAN PERJUANGAN,PANDAU HILIR,TPS 11,2019-10-25 17:00:05,107,78,308,189,189,185,4,https://pemilu2019.kpu.go.id/img/c/900/050/900050352/1-11880-11-C1-PPWP-X1.jpg,https://pemilu2019.kpu.go.id/img/c/900/050/900050352/1-11880-11-C1-PPWP-X2.jpg
6728117431187911880900050353,SUMATERA UTARA,KOTA MEDAN,MEDAN PERJUANGAN,PANDAU HILIR,TPS 12,2019-10-25 17:00:05,102,121,353,226,226,223,3,https://pemilu2019.kpu.go.id/img/c/900/050/900050353/1-11880-12-C1-PPWP-X1.jpg,https://pemilu2019.kpu.go.id/img/c/900/050/900050353/1-11880-12-C1-PPWP-X2.jpg
6728117431187911880900050354,SUMATERA UTARA,KOTA MEDAN,MEDAN PERJUANGAN,PANDAU HILIR,TPS 13,2019-10-25 17:00:05,101,73,319,176,176,174,2,https://pemilu2019.kpu.go.id/img/c/900/050/900050354/1-11880-13-C1-PPWP-X1.jpg,https://pemilu2019.kpu.go.id/img/c/900/050/900050354/1-11880-13-C1-PPWP-X2.jpg
6728117431187911880900050355,SUMATERA UTARA,KOTA MEDAN,MEDAN PERJUANGAN,PANDAU HILIR,TPS 14,2019-10-25 17:00:05,87,26,271,115,0,113,2,https://pemilu2019.kpu.go.id/img/c/900/050/900050355/1-11880-14-C1-PPWP-X1.jpg,https://pemilu2019.kpu.go.id/img/c/900/050/900050355/1-11880-14-C1-PPWP-X2.jpg
6728117431187911880900050356,SUMATERA UTARA,KOTA MEDAN,MEDAN PERJUANGAN,PANDAU HILIR,TPS 15,2019-10-25 17:00:05,80,53,250,133,133,133,0,https://pemilu2019.kpu.go.id/img/c/900/050/900050356/1-11880-15-C1-PPWP-X1.jpg,https://pemilu2019.kpu.go.id/img/c/900/050/900050356/1-11880-15-C1-PPWP-X2.jpg
6728117431187911880900050357,SUMATERA UTARA,KOTA MEDAN,MEDAN PERJUANGAN,PANDAU HILIR,TPS 16,2019-10-25 17:00:05,160,16,292,177,177,176,1,https://pemilu2019.kpu.go.id/img/c/900/050/900050357/1-11880-16-C1-PPWP-X1.jpg,https://pemilu2019.kpu.go.id/img/c/900/050/900050357/1-11880-16-C1-PPWP-X2.jpg
6728117431187911880900050358,SUMATERA UTARA,KOTA MEDAN,MEDAN PERJUANGAN,PANDAU HILIR,TPS 17,2019-10-25 17:00:05,155,7,292,166,166,162,4,https://pemilu2019.kpu.go.id/img/c/900/050/900050358/1-11880-17-C-XXX-X5.jpg,https://pemilu2019.kpu.go.id/img/c/900/050/900050358/1-11880-17-C-XXX-X6.jpg
6728117431187911880900050359,SUMATERA UTARA,KOTA MEDAN,MEDAN PERJUANGAN,PANDAU HILIR,TPS 18,2019-10-25 17:00:05,121,14,264,135,135,135,0,https://pemilu2019.kpu.go.id/img/c/900/050/900050359/1-11880-18-C1-PPWP-X1.jpg,https://pemilu2019.kpu.go.id/img/c/900/050/900050359/1-11880-18-C1-PPWP-X2.jpg
6728117431187911880900050360,SUMATERA UTARA,KOTA MEDAN,MEDAN PERJUANGAN,PANDAU HILIR,TPS 19,2019-10-25 17:00:05,177,6,295,184,184,183,1,https://pemilu2019.kpu.go.id/img/c/900/050/900050360/1-11880-19-C1-PPWP-X1.jpg,https://pemilu2019.kpu.go.id/img/c/900/050/900050360/1-11880-19-C1-PPWP-X2.jpg
6728117431187911880900050361,SUMATERA UTARA,KOTA MEDAN,MEDAN PERJUANGAN,PANDAU HILIR,TPS 20,2019-10-25 17:00:05,177,19,283,197,197,196,1,https://pemilu2019.kpu.go.id/img/c/900/050/900050361/1-11880-20-C1-PPWP-X1.jpg,https://pemilu2019.kpu.go.id/img/c/900/050/900050361/1-11880-20-C1-PPWP-X2.jpg
6728117431187911880900050362,SUMATERA UTARA,KOTA MEDAN,MEDAN PERJUANGAN,PANDAU HILIR,TPS 21,2019-10-25 17:00:05,166,12,300,181,181,178,3,https://pemilu2019.kpu.go.id/img/c/900/050/900050362/1-11880-21-C1-PPWP-X1.jpg,https://pemilu2019.kpu.go.id/img/c/900/050/900050362/1-11880-21-C1-PPWP-X2.jpg
6728117431187911880900050363,SUMATERA UTARA,KOTA MEDAN,MEDAN PERJUANGAN,PANDAU HILIR,TPS 22,2019-10-25 17:00:05,123,45,289,168,168,168,0,https://pemilu2019.kpu.go.id/img/c/900/050/900050363/1-11880-22-C1-PPWP-X1.jpg,https://pemilu2019.kpu.go.id/img/c/900/050/900050363/1-11880-22-C1-PPWP-X2.jpg
6728117431187911880900050364,SUMATERA UTARA,KOTA MEDAN,MEDAN PERJUANGAN,PANDAU HILIR,TPS 23,2019-10-25 17:00:05,103,31,249,136,136,134,2,https://pemilu2019.kpu.go.id/img/c/900/050/900050364/2-11880-23-C1-PPWP-X1.jpg,https://pemilu2019.kpu.go.id/img/c/900/050/900050364/2-11880-23-C1-PPWP-X2.jpg
6728117431187911880900050365,SUMATERA UTARA,KOTA MEDAN,MEDAN PERJUANGAN,PANDAU HILIR,TPS 24,2019-10-25 17:00:05,111,58,290,169,169,169,0,https://pemilu2019.kpu.go.id/img/c/900/050/900050365/1-11880-24-C1-PPWP-X1.jpg,https://pemilu2019.kpu.go.id/img/c/900/050/900050365/1-11880-24-C1-PPWP-X2.jpg
6728117431187911880900050366,SUMATERA UTARA,KOTA MEDAN,MEDAN PERJUANGAN,PANDAU HILIR,TPS 25,2019-10-25 17:00:05,107,33,276,140,140,140,0,https://pemilu2019.kpu.go.id/img/c/900/050/900050366/1-11880-25-C1-PPWP-X1.jpg,https://pemilu2019.kpu.go.id/img/c/900/050/900050366/1-11880-25-C1-PPWP-X2.jpg
6728117431187911880900050367,SUMATERA UTARA,KOTA MEDAN,MEDAN PERJUANGAN,PANDAU HILIR,TPS 26,2019-10-25 17:00:05,113,32,295,146,146,145,1,https://pemilu2019.kpu.go.id/img/c/900/050/900050367/1-11880-26-C1-PPWP-X1.jpg,https://pemilu2019.kpu.go.id/img/c/900/050/900050367/1-11880-26-C1-PPWP-X2.jpg
6728117431187911880900050368,SUMATERA UTARA,KOTA MEDAN,MEDAN PERJUANGAN,PANDAU HILIR,TPS 27,2019-10-25 17:00:05,148,23,307,171,171,171,0,https://pemilu2019.kpu.go.id/img/c/900/050/900050368/1-11880-27-C1-PPWP-X1.jpg,https://pemilu2019.kpu.go.id/img/c/900/050/900050368/1-11880-27-C1-PPWP-X2.jpg
6728117431187911880900050369,SUMATERA UTARA,KOTA MEDAN,MEDAN PERJUANGAN,PANDAU HILIR,TPS 28,2019-10-25 17:00:05,131,26,285,160,160,157,3,https://pemilu2019.kpu.go.id/img/c/900/050/900050369/1-11880-28-C1-PPWP-X1.jpg,https://pemilu2019.kpu.go.id/img/c/900/050/900050369/1-11880-28-C1-PPWP-X2.jpg
6728117431187911882900050392,SUMATERA UTARA,KOTA MEDAN,MEDAN PERJUANGAN,SEI KERAH HILIR I,TPS 01,2019-10-25 17:00:05,110,136,295,244,303,246,0,https://pemilu2019.kpu.go.id/img/c/900/050/900050392/1-11882-01-C1-PPWP-X1.jpg,https://pemilu2019.kpu.go.id/img/c/900/050/900050392/1-11882-01-C1-PPWP-X2.jpg
6728117431187911882900050393,SUMATERA UTARA,KOTA MEDAN,MEDAN PERJUANGAN,SEI KERAH HILIR I,TPS 02,2019-10-25 17:00:05,205,43,306,248,248,248,0,https://pemilu2019.kpu.go.id/img/c/900/050/900050393/1-11882-02-C1-PPWP-X1.jpg,https://pemilu2019.kpu.go.id/img/c/900/050/900050393/1-11882-02-C1-PPWP-X2.jpg
6728117431187911882900050394,SUMATERA UTARA,KOTA MEDAN,MEDAN PERJUANGAN,SEI KERAH HILIR I,TPS 03,2019-10-25 17:00:05,56,176,314,234,234,232,2,https://pemilu2019.kpu.go.id/img/c/900/050/900050394/1-11882-03-C1-PPWP-X1.jpg,https://pemilu2019.kpu.go.id/img/c/900/050/900050394/1-11882-03-C1-PPWP-X2.jpg
6728117431187911882900050395,SUMATERA UTARA,KOTA MEDAN,MEDAN PERJUANGAN,SEI KERAH HILIR I,TPS 04,2019-10-25 17:00:05,80,166,315,248,248,246,2,https://pemilu2019.kpu.go.id/img/c/900/050/900050395/1-11882-04-C1-PPWP-X1.jpg,https://pemilu2019.kpu.go.id/img/c/900/050/900050395/1-11882-04-C1-PPWP-X2.jpg
6728117431187911882900050396,SUMATERA UTARA,KOTA MEDAN,MEDAN PERJUANGAN,SEI KERAH HILIR I,TPS 05,2019-10-25 17:00:05,59,185,308,244,244,244,0,https://pemilu2019.kpu.go.id/img/c/900/050/900050396/1-11882-05-C1-PPWP-X1.jpg,https://pemilu2019.kpu.go.id/img/c/900/050/900050396/1-11882-05-C1-PPWP-X2.jpg
6728117431187911882900050397,SUMATERA UTARA,KOTA MEDAN,MEDAN PERJUANGAN,SEI KERAH HILIR I,TPS 06,2019-10-25 17:00:05,59,179,305,238,238,237,1,https://pemilu2019.kpu.go.id/img/c/900/050/900050397/1-11882-06-C1-PPWP-X1.jpg,https://pemilu2019.kpu.go.id/img/c/900/050/900050397/1-11882-06-C1-PPWP-X2.jpg
6728117431187911882900050398,SUMATERA UTARA,KOTA MEDAN,MEDAN PERJUANGAN,SEI KERAH HILIR I,TPS 07,2019-10-25 17:00:05,19,199,295,219,219,218,1,https://pemilu2019.kpu.go.id/img/c/900/050/900050398/1-11882-07-C1-PPWP-X1.jpg,https://pemilu2019.kpu.go.id/img/c/900/050/900050398/1-11882-07-C1-PPWP-X2.jpg
6728117431187911882900050399,SUMATERA UTARA,KOTA MEDAN,MEDAN PERJUANGAN,SEI KERAH HILIR I,TPS 08,2019-10-25 17:00:05,26,198,306,226,226,224,2,https://pemilu2019.kpu.go.id/img/c/900/050/900050399/1-11882-08-C1-PPWP-X1.jpg,https://pemilu2019.kpu.go.id/img/c/900/050/900050399/1-11882-08-C1-PPWP-X2.jpg
6728117431187911882900050400,SUMATERA UTARA,KOTA MEDAN,MEDAN PERJUANGAN,SEI KERAH HILIR I,TPS 09,2019-10-25 17:00:05,45,159,295,205,205,204,1,https://pemilu2019.kpu.go.id/img/c/900/050/900050400/1-11882-09-C1-PPWP-X1.jpg,https://pemilu2019.kpu.go.id/img/c/900/050/900050400/1-11882-09-C1-PPWP-X2.jpg
6728117431187911882900050401,SUMATERA UTARA,KOTA MEDAN,MEDAN PERJUANGAN,SEI KERAH HILIR I,TPS 10,2019-10-25 17:00:05,47,197,296,247,247,244,3,https://pemilu2019.kpu.go.id/img/c/900/050/900050401/1-11882-10-C1-PPWP-X1.jpg,https://pemilu2019.kpu.go.id/img/c/900/050/900050401/1-11882-10-C1-PPWP-X2.jpg
6728117431187911882900050402,SUMATERA UTARA,KOTA MEDAN,MEDAN PERJUANGAN,SEI KERAH HILIR I,TPS 11,2019-10-25 17:00:05,43,180,318,224,224,223,1,https://pemilu2019.kpu.go.id/img/c/900/050/900050402/1-11882-11-C1-PPWP-X1.jpg,https://pemilu2019.kpu.go.id/img/c/900/050/900050402/1-11882-11-C1-PPWP-X2.jpg
6728117431187911882900050403,SUMATERA UTARA,KOTA MEDAN,MEDAN PERJUANGAN,SEI KERAH HILIR I,TPS 12,2019-10-25 17:00:05,36,215,346,305,254,251,3,https://pemilu2019.kpu.go.id/img/c/900/050/900050403/1-11882-12-C-XXX-X5.jpg,https://pemilu2019.kpu.go.id/img/c/900/050/900050403/1-11882-12-C-XXX-X6.jpg
6728117431187911882900050404,SUMATERA UTARA,KOTA MEDAN,MEDAN PERJUANGAN,SEI KERAH HILIR I,TPS 13,2019-10-25 17:00:05,69,170,285,241,241,239,2,https://pemilu2019.kpu.go.id/img/c/900/050/900050404/1-11882-13-C-XXX-X5.jpg,https://pemilu2019.kpu.go.id/img/c/900/050/900050404/1-11882-13-C-XXX-X6.jpg
6728117431187911882900050405,SUMATERA UTARA,KOTA MEDAN,MEDAN PERJUANGAN,SEI KERAH HILIR I,TPS 14,2019-10-25 17:00:05,78,155,233,233,235,233,2,https://pemilu2019.kpu.go.id/img/c/900/050/900050405/1-11882-14-C1-PPWP-X1.jpg,https://pemilu2019.kpu.go.id/img/c/900/050/900050405/1-11882-14-C1-PPWP-X2.jpg
6728117431187911882900050406,SUMATERA UTARA,KOTA MEDAN,MEDAN PERJUANGAN,SEI KERAH HILIR I,TPS 15,2019-10-25 17:00:05,42,226,330,272,272,268,4,https://pemilu2019.kpu.go.id/img/c/900/050/900050406/1-11882-15-C1-PPWP-X1.jpg,https://pemilu2019.kpu.go.id/img/c/900/050/900050406/1-11882-15-C1-PPWP-X2.jpg
6728117431187911882900050407,SUMATERA UTARA,KOTA MEDAN,MEDAN PERJUANGAN,SEI KERAH HILIR I,TPS 16,2019-10-25 17:00:05,43,217,262,262,262,260,2,https://pemilu2019.kpu.go.id/img/c/900/050/900050407/1-11882-16-C1-PPWP-X1.jpg,https://pemilu2019.kpu.go.id/img/c/900/050/900050407/1-11882-16-C1-PPWP-X2.jpg
6728117431187911882900050408,SUMATERA UTARA,KOTA MEDAN,MEDAN PERJUANGAN,SEI KERAH HILIR I,TPS 17,2019-10-25 17:00:05,32,197,359,230,230,229,1,https://pemilu2019.kpu.go.id/img/c/900/050/900050408/1-11882-17-C1-PPWP-X1.jpg,https://pemilu2019.kpu.go.id/img/c/900/050/900050408/1-11882-17-C1-PPWP-X2.jpg
6728117431187911882900050409,SUMATERA UTARA,KOTA MEDAN,MEDAN PERJUANGAN,SEI KERAH HILIR I,TPS 18,2019-10-25 17:00:05,61,156,306,22,219,217,2,https://pemilu2019.kpu.go.id/img/c/900/050/900050409/1-11882-18-C1-PPWP-X1.jpg,https://pemilu2019.kpu.go.id/img/c/900/050/900050409/1-11882-18-C1-PPWP-X2.jpg
6728117431187911882900050410,SUMATERA UTARA,KOTA MEDAN,MEDAN PERJUANGAN,SEI KERAH HILIR I,TPS 19,2019-10-25 17:00:05,52,166,295,218,218,218,0,https://pemilu2019.kpu.go.id/img/c/900/050/900050410/1-11882-19-C1-PPWP-X1.jpg,https://pemilu2019.kpu.go.id/img/c/900/050/900050410/1-11882-19-C1-PPWP-X2.jpg
6728117431187911882900050411,SUMATERA UTARA,KOTA MEDAN,MEDAN PERJUANGAN,SEI KERAH HILIR I,TPS 20,2019-10-25 17:00:05,69,165,295,235,235,234,1,https://pemilu2019.kpu.go.id/img/c/900/050/900050411/1-11882-20-C1-PPWP-X1.jpg,https://pemilu2019.kpu.go.id/img/c/900/050/900050411/1-11882-20-C1-PPWP-X2.jpg
6728117431187911882900050412,SUMATERA UTARA,KOTA MEDAN,MEDAN PERJUANGAN,SEI KERAH HILIR I,TPS 21,2019-10-25 17:00:05,93,148,298,241,241,241,0,https://pemilu2019.kpu.go.id/img/c/900/050/900050412/1-11882-21-C1-PPWP-X1.jpg,https://pemilu2019.kpu.go.id/img/c/900/050/900050412/1-11882-21-C1-PPWP-X2.jpg
6728117431187911882900050413,SUMATERA UTARA,KOTA MEDAN,MEDAN PERJUANGAN,SEI KERAH HILIR I,TPS 22,2019-10-25 17:00:05,39,187,333,229,229,226,3,https://pemilu2019.kpu.go.id/img/c/900/050/900050413/1-11882-22-C1-PPWP-X1.jpg,https://pemilu2019.kpu.go.id/img/c/900/050/900050413/1-11882-22-C1-PPWP-X2.jpg
6728117431187911882900050414,SUMATERA UTARA,KOTA MEDAN,MEDAN PERJUANGAN,SEI KERAH HILIR I,TPS 23,2019-10-25 17:00:05,59,127,253,187,187,186,1,https://pemilu2019.kpu.go.id/img/c/900/050/900050414/1-11882-23-C1-PPWP-X1.jpg,https://pemilu2019.kpu.go.id/img/c/900/050/900050414/1-11882-23-C1-PPWP-X2.jpg
6728117431187911882900050415,SUMATERA UTARA,KOTA MEDAN,MEDAN PERJUANGAN,SEI KERAH HILIR I,TPS 24,2019-10-25 17:00:05,59,90,224,151,151,149,2,https://pemilu2019.kpu.go.id/img/c/900/050/900050415/1-11882-24-C1-PPWP-X1.jpg,https://pemilu2019.kpu.go.id/img/c/900/050/900050415/1-11882-24-C1-PPWP-X2.jpg
6728117431187911882900050416,SUMATERA UTARA,KOTA MEDAN,MEDAN PERJUANGAN,SEI KERAH HILIR I,TPS 25,2019-10-25 17:00:05,75,218,351,293,0,293,0,https://pemilu2019.kpu.go.id/img/c/900/050/900050416/1-11882-25-C1-PPWP-X1.jpg,https://pemilu2019.kpu.go.id/img/c/900/050/900050416/1-11882-25-C1-PPWP-X2.jpg
6728117431187911882900050417,SUMATERA UTARA,KOTA MEDAN,MEDAN PERJUANGAN,SEI KERAH HILIR I,TPS 26,2019-10-25 17:00:05,64,147,352,210,213,211,2,https://pemilu2019.kpu.go.id/img/c/900/050/900050417/1-11882-26-C1-PPWP-X1.jpg,https://pemilu2019.kpu.go.id/img/c/900/050/900050417/1-11882-26-C1-PPWP-X2.jpg
6728117431187911882900050418,SUMATERA UTARA,KOTA MEDAN,MEDAN PERJUANGAN,SEI KERAH HILIR I,TPS 27,2019-10-25 17:00:05,75,146,329,223,223,221,2,https://pemilu2019.kpu.go.id/img/c/900/050/900050418/1-11882-27-C1-PPWP-X1.jpg,https://pemilu2019.kpu.go.id/img/c/900/050/900050418/1-11882-27-C1-PPWP-X2.jpg
6728117431187911882900050419,SUMATERA UTARA,KOTA MEDAN,MEDAN PERJUANGAN,SEI KERAH HILIR I,TPS 28,2019-10-25 17:00:05,43,199,317,242,242,242,0,https://pemilu2019.kpu.go.id/img/c/900/050/900050419/1-11882-28-C1-PPWP-X1.jpg,https://pemilu2019.kpu.go.id/img/c/900/050/900050419/1-11882-28-C1-PPWP-X2.jpg
6728117431187911882900050420,SUMATERA UTARA,KOTA MEDAN,MEDAN PERJUANGAN,SEI KERAH HILIR I,TPS 29,2019-10-25 17:00:05,42,188,336,247,235,230,5,https://pemilu2019.kpu.go.id/img/c/900/050/900050420/1-11882-29-C1-PPWP-X1.jpg,https://pemilu2019.kpu.go.id/img/c/900/050/900050420/1-11882-29-C1-PPWP-X2.jpg
6728117431187911883900050421,SUMATERA UTARA,KOTA MEDAN,MEDAN PERJUANGAN,SEI KERAH HILIR II,TPS 01,2019-10-25 17:00:05,116,119,313,237,237,235,2,https://pemilu2019.kpu.go.id/img/c/900/050/900050421/2-11883-01-C-XXX-X5.jpg,https://pemilu2019.kpu.go.id/img/c/900/050/900050421/2-11883-01-C-XXX-X6.jpg
6728117431187911883900050422,SUMATERA UTARA,KOTA MEDAN,MEDAN PERJUANGAN,SEI KERAH HILIR II,TPS 02,2019-10-25 17:00:05,117,99,249,218,218,216,2,https://pemilu2019.kpu.go.id/img/c/900/050/900050422/2-11883-02-C1-PPWP-X1.jpg,https://pemilu2019.kpu.go.id/img/c/900/050/900050422/2-11883-02-C1-PPWP-X2.jpg
6728117431187911883900050423,SUMATERA UTARA,KOTA MEDAN,MEDAN PERJUANGAN,SEI KERAH HILIR II,TPS 03,2019-10-25 17:00:05,53,193,334,249,249,246,3,https://pemilu2019.kpu.go.id/img/c/900/050/900050423/2-11883-03-C1-PPWP-X1.jpg,https://pemilu2019.kpu.go.id/img/c/900/050/900050423/2-11883-03-C1-PPWP-X2.jpg
6728117431187911883900050424,SUMATERA UTARA,KOTA MEDAN,MEDAN PERJUANGAN,SEI KERAH HILIR II,TPS 04,2019-10-25 17:00:05,83,172,369,255,255,255,0,https://pemilu2019.kpu.go.id/img/c/900/050/900050424/2-11883-04-C-XXX-X5.jpg,https://pemilu2019.kpu.go.id/img/c/900/050/900050424/2-11883-04-C-XXX-X6.jpg
6728117431187911883900050425,SUMATERA UTARA,KOTA MEDAN,MEDAN PERJUANGAN,SEI KERAH HILIR II,TPS 05,2019-10-25 17:00:05,16,184,233,202,202,200,2,https://pemilu2019.kpu.go.id/img/c/900/050/900050425/2-11883-05-C-XXX-X5.jpg,https://pemilu2019.kpu.go.id/img/c/900/050/900050425/2-11883-05-C-XXX-X6.jpg
6728117431187911883900050426,SUMATERA UTARA,KOTA MEDAN,MEDAN PERJUANGAN,SEI KERAH HILIR II,TPS 06,2019-10-25 17:00:05,20,147,220,168,168,167,1,https://pemilu2019.kpu.go.id/img/c/900/050/900050426/2-11883-06-C-XXX-X5.jpg,https://pemilu2019.kpu.go.id/img/c/900/050/900050426/2-11883-06-C-XXX-X6.jpg
6728117431187911883900050427,SUMATERA UTARA,KOTA MEDAN,MEDAN PERJUANGAN,SEI KERAH HILIR II,TPS 07,2019-10-25 17:00:05,26,148,235,174,174,174,0,https://pemilu2019.kpu.go.id/img/c/900/050/900050427/1-11883-07-C1-PPWP-X1.jpg,https://pemilu2019.kpu.go.id/img/c/900/050/900050427/1-11883-07-C1-PPWP-X2.jpg
6728117431187911883900050428,SUMATERA UTARA,KOTA MEDAN,MEDAN PERJUANGAN,SEI KERAH HILIR II,TPS 08,2019-10-25 17:00:05,32,175,274,207,207,207,0,https://pemilu2019.kpu.go.id/img/c/900/050/900050428/1-11883-08-C-XXX-X5.jpg,https://pemilu2019.kpu.go.id/img/c/900/050/900050428/1-11883-08-C-XXX-X6.jpg
6728117431187911883900050429,SUMATERA UTARA,KOTA MEDAN,MEDAN PERJUANGAN,SEI KERAH HILIR II,TPS 09,2019-10-25 17:00:05,30,216,248,247,247,246,1,https://pemilu2019.kpu.go.id/img/c/900/050/900050429/1-11883-09-C1-PPWP-X1.jpg,https://pemilu2019.kpu.go.id/img/c/900/050/900050429/1-11883-09-C1-PPWP-X2.jpg
6728117431187911883900050430,SUMATERA UTARA,KOTA MEDAN,MEDAN PERJUANGAN,SEI KERAH HILIR II,TPS 10,2019-10-25 17:00:05,53,175,242,230,230,228,2,https://pemilu2019.kpu.go.id/img/c/900/050/900050430/1-11883-10-C1-PPWP-X3.jpg,https://pemilu2019.kpu.go.id/img/c/900/050/900050430/1-11883-10-C1-PPWP-X4.jpg
6728117431187911883900050431,SUMATERA UTARA,KOTA MEDAN,MEDAN PERJUANGAN,SEI KERAH HILIR II,TPS 11,2019-10-25 17:00:05,62,140,269,203,203,202,1,https://pemilu2019.kpu.go.id/img/c/900/050/900050431/1-11883-11-C1-PPWP-X1.jpg,https://pemilu2019.kpu.go.id/img/c/900/050/900050431/1-11883-11-C1-PPWP-X2.jpg
6728117431187911883900050432,SUMATERA UTARA,KOTA MEDAN,MEDAN PERJUANGAN,SEI KERAH HILIR II,TPS 12,2019-10-25 17:00:05,40,119,266,160,160,159,1,https://pemilu2019.kpu.go.id/img/c/900/050/900050432/1-11883-12-C-XXX-X5.jpg,https://pemilu2019.kpu.go.id/img/c/900/050/900050432/1-11883-12-C-XXX-X6.jpg
6728117431187911883900050433,SUMATERA UTARA,KOTA MEDAN,MEDAN PERJUANGAN,SEI KERAH HILIR II,TPS 13,2019-10-25 17:00:05,33,116,229,153,153,149,4,https://pemilu2019.kpu.go.id/img/c/900/050/900050433/1-11883-13-C-XXX-X5.jpg,https://pemilu2019.kpu.go.id/img/c/900/050/900050433/1-11883-13-C-XXX-X6.jpg
6728117431187911883900050434,SUMATERA UTARA,KOTA MEDAN,MEDAN PERJUANGAN,SEI KERAH HILIR II,TPS 14,2019-10-25 17:00:05,36,76,232,112,112,112,0,https://pemilu2019.kpu.go.id/img/c/900/050/900050434/1-11883-14-C1-PPWP-X1.jpg,https://pemilu2019.kpu.go.id/img/c/900/050/900050434/1-11883-14-C1-PPWP-X2.jpg
6728117431187911883900050435,SUMATERA UTARA,KOTA MEDAN,MEDAN PERJUANGAN,SEI KERAH HILIR II,TPS 15,2019-10-25 17:00:05,39,120,0,159,159,159,0,https://pemilu2019.kpu.go.id/img/c/900/050/900050435/1-11883-15-C1-PPWP-X1.jpg,https://pemilu2019.kpu.go.id/img/c/900/050/900050435/1-11883-15-C1-PPWP-X2.jpg
6728117431187911883900050436,SUMATERA UTARA,KOTA MEDAN,MEDAN PERJUANGAN,SEI KERAH HILIR II,TPS 16,2019-10-25 17:00:05,34,120,232,155,155,154,1,https://pemilu2019.kpu.go.id/img/c/900/050/900050436/1-11883-16-C1-PPWP-X1.jpg,https://pemilu2019.kpu.go.id/img/c/900/050/900050436/1-11883-16-C1-PPWP-X2.jpg
6728117431187911883900050437,SUMATERA UTARA,KOTA MEDAN,MEDAN PERJUANGAN,SEI KERAH HILIR II,TPS 17,2019-10-25 17:00:05,70,50,206,119,121,120,1,https://pemilu2019.kpu.go.id/img/c/900/050/900050437/1-11883-17-C1-PPWP-X5.jpg,https://pemilu2019.kpu.go.id/img/c/900/050/900050437/1-11883-17-C1-PPWP-X6.jpg
6728117431187911883900050438,SUMATERA UTARA,KOTA MEDAN,MEDAN PERJUANGAN,SEI KERAH HILIR II,TPS 18,2019-10-25 17:00:05,49,151,304,201,201,200,1,https://pemilu2019.kpu.go.id/img/c/900/050/900050438/1-11883-18-C-XXX-X5.jpg,https://pemilu2019.kpu.go.id/img/c/900/050/900050438/1-11883-18-C-XXX-X6.jpg
6728117431187911883900050439,SUMATERA UTARA,KOTA MEDAN,MEDAN PERJUANGAN,SEI KERAH HILIR II,TPS 19,2019-10-25 17:00:05,32,154,250,190,190,186,4,https://pemilu2019.kpu.go.id/img/c/900/050/900050439/1-11883-19-C1-PPWP-X1.jpg,https://pemilu2019.kpu.go.id/img/c/900/050/900050439/1-11883-19-C1-PPWP-X2.jpg
6728117431187911883900050440,SUMATERA UTARA,KOTA MEDAN,MEDAN PERJUANGAN,SEI KERAH HILIR II,TPS 20,2019-10-25 17:00:05,24,104,192,129,129,128,1,https://pemilu2019.kpu.go.id/img/c/900/050/900050440/1-11883-20-C1-PPWP-X1.jpg,https://pemilu2019.kpu.go.id/img/c/900/050/900050440/1-11883-20-C1-PPWP-X2.jpg
6728117431187911883900050441,SUMATERA UTARA,KOTA MEDAN,MEDAN PERJUANGAN,SEI KERAH HILIR II,TPS 21,2019-10-25 17:00:05,65,149,345,215,215,214,1,https://pemilu2019.kpu.go.id/img/c/900/050/900050441/1-11883-21-C-XXX-X5.jpg,https://pemilu2019.kpu.go.id/img/c/900/050/900050441/1-11883-21-C-XXX-X6.jpg
6728117431187911883900050442,SUMATERA UTARA,KOTA MEDAN,MEDAN PERJUANGAN,SEI KERAH HILIR II,TPS 22,2019-10-25 17:00:05,38,135,277,174,174,173,1,https://pemilu2019.kpu.go.id/img/c/900/050/900050442/1-11883-22-C1-PPWP-X7.jpg,https://pemilu2019.kpu.go.id/img/c/900/050/900050442/1-11883-22-C1-PPWP-X8.jpg
6728117431187911883900050443,SUMATERA UTARA,KOTA MEDAN,MEDAN PERJUANGAN,SEI KERAH HILIR II,TPS 23,2019-10-25 17:00:05,18,159,213,182,182,177,5,https://pemilu2019.kpu.go.id/img/c/900/050/900050443/1-11883-23-C1-PPWP-X9.jpg,https://pemilu2019.kpu.go.id/img/c/900/050/900050443/1-11883-23-C1-PPWP-X10.jpg
6728117431187911883900050444,SUMATERA UTARA,KOTA MEDAN,MEDAN PERJUANGAN,SEI KERAH HILIR II,TPS 24,2019-10-25 17:00:05,10,140,180,151,151,150,1,https://pemilu2019.kpu.go.id/img/c/900/050/900050444/1-11883-24-C1-PPWP-X11.jpg,https://pemilu2019.kpu.go.id/img/c/900/050/900050444/1-11883-24-C1-PPWP-X12.jpg
6728117431187911883900050445,SUMATERA UTARA,KOTA MEDAN,MEDAN PERJUANGAN,SEI KERAH HILIR II,TPS 25,2019-10-25 17:00:05,48,182,278,231,231,230,1,https://pemilu2019.kpu.go.id/img/c/900/050/900050445/1-11883-25-C-XXX-X5.jpg,https://pemilu2019.kpu.go.id/img/c/900/050/900050445/1-11883-25-C-XXX-X6.jpg
6728117431187911883900050446,SUMATERA UTARA,KOTA MEDAN,MEDAN PERJUANGAN,SEI KERAH HILIR II,TPS 26,2019-10-25 17:00:05,59,152,212,212,212,211,1,https://pemilu2019.kpu.go.id/img/c/900/050/900050446/1-11883-26-C1-PPWP-X1.jpg,https://pemilu2019.kpu.go.id/img/c/900/050/900050446/1-11883-26-C1-PPWP-X2.jpg
6728117431187911883900050447,SUMATERA UTARA,KOTA MEDAN,MEDAN PERJUANGAN,SEI KERAH HILIR II,TPS 27,2019-10-25 17:00:05,36,98,177,134,134,134,0,https://pemilu2019.kpu.go.id/img/c/900/050/900050447/1-11883-27-C1-PPWP-X1.jpg,https://pemilu2019.kpu.go.id/img/c/900/050/900050447/1-11883-27-C1-PPWP-X2.jpg
6728117431187911883900050448,SUMATERA UTARA,KOTA MEDAN,MEDAN PERJUANGAN,SEI KERAH HILIR II,TPS 28,2019-10-25 17:00:05,14,166,244,181,0,180,1,https://pemilu2019.kpu.go.id/img/c/900/050/900050448/1-11883-28-C-XXX-X5.jpg,https://pemilu2019.kpu.go.id/img/c/900/050/900050448/1-11883-28-C-XXX-X6.jpg
6728117431187911884900050449,SUMATERA UTARA,KOTA MEDAN,MEDAN PERJUANGAN,SEI KERA HULU,TPS 01,2019-10-25 17:00:05,48,215,325,263,263,263,0,https://pemilu2019.kpu.go.id/img/c/900/050/900050449/1-11884-01-C1-PPWP-X1.jpg,https://pemilu2019.kpu.go.id/img/c/900/050/900050449/1-11884-01-C1-PPWP-X2.jpg
6728117431187911884900050450,SUMATERA UTARA,KOTA MEDAN,MEDAN PERJUANGAN,SEI KERA HULU,TPS 02,2019-10-25 17:00:05,113,137,252,252,252,250,2,https://pemilu2019.kpu.go.id/img/c/900/050/900050450/1-11884-02-C1-PPWP-X1.jpg,https://pemilu2019.kpu.go.id/img/c/900/050/900050450/1-11884-02-C1-PPWP-X2.jpg
6728117431187911884900050451,SUMATERA UTARA,KOTA MEDAN,MEDAN PERJUANGAN,SEI KERA HULU,TPS 03,2019-10-25 17:00:05,56,160,264,217,217,216,1,https://pemilu2019.kpu.go.id/img/c/900/050/900050451/1-11884-03-C1-PPWP-X1.jpg,https://pemilu2019.kpu.go.id/img/c/900/050/900050451/1-11884-03-C1-PPWP-X2.jpg
6728117431187911884900050452,SUMATERA UTARA,KOTA MEDAN,MEDAN PERJUANGAN,SEI KERA HULU,TPS 04,2019-10-25 17:00:05,109,70,262,180,180,179,1,https://pemilu2019.kpu.go.id/img/c/900/050/900050452/1-11884-04-C1-PPWP-X1.jpg,https://pemilu2019.kpu.go.id/img/c/900/050/900050452/1-11884-04-C1-PPWP-X2.jpg
6728117431187911884900050453,SUMATERA UTARA,KOTA MEDAN,MEDAN PERJUANGAN,SEI KERA HULU,TPS 05,2019-10-25 17:00:05,48,144,279,195,195,192,3,https://pemilu2019.kpu.go.id/img/c/900/050/900050453/1-11884-05-C1-PPWP-X1.jpg,https://pemilu2019.kpu.go.id/img/c/900/050/900050453/1-11884-05-C1-PPWP-X2.jpg
6728117431187911884900050454,SUMATERA UTARA,KOTA MEDAN,MEDAN PERJUANGAN,SEI KERA HULU,TPS 06,2019-10-25 17:00:05,75,107,269,184,184,182,2,https://pemilu2019.kpu.go.id/img/c/900/050/900050454/2-11884-06-C1-PPWP-X1.jpg,https://pemilu2019.kpu.go.id/img/c/900/050/900050454/2-11884-06-C1-PPWP-X2.jpg
6728117431187911884900050455,SUMATERA UTARA,KOTA MEDAN,MEDAN PERJUANGAN,SEI KERA HULU,TPS 07,2019-10-25 17:00:05,108,85,244,196,196,193,3,https://pemilu2019.kpu.go.id/img/c/900/050/900050455/1-11884-07-C1-PPWP-X1.jpg,https://pemilu2019.kpu.go.id/img/c/900/050/900050455/1-11884-07-C1-PPWP-X2.jpg
6728117431187911884900050456,SUMATERA UTARA,KOTA MEDAN,MEDAN PERJUANGAN,SEI KERA HULU,TPS 08,2019-10-25 17:00:05,42,180,254,222,222,222,0,https://pemilu2019.kpu.go.id/img/c/900/050/900050456/1-11884-08-C1-PPWP-X1.jpg,https://pemilu2019.kpu.go.id/img/c/900/050/900050456/1-11884-08-C1-PPWP-X2.jpg
6728117431187911884900050457,SUMATERA UTARA,KOTA MEDAN,MEDAN PERJUANGAN,SEI KERA HULU,TPS 09,2019-10-25 17:00:05,111,148,323,259,259,259,0,https://pemilu2019.kpu.go.id/img/c/900/050/900050457/1-11884-09-C1-PPWP-X1.jpg,https://pemilu2019.kpu.go.id/img/c/900/050/900050457/1-11884-09-C1-PPWP-X2.jpg
6728117431187911884900050458,SUMATERA UTARA,KOTA MEDAN,MEDAN PERJUANGAN,SEI KERA HULU,TPS 10,2019-10-25 17:00:05,28,198,301,227,227,226,1,https://pemilu2019.kpu.go.id/img/c/900/050/900050458/1-11884-10-C1-PPWP-X1.jpg,https://pemilu2019.kpu.go.id/img/c/900/050/900050458/1-11884-10-C1-PPWP-X2.jpg
6728117431187911884900050459,SUMATERA UTARA,KOTA MEDAN,MEDAN PERJUANGAN,SEI KERA HULU,TPS 11,2019-10-25 17:00:05,33,202,328,238,238,235,3,https://pemilu2019.kpu.go.id/img/c/900/050/900050459/1-11884-11-C1-PPWP-X1.jpg,https://pemilu2019.kpu.go.id/img/c/900/050/900050459/1-11884-11-C1-PPWP-X2.jpg
6728117431187911884900050460,SUMATERA UTARA,KOTA MEDAN,MEDAN PERJUANGAN,SEI KERA HULU,TPS 12,2019-10-25 17:00:05,0,0,186,200,0,0,0,https://pemilu2019.kpu.go.id/img/c/900/050/900050460/1-11884-12-C1-PPWP-X1.jpg,https://pemilu2019.kpu.go.id/img/c/900/050/900050460/1-11884-12-C1-PPWP-X2.jpg
6728117431187911884900050461,SUMATERA UTARA,KOTA MEDAN,MEDAN PERJUANGAN,SEI KERA HULU,TPS 13,2019-10-25 17:00:05,122,138,290,264,264,260,4,https://pemilu2019.kpu.go.id/img/c/900/050/900050461/1-11884-13-C1-PPWP-X1.jpg,https://pemilu2019.kpu.go.id/img/c/900/050/900050461/1-11884-13-C1-PPWP-X2.jpg
6728117431187911884900050462,SUMATERA UTARA,KOTA MEDAN,MEDAN PERJUANGAN,SEI KERA HULU,TPS 14,2019-10-25 17:00:05,124,85,305,213,213,209,4,https://pemilu2019.kpu.go.id/img/c/900/050/900050462/1-11884-14-C1-PPWP-X1.jpg,https://pemilu2019.kpu.go.id/img/c/900/050/900050462/1-11884-14-C1-PPWP-X2.jpg
6728117431187911884900050463,SUMATERA UTARA,KOTA MEDAN,MEDAN PERJUANGAN,SEI KERA HULU,TPS 15,2019-10-25 17:00:05,91,124,293,220,220,215,5,https://pemilu2019.kpu.go.id/img/c/900/050/900050463/1-11884-15-C1-PPWP-X1.jpg,https://pemilu2019.kpu.go.id/img/c/900/050/900050463/1-11884-15-C1-PPWP-X2.jpg
6728117431187911884900050464,SUMATERA UTARA,KOTA MEDAN,MEDAN PERJUANGAN,SEI KERA HULU,TPS 16,2019-10-25 17:00:05,105,109,333,214,214,214,0,https://pemilu2019.kpu.go.id/img/c/900/050/900050464/1-11884-16-C1-PPWP-X1.jpg,https://pemilu2019.kpu.go.id/img/c/900/050/900050464/1-11884-16-C1-PPWP-X2.jpg
6728117431187911884900050465,SUMATERA UTARA,KOTA MEDAN,MEDAN PERJUANGAN,SEI KERA HULU,TPS 17,2019-10-25 17:00:05,116,72,294,192,192,188,4,https://pemilu2019.kpu.go.id/img/c/900/050/900050465/1-11884-17-C1-PPWP-X1.jpg,https://pemilu2019.kpu.go.id/img/c/900/050/900050465/1-11884-17-C1-PPWP-X2.jpg
6728117431187911884900050466,SUMATERA UTARA,KOTA MEDAN,MEDAN PERJUANGAN,SEI KERA HULU,TPS 18,2019-10-25 17:00:05,56,178,237,237,237,234,3,https://pemilu2019.kpu.go.id/img/c/900/050/900050466/1-11884-18-C1-PPWP-X1.jpg,https://pemilu2019.kpu.go.id/img/c/900/050/900050466/1-11884-18-C1-PPWP-X2.jpg
6728117431187911884900050467,SUMATERA UTARA,KOTA MEDAN,MEDAN PERJUANGAN,SEI KERA HULU,TPS 19,2019-10-25 17:00:05,20,215,285,235,235,235,0,https://pemilu2019.kpu.go.id/img/c/900/050/900050467/1-11884-19-C1-PPWP-X1.jpg,https://pemilu2019.kpu.go.id/img/c/900/050/900050467/1-11884-19-C1-PPWP-X2.jpg
6728117431187911884900050468,SUMATERA UTARA,KOTA MEDAN,MEDAN PERJUANGAN,SEI KERA HULU,TPS 20,2019-10-25 17:00:05,68,186,295,264,260,254,6,https://pemilu2019.kpu.go.id/img/c/900/050/900050468/1-11884-20-C1-PPWP-X1.jpg,https://pemilu2019.kpu.go.id/img/c/900/050/900050468/1-11884-20-C1-PPWP-X2.jpg
6728117431187911884900050469,SUMATERA UTARA,KOTA MEDAN,MEDAN PERJUANGAN,SEI KERA HULU,TPS 21,2019-10-25 17:00:05,79,153,327,235,235,232,3,https://pemilu2019.kpu.go.id/img/c/900/050/900050469/1-11884-21-C1-PPWP-X1.jpg,https://pemilu2019.kpu.go.id/img/c/900/050/900050469/1-11884-21-C1-PPWP-X2.jpg
6728117431187911884900050470,SUMATERA UTARA,KOTA MEDAN,MEDAN PERJUANGAN,SEI KERA HULU,TPS 22,2019-10-25 17:00:05,41,165,207,207,207,206,1,https://pemilu2019.kpu.go.id/img/c/900/050/900050470/1-11884-22-C1-PPWP-X1.jpg,https://pemilu2019.kpu.go.id/img/c/900/050/900050470/1-11884-22-C1-PPWP-X2.jpg
6728117431187911884900050471,SUMATERA UTARA,KOTA MEDAN,MEDAN PERJUANGAN,SEI KERA HULU,TPS 23,2019-10-25 17:00:05,93,76,261,171,171,169,2,https://pemilu2019.kpu.go.id/img/c/900/050/900050471/1-11884-23-C1-PPWP-X1.jpg,https://pemilu2019.kpu.go.id/img/c/900/050/900050471/1-11884-23-C1-PPWP-X2.jpg
6728117431187911886900050499,SUMATERA UTARA,KOTA MEDAN,MEDAN PERJUANGAN,SIDORAME BARAT I,TPS 01,2019-10-25 17:00:05,110,147,318,318,261,257,4,https://pemilu2019.kpu.go.id/img/c/900/050/900050499/1-11886-01-C1-PPWP-X1.jpg,https://pemilu2019.kpu.go.id/img/c/900/050/900050499/1-11886-01-C1-PPWP-X2.jpg
6728117431187911886900050500,SUMATERA UTARA,KOTA MEDAN,MEDAN PERJUANGAN,SIDORAME BARAT I,TPS 02,2019-10-25 17:00:05,58,185,249,244,244,243,1,https://pemilu2019.kpu.go.id/img/c/900/050/900050500/1-11886-02-C1-PPWP-X1.jpg,https://pemilu2019.kpu.go.id/img/c/900/050/900050500/1-11886-02-C1-PPWP-X2.jpg
6728117431187911886900050501,SUMATERA UTARA,KOTA MEDAN,MEDAN PERJUANGAN,SIDORAME BARAT I,TPS 03,2019-10-25 17:00:05,63,150,247,215,213,213,2,https://pemilu2019.kpu.go.id/img/c/900/050/900050501/1-11886-03-C1-PPWP-X1.jpg,https://pemilu2019.kpu.go.id/img/c/900/050/900050501/1-11886-03-C1-PPWP-X2.jpg
6728117431187911886900050502,SUMATERA UTARA,KOTA MEDAN,MEDAN PERJUANGAN,SIDORAME BARAT I,TPS 04,2019-10-25 17:00:05,48,128,240,177,177,176,1,https://pemilu2019.kpu.go.id/img/c/900/050/900050502/1-11886-04-C1-PPWP-X1.jpg,https://pemilu2019.kpu.go.id/img/c/900/050/900050502/1-11886-04-C1-PPWP-X2.jpg
6728117431187911886900050503,SUMATERA UTARA,KOTA MEDAN,MEDAN PERJUANGAN,SIDORAME BARAT I,TPS 05,2019-10-25 17:00:05,116,109,221,225,226,225,1,https://pemilu2019.kpu.go.id/img/c/900/050/900050503/1-11886-05-C1-PPWP-X1.jpg,https://pemilu2019.kpu.go.id/img/c/900/050/900050503/1-11886-05-C1-PPWP-X2.jpg
6728117431187911886900050504,SUMATERA UTARA,KOTA MEDAN,MEDAN PERJUANGAN,SIDORAME BARAT I,TPS 06,2019-10-25 17:00:05,128,105,276,235,235,233,2,https://pemilu2019.kpu.go.id/img/c/900/050/900050504/1-11886-06-C1-PPWP-X1.jpg,https://pemilu2019.kpu.go.id/img/c/900/050/900050504/1-11886-06-C1-PPWP-X2.jpg
6728117431187911886900050505,SUMATERA UTARA,KOTA MEDAN,MEDAN PERJUANGAN,SIDORAME BARAT I,TPS 07,2019-10-25 17:00:05,102,63,20,168,168,165,3,https://pemilu2019.kpu.go.id/img/c/900/050/900050505/1-11886-07-C1-PPWP-X1.jpg,https://pemilu2019.kpu.go.id/img/c/900/050/900050505/1-11886-07-C1-PPWP-X2.jpg
6728117431187911886900050506,SUMATERA UTARA,KOTA MEDAN,MEDAN PERJUANGAN,SIDORAME BARAT I,TPS 08,2019-10-25 17:00:05,97,108,264,207,207,205,2,https://pemilu2019.kpu.go.id/img/c/900/050/900050506/1-11886-08-C1-PPWP-X1.jpg,https://pemilu2019.kpu.go.id/img/c/900/050/900050506/1-11886-08-C1-PPWP-X2.jpg
6728117431187911886900050507,SUMATERA UTARA,KOTA MEDAN,MEDAN PERJUANGAN,SIDORAME BARAT I,TPS 09,2019-10-25 17:00:05,143,59,287,208,208,202,6,https://pemilu2019.kpu.go.id/img/c/900/050/900050507/1-11886-09-C1-PPWP-X1.jpg,https://pemilu2019.kpu.go.id/img/c/900/050/900050507/1-11886-09-C1-PPWP-X2.jpg
6728117431187911886900050508,SUMATERA UTARA,KOTA MEDAN,MEDAN PERJUANGAN,SIDORAME BARAT I,TPS 10,2019-10-25 17:00:05,52,117,170,170,170,169,1,https://pemilu2019.kpu.go.id/img/c/900/050/900050508/1-11886-10-C1-PPWP-X1.jpg,https://pemilu2019.kpu.go.id/img/c/900/050/900050508/1-11886-10-C1-PPWP-X2.jpg
6728117431187911886900050509,SUMATERA UTARA,KOTA MEDAN,MEDAN PERJUANGAN,SIDORAME BARAT I,TPS 11,2019-10-25 17:00:05,68,94,206,164,164,162,2,https://pemilu2019.kpu.go.id/img/c/900/050/900050509/1-11886-11-C1-PPWP-X1.jpg,https://pemilu2019.kpu.go.id/img/c/900/050/900050509/1-11886-11-C1-PPWP-X2.jpg
6728117431187911886900050510,SUMATERA UTARA,KOTA MEDAN,MEDAN PERJUANGAN,SIDORAME BARAT I,TPS 12,2019-10-25 17:00:05,119,63,222,182,183,182,1,https://pemilu2019.kpu.go.id/img/c/900/050/900050510/1-11886-12-C1-PPWP-X1.jpg,https://pemilu2019.kpu.go.id/img/c/900/050/900050510/1-11886-12-C1-PPWP-X2.jpg
6728117431187911886900050511,SUMATERA UTARA,KOTA MEDAN,MEDAN PERJUANGAN,SIDORAME BARAT I,TPS 13,2019-10-25 17:00:05,110,81,192,192,192,191,1,https://pemilu2019.kpu.go.id/img/c/900/050/900050511/1-11886-13-C1-PPWP-X1.jpg,https://pemilu2019.kpu.go.id/img/c/900/050/900050511/1-11886-13-C1-PPWP-X2.jpg
6728117431187911886900050512,SUMATERA UTARA,KOTA MEDAN,MEDAN PERJUANGAN,SIDORAME BARAT I,TPS 14,2019-10-25 17:00:05,170,38,259,208,208,208,0,https://pemilu2019.kpu.go.id/img/c/900/050/900050512/1-11886-14-C1-PPWP-X1.jpg,https://pemilu2019.kpu.go.id/img/c/900/050/900050512/1-11886-14-C1-PPWP-X2.jpg
6728117431187911886900050513,SUMATERA UTARA,KOTA MEDAN,MEDAN PERJUANGAN,SIDORAME BARAT I,TPS 15,2019-10-25 17:00:05,87,117,268,205,205,204,1,https://pemilu2019.kpu.go.id/img/c/900/050/900050513/1-11886-15-C1-PPWP-X1.jpg,https://pemilu2019.kpu.go.id/img/c/900/050/900050513/1-11886-15-C1-PPWP-X2.jpg
6728117431187911886900050514,SUMATERA UTARA,KOTA MEDAN,MEDAN PERJUANGAN,SIDORAME BARAT I,TPS 16,2019-10-25 17:00:05,126,84,268,211,211,210,1,https://pemilu2019.kpu.go.id/img/c/900/050/900050514/1-11886-16-C1-PPWP-X1.jpg,https://pemilu2019.kpu.go.id/img/c/900/050/900050514/1-11886-16-C1-PPWP-X2.jpg
6728117431187911886900050515,SUMATERA UTARA,KOTA MEDAN,MEDAN PERJUANGAN,SIDORAME BARAT I,TPS 17,2019-10-25 17:00:05,146,83,267,252,231,229,2,https://pemilu2019.kpu.go.id/img/c/900/050/900050515/1-11886-17-C1-PPWP-X1.jpg,https://pemilu2019.kpu.go.id/img/c/900/050/900050515/1-11886-17-C1-PPWP-X2.jpg
6728117431187911886900050516,SUMATERA UTARA,KOTA MEDAN,MEDAN PERJUANGAN,SIDORAME BARAT I,TPS 18,2019-10-25 17:00:05,70,138,279,210,210,208,2,https://pemilu2019.kpu.go.id/img/c/900/050/900050516/1-11886-18-C1-PPWP-X1.jpg,https://pemilu2019.kpu.go.id/img/c/900/050/900050516/1-11886-18-C1-PPWP-X2.jpg
6728117431187911886900050517,SUMATERA UTARA,KOTA MEDAN,MEDAN PERJUANGAN,SIDORAME BARAT I,TPS 19,2019-10-25 17:00:05,85,108,273,195,197,193,4,https://pemilu2019.kpu.go.id/img/c/900/050/900050517/1-11886-19-C1-PPWP-X1.jpg,https://pemilu2019.kpu.go.id/img/c/900/050/900050517/1-11886-19-C1-PPWP-X2.jpg
6728117431187911886900050518,SUMATERA UTARA,KOTA MEDAN,MEDAN PERJUANGAN,SIDORAME BARAT I,TPS 20,2019-10-25 17:00:05,81,91,236,194,175,173,2,https://pemilu2019.kpu.go.id/img/c/900/050/900050518/1-11886-20-C1-PPWP-X1.jpg,https://pemilu2019.kpu.go.id/img/c/900/050/900050518/1-11886-20-C1-PPWP-X2.jpg
6728117431187911886900050519,SUMATERA UTARA,KOTA MEDAN,MEDAN PERJUANGAN,SIDORAME BARAT I,TPS 21,2019-10-25 17:00:05,83,95,0,179,179,178,1,https://pemilu2019.kpu.go.id/img/c/900/050/900050519/1-11886-21-C1-PPWP-X1.jpg,https://pemilu2019.kpu.go.id/img/c/900/050/900050519/1-11886-21-C1-PPWP-X2.jpg
6728117431187911886900050520,SUMATERA UTARA,KOTA MEDAN,MEDAN PERJUANGAN,SIDORAME BARAT I,TPS 22,2019-10-25 17:00:05,77,104,183,183,185,183,2,https://pemilu2019.kpu.go.id/img/c/900/050/900050520/1-11886-22-C1-PPWP-X1.jpg,https://pemilu2019.kpu.go.id/img/c/900/050/900050520/1-11886-22-C1-PPWP-X2.jpg
6728117431187911886900050521,SUMATERA UTARA,KOTA MEDAN,MEDAN PERJUANGAN,SIDORAME BARAT I,TPS 23,2019-10-25 17:00:05,120,137,319,265,262,257,5,https://pemilu2019.kpu.go.id/img/c/900/050/900050521/1-11886-23-C1-PPWP-X1.jpg,https://pemilu2019.kpu.go.id/img/c/900/050/900050521/1-11886-23-C1-PPWP-X2.jpg
6728117431187911886900050522,SUMATERA UTARA,KOTA MEDAN,MEDAN PERJUANGAN,SIDORAME BARAT I,TPS 24,2019-10-25 17:00:05,69,140,265,211,211,209,2,https://pemilu2019.kpu.go.id/img/c/900/050/900050522/1-11886-24-C1-PPWP-X1.jpg,https://pemilu2019.kpu.go.id/img/c/900/050/900050522/1-11886-24-C1-PPWP-X2.jpg
6728117431187911886900050523,SUMATERA UTARA,KOTA MEDAN,MEDAN PERJUANGAN,SIDORAME BARAT I,TPS 25,2019-10-25 17:00:05,68,184,250,254,254,252,2,https://pemilu2019.kpu.go.id/img/c/900/050/900050523/1-11886-25-C1-PPWP-X1.jpg,https://pemilu2019.kpu.go.id/img/c/900/050/900050523/1-11886-25-C1-PPWP-X2.jpg
6728117431187911886900050524,SUMATERA UTARA,KOTA MEDAN,MEDAN PERJUANGAN,SIDORAME BARAT I,TPS 26,2019-10-25 17:00:05,113,16,215,131,131,129,2,https://pemilu2019.kpu.go.id/img/c/900/050/900050524/1-11886-26-C1-PPWP-X1.jpg,https://pemilu2019.kpu.go.id/img/c/900/050/900050524/1-11886-26-C1-PPWP-X2.jpg
6728117431187911886900050525,SUMATERA UTARA,KOTA MEDAN,MEDAN PERJUANGAN,SIDORAME BARAT I,TPS 27,2019-10-25 17:00:05,147,23,215,171,171,170,1,https://pemilu2019.kpu.go.id/img/c/900/050/900050525/1-11886-27-C1-PPWP-X1.jpg,https://pemilu2019.kpu.go.id/img/c/900/050/900050525/1-11886-27-C1-PPWP-X2.jpg
6728117431187911887900050526,SUMATERA UTARA,KOTA MEDAN,MEDAN PERJUANGAN,SIDORAME BARAT II,TPS 01,2019-10-25 17:00:05,107,80,279,187,187,187,0,https://pemilu2019.kpu.go.id/img/c/900/050/900050526/1-11887-01-C1-PPWP-X1.jpg,https://pemilu2019.kpu.go.id/img/c/900/050/900050526/1-11887-01-C1-PPWP-X2.jpg
6728117431187911887900050527,SUMATERA UTARA,KOTA MEDAN,MEDAN PERJUANGAN,SIDORAME BARAT II,TPS 02,2019-10-25 17:00:05,73,41,200,114,114,114,0,https://pemilu2019.kpu.go.id/img/c/900/050/900050527/2-11887-02-C1-PPWP-X1.jpg,https://pemilu2019.kpu.go.id/img/c/900/050/900050527/2-11887-02-C1-PPWP-X2.jpg
6728117431187911887900050528,SUMATERA UTARA,KOTA MEDAN,MEDAN PERJUANGAN,SIDORAME BARAT II,TPS 03,2019-10-25 17:00:05,128,35,310,163,163,163,0,https://pemilu2019.kpu.go.id/img/c/900/050/900050528/2-11887-03-C1-PPWP-X1.jpg,https://pemilu2019.kpu.go.id/img/c/900/050/900050528/2-11887-03-C1-PPWP-X2.jpg
6728117431187911887900050529,SUMATERA UTARA,KOTA MEDAN,MEDAN PERJUANGAN,SIDORAME BARAT II,TPS 04,2019-10-25 17:00:05,105,64,252,169,170,169,1,https://pemilu2019.kpu.go.id/img/c/900/050/900050529/11887-04-C1-PPWP-X1.jpg,https://pemilu2019.kpu.go.id/img/c/900/050/900050529/11887-04-C1-PPWP-X2.jpg
6728117431187911887900050530,SUMATERA UTARA,KOTA MEDAN,MEDAN PERJUANGAN,SIDORAME BARAT II,TPS 05,2019-10-25 17:00:05,91,23,211,114,114,114,0,https://pemilu2019.kpu.go.id/img/c/900/050/900050530/11887-05-C1-PPWP-X1.jpg,https://pemilu2019.kpu.go.id/img/c/900/050/900050530/11887-05-C1-PPWP-X2.jpg
6728117431187911887900050531,SUMATERA UTARA,KOTA MEDAN,MEDAN PERJUANGAN,SIDORAME BARAT II,TPS 06,2019-10-25 17:00:05,166,11,241,180,180,177,3,https://pemilu2019.kpu.go.id/img/c/900/050/900050531/1-11887-06-C1-PPWP-X1.jpg,https://pemilu2019.kpu.go.id/img/c/900/050/900050531/1-11887-06-C1-PPWP-X2.jpg
6728117431187911887900050532,SUMATERA UTARA,KOTA MEDAN,MEDAN PERJUANGAN,SIDORAME BARAT II,TPS 07,2019-10-25 17:00:05,183,15,271,203,203,198,5,https://pemilu2019.kpu.go.id/img/c/900/050/900050532/11887-07-C1-PPWP-X1.jpg,https://pemilu2019.kpu.go.id/img/c/900/050/900050532/11887-07-C1-PPWP-X2.jpg
6728117431187911887900050533,SUMATERA UTARA,KOTA MEDAN,MEDAN PERJUANGAN,SIDORAME BARAT II,TPS 08,2019-10-25 17:00:05,63,80,207,143,143,143,0,https://pemilu2019.kpu.go.id/img/c/900/050/900050533/11887-08-C1-PPWP-X1.jpg,https://pemilu2019.kpu.go.id/img/c/900/050/900050533/11887-08-C1-PPWP-X2.jpg
6728117431187911887900050534,SUMATERA UTARA,KOTA MEDAN,MEDAN PERJUANGAN,SIDORAME BARAT II,TPS 09,2019-10-25 17:00:05,72,111,237,185,185,183,2,https://pemilu2019.kpu.go.id/img/c/900/050/900050534/11887-09-C1-PPWP-X1.jpg,https://pemilu2019.kpu.go.id/img/c/900/050/900050534/11887-09-C1-PPWP-X2.jpg
6728117431187911887900050535,SUMATERA UTARA,KOTA MEDAN,MEDAN PERJUANGAN,SIDORAME BARAT II,TPS 10,2019-10-25 17:00:05,54,67,208,121,121,121,0,https://pemilu2019.kpu.go.id/img/c/900/050/900050535/11887-10-C1-PPWP-X1.jpg,https://pemilu2019.kpu.go.id/img/c/900/050/900050535/11887-10-C1-PPWP-X2.jpg
6728117431187911887900050536,SUMATERA UTARA,KOTA MEDAN,MEDAN PERJUANGAN,SIDORAME BARAT II,TPS 11,2019-10-25 17:00:05,45,55,175,109,101,100,1,https://pemilu2019.kpu.go.id/img/c/900/050/900050536/2-11887-11-C1-PPWP-X1.jpg,https://pemilu2019.kpu.go.id/img/c/900/050/900050536/2-11887-11-C1-PPWP-X2.jpg
6728117431187911887900050537,SUMATERA UTARA,KOTA MEDAN,MEDAN PERJUANGAN,SIDORAME BARAT II,TPS 12,2019-10-25 17:00:05,61,75,253,136,136,136,0,https://pemilu2019.kpu.go.id/img/c/900/050/900050537/11887-12-C1-PPWP-X1.jpg,https://pemilu2019.kpu.go.id/img/c/900/050/900050537/11887-12-C1-PPWP-X2.jpg
6728117431187911887900050538,SUMATERA UTARA,KOTA MEDAN,MEDAN PERJUANGAN,SIDORAME BARAT II,TPS 13,2019-10-25 17:00:05,138,43,259,182,182,181,1,https://pemilu2019.kpu.go.id/img/c/900/050/900050538/11887-13-C1-PPWP-X1.jpg,https://pemilu2019.kpu.go.id/img/c/900/050/900050538/11887-13-C1-PPWP-X2.jpg
6728117431187911887900050539,SUMATERA UTARA,KOTA MEDAN,MEDAN PERJUANGAN,SIDORAME BARAT II,TPS 14,2019-10-25 17:00:05,117,68,292,188,188,185,3,https://pemilu2019.kpu.go.id/img/c/900/050/900050539/1-11887-14-C1-PPWP-X1.jpg,https://pemilu2019.kpu.go.id/img/c/900/050/900050539/1-11887-14-C1-PPWP-X2.jpg
6728117431187911887900050540,SUMATERA UTARA,KOTA MEDAN,MEDAN PERJUANGAN,SIDORAME BARAT II,TPS 15,2019-10-25 17:00:05,82,98,292,181,181,180,1,https://pemilu2019.kpu.go.id/img/c/900/050/900050540/1-11887-15-C1-PPWP-X1.jpg,https://pemilu2019.kpu.go.id/img/c/900/050/900050540/1-11887-15-C1-PPWP-X2.jpg
6728117431187911887900050541,SUMATERA UTARA,KOTA MEDAN,MEDAN PERJUANGAN,SIDORAME BARAT II,TPS 16,2019-10-25 17:00:05,139,30,251,169,170,169,1,https://pemilu2019.kpu.go.id/img/c/900/050/900050541/1-11887-16-C1-PPWP-X1.jpg,https://pemilu2019.kpu.go.id/img/c/900/050/900050541/1-11887-16-C1-PPWP-X2.jpg
6728117431187911887900050542,SUMATERA UTARA,KOTA MEDAN,MEDAN PERJUANGAN,SIDORAME BARAT II,TPS 17,2019-10-25 17:00:05,109,38,203,150,150,147,3,https://pemilu2019.kpu.go.id/img/c/900/050/900050542/1-11887-17-C1-PPWP-X1.jpg,https://pemilu2019.kpu.go.id/img/c/900/050/900050542/1-11887-17-C1-PPWP-X2.jpg
6728117431187911887900050543,SUMATERA UTARA,KOTA MEDAN,MEDAN PERJUANGAN,SIDORAME BARAT II,TPS 18,2019-10-25 17:00:05,101,46,258,149,149,147,2,https://pemilu2019.kpu.go.id/img/c/900/050/900050543/2-11887-18-C1-PPWP-X1.jpg,https://pemilu2019.kpu.go.id/img/c/900/050/900050543/2-11887-18-C1-PPWP-X2.jpg
6728117431187911887900050544,SUMATERA UTARA,KOTA MEDAN,MEDAN PERJUANGAN,SIDORAME BARAT II,TPS 19,2019-10-25 17:00:05,100,28,226,128,128,128,0,https://pemilu2019.kpu.go.id/img/c/900/050/900050544/1-11887-19-C1-PPWP-X1.jpg,https://pemilu2019.kpu.go.id/img/c/900/050/900050544/1-11887-19-C1-PPWP-X2.jpg
6728117431187911887900050545,SUMATERA UTARA,KOTA MEDAN,MEDAN PERJUANGAN,SIDORAME BARAT II,TPS 20,2019-10-25 17:00:05,175,101,272,277,277,276,1,https://pemilu2019.kpu.go.id/img/c/900/050/900050545/1-11887-20-C1-PPWP-X1.jpg,https://pemilu2019.kpu.go.id/img/c/900/050/900050545/1-11887-20-C1-PPWP-X2.jpg
6728117431187911887900050546,SUMATERA UTARA,KOTA MEDAN,MEDAN PERJUANGAN,SIDORAME BARAT II,TPS 21,2019-10-25 17:00:05,109,77,287,188,188,186,2,https://pemilu2019.kpu.go.id/img/c/900/050/900050546/1-11887-21-C-XXX-X5.jpg,https://pemilu2019.kpu.go.id/img/c/900/050/900050546/1-11887-21-C-XXX-X6.jpg
6728117431187911887900050547,SUMATERA UTARA,KOTA MEDAN,MEDAN PERJUANGAN,SIDORAME BARAT II,TPS 22,2019-10-25 17:00:05,89,140,260,230,230,229,1,https://pemilu2019.kpu.go.id/img/c/900/050/900050547/1-11887-22-C1-PPWP-X1.jpg,https://pemilu2019.kpu.go.id/img/c/900/050/900050547/1-11887-22-C1-PPWP-X2.jpg
6728117431187911887900050548,SUMATERA UTARA,KOTA MEDAN,MEDAN PERJUANGAN,SIDORAME BARAT II,TPS 23,2019-10-25 17:00:05,104,132,286,238,238,236,2,https://pemilu2019.kpu.go.id/img/c/900/050/900050548/1-11887-23-C1-PPWP-X1.jpg,https://pemilu2019.kpu.go.id/img/c/900/050/900050548/1-11887-23-C1-PPWP-X2.jpg
6728117431187911887900050549,SUMATERA UTARA,KOTA MEDAN,MEDAN PERJUANGAN,SIDORAME BARAT II,TPS 24,2019-10-25 17:00:05,109,73,291,183,183,182,1,https://pemilu2019.kpu.go.id/img/c/900/050/900050549/1-11887-24-C1-PPWP-X1.jpg,https://pemilu2019.kpu.go.id/img/c/900/050/900050549/1-11887-24-C1-PPWP-X2.jpg
6728117431187911887900050550,SUMATERA UTARA,KOTA MEDAN,MEDAN PERJUANGAN,SIDORAME BARAT II,TPS 25,2019-10-25 17:00:05,159,7,237,166,0,166,0,https://pemilu2019.kpu.go.id/img/c/900/050/900050550/1-11887-25-C1-PPWP-X1.jpg,https://pemilu2019.kpu.go.id/img/c/900/050/900050550/1-11887-25-C1-PPWP-X2.jpg
6728117431187911887900050551,SUMATERA UTARA,KOTA MEDAN,MEDAN PERJUANGAN,SIDORAME BARAT II,TPS 26,2019-10-25 17:00:05,169,38,265,207,209,207,2,https://pemilu2019.kpu.go.id/img/c/900/050/900050551/1-11887-26-C1-PPWP-X1.jpg,https://pemilu2019.kpu.go.id/img/c/900/050/900050551/1-11887-26-C1-PPWP-X2.jpg
6728117431187911887900050552,SUMATERA UTARA,KOTA MEDAN,MEDAN PERJUANGAN,SIDORAME BARAT II,TPS 27,2019-10-25 17:00:05,139,62,317,293,202,201,1,https://pemilu2019.kpu.go.id/img/c/900/050/900050552/1-11887-27-C1-PPWP-X1.jpg,https://pemilu2019.kpu.go.id/img/c/900/050/900050552/1-11887-27-C1-PPWP-X2.jpg
6728117431187911887900050553,SUMATERA UTARA,KOTA MEDAN,MEDAN PERJUANGAN,SIDORAME BARAT II,TPS 28,2019-10-25 17:00:05,91,88,281,179,180,179,1,https://pemilu2019.kpu.go.id/img/c/900/050/900050553/1-11887-28-C1-PPWP-X1.jpg,https://pemilu2019.kpu.go.id/img/c/900/050/900050553/1-11887-28-C1-PPWP-X2.jpg
6728117431187911887900050554,SUMATERA UTARA,KOTA MEDAN,MEDAN PERJUANGAN,SIDORAME BARAT II,TPS 29,2019-10-25 17:00:05,98,58,201,157,157,156,1,https://pemilu2019.kpu.go.id/img/c/900/050/900050554/1-11887-29-C1-PPWP-X1.jpg,https://pemilu2019.kpu.go.id/img/c/900/050/900050554/1-11887-29-C1-PPWP-X2.jpg
6728117431187911887900050555,SUMATERA UTARA,KOTA MEDAN,MEDAN PERJUANGAN,SIDORAME BARAT II,TPS 30,2019-10-25 17:00:05,73,60,214,134,134,133,1,https://pemilu2019.kpu.go.id/img/c/900/050/900050555/1-11887-30-C1-PPWP-X1.jpg,https://pemilu2019.kpu.go.id/img/c/900/050/900050555/1-11887-30-C1-PPWP-X2.jpg
6728117431187911885900050472,SUMATERA UTARA,KOTA MEDAN,MEDAN PERJUANGAN,SIDORAME TIMUR,TPS 01,2019-10-25 17:00:05,107,156,288,271,269,263,6,https://pemilu2019.kpu.go.id/img/c/900/050/900050472/1-11885-01-C1-PPWP-X1.jpg,https://pemilu2019.kpu.go.id/img/c/900/050/900050472/1-11885-01-C1-PPWP-X2.jpg
6728117431187911885900050473,SUMATERA UTARA,KOTA MEDAN,MEDAN PERJUANGAN,SIDORAME TIMUR,TPS 02,2019-10-25 17:00:05,139,39,312,185,185,178,7,https://pemilu2019.kpu.go.id/img/c/900/050/900050473/1-11885-02-C1-PPWP-X1.jpg,https://pemilu2019.kpu.go.id/img/c/900/050/900050473/1-11885-02-C1-PPWP-X2.jpg
6728117431187911885900050474,SUMATERA UTARA,KOTA MEDAN,MEDAN PERJUANGAN,SIDORAME TIMUR,TPS 03,2019-10-25 17:00:05,58,149,248,209,209,207,2,https://pemilu2019.kpu.go.id/img/c/900/050/900050474/1-11885-03-C1-PPWP-X1.jpg,https://pemilu2019.kpu.go.id/img/c/900/050/900050474/1-11885-03-C1-PPWP-X2.jpg
6728117431187911885900050475,SUMATERA UTARA,KOTA MEDAN,MEDAN PERJUANGAN,SIDORAME TIMUR,TPS 04,2019-10-25 17:00:05,73,90,234,165,165,163,2,https://pemilu2019.kpu.go.id/img/c/900/050/900050475/1-11885-04-C1-PPWP-X1.jpg,https://pemilu2019.kpu.go.id/img/c/900/050/900050475/1-11885-04-C1-PPWP-X2.jpg
6728117431187911885900050476,SUMATERA UTARA,KOTA MEDAN,MEDAN PERJUANGAN,SIDORAME TIMUR,TPS 05,2019-10-25 17:00:05,57,126,297,184,184,183,1,https://pemilu2019.kpu.go.id/img/c/900/050/900050476/1-11885-05-C1-PPWP-X1.jpg,https://pemilu2019.kpu.go.id/img/c/900/050/900050476/1-11885-05-C1-PPWP-X2.jpg
6728117431187911885900050477,SUMATERA UTARA,KOTA MEDAN,MEDAN PERJUANGAN,SIDORAME TIMUR,TPS 06,2019-10-25 17:00:05,109,100,260,213,213,209,4,https://pemilu2019.kpu.go.id/img/c/900/050/900050477/1-11885-06-C1-PPWP-X1.jpg,https://pemilu2019.kpu.go.id/img/c/900/050/900050477/1-11885-06-C1-PPWP-X2.jpg
6728117431187911885900050478,SUMATERA UTARA,KOTA MEDAN,MEDAN PERJUANGAN,SIDORAME TIMUR,TPS 07,2019-10-25 17:00:05,153,45,273,198,198,198,0,https://pemilu2019.kpu.go.id/img/c/900/050/900050478/1-11885-07-C1-PPWP-X1.jpg,https://pemilu2019.kpu.go.id/img/c/900/050/900050478/1-11885-07-C1-PPWP-X2.jpg
6728117431187911885900050479,SUMATERA UTARA,KOTA MEDAN,MEDAN PERJUANGAN,SIDORAME TIMUR,TPS 08,2019-10-25 17:00:05,188,47,287,236,236,235,1,https://pemilu2019.kpu.go.id/img/c/900/050/900050479/1-11885-08-C1-PPWP-X1.jpg,https://pemilu2019.kpu.go.id/img/c/900/050/900050479/1-11885-08-C1-PPWP-X2.jpg
6728117431187911885900050480,SUMATERA UTARA,KOTA MEDAN,MEDAN PERJUANGAN,SIDORAME TIMUR,TPS 09,2019-10-25 17:00:05,143,63,234,207,207,206,1,https://pemilu2019.kpu.go.id/img/c/900/050/900050480/1-11885-09-C1-PPWP-X1.jpg,https://pemilu2019.kpu.go.id/img/c/900/050/900050480/1-11885-09-C1-PPWP-X2.jpg
6728117431187911885900050481,SUMATERA UTARA,KOTA MEDAN,MEDAN PERJUANGAN,SIDORAME TIMUR,TPS 10,2019-10-25 17:00:05,155,71,279,227,227,226,1,https://pemilu2019.kpu.go.id/img/c/900/050/900050481/1-11885-10-C1-PPWP-X1.jpg,https://pemilu2019.kpu.go.id/img/c/900/050/900050481/1-11885-10-C1-PPWP-X2.jpg
6728117431187911885900050482,SUMATERA UTARA,KOTA MEDAN,MEDAN PERJUANGAN,SIDORAME TIMUR,TPS 11,2019-10-25 17:00:05,190,31,220,222,222,221,1,https://pemilu2019.kpu.go.id/img/c/900/050/900050482/1-11885-11-C1-PPWP-X1.jpg,https://pemilu2019.kpu.go.id/img/c/900/050/900050482/1-11885-11-C1-PPWP-X2.jpg
6728117431187911885900050483,SUMATERA UTARA,KOTA MEDAN,MEDAN PERJUANGAN,SIDORAME TIMUR,TPS 12,2019-10-25 17:00:05,160,49,223,211,211,2,209,https://pemilu2019.kpu.go.id/img/c/900/050/900050483/1-11885-12-C1-PPWP-X1.jpg,https://pemilu2019.kpu.go.id/img/c/900/050/900050483/1-11885-12-C1-PPWP-X2.jpg
6728117431187911885900050484,SUMATERA UTARA,KOTA MEDAN,MEDAN PERJUANGAN,SIDORAME TIMUR,TPS 13,2019-10-25 17:00:05,112,45,0,158,158,157,1,https://pemilu2019.kpu.go.id/img/c/900/050/900050484/1-11885-13-C1-PPWP-X1.jpg,https://pemilu2019.kpu.go.id/img/c/900/050/900050484/1-11885-13-C1-PPWP-X2.jpg
6728117431187911885900050485,SUMATERA UTARA,KOTA MEDAN,MEDAN PERJUANGAN,SIDORAME TIMUR,TPS 14,2019-10-25 17:00:05,138,53,254,194,194,191,3,https://pemilu2019.kpu.go.id/img/c/900/050/900050485/1-11885-14-C1-PPWP-X1.jpg,https://pemilu2019.kpu.go.id/img/c/900/050/900050485/1-11885-14-C1-PPWP-X2.jpg
6728117431187911885900050486,SUMATERA UTARA,KOTA MEDAN,MEDAN PERJUANGAN,SIDORAME TIMUR,TPS 15,2019-10-25 17:00:05,191,28,277,220,220,219,1,https://pemilu2019.kpu.go.id/img/c/900/050/900050486/1-11885-15-C1-PPWP-X1.jpg,https://pemilu2019.kpu.go.id/img/c/900/050/900050486/1-11885-15-C1-PPWP-X2.jpg
6728117431187911885900050487,SUMATERA UTARA,KOTA MEDAN,MEDAN PERJUANGAN,SIDORAME TIMUR,TPS 16,2019-10-25 17:00:05,180,53,306,234,234,233,1,https://pemilu2019.kpu.go.id/img/c/900/050/900050487/1-11885-16-C1-PPWP-X1.jpg,https://pemilu2019.kpu.go.id/img/c/900/050/900050487/1-11885-16-C1-PPWP-X2.jpg
6728117431187911885900050488,SUMATERA UTARA,KOTA MEDAN,MEDAN PERJUANGAN,SIDORAME TIMUR,TPS 17,2019-10-25 17:00:05,145,145,356,290,290,290,0,https://pemilu2019.kpu.go.id/img/c/900/050/900050488/1-11885-17-C1-PPWP-X1.jpg,https://pemilu2019.kpu.go.id/img/c/900/050/900050488/1-11885-17-C1-PPWP-X2.jpg
6728117431187911885900050489,SUMATERA UTARA,KOTA MEDAN,MEDAN PERJUANGAN,SIDORAME TIMUR,TPS 18,2019-10-25 17:00:05,125,158,371,282,285,283,2,https://pemilu2019.kpu.go.id/img/c/900/050/900050489/1-11885-18-C1-PPWP-X1.jpg,https://pemilu2019.kpu.go.id/img/c/900/050/900050489/1-11885-18-C1-PPWP-X2.jpg
6728117431187911885900050490,SUMATERA UTARA,KOTA MEDAN,MEDAN PERJUANGAN,SIDORAME TIMUR,TPS 19,2019-10-25 17:00:05,186,77,340,263,269,263,6,https://pemilu2019.kpu.go.id/img/c/900/050/900050490/1-11885-19-C1-PPWP-X1.jpg,https://pemilu2019.kpu.go.id/img/c/900/050/900050490/1-11885-19-C1-PPWP-X2.jpg
6728117431187911885900050491,SUMATERA UTARA,KOTA MEDAN,MEDAN PERJUANGAN,SIDORAME TIMUR,TPS 20,2019-10-25 17:00:05,52,173,267,226,226,225,1,https://pemilu2019.kpu.go.id/img/c/900/050/900050491/1-11885-20-C1-PPWP-X1.jpg,https://pemilu2019.kpu.go.id/img/c/900/050/900050491/1-11885-20-C1-PPWP-X2.jpg
6728117431187911885900050492,SUMATERA UTARA,KOTA MEDAN,MEDAN PERJUANGAN,SIDORAME TIMUR,TPS 21,2019-10-25 17:00:05,84,143,271,229,229,227,2,https://pemilu2019.kpu.go.id/img/c/900/050/900050492/1-11885-21-C1-PPWP-X1.jpg,https://pemilu2019.kpu.go.id/img/c/900/050/900050492/1-11885-21-C1-PPWP-X2.jpg
6728117431187911885900050493,SUMATERA UTARA,KOTA MEDAN,MEDAN PERJUANGAN,SIDORAME TIMUR,TPS 22,2019-10-25 17:00:05,58,192,336,252,252,250,2,https://pemilu2019.kpu.go.id/img/c/900/050/900050493/1-11885-22-C1-PPWP-X1.jpg,https://pemilu2019.kpu.go.id/img/c/900/050/900050493/1-11885-22-C1-PPWP-X2.jpg
6728117431187911885900050494,SUMATERA UTARA,KOTA MEDAN,MEDAN PERJUANGAN,SIDORAME TIMUR,TPS 23,2019-10-25 17:00:05,166,116,377,282,283,282,1,https://pemilu2019.kpu.go.id/img/c/900/050/900050494/1-11885-23-C1-PPWP-X1.jpg,https://pemilu2019.kpu.go.id/img/c/900/050/900050494/1-11885-23-C1-PPWP-X2.jpg
6728117431187911885900050495,SUMATERA UTARA,KOTA MEDAN,MEDAN PERJUANGAN,SIDORAME TIMUR,TPS 24,2019-10-25 17:00:05,213,66,362,280,280,279,1,https://pemilu2019.kpu.go.id/img/c/900/050/900050495/1-11885-24-C1-PPWP-X1.jpg,https://pemilu2019.kpu.go.id/img/c/900/050/900050495/1-11885-24-C1-PPWP-X2.jpg
6728117431187911885900050496,SUMATERA UTARA,KOTA MEDAN,MEDAN PERJUANGAN,SIDORAME TIMUR,TPS 25,2019-10-25 17:00:05,59,175,292,237,237,234,3,https://pemilu2019.kpu.go.id/img/c/900/050/900050496/1-11885-25-C1-PPWP-X1.jpg,https://pemilu2019.kpu.go.id/img/c/900/050/900050496/1-11885-25-C1-PPWP-X2.jpg
6728117431187911885900050497,SUMATERA UTARA,KOTA MEDAN,MEDAN PERJUANGAN,SIDORAME TIMUR,TPS 26,2019-10-25 17:00:05,69,136,258,206,206,205,1,https://pemilu2019.kpu.go.id/img/c/900/050/900050497/1-11885-26-C1-PPWP-X1.jpg,https://pemilu2019.kpu.go.id/img/c/900/050/900050497/1-11885-26-C1-PPWP-X2.jpg
6728117431187911885900050498,SUMATERA UTARA,KOTA MEDAN,MEDAN PERJUANGAN,SIDORAME TIMUR,TPS 27,2019-10-25 17:00:05,95,126,279,221,222,221,1,https://pemilu2019.kpu.go.id/img/c/900/050/900050498/1-11885-27-C1-PPWP-X1.jpg,https://pemilu2019.kpu.go.id/img/c/900/050/900050498/1-11885-27-C1-PPWP-X2.jpg
6728117431187911888900050556,SUMATERA UTARA,KOTA MEDAN,MEDAN PERJUANGAN,TEGAL REJO,TPS 01,2019-10-25 17:00:05,77,112,306,192,192,189,3,https://pemilu2019.kpu.go.id/img/c/900/050/900050556/1-11888-01-C1-PPWP-X1.jpg,https://pemilu2019.kpu.go.id/img/c/900/050/900050556/1-11888-01-C1-PPWP-X2.jpg
6728117431187911888900050557,SUMATERA UTARA,KOTA MEDAN,MEDAN PERJUANGAN,TEGAL REJO,TPS 02,2019-10-25 17:00:05,62,84,285,147,147,146,1,https://pemilu2019.kpu.go.id/img/c/900/050/900050557/1-11888-02-C1-PPWP-X1.jpg,https://pemilu2019.kpu.go.id/img/c/900/050/900050557/1-11888-02-C1-PPWP-X2.jpg
6728117431187911888900050558,SUMATERA UTARA,KOTA MEDAN,MEDAN PERJUANGAN,TEGAL REJO,TPS 03,2019-10-25 17:00:05,72,81,291,153,153,153,0,https://pemilu2019.kpu.go.id/img/c/900/050/900050558/1-11888-03-C1-PPWP-X1.jpg,https://pemilu2019.kpu.go.id/img/c/900/050/900050558/1-11888-03-C1-PPWP-X2.jpg
6728117431187911888900050559,SUMATERA UTARA,KOTA MEDAN,MEDAN PERJUANGAN,TEGAL REJO,TPS 04,2019-10-25 17:00:05,71,74,260,148,148,145,3,https://pemilu2019.kpu.go.id/img/c/900/050/900050559/1-11888-04-C1-PPWP-X1.jpg,https://pemilu2019.kpu.go.id/img/c/900/050/900050559/1-11888-04-C1-PPWP-X2.jpg
6728117431187911888900050560,SUMATERA UTARA,KOTA MEDAN,MEDAN PERJUANGAN,TEGAL REJO,TPS 05,2019-10-25 17:00:05,40,121,296,161,161,161,0,https://pemilu2019.kpu.go.id/img/c/900/050/900050560/1-11888-05-C1-PPWP-X1.jpg,https://pemilu2019.kpu.go.id/img/c/900/050/900050560/1-11888-05-C1-PPWP-X2.jpg
6728117431187911888900050561,SUMATERA UTARA,KOTA MEDAN,MEDAN PERJUANGAN,TEGAL REJO,TPS 06,2019-10-25 17:00:05,61,90,303,151,151,151,0,https://pemilu2019.kpu.go.id/img/c/900/050/900050561/1-11888-06-C1-PPWP-X1.jpg,https://pemilu2019.kpu.go.id/img/c/900/050/900050561/1-11888-06-C1-PPWP-X2.jpg
6728117431187911888900050562,SUMATERA UTARA,KOTA MEDAN,MEDAN PERJUANGAN,TEGAL REJO,TPS 07,2019-10-25 17:00:05,88,120,208,208,208,208,0,https://pemilu2019.kpu.go.id/img/c/900/050/900050562/1-11888-07-C1-PPWP-X1.jpg,https://pemilu2019.kpu.go.id/img/c/900/050/900050562/1-11888-07-C1-PPWP-X2.jpg
6728117431187911888900050563,SUMATERA UTARA,KOTA MEDAN,MEDAN PERJUANGAN,TEGAL REJO,TPS 08,2019-10-25 17:00:05,76,137,326,215,215,213,2,https://pemilu2019.kpu.go.id/img/c/900/050/900050563/1-11888-08-C1-PPWP-X1.jpg,https://pemilu2019.kpu.go.id/img/c/900/050/900050563/1-11888-08-C1-PPWP-X2.jpg
6728117431187911888900050564,SUMATERA UTARA,KOTA MEDAN,MEDAN PERJUANGAN,TEGAL REJO,TPS 09,2019-10-25 17:00:05,78,93,309,173,173,171,2,https://pemilu2019.kpu.go.id/img/c/900/050/900050564/1-11888-09-C1-PPWP-X1.jpg,https://pemilu2019.kpu.go.id/img/c/900/050/900050564/1-11888-09-C1-PPWP-X2.jpg
6728117431187911888900050565,SUMATERA UTARA,KOTA MEDAN,MEDAN PERJUANGAN,TEGAL REJO,TPS 10,2019-10-25 17:00:05,84,92,287,177,177,176,1,https://pemilu2019.kpu.go.id/img/c/900/050/900050565/1-11888-10-C1-PPWP-X1.jpg,https://pemilu2019.kpu.go.id/img/c/900/050/900050565/1-11888-10-C1-PPWP-X2.jpg
6728117431187911888900050566,SUMATERA UTARA,KOTA MEDAN,MEDAN PERJUANGAN,TEGAL REJO,TPS 11,2019-10-25 17:00:05,85,76,299,161,161,161,0,https://pemilu2019.kpu.go.id/img/c/900/050/900050566/1-11888-11-C1-PPWP-X1.jpg,https://pemilu2019.kpu.go.id/img/c/900/050/900050566/1-11888-11-C1-PPWP-X2.jpg
6728117431187911888900050567,SUMATERA UTARA,KOTA MEDAN,MEDAN PERJUANGAN,TEGAL REJO,TPS 12,2019-10-25 17:00:05,70,170,256,240,240,240,0,https://pemilu2019.kpu.go.id/img/c/900/050/900050567/1-11888-12-C1-PPWP-X1.jpg,https://pemilu2019.kpu.go.id/img/c/900/050/900050567/1-11888-12-C1-PPWP-X2.jpg
6728117431187911888900050568,SUMATERA UTARA,KOTA MEDAN,MEDAN PERJUANGAN,TEGAL REJO,TPS 13,2019-10-25 17:00:05,92,122,307,215,215,214,1,https://pemilu2019.kpu.go.id/img/c/900/050/900050568/1-11888-13-C1-PPWP-X1.jpg,https://pemilu2019.kpu.go.id/img/c/900/050/900050568/1-11888-13-C1-PPWP-X2.jpg
6728117431187911888900050569,SUMATERA UTARA,KOTA MEDAN,MEDAN PERJUANGAN,TEGAL REJO,TPS 14,2019-10-25 17:00:05,70,102,340,172,172,172,0,https://pemilu2019.kpu.go.id/img/c/900/050/900050569/1-11888-14-C1-PPWP-X1.jpg,https://pemilu2019.kpu.go.id/img/c/900/050/900050569/1-11888-14-C1-PPWP-X2.jpg
6728117431187911888900050570,SUMATERA UTARA,KOTA MEDAN,MEDAN PERJUANGAN,TEGAL REJO,TPS 15,2019-10-25 17:00:05,87,110,280,199,199,197,2,https://pemilu2019.kpu.go.id/img/c/900/050/900050570/1-11888-15-C1-PPWP-X1.jpg,https://pemilu2019.kpu.go.id/img/c/900/050/900050570/1-11888-15-C1-PPWP-X2.jpg
6728117431187911888900050571,SUMATERA UTARA,KOTA MEDAN,MEDAN PERJUANGAN,TEGAL REJO,TPS 16,2019-10-25 17:00:05,123,84,312,209,209,207,2,https://pemilu2019.kpu.go.id/img/c/900/050/900050571/1-11888-16-C1-PPWP-X1.jpg,https://pemilu2019.kpu.go.id/img/c/900/050/900050571/1-11888-16-C1-PPWP-X2.jpg
6728117431187911888900050572,SUMATERA UTARA,KOTA MEDAN,MEDAN PERJUANGAN,TEGAL REJO,TPS 17,2019-10-25 17:00:05,98,98,336,198,198,196,2,https://pemilu2019.kpu.go.id/img/c/900/050/900050572/1-11888-17-C1-PPWP-X1.jpg,https://pemilu2019.kpu.go.id/img/c/900/050/900050572/1-11888-17-C1-PPWP-X2.jpg
6728117431187911888900050573,SUMATERA UTARA,KOTA MEDAN,MEDAN PERJUANGAN,TEGAL REJO,TPS 18,2019-10-25 17:00:05,87,121,309,209,209,208,1,https://pemilu2019.kpu.go.id/img/c/900/050/900050573/1-11888-18-C1-PPWP-X1.jpg,https://pemilu2019.kpu.go.id/img/c/900/050/900050573/1-11888-18-C1-PPWP-X2.jpg
6728117431187911888900050574,SUMATERA UTARA,KOTA MEDAN,MEDAN PERJUANGAN,TEGAL REJO,TPS 19,2019-10-25 17:00:05,75,138,211,214,214,213,1,https://pemilu2019.kpu.go.id/img/c/900/050/900050574/1-11888-19-C1-PPWP-X1.jpg,https://pemilu2019.kpu.go.id/img/c/900/050/900050574/1-11888-19-C1-PPWP-X2.jpg
6728117431187911888900050575,SUMATERA UTARA,KOTA MEDAN,MEDAN PERJUANGAN,TEGAL REJO,TPS 20,2019-10-25 17:00:05,78,126,207,204,207,181,26,https://pemilu2019.kpu.go.id/img/c/900/050/900050575/1-11888-20-C1-PPWP-X1.jpg,https://pemilu2019.kpu.go.id/img/c/900/050/900050575/1-11888-20-C1-PPWP-X2.jpg
6728117431187911888900050576,SUMATERA UTARA,KOTA MEDAN,MEDAN PERJUANGAN,TEGAL REJO,TPS 21,2019-10-25 17:00:05,56,117,285,174,174,173,1,https://pemilu2019.kpu.go.id/img/c/900/050/900050576/1-11888-21-C1-PPWP-X1.jpg,https://pemilu2019.kpu.go.id/img/c/900/050/900050576/1-11888-21-C1-PPWP-X2.jpg
6728117431187911888900050577,SUMATERA UTARA,KOTA MEDAN,MEDAN PERJUANGAN,TEGAL REJO,TPS 22,2019-10-25 17:00:05,80,116,286,198,198,196,2,https://pemilu2019.kpu.go.id/img/c/900/050/900050577/1-11888-22-C1-PPWP-X1.jpg,https://pemilu2019.kpu.go.id/img/c/900/050/900050577/1-11888-22-C1-PPWP-X2.jpg
6728117431187911888900050578,SUMATERA UTARA,KOTA MEDAN,MEDAN PERJUANGAN,TEGAL REJO,TPS 23,2019-10-25 17:00:05,57,154,272,211,211,57,154,https://pemilu2019.kpu.go.id/img/c/900/050/900050578/1-11888-23-C1-PPWP-X1.jpg,https://pemilu2019.kpu.go.id/img/c/900/050/900050578/1-11888-23-C1-PPWP-X2.jpg
6728117431187911888900050579,SUMATERA UTARA,KOTA MEDAN,MEDAN PERJUANGAN,TEGAL REJO,TPS 24,2019-10-25 17:00:05,51,138,189,189,189,189,0,https://pemilu2019.kpu.go.id/img/c/900/050/900050579/2-11888-24-C1-PPWP-X1.jpg,https://pemilu2019.kpu.go.id/img/c/900/050/900050579/2-11888-24-C1-PPWP-X2.jpg
6728117431187911888900050580,SUMATERA UTARA,KOTA MEDAN,MEDAN PERJUANGAN,TEGAL REJO,TPS 25,2019-10-25 17:00:05,92,127,333,224,224,219,5,https://pemilu2019.kpu.go.id/img/c/900/050/900050580/1-11888-25-C1-PPWP-X1.jpg,https://pemilu2019.kpu.go.id/img/c/900/050/900050580/1-11888-25-C1-PPWP-X2.jpg
6728117431187911888900050581,SUMATERA UTARA,KOTA MEDAN,MEDAN PERJUANGAN,TEGAL REJO,TPS 26,2019-10-25 17:00:05,81,137,312,219,219,218,1,https://pemilu2019.kpu.go.id/img/c/900/050/900050581/1-11888-26-C-XXX-X5.jpg,https://pemilu2019.kpu.go.id/img/c/900/050/900050581/1-11888-26-C-XXX-X6.jpg
6728117431187911888900050582,SUMATERA UTARA,KOTA MEDAN,MEDAN PERJUANGAN,TEGAL REJO,TPS 27,2019-10-25 17:00:05,82,124,318,210,210,206,4,https://pemilu2019.kpu.go.id/img/c/900/050/900050582/1-11888-27-C1-PPWP-X1.jpg,https://pemilu2019.kpu.go.id/img/c/900/050/900050582/1-11888-27-C1-PPWP-X2.jpg
6728117431187911888900050583,SUMATERA UTARA,KOTA MEDAN,MEDAN PERJUANGAN,TEGAL REJO,TPS 28,2019-10-25 17:00:05,101,100,280,202,202,201,1,https://pemilu2019.kpu.go.id/img/c/900/050/900050583/1-11888-28-C-XXX-X5.jpg,https://pemilu2019.kpu.go.id/img/c/900/050/900050583/1-11888-28-C-XXX-X6.jpg
6728117431187911888900050584,SUMATERA UTARA,KOTA MEDAN,MEDAN PERJUANGAN,TEGAL REJO,TPS 29,2019-10-25 17:00:05,60,129,372,191,191,189,2,https://pemilu2019.kpu.go.id/img/c/900/050/900050584/1-11888-29-C1-PPWP-X1.jpg,https://pemilu2019.kpu.go.id/img/c/900/050/900050584/1-11888-29-C1-PPWP-X2.jpg
6728117431187911888900050585,SUMATERA UTARA,KOTA MEDAN,MEDAN PERJUANGAN,TEGAL REJO,TPS 30,2019-10-25 17:00:05,0,0,367,367,197,191,6,https://pemilu2019.kpu.go.id/img/c/900/050/900050585/1-11888-30-C1-PPWP-X1.jpg,https://pemilu2019.kpu.go.id/img/c/900/050/900050585/1-11888-30-C1-PPWP-X2.jpg
6728117431187911888900050586,SUMATERA UTARA,KOTA MEDAN,MEDAN PERJUANGAN,TEGAL REJO,TPS 31,2019-10-25 17:00:05,107,43,248,150,150,150,0,https://pemilu2019.kpu.go.id/img/c/900/050/900050586/1-11888-31-C1-PPWP-X1.jpg,https://pemilu2019.kpu.go.id/img/c/900/050/900050586/1-11888-31-C1-PPWP-X2.jpg
6728117431187911888900050587,SUMATERA UTARA,KOTA MEDAN,MEDAN PERJUANGAN,TEGAL REJO,TPS 32,2019-10-25 17:00:05,117,69,189,0,189,3,186,https://pemilu2019.kpu.go.id/img/c/900/050/900050587/1-11888-32-C1-PPWP-X1.jpg,https://pemilu2019.kpu.go.id/img/c/900/050/900050587/1-11888-32-C1-PPWP-X2.jpg
6728117431187911888900050588,SUMATERA UTARA,KOTA MEDAN,MEDAN PERJUANGAN,TEGAL REJO,TPS 33,2019-10-25 17:00:05,168,48,264,210,210,208,2,https://pemilu2019.kpu.go.id/img/c/900/050/900050588/1-11888-33-C1-PPWP-X1.jpg,https://pemilu2019.kpu.go.id/img/c/900/050/900050588/1-11888-33-C1-PPWP-X2.jpg
6728117431187911888900050589,SUMATERA UTARA,KOTA MEDAN,MEDAN PERJUANGAN,TEGAL REJO,TPS 34,2019-10-25 17:00:05,166,52,323,219,219,218,1,https://pemilu2019.kpu.go.id/img/c/900/050/900050589/1-11888-34-C1-PPWP-X1.jpg,https://pemilu2019.kpu.go.id/img/c/900/050/900050589/1-11888-34-C1-PPWP-X2.jpg
6728117431187911888900050590,SUMATERA UTARA,KOTA MEDAN,MEDAN PERJUANGAN,TEGAL REJO,TPS 35,2019-10-25 17:00:05,164,79,252,245,245,243,2,https://pemilu2019.kpu.go.id/img/c/900/050/900050590/1-11888-35-C1-PPWP-X3.jpg,https://pemilu2019.kpu.go.id/img/c/900/050/900050590/1-11888-35-C1-PPWP-X4.jpg
6728117431187911888900050591,SUMATERA UTARA,KOTA MEDAN,MEDAN PERJUANGAN,TEGAL REJO,TPS 36,2019-10-25 17:00:05,142,49,348,197,197,191,6,https://pemilu2019.kpu.go.id/img/c/900/050/900050591/1-11888-36-C1-PPWP-X1.jpg,https://pemilu2019.kpu.go.id/img/c/900/050/900050591/1-11888-36-C1-PPWP-X2.jpg
6728117431187911888900050592,SUMATERA UTARA,KOTA MEDAN,MEDAN PERJUANGAN,TEGAL REJO,TPS 37,2019-10-25 17:00:05,176,35,304,211,211,211,0,https://pemilu2019.kpu.go.id/img/c/900/050/900050592/1-11888-37-C1-PPWP-X1.jpg,https://pemilu2019.kpu.go.id/img/c/900/050/900050592/1-11888-37-C1-PPWP-X2.jpg
6728117431187911888900050593,SUMATERA UTARA,KOTA MEDAN,MEDAN PERJUANGAN,TEGAL REJO,TPS 38,2019-10-25 17:00:05,195,51,322,247,247,246,1,https://pemilu2019.kpu.go.id/img/c/900/050/900050593/1-11888-38-C1-PPWP-X1.jpg,https://pemilu2019.kpu.go.id/img/c/900/050/900050593/1-11888-38-C1-PPWP-X2.jpg
6728117431187911888900050594,SUMATERA UTARA,KOTA MEDAN,MEDAN PERJUANGAN,TEGAL REJO,TPS 39,2019-10-25 17:00:05,169,22,277,195,195,191,4,https://pemilu2019.kpu.go.id/img/c/900/050/900050594/1-11888-39-C1-PPWP-X1.jpg,https://pemilu2019.kpu.go.id/img/c/900/050/900050594/1-11888-39-C1-PPWP-X2.jpg
6728117431187911888900050595,SUMATERA UTARA,KOTA MEDAN,MEDAN PERJUANGAN,TEGAL REJO,TPS 40,2019-10-25 17:00:05,177,48,225,226,226,225,2,https://pemilu2019.kpu.go.id/img/c/900/050/900050595/1-11888-40-C1-PPWP-X1.jpg,https://pemilu2019.kpu.go.id/img/c/900/050/900050595/1-11888-40-C1-PPWP-X2.jpg
6728117431187911888900050596,SUMATERA UTARA,KOTA MEDAN,MEDAN PERJUANGAN,TEGAL REJO,TPS 41,2019-10-25 17:00:05,178,41,252,219,222,219,3,https://pemilu2019.kpu.go.id/img/c/900/050/900050596/1-11888-41-C1-PPWP-X1.jpg,https://pemilu2019.kpu.go.id/img/c/900/050/900050596/1-11888-41-C1-PPWP-X2.jpg
6728117431187911888900050597,SUMATERA UTARA,KOTA MEDAN,MEDAN PERJUANGAN,TEGAL REJO,TPS 42,2019-10-25 17:00:05,209,27,324,233,239,3,236,https://pemilu2019.kpu.go.id/img/c/900/050/900050597/1-11888-42-C1-PPWP-X1.jpg,https://pemilu2019.kpu.go.id/img/c/900/050/900050597/1-11888-42-C1-PPWP-X2.jpg
6728117431187911888900050598,SUMATERA UTARA,KOTA MEDAN,MEDAN PERJUANGAN,TEGAL REJO,TPS 43,2019-10-25 17:00:05,145,56,291,206,206,201,5,https://pemilu2019.kpu.go.id/img/c/900/050/900050598/1-11888-43-C1-PPWP-X1.jpg,https://pemilu2019.kpu.go.id/img/c/900/050/900050598/1-11888-43-C1-PPWP-X2.jpg
6728117431187911888900050599,SUMATERA UTARA,KOTA MEDAN,MEDAN PERJUANGAN,TEGAL REJO,TPS 44,2019-10-25 17:00:05,146,93,354,245,245,239,6,https://pemilu2019.kpu.go.id/img/c/900/050/900050599/1-11888-44-C1-PPWP-X1.jpg,https://pemilu2019.kpu.go.id/img/c/900/050/900050599/1-11888-44-C1-PPWP-X2.jpg
6728117431187911888900050600,SUMATERA UTARA,KOTA MEDAN,MEDAN PERJUANGAN,TEGAL REJO,TPS 45,2019-10-25 17:00:05,99,72,295,172,172,171,1,https://pemilu2019.kpu.go.id/img/c/900/050/900050600/1-11888-45-C1-PPWP-X1.jpg,https://pemilu2019.kpu.go.id/img/c/900/050/900050600/1-11888-45-C1-PPWP-X2.jpg
6728117431187911888900050601,SUMATERA UTARA,KOTA MEDAN,MEDAN PERJUANGAN,TEGAL REJO,TPS 46,2019-10-25 17:00:05,82,60,284,142,142,142,0,https://pemilu2019.kpu.go.id/img/c/900/050/900050601/1-11888-46-C1-PPWP-X1.jpg,https://pemilu2019.kpu.go.id/img/c/900/050/900050601/1-11888-46-C1-PPWP-X2.jpg
6728117431187911888900050602,SUMATERA UTARA,KOTA MEDAN,MEDAN PERJUANGAN,TEGAL REJO,TPS 47,2019-10-25 17:00:05,77,50,249,127,127,127,0,https://pemilu2019.kpu.go.id/img/c/900/050/900050602/1-11888-47-C1-PPWP-X1.jpg,https://pemilu2019.kpu.go.id/img/c/900/050/900050602/1-11888-47-C1-PPWP-X2.jpg
6728117431187911888900050603,SUMATERA UTARA,KOTA MEDAN,MEDAN PERJUANGAN,TEGAL REJO,TPS 48,2019-10-25 17:00:05,114,53,277,161,169,167,2,https://pemilu2019.kpu.go.id/img/c/900/050/900050603/1-11888-48-C1-PPWP-X1.jpg,https://pemilu2019.kpu.go.id/img/c/900/050/900050603/1-11888-48-C1-PPWP-X2.jpg
6728117431187911888900050604,SUMATERA UTARA,KOTA MEDAN,MEDAN PERJUANGAN,TEGAL REJO,TPS 49,2019-10-25 17:00:05,70,43,237,115,115,113,2,https://pemilu2019.kpu.go.id/img/c/900/050/900050604/1-11888-49-C1-PPWP-X1.jpg,https://pemilu2019.kpu.go.id/img/c/900/050/900050604/1-11888-49-C1-PPWP-X2.jpg
6728117431187911888900050605,SUMATERA UTARA,KOTA MEDAN,MEDAN PERJUANGAN,TEGAL REJO,TPS 50,2019-10-25 17:00:05,90,111,211,203,203,201,2,https://pemilu2019.kpu.go.id/img/c/900/050/900050605/1-11888-50-C1-PPWP-X1.jpg,https://pemilu2019.kpu.go.id/img/c/900/050/900050605/1-11888-50-C1-PPWP-X2.jpg
6728117431187911888900050606,SUMATERA UTARA,KOTA MEDAN,MEDAN PERJUANGAN,TEGAL REJO,TPS 51,2019-10-25 17:00:05,99,100,201,201,201,199,2,https://pemilu2019.kpu.go.id/img/c/900/050/900050606/1-11888-51-C1-PPWP-X1.jpg,https://pemilu2019.kpu.go.id/img/c/900/050/900050606/1-11888-51-C1-PPWP-X2.jpg
6728117431187911888900050607,SUMATERA UTARA,KOTA MEDAN,MEDAN PERJUANGAN,TEGAL REJO,TPS 52,2019-10-25 17:00:05,130,113,300,243,243,243,0,https://pemilu2019.kpu.go.id/img/c/900/050/900050607/1-11888-52-C1-PPWP-X1.jpg,https://pemilu2019.kpu.go.id/img/c/900/050/900050607/1-11888-52-C1-PPWP-X2.jpg
6728117431187911888900050608,SUMATERA UTARA,KOTA MEDAN,MEDAN PERJUANGAN,TEGAL REJO,TPS 53,2019-10-25 17:00:05,77,52,265,131,131,129,2,https://pemilu2019.kpu.go.id/img/c/900/050/900050608/1-11888-53-C1-PPWP-X1.jpg,https://pemilu2019.kpu.go.id/img/c/900/050/900050608/1-11888-53-C1-PPWP-X2.jpg
6728117431187911888900050609,SUMATERA UTARA,KOTA MEDAN,MEDAN PERJUANGAN,TEGAL REJO,TPS 54,2019-10-25 17:00:05,96,65,311,164,164,161,3,https://pemilu2019.kpu.go.id/img/c/900/050/900050609/1-11888-54-C1-PPWP-X1.jpg,https://pemilu2019.kpu.go.id/img/c/900/050/900050609/1-11888-54-C1-PPWP-X2.jpg
6728117431187911888900050610,SUMATERA UTARA,KOTA MEDAN,MEDAN PERJUANGAN,TEGAL REJO,TPS 55,2019-10-25 17:00:05,82,84,257,166,166,166,0,https://pemilu2019.kpu.go.id/img/c/900/050/900050610/1-11888-55-C1-PPWP-X1.jpg,https://pemilu2019.kpu.go.id/img/c/900/050/900050610/1-11888-55-C1-PPWP-X2.jpg
6728117431187911888900050611,SUMATERA UTARA,KOTA MEDAN,MEDAN PERJUANGAN,TEGAL REJO,TPS 56,2019-10-25 17:00:05,80,58,250,139,139,138,1,https://pemilu2019.kpu.go.id/img/c/900/050/900050611/1-11888-56-C1-PPWP-X1.jpg,https://pemilu2019.kpu.go.id/img/c/900/050/900050611/1-11888-56-C1-PPWP-X2.jpg
6728117431187911888900050612,SUMATERA UTARA,KOTA MEDAN,MEDAN PERJUANGAN,TEGAL REJO,TPS 57,2019-10-25 17:00:05,115,116,253,231,231,231,0,https://pemilu2019.kpu.go.id/img/c/900/050/900050612/1-11888-57-C1-PPWP-X1.jpg,https://pemilu2019.kpu.go.id/img/c/900/050/900050612/1-11888-57-C1-PPWP-X2.jpg
6728117431187911888900050613,SUMATERA UTARA,KOTA MEDAN,MEDAN PERJUANGAN,TEGAL REJO,TPS 58,2019-10-25 17:00:05,89,110,267,199,199,199,0,https://pemilu2019.kpu.go.id/img/c/900/050/900050613/1-11888-58-C1-PPWP-X1.jpg,https://pemilu2019.kpu.go.id/img/c/900/050/900050613/1-11888-58-C1-PPWP-X2.jpg
6728117431187911888900050614,SUMATERA UTARA,KOTA MEDAN,MEDAN PERJUANGAN,TEGAL REJO,TPS 59,2019-10-25 17:00:05,109,75,279,187,187,184,3,https://pemilu2019.kpu.go.id/img/c/900/050/900050614/1-11888-59-C1-PPWP-X1.jpg,https://pemilu2019.kpu.go.id/img/c/900/050/900050614/1-11888-59-C1-PPWP-X2.jpg
6728117431187911888900050615,SUMATERA UTARA,KOTA MEDAN,MEDAN PERJUANGAN,TEGAL REJO,TPS 60,2019-10-25 17:00:05,84,91,271,179,179,175,4,https://pemilu2019.kpu.go.id/img/c/900/050/900050615/1-11888-60-C1-PPWP-X1.jpg,https://pemilu2019.kpu.go.id/img/c/900/050/900050615/1-11888-60-C1-PPWP-X2.jpg
6728117431187911888900050616,SUMATERA UTARA,KOTA MEDAN,MEDAN PERJUANGAN,TEGAL REJO,TPS 61,2019-10-25 17:00:05,65,90,255,156,156,155,1,https://pemilu2019.kpu.go.id/img/c/900/050/900050616/1-11888-61-C1-PPWP-X5.jpg,https://pemilu2019.kpu.go.id/img/c/900/050/900050616/1-11888-61-C1-PPWP-X6.jpg
6728117431187911888900050617,SUMATERA UTARA,KOTA MEDAN,MEDAN PERJUANGAN,TEGAL REJO,TPS 62,2019-10-25 17:00:05,115,94,300,209,209,209,0,https://pemilu2019.kpu.go.id/img/c/900/050/900050617/1-11888-62-C1-PPWP-X1.jpg,https://pemilu2019.kpu.go.id/img/c/900/050/900050617/1-11888-62-C1-PPWP-X2.jpg
6728117431187911888900050618,SUMATERA UTARA,KOTA MEDAN,MEDAN PERJUANGAN,TEGAL REJO,TPS 63,2019-10-25 17:00:05,111,97,287,210,210,208,2,https://pemilu2019.kpu.go.id/img/c/900/050/900050618/1-11888-63-C1-PPWP-X1.jpg,https://pemilu2019.kpu.go.id/img/c/900/050/900050618/1-11888-63-C1-PPWP-X2.jpg
6728117431187911888900050619,SUMATERA UTARA,KOTA MEDAN,MEDAN PERJUANGAN,TEGAL REJO,TPS 64,2019-10-25 17:00:05,145,77,312,234,224,222,2,https://pemilu2019.kpu.go.id/img/c/900/050/900050619/1-11888-64-C1-PPWP-X1.jpg,https://pemilu2019.kpu.go.id/img/c/900/050/900050619/1-11888-64-C1-PPWP-X2.jpg
6728117431187911888900050620,SUMATERA UTARA,KOTA MEDAN,MEDAN PERJUANGAN,TEGAL REJO,TPS 65,2019-10-25 17:00:05,135,61,260,199,199,196,3,https://pemilu2019.kpu.go.id/img/c/900/050/900050620/1-11888-65-C1-PPWP-X1.jpg,https://pemilu2019.kpu.go.id/img/c/900/050/900050620/1-11888-65-C1-PPWP-X2.jpg
6728117431187911888900050621,SUMATERA UTARA,KOTA MEDAN,MEDAN PERJUANGAN,TEGAL REJO,TPS 66,2019-10-25 17:00:05,145,58,282,206,207,203,4,https://pemilu2019.kpu.go.id/img/c/900/050/900050621/1-11888-66-C1-PPWP-X1.jpg,https://pemilu2019.kpu.go.id/img/c/900/050/900050621/1-11888-66-C1-PPWP-X2.jpg
